####
#
# OBJ File Generated by Meshlab
#
####
# Object star_arm_link_7.obj
#
# Vertices: 2123
# Faces: 4322
#
####
vn 1.9493397 -2.9109058 -4.2708282
v 0.0151116 -0.0442719 -0.0189203
vn 3.0811291 -0.3264236 -5.4524608
v 0.0153333 -0.0442719 -0.0188119
vn 1.7653694 -3.0325289 -2.5927973
v 0.0184285 -0.0480000 -0.0169272
vn 2.0653300 -3.0092854 -2.3581676
v 0.0190933 -0.0480000 -0.0164185
vn 1.8199089 3.0404391 -2.5668125
v 0.0183918 -0.0400000 -0.0169542
vn 1.6019925 2.9916844 -2.3455639
v 0.0162483 -0.0398402 -0.0183295
vn 2.8164182 0.1157657 -5.6124029
v 0.0153333 -0.0407653 -0.0188119
vn 1.1638801 2.7280731 -1.8622665
v 0.0136464 -0.0394053 -0.0195584
vn 1.3278399 -2.9371252 -2.8290725
v 0.0151116 -0.0480000 -0.0189203
vn 0.6946743 -2.9171937 -3.0435681
v 0.0106729 -0.0480000 -0.0204735
vn 0.9781065 -2.9961967 -4.4918504
v 0.0106729 -0.0442719 -0.0204735
vn 0.0000000 -2.9171920 -3.1218390
v 0.0060000 -0.0480000 -0.0210000
vn -0.0045503 -2.9777544 -4.6291056
v 0.0060000 -0.0442719 -0.0210000
vn -0.6946743 -2.9171934 -3.0435679
v 0.0013271 -0.0480000 -0.0204735
vn -0.9742794 -2.9963048 -4.4921794
v 0.0013271 -0.0442719 -0.0204735
vn -1.3066459 -2.9570346 -2.8415706
v -0.0031116 -0.0480000 -0.0189203
vn -1.8878533 -2.8423767 -4.3029308
v -0.0031116 -0.0442719 -0.0189203
vn -1.6220708 2.9992363 -2.3326237
v -0.0042483 -0.0398402 -0.0183295
vn -1.6594882 3.1055968 -1.8269998
v -0.0033333 -0.0397051 -0.0188119
vn -3.1641631 -0.1118257 -5.4213362
v -0.0033333 -0.0442719 -0.0188119
vn -1.7878495 -2.8351958 -2.5620809
v -0.0059995 -0.0480000 -0.0172341
vn -1.9991865 -2.9433413 -2.4055676
v -0.0070933 -0.0480000 -0.0164185
vn -1.8185135 3.0324180 -2.5676179
v -0.0063918 -0.0400000 -0.0169542
vn -2.0640714 3.0083761 -2.3591294
v -0.0070933 -0.0400000 -0.0164185
vn -2.4407520 -2.9171929 -1.9464350
v -0.0104185 -0.0480000 -0.0130933
vn -2.4407518 2.9171934 -1.9464350
v -0.0104185 -0.0400000 -0.0130933
vn -2.8126798 -2.9171906 -1.3545151
v -0.0129203 -0.0480000 -0.0091116
vn -2.8126798 2.9171929 -1.3545150
v -0.0129203 -0.0400000 -0.0091116
vn -3.0435681 -2.9171934 -0.6946742
v -0.0144735 -0.0480000 -0.0046729
vn -3.0435679 2.9171939 -0.6946741
v -0.0144735 -0.0400000 -0.0046729
vn -3.1218388 -2.9171932 0.0000000
v -0.0150000 -0.0480000 0.0000000
vn -3.1218388 0.0000000 -0.0000000
v -0.0150000 -0.0400000 0.0000000
vn -3.0435679 -2.9171934 0.6946742
v -0.0144735 -0.0480000 0.0046729
vn -3.0435681 2.9171934 0.6946743
v -0.0144735 -0.0400000 0.0046729
vn -2.8126798 -2.9171913 1.3545151
v -0.0129203 -0.0480000 0.0091116
vn -2.8126798 2.9171929 1.3545150
v -0.0129203 -0.0400000 0.0091116
vn -2.4407518 -2.9171934 1.9464350
v -0.0104185 -0.0480000 0.0130933
vn -2.4407520 2.9171929 1.9464350
v -0.0104185 -0.0400000 0.0130933
vn -2.0653307 -3.0092859 2.3581674
v -0.0070933 -0.0480000 0.0164185
vn -2.0640714 3.0083764 2.3591294
v -0.0070933 -0.0400000 0.0164185
vn -1.9492097 -2.9111185 4.2704806
v -0.0031116 -0.0442719 0.0189203
vn -3.0421135 -0.3321227 5.4759841
v -0.0033333 -0.0442719 0.0188119
vn -1.7670214 -3.0376492 2.5917740
v -0.0064285 -0.0480000 0.0169272
vn -1.8351564 3.0585549 2.5572104
v -0.0063918 -0.0400000 0.0169542
vn -1.6079826 3.0266132 2.3420141
v -0.0042483 -0.0398402 0.0183295
vn -1.6526366 3.1061058 1.8281822
v -0.0033333 -0.0397051 0.0188119
vn 1.3798023 3.3514729 1.7551775
v 0.0136464 -0.0394053 0.0195584
vn 2.8199706 0.1142278 5.6107597
v 0.0153333 -0.0407653 0.0188119
vn 1.5944384 3.0056677 2.3506522
v 0.0162483 -0.0398402 0.0183295
vn 3.1557515 -0.1294662 5.4263964
v 0.0153333 -0.0442719 0.0188119
vn -1.3278399 -2.9371243 2.8290725
v -0.0031116 -0.0480000 0.0189203
vn -0.6946743 -2.9171944 3.0435679
v 0.0013271 -0.0480000 0.0204735
vn -0.9781080 -2.9961984 4.4918456
v 0.0013271 -0.0442719 0.0204735
vn 0.0000000 -2.9171934 3.1218388
v 0.0060000 -0.0480000 0.0210000
vn 0.0045504 -2.9777546 4.6291056
v 0.0060000 -0.0442719 0.0210000
vn 0.6044357 -2.9774575 3.0721228
v 0.0106729 -0.0480000 0.0204735
vn 0.9440110 -2.9596040 4.5021882
v 0.0106729 -0.0442719 0.0204735
vn 1.0242038 -2.9898491 2.9637585
v 0.0127705 -0.0480000 0.0198786
vn 1.9170313 -2.8078234 4.2925911
v 0.0151116 -0.0442719 0.0189203
vn 1.4248228 -2.9797039 2.7874506
v 0.0151116 -0.0480000 0.0189203
vn 1.8662858 -3.0084715 2.5171909
v 0.0190933 -0.0480000 0.0164185
vn 1.8270597 3.0433180 2.5623140
v 0.0183918 -0.0400000 0.0169542
vn 2.0539169 3.0282962 2.3690896
v 0.0190933 -0.0400000 0.0164185
vn 2.1733034 -3.0212464 2.2615867
v 0.0202413 -0.0480000 0.0154333
vn 2.4503541 2.9343302 1.9366757
v 0.0224185 -0.0400000 0.0130933
vn 2.0640707 3.0083756 -2.3591297
v 0.0190933 -0.0400000 -0.0164185
vn 2.4407520 2.9171939 -1.9464349
v 0.0224185 -0.0400000 -0.0130933
vn 2.4407520 -2.9171934 -1.9464347
v 0.0224185 -0.0480000 -0.0130933
vn 2.8126798 2.9171929 -1.3545151
v 0.0249203 -0.0400000 -0.0091116
vn 2.8126798 -2.9171913 -1.3545150
v 0.0249203 -0.0480000 -0.0091116
vn 3.0435681 2.9171934 -0.6946742
v 0.0264735 -0.0400000 -0.0046729
vn 3.0435679 -2.9171934 -0.6946741
v 0.0264735 -0.0480000 -0.0046729
vn 3.1218388 2.9171886 0.0000000
v 0.0270000 -0.0400000 0.0000000
vn 3.1218388 -2.9171932 -0.0000000
v 0.0270000 -0.0480000 0.0000000
vn 3.0435679 2.9171939 0.6946742
v 0.0264735 -0.0400000 0.0046729
vn 3.0435681 -2.9171934 0.6946743
v 0.0264735 -0.0480000 0.0046729
vn 2.8126798 2.9171929 1.3545151
v 0.0249203 -0.0400000 0.0091116
vn 2.8126798 -2.9171906 1.3545150
v 0.0249203 -0.0480000 0.0091116
vn 2.4800384 -2.9532204 1.9057070
v 0.0224185 -0.0480000 0.0130933
vn -2.8281174 3.4633436 1.2720530
v 0.0243877 -0.0400000 -0.0005125
vn -3.0345433 3.6651964 -0.0000001
v 0.0245250 -0.0400000 0.0000000
vn -0.4437259 6.0683012 1.3562301
v 0.0129682 -0.0400000 -0.0169542
vn -0.3124095 3.4633591 3.0852461
v 0.0147500 -0.0400000 -0.0161804
vn 0.3703993 3.3804247 3.0747736
v 0.0146274 -0.0400000 -0.0161731
vn 0.3703993 3.3804247 -3.0747738
v 0.0146274 -0.0400000 0.0161731
vn -0.4437259 6.0683012 -1.3562301
v 0.0129682 -0.0400000 0.0169542
vn -0.3124095 3.4633591 -3.0852456
v 0.0147500 -0.0400000 0.0161804
vn -1.5172726 3.6651933 -2.6279926
v 0.0152625 -0.0400000 0.0160431
vn -1.5172728 3.6651933 2.6279922
v 0.0152625 -0.0400000 -0.0160431
vn -2.5156898 3.4633486 1.8131914
v 0.0156377 -0.0400000 -0.0156679
vn -2.8491077 3.3790073 1.2196879
v 0.0156926 -0.0400000 -0.0155581
vn -0.7343581 6.0966682 0.7710801
v 0.0191771 -0.0400000 -0.0127422
vn -1.1014605 6.0665560 -0.3121756
v 0.0236236 -0.0400000 0.0050406
vn -0.9794092 6.0651693 0.5989380
v 0.0218745 -0.0400000 -0.0091652
vn -1.0627391 6.0651317 0.4362401
v 0.0228500 -0.0400000 -0.0072164
vn -1.0676188 6.0622568 -0.4436715
v 0.0228500 -0.0400000 0.0072164
vn -0.9794093 6.0651693 -0.5989380
v 0.0218745 -0.0400000 0.0091652
vn -0.7552897 6.0880723 -0.7836344
v 0.0191771 -0.0400000 0.0127422
vn -2.8491077 3.3790073 -1.2196879
v 0.0156926 -0.0400000 0.0155581
vn -2.5156901 3.4633489 -1.8131914
v 0.0156377 -0.0400000 0.0156679
vn -1.0948228 6.0689392 0.3127292
v 0.0236236 -0.0400000 -0.0050406
vn -1.1573981 6.0554695 0.1931917
v 0.0241703 -0.0400000 -0.0024166
vn -2.4899311 3.3759892 1.8332469
v 0.0243200 -0.0400000 -0.0006150
vn -2.8281169 3.4633436 -1.2720530
v 0.0243877 -0.0400000 0.0005125
vn -2.4899311 3.3759892 -1.8332469
v 0.0243200 -0.0400000 0.0006150
vn -1.1573472 6.0557165 -0.1901067
v 0.0241703 -0.0400000 0.0024166
vn 2.8281174 3.4633436 -1.2720530
v -0.0123877 -0.0400000 0.0005125
vn 3.0345433 3.6651964 0.0000001
v -0.0125250 -0.0400000 0.0000000
vn 0.0000000 2.9171886 0.0000000
v -0.0150000 -0.0400000 0.0000000
vn -0.3703993 3.3804247 3.0747738
v -0.0026274 -0.0400000 -0.0161731
vn 0.4437259 6.0683012 1.3562303
v -0.0009682 -0.0400000 -0.0169542
vn 0.3124095 3.4633594 3.0852456
v -0.0027500 -0.0400000 -0.0161804
vn 1.5172712 3.6651924 2.6279938
v -0.0032625 -0.0400000 -0.0160431
vn 0.4437259 6.0683012 -1.3562301
v -0.0009682 -0.0400000 0.0169542
vn 0.3124095 3.4633594 -3.0852461
v -0.0027500 -0.0400000 0.0161804
vn -0.3703993 3.3804247 -3.0747738
v -0.0026274 -0.0400000 0.0161731
vn 1.5172713 3.6651924 -2.6279936
v -0.0032625 -0.0400000 0.0160431
vn 2.5156932 3.4633567 -1.8131831
v -0.0036377 -0.0400000 0.0156679
vn 2.8491120 3.3789983 -1.2196809
v -0.0036926 -0.0400000 0.0155581
vn 0.7343578 6.0966654 -0.7710800
v -0.0071771 -0.0400000 0.0127422
vn 1.0987216 6.0683594 0.3055474
v -0.0116236 -0.0400000 -0.0050406
vn 1.0729057 6.0594010 0.4495901
v -0.0108500 -0.0400000 -0.0072164
vn 0.9794091 6.0651698 0.5989379
v -0.0098745 -0.0400000 -0.0091652
vn 0.7552893 6.0880680 0.7836341
v -0.0071771 -0.0400000 -0.0127422
vn 2.8491120 3.3789983 1.2196809
v -0.0036926 -0.0400000 -0.0155581
vn 2.5156932 3.4633567 1.8131833
v -0.0036377 -0.0400000 -0.0156679
vn 0.9794090 6.0651703 -0.5989379
v -0.0098745 -0.0400000 0.0091652
vn 1.0627389 6.0651321 -0.4362400
v -0.0108500 -0.0400000 0.0072164
vn 2.8281169 3.4633436 1.2720530
v -0.0123877 -0.0400000 -0.0005125
vn 2.4899311 3.3759892 1.8332469
v -0.0123200 -0.0400000 -0.0006150
vn 1.1541927 6.0568562 0.1917023
v -0.0121703 -0.0400000 -0.0024166
vn 1.0545293 6.0873871 -0.2768946
v -0.0116236 -0.0400000 0.0050406
vn 1.1355557 6.0627241 -0.2093022
v -0.0121703 -0.0400000 0.0024166
vn 2.4899311 3.3759892 -1.8332469
v -0.0123200 -0.0400000 0.0006150
vn -3.0316684 -2.6365576 3.1181865
v -0.0003785 -0.0207899 -0.0379820
vn -2.9658861 -1.5702155 3.1884363
v -0.0002657 -0.0210143 -0.0380000
vn -0.1935668 -0.7499011 6.1858873
v 0.0011205 -0.0213787 -0.0380000
vn -0.1736987 -5.1423488 3.5932064
v 0.0050709 -0.0211228 -0.0375669
vn -0.2407492 -5.4760737 3.0651741
v 0.0050690 -0.0211040 -0.0375360
vn -0.6729004 -5.2312779 3.0778506
v 0.0032527 -0.0209450 -0.0375358
vn -0.2273687 -6.2695665 0.2412793
v 0.0050727 -0.0209798 -0.0370943
vn -0.3373519 -6.2677093 -0.0127819
v 0.0050532 -0.0209786 -0.0370715
vn -0.8627645 -6.1239419 0.9835331
v 0.0032689 -0.0208217 -0.0370715
vn -0.2579702 -5.8024697 2.3529658
v 0.0050662 -0.0210627 -0.0374561
vn -1.4513338 -5.7496247 1.5680550
v 0.0050483 -0.0210006 -0.0372731
vn 0.0679831 -6.2699914 0.3896168
v 0.0050820 -0.0209810 -0.0371166
vn -0.2490310 -6.2550182 0.5056124
v 0.0050833 -0.0209826 -0.0371408
vn -0.3854704 -6.1706138 1.0593251
v 0.0050682 -0.0209872 -0.0371923
vn -0.0903836 -2.2784889 5.8110409
v 0.0051129 -0.0214835 -0.0378962
vn -0.1456503 -3.4409890 5.2366343
v 0.0051086 -0.0214458 -0.0378756
vn -0.3787634 -2.9884501 5.2955923
v 0.0032085 -0.0212819 -0.0378756
vn -0.1370354 -4.4386778 4.3933988
v 0.0050848 -0.0212357 -0.0377111
vn -0.0955517 -0.7792457 6.1833324
v 0.0031482 -0.0217422 -0.0380000
vn 0.0151236 0.0130494 6.2819562
v 0.0051556 -0.0219122 -0.0380000
vn -0.0353386 -0.8382322 6.1832790
v 0.0051528 -0.0218798 -0.0379994
vn -2.3220346 -5.8255262 0.2844803
v -0.0018668 -0.0194708 -0.0370768
vn -2.6771979 -5.6392922 0.5432826
v -0.0014815 -0.0196613 -0.0373297
vn -1.6376340 -5.0425797 3.0362277
v -0.0003523 -0.0201467 -0.0375358
vn -2.7592382 -5.2265363 1.5571711
v -0.0011801 -0.0198637 -0.0375308
vn -2.9419684 -4.6652412 2.0825732
v -0.0008882 -0.0201178 -0.0377204
vn -0.6895154 -2.9488828 5.2876239
v 0.0012238 -0.0209261 -0.0378756
vn -0.6991278 -2.9698582 5.2880030
v -0.0004545 -0.0204708 -0.0378756
vn -3.2981949 -4.0831113 2.3676286
v -0.0007568 -0.0202566 -0.0378008
vn -1.1568782 -5.1456528 3.0706158
v 0.0012994 -0.0205948 -0.0375358
vn -2.2956567 -5.8404365 0.1672569
v -0.0018750 -0.0194675 -0.0370715
vn -1.9096125 -5.8820558 0.9649799
v -0.0003149 -0.0200280 -0.0370715
vn -1.3133538 -6.0486789 0.8572237
v 0.0013271 -0.0204735 -0.0370715
vn -3.2662702 -0.1613689 3.4450681
v -0.0000189 -0.0219122 -0.0380000
vn -2.9656470 -0.9950410 3.3640194
v -0.0002343 -0.0210863 -0.0380000
vn -5.7730255 -1.7941308 -1.2683663
v -0.0003288 -0.0208830 -0.0391717
vn -6.0060768 -1.3232057 -0.9553792
v -0.0002093 -0.0211477 -0.0394254
vn -6.1518469 -0.9294863 -0.6195936
v -0.0001420 -0.0213366 -0.0396559
vn -3.4035730 0.8659915 3.0602088
v -0.0000000 -0.0222486 -0.0379375
vn -6.2413492 -0.4903241 -0.3227137
v -0.0000930 -0.0215075 -0.0399825
vn -3.1310892 -0.1812666 -3.2603452
v -0.0000000 -0.0222486 -0.0410000
vn -6.2673559 -0.1880503 -0.1452086
v -0.0000778 -0.0215698 -0.0403571
vn -3.1291480 -0.0953582 -2.9736984
v -0.0000778 -0.0215698 -0.0410000
vn -5.1021304 -2.6922164 -1.8105547
v -0.0007359 -0.0202804 -0.0387053
vn -4.5286427 -3.1715529 -2.1388192
v -0.0008773 -0.0201286 -0.0385993
vn -3.5717926 -3.8115442 -2.4465239
v -0.0014747 -0.0196653 -0.0382901
vn -2.8352106 -4.0748878 -2.6370950
v -0.0017173 -0.0195367 -0.0382072
vn -2.4306252 -4.2975645 -2.5880890
v -0.0018750 -0.0194673 -0.0381631
vn 0.0042513 3.0326455 5.5028243
v 0.0051838 -0.0223778 -0.0378757
vn 0.0010240 3.3068166 5.3331261
v 0.0051975 -0.0223868 -0.0378707
vn 1.2651503 3.0779581 5.2185001
v 0.0068025 -0.0223868 -0.0378707
vn 0.0000423 0.0029978 6.2822447
v 0.0051881 -0.0219130 -0.0380000
vn -0.0258406 0.5918396 6.2338185
v 0.0051580 -0.0219447 -0.0379994
vn 1.2745800 1.3719280 5.9118996
v 0.0068216 -0.0221608 -0.0379664
vn 1.3433470 -0.1352083 6.0553732
v 0.0068443 -0.0219122 -0.0380000
vn -0.0078626 0.3981985 6.2545233
v 0.0068119 -0.0219130 -0.0380000
vn 0.3302811 2.0181339 5.8842688
v 0.0051946 -0.0222601 -0.0379331
vn 1.2629547 2.3711090 5.5782461
v 0.0068091 -0.0223077 -0.0379123
vn 0.0350918 2.5575147 5.7360029
v 0.0051955 -0.0222941 -0.0379186
vn 0.1929679 2.7741323 5.6276894
v 0.0051815 -0.0223244 -0.0379041
vn -0.0183222 3.0075951 5.5164042
v 0.0051735 -0.0223656 -0.0378823
vn 0.1089114 2.8294752 5.6014042
v 0.0051706 -0.0223562 -0.0378875
vn 2.3611567 2.2743509 4.6660380
v 0.0051713 -0.0223463 -0.0378927
vn 3.3294740 -2.7460980 -1.8539969
v 0.0120000 -0.0421900 -0.0241868
vn 3.3470678 -2.9067335 -2.1716163
v 0.0120992 -0.0427805 -0.0231005
vn 0.4573082 -5.4695311 -3.0331655
v 0.0105213 -0.0428464 -0.0233398
vn 3.1571078 -2.9406905 -2.6426902
v 0.0124062 -0.0433039 -0.0220166
vn 2.9534996 -2.9983785 -3.0437007
v 0.0128911 -0.0437128 -0.0210405
vn 2.6241083 -3.0647280 -3.3163738
v 0.0135698 -0.0440235 -0.0201403
vn 2.1219833 -3.2032902 -3.3926668
v 0.0143809 -0.0442081 -0.0194012
vn 3.3942175 -2.5918782 -1.7548504
v 0.0120000 -0.0399353 -0.0277520
vn 0.4433271 -5.1620507 -3.5254660
v 0.0102380 -0.0401617 -0.0277503
vn 3.3464985 -2.4802046 -1.9168271
v 0.0120000 -0.0385187 -0.0296869
vn 0.4172724 -4.7310753 -4.0886230
v 0.0099075 -0.0370297 -0.0318518
vn 3.3771601 -2.3424792 -2.0781631
v 0.0120000 -0.0367463 -0.0318545
vn 0.4527534 -4.2557116 -4.5718946
v 0.0095335 -0.0334853 -0.0355985
vn 3.3209753 -2.1971114 -2.2346053
v 0.0120000 -0.0341351 -0.0346380
vn -3.2856374 -1.8242446 -2.5471215
v -0.0000000 -0.0291204 -0.0389487
vn -0.4331839 -4.2542663 -4.5762291
v 0.0024665 -0.0334853 -0.0355985
vn -3.3416750 -2.1890304 -2.2413685
v -0.0000000 -0.0341351 -0.0346380
vn -0.4108983 -4.7434282 -4.0756798
v 0.0020925 -0.0370297 -0.0318518
vn -3.3891985 -2.3508501 -2.0676236
v -0.0000000 -0.0367463 -0.0318545
vn -0.4446361 -5.4743867 -3.0275638
v 0.0014787 -0.0428464 -0.0233398
vn -3.3614173 -2.7581940 -1.8360201
v -0.0000000 -0.0421900 -0.0241868
vn -0.4520177 -5.1395407 -3.5557904
v 0.0017620 -0.0401617 -0.0277503
vn -3.3754606 -2.5661516 -1.7941453
v -0.0000000 -0.0399353 -0.0277520
vn -3.2494485 -2.5115635 -1.8833746
v -0.0000000 -0.0385187 -0.0296869
vn -2.6213312 -3.0683622 -3.3185275
v -0.0015698 -0.0440235 -0.0201403
vn -2.1325133 -3.1869020 -3.3841200
v -0.0023861 -0.0442088 -0.0193972
vn -2.9550555 -3.0054858 -3.0404649
v -0.0008935 -0.0437143 -0.0210366
vn -3.1729865 -2.9597056 -2.6445236
v -0.0004062 -0.0433039 -0.0220166
vn -3.3564770 -2.9090958 -2.1941550
v -0.0000994 -0.0427812 -0.0230990
vn -0.0040962 -5.4721909 -3.0483689
v 0.0060000 -0.0430842 -0.0233398
vn 0.0000006 -5.1624017 -3.5397701
v 0.0060000 -0.0403846 -0.0277503
vn -0.0000001 -4.7624168 -4.0644293
v 0.0060000 -0.0372353 -0.0318518
vn -0.0047503 -4.3051615 -4.5476856
v 0.0060000 -0.0336712 -0.0355985
vn -0.4294650 -3.6418631 -5.0609012
v 0.0021542 -0.0294823 -0.0389487
vn 3.2816987 -1.8324606 -2.5413351
v 0.0120000 -0.0291204 -0.0389487
vn 0.4415081 -3.6448929 -5.0569324
v 0.0098458 -0.0294823 -0.0389487
vn -0.0051538 -3.6593771 -5.0625391
v 0.0060000 -0.0297321 -0.0389487
vn -0.4553262 2.0646355 -5.4553256
v 0.0086703 -0.0116991 -0.0410000
vn -1.0474142 1.8404088 -5.4526157
v 0.0120000 -0.0103923 -0.0410000
vn 1.8169541 -1.1685718 -5.4220800
v 0.0140458 -0.0129909 -0.0410000
vn -1.5137020 -1.4397883 -5.4756918
v 0.0147966 0.0081621 -0.0410000
vn -1.0228183 -1.8219584 -5.4752431
v 0.0120000 0.0103923 -0.0410000
vn 0.5909498 1.1002096 -6.0228901
v 0.0133141 0.0125600 -0.0410000
vn 3.1414604 -0.0203823 -3.1545687
v 0.0120000 -0.0201246 -0.0410000
vn 3.0855641 -0.1055487 -3.1379652
v 0.0120000 -0.0228910 -0.0410000
vn -2.6279898 1.5172747 -3.6651919
v 0.0085115 -0.0194500 -0.0410000
vn -2.7947516 -0.6950174 -4.3889794
v -0.0003878 -0.0169169 -0.0410000
vn 2.6279809 -1.5172728 -3.6651905
v 0.0034885 -0.0165500 -0.0410000
vn -2.9461625 -0.3816416 -4.1515703
v -0.0001040 -0.0184548 -0.0410000
vn 3.0345364 0.0000046 -3.6651917
v 0.0031000 -0.0180000 -0.0410000
vn -3.0798824 -0.2360391 -3.7008557
v -0.0000045 -0.0197772 -0.0410000
vn 2.6279938 1.5172720 -3.6651912
v 0.0034885 -0.0194500 -0.0410000
vn 1.5172725 2.6279931 -3.6651928
v 0.0045500 -0.0205115 -0.0410000
vn -3.0704722 -0.1210716 -3.1368623
v -0.0000000 -0.0228910 -0.0410000
vn -1.5172726 2.6279929 -3.6651926
v 0.0074500 -0.0205115 -0.0410000
vn 0.0231626 -0.3379558 -6.2648439
v 0.0090609 -0.0234655 -0.0410000
vn -0.0000001 3.0345459 -3.6651902
v 0.0060000 -0.0209000 -0.0410000
vn 0.0000000 -0.3546909 -6.2630477
v 0.0060000 -0.0236643 -0.0410000
vn -0.0455748 -0.3515837 -6.2630672
v 0.0029391 -0.0234655 -0.0410000
vn 1.5172729 -2.6279931 -3.6651917
v 0.0045500 -0.0154885 -0.0410000
vn 0.7843944 1.9518213 -5.4641633
v 0.0016159 -0.0111705 -0.0410000
vn 0.0000001 -3.0345452 -3.6651917
v 0.0060000 -0.0151000 -0.0410000
vn 0.1744982 2.1024325 -5.4590874
v 0.0051032 -0.0119664 -0.0410000
vn -1.5172729 -2.6279931 -3.6651917
v 0.0074500 -0.0154885 -0.0410000
vn -2.6279805 -1.5172732 -3.6651897
v 0.0085115 -0.0165500 -0.0410000
vn 2.3936496 -1.0566348 -4.8759818
v 0.0131914 -0.0145882 -0.0410000
vn -2.4459717 -0.9904675 -4.8453007
v -0.0009604 -0.0151316 -0.0410000
vn -2.4058921 -1.1058843 -4.8307757
v -0.0011950 -0.0145802 -0.0410000
vn -1.9034785 -1.1941860 -5.3364449
v -0.0017998 -0.0134006 -0.0410000
vn -1.9086274 0.9260176 -5.4495859
v 0.0168116 -0.0052066 -0.0410000
vn 0.9541608 -0.6584963 -6.0603485
v 0.0184774 -0.0074542 -0.0410000
vn -1.5472441 1.4491922 -5.4507513
v 0.0147966 -0.0081621 -0.0410000
vn 0.8604678 -0.8487810 -6.0408988
v 0.0161035 -0.0104484 -0.0410000
vn 1.4146307 -1.2091956 -5.6724019
v 0.0151073 -0.0115227 -0.0410000
vn 0.4505322 1.1720171 -6.0203228
v 0.0107156 0.0137482 -0.0410000
vn -0.4416445 -2.0418119 -5.4754515
v 0.0086703 0.0116991 -0.0410000
vn 0.3537922 1.2603270 -5.9968596
v 0.0097880 0.0140322 -0.0410000
vn 0.0462810 1.0855436 -6.0889149
v 0.0060318 0.0145344 -0.0410000
vn 0.1774967 -2.0801716 -5.4764838
v 0.0051032 0.0119664 -0.0410000
vn -0.0435107 1.0850981 -6.0891190
v 0.0060000 0.0145344 -0.0410000
vn 1.7306014 1.1634822 -5.4795794
v -0.0039149 -0.0067598 -0.0410000
vn -1.0136361 -0.4488277 -6.0806894
v -0.0072204 -0.0060390 -0.0410000
vn 1.9833096 0.6013923 -5.4906111
v -0.0054669 -0.0035371 -0.0410000
vn -1.2485545 -0.3232604 -6.0058265
v -0.0079889 -0.0039447 -0.0410000
vn 2.0604548 -0.0000001 -5.5012426
v -0.0060000 -0.0000000 -0.0410000
vn -1.2643096 0.0357313 -6.0161853
v -0.0085335 -0.0001626 -0.0410000
vn 1.9788790 -0.6050037 -5.4931078
v -0.0054669 0.0035371 -0.0410000
vn 2.5796223 -0.9708566 -4.6464772
v 0.0126243 -0.0160731 -0.0410000
vn 2.9059963 -0.6530062 -4.1377139
v 0.0123363 -0.0171345 -0.0410000
vn -3.0345275 0.0000001 -3.6651914
v 0.0089000 -0.0180000 -0.0410000
vn 2.6366611 -0.2824363 -4.8248811
v 0.0121823 -0.0179168 -0.0410000
vn 3.0995126 -0.2006884 -3.5911150
v 0.0120045 -0.0197761 -0.0410000
vn -0.3334236 1.2166516 -6.0181761
v 0.0022120 0.0140322 -0.0410000
vn 0.7790420 -1.9343386 -5.4785700
v 0.0016159 0.0111705 -0.0410000
vn -0.4489771 1.1733801 -6.0201020
v 0.0013498 0.0137705 -0.0410000
vn -1.1118865 0.3227122 -6.0608664
v -0.0080737 0.0036307 -0.0410000
vn -0.9675685 0.5171211 -6.0846734
v -0.0066411 0.0071731 -0.0410000
vn 1.7212152 -1.1612328 -5.4866867
v -0.0039149 0.0067598 -0.0410000
vn -0.9194252 0.6901599 -6.0647397
v -0.0060189 0.0081730 -0.0410000
vn 1.3092737 -1.6182742 -5.4818978
v -0.0014819 0.0093820 -0.0410000
vn -0.8653762 0.8775283 -6.0305448
v -0.0043347 0.0102197 -0.0410000
vn -0.5884608 1.1002473 -6.0233555
v -0.0013141 0.0125600 -0.0410000
vn 1.3190365 1.6283545 -5.4708781
v -0.0014819 -0.0093820 -0.0410000
vn -0.8610404 -0.8496704 -6.0405221
v -0.0041035 -0.0104484 -0.0410000
vn -0.9311367 -0.5861461 -6.0833650
v -0.0064774 -0.0074542 -0.0410000
vn -1.4922060 -1.2307844 -5.6166496
v -0.0028532 -0.0118379 -0.0410000
vn 0.8462771 0.8620138 -6.0408401
v 0.0163347 0.0102197 -0.0410000
vn 0.9005016 0.6486693 -6.0801487
v 0.0180189 0.0081730 -0.0410000
vn -1.8700123 -0.9292444 -5.4766588
v 0.0168116 0.0052066 -0.0410000
vn 1.0220969 0.5016631 -6.0686450
v 0.0186411 0.0071731 -0.0410000
vn -2.0674136 -0.3874176 -5.4680500
v 0.0178660 0.0017885 -0.0410000
vn 1.1280549 0.3411105 -6.0522432
v 0.0200737 0.0036307 -0.0410000
vn -2.1436713 -0.0000004 -5.4348593
v 0.0180000 -0.0000000 -0.0410000
vn 1.2719656 0.0340448 -6.0131121
v 0.0205335 -0.0001626 -0.0410000
vn -2.1023560 0.3547589 -5.4430027
v 0.0178660 -0.0017885 -0.0410000
vn 1.4288859 -0.2921563 -5.9233508
v 0.0199889 -0.0039447 -0.0410000
vn 1.0128385 -0.4461419 -6.0813708
v 0.0192204 -0.0060390 -0.0410000
vn 3.9830017 3.2090855 1.3077986
v -0.0037750 -0.0401343 -0.0151554
vn 2.1632471 5.5848789 -1.7710900
v -0.0075694 -0.0401414 0.0118548
vn -3.9830008 3.2090840 -1.3077924
v 0.0157750 -0.0401343 0.0151554
vn -2.1543443 5.5923986 1.7514722
v 0.0195694 -0.0401414 -0.0118548
vn 2.4626715 3.1791992 3.5298405
v -0.0026502 -0.0413642 -0.0122545
vn 0.1797434 5.8953381 0.2697361
v -0.0031362 -0.0413762 -0.0118548
vn 3.3729839 3.1270940 2.7718170
v -0.0056357 -0.0413642 -0.0094663
vn -0.6718174 3.0632005 4.3399434
v 0.0090518 -0.0413642 -0.0146863
vn -1.3923440 3.0525029 4.1009860
v 0.0105617 -0.0413642 -0.0142895
vn -0.6066824 5.7851768 2.3481297
v 0.0104278 -0.0405890 -0.0163989
vn 0.9000850 3.1616297 4.2118168
v 0.0142375 -0.0401343 -0.0160431
vn -3.0146472 3.1431329 3.1857486
v 0.0162383 -0.0413642 -0.0109625
vn -3.8390117 3.0433748 2.5068455
v 0.0188163 -0.0413642 -0.0077938
vn -1.9682528 5.8646460 1.0162077
v 0.0199021 -0.0411257 -0.0071698
vn -4.1657615 3.0770369 1.3160273
v 0.0204438 -0.0413642 -0.0040470
vn -2.0366719 3.1316214 -3.7891579
v 0.0129010 -0.0413642 0.0133183
vn -0.5364916 6.0053391 -0.6362115
v 0.0151362 -0.0413762 0.0118548
vn -3.0022316 3.1453633 -3.1921680
v 0.0162383 -0.0413642 0.0109625
vn -1.0224600 3.3081799 2.1512856
v 0.0147500 -0.0407403 0.0141304
vn -2.5952966 3.3710189 1.5578184
v 0.0152625 -0.0405788 0.0142678
vn 1.4335554 3.1653697 -4.0893641
v 0.0009768 -0.0413642 0.0141339
vn 0.5823306 5.8030248 -2.3038266
v 0.0015722 -0.0405890 0.0163989
vn -0.0028193 5.8119917 -2.3519783
v 0.0060000 -0.0408299 0.0163989
vn 4.0196066 3.1332331 -1.6590781
v -0.0077582 -0.0413642 0.0059760
vn 1.9549241 5.8633542 -1.0603535
v -0.0079021 -0.0411257 0.0071698
vn 3.3729844 3.1270940 -2.7718170
v -0.0056357 -0.0413642 0.0094663
vn 3.0543246 3.2510581 2.6756659
v -0.0120125 -0.0401343 -0.0008877
vn 1.6087354 3.3341675 3.2267413
v -0.0115000 -0.0403571 -0.0010250
vn -0.0474124 3.3698277 3.0206394
v -0.0109875 -0.0405788 -0.0008877
vn 4.2950320 3.0702407 0.6951404
v -0.0088603 -0.0413642 -0.0020425
vn -1.3468604 3.3064666 1.9621828
v -0.0106123 -0.0407403 -0.0005125
vn 4.2940693 3.0681314 -0.0007286
v -0.0090000 -0.0413642 0.0000000
vn -1.8842077 3.2121091 0.9027311
v -0.0105103 -0.0407841 -0.0002667
vn -1.3528501 3.3087430 -1.9606121
v -0.0106123 -0.0407403 0.0005125
vn 4.2990470 3.0887678 -0.7711666
v -0.0088603 -0.0413642 0.0020425
vn -1.8888361 3.1997132 -0.9189255
v -0.0105103 -0.0407840 0.0002667
vn -1.9984102 3.2154317 0.0102583
v -0.0104750 -0.0407992 0.0000000
vn -0.0533626 3.3746624 -2.9872446
v -0.0109875 -0.0405788 0.0008877
vn 1.6287839 3.3271976 -3.2046885
v -0.0115000 -0.0403571 0.0010250
vn 3.0543244 3.2510581 -2.6756656
v -0.0120125 -0.0401343 0.0008877
vn -0.1732061 3.2163656 2.0884104
v -0.0024862 -0.0407840 0.0141650
vn -1.0484045 3.2411950 1.7852118
v -0.0022375 -0.0407992 0.0142678
vn 2.4517415 3.1841819 -3.5224667
v -0.0026502 -0.0413642 0.0122545
vn -2.6509333 3.3878970 -1.4248511
v -0.0017250 -0.0405788 0.0151554
vn -2.4135323 3.3156815 0.1941632
v -0.0018623 -0.0407403 0.0146429
vn -1.7746766 3.2279677 1.2471982
v -0.0020246 -0.0407841 0.0144313
vn -2.0101635 3.3092840 -3.0744276
v -0.0018623 -0.0403571 0.0156679
vn -0.9000850 3.1616292 -4.2118177
v -0.0022375 -0.0401343 0.0160431
vn -0.6162949 5.7806740 -2.3573337
v 0.0104278 -0.0405890 0.0163989
vn 0.9000839 3.1616294 -4.2118168
v 0.0142375 -0.0401343 0.0160431
vn 2.0201013 3.3127747 -3.0692568
v 0.0138623 -0.0403571 0.0156679
vn -1.3931912 3.0516069 -4.1030540
v 0.0105617 -0.0413642 0.0142895
vn -0.7089752 3.0844975 -4.2855434
v 0.0090518 -0.0413642 0.0146863
vn 0.3835737 3.1304038 -4.3939590
v 0.0049764 -0.0413642 0.0149650
vn 2.6431065 3.3750412 -1.4566209
v 0.0137250 -0.0405788 0.0151554
vn 2.3915911 3.3053825 0.1738766
v 0.0138623 -0.0407403 0.0146429
vn 1.7136855 3.2099845 1.1793970
v 0.0140242 -0.0407840 0.0144317
vn 1.0053501 3.2259290 1.7590787
v 0.0142375 -0.0407992 0.0142678
vn 0.1752376 3.2124763 2.1190748
v 0.0144866 -0.0407840 0.0141649
vn -2.1634870 5.5872726 -1.7622101
v 0.0195694 -0.0401414 0.0118548
vn -3.6956947 3.1577747 -2.3001609
v 0.0188163 -0.0413642 0.0077938
vn -1.9828353 5.8654728 -0.9937588
v 0.0199021 -0.0411257 0.0071698
vn -4.1596417 3.0797584 -1.3147832
v 0.0204438 -0.0413642 0.0040470
vn -3.0543246 3.2510581 -2.6756659
v 0.0240125 -0.0401343 0.0008877
vn -1.6097661 3.3337643 -3.2264445
v 0.0235000 -0.0403571 0.0010250
vn 0.0497246 3.3713024 -3.0130482
v 0.0229875 -0.0405788 0.0008877
vn -4.3028460 3.0428169 -0.6708655
v 0.0208042 -0.0413642 0.0024158
vn 1.3516784 3.3080604 -1.9685943
v 0.0226123 -0.0407403 0.0005125
vn -1.1655345 3.0782537 0.0013516
v 0.0210000 -0.0413642 0.0000000
vn 1.8842071 3.2121091 -0.9027307
v 0.0225103 -0.0407841 0.0002667
vn 1.3643914 3.3128648 1.9657617
v 0.0226123 -0.0407403 -0.0005125
vn -4.3055892 3.0413530 0.6747131
v 0.0208042 -0.0413642 -0.0024158
vn 1.8938608 3.2014346 0.9259704
v 0.0225103 -0.0407840 -0.0002667
vn 1.9984096 3.2154312 -0.0102583
v 0.0224750 -0.0407992 0.0000000
vn 0.0559654 3.3757334 2.9863729
v 0.0229875 -0.0405788 -0.0008877
vn -1.6287839 3.3271976 3.2046885
v 0.0235000 -0.0403571 -0.0010250
vn -3.0543244 3.2510581 2.6756656
v 0.0240125 -0.0401343 -0.0008877
vn -2.0348382 3.1280808 3.7997885
v 0.0129010 -0.0413642 -0.0133183
vn 0.9917817 3.2206287 -1.7508154
v 0.0142375 -0.0407992 -0.0142678
vn 1.7578132 3.2010412 -1.1718221
v 0.0140241 -0.0407840 -0.0144318
vn 2.4121363 3.3227754 -0.2161255
v 0.0138623 -0.0407403 -0.0146429
vn 2.6249874 3.3779120 1.4426500
v 0.0137250 -0.0405788 -0.0151554
vn 2.0101635 3.3092833 3.0744281
v 0.0138623 -0.0403571 -0.0156679
vn 0.6041805 5.7915087 2.3322041
v 0.0015722 -0.0405890 -0.0163989
vn 1.4429467 3.1709242 4.0736647
v 0.0009768 -0.0413642 -0.0141339
vn 0.2981149 3.1616545 4.3313336
v 0.0049764 -0.0413642 -0.0149650
vn -0.9000839 3.1616292 4.2118163
v -0.0022375 -0.0401343 -0.0160431
vn -2.0101633 3.3092837 3.0744271
v -0.0018623 -0.0403571 -0.0156679
vn -2.6185498 3.3750057 1.4480600
v -0.0017250 -0.0405788 -0.0151554
vn -2.3944802 3.3165066 -0.2051626
v -0.0018623 -0.0407403 -0.0146429
vn -1.7655902 3.2360997 -1.2328664
v -0.0020241 -0.0407840 -0.0144318
vn -1.0474980 3.2355957 -1.7658131
v -0.0022375 -0.0407992 -0.0142678
vn -0.1598964 3.2031233 -2.0988688
v -0.0024862 -0.0407840 -0.0141650
vn 1.0222015 3.3083720 -2.1512735
v -0.0027500 -0.0407403 -0.0141304
vn 2.5952938 3.3710170 -1.5578206
v -0.0032625 -0.0405788 -0.0142678
vn 4.1482224 3.0350072 1.3532525
v -0.0080719 -0.0413642 -0.0051943
vn 3.9126356 3.0394161 1.8634541
v -0.0077582 -0.0413642 -0.0059760
vn 1.9444005 5.8658719 1.0703030
v -0.0079021 -0.0411257 -0.0071698
vn 2.1656368 5.5848980 1.7688099
v -0.0075694 -0.0401414 -0.0118548
vn 0.2289250 5.9073720 2.1091831
v 0.0024246 -0.0398402 -0.0183295
vn -0.1258695 5.5829806 2.8613393
v 0.0051975 -0.0393695 -0.0196317
vn -0.2493605 5.6548591 2.7138190
v 0.0051884 -0.0393908 -0.0195885
vn -0.0625710 5.8309150 2.2942348
v 0.0060000 -0.0408299 -0.0163989
vn -0.0998976 5.6861229 2.6679997
v 0.0051652 -0.0394096 -0.0195497
vn -0.0338658 5.7063332 2.6284986
v 0.0050985 -0.0394403 -0.0194846
vn 0.0126265 5.7310729 2.5752382
v 0.0049383 -0.0394870 -0.0193817
vn 0.0600427 5.7681885 2.4899092
v 0.0045913 -0.0395588 -0.0192124
vn 0.1379882 5.8332167 2.3270831
v 0.0038748 -0.0396721 -0.0189106
vn 0.2897341 4.7900872 4.0215678
v 0.0060000 -0.0333886 -0.0286566
vn 1.3851984 4.2766857 4.2734203
v 0.0068025 -0.0313234 -0.0308901
vn -0.2653823 4.2079105 4.6272211
v 0.0060000 -0.0300692 -0.0321223
vn 1.2399747 3.7026477 4.7940779
v 0.0068025 -0.0266306 -0.0350166
vn 0.5147553 3.5208831 5.1031547
v 0.0060000 -0.0263922 -0.0352059
vn 0.1466891 5.6710877 2.6931322
v 0.0068118 -0.0393910 -0.0195881
vn 0.0620041 5.5923190 2.8576374
v 0.0068025 -0.0393695 -0.0196317
vn 0.1103033 5.4291921 3.0888605
v 0.0060000 -0.0388011 -0.0207478
vn 1.3026065 5.1200037 3.2145026
v 0.0068025 -0.0367059 -0.0242494
vn 0.0715899 5.2077904 3.4957042
v 0.0060000 -0.0363108 -0.0248500
vn 1.4092572 4.8195653 3.6307564
v 0.0068025 -0.0353842 -0.0261403
vn 1.2245028 4.5942163 3.9364648
v 0.0068025 -0.0333789 -0.0286566
vn -0.0389876 5.6635475 2.7092547
v 0.0068628 -0.0394244 -0.0195184
vn 0.0312821 5.1436009 3.5872135
v 0.0051975 -0.0361551 -0.0250632
vn -0.1095184 4.6196856 4.2392507
v 0.0051975 -0.0321966 -0.0299789
vn 0.0351916 4.2646799 4.6077728
v 0.0051975 -0.0300584 -0.0321224
vn -0.1936835 3.9215784 4.8805161
v 0.0051975 -0.0275755 -0.0342775
vn -0.2226848 5.8910766 2.1563478
v 0.0095754 -0.0398402 -0.0183295
vn -0.0799313 5.7603393 2.5057786
v 0.0074104 -0.0395591 -0.0192116
vn -3.9830010 3.2090840 1.3077923
v 0.0157750 -0.0401343 -0.0151554
vn -3.6723197 3.3189604 -0.2372984
v 0.0156377 -0.0403571 -0.0146429
vn -2.6033475 3.3689022 -1.5581217
v 0.0152625 -0.0405788 -0.0142678
vn -0.5368073 6.0054388 0.6356953
v 0.0151362 -0.0413762 -0.0118548
vn -1.0221221 3.3084328 -2.1512663
v 0.0147500 -0.0407403 -0.0141304
vn 0.1685261 3.2201781 -2.1035118
v 0.0144861 -0.0407841 -0.0141650
vn -3.6666636 3.3161750 0.2235761
v 0.0156377 -0.0403571 0.0146429
vn 0.1476419 5.6031694 -2.8255436
v 0.0068025 -0.0393695 0.0196317
vn 0.2443996 5.6577983 -2.7079272
v 0.0068118 -0.0393910 0.0195881
vn 0.0556577 5.7013121 -2.6368852
v 0.0068628 -0.0394244 0.0195184
vn -0.0870253 5.7721915 -2.4777825
v 0.0074104 -0.0395591 0.0192116
vn -0.1907842 5.9004879 -2.1389015
v 0.0095754 -0.0398402 0.0183295
vn 1.2081264 4.6292200 -3.9247952
v 0.0068025 -0.0333789 0.0286566
vn 1.4891280 4.7844868 -3.6820567
v 0.0068025 -0.0353842 0.0261403
vn 0.0604459 5.1869946 -3.5244989
v 0.0060000 -0.0363108 0.0248500
vn 0.4110061 4.8008709 -3.9647474
v 0.0060000 -0.0333886 0.0286566
vn -0.4197350 4.1878576 -4.6104097
v 0.0060000 -0.0300692 0.0321223
vn 1.5226207 4.2958632 -4.2345567
v 0.0068025 -0.0313234 0.0308901
vn 0.1740734 3.6662364 -5.0644169
v 0.0060000 -0.0263922 0.0352059
vn 1.2857676 3.7255685 -4.7722688
v 0.0068025 -0.0266306 0.0350166
vn -0.1637376 5.6650167 -2.7060354
v 0.0051884 -0.0393908 0.0195885
vn -0.0433451 5.5718174 -2.8942559
v 0.0051975 -0.0393695 0.0196317
vn -0.0552509 5.4117832 -3.1087923
v 0.0060000 -0.0388011 0.0207478
vn -0.0072080 5.1084394 -3.6347189
v 0.0051975 -0.0361551 0.0250632
vn -0.2513737 4.5804391 -4.2605734
v 0.0051975 -0.0321966 0.0299789
vn 0.0962814 4.2734389 -4.5952501
v 0.0051975 -0.0300584 0.0321224
vn -0.0614181 3.9287822 -4.8850689
v 0.0051975 -0.0275755 0.0342775
vn 0.0137426 3.2899778 -5.3446417
v 0.0051975 -0.0223868 0.0378707
vn 1.2494329 3.0677583 -5.2257805
v 0.0068025 -0.0223868 0.0378707
vn 0.0600428 5.7681885 -2.4899092
v 0.0045913 -0.0395588 0.0192124
vn 0.0126271 5.7310729 -2.5752382
v 0.0049383 -0.0394870 0.0193817
vn -0.0338655 5.7063332 -2.6284986
v 0.0050985 -0.0394403 0.0194846
vn -0.0998974 5.6861234 -2.6679993
v 0.0051652 -0.0394096 0.0195497
vn 1.3504505 5.1410446 -3.1882415
v 0.0068025 -0.0367059 0.0242494
vn 0.2121445 5.9297123 -2.0309558
v 0.0024246 -0.0398402 0.0183295
vn 0.1293410 5.8307395 -2.3335996
v 0.0038748 -0.0396721 0.0189106
vn 3.9830019 3.2090855 -1.3077986
v -0.0037750 -0.0401343 0.0151554
vn 3.6723189 3.3189611 0.2373003
v -0.0036377 -0.0403571 0.0146429
vn 2.6033452 3.3689013 1.5581241
v -0.0032625 -0.0405788 0.0142678
vn 0.1807285 5.8957572 -0.2676955
v -0.0031362 -0.0413762 0.0118548
vn 1.0288981 3.3038454 2.1413374
v -0.0027500 -0.0407403 0.0141304
vn 3.6666632 3.3161764 -0.2235777
v -0.0036377 -0.0403571 -0.0146429
vn -0.6855763 -3.0535178 2.9903061
v 0.0013271 -0.0204735 -0.0350000
vn -1.3982482 -2.7961502 2.9708717
v -0.0031116 -0.0189203 -0.0350000
vn -0.1927974 -3.1294670 3.0343294
v 0.0050532 -0.0209786 -0.0350000
vn -2.0931935 -4.2336297 -2.6703486
v -0.0024154 -0.0192401 -0.0380953
vn -2.1124680 -3.9357095 -2.7138739
v -0.0031116 -0.0189203 -0.0380953
vn -1.9464350 -2.4407520 2.9171934
v -0.0070933 -0.0164185 -0.0350000
vn -2.6689899 -3.4699414 -2.6530528
v -0.0070933 -0.0164185 -0.0380953
vn -2.4217415 -1.9755272 2.9553730
v -0.0104185 -0.0130933 -0.0350000
vn -3.4306550 -2.9132104 -2.6580772
v -0.0104185 -0.0130933 -0.0380953
vn -2.8316605 -1.3228637 2.9618769
v -0.0129203 -0.0091116 -0.0350000
vn -3.9561448 -2.3764009 -2.6327531
v -0.0121052 -0.0106396 -0.0380953
vn -3.8768780 -2.4946482 -2.5827765
v -0.0117812 -0.0111727 -0.0380953
vn -4.0503941 2.2296927 -2.6772611
v -0.0124490 0.0100316 -0.0380953
vn -4.1708503 1.8161492 -2.6666732
v -0.0129203 0.0091116 -0.0380953
vn -2.8324993 1.3214648 2.9626200
v -0.0129203 0.0091116 -0.0350000
vn -4.3284349 1.0027765 -2.6229892
v -0.0144735 0.0046729 -0.0380953
vn -3.0435681 0.6946743 2.9171932
v -0.0144735 0.0046729 -0.0350000
vn -4.4176440 0.0245539 -2.6346836
v -0.0150000 -0.0000000 -0.0380953
vn -3.1218390 -0.0000000 2.9171932
v -0.0150000 -0.0000000 -0.0350000
vn -4.2783303 -0.9070896 -2.6549494
v -0.0144735 -0.0046729 -0.0380953
vn -3.0435681 -0.6946743 2.9171929
v -0.0144735 -0.0046729 -0.0350000
vn -4.0194821 -1.7839539 -2.7387097
v -0.0129203 -0.0091116 -0.0380953
vn -4.0832076 -2.1936603 -2.6954536
v -0.0124490 -0.0100316 -0.0380953
vn -3.8992612 2.4969957 -2.6032426
v -0.0117812 0.0111727 -0.0380953
vn -2.4207876 1.9769595 2.9564724
v -0.0104185 0.0130933 -0.0350000
vn -3.4652202 2.9411790 -2.6356936
v -0.0104185 0.0130933 -0.0380953
vn -1.9464350 2.4407520 2.9171934
v -0.0070933 0.0164185 -0.0350000
vn -2.7519360 3.4619622 -2.6341136
v -0.0070933 0.0164185 -0.0380953
vn -1.3545151 2.8126798 2.9171927
v -0.0031116 0.0189203 -0.0350000
vn -1.9156578 4.0392542 -2.6105800
v -0.0031116 0.0189203 -0.0380953
vn -0.6946742 3.0435681 2.9171934
v 0.0013271 0.0204735 -0.0350000
vn -1.0412040 4.3563833 -2.6071501
v 0.0013271 0.0204735 -0.0380953
vn -0.0000000 3.1218393 2.9171934
v 0.0060000 0.0210000 -0.0350000
vn 0.0000037 4.6157126 -2.5385542
v 0.0060000 0.0210000 -0.0380953
vn 0.6946741 3.0435681 2.9171929
v 0.0106729 0.0204735 -0.0350000
vn 1.0389055 4.3577857 -2.6068423
v 0.0106729 0.0204735 -0.0380953
vn 1.3545150 2.8126800 2.9171929
v 0.0151116 0.0189203 -0.0350000
vn 1.9194359 4.0422502 -2.6086178
v 0.0151116 0.0189203 -0.0380953
vn 1.9464352 2.4407518 2.9171932
v 0.0190933 0.0164185 -0.0350000
vn 2.7531590 3.4620595 -2.6337469
v 0.0190933 0.0164185 -0.0380953
vn 2.4254103 1.9699317 2.9515483
v 0.0224185 0.0130933 -0.0350000
vn 3.4671695 2.9410908 -2.6349404
v 0.0224185 0.0130933 -0.0380953
vn 2.8327134 -1.3210638 2.9636099
v 0.0249203 -0.0091116 -0.0350000
vn 4.3639650 -0.9767056 -2.6109691
v 0.0264735 -0.0046729 -0.0380953
vn 3.0435681 -0.6946743 2.9171932
v 0.0264735 -0.0046729 -0.0350000
vn 4.4715810 0.0117352 -2.6108067
v 0.0270000 -0.0000000 -0.0380953
vn 3.1218390 0.0000000 2.9171915
v 0.0270000 -0.0000000 -0.0350000
vn 4.3649864 1.0087600 -2.6066535
v 0.0264735 0.0046729 -0.0380953
vn 3.0435681 0.6946743 2.9171929
v 0.0264735 0.0046729 -0.0350000
vn 4.1749487 1.8341236 -2.6652856
v 0.0249203 0.0091116 -0.0380953
vn 2.8258243 1.3328295 2.9508502
v 0.0249203 0.0091116 -0.0350000
vn 4.0539789 2.2434936 -2.6285195
v 0.0245194 0.0099012 -0.0380953
vn 3.8974249 2.4533610 -2.5290246
v 0.0237812 0.0111727 -0.0380953
vn 3.9954386 -2.3597469 -2.6470537
v 0.0241052 -0.0106396 -0.0380953
vn 4.0841851 -2.1729085 -2.7045186
v 0.0245194 -0.0099012 -0.0380953
vn 4.0220566 -1.7763113 -2.7427702
v 0.0249203 -0.0091116 -0.0380953
vn 3.8910275 -2.5076170 -2.6092176
v 0.0237812 -0.0111727 -0.0380953
vn 2.4207878 -1.9769595 2.9564724
v 0.0224185 -0.0130933 -0.0350000
vn 3.4678872 -2.9347501 -2.6370246
v 0.0224185 -0.0130933 -0.0380953
vn 1.9464352 -2.4407518 2.9171934
v 0.0190933 -0.0164185 -0.0350000
vn 2.6559863 -3.4576564 -2.6607416
v 0.0190933 -0.0164185 -0.0380953
vn 1.3866012 -2.8007298 2.9598343
v 0.0151116 -0.0189203 -0.0350000
vn 2.1760101 -3.9681079 -2.6854198
v 0.0151116 -0.0189203 -0.0380953
vn 3.0202525 -4.2366576 -1.9170737
v 0.0130486 -0.0197817 -0.0385626
vn 0.7098229 -3.0478981 3.0004029
v 0.0106729 -0.0204735 -0.0350000
vn 3.4297256 -4.0267453 -1.4974490
v 0.0125770 -0.0199435 -0.0390502
vn 2.1671484 -4.3947229 2.5600917
v 0.0120000 -0.0201246 -0.0397342
vn 4.8207908 -2.8940175 -0.1735293
v 0.0121857 -0.0200683 -0.0397963
vn 2.7107449 -4.2259092 -2.1809621
v 0.0134862 -0.0196203 -0.0382957
vn 2.3684185 -4.3873019 -2.3399422
v 0.0136956 -0.0195391 -0.0382121
vn 2.1144645 -4.3122773 -2.6005020
v 0.0144070 -0.0192437 -0.0380953
vn 1.7045345 -4.9436998 2.3389788
v 0.0080486 -0.0208998 -0.0380944
vn 1.8771443 -4.5052142 2.5770342
v 0.0096847 -0.0206742 -0.0388582
vn 2.0988388 -4.3963599 2.5824533
v 0.0114648 -0.0202765 -0.0395485
vn 0.2110250 -3.1273534 3.0068424
v 0.0069468 -0.0209786 -0.0350000
vn 0.4674086 -6.2532277 0.1849567
v 0.0069468 -0.0209786 -0.0370715
vn 1.7263342 -5.8463726 0.7798656
v 0.0069880 -0.0209767 -0.0372530
vn 1.6645840 -5.4579620 1.7620915
v 0.0072599 -0.0209622 -0.0375837
vn 0.0000000 0.0000000 6.2831855
v -0.0130692 -0.0000000 -0.0350000
vn 0.9618124 -2.9554014 3.4103451
v 0.0026008 0.0104616 -0.0350000
vn 0.0010512 -3.1086807 3.4034758
v 0.0060000 0.0110000 -0.0350000
vn 0.0000000 0.0000000 6.2831860
v -0.0002750 0.0107750 -0.0350000
vn -2.9579270 -0.9612270 3.3886044
v 0.0164616 0.0033992 -0.0350000
vn -3.1102533 0.0000000 3.3879867
v 0.0170000 -0.0000000 -0.0350000
vn 0.0000000 0.0000000 6.2831841
v 0.0185192 -0.0000000 -0.0350000
vn -1.8274480 -2.5160747 3.3935430
v 0.0124656 0.0088992 -0.0350000
vn 0.0000000 0.0000000 6.2831850
v 0.0122750 0.0107750 -0.0350000
vn -0.9601223 -2.9572999 3.3978808
v 0.0093992 0.0104616 -0.0350000
vn 0.0000000 0.0000000 6.2831845
v -0.0065192 0.0107750 -0.0350000
vn 2.5144374 -1.8235947 3.4279668
v -0.0028992 0.0064656 -0.0350000
vn 1.8279269 -2.5125377 3.4185019
v -0.0004656 0.0088992 -0.0350000
vn 1.8279269 2.5125377 3.4185019
v -0.0004656 -0.0088992 -0.0350000
vn 2.5144374 1.8235947 3.4279668
v -0.0028992 -0.0064656 -0.0350000
vn 0.0000000 0.0000000 6.2831850
v -0.0065192 -0.0107750 -0.0350000
vn 2.9540141 0.9562482 3.4387577
v -0.0044616 -0.0033992 -0.0350000
vn 0.0000000 0.0000000 6.2831831
v -0.0065192 -0.0000000 -0.0350000
vn 3.1042535 0.0000000 3.4460361
v -0.0050000 -0.0000000 -0.0350000
vn 2.9540141 -0.9562482 3.4387579
v -0.0044616 0.0033992 -0.0350000
vn 0.0000000 0.0000000 6.2831860
v -0.0002750 -0.0107750 -0.0350000
vn 0.9618124 2.9554014 3.4103448
v 0.0026008 -0.0104616 -0.0350000
vn 0.0010512 3.1086807 3.4034760
v 0.0060000 -0.0110000 -0.0350000
vn 0.0000000 0.0000000 6.2831874
v -0.0002750 -0.0137250 -0.0350000
vn 0.0000000 0.0000000 6.2831855
v 0.0122750 -0.0107750 -0.0350000
vn -0.9601223 2.9572999 3.3978808
v 0.0093992 -0.0104616 -0.0350000
vn 0.0000000 0.0000000 6.2831845
v 0.0185192 -0.0107750 -0.0350000
vn -2.9579270 0.9612270 3.3886042
v 0.0164616 -0.0033992 -0.0350000
vn -2.5158806 1.8282450 3.3904543
v 0.0148992 -0.0064656 -0.0350000
vn -1.8274480 2.5160747 3.3935430
v 0.0124656 -0.0088992 -0.0350000
vn -1.5172696 -2.6279945 3.6651936
v 0.0067750 -0.0166577 -0.0350000
vn -2.6279936 -1.5172729 3.6651914
v 0.0073423 -0.0172250 -0.0350000
vn 0.0000000 0.0000000 6.2831864
v 0.0122750 -0.0137250 -0.0350000
vn 0.0000000 -3.0345473 3.6651871
v 0.0060000 -0.0164500 -0.0350000
vn 1.5172729 2.6279936 3.6651914
v 0.0052250 -0.0193423 -0.0350000
vn 2.6279936 1.5172729 3.6651914
v 0.0046577 -0.0187750 -0.0350000
vn 3.0345454 -0.0000000 3.6651919
v 0.0044500 -0.0180000 -0.0350000
vn 2.6279936 -1.5172729 3.6651912
v 0.0046577 -0.0172250 -0.0350000
vn 1.5172696 -2.6279945 3.6651936
v 0.0052250 -0.0166577 -0.0350000
vn -3.0345454 0.0000000 3.6651917
v 0.0075500 -0.0180000 -0.0350000
vn -2.6279936 1.5172729 3.6651912
v 0.0073423 -0.0187750 -0.0350000
vn -1.5172729 2.6279936 3.6651909
v 0.0067750 -0.0193423 -0.0350000
vn 0.0000000 3.0345454 3.6651917
v 0.0060000 -0.0195500 -0.0350000
vn 0.0000000 0.0000000 6.2831855
v -0.0065192 -0.0137250 -0.0350000
vn 0.0000004 3.0345454 3.6651921
v -0.0095885 -0.0105500 -0.0350000
vn 1.5172734 2.6279933 3.6651909
v -0.0103635 -0.0103423 -0.0350000
vn -3.0345454 -0.0000004 3.6651917
v -0.0080385 -0.0090000 -0.0350000
vn -2.6279936 1.5172729 3.6651914
v -0.0082461 -0.0097750 -0.0350000
vn -1.5172729 2.6279936 3.6651914
v -0.0088135 -0.0103423 -0.0350000
vn -2.6279938 -1.5172727 3.6651907
v -0.0082461 -0.0082250 -0.0350000
vn -1.5172734 -2.6279931 3.6651919
v -0.0088135 -0.0076577 -0.0350000
vn 2.6279936 1.5172729 3.6651914
v -0.0109308 -0.0097750 -0.0350000
vn 3.0345457 -0.0000004 3.6651919
v -0.0111385 -0.0090000 -0.0350000
vn 2.6279938 -1.5172729 3.6651907
v -0.0109308 -0.0082250 -0.0350000
vn 1.5172737 -2.6279929 3.6651912
v -0.0103635 -0.0076577 -0.0350000
vn 0.0000004 -3.0345454 3.6651921
v -0.0095885 -0.0074500 -0.0350000
vn 0.0000004 -3.0345454 3.6651917
v -0.0095885 0.0105500 -0.0350000
vn -1.5172729 -2.6279936 3.6651912
v -0.0088135 0.0103423 -0.0350000
vn -2.6279936 -1.5172729 3.6651914
v -0.0082461 0.0097750 -0.0350000
vn -3.0345454 0.0000004 3.6651917
v -0.0080385 0.0090000 -0.0350000
vn -2.6279938 1.5172729 3.6651905
v -0.0082461 0.0082250 -0.0350000
vn -1.5172733 2.6279929 3.6651919
v -0.0088135 0.0076577 -0.0350000
vn 0.0000004 3.0345454 3.6651919
v -0.0095885 0.0074500 -0.0350000
vn 1.5172739 2.6279929 3.6651917
v -0.0103635 0.0076577 -0.0350000
vn 2.6279938 1.5172727 3.6651907
v -0.0109308 0.0082250 -0.0350000
vn 1.5172734 -2.6279936 3.6651912
v -0.0103635 0.0103423 -0.0350000
vn 2.6279936 -1.5172729 3.6651912
v -0.0109308 0.0097750 -0.0350000
vn 3.0345454 0.0000004 3.6651919
v -0.0111385 0.0090000 -0.0350000
vn 0.0000000 0.0000000 6.2831855
v -0.0065192 0.0137250 -0.0350000
vn 0.0000000 0.0000000 6.2831869
v -0.0002750 0.0137250 -0.0350000
vn -3.0345454 0.0000000 3.6651919
v 0.0075500 0.0180000 -0.0350000
vn -2.6279936 1.5172729 3.6651912
v 0.0073423 0.0172250 -0.0350000
vn 0.0000000 0.0000000 6.2831869
v 0.0122750 0.0137250 -0.0350000
vn -1.5172695 2.6279945 3.6651936
v 0.0067750 0.0166577 -0.0350000
vn 0.0000000 3.0345473 3.6651869
v 0.0060000 0.0164500 -0.0350000
vn 1.5172729 -2.6279936 3.6651914
v 0.0052250 0.0193423 -0.0350000
vn 0.0000000 -3.0345454 3.6651917
v 0.0060000 0.0195500 -0.0350000
vn -1.5172729 -2.6279936 3.6651914
v 0.0067750 0.0193423 -0.0350000
vn -2.6279936 -1.5172729 3.6651914
v 0.0073423 0.0187750 -0.0350000
vn 1.5172695 2.6279943 3.6651936
v 0.0052250 0.0166577 -0.0350000
vn 2.6279936 1.5172729 3.6651914
v 0.0046577 0.0172250 -0.0350000
vn 3.0345457 0.0000000 3.6651917
v 0.0044500 0.0180000 -0.0350000
vn 2.6279936 -1.5172729 3.6651914
v 0.0046577 0.0187750 -0.0350000
vn 0.0000000 0.0000000 6.2831855
v 0.0185192 0.0137250 -0.0350000
vn -0.0000009 3.0345452 3.6651921
v 0.0215885 0.0074500 -0.0350000
vn 1.5172734 2.6279931 3.6651919
v 0.0208135 0.0076577 -0.0350000
vn -1.5172741 2.6279929 3.6651912
v 0.0223635 0.0076577 -0.0350000
vn -2.6279938 1.5172729 3.6651907
v 0.0229308 0.0082250 -0.0350000
vn -3.0345454 0.0000004 3.6651919
v 0.0231385 0.0090000 -0.0350000
vn -2.6279936 -1.5172729 3.6651914
v 0.0229308 0.0097750 -0.0350000
vn 2.6279938 1.5172727 3.6651907
v 0.0202461 0.0082250 -0.0350000
vn 0.0000000 0.0000000 6.2831860
v 0.0185192 0.0107750 -0.0350000
vn -2.5158806 -1.8282450 3.3904538
v 0.0148992 0.0064656 -0.0350000
vn 3.0345454 0.0000004 3.6651917
v 0.0200385 0.0090000 -0.0350000
vn 2.6279936 -1.5172729 3.6651914
v 0.0202461 0.0097750 -0.0350000
vn 1.5172729 -2.6279936 3.6651912
v 0.0208135 0.0103423 -0.0350000
vn -1.5172738 -2.6279931 3.6651907
v 0.0223635 0.0103423 -0.0350000
vn -0.0000009 -3.0345454 3.6651921
v 0.0215885 0.0105500 -0.0350000
vn -2.6279936 1.5172729 3.6651912
v 0.0229308 -0.0097750 -0.0350000
vn -1.5172739 2.6279936 3.6651907
v 0.0223635 -0.0103423 -0.0350000
vn -0.0000009 3.0345452 3.6651921
v 0.0215885 -0.0105500 -0.0350000
vn 1.5172729 2.6279936 3.6651912
v 0.0208135 -0.0103423 -0.0350000
vn 2.6279936 1.5172729 3.6651914
v 0.0202461 -0.0097750 -0.0350000
vn 3.0345457 -0.0000004 3.6651917
v 0.0200385 -0.0090000 -0.0350000
vn 2.6279938 -1.5172729 3.6651905
v 0.0202461 -0.0082250 -0.0350000
vn 1.5172733 -2.6279929 3.6651919
v 0.0208135 -0.0076577 -0.0350000
vn -0.0000009 -3.0345454 3.6651921
v 0.0215885 -0.0074500 -0.0350000
vn -1.5172743 -2.6279926 3.6651912
v 0.0223635 -0.0076577 -0.0350000
vn -2.6279938 -1.5172727 3.6651907
v 0.0229308 -0.0082250 -0.0350000
vn -3.0345454 -0.0000004 3.6651919
v 0.0231385 -0.0090000 -0.0350000
vn 0.0000000 0.0000000 6.2831850
v 0.0185192 -0.0137250 -0.0350000
vn 5.4728928 0.0000010 -2.4383471
v -0.0111385 0.0090000 -0.0363500
vn 4.7396641 -2.7364471 -2.4383464
v -0.0109308 0.0097750 -0.0363500
vn 2.7364473 -4.7396631 -2.4383469
v -0.0103635 0.0103423 -0.0363500
vn 0.0000007 -5.4728928 -2.4383476
v -0.0095885 0.0105500 -0.0363500
vn -2.7364464 -4.7396641 -2.4383471
v -0.0088135 0.0103423 -0.0363500
vn -4.7396641 -2.7364464 -2.4383469
v -0.0082461 0.0097750 -0.0363500
vn -5.4728928 0.0000010 -2.4383473
v -0.0080385 0.0090000 -0.0363500
vn -4.7396641 2.7364459 -2.4383469
v -0.0082461 0.0082250 -0.0363500
vn -2.7364476 4.7396641 -2.4383471
v -0.0088135 0.0076577 -0.0363500
vn 0.0000010 5.4728932 -2.4383469
v -0.0095885 0.0074500 -0.0363500
vn 2.7364483 4.7396636 -2.4383469
v -0.0103635 0.0076577 -0.0363500
vn 4.7396646 2.7364464 -2.4383461
v -0.0109308 0.0082250 -0.0363500
vn 5.4728928 -0.0000006 -2.4383469
v -0.0111385 -0.0090000 -0.0363500
vn 4.7396646 -2.7364466 -2.4383461
v -0.0109308 -0.0082250 -0.0363500
vn 2.7364485 -4.7396631 -2.4383469
v -0.0103635 -0.0076577 -0.0363500
vn 0.0000007 -5.4728928 -2.4383469
v -0.0095885 -0.0074500 -0.0363500
vn -2.7364476 -4.7396636 -2.4383469
v -0.0088135 -0.0076577 -0.0363500
vn -4.7396641 -2.7364464 -2.4383466
v -0.0082461 -0.0082250 -0.0363500
vn -5.4728928 -0.0000007 -2.4383476
v -0.0080385 -0.0090000 -0.0363500
vn -4.7396641 2.7364464 -2.4383471
v -0.0082461 -0.0097750 -0.0363500
vn -2.7364464 4.7396641 -2.4383469
v -0.0088135 -0.0103423 -0.0363500
vn 0.0000010 5.4728928 -2.4383473
v -0.0095885 -0.0105500 -0.0363500
vn 2.7364471 4.7396636 -2.4383469
v -0.0103635 -0.0103423 -0.0363500
vn 4.7396641 2.7364464 -2.4383464
v -0.0109308 -0.0097750 -0.0363500
vn 5.4728932 -0.0000001 -2.4383464
v 0.0044500 -0.0180000 -0.0391500
vn 4.7396646 -2.7364476 -2.4383454
v 0.0046577 -0.0172250 -0.0391500
vn 2.7364414 -4.7396679 -2.4383459
v 0.0052250 -0.0166577 -0.0391500
vn 0.0000014 -5.4728937 -2.4383445
v 0.0060000 -0.0164500 -0.0391500
vn -2.7364421 -4.7396669 -2.4383469
v 0.0067750 -0.0166577 -0.0391500
vn -4.7396650 -2.7364473 -2.4383454
v 0.0073423 -0.0172250 -0.0391500
vn -5.4728932 -0.0000001 -2.4383461
v 0.0075500 -0.0180000 -0.0391500
vn -4.7396650 2.7364469 -2.4383464
v 0.0073423 -0.0187750 -0.0391500
vn -2.7364469 4.7396631 -2.4383473
v 0.0067750 -0.0193423 -0.0391500
vn 0.0000004 5.4728928 -2.4383476
v 0.0060000 -0.0195500 -0.0391500
vn 2.7364464 4.7396641 -2.4383476
v 0.0052250 -0.0193423 -0.0391500
vn 4.7396646 2.7364464 -2.4383469
v 0.0046577 -0.0187750 -0.0391500
vn 5.4728928 -0.0000013 -2.4383478
v 0.0200385 -0.0090000 -0.0363500
vn 4.7396641 -2.7364457 -2.4383473
v 0.0202461 -0.0082250 -0.0363500
vn 2.7364469 -4.7396636 -2.4383473
v 0.0208135 -0.0076577 -0.0363500
vn -0.0000018 -5.4728928 -2.4383469
v 0.0215885 -0.0074500 -0.0363500
vn -2.7364490 -4.7396631 -2.4383464
v 0.0223635 -0.0076577 -0.0363500
vn -4.7396646 -2.7364464 -2.4383461
v 0.0229308 -0.0082250 -0.0363500
vn -5.4728928 -0.0000010 -2.4383471
v 0.0231385 -0.0090000 -0.0363500
vn -4.7396641 2.7364469 -2.4383464
v 0.0229308 -0.0097750 -0.0363500
vn -2.7364483 4.7396626 -2.4383466
v 0.0223635 -0.0103423 -0.0363500
vn -0.0000015 5.4728928 -2.4383476
v 0.0215885 -0.0105500 -0.0363500
vn 2.7364464 4.7396641 -2.4383471
v 0.0208135 -0.0103423 -0.0363500
vn 4.7396631 2.7364464 -2.4383478
v 0.0202461 -0.0097750 -0.0363500
vn 5.4728928 0.0000003 -2.4383478
v 0.0200385 0.0090000 -0.0363500
vn 4.7396636 -2.7364461 -2.4383478
v 0.0202461 0.0097750 -0.0363500
vn 2.7364459 -4.7396641 -2.4383473
v 0.0208135 0.0103423 -0.0363500
vn -0.0000018 -5.4728928 -2.4383473
v 0.0215885 0.0105500 -0.0363500
vn -2.7364480 -4.7396636 -2.4383469
v 0.0223635 0.0103423 -0.0363500
vn -4.7396641 -2.7364464 -2.4383464
v 0.0229308 0.0097750 -0.0363500
vn -5.4728928 0.0000006 -2.4383469
v 0.0231385 0.0090000 -0.0363500
vn -4.7396646 2.7364464 -2.4383464
v 0.0229308 0.0082250 -0.0363500
vn -2.7364492 4.7396626 -2.4383469
v 0.0223635 0.0076577 -0.0363500
vn -0.0000015 5.4728928 -2.4383469
v 0.0215885 0.0074500 -0.0363500
vn 2.7364476 4.7396636 -2.4383469
v 0.0208135 0.0076577 -0.0363500
vn 4.7396636 2.7364466 -2.4383473
v 0.0202461 0.0082250 -0.0363500
vn 5.4728932 0.0000001 -2.4383464
v 0.0044500 0.0180000 -0.0363500
vn 4.7396646 -2.7364469 -2.4383466
v 0.0046577 0.0187750 -0.0363500
vn 2.7364469 -4.7396631 -2.4383476
v 0.0052250 0.0193423 -0.0363500
vn -0.0000004 -5.4728928 -2.4383476
v 0.0060000 0.0195500 -0.0363500
vn -2.7364464 -4.7396641 -2.4383476
v 0.0067750 0.0193423 -0.0363500
vn -4.7396641 -2.7364461 -2.4383464
v 0.0073423 0.0187750 -0.0363500
vn -5.4728932 0.0000001 -2.4383461
v 0.0075500 0.0180000 -0.0363500
vn -4.7396650 2.7364478 -2.4383454
v 0.0073423 0.0172250 -0.0363500
vn -2.7364414 4.7396679 -2.4383459
v 0.0067750 0.0166577 -0.0363500
vn -0.0000014 5.4728937 -2.4383445
v 0.0060000 0.0164500 -0.0363500
vn 2.7364421 4.7396669 -2.4383469
v 0.0052250 0.0166577 -0.0363500
vn 4.7396650 2.7364473 -2.4383457
v 0.0046577 0.0172250 -0.0363500
vn -2.1513433 -0.7261100 -5.8519597
v -0.0082690 -0.0059944 -0.0406536
vn -2.7226884 -0.7599157 -5.5927119
v -0.0127532 -0.0059944 -0.0387896
vn -2.7193575 -0.2297909 -5.6291800
v -0.0129255 -0.0012891 -0.0391460
vn 2.6555717 -0.2038034 -5.6674871
v 0.0249853 -0.0012891 -0.0391171
vn 2.7217703 -0.7863151 -5.5903344
v 0.0248124 -0.0059944 -0.0387609
vn 2.1663320 -0.7053262 -5.8485918
v 0.0203310 -0.0059944 -0.0406317
vn 2.7974873 1.5186987 -3.0530043
v 0.0031000 0.0180000 -0.0394948
vn 2.6480026 2.1828890 -3.1446884
v 0.0031976 0.0172541 -0.0398333
vn -0.7611901 2.4384146 -5.7252207
v 0.0015307 0.0171307 -0.0397343
vn 1.8897767 1.9191339 -5.6628103
v 0.0198391 0.0126958 -0.0392370
vn 1.9710153 -2.1862047 -5.5249348
v 0.0195646 -0.0151385 -0.0384588
vn 3.1651599 1.0994153 -3.1269734
v 0.0195415 -0.0110543 -0.0398331
vn 2.6444998 1.6094345 -3.0576224
v 0.0201385 -0.0115115 -0.0394948
vn 1.0907155 -0.1509683 -6.0054207
v 0.0204627 -0.0012891 -0.0410051
vn 2.1778178 0.4186010 -5.8655009
v 0.0204240 0.0034313 -0.0408953
vn 0.7767512 2.4495573 -5.7191486
v 0.0105300 0.0171307 -0.0397274
vn -2.1604991 0.4013098 -5.8731771
v -0.0083615 0.0034313 -0.0409173
vn -2.1833413 -0.3286221 -5.8605671
v -0.0089445 -0.0018870 -0.0408087
vn -1.5782293 -2.1179380 -5.6962118
v -0.0023448 -0.0146448 -0.0401017
vn -1.6551424 -2.2964346 -5.6048265
v -0.0022463 -0.0157794 -0.0396895
vn -1.4920282 -2.1892216 -5.6850600
v -0.0030898 -0.0151385 -0.0397549
vn -2.1781147 -2.5247328 -5.3224664
v -0.0023615 -0.0186041 -0.0384217
vn -1.7694107 -1.8718271 -5.7304201
v -0.0035003 -0.0112539 -0.0409310
vn -1.9343227 -1.9781879 -5.6394019
v -0.0029024 -0.0124704 -0.0407122
vn -1.9080945 -2.0369437 -5.6196299
v -0.0026297 -0.0132833 -0.0405134
vn -3.1643384 1.0808595 -3.1213424
v -0.0075400 -0.0110528 -0.0398341
vn -3.6087317 0.4970845 -3.1547966
v -0.0070770 -0.0104500 -0.0401502
vn -3.8614879 -0.1331849 -3.2035823
v -0.0067624 -0.0096507 -0.0404504
vn -2.6301517 -3.0681226 -3.2050562
v -0.0081385 -0.0064885 -0.0406233
vn -3.1736348 -2.6239047 -3.2386394
v -0.0075412 -0.0069460 -0.0407509
vn -3.6067457 -2.0668674 -3.2269928
v -0.0070770 -0.0075500 -0.0407951
vn -3.7831643 -1.4657624 -3.2539837
v -0.0067861 -0.0082540 -0.0407509
vn -3.8841209 -0.7695509 -3.2105622
v -0.0066885 -0.0090000 -0.0406233
vn -1.3877515 1.8962424 -5.8099365
v -0.0032738 0.0126958 -0.0405594
vn -3.8408189 0.1133795 -3.1966360
v -0.0067897 0.0097595 -0.0404157
vn 2.2581096 2.8381462 -3.1389499
v 0.0034885 0.0165500 -0.0401502
vn 1.8410921 3.3807328 -3.1991315
v 0.0039423 0.0159565 -0.0404154
vn 1.2943788 3.7466466 -3.2253728
v 0.0045500 0.0154885 -0.0406233
vn 0.6284347 3.9916520 -3.2600482
v 0.0052450 0.0152000 -0.0407510
vn -0.0006290 4.1681685 -3.2230306
v 0.0060000 0.0151000 -0.0407951
vn -0.6281484 3.9950924 -3.2589138
v 0.0067550 0.0152000 -0.0407509
vn 3.1750073 -1.0922532 -3.1216674
v 0.0195414 0.0110542 -0.0398332
vn 3.5987551 -0.5397437 -3.1368885
v 0.0190770 0.0104500 -0.0401502
vn 1.3932996 1.8990581 -5.8078070
v 0.0153357 0.0126958 -0.0405452
vn 2.6449456 -1.6791134 -3.0804131
v 0.0201385 0.0115115 -0.0394948
vn 1.2767060 2.4000282 -5.6433029
v 0.0149719 0.0171307 -0.0389653
vn 2.6466918 -3.0775449 -3.1984053
v 0.0201385 -0.0064885 -0.0406233
vn 3.1779842 -2.6273248 -3.2368016
v 0.0195411 -0.0069462 -0.0407510
vn 3.5656035 -2.1024685 -3.2323112
v 0.0190770 -0.0075500 -0.0407951
vn 3.6450915 -1.3462597 -3.3085096
v 0.0187861 -0.0082538 -0.0407510
vn 3.8808205 -0.7519002 -3.2281871
v 0.0186885 -0.0090000 -0.0406233
vn 1.4891988 -2.1764038 -5.6902590
v 0.0151505 -0.0151385 -0.0397410
vn 1.5785141 -2.2107420 -5.6598625
v 0.0142607 -0.0154764 -0.0398057
vn 1.8434317 -2.0932035 -5.6167636
v 0.0145478 -0.0135774 -0.0404332
vn 1.9620171 -1.9950429 -5.6181703
v 0.0146595 -0.0131692 -0.0405442
vn 1.8730628 -1.9090390 -5.6855354
v 0.0154020 -0.0114189 -0.0409079
vn 1.7766163 -1.8727543 -5.7277966
v 0.0154654 -0.0113110 -0.0409233
vn 1.7053868 -2.6685340 -5.4085226
v 0.0143808 -0.0188470 -0.0382989
vn 1.8035233 -2.4904206 -5.4655437
v 0.0143612 -0.0186034 -0.0384220
vn 1.8230994 -2.3768506 -5.5200386
v 0.0142400 -0.0167140 -0.0393064
vn 3.8516078 -0.0856348 -3.2010961
v 0.0187896 -0.0097591 -0.0404158
vn 3.5959656 0.5377594 -3.1372676
v 0.0190770 -0.0104500 -0.0401502
vn 1.9771373 1.9500676 -3.1957650
v 0.0208333 -0.0117999 -0.0391534
vn 1.4439729 2.0984340 -3.1195564
v 0.0215885 -0.0119000 -0.0388283
vn 0.4786058 2.0672593 -3.3526490
v 0.0223316 -0.0118032 -0.0385514
vn 0.0050395 1.8996258 -3.0872974
v 0.0230385 -0.0115115 -0.0383331
vn -0.8322672 1.3578572 -3.5194159
v 0.0236197 -0.0110698 -0.0382002
vn -0.9639900 1.2352545 -3.2792542
v 0.0238807 -0.0107763 -0.0381628
vn -1.4127514 0.7097007 -2.9346199
v 0.0240999 -0.0104500 -0.0381502
vn -1.6141014 0.0348945 -3.3805385
v 0.0243909 -0.0097459 -0.0381974
vn -1.1026736 -0.6692765 -2.5996413
v 0.0244885 -0.0090000 -0.0383331
vn -1.3538468 -1.4953859 -3.0524154
v 0.0243872 -0.0082404 -0.0385520
vn -1.2032779 -2.2210374 -2.9941933
v 0.0240999 -0.0075500 -0.0388283
vn -0.7304937 -2.7837048 -3.0992105
v 0.0236357 -0.0069461 -0.0391533
vn -0.0921561 -3.1095319 -3.0657096
v 0.0230385 -0.0064885 -0.0394948
vn 0.6351276 -2.8643401 -3.1275764
v 0.0223436 -0.0062000 -0.0398333
vn 1.3111753 -2.0014651 -2.9373090
v 0.0215885 -0.0061000 -0.0401502
vn 2.0294366 -3.3131485 -3.1880057
v 0.0208477 -0.0061962 -0.0404154
vn 2.6790190 0.4380487 -5.6472964
v 0.0249345 0.0034313 -0.0390123
vn 2.8644998 1.0799754 -5.4788537
v 0.0246605 0.0081114 -0.0384479
vn -1.5137739 0.9471569 -3.0200055
v 0.0244885 0.0090000 -0.0383331
vn -1.5684911 -0.0643604 -3.5460858
v 0.0243909 0.0097458 -0.0381974
vn -1.5768007 -0.2033345 -3.2808549
v 0.0242691 0.0101064 -0.0381622
vn -1.2026906 -0.8142262 -2.8553491
v 0.0240999 0.0104500 -0.0381502
vn -0.8430705 -1.3631885 -3.3777680
v 0.0236357 0.0110540 -0.0381974
vn -0.1458902 -1.8204880 -2.9483566
v 0.0230385 0.0115115 -0.0383331
vn 0.5467901 -2.1194265 -3.1598577
v 0.0223300 0.0118036 -0.0385520
vn 1.2941526 -2.1518531 -3.0051804
v 0.0215885 0.0119000 -0.0388283
vn 2.0619786 -2.0121624 -3.0890396
v 0.0208331 0.0117999 -0.0391534
vn -2.5656569 0.2171562 -3.1136930
v 0.0085115 0.0194500 -0.0388283
vn -1.9847238 -0.5642658 -3.3171961
v 0.0080579 0.0200433 -0.0385523
vn -2.6722500 0.7176297 -3.2048998
v 0.0088018 0.0187484 -0.0391522
vn -1.2607224 3.7746031 -3.1828942
v 0.0074500 0.0154885 -0.0406233
vn -1.7516350 3.4581561 -3.2033830
v 0.0078598 0.0157749 -0.0404962
vn -2.2451658 2.9040456 -3.1913850
v 0.0085115 0.0165500 -0.0401502
vn -2.6689718 2.2184882 -3.1324389
v 0.0088023 0.0172534 -0.0398336
vn -2.7779443 1.5310519 -3.0453522
v 0.0089000 0.0180000 -0.0394948
vn -1.5707512 -0.7813488 -2.9828212
v 0.0074500 0.0205115 -0.0383331
vn -0.4029444 -0.7834856 -3.4276962
v 0.0067555 0.0207999 -0.0381975
vn -0.1709515 -1.5511960 -3.1345792
v 0.0060000 0.0209000 -0.0381502
vn 0.6128092 -0.8673689 -2.9811664
v 0.0052447 0.0207999 -0.0381974
vn 1.4291301 -0.9031978 -2.8590498
v 0.0045500 0.0205115 -0.0383331
vn 2.0627799 -0.5320304 -3.1260681
v 0.0039428 0.0200440 -0.0385520
vn 2.5084736 0.0576710 -2.9981658
v 0.0034885 0.0194500 -0.0388283
vn 2.7195725 0.7695971 -3.0879312
v 0.0031976 0.0187460 -0.0391534
vn -1.2632444 2.4044211 -5.6438293
v -0.0029124 0.0171307 -0.0389789
vn -3.5722227 -0.5441461 -3.1454005
v -0.0070770 0.0104500 -0.0401502
vn -3.1824908 -1.1583054 -3.1412113
v -0.0075411 0.0110539 -0.0398334
vn -1.8959221 1.9418944 -5.6543121
v -0.0077792 0.0126958 -0.0392581
vn -2.7147286 -1.7045561 -3.0661454
v -0.0081385 0.0115115 -0.0394948
vn -2.0162580 -1.9973886 -3.1979358
v -0.0088348 0.0118004 -0.0391526
vn -1.4514658 -2.1097417 -3.1201849
v -0.0095885 0.0119000 -0.0388283
vn -0.4801942 -2.0680685 -3.3505471
v -0.0103284 0.0118040 -0.0385526
vn -0.0017240 -1.8969344 -3.0909956
v -0.0110385 0.0115115 -0.0383331
vn 0.8419951 -1.3419371 -3.5509884
v -0.0116356 0.0110541 -0.0381974
vn 0.9475029 -1.2534437 -3.2700813
v -0.0118863 0.0107691 -0.0381622
vn 1.3447049 -0.6429274 -2.8786631
v -0.0120999 0.0104500 -0.0381502
vn -2.7366366 0.4046441 -5.6151237
v -0.0128749 0.0034313 -0.0390412
vn -2.9989145 0.9284495 -5.4054203
v -0.0126018 0.0081114 -0.0384763
vn 0.7549379 -2.7445397 -3.2138181
v -0.0116362 -0.0069465 -0.0391530
vn 1.0912780 -2.3498669 -3.1089027
v -0.0120999 -0.0075500 -0.0388283
vn 0.0944703 -3.1152320 -3.0661652
v -0.0110385 -0.0064885 -0.0394948
vn -2.0294170 -3.2996922 -3.1897807
v -0.0088464 -0.0061966 -0.0404158
vn -1.3018858 -1.9627297 -2.9254065
v -0.0095885 -0.0061000 -0.0401502
vn -0.6333547 -2.8824172 -3.1295068
v -0.0103437 -0.0062001 -0.0398333
vn 1.3213019 -1.4049101 -3.2329094
v -0.0123875 -0.0082414 -0.0385516
vn 0.4569493 -0.7823069 -2.0357141
v -0.0124885 -0.0090000 -0.0383331
vn 1.5078897 0.0676574 -3.5144801
v -0.0123914 -0.0097439 -0.0381977
vn 1.5955896 0.2138248 -3.2923193
v -0.0122687 -0.0101074 -0.0381621
vn 1.3120346 0.8903689 -2.9343817
v -0.0120999 -0.0104500 -0.0381502
vn 0.8429857 1.3632262 -3.3776965
v -0.0116354 -0.0110543 -0.0381975
vn 0.1456883 1.8206172 -2.9483912
v -0.0110385 -0.0115115 -0.0383331
vn -0.5136280 2.0790901 -3.1598108
v -0.0103295 -0.0118037 -0.0385522
vn -1.9509515 -2.1694293 -5.5393076
v -0.0075059 -0.0151385 -0.0384795
vn -1.3122348 2.0658605 -2.9658785
v -0.0095885 -0.0119000 -0.0388283
vn -2.6192656 1.5965445 -3.0618093
v -0.0081385 -0.0115115 -0.0394948
vn -2.0241642 1.9501944 -3.0811491
v -0.0088346 -0.0118003 -0.0391527
vn 3.8608053 0.0844127 -3.1987817
v 0.0187897 0.0097597 -0.0404156
vn 3.9350727 0.7824457 -3.2070866
v 0.0186885 0.0090000 -0.0406233
vn 3.8733931 1.4453238 -3.2327795
v 0.0187861 0.0082540 -0.0407509
vn 3.6064382 2.0306337 -3.2325125
v 0.0190770 0.0075500 -0.0407951
vn 2.9976494 2.4857996 -3.3059487
v 0.0195412 0.0069460 -0.0407509
vn 2.5789733 2.9711583 -3.2336192
v 0.0201385 0.0064885 -0.0406233
vn 1.9962056 3.2938268 -3.2023211
v 0.0208464 0.0061965 -0.0404158
vn 1.3428178 3.3802361 -3.1332207
v 0.0215885 0.0061000 -0.0401502
vn 0.6031592 3.3037906 -3.1375856
v 0.0223438 0.0062001 -0.0398333
vn -0.0554669 3.1475992 -3.0222774
v 0.0230391 0.0064889 -0.0394945
vn -0.5885190 2.7793114 -3.1220009
v 0.0234442 0.0067715 -0.0392696
vn -1.0109200 2.2957802 -3.0957026
v 0.0240999 0.0075500 -0.0388283
vn -1.5867594 1.4637028 -3.3657708
v 0.0243869 0.0082393 -0.0385524
vn -1.3294727 3.3951235 -3.1374993
v -0.0095885 0.0061000 -0.0401502
vn -1.9971188 3.2931845 -3.2021806
v -0.0088457 0.0061967 -0.0404160
vn -2.6097565 2.9717679 -3.2393999
v -0.0081385 0.0064885 -0.0406233
vn -3.1765828 2.5204976 -3.2563002
v -0.0074930 0.0069953 -0.0407585
vn -3.6140699 2.0751638 -3.2122097
v -0.0070770 0.0075500 -0.0407951
vn -3.8440273 1.4674089 -3.2366590
v -0.0067861 0.0082537 -0.0407510
vn -3.8974071 0.7528792 -3.2237477
v -0.0066885 0.0090000 -0.0406233
vn 1.5542840 -0.0412944 -3.3516169
v -0.0123908 0.0097461 -0.0381974
vn 1.2258924 0.7510757 -2.6800013
v -0.0124885 0.0090000 -0.0383331
vn 1.5798628 1.4799871 -3.1784322
v -0.0123872 0.0082405 -0.0385520
vn 1.0529408 2.1295807 -2.9282713
v -0.0120999 0.0075500 -0.0388283
vn 0.6548121 2.7216082 -3.0713751
v -0.0116356 0.0069460 -0.0391534
vn 0.0748250 3.1291270 -3.0552814
v -0.0110385 0.0064885 -0.0394948
vn -0.6094041 3.3262804 -3.1328504
v -0.0103444 0.0062003 -0.0398330
vn 6.2431750 -0.2353435 -0.4314054
v 0.0120000 -0.0201246 -0.0408952
vn 4.5799351 -0.5189553 2.7423224
v 0.0120000 -0.0214783 -0.0402484
vn 4.4750981 2.2716284 1.7075245
v 0.0120000 -0.0372160 -0.0274936
vn 4.4919090 2.4443667 1.4892676
v 0.0120000 -0.0394452 -0.0241868
vn 4.5020347 2.0022807 1.9967589
v 0.0120000 -0.0329450 -0.0324893
vn 4.5087090 1.7243762 2.2377102
v 0.0120000 -0.0280093 -0.0368294
vn 3.2192347 -1.4960144 -2.7554898
v 0.0120000 -0.0278239 -0.0397731
vn 4.5727682 0.0968430 2.7865088
v 0.0120000 -0.0219284 -0.0402778
vn 4.6191759 0.7344649 2.6585450
v 0.0120000 -0.0227675 -0.0401618
vn 3.0725865 -0.4410572 -3.1048980
v 0.0120000 -0.0245156 -0.0408752
vn 4.5585842 1.3340132 2.4576764
v 0.0120000 -0.0235458 -0.0398312
vn 3.1809626 -0.8685920 -3.0167346
v 0.0120000 -0.0260301 -0.0405240
vn 3.2086883 -1.0922203 -2.9428453
v 0.0120000 -0.0264218 -0.0403933
vn -2.0952449 3.0769014 -1.2012882
v -0.0020948 -0.0393695 -0.0196317
vn -2.4317782 2.9329419 -0.5649884
v -0.0015698 -0.0391117 -0.0201403
vn -2.7708936 2.9208844 -0.0332196
v -0.0008937 -0.0386372 -0.0210362
vn -3.0481374 2.8701100 0.5873186
v -0.0004062 -0.0380871 -0.0220166
vn -3.2495914 2.8075488 1.2524946
v -0.0001002 -0.0374431 -0.0230948
vn -3.2142880 2.7127156 1.6382414
v -0.0000000 -0.0367472 -0.0241868
vn -3.2254057 2.5250435 1.8645210
v -0.0000000 -0.0361551 -0.0250632
vn -3.2624655 2.3075845 2.1217489
v -0.0000000 -0.0321966 -0.0299789
vn -3.2632604 1.9497957 2.4545836
v -0.0000000 -0.0275755 -0.0342775
vn -3.2965784 1.5784901 2.7053323
v -0.0000000 -0.0223868 -0.0378707
vn -3.0262704 -0.3980961 -3.1093621
v -0.0000000 -0.0244423 -0.0408863
vn -3.1831310 -0.8426169 -3.0240564
v -0.0000000 -0.0259482 -0.0405492
vn -3.2074580 -1.0739689 -2.9496245
v -0.0000000 -0.0263527 -0.0404176
vn -3.2186415 -1.4774642 -2.7652004
v -0.0000000 -0.0277595 -0.0398073
vn 2.6894622 5.0469856 2.4633255
v 0.0089119 -0.0379912 -0.0239625
vn 2.8176408 5.0164309 2.3867257
v 0.0110500 -0.0393984 -0.0234595
vn 4.6509199 2.6290560 0.7098331
v 0.0120933 -0.0401196 -0.0231328
vn 1.2930776 -5.9867907 0.9527778
v 0.0069450 -0.0209922 -0.0372289
vn 1.2552136 -5.7445254 1.9838552
v 0.0069397 -0.0210337 -0.0373855
vn 1.2626574 -5.3621731 2.8125508
v 0.0069314 -0.0211010 -0.0375308
vn 1.2429018 -5.0441513 3.3742301
v 0.0069287 -0.0211227 -0.0375668
vn 4.5594401 -1.4602350 2.2804029
v 0.0120602 -0.0206045 -0.0400288
vn 1.3198305 -4.3156552 4.2492623
v 0.0069135 -0.0212502 -0.0377259
vn 1.3236934 -3.1281486 5.1848516
v 0.0068915 -0.0214450 -0.0378752
vn 1.3577024 -1.6509688 5.8244433
v 0.0068675 -0.0216725 -0.0379688
vn -6.1789961 -0.0194024 0.0066389
v -0.0000000 -0.0201246 -0.0408954
vn 2.8959112 0.2524784 -5.5667443
v 0.0153192 -0.0407669 -0.0188190
vn 4.7838745 2.6537261 -0.3221391
v 0.0122924 -0.0405367 -0.0223364
vn 4.7329435 2.6631911 -0.7609108
v 0.0123512 -0.0406023 -0.0221640
vn 4.7820454 2.5820909 -1.3928972
v 0.0124423 -0.0406811 -0.0219258
vn 4.8116436 2.3359976 -2.2715645
v 0.0127446 -0.0408322 -0.0212919
vn 4.7058449 2.1880851 -2.8177841
v 0.0128842 -0.0408695 -0.0210518
vn 4.5279360 1.3043453 -4.0014100
v 0.0135211 -0.0409237 -0.0201943
vn 4.1345758 1.4132645 -4.3226280
v 0.0137853 -0.0409161 -0.0199164
vn 3.7603178 0.9133984 -4.8973770
v 0.0141184 -0.0408940 -0.0196115
vn 3.3557370 0.5795283 -5.2655420
v 0.0146793 -0.0408392 -0.0191895
vn -0.2798519 -2.6428802 -5.6436982
v 0.0023944 -0.0276412 -0.0400701
vn 0.2791339 -2.6424181 -5.6439810
v 0.0096056 -0.0276412 -0.0400701
vn 0.1216455 -1.3591800 -6.0936685
v 0.0093398 -0.0256037 -0.0407648
vn -0.1307909 -1.3439113 -6.0953312
v 0.0026602 -0.0256037 -0.0407648
vn -0.0000002 -2.6471798 -5.6417389
v 0.0060000 -0.0278754 -0.0400701
vn -0.0000001 -1.3719610 -6.0866613
v 0.0060000 -0.0258206 -0.0407648
vn 1.7331967 4.5450578 -0.5075513
v 0.0111199 -0.0388166 -0.0207034
vn 3.5840838 4.2833252 -2.5806146
v 0.0106648 -0.0391860 -0.0214671
vn 1.7345434 5.2862244 0.7115320
v 0.0091868 -0.0382157 -0.0217926
vn 3.4393990 5.0622854 0.1549893
v 0.0107190 -0.0395013 -0.0224677
vn 3.8201718 3.9916613 -2.8360658
v 0.0127284 -0.0406235 -0.0208390
vn 3.3954942 2.3636265 -4.5819182
v 0.0129048 -0.0399773 -0.0200845
vn 1.3363923 3.2695746 -1.4399543
v 0.0134616 -0.0393695 -0.0196317
vn 1.4325343 3.5258636 -1.2964909
v 0.0132091 -0.0393179 -0.0197347
vn 3.1054111 5.2915874 0.2327095
v 0.0086363 -0.0381568 -0.0229223
vn 1.6677574 5.4500751 1.2385210
v 0.0080942 -0.0377746 -0.0225485
vn 1.6539868 5.4574060 2.1710961
v 0.0073059 -0.0373401 -0.0232609
vn 2.0647042 5.2487717 2.7095938
v 0.0068999 -0.0369688 -0.0238467
vn -1.6687196 -5.5920677 -0.9634353
v 0.0025099 -0.0480000 -0.0163037
vn -1.9268733 -5.5920668 0.0000005
v 0.0026707 -0.0480000 -0.0169037
vn 0.0000000 -6.2831850 0.0000000
v 0.0060000 -0.0480000 -0.0171421
vn 0.0000000 -6.2831860 0.0000000
v -0.0007272 -0.0480000 -0.0171421
vn 2.6279933 -3.6651907 1.5172738
v 0.0138623 -0.0480000 -0.0156679
vn 3.0345445 -3.6651928 0.0000001
v 0.0137250 -0.0480000 -0.0151554
vn 0.0000000 -6.2831850 0.0000000
v 0.0127272 -0.0480000 -0.0153519
vn -2.6267238 -3.6577628 -1.5219450
v -0.0106123 -0.0480000 0.0005125
vn -3.0357785 -3.6577728 0.0046776
v -0.0104750 -0.0480000 0.0000000
vn 3.0830829 -3.3879941 -0.4442177
v -0.0088603 -0.0480000 0.0020425
vn 0.0000001 -3.6651921 3.0345457
v -0.0115000 -0.0480000 -0.0010250
vn 3.0864432 -3.3726583 0.4318835
v -0.0088603 -0.0480000 -0.0020425
vn -2.6279855 -3.6648331 1.5172882
v -0.0106123 -0.0480000 -0.0005125
vn 2.9074390 -3.3210175 1.1517788
v -0.0077582 -0.0480000 -0.0059760
vn -1.5172735 -3.6651869 2.6279931
v -0.0109875 -0.0480000 -0.0008877
vn 2.6868029 -3.2906582 1.6135795
v -0.0069027 -0.0480000 -0.0076498
vn 1.5150932 -3.6605129 -2.6301627
v -0.0120125 -0.0480000 0.0008877
vn -0.0000001 -3.6651919 -3.0345454
v -0.0115000 -0.0480000 0.0010250
vn -1.5172733 -3.6651869 -2.6279931
v -0.0109875 -0.0480000 0.0008877
vn 2.6868029 -3.2906578 -1.6135795
v -0.0069027 -0.0480000 0.0076498
vn 1.5150931 -3.6605132 2.6301630
v -0.0120125 -0.0480000 -0.0008877
vn 2.6301646 -3.6603987 1.5150945
v -0.0123877 -0.0480000 -0.0005125
vn 3.0345433 -3.6651964 -0.0000001
v -0.0125250 -0.0480000 0.0000000
vn 2.6301639 -3.6603990 -1.5150944
v -0.0123877 -0.0480000 0.0005125
vn 2.9112563 -3.3408828 -1.1386480
v -0.0077582 -0.0480000 0.0059760
vn 2.3604946 -3.3520763 -2.0466456
v -0.0056357 -0.0480000 0.0094663
vn 0.0000000 -6.2831850 0.0000000
v -0.0063875 -0.0480000 0.0153519
vn 0.0029752 -3.6604002 -3.0353358
v -0.0027500 -0.0480000 0.0161804
vn 0.0000000 -6.2831855 0.0000000
v -0.0007272 -0.0480000 0.0153519
vn 0.0000000 -6.2831864 0.0000000
v 0.0060000 -0.0480000 0.0153519
vn 0.0000000 -6.2831845 0.0000000
v 0.0127272 -0.0480000 0.0153519
vn -1.9268696 -5.5920696 -0.0000005
v 0.0117293 -0.0480000 0.0169037
vn -1.6687186 -5.5920696 0.9634351
v 0.0115686 -0.0480000 0.0163037
vn 0.9634347 -5.5920691 1.6687196
v 0.0099293 -0.0480000 0.0158645
vn -0.0000006 -5.5920653 1.9268756
v 0.0105293 -0.0480000 0.0157037
vn -0.9634333 -5.5920687 1.6687206
v 0.0111293 -0.0480000 0.0158645
vn 1.6687194 -5.5920687 0.9634350
v 0.0094901 -0.0480000 0.0163037
vn 1.9268699 -5.5920701 -0.0000009
v 0.0093293 -0.0480000 0.0169037
vn 1.6687217 -5.5920677 -0.9634346
v 0.0094901 -0.0480000 0.0175037
vn 0.9634349 -5.5920706 -1.6687170
v 0.0099293 -0.0480000 0.0179429
vn 0.0000006 -5.5920653 -1.9268756
v 0.0105293 -0.0480000 0.0181037
vn -0.9634351 -5.5920691 -1.6687185
v 0.0111293 -0.0480000 0.0179429
vn -1.6687208 -5.5920677 -0.9634353
v 0.0115686 -0.0480000 0.0175037
vn 2.6280031 -3.6648352 1.5172651
v 0.0138623 -0.0480000 0.0146429
vn 3.0345449 -3.6651928 0.0000001
v 0.0137250 -0.0480000 0.0151554
vn 2.6279922 -3.6651902 -1.5172729
v 0.0138623 -0.0480000 0.0156679
vn 1.5202405 -3.6605146 -2.6271908
v 0.0142375 -0.0480000 0.0160431
vn -1.5150932 -3.6605129 2.6301627
v 0.0240125 -0.0480000 -0.0008877
vn 0.0000001 -3.6651921 3.0345454
v 0.0235000 -0.0480000 -0.0010250
vn 1.5172733 -3.6651912 2.6279931
v 0.0229875 -0.0480000 -0.0008877
vn 0.0000000 -6.2831802 0.0000000
v 0.0217375 -0.0480000 -0.0075777
vn -0.0000001 -3.6651921 -3.0345457
v 0.0235000 -0.0480000 0.0010250
vn 0.0000000 -6.2831855 0.0000000
v 0.0183875 -0.0480000 0.0153519
vn -2.6592364 -3.4147711 -1.6171174
v 0.0188163 -0.0480000 0.0077938
vn 0.0000000 -6.2831802 0.0000000
v 0.0217375 -0.0480000 0.0075777
vn 1.5172735 -3.6651909 -2.6279931
v 0.0229875 -0.0480000 0.0008877
vn -1.5150931 -3.6605132 -2.6301630
v 0.0240125 -0.0480000 0.0008877
vn -2.6301646 -3.6603987 -1.5150945
v 0.0243877 -0.0480000 0.0005125
vn -3.0345433 -3.6651964 0.0000001
v 0.0245250 -0.0480000 0.0000000
vn -2.6301639 -3.6603990 1.5150944
v 0.0243877 -0.0480000 -0.0005125
vn 2.6267238 -3.6577630 1.5219450
v 0.0226123 -0.0480000 -0.0005125
vn 3.0357785 -3.6577733 -0.0046776
v 0.0224750 -0.0480000 0.0000000
vn 2.6279855 -3.6648333 -1.5172882
v 0.0226123 -0.0480000 0.0005125
vn -2.6592367 -3.4147739 1.6171174
v 0.0188163 -0.0480000 -0.0077938
vn 0.0000000 -6.2831845 0.0000000
v 0.0183875 -0.0480000 -0.0153519
vn -0.0029752 -3.6604004 3.0353358
v 0.0147500 -0.0480000 -0.0161804
vn 1.5202403 -3.6605141 2.6271908
v 0.0142375 -0.0480000 -0.0160431
vn 0.0000000 -6.2831860 0.0000000
v 0.0127272 -0.0480000 -0.0171421
vn -1.6687222 -5.5920663 0.9634356
v 0.0025099 -0.0480000 -0.0175037
vn -0.9634348 -5.5920701 1.6687176
v 0.0020707 -0.0480000 -0.0179429
vn -2.6279926 -3.6651917 1.5172716
v -0.0018623 -0.0480000 -0.0156679
vn -3.0345454 -3.6651909 -0.0000001
v -0.0017250 -0.0480000 -0.0151554
vn 0.0000000 -6.2831855 0.0000000
v -0.0007272 -0.0480000 -0.0153519
vn -2.6280007 -3.6648359 -1.5172614
v -0.0018623 -0.0480000 -0.0146429
vn 0.0000000 -6.2831860 0.0000000
v -0.0063875 -0.0480000 -0.0153519
vn 2.6271901 -3.6604030 1.5202427
v -0.0036377 -0.0480000 -0.0156679
vn -1.5202405 -3.6605141 2.6271908
v -0.0022375 -0.0480000 -0.0160431
vn 0.0029753 -3.6604004 3.0353360
v -0.0027500 -0.0480000 -0.0161804
vn 1.5172713 -3.6651921 2.6279936
v -0.0032625 -0.0480000 -0.0160431
vn -2.9939504 -3.3878317 -0.8594010
v 0.0204438 -0.0480000 0.0040470
vn -3.1171880 -3.3651116 0.0000000
v 0.0210000 -0.0480000 0.0000000
vn -2.9939504 -3.3878317 0.8594010
v 0.0204438 -0.0480000 -0.0040470
vn -0.0029753 -3.6604002 -3.0353360
v 0.0147500 -0.0480000 0.0161804
vn -1.5172727 -3.6651936 -2.6279922
v 0.0152625 -0.0480000 0.0160431
vn -2.6271913 -3.6604016 -1.5202415
v 0.0156377 -0.0480000 0.0156679
vn -3.0353374 -3.6605113 0.0029726
v 0.0157750 -0.0480000 0.0151554
vn 1.5219415 -3.6577675 2.6267228
v 0.0142375 -0.0480000 0.0142678
vn -1.4496821 -3.3908114 -2.7568369
v 0.0129010 -0.0480000 0.0133183
vn -0.0046773 -3.6577675 3.0357800
v 0.0147500 -0.0480000 0.0141304
vn -2.1243320 -3.4147744 -2.2746038
v 0.0162383 -0.0480000 0.0109625
vn -1.5172751 -3.6651919 2.6279912
v 0.0152625 -0.0480000 0.0142678
vn -2.6279955 -3.6651912 1.5172701
v 0.0156377 -0.0480000 0.0146429
vn -0.6147577 -3.3881531 -3.0535321
v 0.0090518 -0.0480000 0.0146863
vn 0.2123932 -3.4147747 -3.1050763
v 0.0049764 -0.0480000 0.0149650
vn 1.0422564 -3.4147742 -2.9326286
v 0.0009768 -0.0480000 0.0141339
vn -1.5202403 -3.6605144 -2.6271908
v -0.0022375 -0.0480000 0.0160431
vn -2.6279936 -3.6651917 -1.5172725
v -0.0018623 -0.0480000 0.0156679
vn -3.0345452 -3.6651912 -0.0000002
v -0.0017250 -0.0480000 0.0151554
vn -2.6314020 -3.6577659 1.5138392
v -0.0018623 -0.0480000 0.0146429
vn 1.7948203 -3.4147739 -2.5426815
v -0.0026502 -0.0480000 0.0122545
vn -1.5138401 -3.6577663 2.6314013
v -0.0022375 -0.0480000 0.0142678
vn 0.0000128 -3.6648374 3.0345473
v -0.0027500 -0.0480000 0.0141304
vn 1.5172737 -3.6651907 2.6279931
v -0.0032625 -0.0480000 0.0142678
vn 2.6279941 -3.6651921 1.5172713
v -0.0036377 -0.0480000 0.0146429
vn 3.0353374 -3.6605115 0.0029726
v -0.0037750 -0.0480000 0.0151554
vn 2.6271901 -3.6604025 -1.5202429
v -0.0036377 -0.0480000 0.0156679
vn 1.5172712 -3.6651924 -2.6279938
v -0.0032625 -0.0480000 0.0160431
vn 3.0353374 -3.6605117 -0.0029725
v -0.0037750 -0.0480000 -0.0151554
vn 2.3604949 -3.3520772 2.0466456
v -0.0056357 -0.0480000 -0.0094663
vn 2.6279941 -3.6651921 -1.5172716
v -0.0036377 -0.0480000 -0.0146429
vn 1.5172739 -3.6651907 -2.6279929
v -0.0032625 -0.0480000 -0.0142678
vn 1.7948202 -3.4147749 2.5426815
v -0.0026502 -0.0480000 -0.0122545
vn 0.0046776 -3.6577675 -3.0357795
v -0.0027500 -0.0480000 -0.0141304
vn -1.5219413 -3.6577673 -2.6267221
v -0.0022375 -0.0480000 -0.0142678
vn 1.0422564 -3.4147739 2.9326286
v 0.0009768 -0.0480000 -0.0141339
vn 0.2123932 -3.4147747 3.1050763
v 0.0049764 -0.0480000 -0.0149650
vn 0.0000000 -6.2831845 0.0000000
v 0.0060000 -0.0480000 -0.0153519
vn -0.6147576 -3.3881531 3.0535321
v 0.0090518 -0.0480000 -0.0146863
vn -1.4496820 -3.3908114 2.7568364
v 0.0129010 -0.0480000 -0.0133183
vn 2.6314020 -3.6577652 -1.5138410
v 0.0138623 -0.0480000 -0.0146429
vn 1.5138407 -3.6577673 -2.6314015
v 0.0142375 -0.0480000 -0.0142678
vn -2.1243320 -3.4147739 2.2746041
v 0.0162383 -0.0480000 -0.0109625
vn -0.0000129 -3.6648374 -3.0345478
v 0.0147500 -0.0480000 -0.0141304
vn -1.5172752 -3.6651919 -2.6279919
v 0.0152625 -0.0480000 -0.0142678
vn -2.6279955 -3.6651912 -1.5172701
v 0.0156377 -0.0480000 -0.0146429
vn -3.0353374 -3.6605110 -0.0029727
v 0.0157750 -0.0480000 -0.0151554
vn -2.6271915 -3.6604018 1.5202416
v 0.0156377 -0.0480000 -0.0156679
vn -1.5172726 -3.6651936 2.6279926
v 0.0152625 -0.0480000 -0.0160431
vn -0.0000006 -5.5920653 1.9268756
v 0.0014707 -0.0480000 -0.0181037
vn 0.9634353 -5.5920696 1.6687179
v 0.0008707 -0.0480000 -0.0179429
vn 1.6687227 -5.5920663 0.9634364
v 0.0004314 -0.0480000 -0.0175037
vn 1.9268721 -5.5920677 0.0000005
v 0.0002707 -0.0480000 -0.0169037
vn 1.6687208 -5.5920672 -0.9634361
v 0.0004314 -0.0480000 -0.0163037
vn -0.9634346 -5.5920687 -1.6687199
v 0.0020707 -0.0480000 -0.0158645
vn 0.0000005 -5.5920658 -1.9268755
v 0.0014707 -0.0480000 -0.0157037
vn 0.9634333 -5.5920687 -1.6687204
v 0.0008707 -0.0480000 -0.0158645
vn -3.1313231 0.0000000 0.0000000
v 0.0210000 -0.0413642 0.0000000
vn -4.3463693 2.5009186 -2.1846535
v 0.0240999 -0.0104500 -0.0377000
vn -2.3883581 4.3794737 -2.0431972
v 0.0230385 -0.0115115 -0.0377000
vn -5.0085068 -0.0346694 -2.1406610
v 0.0244885 -0.0090000 -0.0377000
vn -4.3106189 -2.5256991 -2.0998299
v 0.0240999 -0.0075500 -0.0377000
vn -2.4775023 -4.3268409 -2.0584579
v 0.0230385 -0.0064885 -0.0377000
vn 0.0087764 -4.9801865 -2.0312643
v 0.0215885 -0.0061000 -0.0377000
vn 2.4918373 -4.3087559 -2.0171509
v 0.0201385 -0.0064885 -0.0377000
vn 4.3098478 -2.4882913 -2.0128679
v 0.0190770 -0.0075500 -0.0377000
vn 4.9774113 -0.0036182 -2.0171652
v 0.0186885 -0.0090000 -0.0377000
vn 4.3173585 2.4824834 -2.0312390
v 0.0190770 -0.0104500 -0.0377000
vn 2.4723785 4.3197184 -2.0339975
v 0.0201385 -0.0115115 -0.0377000
vn 0.0588366 4.9739347 -2.0100639
v 0.0215885 -0.0119000 -0.0377000
vn -4.2781353 2.5379081 -2.0101712
v 0.0240999 0.0075500 -0.0377000
vn -4.9866095 0.1192426 -2.0405853
v 0.0244885 0.0090000 -0.0377000
vn -2.5088432 4.2973266 -2.0290685
v 0.0230385 0.0064885 -0.0377000
vn -4.3394399 -2.5125005 -2.1844049
v 0.0240999 0.0104500 -0.0377000
vn -2.4742393 -4.3548236 -2.1406529
v 0.0230385 0.0115115 -0.0377000
vn 0.0320125 -4.9959521 -2.0998144
v 0.0215885 0.0119000 -0.0377000
vn 2.5083992 -4.3090024 -2.0584712
v 0.0201385 0.0115115 -0.0377000
vn 4.3173566 -2.4824862 -2.0312502
v 0.0190770 0.0104500 -0.0377000
vn 4.9774103 0.0036171 -2.0171597
v 0.0186885 0.0090000 -0.0377000
vn 4.3098474 2.4882915 -2.0128651
v 0.0190770 0.0075500 -0.0377000
vn 2.4918361 4.3087554 -2.0171666
v 0.0201385 0.0064885 -0.0377000
vn 0.0087834 4.9801855 -2.0312417
v 0.0215885 0.0061000 -0.0377000
vn -4.3048391 2.5018077 -2.0220437
v 0.0085115 0.0165500 -0.0377000
vn -2.4889076 4.3092465 -2.0135403
v 0.0074500 0.0154885 -0.0377000
vn -4.9771795 -0.0186778 -2.0339510
v 0.0089000 0.0180000 -0.0377000
vn -4.3369613 -2.4360187 -2.0101659
v 0.0085115 0.0194500 -0.0377000
vn -2.5734911 -4.2659030 -2.0336156
v 0.0074500 0.0205115 -0.0377000
vn 2.5342760 -4.3201609 -2.1406593
v 0.0045500 0.0205115 -0.0377000
vn -0.1261116 -4.9880667 -2.0420706
v 0.0060000 0.0209000 -0.0377000
vn 4.3426290 -2.4702542 -2.0998263
v 0.0034885 0.0194500 -0.0377000
vn 4.9859052 0.0178420 -2.0584605
v 0.0031000 0.0180000 -0.0377000
vn 4.3085804 2.4976959 -2.0312622
v 0.0034885 0.0165500 -0.0377000
vn 2.4855733 4.3123732 -2.0171518
v 0.0045500 0.0154885 -0.0377000
vn -0.0000006 4.9765854 -2.0128675
v 0.0060000 0.0151000 -0.0377000
vn -4.3097086 2.4884293 -2.0131571
v -0.0070770 0.0075500 -0.0377000
vn -2.4921496 4.3084803 -2.0160995
v -0.0081385 0.0064885 -0.0377000
vn -4.9774094 0.0036178 -2.0171592
v -0.0066885 0.0090000 -0.0377000
vn -4.3173575 -2.4824874 -2.0312521
v -0.0070770 0.0104500 -0.0377000
vn -2.4724004 -4.3197093 -2.0339706
v -0.0081385 0.0115115 -0.0377000
vn -0.0588217 -4.9739246 -2.0101914
v -0.0095885 0.0119000 -0.0377000
vn 2.3900061 -4.3781824 -2.0405984
v -0.0110385 0.0115115 -0.0377000
vn 4.3456793 -2.5017390 -2.1844525
v -0.0120999 0.0104500 -0.0377000
vn 5.0085058 0.0346418 -2.1406436
v -0.0124885 0.0090000 -0.0377000
vn 4.3106179 2.5257006 -2.0998163
v -0.0120999 0.0075500 -0.0377000
vn 2.4775119 4.3268366 -2.0584831
v -0.0110385 0.0064885 -0.0377000
vn -0.0087897 4.9801855 -2.0312233
v -0.0095885 0.0061000 -0.0377000
vn -4.9772062 -0.0028016 -2.0171762
v -0.0066885 -0.0090000 -0.0377000
vn -4.3177700 2.4812348 -2.0286031
v -0.0070770 -0.0104500 -0.0377000
vn -4.3098483 -2.4882927 -2.0128644
v -0.0070770 -0.0075500 -0.0377000
vn -2.4918368 -4.3087549 -2.0171669
v -0.0081385 -0.0064885 -0.0377000
vn -0.0087839 -4.9801850 -2.0312421
v -0.0095885 -0.0061000 -0.0377000
vn 2.5047867 -4.3010082 -2.0339818
v -0.0110385 -0.0064885 -0.0377000
vn 4.2781358 -2.5379210 -2.0100875
v -0.0120999 -0.0075500 -0.0377000
vn 4.9866190 -0.1193494 -2.0407987
v -0.0124885 -0.0090000 -0.0377000
vn 4.3394556 2.5124176 -2.1843214
v -0.0120999 -0.0104500 -0.0377000
vn 2.4741831 4.3548541 -2.1406505
v -0.0110385 -0.0115115 -0.0377000
vn -0.0319740 4.9959598 -2.0999253
v -0.0095885 -0.0119000 -0.0377000
vn -2.5084269 4.3089848 -2.0583820
v -0.0081385 -0.0115115 -0.0377000
vn 4.9614201 -0.0000008 -1.9268737
v 0.0031000 -0.0180000 -0.0405000
vn 4.2967167 -2.4807107 -1.9268739
v 0.0034885 -0.0165500 -0.0405000
vn 2.4807103 -4.2967162 -1.9268737
v 0.0045500 -0.0154885 -0.0405000
vn 0.0000005 -4.9614201 -1.9268737
v 0.0060000 -0.0151000 -0.0405000
vn -2.4807110 -4.2967162 -1.9268732
v 0.0074500 -0.0154885 -0.0405000
vn -4.2967172 -2.4807107 -1.9268737
v 0.0085115 -0.0165500 -0.0405000
vn -4.9614205 -0.0000005 -1.9268742
v 0.0089000 -0.0180000 -0.0405000
vn -4.2967167 2.4807091 -1.9268744
v 0.0085115 -0.0194500 -0.0405000
vn -2.4807096 4.2967143 -1.9268740
v 0.0074500 -0.0205115 -0.0405000
vn 0.0000002 4.9614205 -1.9268754
v 0.0060000 -0.0209000 -0.0405000
vn 2.4807091 4.2967148 -1.9268744
v 0.0045500 -0.0205115 -0.0405000
vn 4.2967176 2.4807093 -1.9268746
v 0.0034885 -0.0194500 -0.0405000
vn -5.3837991 -0.8974364 -2.2774999
v 0.0168771 0.0016395 -0.0400000
vn -4.8617673 -2.4741435 -2.2810078
v 0.0159107 0.0047727 -0.0400000
vn -5.4137869 -1.5991123 -2.0303569
v 0.0164616 0.0033992 -0.0400000
vn -3.8901587 -3.8199944 -2.2841265
v 0.0140636 0.0074819 -0.0400000
vn -4.6498756 -3.1490471 -2.0688055
v 0.0148992 0.0064656 -0.0400000
vn -2.5594759 -4.8106470 -2.2868643
v 0.0115000 0.0095263 -0.0400000
vn -3.4578543 -4.3889322 -2.1051266
v 0.0124656 0.0088992 -0.0400000
vn -0.9933625 -5.3548131 -2.2892323
v 0.0084477 0.0107242 -0.0400000
vn -1.9529363 -5.2056980 -2.1392276
v 0.0093992 0.0104616 -0.0400000
vn 0.6628915 -5.4026766 -2.2912471
v 0.0051780 0.0109692 -0.0400000
vn -0.2784400 -5.5266576 -2.1709900
v 0.0060000 0.0110000 -0.0400000
vn 2.2558661 -4.9504504 -2.2929249
v 0.0019812 0.0102396 -0.0400000
vn 1.4077537 -5.3258896 -2.2002614
v 0.0026008 0.0104616 -0.0400000
vn 3.6382103 -4.0406513 -2.2942874
v -0.0008584 0.0086001 -0.0400000
vn 2.9479461 -4.6262236 -2.2268751
v -0.0004656 0.0088992 -0.0400000
vn 4.6823053 -2.7580738 -2.2953556
v -0.0030886 0.0061965 -0.0400000
vn 4.1992373 -3.4967339 -2.2506726
v -0.0028992 0.0064656 -0.0400000
vn 5.2920198 -1.2218796 -2.2961531
v -0.0045113 0.0032423 -0.0400000
vn 5.0466285 -2.0459948 -2.2715352
v -0.0044616 0.0033992 -0.0400000
vn 5.2920198 1.2218796 -2.2961531
v -0.0045113 -0.0032423 -0.0400000
vn 5.4639153 -0.0000001 -2.3574073
v -0.0050000 -0.0000000 -0.0400000
vn 4.6755438 2.7623808 -2.2995963
v -0.0030886 -0.0061965 -0.0400000
vn 5.0453596 2.0370452 -2.2767789
v -0.0044616 -0.0033992 -0.0400000
vn 3.6227760 4.0448356 -2.3027287
v -0.0008584 -0.0086001 -0.0400000
vn 4.2016287 3.4766645 -2.2634585
v -0.0028992 -0.0064656 -0.0400000
vn 2.2319589 4.9495506 -2.3055282
v 0.0019812 -0.0102396 -0.0400000
vn 2.9603474 4.5949097 -2.2499945
v -0.0004656 -0.0088992 -0.0400000
vn 0.6328976 5.3920684 -2.3079727
v 0.0051780 -0.0109692 -0.0400000
vn 1.4371674 5.2860093 -2.2369642
v 0.0026008 -0.0104616 -0.0400000
vn -1.0251219 5.3310537 -2.3100419
v 0.0084477 -0.0107242 -0.0400000
vn -0.2254871 5.4841628 -2.2249267
v 0.0060000 -0.0110000 -0.0400000
vn -2.5872958 4.7721825 -2.3117204
v 0.0115000 -0.0095263 -0.0400000
vn -1.8717735 5.1698427 -2.2143869
v 0.0093992 -0.0104616 -0.0400000
vn -3.9077358 3.7676291 -2.3129921
v 0.0140636 -0.0074819 -0.0400000
vn -3.3471322 4.3717270 -2.2057626
v 0.0124656 -0.0088992 -0.0400000
vn -4.8631229 2.4111960 -2.3138452
v 0.0159107 -0.0047727 -0.0400000
vn -4.5128760 3.1640980 -2.1993754
v 0.0148992 -0.0064656 -0.0400000
vn -5.4257994 -0.0000004 -2.2929864
v 0.0170000 -0.0000000 -0.0400000
vn -5.3642216 0.8295572 -2.3142741
v 0.0168771 -0.0016395 -0.0400000
vn -5.2593246 1.6598761 -2.1954532
v 0.0164616 -0.0033992 -0.0400000
vn -3.1720235 -2.2450664 -4.8440681
v -0.0014605 -0.0187312 -0.0387359
vn -4.7786303 -1.5993726 -3.6066089
v -0.0006798 -0.0189991 -0.0393379
vn -5.8421278 -0.9194605 -1.7590270
v -0.0001738 -0.0193716 -0.0401435
vn -5.6338506 -1.2608678 -2.2485917
v -0.0003515 -0.0181572 -0.0402828
vn -5.2293196 -1.6771051 -2.8777957
v -0.0006135 -0.0169311 -0.0404278
vn -4.4252639 -2.2046518 -3.7851949
v -0.0014102 -0.0145519 -0.0406991
vn -3.7180653 -2.6846263 -4.1677475
v -0.0025848 -0.0123437 -0.0409071
vn -2.7532928 -2.5805838 -4.8386011
v -0.0033332 -0.0113707 -0.0409466
vn -2.8290460 -2.2216561 -5.0951128
v -0.0016185 -0.0167103 -0.0395353
vn -2.4288416 -2.1807411 -5.3314147
v -0.0020038 -0.0145853 -0.0402354
vn -4.1942935 -2.0280809 -4.1112876
v -0.0010534 -0.0167876 -0.0399192
vn -3.5897455 -2.1977096 -4.6020560
v -0.0016852 -0.0145534 -0.0404382
vn -3.2662921 -2.3860836 -4.6501846
v -0.0021365 -0.0134466 -0.0406540
vn -2.6052947 -2.2554953 -5.2108254
v -0.0026838 -0.0123794 -0.0408266
vn 5.0990596 -1.6250483 -3.1646914
v 0.0126099 -0.0169429 -0.0404265
vn 4.4544988 -2.1988654 -3.7422166
v 0.0134066 -0.0145596 -0.0406984
vn 3.5941701 -2.1956780 -4.5995398
v 0.0136818 -0.0145607 -0.0404368
vn 2.4621692 -2.1829214 -5.3189945
v 0.0140009 -0.0145925 -0.0402335
vn 3.2532029 -2.3750396 -4.6570401
v 0.0141256 -0.0134662 -0.0406509
vn 3.1333289 -2.1787305 -4.8842463
v 0.0134604 -0.0187305 -0.0387362
vn 3.7202892 -2.7617438 -4.1042576
v 0.0145736 -0.0123600 -0.0409060
vn 5.6733646 -1.4152989 -2.2151322
v 0.0124513 -0.0170344 -0.0407096
vn 2.7711029 -2.2045774 -5.1237478
v 0.0136158 -0.0167207 -0.0395317
vn 4.2475266 -1.9404298 -4.0800180
v 0.0130499 -0.0167986 -0.0399166
vn 4.7938294 -1.6643403 -3.5187640
v 0.0126797 -0.0189983 -0.0393382
vn 5.7455106 -1.1066589 -2.0831184
v 0.0121738 -0.0193707 -0.0401436
vn 2.4406676 -2.3228881 -5.2338085
v 0.0153299 -0.0113748 -0.0409463
vn 2.6255894 -2.2532072 -5.2035122
v 0.0146732 -0.0123957 -0.0408245
vn 6.0986652 -0.2068342 -0.8567985
v 0.0120480 -0.0195740 -0.0405753
vn 5.8436193 -0.7652965 -1.9167472
v 0.0121627 -0.0196981 -0.0400285
vn 4.8157353 -1.7053685 -3.5111959
v 0.0126717 -0.0192974 -0.0392141
vn 3.1490598 -2.3914227 -4.7873054
v 0.0134642 -0.0189996 -0.0386091
vn -1.5481737 1.2133765 5.5628691
v 0.0051643 -0.0221569 -0.0379674
vn 0.8989908 2.4686739 5.6046000
v 0.0051830 -0.0223038 -0.0379142
vn -3.0829711 -2.5933559 -3.1064498
v -0.0003785 -0.0207899 0.0379820
vn -0.6991275 -2.9698582 -5.2880030
v -0.0004545 -0.0204708 0.0378756
vn -0.6638414 -2.9363520 -5.2928581
v 0.0012238 -0.0209261 0.0378756
vn -0.0548423 -3.3624666 -5.2828946
v 0.0051093 -0.0214520 0.0378792
vn -0.0108008 -2.3090920 -5.7949905
v 0.0051129 -0.0214835 0.0378962
vn -0.1005230 -0.7825359 -6.1823535
v 0.0031482 -0.0217422 0.0380000
vn -0.0324054 -0.8392246 -6.1831422
v 0.0051528 -0.0218798 0.0379994
vn -0.0021388 0.0008038 -6.2822661
v 0.0051556 -0.0219122 0.0380000
vn -0.1557983 -5.4469800 -3.1208048
v 0.0050690 -0.0211040 0.0375360
vn -0.0766174 -5.1737747 -3.5489028
v 0.0050709 -0.0211228 0.0375669
vn -0.3906435 -2.9859650 -5.2937956
v 0.0032085 -0.0212819 0.0378756
vn -0.1416555 -4.4314523 -4.3983636
v 0.0050848 -0.0212357 0.0377111
vn -0.2924783 -6.2127409 -0.8713363
v 0.0050682 -0.0209872 0.0371923
vn -0.2450933 -6.0702457 -1.5594130
v 0.0050483 -0.0210006 0.0372731
vn -0.8020546 -6.1408334 -0.8672734
v 0.0032689 -0.0208217 0.0370715
vn -0.3373519 -6.2677093 0.0127805
v 0.0050532 -0.0209786 0.0370715
vn -0.2470018 -6.2691965 -0.1948592
v 0.0050727 -0.0209798 0.0370943
vn -0.2455433 -6.2655582 -0.3257424
v 0.0050820 -0.0209810 0.0371166
vn -0.2668007 -6.2522573 -0.5299576
v 0.0050833 -0.0209826 0.0371408
vn -2.9236774 -5.2731738 -1.2339391
v -0.0011801 -0.0198637 0.0375308
vn -2.6006889 -5.6331210 -0.7063099
v -0.0014815 -0.0196613 0.0373297
vn -1.8884048 -5.8873177 -0.9553058
v -0.0003149 -0.0200280 0.0370715
vn -2.3098729 -5.8308916 -0.2748975
v -0.0018668 -0.0194708 0.0370768
vn -2.3338466 -5.8258047 -0.1365312
v -0.0018750 -0.0194675 0.0370715
vn -3.2855194 -4.1014647 -2.3215876
v -0.0007568 -0.0202566 0.0378008
vn -3.0059805 -4.6117849 -2.0272865
v -0.0008882 -0.0201178 0.0377204
vn -1.6130604 -5.0559535 -3.0195346
v -0.0003523 -0.0201467 0.0375358
vn -3.0809190 -1.6723616 -3.1719770
v -0.0002657 -0.0210143 0.0380000
vn -0.1710896 -0.7744799 -6.1813178
v 0.0011205 -0.0213787 0.0380000
vn -0.2180574 -5.7771568 -2.4311826
v 0.0050662 -0.0210627 0.0374561
vn -0.6801329 -5.2270994 -3.0814166
v 0.0032527 -0.0209450 0.0375358
vn -1.1568773 -5.1456518 -3.0706167
v 0.0012994 -0.0205948 0.0375358
vn -1.3583002 -6.0414629 -0.8182311
v 0.0013271 -0.0204735 0.0370715
vn -4.3131275 -3.3674703 2.0988259
v -0.0009000 -0.0201061 0.0385839
vn -5.7027559 -1.9679877 1.1798974
v -0.0003288 -0.0208830 0.0391717
vn -5.1227889 -2.6796660 1.6636223
v -0.0007359 -0.0202804 0.0387053
vn -4.5900488 -3.0662329 1.9619648
v -0.0008773 -0.0201286 0.0385993
vn -3.5802636 -3.8401225 2.3326974
v -0.0014747 -0.0196653 0.0382901
vn -2.7992501 -4.0964823 2.5712023
v -0.0017173 -0.0195367 0.0382072
vn -2.4109373 -4.3066449 2.5521221
v -0.0018750 -0.0194673 0.0381631
vn -3.1313748 -0.1788748 3.2557149
v -0.0000000 -0.0222486 0.0410000
vn -3.1291482 -0.0953582 2.9736986
v -0.0000778 -0.0215698 0.0410000
vn -6.2599287 -0.2680783 0.0879132
v -0.0000778 -0.0215698 0.0403571
vn -3.4014752 0.8669249 -3.0592091
v -0.0000000 -0.0222486 0.0379375
vn -2.9565578 -1.0339938 -3.2949615
v -0.0002343 -0.0210863 0.0380000
vn -6.0243015 -1.3327384 0.8133345
v -0.0002093 -0.0211477 0.0394254
vn -3.2715557 -0.1369196 -3.4263067
v -0.0000189 -0.0219122 0.0380000
vn -6.1479454 -0.9787598 0.6176190
v -0.0001420 -0.0213366 0.0396559
vn -6.2252569 -0.6006564 0.3457775
v -0.0000930 -0.0215075 0.0399825
vn -0.0048371 0.0261862 -6.2288814
v 0.0068119 -0.0219130 0.0380000
vn 1.2919830 -0.1086343 -6.0660033
v 0.0068443 -0.0219122 0.0380000
vn 1.2857997 1.3506827 -5.9134517
v 0.0068216 -0.0221608 0.0379664
vn -0.0000267 3.0309687 -5.5037808
v 0.0051838 -0.0223778 0.0378757
vn -0.0001106 3.0136766 -5.5132565
v 0.0051735 -0.0223656 0.0378823
vn -0.0002585 2.9855969 -5.5284948
v 0.0051706 -0.0223562 0.0378875
vn 0.0010327 2.9297516 -5.5581427
v 0.0051713 -0.0223463 0.0378927
vn -0.0339847 0.0530333 -6.2807269
v 0.0051881 -0.0219130 0.0380000
vn -0.0050567 0.6917629 -6.2166734
v 0.0051580 -0.0219447 0.0379994
vn 0.0321985 1.9112694 -5.9520164
v 0.0051946 -0.0222601 0.0379331
vn 1.2761691 2.3768556 -5.5693040
v 0.0068091 -0.0223077 0.0379123
vn 0.2730846 2.5379567 -5.7282724
v 0.0051955 -0.0222941 0.0379186
vn 0.0195179 2.7577932 -5.6433287
v 0.0051815 -0.0223244 0.0379041
vn -3.3292232 -2.7480886 1.8566798
v -0.0000000 -0.0421900 0.0241868
vn -3.3444381 -2.9174426 2.1806362
v -0.0000994 -0.0427812 0.0230990
vn -0.4572836 -5.4695215 3.0331903
v 0.0014787 -0.0428464 0.0233398
vn -3.1521368 -2.9581358 2.6519694
v -0.0004062 -0.0433039 0.0220166
vn -2.9550557 -3.0054858 3.0404649
v -0.0008935 -0.0437143 0.0210366
vn -2.6213315 -3.0683622 3.3185272
v -0.0015698 -0.0440235 0.0201403
vn -2.1325133 -3.1869020 3.3841202
v -0.0023861 -0.0442088 0.0193972
vn -3.3942175 -2.5918782 1.7548504
v -0.0000000 -0.0399353 0.0277520
vn -0.4433271 -5.1620507 3.5254660
v 0.0017620 -0.0401617 0.0277503
vn -3.3464983 -2.4802046 1.9168271
v -0.0000000 -0.0385187 0.0296869
vn -0.4172724 -4.7310753 4.0886230
v 0.0020925 -0.0370297 0.0318518
vn -3.3771601 -2.3424792 2.0781631
v -0.0000000 -0.0367463 0.0318545
vn -0.4527534 -4.2557116 4.5718946
v 0.0024665 -0.0334853 0.0355985
vn -3.3209753 -2.1971116 2.2346053
v -0.0000000 -0.0341351 0.0346380
vn 3.3138571 -1.8451666 2.5311670
v 0.0120000 -0.0291204 0.0389487
vn 0.4331838 -4.2542658 4.5762281
v 0.0095335 -0.0334853 0.0355985
vn 3.3416753 -2.1890304 2.2413685
v 0.0120000 -0.0341351 0.0346380
vn 0.4108983 -4.7434282 4.0756798
v 0.0099075 -0.0370297 0.0318518
vn 3.3891985 -2.3508501 2.0676236
v 0.0120000 -0.0367463 0.0318545
vn 0.4446334 -5.4743896 3.0275607
v 0.0105213 -0.0428464 0.0233398
vn 3.3531258 -2.7903233 1.9100335
v 0.0120000 -0.0421900 0.0241868
vn 0.4520177 -5.1395407 3.5557904
v 0.0102380 -0.0401617 0.0277503
vn 3.3754606 -2.5661516 1.7941453
v 0.0120000 -0.0399353 0.0277520
vn 3.2494483 -2.5115635 1.8833746
v 0.0120000 -0.0385187 0.0296869
vn 2.6232948 -3.0622325 3.3174868
v 0.0135698 -0.0440235 0.0201403
vn 2.1397319 -3.1721191 3.3818240
v 0.0143809 -0.0442081 0.0194012
vn 2.9573197 -3.0019293 3.0375745
v 0.0128911 -0.0437128 0.0210405
vn 3.1745222 -2.9596083 2.6406896
v 0.0124062 -0.0433039 0.0220166
vn 3.3554108 -2.9730353 2.1809983
v 0.0120992 -0.0427805 0.0231005
vn 0.0040962 -5.4721909 3.0483692
v 0.0060000 -0.0430842 0.0233398
vn -0.0000006 -5.1624017 3.5397701
v 0.0060000 -0.0403846 0.0277503
vn 0.0000000 -4.7624168 4.0644293
v 0.0060000 -0.0372353 0.0318518
vn 0.0047503 -4.3051615 4.5476856
v 0.0060000 -0.0336712 0.0355985
vn 0.4136250 -3.6582115 5.0525827
v 0.0098458 -0.0294823 0.0389487
vn -3.3044727 -1.8457425 2.5307686
v -0.0000000 -0.0291204 0.0389487
vn -0.4273249 -3.6596892 5.0494027
v 0.0021542 -0.0294823 0.0389487
vn 0.0051538 -3.6593771 5.0625401
v 0.0060000 -0.0297321 0.0389487
vn -3.0881214 -0.1007334 3.1382885
v -0.0000000 -0.0228910 0.0410000
vn -0.0213387 -0.3370460 6.2649555
v 0.0029391 -0.0234655 0.0410000
vn 1.5172724 2.6279929 3.6651919
v 0.0045500 -0.0205115 0.0410000
vn 2.6279941 1.5172720 3.6651909
v 0.0034885 -0.0194500 0.0410000
vn 0.0000001 3.0345459 3.6651902
v 0.0060000 -0.0209000 0.0410000
vn -0.0000000 -0.3546909 6.2630477
v 0.0060000 -0.0236643 0.0410000
vn -1.5172727 2.6279931 3.6651926
v 0.0074500 -0.0205115 0.0410000
vn 0.0576214 -0.3762161 6.2596855
v 0.0090609 -0.0234655 0.0410000
vn -2.6279938 1.5172720 3.6651917
v 0.0085115 -0.0194500 0.0410000
vn 3.0855625 -0.1055487 3.1379647
v 0.0120000 -0.0228910 0.0410000
vn 2.6279933 -1.5172731 3.6651907
v 0.0034885 -0.0165500 0.0410000
vn -2.7399197 -0.8536742 4.4087281
v -0.0004223 -0.0167793 0.0410000
vn 3.0345452 -0.0000006 3.6651917
v 0.0031000 -0.0180000 0.0410000
vn -3.0000956 -0.4472205 3.9511967
v -0.0000863 -0.0186015 0.0410000
vn -3.0917783 -0.1723652 3.6656711
v -0.0000045 -0.0197772 0.0410000
vn -1.8908163 -1.1900551 5.3496065
v -0.0018239 -0.0133587 0.0410000
vn -2.4047594 -1.1150718 4.8264065
v -0.0011950 -0.0145802 0.0410000
vn -2.3239605 -0.8119824 5.0922914
v -0.0010048 -0.0150216 0.0410000
vn 3.1414604 -0.0203823 3.1545687
v 0.0120000 -0.0201246 0.0410000
vn 3.1224012 -0.1752836 3.4313686
v 0.0120045 -0.0197761 0.0410000
vn -3.0345452 -0.0000004 3.6651917
v 0.0089000 -0.0180000 0.0410000
vn 2.8958168 -0.5023949 4.2498074
v 0.0121796 -0.0179326 0.0410000
vn -2.6279936 -1.5172728 3.6651897
v 0.0085115 -0.0165500 0.0410000
vn 2.9069142 -0.6497346 4.1372948
v 0.0123363 -0.0171345 0.0410000
vn 2.6288214 -0.9465046 4.5757694
v 0.0126066 -0.0161288 0.0410000
vn 2.4392259 -1.0439737 4.8230691
v 0.0131914 -0.0145882 0.0410000
vn 2.3411908 -1.2048378 4.8535728
v 0.0132777 -0.0144007 0.0410000
vn 0.7790420 1.9343386 5.4785695
v 0.0016159 -0.0111705 0.0410000
vn 1.5172727 -2.6279933 3.6651914
v 0.0045500 -0.0154885 0.0410000
vn 0.1774967 2.0801716 5.4764943
v 0.0051032 -0.0119664 0.0410000
vn -0.0000001 -3.0345452 3.6651917
v 0.0060000 -0.0151000 0.0410000
vn -0.4416445 2.0418119 5.4754515
v 0.0086703 -0.0116991 0.0410000
vn -1.5172729 -2.6279931 3.6651909
v 0.0074500 -0.0154885 0.0410000
vn 1.7976133 -1.1705024 5.4363613
v 0.0141785 -0.0127829 0.0410000
vn 1.3374021 -1.2029262 5.7167807
v 0.0152936 -0.0113031 0.0410000
vn -1.5137020 1.4397883 5.4756913
v 0.0147966 -0.0081621 0.0410000
vn -1.4993883 -1.2408336 5.6072702
v -0.0028639 -0.0118241 0.0410000
vn 1.3092737 1.6182742 5.4818978
v -0.0014819 -0.0093820 0.0410000
vn -0.8606904 -0.8469698 6.0413637
v -0.0041035 -0.0104484 0.0410000
vn 1.7212152 1.1612328 5.4866872
v -0.0039149 -0.0067598 0.0410000
vn -1.9086274 -0.9260176 5.4495864
v 0.0168116 0.0052066 0.0410000
vn 0.9194053 0.6901277 6.0647540
v 0.0180189 0.0081730 0.0410000
vn -1.5472441 -1.4491922 5.4507513
v 0.0147966 0.0081621 0.0410000
vn 0.8636733 0.8742406 6.0320406
v 0.0163347 0.0102197 0.0410000
vn -1.0474175 -1.8404224 5.4526162
v 0.0120000 0.0103923 0.0410000
vn 0.8603576 -0.8516754 6.0401363
v 0.0161035 -0.0104484 0.0410000
vn 0.9311348 -0.5861433 6.0833659
v 0.0184774 -0.0074542 0.0410000
vn -1.8700123 0.9292444 5.4766588
v 0.0168116 -0.0052066 0.0410000
vn 1.0154021 -0.4487276 6.0800958
v 0.0192204 -0.0060390 0.0410000
vn -2.0674136 0.3874176 5.4680500
v 0.0178660 -0.0017885 0.0410000
vn 1.4288859 -0.2921563 5.9233508
v 0.0199889 -0.0039447 0.0410000
vn -2.1436713 0.0000004 5.4348593
v 0.0180000 -0.0000000 0.0410000
vn 1.2863688 0.0465946 6.0064268
v 0.0205335 -0.0001626 0.0410000
vn -2.1023560 -0.3547589 5.4430017
v 0.0178660 0.0017885 0.0410000
vn 1.1075668 0.3167798 6.0630507
v 0.0200737 0.0036307 0.0410000
vn 0.9671489 0.5178288 6.0847054
v 0.0186411 0.0071731 0.0410000
vn -0.3322157 1.2169701 6.0181217
v 0.0022120 0.0140322 0.0410000
vn 0.7844031 -1.9518282 5.4641643
v 0.0016159 0.0111705 0.0410000
vn -0.0681388 1.1192487 6.0755978
v 0.0060000 0.0145344 0.0410000
vn 0.1744982 -2.1024325 5.4590769
v 0.0051032 0.0119664 0.0410000
vn 0.0397011 1.1080601 6.0805807
v 0.0060318 0.0145344 0.0410000
vn -0.4553310 -2.0646384 5.4553251
v 0.0086703 0.0116991 0.0410000
vn 0.5909498 1.1002095 6.0228901
v 0.0133141 0.0125600 0.0410000
vn 0.4555150 1.1701589 6.0204992
v 0.0107156 0.0137482 0.0410000
vn 0.3161499 1.1777197 6.0362344
v 0.0097880 0.0140322 0.0410000
vn -1.0228183 1.8219584 5.4752431
v 0.0120000 -0.0103923 0.0410000
vn 1.9788790 0.6050037 5.4931078
v -0.0054669 -0.0035371 0.0410000
vn -1.0115858 -0.4465670 6.0817404
v -0.0072204 -0.0060390 0.0410000
vn -0.9541627 -0.6584941 6.0603485
v -0.0064774 -0.0074542 0.0410000
vn 1.7306014 -1.1634822 5.4795790
v -0.0039149 0.0067598 0.0410000
vn -1.0220951 0.5016609 6.0686455
v -0.0066411 0.0071731 0.0410000
vn 1.9833096 -0.6013923 5.4906106
v -0.0054669 0.0035371 0.0410000
vn -1.1400572 0.3526516 6.0462871
v -0.0080737 0.0036307 0.0410000
vn 2.0604548 0.0000001 5.5012426
v -0.0060000 -0.0000000 0.0410000
vn -1.2643096 0.0357313 6.0161848
v -0.0085335 -0.0001626 0.0410000
vn -1.2485545 -0.3232604 6.0058260
v -0.0079889 -0.0039447 0.0410000
vn -0.4499272 1.1711473 6.0208650
v 0.0013498 0.0137705 0.0410000
vn -0.5884609 1.1002473 6.0233555
v -0.0013141 0.0125600 0.0410000
vn 1.3190368 -1.6283643 5.4708776
v -0.0014819 0.0093820 0.0410000
vn -0.8471166 0.8642259 6.0399427
v -0.0043347 0.0102197 0.0410000
vn -0.9005020 0.6486707 6.0801482
v -0.0060189 0.0081730 0.0410000
vn 0.4286712 -6.2572041 -0.2099816
v 0.0069468 -0.0209786 0.0370715
vn 0.2110250 -3.1273534 -3.0068426
v 0.0069468 -0.0209786 0.0350000
vn 0.7153357 -3.0460949 -2.9977508
v 0.0106729 -0.0204735 0.0350000
vn 2.0871551 -4.4128666 -2.5743752
v 0.0113219 -0.0203145 0.0394971
vn 1.8597307 -4.5386043 -2.5616131
v 0.0095574 -0.0206965 0.0388043
vn 1.5672967 -5.8607512 -0.6997328
v 0.0069880 -0.0209767 0.0372530
vn 1.6653390 -5.4672461 -1.7325522
v 0.0072614 -0.0209621 0.0375851
vn 1.6995674 -4.9635420 -2.3234813
v 0.0079831 -0.0209062 0.0380588
vn 2.4071231 -4.3647490 2.2177625
v 0.0136956 -0.0195391 0.0382121
vn 2.7107928 -4.2252254 2.1820674
v 0.0134862 -0.0196202 0.0382958
vn 3.0217090 -4.2370892 1.9142694
v 0.0130486 -0.0197817 0.0385626
vn 3.4341359 -4.0165553 1.4979484
v 0.0125631 -0.0199481 0.0390694
vn 2.1666098 -4.4153056 -2.5496864
v 0.0120000 -0.0201246 0.0397342
vn 4.7719107 -2.8866639 0.4019918
v 0.0121857 -0.0200683 0.0397963
vn 2.0464826 -4.3373728 2.5267973
v 0.0144070 -0.0192437 0.0380953
vn 1.3760833 -2.8047700 -2.9482813
v 0.0151116 -0.0189203 0.0350000
vn 2.1738527 -3.9844961 2.6789556
v 0.0151116 -0.0189203 0.0380953
vn 1.9464352 -2.4407518 -2.9171932
v 0.0190933 -0.0164185 0.0350000
vn 2.7588081 -3.5244102 2.6089082
v 0.0190933 -0.0164185 0.0380953
vn 2.4217415 -1.9755269 -2.9553726
v 0.0224185 -0.0130933 0.0350000
vn 3.4310946 -2.9130194 2.6579876
v 0.0224185 -0.0130933 0.0380953
vn 2.8316596 -1.3228644 -2.9620214
v 0.0249203 -0.0091116 0.0350000
vn 3.9862983 -2.3721812 2.6184518
v 0.0241052 -0.0106396 0.0380953
vn 3.8811369 -2.5005414 2.5792038
v 0.0237812 -0.0111727 0.0380953
vn 4.0758462 2.2089598 2.6763844
v 0.0245194 0.0099012 0.0380953
vn 4.1756935 1.8123006 2.6689792
v 0.0249203 0.0091116 0.0380953
vn 2.8324258 1.3216003 -2.9624393
v 0.0249203 0.0091116 0.0350000
vn 4.3284163 1.0043184 2.6228306
v 0.0264735 0.0046729 0.0380953
vn 3.0435681 0.6946743 -2.9171932
v 0.0264735 0.0046729 0.0350000
vn 4.4180942 0.0258017 2.6344748
v 0.0270000 -0.0000000 0.0380953
vn 3.1218390 -0.0000000 -2.9171915
v 0.0270000 -0.0000000 0.0350000
vn 4.2755098 -0.9051521 2.6563256
v 0.0264735 -0.0046729 0.0380953
vn 3.0435681 -0.6946743 -2.9171929
v 0.0264735 -0.0046729 0.0350000
vn 4.0220566 -1.7763112 2.7427700
v 0.0249203 -0.0091116 0.0380953
vn 4.0789127 -2.1749449 2.7064836
v 0.0245194 -0.0099012 0.0380953
vn 3.9007120 2.4885802 2.6038620
v 0.0237812 0.0111727 0.0380953
vn 2.4207878 1.9769595 -2.9564724
v 0.0224185 0.0130933 0.0350000
vn 3.4660766 2.9411628 2.6353745
v 0.0224185 0.0130933 0.0380953
vn 1.9464352 2.4407518 -2.9171934
v 0.0190933 0.0164185 0.0350000
vn 2.7531588 3.4620593 2.6337469
v 0.0190933 0.0164185 0.0380953
vn 1.3545150 2.8126798 -2.9171927
v 0.0151116 0.0189203 0.0350000
vn 1.9124856 4.0386791 2.6114745
v 0.0151116 0.0189203 0.0380953
vn 0.6946743 3.0435684 -2.9171937
v 0.0106729 0.0204735 0.0350000
vn 1.0414935 4.3566170 2.6069939
v 0.0106729 0.0204735 0.0380953
vn 0.0000000 3.1218390 -2.9171929
v 0.0060000 0.0210000 0.0350000
vn 0.0000037 4.6157131 2.5385542
v 0.0060000 0.0210000 0.0380953
vn -0.6946743 3.0435684 -2.9171927
v 0.0013271 0.0204735 0.0350000
vn -1.0393685 4.3567729 2.6072457
v 0.0013271 0.0204735 0.0380953
vn -1.3545150 2.8126798 -2.9171929
v -0.0031116 0.0189203 0.0350000
vn -1.9198658 4.0413470 2.6088796
v -0.0031116 0.0189203 0.0380953
vn -1.9464350 2.4407520 -2.9171934
v -0.0070933 0.0164185 0.0350000
vn -2.7519362 3.4619625 2.6341136
v -0.0070933 0.0164185 0.0380953
vn -2.4246144 1.9711546 -2.9523456
v -0.0104185 0.0130933 0.0350000
vn -3.4661727 2.9410119 2.6353486
v -0.0104185 0.0130933 0.0380953
vn -2.8327143 -1.3210630 -2.9634652
v -0.0129203 -0.0091116 0.0350000
vn -4.3638415 -0.9771087 2.6109579
v -0.0144735 -0.0046729 0.0380953
vn -3.0435681 -0.6946743 -2.9171929
v -0.0144735 -0.0046729 0.0350000
vn -4.4704328 0.0112166 2.6113396
v -0.0150000 0.0000000 0.0380953
vn -3.1218390 0.0000000 -2.9171932
v -0.0150000 -0.0000000 0.0350000
vn -4.3646674 1.0074810 2.6069288
v -0.0144735 0.0046729 0.0380953
vn -3.0435681 0.6946743 -2.9171929
v -0.0144735 0.0046729 0.0350000
vn -4.1705418 1.8386178 2.6626537
v -0.0129203 0.0091116 0.0380953
vn -2.8272667 1.3303816 -2.9536879
v -0.0129203 0.0091116 0.0350000
vn -4.0301089 2.2612548 2.6312919
v -0.0124490 0.0100316 0.0380953
vn -3.8942366 2.4660277 2.5367401
v -0.0117812 0.0111727 0.0380953
vn -3.9795656 -2.3615749 2.6554389
v -0.0121052 -0.0106396 0.0380953
vn -4.0834322 -2.1934376 2.6954060
v -0.0124490 -0.0100316 0.0380953
vn -4.0194821 -1.7839539 2.7387097
v -0.0129203 -0.0091116 0.0380953
vn -3.8905761 -2.5085373 2.6091604
v -0.0117812 -0.0111727 0.0380953
vn -2.4207876 -1.9769595 -2.9564724
v -0.0104185 -0.0130933 0.0350000
vn -3.4670203 -2.9349794 2.6372702
v -0.0104185 -0.0130933 0.0380953
vn -1.9464350 -2.4407520 -2.9171934
v -0.0070933 -0.0164185 0.0350000
vn -2.7591739 -3.5256085 2.6082799
v -0.0070933 -0.0164185 0.0380953
vn -1.4010532 -2.7950797 -2.9722104
v -0.0031116 -0.0189203 0.0350000
vn -2.1063874 -3.9440291 2.7119465
v -0.0031116 -0.0189203 0.0380953
vn -0.7150472 -3.0495009 -3.0246277
v 0.0013271 -0.0204735 0.0350000
vn -2.0843930 -4.2372627 2.6584210
v -0.0024154 -0.0192401 0.0380953
vn -0.1777669 -3.1313167 -3.0416942
v 0.0050532 -0.0209786 0.0350000
vn 0.0000000 0.0000000 -6.2831855
v -0.0130692 0.0000000 0.0350000
vn -2.5158806 1.8282450 -3.3904538
v 0.0148992 -0.0064656 0.0350000
vn -2.9579270 0.9612270 -3.3886044
v 0.0164616 -0.0033992 0.0350000
vn 0.0000000 0.0000000 -6.2831860
v 0.0185192 -0.0107750 0.0350000
vn -1.8274480 2.5160747 -3.3935430
v 0.0124656 -0.0088992 0.0350000
vn 0.0000000 0.0000000 -6.2831850
v 0.0122750 -0.0107750 0.0350000
vn -0.9601223 2.9572999 -3.3978808
v 0.0093992 -0.0104616 0.0350000
vn 0.0010512 3.1086807 -3.4034758
v 0.0060000 -0.0110000 0.0350000
vn 1.8279269 2.5125377 -3.4185019
v -0.0004656 -0.0088992 0.0350000
vn 0.0000000 0.0000000 -6.2831860
v -0.0002750 -0.0107750 0.0350000
vn 2.5144374 1.8235947 -3.4279668
v -0.0028992 -0.0064656 0.0350000
vn 0.0000000 0.0000000 -6.2831845
v -0.0065192 -0.0107750 0.0350000
vn 1.8279269 -2.5125377 -3.4185019
v -0.0004656 0.0088992 0.0350000
vn 2.5144374 -1.8235947 -3.4279668
v -0.0028992 0.0064656 0.0350000
vn 0.0000000 0.0000000 -6.2831850
v -0.0065192 0.0107750 0.0350000
vn 2.9540141 -0.9562482 -3.4387577
v -0.0044616 0.0033992 0.0350000
vn 0.0000000 0.0000000 -6.2831836
v -0.0065192 -0.0000000 0.0350000
vn 3.1042535 0.0000000 -3.4460361
v -0.0050000 -0.0000000 0.0350000
vn 2.9540141 0.9562482 -3.4387579
v -0.0044616 -0.0033992 0.0350000
vn 0.0000000 0.0000000 -6.2831860
v -0.0002750 0.0107750 0.0350000
vn 0.9618124 -2.9554014 -3.4103448
v 0.0026008 0.0104616 0.0350000
vn 0.0010512 -3.1086807 -3.4034760
v 0.0060000 0.0110000 0.0350000
vn 0.0000000 0.0000000 -6.2831879
v -0.0002750 0.0137250 0.0350000
vn 0.0000000 0.0000000 -6.2831855
v 0.0122750 0.0107750 0.0350000
vn -0.9601223 -2.9572999 -3.3978808
v 0.0093992 0.0104616 0.0350000
vn 0.0000000 0.0000000 -6.2831845
v 0.0185192 0.0107750 0.0350000
vn -2.5158806 -1.8282450 -3.3904541
v 0.0148992 0.0064656 0.0350000
vn -1.8274480 -2.5160747 -3.3935430
v 0.0124656 0.0088992 0.0350000
vn 0.0000000 0.0000000 -6.2831841
v 0.0185192 -0.0000000 0.0350000
vn -3.1102533 0.0000000 -3.3879867
v 0.0170000 -0.0000000 0.0350000
vn -2.9579270 -0.9612270 -3.3886042
v 0.0164616 0.0033992 0.0350000
vn 3.0345454 0.0000000 -3.6651919
v 0.0044500 -0.0180000 0.0350000
vn 2.6279936 1.5172729 -3.6651912
v 0.0046577 -0.0187750 0.0350000
vn 0.0000000 -3.0345473 -3.6651869
v 0.0060000 -0.0164500 0.0350000
vn 1.5172696 -2.6279945 -3.6651936
v 0.0052250 -0.0166577 0.0350000
vn 0.0000000 0.0000000 -6.2831869
v -0.0002750 -0.0137250 0.0350000
vn 2.6279936 -1.5172729 -3.6651914
v 0.0046577 -0.0172250 0.0350000
vn 1.5172729 2.6279936 -3.6651914
v 0.0052250 -0.0193423 0.0350000
vn -0.0000000 3.0345454 -3.6651917
v 0.0060000 -0.0195500 0.0350000
vn -1.5172729 2.6279936 -3.6651914
v 0.0067750 -0.0193423 0.0350000
vn -2.6279936 1.5172729 -3.6651914
v 0.0073423 -0.0187750 0.0350000
vn -3.0345454 -0.0000000 -3.6651919
v 0.0075500 -0.0180000 0.0350000
vn -2.6279936 -1.5172729 -3.6651912
v 0.0073423 -0.0172250 0.0350000
vn 0.0000000 0.0000000 -6.2831874
v 0.0122750 -0.0137250 0.0350000
vn -1.5172696 -2.6279945 -3.6651936
v 0.0067750 -0.0166577 0.0350000
vn 0.0000000 0.0000000 -6.2831855
v 0.0185192 -0.0137250 0.0350000
vn 1.5172729 2.6279936 -3.6651912
v 0.0208135 -0.0103423 0.0350000
vn 2.6279936 1.5172729 -3.6651914
v 0.0202461 -0.0097750 0.0350000
vn 3.0345454 -0.0000004 -3.6651917
v 0.0200385 -0.0090000 0.0350000
vn -0.0000009 3.0345454 -3.6651921
v 0.0215885 -0.0105500 0.0350000
vn -1.5172738 2.6279931 -3.6651907
v 0.0223635 -0.0103423 0.0350000
vn 2.6279938 -1.5172727 -3.6651907
v 0.0202461 -0.0082250 0.0350000
vn 1.5172734 -2.6279931 -3.6651919
v 0.0208135 -0.0076577 0.0350000
vn -2.6279936 1.5172729 -3.6651914
v 0.0229308 -0.0097750 0.0350000
vn -3.0345454 -0.0000004 -3.6651919
v 0.0231385 -0.0090000 0.0350000
vn -2.6279938 -1.5172729 -3.6651907
v 0.0229308 -0.0082250 0.0350000
vn -1.5172741 -2.6279929 -3.6651912
v 0.0223635 -0.0076577 0.0350000
vn -0.0000009 -3.0345452 -3.6651921
v 0.0215885 -0.0074500 0.0350000
vn 1.5172733 2.6279929 -3.6651919
v 0.0208135 0.0076577 0.0350000
vn -0.0000009 3.0345454 -3.6651921
v 0.0215885 0.0074500 0.0350000
vn -1.5172743 2.6279926 -3.6651912
v 0.0223635 0.0076577 0.0350000
vn -2.6279938 1.5172727 -3.6651907
v 0.0229308 0.0082250 0.0350000
vn -0.0000009 -3.0345452 -3.6651921
v 0.0215885 0.0105500 0.0350000
vn 1.5172729 -2.6279936 -3.6651912
v 0.0208135 0.0103423 0.0350000
vn 2.6279936 -1.5172729 -3.6651914
v 0.0202461 0.0097750 0.0350000
vn 3.0345457 0.0000004 -3.6651917
v 0.0200385 0.0090000 0.0350000
vn 2.6279938 1.5172729 -3.6651905
v 0.0202461 0.0082250 0.0350000
vn -3.0345454 0.0000004 -3.6651919
v 0.0231385 0.0090000 0.0350000
vn -2.6279936 -1.5172729 -3.6651912
v 0.0229308 0.0097750 0.0350000
vn -1.5172739 -2.6279936 -3.6651907
v 0.0223635 0.0103423 0.0350000
vn 0.0000000 0.0000000 -6.2831850
v 0.0185192 0.0137250 0.0350000
vn 0.0000000 0.0000000 -6.2831864
v 0.0122750 0.0137250 0.0350000
vn 2.6279936 1.5172729 -3.6651912
v 0.0046577 0.0172250 0.0350000
vn 1.5172695 2.6279945 -3.6651936
v 0.0052250 0.0166577 0.0350000
vn 3.0345457 0.0000000 -3.6651919
v 0.0044500 0.0180000 0.0350000
vn -1.5172729 -2.6279936 -3.6651914
v 0.0067750 0.0193423 0.0350000
vn 0.0000000 -3.0345454 -3.6651917
v 0.0060000 0.0195500 0.0350000
vn 1.5172729 -2.6279936 -3.6651914
v 0.0052250 0.0193423 0.0350000
vn 2.6279936 -1.5172729 -3.6651914
v 0.0046577 0.0187750 0.0350000
vn 0.0000000 3.0345473 -3.6651871
v 0.0060000 0.0164500 0.0350000
vn -1.5172695 2.6279943 -3.6651936
v 0.0067750 0.0166577 0.0350000
vn -2.6279936 1.5172729 -3.6651914
v 0.0073423 0.0172250 0.0350000
vn -3.0345454 0.0000000 -3.6651917
v 0.0075500 0.0180000 0.0350000
vn -2.6279936 -1.5172729 -3.6651912
v 0.0073423 0.0187750 0.0350000
vn 0.0000000 0.0000000 -6.2831855
v -0.0065192 0.0137250 0.0350000
vn 0.0000004 3.0345454 -3.6651921
v -0.0095885 0.0074500 0.0350000
vn 1.5172737 2.6279929 -3.6651912
v -0.0103635 0.0076577 0.0350000
vn 2.6279938 1.5172729 -3.6651905
v -0.0109308 0.0082250 0.0350000
vn 3.0345457 0.0000004 -3.6651919
v -0.0111385 0.0090000 0.0350000
vn 2.6279936 -1.5172729 -3.6651914
v -0.0109308 0.0097750 0.0350000
vn 1.5172734 -2.6279933 -3.6651912
v -0.0103635 0.0103423 0.0350000
vn 0.0000004 -3.0345454 -3.6651921
v -0.0095885 0.0105500 0.0350000
vn -2.6279936 -1.5172729 -3.6651914
v -0.0082461 0.0097750 0.0350000
vn -1.5172729 -2.6279936 -3.6651914
v -0.0088135 0.0103423 0.0350000
vn -1.5172734 2.6279931 -3.6651919
v -0.0088135 0.0076577 0.0350000
vn -2.6279938 1.5172727 -3.6651907
v -0.0082461 0.0082250 0.0350000
vn -3.0345454 0.0000004 -3.6651917
v -0.0080385 0.0090000 0.0350000
vn 1.5172734 2.6279936 -3.6651912
v -0.0103635 -0.0103423 0.0350000
vn 2.6279936 1.5172729 -3.6651912
v -0.0109308 -0.0097750 0.0350000
vn 3.0345454 -0.0000004 -3.6651919
v -0.0111385 -0.0090000 0.0350000
vn 2.6279938 -1.5172727 -3.6651905
v -0.0109308 -0.0082250 0.0350000
vn 1.5172739 -2.6279929 -3.6651917
v -0.0103635 -0.0076577 0.0350000
vn 0.0000004 -3.0345454 -3.6651921
v -0.0095885 -0.0074500 0.0350000
vn -1.5172733 -2.6279929 -3.6651919
v -0.0088135 -0.0076577 0.0350000
vn 0.0000004 3.0345454 -3.6651917
v -0.0095885 -0.0105500 0.0350000
vn -1.5172729 2.6279936 -3.6651912
v -0.0088135 -0.0103423 0.0350000
vn -2.6279936 1.5172729 -3.6651914
v -0.0082461 -0.0097750 0.0350000
vn -3.0345454 -0.0000004 -3.6651917
v -0.0080385 -0.0090000 0.0350000
vn -2.6279938 -1.5172729 -3.6651905
v -0.0082461 -0.0082250 0.0350000
vn 0.0000000 0.0000000 -6.2831855
v -0.0065192 -0.0137250 0.0350000
vn 0.9618124 2.9554014 -3.4103451
v 0.0026008 -0.0104616 0.0350000
vn 5.4728928 0.0000006 2.4383469
v -0.0111385 0.0090000 0.0363500
vn 4.7396646 2.7364466 2.4383461
v -0.0109308 0.0082250 0.0363500
vn 2.7364485 4.7396631 2.4383469
v -0.0103635 0.0076577 0.0363500
vn 0.0000007 5.4728928 2.4383469
v -0.0095885 0.0074500 0.0363500
vn -2.7364476 4.7396636 2.4383469
v -0.0088135 0.0076577 0.0363500
vn -4.7396641 2.7364464 2.4383466
v -0.0082461 0.0082250 0.0363500
vn -5.4728928 0.0000007 2.4383476
v -0.0080385 0.0090000 0.0363500
vn -4.7396641 -2.7364464 2.4383471
v -0.0082461 0.0097750 0.0363500
vn -2.7364464 -4.7396641 2.4383469
v -0.0088135 0.0103423 0.0363500
vn 0.0000010 -5.4728928 2.4383473
v -0.0095885 0.0105500 0.0363500
vn 2.7364471 -4.7396636 2.4383469
v -0.0103635 0.0103423 0.0363500
vn 4.7396641 -2.7364464 2.4383464
v -0.0109308 0.0097750 0.0363500
vn 5.4728928 -0.0000010 2.4383471
v -0.0111385 -0.0090000 0.0363500
vn 4.7396641 2.7364471 2.4383464
v -0.0109308 -0.0097750 0.0363500
vn 2.7364473 4.7396631 2.4383469
v -0.0103635 -0.0103423 0.0363500
vn 0.0000007 5.4728928 2.4383476
v -0.0095885 -0.0105500 0.0363500
vn -2.7364464 4.7396641 2.4383471
v -0.0088135 -0.0103423 0.0363500
vn -4.7396641 2.7364464 2.4383469
v -0.0082461 -0.0097750 0.0363500
vn -5.4728928 -0.0000010 2.4383473
v -0.0080385 -0.0090000 0.0363500
vn -4.7396641 -2.7364459 2.4383469
v -0.0082461 -0.0082250 0.0363500
vn -2.7364476 -4.7396641 2.4383471
v -0.0088135 -0.0076577 0.0363500
vn 0.0000010 -5.4728932 2.4383469
v -0.0095885 -0.0074500 0.0363500
vn 2.7364483 -4.7396636 2.4383469
v -0.0103635 -0.0076577 0.0363500
vn 4.7396646 -2.7364464 2.4383461
v -0.0109308 -0.0082250 0.0363500
vn 5.4728932 -0.0000001 2.4383464
v 0.0044500 -0.0180000 0.0391500
vn 4.7396646 2.7364469 2.4383466
v 0.0046577 -0.0187750 0.0391500
vn 2.7364466 4.7396631 2.4383476
v 0.0052250 -0.0193423 0.0391500
vn -0.0000004 5.4728928 2.4383476
v 0.0060000 -0.0195500 0.0391500
vn -2.7364464 4.7396641 2.4383476
v 0.0067750 -0.0193423 0.0391500
vn -4.7396641 2.7364461 2.4383464
v 0.0073423 -0.0187750 0.0391500
vn -5.4728932 -0.0000001 2.4383461
v 0.0075500 -0.0180000 0.0391500
vn -4.7396650 -2.7364478 2.4383454
v 0.0073423 -0.0172250 0.0391500
vn -2.7364416 -4.7396684 2.4383459
v 0.0067750 -0.0166577 0.0391500
vn -0.0000014 -5.4728937 2.4383445
v 0.0060000 -0.0164500 0.0391500
vn 2.7364421 -4.7396669 2.4383469
v 0.0052250 -0.0166577 0.0391500
vn 4.7396650 -2.7364473 2.4383457
v 0.0046577 -0.0172250 0.0391500
vn 5.4728928 -0.0000003 2.4383478
v 0.0200385 -0.0090000 0.0363500
vn 4.7396636 2.7364461 2.4383478
v 0.0202461 -0.0097750 0.0363500
vn 2.7364459 4.7396641 2.4383473
v 0.0208135 -0.0103423 0.0363500
vn -0.0000018 5.4728928 2.4383473
v 0.0215885 -0.0105500 0.0363500
vn -2.7364480 4.7396636 2.4383469
v 0.0223635 -0.0103423 0.0363500
vn -4.7396641 2.7364464 2.4383464
v 0.0229308 -0.0097750 0.0363500
vn -5.4728928 -0.0000006 2.4383469
v 0.0231385 -0.0090000 0.0363500
vn -4.7396646 -2.7364464 2.4383464
v 0.0229308 -0.0082250 0.0363500
vn -2.7364492 -4.7396626 2.4383469
v 0.0223635 -0.0076577 0.0363500
vn -0.0000015 -5.4728928 2.4383469
v 0.0215885 -0.0074500 0.0363500
vn 2.7364476 -4.7396636 2.4383469
v 0.0208135 -0.0076577 0.0363500
vn 4.7396636 -2.7364466 2.4383473
v 0.0202461 -0.0082250 0.0363500
vn 5.4728928 0.0000013 2.4383478
v 0.0200385 0.0090000 0.0363500
vn 4.7396641 2.7364457 2.4383473
v 0.0202461 0.0082250 0.0363500
vn 2.7364469 4.7396636 2.4383473
v 0.0208135 0.0076577 0.0363500
vn -0.0000018 5.4728928 2.4383469
v 0.0215885 0.0074500 0.0363500
vn -2.7364490 4.7396631 2.4383464
v 0.0223635 0.0076577 0.0363500
vn -4.7396646 2.7364464 2.4383461
v 0.0229308 0.0082250 0.0363500
vn -5.4728928 0.0000010 2.4383471
v 0.0231385 0.0090000 0.0363500
vn -4.7396641 -2.7364469 2.4383464
v 0.0229308 0.0097750 0.0363500
vn -2.7364483 -4.7396626 2.4383466
v 0.0223635 0.0103423 0.0363500
vn -0.0000015 -5.4728928 2.4383476
v 0.0215885 0.0105500 0.0363500
vn 2.7364464 -4.7396641 2.4383471
v 0.0208135 0.0103423 0.0363500
vn 4.7396631 -2.7364464 2.4383478
v 0.0202461 0.0097750 0.0363500
vn 5.4728932 0.0000001 2.4383464
v 0.0044500 0.0180000 0.0363500
vn 4.7396646 2.7364476 2.4383454
v 0.0046577 0.0172250 0.0363500
vn 2.7364414 4.7396679 2.4383459
v 0.0052250 0.0166577 0.0363500
vn 0.0000014 5.4728937 2.4383445
v 0.0060000 0.0164500 0.0363500
vn -2.7364421 4.7396669 2.4383469
v 0.0067750 0.0166577 0.0363500
vn -4.7396650 2.7364473 2.4383454
v 0.0073423 0.0172250 0.0363500
vn -5.4728937 0.0000001 2.4383461
v 0.0075500 0.0180000 0.0363500
vn -4.7396650 -2.7364469 2.4383464
v 0.0073423 0.0187750 0.0363500
vn -2.7364469 -4.7396631 2.4383473
v 0.0067750 0.0193423 0.0363500
vn 0.0000004 -5.4728928 2.4383476
v 0.0060000 0.0195500 0.0363500
vn 2.7364464 -4.7396641 2.4383476
v 0.0052250 0.0193423 0.0363500
vn 4.7396646 -2.7364464 2.4383469
v 0.0046577 0.0187750 0.0363500
vn 1.9962056 3.2938271 3.2023211
v 0.0208464 0.0061965 0.0404158
vn 2.5960732 2.9863591 3.2265406
v 0.0201385 0.0064885 0.0406233
vn 2.1905870 0.3979154 5.8620110
v 0.0204240 0.0034313 0.0408953
vn -2.7964191 1.5182276 3.0535355
v 0.0089000 0.0180000 0.0394948
vn -2.6454654 2.1826673 3.1446526
v 0.0088023 0.0172534 0.0398336
vn 0.7677356 2.4393771 5.7236695
v 0.0105300 0.0171307 0.0397274
vn -1.8794366 1.9140502 5.6674323
v -0.0077792 0.0126958 0.0392581
vn -2.0294173 -3.2996922 3.1897807
v -0.0088464 -0.0061966 0.0404158
vn -2.6476274 -3.0796037 3.1975632
v -0.0081385 -0.0064885 0.0406233
vn -2.1450429 -0.7319534 5.8544474
v -0.0082690 -0.0059944 0.0406536
vn -2.1575127 0.4120130 5.8729010
v -0.0083615 0.0034313 0.0409173
vn -0.7717204 2.4497585 5.7199502
v 0.0015307 0.0171307 0.0397343
vn 1.3939749 1.8970494 5.8082166
v 0.0153357 0.0126958 0.0405452
vn 1.7038140 -2.6677101 5.4095669
v 0.0143808 -0.0188470 0.0382989
vn 1.7671523 -2.5049667 5.4698172
v 0.0143612 -0.0186034 0.0384220
vn 1.4777834 -2.1634347 5.6991100
v 0.0151505 -0.0151385 0.0397410
vn 1.5785142 -2.2107420 5.6598625
v 0.0142607 -0.0154764 0.0398057
vn 1.7589998 -2.3875885 5.5354409
v 0.0142400 -0.0167140 0.0393064
vn 1.7770889 -1.8725421 5.7277246
v 0.0154654 -0.0113110 0.0409233
vn 1.8493854 -1.9221251 5.6888132
v 0.0154020 -0.0114189 0.0409079
vn 1.9622607 -1.9941334 5.6184125
v 0.0146595 -0.0131692 0.0405442
vn 1.8938588 -2.0612268 5.6085229
v 0.0145478 -0.0135774 0.0404332
vn 3.1644914 1.0831612 3.1215951
v 0.0195415 -0.0110543 0.0398331
vn 3.5940394 0.5352953 3.1370676
v 0.0190770 -0.0104500 0.0401502
vn 3.8516078 -0.0856348 3.2010958
v 0.0187896 -0.0097591 0.0404158
vn 2.1622484 -0.7088350 5.8494391
v 0.0203310 -0.0059944 0.0406317
vn 1.0907154 -0.1509681 6.0054207
v 0.0204627 -0.0012891 0.0410051
vn 2.7104006 -0.2257264 5.6319246
v 0.0249853 -0.0012891 0.0391171
vn 2.7365956 0.3937735 5.6146903
v 0.0249345 0.0034313 0.0390123
vn 3.1517551 2.5413828 3.2570944
v 0.0195412 0.0069460 0.0407509
vn 3.6038013 2.0873849 3.2243042
v 0.0190770 0.0075500 0.0407951
vn 3.8440485 1.4673111 3.2366579
v 0.0187861 0.0082540 0.0407509
vn 3.8974185 0.7527751 3.2237444
v 0.0186885 0.0090000 0.0406233
vn 3.8414934 0.1123920 3.1966755
v 0.0187897 0.0097597 0.0404156
vn -2.1956520 2.9207327 3.1793902
v 0.0085115 0.0165500 0.0401502
vn -1.7679125 3.4602857 3.2039557
v 0.0078598 0.0157749 0.0404962
vn -1.2627037 3.7675796 3.1853063
v 0.0074500 0.0154885 0.0406233
vn -0.6085968 3.9703898 3.2659326
v 0.0067550 0.0152000 0.0407509
vn -0.0506630 4.1344123 3.2338638
v 0.0060000 0.0151000 0.0407951
vn 0.6600564 3.8487642 3.3035576
v 0.0052450 0.0152000 0.0407510
vn -3.1730137 -1.0896187 3.1214550
v -0.0075411 0.0110539 0.0398334
vn -3.5977063 -0.5380536 3.1367147
v -0.0070770 0.0104500 0.0401502
vn -1.3871198 1.8982255 5.8095217
v -0.0032738 0.0126958 0.0405594
vn -2.6456506 -1.6806355 3.0809340
v -0.0081385 0.0115115 0.0394948
vn -1.2667224 2.4011347 5.6448035
v -0.0029124 0.0171307 0.0389789
vn -2.1687412 -0.3123390 5.8685608
v -0.0089445 -0.0018870 0.0408087
vn -3.1779113 -2.6274099 3.2367973
v -0.0075412 -0.0069460 0.0407509
vn -3.5655768 -2.1024692 3.2323856
v -0.0070770 -0.0075500 0.0407951
vn -3.6451604 -1.3462242 3.3084929
v -0.0067861 -0.0082540 0.0407509
vn -3.8841209 -0.7695510 3.2105620
v -0.0066885 -0.0090000 0.0406233
vn -3.8614879 -0.1331849 3.2035823
v -0.0067624 -0.0096507 0.0404504
vn -3.6107736 0.4996815 3.1550040
v -0.0070770 -0.0104500 0.0401502
vn -1.7711413 -1.8692772 5.7306943
v -0.0035003 -0.0112539 0.0409310
vn -3.1651545 1.0989807 3.1273172
v -0.0075400 -0.0110528 0.0398341
vn -1.5985591 -2.1474419 5.6782374
v -0.0023448 -0.0146448 0.0401017
vn -1.9329973 -2.0376980 5.6094503
v -0.0026297 -0.0132833 0.0405134
vn -1.4784132 -2.1810451 5.6925597
v -0.0030898 -0.0151385 0.0397549
vn -1.9552207 -1.9697453 5.6346841
v -0.0029024 -0.0124704 0.0407122
vn -2.1813419 -2.5282073 5.3196507
v -0.0023615 -0.0186041 0.0384217
vn -1.6655115 -2.2983613 5.6006556
v -0.0022463 -0.0157794 0.0396895
vn -1.9766967 1.9494210 3.1957734
v -0.0088346 -0.0118003 0.0391527
vn -1.4435108 2.0977659 3.1191816
v -0.0095885 -0.0119000 0.0388283
vn -1.9797032 -2.1548195 5.5376420
v -0.0075059 -0.0151385 0.0384795
vn -2.6463583 1.6100180 3.0580802
v -0.0081385 -0.0115115 0.0394948
vn -0.4796268 2.0677857 3.3512955
v -0.0103295 -0.0118037 0.0385522
vn -0.0016462 1.8969307 3.0909524
v -0.0110385 -0.0115115 0.0383331
vn 0.8713093 1.1713846 3.8322513
v -0.0116354 -0.0110543 0.0381975
vn 1.2013874 1.0233315 3.0634058
v -0.0120999 -0.0104500 0.0381502
vn 1.5861835 0.3206396 3.1494575
v -0.0122687 -0.0101074 0.0381621
vn 1.5649813 0.0120635 3.3428655
v -0.0123914 -0.0097439 0.0381977
vn 0.4917190 -0.5986091 1.9117444
v -0.0124885 -0.0090000 0.0383331
vn -2.7220433 -0.7927443 5.5907393
v -0.0127532 -0.0059944 0.0387896
vn 1.3325305 -1.4893202 3.0405893
v -0.0123875 -0.0082414 0.0385516
vn 1.2011591 -2.2203419 2.9931264
v -0.0120999 -0.0075500 0.0388283
vn 0.7318822 -2.7859862 3.0993741
v -0.0116362 -0.0069465 0.0391530
vn 0.0944703 -3.1152320 3.0661652
v -0.0110385 -0.0064885 0.0394948
vn -0.6333545 -2.8824172 3.1295068
v -0.0103437 -0.0062001 0.0398333
vn -1.3018858 -1.9627297 2.9254065
v -0.0095885 -0.0061000 0.0401502
vn -2.8475976 1.0786629 5.4887547
v -0.0126018 0.0081114 0.0384763
vn -2.6722834 0.4386170 5.6504755
v -0.0128749 0.0034313 0.0390412
vn -2.6678796 -0.1908872 5.6637564
v -0.0129255 -0.0012891 0.0391460
vn 1.1911485 0.9345374 2.8038085
v -0.0124885 0.0090000 0.0383331
vn 1.3763649 -0.1812381 3.7987666
v -0.0123908 0.0097461 0.0381974
vn 1.4015485 -0.4783074 3.0056629
v -0.0120999 0.0104500 0.0381502
vn 0.1453318 -1.8207273 2.9486184
v -0.0110385 0.0115115 0.0383331
vn 0.8292564 -1.3863785 3.3719187
v -0.0116356 0.0110541 0.0381974
vn 1.0331663 -1.1920449 3.1256857
v -0.0118863 0.0107691 0.0381622
vn -0.5474696 -2.1195924 3.1596990
v -0.0103284 0.0118040 0.0385526
vn -1.2920192 -2.1498539 3.0045917
v -0.0095885 0.0119000 0.0388283
vn -2.0605900 -2.0075374 3.0876532
v -0.0088348 0.0118004 0.0391526
vn 2.5656354 0.2174404 3.1138260
v 0.0034885 0.0194500 0.0388283
vn 1.9842472 -0.5645192 3.3177996
v 0.0039428 0.0200440 0.0385520
vn 2.6724594 0.7188767 3.2041624
v 0.0031976 0.0187460 0.0391534
vn 1.2943788 3.7466466 3.2253728
v 0.0045500 0.0154885 0.0406233
vn 1.8410921 3.3807325 3.1991315
v 0.0039423 0.0159565 0.0404154
vn 2.3098700 2.8312969 3.1474476
v 0.0034885 0.0165500 0.0401502
vn 2.6714590 2.2189534 3.1323438
v 0.0031976 0.0172541 0.0398333
vn 2.7784235 1.5317018 3.0446715
v 0.0031000 0.0180000 0.0394948
vn 1.5706177 -0.7813947 2.9828372
v 0.0045500 0.0205115 0.0383331
vn 0.4027370 -0.7833535 3.4280417
v 0.0052447 0.0207999 0.0381974
vn 0.1708644 -1.5511887 3.1346252
v 0.0060000 0.0209000 0.0381502
vn -0.6129137 -0.8673847 2.9811575
v 0.0067555 0.0207999 0.0381975
vn -1.4294567 -0.9030095 2.8591981
v 0.0074500 0.0205115 0.0383331
vn -2.0630920 -0.5317700 3.1259933
v 0.0080579 0.0200433 0.0385523
vn -2.5082631 0.0568765 2.9976463
v 0.0085115 0.0194500 0.0388283
vn -2.7195716 0.7684152 3.0880098
v 0.0088018 0.0187484 0.0391522
vn 1.2712122 2.4050953 5.6418352
v 0.0149719 0.0171307 0.0389653
vn 3.5738511 -0.5456250 3.1453636
v 0.0190770 0.0104500 0.0401502
vn 3.1831996 -1.1560822 3.1402173
v 0.0195414 0.0110542 0.0398332
vn 1.9054685 1.9431777 5.6509233
v 0.0198391 0.0126958 0.0392370
vn 2.7130260 -1.7041845 3.0663171
v 0.0201385 0.0115115 0.0394948
vn 2.0185263 -2.0004501 3.1980181
v 0.0208331 0.0117999 0.0391534
vn 1.4514449 -2.1095462 3.1204219
v 0.0215885 0.0119000 0.0388283
vn 0.4793848 -2.0676537 3.3516097
v 0.0223300 0.0118036 0.0385520
vn 0.0015290 -1.8968647 3.0910211
v 0.0230385 0.0115115 0.0383331
vn -1.5663457 -0.3085635 3.1361537
v 0.0242691 0.0101064 0.0381622
vn -1.0885658 -0.9457390 2.9823251
v 0.0240999 0.0104500 0.0381502
vn -0.8685790 -1.1720603 3.8317900
v 0.0236357 0.0110540 0.0381974
vn 2.7316732 -0.7643449 5.5874372
v 0.0248124 -0.0059944 0.0387609
vn 3.0801067 0.9298595 5.3523445
v 0.0246605 0.0081114 0.0384479
vn 3.8808203 -0.7519002 3.2281871
v 0.0186885 -0.0090000 0.0406233
vn 3.7831435 -1.4658341 3.2539842
v 0.0187861 -0.0082538 0.0407510
vn 3.6067748 -2.0668530 3.2269206
v 0.0190770 -0.0075500 0.0407951
vn 3.1741691 -2.6228456 3.2386391
v 0.0195411 -0.0069462 0.0407510
vn 2.6200042 -3.0576987 3.2100916
v 0.0201385 -0.0064885 0.0406233
vn 2.0294366 -3.3131485 3.1880057
v 0.0208477 -0.0061962 0.0404154
vn 1.3111753 -2.0014639 2.9373088
v 0.0215885 -0.0061000 0.0401502
vn 0.6351275 -2.8643408 3.1275764
v 0.0223436 -0.0062000 0.0398333
vn -0.0921561 -3.1095319 3.0657096
v 0.0230385 -0.0064885 0.0394948
vn -0.7535409 -2.7423096 3.2134633
v 0.0236357 -0.0069461 0.0391533
vn -1.0934880 -2.3504350 3.1098616
v 0.0240999 -0.0075500 0.0388283
vn -1.3427172 -1.4111313 3.2441411
v 0.0243872 -0.0082404 0.0385520
vn -1.0679333 -0.8527078 2.7234275
v 0.0244885 -0.0090000 0.0383331
vn -1.4363754 0.1722639 3.8267145
v 0.0243909 -0.0097459 0.0381974
vn -0.1444724 1.8239377 2.9454970
v 0.0230385 -0.0115115 0.0383331
vn -0.8231884 1.3881404 3.3668261
v 0.0236197 -0.0110698 0.0382002
vn -1.0596318 1.2153184 3.1694694
v 0.0238807 -0.0107763 0.0381628
vn -1.4422209 0.5464269 3.0482895
v 0.0240999 -0.0104500 0.0381502
vn 0.5133850 2.0794358 3.1599648
v 0.0223316 -0.0118032 0.0385514
vn 1.3123044 2.0686576 2.9675927
v 0.0215885 -0.0119000 0.0388283
vn 1.9995936 -2.1584542 5.5273938
v 0.0195646 -0.0151385 0.0384588
vn 2.6196392 1.5968617 3.0609708
v 0.0201385 -0.0115115 0.0394948
vn 2.0245063 1.9508045 3.0815284
v 0.0208333 -0.0117999 0.0391534
vn -1.6259539 -0.0086115 3.3733630
v 0.0243909 0.0097458 0.0381974
vn -1.5484844 0.7639951 2.8964047
v 0.0244885 0.0090000 0.0383331
vn -1.5749440 1.4743962 3.1771080
v 0.0243869 0.0082393 0.0385524
vn -0.9937598 2.2088406 2.9696846
v 0.0240999 0.0075500 0.0388283
vn -0.5715061 2.8028760 3.0655208
v 0.0234442 0.0067715 0.0392696
vn -0.0554669 3.1475992 3.0222774
v 0.0230391 0.0064889 0.0394945
vn 0.6114808 3.3265872 3.1321189
v 0.0223438 0.0062001 0.0398333
vn 1.3283949 3.3987117 3.1373055
v 0.0215885 0.0061000 0.0401502
vn -3.8608279 0.0845256 3.1987894
v -0.0067897 0.0097595 0.0404157
vn -3.9350715 0.7825587 3.2070856
v -0.0066885 0.0090000 0.0406233
vn -3.8733685 1.4454231 3.2327809
v -0.0067861 0.0082537 0.0407510
vn -3.6164942 2.0176029 3.2206385
v -0.0070770 0.0075500 0.0407951
vn -3.0056324 2.4583545 3.3101671
v -0.0074930 0.0069953 0.0407585
vn -2.5942838 2.9583588 3.2457452
v -0.0081385 0.0064885 0.0406233
vn -1.9971188 3.2931845 3.2021806
v -0.0088457 0.0061967 0.0404160
vn -1.3414896 3.3794074 3.1341195
v -0.0095885 0.0061000 0.0401502
vn -0.6024991 3.3078344 3.1373527
v -0.0103444 0.0062003 0.0398330
vn 0.0748250 3.1291270 3.0552814
v -0.0110385 0.0064885 0.0394948
vn 0.6778577 2.6802218 3.1855946
v -0.0116356 0.0069460 0.0391534
vn 1.0308462 2.2625346 3.0919809
v -0.0120999 0.0075500 0.0388283
vn 1.5875582 1.4658732 3.3663342
v -0.0123872 0.0082405 0.0385520
vn 6.2550669 -0.1634562 0.3715276
v 0.0120000 -0.0201246 0.0408952
vn 4.5994463 -0.5341044 -2.7288971
v 0.0120000 -0.0214783 0.0402484
vn 4.5806537 0.0944078 -2.7825370
v 0.0120000 -0.0219284 0.0402778
vn 4.6186256 0.7311522 -2.6597562
v 0.0120000 -0.0227675 0.0401618
vn 4.4919090 2.4443667 -1.4892676
v 0.0120000 -0.0394452 0.0241868
vn 4.4941421 2.2554417 -1.7137129
v 0.0120000 -0.0372160 0.0274936
vn 4.5085416 2.0070724 -1.9869026
v 0.0120000 -0.0329450 0.0324893
vn 3.0973430 -1.1617193 2.9164250
v 0.0120000 -0.0264218 0.0403933
vn 3.1866882 -1.4208071 2.7936635
v 0.0120000 -0.0278239 0.0397731
vn 4.5087094 1.7243763 -2.2377102
v 0.0120000 -0.0280093 0.0368294
vn 4.5558376 1.3364232 -2.4579442
v 0.0120000 -0.0235458 0.0398312
vn 2.9335182 -0.5258552 3.0851047
v 0.0120000 -0.0245156 0.0408752
vn 3.1163614 -0.7999138 3.0336959
v 0.0120000 -0.0260301 0.0405240
vn -3.1762455 2.6946862 -1.6679571
v -0.0000000 -0.0367472 0.0241868
vn -3.1866310 2.8242707 -1.2293909
v -0.0001002 -0.0374431 0.0230948
vn -3.0481374 2.8701100 -0.5873186
v -0.0004062 -0.0380871 0.0220166
vn -2.7708933 2.9208844 0.0332195
v -0.0008937 -0.0386372 0.0210362
vn -2.4317782 2.9329419 0.5649881
v -0.0015698 -0.0391117 0.0201403
vn -2.0749631 3.0604062 1.1601533
v -0.0020948 -0.0393695 0.0196317
vn -3.2254057 2.5250435 -1.8645211
v -0.0000000 -0.0361551 0.0250632
vn -3.2959001 1.5788815 -2.7051446
v -0.0000000 -0.0223868 0.0378707
vn -3.2399948 -1.4603150 2.7741251
v -0.0000000 -0.0277595 0.0398073
vn -3.1922638 -1.0665902 2.9525385
v -0.0000000 -0.0263527 0.0404176
vn -3.2851782 1.9641415 -2.4415092
v -0.0000000 -0.0275755 0.0342775
vn -3.1740665 -0.8498496 3.0220242
v -0.0000000 -0.0259482 0.0405492
vn -3.0728240 -0.4246391 3.1074967
v -0.0000000 -0.0244423 0.0408863
vn -3.2703505 2.2987127 -2.1301413
v -0.0000000 -0.0321966 0.0299789
vn 2.7064133 5.0283689 -2.4766357
v 0.0089119 -0.0379912 0.0239625
vn 4.7159386 2.7105379 -0.6184487
v 0.0120933 -0.0401196 0.0231328
vn 2.7957468 5.0375051 -2.3613787
v 0.0110500 -0.0393984 0.0234595
vn 4.5714030 -1.4150689 -2.2333274
v 0.0120683 -0.0205549 0.0400104
vn 1.3260778 -1.7245774 -5.8180423
v 0.0068675 -0.0216725 0.0379688
vn 1.3307687 -3.0865021 -5.2173920
v 0.0068915 -0.0214450 0.0378752
vn 1.3231376 -4.3603878 -4.2037778
v 0.0069135 -0.0212502 0.0377259
vn 1.3228444 -5.2213469 -3.0636425
v 0.0069314 -0.0211010 0.0375308
vn 1.2566439 -5.7439580 -1.9857644
v 0.0069397 -0.0210337 0.0373855
vn 1.2930776 -5.9867907 -0.9527778
v 0.0069450 -0.0209922 0.0372289
vn -6.1765161 -0.0168451 0.0083216
v -0.0000000 -0.0201246 0.0408954
vn 4.8885841 2.5556371 1.4481487
v 0.0124423 -0.0406811 0.0219258
vn 4.7237082 2.7288265 0.7814411
v 0.0123512 -0.0406023 0.0221640
vn 4.8202515 2.6943440 0.2072867
v 0.0122924 -0.0405367 0.0223364
vn 4.4472780 1.6035295 3.8795345
v 0.0135211 -0.0409237 0.0201943
vn 4.7231140 2.2208416 2.7875957
v 0.0128842 -0.0408695 0.0210518
vn 4.8269310 2.3635237 2.2707369
v 0.0127446 -0.0408322 0.0212919
vn 2.9011405 0.2246701 5.5658073
v 0.0153192 -0.0407669 0.0188190
vn 3.3496447 0.4847418 5.2797108
v 0.0146793 -0.0408392 0.0191895
vn 3.7797604 0.8231241 4.8994327
v 0.0141184 -0.0408940 0.0196115
vn 4.1134253 1.4223752 4.3374128
v 0.0137853 -0.0409161 0.0199164
vn 0.2554840 -1.3063861 6.0858817
v 0.0093398 -0.0256037 0.0407648
vn -0.2684108 -2.6321399 5.6508150
v 0.0023944 -0.0276412 0.0400701
vn 0.3442253 -2.5660214 5.6675329
v 0.0096056 -0.0276412 0.0400701
vn 0.0000002 -2.6471798 5.6417389
v 0.0060000 -0.0278754 0.0400701
vn 0.0000001 -1.3719608 6.0866623
v 0.0060000 -0.0258206 0.0407648
vn -0.1216556 -1.3610162 6.0932603
v 0.0026602 -0.0256037 0.0407648
vn 1.7331967 4.5450573 0.5075516
v 0.0111199 -0.0388166 0.0207034
vn 3.3625042 2.3344281 4.6130629
v 0.0129048 -0.0399773 0.0200845
vn 1.3511510 3.6785266 1.2939366
v 0.0132091 -0.0393179 0.0197347
vn 2.0573967 5.2536287 -2.7059393
v 0.0068999 -0.0369688 0.0238467
vn 3.8290973 3.9929214 2.8249381
v 0.0127284 -0.0406235 0.0208390
vn 1.4080640 3.5423307 1.5101950
v 0.0134616 -0.0393695 0.0196317
vn 3.5542970 4.3086920 2.5719893
v 0.0106648 -0.0391860 0.0214671
vn 3.3798273 5.0935273 -0.1361496
v 0.0107190 -0.0395013 0.0224677
vn 3.1227453 5.2804408 -0.2418554
v 0.0086363 -0.0381568 0.0229223
vn 1.7448783 5.2745576 -0.6971822
v 0.0091868 -0.0382157 0.0217926
vn 1.6677573 5.4500751 -1.2385211
v 0.0080942 -0.0377746 0.0225485
vn 1.6101950 5.4660478 -2.2279902
v 0.0073059 -0.0373401 0.0232609
vn -2.4730830 4.3557172 2.1432924
v 0.0230385 -0.0115115 0.0377000
vn -4.3953161 2.3675981 2.0767140
v 0.0240999 -0.0104500 0.0377000
vn 0.0319900 4.9959531 2.0997281
v 0.0215885 -0.0119000 0.0377000
vn 2.5083988 4.3090043 2.0584729
v 0.0201385 -0.0115115 0.0377000
vn 4.3173585 2.4824831 2.0312390
v 0.0190770 -0.0104500 0.0377000
vn 4.9774108 -0.0036179 2.0171647
v 0.0186885 -0.0090000 0.0377000
vn 4.3098478 -2.4882915 2.0128679
v 0.0190770 -0.0075500 0.0377000
vn 2.4918373 -4.3087554 2.0171509
v 0.0201385 -0.0064885 0.0377000
vn 0.0087764 -4.9801865 2.0312643
v 0.0215885 -0.0061000 0.0377000
vn -2.5047913 -4.3010039 2.0339835
v 0.0230385 -0.0064885 0.0377000
vn -4.2781353 -2.5379148 2.0101299
v 0.0240999 -0.0075500 0.0377000
vn -4.9811258 -0.0957467 2.0335922
v 0.0244885 -0.0090000 0.0377000
vn -2.4842589 4.3206468 2.0541587
v 0.0230385 0.0064885 0.0377000
vn -4.3016729 2.5359414 2.0808916
v 0.0240999 0.0075500 0.0377000
vn 0.0087834 4.9801855 2.0312417
v 0.0215885 0.0061000 0.0377000
vn 2.4918361 4.3087559 2.0171666
v 0.0201385 0.0064885 0.0377000
vn 4.3098474 2.4882913 2.0128648
v 0.0190770 0.0075500 0.0377000
vn 4.9774108 0.0036175 2.0171599
v 0.0186885 0.0090000 0.0377000
vn 4.3173571 -2.4824867 2.0312505
v 0.0190770 0.0104500 0.0377000
vn 2.4723787 -4.3197169 2.0339937
v 0.0201385 0.0115115 0.0377000
vn 0.0588289 -4.9739294 2.0101261
v 0.0215885 0.0119000 0.0377000
vn -2.4076498 -4.3616514 2.0335820
v 0.0230385 0.0115115 0.0377000
vn -4.2477126 -2.6234934 2.0776691
v 0.0240999 0.0104500 0.0377000
vn -5.0084953 0.0347466 2.1405580
v 0.0244885 0.0090000 0.0377000
vn -2.4889078 4.3092465 2.0135398
v 0.0074500 0.0154885 0.0377000
vn -4.3048391 2.5018075 2.0220437
v 0.0085115 0.0165500 0.0377000
vn 0.0000005 4.9765854 2.0128675
v 0.0060000 0.0151000 0.0377000
vn 2.4855726 4.3123732 2.0171521
v 0.0045500 0.0154885 0.0377000
vn 4.3085804 2.4976959 2.0312622
v 0.0034885 0.0165500 0.0377000
vn 4.9771743 -0.0187095 2.0339849
v 0.0031000 0.0180000 0.0377000
vn 4.3369665 -2.4360156 2.0101290
v 0.0034885 0.0194500 0.0377000
vn 2.5734806 -4.2659087 2.0335906
v 0.0045500 0.0205115 0.0377000
vn -2.5343466 -4.3201103 2.1405959
v 0.0074500 0.0205115 0.0377000
vn 0.1260821 -4.9880629 2.0420356
v 0.0060000 0.0209000 0.0377000
vn -4.3426085 -2.4703138 2.1000125
v 0.0085115 0.0194500 0.0377000
vn -4.9859090 0.0178613 2.0583878
v 0.0089000 0.0180000 0.0377000
vn -2.4921494 4.3084798 2.0160995
v -0.0081385 0.0064885 0.0377000
vn -4.3097086 2.4884295 2.0131571
v -0.0070770 0.0075500 0.0377000
vn -0.0087898 4.9801855 2.0312231
v -0.0095885 0.0061000 0.0377000
vn 2.5048008 4.3009996 2.0340066
v -0.0110385 0.0064885 0.0377000
vn 4.2781353 2.5379155 2.0101249
v -0.0120999 0.0075500 0.0377000
vn 4.9811249 0.0957350 2.0335674
v -0.0124885 0.0090000 0.0377000
vn 4.3958631 -2.3668888 2.0776243
v -0.0120999 0.0104500 0.0377000
vn 2.4741261 -4.3548694 2.1405065
v -0.0110385 0.0115115 0.0377000
vn -0.0319813 -4.9959607 2.1000042
v -0.0095885 0.0119000 0.0377000
vn -2.5084136 -4.3089972 2.0584214
v -0.0081385 0.0115115 0.0377000
vn -4.3173580 -2.4824872 2.0312524
v -0.0070770 0.0104500 0.0377000
vn -4.9774094 0.0036177 2.0171587
v -0.0066885 0.0090000 0.0377000
vn -4.3177695 2.4812348 2.0286028
v -0.0070770 -0.0104500 0.0377000
vn -4.9772062 -0.0028017 2.0171764
v -0.0066885 -0.0090000 0.0377000
vn -2.4724131 4.3196969 2.0339286
v -0.0081385 -0.0115115 0.0377000
vn -0.0588274 4.9739280 2.0101461
v -0.0095885 -0.0119000 0.0377000
vn 2.4076343 4.3616624 2.0336206
v -0.0110385 -0.0115115 0.0377000
vn 4.2477322 2.6234374 2.0776732
v -0.0120999 -0.0104500 0.0377000
vn 5.0085373 -0.0347487 2.1409993
v -0.0124885 -0.0090000 0.0377000
vn 4.3106389 -2.5256720 2.0998023
v -0.0120999 -0.0075500 0.0377000
vn 2.4775004 -4.3268437 2.0584455
v -0.0110385 -0.0064885 0.0377000
vn -0.0087839 -4.9801850 2.0312424
v -0.0095885 -0.0061000 0.0377000
vn -2.4918370 -4.3087549 2.0171669
v -0.0081385 -0.0064885 0.0377000
vn -4.3098488 -2.4882925 2.0128644
v -0.0070770 -0.0075500 0.0377000
vn 4.9614196 -0.0000007 1.9268739
v 0.0031000 -0.0180000 0.0405000
vn 4.2967167 2.4807093 1.9268748
v 0.0034885 -0.0194500 0.0405000
vn 2.4807093 4.2967143 1.9268742
v 0.0045500 -0.0205115 0.0405000
vn -0.0000002 4.9614205 1.9268754
v 0.0060000 -0.0209000 0.0405000
vn -2.4807091 4.2967143 1.9268742
v 0.0074500 -0.0205115 0.0405000
vn -4.2967176 2.4807093 1.9268742
v 0.0085115 -0.0194500 0.0405000
vn -4.9614205 -0.0000010 1.9268739
v 0.0089000 -0.0180000 0.0405000
vn -4.2967172 -2.4807110 1.9268739
v 0.0085115 -0.0165500 0.0405000
vn -2.4807105 -4.2967162 1.9268737
v 0.0074500 -0.0154885 0.0405000
vn -0.0000005 -4.9614201 1.9268737
v 0.0060000 -0.0151000 0.0405000
vn 2.4807107 -4.2967167 1.9268734
v 0.0045500 -0.0154885 0.0405000
vn 4.2967167 -2.4807107 1.9268739
v 0.0034885 -0.0165500 0.0405000
vn -5.3837991 0.8974364 2.2774999
v 0.0168771 -0.0016395 0.0400000
vn -4.8617673 2.4741435 2.2810078
v 0.0159107 -0.0047727 0.0400000
vn -5.4137869 1.5991123 2.0303569
v 0.0164616 -0.0033992 0.0400000
vn -3.8901587 3.8199944 2.2841265
v 0.0140636 -0.0074819 0.0400000
vn -4.6498756 3.1490471 2.0688055
v 0.0148992 -0.0064656 0.0400000
vn -2.5594759 4.8106470 2.2868643
v 0.0115000 -0.0095263 0.0400000
vn -3.4578543 4.3889322 2.1051266
v 0.0124656 -0.0088992 0.0400000
vn -0.9933625 5.3548131 2.2892323
v 0.0084477 -0.0107242 0.0400000
vn -1.9529363 5.2056980 2.1392276
v 0.0093992 -0.0104616 0.0400000
vn 0.6628915 5.4026766 2.2912471
v 0.0051780 -0.0109692 0.0400000
vn -0.2784400 5.5266576 2.1709900
v 0.0060000 -0.0110000 0.0400000
vn 2.2558661 4.9504504 2.2929249
v 0.0019812 -0.0102396 0.0400000
vn 1.4077537 5.3258896 2.2002614
v 0.0026008 -0.0104616 0.0400000
vn 3.6382103 4.0406513 2.2942874
v -0.0008584 -0.0086001 0.0400000
vn 2.9479461 4.6262236 2.2268751
v -0.0004656 -0.0088992 0.0400000
vn 4.6823053 2.7580738 2.2953556
v -0.0030886 -0.0061965 0.0400000
vn 4.1992373 3.4967339 2.2506726
v -0.0028992 -0.0064656 0.0400000
vn 5.2920198 1.2218796 2.2961531
v -0.0045113 -0.0032423 0.0400000
vn 5.0466285 2.0459948 2.2715352
v -0.0044616 -0.0033992 0.0400000
vn 5.2920198 -1.2218796 2.2961531
v -0.0045113 0.0032423 0.0400000
vn 5.4639153 0.0000001 2.3574073
v -0.0050000 -0.0000000 0.0400000
vn 4.6755438 -2.7623808 2.2995963
v -0.0030886 0.0061965 0.0400000
vn 5.0453596 -2.0370452 2.2767789
v -0.0044616 0.0033992 0.0400000
vn 3.6227760 -4.0448356 2.3027287
v -0.0008584 0.0086001 0.0400000
vn 4.2016287 -3.4766645 2.2634585
v -0.0028992 0.0064656 0.0400000
vn 2.2319589 -4.9495506 2.3055282
v 0.0019812 0.0102396 0.0400000
vn 2.9603474 -4.5949097 2.2499945
v -0.0004656 0.0088992 0.0400000
vn 0.6328976 -5.3920684 2.3079727
v 0.0051780 0.0109692 0.0400000
vn 1.4371674 -5.2860093 2.2369642
v 0.0026008 0.0104616 0.0400000
vn -1.0251219 -5.3310537 2.3100419
v 0.0084477 0.0107242 0.0400000
vn -0.2254871 -5.4841628 2.2249267
v 0.0060000 0.0110000 0.0400000
vn -2.5872958 -4.7721825 2.3117204
v 0.0115000 0.0095263 0.0400000
vn -1.8717735 -5.1698427 2.2143869
v 0.0093992 0.0104616 0.0400000
vn -3.9077358 -3.7676291 2.3129921
v 0.0140636 0.0074819 0.0400000
vn -3.3471322 -4.3717270 2.2057626
v 0.0124656 0.0088992 0.0400000
vn -4.8631229 -2.4111960 2.3138452
v 0.0159107 0.0047727 0.0400000
vn -4.5128760 -3.1640980 2.1993754
v 0.0148992 0.0064656 0.0400000
vn -5.4257994 0.0000004 2.2929864
v 0.0170000 -0.0000000 0.0400000
vn -5.3642216 -0.8295572 2.3142741
v 0.0168771 0.0016395 0.0400000
vn -5.2593246 -1.6598761 2.1954532
v 0.0164616 0.0033992 0.0400000
vn -5.8335853 -0.8154377 1.9067413
v -0.0001738 -0.0193716 0.0401435
vn -3.2051592 -2.2636371 4.8040452
v -0.0014605 -0.0187312 0.0387359
vn -4.7492862 -1.6406418 3.6145532
v -0.0006798 -0.0189991 0.0393379
vn -2.8585999 -2.1748462 5.0843778
v -0.0016185 -0.0167103 0.0395353
vn -2.7070351 -2.5300779 4.8844800
v -0.0033332 -0.0113707 0.0409466
vn -4.1671157 -1.9063444 4.1796684
v -0.0010534 -0.0167876 0.0399192
vn -3.5320940 -2.2127025 4.6429052
v -0.0016852 -0.0145534 0.0404382
vn -2.4217391 -2.1793294 5.3262663
v -0.0020038 -0.0145853 0.0402354
vn -2.5970654 -2.2325234 5.2234011
v -0.0026838 -0.0123794 0.0408266
vn -3.7176530 -2.6827097 4.1725321
v -0.0025848 -0.0123437 0.0409071
vn -5.1713939 -1.7062668 2.9737537
v -0.0006135 -0.0169311 0.0404278
vn -4.4543214 -2.2493615 3.7326579
v -0.0014102 -0.0145519 0.0406991
vn -3.2348409 -2.3583102 4.6746354
v -0.0021365 -0.0134466 0.0406540
vn -5.5375142 -1.3292191 2.4357510
v -0.0003515 -0.0181572 0.0402828
vn 2.3335309 -2.1900775 5.3714957
v 0.0153299 -0.0113748 0.0409463
vn 6.1298971 -0.4645046 0.9975751
v 0.0120480 -0.0195740 0.0405753
vn 5.7744021 -1.1142055 1.9949074
v 0.0121738 -0.0193707 0.0401436
vn 5.1797757 -1.6471934 3.0407743
v 0.0126099 -0.0169429 0.0404265
vn 5.6516447 -1.3549826 2.2890778
v 0.0124513 -0.0170344 0.0407096
vn 4.4428415 -2.2661681 3.7413986
v 0.0134066 -0.0145596 0.0406984
vn 3.6546130 -2.7805314 4.1667757
v 0.0145736 -0.0123600 0.0409060
vn 3.2365103 -2.3128464 4.6881156
v 0.0141256 -0.0134662 0.0406509
vn 2.6449049 -2.2654889 5.1897516
v 0.0146732 -0.0123957 0.0408245
vn 4.7474499 -1.6420163 3.6077640
v 0.0126797 -0.0189983 0.0393382
vn 4.1429515 -1.9502268 4.1924686
v 0.0130499 -0.0167986 0.0399166
vn 3.4795392 -2.2558773 4.6529078
v 0.0136818 -0.0145607 0.0404368
vn 2.5183744 -2.2368684 5.2578287
v 0.0140009 -0.0145925 0.0402335
vn 2.8361456 -2.1818810 5.0890117
v 0.0136158 -0.0167207 0.0395317
vn 3.1656599 -2.2055593 4.8481965
v 0.0134604 -0.0187305 0.0387362
vn 5.8382635 -0.8832781 1.9414638
v 0.0121627 -0.0196981 0.0400285
vn 4.8079162 -1.7083523 3.5273569
v 0.0126717 -0.0192974 0.0392141
vn 3.1468425 -2.3879483 4.7917733
v 0.0134642 -0.0189996 0.0386091
vn -0.0000000 -2.6179943 -3.0345454
v 0.0014707 -0.0450000 -0.0159037
vn 0.0000009 -2.4383478 -5.4728918
v 0.0014707 -0.0478000 -0.0159037
vn 1.5172708 -2.6179948 -2.6279950
v 0.0009707 -0.0450000 -0.0160377
vn 2.7364404 -2.4383502 -4.7396641
v 0.0009707 -0.0478000 -0.0160377
vn 2.6279922 -2.6179919 -1.5172729
v 0.0006046 -0.0450000 -0.0164037
vn 4.7396617 -2.4383497 -2.7364464
v 0.0006046 -0.0478000 -0.0164037
vn 3.0345454 -2.6179943 0.0000015
v 0.0004707 -0.0450000 -0.0169037
vn 5.4728909 -2.4383497 0.0000023
v 0.0004707 -0.0478000 -0.0169037
vn 2.6279950 -2.6179955 1.5172716
v 0.0006046 -0.0450000 -0.0174037
vn 4.7396650 -2.4383485 2.7364440
v 0.0006046 -0.0478000 -0.0174037
vn 1.5172739 -2.6179924 2.6279926
v 0.0009707 -0.0450000 -0.0177697
vn 2.7364478 -2.4383516 4.7396588
v 0.0009707 -0.0478000 -0.0177697
vn -0.0000001 -2.6179943 3.0345454
v 0.0014707 -0.0450000 -0.0179037
vn -0.0000013 -2.4383473 5.4728918
v 0.0014707 -0.0478000 -0.0179037
vn -1.5172744 -2.6179919 2.6279914
v 0.0019707 -0.0450000 -0.0177697
vn -2.7364483 -2.4383516 4.7396593
v 0.0019707 -0.0478000 -0.0177697
vn -2.6279955 -2.6179962 1.5172715
v 0.0023367 -0.0450000 -0.0174037
vn -4.7396641 -2.4383492 2.7364426
v 0.0023367 -0.0478000 -0.0174037
vn -3.0345454 -2.6179934 0.0000014
v 0.0024707 -0.0450000 -0.0169037
vn -5.4728913 -2.4383490 0.0000022
v 0.0024707 -0.0478000 -0.0169037
vn -2.6279929 -2.6179929 -1.5172729
v 0.0023367 -0.0450000 -0.0164037
vn -4.7396617 -2.4383502 -2.7364461
v 0.0023367 -0.0478000 -0.0164037
vn -1.5172716 -2.6179943 -2.6279943
v 0.0019707 -0.0450000 -0.0160377
vn -2.7364433 -2.4383507 -4.7396617
v 0.0019707 -0.0478000 -0.0160377
vn 0.0000000 -6.2831850 0.0000000
v 0.0014707 -0.0450000 -0.0169037
vn 0.0000000 -2.6179943 -3.0345454
v 0.0105293 -0.0450000 0.0179037
vn 0.0000011 -2.4383478 -5.4728918
v 0.0105293 -0.0478000 0.0179037
vn 1.5172751 -2.6179910 -2.6279907
v 0.0100293 -0.0450000 0.0177697
vn 2.7364500 -2.4383516 -4.7396584
v 0.0100293 -0.0478000 0.0177697
vn 2.6279964 -2.6179967 -1.5172702
v 0.0096633 -0.0450000 0.0174037
vn 4.7396646 -2.4383502 -2.7364399
v 0.0096633 -0.0478000 0.0174037
vn 3.0345459 -2.6179943 -0.0000015
v 0.0095293 -0.0450000 0.0169037
vn 5.4728875 -2.4383531 -0.0000031
v 0.0095293 -0.0478000 0.0169037
vn 2.6279936 -2.6179931 1.5172716
v 0.0096633 -0.0450000 0.0164037
vn 4.7396617 -2.4383521 2.7364438
v 0.0096633 -0.0478000 0.0164037
vn 1.5172724 -2.6179938 2.6279936
v 0.0100293 -0.0450000 0.0160377
vn 2.7364447 -2.4383516 4.7396612
v 0.0100293 -0.0478000 0.0160377
vn -0.0000001 -2.6179943 3.0345454
v 0.0105293 -0.0450000 0.0159037
vn -0.0000011 -2.4383478 5.4728918
v 0.0105293 -0.0478000 0.0159037
vn -1.5172708 -2.6179948 2.6279950
v 0.0110293 -0.0450000 0.0160377
vn -2.7364404 -2.4383504 4.7396641
v 0.0110293 -0.0478000 0.0160377
vn -2.6279922 -2.6179919 1.5172729
v 0.0113954 -0.0450000 0.0164037
vn -4.7396598 -2.4383521 2.7364464
v 0.0113954 -0.0478000 0.0164037
vn -3.0345454 -2.6179943 -0.0000015
v 0.0115293 -0.0450000 0.0169037
vn -5.4728880 -2.4383535 -0.0000022
v 0.0115293 -0.0478000 0.0169037
vn -2.6279950 -2.6179953 -1.5172716
v 0.0113954 -0.0450000 0.0174037
vn -4.7396626 -2.4383509 -2.7364430
v 0.0113954 -0.0478000 0.0174037
vn -1.5172740 -2.6179924 -2.6279926
v 0.0110293 -0.0450000 0.0177697
vn -2.7364473 -2.4383519 -4.7396593
v 0.0110293 -0.0478000 0.0177697
vn 0.0000000 -6.2831850 0.0000000
v 0.0105293 -0.0450000 0.0169037
# 2123 vertices, 0 vertices normals

f 1//1 2//2 3//3
f 4//4 3//3 5//5
f 5//5 3//3 2//2
f 5//5 2//2 6//6
f 6//6 2//2 7//7
f 6//6 7//7 8//8
f 3//3 9//9 1//1
f 1//1 9//9 10//10
f 1//1 10//10 11//11
f 11//11 10//10 12//12
f 11//11 12//12 13//13
f 13//13 12//12 14//14
f 13//13 14//14 15//15
f 15//15 14//14 16//16
f 15//15 16//16 17//17
f 18//18 19//19 20//20
f 17//17 16//16 20//20
f 20//20 16//16 21//21
f 20//20 21//21 22//22
f 18//18 20//20 23//23
f 23//23 20//20 22//22
f 23//23 22//22 24//24
f 24//24 22//22 25//25
f 24//24 25//25 26//26
f 26//26 25//25 27//27
f 26//26 27//27 28//28
f 28//28 27//27 29//29
f 28//28 29//29 30//30
f 30//30 29//29 31//31
f 30//30 31//31 32//32
f 32//32 31//31 33//33
f 32//32 33//33 34//34
f 34//34 33//33 35//35
f 34//34 35//35 36//36
f 36//36 35//35 37//37
f 36//36 37//37 38//38
f 38//38 37//37 39//39
f 38//38 39//39 40//40
f 41//41 42//42 43//43
f 40//40 39//39 44//44
f 44//44 39//39 43//43
f 44//44 43//43 45//45
f 45//45 43//43 42//42
f 45//45 42//42 46//46
f 47//47 48//48 49//49
f 49//49 48//48 50//50
f 43//43 51//51 41//41
f 41//41 51//51 52//52
f 41//41 52//52 53//53
f 53//53 52//52 54//54
f 53//53 54//54 55//55
f 55//55 54//54 56//56
f 55//55 56//56 57//57
f 57//57 56//56 58//58
f 57//57 58//58 59//59
f 59//59 58//58 60//60
f 59//59 60//60 50//50
f 50//50 60//60 61//61
f 50//50 61//61 49//49
f 49//49 61//61 62//62
f 62//62 61//61 63//63
f 63//63 61//61 64//64
f 63//63 64//64 65//65
f 5//5 66//66 4//4
f 4//4 66//66 67//67
f 4//4 67//67 68//68
f 68//68 67//67 69//69
f 68//68 69//69 70//70
f 70//70 69//69 71//71
f 70//70 71//71 72//72
f 72//72 71//71 73//73
f 72//72 73//73 74//74
f 74//74 73//73 75//75
f 74//74 75//75 76//76
f 76//76 75//75 77//77
f 76//76 77//77 78//78
f 78//78 77//77 65//65
f 78//78 65//65 79//79
f 79//79 65//65 64//64
f 80//80 81//81 73//73
f 5//5 82//82 83//83
f 83//83 82//82 84//84
f 85//85 86//86 87//87
f 87//87 86//86 62//62
f 87//87 62//62 88//88
f 83//83 89//89 5//5
f 5//5 89//89 90//90
f 5//5 90//90 66//66
f 66//66 90//90 91//91
f 66//66 91//91 67//67
f 67//67 91//91 92//92
f 67//67 92//92 69//69
f 77//77 75//75 93//93
f 92//92 94//94 69//69
f 69//69 94//94 95//95
f 69//69 95//95 71//71
f 93//93 96//96 77//77
f 77//77 96//96 97//97
f 77//77 97//97 65//65
f 65//65 97//97 98//98
f 65//65 98//98 63//63
f 63//63 98//98 99//99
f 63//63 99//99 62//62
f 62//62 99//99 100//100
f 62//62 100//100 88//88
f 95//95 101//101 71//71
f 71//71 101//101 102//102
f 71//71 102//102 73//73
f 73//73 102//102 103//103
f 73//73 103//103 80//80
f 81//81 104//104 73//73
f 73//73 104//104 105//105
f 73//73 105//105 75//75
f 75//75 105//105 106//106
f 75//75 106//106 93//93
f 107//107 108//108 109//109
f 110//110 111//111 112//112
f 112//112 111//111 23//23
f 112//112 23//23 113//113
f 44//44 114//114 115//115
f 115//115 114//114 116//116
f 115//115 117//117 44//44
f 44//44 117//117 118//118
f 44//44 118//118 40//40
f 40//40 118//118 119//119
f 40//40 119//119 38//38
f 38//38 119//119 120//120
f 38//38 120//120 36//36
f 28//28 30//30 121//121
f 121//121 122//122 28//28
f 28//28 122//122 123//123
f 28//28 123//123 26//26
f 26//26 123//123 124//124
f 26//26 124//124 24//24
f 24//24 124//124 125//125
f 24//24 125//125 23//23
f 23//23 125//125 126//126
f 23//23 126//126 113//113
f 120//120 127//127 36//36
f 36//36 127//127 128//128
f 36//36 128//128 34//34
f 108//108 129//129 109//109
f 109//109 129//129 130//130
f 109//109 130//130 30//30
f 30//30 130//130 131//131
f 30//30 131//131 121//121
f 128//128 132//132 34//34
f 34//34 132//132 133//133
f 34//34 133//133 109//109
f 109//109 133//133 134//134
f 109//109 134//134 107//107
f 135//135 136//136 137//137
f 138//138 139//139 140//140
f 141//141 142//142 143//143
f 144//144 145//145 143//143
f 146//146 141//141 147//147
f 147//147 141//141 143//143
f 147//147 143//143 148//148
f 148//148 143//143 145//145
f 149//149 150//150 151//151
f 151//151 150//150 152//152
f 153//153 154//154 155//155
f 156//156 157//157 158//158
f 158//158 157//157 159//159
f 158//158 159//159 160//160
f 155//155 149//149 153//153
f 153//153 149//149 151//151
f 153//153 151//151 137//137
f 137//137 151//151 161//161
f 137//137 161//161 135//135
f 135//135 161//161 162//162
f 135//135 162//162 163//163
f 160//160 163//163 158//158
f 158//158 163//163 162//162
f 158//158 162//162 164//164
f 164//164 162//162 161//161
f 164//164 161//161 140//140
f 140//140 161//161 151//151
f 140//140 151//151 138//138
f 138//138 151//151 152//152
f 165//165 156//156 166//166
f 166//166 156//156 158//158
f 166//166 158//158 167//167
f 167//167 158//158 164//164
f 167//167 164//164 143//143
f 143//143 164//164 140//140
f 143//143 140//140 144//144
f 144//144 140//140 139//139
f 168//168 169//169 170//170
f 170//170 171//171 168//168
f 168//168 171//171 172//172
f 168//168 172//172 173//173
f 173//173 172//172 174//174
f 173//173 174//174 175//175
f 175//175 174//174 176//176
f 175//175 176//176 177//177
f 169//169 136//136 170//170
f 170//170 136//136 135//135
f 170//170 135//135 178//178
f 178//178 135//135 179//179
f 135//135 163//163 179//179
f 179//179 163//163 160//160
f 179//179 160//160 180//180
f 180//180 160//160 159//159
f 180//180 159//159 181//181
f 181//181 159//159 157//157
f 181//181 157//157 182//182
f 182//182 157//157 156//156
f 182//182 156//156 165//165
f 183//183 184//184 185//185
f 186//186 154//154 187//187
f 188//188 189//189 190//190
f 186//186 187//187 190//190
f 190//190 187//187 188//188
f 188//188 187//187 191//191
f 188//188 191//191 192//192
f 192//192 191//191 185//185
f 185//185 191//191 193//193
f 185//185 193//193 194//194
f 195//195 183//183 196//196
f 196//196 183//183 185//185
f 196//196 185//185 197//197
f 197//197 185//185 194//194
f 198//198 199//199 200//200
f 200//200 199//199 11//11
f 11//11 199//199 201//201
f 11//11 201//201 202//202
f 202//202 203//203 11//11
f 11//11 203//203 204//204
f 11//11 204//204 1//1
f 1//1 204//204 2//2
f 198//198 200//200 205//205
f 205//205 200//200 206//206
f 205//205 206//206 207//207
f 207//207 206//206 208//208
f 207//207 208//208 209//209
f 209//209 208//208 210//210
f 209//209 210//210 211//211
f 212//212 213//213 214//214
f 214//214 213//213 215//215
f 214//214 215//215 216//216
f 217//217 218//218 219//219
f 219//219 218//218 220//220
f 219//219 220//220 215//215
f 215//215 220//220 221//221
f 215//215 221//221 216//216
f 222//222 15//15 223//223
f 223//223 15//15 17//17
f 223//223 17//17 20//20
f 222//222 224//224 15//15
f 15//15 224//224 225//225
f 15//15 225//225 217//217
f 217//217 225//225 226//226
f 217//217 226//226 218//218
f 13//13 15//15 227//227
f 227//227 15//15 217//217
f 227//227 217//217 228//228
f 228//228 217//217 219//219
f 228//228 219//219 229//229
f 229//229 219//219 215//215
f 229//229 215//215 230//230
f 230//230 215//215 213//213
f 230//230 213//213 231//231
f 231//231 213//213 212//212
f 232//232 211//211 233//233
f 233//233 211//211 210//210
f 233//233 210//210 234//234
f 11//11 13//13 200//200
f 200//200 13//13 227//227
f 200//200 227//227 206//206
f 206//206 227//227 228//228
f 206//206 228//228 208//208
f 208//208 228//228 229//229
f 208//208 229//229 210//210
f 210//210 229//229 230//230
f 210//210 230//230 234//234
f 234//234 230//230 231//231
f 235//235 236//236 237//237
f 238//238 239//239 240//240
f 241//241 242//242 243//243
f 244//244 245//245 246//246
f 246//246 245//245 247//247
f 246//246 247//247 248//248
f 248//248 247//247 249//249
f 248//248 249//249 177//177
f 177//177 249//249 175//175
f 175//175 249//249 250//250
f 175//175 250//250 251//251
f 243//243 242//242 252//252
f 252//252 242//242 253//253
f 252//252 253//253 254//254
f 254//254 253//253 255//255
f 254//254 255//255 250//250
f 250//250 255//255 256//256
f 250//250 256//256 251//251
f 257//257 258//258 259//259
f 259//259 258//258 260//260
f 259//259 260//260 261//261
f 261//261 260//260 235//235
f 261//261 235//235 262//262
f 262//262 235//235 237//237
f 262//262 237//237 263//263
f 244//244 264//264 245//245
f 245//245 264//264 265//265
f 245//245 265//265 266//266
f 267//267 268//268 269//269
f 269//269 268//268 270//270
f 269//269 270//270 236//236
f 236//236 270//270 271//271
f 236//236 271//271 237//237
f 240//240 239//239 272//272
f 272//272 239//239 273//273
f 272//272 273//273 274//274
f 274//274 273//273 275//275
f 275//275 273//273 276//276
f 275//275 276//276 277//277
f 278//278 279//279 280//280
f 280//280 279//279 281//281
f 280//280 281//281 282//282
f 282//282 281//281 283//283
f 282//282 283//283 284//284
f 263//263 285//285 262//262
f 262//262 285//285 286//286
f 262//262 286//286 287//287
f 287//287 286//286 288//288
f 287//287 288//288 243//243
f 243//243 288//288 289//289
f 243//243 289//289 241//241
f 277//277 276//276 290//290
f 290//290 276//276 291//291
f 290//290 291//291 292//292
f 283//283 293//293 284//284
f 284//284 293//293 294//294
f 284//284 294//294 295//295
f 295//295 294//294 296//296
f 295//295 296//296 297//297
f 297//297 296//296 298//298
f 297//297 298//298 291//291
f 291//291 298//298 299//299
f 291//291 299//299 292//292
f 300//300 301//301 278//278
f 278//278 301//301 302//302
f 278//278 302//302 279//279
f 257//257 245//245 258//258
f 258//258 245//245 266//266
f 258//258 266//266 300//300
f 300//300 266//266 303//303
f 300//300 303//303 301//301
f 240//240 304//304 238//238
f 238//238 304//304 305//305
f 238//238 305//305 306//306
f 306//306 305//305 307//307
f 306//306 307//307 308//308
f 308//308 307//307 309//309
f 308//308 309//309 310//310
f 310//310 309//309 311//311
f 310//310 311//311 312//312
f 312//312 311//311 313//313
f 312//312 313//313 267//267
f 267//267 313//313 314//314
f 267//267 314//314 268//268
f 315//315 125//125 124//124
f 120//120 316//316 127//127
f 317//317 99//99 98//98
f 92//92 318//318 94//94
f 319//319 320//320 321//321
f 322//322 323//323 324//324
f 325//325 84//84 324//324
f 326//326 327//327 328//328
f 328//328 327//327 329//329
f 330//330 331//331 332//332
f 333//333 334//334 331//331
f 335//335 336//336 337//337
f 338//338 339//339 340//340
f 131//131 130//130 341//341
f 342//342 343//343 344//344
f 344//344 343//343 345//345
f 344//344 345//345 346//346
f 346//346 345//345 347//347
f 348//348 349//349 350//350
f 350//350 349//349 346//346
f 350//350 346//346 351//351
f 351//351 346//346 347//347
f 352//352 353//353 133//133
f 133//133 353//353 354//354
f 133//133 354//354 134//134
f 128//128 339//339 132//132
f 132//132 339//339 338//338
f 132//132 338//338 133//133
f 133//133 338//338 349//349
f 133//133 349//349 352//352
f 352//352 349//349 348//348
f 355//355 356//356 357//357
f 357//357 356//356 335//335
f 358//358 336//336 359//359
f 359//359 336//336 335//335
f 359//359 335//335 360//360
f 360//360 335//335 356//356
f 358//358 361//361 336//336
f 336//336 361//361 362//362
f 336//336 362//362 116//116
f 86//86 85//85 363//363
f 363//363 85//85 364//364
f 363//363 364//364 365//365
f 365//365 366//366 363//363
f 363//363 366//366 367//367
f 363//363 367//367 337//337
f 337//337 367//367 368//368
f 337//337 368//368 335//335
f 365//365 369//369 366//366
f 366//366 369//369 370//370
f 366//366 370//370 330//330
f 370//370 371//371 330//330
f 330//330 371//371 372//372
f 330//330 372//372 331//331
f 331//331 372//372 373//373
f 331//331 373//373 333//333
f 332//332 374//374 375//375
f 375//375 374//374 376//376
f 375//375 376//376 377//377
f 106//106 105//105 378//378
f 379//379 380//380 381//381
f 381//381 380//380 382//382
f 381//381 382//382 383//383
f 383//383 382//382 384//384
f 385//385 386//386 387//387
f 387//387 386//386 383//383
f 387//387 383//383 388//388
f 388//388 383//383 384//384
f 389//389 390//390 102//102
f 102//102 390//390 391//391
f 102//102 391//391 103//103
f 385//385 389//389 386//386
f 386//386 389//389 102//102
f 386//386 102//102 329//329
f 329//329 102//102 101//101
f 329//329 101//101 328//328
f 328//328 101//101 95//95
f 392//392 393//393 394//394
f 392//392 394//394 323//323
f 394//394 395//395 323//323
f 323//323 395//395 396//396
f 323//323 396//396 324//324
f 324//324 396//396 397//397
f 324//324 397//397 325//325
f 398//398 399//399 400//400
f 401//401 402//402 398//398
f 398//398 402//402 403//403
f 398//398 403//403 399//399
f 403//403 404//404 399//399
f 399//399 404//404 405//405
f 399//399 405//405 319//319
f 405//405 406//406 319//319
f 319//319 406//406 407//407
f 319//319 407//407 320//320
f 320//320 407//407 408//408
f 320//320 408//408 409//409
f 410//410 411//411 412//412
f 412//412 411//411 321//321
f 412//412 321//321 413//413
f 414//414 111//111 398//398
f 398//398 111//111 110//110
f 398//398 110//110 401//401
f 415//415 416//416 417//417
f 417//417 416//416 418//418
f 417//417 418//418 419//419
f 419//419 420//420 417//417
f 417//417 420//420 421//421
f 417//417 421//421 422//422
f 322//322 324//324 400//400
f 400//400 324//324 417//417
f 400//400 417//417 398//398
f 398//398 417//417 422//422
f 398//398 422//422 414//414
f 423//423 424//424 425//425
f 425//425 424//424 426//426
f 425//425 426//426 427//427
f 427//427 426//426 185//185
f 428//428 429//429 430//430
f 430//430 429//429 431//431
f 430//430 431//431 432//432
f 432//432 431//431 433//433
f 432//432 433//433 423//423
f 423//423 433//433 434//434
f 423//423 434//434 424//424
f 435//435 428//428 417//417
f 417//417 428//428 430//430
f 417//417 430//430 415//415
f 415//415 430//430 432//432
f 415//415 432//432 436//436
f 436//436 432//432 423//423
f 436//436 423//423 437//437
f 437//437 423//423 425//425
f 437//437 425//425 438//438
f 438//438 425//425 427//427
f 438//438 427//427 439//439
f 439//439 427//427 185//185
f 439//439 185//185 184//184
f 84//84 82//82 324//324
f 324//324 82//82 440//440
f 324//324 440//440 417//417
f 417//417 440//440 441//441
f 417//417 441//441 435//435
f 91//91 442//442 92//92
f 92//92 442//442 443//443
f 92//92 443//443 318//318
f 318//318 443//443 444//444
f 318//318 444//444 445//445
f 445//445 444//444 446//446
f 445//445 446//446 447//447
f 95//95 94//94 328//328
f 328//328 94//94 318//318
f 328//328 318//318 326//326
f 326//326 318//318 445//445
f 326//326 445//445 392//392
f 392//392 445//445 447//447
f 392//392 447//447 393//393
f 378//378 379//379 106//106
f 106//106 379//379 381//381
f 106//106 381//381 93//93
f 93//93 381//381 377//377
f 93//93 377//377 96//96
f 96//96 377//377 376//376
f 96//96 376//376 97//97
f 97//97 376//376 374//374
f 97//97 374//374 98//98
f 332//332 331//331 374//374
f 374//374 331//331 334//334
f 374//374 334//334 98//98
f 98//98 334//334 448//448
f 98//98 448//448 317//317
f 449//449 450//450 337//337
f 450//450 451//451 337//337
f 337//337 451//451 452//452
f 337//337 452//452 363//363
f 363//363 452//452 453//453
f 363//363 453//453 86//86
f 454//454 455//455 456//456
f 456//456 457//457 454//454
f 454//454 457//457 458//458
f 454//454 458//458 459//459
f 459//459 458//458 460//460
f 459//459 460//460 461//461
f 462//462 463//463 464//464
f 464//464 463//463 465//465
f 464//464 465//465 456//456
f 456//456 465//465 466//466
f 456//456 466//466 457//457
f 457//457 466//466 467//467
f 457//457 467//467 458//458
f 458//458 467//467 468//468
f 458//458 468//468 460//460
f 460//460 468//468 469//469
f 460//460 469//469 461//461
f 461//461 469//469 470//470
f 471//471 472//472 337//337
f 337//337 472//472 473//473
f 337//337 473//473 474//474
f 474//474 462//462 337//337
f 337//337 462//462 464//464
f 337//337 464//464 449//449
f 449//449 464//464 456//456
f 449//449 456//456 475//475
f 475//475 456//456 455//455
f 116//116 114//114 336//336
f 336//336 114//114 476//476
f 336//336 476//476 337//337
f 337//337 476//476 477//477
f 337//337 477//477 471//471
f 119//119 478//478 120//120
f 120//120 478//478 479//479
f 120//120 479//479 316//316
f 316//316 479//479 480//480
f 316//316 480//480 481//481
f 481//481 480//480 482//482
f 128//128 127//127 339//339
f 339//339 127//127 316//316
f 339//339 316//316 340//340
f 340//340 316//316 481//481
f 340//340 481//481 357//357
f 357//357 481//481 482//482
f 357//357 482//482 355//355
f 341//341 342//342 131//131
f 131//131 342//342 344//344
f 131//131 344//344 121//121
f 121//121 344//344 410//410
f 121//121 410//410 122//122
f 122//122 410//410 412//412
f 122//122 412//412 123//123
f 123//123 412//412 413//413
f 123//123 413//413 124//124
f 321//321 320//320 413//413
f 413//413 320//320 409//409
f 413//413 409//409 124//124
f 124//124 409//409 483//483
f 124//124 483//483 315//315
f 484//484 485//485 165//165
f 165//165 166//166 484//484
f 484//484 166//166 167//167
f 484//484 167//167 486//486
f 486//486 167//167 143//143
f 486//486 143//143 142//142
f 182//182 165//165 487//487
f 487//487 165//165 485//485
f 487//487 485//485 488//488
f 488//488 485//485 489//489
f 488//488 489//489 490//490
f 490//490 489//489 491//491
f 490//490 491//491 492//492
f 493//493 494//494 491//491
f 491//491 494//494 495//495
f 491//491 495//495 492//492
f 496//496 497//497 498//498
f 498//498 497//497 499//499
f 498//498 499//499 500//500
f 500//500 499//499 501//501
f 500//500 501//501 502//502
f 502//502 501//501 503//503
f 502//502 503//503 504//504
f 504//504 503//503 505//505
f 504//504 505//505 493//493
f 493//493 505//505 506//506
f 493//493 506//506 494//494
f 496//496 498//498 507//507
f 507//507 498//498 508//508
f 507//507 508//508 509//509
f 509//509 508//508 510//510
f 509//509 510//510 511//511
f 511//511 510//510 512//512
f 511//511 512//512 513//513
f 513//513 512//512 514//514
f 513//513 514//514 515//515
f 515//515 514//514 516//516
f 515//515 516//516 517//517
f 517//517 516//516 518//518
f 517//517 518//518 519//519
f 519//519 518//518 520//520
f 519//519 520//520 521//521
f 521//521 520//520 522//522
f 521//521 522//522 523//523
f 523//523 522//522 524//524
f 523//523 524//524 525//525
f 526//526 527//527 528//528
f 528//528 527//527 529//529
f 528//528 529//529 530//530
f 530//530 529//529 531//531
f 530//530 531//531 532//532
f 532//532 531//531 533//533
f 532//532 533//533 534//534
f 534//534 533//533 535//535
f 534//534 535//535 524//524
f 524//524 535//535 536//536
f 524//524 536//536 525//525
f 537//537 538//538 526//526
f 526//526 538//538 539//539
f 526//526 539//539 527//527
f 537//537 526//526 540//540
f 540//540 526//526 541//541
f 540//540 541//541 542//542
f 542//542 541//541 543//543
f 542//542 543//543 544//544
f 544//544 543//543 545//545
f 544//544 545//545 546//546
f 547//547 548//548 549//549
f 549//549 548//548 550//550
f 549//549 550//550 551//551
f 547//547 552//552 548//548
f 548//548 552//552 553//553
f 548//548 553//553 545//545
f 545//545 553//553 554//554
f 545//545 554//554 546//546
f 555//555 556//556 548//548
f 548//548 556//556 557//557
f 548//548 557//557 550//550
f 548//548 558//558 559//559
f 559//559 560//560 548//548
f 548//548 560//560 561//561
f 548//548 561//561 555//555
f 502//502 562//562 500//500
f 562//562 502//502 504//504
f 563//563 564//564 565//565
f 566//566 567//567 568//568
f 569//569 570//570 571//571
f 571//571 570//570 564//564
f 572//572 573//573 565//565
f 565//565 573//573 574//574
f 565//565 574//574 563//563
f 575//575 576//576 577//577
f 577//577 576//576 578//578
f 577//577 578//578 579//579
f 579//579 578//578 580//580
f 579//579 580//580 572//572
f 572//572 580//580 581//581
f 572//572 581//581 573//573
f 575//575 582//582 583//583
f 583//583 582//582 584//584
f 575//575 577//577 582//582
f 582//582 577//577 585//585
f 582//582 585//585 584//584
f 584//584 585//585 586//586
f 584//584 586//586 587//587
f 568//568 567//567 588//588
f 567//567 589//589 588//588
f 588//588 589//589 590//590
f 588//588 590//590 586//586
f 586//586 590//590 591//591
f 586//586 591//591 587//587
f 592//592 593//593 594//594
f 592//592 594//594 595//595
f 486//486 596//596 484//484
f 484//484 596//596 597//597
f 484//484 597//597 485//485
f 598//598 599//599 585//585
f 585//585 599//599 600//600
f 545//545 601//601 548//548
f 548//548 601//601 602//602
f 548//548 602//602 558//558
f 558//558 602//602 603//603
f 558//558 603//603 486//486
f 486//486 603//603 604//604
f 486//486 604//604 596//596
f 491//491 489//489 605//605
f 605//605 489//489 485//485
f 491//491 606//606 607//607
f 608//608 609//609 577//577
f 577//577 609//609 610//610
f 491//491 607//607 493//493
f 608//608 577//577 611//611
f 611//611 577//577 579//579
f 611//611 579//579 612//612
f 607//607 613//613 493//493
f 493//493 613//613 614//614
f 493//493 614//614 504//504
f 504//504 614//614 615//615
f 504//504 615//615 562//562
f 562//562 615//615 616//616
f 562//562 616//616 579//579
f 579//579 616//616 617//617
f 579//579 617//617 612//612
f 618//618 619//619 572//572
f 619//619 620//620 572//572
f 572//572 620//620 621//621
f 572//572 621//621 579//579
f 579//579 621//621 622//622
f 622//622 623//623 579//579
f 579//579 623//623 624//624
f 579//579 624//624 562//562
f 562//562 624//624 625//625
f 562//562 625//625 500//500
f 500//500 625//625 626//626
f 500//500 626//626 498//498
f 627//627 508//508 628//628
f 628//628 508//508 498//498
f 628//628 498//498 629//629
f 629//629 498//498 626//626
f 508//508 630//630 510//510
f 510//510 630//630 631//631
f 510//510 631//631 512//512
f 632//632 633//633 634//634
f 633//633 635//635 634//634
f 634//634 635//635 636//636
f 634//634 636//636 631//631
f 514//514 637//637 516//516
f 516//516 637//637 638//638
f 516//516 638//638 518//518
f 638//638 639//639 518//518
f 518//518 639//639 640//640
f 518//518 640//640 520//520
f 636//636 641//641 631//631
f 631//631 641//641 642//642
f 631//631 642//642 512//512
f 512//512 642//642 643//643
f 512//512 643//643 514//514
f 514//514 643//643 644//644
f 514//514 644//644 637//637
f 524//524 522//522 645//645
f 645//645 522//522 520//520
f 568//568 646//646 647//647
f 646//646 568//568 648//648
f 648//648 568//568 530//530
f 648//648 530//530 649//649
f 649//649 530//530 532//532
f 649//649 532//532 650//650
f 650//650 532//532 534//534
f 650//650 534//534 651//651
f 647//647 652//652 568//568
f 568//568 652//652 653//653
f 568//568 653//653 566//566
f 566//566 653//653 654//654
f 652//652 655//655 653//653
f 653//653 655//655 656//656
f 653//653 656//656 657//657
f 651//651 534//534 658//658
f 658//658 534//534 524//524
f 658//658 524//524 659//659
f 640//640 632//632 520//520
f 520//520 632//632 634//634
f 520//520 634//634 645//645
f 645//645 634//634 653//653
f 645//645 653//653 524//524
f 524//524 653//653 657//657
f 524//524 657//657 659//659
f 526//526 660//660 541//541
f 541//541 660//660 661//661
f 662//662 663//663 588//588
f 663//663 664//664 588//588
f 588//588 664//664 665//665
f 588//588 665//665 568//568
f 568//568 665//665 666//666
f 666//666 667//667 568//568
f 568//568 667//667 668//668
f 568//568 668//668 530//530
f 530//530 668//668 669//669
f 530//530 669//669 528//528
f 528//528 669//669 670//670
f 528//528 670//670 526//526
f 526//526 670//670 671//671
f 526//526 671//671 660//660
f 541//541 672//672 543//543
f 543//543 672//672 594//594
f 543//543 594//594 545//545
f 545//545 594//594 593//593
f 545//545 593//593 601//601
f 627//627 618//618 508//508
f 508//508 618//618 572//572
f 508//508 572//572 630//630
f 630//630 572//572 565//565
f 630//630 565//565 631//631
f 631//631 565//565 564//564
f 631//631 564//564 634//634
f 634//634 564//564 570//570
f 634//634 570//570 653//653
f 653//653 570//570 569//569
f 653//653 569//569 654//654
f 600//600 595//595 585//585
f 585//585 595//595 594//594
f 585//585 594//594 586//586
f 586//586 594//594 672//672
f 586//586 672//672 588//588
f 588//588 672//672 541//541
f 588//588 541//541 662//662
f 662//662 541//541 661//661
f 597//597 598//598 485//485
f 485//485 598//598 585//585
f 485//485 585//585 605//605
f 605//605 585//585 577//577
f 605//605 577//577 491//491
f 491//491 577//577 610//610
f 491//491 610//610 606//606
f 629//629 673//673 628//628
f 628//628 673//673 674//674
f 628//628 674//674 627//627
f 627//627 674//674 675//675
f 627//627 675//675 618//618
f 618//618 675//675 676//676
f 618//618 676//676 619//619
f 619//619 676//676 677//677
f 619//619 677//677 620//620
f 620//620 677//677 678//678
f 620//620 678//678 621//621
f 621//621 678//678 679//679
f 621//621 679//679 622//622
f 622//622 679//679 680//680
f 622//622 680//680 623//623
f 623//623 680//680 681//681
f 623//623 681//681 624//624
f 624//624 681//681 682//682
f 624//624 682//682 625//625
f 625//625 682//682 683//683
f 625//625 683//683 626//626
f 626//626 683//683 684//684
f 626//626 684//684 629//629
f 629//629 684//684 673//673
f 614//614 685//685 615//615
f 615//615 685//685 686//686
f 615//615 686//686 616//616
f 616//616 686//686 687//687
f 616//616 687//687 617//617
f 617//617 687//687 688//688
f 617//617 688//688 612//612
f 612//612 688//688 689//689
f 612//612 689//689 611//611
f 611//611 689//689 690//690
f 611//611 690//690 608//608
f 608//608 690//690 691//691
f 608//608 691//691 609//609
f 609//609 691//691 692//692
f 609//609 692//692 610//610
f 610//610 692//692 693//693
f 610//610 693//693 606//606
f 606//606 693//693 694//694
f 606//606 694//694 607//607
f 607//607 694//694 695//695
f 607//607 695//695 613//613
f 613//613 695//695 696//696
f 613//613 696//696 614//614
f 614//614 696//696 685//685
f 598//598 697//697 599//599
f 599//599 697//697 698//698
f 599//599 698//698 600//600
f 600//600 698//698 699//699
f 600//600 699//699 595//595
f 595//595 699//699 700//700
f 595//595 700//700 592//592
f 592//592 700//700 701//701
f 592//592 701//701 593//593
f 593//593 701//701 702//702
f 593//593 702//702 601//601
f 601//601 702//702 703//703
f 601//601 703//703 602//602
f 602//602 703//703 704//704
f 602//602 704//704 603//603
f 603//603 704//704 705//705
f 603//603 705//705 604//604
f 604//604 705//705 706//706
f 604//604 706//706 596//596
f 596//596 706//706 707//707
f 596//596 707//707 597//597
f 597//597 707//707 708//708
f 597//597 708//708 598//598
f 598//598 708//708 697//697
f 665//665 709//709 666//666
f 666//666 709//709 710//710
f 666//666 710//710 667//667
f 667//667 710//710 711//711
f 667//667 711//711 668//668
f 668//668 711//711 712//712
f 668//668 712//712 669//669
f 669//669 712//712 713//713
f 669//669 713//713 670//670
f 670//670 713//713 714//714
f 670//670 714//714 671//671
f 671//671 714//714 715//715
f 671//671 715//715 660//660
f 660//660 715//715 716//716
f 660//660 716//716 661//661
f 661//661 716//716 717//717
f 661//661 717//717 662//662
f 662//662 717//717 718//718
f 662//662 718//718 663//663
f 663//663 718//718 719//719
f 663//663 719//719 664//664
f 664//664 719//719 720//720
f 664//664 720//720 665//665
f 665//665 720//720 709//709
f 655//655 721//721 656//656
f 656//656 721//721 722//722
f 656//656 722//722 657//657
f 657//657 722//722 723//723
f 657//657 723//723 659//659
f 659//659 723//723 724//724
f 659//659 724//724 658//658
f 658//658 724//724 725//725
f 658//658 725//725 651//651
f 651//651 725//725 726//726
f 651//651 726//726 650//650
f 650//650 726//726 727//727
f 650//650 727//727 649//649
f 649//649 727//727 728//728
f 649//649 728//728 648//648
f 648//648 728//728 729//729
f 648//648 729//729 646//646
f 646//646 729//729 730//730
f 646//646 730//730 647//647
f 647//647 730//730 731//731
f 647//647 731//731 652//652
f 652//652 731//731 732//732
f 652//652 732//732 655//655
f 655//655 732//732 721//721
f 643//643 733//733 644//644
f 644//644 733//733 734//734
f 644//644 734//734 637//637
f 637//637 734//734 735//735
f 637//637 735//735 638//638
f 638//638 735//735 736//736
f 638//638 736//736 639//639
f 639//639 736//736 737//737
f 639//639 737//737 640//640
f 640//640 737//737 738//738
f 640//640 738//738 632//632
f 632//632 738//738 739//739
f 632//632 739//739 633//633
f 633//633 739//739 740//740
f 633//633 740//740 635//635
f 635//635 740//740 741//741
f 635//635 741//741 636//636
f 636//636 741//741 742//742
f 636//636 742//742 641//641
f 641//641 742//742 743//743
f 641//641 743//743 642//642
f 642//642 743//743 744//744
f 642//642 744//744 643//643
f 643//643 744//744 733//733
f 745//745 746//746 747//747
f 748//748 749//749 750//750
f 751//751 752//752 753//753
f 525//525 754//754 523//523
f 539//539 538//538 749//749
f 544//544 755//755 542//542
f 756//756 757//757 755//755
f 311//311 758//758 313//313
f 309//309 759//759 311//311
f 240//240 272//272 760//760
f 283//283 761//761 293//293
f 281//281 762//762 283//283
f 281//281 279//279 745//745
f 763//763 764//764 765//765
f 765//765 764//764 766//766
f 767//767 768//768 765//765
f 765//765 768//768 769//769
f 765//765 769//769 763//763
f 770//770 771//771 301//301
f 301//301 771//771 772//772
f 773//773 745//745 774//774
f 774//774 745//745 279//279
f 774//774 279//279 775//775
f 775//775 279//279 302//302
f 775//775 302//302 776//776
f 776//776 302//302 301//301
f 776//776 301//301 777//777
f 777//777 301//301 772//772
f 299//299 298//298 778//778
f 778//778 298//298 779//779
f 752//752 780//780 292//292
f 292//292 780//780 781//781
f 292//292 781//781 290//290
f 781//781 782//782 290//290
f 290//290 782//782 783//783
f 290//290 783//783 277//277
f 277//277 783//783 784//784
f 277//277 784//784 275//275
f 275//275 784//784 785//785
f 275//275 785//785 274//274
f 786//786 787//787 788//788
f 786//786 788//788 789//789
f 760//760 790//790 240//240
f 240//240 790//790 788//788
f 240//240 788//788 304//304
f 304//304 788//788 787//787
f 750//750 791//791 314//314
f 314//314 791//791 792//792
f 314//314 792//792 268//268
f 268//268 792//792 793//793
f 268//268 793//793 270//270
f 270//270 793//793 794//794
f 270//270 794//794 795//795
f 796//796 797//797 798//798
f 798//798 799//799 796//796
f 796//796 799//799 800//800
f 796//796 800//800 801//801
f 554//554 802//802 546//546
f 546//546 802//802 803//803
f 546//546 803//803 796//796
f 796//796 803//803 804//804
f 796//796 804//804 797//797
f 795//795 805//805 270//270
f 270//270 805//805 806//806
f 270//270 806//806 801//801
f 801//801 806//806 756//756
f 801//801 756//756 796//796
f 796//796 756//756 755//755
f 796//796 755//755 546//546
f 546//546 755//755 544//544
f 757//757 807//807 755//755
f 755//755 807//807 808//808
f 755//755 808//808 542//542
f 808//808 809//809 542//542
f 542//542 809//809 810//810
f 542//542 810//810 540//540
f 540//540 810//810 811//811
f 540//540 811//811 537//537
f 811//811 812//812 537//537
f 537//537 812//812 813//813
f 537//537 813//813 538//538
f 813//813 814//814 538//538
f 538//538 814//814 815//815
f 538//538 815//815 749//749
f 749//749 815//815 816//816
f 816//816 817//817 749//749
f 749//749 817//817 818//818
f 749//749 818//818 819//819
f 819//819 820//820 749//749
f 749//749 820//820 821//821
f 749//749 821//821 750//750
f 750//750 821//821 822//822
f 750//750 822//822 791//791
f 539//539 749//749 527//527
f 527//527 749//749 748//748
f 527//527 748//748 529//529
f 529//529 748//748 823//823
f 529//529 823//823 531//531
f 531//531 823//823 824//824
f 531//531 824//824 533//533
f 533//533 824//824 535//535
f 535//535 824//824 825//825
f 535//535 825//825 826//826
f 826//826 827//827 535//535
f 535//535 827//827 828//828
f 535//535 828//828 536//536
f 536//536 828//828 829//829
f 536//536 829//829 525//525
f 525//525 829//829 830//830
f 830//830 831//831 525//525
f 525//525 831//831 832//832
f 525//525 832//832 754//754
f 754//754 832//832 833//833
f 834//834 835//835 519//519
f 834//834 519//519 836//836
f 785//785 837//837 274//274
f 274//274 837//837 838//838
f 274//274 838//838 272//272
f 272//272 838//838 839//839
f 272//272 839//839 760//760
f 760//760 839//839 840//840
f 760//760 840//840 841//841
f 833//833 789//789 754//754
f 754//754 789//789 788//788
f 754//754 788//788 523//523
f 523//523 788//788 790//790
f 523//523 790//790 521//521
f 521//521 790//790 760//760
f 521//521 760//760 519//519
f 519//519 760//760 841//841
f 519//519 841//841 836//836
f 835//835 842//842 519//519
f 519//519 842//842 843//843
f 519//519 843//843 517//517
f 843//843 844//844 517//517
f 517//517 844//844 845//845
f 517//517 845//845 515//515
f 515//515 845//845 846//846
f 846//846 847//847 515//515
f 515//515 847//847 848//848
f 515//515 848//848 849//849
f 511//511 513//513 850//850
f 850//850 513//513 515//515
f 850//850 515//515 753//753
f 753//753 515//515 849//849
f 753//753 849//849 751//751
f 779//779 851//851 778//778
f 778//778 851//851 852//852
f 778//778 852//852 853//853
f 853//853 852//852 854//854
f 853//853 854//854 855//855
f 752//752 292//292 753//753
f 753//753 292//292 299//299
f 753//753 299//299 850//850
f 850//850 299//299 778//778
f 850//850 778//778 511//511
f 511//511 778//778 853//853
f 511//511 853//853 509//509
f 509//509 853//853 855//855
f 509//509 855//855 856//856
f 856//856 857//857 509//509
f 509//509 857//857 858//858
f 509//509 858//858 507//507
f 507//507 858//858 859//859
f 859//859 860//860 507//507
f 507//507 860//860 861//861
f 507//507 861//861 496//496
f 746//746 501//501 747//747
f 747//747 501//501 499//499
f 747//747 499//499 862//862
f 862//862 499//499 497//497
f 862//862 497//497 863//863
f 863//863 497//497 496//496
f 506//506 505//505 746//746
f 746//746 505//505 503//503
f 746//746 503//503 501//501
f 864//864 865//865 746//746
f 864//864 746//746 866//866
f 773//773 867//867 745//745
f 745//745 867//867 868//868
f 745//745 868//868 746//746
f 746//746 868//868 869//869
f 746//746 869//869 866//866
f 865//865 870//870 746//746
f 746//746 870//870 871//871
f 746//746 871//871 506//506
f 871//871 872//872 506//506
f 506//506 872//872 873//873
f 506//506 873//873 494//494
f 494//494 873//873 874//874
f 494//494 874//874 495//495
f 495//495 874//874 875//875
f 495//495 875//875 492//492
f 875//875 876//876 492//492
f 492//492 876//876 877//877
f 492//492 877//877 878//878
f 878//878 877//877 879//879
f 301//301 767//767 770//770
f 770//770 767//767 765//765
f 770//770 765//765 880//880
f 880//880 765//765 878//878
f 880//880 878//878 881//881
f 881//881 878//878 879//879
f 766//766 487//487 765//765
f 765//765 487//487 488//488
f 765//765 488//488 878//878
f 878//878 488//488 490//490
f 878//878 490//490 492//492
f 787//787 882//882 304//304
f 304//304 882//882 883//883
f 304//304 883//883 305//305
f 305//305 883//883 884//884
f 305//305 884//884 307//307
f 307//307 884//884 885//885
f 307//307 885//885 309//309
f 309//309 885//885 886//886
f 309//309 886//886 759//759
f 759//759 886//886 887//887
f 759//759 887//887 888//888
f 889//889 890//890 823//823
f 823//823 890//890 891//891
f 891//891 892//892 823//823
f 823//823 892//892 893//893
f 823//823 893//893 824//824
f 824//824 893//893 894//894
f 824//824 894//894 825//825
f 895//895 896//896 761//761
f 761//761 896//896 897//897
f 761//761 897//897 293//293
f 293//293 897//897 898//898
f 293//293 898//898 294//294
f 294//294 898//898 899//899
f 294//294 899//899 296//296
f 296//296 899//899 900//900
f 296//296 900//900 298//298
f 298//298 900//900 901//901
f 298//298 901//901 779//779
f 861//861 902//902 496//496
f 496//496 902//902 903//903
f 496//496 903//903 863//863
f 863//863 903//903 904//904
f 863//863 904//904 862//862
f 862//862 904//904 905//905
f 905//905 906//906 862//862
f 862//862 906//906 907//907
f 862//862 907//907 908//908
f 888//888 889//889 759//759
f 759//759 889//889 823//823
f 759//759 823//823 311//311
f 311//311 823//823 748//748
f 311//311 748//748 758//758
f 758//758 748//748 750//750
f 758//758 750//750 313//313
f 313//313 750//750 314//314
f 281//281 745//745 762//762
f 762//762 745//745 747//747
f 762//762 747//747 283//283
f 283//283 747//747 862//862
f 283//283 862//862 761//761
f 761//761 862//862 908//908
f 761//761 908//908 895//895
f 241//241 909//909 242//242
f 242//242 909//909 910//910
f 911//911 912//912 198//198
f 913//913 211//211 914//914
f 914//914 211//211 232//232
f 914//914 232//232 915//915
f 198//198 205//205 911//911
f 911//911 205//205 207//207
f 911//911 207//207 913//913
f 913//913 207//207 209//209
f 913//913 209//209 211//211
f 910//910 916//916 242//242
f 242//242 916//916 917//917
f 242//242 917//917 918//918
f 918//918 917//917 919//919
f 918//918 919//919 920//920
f 920//920 919//919 914//914
f 920//920 914//914 921//921
f 921//921 914//914 915//915
f 20//20 19//19 223//223
f 223//223 19//19 922//922
f 223//223 922//922 222//222
f 222//222 922//922 923//923
f 222//222 923//923 224//224
f 224//224 923//923 924//924
f 224//224 924//924 225//225
f 225//225 924//924 925//925
f 225//225 925//925 226//226
f 226//226 925//925 926//926
f 226//226 926//926 218//218
f 218//218 926//926 927//927
f 173//173 175//175 251//251
f 218//218 927//927 220//220
f 220//220 927//927 928//928
f 220//220 928//928 221//221
f 221//221 928//928 929//929
f 930//930 214//214 929//929
f 929//929 214//214 216//216
f 929//929 216//216 221//221
f 173//173 251//251 931//931
f 931//931 251//251 932//932
f 931//931 932//932 930//930
f 930//930 932//932 933//933
f 930//930 933//933 934//934
f 934//934 935//935 930//930
f 930//930 935//935 212//212
f 930//930 212//212 214//214
f 919//919 185//185 914//914
f 914//914 185//185 426//426
f 914//914 426//426 913//913
f 426//426 424//424 913//913
f 913//913 424//424 434//434
f 913//913 434//434 911//911
f 911//911 434//434 433//433
f 911//911 433//433 431//431
f 431//431 936//936 911//911
f 911//911 936//936 937//937
f 911//911 937//937 912//912
f 912//912 937//937 938//938
f 559//559 939//939 560//560
f 560//560 939//939 940//940
f 560//560 940//940 561//561
f 561//561 940//940 941//941
f 561//561 941//941 555//555
f 555//555 941//941 942//942
f 551//551 550//550 943//943
f 943//943 550//550 557//557
f 943//943 557//557 556//556
f 942//942 944//944 555//555
f 555//555 944//944 945//945
f 555//555 945//945 556//556
f 556//556 945//945 943//943
f 943//943 945//945 946//946
f 943//943 946//946 910//910
f 910//910 946//946 189//189
f 910//910 189//189 916//916
f 916//916 189//189 188//188
f 916//916 188//188 917//917
f 917//917 188//188 919//919
f 919//919 188//188 192//192
f 919//919 192//192 185//185
f 248//248 177//177 947//947
f 947//947 177//177 176//176
f 241//241 289//289 909//909
f 948//948 7//7 2//2
f 198//198 912//912 938//938
f 198//198 938//938 199//199
f 938//938 949//949 199//199
f 199//199 949//949 950//950
f 199//199 950//950 201//201
f 950//950 951//951 201//201
f 201//201 951//951 952//952
f 201//201 952//952 202//202
f 202//202 952//952 953//953
f 202//202 953//953 203//203
f 953//953 954//954 203//203
f 203//203 954//954 955//955
f 203//203 955//955 204//204
f 204//204 955//955 956//956
f 204//204 956//956 2//2
f 2//2 956//956 957//957
f 2//2 957//957 948//948
f 935//935 934//934 958//958
f 959//959 915//915 232//232
f 960//960 920//920 921//921
f 253//253 242//242 918//918
f 934//934 933//933 961//961
f 961//961 933//933 932//932
f 961//961 932//932 251//251
f 232//232 233//233 959//959
f 959//959 233//233 234//234
f 959//959 234//234 962//962
f 962//962 234//234 231//231
f 962//962 231//231 958//958
f 958//958 231//231 212//212
f 958//958 212//212 935//935
f 934//934 961//961 958//958
f 958//958 961//961 963//963
f 958//958 963//963 962//962
f 962//962 963//963 960//960
f 962//962 960//960 959//959
f 959//959 960//960 921//921
f 959//959 921//921 915//915
f 251//251 256//256 961//961
f 961//961 256//256 255//255
f 961//961 255//255 963//963
f 963//963 255//255 253//253
f 963//963 253//253 960//960
f 960//960 253//253 918//918
f 960//960 918//918 920//920
f 964//964 965//965 966//966
f 949//949 938//938 937//937
f 952//952 951//951 967//967
f 967//967 951//951 950//950
f 967//967 950//950 949//949
f 954//954 968//968 955//955
f 955//955 968//968 969//969
f 955//955 969//969 956//956
f 8//8 7//7 970//970
f 970//970 7//7 948//948
f 948//948 957//957 970//970
f 970//970 957//957 956//956
f 970//970 956//956 971//971
f 971//971 956//956 969//969
f 971//971 969//969 964//964
f 964//964 969//969 968//968
f 964//964 968//968 965//965
f 954//954 953//953 968//968
f 968//968 953//953 952//952
f 968//968 952//952 965//965
f 965//965 952//952 967//967
f 965//965 967//967 966//966
f 966//966 967//967 972//972
f 966//966 972//972 973//973
f 973//973 972//972 974//974
f 936//936 431//431 975//975
f 949//949 937//937 967//967
f 967//967 937//937 936//936
f 967//967 936//936 972//972
f 972//972 936//936 975//975
f 972//972 975//975 974//974
f 976//976 977//977 978//978
f 16//16 979//979 21//21
f 980//980 981//981 982//982
f 983//983 984//984 985//985
f 29//29 27//27 986//986
f 985//985 984//984 987//987
f 987//987 984//984 988//988
f 987//987 988//988 989//989
f 989//989 988//988 990//990
f 989//989 990//990 991//991
f 35//35 33//33 992//992
f 993//993 994//994 995//995
f 986//986 996//996 29//29
f 29//29 996//996 997//997
f 29//29 997//997 31//31
f 31//31 997//997 998//998
f 31//31 998//998 33//33
f 33//33 998//998 999//999
f 33//33 999//999 992//992
f 983//983 985//985 994//994
f 994//994 985//985 1000//1000
f 994//994 1000//1000 995//995
f 992//992 993//993 35//35
f 35//35 993//993 995//995
f 35//35 995//995 37//37
f 37//37 995//995 1001//1001
f 37//37 1001//1001 39//39
f 39//39 1001//1001 1002//1002
f 39//39 1002//1002 43//43
f 52//52 51//51 1003//1003
f 1004//1004 1005//1005 52//52
f 52//52 1005//1005 54//54
f 1006//1006 1007//1007 1008//1008
f 1009//1009 1005//1005 1010//1010
f 1010//1010 1005//1005 1006//1006
f 1010//1010 1006//1006 1011//1011
f 1011//1011 1006//1006 1008//1008
f 1009//1009 1012//1012 1005//1005
f 1005//1005 1012//1012 1013//1013
f 1005//1005 1013//1013 54//54
f 1013//1013 1014//1014 54//54
f 54//54 1014//1014 1015//1015
f 54//54 1015//1015 56//56
f 56//56 1015//1015 1016//1016
f 56//56 1016//1016 58//58
f 58//58 1016//1016 1017//1017
f 58//58 1017//1017 1018//1018
f 1019//1019 1020//1020 1006//1006
f 1006//1006 1020//1020 58//58
f 1006//1006 58//58 1007//1007
f 1007//1007 58//58 1018//1018
f 1020//1020 1021//1021 58//58
f 58//58 1021//1021 1022//1022
f 58//58 1022//1022 60//60
f 70//70 72//72 1023//1023
f 1024//1024 1025//1025 1026//1026
f 76//76 78//78 1027//1027
f 61//61 1028//1028 64//64
f 64//64 1028//1028 1029//1029
f 64//64 1029//1029 79//79
f 79//79 1029//1029 1030//1030
f 79//79 1030//1030 78//78
f 78//78 1030//1030 1031//1031
f 78//78 1031//1031 1027//1027
f 1027//1027 1032//1032 76//76
f 76//76 1032//1032 1033//1033
f 76//76 1033//1033 74//74
f 74//74 1033//1033 1034//1034
f 74//74 1034//1034 72//72
f 72//72 1034//1034 1035//1035
f 72//72 1035//1035 1023//1023
f 1025//1025 1036//1036 1026//1026
f 1026//1026 1036//1036 1037//1037
f 1026//1026 1037//1037 1030//1030
f 1030//1030 1037//1037 1038//1038
f 1030//1030 1038//1038 1031//1031
f 1026//1026 1039//1039 1040//1040
f 1023//1023 1024//1024 70//70
f 70//70 1024//1024 1026//1026
f 70//70 1026//1026 68//68
f 68//68 1026//1026 1040//1040
f 68//68 1040//1040 4//4
f 4//4 1040//1040 3//3
f 1041//1041 1042//1042 1043//1043
f 977//977 12//12 978//978
f 978//978 12//12 10//10
f 978//978 10//10 1043//1043
f 1043//1043 10//10 9//9
f 1043//1043 9//9 1041//1041
f 977//977 1044//1044 12//12
f 12//12 1044//1044 1045//1045
f 12//12 1045//1045 14//14
f 1046//1046 979//979 1047//1047
f 1047//1047 979//979 1048//1048
f 1047//1047 1048//1048 1049//1049
f 25//25 22//22 1050//1050
f 1050//1050 22//22 21//21
f 1050//1050 21//21 1051//1051
f 1046//1046 1052//1052 979//979
f 979//979 1052//1052 1053//1053
f 979//979 1053//1053 21//21
f 21//21 1053//1053 1054//1054
f 21//21 1054//1054 1051//1051
f 1029//1029 1055//1055 1030//1030
f 1030//1030 1055//1055 1056//1056
f 1030//1030 1056//1056 1026//1026
f 1026//1026 1056//1056 1057//1057
f 1026//1026 1057//1057 1039//1039
f 1022//1022 1058//1058 60//60
f 60//60 1058//1058 1059//1059
f 60//60 1059//1059 61//61
f 61//61 1059//1059 1060//1060
f 61//61 1060//1060 1028//1028
f 1028//1028 1060//1060 1061//1061
f 1028//1028 1061//1061 1029//1029
f 1062//1062 1063//1063 1064//1064
f 1064//1064 1063//1063 1065//1065
f 1064//1064 1065//1065 1066//1066
f 1066//1066 1065//1065 1029//1029
f 1066//1066 1029//1029 1067//1067
f 1067//1067 1029//1029 1061//1061
f 1062//1062 1019//1019 1063//1063
f 1063//1063 1019//1019 1006//1006
f 1063//1063 1006//1006 1068//1068
f 1068//1068 1006//1006 1005//1005
f 1068//1068 1005//1005 1069//1069
f 1069//1069 1005//1005 1004//1004
f 1069//1069 1004//1004 1070//1070
f 1003//1003 1071//1071 52//52
f 52//52 1071//1071 1072//1072
f 52//52 1072//1072 1004//1004
f 1004//1004 1072//1072 1073//1073
f 1004//1004 1073//1073 1070//1070
f 1070//1070 1073//1073 1074//1074
f 1070//1070 1074//1074 1075//1075
f 1074//1074 1076//1076 1075//1075
f 1075//1075 1076//1076 1077//1077
f 1075//1075 1077//1077 1001//1001
f 1077//1077 1078//1078 1001//1001
f 1001//1001 1078//1078 1079//1079
f 1001//1001 1079//1079 1002//1002
f 1002//1002 1079//1079 1080//1080
f 1002//1002 1080//1080 43//43
f 43//43 1080//1080 1081//1081
f 43//43 1081//1081 51//51
f 51//51 1081//1081 1082//1082
f 51//51 1082//1082 1003//1003
f 1051//1051 1083//1083 1050//1050
f 1050//1050 1083//1083 1084//1084
f 1050//1050 1084//1084 25//25
f 25//25 1084//1084 991//991
f 25//25 991//991 27//27
f 27//27 991//991 990//990
f 27//27 990//990 986//986
f 1083//1083 1085//1085 1084//1084
f 1084//1084 1085//1085 1086//1086
f 1084//1084 1086//1086 1087//1087
f 1086//1086 1088//1088 1087//1087
f 1087//1087 1088//1088 1089//1089
f 1087//1087 1089//1089 1090//1090
f 1089//1089 1049//1049 1090//1090
f 1090//1090 1049//1049 1048//1048
f 1090//1090 1048//1048 1091//1091
f 1091//1091 1048//1048 1092//1092
f 1091//1091 1092//1092 1093//1093
f 1093//1093 1092//1092 982//982
f 1093//1093 982//982 1094//1094
f 1094//1094 982//982 981//981
f 981//981 1095//1095 1094//1094
f 1094//1094 1095//1095 1096//1096
f 1094//1094 1096//1096 1097//1097
f 1096//1096 1098//1098 1097//1097
f 1097//1097 1098//1098 1099//1099
f 1097//1097 1099//1099 1039//1039
f 1039//1039 1099//1099 1100//1100
f 1039//1039 1100//1100 1040//1040
f 1040//1040 1100//1100 1101//1101
f 1040//1040 1101//1101 3//3
f 3//3 1101//1101 1102//1102
f 3//3 1102//1102 9//9
f 9//9 1102//1102 1103//1103
f 9//9 1103//1103 1041//1041
f 1045//1045 1104//1104 14//14
f 14//14 1104//1104 1105//1105
f 14//14 1105//1105 16//16
f 16//16 1105//1105 1106//1106
f 16//16 1106//1106 979//979
f 979//979 1106//1106 1107//1107
f 979//979 1107//1107 1048//1048
f 1048//1048 1107//1107 1108//1108
f 1109//1109 1092//1092 1110//1110
f 1110//1110 1092//1092 1048//1048
f 1110//1110 1048//1048 1111//1111
f 1111//1111 1048//1048 1108//1108
f 1042//1042 980//980 1043//1043
f 1043//1043 980//980 982//982
f 1043//1043 982//982 978//978
f 978//978 982//982 1092//1092
f 978//978 1092//1092 976//976
f 976//976 1092//1092 1109//1109
f 1055//1055 377//377 381//381
f 1055//1055 381//381 1056//1056
f 377//377 1055//1055 375//375
f 375//375 1055//1055 1029//1029
f 375//375 1029//1029 332//332
f 332//332 1029//1029 1065//1065
f 332//332 1065//1065 330//330
f 330//330 1065//1065 1063//1063
f 330//330 1063//1063 366//366
f 366//366 1063//1063 1068//1068
f 366//366 1068//1068 367//367
f 367//367 1068//1068 368//368
f 368//368 1068//1068 1069//1069
f 368//368 1069//1069 335//335
f 335//335 1069//1069 1070//1070
f 335//335 1070//1070 357//357
f 357//357 1070//1070 1075//1075
f 357//357 1075//1075 340//340
f 1075//1075 1001//1001 340//340
f 340//340 1001//1001 995//995
f 340//340 995//995 338//338
f 338//338 995//995 1000//1000
f 338//338 1000//1000 349//349
f 349//349 1000//1000 985//985
f 349//349 985//985 346//346
f 346//346 985//985 987//987
f 1094//1094 323//323 1093//1093
f 1093//1093 323//323 322//322
f 1093//1093 322//322 1091//1091
f 1091//1091 322//322 400//400
f 1091//1091 400//400 1090//1090
f 1090//1090 400//400 399//399
f 1090//1090 399//399 1087//1087
f 1087//1087 399//399 319//319
f 1087//1087 319//319 1084//1084
f 1084//1084 319//319 321//321
f 1084//1084 321//321 991//991
f 991//991 321//321 411//411
f 991//991 411//411 989//989
f 989//989 411//411 410//410
f 989//989 410//410 987//987
f 987//987 410//410 344//344
f 987//987 344//344 346//346
f 381//381 1112//1112 1056//1056
f 1056//1056 1112//1112 386//386
f 1056//1056 386//386 1057//1057
f 1057//1057 386//386 329//329
f 1057//1057 329//329 1039//1039
f 1039//1039 329//329 327//327
f 1039//1039 327//327 1097//1097
f 1097//1097 327//327 326//326
f 1097//1097 326//326 1094//1094
f 1094//1094 326//326 392//392
f 1094//1094 392//392 323//323
f 1113//1113 813//813 812//812
f 1113//1113 812//812 1114//1114
f 813//813 1113//1113 814//814
f 814//814 1113//1113 1115//1115
f 814//814 1115//1115 815//815
f 815//815 1115//1115 816//816
f 816//816 1115//1115 1116//1116
f 816//816 1116//1116 817//817
f 817//817 1116//1116 818//818
f 818//818 1116//1116 1117//1117
f 818//818 1117//1117 819//819
f 819//819 1117//1117 820//820
f 820//820 1117//1117 1118//1118
f 820//820 1118//1118 821//821
f 821//821 1118//1118 822//822
f 822//822 1118//1118 1119//1119
f 822//822 1119//1119 791//791
f 791//791 1119//1119 792//792
f 792//792 1119//1119 1120//1120
f 792//792 1120//1120 793//793
f 793//793 1120//1120 794//794
f 794//794 1120//1120 1121//1121
f 794//794 1121//1121 795//795
f 795//795 1121//1121 805//805
f 805//805 1121//1121 1122//1122
f 805//805 1122//1122 806//806
f 806//806 1122//1122 756//756
f 756//756 1122//1122 1123//1123
f 756//756 1123//1123 757//757
f 1124//1124 808//808 1123//1123
f 1123//1123 808//808 807//807
f 1123//1123 807//807 757//757
f 812//812 811//811 1114//1114
f 1114//1114 811//811 810//810
f 1114//1114 810//810 1124//1124
f 1124//1124 810//810 809//809
f 1124//1124 809//809 808//808
f 1125//1125 1126//1126 825//825
f 892//892 1127//1127 893//893
f 893//893 1127//1127 1125//1125
f 893//893 1125//1125 894//894
f 894//894 1125//1125 825//825
f 1128//1128 827//827 1126//1126
f 1126//1126 827//827 826//826
f 1126//1126 826//826 825//825
f 1129//1129 829//829 1128//1128
f 1128//1128 829//829 828//828
f 1128//1128 828//828 827//827
f 1130//1130 831//831 1129//1129
f 1129//1129 831//831 830//830
f 1129//1129 830//830 829//829
f 1131//1131 833//833 1130//1130
f 1130//1130 833//833 832//832
f 1130//1130 832//832 831//831
f 1132//1132 786//786 1131//1131
f 1131//1131 786//786 789//789
f 1131//1131 789//789 833//833
f 1133//1133 882//882 1132//1132
f 1132//1132 882//882 787//787
f 1132//1132 787//787 786//786
f 1134//1134 884//884 1133//1133
f 1133//1133 884//884 883//883
f 1133//1133 883//883 882//882
f 1135//1135 886//886 1134//1134
f 1134//1134 886//886 885//885
f 1134//1134 885//885 884//884
f 1136//1136 888//888 1135//1135
f 1135//1135 888//888 887//887
f 1135//1135 887//887 886//886
f 892//892 891//891 1127//1127
f 1127//1127 891//891 890//890
f 1127//1127 890//890 1136//1136
f 1136//1136 890//890 889//889
f 1136//1136 889//889 888//888
f 839//839 838//838 1137//1137
f 1137//1137 838//838 1138//1138
f 839//839 1137//1137 840//840
f 840//840 1137//1137 1139//1139
f 840//840 1139//1139 841//841
f 1140//1140 1141//1141 842//842
f 842//842 835//835 1140//1140
f 1140//1140 835//835 834//834
f 1140//1140 834//834 1139//1139
f 1139//1139 834//834 836//836
f 1139//1139 836//836 841//841
f 1142//1142 845//845 1143//1143
f 1143//1143 845//845 844//844
f 1143//1143 844//844 1141//1141
f 1141//1141 844//844 843//843
f 1141//1141 843//843 842//842
f 1144//1144 847//847 1142//1142
f 1142//1142 847//847 846//846
f 1142//1142 846//846 845//845
f 1145//1145 849//849 1144//1144
f 1144//1144 849//849 848//848
f 1144//1144 848//848 847//847
f 1146//1146 752//752 1145//1145
f 1145//1145 752//752 751//751
f 1145//1145 751//751 849//849
f 1147//1147 781//781 1146//1146
f 1146//1146 781//781 780//780
f 1146//1146 780//780 752//752
f 1148//1148 783//783 1147//1147
f 1147//1147 783//783 782//782
f 1147//1147 782//782 781//781
f 838//838 837//837 1138//1138
f 1138//1138 837//837 785//785
f 1138//1138 785//785 1148//1148
f 1148//1148 785//785 784//784
f 1148//1148 784//784 783//783
f 1149//1149 899//899 898//898
f 1149//1149 898//898 1150//1150
f 899//899 1149//1149 900//900
f 900//900 1149//1149 1151//1151
f 900//900 1151//1151 901//901
f 901//901 1151//1151 779//779
f 779//779 1151//1151 1152//1152
f 779//779 1152//1152 851//851
f 851//851 1152//1152 852//852
f 852//852 1152//1152 1153//1153
f 852//852 1153//1153 854//854
f 1154//1154 1155//1155 858//858
f 858//858 857//857 1154//1154
f 1154//1154 857//857 856//856
f 1154//1154 856//856 1153//1153
f 1153//1153 856//856 855//855
f 1153//1153 855//855 854//854
f 1156//1156 860//860 1155//1155
f 1155//1155 860//860 859//859
f 1155//1155 859//859 858//858
f 1157//1157 902//902 1156//1156
f 1156//1156 902//902 861//861
f 1156//1156 861//861 860//860
f 1158//1158 904//904 1157//1157
f 1157//1157 904//904 903//903
f 1157//1157 903//903 902//902
f 1159//1159 906//906 1158//1158
f 1158//1158 906//906 905//905
f 1158//1158 905//905 904//904
f 1160//1160 908//908 1159//1159
f 1159//1159 908//908 907//907
f 1159//1159 907//907 906//906
f 898//898 897//897 1150//1150
f 1150//1150 897//897 896//896
f 1150//1150 896//896 1160//1160
f 1160//1160 896//896 895//895
f 1160//1160 895//895 908//908
f 1161//1161 777//777 772//772
f 1161//1161 772//772 1162//1162
f 777//777 1161//1161 776//776
f 776//776 1161//1161 1163//1163
f 776//776 1163//1163 775//775
f 775//775 1163//1163 774//774
f 774//774 1163//1163 1164//1164
f 774//774 1164//1164 773//773
f 773//773 1164//1164 867//867
f 867//867 1164//1164 1165//1165
f 867//867 1165//1165 868//868
f 868//868 1165//1165 869//869
f 869//869 1165//1165 1166//1166
f 869//869 1166//1166 866//866
f 1167//1167 1168//1168 871//871
f 871//871 870//870 1167//1167
f 1167//1167 870//870 865//865
f 1167//1167 865//865 1166//1166
f 1166//1166 865//865 864//864
f 1166//1166 864//864 866//866
f 1169//1169 873//873 1168//1168
f 1168//1168 873//873 872//872
f 1168//1168 872//872 871//871
f 1170//1170 875//875 1169//1169
f 1169//1169 875//875 874//874
f 1169//1169 874//874 873//873
f 1171//1171 877//877 1170//1170
f 1170//1170 877//877 876//876
f 1170//1170 876//876 875//875
f 1172//1172 881//881 1171//1171
f 1171//1171 881//881 879//879
f 1171//1171 879//879 877//877
f 772//772 771//771 1162//1162
f 1162//1162 771//771 770//770
f 1162//1162 770//770 1172//1172
f 1172//1172 770//770 880//880
f 1172//1172 880//880 881//881
f 686//686 1167//1167 687//687
f 687//687 1167//1167 1166//1166
f 687//687 1166//1166 688//688
f 688//688 1166//1166 1165//1165
f 688//688 1165//1165 689//689
f 689//689 1165//1165 1164//1164
f 689//689 1164//1164 690//690
f 690//690 1164//1164 1163//1163
f 690//690 1163//1163 691//691
f 691//691 1163//1163 1161//1161
f 691//691 1161//1161 692//692
f 692//692 1161//1161 1162//1162
f 692//692 1162//1162 693//693
f 693//693 1162//1162 1172//1172
f 693//693 1172//1172 694//694
f 694//694 1172//1172 1171//1171
f 694//694 1171//1171 695//695
f 695//695 1171//1171 1170//1170
f 695//695 1170//1170 696//696
f 696//696 1170//1170 1169//1169
f 696//696 1169//1169 685//685
f 685//685 1169//1169 1168//1168
f 685//685 1168//1168 686//686
f 686//686 1168//1168 1167//1167
f 674//674 1156//1156 675//675
f 675//675 1156//1156 1155//1155
f 675//675 1155//1155 676//676
f 676//676 1155//1155 1154//1154
f 676//676 1154//1154 677//677
f 677//677 1154//1154 1153//1153
f 677//677 1153//1153 678//678
f 678//678 1153//1153 1152//1152
f 678//678 1152//1152 679//679
f 679//679 1152//1152 1151//1151
f 679//679 1151//1151 680//680
f 680//680 1151//1151 1149//1149
f 680//680 1149//1149 681//681
f 681//681 1149//1149 1150//1150
f 681//681 1150//1150 682//682
f 682//682 1150//1150 1160//1160
f 682//682 1160//1160 683//683
f 683//683 1160//1160 1159//1159
f 683//683 1159//1159 684//684
f 684//684 1159//1159 1158//1158
f 684//684 1158//1158 673//673
f 673//673 1158//1158 1157//1157
f 673//673 1157//1157 674//674
f 674//674 1157//1157 1156//1156
f 734//734 1144//1144 735//735
f 735//735 1144//1144 1142//1142
f 735//735 1142//1142 736//736
f 736//736 1142//1142 1143//1143
f 736//736 1143//1143 737//737
f 737//737 1143//1143 1141//1141
f 737//737 1141//1141 738//738
f 738//738 1141//1141 1140//1140
f 738//738 1140//1140 739//739
f 739//739 1140//1140 1139//1139
f 739//739 1139//1139 740//740
f 740//740 1139//1139 1137//1137
f 740//740 1137//1137 741//741
f 741//741 1137//1137 1138//1138
f 741//741 1138//1138 742//742
f 742//742 1138//1138 1148//1148
f 742//742 1148//1148 743//743
f 743//743 1148//1148 1147//1147
f 743//743 1147//1147 744//744
f 744//744 1147//1147 1146//1146
f 744//744 1146//1146 733//733
f 733//733 1146//1146 1145//1145
f 733//733 1145//1145 734//734
f 734//734 1145//1145 1144//1144
f 722//722 1132//1132 723//723
f 723//723 1132//1132 1131//1131
f 723//723 1131//1131 724//724
f 724//724 1131//1131 1130//1130
f 724//724 1130//1130 725//725
f 725//725 1130//1130 1129//1129
f 725//725 1129//1129 726//726
f 726//726 1129//1129 1128//1128
f 726//726 1128//1128 727//727
f 727//727 1128//1128 1126//1126
f 727//727 1126//1126 728//728
f 728//728 1126//1126 1125//1125
f 728//728 1125//1125 729//729
f 729//729 1125//1125 1127//1127
f 729//729 1127//1127 730//730
f 730//730 1127//1127 1136//1136
f 730//730 1136//1136 731//731
f 731//731 1136//1136 1135//1135
f 731//731 1135//1135 732//732
f 732//732 1135//1135 1134//1134
f 732//732 1134//1134 721//721
f 721//721 1134//1134 1133//1133
f 721//721 1133//1133 722//722
f 722//722 1133//1133 1132//1132
f 710//710 1120//1120 711//711
f 711//711 1120//1120 1119//1119
f 711//711 1119//1119 712//712
f 712//712 1119//1119 1118//1118
f 712//712 1118//1118 713//713
f 713//713 1118//1118 1117//1117
f 713//713 1117//1117 714//714
f 714//714 1117//1117 1116//1116
f 714//714 1116//1116 715//715
f 715//715 1116//1116 1115//1115
f 715//715 1115//1115 716//716
f 716//716 1115//1115 1113//1113
f 716//716 1113//1113 717//717
f 717//717 1113//1113 1114//1114
f 717//717 1114//1114 718//718
f 718//718 1114//1114 1124//1124
f 718//718 1124//1124 719//719
f 719//719 1124//1124 1123//1123
f 719//719 1123//1123 720//720
f 720//720 1123//1123 1122//1122
f 720//720 1122//1122 709//709
f 709//709 1122//1122 1121//1121
f 709//709 1121//1121 710//710
f 710//710 1121//1121 1120//1120
f 1173//1173 247//247 1174//1174
f 1174//1174 247//247 245//245
f 1174//1174 245//245 1175//1175
f 1175//1175 245//245 257//257
f 1175//1175 257//257 1176//1176
f 1176//1176 257//257 259//259
f 1176//1176 259//259 1177//1177
f 1177//1177 259//259 261//261
f 1177//1177 261//261 1178//1178
f 1178//1178 261//261 262//262
f 1178//1178 262//262 1179//1179
f 1179//1179 262//262 287//287
f 1179//1179 287//287 1180//1180
f 1180//1180 287//287 243//243
f 1180//1180 243//243 1181//1181
f 1181//1181 243//243 252//252
f 1181//1181 252//252 1182//1182
f 1182//1182 252//252 254//254
f 1182//1182 254//254 1183//1183
f 1183//1183 254//254 250//250
f 1183//1183 250//250 1184//1184
f 1184//1184 250//250 249//249
f 1184//1184 249//249 1173//1173
f 1173//1173 249//249 247//247
f 1185//1185 567//567 566//566
f 654//654 1186//1186 566//566
f 566//566 1186//1186 1187//1187
f 566//566 1187//1187 1185//1185
f 569//569 1188//1188 654//654
f 654//654 1188//1188 1189//1189
f 654//654 1189//1189 1186//1186
f 571//571 1190//1190 569//569
f 569//569 1190//1190 1191//1191
f 569//569 1191//1191 1188//1188
f 564//564 1192//1192 571//571
f 571//571 1192//1192 1193//1193
f 571//571 1193//1193 1190//1190
f 563//563 1194//1194 564//564
f 564//564 1194//1194 1195//1195
f 564//564 1195//1195 1192//1192
f 574//574 1196//1196 563//563
f 563//563 1196//1196 1197//1197
f 563//563 1197//1197 1194//1194
f 573//573 1198//1198 574//574
f 574//574 1198//1198 1199//1199
f 574//574 1199//1199 1196//1196
f 581//581 1200//1200 573//573
f 573//573 1200//1200 1201//1201
f 573//573 1201//1201 1198//1198
f 580//580 1202//1202 581//581
f 581//581 1202//1202 1203//1203
f 581//581 1203//1203 1200//1200
f 578//578 1204//1204 580//580
f 580//580 1204//1204 1205//1205
f 580//580 1205//1205 1202//1202
f 576//576 1206//1206 578//578
f 578//578 1206//1206 1207//1207
f 578//578 1207//1207 1204//1204
f 575//575 1208//1208 576//576
f 576//576 1208//1208 1209//1209
f 576//576 1209//1209 1206//1206
f 583//583 1210//1210 575//575
f 575//575 1210//1210 1211//1211
f 575//575 1211//1211 1208//1208
f 584//584 1212//1212 583//583
f 583//583 1212//1212 1213//1213
f 583//583 1213//1213 1210//1210
f 587//587 1214//1214 584//584
f 584//584 1214//1214 1215//1215
f 584//584 1215//1215 1212//1212
f 591//591 1216//1216 587//587
f 587//587 1216//1216 1217//1217
f 587//587 1217//1217 1214//1214
f 590//590 1218//1218 591//591
f 591//591 1218//1218 1219//1219
f 591//591 1219//1219 1216//1216
f 589//589 1220//1220 590//590
f 590//590 1220//1220 1221//1221
f 590//590 1221//1221 1218//1218
f 1185//1185 1222//1222 567//567
f 567//567 1222//1222 1223//1223
f 567//567 1223//1223 589//589
f 589//589 1223//1223 1224//1224
f 589//589 1224//1224 1220//1220
f 487//487 766//766 182//182
f 182//182 766//766 1225//1225
f 182//182 1225//1225 181//181
f 1226//1226 179//179 1225//1225
f 1225//1225 179//179 180//180
f 1225//1225 180//180 181//181
f 1227//1227 170//170 1226//1226
f 1226//1226 170//170 178//178
f 1226//1226 178//178 179//179
f 1227//1227 248//248 947//947
f 176//176 174//174 947//947
f 947//947 174//174 172//172
f 947//947 172//172 1227//1227
f 1227//1227 172//172 171//171
f 1227//1227 171//171 170//170
f 1227//1227 1228//1228 248//248
f 248//248 1228//1228 246//246
f 244//244 1229//1229 264//264
f 264//264 1229//1229 1230//1230
f 264//264 1230//1230 265//265
f 265//265 1230//1230 266//266
f 266//266 1230//1230 1231//1231
f 266//266 1231//1231 303//303
f 303//303 1231//1231 1232//1232
f 303//303 1232//1232 301//301
f 1225//1225 766//766 1233//1233
f 1233//1233 766//766 764//764
f 1233//1233 764//764 1234//1234
f 1234//1234 764//764 763//763
f 1234//1234 763//763 769//769
f 1227//1227 1226//1226 1228//1228
f 1228//1228 1226//1226 1229//1229
f 1228//1228 1229//1229 246//246
f 246//246 1229//1229 244//244
f 1226//1226 1235//1235 1229//1229
f 1229//1229 1235//1235 1236//1236
f 1229//1229 1236//1236 1230//1230
f 1230//1230 1236//1236 1237//1237
f 1230//1230 1237//1237 1231//1231
f 1231//1231 1237//1237 1238//1238
f 1231//1231 1238//1238 1232//1232
f 1226//1226 1225//1225 1235//1235
f 1235//1235 1225//1225 1233//1233
f 1235//1235 1233//1233 1236//1236
f 1236//1236 1233//1233 1234//1234
f 1236//1236 1234//1234 1237//1237
f 1237//1237 1234//1234 769//769
f 1237//1237 769//769 1238//1238
f 1238//1238 769//769 768//768
f 1238//1238 768//768 1232//1232
f 1232//1232 768//768 767//767
f 1232//1232 767//767 301//301
f 1239//1239 1240//1240 1241//1241
f 1242//1242 1241//1241 1243//1243
f 804//804 803//803 1244//1244
f 271//271 1245//1245 237//237
f 237//237 1245//1245 1240//1240
f 237//237 1240//1240 263//263
f 263//263 1240//1240 285//285
f 285//285 1240//1240 1239//1239
f 285//285 1239//1239 1246//1246
f 289//289 288//288 1246//1246
f 1246//1246 288//288 286//286
f 1246//1246 286//286 285//285
f 797//797 804//804 1247//1247
f 1247//1247 804//804 1244//1244
f 1247//1247 1244//1244 1248//1248
f 1248//1248 1244//1244 1249//1249
f 1248//1248 1249//1249 1250//1250
f 270//270 801//801 1251//1251
f 1251//1251 801//801 800//800
f 1251//1251 800//800 1252//1252
f 1252//1252 800//800 799//799
f 1252//1252 799//799 1243//1243
f 1243//1243 799//799 798//798
f 1243//1243 798//798 1242//1242
f 1241//1241 1240//1240 1243//1243
f 1243//1243 1240//1240 1245//1245
f 1243//1243 1245//1245 1252//1252
f 1252//1252 1245//1245 271//271
f 1252//1252 271//271 1251//1251
f 1251//1251 271//271 270//270
f 798//798 797//797 1242//1242
f 1242//1242 797//797 1247//1247
f 1242//1242 1247//1247 1241//1241
f 1241//1241 1247//1247 1248//1248
f 1241//1241 1248//1248 1239//1239
f 1239//1239 1248//1248 1250//1250
f 1239//1239 1250//1250 1246//1246
f 1246//1246 1250//1250 1253//1253
f 1246//1246 1253//1253 289//289
f 909//909 289//289 1254//1254
f 1254//1254 289//289 1253//1253
f 1253//1253 1250//1250 1254//1254
f 1254//1254 1250//1250 1249//1249
f 1254//1254 1249//1249 1255//1255
f 1255//1255 1249//1249 1244//1244
f 1255//1255 1244//1244 1256//1256
f 1256//1256 1244//1244 803//803
f 1256//1256 803//803 802//802
f 1254//1254 1255//1255 551//551
f 551//551 1255//1255 549//549
f 549//549 1255//1255 547//547
f 547//547 1255//1255 1256//1256
f 547//547 1256//1256 552//552
f 552//552 1256//1256 553//553
f 553//553 1256//1256 802//802
f 553//553 802//802 554//554
f 1254//1254 551//551 909//909
f 909//909 551//551 943//943
f 909//909 943//943 910//910
f 278//278 280//280 1207//1207
f 1207//1207 1206//1206 278//278
f 278//278 1206//1206 1209//1209
f 278//278 1209//1209 300//300
f 1209//1209 1208//1208 300//300
f 300//300 1208//1208 1211//1211
f 300//300 1211//1211 258//258
f 1211//1211 1210//1210 258//258
f 258//258 1210//1210 1213//1213
f 258//258 1213//1213 260//260
f 1213//1213 1212//1212 260//260
f 260//260 1212//1212 1215//1215
f 260//260 1215//1215 235//235
f 1215//1215 1214//1214 235//235
f 235//235 1214//1214 1217//1217
f 235//235 1217//1217 236//236
f 1217//1217 1216//1216 236//236
f 236//236 1216//1216 1219//1219
f 236//236 1219//1219 269//269
f 1219//1219 1218//1218 269//269
f 269//269 1218//1218 1221//1221
f 269//269 1221//1221 267//267
f 1221//1221 1220//1220 267//267
f 267//267 1220//1220 1224//1224
f 267//267 1224//1224 312//312
f 312//312 1224//1224 1223//1223
f 312//312 1223//1223 310//310
f 310//310 1223//1223 1222//1222
f 310//310 1222//1222 308//308
f 308//308 1222//1222 1185//1185
f 308//308 1185//1185 306//306
f 1185//1185 1187//1187 306//306
f 306//306 1187//1187 1186//1186
f 306//306 1186//1186 238//238
f 1186//1186 1189//1189 238//238
f 238//238 1189//1189 1188//1188
f 238//238 1188//1188 239//239
f 1188//1188 1191//1191 239//239
f 239//239 1191//1191 1190//1190
f 239//239 1190//1190 273//273
f 1190//1190 1193//1193 273//273
f 273//273 1193//1193 1192//1192
f 273//273 1192//1192 276//276
f 1192//1192 1195//1195 276//276
f 276//276 1195//1195 1194//1194
f 276//276 1194//1194 291//291
f 1194//1194 1197//1197 291//291
f 291//291 1197//1197 1196//1196
f 291//291 1196//1196 297//297
f 1196//1196 1199//1199 297//297
f 297//297 1199//1199 1198//1198
f 297//297 1198//1198 295//295
f 1198//1198 1201//1201 295//295
f 295//295 1201//1201 1200//1200
f 295//295 1200//1200 284//284
f 1200//1200 1203//1203 284//284
f 284//284 1203//1203 1202//1202
f 284//284 1202//1202 282//282
f 282//282 1202//1202 1205//1205
f 282//282 1205//1205 280//280
f 280//280 1205//1205 1204//1204
f 280//280 1204//1204 1207//1207
f 698//698 1174//1174 699//699
f 699//699 1174//1174 1175//1175
f 699//699 1175//1175 700//700
f 700//700 1175//1175 1176//1176
f 700//700 1176//1176 701//701
f 701//701 1176//1176 1177//1177
f 701//701 1177//1177 702//702
f 702//702 1177//1177 1178//1178
f 702//702 1178//1178 703//703
f 703//703 1178//1178 1179//1179
f 703//703 1179//1179 704//704
f 704//704 1179//1179 1180//1180
f 704//704 1180//1180 705//705
f 705//705 1180//1180 1181//1181
f 705//705 1181//1181 706//706
f 706//706 1181//1181 1182//1182
f 706//706 1182//1182 707//707
f 707//707 1182//1182 1183//1183
f 707//707 1183//1183 708//708
f 708//708 1183//1183 1184//1184
f 708//708 1184//1184 697//697
f 697//697 1184//1184 1173//1173
f 697//697 1173//1173 698//698
f 698//698 1173//1173 1174//1174
f 975//975 431//431 429//429
f 966//966 973//973 429//429
f 429//429 973//973 974//974
f 429//429 974//974 975//975
f 970//970 971//971 429//429
f 429//429 971//971 964//964
f 429//429 964//964 966//966
f 428//428 435//435 441//441
f 429//429 428//428 970//970
f 970//970 428//428 441//441
f 970//970 441//441 8//8
f 8//8 441//441 440//440
f 8//8 440//440 6//6
f 6//6 440//440 82//82
f 6//6 82//82 5//5
f 931//931 184//184 173//173
f 173//173 184//184 183//183
f 183//183 195//195 173//173
f 173//173 195//195 196//196
f 173//173 196//196 1257//1257
f 1257//1257 196//196 197//197
f 1257//1257 197//197 1258//1258
f 1258//1258 197//197 194//194
f 194//194 193//193 1258//1258
f 1258//1258 193//193 191//191
f 1258//1258 191//191 1257//1257
f 1257//1257 191//191 187//187
f 1257//1257 187//187 173//173
f 173//173 187//187 154//154
f 173//173 154//154 168//168
f 925//925 924//924 415//415
f 415//415 924//924 923//923
f 415//415 923//923 922//922
f 929//929 928//928 436//436
f 436//436 928//928 927//927
f 436//436 927//927 415//415
f 415//415 927//927 926//926
f 415//415 926//926 925//925
f 184//184 931//931 439//439
f 439//439 931//931 930//930
f 439//439 930//930 438//438
f 438//438 930//930 929//929
f 438//438 929//929 437//437
f 437//437 929//929 436//436
f 111//111 414//414 23//23
f 23//23 414//414 18//18
f 422//422 922//922 414//414
f 414//414 922//922 19//19
f 414//414 19//19 18//18
f 422//422 421//421 922//922
f 922//922 421//421 420//420
f 922//922 420//420 419//419
f 419//419 418//418 922//922
f 922//922 418//418 416//416
f 922//922 416//416 415//415
f 142//142 141//141 559//559
f 559//559 141//141 146//146
f 559//559 146//146 939//939
f 939//939 146//146 147//147
f 939//939 147//147 940//940
f 148//148 145//145 144//144
f 147//147 148//148 940//940
f 940//940 148//148 144//144
f 940//940 144//144 941//941
f 941//941 144//144 139//139
f 941//941 139//139 942//942
f 149//149 945//945 150//150
f 150//150 945//945 944//944
f 150//150 944//944 152//152
f 152//152 944//944 942//942
f 152//152 942//942 138//138
f 138//138 942//942 139//139
f 155//155 154//154 186//186
f 186//186 190//190 155//155
f 155//155 190//190 189//189
f 155//155 189//189 149//149
f 149//149 189//189 946//946
f 149//149 946//946 945//945
f 559//559 558//558 142//142
f 142//142 558//558 486//486
f 154//154 153//153 168//168
f 168//168 153//153 137//137
f 168//168 137//137 169//169
f 169//169 137//137 136//136
f 1259//1259 1260//1260 1261//1261
f 1262//1262 1263//1263 1264//1264
f 1264//1264 1263//1263 1265//1265
f 1264//1264 1265//1265 1266//1266
f 1267//1267 1268//1268 1269//1269
f 1269//1269 1268//1268 1270//1270
f 1271//1271 1272//1272 1273//1273
f 1273//1273 1274//1274 1275//1275
f 1275//1275 1276//1276 1273//1273
f 1273//1273 1276//1276 1277//1277
f 1273//1273 1277//1277 1271//1271
f 1278//1278 1279//1279 1280//1280
f 1280//1280 1279//1279 1281//1281
f 1280//1280 1281//1281 1282//1282
f 1283//1283 1284//1284 1285//1285
f 1259//1259 1261//1261 1286//1286
f 1270//1270 1262//1262 1269//1269
f 1269//1269 1262//1262 1264//1264
f 1269//1269 1264//1264 1261//1261
f 1261//1261 1264//1264 1287//1287
f 1261//1261 1287//1287 1286//1286
f 1288//1288 1267//1267 1289//1289
f 1289//1289 1267//1267 1269//1269
f 1289//1289 1269//1269 1290//1290
f 1290//1290 1269//1269 1261//1261
f 1290//1290 1261//1261 1285//1285
f 1285//1285 1261//1261 1260//1260
f 1285//1285 1260//1260 1283//1283
f 1283//1283 1260//1260 1259//1259
f 1272//1272 1288//1288 1273//1273
f 1273//1273 1288//1288 1289//1289
f 1273//1273 1289//1289 1291//1291
f 1291//1291 1289//1289 1290//1290
f 1291//1291 1290//1290 1280//1280
f 1280//1280 1290//1290 1285//1285
f 1280//1280 1285//1285 1278//1278
f 1278//1278 1285//1285 1284//1284
f 1292//1292 1284//1284 1283//1283
f 1259//1259 1293//1293 1294//1294
f 1259//1259 1294//1294 1283//1283
f 1283//1283 1294//1294 1295//1295
f 1283//1283 1295//1295 1292//1292
f 1284//1284 1292//1292 1278//1278
f 1278//1278 1292//1292 1296//1296
f 1278//1278 1296//1296 1279//1279
f 1279//1279 1296//1296 1297//1297
f 1279//1279 1297//1297 1281//1281
f 1281//1281 1297//1297 1298//1298
f 1281//1281 1298//1298 1282//1282
f 1299//1299 1300//1300 1301//1301
f 1299//1299 1301//1301 1302//1302
f 1259//1259 1286//1286 1293//1293
f 1293//1293 1286//1286 1303//1303
f 1293//1293 1303//1303 1304//1304
f 1304//1304 1303//1303 1305//1305
f 1304//1304 1305//1305 1306//1306
f 1306//1306 1305//1305 1302//1302
f 1306//1306 1302//1302 1307//1307
f 1307//1307 1302//1302 1301//1301
f 1308//1308 1309//1309 1310//1310
f 470//470 469//469 1311//1311
f 1311//1311 1312//1312 470//470
f 470//470 1312//1312 1313//1313
f 470//470 1313//1313 1314//1314
f 1308//1308 1310//1310 1315//1315
f 1266//1266 1315//1315 1316//1316
f 1316//1316 1315//1315 1310//1310
f 1316//1316 1310//1310 1317//1317
f 1317//1317 1310//1310 1318//1318
f 1317//1317 1318//1318 1319//1319
f 1319//1319 1318//1318 470//470
f 1319//1319 470//470 1320//1320
f 1320//1320 470//470 1314//1314
f 1321//1321 1322//1322 1323//1323
f 1323//1323 1322//1322 53//53
f 53//53 1322//1322 1324//1324
f 53//53 1324//1324 1325//1325
f 1325//1325 1326//1326 53//53
f 53//53 1326//1326 1327//1327
f 53//53 1327//1327 41//41
f 41//41 1327//1327 42//42
f 1321//1321 1323//1323 1328//1328
f 1328//1328 1323//1323 1329//1329
f 1328//1328 1329//1329 1330//1330
f 1330//1330 1329//1329 1331//1331
f 1330//1330 1331//1331 1332//1332
f 1332//1332 1331//1331 1333//1333
f 1332//1332 1333//1333 1334//1334
f 1335//1335 1336//1336 1337//1337
f 1337//1337 1336//1336 1338//1338
f 1337//1337 1338//1338 1339//1339
f 1340//1340 1341//1341 1342//1342
f 1342//1342 1341//1341 1343//1343
f 1342//1342 1343//1343 1338//1338
f 1338//1338 1343//1343 1344//1344
f 1338//1338 1344//1344 1339//1339
f 1345//1345 57//57 1346//1346
f 1346//1346 57//57 59//59
f 1346//1346 59//59 50//50
f 1345//1345 1347//1347 57//57
f 57//57 1347//1347 1348//1348
f 57//57 1348//1348 1340//1340
f 1340//1340 1348//1348 1349//1349
f 1340//1340 1349//1349 1341//1341
f 55//55 57//57 1350//1350
f 1350//1350 57//57 1340//1340
f 1350//1350 1340//1340 1351//1351
f 1351//1351 1340//1340 1342//1342
f 1351//1351 1342//1342 1352//1352
f 1352//1352 1342//1342 1338//1338
f 1352//1352 1338//1338 1353//1353
f 1353//1353 1338//1338 1336//1336
f 1353//1353 1336//1336 1354//1354
f 1354//1354 1336//1336 1335//1335
f 1355//1355 1334//1334 1356//1356
f 1356//1356 1334//1334 1333//1333
f 1356//1356 1333//1333 1357//1357
f 53//53 55//55 1323//1323
f 1323//1323 55//55 1350//1350
f 1323//1323 1350//1350 1329//1329
f 1329//1329 1350//1350 1351//1351
f 1329//1329 1351//1351 1331//1331
f 1331//1331 1351//1351 1352//1352
f 1331//1331 1352//1352 1333//1333
f 1333//1333 1352//1352 1353//1353
f 1333//1333 1353//1353 1357//1357
f 1357//1357 1353//1353 1354//1354
f 1299//1299 1358//1358 1359//1359
f 1360//1360 1361//1361 1300//1300
f 1300//1300 1299//1299 1360//1360
f 1360//1360 1299//1299 1359//1359
f 1360//1360 1359//1359 1362//1362
f 1362//1362 1359//1359 1363//1363
f 1362//1362 1363//1363 1364//1364
f 1364//1364 1363//1363 1365//1365
f 1364//1364 1365//1365 1366//1366
f 1366//1366 1365//1365 1367//1367
f 1368//1368 1369//1369 1370//1370
f 1370//1370 1369//1369 1371//1371
f 1370//1370 1371//1371 1361//1361
f 1361//1361 1371//1371 1372//1372
f 1361//1361 1372//1372 1300//1300
f 1373//1373 1374//1374 1368//1368
f 1368//1368 1374//1374 1375//1375
f 1368//1368 1375//1375 1369//1369
f 1367//1367 1376//1376 1366//1366
f 1366//1366 1376//1376 1377//1377
f 1366//1366 1377//1377 1378//1378
f 1378//1378 1377//1377 1379//1379
f 1378//1378 1379//1379 1380//1380
f 1380//1380 1379//1379 1381//1381
f 1381//1381 1382//1382 1380//1380
f 1380//1380 1382//1382 1383//1383
f 1380//1380 1383//1383 1384//1384
f 1385//1385 1386//1386 1387//1387
f 1387//1387 1386//1386 1388//1388
f 1387//1387 1388//1388 1389//1389
f 1389//1389 1388//1388 1390//1390
f 1391//1391 1392//1392 1393//1393
f 1368//1368 1386//1386 1373//1373
f 1373//1373 1386//1386 1385//1385
f 1373//1373 1385//1385 1394//1394
f 1394//1394 1385//1385 1395//1395
f 1394//1394 1395//1395 1396//1396
f 1396//1396 1395//1395 1397//1397
f 1398//1398 1399//1399 1400//1400
f 1400//1400 1399//1399 1401//1401
f 1400//1400 1401//1401 1402//1402
f 1392//1392 1403//1403 1393//1393
f 1393//1393 1403//1403 1404//1404
f 1393//1393 1404//1404 1405//1405
f 1405//1405 1404//1404 1406//1406
f 1405//1405 1406//1406 1407//1407
f 1407//1407 1406//1406 1408//1408
f 1407//1407 1408//1408 1409//1409
f 1409//1409 1408//1408 1410//1410
f 1409//1409 1410//1410 1411//1411
f 1411//1411 1410//1410 1412//1412
f 1411//1411 1412//1412 1398//1398
f 1398//1398 1412//1412 1413//1413
f 1398//1398 1413//1413 1399//1399
f 1414//1414 1415//1415 1416//1416
f 1416//1416 1415//1415 1417//1417
f 1416//1416 1417//1417 1418//1418
f 1418//1418 1417//1417 1419//1419
f 1401//1401 1420//1420 1402//1402
f 1402//1402 1420//1420 1421//1421
f 1402//1402 1421//1421 1419//1419
f 1419//1419 1421//1421 1422//1422
f 1419//1419 1422//1422 1418//1418
f 1384//1384 1391//1391 1380//1380
f 1380//1380 1391//1391 1393//1393
f 1380//1380 1393//1393 1390//1390
f 1390//1390 1393//1393 1423//1423
f 1390//1390 1423//1423 1389//1389
f 1424//1424 1425//1425 1397//1397
f 1397//1397 1425//1425 1426//1426
f 1397//1397 1426//1426 1396//1396
f 1427//1427 1428//1428 1429//1429
f 1429//1429 1428//1428 1430//1430
f 1429//1429 1430//1430 1431//1431
f 1431//1431 1430//1430 1432//1432
f 1431//1431 1432//1432 1424//1424
f 1424//1424 1432//1432 1433//1433
f 1424//1424 1433//1433 1425//1425
f 1414//1414 1434//1434 1415//1415
f 1415//1415 1434//1434 1435//1435
f 1415//1415 1435//1435 1436//1436
f 1436//1436 1435//1435 1437//1437
f 1436//1436 1437//1437 1427//1427
f 1427//1427 1437//1437 1438//1438
f 1427//1427 1438//1438 1428//1428
f 1439//1439 1440//1440 1441//1441
f 1441//1441 1442//1442 1443//1443
f 1444//1444 1439//1439 1445//1445
f 1445//1445 1439//1439 1441//1441
f 1445//1445 1441//1441 1446//1446
f 1446//1446 1441//1441 1443//1443
f 1447//1447 1448//1448 1441//1441
f 1441//1441 1448//1448 1449//1449
f 1441//1441 1449//1449 1450//1450
f 1442//1442 1441//1441 1451//1451
f 1451//1451 1441//1441 1450//1450
f 1451//1451 1450//1450 1452//1452
f 1447//1447 1441//1441 1453//1453
f 1453//1453 1441//1441 1454//1454
f 1453//1453 1454//1454 1455//1455
f 1455//1455 1454//1454 1456//1456
f 1455//1455 1456//1456 1457//1457
f 1457//1457 1456//1456 1458//1458
f 1457//1457 1458//1458 1459//1459
f 1460//1460 1461//1461 1458//1458
f 1458//1458 1461//1461 1462//1462
f 1458//1458 1462//1462 1459//1459
f 1463//1463 1464//1464 1465//1465
f 1465//1465 1464//1464 1466//1466
f 1465//1465 1466//1466 1467//1467
f 1467//1467 1466//1466 1468//1468
f 1467//1467 1468//1468 1469//1469
f 1469//1469 1468//1468 1470//1470
f 1469//1469 1470//1470 1471//1471
f 1471//1471 1470//1470 1472//1472
f 1471//1471 1472//1472 1460//1460
f 1460//1460 1472//1472 1473//1473
f 1460//1460 1473//1473 1461//1461
f 1463//1463 1465//1465 1474//1474
f 1474//1474 1465//1465 1475//1475
f 1474//1474 1475//1475 1476//1476
f 1476//1476 1475//1475 1477//1477
f 1476//1476 1477//1477 1478//1478
f 1478//1478 1477//1477 1479//1479
f 1478//1478 1479//1479 1480//1480
f 1480//1480 1479//1479 1481//1481
f 1480//1480 1481//1481 1482//1482
f 1482//1482 1481//1481 1483//1483
f 1482//1482 1483//1483 1484//1484
f 1484//1484 1483//1483 1485//1485
f 1484//1484 1485//1485 1486//1486
f 1486//1486 1485//1485 1487//1487
f 1486//1486 1487//1487 1488//1488
f 1488//1488 1487//1487 1489//1489
f 1488//1488 1489//1489 1490//1490
f 1490//1490 1489//1489 1491//1491
f 1490//1490 1491//1491 1492//1492
f 1493//1493 1494//1494 1495//1495
f 1495//1495 1494//1494 1496//1496
f 1495//1495 1496//1496 1497//1497
f 1497//1497 1496//1496 1498//1498
f 1497//1497 1498//1498 1499//1499
f 1499//1499 1498//1498 1500//1500
f 1499//1499 1500//1500 1501//1501
f 1501//1501 1500//1500 1502//1502
f 1501//1501 1502//1502 1491//1491
f 1491//1491 1502//1502 1503//1503
f 1491//1491 1503//1503 1492//1492
f 1504//1504 1505//1505 1493//1493
f 1493//1493 1505//1505 1506//1506
f 1493//1493 1506//1506 1494//1494
f 1504//1504 1493//1493 1507//1507
f 1507//1507 1493//1493 1508//1508
f 1507//1507 1508//1508 1509//1509
f 1509//1509 1508//1508 1510//1510
f 1509//1509 1510//1510 1511//1511
f 1511//1511 1510//1510 1512//1512
f 1511//1511 1512//1512 1513//1513
f 1282//1282 1512//1512 1280//1280
f 1280//1280 1512//1512 1514//1514
f 1280//1280 1514//1514 1291//1291
f 1282//1282 1298//1298 1512//1512
f 1512//1512 1298//1298 1515//1515
f 1512//1512 1515//1515 1513//1513
f 1291//1291 1514//1514 1273//1273
f 1273//1273 1514//1514 1516//1516
f 1273//1273 1516//1516 1274//1274
f 1497//1497 1517//1517 1495//1495
f 1517//1517 1497//1497 1499//1499
f 1518//1518 1519//1519 1520//1520
f 1521//1521 1522//1522 1523//1523
f 1523//1523 1522//1522 1524//1524
f 1525//1525 1526//1526 1527//1527
f 1527//1527 1526//1526 1528//1528
f 1529//1529 1530//1530 1531//1531
f 1531//1531 1530//1530 1532//1532
f 1531//1531 1532//1532 1533//1533
f 1533//1533 1532//1532 1534//1534
f 1533//1533 1534//1534 1528//1528
f 1528//1528 1534//1534 1535//1535
f 1528//1528 1535//1535 1527//1527
f 1529//1529 1536//1536 1537//1537
f 1537//1537 1536//1536 1538//1538
f 1529//1529 1531//1531 1536//1536
f 1536//1536 1531//1531 1539//1539
f 1536//1536 1539//1539 1538//1538
f 1538//1538 1539//1539 1540//1540
f 1538//1538 1540//1540 1541//1541
f 1542//1542 1543//1543 1540//1540
f 1540//1540 1543//1543 1544//1544
f 1540//1540 1544//1544 1541//1541
f 1520//1520 1519//1519 1545//1545
f 1545//1545 1519//1519 1546//1546
f 1545//1545 1546//1546 1542//1542
f 1542//1542 1546//1546 1547//1547
f 1542//1542 1547//1547 1543//1543
f 1512//1512 1548//1548 1514//1514
f 1514//1514 1548//1548 1549//1549
f 1514//1514 1549//1549 1516//1516
f 1550//1550 1551//1551 1552//1552
f 1552//1552 1551//1551 1553//1553
f 1549//1549 1554//1554 1516//1516
f 1516//1516 1554//1554 1555//1555
f 1516//1516 1555//1555 1440//1440
f 1440//1440 1555//1555 1556//1556
f 1440//1440 1556//1556 1441//1441
f 1441//1441 1556//1556 1557//1557
f 1441//1441 1557//1557 1454//1454
f 1558//1558 1559//1559 1560//1560
f 1560//1560 1559//1559 1561//1561
f 1458//1458 1456//1456 1562//1562
f 1562//1562 1456//1456 1454//1454
f 1563//1563 1520//1520 1564//1564
f 1564//1564 1520//1520 1565//1565
f 1566//1566 1567//1567 1458//1458
f 1458//1458 1567//1567 1460//1460
f 1565//1565 1520//1520 1568//1568
f 1568//1568 1520//1520 1545//1545
f 1568//1568 1545//1545 1569//1569
f 1557//1557 1558//1558 1454//1454
f 1454//1454 1558//1558 1560//1560
f 1454//1454 1560//1560 1562//1562
f 1562//1562 1560//1560 1520//1520
f 1562//1562 1520//1520 1458//1458
f 1458//1458 1520//1520 1563//1563
f 1458//1458 1563//1563 1566//1566
f 1567//1567 1570//1570 1460//1460
f 1460//1460 1570//1570 1571//1571
f 1460//1460 1571//1571 1471//1471
f 1471//1471 1571//1571 1572//1572
f 1471//1471 1572//1572 1469//1469
f 1469//1469 1572//1572 1573//1573
f 1469//1469 1573//1573 1545//1545
f 1545//1545 1573//1573 1574//1574
f 1545//1545 1574//1574 1569//1569
f 1575//1575 1576//1576 1545//1545
f 1545//1545 1576//1576 1469//1469
f 1469//1469 1576//1576 1577//1577
f 1469//1469 1577//1577 1467//1467
f 1467//1467 1577//1577 1578//1578
f 1467//1467 1578//1578 1465//1465
f 1579//1579 1580//1580 1542//1542
f 1580//1580 1581//1581 1542//1542
f 1542//1542 1581//1581 1582//1582
f 1542//1542 1582//1582 1545//1545
f 1545//1545 1582//1582 1583//1583
f 1545//1545 1583//1583 1575//1575
f 1578//1578 1584//1584 1465//1465
f 1465//1465 1584//1584 1585//1585
f 1465//1465 1585//1585 1475//1475
f 1475//1475 1585//1585 1586//1586
f 1475//1475 1587//1587 1477//1477
f 1477//1477 1587//1587 1588//1588
f 1477//1477 1588//1588 1479//1479
f 1589//1589 1590//1590 1539//1539
f 1589//1589 1539//1539 1591//1591
f 1481//1481 1592//1592 1483//1483
f 1483//1483 1592//1592 1593//1593
f 1483//1483 1593//1593 1485//1485
f 1593//1593 1594//1594 1485//1485
f 1485//1485 1594//1594 1595//1595
f 1485//1485 1595//1595 1487//1487
f 1596//1596 1597//1597 1588//1588
f 1588//1588 1597//1597 1598//1598
f 1588//1588 1598//1598 1479//1479
f 1479//1479 1598//1598 1599//1599
f 1479//1479 1599//1599 1481//1481
f 1481//1481 1599//1599 1600//1600
f 1481//1481 1600//1600 1592//1592
f 1491//1491 1489//1489 1601//1601
f 1601//1601 1489//1489 1487//1487
f 1602//1602 1533//1533 1603//1603
f 1603//1603 1533//1533 1517//1517
f 1603//1603 1517//1517 1604//1604
f 1604//1604 1517//1517 1499//1499
f 1604//1604 1499//1499 1605//1605
f 1605//1605 1499//1499 1501//1501
f 1605//1605 1501//1501 1606//1606
f 1606//1606 1501//1501 1607//1607
f 1607//1607 1501//1501 1491//1491
f 1607//1607 1491//1491 1608//1608
f 1609//1609 1610//1610 1531//1531
f 1602//1602 1611//1611 1533//1533
f 1533//1533 1611//1611 1612//1612
f 1533//1533 1612//1612 1531//1531
f 1531//1531 1612//1612 1613//1613
f 1531//1531 1613//1613 1609//1609
f 1614//1614 1508//1508 1615//1615
f 1615//1615 1508//1508 1493//1493
f 1615//1615 1493//1493 1616//1616
f 1616//1616 1493//1493 1617//1617
f 1617//1617 1493//1493 1495//1495
f 1617//1617 1495//1495 1618//1618
f 1618//1618 1495//1495 1517//1517
f 1618//1618 1517//1517 1619//1619
f 1619//1619 1517//1517 1533//1533
f 1619//1619 1533//1533 1620//1620
f 1621//1621 1622//1622 1528//1528
f 1622//1622 1623//1623 1528//1528
f 1528//1528 1623//1623 1624//1624
f 1528//1528 1624//1624 1533//1533
f 1533//1533 1624//1624 1625//1625
f 1533//1533 1625//1625 1620//1620
f 1508//1508 1626//1626 1510//1510
f 1510//1510 1626//1626 1552//1552
f 1510//1510 1552//1552 1512//1512
f 1512//1512 1552//1552 1553//1553
f 1512//1512 1553//1553 1548//1548
f 1525//1525 1627//1627 1526//1526
f 1526//1526 1627//1627 1524//1524
f 1526//1526 1524//1524 1560//1560
f 1560//1560 1524//1524 1522//1522
f 1560//1560 1522//1522 1520//1520
f 1520//1520 1522//1522 1521//1521
f 1520//1520 1521//1521 1518//1518
f 1614//1614 1621//1621 1508//1508
f 1508//1508 1621//1621 1528//1528
f 1508//1508 1528//1528 1626//1626
f 1626//1626 1528//1528 1526//1526
f 1626//1626 1526//1526 1552//1552
f 1552//1552 1526//1526 1560//1560
f 1552//1552 1560//1560 1550//1550
f 1550//1550 1560//1560 1561//1561
f 1590//1590 1596//1596 1539//1539
f 1539//1539 1596//1596 1588//1588
f 1539//1539 1588//1588 1540//1540
f 1540//1540 1588//1588 1587//1587
f 1540//1540 1587//1587 1542//1542
f 1542//1542 1587//1587 1475//1475
f 1542//1542 1475//1475 1579//1579
f 1579//1579 1475//1475 1586//1586
f 1595//1595 1591//1591 1487//1487
f 1487//1487 1591//1591 1539//1539
f 1487//1487 1539//1539 1601//1601
f 1601//1601 1539//1539 1531//1531
f 1601//1601 1531//1531 1491//1491
f 1491//1491 1531//1531 1610//1610
f 1491//1491 1610//1610 1608//1608
f 1605//1605 1628//1628 1604//1604
f 1604//1604 1628//1628 1629//1629
f 1604//1604 1629//1629 1603//1603
f 1603//1603 1629//1629 1630//1630
f 1603//1603 1630//1630 1602//1602
f 1602//1602 1630//1630 1631//1631
f 1602//1602 1631//1631 1611//1611
f 1611//1611 1631//1631 1632//1632
f 1611//1611 1632//1632 1612//1612
f 1612//1612 1632//1632 1633//1633
f 1612//1612 1633//1633 1613//1613
f 1613//1613 1633//1633 1634//1634
f 1613//1613 1634//1634 1609//1609
f 1609//1609 1634//1634 1635//1635
f 1609//1609 1635//1635 1610//1610
f 1610//1610 1635//1635 1636//1636
f 1610//1610 1636//1636 1608//1608
f 1608//1608 1636//1636 1637//1637
f 1608//1608 1637//1637 1607//1607
f 1607//1607 1637//1637 1638//1638
f 1607//1607 1638//1638 1606//1606
f 1606//1606 1638//1638 1639//1639
f 1606//1606 1639//1639 1605//1605
f 1605//1605 1639//1639 1628//1628
f 1616//1616 1640//1640 1615//1615
f 1615//1615 1640//1640 1641//1641
f 1615//1615 1641//1641 1614//1614
f 1614//1614 1641//1641 1642//1642
f 1614//1614 1642//1642 1621//1621
f 1621//1621 1642//1642 1643//1643
f 1621//1621 1643//1643 1622//1622
f 1622//1622 1643//1643 1644//1644
f 1622//1622 1644//1644 1623//1623
f 1623//1623 1644//1644 1645//1645
f 1623//1623 1645//1645 1624//1624
f 1624//1624 1645//1645 1646//1646
f 1624//1624 1646//1646 1625//1625
f 1625//1625 1646//1646 1647//1647
f 1625//1625 1647//1647 1620//1620
f 1620//1620 1647//1647 1648//1648
f 1620//1620 1648//1648 1619//1619
f 1619//1619 1648//1648 1649//1649
f 1619//1619 1649//1649 1618//1618
f 1618//1618 1649//1649 1650//1650
f 1618//1618 1650//1650 1617//1617
f 1617//1617 1650//1650 1651//1651
f 1617//1617 1651//1651 1616//1616
f 1616//1616 1651//1651 1640//1640
f 1548//1548 1652//1652 1549//1549
f 1549//1549 1652//1652 1653//1653
f 1549//1549 1653//1653 1554//1554
f 1554//1554 1653//1653 1654//1654
f 1554//1554 1654//1654 1555//1555
f 1555//1555 1654//1654 1655//1655
f 1555//1555 1655//1655 1556//1556
f 1556//1556 1655//1655 1656//1656
f 1556//1556 1656//1656 1557//1557
f 1557//1557 1656//1656 1657//1657
f 1557//1557 1657//1657 1558//1558
f 1558//1558 1657//1657 1658//1658
f 1558//1558 1658//1658 1559//1559
f 1559//1559 1658//1658 1659//1659
f 1559//1559 1659//1659 1561//1561
f 1561//1561 1659//1659 1660//1660
f 1561//1561 1660//1660 1550//1550
f 1550//1550 1660//1660 1661//1661
f 1550//1550 1661//1661 1551//1551
f 1551//1551 1661//1661 1662//1662
f 1551//1551 1662//1662 1553//1553
f 1553//1553 1662//1662 1663//1663
f 1553//1553 1663//1663 1548//1548
f 1548//1548 1663//1663 1652//1652
f 1565//1565 1664//1664 1564//1564
f 1564//1564 1664//1664 1665//1665
f 1564//1564 1665//1665 1563//1563
f 1563//1563 1665//1665 1666//1666
f 1563//1563 1666//1666 1566//1566
f 1566//1566 1666//1666 1667//1667
f 1566//1566 1667//1667 1567//1567
f 1567//1567 1667//1667 1668//1668
f 1567//1567 1668//1668 1570//1570
f 1570//1570 1668//1668 1669//1669
f 1570//1570 1669//1669 1571//1571
f 1571//1571 1669//1669 1670//1670
f 1571//1571 1670//1670 1572//1572
f 1572//1572 1670//1670 1671//1671
f 1572//1572 1671//1671 1573//1573
f 1573//1573 1671//1671 1672//1672
f 1573//1573 1672//1672 1574//1574
f 1574//1574 1672//1672 1673//1673
f 1574//1574 1673//1673 1569//1569
f 1569//1569 1673//1673 1674//1674
f 1569//1569 1674//1674 1568//1568
f 1568//1568 1674//1674 1675//1675
f 1568//1568 1675//1675 1565//1565
f 1565//1565 1675//1675 1664//1664
f 1582//1582 1676//1676 1583//1583
f 1583//1583 1676//1676 1677//1677
f 1583//1583 1677//1677 1575//1575
f 1575//1575 1677//1677 1678//1678
f 1575//1575 1678//1678 1576//1576
f 1576//1576 1678//1678 1679//1679
f 1576//1576 1679//1679 1577//1577
f 1577//1577 1679//1679 1680//1680
f 1577//1577 1680//1680 1578//1578
f 1578//1578 1680//1680 1681//1681
f 1578//1578 1681//1681 1584//1584
f 1584//1584 1681//1681 1682//1682
f 1584//1584 1682//1682 1585//1585
f 1585//1585 1682//1682 1683//1683
f 1585//1585 1683//1683 1586//1586
f 1586//1586 1683//1683 1684//1684
f 1586//1586 1684//1684 1579//1579
f 1579//1579 1684//1684 1685//1685
f 1579//1579 1685//1685 1580//1580
f 1580//1580 1685//1685 1686//1686
f 1580//1580 1686//1686 1581//1581
f 1581//1581 1686//1686 1687//1687
f 1581//1581 1687//1687 1582//1582
f 1582//1582 1687//1687 1676//1676
f 1591//1591 1688//1688 1589//1589
f 1589//1589 1688//1688 1689//1689
f 1589//1589 1689//1689 1590//1590
f 1590//1590 1689//1689 1690//1690
f 1590//1590 1690//1690 1596//1596
f 1596//1596 1690//1690 1691//1691
f 1596//1596 1691//1691 1597//1597
f 1597//1597 1691//1691 1692//1692
f 1597//1597 1692//1692 1598//1598
f 1598//1598 1692//1692 1693//1693
f 1598//1598 1693//1693 1599//1599
f 1599//1599 1693//1693 1694//1694
f 1599//1599 1694//1694 1600//1600
f 1600//1600 1694//1694 1695//1695
f 1600//1600 1695//1695 1592//1592
f 1592//1592 1695//1695 1696//1696
f 1592//1592 1696//1696 1593//1593
f 1593//1593 1696//1696 1697//1697
f 1593//1593 1697//1697 1594//1594
f 1594//1594 1697//1697 1698//1698
f 1594//1594 1698//1698 1595//1595
f 1595//1595 1698//1698 1699//1699
f 1595//1595 1699//1699 1591//1591
f 1591//1591 1699//1699 1688//1688
f 1700//1700 1701//1701 1702//1702
f 1703//1703 1704//1704 1705//1705
f 1492//1492 1706//1706 1490//1490
f 1707//1707 1708//1708 1709//1709
f 1430//1430 1710//1710 1432//1432
f 1435//1435 1434//1434 1711//1711
f 1401//1401 1712//1712 1420//1420
f 1713//1713 1453//1453 1455//1455
f 1713//1713 1455//1455 1714//1714
f 1715//1715 1716//1716 1717//1717
f 1715//1715 1718//1718 1719//1719
f 1719//1719 1720//1720 1715//1715
f 1715//1715 1720//1720 1721//1721
f 1715//1715 1721//1721 1716//1716
f 1722//1722 1723//1723 1403//1403
f 1403//1403 1723//1723 1724//1724
f 1406//1406 1725//1725 1408//1408
f 1408//1408 1725//1725 1726//1726
f 1408//1408 1726//1726 1410//1410
f 1727//1727 1728//1728 1702//1702
f 1412//1412 1729//1729 1413//1413
f 1413//1413 1729//1729 1730//1730
f 1413//1413 1730//1730 1399//1399
f 1399//1399 1730//1730 1731//1731
f 1399//1399 1731//1731 1401//1401
f 1731//1731 1732//1732 1401//1401
f 1401//1401 1732//1732 1733//1733
f 1401//1401 1733//1733 1712//1712
f 1704//1704 1734//1734 1421//1421
f 1421//1421 1734//1734 1422//1422
f 1734//1734 1735//1735 1422//1422
f 1422//1422 1735//1735 1736//1736
f 1422//1422 1736//1736 1418//1418
f 1418//1418 1736//1736 1737//1737
f 1418//1418 1737//1737 1416//1416
f 1416//1416 1737//1737 1738//1738
f 1416//1416 1738//1738 1414//1414
f 1414//1414 1738//1738 1739//1739
f 1740//1740 1741//1741 1742//1742
f 1740//1740 1742//1742 1743//1743
f 1711//1711 1744//1744 1435//1435
f 1435//1435 1744//1744 1742//1742
f 1435//1435 1742//1742 1437//1437
f 1437//1437 1742//1742 1741//1741
f 1432//1432 1745//1745 1433//1433
f 1433//1433 1745//1745 1709//1709
f 1433//1433 1709//1709 1425//1425
f 1709//1709 1708//1708 1425//1425
f 1425//1425 1708//1708 1746//1746
f 1425//1425 1746//1746 1426//1426
f 1426//1426 1746//1746 1747//1747
f 1426//1426 1747//1747 1396//1396
f 1396//1396 1747//1747 1748//1748
f 1396//1396 1748//1748 1749//1749
f 1749//1749 1750//1750 1396//1396
f 1396//1396 1750//1750 1751//1751
f 1396//1396 1751//1751 1752//1752
f 1752//1752 1751//1751 1753//1753
f 1754//1754 1755//1755 1756//1756
f 1756//1756 1755//1755 1757//1757
f 1515//1515 1758//1758 1756//1756
f 1756//1756 1758//1758 1759//1759
f 1756//1756 1759//1759 1754//1754
f 1760//1760 1761//1761 1762//1762
f 1757//1757 1752//1752 1756//1756
f 1756//1756 1752//1752 1753//1753
f 1756//1756 1753//1753 1762//1762
f 1762//1762 1753//1753 1763//1763
f 1762//1762 1763//1763 1760//1760
f 1761//1761 1509//1509 1762//1762
f 1762//1762 1509//1509 1511//1511
f 1762//1762 1511//1511 1756//1756
f 1756//1756 1511//1511 1513//1513
f 1756//1756 1513//1513 1515//1515
f 1761//1761 1764//1764 1509//1509
f 1509//1509 1764//1764 1765//1765
f 1509//1509 1765//1765 1507//1507
f 1507//1507 1765//1765 1766//1766
f 1507//1507 1766//1766 1504//1504
f 1504//1504 1766//1766 1767//1767
f 1504//1504 1767//1767 1505//1505
f 1505//1505 1767//1767 1768//1768
f 1768//1768 1769//1769 1505//1505
f 1505//1505 1769//1769 1770//1770
f 1505//1505 1770//1770 1771//1771
f 1770//1770 1772//1772 1771//1771
f 1771//1771 1772//1772 1773//1773
f 1771//1771 1773//1773 1774//1774
f 1774//1774 1775//1775 1771//1771
f 1771//1771 1775//1775 1776//1776
f 1771//1771 1776//1776 1777//1777
f 1778//1778 1498//1498 1779//1779
f 1779//1779 1498//1498 1496//1496
f 1779//1779 1496//1496 1780//1780
f 1780//1780 1496//1496 1494//1494
f 1780//1780 1494//1494 1771//1771
f 1771//1771 1494//1494 1506//1506
f 1771//1771 1506//1506 1505//1505
f 1781//1781 1502//1502 1778//1778
f 1778//1778 1502//1502 1500//1500
f 1778//1778 1500//1500 1498//1498
f 1781//1781 1782//1782 1502//1502
f 1502//1502 1782//1782 1783//1783
f 1502//1502 1783//1783 1503//1503
f 1784//1784 1492//1492 1785//1785
f 1785//1785 1492//1492 1503//1503
f 1785//1785 1503//1503 1786//1786
f 1786//1786 1503//1503 1783//1783
f 1784//1784 1787//1787 1492//1492
f 1492//1492 1787//1787 1788//1788
f 1492//1492 1788//1788 1706//1706
f 1706//1706 1788//1788 1789//1789
f 1790//1790 1791//1791 1486//1486
f 1790//1790 1486//1486 1792//1792
f 1739//1739 1793//1793 1414//1414
f 1414//1414 1793//1793 1794//1794
f 1414//1414 1794//1794 1434//1434
f 1434//1434 1794//1794 1795//1795
f 1434//1434 1795//1795 1711//1711
f 1711//1711 1795//1795 1796//1796
f 1711//1711 1796//1796 1797//1797
f 1789//1789 1743//1743 1706//1706
f 1706//1706 1743//1743 1742//1742
f 1706//1706 1742//1742 1490//1490
f 1490//1490 1742//1742 1744//1744
f 1490//1490 1744//1744 1488//1488
f 1488//1488 1744//1744 1711//1711
f 1488//1488 1711//1711 1486//1486
f 1486//1486 1711//1711 1797//1797
f 1486//1486 1797//1797 1792//1792
f 1791//1791 1798//1798 1486//1486
f 1486//1486 1798//1798 1799//1799
f 1486//1486 1799//1799 1484//1484
f 1799//1799 1800//1800 1484//1484
f 1484//1484 1800//1800 1801//1801
f 1484//1484 1801//1801 1482//1482
f 1482//1482 1801//1801 1802//1802
f 1802//1802 1803//1803 1482//1482
f 1482//1482 1803//1803 1804//1804
f 1482//1482 1804//1804 1805//1805
f 1478//1478 1480//1480 1806//1806
f 1806//1806 1480//1480 1482//1482
f 1806//1806 1482//1482 1705//1705
f 1705//1705 1482//1482 1805//1805
f 1705//1705 1805//1805 1703//1703
f 1733//1733 1807//1807 1712//1712
f 1712//1712 1807//1807 1808//1808
f 1712//1712 1808//1808 1809//1809
f 1809//1809 1808//1808 1810//1810
f 1809//1809 1810//1810 1811//1811
f 1704//1704 1421//1421 1705//1705
f 1705//1705 1421//1421 1420//1420
f 1705//1705 1420//1420 1806//1806
f 1806//1806 1420//1420 1712//1712
f 1806//1806 1712//1712 1478//1478
f 1478//1478 1712//1712 1809//1809
f 1478//1478 1809//1809 1476//1476
f 1476//1476 1809//1809 1811//1811
f 1476//1476 1811//1811 1812//1812
f 1812//1812 1813//1813 1476//1476
f 1476//1476 1813//1813 1814//1814
f 1476//1476 1814//1814 1474//1474
f 1815//1815 1463//1463 1816//1816
f 1816//1816 1463//1463 1474//1474
f 1816//1816 1474//1474 1817//1817
f 1817//1817 1474//1474 1814//1814
f 1818//1818 1468//1468 1727//1727
f 1727//1727 1468//1468 1466//1466
f 1727//1727 1466//1466 1728//1728
f 1728//1728 1466//1466 1464//1464
f 1728//1728 1464//1464 1819//1819
f 1819//1819 1464//1464 1463//1463
f 1473//1473 1472//1472 1818//1818
f 1818//1818 1472//1472 1470//1470
f 1818//1818 1470//1470 1468//1468
f 1724//1724 1820//1820 1403//1403
f 1403//1403 1820//1820 1821//1821
f 1403//1403 1821//1821 1404//1404
f 1404//1404 1821//1821 1822//1822
f 1404//1404 1822//1822 1406//1406
f 1406//1406 1822//1822 1823//1823
f 1406//1406 1823//1823 1725//1725
f 1725//1725 1823//1823 1824//1824
f 1725//1725 1824//1824 1825//1825
f 1826//1826 1827//1827 1818//1818
f 1827//1827 1828//1828 1818//1818
f 1818//1818 1828//1828 1829//1829
f 1818//1818 1829//1829 1830//1830
f 1830//1830 1831//1831 1818//1818
f 1818//1818 1831//1831 1832//1832
f 1818//1818 1832//1832 1473//1473
f 1473//1473 1832//1832 1833//1833
f 1473//1473 1833//1833 1461//1461
f 1834//1834 1459//1459 1835//1835
f 1835//1835 1459//1459 1462//1462
f 1835//1835 1462//1462 1836//1836
f 1836//1836 1462//1462 1461//1461
f 1836//1836 1461//1461 1837//1837
f 1837//1837 1461//1461 1833//1833
f 1838//1838 1839//1839 1840//1840
f 1403//1403 1718//1718 1722//1722
f 1722//1722 1718//1718 1715//1715
f 1722//1722 1715//1715 1841//1841
f 1841//1841 1715//1715 1840//1840
f 1841//1841 1840//1840 1842//1842
f 1842//1842 1840//1840 1839//1839
f 1834//1834 1838//1838 1459//1459
f 1459//1459 1838//1838 1840//1840
f 1459//1459 1840//1840 1457//1457
f 1457//1457 1840//1840 1715//1715
f 1457//1457 1715//1715 1455//1455
f 1455//1455 1715//1715 1717//1717
f 1455//1455 1717//1717 1714//1714
f 1815//1815 1843//1843 1463//1463
f 1463//1463 1843//1843 1844//1844
f 1463//1463 1844//1844 1819//1819
f 1819//1819 1844//1844 1845//1845
f 1819//1819 1845//1845 1728//1728
f 1728//1728 1845//1845 1846//1846
f 1728//1728 1846//1846 1847//1847
f 1847//1847 1848//1848 1728//1728
f 1728//1728 1848//1848 1849//1849
f 1728//1728 1849//1849 1702//1702
f 1702//1702 1849//1849 1850//1850
f 1702//1702 1850//1850 1700//1700
f 1741//1741 1851//1851 1437//1437
f 1437//1437 1851//1851 1852//1852
f 1437//1437 1852//1852 1438//1438
f 1438//1438 1852//1852 1853//1853
f 1438//1438 1853//1853 1428//1428
f 1428//1428 1853//1853 1854//1854
f 1428//1428 1854//1854 1430//1430
f 1430//1430 1854//1854 1855//1855
f 1430//1430 1855//1855 1710//1710
f 1710//1710 1855//1855 1856//1856
f 1710//1710 1856//1856 1857//1857
f 1858//1858 1859//1859 1779//1779
f 1779//1779 1859//1859 1860//1860
f 1860//1860 1861//1861 1779//1779
f 1779//1779 1861//1861 1862//1862
f 1779//1779 1862//1862 1778//1778
f 1778//1778 1862//1862 1863//1863
f 1778//1778 1863//1863 1781//1781
f 1857//1857 1858//1858 1710//1710
f 1710//1710 1858//1858 1779//1779
f 1710//1710 1779//1779 1432//1432
f 1432//1432 1779//1779 1780//1780
f 1432//1432 1780//1780 1745//1745
f 1745//1745 1780//1780 1771//1771
f 1745//1745 1771//1771 1709//1709
f 1709//1709 1771//1771 1777//1777
f 1709//1709 1777//1777 1707//1707
f 1825//1825 1826//1826 1725//1725
f 1725//1725 1826//1826 1818//1818
f 1725//1725 1818//1818 1726//1726
f 1726//1726 1818//1818 1727//1727
f 1726//1726 1727//1727 1410//1410
f 1410//1410 1727//1727 1702//1702
f 1410//1410 1702//1702 1412//1412
f 1412//1412 1702//1702 1701//1701
f 1412//1412 1701//1701 1729//1729
f 1864//1864 1376//1376 1865//1865
f 1865//1865 1376//1376 1367//1367
f 1865//1865 1367//1367 1866//1866
f 1866//1866 1367//1367 1867//1867
f 1341//1341 1868//1868 1343//1343
f 1343//1343 1868//1868 1869//1869
f 1870//1870 1339//1339 1869//1869
f 1869//1869 1339//1339 1344//1344
f 1869//1869 1344//1344 1343//1343
f 1871//1871 1872//1872 1873//1873
f 1873//1873 1872//1872 1335//1335
f 1873//1873 1335//1335 1870//1870
f 1870//1870 1335//1335 1337//1337
f 1870//1870 1337//1337 1339//1339
f 1867//1867 1367//1367 1874//1874
f 1874//1874 1367//1367 1875//1875
f 1874//1874 1875//1875 1873//1873
f 1873//1873 1875//1875 1876//1876
f 1873//1873 1876//1876 1871//1871
f 1321//1321 1877//1877 1878//1878
f 1321//1321 1878//1878 1322//1322
f 1322//1322 1878//1878 1879//1879
f 1322//1322 1879//1879 1324//1324
f 1324//1324 1879//1879 1880//1880
f 1324//1324 1880//1880 1325//1325
f 1325//1325 1880//1880 1881//1881
f 1325//1325 1881//1881 1326//1326
f 1326//1326 1881//1881 1882//1882
f 1326//1326 1882//1882 1327//1327
f 1327//1327 1882//1882 46//46
f 1327//1327 46//46 42//42
f 1883//1883 1877//1877 1321//1321
f 1299//1299 1302//1302 1358//1358
f 1358//1358 1302//1302 1884//1884
f 1885//1885 1886//1886 1887//1887
f 1887//1887 1886//1886 1888//1888
f 1887//1887 1888//1888 1884//1884
f 1884//1884 1888//1888 1889//1889
f 1884//1884 1889//1889 1358//1358
f 1890//1890 1334//1334 1887//1887
f 1887//1887 1334//1334 1355//1355
f 1887//1887 1355//1355 1885//1885
f 1321//1321 1328//1328 1883//1883
f 1883//1883 1328//1328 1330//1330
f 1883//1883 1330//1330 1890//1890
f 1890//1890 1330//1330 1332//1332
f 1890//1890 1332//1332 1334//1334
f 1891//1891 475//475 455//455
f 1892//1892 1893//1893 1868//1868
f 1868//1868 1893//1893 1869//1869
f 1893//1893 1891//1891 1869//1869
f 1869//1869 1891//1891 455//455
f 1869//1869 455//455 1870//1870
f 470//470 1874//1874 461//461
f 461//461 1874//1874 1873//1873
f 461//461 1873//1873 459//459
f 459//459 1873//1873 1870//1870
f 459//459 1870//1870 454//454
f 454//454 1870//1870 455//455
f 1451//1451 1452//1452 1894//1894
f 1874//1874 470//470 1318//1318
f 1874//1874 1318//1318 1867//1867
f 1318//1318 1310//1310 1867//1867
f 1867//1867 1310//1310 1309//1309
f 1867//1867 1309//1309 1866//1866
f 1866//1866 1309//1309 1895//1895
f 1866//1866 1895//1895 1865//1865
f 1865//1865 1895//1895 1896//1896
f 1865//1865 1896//1896 1894//1894
f 1446//1446 1443//1443 1896//1896
f 1896//1896 1443//1443 1894//1894
f 1894//1894 1443//1443 1442//1442
f 1894//1894 1442//1442 1451//1451
f 1896//1896 1897//1897 1446//1446
f 1446//1446 1897//1897 1898//1898
f 1446//1446 1898//1898 1445//1445
f 1445//1445 1898//1898 1899//1899
f 1445//1445 1899//1899 1444//1444
f 1444//1444 1899//1899 1900//1900
f 1444//1444 1900//1900 1439//1439
f 1301//1301 1300//1300 1901//1901
f 1901//1901 1300//1300 1372//1372
f 1377//1377 1376//1376 1864//1864
f 1349//1349 1348//1348 1902//1902
f 1902//1902 1903//1903 1349//1349
f 1349//1349 1903//1903 1904//1904
f 1349//1349 1904//1904 1341//1341
f 1341//1341 1904//1904 1892//1892
f 1341//1341 1892//1892 1868//1868
f 1345//1345 1905//1905 1347//1347
f 1347//1347 1905//1905 1906//1906
f 1347//1347 1906//1906 1348//1348
f 1348//1348 1906//1906 1907//1907
f 1348//1348 1907//1907 1902//1902
f 48//48 1908//1908 50//50
f 50//50 1908//1908 1909//1909
f 50//50 1909//1909 1346//1346
f 1346//1346 1909//1909 1910//1910
f 1346//1346 1910//1910 1345//1345
f 1345//1345 1910//1910 1911//1911
f 1345//1345 1911//1911 1905//1905
f 1871//1871 1876//1876 1912//1912
f 1875//1875 1367//1367 1365//1365
f 1875//1875 1365//1365 1876//1876
f 1871//1871 1912//1912 1872//1872
f 1354//1354 1335//1335 1872//1872
f 1913//1913 1886//1886 1885//1885
f 1359//1359 1358//1358 1889//1889
f 1872//1872 1914//1914 1354//1354
f 1354//1354 1914//1914 1915//1915
f 1354//1354 1915//1915 1357//1357
f 1357//1357 1915//1915 1913//1913
f 1357//1357 1913//1913 1356//1356
f 1356//1356 1913//1913 1885//1885
f 1356//1356 1885//1885 1355//1355
f 1872//1872 1912//1912 1914//1914
f 1914//1914 1912//1912 1916//1916
f 1914//1914 1916//1916 1915//1915
f 1915//1915 1916//1916 1917//1917
f 1915//1915 1917//1917 1913//1913
f 1913//1913 1917//1917 1888//1888
f 1913//1913 1888//1888 1886//1886
f 1876//1876 1365//1365 1912//1912
f 1912//1912 1365//1365 1363//1363
f 1912//1912 1363//1363 1916//1916
f 1916//1916 1363//1363 1359//1359
f 1916//1916 1359//1359 1917//1917
f 1917//1917 1359//1359 1889//1889
f 1917//1917 1889//1889 1888//1888
f 1918//1918 1919//1919 1920//1920
f 1921//1921 475//475 1891//1891
f 1906//1906 1905//1905 1922//1922
f 1920//1920 1919//1919 1923//1923
f 1910//1910 1909//1909 47//47
f 47//47 1909//1909 1908//1908
f 47//47 1908//1908 48//48
f 47//47 1923//1923 1910//1910
f 1910//1910 1923//1923 1919//1919
f 1910//1910 1919//1919 1911//1911
f 1911//1911 1919//1919 1905//1905
f 1906//1906 1922//1922 1907//1907
f 1907//1907 1922//1922 1924//1924
f 1907//1907 1924//1924 1902//1902
f 1892//1892 1904//1904 1925//1925
f 1925//1925 1904//1904 1903//1903
f 1903//1903 1902//1902 1925//1925
f 1925//1925 1902//1902 1924//1924
f 1925//1925 1924//1924 1926//1926
f 1905//1905 1919//1919 1922//1922
f 1922//1922 1919//1919 1918//1918
f 1922//1922 1918//1918 1924//1924
f 1924//1924 1918//1918 1927//1927
f 1924//1924 1927//1927 1926//1926
f 1926//1926 1927//1927 1928//1928
f 1926//1926 1928//1928 1929//1929
f 1892//1892 1925//1925 1893//1893
f 1893//1893 1925//1925 1926//1926
f 1893//1893 1926//1926 1891//1891
f 1891//1891 1926//1926 1929//1929
f 1891//1891 1929//1929 1921//1921
f 1930//1930 1834//1834 1835//1835
f 1930//1930 1835//1835 1931//1931
f 1834//1834 1930//1930 1838//1838
f 1838//1838 1930//1930 1932//1932
f 1838//1838 1932//1932 1839//1839
f 1839//1839 1932//1932 1842//1842
f 1842//1842 1932//1932 1933//1933
f 1842//1842 1933//1933 1841//1841
f 1841//1841 1933//1933 1722//1722
f 1722//1722 1933//1933 1934//1934
f 1722//1722 1934//1934 1723//1723
f 1723//1723 1934//1934 1724//1724
f 1724//1724 1934//1934 1935//1935
f 1724//1724 1935//1935 1820//1820
f 1820//1820 1935//1935 1821//1821
f 1821//1821 1935//1935 1936//1936
f 1821//1821 1936//1936 1822//1822
f 1822//1822 1936//1936 1823//1823
f 1823//1823 1936//1936 1937//1937
f 1823//1823 1937//1937 1824//1824
f 1824//1824 1937//1937 1825//1825
f 1825//1825 1937//1937 1938//1938
f 1825//1825 1938//1938 1826//1826
f 1826//1826 1938//1938 1827//1827
f 1827//1827 1938//1938 1939//1939
f 1827//1827 1939//1939 1828//1828
f 1940//1940 1941//1941 1832//1832
f 1832//1832 1831//1831 1940//1940
f 1940//1940 1831//1831 1830//1830
f 1940//1940 1830//1830 1939//1939
f 1939//1939 1830//1830 1829//1829
f 1939//1939 1829//1829 1828//1828
f 1835//1835 1836//1836 1931//1931
f 1931//1931 1836//1836 1837//1837
f 1931//1931 1837//1837 1941//1941
f 1941//1941 1837//1837 1833//1833
f 1941//1941 1833//1833 1832//1832
f 1942//1942 1848//1848 1847//1847
f 1942//1942 1847//1847 1943//1943
f 1848//1848 1942//1942 1849//1849
f 1849//1849 1942//1942 1944//1944
f 1849//1849 1944//1944 1850//1850
f 1850//1850 1944//1944 1700//1700
f 1700//1700 1944//1944 1945//1945
f 1700//1700 1945//1945 1701//1701
f 1701//1701 1945//1945 1729//1729
f 1729//1729 1945//1945 1946//1946
f 1729//1729 1946//1946 1730//1730
f 1730//1730 1946//1946 1731//1731
f 1731//1731 1946//1946 1947//1947
f 1731//1731 1947//1947 1732//1732
f 1732//1732 1947//1947 1733//1733
f 1733//1733 1947//1947 1948//1948
f 1733//1733 1948//1948 1807//1807
f 1807//1807 1948//1948 1808//1808
f 1808//1808 1948//1948 1949//1949
f 1808//1808 1949//1949 1810//1810
f 1950//1950 1951//1951 1814//1814
f 1814//1814 1813//1813 1950//1950
f 1950//1950 1813//1813 1812//1812
f 1950//1950 1812//1812 1949//1949
f 1949//1949 1812//1812 1811//1811
f 1949//1949 1811//1811 1810//1810
f 1952//1952 1953//1953 1843//1843
f 1843//1843 1815//1815 1952//1952
f 1952//1952 1815//1815 1816//1816
f 1952//1952 1816//1816 1951//1951
f 1951//1951 1816//1816 1817//1817
f 1951//1951 1817//1817 1814//1814
f 1847//1847 1846//1846 1943//1943
f 1943//1943 1846//1846 1845//1845
f 1943//1943 1845//1845 1953//1953
f 1953//1953 1845//1845 1844//1844
f 1953//1953 1844//1844 1843//1843
f 1954//1954 1736//1736 1735//1735
f 1954//1954 1735//1735 1955//1955
f 1736//1736 1954//1954 1737//1737
f 1737//1737 1954//1954 1956//1956
f 1737//1737 1956//1956 1738//1738
f 1738//1738 1956//1956 1739//1739
f 1739//1739 1956//1956 1957//1957
f 1739//1739 1957//1957 1793//1793
f 1793//1793 1957//1957 1794//1794
f 1794//1794 1957//1957 1958//1958
f 1794//1794 1958//1958 1795//1795
f 1795//1795 1958//1958 1796//1796
f 1796//1796 1958//1958 1959//1959
f 1796//1796 1959//1959 1797//1797
f 1960//1960 1961//1961 1798//1798
f 1798//1798 1791//1791 1960//1960
f 1960//1960 1791//1791 1790//1790
f 1960//1960 1790//1790 1959//1959
f 1959//1959 1790//1790 1792//1792
f 1959//1959 1792//1792 1797//1797
f 1962//1962 1801//1801 1963//1963
f 1963//1963 1801//1801 1800//1800
f 1963//1963 1800//1800 1961//1961
f 1961//1961 1800//1800 1799//1799
f 1961//1961 1799//1799 1798//1798
f 1964//1964 1803//1803 1962//1962
f 1962//1962 1803//1803 1802//1802
f 1962//1962 1802//1802 1801//1801
f 1965//1965 1805//1805 1964//1964
f 1964//1964 1805//1805 1804//1804
f 1964//1964 1804//1804 1803//1803
f 1735//1735 1734//1734 1955//1955
f 1955//1955 1734//1734 1704//1704
f 1955//1955 1704//1704 1965//1965
f 1965//1965 1704//1704 1703//1703
f 1965//1965 1703//1703 1805//1805
f 1856//1856 1855//1855 1966//1966
f 1966//1966 1855//1855 1967//1967
f 1856//1856 1966//1966 1857//1857
f 1857//1857 1966//1966 1968//1968
f 1857//1857 1968//1968 1858//1858
f 1858//1858 1968//1968 1859//1859
f 1859//1859 1968//1968 1969//1969
f 1859//1859 1969//1969 1860//1860
f 1970//1970 1971//1971 1781//1781
f 1781//1781 1863//1863 1970//1970
f 1970//1970 1863//1863 1862//1862
f 1970//1970 1862//1862 1969//1969
f 1969//1969 1862//1862 1861//1861
f 1969//1969 1861//1861 1860//1860
f 1972//1972 1973//1973 1785//1785
f 1785//1785 1786//1786 1972//1972
f 1972//1972 1786//1786 1783//1783
f 1972//1972 1783//1783 1971//1971
f 1971//1971 1783//1783 1782//1782
f 1971//1971 1782//1782 1781//1781
f 1974//1974 1787//1787 1973//1973
f 1973//1973 1787//1787 1784//1784
f 1973//1973 1784//1784 1785//1785
f 1975//1975 1789//1789 1974//1974
f 1974//1974 1789//1789 1788//1788
f 1974//1974 1788//1788 1787//1787
f 1976//1976 1740//1740 1975//1975
f 1975//1975 1740//1740 1743//1743
f 1975//1975 1743//1743 1789//1789
f 1977//1977 1851//1851 1976//1976
f 1976//1976 1851//1851 1741//1741
f 1976//1976 1741//1741 1740//1740
f 1855//1855 1854//1854 1967//1967
f 1967//1967 1854//1854 1853//1853
f 1967//1967 1853//1853 1977//1977
f 1977//1977 1853//1853 1852//1852
f 1977//1977 1852//1852 1851//1851
f 1751//1751 1750//1750 1978//1978
f 1978//1978 1750//1750 1979//1979
f 1751//1751 1978//1978 1753//1753
f 1753//1753 1978//1978 1980//1980
f 1753//1753 1980//1980 1763//1763
f 1981//1981 1982//1982 1765//1765
f 1765//1765 1764//1764 1981//1981
f 1981//1981 1764//1764 1761//1761
f 1981//1981 1761//1761 1980//1980
f 1980//1980 1761//1761 1760//1760
f 1980//1980 1760//1760 1763//1763
f 1983//1983 1984//1984 1769//1769
f 1769//1769 1768//1768 1983//1983
f 1983//1983 1768//1768 1767//1767
f 1983//1983 1767//1767 1982//1982
f 1982//1982 1767//1767 1766//1766
f 1982//1982 1766//1766 1765//1765
f 1985//1985 1772//1772 1984//1984
f 1984//1984 1772//1772 1770//1770
f 1984//1984 1770//1770 1769//1769
f 1986//1986 1774//1774 1985//1985
f 1985//1985 1774//1774 1773//1773
f 1985//1985 1773//1773 1772//1772
f 1987//1987 1776//1776 1986//1986
f 1986//1986 1776//1776 1775//1775
f 1986//1986 1775//1775 1774//1774
f 1988//1988 1707//1707 1987//1987
f 1987//1987 1707//1707 1777//1777
f 1987//1987 1777//1777 1776//1776
f 1989//1989 1746//1746 1988//1988
f 1988//1988 1746//1746 1708//1708
f 1988//1988 1708//1708 1707//1707
f 1750//1750 1749//1749 1979//1979
f 1979//1979 1749//1749 1748//1748
f 1979//1979 1748//1748 1989//1989
f 1989//1989 1748//1748 1747//1747
f 1989//1989 1747//1747 1746//1746
f 1641//1641 1983//1983 1642//1642
f 1642//1642 1983//1983 1982//1982
f 1642//1642 1982//1982 1643//1643
f 1643//1643 1982//1982 1981//1981
f 1643//1643 1981//1981 1644//1644
f 1644//1644 1981//1981 1980//1980
f 1644//1644 1980//1980 1645//1645
f 1645//1645 1980//1980 1978//1978
f 1645//1645 1978//1978 1646//1646
f 1646//1646 1978//1978 1979//1979
f 1646//1646 1979//1979 1647//1647
f 1647//1647 1979//1979 1989//1989
f 1647//1647 1989//1989 1648//1648
f 1648//1648 1989//1989 1988//1988
f 1648//1648 1988//1988 1649//1649
f 1649//1649 1988//1988 1987//1987
f 1649//1649 1987//1987 1650//1650
f 1650//1650 1987//1987 1986//1986
f 1650//1650 1986//1986 1651//1651
f 1651//1651 1986//1986 1985//1985
f 1651//1651 1985//1985 1640//1640
f 1640//1640 1985//1985 1984//1984
f 1640//1640 1984//1984 1641//1641
f 1641//1641 1984//1984 1983//1983
f 1629//1629 1970//1970 1630//1630
f 1630//1630 1970//1970 1969//1969
f 1630//1630 1969//1969 1631//1631
f 1631//1631 1969//1969 1968//1968
f 1631//1631 1968//1968 1632//1632
f 1632//1632 1968//1968 1966//1966
f 1632//1632 1966//1966 1633//1633
f 1633//1633 1966//1966 1967//1967
f 1633//1633 1967//1967 1634//1634
f 1634//1634 1967//1967 1977//1977
f 1634//1634 1977//1977 1635//1635
f 1635//1635 1977//1977 1976//1976
f 1635//1635 1976//1976 1636//1636
f 1636//1636 1976//1976 1975//1975
f 1636//1636 1975//1975 1637//1637
f 1637//1637 1975//1975 1974//1974
f 1637//1637 1974//1974 1638//1638
f 1638//1638 1974//1974 1973//1973
f 1638//1638 1973//1973 1639//1639
f 1639//1639 1973//1973 1972//1972
f 1639//1639 1972//1972 1628//1628
f 1628//1628 1972//1972 1971//1971
f 1628//1628 1971//1971 1629//1629
f 1629//1629 1971//1971 1970//1970
f 1689//1689 1958//1958 1690//1690
f 1690//1690 1958//1958 1957//1957
f 1690//1690 1957//1957 1691//1691
f 1691//1691 1957//1957 1956//1956
f 1691//1691 1956//1956 1692//1692
f 1692//1692 1956//1956 1954//1954
f 1692//1692 1954//1954 1693//1693
f 1693//1693 1954//1954 1955//1955
f 1693//1693 1955//1955 1694//1694
f 1694//1694 1955//1955 1965//1965
f 1694//1694 1965//1965 1695//1695
f 1695//1695 1965//1965 1964//1964
f 1695//1695 1964//1964 1696//1696
f 1696//1696 1964//1964 1962//1962
f 1696//1696 1962//1962 1697//1697
f 1697//1697 1962//1962 1963//1963
f 1697//1697 1963//1963 1698//1698
f 1698//1698 1963//1963 1961//1961
f 1698//1698 1961//1961 1699//1699
f 1699//1699 1961//1961 1960//1960
f 1699//1699 1960//1960 1688//1688
f 1688//1688 1960//1960 1959//1959
f 1688//1688 1959//1959 1689//1689
f 1689//1689 1959//1959 1958//1958
f 1677//1677 1946//1946 1678//1678
f 1678//1678 1946//1946 1945//1945
f 1678//1678 1945//1945 1679//1679
f 1679//1679 1945//1945 1944//1944
f 1679//1679 1944//1944 1680//1680
f 1680//1680 1944//1944 1942//1942
f 1680//1680 1942//1942 1681//1681
f 1681//1681 1942//1942 1943//1943
f 1681//1681 1943//1943 1682//1682
f 1682//1682 1943//1943 1953//1953
f 1682//1682 1953//1953 1683//1683
f 1683//1683 1953//1953 1952//1952
f 1683//1683 1952//1952 1684//1684
f 1684//1684 1952//1952 1951//1951
f 1684//1684 1951//1951 1685//1685
f 1685//1685 1951//1951 1950//1950
f 1685//1685 1950//1950 1686//1686
f 1686//1686 1950//1950 1949//1949
f 1686//1686 1949//1949 1687//1687
f 1687//1687 1949//1949 1948//1948
f 1687//1687 1948//1948 1676//1676
f 1676//1676 1948//1948 1947//1947
f 1676//1676 1947//1947 1677//1677
f 1677//1677 1947//1947 1946//1946
f 1665//1665 1934//1934 1666//1666
f 1666//1666 1934//1934 1933//1933
f 1666//1666 1933//1933 1667//1667
f 1667//1667 1933//1933 1932//1932
f 1667//1667 1932//1932 1668//1668
f 1668//1668 1932//1932 1930//1930
f 1668//1668 1930//1930 1669//1669
f 1669//1669 1930//1930 1931//1931
f 1669//1669 1931//1931 1670//1670
f 1670//1670 1931//1931 1941//1941
f 1670//1670 1941//1941 1671//1671
f 1671//1671 1941//1941 1940//1940
f 1671//1671 1940//1940 1672//1672
f 1672//1672 1940//1940 1939//1939
f 1672//1672 1939//1939 1673//1673
f 1673//1673 1939//1939 1938//1938
f 1673//1673 1938//1938 1674//1674
f 1674//1674 1938//1938 1937//1937
f 1674//1674 1937//1937 1675//1675
f 1675//1675 1937//1937 1936//1936
f 1675//1675 1936//1936 1664//1664
f 1664//1664 1936//1936 1935//1935
f 1664//1664 1935//1935 1665//1665
f 1665//1665 1935//1935 1934//1934
f 1990//1990 1370//1370 1991//1991
f 1991//1991 1370//1370 1361//1361
f 1991//1991 1361//1361 1992//1992
f 1992//1992 1361//1361 1360//1360
f 1992//1992 1360//1360 1993//1993
f 1993//1993 1360//1360 1362//1362
f 1993//1993 1362//1362 1994//1994
f 1994//1994 1362//1362 1364//1364
f 1994//1994 1364//1364 1995//1995
f 1995//1995 1364//1364 1366//1366
f 1995//1995 1366//1366 1996//1996
f 1996//1996 1366//1366 1378//1378
f 1996//1996 1378//1378 1997//1997
f 1997//1997 1378//1378 1380//1380
f 1997//1997 1380//1380 1998//1998
f 1998//1998 1380//1380 1390//1390
f 1998//1998 1390//1390 1999//1999
f 1999//1999 1390//1390 1388//1388
f 1999//1999 1388//1388 2000//2000
f 2000//2000 1388//1388 1386//1386
f 2000//2000 1386//1386 2001//2001
f 2001//2001 1386//1386 1368//1368
f 2001//2001 1368//1368 1990//1990
f 1990//1990 1368//1368 1370//1370
f 2002//2002 1546//1546 1519//1519
f 1518//1518 2003//2003 1519//1519
f 1519//1519 2003//2003 2004//2004
f 1519//1519 2004//2004 2002//2002
f 1521//1521 2005//2005 1518//1518
f 1518//1518 2005//2005 2006//2006
f 1518//1518 2006//2006 2003//2003
f 1523//1523 2007//2007 1521//1521
f 1521//1521 2007//2007 2008//2008
f 1521//1521 2008//2008 2005//2005
f 1524//1524 2009//2009 1523//1523
f 1523//1523 2009//2009 2010//2010
f 1523//1523 2010//2010 2007//2007
f 1627//1627 2011//2011 1524//1524
f 1524//1524 2011//2011 2012//2012
f 1524//1524 2012//2012 2009//2009
f 1525//1525 2013//2013 1627//1627
f 1627//1627 2013//2013 2014//2014
f 1627//1627 2014//2014 2011//2011
f 1527//1527 2015//2015 1525//1525
f 1525//1525 2015//2015 2016//2016
f 1525//1525 2016//2016 2013//2013
f 1535//1535 2017//2017 1527//1527
f 1527//1527 2017//2017 2018//2018
f 1527//1527 2018//2018 2015//2015
f 1534//1534 2019//2019 1535//1535
f 1535//1535 2019//2019 2020//2020
f 1535//1535 2020//2020 2017//2017
f 1532//1532 2021//2021 1534//1534
f 1534//1534 2021//2021 2022//2022
f 1534//1534 2022//2022 2019//2019
f 1530//1530 2023//2023 1532//1532
f 1532//1532 2023//2023 2024//2024
f 1532//1532 2024//2024 2021//2021
f 1529//1529 2025//2025 1530//1530
f 1530//1530 2025//2025 2026//2026
f 1530//1530 2026//2026 2023//2023
f 1537//1537 2027//2027 1529//1529
f 1529//1529 2027//2027 2028//2028
f 1529//1529 2028//2028 2025//2025
f 1538//1538 2029//2029 1537//1537
f 1537//1537 2029//2029 2030//2030
f 1537//1537 2030//2030 2027//2027
f 1541//1541 2031//2031 1538//1538
f 1538//1538 2031//2031 2032//2032
f 1538//1538 2032//2032 2029//2029
f 1544//1544 2033//2033 1541//1541
f 1541//1541 2033//2033 2034//2034
f 1541//1541 2034//2034 2031//2031
f 1543//1543 2035//2035 1544//1544
f 1544//1544 2035//2035 2036//2036
f 1544//1544 2036//2036 2033//2033
f 1547//1547 2037//2037 1543//1543
f 1543//1543 2037//2037 2038//2038
f 1543//1543 2038//2038 2035//2035
f 2002//2002 2039//2039 1546//1546
f 1546//1546 2039//2039 2040//2040
f 1546//1546 2040//2040 1547//1547
f 1547//1547 2040//2040 2041//2041
f 1547//1547 2041//2041 2037//2037
f 1901//1901 1372//1372 2042//2042
f 1515//1515 1298//1298 1758//1758
f 1758//1758 1298//1298 2043//2043
f 1307//1307 1301//1301 1901//1901
f 1295//1295 1294//1294 2044//2044
f 2044//2044 1294//1294 1293//1293
f 2044//2044 1293//1293 2042//2042
f 2042//2042 1293//1293 1304//1304
f 2042//2042 1304//1304 1901//1901
f 1901//1901 1304//1304 1306//1306
f 1901//1901 1306//1306 1307//1307
f 1298//1298 1297//1297 2043//2043
f 2043//2043 1297//1297 1296//1296
f 2043//2043 1296//1296 2044//2044
f 2044//2044 1296//1296 1292//1292
f 2044//2044 1292//1292 1295//1295
f 2045//2045 2043//2043 2044//2044
f 2046//2046 1396//1396 1752//1752
f 2047//2047 2048//2048 2049//2049
f 2046//2046 2050//2050 1394//1394
f 1394//1394 2050//2050 2051//2051
f 1394//1394 2051//2051 1373//1373
f 2052//2052 1369//1369 2053//2053
f 2053//2053 1369//1369 1375//1375
f 2053//2053 1375//1375 1374//1374
f 1374//1374 1373//1373 2053//2053
f 2053//2053 1373//1373 2051//2051
f 2053//2053 2051//2051 2054//2054
f 2054//2054 2051//2051 2050//2050
f 2049//2049 2045//2045 2047//2047
f 2047//2047 2045//2045 2044//2044
f 2047//2047 2044//2044 2055//2055
f 2055//2055 2044//2044 2042//2042
f 2055//2055 2042//2042 1371//1371
f 1371//1371 2042//2042 1372//1372
f 2046//2046 1752//1752 2050//2050
f 2050//2050 1752//1752 1757//1757
f 2050//2050 1757//1757 2054//2054
f 2054//2054 1757//1757 1755//1755
f 2054//2054 1755//1755 1754//1754
f 1394//1394 1396//1396 2046//2046
f 1371//1371 1369//1369 2055//2055
f 2055//2055 1369//1369 2052//2052
f 2055//2055 2052//2052 2047//2047
f 2047//2047 2052//2052 2053//2053
f 2047//2047 2053//2053 2048//2048
f 2048//2048 2053//2053 2054//2054
f 2048//2048 2054//2054 2049//2049
f 2049//2049 2054//2054 1754//1754
f 2049//2049 1754//1754 2045//2045
f 2045//2045 1754//1754 1759//1759
f 2045//2045 1759//1759 2043//2043
f 2043//2043 1759//1759 1758//1758
f 2056//2056 1403//1403 1392//1392
f 2057//2057 2058//2058 2059//2059
f 2060//2060 1381//1381 1379//1379
f 1381//1381 2060//2060 1382//1382
f 1391//1391 1384//1384 2061//2061
f 2061//2061 1384//1384 1383//1383
f 2061//2061 1383//1383 2059//2059
f 1720//1720 1719//1719 2056//2056
f 1391//1391 2061//2061 2062//2062
f 2062//2062 2061//2061 2063//2063
f 2062//2062 2063//2063 2064//2064
f 1383//1383 1382//1382 2059//2059
f 2059//2059 1382//1382 2060//2060
f 2059//2059 2060//2060 2057//2057
f 2057//2057 2060//2060 1379//1379
f 2057//2057 1379//1379 1377//1377
f 2058//2058 2065//2065 2059//2059
f 2059//2059 2065//2065 2066//2066
f 2059//2059 2066//2066 2061//2061
f 2061//2061 2066//2066 2067//2067
f 2061//2061 2067//2067 2063//2063
f 1721//1721 2068//2068 1716//1716
f 1716//1716 2068//2068 2069//2069
f 1716//1716 2069//2069 1717//1717
f 2065//2065 2070//2070 2069//2069
f 2069//2069 2070//2070 1714//1714
f 2069//2069 1714//1714 1717//1717
f 1719//1719 1718//1718 2056//2056
f 2056//2056 1718//1718 1403//1403
f 2065//2065 2069//2069 2066//2066
f 2066//2066 2069//2069 2068//2068
f 2066//2066 2068//2068 2067//2067
f 2067//2067 2068//2068 1721//1721
f 2067//2067 1721//1721 2063//2063
f 2063//2063 1721//1721 1720//1720
f 2063//2063 1720//1720 2064//2064
f 2064//2064 1720//1720 2056//2056
f 2064//2064 2056//2056 2062//2062
f 2062//2062 2056//2056 1392//1392
f 2062//2062 1392//1392 1391//1391
f 1377//1377 1864//1864 2057//2057
f 2057//2057 1864//1864 2071//2071
f 2057//2057 2071//2071 2058//2058
f 2058//2058 2071//2071 2072//2072
f 2058//2058 2072//2072 2065//2065
f 2065//2065 2072//2072 2073//2073
f 2065//2065 2073//2073 2070//2070
f 2070//2070 2073//2073 1713//1713
f 2070//2070 1713//1713 1714//1714
f 1453//1453 1713//1713 1447//1447
f 1447//1447 1713//1713 2073//2073
f 1447//1447 2073//2073 1448//1448
f 1448//1448 2073//2073 1449//1449
f 1449//1449 2073//2073 2072//2072
f 1449//1449 2072//2072 1450//1450
f 1450//1450 2072//2072 2071//2071
f 1450//1450 2071//2071 1452//1452
f 1452//1452 2071//2071 1894//1894
f 1894//1894 2071//2071 1864//1864
f 1894//1894 1864//1864 1865//1865
f 1427//1427 1429//1429 2024//2024
f 2024//2024 2023//2023 1427//1427
f 1427//1427 2023//2023 2026//2026
f 1427//1427 2026//2026 1436//1436
f 2026//2026 2025//2025 1436//1436
f 1436//1436 2025//2025 2028//2028
f 1436//1436 2028//2028 1415//1415
f 2028//2028 2027//2027 1415//1415
f 1415//1415 2027//2027 2030//2030
f 1415//1415 2030//2030 1417//1417
f 2030//2030 2029//2029 1417//1417
f 1417//1417 2029//2029 2032//2032
f 1417//1417 2032//2032 1419//1419
f 2032//2032 2031//2031 1419//1419
f 1419//1419 2031//2031 2034//2034
f 1419//1419 2034//2034 1402//1402
f 2034//2034 2033//2033 1402//1402
f 1402//1402 2033//2033 2036//2036
f 1402//1402 2036//2036 1400//1400
f 2036//2036 2035//2035 1400//1400
f 1400//1400 2035//2035 2038//2038
f 1400//1400 2038//2038 1398//1398
f 2038//2038 2037//2037 1398//1398
f 1398//1398 2037//2037 2041//2041
f 1398//1398 2041//2041 1411//1411
f 1411//1411 2041//2041 2040//2040
f 1411//1411 2040//2040 1409//1409
f 1409//1409 2040//2040 2039//2039
f 1409//1409 2039//2039 1407//1407
f 1407//1407 2039//2039 2002//2002
f 1407//1407 2002//2002 1405//1405
f 2002//2002 2004//2004 1405//1405
f 1405//1405 2004//2004 2003//2003
f 1405//1405 2003//2003 1393//1393
f 2003//2003 2006//2006 1393//1393
f 1393//1393 2006//2006 2005//2005
f 1393//1393 2005//2005 1423//1423
f 2005//2005 2008//2008 1423//1423
f 1423//1423 2008//2008 2007//2007
f 1423//1423 2007//2007 1389//1389
f 2007//2007 2010//2010 1389//1389
f 1389//1389 2010//2010 2009//2009
f 1389//1389 2009//2009 1387//1387
f 2009//2009 2012//2012 1387//1387
f 1387//1387 2012//2012 2011//2011
f 1387//1387 2011//2011 1385//1385
f 2011//2011 2014//2014 1385//1385
f 1385//1385 2014//2014 2013//2013
f 1385//1385 2013//2013 1395//1395
f 2013//2013 2016//2016 1395//1395
f 1395//1395 2016//2016 2015//2015
f 1395//1395 2015//2015 1397//1397
f 2015//2015 2018//2018 1397//1397
f 1397//1397 2018//2018 2017//2017
f 1397//1397 2017//2017 1424//1424
f 2017//2017 2020//2020 1424//1424
f 1424//1424 2020//2020 2019//2019
f 1424//1424 2019//2019 1431//1431
f 1431//1431 2019//2019 2022//2022
f 1431//1431 2022//2022 1429//1429
f 1429//1429 2022//2022 2021//2021
f 1429//1429 2021//2021 2024//2024
f 1653//1653 1991//1991 1654//1654
f 1654//1654 1991//1991 1992//1992
f 1654//1654 1992//1992 1655//1655
f 1655//1655 1992//1992 1993//1993
f 1655//1655 1993//1993 1656//1656
f 1656//1656 1993//1993 1994//1994
f 1656//1656 1994//1994 1657//1657
f 1657//1657 1994//1994 1995//1995
f 1657//1657 1995//1995 1658//1658
f 1658//1658 1995//1995 1996//1996
f 1658//1658 1996//1996 1659//1659
f 1659//1659 1996//1996 1997//1997
f 1659//1659 1997//1997 1660//1660
f 1660//1660 1997//1997 1998//1998
f 1660//1660 1998//1998 1661//1661
f 1661//1661 1998//1998 1999//1999
f 1661//1661 1999//1999 1662//1662
f 1662//1662 1999//1999 2000//2000
f 1662//1662 2000//2000 1663//1663
f 1663//1663 2000//2000 2001//2001
f 1663//1663 2001//2001 1652//1652
f 1652//1652 2001//2001 1990//1990
f 1652//1652 1990//1990 1653//1653
f 1653//1653 1990//1990 1991//1991
f 449//449 475//475 1921//1921
f 1921//1921 1929//1929 449//449
f 449//449 1929//1929 1928//1928
f 449//449 1928//1928 1927//1927
f 1927//1927 1918//1918 449//449
f 449//449 1918//1918 1920//1920
f 449//449 1920//1920 1923//1923
f 86//86 453//453 62//62
f 62//62 453//453 49//49
f 452//452 1923//1923 453//453
f 453//453 1923//1923 47//47
f 453//453 47//47 49//49
f 452//452 451//451 1923//1923
f 1923//1923 451//451 450//450
f 1923//1923 450//450 449//449
f 1317//1317 1302//1302 1316//1316
f 1316//1316 1302//1302 1305//1305
f 1316//1316 1305//1305 1266//1266
f 1313//1313 1884//1884 1314//1314
f 1314//1314 1884//1884 1302//1302
f 1314//1314 1302//1302 1320//1320
f 1320//1320 1302//1302 1317//1317
f 1320//1320 1317//1317 1319//1319
f 1313//1313 1312//1312 1884//1884
f 1884//1884 1312//1312 1311//1311
f 1884//1884 1311//1311 469//469
f 1884//1884 469//469 1887//1887
f 1887//1887 469//469 468//468
f 1887//1887 468//468 1890//1890
f 1880//1880 463//463 1881//1881
f 1881//1881 463//463 1882//1882
f 1880//1880 1879//1879 463//463
f 463//463 1879//1879 1878//1878
f 463//463 1878//1878 465//465
f 468//468 467//467 1890//1890
f 1890//1890 467//467 466//466
f 1890//1890 466//466 1883//1883
f 1883//1883 466//466 465//465
f 1883//1883 465//465 1877//1877
f 1877//1877 465//465 1878//1878
f 473//473 472//472 1882//1882
f 463//463 462//462 1882//1882
f 1882//1882 462//462 474//474
f 1882//1882 474//474 473//473
f 472//472 471//471 1882//1882
f 1882//1882 471//471 477//477
f 1882//1882 477//477 46//46
f 46//46 477//477 476//476
f 46//46 476//476 45//45
f 45//45 476//476 114//114
f 45//45 114//114 44//44
f 1315//1315 1266//1266 1265//1265
f 1898//1898 1267//1267 1899//1899
f 1899//1899 1267//1267 1288//1288
f 1899//1899 1288//1288 1272//1272
f 1272//1272 1271//1271 1899//1899
f 1899//1899 1271//1271 1277//1277
f 1899//1899 1277//1277 1900//1900
f 1900//1900 1277//1277 1276//1276
f 1900//1900 1276//1276 1439//1439
f 1439//1439 1276//1276 1275//1275
f 1439//1439 1275//1275 1274//1274
f 1896//1896 1262//1262 1897//1897
f 1897//1897 1262//1262 1270//1270
f 1897//1897 1270//1270 1898//1898
f 1898//1898 1270//1270 1268//1268
f 1898//1898 1268//1268 1267//1267
f 1315//1315 1265//1265 1308//1308
f 1309//1309 1308//1308 1895//1895
f 1895//1895 1308//1308 1265//1265
f 1895//1895 1265//1265 1896//1896
f 1896//1896 1265//1265 1263//1263
f 1896//1896 1263//1263 1262//1262
f 1440//1440 1439//1439 1516//1516
f 1516//1516 1439//1439 1274//1274
f 1264//1264 1266//1266 1305//1305
f 1264//1264 1305//1305 1287//1287
f 1287//1287 1305//1305 1303//1303
f 1287//1287 1303//1303 1286//1286
f 1042//1042 397//397 980//980
f 980//980 397//397 396//396
f 980//980 396//396 981//981
f 981//981 396//396 395//395
f 981//981 395//395 1095//1095
f 1095//1095 395//395 394//394
f 1095//1095 394//394 1096//1096
f 1096//1096 394//394 393//393
f 1096//1096 393//393 1098//1098
f 1098//1098 393//393 447//447
f 1041//1041 84//84 1042//1042
f 1042//1042 84//84 325//325
f 1042//1042 325//325 397//397
f 447//447 446//446 1098//1098
f 1098//1098 446//446 444//444
f 1098//1098 444//444 1099//1099
f 1099//1099 444//444 443//443
f 1099//1099 443//443 1100//1100
f 1100//1100 443//443 442//442
f 1100//1100 442//442 1101//1101
f 1101//1101 442//442 91//91
f 1101//1101 91//91 1102//1102
f 1102//1102 91//91 90//90
f 1102//1102 90//90 1103//1103
f 1103//1103 90//90 89//89
f 1103//1103 89//89 1041//1041
f 1041//1041 89//89 83//83
f 1041//1041 83//83 84//84
f 1023//1023 390//390 1024//1024
f 1024//1024 390//390 389//389
f 1024//1024 389//389 1025//1025
f 1025//1025 389//389 385//385
f 1025//1025 385//385 1036//1036
f 1036//1036 385//385 387//387
f 1036//1036 387//387 1037//1037
f 1037//1037 387//387 388//388
f 1037//1037 388//388 1038//1038
f 1038//1038 388//388 384//384
f 1035//1035 103//103 1023//1023
f 1023//1023 103//103 391//391
f 1023//1023 391//391 390//390
f 384//384 382//382 1038//1038
f 1038//1038 382//382 380//380
f 1038//1038 380//380 1031//1031
f 1031//1031 380//380 379//379
f 1031//1031 379//379 1027//1027
f 1027//1027 379//379 378//378
f 1027//1027 378//378 1032//1032
f 1032//1032 378//378 105//105
f 1032//1032 105//105 1033//1033
f 1033//1033 105//105 104//104
f 1033//1033 104//104 1034//1034
f 1034//1034 104//104 81//81
f 1034//1034 81//81 1035//1035
f 1035//1035 81//81 80//80
f 1035//1035 80//80 103//103
f 1061//1061 448//448 1067//1067
f 1067//1067 448//448 334//334
f 1067//1067 334//334 1066//1066
f 1066//1066 334//334 333//333
f 1066//1066 333//333 1064//1064
f 1064//1064 333//333 373//373
f 1064//1064 373//373 1062//1062
f 1062//1062 373//373 372//372
f 1062//1062 372//372 1019//1019
f 1019//1019 372//372 371//371
f 1060//1060 99//99 1061//1061
f 1061//1061 99//99 317//317
f 1061//1061 317//317 448//448
f 371//371 370//370 1019//1019
f 1019//1019 370//370 369//369
f 1019//1019 369//369 1020//1020
f 1020//1020 369//369 365//365
f 1020//1020 365//365 1021//1021
f 1021//1021 365//365 364//364
f 1021//1021 364//364 1022//1022
f 1022//1022 364//364 85//85
f 1022//1022 85//85 1058//1058
f 1058//1058 85//85 87//87
f 1058//1058 87//87 1059//1059
f 1059//1059 87//87 88//88
f 1059//1059 88//88 1060//1060
f 1060//1060 88//88 100//100
f 1060//1060 100//100 99//99
f 1071//1071 361//361 1072//1072
f 1072//1072 361//361 358//358
f 1072//1072 358//358 1073//1073
f 1073//1073 358//358 359//359
f 1073//1073 359//359 1074//1074
f 1074//1074 359//359 360//360
f 1074//1074 360//360 1076//1076
f 1076//1076 360//360 356//356
f 1076//1076 356//356 1077//1077
f 1077//1077 356//356 355//355
f 1003//1003 116//116 1071//1071
f 1071//1071 116//116 362//362
f 1071//1071 362//362 361//361
f 355//355 482//482 1077//1077
f 1077//1077 482//482 480//480
f 1077//1077 480//480 1078//1078
f 1078//1078 480//480 479//479
f 1078//1078 479//479 1079//1079
f 1079//1079 479//479 478//478
f 1079//1079 478//478 1080//1080
f 1080//1080 478//478 119//119
f 1080//1080 119//119 1081//1081
f 1081//1081 119//119 118//118
f 1081//1081 118//118 1082//1082
f 1082//1082 118//118 117//117
f 1082//1082 117//117 1003//1003
f 1003//1003 117//117 115//115
f 1003//1003 115//115 116//116
f 992//992 353//353 993//993
f 993//993 353//353 352//352
f 993//993 352//352 994//994
f 994//994 352//352 348//348
f 994//994 348//348 983//983
f 983//983 348//348 350//350
f 983//983 350//350 984//984
f 984//984 350//350 351//351
f 984//984 351//351 988//988
f 988//988 351//351 347//347
f 999//999 134//134 992//992
f 992//992 134//134 354//354
f 992//992 354//354 353//353
f 347//347 345//345 988//988
f 988//988 345//345 343//343
f 988//988 343//343 990//990
f 990//990 343//343 342//342
f 990//990 342//342 986//986
f 986//986 342//342 341//341
f 986//986 341//341 996//996
f 996//996 341//341 130//130
f 996//996 130//130 997//997
f 997//997 130//130 129//129
f 997//997 129//129 998//998
f 998//998 129//129 108//108
f 998//998 108//108 999//999
f 999//999 108//108 107//107
f 999//999 107//107 134//134
f 1083//1083 483//483 1085//1085
f 1085//1085 483//483 409//409
f 1085//1085 409//409 1086//1086
f 1086//1086 409//409 408//408
f 1086//1086 408//408 1088//1088
f 1088//1088 408//408 407//407
f 1088//1088 407//407 1089//1089
f 1089//1089 407//407 406//406
f 1089//1089 406//406 1049//1049
f 1049//1049 406//406 405//405
f 1051//1051 125//125 1083//1083
f 1083//1083 125//125 315//315
f 1083//1083 315//315 483//483
f 405//405 404//404 1049//1049
f 1049//1049 404//404 403//403
f 1049//1049 403//403 1047//1047
f 1047//1047 403//403 402//402
f 1047//1047 402//402 1046//1046
f 1046//1046 402//402 401//401
f 1046//1046 401//401 1052//1052
f 1052//1052 401//401 110//110
f 1052//1052 110//110 1053//1053
f 1053//1053 110//110 112//112
f 1053//1053 112//112 1054//1054
f 1054//1054 112//112 113//113
f 1054//1054 113//113 1051//1051
f 1051//1051 113//113 126//126
f 1051//1051 126//126 125//125
f 2074//2074 2075//2075 2076//2076
f 2076//2076 2075//2075 2077//2077
f 2076//2076 2077//2077 2078//2078
f 2078//2078 2077//2077 2079//2079
f 2078//2078 2079//2079 2080//2080
f 2080//2080 2079//2079 2081//2081
f 2080//2080 2081//2081 2082//2082
f 2082//2082 2081//2081 2083//2083
f 2082//2082 2083//2083 2084//2084
f 2084//2084 2083//2083 2085//2085
f 2084//2084 2085//2085 2086//2086
f 2086//2086 2085//2085 2087//2087
f 2086//2086 2087//2087 2088//2088
f 2088//2088 2087//2087 2089//2089
f 2088//2088 2089//2089 2090//2090
f 2090//2090 2089//2089 2091//2091
f 2090//2090 2091//2091 2092//2092
f 2092//2092 2091//2091 2093//2093
f 2092//2092 2093//2093 2094//2094
f 2094//2094 2093//2093 2095//2095
f 2094//2094 2095//2095 2096//2096
f 2096//2096 2095//2095 2097//2097
f 2096//2096 2097//2097 2074//2074
f 2074//2074 2097//2097 2075//2075
f 2094//2094 2096//2096 2098//2098
f 2098//2098 2096//2096 2074//2074
f 2098//2098 2074//2074 2076//2076
f 2088//2088 2090//2090 2098//2098
f 2098//2098 2090//2090 2092//2092
f 2098//2098 2092//2092 2094//2094
f 2082//2082 2084//2084 2098//2098
f 2098//2098 2084//2084 2086//2086
f 2098//2098 2086//2086 2088//2088
f 2076//2076 2078//2078 2098//2098
f 2098//2098 2078//2078 2080//2080
f 2098//2098 2080//2080 2082//2082
f 2099//2099 2100//2100 2101//2101
f 2101//2101 2100//2100 2102//2102
f 2101//2101 2102//2102 2103//2103
f 2103//2103 2102//2102 2104//2104
f 2103//2103 2104//2104 2105//2105
f 2105//2105 2104//2104 2106//2106
f 2105//2105 2106//2106 2107//2107
f 2107//2107 2106//2106 2108//2108
f 2107//2107 2108//2108 2109//2109
f 2109//2109 2108//2108 2110//2110
f 2109//2109 2110//2110 2111//2111
f 2111//2111 2110//2110 2112//2112
f 2111//2111 2112//2112 2113//2113
f 2113//2113 2112//2112 2114//2114
f 2113//2113 2114//2114 2115//2115
f 2115//2115 2114//2114 2116//2116
f 2115//2115 2116//2116 2117//2117
f 2117//2117 2116//2116 2118//2118
f 2117//2117 2118//2118 2119//2119
f 2119//2119 2118//2118 2120//2120
f 2119//2119 2120//2120 2121//2121
f 2121//2121 2120//2120 2122//2122
f 2121//2121 2122//2122 2099//2099
f 2099//2099 2122//2122 2100//2100
f 2119//2119 2121//2121 2123//2123
f 2123//2123 2121//2121 2099//2099
f 2123//2123 2099//2099 2101//2101
f 2113//2113 2115//2115 2123//2123
f 2123//2123 2115//2115 2117//2117
f 2123//2123 2117//2117 2119//2119
f 2107//2107 2109//2109 2123//2123
f 2123//2123 2109//2109 2111//2111
f 2123//2123 2111//2111 2113//2113
f 2101//2101 2103//2103 2123//2123
f 2123//2123 2103//2103 2105//2105
f 2123//2123 2105//2105 2107//2107
f 2095//2095 976//976 2097//2097
f 2097//2097 976//976 1109//1109
f 2097//2097 1109//1109 2075//2075
f 2075//2075 1109//1109 1110//1110
f 2075//2075 1110//1110 2077//2077
f 2077//2077 1110//1110 1111//1111
f 2077//2077 1111//1111 2079//2079
f 2079//2079 1111//1111 1108//1108
f 2079//2079 1108//1108 2081//2081
f 2081//2081 1108//1108 1107//1107
f 2081//2081 1107//1107 2083//2083
f 2083//2083 1107//1107 1106//1106
f 2083//2083 1106//1106 2085//2085
f 2085//2085 1106//1106 1105//1105
f 2085//2085 1105//1105 2087//2087
f 2087//2087 1105//1105 1104//1104
f 2087//2087 1104//1104 2089//2089
f 2089//2089 1104//1104 1045//1045
f 2089//2089 1045//1045 2091//2091
f 2091//2091 1045//1045 1044//1044
f 2091//2091 1044//1044 2093//2093
f 2093//2093 1044//1044 977//977
f 2093//2093 977//977 2095//2095
f 2095//2095 977//977 976//976
f 2120//2120 1018//1018 2122//2122
f 2122//2122 1018//1018 1017//1017
f 2122//2122 1017//1017 2100//2100
f 2100//2100 1017//1017 1016//1016
f 2100//2100 1016//1016 2102//2102
f 2102//2102 1016//1016 1015//1015
f 2102//2102 1015//1015 2104//2104
f 2104//2104 1015//1015 1014//1014
f 2104//2104 1014//1014 2106//2106
f 2106//2106 1014//1014 1013//1013
f 2106//2106 1013//1013 2108//2108
f 2108//2108 1013//1013 1012//1012
f 2108//2108 1012//1012 2110//2110
f 2110//2110 1012//1012 1009//1009
f 2110//2110 1009//1009 2112//2112
f 2112//2112 1009//1009 1010//1010
f 2112//2112 1010//1010 2114//2114
f 2114//2114 1010//1010 1011//1011
f 2114//2114 1011//1011 2116//2116
f 2116//2116 1011//1011 1008//1008
f 2116//2116 1008//1008 2118//2118
f 2118//2118 1008//1008 1007//1007
f 2118//2118 1007//1007 2120//2120
f 2120//2120 1007//1007 1018//1018
# 4322 faces, 0 coords texture

# End of File
