####
#
# OBJ File Generated by Meshlab
#
####
# Object star_arm_link_6.obj
#
# Vertices: 6246
# Faces: 12528
#
####
vn -3.1296382 0.0000002 2.9670596
v 0.0353000 -0.0000000 0.0157500
vn -3.1388478 -0.0000677 3.2115521
v 0.0350000 -0.0000000 0.0157500
vn -3.3041220 -0.0632561 -3.2003970
v 0.0350000 -0.0000000 0.0155000
vn 2.7246776 -0.0015001 4.7037754
v 0.0370768 -0.0000000 0.0167500
vn -3.1296382 -0.0000002 3.3161263
v 0.0353000 -0.0000000 0.0167500
vn 4.3122969 -0.0482702 0.0277519
v 0.0375671 -0.0000000 0.0159308
vn 3.2019775 -0.0424513 -3.9874663
v 0.0374487 -0.0000000 0.0155000
vn 0.0523950 0.0642468 -3.2002776
v -0.0350000 0.0000000 0.0155000
vn 0.0000000 0.0000000 1.6580629
v -0.0350000 0.0000000 0.0157500
vn 1.5648190 0.1369044 2.9670596
v -0.0353000 0.0000000 0.0157500
vn -2.7270148 0.0015543 4.6996889
v -0.0370768 0.0000000 0.0167500
vn -3.5534487 -0.0465595 -1.3345749
v -0.0376330 0.0000000 0.0158176
vn -2.3432920 0.0439319 -5.4011521
v -0.0373153 0.0000000 0.0155000
vn 1.5648192 0.1369046 3.3161263
v -0.0353000 0.0000000 0.0167500
vn -3.3166993 -0.5614266 -4.0898571
v 0.0349164 0.0024174 0.0153637
vn -3.0721097 -0.6277807 3.2471819
v 0.0344683 0.0060777 0.0157500
vn -3.1836295 -1.0580148 -3.2838326
v 0.0346711 0.0047873 0.0149602
vn -2.8632326 -0.8012725 -3.1355669
v 0.0345444 0.0056292 0.0147500
vn 3.1836047 -1.0579944 -3.2838378
v -0.0346711 0.0047873 0.0149602
vn 3.0721092 -0.6277807 3.2471833
v -0.0344683 0.0060777 0.0157500
vn 3.1710610 -0.6384138 -4.0953755
v -0.0349164 0.0024174 0.0153637
vn 3.1388476 -0.0000677 1.5534891
v -0.0350000 0.0000000 0.0157500
vn 3.2521825 -0.0000849 0.0000000
v -0.0350000 0.0000000 0.0155000
vn 2.8632059 -0.8012899 -3.1355629
v -0.0345444 0.0056292 0.0147500
vn 3.0659449 -0.6692621 -3.2353556
v -0.0344683 0.0060777 0.0147500
vn 2.9408979 -1.0703990 3.3161266
v -0.0328892 0.0119707 0.0157500
vn 2.9408979 -1.0703992 -3.3161266
v -0.0328892 0.0119707 0.0147500
vn 2.7103460 -1.5648196 3.3161249
v -0.0303109 0.0175000 0.0157500
vn 2.7103457 -1.5648193 -3.3161259
v -0.0303109 0.0175000 0.0147500
vn 2.3974414 -2.0116925 3.3161223
v -0.0268116 0.0224976 0.0157500
vn 2.3974411 -2.0116923 -3.3161256
v -0.0268116 0.0224976 0.0147500
vn 2.0116923 -2.3974411 3.3161273
v -0.0224976 0.0268116 0.0157500
vn 2.0116925 -2.3974414 -3.3161252
v -0.0224976 0.0268116 0.0147500
vn 1.5648193 -2.7103457 3.3161249
v -0.0175000 0.0303109 0.0157500
vn 1.5648196 -2.7103457 -3.3161252
v -0.0175000 0.0303109 0.0147500
vn 1.0703990 -2.9408979 3.3161280
v -0.0119707 0.0328892 0.0157500
vn 1.0703990 -2.9408979 -3.3161261
v -0.0119707 0.0328892 0.0147500
vn 0.5434557 -3.0820923 3.3161254
v -0.0060777 0.0344683 0.0157500
vn 0.5434557 -3.0820928 -3.3161254
v -0.0060777 0.0344683 0.0147500
vn 0.0000000 -3.1296387 3.3161254
v 0.0000000 0.0350000 0.0157500
vn -0.0000000 -3.1296387 0.0000000
v 0.0000000 0.0350000 0.0147500
vn -0.5434557 -3.0820925 3.3161271
v 0.0060777 0.0344683 0.0157500
vn -0.5434557 -3.0820923 -3.3161256
v 0.0060777 0.0344683 0.0147500
vn -1.0703990 -2.9408979 3.3161266
v 0.0119707 0.0328892 0.0157500
vn -1.0703992 -2.9408979 -3.3161263
v 0.0119707 0.0328892 0.0147500
vn -1.5648196 -2.7103460 3.3161249
v 0.0175000 0.0303109 0.0157500
vn -1.5648193 -2.7103457 -3.3161254
v 0.0175000 0.0303109 0.0147500
vn -2.0116925 -2.3974414 3.3161223
v 0.0224976 0.0268116 0.0157500
vn -2.0116923 -2.3974411 -3.3161259
v 0.0224976 0.0268116 0.0147500
vn -2.3974411 -2.0116923 3.3161273
v 0.0268116 0.0224976 0.0157500
vn -2.3974414 -2.0116925 -3.3161254
v 0.0268116 0.0224976 0.0147500
vn -2.7103457 -1.5648193 3.3161249
v 0.0303109 0.0175000 0.0157500
vn -2.7103457 -1.5648196 -3.3161254
v 0.0303109 0.0175000 0.0147500
vn -2.9408979 -1.0703990 3.3161280
v 0.0328892 0.0119707 0.0157500
vn -2.9408979 -1.0703990 -3.3161263
v 0.0328892 0.0119707 0.0147500
vn -3.0659447 -0.6692620 -3.2353556
v 0.0344683 0.0060777 0.0147500
vn 3.3045774 -0.0641618 3.2002773
v -0.0350000 0.0000000 -0.0275000
vn 3.1388478 0.0000678 -3.2115521
v -0.0350000 0.0000000 -0.0277500
vn 3.3323188 -0.5583674 4.0888610
v -0.0349167 0.0024140 -0.0273641
vn 3.0721076 -0.6277878 -3.2471828
v -0.0344683 0.0060777 -0.0277500
vn 3.1837363 -1.0573596 3.2846851
v -0.0346715 0.0047842 -0.0269609
vn 2.8632879 -0.8011373 3.1356599
v -0.0345444 0.0056292 -0.0267500
vn -3.1837363 -1.0573596 3.2846851
v 0.0346715 0.0047842 -0.0269609
vn -3.0721078 -0.6277878 -3.2471843
v 0.0344683 0.0060777 -0.0277500
vn -3.1633928 -0.6381268 4.0962992
v 0.0349167 0.0024140 -0.0273641
vn -3.1388478 0.0000678 -3.2115521
v 0.0350000 -0.0000000 -0.0277500
vn -3.3041220 0.0632561 3.2003970
v 0.0350000 -0.0000000 -0.0275000
vn -2.8632879 -0.8011373 3.1356599
v 0.0345444 0.0056292 -0.0267500
vn -3.0659449 -0.6692619 3.2353556
v 0.0344683 0.0060777 -0.0267500
vn -2.9408977 -1.0703989 -3.3161266
v 0.0328892 0.0119707 -0.0277500
vn -2.9408979 -1.0703990 3.3161266
v 0.0328892 0.0119707 -0.0267500
vn -2.7103460 -1.5648196 -3.3161249
v 0.0303109 0.0175000 -0.0277500
vn -2.7103457 -1.5648193 3.3161259
v 0.0303109 0.0175000 -0.0267500
vn -2.3974416 -2.0116928 -3.3161223
v 0.0268116 0.0224976 -0.0277500
vn -2.3974409 -2.0116920 3.3161256
v 0.0268116 0.0224976 -0.0267500
vn -2.0116920 -2.3974409 -3.3161273
v 0.0224976 0.0268116 -0.0277500
vn -2.0116928 -2.3974414 3.3161252
v 0.0224976 0.0268116 -0.0267500
vn -1.5648193 -2.7103457 -3.3161249
v 0.0175000 0.0303109 -0.0277500
vn -1.5648196 -2.7103457 3.3161252
v 0.0175000 0.0303109 -0.0267500
vn -1.0703990 -2.9408979 -3.3161280
v 0.0119707 0.0328892 -0.0277500
vn -1.0703989 -2.9408977 3.3161261
v 0.0119707 0.0328892 -0.0267500
vn -0.5434555 -3.0820918 -3.3161254
v 0.0060777 0.0344683 -0.0277500
vn -0.5434556 -3.0820928 3.3161254
v 0.0060777 0.0344683 -0.0267500
vn -0.0000001 -3.1296387 -3.3161254
v 0.0000000 0.0350000 -0.0277500
vn 0.0000001 -3.1296389 3.3161263
v 0.0000000 0.0350000 -0.0267500
vn 0.5434557 -3.0820928 -3.3161271
v -0.0060777 0.0344683 -0.0277500
vn 0.5434555 -3.0820920 3.3161256
v -0.0060777 0.0344683 -0.0267500
vn 1.0703989 -2.9408977 -3.3161266
v -0.0119707 0.0328892 -0.0277500
vn 1.0703990 -2.9408979 3.3161263
v -0.0119707 0.0328892 -0.0267500
vn 1.5648196 -2.7103460 -3.3161249
v -0.0175000 0.0303109 -0.0277500
vn 1.5648193 -2.7103457 3.3161254
v -0.0175000 0.0303109 -0.0267500
vn 2.0116928 -2.3974416 -3.3161223
v -0.0224976 0.0268116 -0.0277500
vn 2.0116920 -2.3974409 3.3161259
v -0.0224976 0.0268116 -0.0267500
vn 2.3974409 -2.0116920 -3.3161273
v -0.0268116 0.0224976 -0.0277500
vn 2.3974414 -2.0116928 3.3161254
v -0.0268116 0.0224976 -0.0267500
vn 2.7103457 -1.5648193 -3.3161249
v -0.0303109 0.0175000 -0.0277500
vn 2.7103457 -1.5648196 3.3161254
v -0.0303109 0.0175000 -0.0267500
vn 2.9408979 -1.0703990 -3.3161280
v -0.0328892 0.0119707 -0.0277500
vn 2.9408977 -1.0703989 3.3161263
v -0.0328892 0.0119707 -0.0267500
vn 3.0659447 -0.6692619 3.2353556
v -0.0344683 0.0060777 -0.0267500
vn 1.5793966 0.0155421 3.5566163
v 0.0374487 -0.0000000 -0.0275000
vn -3.1296382 0.0000004 -2.9670596
v 0.0353000 -0.0000000 -0.0277500
vn -3.1296384 0.0000002 -3.3161263
v 0.0353000 -0.0000000 -0.0287500
vn 0.0000000 0.0000000 -3.0714116
v 0.0370768 -0.0000000 -0.0287500
vn 2.8500657 0.0256823 -0.4299592
v 0.0375671 -0.0000000 -0.0279308
vn -2.3432889 -0.0439321 5.4011555
v -0.0373153 0.0000000 -0.0275000
vn -4.9425282 -0.0016589 0.5044090
v -0.0376330 0.0000000 -0.0278176
vn -2.7270150 -0.0015544 -4.6996889
v -0.0370768 0.0000000 -0.0287500
vn 3.1296382 0.0000002 -2.9670596
v -0.0353000 0.0000000 -0.0277500
vn 3.1296382 -0.0000000 -3.3161263
v -0.0353000 0.0000000 -0.0287500
vn -2.6175771 -4.9606624 0.0102516
v 0.0354965 0.0215000 -0.0060000
vn -2.7636883 -4.9347391 -0.4041521
v 0.0354965 0.0214645 -0.0047653
vn -4.9441433 -3.8352516 -0.2210736
v 0.0328198 0.0253571 -0.0045414
vn 2.6269903 -4.9474115 0.0000001
v -0.0354965 0.0215000 -0.0060000
vn 2.7740433 -4.9338384 0.4068578
v -0.0354965 0.0214645 -0.0072347
vn 4.9422140 -3.8380451 0.2246543
v -0.0328198 0.0253571 -0.0074586
vn 2.6187663 -4.8295240 -1.1257645
v -0.0354965 0.0209609 -0.0012158
vn 2.7544250 -4.8972015 -0.7264811
v -0.0354965 0.0211814 -0.0023122
vn 4.9441447 -3.7847605 -0.6584944
v -0.0328198 0.0250226 -0.0016434
vn 2.6210418 -3.8444505 -3.1273053
v -0.0354965 0.0168094 0.0074050
vn 2.7188594 -4.0680809 -2.8212399
v -0.0354965 0.0173466 0.0067022
vn 4.9442039 -3.0996470 -2.2692571
v -0.0328198 0.0204924 0.0090057
vn -1.7949128 -2.1195817 4.6085191
v 0.0224192 0.0280903 -0.0267500
vn -3.5146325 -4.2799129 2.9522371
v 0.0223986 0.0281873 -0.0266404
vn -1.6457880 -2.2795370 4.5415840
v 0.0219108 0.0284887 -0.0267500
vn -2.4463687 -1.3405623 4.5856133
v 0.0313550 0.0175656 -0.0267500
vn -2.5880497 -1.1120729 4.5305891
v 0.0329280 0.0144027 -0.0267500
vn -5.0032444 -2.4751725 2.8532705
v 0.0328198 0.0165349 -0.0252797
vn -2.4621372 -1.3170587 -4.5786176
v 0.0313550 0.0175656 0.0147500
vn -2.4117322 -1.4386210 -4.5492754
v 0.0312038 0.0178328 0.0147500
vn -4.9827614 -2.4026580 -2.9344366
v 0.0328198 0.0165349 0.0132797
vn -2.1943343 -1.7398719 -4.5649033
v 0.0280516 0.0224677 0.0147500
vn -4.5462837 -3.2118456 -2.8857713
v 0.0297169 0.0212555 0.0136815
vn -2.3505781 -1.5330104 -4.5517030
v 0.0297962 0.0200966 0.0147500
vn -1.6457880 -2.2795370 -4.5415835
v 0.0219108 0.0284887 0.0147500
vn -3.4852178 -4.3121338 -2.9428244
v 0.0223986 0.0281873 0.0146404
vn -1.7278874 -2.1285830 -4.6753764
v 0.0224192 0.0280903 0.0147500
vn -4.4475121 -4.0785432 1.6589968
v 0.0307875 0.0257348 -0.0165876
vn -4.4497552 -4.0679545 1.6614305
v 0.0307066 0.0256269 -0.0170734
vn -4.9907932 -3.4846830 1.4889734
v 0.0328198 0.0233721 -0.0159426
vn 2.2963629 -5.5260229 1.8052210
v -0.0142015 0.0359450 -0.0211170
vn 2.3011611 -5.4710908 1.9012247
v -0.0150654 0.0355730 -0.0211606
vn 2.0002265 -5.3907776 2.5126166
v -0.0139206 0.0359757 -0.0213042
vn 3.7724514 -4.7073674 1.4167290
v -0.0249168 0.0303966 -0.0193210
vn 3.4174047 -4.8471107 1.9834695
v -0.0223986 0.0321484 -0.0196761
vn 3.2761521 -5.0423899 1.4332669
v -0.0216512 0.0328028 -0.0193210
vn 4.1752958 -4.1760397 -1.9732265
v -0.0295255 0.0276667 0.0032222
vn 4.0686865 -4.5437970 -1.4141154
v -0.0262281 0.0308430 0.0031132
vn 3.7246537 -4.5444655 -1.9818801
v -0.0260852 0.0309316 0.0032222
vn 2.2551203 -5.6284342 -1.4286692
v -0.0159333 0.0375799 0.0014920
vn 2.2697594 -5.6067166 -1.5295117
v -0.0160589 0.0375186 0.0015312
vn 2.8084381 -5.5302029 -0.8589413
v -0.0182783 0.0367058 0.0003907
vn 2.2715335 -5.6372547 -1.3745692
v -0.0150870 0.0379569 0.0013422
vn 2.0837994 -5.8573341 -0.8019910
v -0.0139206 0.0385162 0.0007059
vn 2.2061727 -5.6477437 -1.5315779
v -0.0145841 0.0381531 0.0013416
vn 2.2692654 -5.5839424 -1.6171926
v -0.0168576 0.0370902 0.0018988
vn 2.2863426 -5.5603495 -1.6663190
v -0.0172892 0.0368249 0.0022012
vn 2.3202031 -5.5280576 -1.6837887
v -0.0179116 0.0363789 0.0028318
vn 1.9963586 -5.7287145 -1.5218719
v -0.0115814 0.0388068 0.0030640
vn 2.0170960 -5.7317080 -1.4767494
v -0.0121068 0.0387879 0.0024365
vn 1.3873535 -6.0361629 -0.9186859
v -0.0093820 0.0398265 0.0009340
vn 1.8146583 -5.5848098 -2.0086250
v -0.0114803 0.0387995 0.0032222
vn 2.0379975 -5.7358327 -1.4052725
v -0.0125023 0.0387338 0.0021013
vn 2.0482886 -5.7260947 -1.4292588
v -0.0132117 0.0385831 0.0016843
vn 2.1527636 -5.6709652 -1.5428464
v -0.0137586 0.0384311 0.0014835
vn 0.4819433 -5.8672256 -1.9400047
v -0.0032203 0.0403340 0.0032222
vn 0.9493493 -5.8374853 -1.8203657
v -0.0073902 0.0397817 0.0032222
vn 1.3451121 -5.6046629 -2.2110517
v -0.0093827 0.0393594 0.0032222
vn -1.3607466 -6.0473137 -0.9003636
v 0.0093820 0.0398265 0.0009340
vn -0.7686906 -5.8336086 -1.9596810
v 0.0051786 0.0401296 0.0032222
vn -0.7098588 -6.1448522 -0.9588498
v 0.0047217 0.0406195 0.0010721
vn -0.1610584 -5.8824139 -1.9585214
v 0.0009845 0.0404504 0.0032222
vn 0.0067764 -6.1856208 -0.9623500
v 0.0000000 0.0408850 0.0011183
vn 0.7784736 -6.1119576 -1.0537565
v -0.0047217 0.0406195 0.0010721
vn -1.7693763 -5.8047843 -1.5313973
v 0.0103201 0.0393697 0.0021102
vn -1.7011292 -5.8205113 -1.5343475
v 0.0097138 0.0394033 0.0026758
vn -1.4373454 -5.6844044 -1.9982207
v 0.0093167 0.0393751 0.0032222
vn -1.8281429 -5.8162756 -1.2679578
v 0.0117582 0.0390996 0.0014308
vn -1.8120097 -5.8084002 -1.4144790
v 0.0114055 0.0391842 0.0015339
vn -1.7930368 -5.8038583 -1.4986118
v 0.0106495 0.0393272 0.0018875
vn -1.8215871 -5.8174400 -1.2360902
v 0.0123202 0.0389439 0.0013372
vn -2.1314936 -5.8395128 -0.8045429
v 0.0139206 0.0385162 0.0007059
vn -1.8869072 -5.7582464 -1.5345548
v 0.0131784 0.0386592 0.0013516
vn -1.9892721 -5.6622176 -1.6704947
v 0.0159006 0.0372633 0.0029927
vn -2.0015931 -5.6744404 -1.6190275
v 0.0155725 0.0374971 0.0025857
vn -2.7858040 -5.5367856 -0.8769086
v 0.0182783 0.0367058 0.0003907
vn -2.0467448 -5.4489994 -2.0736699
v 0.0160500 0.0371429 0.0032222
vn -2.0104978 -5.6951332 -1.5280340
v 0.0149027 0.0378953 0.0020067
vn -2.0175211 -5.6950483 -1.5436426
v 0.0145042 0.0380992 0.0017674
vn -1.9182115 -5.7319517 -1.6042832
v 0.0136881 0.0384626 0.0014508
vn -3.3741958 -4.8308473 -1.9069729
v 0.0232751 0.0330979 0.0032222
vn -3.0049715 -5.0948772 -1.8281708
v 0.0197663 0.0353057 0.0032222
vn -2.5821228 -5.1691656 -2.1737611
v 0.0182799 0.0360977 0.0032222
vn -3.8302927 -4.6351099 -1.6437979
v 0.0262281 0.0308430 0.0031132
vn -3.9274471 -4.4184937 -1.7693871
v 0.0265396 0.0305426 0.0032222
vn -4.4852886 -4.2338119 -1.1152705
v 0.0297169 0.0277809 0.0022084
vn -4.1955156 -4.1486044 -1.9876984
v 0.0295255 0.0276667 0.0032222
vn -2.7829421 -4.7131557 -1.5161400
v 0.0354965 0.0206188 0.0000922
vn -4.9889059 -3.4891348 -1.4860393
v 0.0328198 0.0233721 0.0039426
vn -4.9605699 -3.6734293 -1.0641677
v 0.0328198 0.0243580 0.0011970
vn -4.4701939 -4.0592060 -1.6391733
v 0.0307768 0.0258690 0.0042876
vn -4.4523015 -4.0623016 -1.6633490
v 0.0306681 0.0261505 0.0038927
vn -4.4171133 -4.0821929 -1.6772203
v 0.0304535 0.0265170 0.0035751
vn -4.3904057 -4.0559702 -1.7844119
v 0.0301189 0.0269786 0.0033412
vn -4.3333287 -4.0765276 -1.8978415
v 0.0299935 0.0271347 0.0032925
vn -4.4766531 -4.0120883 -1.7209163
v 0.0303136 0.0257193 0.0059101
vn -4.9544311 -3.3197348 -1.9127338
v 0.0328198 0.0220779 0.0065570
vn -4.4457955 -4.0776563 -1.6430521
v 0.0299037 0.0259620 0.0064093
vn -4.4978151 -3.7443931 -2.2376959
v 0.0297169 0.0251803 0.0083215
vn -4.3645368 -4.1871095 -1.5924541
v 0.0295166 0.0262413 0.0067441
vn -4.4902201 -4.0158539 -1.6908890
v 0.0303794 0.0256887 0.0058081
vn -4.5239940 -3.9948976 -1.6642478
v 0.0306424 0.0256173 0.0052716
vn -4.4666328 -4.0592632 -1.6541122
v 0.0307700 0.0256790 0.0047723
vn -4.2051411 -4.3362222 -1.4424912
v 0.0279170 0.0276667 0.0073210
vn -4.2896233 -4.2348027 -1.5757508
v 0.0285604 0.0270488 0.0072256
vn -3.9382682 -4.2022300 -2.4584820
v 0.0262281 0.0279558 0.0099001
vn -4.3193331 -4.2308345 -1.5577903
v 0.0289283 0.0267217 0.0070901
vn -2.1234620 -5.3316774 -2.5260704
v 0.0139206 0.0359757 0.0093042
vn -1.9422961 -5.7010984 -1.6009458
v 0.0136360 0.0361852 0.0090645
vn -2.0319767 -5.6019287 -1.7215431
v 0.0144191 0.0359995 0.0087775
vn -1.9375572 -5.6370234 -1.7271496
v 0.0153964 0.0358684 0.0080947
vn -1.9278649 -5.6533527 -1.7014089
v 0.0155226 0.0358633 0.0079687
vn -2.7396753 -5.1412163 -2.2981114
v 0.0182783 0.0342846 0.0085848
vn -1.9814752 -5.5736036 -1.8193855
v 0.0147454 0.0359409 0.0085970
vn -3.8634663 -4.6303463 -1.4025085
v 0.0252424 0.0301268 0.0073210
vn -3.3480239 -4.8237677 -2.1938827
v 0.0223986 0.0321484 0.0076761
vn -3.4123425 -5.0121498 -1.3178290
v 0.0223520 0.0323294 0.0073210
vn -2.9974432 -5.2430902 -1.3788568
v 0.0192705 0.0342556 0.0073210
vn -2.1554546 -5.6112738 -1.2962258
v 0.0160243 0.0358890 0.0073210
vn -1.7697752 -5.7071633 -1.7785881
v 0.0095483 0.0380196 0.0076230
vn -1.8766445 -5.6912303 -1.7375358
v 0.0101563 0.0376255 0.0082625
vn -1.3501701 -5.5736814 -2.5152416
v 0.0093820 0.0371995 0.0098248
vn -1.9226347 -5.6755838 -1.7344694
v 0.0105533 0.0374035 0.0085552
vn -1.9408123 -5.6462774 -1.7680844
v 0.0113434 0.0370158 0.0089468
vn -1.9335715 -5.5730066 -1.9050641
v 0.0118616 0.0367925 0.0090952
vn -1.8952348 -5.4672766 -2.0840380
v 0.0127226 0.0364678 0.0091817
vn -1.9482186 -5.6560092 -1.6972041
v 0.0132913 0.0362842 0.0091345
vn -1.5418011 -5.8305731 -1.3341599
v 0.0093412 0.0381778 0.0073210
vn -0.6950018 -5.6972337 -2.4864264
v 0.0047217 0.0379402 0.0101399
vn -0.7922758 -5.9730978 -1.3960294
v 0.0051946 0.0389592 0.0073210
vn 0.0227524 -5.7409754 -2.4758511
v 0.0000000 0.0381882 0.0102454
vn -0.1574080 -6.0132961 -1.4189987
v 0.0009883 0.0392915 0.0073210
vn 0.6913670 -5.6925445 -2.5021496
v -0.0047217 0.0379402 0.0101399
vn 0.4472913 -5.9928660 -1.4339221
v -0.0032295 0.0391711 0.0073210
vn 2.0905290 -5.5674562 -1.9102621
v -0.0124691 0.0368795 0.0083761
vn 2.0364795 -5.6083713 -1.8674562
v -0.0118283 0.0373205 0.0077668
vn 1.3964883 -5.5671482 -2.5031583
v -0.0093820 0.0371995 0.0098248
vn 2.2856398 -5.4308119 -2.0013030
v -0.0146621 0.0357397 0.0091641
vn 2.2656336 -5.5541673 -1.7756550
v -0.0138106 0.0361322 0.0090327
vn 2.0010977 -5.3941307 -2.5027211
v -0.0139206 0.0359757 0.0093042
vn 2.1455626 -5.5423560 -1.8997163
v -0.0137073 0.0361837 0.0090034
vn 2.1140952 -5.5168681 -1.9928805
v -0.0128963 0.0366211 0.0086571
vn 1.0666583 -5.9421034 -1.3996162
v -0.0074100 0.0385991 0.0073210
vn 1.4526715 -5.8856926 -1.0526843
v -0.0093836 0.0381674 0.0073210
vn 1.8644131 -5.7620974 -1.3449216
v -0.0115052 0.0375823 0.0073210
vn 2.3513961 -5.4406505 -1.9056090
v -0.0159936 0.0352382 0.0089908
vn 2.3063948 -5.4616923 -1.9167647
v -0.0151756 0.0355297 0.0091524
vn 2.1701474 -5.0548296 -2.9618828
v -0.0139206 0.0339835 0.0133284
vn 2.3540010 -5.4000659 -1.9723500
v -0.0165542 0.0350732 0.0087677
vn 2.8656425 -5.0805769 -2.2972424
v -0.0182783 0.0342846 0.0085848
vn 2.3205807 -5.5142212 -1.7742217
v -0.0172437 0.0349199 0.0083354
vn 2.3074496 -5.5345216 -1.7414929
v -0.0176388 0.0348664 0.0079806
vn 3.7724516 -4.7073679 -1.4167287
v -0.0249168 0.0303966 0.0073210
vn 3.1678038 -4.9958258 -1.6346827
v -0.0216512 0.0328028 0.0073210
vn 3.4060414 -4.8546681 -1.9824606
v -0.0223986 0.0321484 0.0076761
vn 2.6155455 -5.4442029 -1.3075018
v -0.0181550 0.0348597 0.0073210
vn 3.9375615 -4.1965256 -2.4712844
v -0.0262281 0.0279558 0.0099001
vn 3.3634503 -4.5839872 -2.6133146
v -0.0223986 0.0303681 0.0112722
vn 4.3743038 -4.1782031 -1.5928144
v -0.0297359 0.0260786 0.0065670
vn 4.3351011 -4.2251139 -1.5433953
v -0.0291634 0.0265230 0.0069722
vn 4.4924316 -3.7472677 -2.2446070
v -0.0297169 0.0251803 0.0083215
vn 4.2860975 -4.2406359 -1.5816839
v -0.0288503 0.0267895 0.0071238
vn 4.2996035 -4.2214952 -1.5308657
v -0.0282008 0.0273866 0.0073018
vn 4.3030128 -4.2580452 -1.4335606
v -0.0279209 0.0276627 0.0073210
vn 4.2485685 -4.3171973 -1.3953515
v -0.0279170 0.0276667 0.0073210
vn 4.0564532 -4.5006170 -1.0989174
v -0.0262363 0.0292653 0.0073210
vn 4.4497561 -4.0679550 -1.6614275
v -0.0307066 0.0256269 0.0050734
vn 4.4677272 -4.0568914 -1.6324601
v -0.0306424 0.0256173 0.0052716
vn 4.9579649 -3.3170457 -1.9071290
v -0.0328198 0.0220779 0.0065570
vn 4.4885859 -4.0194750 -1.6850778
v -0.0304064 0.0256772 0.0057636
vn 4.4708791 -4.0399151 -1.6780777
v -0.0303074 0.0257223 0.0059194
vn 4.4096408 -4.1320581 -1.6164143
v -0.0299035 0.0259622 0.0064095
vn 4.4825749 -4.2342043 -1.1214359
v -0.0297169 0.0277809 0.0022084
vn 4.4004526 -4.0409594 -1.7979467
v -0.0300187 0.0271038 0.0033010
vn 4.9634800 -3.6703627 -1.0589236
v -0.0328198 0.0243580 0.0011970
vn 4.4017396 -4.0843410 -1.6780300
v -0.0301907 0.0268858 0.0033768
vn 4.4292927 -4.0711432 -1.6853749
v -0.0305119 0.0264261 0.0036404
vn 4.4312387 -4.0729527 -1.6875532
v -0.0305474 0.0263684 0.0036859
vn 4.4705830 -4.0537806 -1.6484584
v -0.0307356 0.0259994 0.0040799
vn 4.9907932 -3.4846830 -1.4889736
v -0.0328198 0.0233721 0.0039426
vn 4.4522524 -4.0733733 -1.6587558
v -0.0307897 0.0257703 0.0044945
vn 4.4475117 -4.0785441 -1.6589969
v -0.0307875 0.0257348 0.0045876
vn -1.9914582 -5.6849375 1.5897050
v 0.0153293 0.0376516 -0.0143441
vn -2.0023580 -5.6676989 1.6394372
v 0.0155127 0.0375363 -0.0145223
vn -2.7648947 -5.5505366 0.8679028
v 0.0182783 0.0367058 -0.0123907
vn -1.6930255 -5.8207841 1.5369102
v 0.0096118 0.0394012 -0.0147983
vn -1.7439182 -5.8102055 1.5367824
v 0.0099125 0.0394001 -0.0144632
vn -1.3545454 -6.0473962 0.9054430
v 0.0093820 0.0398265 -0.0129340
vn -1.7844266 -5.8029957 1.5167744
v 0.0105596 0.0393401 -0.0139436
vn -1.8065447 -5.8056059 1.4544972
v 0.0109990 0.0392682 -0.0136996
vn -1.8284391 -5.8147020 1.2809345
v 0.0117880 0.0390920 -0.0134237
vn -1.8233764 -5.8157344 1.2350345
v 0.0122290 0.0389708 -0.0133467
vn -2.1412113 -5.8334355 0.8157251
v 0.0139206 0.0385162 -0.0127059
vn -1.8791484 -5.7618051 1.5212005
v 0.0130792 0.0386950 -0.0133403
vn -1.8999541 -5.7420917 1.5895588
v 0.0132634 0.0386279 -0.0133633
vn -2.0088422 -5.6984739 1.5618018
v 0.0141031 0.0382859 -0.0135856
vn -2.0106254 -5.7051640 1.4653162
v 0.0146160 0.0380439 -0.0138282
vn -1.4319763 -5.6861196 1.9934936
v 0.0093167 0.0393751 -0.0152222
vn -0.6931058 -6.1398363 0.9850422
v 0.0047217 0.0406195 -0.0130721
vn -0.7601547 -5.8372412 1.9402106
v 0.0051786 0.0401296 -0.0152222
vn 0.0352484 -6.1697397 1.0217471
v 0.0000000 0.0408850 -0.0131183
vn -0.1647352 -5.8883114 1.9124560
v 0.0009845 0.0404504 -0.0152222
vn 0.6997832 -6.1438003 0.9680326
v -0.0047217 0.0406195 -0.0130721
vn 0.4078902 -5.8814602 1.8832992
v -0.0032203 0.0403340 -0.0152222
vn 2.0537679 -5.7404723 1.3016796
v -0.0131076 0.0386087 -0.0137334
vn 1.4082053 -6.0341215 0.9100037
v -0.0093820 0.0398265 -0.0129340
vn 2.0613899 -5.7158871 1.4634966
v -0.0135678 0.0384872 -0.0135432
vn 2.0746744 -5.8588533 0.8098501
v -0.0139206 0.0385162 -0.0127059
vn 2.1929338 -5.6535568 1.5427911
v -0.0143904 0.0382232 -0.0133587
vn 2.0419941 -5.7363305 1.3869650
v -0.0127937 0.0386791 -0.0139055
vn 2.0273690 -5.7312794 1.4609492
v -0.0121415 0.0387843 -0.0144032
vn 2.0098963 -5.7290435 1.5017424
v -0.0119736 0.0387996 -0.0145718
vn 1.0125067 -5.8106613 1.9338202
v -0.0073902 0.0397817 -0.0152222
vn 1.3455857 -5.6046095 2.2106946
v -0.0093827 0.0393594 -0.0152222
vn 1.8078523 -5.5904374 1.9947348
v -0.0114803 0.0387995 -0.0152222
vn 2.2943017 -5.5587945 1.6624684
v -0.0173466 0.0367873 -0.0142484
vn 2.2754984 -5.5812230 1.6219251
v -0.0169521 0.0370344 -0.0139578
vn 2.8069341 -5.5314579 0.8572478
v -0.0182783 0.0367058 -0.0123907
vn 2.3303163 -5.5253096 1.6793586
v -0.0179551 0.0363437 -0.0148883
vn 2.2716792 -5.6093650 1.5173156
v -0.0161617 0.0374672 -0.0135667
vn 2.2621353 -5.6343799 1.3881177
v -0.0157493 0.0376671 -0.0134429
vn 2.2518752 -5.6436090 1.4251016
v -0.0148919 0.0380354 -0.0133343
vn 2.4329207 -5.2737479 2.0607183
v -0.0181815 0.0361474 -0.0152222
vn 3.3752527 -5.1960177 0.8732880
v -0.0223986 0.0344186 -0.0119925
vn 3.2405889 -4.9124975 1.9229237
v -0.0222864 0.0337715 -0.0152222
vn 3.5665233 -4.6279225 2.0363221
v -0.0256982 0.0312539 -0.0152222
vn 4.1194186 -4.4354300 1.5520921
v -0.0262281 0.0308430 -0.0151132
vn 3.8672781 -4.4261780 2.0605707
v -0.0260852 0.0309316 -0.0152222
vn 4.4786730 -4.2383347 1.1214108
v -0.0297169 0.0277809 -0.0142084
vn 4.1787682 -4.1630383 1.9857477
v -0.0295255 0.0276667 -0.0152222
vn 4.4523034 -4.0623007 1.6633480
v -0.0306681 0.0261505 -0.0158927
vn 4.4171128 -4.0821919 1.6772234
v -0.0304535 0.0265170 -0.0155751
vn 4.9605699 -3.6734297 1.0641677
v -0.0328198 0.0243580 -0.0131970
vn 4.3904042 -4.0559707 1.7844126
v -0.0301189 0.0269786 -0.0153412
vn 4.3333282 -4.0765266 1.8978438
v -0.0299935 0.0271347 -0.0152925
vn 4.4766531 -4.0120878 1.7209173
v -0.0303136 0.0257193 -0.0179101
vn 4.9544311 -3.3197346 1.9127338
v -0.0328198 0.0220779 -0.0185570
vn 4.4457974 -4.0776548 1.6430526
v -0.0299037 0.0259620 -0.0184093
vn 4.4978161 -3.7443933 2.2376964
v -0.0297169 0.0251803 -0.0203215
vn 4.3645368 -4.1871090 1.5924535
v -0.0295166 0.0262413 -0.0187441
vn 4.4902220 -4.0158520 1.6908902
v -0.0303794 0.0256887 -0.0178081
vn 4.5239949 -3.9948964 1.6642486
v -0.0306424 0.0256173 -0.0172716
vn 4.9889064 -3.4891350 1.4860396
v -0.0328198 0.0233721 -0.0159426
vn 4.4666309 -4.0592637 1.6541129
v -0.0307700 0.0256790 -0.0167723
vn 4.4701962 -4.0592051 1.6391710
v -0.0307768 0.0258690 -0.0162876
vn 4.0564537 -4.5006170 1.0989172
v -0.0262363 0.0292653 -0.0193210
vn 4.2373853 -4.3072004 1.4528049
v -0.0279170 0.0276667 -0.0193210
vn 3.9368813 -4.1969037 2.4718282
v -0.0262281 0.0279558 -0.0219001
vn 4.2896228 -4.2348032 1.5757506
v -0.0285604 0.0270488 -0.0192256
vn 4.3193321 -4.2308345 1.5577897
v -0.0289283 0.0267217 -0.0190901
vn 3.3634505 -4.5839872 2.6133151
v -0.0223986 0.0303681 -0.0232722
vn 2.3502626 -5.4124084 1.9466512
v -0.0166649 0.0350444 -0.0207111
vn 2.3261600 -5.5030775 1.7906680
v -0.0169609 0.0349750 -0.0205372
vn 2.8473923 -5.0839767 2.3154840
v -0.0182783 0.0342846 -0.0205848
vn 2.3007333 -5.5394855 1.7320740
v -0.0175916 0.0348711 -0.0200283
vn 2.2959056 -5.5416594 1.7328626
v -0.0176614 0.0348644 -0.0199571
vn 2.6032934 -5.4540834 1.3004813
v -0.0181550 0.0348597 -0.0193210
vn 2.1248202 -5.1220117 2.8978035
v -0.0139206 0.0339835 -0.0253284
vn 2.3253920 -5.4589710 1.8925694
v -0.0155766 0.0353799 -0.0210958
vn 2.3490596 -5.4441881 1.8969009
v -0.0158975 0.0352695 -0.0210193
vn 1.8688968 -5.7608161 1.3435266
v -0.0115052 0.0375823 -0.0193210
vn 2.0392540 -5.6090336 1.8614233
v -0.0117983 0.0373432 -0.0197307
vn 1.3729970 -5.5752292 2.4936192
v -0.0093820 0.0371995 -0.0218248
vn 2.0915248 -5.5702705 1.9006809
v -0.0124282 0.0369055 -0.0203448
vn 2.1160820 -5.5286174 1.9646976
v -0.0128491 0.0366486 -0.0206299
vn 2.1892207 -5.5451035 1.8610382
v -0.0136568 0.0362092 -0.0209879
vn 0.5130819 -6.0033216 1.3966682
v -0.0032295 0.0391711 -0.0193210
vn 0.9993604 -5.9077902 1.5032787
v -0.0074100 0.0385991 -0.0193210
vn 1.4525207 -5.8857746 1.0525813
v -0.0093836 0.0381674 -0.0193210
vn 0.7609568 -5.7049475 2.4387748
v -0.0047217 0.0379402 -0.0221399
vn 0.0012389 -5.7258024 2.5236290
v 0.0000000 0.0381882 -0.0222454
vn -0.1616892 -6.0291004 1.3839257
v 0.0009883 0.0392915 -0.0193210
vn -0.7101812 -5.6893582 2.5054054
v 0.0047217 0.0379402 -0.0221399
vn -0.8049181 -5.9777360 1.3821733
v 0.0051946 0.0389592 -0.0193210
vn -1.3530084 -5.5723801 2.5172381
v 0.0093820 0.0371995 -0.0218248
vn -1.5366559 -5.8341541 1.3323933
v 0.0093412 0.0381778 -0.0193210
vn -2.1169002 -5.3330545 2.5289760
v 0.0139206 0.0359757 -0.0213042
vn -1.9419224 -5.6526289 1.7198862
v 0.0132413 0.0362993 -0.0211420
vn -1.8947705 -5.4686980 2.0860593
v 0.0127711 0.0364512 -0.0211809
vn -1.9393456 -5.6287751 1.7979259
v 0.0117603 0.0368344 -0.0210722
vn -1.9318724 -5.6611986 1.7572516
v 0.0109370 0.0372074 -0.0207730
vn -1.9253526 -5.5652122 1.9234633
v 0.0119180 0.0367695 -0.0211068
vn -1.9061978 -5.6819415 1.7380548
v 0.0104785 0.0374437 -0.0205058
vn -1.8079826 -5.7023010 1.7688184
v 0.0098066 0.0378421 -0.0199305
vn -1.9190530 -5.6538639 1.7150130
v 0.0155705 0.0358623 -0.0199178
vn -1.9562224 -5.6162696 1.7599026
v 0.0152245 0.0358806 -0.0202494
vn -2.7469783 -5.1302366 2.3184018
v 0.0182783 0.0342846 -0.0205848
vn -2.0120628 -5.5976410 1.7525001
v 0.0145440 0.0359756 -0.0207132
vn -1.9556683 -5.6962414 1.6009134
v 0.0140510 0.0360796 -0.0209360
vn -3.8634672 -4.6303453 1.4025091
v 0.0252424 0.0301268 -0.0193210
vn -3.4259484 -5.0091276 1.3052169
v 0.0223520 0.0323294 -0.0193210
vn -3.3563702 -4.8168054 2.1980801
v 0.0223986 0.0321484 -0.0196761
vn -3.0006344 -5.2457933 1.3700238
v 0.0192705 0.0342556 -0.0193210
vn -2.1329670 -5.6372728 1.2591149
v 0.0160243 0.0358890 -0.0193210
vn -4.3743029 -4.1782036 1.5928137
v 0.0297359 0.0260786 -0.0185670
vn -4.3351016 -4.2251139 1.5433939
v 0.0291634 0.0265230 -0.0189722
vn -4.4924307 -3.7472668 2.2446067
v 0.0297169 0.0251803 -0.0203215
vn -4.2860975 -4.2406344 1.5816830
v 0.0288503 0.0267895 -0.0191238
vn -3.9389482 -4.2018509 2.4579382
v 0.0262281 0.0279558 -0.0219001
vn -4.2996035 -4.2214947 1.5308654
v 0.0282008 0.0273866 -0.0193018
vn -4.3029480 -4.2581072 1.4335715
v 0.0279209 0.0276627 -0.0193210
vn -4.2162504 -4.3463540 1.3849385
v 0.0279170 0.0276667 -0.0193210
vn -3.3646123 -4.5842562 2.6109574
v 0.0223986 0.0303681 -0.0232722
vn -4.4677262 -4.0568914 1.6324635
v 0.0306424 0.0256173 -0.0172716
vn -4.4885864 -4.0194750 1.6850778
v 0.0304064 0.0256772 -0.0177636
vn -4.9579668 -3.3170469 1.9071294
v 0.0328198 0.0220779 -0.0185570
vn -4.4708796 -4.0399151 1.6780775
v 0.0303074 0.0257223 -0.0179194
vn -4.4096408 -4.1320572 1.6164129
v 0.0299035 0.0259622 -0.0184095
vn -4.4870100 -4.2311683 1.1172925
v 0.0297169 0.0277809 -0.0142084
vn -4.1896882 -4.1645827 1.9726700
v 0.0295255 0.0276667 -0.0152222
vn -4.4004517 -4.0409594 1.7979493
v 0.0300187 0.0271038 -0.0153010
vn -4.9634900 -3.6703713 1.0589261
v 0.0328198 0.0243580 -0.0131970
vn -4.4017377 -4.0843415 1.6780326
v 0.0301907 0.0268858 -0.0153768
vn -4.4292908 -4.0711436 1.6853771
v 0.0305119 0.0264261 -0.0156404
vn -4.4312372 -4.0729532 1.6875558
v 0.0305474 0.0263684 -0.0156859
vn -4.4705834 -4.0537806 1.6484586
v 0.0307356 0.0259994 -0.0160799
vn -4.4522514 -4.0733747 1.6587541
v 0.0307897 0.0257703 -0.0164945
vn -3.9274471 -4.4184947 1.7693878
v 0.0265396 0.0305426 -0.0152222
vn -3.8302927 -4.6351104 1.6437968
v 0.0262281 0.0308430 -0.0151132
vn -3.3945558 -4.8147802 1.9220123
v 0.0232751 0.0330979 -0.0152222
vn -3.9607618 -4.7761455 0.8156274
v 0.0262281 0.0316845 -0.0115164
vn -3.3785095 -5.1990743 0.8562109
v 0.0223986 0.0344186 -0.0119925
vn -2.9530945 -5.1104784 1.9177260
v 0.0197663 0.0353057 -0.0152222
vn -2.5794535 -5.1708603 2.1716783
v 0.0182799 0.0360977 -0.0152222
vn -2.1014266 -5.4629259 1.9963263
v 0.0160500 0.0371429 -0.0152222
vn 2.6368732 -2.0635018 -4.4809308
v -0.0354965 0.0093285 0.0133708
vn 2.6479268 -0.9299912 -4.5502720
v -0.0339544 0.0117808 0.0147500
vn 2.8619926 -1.7094944 -4.5426474
v -0.0354965 0.0076575 0.0140901
vn 2.7088404 -0.6953281 -4.5699701
v -0.0350326 0.0080253 0.0147500
vn 0.3780515 -1.3364902 -6.0953622
v -0.0354965 0.0056292 0.0147500
vn 2.1548862 -1.8159091 -4.5295715
v -0.0277793 0.0228035 0.0147500
vn 2.2015374 -1.7557793 -4.5338998
v -0.0280516 0.0224677 0.0147500
vn 4.5437369 -3.2158849 -2.8852708
v -0.0297169 0.0212555 0.0136815
vn 2.3465476 -1.5341794 -4.5571890
v -0.0297962 0.0200966 0.0147500
vn 4.9583430 -2.8215203 -2.5839460
v -0.0328198 0.0186366 0.0112565
vn 2.4120691 -1.4370190 -4.5503674
v -0.0312038 0.0178328 0.0147500
vn 5.0032444 -2.4751725 -2.8532705
v -0.0328198 0.0165349 0.0132797
vn 2.4463685 -1.3405625 -4.5856128
v -0.0313550 0.0175656 0.0147500
vn 2.5880494 -1.1120729 -4.5305891
v -0.0329280 0.0144027 0.0147500
vn 3.9693091 -3.9506779 -2.8032508
v -0.0262281 0.0259482 0.0130008
vn 2.0641201 -1.9071410 -4.5426068
v -0.0262773 0.0245192 0.0147500
vn 4.4890661 -3.5332046 -2.5611567
v -0.0297169 0.0233721 0.0111144
vn 0.9909661 -2.6377413 -4.5240521
v -0.0124378 0.0337193 0.0147500
vn 1.3229892 -2.4639130 -4.5695648
v -0.0181711 0.0310080 0.0147500
vn 2.7546110 -4.8953009 -2.7563927
v -0.0182783 0.0323861 0.0124199
vn 1.5144626 -2.3678975 -4.5432234
v -0.0182809 0.0309435 0.0147500
vn 1.6457878 -2.2795372 -4.5415840
v -0.0219108 0.0284887 0.0147500
vn 0.5172392 -2.8406825 -4.3774748
v -0.0063173 0.0353805 0.0147500
vn 0.7368515 -2.6743865 -4.6131268
v -0.0093923 0.0346911 0.0147500
vn 1.4227308 -5.3891354 -2.8616810
v -0.0093820 0.0351396 0.0139859
vn 0.5661194 -5.1420751 -3.4098256
v -0.0047217 0.0358393 0.0143839
vn 0.0291658 -5.5146360 -2.9639699
v 0.0000000 0.0360735 0.0145171
vn 0.0306112 -2.7856758 -4.5838976
v 0.0000000 0.0359401 0.0147500
vn -0.5972697 -5.2062855 -3.3352075
v 0.0047217 0.0358393 0.0143839
vn -0.5195486 -2.8403120 -4.3776727
v 0.0063173 0.0353805 0.0147500
vn -1.4403874 -5.3773322 -2.8719358
v 0.0093820 0.0351396 0.0139859
vn -0.7607844 -2.6766546 -4.5957446
v 0.0093923 0.0346911 0.0147500
vn -2.1379249 -5.1253471 -2.8789313
v 0.0139206 0.0339835 0.0133284
vn -0.9596964 -2.6597877 -4.5042028
v 0.0124378 0.0337193 0.0147500
vn -1.3356416 -2.4519584 -4.5790958
v 0.0181711 0.0310080 0.0147500
vn -2.7607818 -4.9083676 -2.7277911
v 0.0182783 0.0323861 0.0124199
vn -1.5144624 -2.3678975 -4.5432243
v 0.0182809 0.0309435 0.0147500
vn -1.8638369 -2.1669545 -4.4442472
v 0.0233385 0.0273313 0.0147500
vn -3.9661996 -3.9561341 -2.8009562
v 0.0262281 0.0259482 0.0130008
vn -2.0532508 -1.9095683 -4.5554528
v 0.0262773 0.0245192 0.0147500
vn -2.1511428 -1.8126539 -4.5398340
v 0.0277793 0.0228035 0.0147500
vn -4.4906569 -3.5329123 -2.5591722
v 0.0297169 0.0233721 0.0111144
vn -2.7301238 -3.3376279 -3.6532979
v 0.0354965 0.0139967 0.0103200
vn -2.6220880 -3.0412886 -3.9109788
v 0.0354965 0.0134050 0.0108094
vn -2.6412733 -0.9702281 -4.5336695
v 0.0339544 0.0117808 0.0147500
vn -2.8568954 -2.6958573 -4.1333609
v 0.0354965 0.0120330 0.0118173
vn -2.7631576 -2.3855348 -4.2668958
v 0.0354965 0.0099106 0.0130796
vn -2.6614630 -2.0787656 -4.4344845
v 0.0354965 0.0093285 0.0133708
vn -2.6869884 -0.6455131 -4.6337643
v 0.0350326 0.0080253 0.0147500
vn -2.9316890 -1.6317068 -4.5406451
v 0.0354965 0.0076575 0.0140901
vn -0.4125130 -1.3661081 -6.0840397
v 0.0354965 0.0056292 0.0147500
vn -2.6368732 -2.0635018 4.4809308
v 0.0354965 0.0093285 -0.0253708
vn -2.6479268 -0.9299912 4.5502720
v 0.0339544 0.0117808 -0.0267500
vn -2.8488336 -1.7114549 4.5429072
v 0.0354965 0.0076575 -0.0260901
vn -2.7088404 -0.6953281 4.5699701
v 0.0350326 0.0080253 -0.0267500
vn -0.3725731 -1.3346028 6.0961490
v 0.0354965 0.0056292 -0.0267500
vn -2.4120691 -1.4370190 4.5503674
v 0.0312038 0.0178328 -0.0267500
vn -4.9583435 -2.8215203 2.5839462
v 0.0328198 0.0186366 -0.0232565
vn -2.3465476 -1.5341794 4.5571890
v 0.0297962 0.0200966 -0.0267500
vn -3.9693089 -3.9506779 2.8032513
v 0.0262281 0.0259482 -0.0250008
vn -2.2015369 -1.7557790 4.5339003
v 0.0280516 0.0224677 -0.0267500
vn -4.5437365 -3.2158849 2.8852708
v 0.0297169 0.0212555 -0.0256815
vn -2.1548862 -1.8159090 4.5295715
v 0.0277793 0.0228035 -0.0267500
vn -4.4890661 -3.5332043 2.5611567
v 0.0297169 0.0233721 -0.0231144
vn -2.0641201 -1.9071410 4.5426068
v 0.0262773 0.0245192 -0.0267500
vn -1.8592699 -2.1936185 4.4052162
v 0.0233385 0.0273313 -0.0267500
vn -2.7413931 -4.9076347 2.7442851
v 0.0182783 0.0323861 -0.0244199
vn -0.9909661 -2.6377413 4.5240521
v 0.0124378 0.0337193 -0.0267500
vn -1.3229892 -2.4639130 4.5695648
v 0.0181711 0.0310080 -0.0267500
vn -1.5144626 -2.3678975 4.5432234
v 0.0182809 0.0309435 -0.0267500
vn -0.5172392 -2.8406825 4.3774748
v 0.0063173 0.0353805 -0.0267500
vn -0.7368515 -2.6743865 4.6131268
v 0.0093923 0.0346911 -0.0267500
vn -1.4227307 -5.3891354 2.8616810
v 0.0093820 0.0351396 -0.0259859
vn -2.1831281 -5.0580921 2.9432716
v 0.0139206 0.0339835 -0.0253284
vn -0.5661193 -5.1420751 3.4098253
v 0.0047217 0.0358393 -0.0263839
vn -0.0291658 -5.5146351 2.9639699
v 0.0000000 0.0360735 -0.0265171
vn -0.0306112 -2.7856758 1.6189961
v 0.0000000 0.0359401 -0.0267500
vn 0.5972695 -5.2062855 3.3352075
v -0.0047217 0.0358393 -0.0263839
vn 0.5195486 -2.8403120 4.3776727
v -0.0063173 0.0353805 -0.0267500
vn 1.4403872 -5.3773322 2.8719358
v -0.0093820 0.0351396 -0.0259859
vn 0.7607844 -2.6766546 4.5957446
v -0.0093923 0.0346911 -0.0267500
vn 0.9596964 -2.6597877 4.5042028
v -0.0124378 0.0337193 -0.0267500
vn 1.6457878 -2.2795370 4.5415835
v -0.0219108 0.0284887 -0.0267500
vn 1.5144626 -2.3678975 4.5432243
v -0.0182809 0.0309435 -0.0267500
vn 2.7739785 -4.8961310 2.7397275
v -0.0182783 0.0323861 -0.0244199
vn 1.3356419 -2.4519584 4.5790958
v -0.0181711 0.0310080 -0.0267500
vn 3.4852176 -4.3121338 2.9428244
v -0.0223986 0.0281873 -0.0266404
vn 3.9661994 -3.9561338 2.8009560
v -0.0262281 0.0259482 -0.0250008
vn 1.8638369 -2.1669543 4.4442472
v -0.0233385 0.0273313 -0.0267500
vn 2.4117322 -1.4386210 4.5492754
v -0.0312038 0.0178328 -0.0267500
vn 2.3505783 -1.5330104 4.5517030
v -0.0297962 0.0200966 -0.0267500
vn 4.5462837 -3.2118456 2.8857713
v -0.0297169 0.0212555 -0.0256815
vn 2.1943343 -1.7398719 4.5649033
v -0.0280516 0.0224677 -0.0267500
vn 4.4906564 -3.5329120 2.5591719
v -0.0297169 0.0233721 -0.0231144
vn 2.1511428 -1.8126539 4.5398340
v -0.0277793 0.0228035 -0.0267500
vn 2.0532510 -1.9095684 4.5554523
v -0.0262773 0.0245192 -0.0267500
vn 2.8740325 -2.6921599 4.1338129
v -0.0354965 0.0120330 -0.0238173
vn 2.6412733 -0.9702282 4.5336695
v -0.0339544 0.0117808 -0.0267500
vn 2.6220880 -3.0412889 3.9109788
v -0.0354965 0.0134050 -0.0228094
vn 4.9827619 -2.4026577 2.9344368
v -0.0328198 0.0165349 -0.0252797
vn 2.7685697 -2.3877847 4.2652793
v -0.0354965 0.0099106 -0.0250796
vn 2.6614630 -2.0787656 4.4344845
v -0.0354965 0.0093285 -0.0253708
vn 2.6869884 -0.6455131 4.6337643
v -0.0350326 0.0080253 -0.0267500
vn 2.9492555 -1.6281397 4.5401673
v -0.0354965 0.0076575 -0.0260901
vn 0.4198289 -1.3689154 6.0827379
v -0.0354965 0.0056292 -0.0267500
vn 2.7809994 -3.5854251 -3.4265745
v -0.0354965 0.0157757 0.0086075
vn 2.7029352 -3.3193011 -3.6725481
v -0.0354965 0.0139967 0.0103200
vn 2.6302586 -3.0419755 -3.8957820
v -0.0354965 0.0134050 0.0108094
vn 2.8116851 -2.7152233 -4.1071234
v -0.0354965 0.0120330 0.0118173
vn 2.7288585 -2.3570671 -4.2854176
v -0.0354965 0.0099106 0.0130796
vn 2.7751355 -4.2664247 -2.5286021
v -0.0354965 0.0186887 0.0046294
vn 2.7686124 -4.7271900 -1.4998587
v -0.0354965 0.0206188 0.0000922
vn 2.7360244 -4.6034546 -1.8217069
v -0.0354965 0.0197842 0.0024163
vn 2.6199224 -4.4509330 -2.1828208
v -0.0354965 0.0193708 0.0033285
vn 2.7675755 -4.9347301 -0.4023315
v -0.0354965 0.0214645 -0.0047653
vn 4.9422135 -3.8380449 -0.2246543
v -0.0328198 0.0253571 -0.0045414
vn 2.7604597 -4.8974009 0.7219625
v -0.0354965 0.0211814 -0.0096878
vn 4.9421864 -3.7883344 0.6556548
v -0.0328198 0.0250226 -0.0103566
vn 2.6270015 -4.8203111 1.1141272
v -0.0354965 0.0209609 -0.0107842
vn 2.7948728 -4.7114344 1.5186819
v -0.0354965 0.0206188 -0.0120922
vn 2.8168921 -4.2417159 2.5505090
v -0.0354965 0.0186887 -0.0166294
vn 2.6270413 -4.4455509 2.1709886
v -0.0354965 0.0193708 -0.0153285
vn 2.7528579 -4.6071482 1.8089545
v -0.0354965 0.0197842 -0.0144163
vn 2.7448514 -4.0787897 2.8024895
v -0.0354965 0.0173466 -0.0187022
vn 4.9423018 -3.1039174 2.2684069
v -0.0328198 0.0204924 -0.0210057
vn 2.6271052 -3.8423946 3.1162734
v -0.0354965 0.0168094 -0.0194050
vn 4.9553933 -2.8221767 2.5896657
v -0.0328198 0.0186366 -0.0232565
vn 2.8400800 -3.5494628 3.4480548
v -0.0354965 0.0157757 -0.0206075
vn 2.7365208 -3.3394687 3.6511180
v -0.0354965 0.0139967 -0.0223200
vn 3.9492459 -4.7815237 -0.8298055
v -0.0262281 0.0316845 -0.0004836
vn 4.4752274 -4.3106384 -0.7505037
v -0.0297169 0.0285389 -0.0010312
vn 2.4621367 -1.3170588 4.5786176
v -0.0313550 0.0175656 -0.0267500
vn 2.4713144 -5.2864094 -2.0093527
v -0.0181815 0.0361474 0.0032222
vn 3.2485628 -4.9082155 -1.9146197
v -0.0222864 0.0337715 0.0032222
vn 3.3779311 -5.1923661 -0.8795226
v -0.0223986 0.0344186 -0.0000075
vn 3.9554248 -4.7794414 0.8187783
v -0.0262281 0.0316845 -0.0115164
vn 4.4752269 -4.3106394 0.7505035
v -0.0297169 0.0285389 -0.0109688
vn 3.5146322 -4.2799129 -2.9522374
v -0.0223986 0.0281873 0.0146404
vn 1.7949127 -2.1195817 -4.6085191
v -0.0224192 0.0280903 0.0147500
vn 1.8592695 -2.1936188 -4.4052162
v -0.0233385 0.0273313 0.0147500
vn 1.7278872 -2.1285827 4.6753769
v -0.0224192 0.0280903 -0.0267500
vn -3.3646126 -4.5842562 -2.6109574
v 0.0223986 0.0303681 0.0112722
vn -4.9423022 -3.1039176 -2.2684064
v 0.0328198 0.0204924 0.0090057
vn -4.4752274 -4.3106384 0.7505037
v 0.0297169 0.0285389 -0.0109688
vn -4.9441438 -3.7847598 0.6584943
v 0.0328198 0.0250226 -0.0103566
vn -4.9442034 -3.0996470 2.2692573
v 0.0328198 0.0204924 -0.0210057
vn -4.9553933 -2.8221765 -2.5896654
v 0.0328198 0.0186366 0.0112565
vn -2.8247511 -3.5526705 -3.4466538
v 0.0354965 0.0157757 0.0086075
vn -2.6271062 -3.8423951 -3.1162734
v 0.0354965 0.0168094 0.0074050
vn -2.7445645 -4.6065803 -1.8117554
v 0.0354965 0.0197842 0.0024163
vn -2.6270416 -4.4455509 -2.1709883
v 0.0354965 0.0193708 0.0033285
vn -2.8033020 -4.2442350 -2.5484023
v 0.0354965 0.0186887 0.0046294
vn -2.7374887 -4.0775304 -2.8050787
v 0.0354965 0.0173466 0.0067022
vn -4.9421868 -3.7883348 -0.6556550
v 0.0328198 0.0250226 -0.0016434
vn -2.7512813 -4.8975587 -0.7247472
v 0.0354965 0.0211814 -0.0023122
vn -2.6270015 -4.8203115 -1.1141269
v 0.0354965 0.0209609 -0.0012158
vn -3.3418708 -5.2076750 -0.9104880
v 0.0223986 0.0344186 -0.0000075
vn -3.9607620 -4.7761450 -0.8156276
v 0.0262281 0.0316845 -0.0004836
vn -4.4752269 -4.3106389 -0.7505037
v 0.0297169 0.0285389 -0.0010312
vn 4.4752269 -4.3682632 -0.2512728
v -0.0297169 0.0289204 -0.0043364
vn 3.9478288 -4.8458600 -0.2787455
v -0.0262281 0.0321080 -0.0041531
vn 3.3698871 -5.2605062 -0.3025964
v -0.0223986 0.0348787 -0.0039937
vn 2.7489030 -5.6070118 -0.3225275
v -0.0182783 0.0371965 -0.0038604
vn 2.0928733 -5.8810616 -0.3382919
v -0.0139206 0.0390311 -0.0037548
vn 1.4102036 -6.0792618 -0.3496936
v -0.0093820 0.0403589 -0.0036785
vn 0.7096102 -6.1991658 -0.3565896
v -0.0047217 0.0411625 -0.0036322
vn -0.0000002 -6.2392983 -0.3588983
v 0.0000000 0.0414315 -0.0036168
vn -0.7096096 -6.1991658 -0.3565895
v 0.0047217 0.0411625 -0.0036322
vn -1.4102043 -6.0792623 -0.3496933
v 0.0093820 0.0403589 -0.0036785
vn -2.0928731 -5.8810616 -0.3382923
v 0.0139206 0.0390311 -0.0037548
vn -2.7489030 -5.6070118 -0.3225275
v 0.0182783 0.0371965 -0.0038604
vn -3.3698878 -5.2605066 -0.3025961
v 0.0223986 0.0348787 -0.0039937
vn -3.9478288 -4.8458600 -0.2787454
v 0.0262281 0.0321080 -0.0041531
vn -4.4752264 -4.3682628 -0.2512729
v 0.0297169 0.0289204 -0.0043364
vn 4.4752274 -4.3682632 0.2512729
v -0.0297169 0.0289204 -0.0076636
vn 3.9478285 -4.8458595 0.2787453
v -0.0262281 0.0321080 -0.0078469
vn 3.3698876 -5.2605066 0.3025962
v -0.0223986 0.0348787 -0.0080063
vn 2.7489028 -5.6070113 0.3225276
v -0.0182783 0.0371965 -0.0081396
vn 2.0928731 -5.8810606 0.3382922
v -0.0139206 0.0390311 -0.0082452
vn 1.4102043 -6.0792618 0.3496933
v -0.0093820 0.0403589 -0.0083215
vn 0.7096096 -6.1991663 0.3565895
v -0.0047217 0.0411625 -0.0083678
vn 0.0000002 -6.2392983 0.3588983
v 0.0000000 0.0414315 -0.0083832
vn -0.7096101 -6.1991653 0.3565896
v 0.0047217 0.0411625 -0.0083678
vn -1.4102036 -6.0792618 0.3496935
v 0.0093820 0.0403589 -0.0083215
vn -2.0928731 -5.8810611 0.3382918
v 0.0139206 0.0390311 -0.0082452
vn -2.7489030 -5.6070113 0.3225274
v 0.0182783 0.0371965 -0.0081396
vn -3.3698874 -5.2605062 0.3025964
v 0.0223986 0.0348787 -0.0080063
vn -3.9478285 -4.8458595 0.2787455
v 0.0262281 0.0321080 -0.0078469
vn -4.4752264 -4.3682632 0.2512728
v 0.0297169 0.0289204 -0.0076636
vn -4.9451923 -3.8337331 0.2205251
v 0.0328198 0.0253571 -0.0074586
vn -2.7514751 -4.9446211 0.3908367
v 0.0354965 0.0214645 -0.0072347
vn -2.7455571 -4.8973408 0.7291027
v 0.0354965 0.0211814 -0.0096878
vn -2.7636733 -4.2682214 2.5270591
v 0.0354965 0.0186887 -0.0166294
vn -2.6199222 -4.4509335 2.1828203
v 0.0354965 0.0193708 -0.0153285
vn -2.7285497 -4.6029572 1.8240402
v 0.0354965 0.0197842 -0.0144163
vn -2.7578418 -4.7285938 1.4977432
v 0.0354965 0.0206188 -0.0120922
vn -2.6187663 -4.8295240 1.1257647
v 0.0354965 0.0209609 -0.0107842
vn -2.7126787 -4.0671182 2.8231447
v 0.0354965 0.0173466 -0.0187022
vn -2.7249434 -2.3557565 4.2863116
v 0.0354965 0.0099106 -0.0250796
vn -2.7990735 -2.7171772 4.1068773
v 0.0354965 0.0120330 -0.0238173
vn -2.6302586 -3.0419755 3.8957815
v 0.0354965 0.0134050 -0.0228094
vn -2.6979411 -3.3180671 3.6739488
v 0.0354965 0.0139967 -0.0223200
vn -2.7689230 -3.5874090 3.4256787
v 0.0354965 0.0157757 -0.0206075
vn -2.6210411 -3.8444500 3.1273057
v 0.0354965 0.0168094 -0.0194050
vn 0.0000000 0.0000000 2.9649019
v 0.0000000 0.0359401 -0.0267500
vn 4.5393305 3.3788054 -2.6775157
v 0.0315189 0.0234394 -0.0246923
vn 4.9994211 2.9470916 -2.3502278
v 0.0347767 0.0204301 -0.0222924
vn 5.0079117 2.6675072 -2.6499746
v 0.0347767 0.0184774 -0.0244774
vn 2.3905709 1.4205847 4.6009898
v 0.0321094 0.0185384 0.0167500
vn 4.5161328 3.0435135 3.0853465
v 0.0315189 0.0211991 0.0151991
vn 2.1378224 1.7826810 4.5918546
v 0.0284025 0.0238325 0.0167500
vn 1.3885044 0.0466763 0.8311416
v 0.0375671 0.0000000 0.0159308
vn 5.7369385 0.1140668 1.0172909
v 0.0375671 0.0024555 0.0157929
vn 2.1372528 1.7834768 -4.5916166
v 0.0284025 0.0238325 -0.0287500
vn 4.5161328 3.0435131 -3.0853472
v 0.0315189 0.0211991 -0.0271991
vn 2.3840947 1.4261225 -4.6064348
v 0.0321094 0.0185384 -0.0287500
vn 0.9117300 2.6848879 -4.4931254
v 0.0126810 0.0348408 -0.0287500
vn 1.2783775 4.6045742 -3.8411851
v 0.0099370 0.0358586 -0.0285315
vn 2.1595829 5.0634384 -2.9915667
v 0.0147713 0.0346439 -0.0277682
vn -2.6232619 0.8886335 -4.6240869
v -0.0348596 0.0126292 -0.0287500
vn -4.9594860 2.0476215 -3.2213726
v -0.0348552 0.0138468 -0.0280371
vn -2.5442758 0.9768667 -4.7024088
v -0.0348408 0.0126810 -0.0287500
vn -5.2371373 -0.0159530 0.1393076
v -0.0376330 0.0024428 -0.0276804
vn -2.8555093 5.4361377 -1.2084852
v -0.0195242 0.0378977 -0.0146499
vn 0.9797219 3.0412846 -2.7011604
v -0.0162361 0.0391438 -0.0158184
vn 1.4084473 2.9506769 -2.2121418
v -0.0163180 0.0390768 -0.0159488
vn 1.6272565 2.9958036 -1.6808319
v -0.0165269 0.0388574 -0.0164506
vn 1.7501147 2.9776273 -0.9339251
v -0.0166000 0.0386742 -0.0170000
vn -2.8432286 5.2486434 -1.8761368
v -0.0195242 0.0366909 -0.0188387
vn 1.6885781 2.9744821 -0.1320537
v -0.0165297 0.0385471 -0.0175386
vn 1.4122243 2.9721346 0.5759799
v -0.0163187 0.0384805 -0.0180500
vn 0.9058995 2.9297597 1.1636418
v -0.0159834 0.0384821 -0.0184864
vn 0.2316603 2.9241204 1.6482906
v -0.0155500 0.0385504 -0.0188187
vn -2.1405201 5.4825783 -2.1592603
v -0.0148944 0.0385771 -0.0194987
vn -2.1445191 5.8410873 -0.6308615
v -0.0148944 0.0406136 -0.0105761
vn -1.1458614 3.2569318 -3.5437369
v -0.0145000 0.0400349 -0.0149000
vn -0.1038699 3.2538152 -3.3037891
v -0.0155500 0.0395746 -0.0151813
vn -2.8058960 5.5542841 -0.6208420
v -0.0195242 0.0386279 -0.0103523
vn -1.4323922 6.0487809 -0.6692381
v -0.0100644 0.0420536 -0.0107383
vn -2.5032768 3.2376096 -3.1148887
v -0.0134500 0.0403367 -0.0151813
vn -1.8897228 3.2023230 -3.4230094
v -0.0139621 0.0402100 -0.0149700
vn -0.4362419 3.0186710 2.0708723
v -0.0150363 0.0386829 -0.0190304
vn -1.4064029 3.1218886 1.9303262
v -0.0145000 0.0388637 -0.0191000
vn -1.3909391 5.7410927 -2.0587893
v -0.0100644 0.0399449 -0.0199773
vn -2.7420659 3.2091858 1.2304182
v -0.0134500 0.0393323 -0.0188187
vn -3.5254765 3.2111101 0.5018374
v -0.0126813 0.0398275 -0.0180500
vn -3.7849841 3.1593449 -0.2295133
v -0.0124733 0.0400407 -0.0175501
vn -3.8412447 3.1865742 -0.9582943
v -0.0124000 0.0402180 -0.0170000
vn -1.3520935 5.9651585 -1.3278207
v -0.0100644 0.0412587 -0.0154170
vn -3.7710762 3.2062500 -1.6235666
v -0.0124703 0.0403399 -0.0164611
vn -3.4965096 3.2260389 -2.2353394
v -0.0126813 0.0404034 -0.0159500
vn -3.0525026 3.2438471 -2.7149696
v -0.0130171 0.0404018 -0.0155130
vn 3.4254756 3.2233789 -0.2421914
v 0.0103728 0.0406361 -0.0175483
vn 3.3512387 3.2693489 0.5453899
v 0.0105813 0.0404362 -0.0180500
vn 1.3445899 5.7402582 -2.0995288
v 0.0099370 0.0399733 -0.0199873
vn 2.3584456 3.2592225 -3.1717651
v 0.0113500 0.0409772 -0.0151813
vn 2.9447284 3.2485502 -2.8321419
v 0.0109384 0.0410183 -0.0154921
vn 1.2405158 6.0013666 -1.3089564
v 0.0099370 0.0412880 -0.0154237
vn 3.3922272 3.2453771 -2.3018043
v 0.0105813 0.0410034 -0.0159500
vn 3.6151028 3.2377145 -1.6460400
v 0.0103702 0.0409300 -0.0164616
vn 3.3435888 3.2558494 -0.9935255
v 0.0103000 0.0408064 -0.0170000
vn 2.6153047 3.3164129 1.4097240
v 0.0113500 0.0399889 -0.0188187
vn 1.3174384 3.0887549 1.7855364
v 0.0124000 0.0395838 -0.0191000
vn 2.2062070 5.4969358 -2.0253050
v 0.0147713 0.0386192 -0.0195134
vn 0.2389599 3.0196850 1.8652151
v 0.0129385 0.0394344 -0.0190298
vn -0.4874317 3.0708179 1.7222878
v 0.0134500 0.0393323 -0.0188187
vn -1.1473684 3.0785708 1.2578800
v 0.0138843 0.0392885 -0.0184855
vn -1.5907222 3.0632968 0.6205873
v 0.0142187 0.0393049 -0.0180500
vn -1.7048397 2.9746792 -0.1246473
v 0.0144298 0.0393814 -0.0175383
vn -1.3260269 3.2088380 -2.6283071
v 0.0142187 0.0398883 -0.0159500
vn 2.2940874 5.6993151 -1.2364366
v 0.0147713 0.0398894 -0.0151045
vn -1.7552829 3.0416377 -1.6954126
v 0.0144275 0.0396842 -0.0164528
vn -1.5206020 2.8446422 -0.8894210
v 0.0145000 0.0395095 -0.0170000
vn 1.7335936 3.2479496 -3.4303226
v 0.0118613 0.0408790 -0.0149703
vn 1.4062250 6.0570946 -0.6586222
v 0.0099370 0.0420835 -0.0107417
vn 0.9502090 3.3282661 -3.5141063
v 0.0124000 0.0407343 -0.0149000
vn 2.1381123 5.8428235 -0.6343209
v 0.0147713 0.0406580 -0.0105811
vn -0.1714041 3.3817747 -3.3033302
v 0.0134500 0.0403367 -0.0151813
vn -1.5189899 2.8576894 0.9006654
v 0.0145000 0.0395095 0.0050000
vn -1.7028009 2.9849136 0.1188334
v 0.0144296 0.0393813 0.0055392
vn 2.2062070 5.4969387 2.0253062
v 0.0147713 0.0386192 0.0075134
vn -0.1714044 3.3817747 3.3033302
v 0.0134500 0.0403367 0.0031813
vn -1.3259747 3.2086205 2.6285143
v 0.0142187 0.0398883 0.0039500
vn 2.2940876 5.6993160 1.2364368
v 0.0147713 0.0398894 0.0031045
vn -1.7558666 3.0505021 1.6920984
v 0.0144272 0.0396846 0.0044518
vn -1.5981853 3.0640678 -0.6073982
v 0.0142187 0.0393049 0.0060500
vn -1.1429577 3.0671124 -1.2637396
v 0.0138845 0.0392885 0.0064853
vn -0.4956825 3.0591674 -1.7188457
v 0.0134500 0.0393323 0.0068187
vn 0.2444551 3.0098636 -1.8671439
v 0.0129376 0.0394346 0.0070300
vn 1.3176831 3.0885305 -1.7855685
v 0.0124000 0.0395838 0.0071000
vn 1.3436402 5.7400732 2.1008480
v 0.0099370 0.0399733 0.0079873
vn 2.3356867 3.1668534 -1.6576164
v 0.0113500 0.0399889 0.0068187
vn 3.6150951 3.2377040 1.6464248
v 0.0103703 0.0409301 0.0044610
vn 3.3996310 3.2374768 2.2929821
v 0.0105813 0.0410034 0.0039500
vn 1.2543836 5.9994655 1.2993975
v 0.0099370 0.0412880 0.0034237
vn 3.3435526 3.2559571 0.9938613
v 0.0103000 0.0408064 0.0050000
vn 2.9925466 3.1228385 -1.1871095
v 0.0110303 0.0401501 0.0065919
vn 3.4012008 3.1919680 -0.4941125
v 0.0105813 0.0404362 0.0060500
vn 3.4254143 3.2233939 0.2423064
v 0.0103728 0.0406361 0.0055481
vn 0.9370512 3.3347983 3.4935954
v 0.0124000 0.0407343 0.0029000
vn 2.1371458 5.8429952 0.6351264
v 0.0147713 0.0406580 -0.0014189
vn 1.7426288 3.2476354 3.4141448
v 0.0118619 0.0408789 0.0029701
vn 1.4073465 6.0565429 0.6600471
v 0.0099370 0.0420835 -0.0012583
vn 2.3354321 3.2758822 3.1581898
v 0.0113500 0.0409772 0.0031813
vn 2.9425130 3.2666836 2.7456110
v 0.0109156 0.0410192 0.0035145
vn -2.1687670 5.4772243 2.1412435
v -0.0148944 0.0385771 0.0074987
vn -0.5175977 2.9714618 -2.0131447
v -0.0150370 0.0386827 0.0070302
vn -2.8418663 5.2496138 1.8750576
v -0.0195242 0.0366909 0.0068387
vn 0.2403966 2.8561876 -1.4500247
v -0.0155500 0.0385504 0.0068187
vn 0.9193058 2.9425468 -1.1507013
v -0.0159949 0.0384810 0.0064749
vn 1.4081062 2.9684913 -0.5858797
v -0.0163187 0.0384805 0.0060500
vn 1.6757041 2.9595826 0.1272154
v -0.0165301 0.0385473 0.0055374
vn -2.8545027 5.4362545 1.2097923
v -0.0195242 0.0378977 0.0026499
vn 1.7300026 2.9496479 0.9351697
v -0.0166000 0.0386742 0.0050000
vn 1.6269541 2.9865577 1.6845965
v -0.0165268 0.0388575 0.0044503
vn -2.5065799 3.2386703 3.1039524
v -0.0134500 0.0403367 0.0031813
vn -3.0529766 3.2438188 2.7146516
v -0.0130164 0.0404019 0.0035137
vn -1.3520322 5.9651985 1.3277311
v -0.0100644 0.0412587 0.0034170
vn -3.4968057 3.2259655 2.2349007
v -0.0126813 0.0404034 0.0039500
vn -3.7712026 3.2062354 1.6231382
v -0.0124701 0.0403398 0.0044618
vn -3.8433399 3.1859791 0.9568486
v -0.0124000 0.0402180 0.0050000
vn -3.7868824 3.1587837 0.2312352
v -0.0124729 0.0400413 0.0055485
vn -1.3904868 5.7411785 2.0589535
v -0.0100644 0.0399449 0.0079773
vn -3.5257547 3.2114778 -0.5010456
v -0.0126813 0.0398275 0.0060500
vn -2.7389688 3.2238333 -1.2622923
v -0.0134500 0.0393323 0.0068187
vn -1.4585041 3.1293087 -1.9939655
v -0.0145000 0.0388637 0.0071000
vn -0.0862056 3.2829444 3.2855451
v -0.0155500 0.0395746 0.0031813
vn -1.1455476 3.2567744 3.5437989
v -0.0145000 0.0400349 0.0029000
vn -2.1437118 5.8411813 0.6318290
v -0.0148944 0.0406136 -0.0014239
vn -1.8789680 3.2069855 3.4137187
v -0.0139628 0.0402098 0.0029699
vn -1.4328797 6.0485849 0.6695470
v -0.0100644 0.0420536 -0.0012617
vn 1.0863895 3.1248891 2.5503163
v -0.0163187 0.0390762 0.0039500
vn -2.8058960 5.5542836 0.6208414
v -0.0195242 0.0386279 -0.0016477
vn -2.7223625 0.2063047 -4.6936769
v -0.0369855 0.0025999 -0.0287500
vn -4.9152222 -0.1111978 0.4472700
v -0.0376330 0.0048549 -0.0272706
vn -2.7024550 0.4586628 -4.6750422
v -0.0365135 0.0064383 -0.0287500
vn -5.2165661 -0.0224030 0.1062295
v -0.0376330 0.0072059 -0.0265933
vn -2.6823823 0.6321139 -4.6485057
v -0.0361930 0.0080469 -0.0287500
vn -4.8850679 -0.1615947 0.3833647
v -0.0376330 0.0094663 -0.0256570
vn -2.6642690 0.8376966 -4.5787001
v -0.0353871 0.0110653 -0.0287500
vn -2.4163721 1.3834983 -4.5908608
v -0.0321094 0.0185384 -0.0287500
vn -1.3216643 2.4215393 -4.6427169
v -0.0185384 0.0321094 -0.0287500
vn -1.5447650 2.3059480 -4.6106381
v -0.0195450 0.0315068 -0.0287500
vn -2.8360925 4.7697625 -2.8965411
v -0.0195242 0.0329141 -0.0266813
vn -1.6823839 2.1937327 -4.6322374
v -0.0236524 0.0285526 -0.0287500
vn -1.1568526 2.4912319 -4.6634140
v -0.0149141 0.0339449 -0.0287500
vn -2.1798372 5.0535331 -2.9925864
v -0.0148944 0.0346061 -0.0277445
vn -0.9185770 2.6846123 -4.4890366
v -0.0126810 0.0348408 -0.0287500
vn -1.2988918 4.6500196 -3.7994387
v -0.0100644 0.0358331 -0.0285154
vn -0.5276643 2.7443225 -4.5752468
v -0.0064383 0.0365135 -0.0287500
vn 0.5228186 2.7455051 -4.5747604
v 0.0064383 0.0365135 -0.0287500
vn 0.7038566 5.6091447 -2.6715195
v 0.0049692 0.0389356 -0.0247504
vn 1.4377195 5.4880071 -2.6275101
v 0.0099370 0.0381559 -0.0243749
vn 2.8209109 4.7761464 -2.9007461
v 0.0194072 0.0329637 -0.0267125
vn 1.3207223 2.4174690 -4.6501818
v 0.0185384 0.0321094 -0.0287500
vn 1.1441169 2.4932599 -4.6699548
v 0.0147905 0.0339989 -0.0287500
vn 2.0210009 2.0742874 -4.3570480
v 0.0238325 0.0284025 -0.0287500
vn 3.5787280 4.1292505 -3.0877044
v 0.0237822 0.0284769 -0.0287096
vn 1.7185948 2.0564694 -4.7807875
v 0.0237836 0.0284434 -0.0287500
vn 1.6816782 2.1944265 -4.6319408
v 0.0236524 0.0285526 -0.0287500
vn 2.5980039 0.9374928 -4.6382294
v 0.0347873 0.0128271 -0.0287500
vn 2.5271163 1.1814179 -4.5845070
v 0.0341489 0.0144409 -0.0287500
vn 5.0810032 2.0289793 -3.0678606
v 0.0347767 0.0139025 -0.0281258
vn 2.4405155 1.3277051 -4.6066847
v 0.0323080 0.0181901 -0.0287500
vn 5.0277939 2.3294683 -2.9222322
v 0.0347767 0.0162924 -0.0264301
vn 2.6417201 0.8932268 -4.5863686
v 0.0348408 0.0126810 -0.0287500
vn 5.6604462 0.6115072 -0.9618689
v 0.0375671 0.0116679 -0.0245693
vn 5.6065283 0.4156115 -0.9107244
v 0.0375671 0.0095154 -0.0257590
vn 5.6866679 0.3965052 -1.0264367
v 0.0375671 0.0072433 -0.0267001
vn 2.7053294 0.6826298 -4.5817904
v 0.0361930 0.0080469 -0.0287500
vn 5.6499929 0.1846062 -0.9192287
v 0.0375671 0.0048801 -0.0273809
vn 2.7351532 0.4899392 -4.6054554
v 0.0365135 0.0064383 -0.0287500
vn 5.7267170 0.1365695 -1.0301871
v 0.0375671 0.0024555 -0.0277929
vn 2.7294767 0.2272858 -4.6775970
v 0.0369855 0.0025999 -0.0287500
vn 2.7246776 0.0015002 -1.6323639
v 0.0370768 -0.0000000 -0.0287500
vn 2.7200220 0.2057817 4.6978817
v 0.0369855 0.0025999 0.0167500
vn 5.6711292 0.1908757 0.8857172
v 0.0375671 0.0048801 0.0153809
vn 2.7028918 0.5133644 4.6543083
v 0.0365135 0.0064383 0.0167500
vn 5.6816154 0.4048891 1.0327287
v 0.0375671 0.0072433 0.0147001
vn 5.6316500 0.4180070 0.8691532
v 0.0375671 0.0095154 0.0137590
vn 2.6705925 0.8202243 4.5757914
v 0.0353871 0.0110653 0.0167500
vn 2.6266079 0.9255826 4.5951529
v 0.0348408 0.0126810 0.0167500
vn 5.6604500 0.6115084 0.9618710
v 0.0375671 0.0116679 0.0125693
vn 2.5980039 0.9374928 4.6382294
v 0.0347873 0.0128271 0.0167500
vn 5.1000438 1.9900482 3.0658803
v 0.0347767 0.0139025 0.0161258
vn 2.4998646 1.1182123 4.6794863
v 0.0341489 0.0144409 0.0167500
vn 5.0351496 2.3390777 2.9040875
v 0.0347767 0.0162924 0.0144301
vn 2.4456706 1.3474979 4.5800829
v 0.0323080 0.0181901 0.0167500
vn 5.0075154 2.6671760 2.6509128
v 0.0347767 0.0184774 0.0124774
vn 1.3185287 2.4200454 4.6478701
v 0.0185384 0.0321094 0.0167500
vn 2.8192372 4.7762504 2.9019156
v 0.0194072 0.0329637 0.0147125
vn 1.1500881 2.4933343 4.6651640
v 0.0147905 0.0339989 0.0167500
vn 2.1634889 5.0600977 2.9936671
v 0.0147713 0.0346439 0.0157682
vn 0.9117300 2.6848879 4.4931250
v 0.0126810 0.0348408 0.0167500
vn 1.2783771 4.6045742 3.8411851
v 0.0099370 0.0358586 0.0165315
vn 0.5228185 2.7455051 4.5747600
v 0.0064383 0.0365135 0.0167500
vn -0.5276644 2.7443223 4.5752459
v -0.0064383 0.0365135 0.0167500
vn -0.7218058 5.6062398 2.6723452
v -0.0050992 0.0389219 0.0127438
vn -1.4552693 5.4837933 2.6264932
v -0.0100644 0.0381287 0.0123618
vn -1.2988921 4.6500196 3.7994380
v -0.0100644 0.0358331 0.0165154
vn -2.1745782 5.0580688 2.9897313
v -0.0148944 0.0346061 0.0157445
vn -0.9185769 2.6846123 4.4890375
v -0.0126810 0.0348408 0.0167500
vn -1.1487250 2.4911366 4.6699615
v -0.0149141 0.0339449 0.0167500
vn -1.3247621 2.4177656 4.6461983
v -0.0185384 0.0321094 0.0167500
vn -2.8404002 4.7673302 2.8961539
v -0.0195242 0.0329141 0.0146813
vn -1.5493424 2.3048897 4.6073008
v -0.0195450 0.0315068 0.0167500
vn -4.5511813 3.3680065 2.6708140
v -0.0316090 0.0233651 0.0126331
vn -4.5302229 3.0380230 3.0705109
v -0.0316090 0.0211320 0.0151320
vn -2.1395071 1.7813139 4.5908871
v -0.0284025 0.0238325 0.0167500
vn -5.0179191 2.6562920 2.6420074
v -0.0348552 0.0184033 0.0124033
vn -5.0279574 2.3243432 2.9234340
v -0.0348552 0.0162271 0.0143481
vn -2.4163721 1.3834983 4.5908604
v -0.0321094 0.0185384 0.0167500
vn -4.9594855 2.0476215 3.2213717
v -0.0348552 0.0138468 0.0160371
vn -2.5442758 0.9768668 4.7024088
v -0.0348408 0.0126810 0.0167500
vn -2.6603060 0.8165792 4.5977631
v -0.0353871 0.0110653 0.0167500
vn -2.6181931 0.8951257 4.6292129
v -0.0348596 0.0126292 0.0167500
vn -5.1655903 -0.0074982 -0.0317085
v -0.0376330 0.0116077 0.0124735
vn -4.8813028 -0.1792771 -0.3686800
v -0.0376330 0.0094663 0.0136570
vn -5.1975336 -0.0121010 -0.0793933
v -0.0376330 0.0072059 0.0145933
vn -2.7002215 0.6385884 4.6127853
v -0.0361930 0.0080469 0.0167500
vn -4.8940482 -0.1175227 -0.4134616
v -0.0376330 0.0048549 0.0152706
vn -2.7353983 0.4877332 4.6056862
v -0.0365135 0.0064383 0.0167500
vn -5.2267938 0.0063416 -0.1261178
v -0.0376330 0.0024428 0.0156805
vn -2.7318063 0.2271488 4.6734629
v -0.0369855 0.0025999 0.0167500
vn -1.3890829 0.0482184 0.8301694
v -0.0376330 0.0000000 0.0158176
vn 5.6177459 0.6140589 0.7700055
v 0.0375671 0.0136736 0.0111462
vn 5.6560955 0.8103672 0.8103672
v 0.0375671 0.0155074 0.0095074
vn 5.6177464 0.6140589 -0.7700053
v 0.0375671 0.0136736 -0.0231462
vn 5.6560950 0.8103678 -0.8103682
v 0.0375671 0.0155074 -0.0215074
vn 5.6177464 0.7700064 -0.6140596
v 0.0375671 0.0171462 -0.0196736
vn 5.6177464 0.7700056 0.6140590
v 0.0375671 0.0171462 0.0076736
vn 4.9994211 2.9470913 2.3502269
v 0.0347767 0.0204301 0.0102924
vn 4.5393295 3.3788056 2.6775155
v 0.0315189 0.0234394 0.0126923
vn 3.9794056 3.7853594 2.9998612
v 0.0278376 0.0261337 0.0148410
vn 1.8688941 2.0578480 4.6041460
v 0.0238325 0.0284025 0.0167500
vn 3.5503750 4.1562901 3.0870526
v 0.0237822 0.0284769 0.0167096
vn 1.7185949 2.0564694 4.7807875
v 0.0237836 0.0284434 0.0167500
vn 1.6816789 2.1944261 4.6319399
v 0.0236524 0.0285526 0.0167500
vn 5.6560955 0.9703723 -0.6097251
v 0.0375671 0.0185693 -0.0176679
vn 4.9994211 3.1917028 -2.0054803
v 0.0347767 0.0221258 -0.0199025
vn 4.5286260 3.6582320 -2.2986197
v 0.0315189 0.0253849 -0.0219504
vn 3.9976625 4.0754166 -2.5607531
v 0.0278376 0.0283029 -0.0237839
vn 3.9771411 3.7851450 -3.0025764
v 0.0278376 0.0261337 -0.0268410
vn 3.4158115 4.4389172 -2.7848153
v 0.0237822 0.0308405 -0.0253784
vn 5.6560955 0.9703726 0.6097255
v 0.0375671 0.0185693 0.0056679
vn 4.9994211 3.1917028 2.0054801
v 0.0347767 0.0221258 0.0079025
vn 4.5286264 3.6582315 2.2986197
v 0.0315189 0.0253849 0.0099504
vn 3.9976625 4.0754166 2.5607531
v 0.0278376 0.0283029 0.0117839
vn 3.4158113 4.4389172 2.7848148
v 0.0237822 0.0308405 0.0133784
vn 1.5402319 2.3088582 4.6108265
v 0.0194260 0.0315804 0.0167500
vn 1.5402317 2.3088579 -4.6108270
v 0.0194260 0.0315804 -0.0287500
vn 5.6560960 1.0817207 0.3785105
v 0.0375671 0.0207001 0.0012433
vn 5.6177468 0.9601823 0.2191552
v 0.0375671 0.0213809 -0.0011199
vn 4.9994211 3.5579417 1.2449772
v 0.0347767 0.0246646 0.0026305
vn 4.9994216 3.6749630 0.8387868
v 0.0347767 0.0254759 -0.0001853
vn 4.5286260 4.0780039 1.4269555
v 0.0315189 0.0282977 0.0039018
vn 4.5286255 4.2121305 0.9613912
v 0.0315189 0.0292284 0.0006712
vn 3.9976621 4.5430593 1.5896851
v 0.0278376 0.0315505 0.0050400
vn 3.9976625 4.6924810 1.0710285
v 0.0278376 0.0325882 0.0014381
vn 3.4137166 4.9470329 1.7310426
v 0.0237822 0.0343794 0.0060299
vn 3.4137158 5.1097422 1.1662663
v 0.0237822 0.0355101 0.0021050
vn 2.7846270 5.2846885 1.8491921
v 0.0194072 0.0367462 0.0068580
vn 2.7846267 5.4585037 1.2458680
v 0.0194072 0.0379548 0.0026629
vn 5.6560965 1.1388252 0.1283149
v 0.0375671 0.0217929 -0.0035445
vn 4.9994211 3.7457700 0.4220468
v 0.0347767 0.0259667 -0.0030743
vn 4.5286250 4.2932873 0.4837369
v 0.0315189 0.0297916 -0.0026433
vn 3.9976625 4.7828927 0.5389026
v 0.0278376 0.0332161 -0.0022574
vn 3.4137151 5.2081938 0.5868214
v 0.0237822 0.0361943 -0.0019219
vn 2.7846255 5.5636749 0.6268748
v 0.0194072 0.0386861 -0.0016411
vn 5.6560955 1.1388255 -0.1283146
v 0.0375671 0.0217929 -0.0084555
vn 5.6177464 0.9601825 -0.2191555
v 0.0375671 0.0213809 -0.0108801
vn 4.9994211 3.7457700 -0.4220470
v 0.0347767 0.0259667 -0.0089257
vn 4.9994216 3.6749635 -0.8387864
v 0.0347767 0.0254759 -0.0118147
vn 4.5286255 4.2932868 -0.4837367
v 0.0315189 0.0297916 -0.0093567
vn 4.5286250 4.2121305 -0.9613914
v 0.0315189 0.0292284 -0.0126712
vn 3.9976625 4.7828927 -0.5389020
v 0.0278376 0.0332161 -0.0097426
vn 3.9976621 4.6924806 -1.0710286
v 0.0278376 0.0325882 -0.0134381
vn 3.4137156 5.2081933 -0.5868215
v 0.0237822 0.0361943 -0.0100781
vn 3.4137151 5.1097422 -1.1662666
v 0.0237822 0.0355101 -0.0141050
vn 2.7846248 5.5636740 -0.6268760
v 0.0194072 0.0386861 -0.0103589
vn 2.7846262 5.4585032 -1.2458677
v 0.0194072 0.0379548 -0.0146629
vn 5.6560960 1.0817206 -0.3785106
v 0.0375671 0.0207001 -0.0132433
vn 4.9994221 3.5579417 -1.2449775
v 0.0347767 0.0246646 -0.0146305
vn 4.5286250 4.0780039 -1.4269553
v 0.0315189 0.0282977 -0.0159018
vn 3.9976625 4.5430584 -1.5896847
v 0.0278376 0.0315505 -0.0170400
vn 3.4137156 4.9470329 -1.7310427
v 0.0237822 0.0343794 -0.0180299
vn 2.7846274 5.2846880 -1.8491921
v 0.0194072 0.0367462 -0.0188580
vn 5.6177454 0.8873389 0.4273200
v 0.0375671 0.0197590 0.0035154
vn 4.9994211 3.3961766 1.6355126
v 0.0347767 0.0235432 0.0053378
vn 4.5286255 3.8925936 1.8745742
v 0.0315189 0.0270111 0.0070079
vn 3.9976616 4.3365054 2.0883491
v 0.0278376 0.0301161 0.0085031
vn 3.4137158 4.7221127 2.2740483
v 0.0237822 0.0328163 0.0098035
vn 2.7846270 5.0444155 2.4292622
v 0.0194072 0.0350755 0.0108915
vn 2.1187840 5.2992563 2.5519872
v 0.0147713 0.0368634 0.0117525
vn 1.4377196 5.4880075 2.6275089
v 0.0099370 0.0381559 0.0123749
vn 0.7016742 5.6082401 2.6734297
v 0.0049692 0.0389356 0.0127504
vn 0.3112308 2.7766733 4.5746813
v 0.0049716 0.0367419 0.0167500
vn -0.0089245 5.6383071 2.6992195
v -0.0000655 0.0391921 0.0128739
vn 0.0003286 2.8094907 4.5396509
v 0.0000000 0.0370768 0.0167500
vn -0.3182707 2.7749748 4.5765014
v -0.0051015 0.0367241 0.0167500
vn 5.6177459 0.8873392 -0.4273202
v 0.0375671 0.0197590 -0.0155154
vn 4.9994211 3.3961763 -1.6355122
v 0.0347767 0.0235432 -0.0173378
vn 4.5286250 3.8925939 -1.8745747
v 0.0315189 0.0270111 -0.0190079
vn 3.9976618 4.3365049 -2.0883498
v 0.0278376 0.0301161 -0.0205031
vn 3.4137158 4.7221127 -2.2740483
v 0.0237822 0.0328163 -0.0218035
vn 2.7846270 5.0444155 -2.4292617
v 0.0194072 0.0350755 -0.0228915
vn 2.1187835 5.2992563 -2.5519884
v 0.0147713 0.0368634 -0.0237525
vn 0.7125041 5.8608513 2.0507998
v 0.0049692 0.0407901 0.0082731
vn 0.7125040 6.0536156 1.3816981
v 0.0049692 0.0421317 0.0036163
vn -0.0093839 5.8991032 2.0641849
v -0.0000655 0.0410589 0.0083671
vn -0.0093848 6.0931268 1.3907154
v -0.0000655 0.0424093 0.0036796
vn -0.7311508 5.8588142 2.0500870
v -0.0050992 0.0407759 0.0082681
vn -0.7311500 6.0515132 1.3812177
v -0.0050992 0.0421170 0.0036129
vn 0.7125031 6.1702528 0.6952211
v 0.0049692 0.0429435 -0.0011614
vn -0.0093846 6.2105250 0.6997584
v -0.0000655 0.0432264 -0.0011296
vn -0.7311490 6.1681099 0.6949793
v -0.0050992 0.0429285 -0.0011631
vn 0.7125034 6.1702533 -0.6952211
v 0.0049692 0.0429435 -0.0108386
vn 0.7125039 6.0536151 -1.3816978
v 0.0049692 0.0421317 -0.0156163
vn -0.0093844 6.2105246 -0.6997579
v -0.0000655 0.0432264 -0.0108704
vn -0.0093848 6.0931268 -1.3907161
v -0.0000655 0.0424093 -0.0156797
vn -0.7311490 6.1681094 -0.6949793
v -0.0050992 0.0429285 -0.0108369
vn -0.7311494 6.0515137 -1.3812176
v -0.0050992 0.0421170 -0.0156129
vn 0.7125039 5.8608503 -2.0508003
v 0.0049692 0.0407901 -0.0202731
vn -0.0093837 5.8991036 -2.0641847
v -0.0000655 0.0410589 -0.0203671
vn -0.7311506 5.8588152 -2.0500875
v -0.0050992 0.0407759 -0.0202681
vn -2.1364491 5.2935266 2.5492289
v -0.0148944 0.0368231 0.0117331
vn -2.8014486 5.0368900 2.4256382
v -0.0195242 0.0350227 0.0108661
vn 5.6177459 0.9848740 -0.0000002
v 0.0375671 0.0219308 -0.0060000
vn 4.9994211 3.7694716 -0.0000000
v 0.0347767 0.0261310 -0.0060000
vn 4.5286250 4.3204536 -0.0000000
v 0.0315189 0.0299801 -0.0060000
vn 3.9976621 4.8131571 -0.0000004
v 0.0278376 0.0334263 -0.0060000
vn 3.4137158 5.2411489 0.0000001
v 0.0237822 0.0364233 -0.0060000
vn 2.7846265 5.5988784 0.0000007
v 0.0194072 0.0389309 -0.0060000
vn 2.1187849 5.8817306 0.0000001
v 0.0147713 0.0409152 -0.0060000
vn 1.4250218 6.0860744 -0.0000001
v 0.0099370 0.0423498 -0.0060000
vn 0.7125026 6.2092953 -0.0000002
v 0.0049692 0.0432152 -0.0060000
vn -0.0093850 6.2498231 -0.0000002
v -0.0000655 0.0435000 -0.0060000
vn -0.7311487 6.2071390 0.0000001
v -0.0050992 0.0432001 -0.0060000
vn -1.4432974 6.0817890 -0.0000001
v -0.0100644 0.0423197 -0.0060000
vn -2.1364503 5.8753715 -0.0000002
v -0.0148944 0.0408706 -0.0060000
vn -2.8014498 5.5905256 0.0000002
v -0.0195242 0.0388723 -0.0060000
vn -0.0120660 5.6389060 -2.6982551
v -0.0000655 0.0391921 -0.0248739
vn -0.7208457 5.6058469 -2.6731815
v -0.0050992 0.0389219 -0.0247438
vn -1.4552687 5.4837942 -2.6264930
v -0.0100644 0.0381287 -0.0243618
vn -2.1364498 5.2935262 -2.5492282
v -0.0148944 0.0368231 -0.0237331
vn -2.8014479 5.0368900 -2.4256375
v -0.0195242 0.0350227 -0.0228661
vn 0.3133038 2.7755728 -4.5764375
v 0.0049716 0.0367419 -0.0287500
vn -0.0030325 2.8089263 -1.5355196
v 0.0000000 0.0370768 -0.0287500
vn -0.3173737 2.7754529 -4.5757422
v -0.0051015 0.0367241 -0.0287500
vn -1.6636171 2.1661828 4.6920886
v -0.0238325 0.0284025 0.0167500
vn -3.4868650 4.1883121 3.0991912
v -0.0238917 0.0284208 0.0166648
vn -3.4294722 4.4291387 2.7830129
v -0.0238917 0.0307798 0.0133402
vn -3.4294722 4.7128873 2.2696066
v -0.0238917 0.0327516 0.0097724
vn -3.4294720 4.9373703 1.7276601
v -0.0238917 0.0343117 0.0060062
vn -3.4294724 5.0997605 1.1639872
v -0.0238917 0.0354402 0.0020890
vn -3.4294727 5.1980195 0.5856765
v -0.0238917 0.0361230 -0.0019299
vn -3.4294722 5.2309098 -0.0000001
v -0.0238917 0.0363516 -0.0060000
vn -3.4294724 5.1980190 -0.5856766
v -0.0238917 0.0361230 -0.0100701
vn -3.4294717 5.0997601 -1.1639873
v -0.0238917 0.0354402 -0.0140890
vn -3.4294717 4.9373703 -1.7276595
v -0.0238917 0.0343117 -0.0180062
vn -3.4294722 4.7128868 -2.2696071
v -0.0238917 0.0327516 -0.0217724
vn -3.4330928 4.4309745 -2.7767959
v -0.0238917 0.0307798 -0.0253402
vn -3.6215429 4.0161214 -3.1728513
v -0.0238917 0.0284208 -0.0286648
vn -1.8053498 2.0120773 -4.7394805
v -0.0238325 0.0284025 -0.0287500
vn -2.1390591 1.7819407 -4.5906878
v -0.0284025 0.0238325 -0.0287500
vn -3.9956088 3.7765074 -2.9897566
v -0.0279381 0.0260681 -0.0267886
vn -4.0121403 4.0652633 -2.5543737
v -0.0279381 0.0282318 -0.0237392
vn -4.0121412 4.3256993 -2.0831485
v -0.0279381 0.0300405 -0.0204667
vn -4.0121403 4.5317397 -1.5857234
v -0.0279381 0.0314713 -0.0170123
vn -4.0121408 4.6807904 -1.0683596
v -0.0279381 0.0325064 -0.0134194
vn -4.0121403 4.7709756 -0.5375593
v -0.0279381 0.0331327 -0.0097332
vn -4.0121408 4.8011646 -0.0000003
v -0.0279381 0.0333424 -0.0060000
vn -4.0121403 4.7709761 0.5375599
v -0.0279381 0.0331327 -0.0022668
vn -4.0121408 4.6807904 1.0683589
v -0.0279381 0.0325064 0.0014194
vn -4.0121398 4.5317392 1.5857242
v -0.0279381 0.0314713 0.0050123
vn -4.0121412 4.3256998 2.0831473
v -0.0279381 0.0300405 0.0084667
vn -4.0121408 4.0652623 2.5543735
v -0.0279381 0.0282318 0.0117392
vn -3.9971991 3.7766142 2.9878745
v -0.0279381 0.0260681 0.0147886
vn -1.8476040 2.0128655 4.6904483
v -0.0238944 0.0283504 0.0167500
vn -4.5302219 3.0380230 -3.0705118
v -0.0316090 0.0211320 -0.0271320
vn -4.5511808 3.3680060 -2.6708136
v -0.0316090 0.0233651 -0.0246331
vn -4.5416298 3.6467266 -2.2913914
v -0.0316090 0.0253045 -0.0218998
vn -4.5416298 3.8803518 -1.8686793
v -0.0316090 0.0269256 -0.0189667
vn -4.5416298 4.0651784 -1.4224675
v -0.0316090 0.0282081 -0.0158704
vn -4.5416298 4.1988835 -0.9583676
v -0.0316090 0.0291358 -0.0126501
vn -4.5416288 4.2797847 -0.4822160
v -0.0316090 0.0296972 -0.0093461
vn -4.5416284 4.3068652 0.0000001
v -0.0316090 0.0298851 -0.0060000
vn -4.5416288 4.2797847 0.4822159
v -0.0316090 0.0296972 -0.0026539
vn -4.5416298 4.1988840 0.9583676
v -0.0316090 0.0291358 0.0006501
vn -4.5416293 4.0651784 1.4224671
v -0.0316090 0.0282081 0.0038704
vn -4.5416293 3.8803515 1.8686790
v -0.0316090 0.0269256 0.0069667
vn -4.5416288 3.6467268 2.2913911
v -0.0316090 0.0253045 0.0098998
vn -5.0279570 2.3243434 -2.9234345
v -0.0348552 0.0162271 -0.0263481
vn -5.0179191 2.6562917 -2.6420074
v -0.0348552 0.0184033 -0.0244033
vn -5.0107751 2.9353583 -2.3408711
v -0.0348552 0.0203481 -0.0222271
vn -5.0107746 3.1789963 -1.9974960
v -0.0348552 0.0220371 -0.0198468
vn -5.0107751 3.3826561 -1.6290013
v -0.0348552 0.0234488 -0.0172924
vn -5.0107746 3.5437768 -1.2400206
v -0.0348552 0.0245657 -0.0145959
vn -5.0107756 3.6603327 -0.8354472
v -0.0348552 0.0253737 -0.0117914
vn -5.0107751 3.7308574 -0.4203668
v -0.0348552 0.0258626 -0.0089140
vn -5.0107751 3.7544649 -0.0000001
v -0.0348552 0.0260263 -0.0060000
vn -5.0107746 3.7308571 0.4203670
v -0.0348552 0.0258626 -0.0030860
vn -5.0107751 3.6603327 0.8354471
v -0.0348552 0.0253737 -0.0002086
vn -5.0107751 3.5437770 1.2400209
v -0.0348552 0.0245657 0.0025959
vn -5.0107751 3.3826561 1.6290014
v -0.0348552 0.0234488 0.0052924
vn -5.0107756 3.1789961 1.9974957
v -0.0348552 0.0220371 0.0078468
vn -5.0107746 2.9353585 2.3408713
v -0.0348552 0.0203481 0.0102271
vn -5.1626549 -0.0101449 0.0250881
v -0.0376330 0.0116077 -0.0244735
vn -4.8624821 -0.2383959 0.2989392
v -0.0376330 0.0136031 -0.0230577
vn -5.1591930 -0.0152956 0.0152960
v -0.0376330 0.0154274 -0.0214274
vn -4.8624816 -0.2989396 0.2383962
v -0.0376330 0.0170577 -0.0196031
vn -5.1591916 -0.0183184 0.0115104
v -0.0376330 0.0184735 -0.0176077
vn -4.8624797 -0.3444939 0.1658997
v -0.0376330 0.0196570 -0.0154663
vn -5.1591916 -0.0204192 0.0071442
v -0.0376330 0.0205933 -0.0132059
vn -4.8624854 -0.3727667 0.0850817
v -0.0376330 0.0212706 -0.0108549
vn -5.1591911 -0.0214977 0.0024229
v -0.0376330 0.0216805 -0.0084428
vn -4.8624759 -0.3823645 0.0000000
v -0.0376330 0.0218176 -0.0060000
vn -5.1591916 -0.0214981 -0.0024232
v -0.0376330 0.0216805 -0.0035572
vn -4.8624849 -0.3727676 -0.0850814
v -0.0376330 0.0212706 -0.0011451
vn -5.1591916 -0.0204187 -0.0071445
v -0.0376330 0.0205933 0.0012059
vn -4.8624792 -0.3444941 -0.1658997
v -0.0376330 0.0196570 0.0034663
vn -5.1591911 -0.0183190 -0.0115110
v -0.0376330 0.0184735 0.0056077
vn -4.8624821 -0.2989392 -0.2383959
v -0.0376330 0.0170577 0.0076031
vn -5.1591921 -0.0152961 -0.0152958
v -0.0376330 0.0154274 0.0094274
vn -4.8624821 -0.2383960 -0.2989394
v -0.0376330 0.0136031 0.0110577
vn 0.0000000 0.0000000 -3.3161263
v 0.0000000 0.0350000 0.0147500
vn 1.5214210 3.6120806 -2.6351750
v -0.0150075 0.0195000 0.0058791
vn 1.5126941 -3.7179985 -2.6200652
v -0.0150250 0.0175000 0.0059093
vn 2.6351771 3.6120763 -1.5214193
v -0.0153791 0.0195000 0.0055075
vn 2.6200628 -3.7180033 -1.5126940
v -0.0154093 0.0175000 0.0055250
vn 3.0428391 3.6120791 0.0000004
v -0.0155151 0.0195000 0.0050000
vn 3.0253909 -3.7179968 0.0000011
v -0.0155500 0.0175000 0.0050000
vn 2.6351779 3.6120768 1.5214186
v -0.0153791 0.0195000 0.0044925
vn 2.6200647 -3.7180009 1.5126925
v -0.0154093 0.0175000 0.0044750
vn 1.5214180 3.6120818 2.6351757
v -0.0150075 0.0195000 0.0041209
vn 1.5126944 -3.7179995 2.6200643
v -0.0150250 0.0175000 0.0040907
vn -0.0000002 3.6120753 3.0428410
v -0.0145000 0.0195000 0.0039849
vn -0.0000003 -3.7180004 3.0253894
v -0.0145000 0.0175000 0.0039500
vn -1.5214196 3.6120811 2.6351757
v -0.0139925 0.0195000 0.0041209
vn -1.5126958 -3.7179990 2.6200638
v -0.0139750 0.0175000 0.0040907
vn -2.6351771 3.6120768 1.5214193
v -0.0136209 0.0195000 0.0044925
vn -2.6200647 -3.7180007 1.5126932
v -0.0135907 0.0175000 0.0044750
vn -3.0428395 3.6120791 -0.0000002
v -0.0134849 0.0195000 0.0050000
vn -3.0253909 -3.7179971 0.0000000
v -0.0134500 0.0175000 0.0050000
vn -2.6351781 3.6120763 -1.5214183
v -0.0136209 0.0195000 0.0055075
vn -2.6200635 -3.7180028 -1.5126933
v -0.0135907 0.0175000 0.0055250
vn -1.5214213 3.6120791 -2.6351752
v -0.0139925 0.0195000 0.0058791
vn -1.5126942 -3.7179973 -2.6200657
v -0.0139750 0.0175000 0.0059093
vn -0.0000009 3.6120794 -3.0428395
v -0.0145000 0.0195000 0.0060151
vn -0.0000007 -3.7179997 -3.0253892
v -0.0145000 0.0175000 0.0060500
vn 1.5214210 3.6120806 -2.6351750
v 0.0118925 0.0195000 0.0058791
vn 1.5126951 -3.7179995 -2.6200640
v 0.0118750 0.0175000 0.0059093
vn 2.6351774 3.6120772 -1.5214190
v 0.0115209 0.0195000 0.0055075
vn 2.6200638 -3.7179995 -1.5126951
v 0.0114907 0.0175000 0.0055250
vn 3.0428391 3.6120796 0.0000001
v 0.0113849 0.0195000 0.0050000
vn 3.0253897 -3.7179997 0.0000007
v 0.0113500 0.0175000 0.0050000
vn 2.6351776 3.6120775 1.5214188
v 0.0115209 0.0195000 0.0044925
vn 2.6200657 -3.7179973 1.5126945
v 0.0114907 0.0175000 0.0044750
vn 1.5214185 3.6120822 2.6351757
v 0.0118925 0.0195000 0.0041209
vn 1.5126957 -3.7180009 2.6200631
v 0.0118750 0.0175000 0.0040907
vn -0.0000002 3.6120753 3.0428410
v 0.0124000 0.0195000 0.0039849
vn -0.0000003 -3.7180004 3.0253894
v 0.0124000 0.0175000 0.0039500
vn -1.5214196 3.6120811 2.6351757
v 0.0129075 0.0195000 0.0041209
vn -1.5126958 -3.7179990 2.6200638
v 0.0129250 0.0175000 0.0040907
vn -2.6351771 3.6120768 1.5214193
v 0.0132791 0.0195000 0.0044925
vn -2.6200643 -3.7179997 1.5126952
v 0.0133093 0.0175000 0.0044750
vn -3.0428395 3.6120784 0.0000002
v 0.0134151 0.0195000 0.0050000
vn -3.0253892 -3.7180014 0.0000005
v 0.0134500 0.0175000 0.0050000
vn -2.6351779 3.6120758 -1.5214187
v 0.0132791 0.0195000 0.0055075
vn -2.6200631 -3.7180014 -1.5126958
v 0.0133093 0.0175000 0.0055250
vn -1.5214213 3.6120791 -2.6351752
v 0.0129075 0.0195000 0.0058791
vn -1.5126942 -3.7179973 -2.6200657
v 0.0129250 0.0175000 0.0059093
vn -0.0000009 3.6120794 -3.0428395
v 0.0124000 0.0195000 0.0060151
vn -0.0000007 -3.7179997 -3.0253892
v 0.0124000 0.0175000 0.0060500
vn 1.5214185 3.6120820 -2.6351755
v -0.0150075 0.0195000 -0.0161209
vn 1.5126927 -3.7180014 -2.6200647
v -0.0150250 0.0175000 -0.0160907
vn 2.6351771 3.6120768 -1.5214193
v -0.0153791 0.0195000 -0.0164925
vn 2.6200647 -3.7180009 -1.5126932
v -0.0154093 0.0175000 -0.0164750
vn 3.0428395 3.6120791 0.0000002
v -0.0155151 0.0195000 -0.0170000
vn 3.0253911 -3.7179968 -0.0000006
v -0.0155500 0.0175000 -0.0170000
vn 2.6351783 3.6120758 1.5214181
v -0.0153791 0.0195000 -0.0175075
vn 2.6200624 -3.7180047 1.5126936
v -0.0154093 0.0175000 -0.0175250
vn 1.5214230 3.6120775 2.6351750
v -0.0150075 0.0195000 -0.0178791
vn 1.5126948 -3.7179949 2.6200666
v -0.0150250 0.0175000 -0.0179093
vn -0.0000006 3.6120825 3.0428381
v -0.0145000 0.0195000 -0.0180151
vn -0.0000007 -3.7180028 3.0253882
v -0.0145000 0.0175000 -0.0180500
vn -1.5214243 3.6120784 2.6351743
v -0.0139925 0.0195000 -0.0178791
vn -1.5126963 -3.7179959 2.6200657
v -0.0139750 0.0175000 -0.0179093
vn -2.6351771 3.6120763 1.5214195
v -0.0136209 0.0195000 -0.0175075
vn -2.6200614 -3.7180052 1.5126948
v -0.0135907 0.0175000 -0.0175250
vn -3.0428391 3.6120789 -0.0000006
v -0.0134849 0.0195000 -0.0170000
vn -3.0253911 -3.7179966 -0.0000018
v -0.0134500 0.0175000 -0.0170000
vn -2.6351779 3.6120770 -1.5214186
v -0.0136209 0.0195000 -0.0164925
vn -2.6200647 -3.7180009 -1.5126925
v -0.0135907 0.0175000 -0.0164750
vn -1.5214187 3.6120815 -2.6351757
v -0.0139925 0.0195000 -0.0161209
vn -1.5126929 -3.7180004 -2.6200652
v -0.0139750 0.0175000 -0.0160907
vn -0.0000009 3.6120760 -3.0428410
v -0.0145000 0.0195000 -0.0159849
vn -0.0000006 -3.7179964 -3.0253906
v -0.0145000 0.0175000 -0.0159500
vn 1.5214185 3.6120822 -2.6351755
v 0.0118925 0.0195000 -0.0161209
vn 1.5126939 -3.7180018 -2.6200635
v 0.0118750 0.0175000 -0.0160907
vn 2.6351776 3.6120777 -1.5214189
v 0.0115209 0.0195000 -0.0164925
vn 2.6200657 -3.7179976 -1.5126942
v 0.0114907 0.0175000 -0.0164750
vn 3.0428393 3.6120801 -0.0000002
v 0.0113849 0.0195000 -0.0170000
vn 3.0253897 -3.7179995 -0.0000010
v 0.0113500 0.0175000 -0.0170000
vn 2.6351781 3.6120763 1.5214185
v 0.0115209 0.0195000 -0.0175075
vn 2.6200633 -3.7180014 1.5126956
v 0.0114907 0.0175000 -0.0175250
vn 1.5214235 3.6120780 2.6351750
v 0.0118925 0.0195000 -0.0178791
vn 1.5126961 -3.7179961 2.6200652
v 0.0118750 0.0175000 -0.0179093
vn -0.0000006 3.6120827 3.0428381
v 0.0124000 0.0195000 -0.0180151
vn -0.0000007 -3.7180028 3.0253882
v 0.0124000 0.0175000 -0.0180500
vn -1.5214243 3.6120784 2.6351743
v 0.0129075 0.0195000 -0.0178791
vn -1.5126963 -3.7179959 2.6200657
v 0.0129250 0.0175000 -0.0179093
vn -2.6351771 3.6120763 1.5214195
v 0.0132791 0.0195000 -0.0175075
vn -2.6200609 -3.7180042 1.5126970
v 0.0133093 0.0175000 -0.0175250
vn -3.0428391 3.6120782 -0.0000002
v 0.0134151 0.0195000 -0.0170000
vn -3.0253894 -3.7180004 -0.0000013
v 0.0134500 0.0175000 -0.0170000
vn -2.6351776 3.6120763 -1.5214189
v 0.0132791 0.0195000 -0.0164925
vn -2.6200640 -3.7179992 -1.5126951
v 0.0133093 0.0175000 -0.0164750
vn -1.5214187 3.6120815 -2.6351757
v 0.0129075 0.0195000 -0.0161209
vn -1.5126929 -3.7180004 -2.6200652
v 0.0129250 0.0175000 -0.0160907
vn -0.0000009 3.6120760 -3.0428410
v 0.0124000 0.0195000 -0.0159849
vn -0.0000006 -3.7179964 -3.0253906
v 0.0124000 0.0175000 -0.0159500
vn 0.4841830 -0.7179742 -6.1043558
v 0.0156382 0.0350242 -0.0180000
vn -0.3782661 -0.6509542 -6.1915765
v 0.0188062 0.0334302 -0.0180000
vn 0.7757751 -0.0055877 -6.1858778
v 0.0155630 0.0313707 -0.0180000
vn -0.4318084 -0.6245580 -6.1899266
v 0.0218134 0.0315504 -0.0180000
vn 0.5481101 -0.3830446 -6.2347922
v 0.0154724 0.0270000 -0.0180000
vn -0.4876455 -0.5820058 -6.1899252
v 0.0246341 0.0294009 -0.0180000
vn -0.4082386 -0.5838925 -6.2065644
v 0.0272443 0.0270000 -0.0180000
vn -0.1000056 -0.7556375 -6.1891565
v 0.0050695 0.0380204 -0.0180000
vn -0.7949475 -0.6232527 -6.0743589
v 0.0091161 0.0372579 -0.0180000
vn -0.7789150 -0.0242740 -6.1849914
v 0.0092189 0.0322492 -0.0180000
vn -0.5290364 -0.4192939 -6.2340188
v 0.0093276 0.0270000 -0.0180000
vn 0.5470783 -0.3815387 -6.2349834
v -0.0114276 0.0270000 -0.0180000
vn 0.7840279 -0.0166301 -6.1837187
v -0.0113250 0.0319519 -0.0180000
vn 0.7672365 -0.5708480 -6.0958858
v -0.0112279 0.0366767 -0.0180000
vn 0.1429761 -0.7487009 -6.1891551
v -0.0072315 0.0376690 -0.0180000
vn 0.0626676 -0.7601053 -6.1890368
v -0.0031517 0.0382272 -0.0180000
vn -0.0191770 -0.7624421 -6.1890364
v 0.0009645 0.0383447 -0.0180000
vn 0.1318208 -0.7095954 6.1990194
v -0.0072122 0.0388231 -0.0160000
vn 0.5976371 -0.5874615 6.1414499
v -0.0112037 0.0378646 -0.0160000
vn 0.7788864 -0.0242811 6.1849957
v -0.0113190 0.0322414 -0.0160000
vn 0.5295170 -0.4195636 6.2339358
v -0.0114276 0.0270000 -0.0160000
vn -0.5462399 -0.3803519 6.2351370
v 0.0093276 0.0270000 -0.0160000
vn -0.7806842 -0.0091528 6.1846213
v 0.0092130 0.0325340 -0.0160000
vn -0.5533550 -0.6026690 6.1460543
v 0.0090922 0.0384263 -0.0160000
vn -0.0923713 -0.7158028 6.1990170
v 0.0050538 0.0391626 -0.0160000
vn -0.0175599 -0.7215223 6.1990194
v 0.0009607 0.0394756 -0.0160000
vn 0.0574407 -0.7194461 6.1990194
v -0.0031427 0.0393621 -0.0160000
vn 0.4551117 -0.6220114 6.0850835
v 0.0156633 0.0362479 -0.0160000
vn 0.7769675 -0.0251848 6.1854782
v 0.0155691 0.0316653 -0.0160000
vn -0.3524183 -0.6294731 6.1991005
v 0.0192900 0.0344550 -0.0160000
vn -0.4149777 -0.5901093 6.1990981
v 0.0227143 0.0323003 -0.0160000
vn -0.4731817 -0.5445513 6.1990986
v 0.0259001 0.0298066 -0.0160000
vn 0.5292510 -0.4194284 6.2340050
v 0.0154724 0.0270000 -0.0160000
vn -0.3393083 -0.9550886 6.1907148
v 0.0288141 0.0270000 -0.0160000
vn 0.4251375 -0.6243249 -6.1909509
v -0.0211295 0.0320124 -0.0180000
vn -0.5058242 -0.4050868 -6.1788454
v -0.0177176 0.0340197 -0.0180000
vn -0.7741525 -0.0267544 -6.1861777
v -0.0176535 0.0309090 -0.0180000
vn -0.5292739 -0.4194317 -6.2340021
v -0.0175724 0.0270000 -0.0180000
vn 0.3294703 -1.0297773 -6.1786351
v -0.0272443 0.0270000 -0.0180000
vn 0.4829053 -0.5891086 -6.1892848
v -0.0243164 0.0296642 -0.0180000
vn 0.4504491 -0.9650526 6.1787243
v -0.0288141 0.0270000 -0.0160000
vn -0.8086329 -0.3522501 6.1900749
v -0.0175724 0.0270000 -0.0160000
vn 0.4671370 -0.5539269 6.1982999
v -0.0254566 0.0301863 -0.0160000
vn -0.7823752 -0.0166918 6.1841607
v -0.0176597 0.0312107 -0.0160000
vn 0.3991073 -0.6047829 6.1983004
v -0.0217494 0.0329577 -0.0160000
vn -0.4276381 -0.6253482 6.0815692
v -0.0177434 0.0352764 -0.0160000
vn 0.4554663 -0.6214978 -6.0849910
v 0.0156633 0.0362479 0.0040000
vn -0.3524214 -0.6294785 -6.1990976
v 0.0192900 0.0344550 0.0040000
vn 0.7833918 -0.0167008 -6.1838984
v 0.0155691 0.0316653 0.0040000
vn -0.4149815 -0.5901147 -6.1990981
v 0.0227143 0.0323003 0.0040000
vn 0.5475453 -0.3822509 -6.2348976
v 0.0154724 0.0270000 0.0040000
vn -0.4731860 -0.5445560 -6.1990972
v 0.0259001 0.0298066 0.0040000
vn -0.4490936 -0.9572920 -6.1797800
v 0.0288141 0.0270000 0.0040000
vn -0.0923723 -0.7158093 -6.1990161
v 0.0050538 0.0391626 0.0040000
vn -0.5778683 -0.6082547 -6.1386771
v 0.0090922 0.0384263 0.0040000
vn -0.7798102 -0.0238932 -6.1847639
v 0.0092130 0.0325340 0.0040000
vn -0.5290266 -0.4192929 -6.2340198
v 0.0093276 0.0270000 0.0040000
vn 0.5466387 -0.3809170 -6.2350645
v -0.0114276 0.0270000 0.0040000
vn 0.7798986 -0.0089393 -6.1848240
v -0.0113190 0.0322414 0.0040000
vn 0.5690119 -0.5799695 -6.1499462
v -0.0112037 0.0378646 0.0040000
vn 0.1318220 -0.7096014 -6.1990161
v -0.0072122 0.0388231 0.0040000
vn 0.0574413 -0.7194527 -6.1990194
v -0.0031427 0.0393621 0.0040000
vn -0.0175599 -0.7215285 -6.1990175
v 0.0009607 0.0394756 0.0040000
vn 0.1429751 -0.7486947 6.1891565
v -0.0072315 0.0376690 0.0060000
vn 0.8055344 -0.5955616 6.0812759
v -0.0112279 0.0366767 0.0060000
vn 0.7779480 -0.0247127 6.1852307
v -0.0113250 0.0319519 0.0060000
vn 0.5295292 -0.4195620 6.2339344
v -0.0114276 0.0270000 0.0060000
vn -0.5466276 -0.3809007 6.2350669
v 0.0093276 0.0270000 0.0060000
vn -0.7846880 -0.0166397 6.1835713
v 0.0092189 0.0322492 0.0060000
vn -0.7585597 -0.5979961 6.0888147
v 0.0091161 0.0372579 0.0060000
vn -0.1000048 -0.7556315 6.1891580
v 0.0050695 0.0380204 0.0060000
vn -0.0191770 -0.7624363 6.1890383
v 0.0009645 0.0383447 0.0060000
vn 0.0626668 -0.7600990 6.1890378
v -0.0031517 0.0382272 0.0060000
vn 0.4403581 -0.6137539 6.1328979
v 0.0156382 0.0350242 0.0060000
vn 0.7759261 -0.0257376 6.1857376
v 0.0155630 0.0313707 0.0060000
vn -0.3782631 -0.6509488 6.1915779
v 0.0188062 0.0334302 0.0060000
vn -0.4318049 -0.6245528 6.1899281
v 0.0218134 0.0315504 0.0060000
vn -0.4876417 -0.5820013 6.1899281
v 0.0246341 0.0294009 0.0060000
vn 0.5292634 -0.4194268 6.2340040
v 0.0154724 0.0270000 0.0060000
vn -0.3302524 -1.0278386 6.1788974
v 0.0272443 0.0270000 0.0060000
vn 0.3991110 -0.6047885 -6.1982989
v -0.0217494 0.0329577 0.0040000
vn -0.4272774 -0.6258645 -6.0816574
v -0.0177434 0.0352764 0.0040000
vn -0.7753263 -0.0260617 -6.1858892
v -0.0176597 0.0312107 0.0040000
vn -0.5292638 -0.4194306 -6.2340031
v -0.0175724 0.0270000 0.0040000
vn 0.3390585 -0.9592270 -6.1901598
v -0.0288141 0.0270000 0.0040000
vn 0.4671411 -0.5539320 -6.1982989
v -0.0254566 0.0301863 0.0040000
vn 0.4172227 -0.6094894 6.2059193
v -0.0272443 0.0270000 0.0060000
vn -0.8086346 -0.3522382 6.1900749
v -0.0175724 0.0270000 0.0060000
vn 0.4829013 -0.5891040 6.1892853
v -0.0243164 0.0296642 0.0060000
vn -0.7738113 -0.0042488 6.1863766
v -0.0176535 0.0309090 0.0060000
vn 0.4251345 -0.6243197 6.1909533
v -0.0211295 0.0320124 0.0060000
vn -0.5559455 -0.5187051 6.1532493
v -0.0177176 0.0340197 0.0060000
vn -3.0820923 -0.5434561 -3.3161247
v 0.0347637 0.0061298 -0.0287500
vn -2.9408977 -1.0703988 -3.3161261
v 0.0331712 0.0120733 -0.0287500
vn 0.5434561 -3.0820923 -3.3161247
v -0.0061298 0.0347637 -0.0287500
vn 1.0703988 -2.9408977 -3.3161261
v -0.0120733 0.0331712 -0.0287500
vn -2.7103455 -1.5648195 -3.3161254
v 0.0305707 0.0176500 -0.0287500
vn -2.3974411 -2.0116925 -3.3161249
v 0.0270414 0.0226904 -0.0287500
vn -2.0116923 -2.3974409 -3.3161259
v 0.0226904 0.0270414 -0.0287500
vn -1.0703988 -2.9408977 -3.3161259
v 0.0120733 0.0331712 -0.0287500
vn -0.5434560 -3.0820916 -3.3161252
v 0.0061298 0.0347637 -0.0287500
vn -1.5648192 -2.7103455 -3.3161259
v 0.0176500 0.0305707 -0.0287500
vn 0.0000000 0.0000000 -3.3161266
v 0.0000000 0.0353000 -0.0287500
vn 0.0000000 0.0000000 -3.0053306
v 0.0000000 0.0370768 -0.0287500
vn 2.0116925 -2.3974411 -3.3161249
v -0.0226904 0.0270414 -0.0287500
vn 1.5648195 -2.7103455 -3.3161256
v -0.0176500 0.0305707 -0.0287500
vn 2.3974409 -2.0116923 -3.3161249
v -0.0270414 0.0226904 -0.0287500
vn 2.7103455 -1.5648192 -3.3161256
v -0.0305707 0.0176500 -0.0287500
vn 2.9408977 -1.0703988 -3.3161263
v -0.0331712 0.0120733 -0.0287500
vn 3.0820916 -0.5434560 -3.3161249
v -0.0347637 0.0061298 -0.0287500
vn -0.5434561 -3.0820923 3.3161247
v 0.0061298 0.0347637 0.0167500
vn -1.0703988 -2.9408977 3.3161259
v 0.0120733 0.0331712 0.0167500
vn -3.0820916 -0.5434560 3.3161249
v 0.0347637 0.0061298 0.0167500
vn -2.9408977 -1.0703988 3.3161261
v 0.0331712 0.0120733 0.0167500
vn 3.0820923 -0.5434561 3.3161247
v -0.0347637 0.0061298 0.0167500
vn 1.0703988 -2.9408977 3.3161259
v -0.0120733 0.0331712 0.0167500
vn 0.5434560 -3.0820916 3.3161249
v -0.0061298 0.0347637 0.0167500
vn 2.9408977 -1.0703988 3.3161268
v -0.0331712 0.0120733 0.0167500
vn 2.7103455 -1.5648195 3.3161256
v -0.0305707 0.0176500 0.0167500
vn 2.3974411 -2.0116925 3.3161249
v -0.0270414 0.0226904 0.0167500
vn 2.0116923 -2.3974409 3.3161261
v -0.0226904 0.0270414 0.0167500
vn 1.5648192 -2.7103455 3.3161254
v -0.0176500 0.0305707 0.0167500
vn 0.0000000 0.0000000 3.3161263
v 0.0000000 0.0353000 0.0167500
vn -2.7103455 -1.5648192 3.3161254
v 0.0305707 0.0176500 0.0167500
vn -2.3974409 -2.0116923 3.3161252
v 0.0270414 0.0226904 0.0167500
vn -2.0116925 -2.3974411 3.3161254
v 0.0226904 0.0270414 0.0167500
vn -1.5648195 -2.7103455 3.3161259
v 0.0176500 0.0305707 0.0167500
vn -3.6023173 -0.7366333 -5.0698142
v -0.0162519 0.0359550 0.0027875
vn -2.6700406 -0.6899621 -5.6293602
v -0.0159415 0.0362139 0.0025685
vn -1.5201757 -2.6726756 -2.6360779
v -0.0157500 0.0175000 0.0028349
vn -5.3779612 -0.4720842 3.1728177
v -0.0168601 0.0258865 0.0061972
vn -5.5818977 -0.5316312 2.7893791
v -0.0169740 0.0254699 0.0059188
vn -2.6359754 -2.6785533 1.5216961
v -0.0166651 0.0175000 0.0062500
vn -5.7596579 -0.6723948 2.3536820
v -0.0169883 0.0254245 0.0058770
vn -5.9544582 -0.7576098 1.7777739
v -0.0170794 0.0251569 0.0055318
vn -4.4949841 -0.7557210 4.2909670
v -0.0164976 0.0340437 0.0069460
vn -4.7550135 -0.7551739 3.9536839
v -0.0168684 0.0340371 0.0064722
vn -4.6224585 -0.0973352 4.2276940
v -0.0168091 0.0309265 0.0064645
vn -4.4697051 -0.2218868 4.4065151
v -0.0167344 0.0270175 0.0064545
vn -1.5225910 -2.6789227 2.6357183
v -0.0157500 0.0175000 0.0071651
vn -3.7233086 -0.7384799 4.9817591
v -0.0162139 0.0340959 0.0072011
vn -4.7619405 -0.2466423 4.0908413
v -0.0167541 0.0265196 0.0064075
vn -4.9224811 -0.3545884 3.8828824
v -0.0167652 0.0264179 0.0063861
vn -5.2322359 -0.3479009 3.4279470
v -0.0168484 0.0259376 0.0062219
vn -0.4239450 -0.6741334 6.2139421
v -0.0147284 0.0346910 0.0077907
vn -1.4868264 -0.6754087 6.0471287
v -0.0153162 0.0344066 0.0076733
vn 0.0007720 -2.6784806 3.0438929
v -0.0145000 0.0175000 0.0075000
vn -2.3771467 -0.7210034 5.7523608
v -0.0157188 0.0342455 0.0075122
vn -3.0724988 -0.7058814 5.4143767
v -0.0158937 0.0341857 0.0074184
vn 2.4322929 -0.5285049 5.7585154
v -0.0136717 0.0353292 0.0076864
vn 1.7047009 -0.6552601 5.9952579
v -0.0137460 0.0352790 0.0077073
vn 1.5224636 -2.6762462 2.6354043
v -0.0132500 0.0175000 0.0071651
vn 0.9331395 -0.6002337 6.1725030
v -0.0143591 0.0348959 0.0078001
vn 0.2281110 -0.6408461 6.2276616
v -0.0144990 0.0348160 0.0078023
vn 3.3896654 -0.6716796 5.2291813
v -0.0130868 0.0357561 0.0074388
vn 4.4841065 -0.1477036 4.3925223
v -0.0122656 0.0270175 0.0064545
vn 4.3490109 -0.1007758 4.5333500
v -0.0121710 0.0319693 0.0064671
vn 4.6763172 -0.4738867 4.0704913
v -0.0120811 0.0366942 0.0064786
vn 4.9314752 -0.5461154 3.8308690
v -0.0123150 0.0364386 0.0067995
vn 4.1708326 -0.5932259 4.6453891
v -0.0127784 0.0360083 0.0072373
vn 6.0005965 -0.8351134 1.5623171
v -0.0119050 0.0251141 0.0054451
vn 5.8181968 -0.7365893 2.1739814
v -0.0119860 0.0253454 0.0057957
vn 2.6357889 -2.6754158 1.5208325
v -0.0123349 0.0175000 0.0062500
vn 5.6549063 -0.6175773 2.6107798
v -0.0119995 0.0253865 0.0058393
vn 5.4264584 -0.5164499 3.0741997
v -0.0121124 0.0257743 0.0061369
vn 5.2831917 -0.4105093 3.3373768
v -0.0121276 0.0258350 0.0061706
vn 4.9480400 -0.3799567 3.8457582
v -0.0122208 0.0263122 0.0063594
vn 4.7794204 -0.2699056 4.0683842
v -0.0122405 0.0264676 0.0063971
vn 5.3779593 -0.4720820 -3.1728208
v -0.0121399 0.0258865 0.0038028
vn 5.5819087 -0.5316453 -2.7893574
v -0.0120260 0.0254699 0.0040812
vn 2.6359761 -2.6785526 -1.5216951
v -0.0123349 0.0175000 0.0037500
vn 5.7596774 -0.6724066 -2.3536234
v -0.0120117 0.0254245 0.0041230
vn 5.9544582 -0.7576070 -1.7777739
v -0.0119206 0.0251569 0.0044682
vn 6.0955596 -0.8909404 -1.1013134
v -0.0119011 0.0251034 0.0045795
vn 6.1720357 -0.9076155 -0.4336190
v -0.0118692 0.0250184 0.0049542
vn 3.0431857 -2.6735051 0.0014829
v -0.0120000 0.0175000 0.0050000
vn 6.1770940 -0.9248085 0.2843816
v -0.0118688 0.0250175 0.0050000
vn 6.1146951 -0.9340824 0.9380254
v -0.0118941 0.0250847 0.0053726
vn 4.3553591 -0.1059084 -4.5271835
v -0.0121655 0.0322588 0.0035322
vn 3.3426266 -0.3739771 -5.3014784
v -0.0130752 0.0377454 0.0025278
vn 3.7512000 -0.6495237 -4.9865446
v -0.0127974 0.0378179 0.0027087
vn 4.4563293 -0.6273488 -4.3665071
v -0.0125113 0.0378707 0.0029507
vn 5.0300202 -0.5869255 -3.7012916
v -0.0121315 0.0378891 0.0034043
vn 4.9725847 -0.5273348 -3.7174211
v -0.0120585 0.0378820 0.0035186
vn 4.4910975 -0.1404658 -4.3848023
v -0.0122656 0.0270175 0.0035455
vn 4.7619481 -0.2466519 -4.0908318
v -0.0122459 0.0265196 0.0035925
vn 1.5200510 -2.6744740 -2.6364641
v -0.0132500 0.0175000 0.0028349
vn 4.9225149 -0.3546051 -3.8828359
v -0.0122348 0.0264179 0.0036139
vn 5.2322359 -0.3479008 -3.4279470
v -0.0121516 0.0259376 0.0037781
vn 2.6927006 -0.6001637 -5.6324620
v -0.0133104 0.0376708 0.0024079
vn 1.8725139 -0.6441804 -5.9481020
v -0.0137057 0.0375225 0.0022634
vn -0.0004129 -2.6708727 -3.0427184
v -0.0145000 0.0175000 0.0025000
vn -1.7783720 -0.7101630 -5.9655881
v -0.0153663 0.0366320 0.0023017
vn -1.1153262 -0.6170200 -6.1402483
v -0.0152757 0.0366918 0.0022732
vn -0.2536747 -0.6447185 -6.2296038
v -0.0146653 0.0370597 0.0021634
vn 0.2966673 -0.5021394 -6.2493677
v -0.0145010 0.0371488 0.0021570
vn 0.8406345 -0.6012715 -6.1863103
v -0.0143022 0.0372512 0.0021621
vn -4.5115366 -0.1203695 -4.3613586
v -0.0168149 0.0312281 0.0035348
vn -5.0252700 -0.6115873 -3.6822283
v -0.0168923 0.0352938 0.0035248
vn -4.4600825 -0.7254246 -4.3391910
v -0.0166989 0.0355197 0.0032431
vn -4.2735109 -0.1403401 -4.6031618
v -0.0167344 0.0270175 0.0035455
vn -6.0955601 -0.8909407 1.1013136
v -0.0170989 0.0251034 0.0054205
vn -6.1720414 -0.9076224 0.4335600
v -0.0171308 0.0250184 0.0050458
vn -3.0431948 -2.6735034 -0.0014829
v -0.0170000 0.0175000 0.0050000
vn -6.1770868 -0.9248165 -0.2844458
v -0.0171312 0.0250175 0.0050000
vn -2.6357899 -2.6754165 -1.5208335
v -0.0166651 0.0175000 0.0037500
vn -6.1146936 -0.9340919 -0.9380224
v -0.0171059 0.0250847 0.0046274
vn -6.0005999 -0.8351203 -1.5622978
v -0.0170950 0.0251141 0.0045549
vn -5.8181686 -0.7365727 -2.1740820
v -0.0170140 0.0253454 0.0042043
vn -5.6548805 -0.6175526 -2.6108322
v -0.0170005 0.0253865 0.0041607
vn -5.4264355 -0.5164396 -3.0742533
v -0.0168876 0.0257743 0.0038631
vn -5.2831821 -0.4104905 -3.3373928
v -0.0168724 0.0258350 0.0038294
vn -4.9480252 -0.3799469 -3.8457806
v -0.0167792 0.0263122 0.0036406
vn -4.7439480 -0.3382023 -4.1010494
v -0.0167595 0.0264676 0.0036029
vn 4.0369568 -0.9143496 4.6848817
v 0.0143357 0.0350215 0.0070312
vn 3.2450588 -0.9396322 5.2617574
v 0.0138674 0.0350923 0.0073930
vn 1.5194958 -2.6718171 2.6362765
v 0.0136500 0.0175000 0.0071651
vn -2.5880935 -0.7222740 5.6568232
v 0.0114177 0.0361413 0.0076491
vn -3.3446939 -0.8035082 5.2417679
v 0.0109842 0.0364231 0.0074507
vn -1.5199053 -2.6743050 2.6365151
v 0.0111500 0.0175000 0.0071651
vn -4.9225149 -0.3546052 3.8828359
v 0.0101348 0.0264179 0.0063861
vn -2.6359758 -2.6785526 1.5216951
v 0.0102349 0.0175000 0.0062500
vn -5.7596769 -0.6724066 2.3536241
v 0.0099117 0.0254245 0.0058770
vn -5.9544582 -0.7576070 1.7777739
v 0.0098206 0.0251569 0.0055318
vn -5.5819101 -0.5316428 2.7893577
v 0.0099260 0.0254699 0.0059188
vn -5.2322359 -0.3479009 3.4279470
v 0.0100516 0.0259376 0.0062219
vn -5.3779607 -0.4720824 3.1728191
v 0.0100399 0.0258865 0.0061972
vn -3.8399787 -0.8498399 4.8840728
v 0.0108472 0.0365197 0.0073683
vn -4.4330635 -0.7535880 4.3670168
v 0.0105602 0.0367363 0.0071580
vn -4.3531585 -0.1082990 4.5292559
v 0.0100653 0.0322667 0.0064678
vn -5.1166506 -0.6998854 3.5438275
v 0.0101201 0.0371210 0.0066976
vn -4.7157526 -0.5094665 3.9951086
v 0.0099700 0.0372753 0.0064799
vn -4.4916954 -0.1405312 4.3842344
v 0.0101656 0.0270175 0.0064545
vn -4.7619481 -0.2466519 4.0908318
v 0.0101459 0.0265196 0.0064075
vn 0.0009203 -2.6697478 3.0425196
v 0.0124000 0.0175000 0.0075000
vn 2.3690674 -0.9208350 5.7162275
v 0.0136327 0.0351495 0.0075230
vn 1.3855793 -0.9008552 6.0303392
v 0.0130694 0.0353308 0.0077304
vn 0.5425234 -0.8477094 6.1720510
v 0.0128213 0.0354273 0.0077812
vn -0.4629785 -0.8418345 6.1847200
v 0.0124118 0.0356065 0.0078160
vn -1.6090263 -0.8352410 5.9899082
v 0.0117914 0.0359234 0.0077552
vn 4.6428757 -0.0860971 4.2049866
v 0.0147179 0.0313882 0.0064656
vn 4.7540622 -0.9221987 3.8872728
v 0.0147875 0.0350417 0.0064746
vn 4.6361389 -0.9123592 4.0929060
v 0.0144265 0.0350165 0.0069406
vn 4.5918837 -0.1676693 4.2846451
v 0.0146344 0.0270175 0.0064545
vn 6.0005965 -0.8351134 1.5623171
v 0.0149950 0.0251141 0.0054451
vn 5.8181968 -0.7365893 2.1739814
v 0.0149140 0.0253454 0.0057957
vn 2.6357889 -2.6754158 1.5208325
v 0.0145651 0.0175000 0.0062500
vn 5.6549063 -0.6175773 2.6107798
v 0.0149005 0.0253865 0.0058393
vn 5.4264584 -0.5164499 3.0741997
v 0.0147876 0.0257743 0.0061369
vn 5.2831917 -0.4105093 3.3373768
v 0.0147724 0.0258350 0.0061706
vn 4.9480400 -0.3799567 3.8457582
v 0.0146792 0.0263122 0.0063594
vn 4.7794204 -0.2699056 4.0683842
v 0.0146595 0.0264676 0.0063971
vn 5.3779593 -0.4720820 -3.1728206
v 0.0147601 0.0258865 0.0038028
vn 5.5819092 -0.5316453 -2.7893577
v 0.0148740 0.0254699 0.0040812
vn 2.6359761 -2.6785526 -1.5216951
v 0.0145651 0.0175000 0.0037500
vn 5.7596774 -0.6724066 -2.3536236
v 0.0148883 0.0254245 0.0041230
vn 5.9544582 -0.7576070 -1.7777739
v 0.0149794 0.0251569 0.0044682
vn 6.0955596 -0.8909404 -1.1013134
v 0.0149989 0.0251034 0.0045795
vn 6.1720357 -0.9076155 -0.4336190
v 0.0150308 0.0250184 0.0049542
vn 3.0431857 -2.6735051 0.0014829
v 0.0149000 0.0175000 0.0050000
vn 6.1770940 -0.9248085 0.2843816
v 0.0150312 0.0250175 0.0050000
vn 6.1146951 -0.9340824 0.9380254
v 0.0150059 0.0250847 0.0053726
vn 4.3559828 -0.0991454 -4.5267324
v 0.0147235 0.0316827 0.0035336
vn 2.8967521 -0.6928356 -5.5113335
v 0.0138214 0.0371156 0.0025386
vn 3.2813523 -0.8373876 -5.2784548
v 0.0139855 0.0369996 0.0026433
vn 4.1516209 -0.6978991 -4.6436930
v 0.0144677 0.0366110 0.0030625
vn 4.7913299 -0.6751711 -3.9791999
v 0.0147035 0.0363828 0.0033567
vn 5.0731268 -0.6052411 -3.6106491
v 0.0148108 0.0362654 0.0035225
vn 4.4915886 -0.1405455 -4.3843355
v 0.0146344 0.0270175 0.0035455
vn 4.7619481 -0.2466519 -4.0908318
v 0.0146541 0.0265196 0.0035925
vn 1.5216582 -2.6766992 -2.6359906
v 0.0136500 0.0175000 0.0028349
vn 4.9225149 -0.3546052 -3.8828359
v 0.0146652 0.0264179 0.0036139
vn 5.2322359 -0.3479009 -3.4279470
v 0.0147484 0.0259376 0.0037781
vn 2.2788372 -0.6134959 -5.8101053
v 0.0136982 0.0371986 0.0024698
vn 0.0011597 -2.6784561 -3.0438874
v 0.0124000 0.0175000 0.0025000
vn 1.3975430 -0.6499590 -6.0738792
v 0.0131094 0.0375533 0.0022397
vn 0.5158531 -0.6092221 -6.2189951
v 0.0127413 0.0377451 0.0021671
vn -2.3585348 -0.5829879 -5.7812223
v 0.0114593 0.0382575 0.0022967
vn -1.5844774 -0.6164160 -6.0367727
v 0.0117145 0.0381749 0.0022225
vn -1.5233854 -2.6776967 -2.6351142
v 0.0111500 0.0175000 0.0028349
vn -0.9235419 -0.6161530 -6.1728153
v 0.0121210 0.0380230 0.0021554
vn -0.1450980 -0.5516764 -6.2483149
v 0.0124025 0.0379037 0.0021439
vn -3.2117219 -0.6632903 -5.3444452
v 0.0109122 0.0383970 0.0025519
vn -4.4959359 -0.1484019 -4.3811555
v 0.0101656 0.0270175 0.0035455
vn -4.3857322 -0.0898291 -4.4975953
v 0.0100599 0.0325515 0.0035315
vn -4.8737683 -0.5523845 -3.8730135
v 0.0099478 0.0384438 0.0035173
vn -4.6579671 -0.6275209 -4.1455522
v 0.0102350 0.0384713 0.0031219
vn -3.9218431 -0.6734904 -4.8484316
v 0.0106738 0.0384384 0.0027128
vn -6.0955601 -0.8909407 1.1013136
v 0.0098011 0.0251034 0.0054205
vn -6.1720366 -0.9076162 0.4336188
v 0.0097692 0.0250184 0.0050458
vn -3.0431857 -2.6735051 -0.0014829
v 0.0099000 0.0175000 0.0050000
vn -6.1770935 -0.9248091 -0.2843885
v 0.0097688 0.0250175 0.0050000
vn -2.6357889 -2.6754158 -1.5208325
v 0.0102349 0.0175000 0.0037500
vn -6.1146975 -0.9340923 -0.9379901
v 0.0097941 0.0250847 0.0046274
vn -6.0006065 -0.8351226 -1.5622783
v 0.0098050 0.0251141 0.0045549
vn -5.8181810 -0.7365781 -2.1740365
v 0.0098860 0.0253454 0.0042043
vn -5.6548939 -0.6175637 -2.6108053
v 0.0098995 0.0253865 0.0041607
vn -5.4264622 -0.5164497 -3.0741949
v 0.0100124 0.0257743 0.0038631
vn -5.2831936 -0.4105071 -3.3373740
v 0.0100276 0.0258350 0.0038294
vn -4.9480224 -0.3799465 -3.8457837
v 0.0101208 0.0263122 0.0036406
vn -4.7794271 -0.2699021 -4.0683765
v 0.0101405 0.0264676 0.0036029
vn -3.4393051 -0.7585591 -5.1772819
v -0.0160109 0.0341497 -0.0193462
vn -2.9487700 -0.7657445 -5.4692035
v -0.0158952 0.0341852 -0.0194175
vn -1.5206147 -2.6736815 -2.6359656
v -0.0157500 0.0175000 -0.0191651
vn 2.3814063 -0.6204581 -5.7659855
v -0.0136353 0.0353541 -0.0196754
vn 3.5018756 -0.7163433 -5.1522298
v -0.0130528 0.0357829 -0.0194193
vn 1.5200962 -2.6746957 -2.6364493
v -0.0132500 0.0175000 -0.0191651
vn 4.9225383 -0.3546209 -3.8828011
v -0.0122348 0.0264179 -0.0183861
vn 2.6359763 -2.6785526 -1.5216949
v -0.0123349 0.0175000 -0.0182500
vn 5.7596827 -0.6724166 -2.3536031
v -0.0120117 0.0254245 -0.0178770
vn 5.9544573 -0.7576085 -1.7777745
v -0.0119206 0.0251569 -0.0175318
vn 5.5819149 -0.5316504 -2.7893434
v -0.0120260 0.0254699 -0.0179188
vn 5.2322273 -0.3478881 -3.4279609
v -0.0121516 0.0259376 -0.0182219
vn 5.3779416 -0.4720671 -3.1728599
v -0.0121399 0.0258865 -0.0181972
vn 4.9966440 -0.5975910 -3.7408838
v -0.0122934 0.0364609 -0.0187735
vn 4.6832547 -0.4687654 -4.0598836
v -0.0120811 0.0366942 -0.0184786
vn 4.3670597 -0.1090905 -4.5155554
v -0.0121710 0.0319693 -0.0184671
vn 4.2559729 -0.6416240 -4.5639729
v -0.0127488 0.0360337 -0.0192149
vn 4.5010724 -0.1420423 -4.3752723
v -0.0122656 0.0270175 -0.0184545
vn 4.7619519 -0.2466606 -4.0908265
v -0.0122459 0.0265196 -0.0184075
vn 0.0000023 -2.6717553 -3.0428307
v -0.0145000 0.0175000 -0.0195000
vn -2.4654531 -0.7655062 -5.7103524
v -0.0157984 0.0342174 -0.0194715
vn -1.5804484 -0.7619693 -6.0124588
v -0.0152472 0.0344371 -0.0196939
vn -0.7940214 -0.7027686 -6.1744294
v -0.0150166 0.0345448 -0.0197494
vn -0.1229527 -0.6709716 -6.2266660
v -0.0146491 0.0347333 -0.0197968
vn 0.4841737 -0.6200961 -6.2233758
v -0.0144979 0.0348166 -0.0198023
vn 1.3762314 -0.6863541 -6.0767851
v -0.0140276 0.0350963 -0.0197671
vn -4.6390562 -0.0840221 -4.2095118
v -0.0168091 0.0309265 -0.0184645
vn -4.7729478 -0.7795581 -3.9297075
v -0.0168684 0.0340371 -0.0184722
vn -4.6491032 -0.7750787 -4.1227407
v -0.0165138 0.0340417 -0.0189292
vn -4.4315882 -0.1667757 -4.4471021
v -0.0167344 0.0270175 -0.0184545
vn -4.1127262 -0.7672775 -4.6605511
v -0.0164637 0.0340483 -0.0189803
vn -6.0005984 -0.8351200 -1.5623026
v -0.0170950 0.0251141 -0.0174451
vn -5.8181634 -0.7365668 -2.1740999
v -0.0170140 0.0253454 -0.0177957
vn -2.6357872 -2.6754162 -1.5208329
v -0.0166651 0.0175000 -0.0182500
vn -5.6548734 -0.6175503 -2.6108460
v -0.0170005 0.0253865 -0.0178393
vn -5.4264221 -0.5164348 -3.0742848
v -0.0168876 0.0257743 -0.0181369
vn -5.2831721 -0.4104855 -3.3374064
v -0.0168724 0.0258350 -0.0181706
vn -4.9480243 -0.3799482 -3.8457818
v -0.0167792 0.0263122 -0.0183594
vn -4.7439489 -0.3382013 -4.1010494
v -0.0167595 0.0264676 -0.0183971
vn -5.3779788 -0.4720990 3.1727781
v -0.0168601 0.0258865 -0.0158028
vn -5.5818911 -0.5316259 2.7893929
v -0.0169740 0.0254699 -0.0160812
vn -2.6359768 -2.6785533 1.5216966
v -0.0166651 0.0175000 -0.0157500
vn -5.7596526 -0.6723848 2.3537028
v -0.0169883 0.0254245 -0.0161230
vn -5.9544587 -0.7576083 1.7777731
v -0.0170794 0.0251569 -0.0164682
vn -6.0955596 -0.8909394 1.1013126
v -0.0170989 0.0251034 -0.0165795
vn -6.1720409 -0.9076223 0.4335600
v -0.0171308 0.0250184 -0.0169542
vn -3.0431948 -2.6735034 -0.0014823
v -0.0170000 0.0175000 -0.0170000
vn -6.1770864 -0.9248165 -0.2844443
v -0.0171312 0.0250175 -0.0170000
vn -6.1146917 -0.9340891 -0.9380286
v -0.0171059 0.0250847 -0.0173726
vn -4.5055170 -0.1110772 4.3688731
v -0.0168149 0.0312281 -0.0155348
vn -4.3119869 -0.1955486 4.5621939
v -0.0167344 0.0270175 -0.0155455
vn -1.5244756 -2.6816044 2.6351588
v -0.0157500 0.0175000 -0.0148349
vn -3.1373904 -0.6501930 5.3815455
v -0.0160095 0.0361595 -0.0146113
vn -3.7664998 -0.6841274 4.9573908
v -0.0162932 0.0359184 -0.0148216
vn -4.5744152 -0.6461236 4.2341757
v -0.0167301 0.0354854 -0.0152839
vn -5.0393667 -0.5519508 3.6778011
v -0.0168923 0.0352938 -0.0155248
vn -4.7619405 -0.2466423 4.0908413
v -0.0167541 0.0265196 -0.0155925
vn -4.9224801 -0.3545867 3.8828838
v -0.0167652 0.0264179 -0.0156139
vn -5.2322412 -0.3479121 3.4279399
v -0.0168484 0.0259376 -0.0157781
vn -0.1016934 -0.6351637 6.2345257
v -0.0145245 0.0371363 -0.0141574
vn -0.9426037 -0.5757927 6.1721268
v -0.0151431 0.0367769 -0.0142374
vn 0.0011645 -2.6836338 3.0446928
v -0.0145000 0.0175000 -0.0145000
vn -1.7776824 -0.6540221 5.9750175
v -0.0154404 0.0365819 -0.0143276
vn -2.6296458 -0.5981464 5.6612539
v -0.0159141 0.0362355 -0.0145521
vn 1.5239160 -2.6785378 2.6349661
v -0.0132500 0.0175000 -0.0148349
vn 3.5428672 -0.6072764 5.1400356
v -0.0130081 0.0377646 -0.0145673
vn 2.8467925 -0.5805955 5.5588622
v -0.0132351 0.0376959 -0.0144432
vn 2.0933545 -0.6025479 5.8779883
v -0.0135678 0.0375773 -0.0143063
vn 1.1719846 -0.5864648 6.1325927
v -0.0141623 0.0373196 -0.0141742
vn 0.4157177 -0.5918378 6.2270975
v -0.0145003 0.0371492 -0.0141570
vn 4.3871322 -0.0896011 4.4961224
v -0.0121655 0.0322588 -0.0155322
vn 4.8447008 -0.5481590 3.9184785
v -0.0120585 0.0378820 -0.0155186
vn 4.7214918 -0.5982884 4.0863419
v -0.0124150 0.0378821 -0.0150485
vn 4.4981380 -0.1493713 4.3790522
v -0.0122656 0.0270175 -0.0155455
vn 4.1591773 -0.6482042 4.6516657
v -0.0125365 0.0378672 -0.0149267
vn 6.0955596 -0.8909411 -1.1013141
v -0.0119011 0.0251034 -0.0174205
vn 6.1720362 -0.9076154 -0.4336190
v -0.0118692 0.0250184 -0.0170458
vn 3.0431855 -2.6735053 0.0014834
v -0.0120000 0.0175000 -0.0170000
vn 6.1770935 -0.9248084 0.2843835
v -0.0118688 0.0250175 -0.0170000
vn 2.6357875 -2.6754162 1.5208328
v -0.0123349 0.0175000 -0.0157500
vn 6.1146955 -0.9340875 0.9380119
v -0.0118941 0.0250847 -0.0166274
vn 6.0006003 -0.8351146 1.5623049
v -0.0119050 0.0251141 -0.0165549
vn 5.8182020 -0.7365938 2.1739628
v -0.0119860 0.0253454 -0.0162043
vn 5.6549149 -0.6175795 2.6107645
v -0.0119995 0.0253865 -0.0161607
vn 5.4264703 -0.5164571 3.0741713
v -0.0121124 0.0257743 -0.0158631
vn 5.2831988 -0.4105163 3.3373666
v -0.0121276 0.0258350 -0.0158294
vn 4.9480395 -0.3799531 3.8457584
v -0.0122208 0.0263122 -0.0156406
vn 4.7794232 -0.2699057 4.0683808
v -0.0122405 0.0264676 -0.0156029
vn -4.9225140 -0.3546035 3.8828378
v 0.0101348 0.0264179 -0.0156139
vn -2.6359773 -2.6785526 1.5216956
v 0.0102349 0.0175000 -0.0157500
vn -1.5200288 -2.6744268 2.6364655
v 0.0111500 0.0175000 -0.0148349
vn 5.3779416 -0.4720671 -3.1728599
v 0.0147601 0.0258865 -0.0181972
vn 5.5819154 -0.5316504 -2.7893431
v 0.0148740 0.0254699 -0.0179188
vn 2.6359761 -2.6785522 -1.5216949
v 0.0145651 0.0175000 -0.0182500
vn 5.7596836 -0.6724166 -2.3536029
v 0.0148883 0.0254245 -0.0178770
vn 5.9544573 -0.7576085 -1.7777745
v 0.0149794 0.0251569 -0.0175318
vn 4.6124768 -0.9037035 -4.1226025
v 0.0144609 0.0350156 -0.0189039
vn 4.7613201 -0.9006798 -3.8735521
v 0.0147875 0.0350417 -0.0184746
vn 4.6570563 -0.1076498 -4.1850915
v 0.0147179 0.0313882 -0.0184656
vn 4.6004639 -0.1590745 -4.2754164
v 0.0146344 0.0270175 -0.0184545
vn 1.5212536 -2.6766849 -2.6361268
v 0.0136500 0.0175000 -0.0191651
vn 3.8678546 -0.8948720 -4.8305907
v 0.0142120 0.0350335 -0.0191426
vn 4.7619519 -0.2466606 -4.0908265
v 0.0146541 0.0265196 -0.0184075
vn 4.9225383 -0.3546209 -3.8828011
v 0.0146652 0.0264179 -0.0183861
vn 5.2322273 -0.3478882 -3.4279609
v 0.0147484 0.0259376 -0.0182219
vn 0.7078493 -0.8227932 -6.1607928
v 0.0127853 0.0354421 -0.0197867
vn 1.8021548 -0.8476734 -5.9312534
v 0.0133680 0.0352276 -0.0196374
vn 0.0035643 -2.6811221 -3.0442705
v 0.0124000 0.0175000 -0.0195000
vn 2.5805492 -0.8876679 -5.6248970
v 0.0137225 0.0351262 -0.0194767
vn 3.1738658 -0.8822087 -5.3125782
v 0.0138030 0.0351068 -0.0194316
vn -2.8951595 -0.7381239 -5.5011210
v 0.0111243 0.0363283 -0.0195247
vn -2.1195495 -0.6937582 -5.8547082
v 0.0117184 0.0359643 -0.0197388
vn -1.5253878 -2.6807010 -2.6345503
v 0.0111500 0.0175000 -0.0191651
vn -1.3298384 -0.7926822 -6.0634604
v 0.0118321 0.0359009 -0.0197634
vn -0.3742015 -0.7519058 -6.2035022
v 0.0124468 0.0355903 -0.0198154
vn -3.5248251 -0.7921090 -5.1226254
v 0.0109846 0.0364228 -0.0194510
vn -4.4835153 -0.1469268 -4.3930597
v 0.0101656 0.0270175 -0.0184545
vn -4.3506756 -0.0996393 -4.5318174
v 0.0100653 0.0322667 -0.0184678
vn -4.6491904 -0.5401438 -4.0950966
v 0.0099700 0.0372753 -0.0184799
vn -4.7929955 -0.6636001 -3.9754198
v 0.0103072 0.0369477 -0.0189191
vn -4.0453086 -0.7540936 -4.7328172
v 0.0107932 0.0365589 -0.0193328
vn -6.0006056 -0.8351223 -1.5622833
v 0.0098050 0.0251141 -0.0174451
vn -5.8181767 -0.7365721 -2.1740546
v 0.0098860 0.0253454 -0.0177957
vn -2.6357877 -2.6754155 -1.5208319
v 0.0102349 0.0175000 -0.0182500
vn -5.6548872 -0.6175613 -2.6108186
v 0.0098995 0.0253865 -0.0178393
vn -5.4264469 -0.5164447 -3.0742259
v 0.0100124 0.0257743 -0.0181369
vn -5.2831836 -0.4105021 -3.3373873
v 0.0100276 0.0258350 -0.0181706
vn -4.9480209 -0.3799479 -3.8457849
v 0.0101208 0.0263122 -0.0183594
vn -4.7794271 -0.2699021 -4.0683765
v 0.0101405 0.0264676 -0.0183971
vn -5.7596717 -0.6723965 2.3536446
v 0.0099117 0.0254245 -0.0161230
vn -5.9544592 -0.7576056 1.7777736
v 0.0098206 0.0251569 -0.0164682
vn -5.5819020 -0.5316373 2.7893713
v 0.0099260 0.0254699 -0.0160812
vn -5.2322412 -0.3479121 3.4279399
v 0.0100516 0.0259376 -0.0157781
vn -5.3779788 -0.4720973 3.1727798
v 0.0100399 0.0258865 -0.0158028
vn -6.0955596 -0.8909394 1.1013126
v 0.0098011 0.0251034 -0.0165795
vn -6.1720352 -0.9076155 0.4336188
v 0.0097692 0.0250184 -0.0169542
vn -3.0431857 -2.6735053 -0.0014823
v 0.0099000 0.0175000 -0.0170000
vn -6.1770935 -0.9248092 -0.2843869
v 0.0097688 0.0250175 -0.0170000
vn -6.1146965 -0.9340896 -0.9379965
v 0.0097941 0.0250847 -0.0173726
vn -3.6406865 -0.7083187 5.0619178
v 0.0108471 0.0384096 -0.0145924
vn -4.3024983 -0.6556423 4.5146809
v 0.0103788 0.0384681 -0.0149681
vn -4.3590379 -0.1050961 4.5236511
v 0.0100599 0.0325515 -0.0155315
vn -4.8796058 -0.6105312 3.8932753
v 0.0101613 0.0384692 -0.0152106
vn -4.8910179 -0.5473124 3.8388429
v 0.0099478 0.0384438 -0.0155173
vn -3.2053707 -0.6532807 5.3547807
v 0.0109682 0.0383853 -0.0145189
vn -4.4914274 -0.1405255 4.3844881
v 0.0101656 0.0270175 -0.0155455
vn -4.7619481 -0.2466519 4.0908318
v 0.0101459 0.0265196 -0.0155925
vn -0.0006474 -2.6723862 3.0429697
v 0.0124000 0.0175000 -0.0145000
vn -0.2770412 -0.3533477 6.2632232
v 0.0124024 0.0379038 -0.0141439
vn -0.8565754 -0.6249995 6.1800637
v 0.0120550 0.0380492 -0.0141622
vn -1.7747233 -0.6277753 5.9813519
v 0.0117360 0.0381674 -0.0142174
vn -2.6387134 -0.6261693 5.6534472
v 0.0111651 0.0383394 -0.0144162
vn 1.7710822 -0.6795309 5.9745674
v 0.0134089 0.0373808 -0.0143377
vn 0.8233357 -0.6858202 6.1743693
v 0.0128027 0.0377145 -0.0141757
vn 0.2570393 -0.6045842 6.2337766
v 0.0126696 0.0377801 -0.0141588
vn 4.4724607 -0.1466078 4.4035854
v 0.0146344 0.0270175 -0.0155455
vn 4.3299408 -0.0972054 4.5518537
v 0.0147235 0.0316827 -0.0155336
vn 2.7671502 -0.7671975 5.5698862
v 0.0137789 0.0371447 -0.0145139
vn 1.5212324 -2.6739378 2.6357648
v 0.0136500 0.0175000 -0.0148349
vn 4.9418492 -0.6154351 3.8011327
v 0.0148108 0.0362654 -0.0155225
vn 4.2815247 -0.7920562 4.5025167
v 0.0144246 0.0366493 -0.0150166
vn 3.6133814 -0.7836906 5.0673504
v 0.0142927 0.0367617 -0.0148877
vn 6.0955596 -0.8909411 -1.1013141
v 0.0149989 0.0251034 -0.0174205
vn 6.1720362 -0.9076154 -0.4336190
v 0.0150308 0.0250184 -0.0170458
vn 3.0431855 -2.6735053 0.0014834
v 0.0149000 0.0175000 -0.0170000
vn 6.1770935 -0.9248084 0.2843835
v 0.0150312 0.0250175 -0.0170000
vn 2.6357875 -2.6754162 1.5208328
v 0.0145651 0.0175000 -0.0157500
vn 6.1146955 -0.9340875 0.9380119
v 0.0150059 0.0250847 -0.0166274
vn 6.0006003 -0.8351146 1.5623049
v 0.0149950 0.0251141 -0.0165549
vn 5.8182020 -0.7365938 2.1739628
v 0.0149140 0.0253454 -0.0162043
vn 5.6549149 -0.6175795 2.6107645
v 0.0149005 0.0253865 -0.0161607
vn 5.4264703 -0.5164571 3.0741713
v 0.0147876 0.0257743 -0.0158631
vn 5.2831988 -0.4105163 3.3373666
v 0.0147724 0.0258350 -0.0158294
vn 4.9480395 -0.3799531 3.8457584
v 0.0146792 0.0263122 -0.0156406
vn 4.7794232 -0.2699057 4.0683808
v 0.0146595 0.0264676 -0.0156029
vn 2.6294556 2.6282678 -1.5181456
v 0.0105813 0.0195000 -0.0159500
vn 1.5181543 2.6282921 -2.6294570
v 0.0113500 0.0195000 -0.0151813
vn 3.0362697 2.6283851 -0.0000457
v 0.0103000 0.0195000 -0.0170000
vn 2.6271086 2.6232233 1.5205402
v 0.0105813 0.0195000 -0.0180500
vn 1.5172727 2.6179953 2.6279957
v 0.0113500 0.0195000 -0.0188187
vn 0.0000058 2.6181896 3.0345471
v 0.0124000 0.0195000 -0.0191000
vn -1.5172689 2.6181929 2.6279981
v 0.0134500 0.0195000 -0.0188187
vn -3.0363748 2.6290226 -0.0000533
v 0.0145000 0.0195000 -0.0170000
vn -2.6270523 2.6235459 1.5207449
v 0.0142187 0.0195000 -0.0180500
vn -0.0032345 2.6231661 -3.0354033
v 0.0124000 0.0195000 -0.0149000
vn -1.5172735 2.6179938 -2.6279941
v 0.0134500 0.0195000 -0.0151813
vn -2.6270676 2.6234670 -1.5206934
v 0.0142187 0.0195000 -0.0159500
vn 2.6280074 2.6182318 -1.5172671
v -0.0163187 0.0195000 -0.0159500
vn 3.0345523 2.6182079 -0.0000043
v -0.0166000 0.0195000 -0.0170000
vn 1.5172505 2.6181183 -2.6280041
v -0.0155500 0.0195000 -0.0151813
vn 1.5181983 2.6295595 2.6296759
v -0.0155500 0.0195000 -0.0188187
vn 2.6306493 2.6238060 1.5146008
v -0.0163187 0.0195000 -0.0180500
vn -2.6270816 2.6233721 1.5206337
v -0.0126813 0.0195000 -0.0180500
vn -1.5172725 2.6179953 2.6279957
v -0.0134500 0.0195000 -0.0188187
vn -0.0036047 2.6237471 3.0354991
v -0.0145000 0.0195000 -0.0191000
vn -3.0363183 2.6286769 -0.0000485
v -0.0124000 0.0195000 -0.0170000
vn -2.6295097 2.6285834 -1.5181600
v -0.0126813 0.0195000 -0.0159500
vn -1.5181808 2.6286187 -2.6295047
v -0.0134500 0.0195000 -0.0151813
vn 0.0033381 2.6233301 -3.0354328
v -0.0145000 0.0195000 -0.0149000
vn 2.6293511 2.6281111 -1.5182866
v 0.0105813 0.0195000 0.0060500
vn 1.5150201 2.6229305 -2.6302395
v 0.0113500 0.0195000 0.0068187
vn 3.0362701 2.6283851 0.0000447
v 0.0103000 0.0195000 0.0050000
vn 2.6294637 2.6282907 1.5181369
v 0.0105813 0.0195000 0.0039500
vn 1.5181470 2.6283047 2.6294663
v 0.0113500 0.0195000 0.0031813
vn -0.0032339 2.6231658 3.0354047
v 0.0124000 0.0195000 0.0029000
vn -1.5172728 2.6179941 2.6279924
v 0.0134500 0.0195000 0.0031813
vn -2.6279950 2.6181853 1.5172780
v 0.0142187 0.0195000 0.0039500
vn -3.0345464 2.6181920 0.0000052
v 0.0145000 0.0195000 0.0050000
vn -1.5181725 2.6291137 -2.6296036
v 0.0134500 0.0195000 0.0068187
vn -2.6305408 2.6235738 -1.5147071
v 0.0142187 0.0195000 0.0060500
vn 0.0034682 2.6235342 -3.0354669
v 0.0124000 0.0195000 0.0071000
vn 1.5172715 2.6182094 -2.6280000
v -0.0155500 0.0195000 0.0068187
vn 2.6270099 2.6237860 -1.5208972
v -0.0163187 0.0195000 0.0060500
vn 3.0364516 2.6294885 0.0000583
v -0.0166000 0.0195000 0.0050000
vn 2.6270263 2.6236970 1.5208393
v -0.0163187 0.0195000 0.0039500
vn 1.5172731 2.6179938 2.6279933
v -0.0155500 0.0195000 0.0031813
vn 0.0033385 2.6233299 3.0354309
v -0.0145000 0.0195000 0.0029000
vn -1.5181791 2.6286182 2.6295033
v -0.0134500 0.0195000 0.0031813
vn -2.6295123 2.6285830 1.5181605
v -0.0126813 0.0195000 0.0039500
vn -3.0363193 2.6286776 0.0000480
v -0.0124000 0.0195000 0.0050000
vn -2.6270826 2.6233726 -1.5206338
v -0.0126813 0.0195000 0.0060500
vn -1.5172739 2.6179948 -2.6279950
v -0.0134500 0.0195000 0.0068187
vn -0.0000072 2.6182055 -3.0345423
v -0.0145000 0.0195000 0.0071000
vn -0.4623174 -2.1334324 -5.8706293
v 0.0292707 0.0267404 0.0040343
vn 0.4923669 -2.6279051 -5.6736946
v 0.0156118 0.0264989 0.0041346
vn 0.5409675 -1.9755456 -5.9254417
v 0.0155180 0.0267002 0.0040460
vn 0.5485510 -1.1258113 -6.1438303
v 0.0155022 0.0267511 0.0040315
vn -0.4198297 -3.8590686 -4.9190469
v 0.0297197 0.0264390 0.0041722
vn -0.4925962 -4.8770452 -3.9085431
v 0.0299291 0.0262602 0.0043272
vn 0.6862307 -5.2367778 -3.3611498
v 0.0158945 0.0261351 0.0044981
vn -0.4971211 -5.5611916 -2.8393083
v 0.0300352 0.0261228 0.0045198
vn 0.7107295 -5.6246967 -2.6420958
v 0.0159586 0.0260697 0.0046331
vn 0.6371367 -4.3218131 -4.4887142
v 0.0158113 0.0262262 0.0043666
vn 0.6245250 -3.5360825 -5.1313915
v 0.0156518 0.0264345 0.0041753
vn -0.1067132 -3.2627501 -5.3655210
v 0.0296308 0.0265045 0.0041314
vn 0.6829160 -4.8058929 -3.9453592
v 0.0158313 0.0262035 0.0043953
vn -0.3434580 -2.7842417 -5.6098242
v 0.0293931 0.0266643 0.0040580
vn 0.5509288 -3.0891237 -5.4155626
v 0.0156354 0.0264601 0.0041583
vn -0.3186749 -6.2439427 -0.2053479
v 0.0299040 0.0260000 0.0050000
vn 0.7743003 -6.1911893 0.3990130
v 0.0160311 0.0260000 0.0050000
vn -0.4466715 -6.0304956 -1.6051347
v 0.0300286 0.0260301 0.0047564
vn 0.7892420 -6.1709442 -0.6201158
v 0.0160305 0.0260005 0.0049684
vn 0.7714664 -5.9601154 -1.7230020
v 0.0159859 0.0260430 0.0047099
vn 0.5450645 -2.2778838 5.8126745
v 0.0155379 0.0266473 0.0059358
vn -0.4258059 -2.3659894 5.7863512
v 0.0278722 0.0266985 0.0059535
vn 0.5257701 -1.2753788 6.1151161
v 0.0155099 0.0267251 0.0059615
vn 0.5346555 -3.1237938 5.4091234
v 0.0156690 0.0264088 0.0058065
vn 0.6011876 -3.6790848 5.0301142
v 0.0156903 0.0263784 0.0057834
vn -0.3073144 -3.5396545 5.1686387
v 0.0282312 0.0265389 0.0058874
vn 0.6008695 -4.2341037 4.5785351
v 0.0157552 0.0262932 0.0057074
vn -0.3582572 -4.6688976 4.1648092
v 0.0288054 0.0263045 0.0057185
vn 0.6179039 -4.7396822 4.0432291
v 0.0158484 0.0261845 0.0055788
vn 0.6755005 -5.2273440 3.3744745
v 0.0158673 0.0261640 0.0055487
vn -0.2964582 -5.4899163 3.0082183
v 0.0291831 0.0261682 0.0055551
vn 0.6976077 -5.7053475 2.4722939
v 0.0159805 0.0260483 0.0053070
vn 0.7536176 -6.0370173 1.4434011
v 0.0159957 0.0260336 0.0052571
vn -0.2271577 -6.1910329 1.0127555
v 0.0296474 0.0260349 0.0052618
vn -0.3569022 -5.9639697 1.9090385
v 0.0295832 0.0260498 0.0053116
vn 5.2935739 -3.0717721 0.3389114
v 0.0151709 0.0255100 0.0050000
vn 3.0329659 -5.3214960 0.4154824
v 0.0155361 0.0258689 0.0050000
vn 5.2799282 -3.0727777 -0.5450181
v 0.0151707 0.0255106 0.0049674
vn 3.0125630 -5.3099065 -0.6271059
v 0.0155358 0.0258693 0.0049726
vn 2.9502482 -5.1192946 -1.6989132
v 0.0155096 0.0259040 0.0047423
vn 2.7967594 -4.7298074 -2.7694652
v 0.0154929 0.0259271 0.0046696
vn 5.1905417 -2.9609110 -1.4401464
v 0.0151510 0.0255626 0.0046949
vn 5.0029154 -2.6901968 -2.3688939
v 0.0151383 0.0255965 0.0046099
vn 4.7624369 -2.4162738 -3.0843494
v 0.0150733 0.0257769 0.0043279
vn 4.5450807 -2.0122576 -3.6590257
v 0.0150623 0.0258089 0.0042917
vn 4.3074970 -1.6987216 -4.1127806
v 0.0149694 0.0261166 0.0040383
vn 2.6431577 -4.1908040 -3.6654863
v 0.0154101 0.0260551 0.0044252
vn 2.4774716 -3.6348362 -4.3320494
v 0.0153964 0.0260785 0.0043934
vn 2.3512788 -2.9591088 -4.9066653
v 0.0152825 0.0263090 0.0041690
vn 2.2278979 -2.3073120 -5.3078070
v 0.0152703 0.0263388 0.0041481
vn 4.1441483 -1.2788619 -4.4215403
v 0.0149593 0.0261556 0.0040148
vn 3.9811532 -0.9448510 -4.6719594
v 0.0148855 0.0265316 0.0038553
vn 2.1751225 -1.6466556 -5.5879631
v 0.0151816 0.0266297 0.0040054
vn 2.0381391 -0.9096107 -5.8083777
v 0.0151695 0.0266929 0.0039865
vn 3.9281430 -0.5139568 -4.7867656
v 0.0148754 0.0266127 0.0038343
vn 4.0605474 -0.2215602 -4.7382030
v 0.0148574 0.0270128 0.0037884
vn 2.9981718 -0.2486220 -5.5008965
v 0.0149957 0.0270099 0.0038791
vn 1.7914269 -0.3508871 -5.9778666
v 0.0151472 0.0270068 0.0039456
vn -2.6323171 -5.5975714 -0.9700414
v 0.0303146 0.0258992 0.0051510
vn -1.3716023 -6.0879378 -0.4898996
v 0.0301147 0.0259745 0.0050775
vn -1.8095067 -5.7475739 -1.6525000
v 0.0303041 0.0259827 0.0047832
vn -3.3613629 -3.4360127 -3.7871668
v 0.0293847 0.0275347 0.0036233
vn -3.4295475 -3.7637527 -3.4869118
v 0.0298234 0.0270882 0.0036392
vn -1.8040882 -1.9740751 -5.5176916
v 0.0291307 0.0272967 0.0039009
vn -1.8432543 -2.8450119 -5.1570244
v 0.0295697 0.0269498 0.0038996
vn -1.7132761 -3.4057782 -4.8960519
v 0.0296878 0.0268462 0.0039193
vn -3.3931954 -3.9872000 -3.3050699
v 0.0299415 0.0269561 0.0036687
vn -3.4155409 -4.2872958 -2.9365785
v 0.0302578 0.0265639 0.0038343
vn -3.3964891 -4.5532770 -2.5624616
v 0.0304612 0.0262527 0.0040794
vn -3.3857064 -4.7707033 -2.1668415
v 0.0305644 0.0260162 0.0043949
vn -3.3996449 -4.9478812 -1.7035208
v 0.0305580 0.0258625 0.0047886
vn -3.7694626 -4.7998872 -1.3588998
v 0.0304935 0.0257781 0.0052168
vn -1.7782930 -5.3568573 -2.6732547
v 0.0303106 0.0261031 0.0044744
vn -1.7341337 -4.8197079 -3.5607779
v 0.0302074 0.0262904 0.0042286
vn -1.8141211 -4.0826821 -4.3446431
v 0.0300040 0.0265370 0.0040407
vn -3.2486751 -3.8335507 3.5262525
v 0.0278215 0.0275721 0.0064173
vn -1.6748888 -2.3337374 5.4433675
v 0.0275687 0.0273215 0.0061104
vn -1.9131653 -3.3827925 4.8285923
v 0.0281542 0.0269527 0.0061248
vn -3.6915157 -4.9177146 -1.0643716
v 0.0302424 0.0258586 0.0056773
vn -4.1106501 -4.5690241 0.4905450
v 0.0285310 0.0271445 0.0068213
vn -3.9204202 -4.7659340 0.2530673
v 0.0288719 0.0268443 0.0067285
vn -3.8343267 -4.8739696 -0.1608230
v 0.0294236 0.0263947 0.0064602
vn -3.7565022 -4.9320135 -0.5118479
v 0.0297898 0.0261278 0.0061853
vn -3.7441468 -4.9116035 -0.8499126
v 0.0301797 0.0258897 0.0057644
vn -4.0830369 -4.4714203 0.8396998
v 0.0279468 0.0276963 0.0068529
vn -3.3240790 -4.2993927 2.9424143
v 0.0283872 0.0271105 0.0064319
vn -2.9652915 -4.8487582 2.4232781
v 0.0287200 0.0268526 0.0063737
vn -2.8358870 -5.2790675 1.6141478
v 0.0292608 0.0264594 0.0061736
vn -2.6961215 -5.5379601 0.8963516
v 0.0296210 0.0262220 0.0059546
vn -2.6809254 -5.6281071 0.1551507
v 0.0300050 0.0260061 0.0056090
vn -2.5532575 -5.6938486 -0.2895855
v 0.0300668 0.0259774 0.0055366
vn -1.6127537 -4.3255205 4.1389670
v 0.0284953 0.0267455 0.0060787
vn -1.5867887 -5.1565175 3.1039927
v 0.0290467 0.0264281 0.0059167
vn -1.4522952 -5.6821909 2.1236124
v 0.0294124 0.0262358 0.0057380
vn -1.5107380 -5.9561524 1.1206586
v 0.0298015 0.0260607 0.0054545
vn -1.2760613 -6.1001239 0.5047326
v 0.0298641 0.0260375 0.0053950
vn 2.9941056 -5.1762524 1.4233481
v 0.0155154 0.0258961 0.0052273
vn 2.9478235 -0.1955200 5.5273108
v 0.0149957 0.0270099 0.0061209
vn 4.0756392 -0.2362807 4.7231903
v 0.0148574 0.0270128 0.0062116
vn 3.9481943 -0.5973568 4.7545185
v 0.0148803 0.0265712 0.0061555
vn 1.8686537 -0.3018032 5.9531374
v 0.0151472 0.0270068 0.0060544
vn 2.1113734 -1.0684737 5.7551923
v 0.0151754 0.0266606 0.0060043
vn 2.2176969 -1.8579988 5.5054030
v 0.0151969 0.0265643 0.0059710
vn 2.2913592 -2.5710413 5.1564779
v 0.0152952 0.0262793 0.0058086
vn 2.4110012 -3.2330022 4.6930399
v 0.0153107 0.0262446 0.0057806
vn 5.2250795 -2.9809771 1.2109485
v 0.0151554 0.0255510 0.0052693
vn 5.0906758 -2.7572010 2.0402098
v 0.0151485 0.0255693 0.0053236
vn 4.8719583 -2.4976106 2.8063297
v 0.0150925 0.0257219 0.0056029
vn 4.6806498 -2.1554930 3.3701289
v 0.0150825 0.0257503 0.0056398
vn 4.4196382 -1.7972014 3.9276564
v 0.0149926 0.0260317 0.0059051
vn 4.2497063 -1.4291067 4.2577238
v 0.0149799 0.0260775 0.0059367
vn 4.0522003 -1.0235347 4.5847416
v 0.0148982 0.0264478 0.0061183
vn 2.8856869 -4.8473592 2.4618976
v 0.0155063 0.0259085 0.0052735
vn 2.7689450 -4.4079881 3.3072636
v 0.0154342 0.0260154 0.0055144
vn 2.5591826 -3.8914809 4.0471215
v 0.0154217 0.0260358 0.0055466
vn 2.9496622 -0.5007964 -5.2524800
v 0.0151747 0.0362579 0.0038725
vn 2.9296930 -0.0639190 -5.3355103
v 0.0150863 0.0316753 0.0038757
vn 4.5340533 -0.6771733 -4.1064205
v 0.0148781 0.0362640 0.0036191
vn -2.3601398 -4.1401324 -3.7970121
v 0.0196720 0.0351373 0.0036233
vn -1.3425405 -4.1955862 -4.3055182
v 0.0159735 0.0369657 0.0036233
vn -1.5741756 -4.9853792 -3.2281437
v 0.0159748 0.0369688 0.0036191
vn -3.1326210 -3.6051087 -3.7721994
v 0.0264130 0.0303969 0.0036233
vn -2.7472892 -3.9067173 -3.7722125
v 0.0231641 0.0329400 0.0036233
vn -1.7611183 -2.0267460 -5.4824123
v 0.0261848 0.0301342 0.0039009
vn -1.5444911 -2.1963062 -5.4824157
v 0.0229639 0.0326553 0.0039009
vn -1.3116579 -2.3428204 -5.4824095
v 0.0195020 0.0348336 0.0039009
vn -0.8271933 -2.6051302 -5.4014030
v 0.0158354 0.0366463 0.0039009
vn -2.8128998 -4.0685158 3.5163629
v 0.0222756 0.0322189 0.0064173
vn -2.4368157 -4.3078475 3.5159125
v 0.0192046 0.0341385 0.0064173
vn -1.3959800 -2.4459233 5.3991890
v 0.0190301 0.0338283 0.0061104
vn -2.3552399 -5.7024589 0.2304827
v 0.0160415 0.0359274 0.0068529
vn -2.9434321 -5.2234750 0.8826510
v 0.0192911 0.0342923 0.0068529
vn -3.4090300 -4.9307423 0.8852324
v 0.0223759 0.0323640 0.0068529
vn -3.8498564 -4.5948124 0.8852199
v 0.0252694 0.0301590 0.0068529
vn -3.1766386 -3.7913246 3.5163634
v 0.0251561 0.0300238 0.0064173
vn -2.2285349 -5.4808488 1.8020898
v 0.0160380 0.0359197 0.0068046
vn -1.8068599 -2.1564901 5.3972144
v 0.0249275 0.0297510 0.0061104
vn -1.5999678 -2.3141587 5.3972077
v 0.0220732 0.0319261 0.0061104
vn -1.7790761 -4.9702554 3.1424394
v 0.0159695 0.0357663 0.0064173
vn -1.3884645 -4.1129823 4.3735456
v 0.0159447 0.0357107 0.0063406
vn -0.7511351 -3.0721855 5.2529645
v 0.0158244 0.0354413 0.0061104
vn -0.2246692 -1.7856016 5.8947563
v 0.0157693 0.0353178 0.0060531
vn 2.9353797 -0.0590553 5.3342981
v 0.0150806 0.0313807 0.0061241
vn 1.8738110 -0.6956961 5.8027539
v 0.0152878 0.0350314 0.0060634
vn 4.0361814 -0.8560979 4.5196033
v 0.0149994 0.0350373 0.0062307
vn 3.0071676 -0.8349348 5.3237796
v 0.0151512 0.0350342 0.0061267
vn -5.2935734 -3.0717721 -0.3389119
v 0.0096291 0.0255100 0.0050000
vn -3.0329597 -5.3215075 -0.4154322
v 0.0092639 0.0258689 0.0050000
vn -2.9940987 -5.1762514 -1.4233730
v 0.0092846 0.0258961 0.0047727
vn -2.9478233 -0.1954953 -5.5273132
v 0.0098043 0.0270099 0.0038791
vn -4.0744047 -0.2330271 -4.7246504
v 0.0099426 0.0270128 0.0037884
vn -3.9481914 -0.5973585 -4.7545176
v 0.0099197 0.0265712 0.0038445
vn -1.8686621 -0.3015203 -5.9531417
v 0.0096528 0.0270068 0.0039456
vn -2.1113644 -1.0684562 -5.7551966
v 0.0096246 0.0266606 0.0039957
vn -0.5255123 -1.2755871 -6.1150837
v 0.0092901 0.0267251 0.0040385
vn -2.2176888 -1.8579851 -5.5054121
v 0.0096031 0.0265643 0.0040290
vn -0.5441061 -2.2774799 -5.8128815
v 0.0092621 0.0266473 0.0040642
vn -2.2913561 -2.5710206 -5.1564879
v 0.0095048 0.0262793 0.0041914
vn -0.5281438 -3.1239495 -5.4093590
v 0.0091310 0.0264088 0.0041935
vn -2.4684670 -3.2402785 -4.6687384
v 0.0094893 0.0262446 0.0042194
vn -0.5922763 -3.9250102 -4.8455615
v 0.0091097 0.0263784 0.0042166
vn -2.5853601 -3.8517389 -4.0778165
v 0.0093783 0.0260358 0.0044534
vn -0.5966761 -4.6214032 -4.1860323
v 0.0089516 0.0261845 0.0044212
vn -2.7143867 -4.4077291 -3.3364978
v 0.0093658 0.0260154 0.0044856
vn -0.6875148 -5.1280470 -3.5151396
v 0.0089327 0.0261640 0.0044513
vn -5.2250776 -2.9809813 -1.2109516
v 0.0096446 0.0255510 0.0047307
vn -5.0906758 -2.7572026 -2.0402095
v 0.0096515 0.0255693 0.0046764
vn -4.8719578 -2.4975932 -2.8063536
v 0.0097075 0.0257219 0.0043971
vn -4.6806331 -2.1554790 -3.3701530
v 0.0097175 0.0257503 0.0043602
vn -4.4196362 -1.7972040 -3.9276555
v 0.0098074 0.0260317 0.0040949
vn -4.2497053 -1.4291055 -4.2577229
v 0.0098201 0.0260775 0.0040633
vn -4.0521998 -1.0235355 -4.5847397
v 0.0099018 0.0264478 0.0038817
vn -2.8467150 -4.8805752 -2.4187212
v 0.0092937 0.0259085 0.0047265
vn -0.7099373 -5.5572553 -2.7860937
v 0.0088486 0.0260769 0.0046154
vn -0.7392660 -5.8103237 -2.1793942
v 0.0088195 0.0260483 0.0046930
vn -0.7566680 -6.0362802 -1.4458096
v 0.0088043 0.0260336 0.0047429
vn -0.7737253 -6.1911964 -0.3994094
v 0.0087689 0.0260000 0.0050000
vn 1.5010107 -2.3355110 -5.3040085
v 0.0154273 0.0366150 0.0038998
vn 0.2298673 -2.7677710 -5.3049526
v 0.0156277 0.0366829 0.0038998
vn 2.3828297 -1.2888436 -5.3224673
v 0.0152824 0.0364610 0.0038998
vn 0.2933346 -4.5553989 -3.8081727
v 0.0155992 0.0370306 0.0036191
vn 4.3479867 -2.0920205 -2.9009531
v 0.0149779 0.0366313 0.0036191
vn 3.3028755 -2.2264047 -4.4547806
v 0.0149881 0.0366562 0.0036144
vn 3.0163348 -3.7476084 -2.7700095
v 0.0152387 0.0369086 0.0036191
vn 1.8909670 -4.2323871 -3.9675410
v 0.0152956 0.0369684 0.0035880
vn -0.7628918 -4.9930401 -3.1808164
v 0.0156738 0.0371418 0.0034483
vn 1.2794421 -2.5974290 5.1254997
v 0.0154309 0.0354452 0.0061169
vn 3.0091853 -2.9228125 4.0429831
v 0.0151205 0.0355159 0.0062998
vn 4.4327173 -2.4502275 3.5928638
v 0.0148799 0.0355204 0.0065771
vn 3.7960954 -3.8325596 3.0690458
v 0.0148858 0.0355332 0.0065819
vn 1.5357181 -4.9658313 2.6646764
v 0.0153830 0.0358822 0.0065542
vn 2.3409557 -5.2562876 1.8463162
v 0.0151818 0.0358910 0.0067992
vn -0.3611210 -5.9142189 0.5559988
v 0.0157138 0.0360188 0.0069279
vn 0.0789098 -4.6763659 3.5740161
v 0.0156517 0.0358210 0.0063958
vn -1.2104998 -5.7585282 1.0901413
v 0.0158689 0.0359834 0.0068365
vn -0.5975549 -6.1635075 -0.5514281
v 0.0155977 0.0360210 0.0070692
vn 0.6686993 -6.1608324 0.4707087
v 0.0155935 0.0360210 0.0070665
vn -3.0125768 -5.3098879 0.6271500
v 0.0092642 0.0258693 0.0050274
vn -5.2799301 -3.0727780 0.5450192
v 0.0096293 0.0255106 0.0050326
vn -5.1905408 -2.9609115 1.4401476
v 0.0096490 0.0255626 0.0053051
vn -5.0029140 -2.6901975 2.3688946
v 0.0096617 0.0255965 0.0053901
vn -4.7624278 -2.4162536 3.0843840
v 0.0097267 0.0257769 0.0056721
vn -4.5450683 -2.0122259 3.6590495
v 0.0097377 0.0258089 0.0057083
vn -4.3074989 -1.6987244 4.1127782
v 0.0098306 0.0261166 0.0059617
vn -2.9502509 -5.1192975 1.6988969
v 0.0092904 0.0259040 0.0052577
vn -2.7978506 -4.7288527 2.7705657
v 0.0093071 0.0259271 0.0053304
vn -2.6547260 -4.1890140 3.6632442
v 0.0093899 0.0260551 0.0055748
vn -2.4774797 -3.6348395 4.3320436
v 0.0094036 0.0260785 0.0056066
vn -2.3512626 -2.9590919 4.9066849
v 0.0095175 0.0263090 0.0058310
vn -2.2255180 -2.3103805 5.3069434
v 0.0095297 0.0263388 0.0058519
vn -0.6253654 -3.5338314 5.1329784
v 0.0091482 0.0264345 0.0058247
vn -0.6302395 -4.3228121 4.4881001
v 0.0089887 0.0262262 0.0056334
vn -0.6959864 -4.9444098 3.7706933
v 0.0089687 0.0262035 0.0056047
vn -0.7227980 -5.5408645 2.8120143
v 0.0088414 0.0260697 0.0053669
vn -0.7663130 -5.9602799 1.7235354
v 0.0088141 0.0260430 0.0052901
vn -0.7844596 -6.1715083 0.6173047
v 0.0087695 0.0260005 0.0050316
vn -0.4734611 -1.8705540 5.9657793
v 0.0092820 0.0267002 0.0059540
vn -0.3372730 -2.3029988 5.8284965
v 0.0092483 0.0266152 0.0059230
vn -0.5396916 -2.9143593 5.5223098
v 0.0091646 0.0264601 0.0058417
vn -4.1441512 -1.2788615 4.4215384
v 0.0098407 0.0261556 0.0059852
vn -3.9811525 -0.9448523 4.6719599
v 0.0099145 0.0265316 0.0061447
vn -2.1751153 -1.6466838 5.5879550
v 0.0096184 0.0266297 0.0059946
vn -2.0381484 -0.9096236 5.8083744
v 0.0096305 0.0266929 0.0060135
vn -3.9281406 -0.5139568 4.7867670
v 0.0099246 0.0266127 0.0061657
vn -4.0605483 -0.2214133 4.7382073
v 0.0099426 0.0270128 0.0062116
vn -2.9981709 -0.2486051 5.5008984
v 0.0098043 0.0270099 0.0061209
vn -1.7924185 -0.3493017 5.9777222
v 0.0096528 0.0270068 0.0060544
vn -0.5472223 -1.1251651 6.1440134
v 0.0092978 0.0267511 0.0059685
vn 0.5811092 -1.9567139 -5.9257698
v -0.0113820 0.0267002 0.0040460
vn 0.5448385 -1.1241238 -6.1443157
v -0.0113978 0.0267511 0.0040315
vn 0.6959863 -4.9444065 -3.7706964
v -0.0110687 0.0262035 0.0043953
vn 0.6173319 -4.5150533 -4.2866936
v -0.0110887 0.0262262 0.0043666
vn 0.4827660 -4.0657759 -4.7487612
v -0.0111446 0.0262929 0.0042929
vn 0.5444075 -3.5396171 -5.1420660
v -0.0112482 0.0264345 0.0041753
vn 0.5652413 -2.8029394 -5.5780926
v -0.0112646 0.0264601 0.0041583
vn 0.7227972 -5.5408630 -2.8120174
v -0.0109414 0.0260697 0.0046331
vn 0.7663121 -5.9602799 -1.7235360
v -0.0109141 0.0260430 0.0047099
vn 0.7844605 -6.1715083 -0.6173052
v -0.0108695 0.0260005 0.0049684
vn 0.7737257 -6.1911950 0.3994099
v -0.0108689 0.0260000 0.0050000
vn -2.9447320 -0.0620545 -5.3263898
v 0.0096969 0.0325440 0.0038751
vn -1.7746354 -0.6262096 -5.8560390
v 0.0094347 0.0384333 0.0039395
vn -4.0738163 -0.5802504 -4.5991569
v 0.0097289 0.0384393 0.0037710
vn -3.0412807 -0.6196724 -5.3737140
v 0.0095834 0.0384363 0.0038710
vn 3.8335385 -2.4899518 -4.1446857
v 0.0148841 0.0367669 0.0034376
vn 3.2372391 -2.4284363 -4.6822071
v 0.0146513 0.0369829 0.0031207
vn 2.4207940 -2.4055970 -5.1712165
v 0.0141635 0.0373531 0.0026610
vn 1.6068029 -2.2264767 -5.5577936
v 0.0138679 0.0375437 0.0024669
vn 0.6904098 -2.2719982 -5.7423787
v 0.0132541 0.0378848 0.0022026
vn -0.1257560 -2.1386306 -5.8340487
v 0.0128666 0.0380699 0.0021140
vn -1.1354889 -2.0981743 -5.7441216
v 0.0122088 0.0383388 0.0020848
vn -1.8279210 -2.1071792 -5.5628314
v 0.0117755 0.0384861 0.0021471
vn -2.4676883 -2.0547967 -5.3380270
v 0.0115029 0.0385663 0.0022213
vn -3.1535192 -2.0737882 -4.9604464
v 0.0109175 0.0387018 0.0024854
vn -3.7908010 -2.0322304 -4.5125847
v 0.0106625 0.0387421 0.0026547
vn -4.4110599 -2.0405014 -3.9089479
v 0.0101944 0.0387741 0.0030886
vn -3.7332425 -3.7377062 -3.3053706
v 0.0100863 0.0390466 0.0029966
vn -3.3223600 -3.7263031 -3.7225208
v 0.0105947 0.0390151 0.0025257
vn -2.9013329 -3.7519066 -4.0327787
v 0.0108718 0.0389753 0.0023422
vn -2.4435084 -3.7511301 -4.3197198
v 0.0115081 0.0388415 0.0020565
vn -2.0192418 -3.7879243 -4.4931283
v 0.0118046 0.0387624 0.0019766
vn -1.5336560 -3.8464565 -4.6360917
v 0.0122758 0.0386171 0.0019102
vn -0.9008815 -3.8787000 -4.7619023
v 0.0129911 0.0383523 0.0019444
vn -0.3030708 -3.9805512 -4.7453198
v 0.0134126 0.0381701 0.0020424
vn 0.3590197 -4.0350685 -4.6802516
v 0.0140799 0.0378351 0.0023330
vn 0.9138473 -4.1707401 -4.4724054
v 0.0144011 0.0376484 0.0025457
vn 1.5566237 -4.2636433 -4.1835155
v 0.0149307 0.0372864 0.0030488
vn 2.0160322 -4.3789597 -3.8312416
v 0.0151830 0.0370760 0.0033950
vn -2.7011800 -5.0717635 -2.3821793
v 0.0099209 0.0392632 0.0028545
vn -2.5311530 -5.0613289 -2.5753324
v 0.0104768 0.0392311 0.0023382
vn -2.3581753 -5.0720286 -2.7113650
v 0.0107795 0.0391907 0.0021363
vn -2.1718369 -5.0741978 -2.8494904
v 0.0114745 0.0390548 0.0018192
vn -1.9960639 -5.0883760 -2.9406447
v 0.0117986 0.0389744 0.0017290
vn -1.7943450 -5.1230369 -3.0077069
v 0.0123143 0.0388267 0.0016513
vn -1.5284296 -5.1461926 -3.0955479
v 0.0130996 0.0385572 0.0016793
vn -1.2712667 -5.1985245 -3.1118326
v 0.0135639 0.0383716 0.0017803
vn -0.9792848 -5.2399015 -3.1249940
v 0.0143030 0.0380299 0.0020877
vn -0.7293924 -5.3128614 -3.0558784
v 0.0146611 0.0378391 0.0023156
vn -0.4319677 -5.3819222 -2.9660609
v 0.0152568 0.0374685 0.0028594
vn -0.2067407 -5.4500542 -2.8358073
v 0.0155443 0.0372524 0.0032369
vn -4.5798416 -1.8980200 -3.6940889
v 0.0098900 0.0387473 0.0035103
vn -3.5820289 -3.5376368 -3.5296779
v 0.0097561 0.0390202 0.0034545
vn -3.4168186 -4.2647119 -2.9838009
v 0.0096553 0.0391464 0.0034054
vn -2.2488456 -5.1681323 -2.5476942
v 0.0095587 0.0392363 0.0033554
vn -3.6726651 -5.0133018 0.2844155
v 0.0097043 0.0380656 0.0070399
vn -4.1845884 -4.3579230 1.2837183
v 0.0098638 0.0379074 0.0068620
vn -4.4706311 -4.1436949 1.1553118
v 0.0100463 0.0377622 0.0071051
vn -4.7465067 -3.3953760 2.0735927
v 0.0099360 0.0377728 0.0067500
vn -4.8965726 -2.3343098 2.8896155
v 0.0099792 0.0376173 0.0066454
vn -5.0741806 -2.2516055 2.7638767
v 0.0101459 0.0374693 0.0068691
vn -4.9717736 -1.2172370 3.3913229
v 0.0099845 0.0373650 0.0065159
vn -2.6725669 -5.5608187 -0.5886227
v 0.0096403 0.0381037 0.0070986
vn -3.1426907 -5.2972078 -0.5331428
v 0.0098365 0.0379554 0.0073697
vn -4.5157051 -2.2921124 3.5582967
v 0.0106270 0.0371020 0.0073346
vn -3.8352757 -2.4356923 4.1879773
v 0.0109360 0.0368963 0.0075420
vn -3.0195413 -2.4962027 4.7736626
v 0.0115404 0.0365397 0.0078082
vn 3.9578738 -3.1425207 3.4667170
v 0.0145343 0.0355110 0.0070316
vn 2.2357309 -5.3511848 1.9558965
v 0.0148047 0.0358701 0.0072814
vn 3.3418334 -3.1159129 4.0833035
v 0.0144468 0.0355154 0.0071196
vn 1.7282125 -5.3352246 2.4539466
v 0.0147108 0.0358743 0.0073759
vn 2.5842245 -3.0964003 4.6254711
v 0.0139964 0.0355781 0.0074761
vn 1.1006743 -5.3065681 2.8683007
v 0.0142275 0.0359333 0.0077589
vn 1.6915705 -2.9975171 5.0827231
v 0.0137696 0.0356291 0.0076079
vn 0.3634696 -5.2076783 3.2234702
v 0.0139838 0.0359814 0.0079009
vn 0.7341466 -2.9539936 5.3358116
v 0.0132195 0.0357919 0.0078278
vn -0.3865947 -5.1131821 3.3788271
v 0.0133911 0.0361359 0.0081391
vn -0.0873396 -2.8305471 5.4437351
v 0.0129739 0.0358794 0.0078869
vn -1.0386474 -4.9675117 3.4496233
v 0.0131258 0.0362194 0.0082034
vn -0.9989633 -2.7274311 5.4297371
v 0.0125635 0.0360432 0.0079372
vn -1.7424989 -4.8468189 3.3737350
v 0.0126816 0.0363761 0.0082591
vn -2.0647421 -2.6551316 5.1678996
v 0.0119295 0.0363361 0.0079010
vn -2.5010517 -4.7007837 3.1088371
v 0.0119931 0.0366582 0.0082217
vn -3.1696429 -4.5083346 2.7795727
v 0.0115695 0.0368553 0.0081223
vn -3.7006202 -4.3939214 2.2842627
v 0.0109102 0.0372020 0.0078348
vn -4.1490917 -4.2227826 1.8015738
v 0.0105727 0.0374027 0.0076101
vn -0.0736490 -6.0978489 -0.0778890
v 0.0151659 0.0359989 0.0076240
vn -0.3276512 -6.0879707 0.1685591
v 0.0150579 0.0360033 0.0077323
vn -0.6568514 -6.0600796 0.3663886
v 0.0145008 0.0360657 0.0081679
vn -1.0189317 -6.0000000 0.5339959
v 0.0142205 0.0361164 0.0083271
vn -1.3929572 -5.9242239 0.6013736
v 0.0135423 0.0362787 0.0085879
vn -1.6987975 -5.8385801 0.6394323
v 0.0132407 0.0363659 0.0086553
vn -2.0304446 -5.7563968 0.5648597
v 0.0127390 0.0365293 0.0087081
vn -2.3726439 -5.6479945 0.4190916
v 0.0119688 0.0368218 0.0086499
vn -2.6585970 -5.5376625 0.2544515
v 0.0114991 0.0370253 0.0085288
vn -2.8716063 -5.4496846 0.0077209
v 0.0107745 0.0373819 0.0081940
vn -3.0452368 -5.3586864 -0.2136323
v 0.0104064 0.0375877 0.0079379
vn -2.2528937 -0.5762306 5.6974535
v 0.0095930 0.0372676 0.0061211
vn -3.5785406 -0.4314707 5.0151725
v 0.0096058 0.0372679 0.0061282
vn -2.9380827 -0.0706979 5.3283963
v 0.0097024 0.0322592 0.0061247
vn 0.5941727 -3.9234324 4.8467274
v -0.0112097 0.0263784 0.0057834
vn 0.5290945 -3.1242437 5.4091353
v -0.0112310 0.0264088 0.0058065
vn 0.5443562 -2.2772732 5.8129511
v -0.0113621 0.0266473 0.0059358
vn 0.5262821 -1.2752430 6.1151447
v -0.0113901 0.0267251 0.0059615
vn 0.5966760 -4.6214032 4.1860323
v -0.0110516 0.0261845 0.0055788
vn 0.6875148 -5.1280475 3.5151393
v -0.0110327 0.0261640 0.0055487
vn 0.7099380 -5.5572548 2.7860940
v -0.0109486 0.0260769 0.0053846
vn 0.7566680 -6.0362806 1.4458097
v -0.0109043 0.0260336 0.0052571
vn 0.7392669 -5.8103247 2.1793942
v -0.0109195 0.0260483 0.0053070
vn 2.9981730 -0.2486088 -5.5008974
v -0.0119043 0.0270099 0.0038791
vn 1.7924050 -0.3493280 -5.9777241
v -0.0117528 0.0270068 0.0039456
vn 2.0381429 -0.9095991 -5.8083773
v -0.0117305 0.0266929 0.0039865
vn 5.2935739 -3.0717721 0.3389106
v -0.0117291 0.0255100 0.0050000
vn 3.0125630 -5.3099046 -0.6271058
v -0.0113642 0.0258693 0.0049726
vn 3.0329669 -5.3214955 0.4154819
v -0.0113639 0.0258689 0.0050000
vn 5.2799282 -3.0727777 -0.5450188
v -0.0117293 0.0255106 0.0049674
vn 5.1905417 -2.9609110 -1.4401464
v -0.0117490 0.0255626 0.0046949
vn 5.0029154 -2.6901968 -2.3688939
v -0.0117617 0.0255965 0.0046099
vn 4.7624364 -2.4162741 -3.0843494
v -0.0118267 0.0257769 0.0043279
vn 2.9502492 -5.1192942 -1.6989139
v -0.0113904 0.0259040 0.0047423
vn 2.7978487 -4.7288499 -2.7705708
v -0.0114071 0.0259271 0.0046696
vn 2.6547322 -4.1890020 -3.6632562
v -0.0114899 0.0260551 0.0044252
vn 2.4942479 -3.5974538 -4.3590474
v -0.0115036 0.0260785 0.0043934
vn 4.5450802 -2.0122576 -3.6590261
v -0.0118377 0.0258089 0.0042917
vn 4.3074980 -1.6987200 -4.1127801
v -0.0119306 0.0261166 0.0040383
vn 4.1441507 -1.2788615 -4.4215384
v -0.0119407 0.0261556 0.0040148
vn 3.9811552 -0.9448494 -4.6719594
v -0.0120145 0.0265316 0.0038553
vn 3.9281461 -0.5139568 -4.7867637
v -0.0120246 0.0266127 0.0038343
vn 4.0605483 -0.2214150 -4.7382073
v -0.0120426 0.0270128 0.0037884
vn 2.1428893 -1.6309308 -5.6010475
v -0.0117184 0.0266297 0.0040054
vn 2.2139933 -2.3370597 -5.2975655
v -0.0116297 0.0263388 0.0041481
vn 2.3994110 -2.9707677 -4.8836908
v -0.0116175 0.0263090 0.0041690
vn -2.1201701 -2.2525568 -5.1288433
v 0.0094596 0.0387916 0.0038553
vn -3.6203923 -2.1455164 -4.3193164
v 0.0096996 0.0387670 0.0037176
vn -2.8375363 -4.1645298 -3.3735762
v 0.0095545 0.0391429 0.0035223
vn -2.0049748 -4.3096156 -3.7160490
v 0.0094211 0.0391565 0.0035988
vn -0.9407007 -2.4486809 -5.4360371
v 0.0091921 0.0388486 0.0039009
vn -1.2055141 -4.5503955 -3.8170657
v 0.0092723 0.0391873 0.0036233
vn -2.5770004 -5.3630033 0.8453648
v 0.0095554 0.0381506 0.0069005
vn -3.1782150 -1.8862474 4.5319195
v 0.0096634 0.0375485 0.0062152
vn -1.1250309 -1.9400605 5.7129493
v 0.0092228 0.0376942 0.0061066
vn -1.4092970 -3.1440275 5.0597882
v 0.0092246 0.0377016 0.0061104
vn -3.1568260 -3.8707600 3.0727184
v 0.0096715 0.0379240 0.0065022
vn -1.5865495 -4.5537820 3.4959149
v 0.0093092 0.0380473 0.0064173
vn -1.5820518 -5.9781766 0.2325477
v 0.0093511 0.0382186 0.0068529
vn -1.6739341 -5.6943517 1.6689405
v 0.0093510 0.0382182 0.0068501
vn 2.9941065 -5.1762528 1.4233477
v -0.0113846 0.0258961 0.0052273
vn 2.9478235 -0.1955047 5.5273123
v -0.0119043 0.0270099 0.0061209
vn 4.0749502 -0.2344600 4.7240057
v -0.0120426 0.0270128 0.0062116
vn 3.9481943 -0.5973568 4.7545185
v -0.0120197 0.0265712 0.0061555
vn 1.8686590 -0.3016347 5.9531374
v -0.0117528 0.0270068 0.0060544
vn 2.1113734 -1.0684732 5.7551928
v -0.0117246 0.0266606 0.0060043
vn 2.2176969 -1.8579988 5.5054030
v -0.0117031 0.0265643 0.0059710
vn 2.2913601 -2.5710413 5.1564779
v -0.0116048 0.0262793 0.0058086
vn 2.4684806 -3.2402878 4.6687217
v -0.0115893 0.0262446 0.0057806
vn 2.5853639 -3.8517365 4.0778155
v -0.0114783 0.0260358 0.0055466
vn 2.7143891 -4.4077253 3.3365009
v -0.0114658 0.0260154 0.0055144
vn 5.2250795 -2.9809771 1.2109485
v -0.0117446 0.0255510 0.0052693
vn 5.0906758 -2.7572010 2.0402098
v -0.0117515 0.0255693 0.0053236
vn 4.8719583 -2.4976106 2.8063297
v -0.0118075 0.0257219 0.0056029
vn 4.6806498 -2.1554930 3.3701289
v -0.0118175 0.0257503 0.0056398
vn 4.4196382 -1.7972014 3.9276564
v -0.0119074 0.0260317 0.0059051
vn 4.2497063 -1.4291067 4.2577238
v -0.0119201 0.0260775 0.0059367
vn 4.0522003 -1.0235347 4.5847416
v -0.0120018 0.0264478 0.0061183
vn 2.8467119 -4.8805919 2.4186988
v -0.0113937 0.0259085 0.0052735
vn 1.8153093 -0.5805085 -5.8620849
v -0.0115494 0.0378717 0.0039383
vn 2.9430993 -0.0624611 -5.3271770
v -0.0118026 0.0322513 0.0038753
vn 3.0522761 -0.5830504 -5.3778973
v -0.0116942 0.0378746 0.0038714
vn 4.0914369 -0.5225166 -4.5965676
v -0.0118424 0.0378776 0.0037693
vn -0.6112199 -4.7364492 -3.7714906
v 0.0051539 0.0399381 0.0036233
vn -0.1161950 -4.7743130 -3.7714791
v 0.0009798 0.0402574 0.0036233
vn 0.3800874 -4.7605715 -3.7714982
v -0.0032049 0.0401416 0.0036233
vn 0.8375781 -4.6924000 -3.7935247
v -0.0073550 0.0395919 0.0036233
vn 1.4796691 -4.4653893 -3.8347514
v -0.0114255 0.0386144 0.0036233
vn -0.3436874 -2.6632903 -5.4818616
v 0.0051093 0.0395930 0.0039009
vn -0.0653348 -2.6845708 -5.4818654
v 0.0009713 0.0399095 0.0039009
vn 0.2137215 -2.6768522 -5.4818611
v -0.0031772 0.0397947 0.0039009
vn 0.4904693 -2.6402123 -5.4818511
v -0.0072914 0.0392498 0.0039009
vn 1.0467141 -2.4366345 -5.4352489
v -0.0113268 0.0382807 0.0039009
vn 1.2510197 -1.8219492 5.7175970
v -0.0113594 0.0371062 0.0061066
vn -0.3716846 -2.7928402 5.3911133
v 0.0051298 0.0384732 0.0061104
vn 1.9901047 -5.5919824 1.6735953
v -0.0115174 0.0376221 0.0068501
vn 1.8338921 -4.4640260 3.4960022
v -0.0114658 0.0374538 0.0064173
vn 0.9316280 -4.8541346 3.5093119
v -0.0073847 0.0384672 0.0064173
vn -0.7908689 -5.9333048 0.8828077
v 0.0052002 0.0390008 0.0068529
vn -0.1505102 -5.9840078 0.8829782
v 0.0009893 0.0393336 0.0068529
vn 0.4918444 -5.9656568 0.8829681
v -0.0032329 0.0392130 0.0068529
vn 1.0924897 -5.8894811 0.9099503
v -0.0074180 0.0386404 0.0068529
vn 1.9490280 -5.8738508 0.2592324
v -0.0115175 0.0376225 0.0068529
vn 0.4061339 -4.9260650 3.5091586
v -0.0032185 0.0390371 0.0064173
vn -0.1242816 -4.9412155 3.5091562
v 0.0009849 0.0391572 0.0064173
vn -0.6530266 -4.8993998 3.5093150
v 0.0051769 0.0388260 0.0064173
vn 1.5726216 -3.0658109 5.0636458
v -0.0113617 0.0371135 0.0061104
vn 0.5304990 -2.7670722 5.3911152
v -0.0073176 0.0381176 0.0061104
vn 0.2314654 -2.8074803 5.3912187
v -0.0031892 0.0386824 0.0061104
vn -0.0708315 -2.8161135 5.3912210
v 0.0009759 0.0388014 0.0061104
vn 2.9442708 -0.0705966 5.3261132
v -0.0118082 0.0319618 0.0061245
vn 3.5874324 -0.4222874 5.0263963
v -0.0117170 0.0366867 0.0061278
vn 2.1404612 -0.7105091 5.7116613
v -0.0117049 0.0366865 0.0061211
vn 2.2465038 -4.1957283 -3.7109661
v -0.0115726 0.0385755 0.0035988
vn 2.9430048 -4.1024432 -3.4167280
v -0.0117051 0.0385545 0.0035221
vn 4.0638747 -3.3163750 -3.3027432
v -0.0118877 0.0384404 0.0034479
vn 3.6731710 -4.2782621 -2.6833577
v -0.0118060 0.0385525 0.0034050
vn 4.7014160 -1.8653424 -3.5293424
v -0.0120087 0.0381749 0.0035056
vn 3.7461290 -1.9665277 -4.3173318
v -0.0118294 0.0381712 0.0037172
vn 2.2815957 -2.1934309 -5.1125059
v -0.0115910 0.0382089 0.0038552
vn 2.5024269 -5.0421896 -2.5331521
v -0.0117062 0.0386549 0.0033506
vn 3.1602590 -1.7261493 4.6019516
v -0.0117823 0.0369400 0.0062105
vn 4.8635445 -1.0085013 3.7219896
v -0.0120909 0.0367432 0.0064991
vn 4.8998137 -2.1547520 3.0532815
v -0.0121038 0.0369591 0.0066087
vn 3.3476820 -3.7072394 3.0754681
v -0.0118133 0.0373137 0.0064983
vn 2.8350055 -5.2397451 0.9013847
v -0.0117135 0.0375450 0.0068983
vn 4.1257877 -4.5245671 0.9264388
v -0.0119238 0.0373936 0.0069576
vn 4.6660542 -3.5211644 1.9411132
v -0.0120499 0.0371993 0.0067732
vn 2.6018722 -5.5631142 -0.6235856
v -0.0117368 0.0375252 0.0071457
vn 3.7344863 -4.9994268 0.0393216
v -0.0118566 0.0374537 0.0070322
vn -2.9398170 -0.0715574 -5.3298135
v -0.0171775 0.0312206 0.0038760
vn -1.8686495 -0.3018708 -5.9531384
v -0.0172472 0.0270068 0.0039456
vn -3.3781536 -0.2038535 -5.2027283
v -0.0170957 0.0270099 0.0038791
vn -2.9145627 -0.4135987 -5.3024168
v -0.0172560 0.0352864 0.0038732
vn -4.5552726 -0.6365980 -4.0988569
v -0.0169582 0.0352925 0.0036191
vn -1.1741650 -3.8949568 -4.4783487
v -0.0174082 0.0359975 0.0036063
vn 0.6430551 -5.2641630 -3.0086751
v -0.0178006 0.0361620 0.0034609
vn 0.6319055 -5.3478165 -2.9691861
v -0.0175669 0.0363748 0.0030998
vn 4.7664261 -1.9554659 -3.5132487
v -0.0120863 0.0381818 0.0033834
vn 3.0254261 -4.9782672 -2.2023225
v -0.0117985 0.0386618 0.0032054
vn 4.2900953 -1.9603055 -4.0835233
v -0.0124922 0.0381639 0.0029002
vn 2.9181964 -1.9447155 -5.1516261
v -0.0133505 0.0379691 0.0023306
vn 3.6445403 -1.9910851 -4.6552181
v -0.0127993 0.0381124 0.0026442
vn 2.1017461 -2.0096369 -5.5104809
v -0.0137747 0.0378248 0.0021846
vn 0.3966330 -2.0956776 -5.8419771
v -0.0147987 0.0373756 0.0021050
vn 1.2053406 -2.0238552 -5.7630835
v -0.0144125 0.0375612 0.0020923
vn -0.4673542 -2.0469437 -5.8363075
v -0.0154427 0.0370201 0.0022438
vn -1.0429318 -2.2122691 -5.6968212
v -0.0155376 0.0369623 0.0022776
vn -1.8973242 -2.1786304 -5.4813633
v -0.0161343 0.0365606 0.0025841
vn -2.7121556 -2.3347707 -5.0487313
v -0.0164509 0.0363132 0.0028289
vn 4.1420321 -3.5718968 -2.9945514
v -0.0119719 0.0384472 0.0033151
vn 3.7541177 -3.6282003 -3.4068351
v -0.0124130 0.0384294 0.0027904
vn 3.3378038 -3.6527758 -3.7908707
v -0.0127468 0.0383786 0.0025127
vn 2.8688595 -3.6662207 -4.1416659
v -0.0133464 0.0382369 0.0021731
vn 2.3330579 -3.7247334 -4.4123492
v -0.0138082 0.0380943 0.0020156
vn 1.7680166 -3.7457910 -4.6410117
v -0.0145025 0.0378342 0.0019174
vn 1.1965051 -3.8472407 -4.7336602
v -0.0149229 0.0376512 0.0019329
vn 0.6454574 -3.8427835 -4.8231654
v -0.0156243 0.0373011 0.0020871
vn 0.2169781 -3.9930437 -4.7359257
v -0.0157275 0.0372444 0.0021244
vn -0.3492936 -4.0418100 -4.6820726
v -0.0163770 0.0368499 0.0024618
vn -0.9456365 -4.2126255 -4.4335680
v -0.0167214 0.0366076 0.0027304
vn -1.5516391 -4.3575668 -4.0944214
v -0.0172055 0.0362043 0.0032762
vn -3.6248562 -2.3725967 -4.4072728
v -0.0168966 0.0358999 0.0033272
vn -4.1788893 -1.5588028 -4.2913094
v -0.0170586 0.0356519 0.0036245
vn -3.7850571 -2.0575867 -4.5346746
v -0.0170685 0.0356662 0.0036265
vn -3.5350320 -2.3743758 -4.5534081
v -0.0170835 0.0356872 0.0036292
vn -2.9152746 -3.1397052 -4.4733496
v -0.0172133 0.0358382 0.0036351
vn -2.0953164 -3.7375505 -4.4706335
v -0.0173406 0.0359494 0.0036203
vn 0.9372659 -5.2781992 -3.0484056
v -0.0170176 0.0367884 0.0025086
vn 1.1972743 -5.1893768 -3.1256471
v -0.0166315 0.0370362 0.0022206
vn 1.4423348 -5.1408305 -3.1188323
v -0.0159098 0.0374388 0.0018635
vn 1.6142411 -5.0768085 -3.1449416
v -0.0157956 0.0374966 0.0018246
vn 1.8574677 -5.0655756 -3.0552726
v -0.0150231 0.0378531 0.0016680
vn 2.0881016 -5.0179620 -2.9958665
v -0.0145619 0.0380392 0.0016574
vn 2.3167951 -5.0019441 -2.8688803
v -0.0138026 0.0383036 0.0017736
vn 2.5297716 -4.9743967 -2.7431524
v -0.0132986 0.0384484 0.0019505
vn 2.7181139 -4.9642267 -2.5847859
v -0.0126447 0.0385922 0.0023261
vn 2.8867569 -4.9522672 -2.4231999
v -0.0122805 0.0386438 0.0026311
vn -3.4257696 -4.2654424 2.9825170
v -0.0171429 0.0347753 0.0066858
vn -4.2163453 -2.6374502 3.5667713
v -0.0169394 0.0344473 0.0065401
vn -3.9931037 -2.6534271 3.9233394
v -0.0165850 0.0344532 0.0069938
vn -1.2103459 -5.8712707 1.2192615
v -0.0174594 0.0349800 0.0068947
vn -2.6325500 -5.1281409 2.3637171
v -0.0171488 0.0347814 0.0066898
vn -2.7401342 -4.7381082 2.8957508
v -0.0167841 0.0347869 0.0071570
vn -3.1046100 -2.5910034 4.6884861
v -0.0163156 0.0345001 0.0072420
vn -1.9764456 -2.5211370 5.2986388
v -0.0158427 0.0346354 0.0075537
vn -0.8468421 -2.4607005 5.6297460
v -0.0154527 0.0347826 0.0077235
vn 0.2762507 -2.3924043 5.7173347
v -0.0148727 0.0350457 0.0078612
vn 1.3666861 -2.1908481 5.6419477
v -0.0145016 0.0352372 0.0078854
vn 2.2515163 -2.2293279 5.3399668
v -0.0138746 0.0355987 0.0078168
vn 2.8743234 -2.0166354 5.1232138
v -0.0137976 0.0356464 0.0077986
vn 3.6712444 -2.0708411 4.5809364
v -0.0131856 0.0360538 0.0075687
vn 4.4043074 -1.9035407 3.9723074
v -0.0128580 0.0362960 0.0073728
vn 5.0655384 -1.8838913 3.1158993
v -0.0123594 0.0367114 0.0069354
vn 4.8600330 -3.3711963 1.9660561
v -0.0123263 0.0369566 0.0071187
vn 4.3954368 -3.4555647 2.7284670
v -0.0128636 0.0365510 0.0075789
vn 3.8471270 -3.6372116 3.2579532
v -0.0132152 0.0363152 0.0077832
vn 3.2355826 -3.7037549 3.7803366
v -0.0138693 0.0359204 0.0080195
vn 2.7643592 -3.8831370 3.9659534
v -0.0139513 0.0358743 0.0080378
vn 2.0140915 -3.9936843 4.2949252
v -0.0146164 0.0355268 0.0081022
vn 1.1371648 -4.2040548 4.4090114
v -0.0150075 0.0353439 0.0080720
vn 0.1227282 -4.3648663 4.3942041
v -0.0156145 0.0350947 0.0079209
vn -0.9027008 -4.5461416 4.1074305
v -0.0160194 0.0349564 0.0077403
vn -1.8875772 -4.6566353 3.6159427
v -0.0165073 0.0348303 0.0074140
vn 4.1803102 -4.5734167 0.6202840
v -0.0122189 0.0371511 0.0073320
vn 3.9302289 -4.6764364 1.1494358
v -0.0127945 0.0367457 0.0078334
vn 3.5925400 -4.8323269 1.5218943
v -0.0131723 0.0365101 0.0080578
vn 3.2247500 -4.9332924 1.9172413
v -0.0138774 0.0361158 0.0083208
vn 2.9060800 -5.0721440 2.0525570
v -0.0139661 0.0360699 0.0083416
vn 2.4198306 -5.2154117 2.3059611
v -0.0146869 0.0357230 0.0084194
vn 1.8161241 -5.4068842 2.4069321
v -0.0151123 0.0355406 0.0083913
vn 1.1071237 -5.5857449 2.4216876
v -0.0157753 0.0352921 0.0082336
vn 0.3683992 -5.7587252 2.2285607
v -0.0162191 0.0351543 0.0080404
vn -0.3544242 -5.8790498 1.8815264
v -0.0167552 0.0350287 0.0076871
vn -0.9819372 -5.9531155 1.3560371
v -0.0170596 0.0349855 0.0074067
vn 0.7818120 -6.0589166 -0.4010686
v -0.0178160 0.0350077 0.0071184
vn 3.1081462 -5.3272185 -0.7844908
v -0.0120475 0.0372763 0.0075551
vn 3.0431929 -5.3825035 -0.5418554
v -0.0126581 0.0368593 0.0081090
vn 2.9231882 -5.4562550 -0.3773485
v -0.0130617 0.0366162 0.0083607
vn 2.7976451 -5.5181170 -0.1833704
v -0.0138210 0.0362075 0.0086635
vn 2.6628819 -5.5839138 -0.1203786
v -0.0139170 0.0361597 0.0086883
vn 2.4700727 -5.6679444 -0.0016533
v -0.0147029 0.0357975 0.0087912
vn 2.2110970 -5.7687297 0.0527079
v -0.0151714 0.0356058 0.0087706
vn 1.8999555 -5.8731074 0.0676672
v -0.0159089 0.0353427 0.0086107
vn 1.5650268 -5.9680543 -0.0165653
v -0.0164080 0.0351955 0.0084033
vn 1.2289751 -6.0397196 -0.1738726
v -0.0170159 0.0350604 0.0080133
vn 0.9387356 -6.0791612 -0.4215928
v -0.0173624 0.0350136 0.0076985
vn -1.8995420 -0.5476609 5.8429470
v -0.0173618 0.0340270 0.0060655
vn -2.9409299 -0.0473808 5.3296442
v -0.0171716 0.0309190 0.0061238
vn -3.0405269 -0.6827773 5.3576717
v -0.0172318 0.0340297 0.0061260
vn -4.0928402 -0.6876864 4.5311275
v -0.0170757 0.0340329 0.0062333
vn -2.9397693 -0.3998874 5.3738809
v -0.0170957 0.0270099 0.0061209
vn -5.2935781 -3.0717890 -0.3388417
v -0.0172709 0.0255100 0.0050000
vn -3.0329597 -5.3215103 -0.4154308
v -0.0176361 0.0258689 0.0050000
vn -2.9940906 -5.1762519 -1.4233998
v -0.0176154 0.0258961 0.0047727
vn -2.4110022 -3.2329979 -4.6930423
v -0.0174107 0.0262446 0.0042194
vn -0.5949741 -3.6817346 -5.0282073
v -0.0177903 0.0263784 0.0042166
vn -0.5619437 -3.1785531 -5.3730555
v -0.0177690 0.0264088 0.0041935
vn -4.0411744 -0.8058965 -4.6136360
v -0.0169803 0.0265712 0.0038445
vn -2.1113696 -1.0684496 -5.7551942
v -0.0172754 0.0266606 0.0039957
vn -0.5314012 -1.2778077 -6.1142955
v -0.0176099 0.0267251 0.0040385
vn -2.1757886 -1.8423262 -5.5218687
v -0.0172969 0.0265643 0.0040290
vn -0.5391375 -1.9258788 -5.9389563
v -0.0176379 0.0266473 0.0040642
vn -0.5707775 -2.4386010 -5.7454624
v -0.0176512 0.0266163 0.0040765
vn -2.2687764 -2.6092696 -5.1417651
v -0.0173952 0.0262793 0.0041914
vn -0.5974239 -4.2379131 -4.5750198
v -0.0178552 0.0262932 0.0042926
vn -2.5591824 -3.8914795 -4.0471239
v -0.0175217 0.0260358 0.0044534
vn -0.6219561 -4.7387514 -4.0441971
v -0.0179484 0.0261845 0.0044212
vn -2.7143898 -4.4077263 -3.3364978
v -0.0175342 0.0260154 0.0044856
vn -0.6945102 -5.1242423 -3.5206437
v -0.0179673 0.0261640 0.0044513
vn -5.2250719 -2.9809840 -1.2109934
v -0.0172554 0.0255510 0.0047307
vn -5.0906658 -2.7571917 -2.0402398
v -0.0172485 0.0255693 0.0046764
vn -4.8719606 -2.4975970 -2.8063478
v -0.0171925 0.0257219 0.0043971
vn -4.6806335 -2.1554780 -3.3701544
v -0.0171825 0.0257503 0.0043602
vn -4.4196315 -1.7971785 -3.9276800
v -0.0170926 0.0260317 0.0040949
vn -4.2496977 -1.4290724 -4.2577381
v -0.0170799 0.0260775 0.0040633
vn -4.0522037 -1.0235449 -4.5847306
v -0.0169982 0.0264478 0.0038817
vn -2.8467166 -4.8805590 -2.4187455
v -0.0176063 0.0259085 0.0047265
vn -0.7073350 -5.5564923 -2.7879276
v -0.0180514 0.0260769 0.0046154
vn -0.7327437 -5.8116169 -2.1760616
v -0.0180805 0.0260483 0.0046930
vn -0.7543891 -6.0368466 -1.4440259
v -0.0180957 0.0260336 0.0047429
vn -0.7776345 -6.1911578 -0.3967900
v -0.0181311 0.0260000 0.0050000
vn -0.1090412 -2.7771428 -5.2975435
v -0.0177268 0.0357125 0.0038998
vn -1.3626825 -2.3714483 -5.3417244
v -0.0175182 0.0356502 0.0038998
vn 1.5827824 -4.1069894 -4.3013721
v -0.0180947 0.0359749 0.0036233
vn 2.0009785 -4.7887483 -3.3157303
v -0.0180962 0.0359779 0.0036191
vn -0.2788467 -4.5385327 -3.8702180
v -0.0177135 0.0360611 0.0036191
vn -2.3073516 -1.2797117 -5.3926916
v -0.0173657 0.0354949 0.0038998
vn 0.9777646 -2.5557632 -5.3948994
v -0.0179384 0.0356641 0.0039009
vn -3.2266338 -2.4586015 4.3156271
v -0.0171727 0.0344174 0.0062618
vn -1.4119782 -1.9883153 5.4423990
v -0.0174754 0.0343290 0.0060804
vn 0.0693005 -1.3760802 5.9973569
v -0.0178026 0.0341829 0.0060171
vn 0.7119441 -2.5582650 5.5623937
v -0.0179286 0.0344248 0.0061104
vn -0.4022411 -3.8853700 4.4713135
v -0.0176664 0.0346717 0.0062435
vn -2.0538738 -4.3248692 3.4563913
v -0.0173731 0.0347573 0.0064193
vn -0.5463507 -5.6058364 1.9660842
v -0.0176356 0.0349641 0.0066817
vn 2.6091375 -5.3850842 0.9244187
v -0.0181745 0.0348969 0.0068529
vn 1.9637975 -5.6893859 0.5179969
v -0.0180399 0.0349633 0.0069254
vn 2.3051305 -5.0337467 2.7193632
v -0.0181162 0.0347851 0.0064949
vn 0.8059875 -5.2561512 2.7469807
v -0.0178666 0.0348967 0.0065432
vn 1.8311069 -4.4169607 3.8959479
v -0.0180930 0.0347405 0.0064173
vn 1.3566468 -3.5491769 4.8461828
v -0.0179834 0.0345301 0.0061822
vn 1.0903997 -5.9536533 0.0998065
v -0.0179130 0.0350004 0.0070015
vn -1.9575373 -1.1400123 5.7794018
v -0.0172695 0.0266929 0.0060135
vn -3.9333074 -0.5819205 4.7729640
v -0.0169754 0.0266127 0.0061657
vn -3.0125740 -5.3098898 0.6271506
v -0.0176358 0.0258693 0.0050274
vn -5.2799234 -3.0727673 0.5450931
v -0.0172707 0.0255106 0.0050326
vn -5.1905422 -2.9609184 1.4401275
v -0.0172510 0.0255626 0.0053051
vn -5.0029202 -2.6902096 2.3688784
v -0.0172383 0.0255965 0.0053901
vn -4.7624269 -2.4162495 3.0843902
v -0.0171733 0.0257769 0.0056721
vn -4.5450664 -2.0122299 3.6590505
v -0.0171623 0.0258089 0.0057083
vn -4.3074985 -1.6987262 4.1127787
v -0.0170694 0.0261166 0.0059617
vn -2.9502428 -5.1192994 1.6989132
v -0.0176096 0.0259040 0.0052577
vn -2.7978494 -4.7288442 2.7705827
v -0.0175929 0.0259271 0.0053304
vn -2.6547403 -4.1890187 3.6632228
v -0.0175101 0.0260551 0.0055748
vn -2.4774823 -3.6348624 4.3320251
v -0.0174964 0.0260785 0.0056066
vn -2.3512754 -2.9591084 4.9066668
v -0.0173825 0.0263090 0.0058310
vn -2.2255156 -2.3104053 5.3069339
v -0.0173703 0.0263388 0.0058519
vn -0.6286069 -3.5353124 5.1317263
v -0.0177518 0.0264345 0.0058247
vn -0.6359016 -4.3168707 4.4937091
v -0.0179113 0.0262262 0.0056334
vn -0.6942236 -4.9463658 3.7681618
v -0.0179313 0.0262035 0.0056047
vn -0.7243010 -5.5400496 2.8134863
v -0.0180586 0.0260697 0.0053669
vn -0.7652900 -5.9602714 1.7237915
v -0.0180859 0.0260430 0.0052901
vn -0.7875224 -6.1716242 0.6141002
v -0.0181305 0.0260005 0.0050316
vn -4.1441483 -1.2788619 4.4215403
v -0.0170593 0.0261556 0.0059852
vn -0.4847731 -1.8705232 5.9655051
v -0.0176180 0.0267002 0.0059540
vn -0.3480910 -2.2930470 5.8318648
v -0.0176517 0.0266152 0.0059230
vn -0.5384895 -2.9150779 5.5219455
v -0.0177354 0.0264601 0.0058417
vn -3.9811502 -0.9448512 4.6719627
v -0.0169855 0.0265316 0.0061447
vn -2.1751134 -1.6466826 5.5879564
v -0.0172816 0.0266297 0.0059946
vn -0.6416689 -1.1878695 6.1192832
v -0.0176022 0.0267511 0.0059685
vn 0.4397094 -2.0268919 -5.9141054
v -0.0292954 0.0267254 0.0040385
vn 0.3319296 -3.0224922 -5.4888144
v -0.0294633 0.0266190 0.0040754
vn 0.4349860 -3.8158753 -4.9565930
v -0.0297767 0.0263946 0.0042040
vn 0.3461046 -4.4908047 -4.3710680
v -0.0298113 0.0263665 0.0042263
vn 0.4394407 -5.1581631 -3.5184903
v -0.0299950 0.0261864 0.0044185
vn 0.4542434 -5.6835318 -2.6167309
v -0.0300478 0.0260747 0.0046208
vn 0.4920183 -6.2487950 -0.2167032
v -0.0299040 0.0260000 0.0050000
vn 0.4581360 -6.1626229 -1.0806714
v -0.0299666 0.0260047 0.0049033
vn 0.4821346 -5.9607172 -1.8944762
v -0.0300457 0.0260573 0.0046663
vn 2.6294627 -3.9838045 -3.7654390
v -0.0221801 0.0336104 0.0036233
vn 3.0772481 -3.6489735 -3.7651181
v -0.0259607 0.0307840 0.0036233
vn 3.3152308 -3.5294633 -3.7627096
v -0.0293847 0.0275347 0.0036233
vn 1.4808985 -2.2440617 -5.4769297
v -0.0219885 0.0333200 0.0039009
vn 1.7333206 -2.0553563 -5.4769287
v -0.0257364 0.0305180 0.0039009
vn 1.7118670 -2.1533961 -5.5117717
v -0.0291307 0.0272967 0.0039009
vn 4.1839867 -4.3202233 0.9430186
v -0.0279468 0.0276963 0.0068529
vn 3.3049922 -4.9959464 0.8797166
v -0.0216744 0.0328379 0.0068529
vn 3.7692978 -4.6585107 0.9120392
v -0.0249434 0.0304291 0.0068529
vn 2.7376106 -4.1204071 3.5117738
v -0.0215772 0.0326907 0.0064173
vn 1.5681169 -2.3418574 5.3953934
v -0.0213811 0.0323936 0.0061104
vn 3.1341033 -3.8233733 3.5111737
v -0.0248316 0.0302927 0.0064173
vn 1.7852113 -2.1778264 5.3928933
v -0.0246060 0.0300175 0.0061104
vn 3.4051955 -3.5415478 3.5902135
v -0.0278215 0.0275721 0.0064173
vn 1.8867239 -1.9348819 5.4587998
v -0.0275687 0.0273215 0.0061104
vn 0.3824254 -6.0285730 1.6989859
v -0.0295771 0.0260513 0.0053161
vn 0.3552218 -6.2017446 0.8993183
v -0.0296737 0.0260292 0.0052401
vn 0.3126770 -5.6078944 2.8040509
v -0.0291829 0.0261683 0.0055552
vn 0.3890095 -5.1329527 3.5835195
v -0.0290194 0.0262251 0.0056321
vn 0.4357663 -3.3037431 5.3103976
v -0.0281551 0.0265720 0.0059038
vn 0.3505764 -4.2270775 4.6254034
v -0.0284606 0.0264419 0.0058298
vn 0.4079212 -1.8993692 5.9622893
v -0.0275213 0.0268634 0.0059906
vn 0.4117405 -0.9569534 6.1670299
v -0.0272481 0.0269981 0.0060000
vn 2.0012980 -2.8902891 -5.1142068
v -0.0295935 0.0269294 0.0039028
vn 1.7957455 -5.9074907 -0.7208903
v -0.0301830 0.0259548 0.0051026
vn 3.3332887 -5.1229224 -1.1512703
v -0.0304368 0.0258233 0.0051960
vn 3.3391926 -5.0330520 -1.5211989
v -0.0304977 0.0258255 0.0050343
vn 3.4802434 -3.7357774 -3.4888933
v -0.0298472 0.0270621 0.0036441
vn 3.3440924 -4.0263033 -3.3076620
v -0.0300093 0.0268774 0.0036921
vn 3.3621075 -4.2795248 -2.9908564
v -0.0303131 0.0264866 0.0038836
vn 3.3109281 -4.4562387 -2.7979827
v -0.0303467 0.0264375 0.0039183
vn 3.3601513 -4.6710854 -2.3990791
v -0.0305253 0.0261252 0.0042280
vn 3.3374248 -4.8403120 -2.0683589
v -0.0305767 0.0259351 0.0045625
vn 3.3537228 -4.9322028 -1.8107362
v -0.0305746 0.0259064 0.0046382
vn 1.8249960 -3.6006522 -4.7180762
v -0.0297556 0.0267843 0.0039357
vn 1.8933138 -4.1698194 -4.2109413
v -0.0300593 0.0264757 0.0040781
vn 1.7545254 -4.5770550 -3.8436141
v -0.0300929 0.0264369 0.0041046
vn 1.8482112 -5.0894723 -3.1115606
v -0.0302715 0.0261893 0.0043440
vn 1.7778283 -5.4630327 -2.4394188
v -0.0303228 0.0260392 0.0046057
vn 1.7553768 -5.6853671 -1.8834529
v -0.0303208 0.0260167 0.0046651
vn 1.7236335 -5.8621187 -1.2481117
v -0.0302439 0.0259551 0.0049759
vn 1.3587440 -6.0500660 0.6813860
v -0.0298898 0.0260285 0.0053690
vn 4.2507253 -4.3229694 0.8339141
v -0.0279503 0.0276928 0.0068532
vn 4.1377716 -4.5050898 0.6243961
v -0.0282022 0.0274490 0.0068599
vn 4.0146718 -4.6903591 0.2475987
v -0.0287993 0.0269069 0.0067527
vn 3.8857963 -4.8222375 0.0036334
v -0.0290915 0.0266595 0.0066400
vn 3.8501546 -4.8649521 -0.3681183
v -0.0296308 0.0262398 0.0063159
vn 3.7647533 -4.9210196 -0.5750469
v -0.0297896 0.0261280 0.0061855
vn 3.7772479 -4.8839302 -0.8854697
v -0.0301737 0.0258927 0.0057722
vn 3.7205868 -4.8931808 -1.0824556
v -0.0302681 0.0258467 0.0056393
vn 2.5940206 -5.6747293 -0.0903673
v -0.0300922 0.0259664 0.0055049
vn 2.7294924 -5.6178284 0.1774671
v -0.0299991 0.0260090 0.0056155
vn 2.6717982 -5.5736465 0.8274997
v -0.0296208 0.0262221 0.0059548
vn 2.8754039 -5.3707199 1.3082771
v -0.0294645 0.0263220 0.0060597
vn 2.8874509 -5.1015558 2.0593090
v -0.0289350 0.0266920 0.0063105
vn 3.1533916 -4.6851606 2.5655706
v -0.0286490 0.0269067 0.0063901
vn 3.2843397 -4.1038151 3.2451344
v -0.0280679 0.0273675 0.0064422
vn 3.4485044 -3.6642361 3.5071168
v -0.0278249 0.0275692 0.0064179
vn 1.3934482 -5.9522705 1.2732744
v -0.0297956 0.0260630 0.0054599
vn 1.2942436 -5.6580544 2.2697682
v -0.0294122 0.0262359 0.0057381
vn 1.4937778 -5.2854862 2.9257669
v -0.0292537 0.0263169 0.0058238
vn 1.4422394 -4.5632410 3.9496422
v -0.0287149 0.0266161 0.0060278
vn 1.6734395 -3.8267813 4.5680475
v -0.0284227 0.0267890 0.0060918
vn 1.7129178 -2.6734536 5.2820878
v -0.0278248 0.0271584 0.0061318
vn 1.8991845 -2.0639880 5.4338036
v -0.0275722 0.0273193 0.0061109
vn -0.4024520 -0.9393010 -6.1684361
v 0.0272481 0.0269981 -0.0180000
vn 0.5865720 -1.9516371 -5.9270649
v 0.0155180 0.0267002 -0.0179540
vn 0.5490535 -1.1259725 -6.1437769
v 0.0155022 0.0267511 -0.0179685
vn 0.4867723 -4.0618539 -4.7521200
v 0.0157554 0.0262929 -0.0177071
vn 0.5459802 -3.5410454 -5.1410003
v 0.0156518 0.0264345 -0.0178247
vn -0.4271769 -3.2856374 -5.3209500
v 0.0281551 0.0265720 -0.0179038
vn -0.4056022 -1.8973505 -5.9629345
v 0.0275213 0.0268634 -0.0179906
vn 0.5639635 -2.8035147 -5.5778522
v 0.0156354 0.0264601 -0.0178417
vn 0.6973079 -4.9460049 -3.7684197
v 0.0158313 0.0262035 -0.0176047
vn 0.0189082 -4.4997063 -4.3746505
v 0.0288293 0.0262954 -0.0177096
vn 0.7278084 -5.5384531 -2.8162744
v 0.0159586 0.0260697 -0.0173669
vn -0.3949040 -5.0190501 -3.7355900
v 0.0290194 0.0262251 -0.0176321
vn -0.2794962 -4.1034470 -4.7390819
v 0.0284606 0.0264419 -0.0178298
vn 0.6152735 -4.5156913 -4.2860208
v 0.0158113 0.0262262 -0.0176334
vn -0.2535606 -5.5593367 -2.9060903
v 0.0291829 0.0261683 -0.0175552
vn -0.3370147 -5.8453975 -2.2591271
v 0.0294754 0.0260780 -0.0173871
vn 0.7670454 -5.9603195 -1.7232352
v 0.0159859 0.0260430 -0.0172901
vn 0.7913750 -6.1714125 -0.6141721
v 0.0160305 0.0260005 -0.0170316
vn -0.3548652 -6.2017670 -0.8992459
v 0.0296737 0.0260292 -0.0172401
vn -0.4914632 -6.2488275 0.2160779
v 0.0299040 0.0260000 -0.0170000
vn 0.7796365 -6.1911163 0.3954601
v 0.0160311 0.0260000 -0.0170000
vn -0.3265016 -6.0652122 -1.5752907
v 0.0295771 0.0260513 -0.0173161
vn 0.5305167 -1.2774577 6.1144166
v 0.0155099 0.0267251 -0.0160385
vn 0.5378051 -1.9268823 5.9386301
v 0.0155379 0.0266473 -0.0160642
vn -0.4396048 -2.0268753 5.9141078
v 0.0292954 0.0267254 -0.0160385
vn 0.5706435 -2.4386232 5.7454557
v 0.0155512 0.0266163 -0.0160765
vn -0.3318471 -3.0223639 5.4888954
v 0.0294633 0.0266190 -0.0160754
vn 0.5614740 -3.1784637 5.3731327
v 0.0156690 0.0264088 -0.0161935
vn 0.5940980 -3.6824913 5.0276270
v 0.0156903 0.0263784 -0.0162166
vn -0.4347716 -3.8156667 4.9567556
v 0.0297767 0.0263946 -0.0162040
vn 0.5972083 -4.2379026 4.5750799
v 0.0157552 0.0262932 -0.0162926
vn -0.3458859 -4.4906735 4.3711720
v 0.0298113 0.0263665 -0.0162263
vn 0.6210651 -4.7388840 4.0440779
v 0.0158484 0.0261845 -0.0164212
vn 0.6934568 -5.1248417 3.5197778
v 0.0158673 0.0261640 -0.0164513
vn -0.4393893 -5.1581774 3.5184581
v 0.0299950 0.0261864 -0.0164185
vn 0.7072320 -5.5565376 2.7878308
v 0.0159514 0.0260769 -0.0166154
vn -0.4541591 -5.6835299 2.6168032
v 0.0300478 0.0260747 -0.0166208
vn 0.7542742 -6.0368695 1.4439535
v 0.0159957 0.0260336 -0.0167429
vn -0.4580199 -6.1625905 1.0808942
v 0.0299666 0.0260047 -0.0169033
vn 0.7326684 -5.8115983 2.1761177
v 0.0159805 0.0260483 -0.0166930
vn -0.4821313 -5.9607525 1.8943611
v 0.0300457 0.0260573 -0.0166663
vn 2.9981689 -0.2486249 -5.5008955
v 0.0149957 0.0270099 -0.0181209
vn 1.7908194 -0.3518384 -5.9779587
v 0.0151472 0.0270068 -0.0180544
vn 2.0381420 -0.9096324 -5.8083763
v 0.0151695 0.0266929 -0.0180135
vn 5.2935734 -3.0717721 0.3389131
v 0.0151709 0.0255100 -0.0170000
vn 3.0125628 -5.3099060 -0.6271033
v 0.0155358 0.0258693 -0.0170274
vn 3.0329659 -5.3214960 0.4154819
v 0.0155361 0.0258689 -0.0170000
vn 5.2799301 -3.0727799 -0.5450178
v 0.0151707 0.0255106 -0.0170326
vn 5.1905413 -2.9609122 -1.4401468
v 0.0151510 0.0255626 -0.0173051
vn 5.0029149 -2.6901975 -2.3688955
v 0.0151383 0.0255965 -0.0173901
vn 4.7624359 -2.4162569 -3.0843716
v 0.0150733 0.0257769 -0.0176721
vn 2.9502497 -5.1192942 -1.6989125
v 0.0155096 0.0259040 -0.0172577
vn 2.7978489 -4.7288475 -2.7705760
v 0.0154929 0.0259271 -0.0173304
vn 2.6547394 -4.1890235 -3.6632187
v 0.0154101 0.0260551 -0.0175748
vn 2.4942553 -3.5974810 -4.3590269
v 0.0153964 0.0260785 -0.0176066
vn 4.5450659 -2.0122378 -3.6590483
v 0.0150623 0.0258089 -0.0177083
vn 4.3074985 -1.6987195 -4.1127801
v 0.0149694 0.0261166 -0.0179617
vn 4.1441479 -1.2788659 -4.4215393
v 0.0149593 0.0261556 -0.0179852
vn 3.9811509 -0.9448615 -4.6719608
v 0.0148855 0.0265316 -0.0181447
vn 3.9281390 -0.5139544 -4.7867680
v 0.0148754 0.0266127 -0.0181657
vn 4.0605583 -0.2216541 -4.7381926
v 0.0148574 0.0270128 -0.0182116
vn 2.1428933 -1.6309879 -5.6010256
v 0.0151816 0.0266297 -0.0179946
vn 2.2139874 -2.3370924 -5.2975526
v 0.0152703 0.0263388 -0.0178519
vn 2.3994162 -2.9707842 -4.8836746
v 0.0152825 0.0263090 -0.0178310
vn -4.2506642 -4.3230138 -0.8340039
v 0.0279503 0.0276928 -0.0188532
vn -4.1740127 -4.3302002 -0.9222267
v 0.0279468 0.0276963 -0.0188529
vn -1.8987093 -2.0643477 -5.4337411
v 0.0275722 0.0273193 -0.0181109
vn -1.8907961 -1.9290416 -5.4610300
v 0.0275687 0.0273215 -0.0181104
vn -1.7129221 -2.6734538 -5.2820849
v 0.0278248 0.0271584 -0.0181318
vn -3.4485083 -3.6642399 -3.5071220
v 0.0278249 0.0275692 -0.0184179
vn -3.4154203 -3.5329943 -3.5928078
v 0.0278215 0.0275721 -0.0184173
vn -1.6734418 -3.8267808 -4.5680475
v 0.0284227 0.0267890 -0.0180918
vn -3.2843413 -4.1038156 -3.2451339
v 0.0280679 0.0273675 -0.0184422
vn -4.1377711 -4.5050893 -0.6243989
v 0.0282022 0.0274490 -0.0188599
vn -3.1533909 -4.6851602 -2.5655725
v 0.0286490 0.0269067 -0.0183901
vn -1.4095759 -4.6539183 -3.8646345
v 0.0287149 0.0266161 -0.0180278
vn -4.0146718 -4.6903596 -0.2476012
v 0.0287993 0.0269069 -0.0187527
vn -3.8857956 -4.8222384 -0.0036347
v 0.0290915 0.0266595 -0.0186400
vn -2.8874502 -5.1015568 -2.0593095
v 0.0289350 0.0266920 -0.0183105
vn -2.8754044 -5.3707209 -1.3082756
v 0.0294645 0.0263220 -0.0180597
vn -1.5940515 -5.2734981 -2.9132104
v 0.0292537 0.0263169 -0.0178238
vn -1.2909162 -5.6922650 -2.1974218
v 0.0294122 0.0262359 -0.0177381
vn -1.4085168 -5.9472375 -1.2812810
v 0.0297956 0.0260630 -0.0174599
vn -2.6717949 -5.5736475 -0.8275007
v 0.0296208 0.0262221 -0.0179548
vn -3.8501537 -4.8649535 0.3681164
v 0.0296308 0.0262398 -0.0183159
vn -1.2486348 -6.0845470 -0.6653123
v 0.0298898 0.0260285 -0.0173690
vn -2.7294941 -5.6178265 -0.1774663
v 0.0299991 0.0260090 -0.0176155
vn -3.7647526 -4.9210200 0.5750452
v 0.0297896 0.0261280 -0.0181855
vn -3.3970025 -5.0950031 1.1357912
v 0.0304368 0.0258233 -0.0171960
vn -3.7205877 -4.8931808 1.0824564
v 0.0302681 0.0258467 -0.0176393
vn -3.7772484 -4.8839302 0.8854703
v 0.0301737 0.0258927 -0.0177722
vn -2.5940645 -5.6797504 0.3021628
v 0.0300922 0.0259664 -0.0175049
vn -1.7825041 -5.9534965 0.4579163
v 0.0301830 0.0259548 -0.0171026
vn -3.3282654 -3.5175180 3.7662528
v 0.0293847 0.0275347 -0.0156233
vn -1.7174071 -2.1448004 5.5145140
v 0.0291307 0.0272967 -0.0159009
vn -2.0013011 -2.8902869 5.1142058
v 0.0295935 0.0269294 -0.0159028
vn -3.3391910 -5.0330515 1.5212018
v 0.0304977 0.0258255 -0.0170343
vn -3.4802470 -3.7357783 3.4888921
v 0.0298472 0.0270621 -0.0156441
vn -3.3440936 -4.0263042 3.3076611
v 0.0300093 0.0268774 -0.0156921
vn -3.3621068 -4.2795248 2.9908593
v 0.0303131 0.0264866 -0.0158836
vn -3.3109262 -4.4562397 2.7979851
v 0.0303467 0.0264375 -0.0159183
vn -3.3601508 -4.6710854 2.3990800
v 0.0305253 0.0261252 -0.0162280
vn -3.3374233 -4.8403187 2.0683491
v 0.0305767 0.0259351 -0.0165625
vn -3.3537197 -4.9322071 1.8107274
v 0.0305746 0.0259064 -0.0166382
vn -1.8249958 -3.6006489 4.7180762
v 0.0297556 0.0267843 -0.0159357
vn -1.8933161 -4.1698160 4.2109432
v 0.0300593 0.0264757 -0.0160781
vn -1.7545261 -4.5770559 3.8436122
v 0.0300929 0.0264369 -0.0161046
vn -1.8482150 -5.0894709 3.1115603
v 0.0302715 0.0261893 -0.0163440
vn -1.7778268 -5.4630327 2.4394178
v 0.0303228 0.0260392 -0.0166057
vn -1.7553744 -5.6853685 1.8834516
v 0.0303208 0.0260167 -0.0166651
vn -1.7236341 -5.8621178 1.2481128
v 0.0302439 0.0259551 -0.0169759
vn 2.9941046 -5.1762495 1.4233656
v 0.0155154 0.0258961 -0.0167727
vn 2.4109888 -3.2329731 4.6930714
v 0.0153107 0.0262446 -0.0162194
vn 2.9478281 -0.1955244 5.5273113
v 0.0149957 0.0270099 -0.0158791
vn 4.0752583 -0.2353039 4.7236357
v 0.0148574 0.0270128 -0.0157884
vn 3.9481881 -0.5973472 4.7545204
v 0.0148803 0.0265712 -0.0158445
vn 1.8686602 -0.3017214 5.9531331
v 0.0151472 0.0270068 -0.0159456
vn 2.1113503 -1.0684339 5.7552037
v 0.0151754 0.0266606 -0.0159957
vn 2.1757891 -1.8423120 5.5218711
v 0.0151969 0.0265643 -0.0160290
vn 2.2687588 -2.6092353 5.1417847
v 0.0152952 0.0262793 -0.0161914
vn 2.5591772 -3.8914859 4.0471220
v 0.0154217 0.0260358 -0.0164534
vn 2.7143867 -4.4077296 3.3364975
v 0.0154342 0.0260154 -0.0164856
vn 5.2250772 -2.9809823 1.2109374
v 0.0151554 0.0255510 -0.0167307
vn 5.0906787 -2.7572019 2.0402014
v 0.0151485 0.0255693 -0.0166764
vn 4.8719544 -2.4975939 2.8063567
v 0.0150925 0.0257219 -0.0163971
vn 4.6806340 -2.1554818 3.3701451
v 0.0150825 0.0257503 -0.0163602
vn 4.4196358 -1.7972047 3.9276564
v 0.0149926 0.0260317 -0.0160949
vn 4.2497044 -1.4291064 4.2577224
v 0.0149799 0.0260775 -0.0160633
vn 4.0521960 -1.0235206 4.5847487
v 0.0148982 0.0264478 -0.0158817
vn 2.8467090 -4.8805847 2.4187121
v 0.0155063 0.0259085 -0.0167265
vn 1.8455220 -0.7360864 -5.8023620
v 0.0152878 0.0350314 -0.0180634
vn 2.9383218 -0.0600501 -5.3319054
v 0.0150806 0.0313807 -0.0181241
vn 3.0071683 -0.8349376 -5.3237786
v 0.0151512 0.0350342 -0.0181267
vn 4.0451603 -0.8346590 -4.5098615
v 0.0149994 0.0350373 -0.0182307
vn -0.1623806 -1.7565877 -5.8937683
v 0.0157693 0.0353178 -0.0180531
vn -0.7511382 -3.0721807 -5.2529693
v 0.0158244 0.0354413 -0.0181104
vn -1.3959823 -2.4459286 -5.3991890
v 0.0190301 0.0338283 -0.0181104
vn -1.3884679 -4.1129870 -4.3735347
v 0.0159447 0.0357107 -0.0183406
vn -1.7790825 -4.9702659 -3.1424274
v 0.0159695 0.0357663 -0.0184173
vn -2.4368172 -4.3078494 -3.5159142
v 0.0192046 0.0341385 -0.0184173
vn -2.2285309 -5.4808497 -1.8020837
v 0.0160380 0.0359197 -0.0188046
vn -2.3552401 -5.7024608 -0.2304725
v 0.0160415 0.0359274 -0.0188529
vn -2.9434333 -5.2234745 -0.8826495
v 0.0192911 0.0342923 -0.0188529
vn -3.8498578 -4.5948110 -0.8852190
v 0.0252694 0.0301590 -0.0188529
vn -3.4090285 -4.9307427 -0.8852317
v 0.0223759 0.0323640 -0.0188529
vn -3.1766388 -3.7913256 -3.5163641
v 0.0251561 0.0300238 -0.0184173
vn -2.8129003 -4.0685153 -3.5163624
v 0.0222756 0.0322189 -0.0184173
vn -1.8068625 -2.1564949 -5.3972125
v 0.0249275 0.0297510 -0.0181104
vn -1.5999722 -2.3141634 -5.3972073
v 0.0220732 0.0319261 -0.0181104
vn -1.6866665 -4.9104877 3.3328934
v 0.0159748 0.0369688 -0.0156191
vn -1.3425417 -4.1955905 4.3055115
v 0.0159735 0.0369657 -0.0156233
vn -2.3601396 -4.1401329 3.7970116
v 0.0196720 0.0351373 -0.0156233
vn -3.1326203 -3.6051092 3.7721992
v 0.0264130 0.0303969 -0.0156233
vn -2.7472906 -3.9067178 3.7722120
v 0.0231641 0.0329400 -0.0156233
vn -0.8271807 -2.6051278 5.4014020
v 0.0158354 0.0366463 -0.0159009
vn -1.3116539 -2.3428154 5.4824114
v 0.0195020 0.0348336 -0.0159009
vn -1.5444880 -2.1963005 5.4824171
v 0.0229639 0.0326553 -0.0159009
vn -1.7611139 -2.0267417 5.4824133
v 0.0261848 0.0301342 -0.0159009
vn 2.9425049 -0.0712371 5.3275752
v 0.0150863 0.0316753 -0.0158757
vn 2.9250727 -0.4165360 5.2955666
v 0.0151747 0.0362579 -0.0158725
vn 4.5544729 -0.6499265 4.0940275
v 0.0148781 0.0362640 -0.0156191
vn -5.2935739 -3.0717719 -0.3389081
v 0.0096291 0.0255100 -0.0170000
vn -3.0329597 -5.3215075 -0.4154321
v 0.0092639 0.0258689 -0.0170000
vn -2.9941003 -5.1762552 -1.4233557
v 0.0092846 0.0258961 -0.0172273
vn -2.9478190 -0.1954957 -5.5273128
v 0.0098043 0.0270099 -0.0181209
vn -4.0746679 -0.2336891 -4.7243447
v 0.0099426 0.0270128 -0.0182116
vn -3.9481909 -0.5973465 -4.7545195
v 0.0099197 0.0265712 -0.0181555
vn -1.8686575 -0.3015712 -5.9531436
v 0.0096528 0.0270068 -0.0180544
vn -2.1113770 -1.0684791 -5.7551899
v 0.0096246 0.0266606 -0.0180043
vn -0.5255110 -1.2755629 -6.1150899
v 0.0092901 0.0267251 -0.0179615
vn -2.2176950 -1.8579903 -5.5054049
v 0.0096031 0.0265643 -0.0179710
vn -0.5441001 -2.2774515 -5.8128920
v 0.0092621 0.0266473 -0.0179358
vn -2.2913804 -2.5710537 -5.1564636
v 0.0095048 0.0262793 -0.0178086
vn -0.5281377 -3.1239176 -5.4093800
v 0.0091310 0.0264088 -0.0178065
vn -2.4684825 -3.2403054 -4.6687078
v 0.0094893 0.0262446 -0.0177806
vn -0.5922662 -3.9249661 -4.8455992
v 0.0091097 0.0263784 -0.0177834
vn -2.5853639 -3.8517380 -4.0778127
v 0.0093783 0.0260358 -0.0175466
vn -0.5966694 -4.6213822 -4.1860571
v 0.0089516 0.0261845 -0.0175788
vn -2.7143872 -4.4077239 -3.3365011
v 0.0093658 0.0260154 -0.0175144
vn -0.6875050 -5.1280231 -3.5151796
v 0.0089327 0.0261640 -0.0175487
vn -5.2250795 -2.9809763 -1.2109632
v 0.0096446 0.0255510 -0.0172693
vn -5.0906701 -2.7572005 -2.0402169
v 0.0096515 0.0255693 -0.0173236
vn -4.8719597 -2.4975927 -2.8063517
v 0.0097075 0.0257219 -0.0176029
vn -4.6806364 -2.1554806 -3.3701506
v 0.0097175 0.0257503 -0.0176398
vn -4.4196424 -1.7972034 -3.9276531
v 0.0098074 0.0260317 -0.0179051
vn -4.2497077 -1.4291054 -4.2577238
v 0.0098201 0.0260775 -0.0179367
vn -4.0522037 -1.0235178 -4.5847454
v 0.0099018 0.0264478 -0.0181183
vn -2.8467176 -4.8805823 -2.4187078
v 0.0092937 0.0259085 -0.0172735
vn -0.7099361 -5.5572553 -2.7860942
v 0.0088486 0.0260769 -0.0173846
vn -0.7392666 -5.8103294 -2.1793785
v 0.0088195 0.0260483 -0.0173070
vn -0.7566698 -6.0362840 -1.4457924
v 0.0088043 0.0260336 -0.0172571
vn -0.7737253 -6.1911969 -0.3994078
v 0.0087689 0.0260000 -0.0170000
vn -0.5909095 -6.1624603 0.5586308
v 0.0155977 0.0360210 -0.0190692
vn -0.3535578 -5.9126601 -0.5563275
v 0.0157138 0.0360188 -0.0189279
vn 1.2553025 -2.5463076 -5.1380959
v 0.0154309 0.0354452 -0.0181169
vn 3.0086915 -2.9233880 -4.0433035
v 0.0151205 0.0355159 -0.0182998
vn 1.5353041 -4.9666085 -2.6610482
v 0.0153830 0.0358822 -0.0185542
vn 0.0789120 -4.6763620 -3.5740137
v 0.0156517 0.0358210 -0.0183958
vn 4.4490986 -2.4496984 -3.5669260
v 0.0148799 0.0355204 -0.0185771
vn 3.8129835 -3.8324041 -3.0393972
v 0.0148858 0.0355332 -0.0185819
vn 2.3545318 -5.2499719 -1.8251865
v 0.0151818 0.0358910 -0.0187992
vn 0.6808407 -6.1571045 -0.4654115
v 0.0155935 0.0360210 -0.0190665
vn -1.2104955 -5.7585292 -1.0901399
v 0.0158689 0.0359834 -0.0188365
vn 1.5010152 -2.3355043 5.3040113
v 0.0154273 0.0366150 -0.0158998
vn 2.3419116 -1.3072721 5.3497343
v 0.0152824 0.0364610 -0.0158998
vn 0.2298722 -2.7677691 5.3049598
v 0.0156277 0.0366829 -0.0158998
vn 0.4347385 -4.5198345 3.9036989
v 0.0155992 0.0370306 -0.0156191
vn 4.3579144 -2.1191542 2.8867652
v 0.0149779 0.0366313 -0.0156191
vn 3.2331710 -2.1799128 4.5741572
v 0.0149881 0.0366562 -0.0156144
vn 3.0163345 -3.7476037 2.7700112
v 0.0152387 0.0369086 -0.0156191
vn 1.8238169 -4.2034569 4.0587158
v 0.0152956 0.0369684 -0.0155880
vn -0.3974088 -5.3197594 2.9788134
v 0.0156738 0.0371418 -0.0154483
vn -3.0125763 -5.3098888 0.6271533
v 0.0092642 0.0258693 -0.0169726
vn -5.2799296 -3.0727789 0.5450200
v 0.0096293 0.0255106 -0.0169674
vn -5.1905417 -2.9609101 1.4401457
v 0.0096490 0.0255626 -0.0166949
vn -5.0029159 -2.6901960 2.3688920
v 0.0096617 0.0255965 -0.0166099
vn -4.7624307 -2.4162693 3.0843637
v 0.0097267 0.0257769 -0.0163279
vn -4.5450854 -2.0122445 3.6590254
v 0.0097377 0.0258089 -0.0162917
vn -4.3074989 -1.6987269 4.1127791
v 0.0098306 0.0261166 -0.0160383
vn -2.9502478 -5.1192961 1.6989106
v 0.0092904 0.0259040 -0.0167423
vn -2.7978475 -4.7288537 2.7705653
v 0.0093071 0.0259271 -0.0166696
vn -2.6547091 -4.1889729 3.6633167
v 0.0093899 0.0260551 -0.0164252
vn -2.4774587 -3.6347885 4.3320880
v 0.0094036 0.0260785 -0.0163934
vn -2.3512721 -2.9590948 4.9066801
v 0.0095175 0.0263090 -0.0161690
vn -2.2255199 -2.3103747 5.3069463
v 0.0095297 0.0263388 -0.0161481
vn -0.6253720 -3.5338335 5.1329751
v 0.0091482 0.0264345 -0.0161753
vn -0.6302349 -4.3227868 4.4881258
v 0.0089887 0.0262262 -0.0163666
vn -0.6959803 -4.9443746 3.7707405
v 0.0089687 0.0262035 -0.0163953
vn -0.7227954 -5.5408640 2.8120170
v 0.0088414 0.0260697 -0.0166331
vn -0.7663106 -5.9602814 1.7235343
v 0.0088141 0.0260430 -0.0167099
vn -0.7844598 -6.1715083 0.6173046
v 0.0087695 0.0260005 -0.0169684
vn -0.4734539 -1.8705343 5.9657860
v 0.0092820 0.0267002 -0.0160460
vn -0.3372626 -2.3029771 5.8285046
v 0.0092483 0.0266152 -0.0160770
vn -0.5396996 -2.9143696 5.5223031
v 0.0091646 0.0264601 -0.0161583
vn -4.1441507 -1.2788570 4.4215412
v 0.0098407 0.0261556 -0.0160148
vn -3.9811516 -0.9448475 4.6719618
v 0.0099145 0.0265316 -0.0158553
vn -2.1751137 -1.6466773 5.5879574
v 0.0096184 0.0266297 -0.0160054
vn -2.0381510 -0.9096261 5.8083725
v 0.0096305 0.0266929 -0.0159865
vn -3.9281392 -0.5139593 4.7867675
v 0.0099246 0.0266127 -0.0158343
vn -4.0605373 -0.2213565 4.7382183
v 0.0099426 0.0270128 -0.0157884
vn -2.9981718 -0.2485999 5.5009003
v 0.0098043 0.0270099 -0.0158791
vn -1.7928348 -0.3486553 5.9776568
v 0.0096528 0.0270068 -0.0159456
vn -0.5472198 -1.1251743 6.1440115
v 0.0092978 0.0267511 -0.0160315
vn 0.5811065 -1.9566766 -5.9257822
v -0.0113820 0.0267002 -0.0179540
vn 0.5448432 -1.1240618 -6.1443272
v -0.0113978 0.0267511 -0.0179685
vn 0.6959771 -4.9443855 -3.7707276
v -0.0110687 0.0262035 -0.0176047
vn 0.6173249 -4.5150213 -4.2867260
v -0.0110887 0.0262262 -0.0176334
vn 0.4827661 -4.0657759 -4.7487612
v -0.0111446 0.0262929 -0.0177071
vn 0.5444031 -3.5396173 -5.1420660
v -0.0112482 0.0264345 -0.0178247
vn 0.5652357 -2.8029518 -5.5780883
v -0.0112646 0.0264601 -0.0178417
vn 0.7227980 -5.5408669 -2.8120091
v -0.0109414 0.0260697 -0.0173669
vn 0.7663136 -5.9602795 -1.7235378
v -0.0109141 0.0260430 -0.0172901
vn 0.7844603 -6.1715074 -0.6173052
v -0.0108695 0.0260005 -0.0170316
vn 0.7737257 -6.1911950 0.3994115
v -0.0108689 0.0260000 -0.0170000
vn -2.9461284 -0.0700814 -5.3245969
v 0.0097024 0.0322592 -0.0181247
vn -3.5990777 -0.4700319 -5.0042357
v 0.0096058 0.0372679 -0.0181282
vn -2.1523926 -0.7112075 -5.7066879
v 0.0095930 0.0372676 -0.0181211
vn -3.6362536 -5.0455909 -0.3384292
v 0.0097043 0.0380656 -0.0190399
vn -2.6529510 -5.5777006 0.5665192
v 0.0096403 0.0381037 -0.0190986
vn -3.1202943 -5.3169260 0.3714525
v 0.0100796 0.0377894 -0.0196441
vn -4.1613379 -2.3966045 -3.8914917
v 0.0108781 0.0369335 -0.0195073
vn 3.9303308 -3.1563582 -3.4998341
v 0.0145676 0.0355102 -0.0189961
vn -0.0958430 -6.1028104 0.0765014
v 0.0152070 0.0359981 -0.0195803
vn 3.1432729 -3.1278961 -4.2428269
v 0.0143279 0.0355260 -0.0192283
vn 2.1479561 -3.0888000 -4.8510294
v 0.0138565 0.0356083 -0.0195606
vn 1.0896009 -3.0264809 -5.2395015
v 0.0135123 0.0356990 -0.0197269
vn 0.0075539 -2.9695306 -5.3886833
v 0.0129381 0.0358928 -0.0198936
vn -1.0100656 -2.8185308 -5.3805313
v 0.0125988 0.0360283 -0.0199352
vn -1.8902526 -2.7809029 -5.1579337
v 0.0119715 0.0363153 -0.0199077
vn -2.5805995 -2.5990322 -4.9537716
v 0.0118539 0.0363742 -0.0198873
vn -3.3440897 -2.5965376 -4.4969182
v 0.0112312 0.0367154 -0.0196924
vn 2.2108486 -5.3611560 -1.9783465
v 0.0148403 0.0358694 -0.0192433
vn 1.5633330 -5.3372049 -2.5754986
v 0.0145832 0.0358842 -0.0194925
vn 0.7724087 -5.2690797 -3.0391736
v 0.0140773 0.0359618 -0.0198499
vn -0.0708796 -5.1403484 -3.3446224
v 0.0137069 0.0360476 -0.0200296
vn -0.9257671 -5.0043902 -3.4280255
v 0.0130871 0.0362322 -0.0202108
vn -1.6878562 -4.8318262 -3.3926272
v 0.0127198 0.0363619 -0.0202568
vn -2.3567824 -4.7033525 -3.1694729
v 0.0120388 0.0366381 -0.0202289
vn -2.8268094 -4.5525055 -3.0085151
v 0.0119109 0.0366950 -0.0202071
vn -3.3848057 -4.4564242 -2.5835423
v 0.0112324 0.0370259 -0.0199974
vn -3.8915794 -4.2873259 -2.1353347
v 0.0108470 0.0372382 -0.0197972
vn -4.8658924 -2.3723702 -3.0327897
v 0.0103516 0.0373034 -0.0190946
vn -4.3514352 -4.1632118 -1.4407394
v 0.0102715 0.0375998 -0.0193498
vn -0.4211994 -6.0871186 -0.2252090
v 0.0149109 0.0360138 -0.0198656
vn -0.8186184 -6.0377460 -0.4543634
v 0.0143279 0.0360957 -0.0202701
vn -1.2343731 -5.9567313 -0.6036199
v 0.0139028 0.0361861 -0.0204694
vn -1.6460202 -5.8588710 -0.6368189
v 0.0131969 0.0363793 -0.0206628
vn -2.0095563 -5.7528801 -0.6113843
v 0.0127820 0.0365145 -0.0207064
vn -2.3081856 -5.6570134 -0.4968379
v 0.0120196 0.0368010 -0.0206590
vn -2.5299292 -5.5721850 -0.4137565
v 0.0118773 0.0368599 -0.0206316
vn -2.7563324 -5.4952154 -0.1857839
v 0.0111277 0.0372010 -0.0203819
vn -2.9667487 -5.3968554 0.0316898
v 0.0107054 0.0374191 -0.0201511
vn -4.8213739 -1.2561119 -3.6844602
v 0.0099845 0.0373650 -0.0185159
vn -4.8198690 -2.4787948 -2.9591980
v 0.0099792 0.0376173 -0.0186454
vn -4.6948113 -3.4300613 -2.1784477
v 0.0099360 0.0377728 -0.0187500
vn -4.1434560 -4.3989654 -1.3292670
v 0.0098638 0.0379074 -0.0188620
vn -0.4145958 -5.4052372 2.9215517
v 0.0152040 0.0375049 -0.0148003
vn -4.5937905 -1.8804388 3.6700830
v 0.0098900 0.0387473 -0.0155103
vn -3.8806674 -3.4482903 3.3928761
v 0.0097561 0.0390202 -0.0154545
vn -4.5921025 -2.0233159 3.6945286
v 0.0101160 0.0387720 -0.0151830
vn -2.2582638 -5.1655202 2.5402243
v 0.0095587 0.0392363 -0.0153554
vn -2.7633562 -5.0724354 2.3060224
v 0.0098276 0.0392611 -0.0149667
vn -4.1091361 -2.0300159 4.2273726
v 0.0103475 0.0387710 -0.0149250
vn -3.4798720 -2.0031710 4.7667780
v 0.0108479 0.0387141 -0.0145279
vn -2.7365930 -2.0413079 5.2131109
v 0.0111882 0.0386458 -0.0143440
vn -1.9568304 -2.0215020 5.5555596
v 0.0117985 0.0384789 -0.0141421
vn -0.3711395 -2.0391145 5.8555951
v 0.0127908 0.0381037 -0.0141030
vn -1.1374747 -2.1256111 5.7407541
v 0.0121386 0.0383642 -0.0140904
vn 0.2772549 -2.1771510 5.8098931
v 0.0129314 0.0380404 -0.0141250
vn 1.1391170 -2.1498008 5.7117043
v 0.0135674 0.0377187 -0.0143168
vn 2.0294414 -2.2708015 5.4022269
v 0.0139512 0.0374920 -0.0145166
vn 2.8682725 -2.2619700 4.9914370
v 0.0144757 0.0371261 -0.0149303
vn 3.3832178 -2.4416885 4.5538611
v 0.0146083 0.0370192 -0.0150709
vn 1.6112939 -4.3178849 4.1070824
v 0.0148841 0.0373219 -0.0149944
vn 1.2060579 -4.1809478 4.3940568
v 0.0147402 0.0374263 -0.0148405
vn 0.5927140 -4.1359925 4.5809593
v 0.0141704 0.0377845 -0.0143874
vn -0.0379982 -4.0025063 4.7429314
v 0.0137533 0.0380070 -0.0141681
vn -0.6056973 -3.9629340 4.7405686
v 0.0130617 0.0383232 -0.0139566
vn -1.0643340 -3.8478417 4.7570438
v 0.0129088 0.0383855 -0.0139322
vn -1.5785615 -3.8570218 4.6187043
v 0.0121994 0.0386422 -0.0139161
vn -2.1147628 -3.7836781 4.4660506
v 0.0118296 0.0387552 -0.0139712
vn -2.6219692 -3.7764325 4.2016439
v 0.0111660 0.0389200 -0.0141891
vn -3.1061990 -3.7401390 3.8947258
v 0.0107962 0.0389874 -0.0143882
vn -3.5272043 -3.7340403 3.5249605
v 0.0102525 0.0390436 -0.0148190
vn -3.8934379 -3.7026088 3.1501930
v 0.0100012 0.0390446 -0.0150991
vn -3.3916564 -4.4322424 2.8194060
v 0.0096553 0.0391464 -0.0154054
vn -0.6054289 -5.3373919 3.0262098
v 0.0150416 0.0376119 -0.0146335
vn -0.8978971 -5.2928104 3.0631371
v 0.0144038 0.0379782 -0.0141458
vn -1.1682456 -5.2237368 3.1051478
v 0.0139406 0.0382053 -0.0139124
vn -1.4104578 -5.1859832 3.0802288
v 0.0131772 0.0385276 -0.0136917
vn -1.5962468 -5.1358404 3.0786800
v 0.0130090 0.0385910 -0.0136671
vn -1.8166765 -5.1315908 2.9822438
v 0.0122307 0.0388522 -0.0136586
vn -2.0342379 -5.0973935 2.9068398
v 0.0118260 0.0389671 -0.0137229
vn -2.2419975 -5.0893445 2.7762971
v 0.0111008 0.0391346 -0.0139669
vn -2.4390745 -5.0718751 2.6433926
v 0.0106969 0.0392030 -0.0141870
vn -2.6150525 -5.0662360 2.4837682
v 0.0101028 0.0392601 -0.0146600
vn -1.8081859 -0.6043490 5.8569942
v 0.0094347 0.0384333 -0.0159395
vn -2.9452734 -0.0622765 5.3254890
v 0.0096969 0.0325440 -0.0158751
vn -3.0412736 -0.6196709 5.3737197
v 0.0095834 0.0384363 -0.0158710
vn -4.0856242 -0.5779825 4.5829439
v 0.0097289 0.0384393 -0.0157710
vn 0.5941827 -3.9234772 4.8466897
v -0.0112097 0.0263784 -0.0162166
vn 0.5291009 -3.1242766 5.4091153
v -0.0112310 0.0264088 -0.0161935
vn 0.5443620 -2.2773018 5.8129406
v -0.0113621 0.0266473 -0.0160642
vn 0.5262779 -1.2752655 6.1151395
v -0.0113901 0.0267251 -0.0160385
vn 0.5966826 -4.6214237 4.1860075
v -0.0110516 0.0261845 -0.0164212
vn 0.6875246 -5.1280718 3.5150990
v -0.0110327 0.0261640 -0.0164513
vn 0.7099392 -5.5572557 2.7860935
v -0.0109486 0.0260769 -0.0166154
vn 0.7566661 -6.0362763 1.4458268
v -0.0109043 0.0260336 -0.0167429
vn 0.7392661 -5.8103170 2.1794095
v -0.0109195 0.0260483 -0.0166930
vn 2.9981697 -0.2486118 -5.5008965
v -0.0119043 0.0270099 -0.0181209
vn 1.7919341 -0.3500584 -5.9777966
v -0.0117528 0.0270068 -0.0180544
vn 2.0381460 -0.9096211 -5.8083754
v -0.0117305 0.0266929 -0.0180135
vn 5.2935734 -3.0717721 0.3389131
v -0.0117291 0.0255100 -0.0170000
vn 3.0125630 -5.3099041 -0.6271027
v -0.0113642 0.0258693 -0.0170274
vn 3.0329671 -5.3214955 0.4154819
v -0.0113639 0.0258689 -0.0170000
vn 5.2799301 -3.0727799 -0.5450178
v -0.0117293 0.0255106 -0.0170326
vn 5.1905413 -2.9609122 -1.4401468
v -0.0117490 0.0255626 -0.0173051
vn 5.0029149 -2.6901975 -2.3688955
v -0.0117617 0.0255965 -0.0173901
vn 4.7624359 -2.4162569 -3.0843716
v -0.0118267 0.0257769 -0.0176721
vn 2.9502504 -5.1192942 -1.6989129
v -0.0113904 0.0259040 -0.0172577
vn 2.7978499 -4.7288465 -2.7705760
v -0.0114071 0.0259271 -0.0173304
vn 2.6547391 -4.1890240 -3.6632180
v -0.0114899 0.0260551 -0.0175748
vn 2.4942548 -3.5974805 -4.3590264
v -0.0115036 0.0260785 -0.0176066
vn 4.5450659 -2.0122378 -3.6590483
v -0.0118377 0.0258089 -0.0177083
vn 4.3074989 -1.6987176 -4.1127796
v -0.0119306 0.0261166 -0.0179617
vn 4.1441503 -1.2788655 -4.4215374
v -0.0119407 0.0261556 -0.0179852
vn 3.9811523 -0.9448599 -4.6719608
v -0.0120145 0.0265316 -0.0181447
vn 3.9281421 -0.5139544 -4.7867661
v -0.0120246 0.0266127 -0.0181657
vn 4.0605593 -0.2214821 -4.7381983
v -0.0120426 0.0270128 -0.0182116
vn 2.1428888 -1.6309769 -5.6010318
v -0.0117184 0.0266297 -0.0179946
vn 2.2139888 -2.3370678 -5.2975602
v -0.0116297 0.0263388 -0.0178519
vn 2.3994031 -2.9707675 -4.8836932
v -0.0116175 0.0263090 -0.0178310
vn -3.1078587 -1.8487263 -4.5627623
v 0.0096634 0.0375485 -0.0182152
vn -3.1554945 -3.8717339 -3.0718358
v 0.0096715 0.0379240 -0.0185022
vn -1.1600091 -1.8848608 -5.7128081
v 0.0092228 0.0376942 -0.0181066
vn -1.4092956 -3.1440277 -5.0597887
v 0.0092246 0.0377016 -0.0181104
vn -2.5748682 -5.3623819 -0.8489094
v 0.0095554 0.0381506 -0.0189005
vn -1.5877225 -4.5539374 -3.4943786
v 0.0093092 0.0380473 -0.0184173
vn -1.6765932 -5.6921411 -1.6713198
v 0.0093510 0.0382182 -0.0188501
vn -1.5820521 -5.9781761 -0.2325476
v 0.0093511 0.0382186 -0.0188529
vn -2.0101113 -4.3138471 3.7112870
v 0.0094211 0.0391565 -0.0155988
vn -2.7098711 -4.2613139 3.4144394
v 0.0095545 0.0391429 -0.0155223
vn -1.2012429 -4.5563192 3.8140330
v 0.0092723 0.0391873 -0.0156233
vn -3.6323161 -2.1153398 4.3243990
v 0.0096996 0.0387670 -0.0157176
vn -2.1568830 -2.2774999 5.1170135
v 0.0094596 0.0387916 -0.0158553
vn -0.9161468 -2.4817693 5.4359784
v 0.0091921 0.0388486 -0.0159009
vn 2.9941053 -5.1762490 1.4233650
v -0.0113846 0.0258961 -0.0167727
vn 2.9478278 -0.1955096 5.5273128
v -0.0119043 0.0270099 -0.0158791
vn 4.0746536 -0.2337087 4.7243514
v -0.0120426 0.0270128 -0.0157884
vn 3.9481881 -0.5973472 4.7545204
v -0.0120197 0.0265712 -0.0158445
vn 1.8686647 -0.3015806 5.9531350
v -0.0117528 0.0270068 -0.0159456
vn 2.1113503 -1.0684335 5.7552037
v -0.0117246 0.0266606 -0.0159957
vn 2.2176893 -1.8579696 5.5054188
v -0.0117031 0.0265643 -0.0160290
vn 2.2913404 -2.5710051 5.1564999
v -0.0116048 0.0262793 -0.0161914
vn 2.4684699 -3.2402592 4.6687531
v -0.0115893 0.0262446 -0.0162194
vn 2.5853591 -3.8517396 4.0778170
v -0.0114783 0.0260358 -0.0164534
vn 2.7143867 -4.4077296 3.3364975
v -0.0114658 0.0260154 -0.0164856
vn 5.2250772 -2.9809823 1.2109374
v -0.0117446 0.0255510 -0.0167307
vn 5.0906787 -2.7572019 2.0402014
v -0.0117515 0.0255693 -0.0166764
vn 4.8719544 -2.4975939 2.8063567
v -0.0118075 0.0257219 -0.0163971
vn 4.6806340 -2.1554818 3.3701451
v -0.0118175 0.0257503 -0.0163602
vn 4.4196358 -1.7972047 3.9276564
v -0.0119074 0.0260317 -0.0160949
vn 4.2497044 -1.4291064 4.2577224
v -0.0119201 0.0260775 -0.0160633
vn 4.0521960 -1.0235206 4.5847487
v -0.0120018 0.0264478 -0.0158817
vn 2.8467090 -4.8805847 2.4187121
v -0.0113937 0.0259085 -0.0167265
vn 2.2574239 -0.5489988 -5.7033281
v -0.0117049 0.0366865 -0.0181211
vn 3.5658212 -0.3816793 -5.0378957
v -0.0117170 0.0366867 -0.0181278
vn 2.9357007 -0.0712116 -5.3301802
v -0.0118082 0.0319618 -0.0181245
vn 1.2151675 -1.8849633 -5.7175579
v -0.0113594 0.0371062 -0.0181066
vn 1.5726205 -3.0658123 -5.0636463
v -0.0113617 0.0371135 -0.0181104
vn 0.5305004 -2.7670779 -5.3911142
v -0.0073176 0.0381176 -0.0181104
vn -0.6530263 -4.8993993 -3.5093143
v 0.0051769 0.0388260 -0.0184173
vn 1.9875619 -5.5943527 -1.6711755
v -0.0115174 0.0376221 -0.0188501
vn 1.9490267 -5.8738513 -0.2592309
v -0.0115175 0.0376225 -0.0188529
vn 1.0924897 -5.8894811 -0.9099494
v -0.0074180 0.0386404 -0.0188529
vn -0.7908684 -5.9333048 -0.8828081
v 0.0052002 0.0390008 -0.0188529
vn -0.1505096 -5.9840078 -0.8829776
v 0.0009893 0.0393336 -0.0188529
vn 0.4918439 -5.9656563 -0.8829664
v -0.0032329 0.0392130 -0.0188529
vn -0.1242822 -4.9412155 -3.5091565
v 0.0009849 0.0391572 -0.0184173
vn 0.4061337 -4.9260645 -3.5091588
v -0.0032185 0.0390371 -0.0184173
vn 0.9316286 -4.8541346 -3.5093122
v -0.0073847 0.0384672 -0.0184173
vn 1.8326869 -4.4639392 -3.4975605
v -0.0114658 0.0374538 -0.0184173
vn -0.3716859 -2.7928469 -5.3911128
v 0.0051298 0.0384732 -0.0181104
vn -0.0708313 -2.8161190 -5.3912196
v 0.0009759 0.0388014 -0.0181104
vn 0.2314657 -2.8074861 -5.3912182
v -0.0031892 0.0386824 -0.0181104
vn -0.6112205 -4.7364492 3.7714920
v 0.0051539 0.0399381 -0.0156233
vn -0.1161935 -4.7743125 3.7714784
v 0.0009798 0.0402574 -0.0156233
vn 0.3800862 -4.7605724 3.7714968
v -0.0032049 0.0401416 -0.0156233
vn 0.8375791 -4.6924014 3.7935255
v -0.0073550 0.0395919 -0.0156233
vn 1.4836028 -4.4592443 3.8377800
v -0.0114255 0.0386144 -0.0156233
vn 1.0750688 -2.3926861 5.4359512
v -0.0113268 0.0382807 -0.0159009
vn 0.4904697 -2.6402068 5.4818530
v -0.0072914 0.0392498 -0.0159009
vn 0.2137203 -2.6768451 5.4818635
v -0.0031772 0.0397947 -0.0159009
vn -0.0653355 -2.6845653 5.4818668
v 0.0009713 0.0399095 -0.0159009
vn -0.3436863 -2.6632843 5.4818616
v 0.0051093 0.0395930 -0.0159009
vn 2.9426816 -0.0620733 5.3280463
v -0.0118026 0.0322513 -0.0158753
vn 1.7723677 -0.6153517 5.8601446
v -0.0115494 0.0378717 -0.0159383
vn 4.0885053 -0.5417712 4.5984902
v -0.0118424 0.0378776 -0.0157693
vn 3.0522723 -0.5830481 5.3778949
v -0.0116942 0.0378746 -0.0158714
vn 4.9149418 -1.0154134 -3.6254470
v -0.0120909 0.0367432 -0.0184991
vn 3.2449563 -1.7657480 -4.5656161
v -0.0117823 0.0369400 -0.0182105
vn 3.3562694 -3.7100887 -3.0478766
v -0.0118133 0.0373137 -0.0184983
vn 2.8646917 -5.2113285 -0.9128053
v -0.0117135 0.0375450 -0.0188983
vn 4.9384036 -2.0985596 -2.9915061
v -0.0121038 0.0369591 -0.0186087
vn 4.6497421 -3.5295765 -1.8996423
v -0.0120499 0.0371993 -0.0187732
vn 4.0923982 -4.4916263 -1.1089120
v -0.0119238 0.0373936 -0.0189576
vn 3.6892664 -5.0391312 -0.0540291
v -0.0118566 0.0374537 -0.0190322
vn 2.6033878 -5.5605006 0.6295609
v -0.0117368 0.0375252 -0.0191457
vn 2.2329917 -2.1629832 5.1284661
v -0.0115910 0.0382089 -0.0158552
vn 3.7510326 -1.9731146 4.3009644
v -0.0118294 0.0381712 -0.0157172
vn 4.5955367 -1.8687704 3.7081192
v -0.0120087 0.0381749 -0.0155056
vn 2.4653938 -5.0538940 2.5654688
v -0.0117062 0.0386549 -0.0153506
vn 3.0669835 -3.9994495 3.3731256
v -0.0117051 0.0385545 -0.0155221
vn 3.5972288 -4.1051426 3.0026677
v -0.0118060 0.0385525 -0.0154050
vn 3.6623032 -3.4265695 3.5687194
v -0.0118877 0.0384404 -0.0154479
vn 2.2411554 -4.1917815 3.7157247
v -0.0115726 0.0385755 -0.0155988
vn -1.8686413 -0.3019954 -5.9531403
v -0.0172472 0.0270068 -0.0180544
vn -2.9317188 -0.0569497 -5.3375216
v -0.0171716 0.0309190 -0.0181238
vn -3.3781400 -0.2038548 -5.2027321
v -0.0170957 0.0270099 -0.0181209
vn -1.9192315 -0.5133862 -5.8417616
v -0.0173618 0.0340270 -0.0180655
vn -4.0820346 -0.7127899 -4.5431185
v -0.0170757 0.0340329 -0.0182333
vn -3.0405333 -0.6827811 -5.3576722
v -0.0172318 0.0340297 -0.0181260
vn -1.2216754 -5.8696280 -1.2106030
v -0.0174594 0.0349800 -0.0188947
vn 0.7794506 -6.0593109 0.4130282
v -0.0178160 0.0350077 -0.0191184
vn 0.8677288 -6.0795603 0.4585299
v -0.0173822 0.0350118 -0.0196778
vn -3.5780530 -2.5979428 -4.3223991
v -0.0165528 0.0344573 -0.0190269
vn -2.8413932 -2.5825801 -4.8576822
v -0.0161224 0.0345485 -0.0193857
vn 5.0408883 -1.8495106 -3.1657338
v -0.0123358 0.0367329 -0.0189091
vn 3.0939233 -5.3331633 0.8185213
v -0.0120188 0.0372979 -0.0195220
vn 4.4235573 -1.8072994 -3.9947593
v -0.0128265 0.0363204 -0.0193507
vn 3.6899972 -1.9674773 -4.6096153
v -0.0131496 0.0360795 -0.0195499
vn 2.7629194 -1.9846760 -5.2040415
v -0.0137599 0.0356700 -0.0197888
vn 1.7800471 -2.1313491 -5.5546803
v -0.0141643 0.0354258 -0.0198658
vn 0.6382974 -2.1893530 -5.7685304
v -0.0147935 0.0350851 -0.0198704
vn -0.2150405 -2.3093352 -5.7394300
v -0.0151588 0.0349100 -0.0198091
vn -1.0079470 -2.4369781 -5.6072922
v -0.0153853 0.0348107 -0.0197461
vn -1.9711813 -2.4594963 -5.3301110
v -0.0159191 0.0346099 -0.0195120
vn 4.8193264 -3.4104300 -1.9993743
v -0.0123009 0.0369777 -0.0190909
vn 4.4413834 -3.4566245 -2.6718721
v -0.0128297 0.0365747 -0.0195557
vn 3.8885043 -3.6482596 -3.2150130
v -0.0131766 0.0363402 -0.0197637
vn 3.2140560 -3.7532673 -3.7774751
v -0.0138291 0.0359432 -0.0200097
vn 2.4097183 -3.9718027 -4.1294656
v -0.0142592 0.0357078 -0.0200859
vn 1.5098479 -4.1102691 -4.4016647
v -0.0149242 0.0353815 -0.0200827
vn 0.7400472 -4.2523384 -4.4429374
v -0.0153076 0.0352151 -0.0200139
vn 0.0244116 -4.4198742 -4.3469887
v -0.0155442 0.0351212 -0.0199454
vn -0.8287921 -4.5142365 -4.1610193
v -0.0160985 0.0349326 -0.0196963
vn -1.6528664 -4.6494093 -3.7417755
v -0.0163083 0.0348754 -0.0195638
vn -2.3420305 -4.6865559 -3.2841020
v -0.0167511 0.0347907 -0.0191913
vn -2.8852630 -4.7273722 -2.7456458
v -0.0167999 0.0347852 -0.0191403
vn -4.2311502 -2.6346898 -3.5471549
v -0.0169394 0.0344473 -0.0185401
vn -4.1465311 -2.6474757 -3.7458701
v -0.0166004 0.0344514 -0.0189776
vn -3.4387443 -4.2668614 -2.9629223
v -0.0171429 0.0347753 -0.0186858
vn -2.6399753 -5.1279669 -2.3520958
v -0.0171488 0.0347814 -0.0186898
vn -1.1031016 -5.9432869 -1.2536639
v -0.0170769 0.0349838 -0.0193884
vn -0.7025293 -5.9091945 -1.6479963
v -0.0170232 0.0349892 -0.0194441
vn -0.1827381 -5.8576913 -1.9725959
v -0.0165364 0.0350735 -0.0198498
vn 0.4180562 -5.7384472 -2.2714903
v -0.0163059 0.0351306 -0.0199930
vn 1.0344355 -5.6169872 -2.3866107
v -0.0156983 0.0353185 -0.0202595
vn 1.5380332 -5.4668050 -2.4517064
v -0.0154397 0.0354121 -0.0203315
vn 2.0765963 -5.3306689 -2.3892887
v -0.0150217 0.0355780 -0.0204019
vn 2.6775110 -5.1653471 -2.1627951
v -0.0142993 0.0359036 -0.0203974
vn 3.2046824 -4.9712024 -1.8977108
v -0.0138340 0.0361386 -0.0203097
vn 3.6151843 -4.8371367 -1.4842016
v -0.0131308 0.0365351 -0.0200363
vn 3.9540651 -4.6761799 -1.1050935
v -0.0127581 0.0367694 -0.0198081
vn 4.1855574 -4.5703869 -0.6346877
v -0.0121918 0.0371721 -0.0193019
vn 1.0552132 -6.0614109 0.2773471
v -0.0173210 0.0350177 -0.0197407
vn 1.3112837 -6.0227785 0.1342121
v -0.0167673 0.0351088 -0.0201941
vn 1.5856509 -5.9598408 0.0022280
v -0.0165061 0.0351701 -0.0203517
vn 1.8703279 -5.8818121 -0.0427565
v -0.0158228 0.0353707 -0.0206378
vn 2.0888996 -5.8061595 -0.0767013
v -0.0155343 0.0354700 -0.0207121
vn 2.3229651 -5.7282372 -0.0198460
v -0.0150712 0.0356452 -0.0207801
vn 2.5710611 -5.6296287 0.0993270
v -0.0142792 0.0359865 -0.0207575
vn 2.7762513 -5.5338945 0.2241617
v -0.0137740 0.0362312 -0.0206503
vn 2.9222190 -5.4567533 0.4163569
v -0.0130173 0.0366420 -0.0203365
vn 3.0379879 -5.3841872 0.5784166
v -0.0126193 0.0368838 -0.0200808
vn -4.1352887 -1.5926100 4.3335133
v -0.0170586 0.0356519 -0.0156245
vn -2.2817166 -3.5684738 4.4585748
v -0.0173406 0.0359494 -0.0156203
vn -3.3865452 -2.5636563 4.5191407
v -0.0170835 0.0356872 -0.0156292
vn -3.6011543 -2.4785352 4.3766122
v -0.0169270 0.0358675 -0.0153711
vn -3.7971237 -2.0682435 4.5164633
v -0.0170685 0.0356662 -0.0156265
vn 1.1206514 -4.8075285 3.2925849
v -0.0178006 0.0361620 -0.0154609
vn -1.1891289 -3.8876760 4.4825773
v -0.0174082 0.0359975 -0.0156063
vn -1.6658856 -4.3767414 4.0174675
v -0.0172386 0.0361727 -0.0153242
vn -2.7116811 -2.4525092 4.9946241
v -0.0164927 0.0362782 -0.0148667
vn -2.0156608 -2.2646303 5.3957839
v -0.0162041 0.0365085 -0.0146323
vn -1.0106150 -2.2235692 5.6988745
v -0.0156150 0.0369141 -0.0143080
vn -0.2351492 -2.1389904 5.8270712
v -0.0153034 0.0371022 -0.0142007
vn 0.6303126 -2.1472371 5.8020887
v -0.0146491 0.0374498 -0.0140940
vn 1.5192715 -2.0222647 5.6861439
v -0.0142633 0.0376277 -0.0141011
vn 2.3314872 -2.0709586 5.3960590
v -0.0136268 0.0378781 -0.0142273
vn 2.9470568 -2.0147729 5.1039310
v -0.0132696 0.0379935 -0.0143671
vn 3.4952374 -1.9779147 4.7694502
v -0.0130257 0.0380604 -0.0144960
vn 4.0396695 -1.9897709 4.3136697
v -0.0125192 0.0381604 -0.0148747
vn 4.5079918 -1.9586701 3.8382368
v -0.0123890 0.0381750 -0.0150041
vn 3.9058297 -3.6121712 3.2426069
v -0.0123008 0.0384404 -0.0149032
vn 3.5987880 -3.6277657 3.5626512
v -0.0124423 0.0384260 -0.0147628
vn 3.2403381 -3.6267347 3.8899446
v -0.0129931 0.0383271 -0.0143520
vn 2.8823256 -3.6490457 4.1319571
v -0.0132585 0.0382610 -0.0142125
vn 2.4780953 -3.6997895 4.3474207
v -0.0136472 0.0381470 -0.0140615
vn 1.9268231 -3.7174420 4.5942221
v -0.0143400 0.0378998 -0.0139264
vn 1.3702419 -3.8067553 4.7113914
v -0.0147601 0.0377244 -0.0139203
vn 0.7434298 -3.8425622 4.8070836
v -0.0154726 0.0373819 -0.0140395
vn 0.2002959 -3.9684551 4.7493019
v -0.0158118 0.0371969 -0.0141579
vn -0.4630512 -4.0408397 4.6542430
v -0.0164530 0.0367988 -0.0145147
vn -1.0207551 -4.2014375 4.4058003
v -0.0167668 0.0365734 -0.0147719
vn 2.9573379 -4.9407334 2.3561502
v -0.0121581 0.0386549 -0.0147547
vn 2.8290505 -4.9456382 2.4972315
v -0.0123125 0.0386403 -0.0146008
vn 2.6839314 -4.9477601 2.6437106
v -0.0129133 0.0385400 -0.0141489
vn 2.5408072 -4.9532866 2.7612982
v -0.0132027 0.0384728 -0.0139943
vn 2.3744450 -4.9824200 2.8549538
v -0.0136268 0.0383570 -0.0138256
vn 2.1517692 -4.9958110 2.9885592
v -0.0143840 0.0381059 -0.0136695
vn 1.9202716 -5.0390425 3.0607529
v -0.0148444 0.0379275 -0.0136567
vn 1.6561989 -5.0669360 3.1447701
v -0.0156281 0.0375790 -0.0137752
vn 1.4203775 -5.1310482 3.1432834
v -0.0160031 0.0373904 -0.0138986
vn 1.1274189 -5.1856914 3.1474345
v -0.0167164 0.0369840 -0.0142771
vn 0.8732719 -5.2743177 3.0636444
v -0.0170687 0.0367534 -0.0145533
vn 0.5785614 -5.3663836 2.9464178
v -0.0176048 0.0363423 -0.0151523
vn -2.9095445 -0.4216421 5.3063869
v -0.0172560 0.0352864 -0.0158732
vn -2.9307306 -0.0531029 5.3340425
v -0.0171775 0.0312206 -0.0158760
vn -4.5596328 -0.6456308 4.0950193
v -0.0169582 0.0352925 -0.0156191
vn -2.9397669 -0.3998947 5.3738847
v -0.0170957 0.0270099 -0.0158791
vn -5.2935786 -3.0717888 -0.3388380
v -0.0172709 0.0255100 -0.0170000
vn -3.0329587 -5.3215094 -0.4154306
v -0.0176361 0.0258689 -0.0170000
vn -2.9940917 -5.1762552 -1.4233825
v -0.0176154 0.0258961 -0.0172273
vn -4.0411720 -0.8058819 -4.6136398
v -0.0169803 0.0265712 -0.0181555
vn -2.1113822 -1.0684723 -5.7551880
v -0.0172754 0.0266606 -0.0180043
vn -0.5257505 -1.2753435 -6.1151156
v -0.0176099 0.0267251 -0.0179615
vn -2.2176900 -1.8579867 -5.5054083
v -0.0172969 0.0265643 -0.0179710
vn -0.5451994 -2.2779341 -5.8126469
v -0.0176379 0.0266473 -0.0179358
vn -2.2913799 -2.5710764 -5.1564541
v -0.0173952 0.0262793 -0.0178086
vn -0.5360218 -3.1238210 -5.4090381
v -0.0177690 0.0264088 -0.0178065
vn -2.4110198 -3.2330248 -4.6930103
v -0.0174107 0.0262446 -0.0177806
vn -0.6036111 -3.6775179 -5.0312676
v -0.0177903 0.0263784 -0.0177834
vn -5.2250738 -2.9809794 -1.2110050
v -0.0172554 0.0255510 -0.0172693
vn -5.0906606 -2.7571900 -2.0402474
v -0.0172485 0.0255693 -0.0173236
vn -4.8719630 -2.4975965 -2.8063459
v -0.0171925 0.0257219 -0.0176029
vn -4.6806369 -2.1554794 -3.3701525
v -0.0171825 0.0257503 -0.0176398
vn -4.4196367 -1.7971777 -3.9276774
v -0.0170926 0.0260317 -0.0179051
vn -4.2497005 -1.4290721 -4.2577400
v -0.0170799 0.0260775 -0.0179367
vn -4.0522075 -1.0235273 -4.5847368
v -0.0169982 0.0264478 -0.0181183
vn -2.8856940 -4.8473339 -2.4619303
v -0.0176063 0.0259085 -0.0172735
vn -2.7689459 -4.4079838 -3.3072643
v -0.0175342 0.0260154 -0.0175144
vn -2.5591872 -3.8914764 -4.0471225
v -0.0175217 0.0260358 -0.0175466
vn -0.6018270 -4.2333698 -4.5791779
v -0.0178552 0.0262932 -0.0177074
vn -0.6182732 -4.7396989 -4.0431890
v -0.0179484 0.0261845 -0.0175788
vn -0.6761079 -5.2269773 -3.3750174
v -0.0179673 0.0261640 -0.0175487
vn -0.6976347 -5.7052913 -2.4722888
v -0.0180805 0.0260483 -0.0173070
vn -0.7536185 -6.0370193 -1.4433815
v -0.0180957 0.0260336 -0.0172571
vn -0.7748146 -6.1911860 -0.3986708
v -0.0181311 0.0260000 -0.0170000
vn -1.4327196 -2.0296762 -5.4344859
v -0.0174754 0.0343290 -0.0180804
vn -3.2262683 -2.4540939 -4.3206673
v -0.0171727 0.0344174 -0.0182618
vn -2.0479715 -4.3288679 -3.4583018
v -0.0173731 0.0347573 -0.0184193
vn 0.1348194 -1.3993388 -6.0024595
v -0.0178026 0.0341829 -0.0180171
vn 0.7119415 -2.5582521 -5.5624042
v -0.0179286 0.0344248 -0.0181104
vn -0.4022413 -3.8853724 -4.4713058
v -0.0176664 0.0346717 -0.0182435
vn 1.3566414 -3.5491667 -4.8461866
v -0.0179834 0.0345301 -0.0181822
vn 1.8311131 -4.4169626 -3.8959453
v -0.0180930 0.0347405 -0.0184173
vn 0.7818156 -5.2595038 -2.7630641
v -0.0178666 0.0348967 -0.0185432
vn 1.0999123 -5.9539580 -0.0993300
v -0.0179130 0.0350004 -0.0190015
vn -0.5468535 -5.6054325 -1.9702752
v -0.0176356 0.0349641 -0.0186817
vn 1.9532689 -5.7060809 -0.4780816
v -0.0180399 0.0349633 -0.0189254
vn 2.3175142 -5.0202141 -2.7439034
v -0.0181162 0.0347851 -0.0184949
vn 2.6787932 -5.3785486 -0.8807849
v -0.0181745 0.0348969 -0.0188529
vn -1.4147972 -2.3773704 5.3098783
v -0.0175182 0.0356502 -0.0158998
vn -0.1072845 -2.7762134 5.2987051
v -0.0177268 0.0357125 -0.0158998
vn 1.5827818 -4.1069894 4.3013749
v -0.0180947 0.0359749 -0.0156233
vn 0.9777520 -2.5557613 5.3948975
v -0.0179384 0.0356641 -0.0159009
vn -2.3103979 -1.3232156 5.3670893
v -0.0173657 0.0354949 -0.0158998
vn 1.8860412 -4.8732944 3.2067461
v -0.0180962 0.0359779 -0.0156191
vn -0.1272541 -4.5673780 3.7738686
v -0.0177135 0.0360611 -0.0156191
vn -1.9575380 -1.1400197 5.7793994
v -0.0172695 0.0266929 -0.0159865
vn -3.9333062 -0.5819240 4.7729640
v -0.0169754 0.0266127 -0.0158343
vn -5.2799206 -3.0727661 0.5450935
v -0.0172707 0.0255106 -0.0169674
vn -3.0125737 -5.3098907 0.6271541
v -0.0176358 0.0258693 -0.0169726
vn -0.7907382 -6.1708212 0.6205544
v -0.0181305 0.0260005 -0.0169684
vn -2.9502394 -5.1192980 1.6989268
v -0.0176096 0.0259040 -0.0167423
vn -0.7726178 -5.9601007 1.7227989
v -0.0180859 0.0260430 -0.0167099
vn -2.7967584 -4.7297983 2.7694774
v -0.0175929 0.0259271 -0.0166696
vn -5.1905432 -2.9609170 1.4401256
v -0.0172510 0.0255626 -0.0166949
vn -5.0029221 -2.6902084 2.3688757
v -0.0172383 0.0255965 -0.0166099
vn -4.7624297 -2.4162650 3.0843697
v -0.0171733 0.0257769 -0.0163279
vn -4.5450835 -2.0122485 3.6590266
v -0.0171623 0.0258089 -0.0162917
vn -4.3074980 -1.6987287 4.1127796
v -0.0170694 0.0261166 -0.0160383
vn -2.6431506 -4.1907806 3.6655238
v -0.0175101 0.0260551 -0.0164252
vn -2.4774616 -3.6348109 4.3320694
v -0.0174964 0.0260785 -0.0163934
vn -2.3512847 -2.9591112 4.9066620
v -0.0173825 0.0263090 -0.0161690
vn -2.2278986 -2.3073094 5.3078108
v -0.0173703 0.0263388 -0.0161481
vn -0.6247876 -3.5360878 5.1313715
v -0.0177518 0.0264345 -0.0161753
vn -0.6385473 -4.3217120 4.4887209
v -0.0179113 0.0262262 -0.0163666
vn -0.6862723 -4.8049612 3.9464288
v -0.0179313 0.0262035 -0.0163953
vn -0.6887456 -5.2352738 3.3633785
v -0.0179945 0.0261351 -0.0164981
vn -0.7108904 -5.6247396 2.6419842
v -0.0180586 0.0260697 -0.0166331
vn -4.1441479 -1.2788575 4.4215431
v -0.0170593 0.0261556 -0.0160148
vn -0.5432453 -1.9751989 5.9254541
v -0.0176180 0.0267002 -0.0160460
vn -0.4943860 -2.6261132 5.6744590
v -0.0177118 0.0264989 -0.0161346
vn -0.5509784 -3.0891759 5.4155254
v -0.0177354 0.0264601 -0.0161583
vn -3.9811492 -0.9448464 4.6719646
v -0.0169855 0.0265316 -0.0158553
vn -2.1751115 -1.6466759 5.5879588
v -0.0172816 0.0266297 -0.0160054
vn -0.6409458 -1.1875585 6.1193752
v -0.0176022 0.0267511 -0.0160315
vn 0.4271261 -2.3691657 -5.7850070
v -0.0278722 0.0266985 -0.0179535
vn 0.3076448 -3.5398052 -5.1685171
v -0.0282312 0.0265389 -0.0178874
vn 0.3583063 -4.6689544 -4.1647758
v -0.0288054 0.0263045 -0.0177185
vn 0.2964844 -5.4899321 -3.0081837
v -0.0291831 0.0261682 -0.0175551
vn 0.3186687 -6.2439423 0.2053504
v -0.0299040 0.0260000 -0.0170000
vn 0.2271345 -6.1910119 -1.0127721
v -0.0296474 0.0260349 -0.0172618
vn 0.3569011 -5.9639716 -1.9090333
v -0.0295832 0.0260498 -0.0173116
vn 3.1341031 -3.8233745 -3.5111732
v -0.0248316 0.0302927 -0.0184173
vn 2.7376118 -4.1204076 -3.5117726
v -0.0215772 0.0326907 -0.0184173
vn 1.5681202 -2.3418627 -5.3953929
v -0.0213811 0.0323936 -0.0181104
vn 3.3049922 -4.9959469 -0.8797163
v -0.0216744 0.0328379 -0.0188529
vn 3.7692974 -4.6585112 -0.9120390
v -0.0249434 0.0304291 -0.0188529
vn 4.0929608 -4.4615335 -0.8604091
v -0.0279468 0.0276963 -0.0188529
vn 3.2384539 -3.8421080 -3.5236604
v -0.0278215 0.0275721 -0.0184173
vn 1.7852153 -2.1778309 -5.3928924
v -0.0246060 0.0300175 -0.0181104
vn 1.6704339 -2.3400950 -5.4412069
v -0.0275687 0.0273215 -0.0181104
vn 2.6294622 -3.9838037 3.7654383
v -0.0221801 0.0336104 -0.0156233
vn 3.0960045 -3.6131182 3.7999334
v -0.0259607 0.0307840 -0.0156233
vn 3.3483315 -3.4479549 3.7836256
v -0.0293847 0.0275347 -0.0156233
vn 1.7985409 -1.9826630 5.5149508
v -0.0291307 0.0272967 -0.0159009
vn 1.7333165 -2.0553513 5.4769301
v -0.0257364 0.0305180 -0.0159009
vn 1.4808947 -2.2440572 5.4769316
v -0.0219885 0.0333200 -0.0159009
vn 0.4476902 -6.0302224 1.6057469
v -0.0300286 0.0260301 -0.0167564
vn 0.4979818 -5.5614290 2.8387423
v -0.0300352 0.0261228 -0.0165198
vn 0.4930378 -4.8768992 3.9086866
v -0.0299291 0.0262602 -0.0163272
vn 0.4222003 -3.8601711 4.9180183
v -0.0297197 0.0264390 -0.0161722
vn 0.1099440 -3.2671475 5.3626108
v -0.0296308 0.0265045 -0.0161314
vn 0.3436606 -2.7842436 5.6098170
v -0.0293931 0.0266643 -0.0160580
vn 0.4635409 -2.1347599 5.8701930
v -0.0292707 0.0267404 -0.0160343
vn 1.9131607 -3.3827953 -4.8285933
v -0.0281542 0.0269527 -0.0181248
vn 2.6323166 -5.5975718 0.9700403
v -0.0303146 0.0258992 -0.0171510
vn 3.7694654 -4.7998848 1.3588986
v -0.0304935 0.0257781 -0.0172168
vn 3.6915154 -4.9177122 1.0643749
v -0.0302424 0.0258586 -0.0176773
vn 4.1106496 -4.5690246 -0.4905459
v -0.0285310 0.0271445 -0.0188213
vn 3.9204199 -4.7659345 -0.2530683
v -0.0288719 0.0268443 -0.0187285
vn 3.8343263 -4.8739705 0.1608213
v -0.0294236 0.0263947 -0.0184602
vn 3.7565033 -4.9320116 0.5118489
v -0.0297898 0.0261278 -0.0181853
vn 3.7441447 -4.9116049 0.8499152
v -0.0301797 0.0258897 -0.0177644
vn 3.3240757 -4.2993917 -2.9424176
v -0.0283872 0.0271105 -0.0184319
vn 2.9652905 -4.8487587 -2.4232786
v -0.0287200 0.0268526 -0.0183737
vn 2.8358865 -5.2790661 -1.6141515
v -0.0292608 0.0264594 -0.0181736
vn 2.6961229 -5.5379601 -0.8963501
v -0.0296210 0.0262220 -0.0179546
vn 2.6809268 -5.6281056 -0.1551481
v -0.0300050 0.0260061 -0.0176090
vn 2.5532553 -5.6938491 0.2895837
v -0.0300668 0.0259774 -0.0175366
vn 1.3716000 -6.0879383 0.4899005
v -0.0301147 0.0259745 -0.0170775
vn 1.6127504 -4.3255229 -4.1389661
v -0.0284953 0.0267455 -0.0180787
vn 1.5867922 -5.1565166 -3.1039941
v -0.0290467 0.0264281 -0.0179167
vn 1.4522918 -5.6821914 -2.1236119
v -0.0294124 0.0262358 -0.0177380
vn 1.5107381 -5.9561510 -1.1206620
v -0.0298015 0.0260607 -0.0174545
vn 1.2760665 -6.1001225 -0.5047342
v -0.0298641 0.0260375 -0.0173950
vn 1.8095069 -5.7475734 1.6525005
v -0.0303041 0.0259827 -0.0167832
vn 3.4295468 -3.7637563 3.4869120
v -0.0298234 0.0270882 -0.0156392
vn 1.8432641 -2.8450017 5.1570225
v -0.0295697 0.0269498 -0.0158996
vn 1.7132833 -3.4057767 4.8960533
v -0.0296878 0.0268462 -0.0159193
vn 3.3931863 -3.9872041 3.3050714
v -0.0299415 0.0269561 -0.0156687
vn 3.4155450 -4.2872953 2.9365780
v -0.0302578 0.0265639 -0.0158343
vn 3.3964901 -4.5532775 2.5624573
v -0.0304612 0.0262527 -0.0160794
vn 3.3857088 -4.7707019 2.1668403
v -0.0305644 0.0260162 -0.0163949
vn 3.3996449 -4.9478807 1.7035234
v -0.0305580 0.0258625 -0.0167886
vn 1.7782930 -5.3568573 2.6732547
v -0.0303106 0.0261031 -0.0164744
vn 1.7341341 -4.8197088 3.5607760
v -0.0302074 0.0262904 -0.0162286
vn 1.8141223 -4.0826840 4.3446403
v -0.0300040 0.0265370 -0.0160407
vn 3.1463878 -0.8800025 3.8937564
v 0.0374487 0.0047842 -0.0269609
vn 3.1396518 -1.7361187 3.5951757
v 0.0374487 0.0093285 -0.0253708
vn 3.1385918 -2.4925122 3.1186533
v 0.0374487 0.0134050 -0.0228094
vn 3.1380186 -3.1237063 2.4859743
v 0.0374487 0.0168094 -0.0194050
vn 3.1379740 -3.5981913 1.7289987
v 0.0374487 0.0193708 -0.0153285
vn 3.1384983 -3.8923445 0.8857659
v 0.0374487 0.0209609 -0.0107842
vn 3.1396399 -3.9916425 -0.0014146
v 0.0374487 0.0215000 -0.0060000
vn 3.1414468 -3.8913302 -0.8881109
v 0.0374487 0.0209609 -0.0012158
vn 3.1439769 -3.5966692 -1.7299945
v 0.0374487 0.0193708 0.0033285
vn 3.1472917 -3.1226141 -2.4850640
v 0.0374487 0.0168094 0.0074050
vn 3.1514575 -2.4930730 -3.1157451
v 0.0374487 0.0134050 0.0108094
vn 3.1549702 -1.7432030 -3.5894456
v 0.0374487 0.0093285 0.0133708
vn 3.1627860 -0.8743482 -3.8922253
v 0.0374487 0.0047842 0.0149609
vn -2.2856565 -1.1935854 -5.2724047
v -0.0373153 0.0047842 0.0149609
vn -2.2784164 -2.3497000 -4.8690143
v -0.0373153 0.0093285 0.0133708
vn -2.2771468 -3.3741605 -4.2240329
v -0.0373153 0.0134050 0.0108094
vn -2.2763913 -4.2292175 -3.3674738
v -0.0373153 0.0168094 0.0074050
vn -2.2761891 -4.8721323 -2.3424220
v -0.0373153 0.0193708 0.0033285
vn -2.2765906 -5.2708406 -1.2003627
v -0.0373153 0.0209609 -0.0012158
vn -2.2776248 -5.4055939 0.0014043
v -0.0373153 0.0215000 -0.0060000
vn -2.2793729 -5.2698421 1.2026712
v -0.0373153 0.0209609 -0.0107842
vn -2.2818675 -4.8706651 2.3433394
v -0.0373153 0.0193708 -0.0153285
vn -2.2851949 -4.2282577 3.3664277
v -0.0373153 0.0168094 -0.0194050
vn -2.2894273 -3.3749909 4.2209406
v -0.0373153 0.0134050 -0.0228094
vn -2.2931960 -2.3571548 4.8631196
v -0.0373153 0.0093285 -0.0253708
vn -2.3012788 -1.1883550 5.2708149
v -0.0373153 0.0047842 -0.0269609
vn 3.0820923 -0.5434561 -2.9670615
v -0.0347637 0.0061298 -0.0277500
vn 2.9408977 -1.0703988 -2.9670587
v -0.0331712 0.0120733 -0.0277500
vn 2.7103457 -1.5648193 -2.9670589
v -0.0305707 0.0176500 -0.0277500
vn 2.3974414 -2.0116925 -2.9670568
v -0.0270414 0.0226904 -0.0277500
vn 2.0116923 -2.3974409 -2.9670579
v -0.0226904 0.0270414 -0.0277500
vn 1.5648191 -2.7103453 -2.9670589
v -0.0176500 0.0305707 -0.0277500
vn 1.0703988 -2.9408979 -2.9670601
v -0.0120733 0.0331712 -0.0277500
vn 0.5434560 -3.0820918 -2.9670610
v -0.0061298 0.0347637 -0.0277500
vn 0.0000000 -3.1296382 -2.9670596
v 0.0000000 0.0353000 -0.0277500
vn -0.5434561 -3.0820923 -2.9670615
v 0.0061298 0.0347637 -0.0277500
vn -1.0703988 -2.9408977 -2.9670587
v 0.0120733 0.0331712 -0.0277500
vn -1.5648193 -2.7103457 -2.9670589
v 0.0176500 0.0305707 -0.0277500
vn -2.0116925 -2.3974414 -2.9670568
v 0.0226904 0.0270414 -0.0277500
vn -2.3974409 -2.0116923 -2.9670579
v 0.0270414 0.0226904 -0.0277500
vn -2.7103453 -1.5648191 -2.9670589
v 0.0305707 0.0176500 -0.0277500
vn -2.9408979 -1.0703988 -2.9670601
v 0.0331712 0.0120733 -0.0277500
vn -3.0820918 -0.5434560 -2.9670610
v 0.0347637 0.0061298 -0.0277500
vn -0.0000000 -3.1296384 0.0000000
v 0.0000000 0.0353000 -0.0287500
vn -3.0820923 -0.5434561 2.9670615
v 0.0347637 0.0061298 0.0157500
vn -2.9408977 -1.0703988 2.9670587
v 0.0331712 0.0120733 0.0157500
vn -2.7103457 -1.5648193 2.9670589
v 0.0305707 0.0176500 0.0157500
vn -2.3974414 -2.0116925 2.9670568
v 0.0270414 0.0226904 0.0157500
vn -2.0116923 -2.3974409 2.9670579
v 0.0226904 0.0270414 0.0157500
vn -1.5648191 -2.7103453 2.9670589
v 0.0176500 0.0305707 0.0157500
vn -1.0703988 -2.9408979 2.9670601
v 0.0120733 0.0331712 0.0157500
vn -0.5434560 -3.0820918 2.9670610
v 0.0061298 0.0347637 0.0157500
vn -0.0000000 -3.1296382 2.9670596
v 0.0000000 0.0353000 0.0157500
vn 0.5434561 -3.0820923 2.9670615
v -0.0061298 0.0347637 0.0157500
vn 1.0703988 -2.9408977 2.9670587
v -0.0120733 0.0331712 0.0157500
vn 1.5648193 -2.7103457 2.9670589
v -0.0176500 0.0305707 0.0157500
vn 2.0116925 -2.3974414 2.9670568
v -0.0226904 0.0270414 0.0157500
vn 2.3974409 -2.0116923 2.9670579
v -0.0270414 0.0226904 0.0157500
vn 2.7103453 -1.5648191 2.9670589
v -0.0305707 0.0176500 0.0157500
vn 2.9408979 -1.0703988 2.9670601
v -0.0331712 0.0120733 0.0157500
vn 3.0820918 -0.5434560 2.9670610
v -0.0347637 0.0061298 0.0157500
vn 0.0000000 -3.1296384 0.0000000
v 0.0000000 0.0353000 0.0167500
vn 1.5648192 -0.1369046 0.0000000
v -0.0353000 0.0000000 0.0157500
vn 1.5648190 -0.1369046 0.0000000
v -0.0353000 0.0000000 0.0167500
vn 3.3323193 0.5583674 -4.0888586
v -0.0349167 -0.0024140 0.0153641
vn 3.0721078 0.6277878 3.2471828
v -0.0344683 -0.0060777 0.0157500
vn 3.1837366 1.0573596 -3.2846849
v -0.0346715 -0.0047842 0.0149609
vn 2.8632879 0.8011373 -3.1356597
v -0.0345444 -0.0056292 0.0147500
vn -3.1837366 1.0573596 -3.2846851
v 0.0346715 -0.0047842 0.0149609
vn -3.0721078 0.6277878 3.2471843
v 0.0344683 -0.0060777 0.0157500
vn -3.1633933 0.6381269 -4.0962968
v 0.0349167 -0.0024140 0.0153641
vn -2.8632879 0.8011373 -3.1356597
v 0.0345444 -0.0056292 0.0147500
vn -3.0659449 0.6692621 -3.2353556
v 0.0344683 -0.0060777 0.0147500
vn -2.9408979 1.0703990 3.3161266
v 0.0328892 -0.0119707 0.0157500
vn -2.9408979 1.0703992 -3.3161266
v 0.0328892 -0.0119707 0.0147500
vn -2.7103460 1.5648196 3.3161249
v 0.0303109 -0.0175000 0.0157500
vn -2.7103457 1.5648193 -3.3161259
v 0.0303109 -0.0175000 0.0147500
vn -2.3974414 2.0116925 3.3161223
v 0.0268116 -0.0224976 0.0157500
vn -2.3974411 2.0116923 -3.3161256
v 0.0268116 -0.0224976 0.0147500
vn -2.0116923 2.3974411 3.3161273
v 0.0224976 -0.0268116 0.0157500
vn -2.0116925 2.3974414 -3.3161252
v 0.0224976 -0.0268116 0.0147500
vn -1.5648193 2.7103457 3.3161249
v 0.0175000 -0.0303109 0.0157500
vn -1.5648196 2.7103457 -3.3161252
v 0.0175000 -0.0303109 0.0147500
vn -1.0703990 2.9408979 3.3161280
v 0.0119707 -0.0328892 0.0157500
vn -1.0703990 2.9408979 -3.3161261
v 0.0119707 -0.0328892 0.0147500
vn -0.5434557 3.0820923 3.3161254
v 0.0060777 -0.0344683 0.0157500
vn -0.5434557 3.0820928 -3.3161254
v 0.0060777 -0.0344683 0.0147500
vn -0.0000000 3.1296387 3.3161254
v 0.0000000 -0.0350000 0.0157500
vn 0.0000000 3.1296387 0.0000000
v 0.0000000 -0.0350000 0.0147500
vn 0.5434557 3.0820925 3.3161271
v -0.0060777 -0.0344683 0.0157500
vn 0.5434557 3.0820923 -3.3161256
v -0.0060777 -0.0344683 0.0147500
vn 1.0703990 2.9408979 3.3161266
v -0.0119707 -0.0328892 0.0157500
vn 1.0703992 2.9408979 -3.3161263
v -0.0119707 -0.0328892 0.0147500
vn 1.5648196 2.7103460 3.3161249
v -0.0175000 -0.0303109 0.0157500
vn 1.5648193 2.7103457 -3.3161254
v -0.0175000 -0.0303109 0.0147500
vn 2.0116925 2.3974414 3.3161223
v -0.0224976 -0.0268116 0.0157500
vn 2.0116923 2.3974411 -3.3161259
v -0.0224976 -0.0268116 0.0147500
vn 2.3974411 2.0116923 3.3161273
v -0.0268116 -0.0224976 0.0157500
vn 2.3974414 2.0116925 -3.3161254
v -0.0268116 -0.0224976 0.0147500
vn 2.7103457 1.5648193 3.3161249
v -0.0303109 -0.0175000 0.0157500
vn 2.7103457 1.5648196 -3.3161254
v -0.0303109 -0.0175000 0.0147500
vn 2.9408979 1.0703990 3.3161280
v -0.0328892 -0.0119707 0.0157500
vn 2.9408979 1.0703990 -3.3161263
v -0.0328892 -0.0119707 0.0147500
vn 3.0659447 0.6692620 -3.2353556
v -0.0344683 -0.0060777 0.0147500
vn -3.3166988 0.5614266 4.0898595
v 0.0349164 -0.0024174 -0.0273637
vn -3.0721092 0.6277807 -3.2471819
v 0.0344683 -0.0060777 -0.0277500
vn -3.1836295 1.0580148 3.2838328
v 0.0346711 -0.0047873 -0.0269602
vn -2.8632326 0.8012724 3.1355669
v 0.0345444 -0.0056292 -0.0267500
vn 3.1836047 1.0579944 3.2838383
v -0.0346711 -0.0047873 -0.0269602
vn 3.0721095 0.6277807 -3.2471833
v -0.0344683 -0.0060777 -0.0277500
vn 3.1710606 0.6384138 4.0953774
v -0.0349164 -0.0024174 -0.0273637
vn 2.8632059 0.8012898 3.1355629
v -0.0345444 -0.0056292 -0.0267500
vn 3.0659449 0.6692619 3.2353556
v -0.0344683 -0.0060777 -0.0267500
vn 2.9408977 1.0703989 -3.3161266
v -0.0328892 -0.0119707 -0.0277500
vn 2.9408979 1.0703990 3.3161266
v -0.0328892 -0.0119707 -0.0267500
vn 2.7103460 1.5648196 -3.3161249
v -0.0303109 -0.0175000 -0.0277500
vn 2.7103457 1.5648193 3.3161259
v -0.0303109 -0.0175000 -0.0267500
vn 2.3974416 2.0116928 -3.3161223
v -0.0268116 -0.0224976 -0.0277500
vn 2.3974409 2.0116920 3.3161256
v -0.0268116 -0.0224976 -0.0267500
vn 2.0116920 2.3974409 -3.3161273
v -0.0224976 -0.0268116 -0.0277500
vn 2.0116928 2.3974414 3.3161252
v -0.0224976 -0.0268116 -0.0267500
vn 1.5648193 2.7103457 -3.3161249
v -0.0175000 -0.0303109 -0.0277500
vn 1.5648196 2.7103457 3.3161252
v -0.0175000 -0.0303109 -0.0267500
vn 1.0703990 2.9408979 -3.3161280
v -0.0119707 -0.0328892 -0.0277500
vn 1.0703989 2.9408977 3.3161261
v -0.0119707 -0.0328892 -0.0267500
vn 0.5434555 3.0820918 -3.3161254
v -0.0060777 -0.0344683 -0.0277500
vn 0.5434556 3.0820928 3.3161254
v -0.0060777 -0.0344683 -0.0267500
vn 0.0000001 3.1296387 -3.3161254
v 0.0000000 -0.0350000 -0.0277500
vn -0.0000001 3.1296389 0.0000000
v 0.0000000 -0.0350000 -0.0267500
vn -0.5434557 3.0820928 -3.3161271
v 0.0060777 -0.0344683 -0.0277500
vn -0.5434555 3.0820920 3.3161256
v 0.0060777 -0.0344683 -0.0267500
vn -1.0703989 2.9408977 -3.3161266
v 0.0119707 -0.0328892 -0.0277500
vn -1.0703990 2.9408979 3.3161263
v 0.0119707 -0.0328892 -0.0267500
vn -1.5648196 2.7103460 -3.3161249
v 0.0175000 -0.0303109 -0.0277500
vn -1.5648193 2.7103457 3.3161254
v 0.0175000 -0.0303109 -0.0267500
vn -2.0116928 2.3974416 -3.3161223
v 0.0224976 -0.0268116 -0.0277500
vn -2.0116920 2.3974409 3.3161259
v 0.0224976 -0.0268116 -0.0267500
vn -2.3974409 2.0116920 -3.3161273
v 0.0268116 -0.0224976 -0.0277500
vn -2.3974414 2.0116928 3.3161254
v 0.0268116 -0.0224976 -0.0267500
vn -2.7103457 1.5648193 -3.3161249
v 0.0303109 -0.0175000 -0.0277500
vn -2.7103457 1.5648196 3.3161254
v 0.0303109 -0.0175000 -0.0267500
vn -2.9408979 1.0703990 -3.3161280
v 0.0328892 -0.0119707 -0.0277500
vn -2.9408977 1.0703989 3.3161263
v 0.0328892 -0.0119707 -0.0267500
vn -3.0659447 0.6692619 3.2353556
v 0.0344683 -0.0060777 -0.0267500
vn 0.7836890 6.1895232 0.3941314
v -0.0108689 -0.0260000 0.0050000
vn 0.7724924 6.0318398 1.4504560
v -0.0109043 -0.0260336 0.0052571
vn -0.6797180 5.5462065 2.8178298
v 0.0088414 -0.0260697 0.0053669
vn -0.7464603 5.9658413 1.7196032
v 0.0088141 -0.0260430 0.0052901
vn -0.7672981 6.1732531 0.6273637
v 0.0087695 -0.0260005 0.0050316
vn -0.7836890 6.1895232 -0.3941314
v 0.0087689 -0.0260000 0.0050000
vn 0.7386121 5.8077784 2.1819441
v -0.0109195 -0.0260483 0.0053070
vn 0.7080889 5.5561724 2.7886102
v -0.0109486 -0.0260769 0.0053846
vn -0.6568254 4.9831505 3.7312188
v 0.0089687 -0.0262035 0.0056047
vn -0.5789422 4.3237991 4.4969697
v 0.0089887 -0.0262262 0.0056334
vn 0.6968144 5.1280212 3.5124030
v -0.0110327 -0.0261640 0.0055487
vn 0.6475494 4.6206408 4.1759281
v -0.0110516 -0.0261845 0.0055788
vn 0.5917202 2.2206736 5.8297687
v -0.0113621 -0.0266473 0.0059358
vn -0.5813183 3.6006181 5.0938826
v 0.0091482 -0.0264345 0.0058247
vn 0.5763031 3.1247675 5.4022532
v -0.0112310 -0.0264088 0.0058065
vn 0.6397132 3.8603630 4.8886986
v -0.0112097 -0.0263784 0.0057834
vn -0.7215341 0.4468273 6.1991606
v 0.0093276 -0.0270000 0.0060000
vn -0.5294144 1.1266754 6.1456900
v 0.0092978 -0.0267511 0.0059685
vn 0.5495307 0.4192924 6.2321463
v -0.0114276 -0.0270000 0.0060000
vn -0.5439793 1.7376070 5.9968910
v 0.0092820 -0.0267002 0.0059540
vn 0.5508541 1.2681508 6.1142535
v -0.0113901 -0.0267251 0.0059615
vn -0.5280714 2.3304803 5.7970495
v 0.0092483 -0.0266152 0.0059230
vn -0.5325601 2.9241683 5.5185142
v 0.0091646 -0.0264601 0.0058417
vn -1.5126951 3.7179990 2.6200647
v 0.0129250 -0.0175000 0.0040907
vn 1.5200472 2.6740539 -2.6364744
v 0.0136500 -0.0175000 0.0028349
vn -0.0000011 3.7180007 3.0253890
v 0.0124000 -0.0175000 0.0039500
vn 0.0027856 2.6760383 -3.0434899
v 0.0124000 -0.0175000 0.0025000
vn 1.5126963 3.7179999 2.6200628
v 0.0118750 -0.0175000 0.0040907
vn -1.5233854 2.6776965 -2.6351142
v 0.0111500 -0.0175000 0.0028349
vn 2.6200657 3.7179973 1.5126942
v 0.0114907 -0.0175000 0.0044750
vn -2.6331801 2.6872885 -1.5295792
v 0.0102349 -0.0175000 0.0037500
vn 3.0253897 3.7179997 0.0000004
v 0.0113500 -0.0175000 0.0050000
vn -3.0449579 2.6854014 0.0090917
v 0.0099000 -0.0175000 0.0050000
vn 2.6200643 3.7179990 -1.5126948
v 0.0114907 -0.0175000 0.0055250
vn -2.6364014 2.6766789 1.5202749
v 0.0102349 -0.0175000 0.0062500
vn 1.5126948 3.7179987 -2.6200643
v 0.0118750 -0.0175000 0.0059093
vn -1.5249064 2.6819091 2.6350203
v 0.0111500 -0.0175000 0.0071651
vn -0.0000007 3.7179997 -3.0253897
v 0.0124000 -0.0175000 0.0060500
vn 0.0025137 2.6830029 3.0445719
v 0.0124000 -0.0175000 0.0075000
vn -1.5126947 3.7179980 -2.6200652
v 0.0129250 -0.0175000 0.0059093
vn 1.5229698 2.6775179 2.6352406
v 0.0136500 -0.0175000 0.0071651
vn -2.6200624 3.7180021 -1.5126961
v 0.0133093 -0.0175000 0.0055250
vn 2.6331804 2.6872892 1.5295794
v 0.0145651 -0.0175000 0.0062500
vn -3.0253892 3.7180014 0.0000007
v 0.0134500 -0.0175000 0.0050000
vn 3.0449579 2.6854017 -0.0090918
v 0.0149000 -0.0175000 0.0050000
vn -2.6200640 3.7179992 1.5126951
v 0.0133093 -0.0175000 0.0044750
vn 2.6364014 2.6766791 -1.5202749
v 0.0145651 -0.0175000 0.0037500
vn 3.0211711 5.3262520 0.4035269
v 0.0155361 -0.0258689 0.0050000
vn 0.7858985 6.1895885 0.3916660
v 0.0160311 -0.0260000 0.0050000
vn 0.7755839 6.1725960 -0.6295908
v 0.0160305 -0.0260005 0.0049684
vn 5.2885561 3.0839865 0.3527278
v 0.0151709 -0.0255100 0.0050000
vn 3.0281463 5.3029332 -0.6413019
v 0.0155358 -0.0258693 0.0049726
vn 0.7473335 5.9672461 -1.7143177
v 0.0159859 -0.0260430 0.0047099
vn 2.9784279 5.1097183 -1.6969957
v 0.0155096 -0.0259040 0.0047423
vn 0.7002238 5.6321430 -2.6316106
v 0.0159586 -0.0260697 0.0046331
vn 2.8104439 4.7285075 -2.7623801
v 0.0154929 -0.0259271 0.0046696
vn 0.6816978 5.2394152 -3.3572652
v 0.0158945 -0.0261351 0.0044981
vn 2.6509447 4.1828170 -3.6717212
v 0.0154101 -0.0260551 0.0044252
vn 0.6714291 4.8052216 -3.9488835
v 0.0158313 -0.0262035 0.0043953
vn 0.5852978 4.3226814 -4.4977822
v 0.0158113 -0.0262262 0.0043666
vn 2.5160003 3.5895624 -4.3591194
v 0.0153964 -0.0260785 0.0043934
vn 0.5804775 3.6028695 -5.0922961
v 0.0156518 -0.0264345 0.0041753
vn 2.4055214 2.9637427 -4.8865061
v 0.0152825 -0.0263090 0.0041690
vn 0.5437966 3.0989332 -5.4117661
v 0.0156354 -0.0264601 0.0041583
vn 2.2147624 2.3462713 -5.2928286
v 0.0152703 -0.0263388 0.0041481
vn 0.5432281 2.6565073 -5.6528997
v 0.0156118 -0.0264989 0.0041346
vn 2.1398809 1.6221064 -5.6046247
v 0.0151816 -0.0266297 0.0040054
vn 6.1807365 0.9273741 0.2061456
v 0.0150312 -0.0250175 0.0050000
vn 5.2863870 3.0578470 -0.5272575
v 0.0151707 -0.0255106 0.0049674
vn 5.2005253 2.9324036 -1.4380687
v 0.0151510 -0.0255626 0.0046949
vn 5.0314879 2.6569829 -2.3196754
v 0.0151383 -0.0255965 0.0046099
vn 4.7771502 2.3593509 -3.0875995
v 0.0150733 -0.0257769 0.0043279
vn 4.5830879 2.0024979 -3.6008639
v 0.0150623 -0.0258089 0.0042917
vn 4.3263144 1.6380339 -4.1053324
v 0.0149694 -0.0261166 0.0040383
vn 4.1743460 1.2847446 -4.3826847
v 0.0149593 -0.0261556 0.0040148
vn 4.0018368 0.9063503 -4.6546106
v 0.0148855 -0.0265316 0.0038553
vn 4.0362558 0.7479522 -4.6251097
v 0.0148754 -0.0266127 0.0038343
vn 2.0417428 1.0151560 -5.7899461
v 0.0151695 -0.0266929 0.0039865
vn 3.0219049 0.3688177 -5.3249888
v 0.0149957 -0.0270099 0.0038791
vn 0.5707793 1.8943498 -5.9482789
v 0.0155180 -0.0267002 0.0040460
vn 0.5307479 1.1273136 -6.1455083
v 0.0155022 -0.0267511 0.0040315
vn 0.7215331 0.4468345 -6.1991596
v 0.0154724 -0.0270000 0.0040000
vn 6.1674347 0.9919738 -0.3848213
v 0.0150308 -0.0250184 0.0049542
vn 6.0894222 0.9101573 -1.1106279
v 0.0149989 -0.0251034 0.0045795
vn 5.9461222 0.7961002 -1.7793915
v 0.0149794 -0.0251569 0.0044682
vn 5.7368302 0.6893489 -2.3958540
v 0.0148883 -0.0254245 0.0041230
vn 5.5711422 0.5701067 -2.7971001
v 0.0148740 -0.0254699 0.0040812
vn 5.3461819 0.4704125 -3.2203221
v 0.0147601 -0.0258865 0.0038028
vn 5.2200193 0.3731775 -3.4401698
v 0.0147484 -0.0259376 0.0037781
vn 4.8989468 0.3443100 -3.9125094
v 0.0146652 -0.0264179 0.0036139
vn 4.7142353 0.3215780 -4.1367674
v 0.0146541 -0.0265196 0.0035925
vn 4.3112078 0.1419678 -4.5681620
v 0.0146344 -0.0270175 0.0035455
vn 5.2182002 3.0022228 1.2090297
v 0.0151554 -0.0255510 0.0052693
vn 3.3839655 0.3408298 5.2106428
v 0.0149957 -0.0270099 0.0061209
vn 1.7919738 0.3835916 5.9766536
v 0.0151472 -0.0270068 0.0060544
vn 2.0529819 1.0331658 5.7833357
v 0.0151754 -0.0266606 0.0060043
vn 0.5428572 3.8175161 4.9396214
v 0.0156903 -0.0263784 0.0057834
vn 2.2588291 2.6081007 5.1450009
v 0.0152952 -0.0262793 0.0058086
vn 0.5818639 3.1243198 5.4022417
v 0.0156690 -0.0264088 0.0058065
vn 2.1720366 1.8525195 5.5192223
v 0.0151969 -0.0265643 0.0059710
vn 0.6003919 2.2145889 5.8316884
v 0.0155379 -0.0266473 0.0059358
vn 0.5557255 1.2706108 6.1134405
v 0.0155099 -0.0267251 0.0059615
vn 0.5502967 0.4206600 6.2320232
v 0.0154724 -0.0270000 0.0060000
vn 0.4455779 4.2244263 4.6156940
v 0.0157552 -0.0262932 0.0057074
vn 2.5643697 3.8599501 4.0770001
v 0.0154217 -0.0260358 0.0055466
vn 2.4607344 3.2493582 4.6643977
v 0.0153107 -0.0262446 0.0057806
vn 0.6253625 4.7314243 4.0504246
v 0.0158484 -0.0261845 0.0055788
vn 0.7179673 5.1964426 3.4088421
v 0.0158673 -0.0261640 0.0055487
vn 2.7211466 4.4142847 3.3242040
v 0.0154342 -0.0260154 0.0055144
vn 0.7443964 5.6996169 2.4678745
v 0.0159805 -0.0260483 0.0053070
vn 2.8477449 4.8749361 2.4314532
v 0.0155063 -0.0259085 0.0052735
vn 0.7715383 6.0318727 1.4505458
v 0.0159957 -0.0260336 0.0052571
vn 2.9742651 5.1818986 1.4278445
v 0.0155154 -0.0258961 0.0052273
vn 5.0669346 2.7862177 2.0861142
v 0.0151485 -0.0255693 0.0053236
vn 4.8587103 2.5500479 2.8010840
v 0.0150925 -0.0257219 0.0056029
vn 4.6435418 2.1693881 3.4296284
v 0.0150825 -0.0257503 0.0056398
vn 4.4002271 1.8593359 3.9344821
v 0.0149926 -0.0260317 0.0059051
vn 4.2161674 1.4270638 4.3017926
v 0.0149799 -0.0260775 0.0059367
vn 4.0274286 1.0652950 4.6058111
v 0.0148982 -0.0264478 0.0061183
vn 3.9526453 0.6382465 4.7523804
v 0.0148803 -0.0265712 0.0061555
vn 4.4614573 0.2232710 4.4150119
v 0.0146344 -0.0270175 0.0064545
vn 4.7916656 0.2664409 4.0544238
v 0.0146595 -0.0264676 0.0063971
vn 4.9757514 0.3862690 3.8104227
v 0.0146792 -0.0263122 0.0063594
vn 5.2967014 0.3819163 3.3237195
v 0.0147724 -0.0258350 0.0061706
vn 5.4582224 0.5124183 3.0249295
v 0.0147876 -0.0257743 0.0061369
vn 5.6645679 0.5781704 2.6054978
v 0.0149005 -0.0253865 0.0058393
vn 5.8374271 0.7178380 2.1367362
v 0.0149140 -0.0253454 0.0057957
vn 6.0063972 0.8019907 1.5664949
v 0.0149950 -0.0251141 0.0054451
vn 6.1188893 0.8743827 0.9540452
v 0.0150059 -0.0250847 0.0053726
vn 4.6354494 0.0974757 4.2118239
v 0.0147179 -0.0313882 0.0064656
vn 0.7757751 0.0055877 6.1858783
v 0.0155630 -0.0313707 0.0060000
vn 2.9433575 0.0499972 5.3274012
v 0.0150806 -0.0313807 0.0061241
vn 4.7454987 0.9006249 3.8983862
v 0.0147875 -0.0350417 0.0064746
vn 4.0451579 0.8346553 4.5098667
v 0.0149994 -0.0350373 0.0062307
vn 0.4841854 0.7179649 6.1043587
v 0.0156382 -0.0350242 0.0060000
vn 1.8455236 0.7360852 5.8023620
v 0.0152878 -0.0350314 0.0060634
vn 3.0071678 0.8349349 5.3237796
v 0.0151512 -0.0350342 0.0061267
vn -2.9414067 0.0617001 5.3258753
v 0.0097024 -0.0322592 0.0061247
vn -0.7839837 0.0167149 6.1837463
v 0.0092189 -0.0322492 0.0060000
vn -0.7949467 0.6232469 6.0743604
v 0.0091161 -0.0372579 0.0060000
vn -4.7164841 0.5110412 3.9943731
v 0.0099700 -0.0372753 0.0064799
vn -4.3508940 0.0999664 4.5315881
v 0.0100653 -0.0322667 0.0064678
vn -3.5989039 0.4700630 5.0043149
v 0.0096058 -0.0372679 0.0061282
vn -2.1522620 0.7112229 5.7067685
v 0.0095930 -0.0372676 0.0061211
vn -3.0219040 0.3687971 5.3249936
v 0.0098043 -0.0270099 0.0061209
vn -4.3113155 0.1419429 4.5680623
v 0.0101656 -0.0270175 0.0064545
vn -3.0211620 5.3262672 -0.4034773
v 0.0092639 -0.0258689 0.0050000
vn -5.2885580 3.0839884 -0.3527299
v 0.0096291 -0.0255100 0.0050000
vn -3.0281565 5.3029175 0.6413471
v 0.0092642 -0.0258693 0.0050274
vn -2.9784303 5.1097236 1.6969787
v 0.0092904 -0.0259040 0.0052577
vn -2.8425610 4.6959758 2.8005826
v 0.0093071 -0.0259271 0.0053304
vn -2.7065127 4.1836028 3.6449890
v 0.0093899 -0.0260551 0.0055748
vn -2.5160103 3.5895684 4.3591108
v 0.0094036 -0.0260785 0.0056066
vn -2.4055083 2.9637249 4.8865242
v 0.0095175 -0.0263090 0.0058310
vn -2.2238283 2.3348680 5.2962742
v 0.0095297 -0.0263388 0.0058519
vn -2.1406090 1.6261029 5.6028419
v 0.0096184 -0.0266297 0.0059946
vn -6.1807375 0.9273744 -0.2061540
v 0.0097688 -0.0250175 0.0050000
vn -5.2863917 3.0578444 0.5272582
v 0.0096293 -0.0255106 0.0050326
vn -5.2005262 2.9324026 1.4380686
v 0.0096490 -0.0255626 0.0053051
vn -5.0314875 2.6569843 2.3196750
v 0.0096617 -0.0255965 0.0053901
vn -4.7771397 2.3593311 3.0876398
v 0.0097267 -0.0257769 0.0056721
vn -4.5830774 2.0024710 3.6008832
v 0.0097377 -0.0258089 0.0057083
vn -4.3263144 1.6380355 4.1053314
v 0.0098306 -0.0261166 0.0059617
vn -4.1743469 1.2847428 4.3826838
v 0.0098407 -0.0261556 0.0059852
vn -4.0018377 0.9063509 4.6546097
v 0.0099145 -0.0265316 0.0061447
vn -4.0362549 0.7479529 4.6251097
v 0.0099246 -0.0266127 0.0061657
vn -2.0417552 1.0151742 5.7899413
v 0.0096305 -0.0266929 0.0060135
vn -6.1674352 0.9919739 0.3848213
v 0.0097692 -0.0250184 0.0050458
vn -6.0894222 0.9101573 1.1106279
v 0.0098011 -0.0251034 0.0054205
vn -5.9461222 0.7961002 1.7793915
v 0.0098206 -0.0251569 0.0055318
vn -5.7368307 0.6893463 2.3958538
v 0.0099117 -0.0254245 0.0058770
vn -5.5711451 0.5701047 2.7970963
v 0.0099260 -0.0254699 0.0059188
vn -5.3461819 0.4704125 3.2203221
v 0.0100399 -0.0258865 0.0061972
vn -5.2200193 0.3731775 3.4401698
v 0.0100516 -0.0259376 0.0062219
vn -4.8989468 0.3443100 3.9125094
v 0.0101348 -0.0264179 0.0063861
vn -4.7142353 0.3215780 4.1367674
v 0.0101459 -0.0265196 0.0064075
vn -5.2182012 3.0022256 -1.2090299
v 0.0096446 -0.0255510 0.0047307
vn -1.7939699 0.3804090 -5.9763627
v 0.0096528 -0.0270068 0.0039456
vn -0.5482115 0.4178126 -6.2323833
v 0.0093276 -0.0270000 0.0040000
vn -0.5500840 1.2684994 -6.1141925
v 0.0092901 -0.0267251 0.0040385
vn -3.3839624 0.3408244 -5.2106466
v 0.0098043 -0.0270099 0.0038791
vn -2.0529704 1.0331548 -5.7833395
v 0.0096246 -0.0266606 0.0039957
vn -0.5914677 2.2208788 -5.8296990
v 0.0092621 -0.0266473 0.0040642
vn -2.1720281 1.8525006 -5.5192347
v 0.0096031 -0.0265643 0.0040290
vn -0.5753524 3.1244748 -5.4024763
v 0.0091310 -0.0264088 0.0041935
vn -2.2588267 2.6080832 -5.1450095
v 0.0095048 -0.0262793 0.0041914
vn -0.6379876 3.8619630 -4.8874660
v 0.0091097 -0.0263784 0.0042166
vn -2.4115493 3.2396305 -4.6886091
v 0.0094893 -0.0262446 0.0042194
vn -0.6477553 4.6203642 -4.1762333
v 0.0089516 -0.0261845 0.0044212
vn -2.5459394 3.8961811 -4.0473905
v 0.0093783 -0.0260358 0.0044534
vn -0.6961836 5.1280932 -3.5123281
v 0.0089327 -0.0261640 0.0044513
vn -2.7068028 4.4149618 -3.3301511
v 0.0093658 -0.0260154 0.0044856
vn -0.7074473 5.5564351 -2.7880397
v 0.0088486 -0.0260769 0.0046154
vn -2.8385761 4.8816209 -2.4230583
v 0.0092937 -0.0259085 0.0047265
vn -0.7386108 5.8077788 -2.1819437
v 0.0088195 -0.0260483 0.0046930
vn -0.7724918 6.0318403 -1.4504564
v 0.0088043 -0.0260336 0.0047429
vn -2.9742575 5.1818986 -1.4278719
v 0.0092846 -0.0258961 0.0047727
vn -5.0669370 2.7862163 -2.0861132
v 0.0096515 -0.0255693 0.0046764
vn -4.8587065 2.5500326 -2.8011103
v 0.0097075 -0.0257219 0.0043971
vn -4.6435261 2.1693761 -3.4296520
v 0.0097175 -0.0257503 0.0043602
vn -4.4002261 1.8593349 -3.9344811
v 0.0098074 -0.0260317 0.0040949
vn -4.2161684 1.4270641 -4.3017893
v 0.0098201 -0.0260775 0.0040633
vn -4.0274267 1.0652916 -4.6058121
v 0.0099018 -0.0264478 0.0038817
vn -3.9526448 0.6382517 -4.7523794
v 0.0099197 -0.0265712 0.0038445
vn -4.3641295 0.2066865 -4.5129361
v 0.0101656 -0.0270175 0.0035455
vn -4.7916732 0.2664382 -4.0544143
v 0.0101405 -0.0264676 0.0036029
vn -4.9757342 0.3862569 -3.8104472
v 0.0101208 -0.0263122 0.0036406
vn -5.2967043 0.3819143 -3.3237162
v 0.0100276 -0.0258350 0.0038294
vn -5.4582243 0.5124180 -3.0249257
v 0.0100124 -0.0257743 0.0038631
vn -5.6645560 0.5781577 -2.6055226
v 0.0098995 -0.0253865 0.0041607
vn -5.8374114 0.7178261 -2.1367917
v 0.0098860 -0.0253454 0.0042043
vn -6.0064063 0.8020017 -1.5664581
v 0.0098050 -0.0251141 0.0045549
vn -6.1188912 0.8743947 -0.9540073
v 0.0097941 -0.0250847 0.0046274
vn 0.7826849 0.0167013 -6.1840801
v 0.0155691 -0.0316653 0.0040000
vn 0.4551115 0.6220130 -6.0850806
v 0.0156633 -0.0362479 0.0040000
vn 2.9371915 0.0617383 -5.3290091
v 0.0150863 -0.0316753 0.0038757
vn 2.9250813 0.4165307 -5.2955647
v 0.0151747 -0.0362579 0.0038725
vn 4.3493161 0.0974016 -4.5331073
v 0.0147235 -0.0316827 0.0035336
vn 4.5544729 0.6499265 -4.0940275
v 0.0148781 -0.0362640 0.0036191
vn 5.0727668 0.6347238 -3.6015313
v 0.0148108 -0.0362654 0.0035225
vn 0.6556512 4.9838457 -3.7302883
v -0.0110687 -0.0262035 0.0043953
vn 0.7215316 0.4468300 -6.1991601
v -0.0114276 -0.0270000 0.0040000
vn 0.5270357 1.1256237 -6.1459937
v -0.0113978 -0.0267511 0.0040315
vn 0.5407473 2.0088165 -5.9128742
v -0.0113820 -0.0267002 0.0040460
vn 0.5226747 2.7993872 -5.5855241
v -0.0112646 -0.0264601 0.0041583
vn 0.5953315 3.4265358 -5.2086110
v -0.0112482 -0.0264345 0.0041753
vn 0.5889782 4.0763917 -4.7217407
v -0.0111446 -0.0262929 0.0042929
vn 0.6094522 4.5245390 -4.2793851
v -0.0110887 -0.0262262 0.0043666
vn 0.7672985 6.1732521 -0.6273633
v -0.0108695 -0.0260005 0.0049684
vn 0.6797163 5.5462041 -2.8178349
v -0.0109414 -0.0260697 0.0046331
vn 0.7464609 5.9658413 -1.7196035
v -0.0109141 -0.0260430 0.0047099
vn -4.3806429 0.0967942 -4.5023012
v 0.0100599 -0.0325515 0.0035315
vn -0.7806842 0.0091528 -6.1846209
v 0.0092130 -0.0325340 0.0040000
vn -2.9493015 0.0541805 -5.3218598
v 0.0096969 -0.0325440 0.0038751
vn -4.8575811 0.5466563 -3.8906376
v 0.0099478 -0.0384438 0.0035173
vn -4.0856376 0.5779767 -4.5829382
v 0.0097289 -0.0384393 0.0037710
vn -0.5533554 0.6026748 -6.1460524
v 0.0090922 -0.0384263 0.0040000
vn -1.8081855 0.6043558 -5.8569922
v 0.0094347 -0.0384333 0.0039395
vn -3.0412805 0.6196724 -5.3737140
v 0.0095834 -0.0384363 0.0038710
vn -1.5126951 3.7179990 2.6200647
v -0.0139750 -0.0175000 0.0040907
vn 1.5222173 2.6777408 -2.6358273
v -0.0132500 -0.0175000 0.0028349
vn -0.0000011 3.7180007 3.0253890
v -0.0145000 -0.0175000 0.0039500
vn 0.0025484 2.6821840 -3.0444636
v -0.0145000 -0.0175000 0.0025000
vn 1.5126951 3.7179995 2.6200640
v -0.0150250 -0.0175000 0.0040907
vn -1.5252810 2.6809368 -2.6345453
v -0.0157500 -0.0175000 0.0028349
vn 2.6200647 3.7180009 1.5126932
v -0.0154093 -0.0175000 0.0044750
vn -2.6331801 2.6872892 -1.5295801
v -0.0166651 -0.0175000 0.0037500
vn 3.0253909 3.7179971 0.0000000
v -0.0155500 -0.0175000 0.0050000
vn -3.0449572 2.6853993 0.0090918
v -0.0170000 -0.0175000 0.0050000
vn 2.6200635 3.7180028 -1.5126933
v -0.0154093 -0.0175000 0.0055250
vn -2.6364012 2.6766794 1.5202757
v -0.0166651 -0.0175000 0.0062500
vn 1.5126934 3.7179978 -2.6200655
v -0.0150250 -0.0175000 0.0059093
vn -1.5200524 2.6747689 2.6364787
v -0.0157500 -0.0175000 0.0071651
vn -0.0000007 3.7179997 -3.0253897
v -0.0145000 -0.0175000 0.0060500
vn 0.0000405 2.6717601 3.0428460
v -0.0145000 -0.0175000 0.0075000
vn -1.5126947 3.7179980 -2.6200652
v -0.0139750 -0.0175000 0.0059093
vn 1.5206654 2.6735687 2.6359227
v -0.0132500 -0.0175000 0.0071651
vn -2.6200628 3.7180033 -1.5126940
v -0.0135907 -0.0175000 0.0055250
vn 2.6331804 2.6872890 1.5295794
v -0.0123349 -0.0175000 0.0062500
vn -3.0253909 3.7179971 0.0000011
v -0.0134500 -0.0175000 0.0050000
vn 3.0449579 2.6854017 -0.0090918
v -0.0120000 -0.0175000 0.0050000
vn -2.6200647 3.7180009 1.5126925
v -0.0135907 -0.0175000 0.0044750
vn 2.6364014 2.6766791 -1.5202749
v -0.0123349 -0.0175000 0.0037500
vn 3.0211720 5.3262529 0.4035273
v -0.0113639 -0.0258689 0.0050000
vn 5.2885561 3.0839865 0.3527278
v -0.0117291 -0.0255100 0.0050000
vn 3.0281467 5.3029327 -0.6413024
v -0.0113642 -0.0258693 0.0049726
vn 2.9784293 5.1097178 -1.6969960
v -0.0113904 -0.0259040 0.0047423
vn 2.8425589 4.6959701 -2.8005908
v -0.0114071 -0.0259271 0.0046696
vn 2.7065203 4.1835928 -3.6449964
v -0.0114899 -0.0260551 0.0044252
vn 2.4817715 3.6418867 -4.3237324
v -0.0115036 -0.0260785 0.0043934
vn 2.3431113 2.9510009 -4.9140301
v -0.0116175 -0.0263090 0.0041690
vn 6.1807365 0.9273741 0.2061456
v -0.0118688 -0.0250175 0.0050000
vn 5.2863870 3.0578470 -0.5272575
v -0.0117293 -0.0255106 0.0049674
vn 5.2005253 2.9324036 -1.4380687
v -0.0117490 -0.0255626 0.0046949
vn 5.0314879 2.6569829 -2.3196754
v -0.0117617 -0.0255965 0.0046099
vn 4.7771502 2.3593509 -3.0875995
v -0.0118267 -0.0257769 0.0043279
vn 4.5830879 2.0024979 -3.6008639
v -0.0118377 -0.0258089 0.0042917
vn 4.3263144 1.6380339 -4.1053324
v -0.0119306 -0.0261166 0.0040383
vn 4.1743469 1.2847428 -4.3826838
v -0.0119407 -0.0261556 0.0040148
vn 2.2423635 2.3039105 -5.3061790
v -0.0116297 -0.0263388 0.0041481
vn 4.0018377 0.9063509 -4.6546097
v -0.0120145 -0.0265316 0.0038553
vn 2.1806672 1.6410741 -5.5885859
v -0.0117184 -0.0266297 0.0040054
vn 4.0362568 0.7479513 -4.6251082
v -0.0120246 -0.0266127 0.0038343
vn 2.0417476 1.0151404 -5.7899446
v -0.0117305 -0.0266929 0.0039865
vn 3.0219057 0.3688009 -5.3249912
v -0.0119043 -0.0270099 0.0038791
vn 6.1674347 0.9919738 -0.3848213
v -0.0118692 -0.0250184 0.0049542
vn 6.0894222 0.9101573 -1.1106279
v -0.0119011 -0.0251034 0.0045795
vn 5.9461222 0.7961002 -1.7793915
v -0.0119206 -0.0251569 0.0044682
vn 5.7368302 0.6893489 -2.3958540
v -0.0120117 -0.0254245 0.0041230
vn 5.5711422 0.5701067 -2.7971001
v -0.0120260 -0.0254699 0.0040812
vn 5.3461819 0.4704125 -3.2203221
v -0.0121399 -0.0258865 0.0038028
vn 5.2200193 0.3731775 -3.4401698
v -0.0121516 -0.0259376 0.0037781
vn 4.8989468 0.3443100 -3.9125094
v -0.0122348 -0.0264179 0.0036139
vn 4.7142353 0.3215780 -4.1367674
v -0.0122459 -0.0265196 0.0035925
vn 4.3107181 0.1418777 -4.5686302
v -0.0122656 -0.0270175 0.0035455
vn 5.2182002 3.0022228 1.2090297
v -0.0117446 -0.0255510 0.0052693
vn 1.7930896 0.3818085 5.9764919
v -0.0117528 -0.0270068 0.0060544
vn 3.3839643 0.3408255 5.2106457
v -0.0119043 -0.0270099 0.0061209
vn 2.0529816 1.0331657 5.7833357
v -0.0117246 -0.0266606 0.0060043
vn 2.1720371 1.8525195 5.5192223
v -0.0117031 -0.0265643 0.0059710
vn 2.2588298 2.6081004 5.1450014
v -0.0116048 -0.0262793 0.0058086
vn 2.4115646 3.2396400 4.6885915
v -0.0115893 -0.0262446 0.0057806
vn 2.5459414 3.8961804 4.0473890
v -0.0114783 -0.0260358 0.0055466
vn 2.7068028 4.4149599 3.3301539
v -0.0114658 -0.0260154 0.0055144
vn 2.8385720 4.8816361 2.4230385
v -0.0113937 -0.0259085 0.0052735
vn 2.9742665 5.1818981 1.4278446
v -0.0113846 -0.0258961 0.0052273
vn 5.0669346 2.7862177 2.0861142
v -0.0117515 -0.0255693 0.0053236
vn 4.8587103 2.5500479 2.8010840
v -0.0118075 -0.0257219 0.0056029
vn 4.6435418 2.1693881 3.4296284
v -0.0118175 -0.0257503 0.0056398
vn 4.4002271 1.8593359 3.9344821
v -0.0119074 -0.0260317 0.0059051
vn 4.2161674 1.4270638 4.3017926
v -0.0119201 -0.0260775 0.0059367
vn 4.0274286 1.0652950 4.6058111
v -0.0120018 -0.0264478 0.0061183
vn 3.9526453 0.6382465 4.7523804
v -0.0120197 -0.0265712 0.0061555
vn 4.3529110 0.2047922 4.5236788
v -0.0122656 -0.0270175 0.0064545
vn 4.7916656 0.2664409 4.0544238
v -0.0122405 -0.0264676 0.0063971
vn 4.9757514 0.3862690 3.8104227
v -0.0122208 -0.0263122 0.0063594
vn 5.2967014 0.3819163 3.3237195
v -0.0121276 -0.0258350 0.0061706
vn 5.4582224 0.5124183 3.0249295
v -0.0121124 -0.0257743 0.0061369
vn 5.6645679 0.5781704 2.6054978
v -0.0119995 -0.0253865 0.0058393
vn 5.8374271 0.7178380 2.1367362
v -0.0119860 -0.0253454 0.0057957
vn 6.0063972 0.8019907 1.5664949
v -0.0119050 -0.0251141 0.0054451
vn 6.1188893 0.8743827 0.9540452
v -0.0118941 -0.0250847 0.0053726
vn 2.9401708 0.0622485 5.3261623
v -0.0118082 -0.0319618 0.0061245
vn 0.7840224 0.0166300 6.1837201
v -0.0113250 -0.0319519 0.0060000
vn 4.3474231 0.1007046 4.5348501
v -0.0121710 -0.0319693 0.0064671
vn 4.6755829 0.4723111 4.0712295
v -0.0120811 -0.0366942 0.0064786
vn 3.5658231 0.3816777 5.0378947
v -0.0117170 -0.0366867 0.0061278
vn 2.2574198 0.5489971 5.7033291
v -0.0117049 -0.0366865 0.0061211
vn 0.7672310 0.5708434 6.0958881
v -0.0112279 -0.0366767 0.0060000
vn -4.0820465 0.7127874 4.5431118
v -0.0170757 -0.0340329 0.0062333
vn -4.7653408 0.7794988 3.9409587
v -0.0168684 -0.0340371 0.0064722
vn -4.6309991 0.0838939 4.2198405
v -0.0168091 -0.0309265 0.0064645
vn -2.9316607 0.0578206 5.3375525
v -0.0171716 -0.0309190 0.0061238
vn -3.0405271 0.6827773 5.3576717
v -0.0172318 -0.0340297 0.0061260
vn -0.7741523 0.0267547 6.1861782
v -0.0176535 -0.0309090 0.0060000
vn -0.5058333 0.4050761 6.1788473
v -0.0177176 -0.0340197 0.0060000
vn -1.9192145 0.5133826 5.8417711
v -0.0173618 -0.0340270 0.0060655
vn -4.5981054 0.1670316 4.2782731
v -0.0167344 -0.0270175 0.0064545
vn -4.0729280 0.2251704 4.7249355
v -0.0169574 -0.0270128 0.0062116
vn -0.5289428 0.3792546 6.2369080
v -0.0175724 -0.0270000 0.0060000
vn -1.8694842 0.2677066 5.9526668
v -0.0172472 -0.0270068 0.0060544
vn -2.9414744 0.1568587 5.5304260
v -0.0170957 -0.0270099 0.0061209
vn -0.5321640 1.1279047 6.1453323
v -0.0176022 -0.0267511 0.0059685
vn -2.0934217 0.9476672 5.7805233
v -0.0172695 -0.0266929 0.0060135
vn -2.1406093 1.6260998 5.6028423
v -0.0172816 -0.0266297 0.0059946
vn -3.0211625 5.3262644 -0.4034769
v -0.0176361 -0.0258689 0.0050000
vn -0.7841769 6.1898036 -0.3897106
v -0.0181311 -0.0260000 0.0050000
vn -0.7709308 6.1732602 0.6253655
v -0.0181305 -0.0260005 0.0050316
vn -5.2885599 3.0840106 -0.3526552
v -0.0172709 -0.0255100 0.0050000
vn -3.0281577 5.3029199 0.6413480
v -0.0176358 -0.0258693 0.0050274
vn -0.7411563 5.9674015 1.7151071
v -0.0180859 -0.0260430 0.0052901
vn -2.9784241 5.1097240 1.6969924
v -0.0176096 -0.0259040 0.0052577
vn -0.6780087 5.5447683 2.8208876
v -0.0180586 -0.0260697 0.0053669
vn -2.8425608 4.6959620 2.8006020
v -0.0175929 -0.0259271 0.0053304
vn -0.6544638 4.9854650 3.7281795
v -0.0179313 -0.0262035 0.0056047
vn -2.7065253 4.1836076 3.6449690
v -0.0175101 -0.0260551 0.0055748
vn -0.5779115 4.3229380 4.4980054
v -0.0179113 -0.0262262 0.0056334
vn -2.5160120 3.5895934 4.3590918
v -0.0174964 -0.0260785 0.0056066
vn -0.5811313 3.6011558 5.0935078
v -0.0177518 -0.0264345 0.0058247
vn -2.4055197 2.9637411 4.8865075
v -0.0173825 -0.0263090 0.0058310
vn -0.5313573 2.9248872 5.5181484
v -0.0177354 -0.0264601 0.0058417
vn -2.2238269 2.3348961 5.2962651
v -0.0173703 -0.0263388 0.0058519
vn -0.5387585 2.3206451 5.8005943
v -0.0176517 -0.0266152 0.0059230
vn -0.5551997 1.7375449 5.9967623
v -0.0176180 -0.0267002 0.0059540
vn -3.9238343 0.5335627 4.7812009
v -0.0169754 -0.0266127 0.0061657
vn -4.0018368 0.9063502 4.6546102
v -0.0169855 -0.0265316 0.0061447
vn -4.1743460 1.2847447 4.3826847
v -0.0170593 -0.0261556 0.0059852
vn -4.3263140 1.6380377 4.1053309
v -0.0170694 -0.0261166 0.0059617
vn -4.5830770 2.0024714 3.6008844
v -0.0171623 -0.0258089 0.0057083
vn -4.7771401 2.3593266 3.0876427
v -0.0171733 -0.0257769 0.0056721
vn -5.0314898 2.6569953 2.3196652
v -0.0172383 -0.0255965 0.0053901
vn -5.2005258 2.9324093 1.4380432
v -0.0172510 -0.0255626 0.0053051
vn -5.2863798 3.0578389 0.5273281
v -0.0172707 -0.0255106 0.0050326
vn -6.1807323 0.9273829 -0.2062035
v -0.0171312 -0.0250175 0.0050000
vn -6.1674390 0.9919818 0.3847560
v -0.0171308 -0.0250184 0.0050458
vn -6.0894213 0.9101596 1.1106271
v -0.0170989 -0.0251034 0.0054205
vn -5.9461203 0.7961030 1.7793944
v -0.0170794 -0.0251569 0.0055318
vn -5.7368116 0.6893363 2.3959105
v -0.0169883 -0.0254245 0.0058770
vn -5.5711317 0.5700928 2.7971208
v -0.0169740 -0.0254699 0.0059188
vn -5.3461828 0.4704145 3.2203193
v -0.0168601 -0.0258865 0.0061972
vn -5.2200193 0.3731775 3.4401698
v -0.0168484 -0.0259376 0.0062219
vn -4.8989124 0.3442952 3.9125571
v -0.0167652 -0.0264179 0.0063861
vn -4.7531710 0.2510087 4.1005783
v -0.0167541 -0.0265196 0.0064075
vn -5.2181959 3.0022249 -1.2090721
v -0.0172554 -0.0255510 0.0047307
vn -2.9997363 0.2782190 -5.4991651
v -0.0170957 -0.0270099 0.0038791
vn -1.7916048 0.3841807 -5.9767089
v -0.0172472 -0.0270068 0.0039456
vn -2.0529711 1.0331514 -5.7833395
v -0.0172754 -0.0266606 0.0039957
vn -0.5506346 0.4211395 -6.2319622
v -0.0175724 -0.0270000 0.0040000
vn -0.5559728 1.2707224 -6.1134043
v -0.0176099 -0.0267251 0.0040385
vn -4.4537702 0.1386674 -4.4191170
v -0.0167344 -0.0270175 0.0035455
vn -4.0630274 0.2367055 -4.7364573
v -0.0169574 -0.0270128 0.0037884
vn -3.9480057 0.5818437 -4.7641988
v -0.0169803 -0.0265712 0.0038445
vn -0.5995923 2.2138641 -5.8320093
v -0.0176379 -0.0266473 0.0040642
vn -2.1720204 1.8524930 -5.5192409
v -0.0172969 -0.0265643 0.0040290
vn -0.5777217 3.1254818 -5.4017563
v -0.0177690 -0.0264088 0.0041935
vn -2.2588294 2.6081016 -5.1450000
v -0.0173952 -0.0262793 0.0041914
vn -0.6429610 3.8578360 -4.8906040
v -0.0177903 -0.0263784 0.0042166
vn -2.4115648 3.2396369 -4.6885920
v -0.0174107 -0.0262446 0.0042194
vn -0.6515144 4.6211243 -4.1750917
v -0.0179484 -0.0261845 0.0044212
vn -2.5459409 3.8961778 -4.0473933
v -0.0175217 -0.0260358 0.0044534
vn -0.7095559 5.1255007 -3.5155244
v -0.0179673 -0.0261640 0.0044513
vn -2.7068052 4.4149609 -3.3301499
v -0.0175342 -0.0260154 0.0044856
vn -0.7184844 5.5513105 -2.7975852
v -0.0180514 -0.0260769 0.0046154
vn -2.8385763 4.8816047 -2.4230833
v -0.0176063 -0.0259085 0.0047265
vn -0.7389307 5.8078084 -2.1818337
v -0.0180805 -0.0260483 0.0046930
vn -0.7703943 6.0315647 -1.4521998
v -0.0180957 -0.0260336 0.0047429
vn -2.9742484 5.1818986 -1.4278990
v -0.0176154 -0.0258961 0.0047727
vn -5.0669284 2.7862029 -2.0861433
v -0.0172485 -0.0255693 0.0046764
vn -4.8587098 2.5500360 -2.8011065
v -0.0171925 -0.0257219 0.0043971
vn -4.6435280 2.1693769 -3.4296522
v -0.0171825 -0.0257503 0.0043602
vn -4.4002223 1.8593111 -3.9345040
v -0.0170926 -0.0260317 0.0040949
vn -4.2161598 1.4270322 -4.3018055
v -0.0170799 -0.0260775 0.0040633
vn -4.0274301 1.0652940 -4.6058059
v -0.0169982 -0.0264478 0.0038817
vn -4.7916656 0.2664356 -4.0544243
v -0.0167595 -0.0264676 0.0036029
vn -4.9757371 0.3862542 -3.8104448
v -0.0167792 -0.0263122 0.0036406
vn -5.2966919 0.3818991 -3.3237362
v -0.0168724 -0.0258350 0.0038294
vn -5.4581971 0.5124083 -3.0249863
v -0.0168876 -0.0257743 0.0038631
vn -5.6645451 0.5781472 -2.6055484
v -0.0170005 -0.0253865 0.0041607
vn -5.8373981 0.7178188 -2.1368387
v -0.0170140 -0.0253454 0.0042043
vn -6.0063992 0.8020006 -1.5664780
v -0.0170950 -0.0251141 0.0045549
vn -6.1188865 0.8743950 -0.9540408
v -0.0171059 -0.0250847 0.0046274
vn 4.9740167 0.5484630 -3.7133627
v -0.0120585 -0.0378820 0.0035186
vn 4.3568001 0.0901291 -4.5261297
v -0.0121655 -0.0322588 0.0035322
vn 4.0884981 0.5417717 -4.5984936
v -0.0118424 -0.0378776 0.0037693
vn 2.9379587 0.0536784 -5.3293200
v -0.0118026 -0.0322513 0.0038753
vn 3.0522764 0.5830504 -5.3778973
v -0.0116942 -0.0378746 0.0038714
vn 0.7839634 0.0167103 -6.1837506
v -0.0113190 -0.0322414 0.0040000
vn 0.5976380 0.5874675 -6.1414485
v -0.0112037 -0.0378646 0.0040000
vn 1.7723806 0.6153581 -5.8601356
v -0.0115494 -0.0378717 0.0039383
vn -4.5190239 0.1223582 -4.3542080
v -0.0168149 -0.0312281 0.0035348
vn -2.9255347 0.0642594 -5.3386936
v -0.0171775 -0.0312206 0.0038760
vn -0.7823806 0.0166916 -6.1841593
v -0.0176597 -0.0312107 0.0040000
vn -0.4276343 0.6253511 -6.0815678
v -0.0177434 -0.0352764 0.0040000
vn -2.9095488 0.4216429 -5.3063827
v -0.0172560 -0.0352864 0.0038732
vn -4.5596371 0.6456312 -4.0950160
v -0.0169582 -0.0352925 0.0036191
vn -5.0235000 0.5468799 -3.7027192
v -0.0168923 -0.0352938 0.0035248
vn -0.6477487 4.6203413 -4.1762600
v 0.0089516 -0.0261845 -0.0175788
vn -0.6379818 3.8619227 -4.8875008
v 0.0091097 -0.0263784 -0.0177834
vn 0.6556407 4.9838200 -3.7303243
v -0.0110687 -0.0262035 -0.0176047
vn -0.5485991 0.4183730 -6.2323122
v 0.0093276 -0.0270000 -0.0180000
vn 0.7215348 0.4468186 -6.1991601
v -0.0114276 -0.0270000 -0.0180000
vn 0.5270320 1.1255697 -6.1460052
v -0.0113978 -0.0267511 -0.0179685
vn -0.5500897 1.2684667 -6.1141996
v 0.0092901 -0.0267251 -0.0179615
vn 0.5407372 2.0087750 -5.9128885
v -0.0113820 -0.0267002 -0.0179540
vn -0.5914652 2.2208598 -5.8297062
v 0.0092621 -0.0266473 -0.0179358
vn 0.5226696 2.7993991 -5.5855188
v -0.0112646 -0.0264601 -0.0178417
vn 0.5953259 3.4265392 -5.2086105
v -0.0112482 -0.0264345 -0.0178247
vn -0.5753467 3.1244335 -5.4025011
v 0.0091310 -0.0264088 -0.0178065
vn 0.5889759 4.0763917 -4.7217412
v -0.0111446 -0.0262929 -0.0177071
vn 0.6094419 4.5245118 -4.2794137
v -0.0110887 -0.0262262 -0.0176334
vn 0.7672971 6.1732497 -0.6273640
v -0.0108695 -0.0260005 -0.0170316
vn 0.7836891 6.1895232 0.3941330
v -0.0108689 -0.0260000 -0.0170000
vn -0.7836889 6.1895232 -0.3941298
v 0.0087689 -0.0260000 -0.0170000
vn -0.7724938 6.0318437 -1.4504390
v 0.0088043 -0.0260336 -0.0172571
vn -0.7386117 5.8077850 -2.1819284
v 0.0088195 -0.0260483 -0.0173070
vn 0.6797202 5.5462079 -2.8178248
v -0.0109414 -0.0260697 -0.0173669
vn -0.7074461 5.5564351 -2.7880404
v 0.0088486 -0.0260769 -0.0173846
vn -0.6961753 5.1280689 -3.5123677
v 0.0089327 -0.0261640 -0.0175487
vn 0.7464617 5.9658413 -1.7196047
v -0.0109141 -0.0260430 -0.0172901
vn -1.5126953 3.7179942 2.6200662
v -0.0139750 -0.0175000 -0.0179093
vn 1.5245991 2.6814895 -2.6351080
v -0.0132500 -0.0175000 -0.0191651
vn -0.0000006 3.7180030 3.0253882
v -0.0145000 -0.0175000 -0.0180500
vn -0.0030555 2.6813252 -3.0442867
v -0.0145000 -0.0175000 -0.0195000
vn 1.5126956 3.7179964 2.6200657
v -0.0150250 -0.0175000 -0.0179093
vn -1.5221412 2.6761799 -2.6355197
v -0.0157500 -0.0175000 -0.0191651
vn 2.6200614 3.7180052 1.5126948
v -0.0154093 -0.0175000 -0.0175250
vn -2.6331787 2.6872892 -1.5295795
v -0.0166651 -0.0175000 -0.0182500
vn 3.0253911 3.7179966 -0.0000018
v -0.0155500 -0.0175000 -0.0170000
vn -3.0449572 2.6853993 0.0090925
v -0.0170000 -0.0175000 -0.0170000
vn 2.6200647 3.7180009 -1.5126925
v -0.0154093 -0.0175000 -0.0164750
vn -2.6363924 2.6766791 1.5202764
v -0.0166651 -0.0175000 -0.0157500
vn 1.5126922 3.7180007 -2.6200650
v -0.0150250 -0.0175000 -0.0160907
vn -1.5200371 2.6744134 2.6364887
v -0.0157500 -0.0175000 -0.0148349
vn -0.0000006 3.7179959 -3.0253906
v -0.0145000 -0.0175000 -0.0159500
vn 0.0000142 2.6715450 3.0428357
v -0.0145000 -0.0175000 -0.0145000
vn -1.5126933 3.7180004 -2.6200643
v -0.0139750 -0.0175000 -0.0160907
vn 1.5206373 2.6735702 2.6359408
v -0.0132500 -0.0175000 -0.0148349
vn -2.6200647 3.7180009 -1.5126932
v -0.0135907 -0.0175000 -0.0164750
vn 2.6331799 2.6872890 1.5295795
v -0.0123349 -0.0175000 -0.0157500
vn -3.0253911 3.7179968 -0.0000006
v -0.0134500 -0.0175000 -0.0170000
vn 3.0449579 2.6854012 -0.0090911
v -0.0120000 -0.0175000 -0.0170000
vn -2.6200624 3.7180047 1.5126936
v -0.0135907 -0.0175000 -0.0175250
vn 2.6363914 2.6766782 -1.5202746
v -0.0123349 -0.0175000 -0.0182500
vn -4.5552678 0.6365973 4.0988607
v -0.0169582 -0.0352925 -0.0156191
vn -5.0399351 0.6148121 3.6587832
v -0.0168923 -0.0352938 -0.0155248
vn -4.5027714 0.1193293 4.3713217
v -0.0168149 -0.0312281 -0.0155348
vn -2.9145589 0.4135979 5.3024216
v -0.0172560 -0.0352864 -0.0158732
vn -0.7753206 0.0260617 6.1858902
v -0.0176597 -0.0312107 -0.0160000
vn -0.4272809 0.6258621 6.0816584
v -0.0177434 -0.0352764 -0.0160000
vn -2.9397671 0.0723086 5.3298388
v -0.0171775 -0.0312206 -0.0158760
vn -4.4409137 0.1396998 4.4334140
v -0.0167344 -0.0270175 -0.0155455
vn -4.0724478 0.2239239 4.7255001
v -0.0169574 -0.0270128 -0.0157884
vn -0.5289358 0.3792616 6.2369084
v -0.0175724 -0.0270000 -0.0160000
vn -1.8694919 0.2675817 5.9526653
v -0.0172472 -0.0270068 -0.0159456
vn -2.9414792 0.1568580 5.5304270
v -0.0170957 -0.0270099 -0.0158791
vn -0.5314417 1.1275945 6.1454239
v -0.0176022 -0.0267511 -0.0160315
vn -2.0934198 0.9476696 5.7805233
v -0.0172695 -0.0266929 -0.0159865
vn -2.1398754 1.6221209 5.6046219
v -0.0172816 -0.0266297 -0.0160054
vn -3.0211630 5.3262649 -0.4034766
v -0.0176361 -0.0258689 -0.0170000
vn -0.7866080 6.1895633 -0.3914707
v -0.0181311 -0.0260000 -0.0170000
vn -0.7770801 6.1724706 0.6300297
v -0.0181305 -0.0260005 -0.0169684
vn -5.2885599 3.0840111 -0.3526514
v -0.0172709 -0.0255100 -0.0170000
vn -3.0281560 5.3029189 0.6413499
v -0.0176358 -0.0258693 -0.0169726
vn -0.7484857 5.9672308 1.7141147
v -0.0180859 -0.0260430 -0.0167099
vn -2.9784207 5.1097212 1.6970054
v -0.0176096 -0.0259040 -0.0167423
vn -0.7003853 5.6321855 2.6314993
v -0.0180586 -0.0260697 -0.0166331
vn -2.8104441 4.7284956 2.7623963
v -0.0175929 -0.0259271 -0.0166696
vn -0.6834388 5.2383876 3.3588076
v -0.0179945 -0.0261351 -0.0164981
vn -2.6509397 4.1827946 3.6717567
v -0.0175101 -0.0260551 -0.0164252
vn -0.6742902 4.8041968 3.9501059
v -0.0179313 -0.0262035 -0.0163953
vn -0.5867067 4.3225803 4.4977899
v -0.0179113 -0.0262262 -0.0163666
vn -2.5159910 3.5895333 4.3591433
v -0.0174964 -0.0260785 -0.0163934
vn -0.5807387 3.6028786 5.0922747
v -0.0177518 -0.0264345 -0.0161753
vn -2.4055285 2.9637480 4.8864994
v -0.0173825 -0.0263090 -0.0161690
vn -0.5438461 3.0989850 5.4117289
v -0.0177354 -0.0264601 -0.0161583
vn -2.2147641 2.3462667 5.2928329
v -0.0173703 -0.0263388 -0.0161481
vn -0.5433699 2.6564317 5.6529331
v -0.0177118 -0.0264989 -0.0161346
vn -0.5718063 1.8935398 5.9485068
v -0.0176180 -0.0267002 -0.0160460
vn -3.9238338 0.5335641 4.7812009
v -0.0169754 -0.0266127 -0.0158343
vn -4.0018349 0.9063458 4.6546125
v -0.0169855 -0.0265316 -0.0158553
vn -4.1743441 1.2847426 4.3826866
v -0.0170593 -0.0261556 -0.0160148
vn -4.3263144 1.6380405 4.1053314
v -0.0170694 -0.0261166 -0.0160383
vn -4.5830908 2.0024848 3.6008654
v -0.0171623 -0.0258089 -0.0162917
vn -4.7771435 2.3593457 3.0876153
v -0.0171733 -0.0257769 -0.0163279
vn -5.0314922 2.6569924 2.3196650
v -0.0172383 -0.0255965 -0.0166099
vn -5.2005262 2.9324088 1.4380417
v -0.0172510 -0.0255626 -0.0166949
vn -5.2863789 3.0578399 0.5273283
v -0.0172707 -0.0255106 -0.0169674
vn -6.1807323 0.9273831 -0.2062021
v -0.0171312 -0.0250175 -0.0170000
vn -6.1674395 0.9919819 0.3847560
v -0.0171308 -0.0250184 -0.0169542
vn -6.0894213 0.9101586 1.1106262
v -0.0170989 -0.0251034 -0.0165795
vn -5.9461203 0.7961015 1.7793939
v -0.0170794 -0.0251569 -0.0164682
vn -5.7368069 0.6893288 2.3959317
v -0.0169883 -0.0254245 -0.0161230
vn -5.5711231 0.5700883 2.7971380
v -0.0169740 -0.0254699 -0.0160812
vn -5.3462009 0.4704278 3.2202797
v -0.0168601 -0.0258865 -0.0158028
vn -5.2200265 0.3731886 3.4401605
v -0.0168484 -0.0259376 -0.0157781
vn -4.8989110 0.3442935 3.9125586
v -0.0167652 -0.0264179 -0.0156139
vn -4.7531710 0.2510087 4.1005783
v -0.0167541 -0.0265196 -0.0155925
vn -5.2181969 3.0022225 -1.2090832
v -0.0172554 -0.0255510 -0.0172693
vn -2.9997356 0.2782252 -5.4991632
v -0.0170957 -0.0270099 -0.0181209
vn -1.7908363 0.3854030 -5.9768229
v -0.0172472 -0.0270068 -0.0180544
vn -2.0529804 1.0331622 -5.7833352
v -0.0172754 -0.0266606 -0.0180043
vn -4.6118441 0.1650945 -4.2630610
v -0.0167344 -0.0270175 -0.0184545
vn -4.0630388 0.2368342 -4.7364459
v -0.0169574 -0.0270128 -0.0182116
vn -3.9480023 0.5818255 -4.7642031
v -0.0169803 -0.0265712 -0.0181555
vn -0.5463954 3.8162212 -4.9405255
v -0.0177903 -0.0263784 -0.0177834
vn -2.2588508 2.6081269 -5.1449819
v -0.0173952 -0.0262793 -0.0178086
vn -0.5832311 3.1243374 -5.4021592
v -0.0177690 -0.0264088 -0.0178065
vn -2.1720300 1.8525113 -5.5192270
v -0.0172969 -0.0265643 -0.0179710
vn -0.6022049 2.2132010 -5.8321199
v -0.0176379 -0.0266473 -0.0179358
vn -0.5568975 1.2710760 -6.1132793
v -0.0176099 -0.0267251 -0.0179615
vn -0.5513465 0.4221426 -6.2318292
v -0.0175724 -0.0270000 -0.0180000
vn -0.4484097 4.2221079 -4.6177034
v -0.0178552 -0.0262932 -0.0177074
vn -2.5643697 3.8599455 -4.0770030
v -0.0175217 -0.0260358 -0.0175466
vn -2.4607472 3.2493882 -4.6643620
v -0.0174107 -0.0262446 -0.0177806
vn -0.6257334 4.7314396 -4.0503864
v -0.0179484 -0.0261845 -0.0175788
vn -0.7195103 5.1962385 -3.4090278
v -0.0179673 -0.0261640 -0.0175487
vn -2.7211478 4.4142842 -3.3242011
v -0.0175342 -0.0260154 -0.0175144
vn -0.7458493 5.6989880 -2.4691517
v -0.0180805 -0.0260483 -0.0173070
vn -2.8477516 4.8749104 -2.4314866
v -0.0176063 -0.0259085 -0.0172735
vn -0.7717176 6.0318880 -1.4504358
v -0.0180957 -0.0260336 -0.0172571
vn -2.9742513 5.1819000 -1.4278803
v -0.0176154 -0.0258961 -0.0172273
vn -5.0669231 2.7862008 -2.0861535
v -0.0172485 -0.0255693 -0.0173236
vn -4.8587122 2.5500364 -2.8011043
v -0.0171925 -0.0257219 -0.0176029
vn -4.6435304 2.1693778 -3.4296501
v -0.0171825 -0.0257503 -0.0176398
vn -4.4002261 1.8593137 -3.9345019
v -0.0170926 -0.0260317 -0.0179051
vn -4.2161603 1.4270325 -4.3018084
v -0.0170799 -0.0260775 -0.0179367
vn -4.0274353 1.0652817 -4.6058083
v -0.0169982 -0.0264478 -0.0181183
vn -4.7916636 0.2664346 -4.0544262
v -0.0167595 -0.0264676 -0.0183971
vn -4.9757352 0.3862570 -3.8104477
v -0.0167792 -0.0263122 -0.0183594
vn -5.2966833 0.3818949 -3.3237484
v -0.0168724 -0.0258350 -0.0181706
vn -5.4581833 0.5124018 -3.0250165
v -0.0168876 -0.0257743 -0.0181369
vn -5.6645389 0.5781441 -2.6055603
v -0.0170005 -0.0253865 -0.0178393
vn -5.8373942 0.7178118 -2.1368566
v -0.0170140 -0.0253454 -0.0177957
vn -6.0063977 0.8020003 -1.5664830
v -0.0170950 -0.0251141 -0.0174451
vn -6.1188860 0.8743927 -0.9540473
v -0.0171059 -0.0250847 -0.0173726
vn -4.6356058 0.1084078 -4.2123227
v -0.0168091 -0.0309265 -0.0184645
vn -2.9353509 0.0593951 -5.3346238
v -0.0171716 -0.0309190 -0.0181238
vn -0.7738113 0.0042488 -6.1863766
v -0.0176535 -0.0309090 -0.0180000
vn -4.7627511 0.7554830 -3.9421740
v -0.0168684 -0.0340371 -0.0184722
vn -4.0928283 0.6876905 -4.5311327
v -0.0170757 -0.0340329 -0.0182333
vn -0.5559405 0.5187225 -6.1532459
v -0.0177176 -0.0340197 -0.0180000
vn -1.8995571 0.5476658 -5.8429370
v -0.0173618 -0.0340270 -0.0180655
vn -3.0405333 0.6827811 -5.3576722
v -0.0172318 -0.0340297 -0.0181260
vn 2.9392681 0.0616807 -5.3274674
v -0.0118082 -0.0319618 -0.0181245
vn 0.7833335 0.0167093 -6.1839123
v -0.0113250 -0.0319519 -0.0180000
vn 0.8055390 0.5955657 -6.0812740
v -0.0112279 -0.0366767 -0.0180000
vn 4.6839886 0.4703404 -4.0591459
v -0.0120811 -0.0366942 -0.0184786
vn 4.3645802 0.1003047 -4.5180960
v -0.0121710 -0.0319693 -0.0184671
vn 3.5874307 0.4222887 -5.0263982
v -0.0117170 -0.0366867 -0.0181278
vn 2.1404674 0.7105082 -5.7116604
v -0.0117049 -0.0366865 -0.0181211
vn 3.0219054 0.3688011 -5.3249893
v -0.0119043 -0.0270099 -0.0181209
vn 4.3206954 0.1434593 -4.5590968
v -0.0122656 -0.0270175 -0.0184545
vn 3.0211716 5.3262515 0.4035276
v -0.0113639 -0.0258689 -0.0170000
vn 5.2885561 3.0839865 0.3527305
v -0.0117291 -0.0255100 -0.0170000
vn 3.0281491 5.3029346 -0.6413005
v -0.0113642 -0.0258693 -0.0170274
vn 2.9784310 5.1097178 -1.6969942
v -0.0113904 -0.0259040 -0.0172577
vn 2.8425589 4.6959696 -2.8005924
v -0.0114071 -0.0259271 -0.0173304
vn 2.7065239 4.1836109 -3.6449666
v -0.0114899 -0.0260551 -0.0175748
vn 2.4817820 3.6419170 -4.3237062
v -0.0115036 -0.0260785 -0.0176066
vn 2.3431056 2.9509983 -4.9140329
v -0.0116175 -0.0263090 -0.0178310
vn 6.1807365 0.9273746 0.2061477
v -0.0118688 -0.0250175 -0.0170000
vn 5.2863884 3.0578470 -0.5272564
v -0.0117293 -0.0255106 -0.0170326
vn 5.2005253 2.9324043 -1.4380690
v -0.0117490 -0.0255626 -0.0173051
vn 5.0314875 2.6569841 -2.3196766
v -0.0117617 -0.0255965 -0.0173901
vn 4.7771478 2.3593318 -3.0876265
v -0.0118267 -0.0257769 -0.0176721
vn 4.5830750 2.0024824 -3.6008830
v -0.0118377 -0.0258089 -0.0177083
vn 4.3263149 1.6380310 -4.1053305
v -0.0119306 -0.0261166 -0.0179617
vn 4.1743484 1.2847450 -4.3826809
v -0.0119407 -0.0261556 -0.0179852
vn 2.2423582 2.3039200 -5.3061757
v -0.0116297 -0.0263388 -0.0178519
vn 4.0018368 0.9063557 -4.6546111
v -0.0120145 -0.0265316 -0.0181447
vn 2.1806674 1.6411129 -5.5885735
v -0.0117184 -0.0266297 -0.0179946
vn 4.0362530 0.7479497 -4.6251121
v -0.0120246 -0.0266127 -0.0181657
vn 2.0417550 1.0151656 -5.7899437
v -0.0117305 -0.0266929 -0.0180135
vn 6.1674356 0.9919739 -0.3848212
v -0.0118692 -0.0250184 -0.0170458
vn 6.0894213 0.9101581 -1.1106288
v -0.0119011 -0.0251034 -0.0174205
vn 5.9461212 0.7961016 -1.7793920
v -0.0119206 -0.0251569 -0.0175318
vn 5.7368374 0.6893566 -2.3958340
v -0.0120117 -0.0254245 -0.0178770
vn 5.5711517 0.5701111 -2.7970834
v -0.0120260 -0.0254699 -0.0179188
vn 5.3461637 0.4703991 -3.2203619
v -0.0121399 -0.0258865 -0.0181972
vn 5.2200089 0.3731658 -3.4401860
v -0.0121516 -0.0259376 -0.0182219
vn 4.8989711 0.3443234 -3.9124758
v -0.0122348 -0.0264179 -0.0183861
vn 4.7142415 0.3215867 -4.1367598
v -0.0122459 -0.0265196 -0.0184075
vn 5.2181988 3.0022266 1.2090186
v -0.0117446 -0.0255510 -0.0167307
vn 1.7935584 0.3810758 5.9764194
v -0.0117528 -0.0270068 -0.0159456
vn 0.5490914 0.4186594 6.2322268
v -0.0114276 -0.0270000 -0.0160000
vn 0.5508422 1.2681874 6.1142473
v -0.0113901 -0.0267251 -0.0160385
vn 3.3839736 0.3408310 5.2106428
v -0.0119043 -0.0270099 -0.0158791
vn 2.0529652 1.0331385 5.7833433
v -0.0117246 -0.0266606 -0.0159957
vn 0.5917191 2.2206914 5.8297625
v -0.0113621 -0.0266473 -0.0160642
vn 2.1720304 1.8524761 5.5192442
v -0.0117031 -0.0265643 -0.0160290
vn 0.5763087 3.1248085 5.4022284
v -0.0112310 -0.0264088 -0.0161935
vn 2.2588139 2.6080735 5.1450181
v -0.0116048 -0.0262793 -0.0161914
vn 0.6397191 3.8604045 4.8886647
v -0.0112097 -0.0263784 -0.0162166
vn 2.4115527 3.2396078 4.6886272
v -0.0115893 -0.0262446 -0.0162194
vn 0.6475561 4.6206641 4.1759014
v -0.0110516 -0.0261845 -0.0164212
vn 2.5459380 3.8961837 4.0473905
v -0.0114783 -0.0260358 -0.0164534
vn 0.6968224 5.1280441 3.5123625
v -0.0110327 -0.0261640 -0.0164513
vn 2.7068048 4.4149609 3.3301530
v -0.0114658 -0.0260154 -0.0164856
vn 0.7080902 5.5561719 2.7886097
v -0.0109486 -0.0260769 -0.0166154
vn 2.8385696 4.8816299 2.4230490
v -0.0113937 -0.0259085 -0.0167265
vn 0.7386112 5.8077717 2.1819596
v -0.0109195 -0.0260483 -0.0166930
vn 0.7724904 6.0318370 1.4504735
v -0.0109043 -0.0260336 -0.0167429
vn 2.9742637 5.1818967 1.4278634
v -0.0113846 -0.0258961 -0.0167727
vn 5.0669394 2.7862203 2.0861037
v -0.0117515 -0.0255693 -0.0166764
vn 4.8587055 2.5500317 2.8011098
v -0.0118075 -0.0257219 -0.0163971
vn 4.6435256 2.1693740 3.4296501
v -0.0118175 -0.0257503 -0.0163602
vn 4.4002271 1.8593395 3.9344792
v -0.0119074 -0.0260317 -0.0160949
vn 4.2161689 1.4270629 4.3017902
v -0.0119201 -0.0260775 -0.0160633
vn 4.0274267 1.0652794 4.6058173
v -0.0120018 -0.0264478 -0.0158817
vn 3.9526424 0.6382360 4.7523804
v -0.0120197 -0.0265712 -0.0158445
vn 4.3666201 0.2070876 4.5105371
v -0.0122656 -0.0270175 -0.0155455
vn 4.7916675 0.2664388 4.0544219
v -0.0122405 -0.0264676 -0.0156029
vn 4.9757519 0.3862680 3.8104231
v -0.0122208 -0.0263122 -0.0156406
vn 5.2967076 0.3819225 3.3237104
v -0.0121276 -0.0258350 -0.0158294
vn 5.4582353 0.5124273 3.0248992
v -0.0121124 -0.0257743 -0.0158631
vn 5.6645746 0.5781718 2.6054857
v -0.0119995 -0.0253865 -0.0161607
vn 5.8374319 0.7178450 2.1367183
v -0.0119860 -0.0253454 -0.0162043
vn 6.0063992 0.8019921 1.5664827
v -0.0119050 -0.0251141 -0.0165549
vn 6.1188898 0.8743881 0.9540315
v -0.0118941 -0.0250847 -0.0166274
vn -0.6797131 5.5462046 2.8178349
v 0.0088414 -0.0260697 -0.0166331
vn -0.7464595 5.9658422 1.7196021
v 0.0088141 -0.0260430 -0.0167099
vn -0.7672989 6.1732531 0.6273631
v 0.0087695 -0.0260005 -0.0169684
vn -0.6568193 4.9831185 3.7312629
v 0.0089687 -0.0262035 -0.0163953
vn -0.5789382 4.3237710 4.4969974
v 0.0089887 -0.0262262 -0.0163666
vn -0.5813237 3.6006234 5.0938783
v 0.0091482 -0.0264345 -0.0161753
vn -0.7215332 0.4468360 6.1991591
v 0.0093276 -0.0270000 -0.0160000
vn -0.5294151 1.1266870 6.1456876
v 0.0092978 -0.0267511 -0.0160315
vn -0.5439764 1.7375801 5.9968987
v 0.0092820 -0.0267002 -0.0160460
vn -0.5280719 2.3304605 5.7970572
v 0.0092483 -0.0266152 -0.0160770
vn -0.5325678 2.9241781 5.5185065
v 0.0091646 -0.0264601 -0.0161583
vn 4.3818383 0.0969625 4.5010128
v -0.0121655 -0.0322588 -0.0155322
vn 0.7798986 0.0089393 6.1848245
v -0.0113190 -0.0322414 -0.0160000
vn 2.9473355 0.0539526 5.3233700
v -0.0118026 -0.0322513 -0.0158753
vn 4.8437872 0.5289423 3.9211524
v -0.0120585 -0.0378820 -0.0155186
vn 4.0914454 0.5225166 4.5965652
v -0.0118424 -0.0378776 -0.0157693
vn 0.5690113 0.5799638 6.1499476
v -0.0112037 -0.0378646 -0.0160000
vn 1.8152958 0.5805026 5.8620934
v -0.0115494 -0.0378717 -0.0159383
vn 3.0522723 0.5830482 5.3778944
v -0.0116942 -0.0378746 -0.0158714
vn -1.5126953 3.7179942 2.6200662
v 0.0129250 -0.0175000 -0.0179093
vn 1.5200343 2.6746864 -2.6364846
v 0.0136500 -0.0175000 -0.0191651
vn -0.0000006 3.7180030 3.0253882
v 0.0124000 -0.0175000 -0.0180500
vn -0.0006972 2.6705632 -3.0426846
v 0.0124000 -0.0175000 -0.0195000
vn 1.5126967 3.7179971 2.6200647
v 0.0118750 -0.0175000 -0.0179093
vn -1.5199972 2.6725278 -2.6361554
v 0.0111500 -0.0175000 -0.0191651
vn 2.6200624 3.7180018 1.5126959
v 0.0114907 -0.0175000 -0.0175250
vn -2.6331794 2.6872883 -1.5295787
v 0.0102349 -0.0175000 -0.0182500
vn 3.0253899 3.7179992 -0.0000014
v 0.0113500 -0.0175000 -0.0170000
vn -3.0449576 2.6854014 0.0090923
v 0.0099000 -0.0175000 -0.0170000
vn 2.6200657 3.7179973 -1.5126945
v 0.0114907 -0.0175000 -0.0164750
vn -2.6363926 2.6766787 1.5202756
v 0.0102349 -0.0175000 -0.0157500
vn 1.5126935 3.7180018 -2.6200638
v 0.0118750 -0.0175000 -0.0160907
vn -1.5232706 2.6793525 2.6355019
v 0.0111500 -0.0175000 -0.0148349
vn -0.0000006 3.7179959 -3.0253906
v 0.0124000 -0.0175000 -0.0159500
vn -0.0007729 2.6828330 3.0445595
v 0.0124000 -0.0175000 -0.0145000
vn -1.5126933 3.7180004 -2.6200643
v 0.0129250 -0.0175000 -0.0160907
vn 1.5246196 2.6794293 2.6347542
v 0.0136500 -0.0175000 -0.0148349
vn -2.6200643 3.7180002 -1.5126952
v 0.0133093 -0.0175000 -0.0164750
vn 2.6331799 2.6872892 1.5295795
v 0.0145651 -0.0175000 -0.0157500
vn -3.0253892 3.7180011 -0.0000011
v 0.0134500 -0.0175000 -0.0170000
vn 3.0449579 2.6854012 -0.0090911
v 0.0149000 -0.0175000 -0.0170000
vn -2.6200619 3.7180028 1.5126960
v 0.0133093 -0.0175000 -0.0175250
vn 2.6363914 2.6766782 -1.5202746
v 0.0145651 -0.0175000 -0.0182500
vn -4.9071560 0.5535051 3.8210192
v 0.0099478 -0.0384438 -0.0155173
vn -4.3604650 0.0901119 4.5225945
v 0.0100599 -0.0325515 -0.0155315
vn -4.0738020 0.5802551 4.5991645
v 0.0097289 -0.0384393 -0.0157710
vn -2.9402544 0.0541297 5.3275986
v 0.0096969 -0.0325440 -0.0158751
vn -3.0412736 0.6196709 5.3737202
v 0.0095834 -0.0384363 -0.0158710
vn -0.7846127 0.0167166 6.1835837
v 0.0092130 -0.0325340 -0.0160000
vn -0.5778677 0.6082487 6.1386786
v 0.0090922 -0.0384263 -0.0160000
vn -1.7746363 0.6262025 5.8560414
v 0.0094347 -0.0384333 -0.0159395
vn -3.0219016 0.3687943 5.3249955
v 0.0098043 -0.0270099 -0.0158791
vn -4.3110442 0.1419331 4.5683188
v 0.0101656 -0.0270175 -0.0155455
vn -3.0211630 5.3262672 -0.4034771
v 0.0092639 -0.0258689 -0.0170000
vn -5.2885590 3.0839882 -0.3527260
v 0.0096291 -0.0255100 -0.0170000
vn -3.0281568 5.3029175 0.6413490
v 0.0092642 -0.0258693 -0.0169726
vn -2.9784272 5.1097202 1.6969916
v 0.0092904 -0.0259040 -0.0167423
vn -2.8425572 4.6959724 2.8005877
v 0.0093071 -0.0259271 -0.0166696
vn -2.7065015 4.1835637 3.6450505
v 0.0093899 -0.0260551 -0.0164252
vn -2.5159893 3.5895085 4.3591628
v 0.0094036 -0.0260785 -0.0163934
vn -2.4055173 2.9637320 4.8865166
v 0.0095175 -0.0263090 -0.0161690
vn -2.2238302 2.3348637 5.2962770
v 0.0095297 -0.0263388 -0.0161481
vn -2.1406054 1.6260949 5.6028447
v 0.0096184 -0.0266297 -0.0160054
vn -6.1807361 0.9273743 -0.2061526
v 0.0097688 -0.0250175 -0.0170000
vn -5.2863894 3.0578449 0.5272583
v 0.0096293 -0.0255106 -0.0169674
vn -5.2005262 2.9324024 1.4380671
v 0.0096490 -0.0255626 -0.0166949
vn -5.0314889 2.6569810 2.3196745
v 0.0096617 -0.0255965 -0.0166099
vn -4.7771425 2.3593500 3.0876119
v 0.0097267 -0.0257769 -0.0163279
vn -4.5830908 2.0024841 3.6008642
v 0.0097377 -0.0258089 -0.0162917
vn -4.3263149 1.6380385 4.1053314
v 0.0098306 -0.0261166 -0.0160383
vn -4.1743450 1.2847407 4.3826866
v 0.0098407 -0.0261556 -0.0160148
vn -4.0018358 0.9063464 4.6546116
v 0.0099145 -0.0265316 -0.0158553
vn -4.0362544 0.7479582 4.6251082
v 0.0099246 -0.0266127 -0.0158343
vn -2.0417554 1.0151826 5.7899394
v 0.0096305 -0.0266929 -0.0159865
vn -6.1674356 0.9919740 0.3848214
v 0.0097692 -0.0250184 -0.0169542
vn -6.0894213 0.9101561 1.1106269
v 0.0098011 -0.0251034 -0.0165795
vn -5.9461222 0.7960986 1.7793912
v 0.0098206 -0.0251569 -0.0164682
vn -5.7368255 0.6893388 2.3958750
v 0.0099117 -0.0254245 -0.0161230
vn -5.5711360 0.5701001 2.7971137
v 0.0099260 -0.0254699 -0.0160812
vn -5.3462000 0.4704258 3.2202823
v 0.0100399 -0.0258865 -0.0158028
vn -5.2200265 0.3731886 3.4401605
v 0.0100516 -0.0259376 -0.0157781
vn -4.8989458 0.3443083 3.9125109
v 0.0101348 -0.0264179 -0.0156139
vn -4.7142344 0.3215791 4.1367679
v 0.0101459 -0.0265196 -0.0155925
vn -5.2182016 3.0022228 -1.2090406
v 0.0096446 -0.0255510 -0.0172693
vn -1.7935557 0.3810574 -5.9764261
v 0.0096528 -0.0270068 -0.0180544
vn -3.3839538 0.3408255 -5.2106490
v 0.0098043 -0.0270099 -0.0181209
vn -2.0529795 1.0331658 -5.7833357
v 0.0096246 -0.0266606 -0.0180043
vn -2.1720376 1.8525186 -5.5192204
v 0.0096031 -0.0265643 -0.0179710
vn -2.2588477 2.6081080 -5.1449919
v 0.0095048 -0.0262793 -0.0178086
vn -2.4115641 3.2396638 -4.6885719
v 0.0094893 -0.0262446 -0.0177806
vn -2.5459409 3.8961790 -4.0473909
v 0.0093783 -0.0260358 -0.0175466
vn -2.7068012 4.4149609 -3.3301520
v 0.0093658 -0.0260154 -0.0175144
vn -2.8385777 4.8816261 -2.4230473
v 0.0092937 -0.0259085 -0.0172735
vn -2.9742603 5.1819000 -1.4278531
v 0.0092846 -0.0258961 -0.0172273
vn -5.0669317 2.7862146 -2.0861232
v 0.0096515 -0.0255693 -0.0173236
vn -4.8587098 2.5500331 -2.8011086
v 0.0097075 -0.0257219 -0.0176029
vn -4.6435285 2.1693766 -3.4296503
v 0.0097175 -0.0257503 -0.0176398
vn -4.4002318 1.8593378 -3.9344807
v 0.0098074 -0.0260317 -0.0179051
vn -4.2161698 1.4270642 -4.3017926
v 0.0098201 -0.0260775 -0.0179367
vn -4.0274320 1.0652792 -4.6058145
v 0.0099018 -0.0264478 -0.0181183
vn -3.9526410 0.6382326 -4.7523837
v 0.0099197 -0.0265712 -0.0181555
vn -4.3519940 0.2046567 -4.5245504
v 0.0101656 -0.0270175 -0.0184545
vn -4.7916713 0.2664371 -4.0544167
v 0.0101405 -0.0264676 -0.0183971
vn -4.9757323 0.3862597 -3.8104506
v 0.0101208 -0.0263122 -0.0183594
vn -5.2966957 0.3819100 -3.3237281
v 0.0100276 -0.0258350 -0.0181706
vn -5.4582109 0.5124116 -3.0249562
v 0.0100124 -0.0257743 -0.0181369
vn -5.6645498 0.5781547 -2.6055348
v 0.0098995 -0.0253865 -0.0178393
vn -5.8374071 0.7178192 -2.1368096
v 0.0098860 -0.0253454 -0.0177957
vn -6.0064034 0.8020012 -1.5664632
v 0.0098050 -0.0251141 -0.0174451
vn -6.1188908 0.8743923 -0.9540138
v 0.0097941 -0.0250847 -0.0173726
vn -2.9423192 0.0622015 -5.3245897
v 0.0097024 -0.0322592 -0.0181247
vn -0.7846881 0.0166399 -6.1835709
v 0.0092189 -0.0322492 -0.0180000
vn -4.3490911 0.0995652 -4.5333147
v 0.0100653 -0.0322667 -0.0184678
vn -4.6484594 0.5385691 -4.0958328
v 0.0099700 -0.0372753 -0.0184799
vn -3.5787098 0.4314318 -5.0150971
v 0.0096058 -0.0372679 -0.0181282
vn -2.2530284 0.5762053 -5.6973701
v 0.0095930 -0.0372676 -0.0181211
vn -0.7585601 0.5980016 -6.0888128
v 0.0091161 -0.0372579 -0.0180000
vn 4.7698240 0.9221802 -3.8625295
v 0.0147875 -0.0350417 -0.0184746
vn 4.6599069 0.0863673 -4.1827955
v 0.0147179 -0.0313882 -0.0184656
vn 4.0361834 0.8561007 -4.5195990
v 0.0149994 -0.0350373 -0.0182307
vn 2.9297037 0.0488747 -5.3358264
v 0.0150806 -0.0313807 -0.0181241
vn 3.0071683 0.8349376 -5.3237786
v 0.0151512 -0.0350342 -0.0181267
vn 0.7820354 0.0166996 -6.1842465
v 0.0155630 -0.0313707 -0.0180000
vn 0.4403532 0.6137592 -6.1328964
v 0.0156382 -0.0350242 -0.0180000
vn 1.8738110 0.6956961 -5.8027539
v 0.0152878 -0.0350314 -0.0180634
vn 0.7215363 0.4468231 -6.1991596
v 0.0154724 -0.0270000 -0.0180000
vn 3.0219045 0.3688186 -5.3249860
v 0.0149957 -0.0270099 -0.0181209
vn 4.4200878 0.1605037 -4.4592404
v 0.0146344 -0.0270175 -0.0184545
vn 3.0211706 5.3262510 0.4035273
v 0.0155361 -0.0258689 -0.0170000
vn 0.7862165 6.1897616 0.3885943
v 0.0160311 -0.0260000 -0.0170000
vn 0.7746295 6.1730547 -0.6255263
v 0.0160305 -0.0260005 -0.0170316
vn 5.2885561 3.0839865 0.3527305
v 0.0151709 -0.0255100 -0.0170000
vn 3.0281487 5.3029356 -0.6413000
v 0.0155358 -0.0258693 -0.0170274
vn 0.7429119 5.9674501 -1.7145501
v 0.0159859 -0.0260430 -0.0172901
vn 2.9784296 5.1097183 -1.6969939
v 0.0155096 -0.0259040 -0.0172577
vn 0.6774353 5.5451436 -2.8201935
v 0.0159586 -0.0260697 -0.0173669
vn 2.8425584 4.6959691 -2.8005934
v 0.0154929 -0.0259271 -0.0173304
vn 0.6546699 4.9849839 -3.7288442
v 0.0158313 -0.0262035 -0.0176047
vn 2.7065248 4.1836104 -3.6449661
v 0.0154101 -0.0260551 -0.0175748
vn 0.6073911 4.5251808 -4.2787089
v 0.0158113 -0.0262262 -0.0176334
vn 2.4817815 3.6419175 -4.3237062
v 0.0153964 -0.0260785 -0.0176066
vn 0.5887336 4.0759525 -4.7222133
v 0.0157554 -0.0262929 -0.0177071
vn 2.3431163 2.9510143 -4.9140162
v 0.0152825 -0.0263090 -0.0178310
vn 6.1807365 0.9273746 0.2061477
v 0.0150312 -0.0250175 -0.0170000
vn 5.2863884 3.0578470 -0.5272564
v 0.0151707 -0.0255106 -0.0170326
vn 5.2005253 2.9324043 -1.4380690
v 0.0151510 -0.0255626 -0.0173051
vn 5.0314875 2.6569841 -2.3196766
v 0.0151383 -0.0255965 -0.0173901
vn 4.7771478 2.3593318 -3.0876265
v 0.0150733 -0.0257769 -0.0176721
vn 4.5830750 2.0024824 -3.6008830
v 0.0150623 -0.0258089 -0.0177083
vn 4.3263149 1.6380310 -4.1053305
v 0.0149694 -0.0261166 -0.0179617
vn 4.1743474 1.2847468 -4.3826814
v 0.0149593 -0.0261556 -0.0179852
vn 2.2423568 2.3039489 -5.3061666
v 0.0152703 -0.0263388 -0.0178519
vn 4.0018353 0.9063551 -4.6546116
v 0.0148855 -0.0265316 -0.0181447
vn 2.1806712 1.6411203 -5.5885696
v 0.0151816 -0.0266297 -0.0179946
vn 4.0362520 0.7479506 -4.6251125
v 0.0148754 -0.0266127 -0.0181657
vn 2.0417502 1.0151813 -5.7899442
v 0.0151695 -0.0266929 -0.0180135
vn 0.5946726 3.4273243 -5.2080941
v 0.0156518 -0.0264345 -0.0178247
vn 0.5213974 2.7999630 -5.5852823
v 0.0156354 -0.0264601 -0.0178417
vn 0.5461190 2.0038033 -5.9143248
v 0.0155180 -0.0267002 -0.0179540
vn 0.5311819 1.1274548 -6.1452909
v 0.0155022 -0.0267511 -0.0179685
vn 6.1674356 0.9919739 -0.3848212
v 0.0150308 -0.0250184 -0.0170458
vn 6.0894213 0.9101581 -1.1106288
v 0.0149989 -0.0251034 -0.0174205
vn 5.9461212 0.7961016 -1.7793920
v 0.0149794 -0.0251569 -0.0175318
vn 5.7368374 0.6893566 -2.3958340
v 0.0148883 -0.0254245 -0.0178770
vn 5.5711517 0.5701111 -2.7970834
v 0.0148740 -0.0254699 -0.0179188
vn 5.3461637 0.4703991 -3.2203619
v 0.0147601 -0.0258865 -0.0181972
vn 5.2200089 0.3731658 -3.4401860
v 0.0147484 -0.0259376 -0.0182219
vn 4.8989711 0.3443234 -3.9124758
v 0.0146652 -0.0264179 -0.0183861
vn 4.7142415 0.3215867 -4.1367598
v 0.0146541 -0.0265196 -0.0184075
vn 5.2181988 3.0022266 1.2090186
v 0.0151554 -0.0255510 -0.0167307
vn 1.7925794 0.3826375 5.9765625
v 0.0151472 -0.0270068 -0.0159456
vn 0.5497321 0.4198546 6.2321296
v 0.0154724 -0.0270000 -0.0160000
vn 0.5550805 1.2703793 6.1135249
v 0.0155099 -0.0267251 -0.0160385
vn 3.3839750 0.3408368 5.2106404
v 0.0149957 -0.0270099 -0.0158791
vn 2.0529652 1.0331385 5.7833433
v 0.0151754 -0.0266606 -0.0159957
vn 0.5571270 1.9340967 5.9340553
v 0.0155379 -0.0266473 -0.0160642
vn 2.1873238 1.8624892 5.5112624
v 0.0151969 -0.0265643 -0.0160290
vn 0.5504853 2.4778903 5.7324805
v 0.0155512 -0.0266163 -0.0160765
vn 2.2740462 2.5833640 5.1545396
v 0.0152952 -0.0262793 -0.0161914
vn 0.5433336 3.1573753 5.3876820
v 0.0156690 -0.0264088 -0.0161935
vn 0.5347750 3.8206954 4.9373627
v 0.0156903 -0.0263784 -0.0162166
vn 0.4403543 4.2295842 4.6110854
v 0.0157552 -0.0262932 -0.0162926
vn 2.5643668 3.8599520 4.0770025
v 0.0154217 -0.0260358 -0.0164534
vn 2.4607241 3.2493262 4.6644325
v 0.0153107 -0.0262446 -0.0162194
vn 0.6285221 4.7306285 4.0512724
v 0.0158484 -0.0261845 -0.0164212
vn 0.7074711 5.1259084 3.5150247
v 0.0158673 -0.0261640 -0.0164513
vn 2.7068048 4.4149609 3.3301530
v 0.0154342 -0.0260154 -0.0164856
vn 0.7167621 5.5521317 2.7960489
v 0.0159514 -0.0260769 -0.0166154
vn 2.8385687 4.8816290 2.4230490
v 0.0155063 -0.0259085 -0.0167265
vn 0.7388565 5.8077884 2.1818910
v 0.0159805 -0.0260483 -0.0166930
vn 0.7704179 6.0316029 1.4520476
v 0.0159957 -0.0260336 -0.0167429
vn 2.9742622 5.1818972 1.4278632
v 0.0155154 -0.0258961 -0.0167727
vn 5.0669394 2.7862203 2.0861037
v 0.0151485 -0.0255693 -0.0166764
vn 4.8587055 2.5500317 2.8011098
v 0.0150925 -0.0257219 -0.0163971
vn 4.6435256 2.1693740 3.4296501
v 0.0150825 -0.0257503 -0.0163602
vn 4.4002271 1.8593395 3.9344792
v 0.0149926 -0.0260317 -0.0160949
vn 4.2161689 1.4270629 4.3017902
v 0.0149799 -0.0260775 -0.0160633
vn 4.0274267 1.0652794 4.6058173
v 0.0148982 -0.0264478 -0.0158817
vn 3.9526424 0.6382360 4.7523804
v 0.0148803 -0.0265712 -0.0158445
vn 4.3416185 0.2030084 4.5343785
v 0.0146344 -0.0270175 -0.0155455
vn 4.7916675 0.2664388 4.0544219
v 0.0146595 -0.0264676 -0.0156029
vn 4.9757519 0.3862680 3.8104231
v 0.0146792 -0.0263122 -0.0156406
vn 5.2967076 0.3819225 3.3237104
v 0.0147724 -0.0258350 -0.0158294
vn 5.4582353 0.5124273 3.0248992
v 0.0147876 -0.0257743 -0.0158631
vn 5.6645746 0.5781718 2.6054857
v 0.0149005 -0.0253865 -0.0161607
vn 5.8374319 0.7178450 2.1367183
v 0.0149140 -0.0253454 -0.0162043
vn 6.0063992 0.8019921 1.5664827
v 0.0149950 -0.0251141 -0.0165549
vn 6.1188898 0.8743881 0.9540315
v 0.0150059 -0.0250847 -0.0166274
vn 2.9344251 0.0544510 5.3312697
v 0.0150863 -0.0316753 -0.0158757
vn 0.7833917 0.0167006 6.1838994
v 0.0155691 -0.0316653 -0.0160000
vn 4.3323050 0.0896070 4.5497532
v 0.0147235 -0.0316827 -0.0155336
vn 0.4554664 0.6214964 6.0849924
v 0.0156633 -0.0362479 -0.0160000
vn 2.9496551 0.5008056 5.2524791
v 0.0151747 -0.0362579 -0.0158725
vn 4.5340524 0.6771742 4.1064215
v 0.0148781 -0.0362640 -0.0156191
vn 4.9353285 0.5645648 3.8217692
v 0.0148108 -0.0362654 -0.0155225
vn -1.5214190 -3.6120818 -2.6351755
v -0.0139925 -0.0195000 -0.0161209
vn -2.6351771 -3.6120768 -1.5214193
v -0.0136209 -0.0195000 -0.0164925
vn -3.0428395 -3.6120794 0.0000002
v -0.0134849 -0.0195000 -0.0170000
vn -2.6351783 -3.6120758 1.5214181
v -0.0136209 -0.0195000 -0.0175075
vn -1.5214236 -3.6120770 2.6351748
v -0.0139925 -0.0195000 -0.0178791
vn -0.0000008 -3.6120830 3.0428381
v -0.0145000 -0.0195000 -0.0180151
vn 1.5214237 -3.6120787 2.6351743
v -0.0150075 -0.0195000 -0.0178791
vn 2.6351771 -3.6120763 1.5214195
v -0.0153791 -0.0195000 -0.0175075
vn 3.0428391 -3.6120789 -0.0000006
v -0.0155151 -0.0195000 -0.0170000
vn 2.6351779 -3.6120770 -1.5214186
v -0.0153791 -0.0195000 -0.0164925
vn 1.5214180 -3.6120820 -2.6351757
v -0.0150075 -0.0195000 -0.0161209
vn -0.0000006 -3.6120760 -3.0428407
v -0.0145000 -0.0195000 -0.0159849
vn -1.5214190 -3.6120820 -2.6351755
v 0.0129075 -0.0195000 -0.0161209
vn -2.6351771 -3.6120768 -1.5214193
v 0.0132791 -0.0195000 -0.0164925
vn -3.0428395 -3.6120787 -0.0000002
v 0.0134151 -0.0195000 -0.0170000
vn -2.6351781 -3.6120753 1.5214186
v 0.0132791 -0.0195000 -0.0175075
vn -1.5214236 -3.6120770 2.6351748
v 0.0129075 -0.0195000 -0.0178791
vn -0.0000008 -3.6120830 3.0428381
v 0.0124000 -0.0195000 -0.0180151
vn 1.5214237 -3.6120789 2.6351743
v 0.0118925 -0.0195000 -0.0178791
vn 2.6351774 -3.6120770 1.5214190
v 0.0115209 -0.0195000 -0.0175075
vn 3.0428391 -3.6120796 -0.0000001
v 0.0113849 -0.0195000 -0.0170000
vn 2.6351776 -3.6120777 -1.5214188
v 0.0115209 -0.0195000 -0.0164925
vn 1.5214185 -3.6120825 -2.6351757
v 0.0118925 -0.0195000 -0.0161209
vn -0.0000006 -3.6120760 -3.0428407
v 0.0124000 -0.0195000 -0.0159849
vn -1.5214218 -3.6120801 -2.6351752
v 0.0129075 -0.0195000 0.0058791
vn -2.6351771 -3.6120765 -1.5214193
v 0.0132791 -0.0195000 0.0055075
vn -3.0428391 -3.6120782 0.0000001
v 0.0134151 -0.0195000 0.0050000
vn -2.6351776 -3.6120763 1.5214189
v 0.0132791 -0.0195000 0.0044925
vn -1.5214187 -3.6120813 2.6351757
v 0.0129075 -0.0195000 0.0041209
vn -0.0000013 -3.6120751 3.0428410
v 0.0124000 -0.0195000 0.0039849
vn 1.5214188 -3.6120815 2.6351752
v 0.0118925 -0.0195000 0.0041209
vn 2.6351776 -3.6120777 1.5214189
v 0.0115209 -0.0195000 0.0044925
vn 3.0428393 -3.6120799 0.0000002
v 0.0113849 -0.0195000 0.0050000
vn 2.6351781 -3.6120768 -1.5214187
v 0.0115209 -0.0195000 0.0055075
vn 1.5214207 -3.6120801 -2.6351752
v 0.0118925 -0.0195000 0.0058791
vn -0.0000007 -3.6120796 -3.0428393
v 0.0124000 -0.0195000 0.0060151
vn -1.5214218 -3.6120801 -2.6351752
v -0.0139925 -0.0195000 0.0058791
vn -2.6351771 -3.6120765 -1.5214193
v -0.0136209 -0.0195000 0.0055075
vn -3.0428391 -3.6120791 0.0000004
v -0.0134849 -0.0195000 0.0050000
vn -2.6351779 -3.6120768 1.5214186
v -0.0136209 -0.0195000 0.0044925
vn -1.5214187 -3.6120813 2.6351757
v -0.0139925 -0.0195000 0.0041209
vn -0.0000013 -3.6120751 3.0428410
v -0.0145000 -0.0195000 0.0039849
vn 1.5214188 -3.6120815 2.6351752
v -0.0150075 -0.0195000 0.0041209
vn 2.6351771 -3.6120768 1.5214193
v -0.0153791 -0.0195000 0.0044925
vn 3.0428395 -3.6120794 -0.0000002
v -0.0155151 -0.0195000 0.0050000
vn 2.6351781 -3.6120763 -1.5214183
v -0.0153791 -0.0195000 0.0055075
vn 1.5214206 -3.6120796 -2.6351752
v -0.0150075 -0.0195000 0.0058791
vn -0.0000007 -3.6120794 -3.0428393
v -0.0145000 -0.0195000 0.0060151
vn 0.4377626 0.9640834 -6.1793218
v -0.0288141 -0.0270000 0.0040000
vn 0.4672534 2.2489865 -5.8288226
v -0.0292954 -0.0267254 0.0040385
vn 0.4206307 3.1222100 -5.4250975
v -0.0294633 -0.0266190 0.0040754
vn 0.4253474 4.5031805 -4.3501096
v -0.0298113 -0.0263665 0.0042263
vn 0.4657406 3.9621568 -4.8355184
v -0.0297767 -0.0263946 0.0042040
vn 0.3315835 6.2625818 0.0004022
v -0.0299040 -0.0260000 0.0050000
vn 0.3712811 6.1818495 -0.9870824
v -0.0299666 -0.0260047 0.0049033
vn 0.4511928 5.9756160 -1.8539627
v -0.0300457 -0.0260573 0.0046663
vn 0.4742858 5.6941452 -2.5901325
v -0.0300478 -0.0260747 0.0046208
vn 0.5070692 5.2166615 -3.4345524
v -0.0299950 -0.0261864 0.0044185
vn 0.4069294 3.0619051 5.4527183
v -0.0281551 -0.0265720 0.0059038
vn 0.3210462 1.7374609 6.0195751
v -0.0275213 -0.0268634 0.0059906
vn 0.3349924 0.9402317 6.1797981
v -0.0272481 -0.0269981 0.0060000
vn 0.4080834 0.5905279 6.2064958
v -0.0272443 -0.0270000 0.0060000
vn 0.2816566 4.1017857 4.7381411
v -0.0284606 -0.0264419 0.0058298
vn 0.3571523 5.9725657 1.8807026
v -0.0295771 -0.0260513 0.0053161
vn 0.2392374 5.5623569 2.8976128
v -0.0291829 -0.0261683 0.0055552
vn 0.3760950 4.9946027 3.7715576
v -0.0290194 -0.0262251 0.0056321
vn 0.2423770 6.1976728 0.9616116
v -0.0296737 -0.0260292 0.0052401
vn 0.4251343 0.6243196 6.1909523
v -0.0211295 -0.0320124 0.0060000
vn 0.4829014 0.5891039 6.1892862
v -0.0243164 -0.0296642 0.0060000
vn -1.4327180 2.0296764 5.4344897
v -0.0174754 -0.0343290 0.0060804
vn -3.2262669 2.4540930 4.3206625
v -0.0171727 -0.0344174 0.0062618
vn -4.2236905 2.6352873 3.5597429
v -0.0169394 -0.0344473 0.0065401
vn -2.0479722 4.3288708 3.4583032
v -0.0173731 -0.0347573 0.0064193
vn 0.1348057 1.3993282 6.0024576
v -0.0178026 -0.0341829 0.0060171
vn 0.7119441 2.5582650 5.5623937
v -0.0179286 -0.0344248 0.0061104
vn -0.4022428 3.8853757 4.4713049
v -0.0176664 -0.0346717 0.0062435
vn 1.3566469 3.5491772 4.8461828
v -0.0179834 -0.0345301 0.0061822
vn 1.8311069 4.4169607 3.8959477
v -0.0180930 -0.0347405 0.0064173
vn 0.7818140 5.2595067 2.7630651
v -0.0178666 -0.0348967 0.0065432
vn 2.6040466 5.4538388 -1.3004379
v -0.0181550 -0.0348597 0.0073210
vn 0.7834247 6.0596781 -0.4102108
v -0.0178160 -0.0350077 0.0071184
vn 1.0999115 5.9539590 0.0993308
v -0.0179130 -0.0350004 0.0070015
vn -1.2154028 5.8710079 1.2183572
v -0.0174594 -0.0349800 0.0068947
vn -0.5468529 5.6054292 1.9702792
v -0.0176356 -0.0349641 0.0066817
vn -2.6325219 5.1284237 2.3629136
v -0.0171488 -0.0347814 0.0066898
vn -3.4306574 4.2672520 2.9748206
v -0.0171429 -0.0347753 0.0066858
vn 1.9532685 5.7060809 0.4780836
v -0.0180399 -0.0349633 0.0069254
vn 2.3175097 5.0202160 2.7439034
v -0.0181162 -0.0347851 0.0064949
vn 2.6787920 5.3785486 0.8807862
v -0.0181745 -0.0348969 0.0068529
vn 4.9061813 1.0221119 3.6404066
v -0.0120909 -0.0367432 0.0064991
vn 3.2449570 1.7657509 4.5656128
v -0.0117823 -0.0369400 0.0062105
vn 1.2151650 1.8849590 5.7175589
v -0.0113594 -0.0371062 0.0061066
vn 1.5726216 3.0658126 5.0636458
v -0.0113617 -0.0371135 0.0061104
vn 3.3562727 3.7100909 3.0478747
v -0.0118133 -0.0373137 0.0064983
vn 1.8326902 4.4639363 3.4975600
v -0.0114658 -0.0374538 0.0064173
vn 2.8646932 5.2113290 0.9128031
v -0.0117135 -0.0375450 0.0068983
vn 4.9324913 2.1053853 3.0018044
v -0.0121038 -0.0369591 0.0066087
vn 4.6450229 3.5348322 1.9075134
v -0.0120499 -0.0371993 0.0067732
vn 4.0885854 4.4954739 1.1144713
v -0.0119238 -0.0373936 0.0069576
vn 3.6852024 5.0428648 0.0595786
v -0.0118566 -0.0374537 0.0070322
vn 1.8688581 5.7604384 -1.3445928
v -0.0115052 -0.0375823 0.0073210
vn 1.9490281 5.8738508 0.2592323
v -0.0115175 -0.0376225 0.0068529
vn 1.9875656 5.5943503 1.6711761
v -0.0115174 -0.0376221 0.0068501
vn 2.6013968 5.5620022 -0.6285713
v -0.0117368 -0.0375252 0.0071457
vn -0.1000048 0.7556315 6.1891584
v 0.0050695 -0.0380204 0.0060000
vn 0.1429749 0.7486950 6.1891565
v -0.0072315 -0.0376690 0.0060000
vn 0.0626671 0.7600992 6.1890383
v -0.0031517 -0.0382272 0.0060000
vn -0.0191769 0.7624360 6.1890378
v 0.0009645 -0.0383447 0.0060000
vn -3.1078572 1.8487241 4.5627613
v 0.0096634 -0.0375485 0.0062152
vn -4.9104962 1.1891580 3.5380323
v 0.0099845 -0.0373650 0.0065159
vn -4.8856454 2.4424446 2.8125255
v 0.0099792 -0.0376173 0.0066454
vn -3.1554973 3.8717372 3.0718338
v 0.0096715 -0.0379240 0.0065022
vn -1.1600077 1.8848550 5.7128091
v 0.0092228 -0.0376942 0.0061066
vn -1.4092968 3.1440282 5.0597878
v 0.0092246 -0.0377016 0.0061104
vn -2.5748692 5.3623796 0.8489118
v 0.0095554 -0.0381506 0.0069005
vn -4.1835918 4.3616400 1.2421110
v 0.0098638 -0.0379074 0.0068620
vn -4.8151698 3.2903490 2.0244951
v 0.0099360 -0.0377728 0.0067500
vn -1.5405486 5.8331079 -1.3307805
v 0.0093412 -0.0381778 0.0073210
vn -2.6736393 5.5617352 -0.5828420
v 0.0096403 -0.0381037 0.0070986
vn -3.7052753 4.9835248 0.2758084
v 0.0097043 -0.0380656 0.0070399
vn -1.5877261 4.5539346 3.4943781
v 0.0093092 -0.0380473 0.0064173
vn -1.6765940 5.6921401 1.6713203
v 0.0093510 -0.0382182 0.0068501
vn -1.5820522 5.9781761 0.2325481
v 0.0093511 -0.0382186 0.0068529
vn -0.5976481 6.1633134 -0.5523401
v 0.0155977 -0.0360210 0.0070692
vn -2.1353922 5.6361437 -1.2602736
v 0.0160243 -0.0358890 0.0073210
vn -0.3535547 5.9126616 0.5563290
v 0.0157138 -0.0360188 0.0069279
vn 1.2553051 2.5463102 5.1380978
v 0.0154309 -0.0354452 0.0061169
vn 3.0086834 2.9233856 4.0433044
v 0.0151205 -0.0355159 0.0062998
vn 1.5353020 4.9666100 2.6610496
v 0.0153830 -0.0358822 0.0065542
vn -0.7511349 3.0721850 5.2529645
v 0.0158244 -0.0354413 0.0061104
vn -0.1623732 1.7565836 5.8937674
v 0.0157693 -0.0353178 0.0060531
vn 0.0789153 4.6763639 3.5740149
v 0.0156517 -0.0358210 0.0063958
vn -1.3884645 4.1129823 4.3735456
v 0.0159447 -0.0357107 0.0063406
vn 4.4317918 2.4522076 3.5932236
v 0.0148799 -0.0355204 0.0065771
vn 3.7963171 3.8346963 3.0649946
v 0.0148858 -0.0355332 0.0065819
vn 2.3402674 5.2550464 1.8452297
v 0.0151818 -0.0358910 0.0067992
vn 0.6703264 6.1591191 0.4781123
v 0.0155935 -0.0360210 0.0070665
vn -1.2104961 5.7585278 1.0901424
v 0.0158689 -0.0359834 0.0068365
vn -1.7790761 4.9702554 3.1424391
v 0.0159695 -0.0357663 0.0064173
vn -2.3552399 5.7024593 0.2304827
v 0.0160415 -0.0359274 0.0068529
vn -2.2285349 5.4808483 1.8020897
v 0.0160380 -0.0359197 0.0068046
vn -0.3782632 0.6509489 6.1915779
v 0.0188062 -0.0334302 0.0060000
vn -0.4318050 0.6245530 6.1899281
v 0.0218134 -0.0315504 0.0060000
vn -0.4876417 0.5820012 6.1899271
v 0.0246341 -0.0294009 0.0060000
vn -0.4412810 1.0451194 6.1648474
v 0.0272443 -0.0270000 0.0060000
vn -0.3412066 6.1915836 0.9742770
v 0.0296474 -0.0260349 0.0052618
vn -0.4939433 6.2351637 -0.4127303
v 0.0299040 -0.0260000 0.0050000
vn -0.3782605 6.0234270 1.7164665
v 0.0295832 -0.0260498 0.0053116
vn -0.3988087 4.8331523 3.9814372
v 0.0288054 -0.0263045 0.0057185
vn -0.3498838 5.5787163 2.8528342
v 0.0291831 -0.0261682 0.0055551
vn -0.4558634 2.6140738 5.6788416
v 0.0278722 -0.0266985 0.0059535
vn -0.3707107 3.6919231 5.0599017
v 0.0282312 -0.0265389 0.0058874
vn -0.4637626 5.5293970 -2.8990395
v 0.0300352 -0.0261228 0.0045198
vn -0.5010653 6.0041442 -1.7129660
v 0.0300286 -0.0260301 0.0047564
vn -0.4197954 3.3322861 -5.2980161
v 0.0296308 -0.0265045 0.0041314
vn -0.3680914 4.0885239 -4.7474766
v 0.0297197 -0.0264390 0.0041722
vn -0.4169877 4.7981281 -4.0027595
v 0.0299291 -0.0262602 0.0043272
vn -0.3349978 2.6996310 -5.6543264
v 0.0293931 -0.0266643 0.0040580
vn -0.4423666 1.9148347 -5.9514532
v 0.0292707 -0.0267404 0.0040343
vn -0.3409551 0.9277539 -6.1941409
v 0.0288141 -0.0270000 0.0040000
vn -0.3524215 0.6294788 -6.1990991
v 0.0192900 -0.0344550 0.0040000
vn -0.4149814 0.5901147 -6.1990972
v 0.0227143 -0.0323003 0.0040000
vn -0.4731859 0.5445561 -6.1990967
v 0.0259001 -0.0298066 0.0040000
vn -3.2245920 0.6842337 -5.3346963
v 0.0109122 -0.0383970 0.0025519
vn -3.9251292 0.6845078 -4.8444819
v 0.0106738 -0.0384384 0.0027128
vn -4.6639342 0.6275872 -4.1388302
v 0.0102350 -0.0384713 0.0031219
vn -1.6056728 0.6495745 -6.0269346
v 0.0117145 -0.0381749 0.0022225
vn -0.7842816 0.5977801 -6.1912985
v 0.0121210 -0.0380230 0.0021554
vn -0.1607254 0.2506964 -6.2721505
v 0.0124025 -0.0379037 0.0021439
vn -2.3643994 0.6129466 -5.7758045
v 0.0114593 -0.0382575 0.0022967
vn 2.8738801 0.5981949 -5.5450506
v 0.0138214 -0.0371156 0.0025386
vn 2.3806367 0.6472755 -5.7649245
v 0.0136982 -0.0371986 0.0024698
vn 1.3478882 0.7000313 -6.0800385
v 0.0131094 -0.0375533 0.0022397
vn 0.4698122 0.6254240 -6.2205839
v 0.0127413 -0.0377451 0.0021671
vn 4.1176991 0.7645688 -4.6635599
v 0.0144677 -0.0366110 0.0030625
vn 4.7683215 0.7325976 -3.9905560
v 0.0147035 -0.0363828 0.0033567
vn 3.2192109 0.8528551 -5.3158426
v 0.0139855 -0.0369996 0.0026433
vn 4.6367359 0.9096571 4.0931268
v 0.0144265 -0.0350165 0.0069406
vn 4.0318098 0.9015390 4.6928320
v 0.0143357 -0.0350215 0.0070312
vn -0.4181283 0.7543461 6.1994972
v 0.0124118 -0.0356065 0.0078160
vn 0.5552372 0.7959212 6.1815672
v 0.0128213 -0.0354273 0.0077812
vn 1.4141567 0.8574441 6.0325279
v 0.0130694 -0.0353308 0.0077304
vn 2.3575492 0.8556154 5.7315359
v 0.0136327 -0.0351495 0.0075230
vn 3.2727897 0.8863375 5.2527218
v 0.0138674 -0.0350923 0.0073930
vn -1.5673530 0.7618292 6.0117645
v 0.0117914 -0.0359234 0.0077552
vn -2.5276940 0.7268746 5.6837440
v 0.0114177 -0.0361413 0.0076491
vn -3.3831429 0.8252175 5.2128220
v 0.0109842 -0.0364231 0.0074507
vn -5.0889096 0.6330304 3.5990949
v 0.0101201 -0.0371210 0.0066976
vn -4.4127374 0.6880833 4.3985653
v 0.0105602 -0.0367363 0.0071580
vn -3.8545606 0.8085126 4.8814554
v 0.0108472 -0.0365197 0.0073683
vn 1.5010176 2.3355074 -5.3040075
v 0.0154273 -0.0366150 0.0038998
vn 2.3419185 1.3072643 -5.3497281
v 0.0152824 -0.0364610 0.0038998
vn 0.2298640 2.7677696 -5.3049555
v 0.0156277 -0.0366829 0.0038998
vn -1.3425434 4.1955910 -4.3055105
v 0.0159735 -0.0369657 0.0036233
vn -1.6866665 4.9104877 -3.3328936
v 0.0159748 -0.0369688 0.0036191
vn 0.4347389 4.5198383 -3.9036970
v 0.0155992 -0.0370306 0.0036191
vn 4.3579168 2.1191547 -2.8867636
v 0.0149779 -0.0366313 0.0036191
vn 3.3213370 2.2309606 -4.4167781
v 0.0149881 -0.0366562 0.0036144
vn 3.0163367 3.7476068 -2.7700086
v 0.0152387 -0.0369086 0.0036191
vn 1.9073322 4.2341990 -3.9448788
v 0.0152956 -0.0369684 0.0035880
vn -0.3396818 5.3324223 -2.9375625
v 0.0156738 -0.0371418 0.0034483
vn -2.0786231 5.4640503 -2.0320148
v 0.0160500 -0.0371429 0.0032222
vn -0.8271940 2.6051302 -5.4014030
v 0.0158354 -0.0366463 0.0039009
vn 0.1318220 0.7096017 -6.1990175
v -0.0072122 -0.0388231 0.0040000
vn -0.0923721 0.7158092 -6.1990161
v 0.0050538 -0.0391626 0.0040000
vn -0.0175600 0.7215287 -6.1990180
v 0.0009607 -0.0394756 0.0040000
vn 0.0574412 0.7194525 -6.1990185
v -0.0031427 -0.0393621 0.0040000
vn -2.0101113 4.3138471 -3.7112870
v 0.0094211 -0.0391565 0.0035988
vn -2.7098701 4.2613158 -3.4144385
v 0.0095545 -0.0391429 0.0035223
vn -1.4304850 5.6867599 -1.9930888
v 0.0093167 -0.0393751 0.0032222
vn -1.2012429 4.5563192 -3.8140330
v 0.0092723 -0.0391873 0.0036233
vn -3.8602519 3.4497163 -3.4236543
v 0.0097561 -0.0390202 0.0034545
vn -3.3734741 4.4325786 -2.8454580
v 0.0096553 -0.0391464 0.0034054
vn -4.5674968 1.8815238 -3.7140217
v 0.0098900 -0.0387473 0.0035103
vn -3.6323123 2.1153402 -4.3243961
v 0.0096996 -0.0387670 0.0037176
vn -2.1568789 2.2775087 -5.1170158
v 0.0094596 -0.0387916 0.0038553
vn -0.9161476 2.4817760 -5.4359770
v 0.0091921 -0.0388486 0.0039009
vn -2.2488811 5.1678915 -2.5483720
v 0.0095587 -0.0392363 0.0033554
vn -3.6621642 0.6781090 -5.0357823
v -0.0162519 -0.0359550 0.0027875
vn -4.5128379 0.6487468 -4.2980518
v -0.0166989 -0.0355197 0.0032431
vn -0.3190361 0.6301162 -6.2280912
v -0.0146653 -0.0370597 0.0021634
vn -1.1191118 0.5630228 -6.1462808
v -0.0152757 -0.0366918 0.0022732
vn -1.8452849 0.6692195 -5.9509563
v -0.0153663 -0.0366320 0.0023017
vn -2.7374182 0.6028346 -5.6058006
v -0.0159415 -0.0362139 0.0025685
vn 2.6653161 0.5854846 -5.6471663
v -0.0133104 -0.0376708 0.0024079
vn 1.8416435 0.6040868 -5.9606190
v -0.0137057 -0.0375225 0.0022634
vn 0.9410071 0.5775409 -6.1748991
v -0.0143022 -0.0372512 0.0021621
vn 0.2535178 0.5854951 -6.2368345
v -0.0145010 -0.0371488 0.0021570
vn 3.2879000 0.5675288 -5.3176823
v -0.0130752 -0.0377454 0.0025278
vn 5.0275254 0.5867267 -3.7046437
v -0.0121315 -0.0378891 0.0034043
vn 4.4512873 0.6177319 -4.3726468
v -0.0125113 -0.0378707 0.0029507
vn 3.8200328 0.6849200 -4.9314961
v -0.0127974 -0.0378179 0.0027087
vn 3.4374423 0.7232783 5.1943717
v -0.0130868 -0.0357561 0.0074388
vn 4.1990089 0.6504152 4.6152263
v -0.0127784 -0.0360083 0.0072373
vn 4.9619284 0.5996891 3.7861540
v -0.0123150 -0.0364386 0.0067995
vn 2.4301474 0.5847660 5.7524710
v -0.0136717 -0.0353292 0.0076864
vn 1.7675548 0.6836070 5.9725857
v -0.0137460 -0.0352790 0.0077073
vn -1.4685509 0.7323042 6.0449405
v -0.0153162 -0.0344066 0.0076733
vn -0.3684005 0.6915354 6.2154536
v -0.0147284 -0.0346910 0.0077907
vn 0.2648874 0.6746976 6.2256808
v -0.0144990 -0.0348160 0.0078023
vn 0.9066449 0.6658878 6.1694131
v -0.0143591 -0.0348959 0.0078001
vn -4.4988594 0.7668693 4.2845869
v -0.0164976 -0.0340437 0.0069460
vn -3.7133245 0.7472488 4.9874825
v -0.0162139 -0.0340959 0.0072011
vn -3.0487640 0.7361360 5.4259944
v -0.0158937 -0.0341857 0.0074184
vn -2.3993170 0.7727033 5.7364593
v -0.0157188 -0.0342455 0.0075122
vn 2.2329891 2.1629882 -5.1284685
v -0.0115910 -0.0382089 0.0038552
vn 3.7510281 1.9731139 -4.3009624
v -0.0118294 -0.0381712 0.0037172
vn 4.6987028 1.8572264 -3.5333478
v -0.0120087 -0.0381749 0.0035056
vn 1.8233664 5.5793996 -2.0229647
v -0.0114803 -0.0387995 0.0032222
vn 2.5023530 5.0423255 -2.5328455
v -0.0117062 -0.0386549 0.0033506
vn 3.0669827 3.9994535 -3.3731236
v -0.0117051 -0.0385545 0.0035221
vn 3.8156874 4.0382042 -2.7231634
v -0.0118060 -0.0385525 0.0034050
vn 3.7269692 3.4553542 -3.4045811
v -0.0118877 -0.0384404 0.0034479
vn 2.2411537 4.1917830 -3.7157245
v -0.0115726 -0.0385755 0.0035988
vn 1.0750704 2.3926923 -5.4359498
v -0.0113268 -0.0382807 0.0039009
vn 1.4836028 4.4592443 -3.8377800
v -0.0114255 -0.0386144 0.0036233
vn 0.4671412 0.5539318 -6.1982989
v -0.0254566 -0.0301863 0.0040000
vn 0.3991108 0.6047883 -6.1982985
v -0.0217494 -0.0329577 0.0040000
vn -1.4147971 2.3773737 -5.3098760
v -0.0175182 -0.0356502 0.0038998
vn -0.1072765 2.7762134 -5.2987008
v -0.0177268 -0.0357125 0.0038998
vn 1.5827832 4.1069899 -4.3013735
v -0.0180947 -0.0359749 0.0036233
vn 0.9777652 2.5557632 -5.3948979
v -0.0179384 -0.0356641 0.0039009
vn -2.3104012 1.3232155 -5.3670893
v -0.0173657 -0.0354949 0.0038998
vn -4.1174569 1.5808870 -4.3618283
v -0.0170586 -0.0356519 0.0036245
vn 2.4343896 5.2732892 -2.0606477
v -0.0181815 -0.0361474 0.0032222
vn 1.8860413 4.8732944 -3.2067461
v -0.0180962 -0.0359779 0.0036191
vn -0.1272542 4.5673819 -3.7738662
v -0.0177135 -0.0360611 0.0036191
vn -2.2631104 3.5576835 -4.4845800
v -0.0173406 -0.0359494 0.0036203
vn -1.1802895 3.8820152 -4.4952273
v -0.0174082 -0.0359975 0.0036063
vn 1.1289493 4.8051372 -3.2985773
v -0.0178006 -0.0361620 0.0034609
vn -3.3756056 2.5542641 -4.5370164
v -0.0170835 -0.0356872 0.0036292
vn -3.7850571 2.0575857 -4.5346746
v -0.0170685 -0.0356662 0.0036265
vn -0.4394518 0.9630248 6.1794314
v 0.0288141 -0.0270000 -0.0160000
vn -0.3315824 6.2625828 -0.0004001
v 0.0299040 -0.0260000 -0.0170000
vn -0.3714300 6.1818247 0.9872112
v 0.0299666 -0.0260047 -0.0169033
vn -0.4511898 5.9756513 1.8538483
v 0.0300457 -0.0260573 -0.0166663
vn -0.4741998 5.6941428 2.5902066
v 0.0300478 -0.0260747 -0.0166208
vn -0.4243493 4.5019341 4.3513908
v 0.0298113 -0.0263665 -0.0162263
vn -0.5064216 5.2168212 3.4343803
v 0.0299950 -0.0261864 -0.0164185
vn -0.4245899 3.1277609 5.4219041
v 0.0294633 -0.0266190 -0.0160754
vn -0.4680014 3.9631619 4.8346734
v 0.0297767 -0.0263946 -0.0162040
vn -0.4677528 2.2494698 5.8286476
v 0.0292954 -0.0267254 -0.0160385
vn -0.3618613 5.9148674 -2.0620210
v 0.0294754 -0.0260780 -0.0173871
vn -0.2877012 6.0683289 -1.5761086
v 0.0295771 -0.0260513 -0.0173161
vn -0.2425243 6.1976585 -0.9616457
v 0.0296737 -0.0260292 -0.0172401
vn -0.3529014 4.6445370 -4.2026148
v 0.0288293 -0.0262954 -0.0177096
vn -0.2795296 5.1910930 -3.5116429
v 0.0290194 -0.0262251 -0.0176321
vn -0.3098041 5.5022197 -3.0049758
v 0.0291829 -0.0261683 -0.0175552
vn -0.4067649 3.0618639 -5.4527488
v 0.0281551 -0.0265720 -0.0179038
vn -0.3034411 3.9787810 -4.8426318
v 0.0284606 -0.0264419 -0.0178298
vn -0.3187274 1.7354424 -6.0202212
v 0.0275213 -0.0268634 -0.0179906
vn -0.3266943 0.9224610 -6.1812129
v 0.0272481 -0.0269981 -0.0180000
vn -0.4036817 0.5760939 -6.2069216
v 0.0272443 -0.0270000 -0.0180000
vn -0.3782660 0.6509542 -6.1915760
v 0.0188062 -0.0334302 -0.0180000
vn -0.4318083 0.6245579 -6.1899266
v 0.0218134 -0.0315504 -0.0180000
vn -0.4876456 0.5820059 -6.1899261
v 0.0246341 -0.0294009 -0.0180000
vn 1.2794409 2.5974293 -5.1254959
v 0.0154309 -0.0354452 -0.0181169
vn 3.0091908 2.9228165 -4.0429831
v 0.0151205 -0.0355159 -0.0182998
vn 4.4499245 2.4478006 -3.5666358
v 0.0148799 -0.0355204 -0.0185771
vn 3.8128171 3.8300719 -3.0437994
v 0.0148858 -0.0355332 -0.0185819
vn 1.5357196 4.9658289 -2.6646760
v 0.0153830 -0.0358822 -0.0185542
vn 2.3549533 5.2514186 -1.8264487
v 0.0151818 -0.0358910 -0.0187992
vn -0.3611226 5.9142170 -0.5559975
v 0.0157138 -0.0360188 -0.0189279
vn -0.2246795 1.7856070 -5.8947573
v 0.0157693 -0.0353178 -0.0180531
vn -0.7511383 3.0721815 -5.2529693
v 0.0158244 -0.0354413 -0.0181104
vn 0.0789082 4.6763639 -3.5740154
v 0.0156517 -0.0358210 -0.0183958
vn -2.2285306 5.4808497 -1.8020837
v 0.0160380 -0.0359197 -0.0188046
vn -1.2104989 5.7585297 -1.0901386
v 0.0158689 -0.0359834 -0.0188365
vn -1.7790824 4.9702663 -3.1424274
v 0.0159695 -0.0357663 -0.0184173
vn -1.3884679 4.1129870 -4.3735347
v 0.0159447 -0.0357107 -0.0183406
vn -2.1524591 5.6134577 1.2934008
v 0.0160243 -0.0358890 -0.0193210
vn -0.5907909 6.1626759 0.5576381
v 0.0155977 -0.0360210 -0.0190692
vn 0.6791285 6.1588364 -0.4580253
v 0.0155935 -0.0360210 -0.0190665
vn -2.3552401 5.7024608 -0.2304725
v 0.0160415 -0.0359274 -0.0188529
vn 0.1429763 0.7487007 -6.1891546
v -0.0072315 -0.0376690 -0.0180000
vn -0.1000056 0.7556375 -6.1891570
v 0.0050695 -0.0380204 -0.0180000
vn -0.0191771 0.7624422 -6.1890368
v 0.0009645 -0.0383447 -0.0180000
vn 0.0626673 0.7601050 -6.1890359
v -0.0031517 -0.0382272 -0.0180000
vn -2.6523676 5.5760269 0.5747405
v 0.0096403 -0.0381037 -0.0190986
vn -1.5392308 5.8309412 1.3363519
v 0.0093412 -0.0381778 -0.0193210
vn -2.5769992 5.3630047 -0.8453633
v 0.0095554 -0.0381506 -0.0189005
vn -4.8805676 1.2758105 -3.5654504
v 0.0099845 -0.0373650 -0.0185159
vn -3.1782176 1.8862499 -4.5319195
v 0.0096634 -0.0375485 -0.0182152
vn -1.1250319 1.9400669 -5.7129483
v 0.0092228 -0.0376942 -0.0181066
vn -1.4092958 3.1440272 -5.0597892
v 0.0092246 -0.0377016 -0.0181104
vn -3.1568224 3.8707573 -3.0727196
v 0.0096715 -0.0379240 -0.0185022
vn -1.5865462 4.5537844 -3.4959149
v 0.0093092 -0.0380473 -0.0184173
vn -4.8414359 2.3948071 -2.9801550
v 0.0099792 -0.0376173 -0.0186454
vn -1.5820518 5.9781766 -0.2325472
v 0.0093511 -0.0382186 -0.0188529
vn -1.6739341 5.6943517 -1.6689405
v 0.0093510 -0.0382182 -0.0188501
vn -4.6718087 3.4621620 -2.1908467
v 0.0099360 -0.0377728 -0.0187500
vn -4.1422877 4.3985829 -1.3435537
v 0.0098638 -0.0379074 -0.0188620
vn -3.6269660 5.0535502 -0.3408800
v 0.0097043 -0.0380656 -0.0190399
vn 3.1602607 1.7261472 -4.6019549
v -0.0117823 -0.0369400 -0.0182105
vn 4.8726025 1.0010914 -3.7077763
v -0.0120909 -0.0367432 -0.0184991
vn 4.9070115 2.1478281 -3.0412083
v -0.0121038 -0.0369591 -0.0186087
vn 3.3476777 3.7072372 -3.0754700
v -0.0118133 -0.0373137 -0.0184983
vn 1.2510213 1.8219547 -5.7175956
v -0.0113594 -0.0371062 -0.0181066
vn 1.5726204 3.0658104 -5.0636473
v -0.0113617 -0.0371135 -0.0181104
vn 2.8350036 5.2397451 -0.9013873
v -0.0117135 -0.0375450 -0.0188983
vn 4.1294694 4.5206327 -0.9157296
v -0.0119238 -0.0373936 -0.0189576
vn 4.6718450 3.5150070 -1.9319091
v -0.0120499 -0.0371993 -0.0187732
vn 1.8655920 5.7627659 1.3422648
v -0.0115052 -0.0375823 -0.0193210
vn 2.6039062 5.5615473 0.6247501
v -0.0117368 -0.0375252 -0.0191457
vn 3.7442088 4.9902930 -0.0307683
v -0.0118566 -0.0374537 -0.0190322
vn 1.8338889 4.4640288 -3.4960024
v -0.0114658 -0.0374538 -0.0184173
vn 1.9901011 5.5919843 -1.6735952
v -0.0115174 -0.0376221 -0.0188501
vn 1.9490268 5.8738508 -0.2592310
v -0.0115175 -0.0376225 -0.0188529
vn 0.4410677 1.0484836 -6.1643262
v -0.0272443 -0.0270000 -0.0180000
vn 0.4829051 0.5891087 -6.1892838
v -0.0243164 -0.0296642 -0.0180000
vn 0.4251377 0.6243250 -6.1909513
v -0.0211295 -0.0320124 -0.0180000
vn -3.2266383 2.4586015 -4.3156300
v -0.0171727 -0.0344174 -0.0182618
vn -1.4119778 1.9883106 -5.4423962
v -0.0174754 -0.0343290 -0.0180804
vn 0.0693095 1.3760891 -5.9973583
v -0.0178026 -0.0341829 -0.0180171
vn 0.7119415 2.5582521 -5.5624042
v -0.0179286 -0.0344248 -0.0181104
vn -0.4022380 3.8853679 -4.4713135
v -0.0176664 -0.0346717 -0.0182435
vn -4.2241130 2.6366951 -3.5537977
v -0.0169394 -0.0344473 -0.0185401
vn -3.4340315 4.2649670 -2.9705372
v -0.0171429 -0.0347753 -0.0186858
vn -2.0538735 4.3248677 -3.4563882
v -0.0173731 -0.0347573 -0.0184193
vn -2.6399996 5.1277661 -2.3526669
v -0.0171488 -0.0347814 -0.0186898
vn -0.5463514 5.6058393 -1.9660816
v -0.0176356 -0.0349641 -0.0186817
vn 2.6147590 5.4444551 1.3075548
v -0.0181550 -0.0348597 -0.0193210
vn 2.6091375 5.3850842 -0.9244182
v -0.0181745 -0.0348969 -0.0188529
vn 1.9637988 5.6893854 -0.5179952
v -0.0180399 -0.0349633 -0.0189254
vn 2.3051350 5.0337458 -2.7193625
v -0.0181162 -0.0347851 -0.0184949
vn 0.8059875 5.2561493 -2.7469802
v -0.0178666 -0.0348967 -0.0185432
vn 1.8311131 4.4169626 -3.8959455
v -0.0180930 -0.0347405 -0.0184173
vn 1.3566413 3.5491664 -4.8461866
v -0.0179834 -0.0345301 -0.0181822
vn 1.0904002 5.9536524 -0.0998049
v -0.0179130 -0.0350004 -0.0190015
vn -1.2167946 5.8698392 -1.2113094
v -0.0174594 -0.0349800 -0.0188947
vn 0.7777323 6.0585356 0.4039590
v -0.0178160 -0.0350077 -0.0191184
vn 0.3795371 6.0240173 -1.7143972
v -0.0295832 -0.0260498 -0.0173116
vn 0.4586347 2.6204572 -5.6760926
v -0.0278722 -0.0266985 -0.0179535
vn 0.4010399 4.8363342 -3.9775641
v -0.0288054 -0.0263045 -0.0177185
vn 0.3503992 5.5786786 -2.8528614
v -0.0291831 -0.0261682 -0.0175551
vn 0.3713304 3.6920419 -5.0597935
v -0.0282312 -0.0265389 -0.0178874
vn 0.3415881 6.1915598 -0.9743501
v -0.0296474 -0.0260349 -0.0172618
vn 0.4939429 6.2351632 0.4127305
v -0.0299040 -0.0260000 -0.0170000
vn 0.3404285 0.9313285 6.1936932
v -0.0288141 -0.0270000 -0.0160000
vn 0.4431559 1.9162318 5.9510202
v -0.0292707 -0.0267404 -0.0160343
vn 0.3352001 2.6996286 5.6543221
v -0.0293931 -0.0266643 -0.0160580
vn 0.4216465 3.3347712 5.2963696
v -0.0296308 -0.0265045 -0.0161314
vn 0.3699553 4.0897093 4.7463942
v -0.0297197 -0.0264390 -0.0161722
vn 0.4646247 5.5296340 2.8984747
v -0.0300352 -0.0261228 -0.0165198
vn 0.4174292 4.7979822 4.0029035
v -0.0299291 -0.0262602 -0.0163272
vn 0.5020847 6.0038714 1.7135761
v -0.0300286 -0.0260301 -0.0167564
vn 0.3991074 0.6047831 6.1983008
v -0.0217494 -0.0329577 -0.0160000
vn 0.4671369 0.5539271 6.1983008
v -0.0254566 -0.0301863 -0.0160000
vn -0.1090491 2.7771425 5.2975473
v -0.0177268 -0.0357125 -0.0158998
vn -1.3626804 2.3714449 5.3417282
v -0.0175182 -0.0356502 -0.0158998
vn 1.5827808 4.1069889 4.3013730
v -0.0180947 -0.0359749 -0.0156233
vn 2.0009785 4.7887483 3.3157303
v -0.0180962 -0.0359779 -0.0156191
vn -0.2788466 4.5385289 3.8702211
v -0.0177135 -0.0360611 -0.0156191
vn -1.1830065 3.8994503 4.4672446
v -0.0174082 -0.0359975 -0.0156063
vn -2.1121778 3.7467017 4.4484797
v -0.0173406 -0.0359494 -0.0156203
vn -3.5462966 2.3844039 4.5355949
v -0.0170835 -0.0356872 -0.0156292
vn -3.7971239 2.0682445 4.5164633
v -0.0170685 -0.0356662 -0.0156265
vn -2.3073483 1.2797090 5.3926940
v -0.0173657 -0.0354949 -0.0158998
vn -4.1951351 1.5691830 4.2639513
v -0.0170586 -0.0356519 -0.0156245
vn -2.9324520 3.1595659 4.4390903
v -0.0172133 -0.0358382 -0.0156351
vn 0.9777516 2.5557611 5.3948984
v -0.0179384 -0.0356641 -0.0159009
vn 0.6361932 5.2659435 3.0039840
v -0.0178006 -0.0361620 -0.0154609
vn 2.4702344 5.2866831 2.0095932
v -0.0181815 -0.0361474 -0.0152222
vn -3.0819633 0.6648250 5.4088616
v -0.0160095 -0.0361595 -0.0146113
vn -2.5917411 0.5153179 5.6921611
v -0.0159141 -0.0362355 -0.0145521
vn 3.5468810 0.6308070 5.1348104
v -0.0130081 -0.0377646 -0.0145673
vn 4.1679335 0.6618351 4.6420727
v -0.0125365 -0.0378672 -0.0149267
vn 4.7235365 0.6017565 4.0833926
v -0.0124150 -0.0378821 -0.0150485
vn 2.8608730 0.6092061 5.5477409
v -0.0132351 -0.0376959 -0.0144432
vn 2.1223774 0.6398684 5.8645287
v -0.0135678 -0.0375773 -0.0143063
vn -0.9092969 0.6340505 6.1712794
v -0.0151431 -0.0367769 -0.0142374
vn -0.0383347 0.6500846 6.2329926
v -0.0145245 -0.0371363 -0.0141574
vn 0.4569693 0.5768710 6.2293215
v -0.0145003 -0.0371492 -0.0141570
vn 1.1007929 0.6155550 6.1424646
v -0.0141623 -0.0373196 -0.0141742
vn -1.8878624 0.6853571 5.9359689
v -0.0154404 -0.0365819 -0.0143276
vn -4.5239615 0.7241631 4.2730665
v -0.0167301 -0.0354854 -0.0152839
vn -3.7065468 0.7415850 4.9929724
v -0.0162932 -0.0359184 -0.0148216
vn -4.6490912 0.7723224 -4.1235180
v -0.0165138 -0.0340417 -0.0189292
vn -3.4559245 0.7467973 -5.1684384
v -0.0160109 -0.0341497 -0.0193462
vn -4.1062326 0.7502677 -4.6699638
v -0.0164637 -0.0340483 -0.0189803
vn -0.1708341 0.6538001 -6.2289391
v -0.0146491 -0.0347333 -0.0197968
vn -0.8122250 0.6514442 -6.1803398
v -0.0150166 -0.0345448 -0.0197494
vn -1.6139698 0.7181001 -6.0101757
v -0.0152472 -0.0344371 -0.0196939
vn -2.4396334 0.7091907 -5.7284079
v -0.0157984 -0.0342174 -0.0194715
vn -2.9736578 0.7334771 -5.4565482
v -0.0158952 -0.0341852 -0.0194175
vn 3.4544711 0.6650185 -5.1876884
v -0.0130528 -0.0357829 -0.0194193
vn 2.3445194 0.5583620 -5.7862997
v -0.0136353 -0.0353541 -0.0196754
vn 1.3962716 0.6306279 -6.0788240
v -0.0140276 -0.0350963 -0.0197671
vn 0.4560573 0.5945640 -6.2264819
v -0.0144979 -0.0348166 -0.0198023
vn 4.9666409 0.5442525 -3.7863426
v -0.0122934 -0.0364609 -0.0187735
vn 4.2283325 0.5846719 -4.5943499
v -0.0127488 -0.0360337 -0.0192149
vn 2.2465038 4.1957283 3.7109661
v -0.0115726 -0.0385755 -0.0155988
vn 2.9430058 4.1024408 3.4167285
v -0.0117051 -0.0385545 -0.0155221
vn 1.8088633 5.5897851 1.9966156
v -0.0114803 -0.0387995 -0.0152222
vn 1.4796691 4.4653888 3.8347511
v -0.0114255 -0.0386144 -0.0156233
vn 3.9842763 3.3259468 3.4240694
v -0.0118877 -0.0384404 -0.0154479
vn 3.5698347 4.2823586 2.8440604
v -0.0118060 -0.0385525 -0.0154050
vn 4.5993795 1.8764571 3.7017684
v -0.0120087 -0.0381749 -0.0155056
vn 3.7461350 1.9665270 4.3173332
v -0.0118294 -0.0381712 -0.0157172
vn 2.2815976 2.1934249 5.1125050
v -0.0115910 -0.0382089 -0.0158552
vn 1.0467130 2.4366276 5.4352503
v -0.0113268 -0.0382807 -0.0159009
vn 2.4653935 5.0538964 2.5654609
v -0.0117062 -0.0386549 -0.0153506
vn -0.0923715 0.7158030 6.1990180
v 0.0050538 -0.0391626 -0.0160000
vn 0.1318208 0.7095950 6.1990180
v -0.0072122 -0.0388231 -0.0160000
vn 0.0574408 0.7194463 6.1990209
v -0.0031427 -0.0393621 -0.0160000
vn -0.0175598 0.7215222 6.1990190
v 0.0009607 -0.0394756 -0.0160000
vn -2.1201749 2.2525489 5.1288395
v 0.0094596 -0.0387916 -0.0158553
vn -3.6203935 2.1455188 4.3193207
v 0.0096996 -0.0387670 -0.0157176
vn -4.6062326 1.8967872 3.6496856
v 0.0098900 -0.0387473 -0.0155103
vn -1.4389137 5.6837382 1.9986088
v 0.0093167 -0.0393751 -0.0152222
vn -2.2581918 5.1657948 2.5394850
v 0.0095587 -0.0392363 -0.0153554
vn -2.8375375 4.1645255 3.3735781
v 0.0095545 -0.0391429 -0.0155223
vn -3.4488339 4.2575731 2.9466734
v 0.0096553 -0.0391464 -0.0154054
vn -3.6004696 3.5423975 3.4908009
v 0.0097561 -0.0390202 -0.0154545
vn -2.0049763 4.3096142 3.7160490
v 0.0094211 -0.0391565 -0.0155988
vn -0.9406995 2.4486744 5.4360380
v 0.0091921 -0.0388486 -0.0159009
vn -1.2055141 4.5503955 3.8170657
v 0.0092723 -0.0391873 -0.0156233
vn 2.8417516 0.6895270 5.5404077
v 0.0137789 -0.0371447 -0.0145139
vn 3.6316562 0.7209805 5.0644846
v 0.0142927 -0.0367617 -0.0148877
vn 4.3347716 0.7475097 4.4610262
v 0.0144246 -0.0366493 -0.0150166
vn 1.8034804 0.6100828 5.9713588
v 0.0134089 -0.0373808 -0.0143377
vn 0.8778127 0.6513703 6.1715560
v 0.0128027 -0.0377145 -0.0141757
vn 0.2784828 0.5933666 6.2349591
v 0.0126696 -0.0377801 -0.0141588
vn -2.6195548 0.6030847 5.6646514
v 0.0111651 -0.0383394 -0.0144162
vn -1.7628758 0.5916090 5.9881420
v 0.0117360 -0.0381674 -0.0142174
vn -0.9820521 0.6256258 6.1623602
v 0.0120550 -0.0380492 -0.0141622
vn -0.2248677 0.5453456 6.2469230
v 0.0124024 -0.0379038 -0.0141439
vn -3.1944742 0.6385297 5.3636532
v 0.0109682 -0.0383853 -0.0145189
vn -4.8762550 0.6142716 3.8968248
v 0.0101613 -0.0384692 -0.0152106
vn -4.2967839 0.6492919 4.5208058
v 0.0103788 -0.0384681 -0.0149681
vn -3.6466894 0.7012789 5.0584493
v 0.0108471 -0.0384096 -0.0145924
vn -3.5437975 0.6834865 -5.1321840
v 0.0109846 -0.0364228 -0.0194510
vn -3.9595807 0.7784803 -4.7992830
v 0.0107932 -0.0365589 -0.0193328
vn -4.8224168 0.7332311 -3.9294076
v 0.0103072 -0.0369477 -0.0189191
vn -2.9574893 0.7556919 -5.4641519
v 0.0111243 -0.0363283 -0.0195247
vn -2.1169426 0.7550536 -5.8449817
v 0.0117184 -0.0359643 -0.0197388
vn 1.7955253 0.8979517 -5.9240355
v 0.0133680 -0.0352276 -0.0196374
vn 0.6755394 0.8756586 -6.1547489
v 0.0127853 -0.0354421 -0.0197867
vn -0.4158047 0.8397456 -6.1889291
v 0.0124468 -0.0355903 -0.0198154
vn -1.3820244 0.8440328 -6.0427518
v 0.0118321 -0.0359009 -0.0197634
vn 4.6131840 0.9087558 -4.1202774
v 0.0144609 -0.0350156 -0.0189039
vn 3.8643746 0.8985382 -4.8323975
v 0.0142120 -0.0350335 -0.0191426
vn 3.1523962 0.9121603 -5.3235540
v 0.0138030 -0.0351068 -0.0194316
vn 2.6012628 0.9341362 -5.6083555
v 0.0137225 -0.0351262 -0.0194767
vn 1.5010085 2.3355076 5.3040123
v 0.0154273 -0.0366150 -0.0158998
vn 0.2298756 2.7677708 5.3049574
v 0.0156277 -0.0366829 -0.0158998
vn 2.3828259 1.2888505 5.3224716
v 0.0152824 -0.0364610 -0.0158998
vn -1.3425391 4.1955857 4.3055196
v 0.0159735 -0.0369657 -0.0156233
vn -0.8271800 2.6051273 5.4014020
v 0.0158354 -0.0366463 -0.0159009
vn -2.0586109 5.4480453 2.0631461
v 0.0160500 -0.0371429 -0.0152222
vn -1.5741756 4.9853792 3.2281439
v 0.0159748 -0.0369688 -0.0156191
vn 0.2933343 4.5553951 3.8081751
v 0.0155992 -0.0370306 -0.0156191
vn 4.3479838 2.0920188 2.9009557
v 0.0149779 -0.0366313 -0.0156191
vn 3.1903253 2.1608725 4.6459260
v 0.0149881 -0.0366562 -0.0156144
vn 3.0163329 3.7476056 2.7700121
v 0.0152387 -0.0369086 -0.0156191
vn 1.7915293 4.1931267 4.1014662
v 0.0152956 -0.0369684 -0.0155880
vn -0.8289251 4.9769197 3.2299101
v 0.0156738 -0.0371418 -0.0154483
vn -0.3524183 0.6294728 6.1990995
v 0.0192900 -0.0344550 -0.0160000
vn -0.4149778 0.5901094 6.1990995
v 0.0227143 -0.0323003 -0.0160000
vn -0.4731818 0.5445511 6.1990986
v 0.0259001 -0.0298066 -0.0160000
vn -1.5172733 -2.6179955 2.6279957
v -0.0134500 -0.0195000 -0.0188187
vn -2.6270819 -2.6233721 1.5206339
v -0.0126813 -0.0195000 -0.0180500
vn -3.0363183 -2.6286769 -0.0000485
v -0.0124000 -0.0195000 -0.0170000
vn -2.6295094 -2.6285834 -1.5181599
v -0.0126813 -0.0195000 -0.0159500
vn -1.5181808 -2.6286187 -2.6295049
v -0.0134500 -0.0195000 -0.0151813
vn 0.0033382 -2.6233299 -3.0354333
v -0.0145000 -0.0195000 -0.0149000
vn 1.5160253 -2.6206791 -2.6292367
v -0.0155500 -0.0195000 -0.0151813
vn 2.6282721 -2.6264529 -1.5195916
v -0.0163187 -0.0195000 -0.0159500
vn 3.0364540 -2.6294887 -0.0000590
v -0.0166000 -0.0195000 -0.0170000
vn 2.6270103 -2.6237855 1.5208981
v -0.0163187 -0.0195000 -0.0180500
vn 1.5172688 -2.6182101 2.6279986
v -0.0155500 -0.0195000 -0.0188187
vn -0.0000072 -2.6182053 3.0345430
v -0.0145000 -0.0195000 -0.0191000
vn -1.5181723 -2.6291149 2.6296043
v 0.0134500 -0.0195000 -0.0188187
vn -2.6305408 -2.6235731 1.5147077
v 0.0142187 -0.0195000 -0.0180500
vn -3.0345433 -2.6181920 -0.0000070
v 0.0145000 -0.0195000 -0.0170000
vn -2.6279945 -2.6181855 -1.5172782
v 0.0142187 -0.0195000 -0.0159500
vn -1.5172728 -2.6179941 -2.6279924
v 0.0134500 -0.0195000 -0.0151813
vn -0.0032343 -2.6231661 -3.0354025
v 0.0124000 -0.0195000 -0.0149000
vn 1.5181543 -2.6282923 -2.6294570
v 0.0113500 -0.0195000 -0.0151813
vn 2.6294556 -2.6282678 -1.5181456
v 0.0105813 -0.0195000 -0.0159500
vn 3.0362697 -2.6283851 -0.0000458
v 0.0103000 -0.0195000 -0.0170000
vn 2.6271095 -2.6232231 1.5205411
v 0.0105813 -0.0195000 -0.0180500
vn 1.5172719 -2.6179953 2.6279950
v 0.0113500 -0.0195000 -0.0188187
vn 0.0034687 -2.6235344 3.0354643
v 0.0124000 -0.0195000 -0.0191000
vn -1.5172735 -2.6179941 2.6279941
v 0.0134500 -0.0195000 0.0031813
vn -2.6270685 -2.6234670 1.5206931
v 0.0142187 -0.0195000 0.0039500
vn -3.0363729 -2.6290221 0.0000524
v 0.0145000 -0.0195000 0.0050000
vn -2.6270528 -2.6235471 -1.5207447
v 0.0142187 -0.0195000 0.0060500
vn -1.5172663 -2.6181922 -2.6279943
v 0.0134500 -0.0195000 0.0068187
vn 0.0000046 -2.6181896 -3.0345521
v 0.0124000 -0.0195000 0.0071000
vn 1.5150201 -2.6229303 -2.6302392
v 0.0113500 -0.0195000 0.0068187
vn 2.6293511 -2.6281109 -1.5182866
v 0.0105813 -0.0195000 0.0060500
vn 3.0362701 -2.6283851 0.0000447
v 0.0103000 -0.0195000 0.0050000
vn 2.6294639 -2.6282907 1.5181369
v 0.0105813 -0.0195000 0.0039500
vn 1.5181471 -2.6283050 2.6294665
v 0.0113500 -0.0195000 0.0031813
vn -0.0032342 -2.6231661 3.0354052
v 0.0124000 -0.0195000 0.0029000
vn -1.5181791 -2.6286182 2.6295033
v -0.0134500 -0.0195000 0.0031813
vn -2.6295123 -2.6285830 1.5181605
v -0.0126813 -0.0195000 0.0039500
vn -3.0363193 -2.6286774 0.0000480
v -0.0124000 -0.0195000 0.0050000
vn -2.6270823 -2.6233726 -1.5206337
v -0.0126813 -0.0195000 0.0060500
vn -1.5172732 -2.6179948 -2.6279950
v -0.0134500 -0.0195000 0.0068187
vn -0.0036049 -2.6237471 -3.0354981
v -0.0145000 -0.0195000 0.0071000
vn 1.5182005 -2.6295526 -2.6296716
v -0.0155500 -0.0195000 0.0068187
vn 2.6306484 -2.6238067 -1.5146017
v -0.0163187 -0.0195000 0.0060500
vn 3.0345490 -2.6182082 0.0000047
v -0.0166000 -0.0195000 0.0050000
vn 2.6279907 -2.6182029 1.5172789
v -0.0163187 -0.0195000 0.0039500
vn 1.5172732 -2.6179941 2.6279938
v -0.0155500 -0.0195000 0.0031813
vn 0.0033383 -2.6233299 3.0354304
v -0.0145000 -0.0195000 0.0029000
vn 1.7925233 1.9927466 -5.5150666
v -0.0291307 -0.0272967 0.0039009
vn 3.3457336 3.4539948 -3.7819884
v -0.0293847 -0.0275347 0.0036233
vn 3.4260881 3.8054686 -3.4529257
v -0.0298472 -0.0270621 0.0036441
vn 2.6690941 5.6043444 -0.8132216
v -0.0303146 -0.0258992 0.0051510
vn 1.3957392 6.1001439 -0.2605005
v -0.0301147 -0.0259745 0.0050775
vn 1.7714454 5.8777876 -1.1658885
v -0.0302439 -0.0259551 0.0049759
vn 4.5104070 4.0157261 -1.6431810
v -0.0306424 -0.0256173 0.0052716
vn 3.8191719 4.7765923 -1.2705417
v -0.0304935 -0.0257781 0.0052168
vn 3.3707395 5.0396199 -1.4584036
v -0.0304977 -0.0258255 0.0050343
vn 1.8312404 2.9246674 -5.1232061
v -0.0295935 -0.0269294 0.0039028
vn 1.7066963 3.4781775 -4.8455300
v -0.0297556 -0.0267843 0.0039357
vn 1.7887051 4.1171770 -4.3045301
v -0.0300593 -0.0264757 0.0040781
vn 1.6765344 4.5481901 -3.9081686
v -0.0300929 -0.0264369 0.0041046
vn 1.7586606 5.0869498 -3.1621442
v -0.0302715 -0.0261893 0.0043440
vn 1.7550558 5.4678974 -2.4441323
v -0.0303228 -0.0260392 0.0046057
vn 1.7921158 5.6734037 -1.8867428
v -0.0303208 -0.0260167 0.0046651
vn 3.3948421 4.0540209 -3.2330966
v -0.0300093 -0.0268774 0.0036921
vn 3.4136658 4.2733970 -2.9485669
v -0.0303131 -0.0264866 0.0038836
vn 3.3410506 4.4594154 -2.7624521
v -0.0303467 -0.0264375 0.0039183
vn 3.3974233 4.6561027 -2.3809266
v -0.0305253 -0.0261252 0.0042280
vn 3.3461738 4.8345723 -2.0689256
v -0.0305767 -0.0259351 0.0045625
vn 3.3391633 4.9393167 -1.8157934
v -0.0305746 -0.0259064 0.0046382
vn 4.4508915 4.0726275 -1.6541330
v -0.0307066 -0.0256269 0.0050734
vn 4.4505148 4.0772085 -1.6553725
v -0.0307875 -0.0257348 0.0045876
vn 4.4591179 4.0707717 -1.6407739
v -0.0307897 -0.0257703 0.0044945
vn 4.4745989 4.0442681 -1.6515995
v -0.0307356 -0.0259994 0.0040799
vn 4.4264569 4.0723562 -1.6978116
v -0.0305474 -0.0263684 0.0036859
vn 4.4153514 4.0808506 -1.6924460
v -0.0305119 -0.0264261 0.0036404
vn 4.3943281 4.0629988 -1.7627659
v -0.0301907 -0.0268858 0.0033768
vn 4.3397026 4.0767365 -1.8819342
v -0.0300187 -0.0271038 0.0033010
vn 4.1812758 4.1606150 -1.9868873
v -0.0295255 -0.0276667 0.0032222
vn 3.6942425 4.9123335 -1.0845536
v -0.0302681 -0.0258467 0.0056393
vn 3.4047160 3.5431409 3.5900292
v -0.0278215 -0.0275721 0.0064173
vn 1.8859414 1.9373432 5.4591293
v -0.0275687 -0.0273215 0.0061104
vn 1.9463611 2.2055595 5.3780713
v -0.0275722 -0.0273193 0.0061109
vn 1.3006868 6.1012502 0.4344573
v -0.0298898 -0.0260285 0.0053690
vn 1.5072991 5.9619370 1.1017491
v -0.0297956 -0.0260630 0.0054599
vn 1.3932724 5.7099795 2.0786085
v -0.0294122 -0.0262359 0.0057381
vn 1.6045138 5.3759980 2.7045305
v -0.0292537 -0.0263169 0.0058238
vn 1.5409396 4.7215061 3.7256861
v -0.0287149 -0.0266161 0.0060278
vn 1.7860837 4.0468082 4.3404574
v -0.0284227 -0.0267890 0.0060918
vn 1.8128468 2.9421494 5.1100984
v -0.0278248 -0.0271584 0.0061318
vn 2.5609560 5.6882687 -0.3372653
v -0.0300922 -0.0259664 0.0055049
vn 2.6779199 5.6300602 0.1525616
v -0.0299991 -0.0260090 0.0056155
vn 2.6694903 5.5522275 0.8683371
v -0.0296208 -0.0262221 0.0059548
vn 2.8083460 5.3852668 1.3005902
v -0.0294645 -0.0263220 0.0060597
vn 2.8751042 5.0655470 2.0937984
v -0.0289350 -0.0266920 0.0063105
vn 3.0839999 4.6824465 2.5799332
v -0.0286490 -0.0269067 0.0063901
vn 3.2831836 4.0334320 3.2687702
v -0.0280679 -0.0273675 0.0064422
vn 3.4902761 3.5762205 3.5201862
v -0.0278249 -0.0275692 0.0064179
vn 4.1837187 4.3209772 0.9425719
v -0.0279468 -0.0276963 0.0068529
vn 3.7417829 4.9132919 -0.8527113
v -0.0301737 -0.0258927 0.0057722
vn 3.7397170 4.9414501 -0.5225072
v -0.0297896 -0.0261280 0.0061855
vn 3.8155286 4.8902626 -0.3076581
v -0.0296308 -0.0262398 0.0063159
vn 3.8639758 4.8315325 0.0822301
v -0.0290915 -0.0266595 0.0066400
vn 3.9886136 4.6967831 0.3388767
v -0.0287993 -0.0269069 0.0067527
vn 4.1296978 4.4873247 0.7174656
v -0.0282022 -0.0274490 0.0068599
vn 4.2582102 4.3001204 0.8765887
v -0.0279503 -0.0276928 0.0068532
vn 4.2484303 4.3173018 -1.3956193
v -0.0279170 -0.0276667 0.0073210
vn 4.2957635 4.2638311 -1.4442978
v -0.0279209 -0.0276627 0.0073210
vn 4.2895761 4.2417684 -1.5311158
v -0.0282008 -0.0273866 0.0073018
vn 4.3068085 4.2315364 -1.5734938
v -0.0288503 -0.0267895 0.0071238
vn 4.3382235 4.2182145 -1.5614851
v -0.0291634 -0.0265230 0.0069722
vn 4.3836660 4.1665807 -1.6038272
v -0.0297359 -0.0260786 0.0065670
vn 4.4446831 4.0805550 -1.6383120
v -0.0299035 -0.0259622 0.0064095
vn 4.4767780 4.0109196 -1.7231907
v -0.0303074 -0.0257223 0.0059194
vn 4.4935637 4.0127711 -1.6911353
v -0.0304064 -0.0256772 0.0057636
vn 3.1341031 3.8233745 3.5111732
v -0.0248316 -0.0302927 0.0064173
vn 2.7376113 4.1204076 3.5117726
v -0.0215772 -0.0326907 0.0064173
vn 1.5681170 2.3418579 5.3953938
v -0.0213811 -0.0323936 0.0061104
vn 3.2761524 5.0423889 -1.4332677
v -0.0216512 -0.0328028 0.0073210
vn 3.3049920 4.9959459 0.8797169
v -0.0216744 -0.0328379 0.0068529
vn 3.7724514 4.7073669 -1.4167285
v -0.0249168 -0.0303966 0.0073210
vn 3.7692974 4.6585112 0.9120396
v -0.0249434 -0.0304291 0.0068529
vn 4.0564532 4.5006170 -1.0989174
v -0.0262363 -0.0292653 0.0073210
vn 1.7852117 2.1778264 5.3928938
v -0.0246060 -0.0300175 0.0061104
vn 5.0117655 1.8495578 3.2118764
v -0.0123594 -0.0367114 0.0069354
vn 2.3061929 5.5349493 -1.7413906
v -0.0176388 -0.0348664 0.0079806
vn 0.9428604 6.0787201 -0.4228591
v -0.0173624 -0.0350136 0.0076985
vn -2.7286959 4.7377176 2.9097917
v -0.0167841 -0.0347869 0.0071570
vn -3.9968419 2.6386359 3.9283140
v -0.0165850 -0.0344532 0.0069938
vn -3.1030807 2.5577431 4.7098260
v -0.0163156 -0.0345001 0.0072420
vn -2.0295823 2.4711118 5.3036804
v -0.0158427 -0.0346354 0.0075537
vn -0.9042238 2.3703446 5.6581988
v -0.0154527 -0.0347826 0.0077235
vn 0.2646210 2.3116894 5.7531672
v -0.0148727 -0.0350457 0.0078612
vn 2.3182616 5.5153437 -1.7726605
v -0.0172437 -0.0349199 0.0083354
vn 1.2377777 6.0386519 -0.1823279
v -0.0170159 -0.0350604 0.0080133
vn 2.3520365 5.4015236 -1.9687126
v -0.0165542 -0.0350732 0.0087677
vn 1.5742396 5.9670935 -0.0326639
v -0.0164080 -0.0351955 0.0084033
vn 2.3495488 5.4423685 -1.9006102
v -0.0159936 -0.0352382 0.0089908
vn 1.9086146 5.8724198 0.0457928
v -0.0159089 -0.0353427 0.0086107
vn 2.3065538 5.4628801 -1.9106249
v -0.0151756 -0.0355297 0.0091524
vn 2.2145932 5.7697644 0.0266651
v -0.0151714 -0.0356058 0.0087706
vn 2.2857797 5.4321160 -1.9947963
v -0.0146621 -0.0357397 0.0091641
vn 2.4716010 5.6694698 -0.0292711
v -0.0147029 -0.0357975 0.0087912
vn 2.2696149 5.5533586 -1.7714478
v -0.0138106 -0.0361322 0.0090327
vn 2.6553326 5.5887713 -0.1399559
v -0.0139170 -0.0361597 0.0086883
vn 2.2068055 5.5494037 -1.8360282
v -0.0137073 -0.0361837 0.0090034
vn 2.7979646 5.5188646 -0.2044225
v -0.0138210 -0.0362075 0.0086635
vn 2.1173058 5.5273380 -1.9654870
v -0.0128963 -0.0366211 0.0086571
vn 2.9125814 5.4623127 -0.4026912
v -0.0130617 -0.0366162 0.0083607
vn 2.0940952 5.5671573 -1.9050026
v -0.0124691 -0.0368795 0.0083761
vn 3.0314212 5.3888025 -0.5645989
v -0.0126581 -0.0368593 0.0081090
vn 2.0418234 5.6070285 -1.8637967
v -0.0118283 -0.0373205 0.0077668
vn 3.0913594 5.3360686 -0.8063905
v -0.0120475 -0.0372763 0.0075551
vn 4.1739950 4.5772896 0.6601486
v -0.0122189 -0.0371511 0.0073320
vn 3.9332504 4.6855259 1.1373160
v -0.0127945 -0.0367457 0.0078334
vn 3.5871406 4.8479991 1.5146128
v -0.0131723 -0.0365101 0.0080578
vn 3.2520175 4.9290614 1.9019954
v -0.0138774 -0.0361158 0.0083208
vn 2.8830113 5.0936704 2.0518687
v -0.0139661 -0.0360699 0.0083416
vn 2.4328997 5.2233543 2.2955730
v -0.0146869 -0.0357230 0.0084194
vn 1.8177506 5.4196019 2.3972692
v -0.0151123 -0.0355406 0.0083913
vn 1.1214607 5.5927215 2.4164987
v -0.0157753 -0.0352921 0.0082336
vn 0.3768028 5.7657423 2.2243977
v -0.0162191 -0.0351543 0.0080404
vn -0.3419566 5.8826151 1.8849311
v -0.0167552 -0.0350287 0.0076871
vn -0.9740990 5.9542346 1.3620515
v -0.0170596 -0.0349855 0.0074067
vn 4.8005733 3.4147389 2.0372925
v -0.0123263 -0.0369566 0.0071187
vn 4.4054446 3.4659026 2.7181973
v -0.0128636 -0.0365510 0.0075789
vn 3.8422165 3.6589370 3.2574625
v -0.0132152 -0.0363152 0.0077832
vn 3.2809517 3.6947615 3.7642698
v -0.0138693 -0.0359204 0.0080195
vn 2.7284510 3.9149041 3.9743507
v -0.0139513 -0.0358743 0.0080378
vn 2.0351136 4.0035591 4.2909355
v -0.0146164 -0.0355268 0.0081022
vn 1.1374587 4.2226486 4.4058557
v -0.0150075 -0.0353439 0.0080720
vn 0.1423907 4.3745880 4.3964872
v -0.0156145 -0.0350947 0.0079209
vn -0.8936117 4.5567269 4.1086235
v -0.0160194 -0.0349564 0.0077403
vn -1.8711634 4.6620154 3.6259930
v -0.0165073 -0.0348303 0.0074140
vn 4.3722043 1.8125415 4.0480237
v -0.0128580 -0.0362960 0.0073728
vn 3.6268768 1.9734385 4.6563334
v -0.0131856 -0.0360538 0.0075687
vn 2.8301170 1.9493984 5.1721268
v -0.0137976 -0.0356464 0.0077986
vn 2.2141113 2.1537037 5.3848867
v -0.0138746 -0.0355987 0.0078168
vn 1.2854133 2.1321213 5.6861138
v -0.0145016 -0.0352372 0.0078854
vn 0.5304993 2.7670724 5.3911152
v -0.0073176 -0.0381176 0.0061104
vn -0.6530263 4.8993993 3.5093143
v 0.0051769 -0.0388260 0.0064173
vn 1.0924897 5.8894811 0.9099500
v -0.0074180 -0.0386404 0.0068529
vn -0.8049180 5.9777355 -1.3821726
v 0.0051946 -0.0389592 0.0073210
vn -0.7908684 5.9333043 0.8828087
v 0.0052002 -0.0390008 0.0068529
vn -0.1616892 6.0291004 -1.3839251
v 0.0009883 -0.0392915 0.0073210
vn -0.1505096 5.9840078 0.8829781
v 0.0009893 -0.0393336 0.0068529
vn 0.5130820 6.0033207 -1.3966676
v -0.0032295 -0.0391711 0.0073210
vn 0.4918440 5.9656558 0.8829670
v -0.0032329 -0.0392130 0.0068529
vn 0.9993603 5.9077897 -1.5032780
v -0.0074100 -0.0385991 0.0073210
vn 1.4525206 5.8857741 -1.0525815
v -0.0093836 -0.0381674 0.0073210
vn -0.1242822 4.9412155 3.5091565
v 0.0009849 -0.0391572 0.0064173
vn 0.4061337 4.9260645 3.5091588
v -0.0032185 -0.0390371 0.0064173
vn 0.9316286 4.8541346 3.5093122
v -0.0073847 -0.0384672 0.0064173
vn -0.3716851 2.7928414 5.3911138
v 0.0051298 -0.0384732 0.0061104
vn -0.0708311 2.8161132 5.3912210
v 0.0009759 -0.0388014 0.0061104
vn 0.2314653 2.8074803 5.3912191
v -0.0031892 -0.0386824 0.0061104
vn -4.4726996 4.1236467 1.1523670
v 0.0100463 -0.0377622 0.0071051
vn -1.7626020 5.7091908 -1.7827654
v 0.0095483 -0.0380196 0.0076230
vn -3.1666205 5.2813835 -0.5034685
v 0.0098365 -0.0379554 0.0073697
vn -5.0807104 2.3794661 2.6534376
v 0.0101459 -0.0374693 0.0068691
vn -4.5327559 2.3873639 3.4771428
v 0.0106270 -0.0371020 0.0073346
vn -4.1388731 4.2080541 1.8183290
v 0.0105727 -0.0374027 0.0076101
vn -3.8945858 2.4739645 4.1044064
v 0.0109360 -0.0368963 0.0075420
vn -0.0737720 6.0975914 -0.0771680
v 0.0151659 -0.0359989 0.0076240
vn 2.2361574 5.3488984 1.9586215
v 0.0148047 -0.0358701 0.0072814
vn -0.3216110 6.0875425 0.1720214
v 0.0150579 -0.0360033 0.0077323
vn 1.7385787 5.3319111 2.4464049
v 0.0147108 -0.0358743 0.0073759
vn -0.6492855 6.0588484 0.3772502
v 0.0145008 -0.0360657 0.0081679
vn 1.1031693 5.2985897 2.8700414
v 0.0142275 -0.0359333 0.0077589
vn -1.0064416 5.9984021 0.5513688
v 0.0142205 -0.0361164 0.0083271
vn 0.3850319 5.1988616 3.2184582
v 0.0139838 -0.0359814 0.0079009
vn -1.3861377 5.9205570 0.6262425
v 0.0135423 -0.0362787 0.0085879
vn -0.3911365 5.0954580 3.3854382
v 0.0133911 -0.0361359 0.0081391
vn -1.6902099 5.8349485 0.6665822
v 0.0132407 -0.0363659 0.0086553
vn -1.0194594 4.9544754 3.4518442
v 0.0131258 -0.0362194 0.0082034
vn -2.0249724 5.7510529 0.6007305
v 0.0127390 -0.0365293 0.0087081
vn -1.7217908 4.8315854 3.3816643
v 0.0126816 -0.0363761 0.0082591
vn -2.3763881 5.6395493 0.4570818
v 0.0119688 -0.0368218 0.0086499
vn -2.5019464 4.6764307 3.1167958
v 0.0119931 -0.0366582 0.0082217
vn -2.6650097 5.5288248 0.2924379
v 0.0114991 -0.0370253 0.0085288
vn -3.1529977 4.4925051 2.7937789
v 0.0115695 -0.0368553 0.0081223
vn -2.8869748 5.4375653 0.0418978
v 0.0107745 -0.0373819 0.0081940
vn -3.7067330 4.3677001 2.2887545
v 0.0109102 -0.0372020 0.0078348
vn -3.0614328 5.3470807 -0.1820316
v 0.0104064 -0.0375877 0.0079379
vn 3.9535985 3.1483607 3.4658689
v 0.0145343 -0.0355110 0.0070316
vn 3.3310037 3.1355298 4.0782146
v 0.0144468 -0.0355154 0.0071196
vn 2.5666761 3.1345289 4.6113396
v 0.0139964 -0.0355781 0.0074761
vn 1.6576053 3.0572069 5.0608091
v 0.0137696 -0.0356291 0.0076079
vn 0.6993086 3.0264246 5.3027143
v 0.0132195 -0.0357919 0.0078278
vn -0.1299373 2.9064617 5.4061646
v 0.0129739 -0.0358794 0.0078869
vn -1.0531653 2.8242416 5.3729620
v 0.0125635 -0.0360432 0.0079372
vn -2.1118524 2.7575526 5.0987234
v 0.0119295 -0.0363361 0.0079010
vn -2.9849317 2.5734386 4.7472119
v 0.0115404 -0.0365397 0.0078082
vn -1.9116774 5.6591482 -1.7063152
v 0.0155226 -0.0358633 0.0079687
vn -1.9394220 5.6365395 -1.7274466
v 0.0153964 -0.0358684 0.0080947
vn -1.9866865 5.5983591 -1.7688042
v 0.0147454 -0.0359409 0.0085970
vn -1.9711542 5.6633749 -1.6525676
v 0.0144191 -0.0359995 0.0087775
vn -1.9427596 5.7000475 -1.6070882
v 0.0136360 -0.0361852 0.0090645
vn -1.9500794 5.6544528 -1.7037373
v 0.0132913 -0.0362842 0.0091345
vn -1.8958998 5.4657106 -2.0925992
v 0.0127226 -0.0364678 0.0091817
vn -1.9307926 5.5725560 -1.9139564
v 0.0118616 -0.0367925 0.0090952
vn -1.9381723 5.6456800 -1.7771398
v 0.0113434 -0.0370158 0.0089468
vn -1.9168304 5.6764545 -1.7419251
v 0.0105533 -0.0374035 0.0085552
vn -1.8716031 5.6917391 -1.7449321
v 0.0101563 -0.0376255 0.0082625
vn -1.3959795 2.4459236 5.3991899
v 0.0190301 -0.0338283 0.0061104
vn -2.4368157 4.3078480 3.5159130
v 0.0192046 -0.0341385 0.0064173
vn -2.9434328 5.2234745 0.8826503
v 0.0192911 -0.0342923 0.0068529
vn -4.2152929 4.3279438 -1.4301667
v 0.0279170 -0.0276667 0.0073210
vn -4.1179981 4.4172330 0.8649082
v 0.0279468 -0.0276963 0.0068529
vn -3.8634672 4.6303458 -1.4025085
v 0.0252424 -0.0301268 0.0073210
vn -3.8498578 4.5948110 0.8852196
v 0.0252694 -0.0301590 0.0068529
vn -3.4259474 5.0091262 -1.3052187
v 0.0223520 -0.0323294 0.0073210
vn -3.4090285 4.9307427 0.8852322
v 0.0223759 -0.0323640 0.0068529
vn -3.0006349 5.2457943 -1.3700237
v 0.0192705 -0.0342556 0.0073210
vn -3.3240471 3.7101502 3.5453906
v 0.0278215 -0.0275721 0.0064173
vn -3.1766388 3.7913256 3.5163641
v 0.0251561 -0.0300238 0.0064173
vn -2.8129003 4.0685153 3.5163624
v 0.0222756 -0.0322189 0.0064173
vn -1.7988207 2.1329086 5.4457407
v 0.0275687 -0.0273215 0.0061104
vn -1.8068589 2.1564908 5.3972139
v 0.0249275 -0.0297510 0.0061104
vn -1.5999689 2.3141584 5.3972082
v 0.0220732 -0.0319261 0.0061104
vn -4.0484157 4.6193471 0.4547305
v 0.0285310 -0.0271445 0.0068213
vn -1.7006705 3.3870730 4.8611937
v 0.0281542 -0.0269527 0.0061248
vn -1.5118834 4.1308351 4.3632383
v 0.0284953 -0.0267455 0.0060787
vn -1.4751955 5.0227342 3.3575342
v 0.0290467 -0.0264281 0.0059167
vn -1.3379412 5.6158810 2.3538322
v 0.0294124 -0.0262358 0.0057380
vn -1.4060383 5.9479742 1.2766178
v 0.0298015 -0.0260607 0.0054545
vn -1.2391555 6.0793343 0.7191383
v 0.0298641 -0.0260375 0.0053950
vn -1.7715222 5.9489732 -0.5968553
v 0.0301830 -0.0259548 0.0051026
vn -3.1534052 4.4584436 2.8829565
v 0.0283872 -0.0271105 0.0064319
vn -2.9841332 4.8870096 2.3920417
v 0.0287200 -0.0268526 0.0063737
vn -2.8854458 5.2823420 1.5971537
v 0.0292608 -0.0264594 0.0061736
vn -2.7275004 5.5428400 0.8759539
v 0.0296210 -0.0262220 0.0059546
vn -2.7362256 5.6129017 0.1919237
v 0.0300050 -0.0260061 0.0056090
vn -2.5796573 5.6866446 -0.2626519
v 0.0300668 -0.0259774 0.0055366
vn -3.4038846 5.0793848 -1.2087457
v 0.0304368 -0.0258233 0.0051960
vn -3.9409022 4.7615118 0.1672024
v 0.0288719 -0.0268443 0.0067285
vn -3.8658657 4.8529735 -0.2366728
v 0.0294236 -0.0263947 0.0064602
vn -3.7895048 4.9053936 -0.5701470
v 0.0297898 -0.0261278 0.0061853
vn -3.7782271 4.8838129 -0.8778360
v 0.0301797 -0.0258897 0.0057644
vn -3.7135935 4.9017944 -1.0604181
v 0.0302424 -0.0258586 0.0056773
vn -4.4812632 4.0397296 -1.6368186
v 0.0306424 -0.0256173 0.0052716
vn -4.4865794 4.0215220 -1.6840582
v 0.0303794 -0.0256887 0.0058081
vn -4.4705667 4.0403271 -1.6781614
v 0.0303136 -0.0257193 0.0059101
vn -4.4078703 4.1316214 -1.6217170
v 0.0299037 -0.0259620 0.0064093
vn -4.3571062 4.1978931 -1.5768657
v 0.0295166 -0.0262413 0.0067441
vn -4.2889061 4.2366581 -1.5922254
v 0.0289283 -0.0267217 0.0070901
vn -4.3037910 4.1812449 -1.6205040
v 0.0285604 -0.0270488 0.0072256
vn -3.3719177 4.9468975 -1.7470284
v 0.0305580 -0.0258625 0.0047886
vn -1.7259727 2.1327772 -5.5151258
v 0.0291307 -0.0272967 0.0039009
vn -3.3317401 3.5107818 -3.7680669
v 0.0293847 -0.0275347 0.0036233
vn -2.0030663 2.8003316 -5.1573400
v 0.0295697 -0.0269498 0.0038996
vn -1.8214831 3.3983576 -4.8548341
v 0.0296878 -0.0268462 0.0039193
vn -1.8193542 4.1973152 -4.2196045
v 0.0300040 -0.0265370 0.0040407
vn -1.8487844 4.8397179 -3.4806552
v 0.0302074 -0.0262904 0.0042286
vn -1.8213615 5.3526535 -2.6553578
v 0.0303106 -0.0261031 0.0044744
vn -1.7913523 5.7196465 -1.7503514
v 0.0303041 -0.0259827 0.0047832
vn -3.3679533 4.7808762 -2.1694236
v 0.0305644 -0.0260162 0.0043949
vn -3.3477077 4.5660419 -2.5963759
v 0.0304612 -0.0262527 0.0040794
vn -3.3517270 4.2826996 -3.0047171
v 0.0302578 -0.0265639 0.0038343
vn -3.3498688 3.9542296 -3.3764000
v 0.0299415 -0.0269561 0.0036687
vn -3.4845676 3.7006130 -3.5151777
v 0.0298234 -0.0270882 0.0036392
vn -4.1896305 4.1639481 -1.9740514
v 0.0295255 -0.0276667 0.0032222
vn -4.3987217 4.0364456 -1.8098744
v 0.0299935 -0.0271347 0.0032925
vn -4.3949118 4.0849090 -1.6808136
v 0.0301189 -0.0269786 0.0033412
vn -4.4317770 4.0759306 -1.6621308
v 0.0304535 -0.0265170 0.0035751
vn -4.4629321 4.0550828 -1.6574962
v 0.0306681 -0.0261505 0.0038927
vn -4.4738374 4.0546737 -1.6421565
v 0.0307768 -0.0258690 0.0042876
vn -4.4703541 4.0443091 -1.6722443
v 0.0307700 -0.0256790 0.0047723
vn -2.3601396 4.1401329 -3.7970116
v 0.0196720 -0.0351373 0.0036233
vn -3.1326203 3.6051092 -3.7721992
v 0.0264130 -0.0303969 0.0036233
vn -3.9274473 4.4184947 -1.7693877
v 0.0265396 -0.0305426 0.0032222
vn -2.7472906 3.9067178 -3.7722120
v 0.0231641 -0.0329400 0.0036233
vn -3.3945563 4.8147802 -1.9220123
v 0.0232751 -0.0330979 0.0032222
vn -2.5825608 5.1688938 -2.1740727
v 0.0182799 -0.0360977 0.0032222
vn -2.9530945 5.1104784 -1.9177262
v 0.0197663 -0.0353057 0.0032222
vn -1.3116567 2.3428204 -5.4824100
v 0.0195020 -0.0348336 0.0039009
vn -1.5444915 2.1963053 -5.4824162
v 0.0229639 -0.0326553 0.0039009
vn -1.7611179 2.0267463 -5.4824119
v 0.0261848 -0.0301342 0.0039009
vn -4.4170218 2.0360682 -3.9050176
v 0.0101944 -0.0387741 0.0030886
vn -1.9781569 5.6644878 -1.6737154
v 0.0159006 -0.0372633 0.0029927
vn -0.2280080 5.4430594 -2.8450840
v 0.0155443 -0.0372524 0.0032369
vn 3.8525248 2.4230344 -4.1508656
v 0.0148841 -0.0367669 0.0034376
vn 3.3218551 2.3309488 -4.6692219
v 0.0146513 -0.0369829 0.0031207
vn 1.9771532 4.3553514 -3.8808031
v 0.0151830 -0.0370760 0.0033950
vn 1.5392530 4.2791409 -4.1924596
v 0.0149307 -0.0372864 0.0030488
vn 2.4350805 2.3268738 -5.2037797
v 0.0141635 -0.0373531 0.0026610
vn -1.9943557 5.6741095 -1.6246853
v 0.0155725 -0.0374971 0.0025857
vn -2.0061071 5.6934080 -1.5356119
v 0.0149027 -0.0378953 0.0020067
vn -0.4635457 5.3931537 -2.9474623
v 0.0152568 -0.0374685 0.0028594
vn -0.7532321 5.3269010 -3.0315456
v 0.0146611 -0.0378391 0.0023156
vn 0.9145905 4.1960316 -4.4645929
v 0.0144011 -0.0376484 0.0025457
vn 0.3427790 4.0486903 -4.6830187
v 0.0140799 -0.0378351 0.0023330
vn 1.6900015 2.2133114 -5.5457859
v 0.0138679 -0.0375437 0.0024669
vn 0.7495172 2.1843781 -5.7666936
v 0.0132541 -0.0378848 0.0022026
vn -1.2837056 5.2133217 -3.0864630
v 0.0135639 -0.0383716 0.0017803
vn -1.9841002 5.7088647 -1.5810471
v 0.0136881 -0.0384626 0.0014508
vn -1.8855406 5.7563343 -1.5407326
v 0.0131784 -0.0386592 0.0013516
vn -2.0073917 5.7146358 -1.4055316
v 0.0145042 -0.0380992 0.0017674
vn -1.0000143 5.2527866 -3.1018260
v 0.0143030 -0.0380299 0.0020877
vn -0.2995934 4.0016165 -4.7393408
v 0.0134126 -0.0381701 0.0020424
vn -0.1461071 2.0739014 -5.8581076
v 0.0128666 -0.0380699 0.0021140
vn -1.5368136 5.1595564 -3.0729051
v 0.0130996 -0.0385572 0.0016793
vn -1.8224167 5.8151908 -1.2413989
v 0.0123202 -0.0389439 0.0013372
vn -1.7957642 5.1361895 -2.9875846
v 0.0123143 -0.0388267 0.0016513
vn -1.8294649 5.8143978 -1.2718226
v 0.0117582 -0.0390996 0.0014308
vn -1.9942987 5.0991416 -2.9258227
v 0.0117986 -0.0389744 0.0017290
vn -1.8128388 5.8069797 -1.4175997
v 0.0114055 -0.0391842 0.0015339
vn -2.1697617 5.0828114 -2.8377519
v 0.0114745 -0.0390548 0.0018192
vn -1.7948869 5.8026352 -1.5001903
v 0.0106495 -0.0393272 0.0018875
vn -2.3534546 5.0787659 -2.7043309
v 0.0107795 -0.0391907 0.0021363
vn -1.7704142 5.8041692 -1.5320692
v 0.0103201 -0.0393697 0.0021102
vn -2.5281837 5.0647788 -2.5722890
v 0.0104768 -0.0392311 0.0023382
vn -1.7016813 5.8205185 -1.5337033
v 0.0097138 -0.0394033 0.0026758
vn -2.7010219 5.0841064 -2.3618939
v 0.0099209 -0.0392632 0.0028545
vn -3.7615376 3.7250352 -3.2916265
v 0.0100863 -0.0390466 0.0029966
vn -3.3191972 3.7295408 -3.7242274
v 0.0105947 -0.0390151 0.0025257
vn -2.8927903 3.7588835 -4.0362940
v 0.0108718 -0.0389753 0.0023422
vn -2.4459994 3.7585282 -4.3171072
v 0.0115081 -0.0388415 0.0020565
vn -2.0136123 3.7998095 -4.4926720
v 0.0118046 -0.0387624 0.0019766
vn -1.5270927 3.8620017 -4.6331406
v 0.0122758 -0.0386171 0.0019102
vn -0.9087086 3.8920472 -4.7589893
v 0.0129911 -0.0383523 0.0019444
vn -3.7932084 2.0149014 -4.5179424
v 0.0106625 -0.0387421 0.0026547
vn -3.1541920 2.0394337 -4.9735494
v 0.0109175 -0.0387018 0.0024854
vn -2.4607358 2.0095501 -5.3575878
v 0.0115029 -0.0385663 0.0022213
vn -1.8142010 2.0519857 -5.5866642
v 0.0117755 -0.0384861 0.0021471
vn -1.0558177 2.1246629 -5.7576151
v 0.0122088 -0.0383388 0.0020848
vn -0.6112205 4.7364492 -3.7714920
v 0.0051539 -0.0399381 0.0036233
vn -0.7601547 5.8372412 -1.9402106
v 0.0051786 -0.0401296 0.0032222
vn -0.1161935 4.7743125 -3.7714784
v 0.0009798 -0.0402574 0.0036233
vn -0.1647353 5.8883109 -1.9124560
v 0.0009845 -0.0404504 0.0032222
vn 0.3800862 4.7605724 -3.7714968
v -0.0032049 -0.0401416 0.0036233
vn 0.4078901 5.8814602 -1.8832994
v -0.0032203 -0.0403340 0.0032222
vn 0.8375791 4.6924014 -3.7935255
v -0.0073550 -0.0395919 0.0036233
vn 1.3438517 5.6048241 -2.2119136
v -0.0093827 -0.0393594 0.0032222
vn 1.0125067 5.8106613 -1.9338202
v -0.0073902 -0.0397817 0.0032222
vn 0.4904708 2.6402128 -5.4818521
v -0.0072914 -0.0392498 0.0039009
vn 0.2137208 2.6768510 -5.4818621
v -0.0031772 -0.0397947 0.0039009
vn -0.0653356 2.6845715 -5.4818654
v 0.0009713 -0.0399095 0.0039009
vn -0.3436870 2.6632903 -5.4818597
v 0.0051093 -0.0395930 0.0039009
vn 3.0338578 4.9611368 -2.2200160
v -0.0117985 -0.0386618 0.0032054
vn 4.7638392 1.9578701 -3.5148983
v -0.0120863 -0.0381818 0.0033834
vn 4.2872090 1.9757279 -4.0794864
v -0.0124922 -0.0381639 0.0029002
vn 3.6893682 1.9639407 -4.6252112
v -0.0127993 -0.0381124 0.0026442
vn 2.8904395 1.9827720 -5.1523046
v -0.0133505 -0.0379691 0.0023306
vn 2.1229384 2.0775304 -5.4784460
v -0.0137747 -0.0378248 0.0021846
vn 1.2724174 2.0261989 -5.7418218
v -0.0144125 -0.0375612 0.0020923
vn -1.6182716 4.3639445 -4.0535512
v -0.0172055 -0.0362043 0.0032762
vn -3.5369501 2.4754164 -4.4323130
v -0.0168966 -0.0358999 0.0033272
vn -0.9496702 4.1850748 -4.4398136
v -0.0167214 -0.0366076 0.0027304
vn -2.6158235 2.4391148 -5.0541363
v -0.0164509 -0.0363132 0.0028289
vn -0.3669477 4.0258174 -4.6787190
v -0.0163770 -0.0368499 0.0024618
vn -1.8081832 2.2754521 -5.4747705
v -0.0161343 -0.0365606 0.0025841
vn 0.2419302 3.9624429 -4.7481222
v -0.0157275 -0.0372444 0.0021244
vn -0.9874371 2.2882152 -5.6786966
v -0.0155376 -0.0369623 0.0022776
vn 0.6115195 3.8431242 -4.8170805
v -0.0156243 -0.0373011 0.0020871
vn -0.4131397 2.1108744 -5.8192549
v -0.0154427 -0.0370201 0.0022438
vn 1.2015213 3.8260977 -4.7385554
v -0.0149229 -0.0376512 0.0019329
vn 0.3845650 2.1647124 -5.8153872
v -0.0147987 -0.0373756 0.0021050
vn 1.7618467 3.7326977 -4.6449051
v -0.0145025 -0.0378342 0.0019174
vn 2.3403158 3.7100194 -4.4136286
v -0.0138082 -0.0380943 0.0020156
vn 2.8721075 3.6564150 -4.1425948
v -0.0133464 -0.0382369 0.0021731
vn 3.3458405 3.6456518 -3.7867963
v -0.0127468 -0.0383786 0.0025127
vn 3.7590816 3.6251800 -3.4027309
v -0.0124130 -0.0384294 0.0027904
vn 4.0775404 3.6112823 -3.0240071
v -0.0119719 -0.0384472 0.0033151
vn 0.6046711 5.3610239 -2.9554043
v -0.0175669 -0.0363748 0.0030998
vn 2.3286381 5.5276442 -1.6782761
v -0.0179116 -0.0363789 0.0028318
vn 0.9069803 5.2644215 -3.0741758
v -0.0170176 -0.0367884 0.0025086
vn 2.2921638 5.5617065 -1.6581057
v -0.0172892 -0.0368249 0.0022012
vn 1.1711993 5.1760573 -3.1513987
v -0.0166315 -0.0370362 0.0022206
vn 2.2748079 5.5850196 -1.6097196
v -0.0168576 -0.0370902 0.0018988
vn 1.4329855 5.1262989 -3.1426094
v -0.0159098 -0.0374388 0.0018635
vn 2.2693877 5.6097569 -1.5222017
v -0.0160589 -0.0375186 0.0015312
vn 1.5980340 5.0681229 -3.1634331
v -0.0157956 -0.0374966 0.0018246
vn 2.2598503 5.6285992 -1.4238371
v -0.0159333 -0.0375799 0.0014920
vn 1.8496714 5.0498066 -3.0815454
v -0.0150231 -0.0378531 0.0016680
vn 2.2718091 5.6399288 -1.3673857
v -0.0150870 -0.0379569 0.0013422
vn 2.0839262 5.0040188 -3.0183263
v -0.0145619 -0.0380392 0.0016574
vn 2.2063985 5.6499491 -1.5255550
v -0.0145841 -0.0381531 0.0013416
vn 2.3188145 4.9886789 -2.8872607
v -0.0138026 -0.0383036 0.0017736
vn 2.0749381 5.7070875 -1.4862481
v -0.0137586 -0.0384311 0.0014835
vn 2.5338528 4.9640508 -2.7558222
v -0.0132986 -0.0384484 0.0019505
vn 2.0547063 5.7453308 -1.2512919
v -0.0132117 -0.0385831 0.0016843
vn 2.7233887 4.9570656 -2.5914536
v -0.0126447 -0.0385922 0.0023261
vn 2.0360041 5.7371778 -1.4038597
v -0.0125023 -0.0387338 0.0021013
vn 2.8900151 4.9490976 -2.4250641
v -0.0122805 -0.0386438 0.0026311
vn 2.0159204 5.7323017 -1.4765077
v -0.0121068 -0.0387879 0.0024365
vn 2.0080163 5.7259059 -1.5206978
v -0.0115814 -0.0388068 0.0030640
vn 3.2499204 4.9071245 -1.9160120
v -0.0222864 -0.0337715 0.0032222
vn 3.7246525 4.5444651 -1.9818798
v -0.0260852 -0.0309316 0.0032222
vn 3.0772471 3.6489730 -3.7651169
v -0.0259607 -0.0307840 0.0036233
vn 2.6294622 3.9838037 -3.7654383
v -0.0221801 -0.0336104 0.0036233
vn 1.7333204 2.0553558 -5.4769287
v -0.0257364 -0.0305180 0.0039009
vn 1.4808979 2.2440619 -5.4769297
v -0.0219885 -0.0333200 0.0039009
vn -1.7980648 1.9841484 5.5178094
v 0.0291307 -0.0272967 -0.0159009
vn -3.3587670 3.4420485 3.7855315
v 0.0293847 -0.0275347 -0.0156233
vn -3.4260907 3.8054686 3.4529252
v 0.0298472 -0.0270621 -0.0156441
vn -2.6690931 5.6043444 0.8132217
v 0.0303146 -0.0258992 -0.0171510
vn -1.3957373 6.1001444 0.2605012
v 0.0301147 -0.0259745 -0.0170775
vn -1.7714443 5.8777876 1.1658883
v 0.0302439 -0.0259551 -0.0169759
vn -4.5104079 4.0157242 1.6431838
v 0.0306424 -0.0256173 -0.0172716
vn -3.8191738 4.7765903 1.2705426
v 0.0304935 -0.0257781 -0.0172168
vn -3.3707399 5.0396194 1.4584042
v 0.0304977 -0.0258255 -0.0170343
vn -1.8312418 2.9246707 5.1232023
v 0.0295935 -0.0269294 -0.0159028
vn -1.7066997 3.4781723 4.8455305
v 0.0297556 -0.0267843 -0.0159357
vn -1.7887063 4.1171761 4.3045311
v 0.0300593 -0.0264757 -0.0160781
vn -1.6765344 4.5481901 3.9081686
v 0.0300929 -0.0264369 -0.0161046
vn -1.7586639 5.0869498 3.1621423
v 0.0302715 -0.0261893 -0.0163440
vn -1.7550570 5.4678969 2.4441333
v 0.0303228 -0.0260392 -0.0166057
vn -1.7921140 5.6734056 1.8867395
v 0.0303208 -0.0260167 -0.0166651
vn -3.3948438 4.0540209 3.2330971
v 0.0300093 -0.0268774 -0.0156921
vn -3.4136639 4.2733965 2.9485698
v 0.0303131 -0.0264866 -0.0158836
vn -3.3410487 4.4594154 2.7624550
v 0.0303467 -0.0264375 -0.0159183
vn -3.3974223 4.6561031 2.3809261
v 0.0305253 -0.0261252 -0.0162280
vn -3.3461726 4.8345780 2.0689185
v 0.0305767 -0.0259351 -0.0165625
vn -3.3391607 4.9393210 1.8157821
v 0.0305746 -0.0259064 -0.0166382
vn -4.4508910 4.0726261 1.6541375
v 0.0307066 -0.0256269 -0.0170734
vn -4.4505148 4.0772090 1.6553719
v 0.0307875 -0.0257348 -0.0165876
vn -4.4591160 4.0707731 1.6407741
v 0.0307897 -0.0257703 -0.0164945
vn -4.4745989 4.0442686 1.6515989
v 0.0307356 -0.0259994 -0.0160799
vn -4.4264550 4.0723567 1.6978145
v 0.0305474 -0.0263684 -0.0156859
vn -4.4153500 4.0808516 1.6924481
v 0.0305119 -0.0264261 -0.0156404
vn -4.3943272 4.0629983 1.7627680
v 0.0301907 -0.0268858 -0.0153768
vn -4.3397017 4.0767355 1.8819362
v 0.0300187 -0.0271038 -0.0153010
vn -4.1956673 4.1491585 1.9863302
v 0.0295255 -0.0276667 -0.0152222
vn -3.6942420 4.9123330 1.0845550
v 0.0302681 -0.0258467 -0.0176393
vn -1.8900080 1.9315008 -5.4613619
v 0.0275687 -0.0273215 -0.0181104
vn -3.4149363 3.5345933 -3.5926247
v 0.0278215 -0.0275721 -0.0184173
vn -1.9458822 2.2059216 -5.3780165
v 0.0275722 -0.0273193 -0.0181109
vn -1.8128499 2.9421501 -5.1100960
v 0.0278248 -0.0271584 -0.0181318
vn -1.7860862 4.0468073 -4.3404579
v 0.0284227 -0.0267890 -0.0180918
vn -1.5592473 4.6815300 -3.7646444
v 0.0287149 -0.0266161 -0.0180278
vn -1.5174396 5.3811073 -2.7226102
v 0.0292537 -0.0263169 -0.0178238
vn -1.4148699 5.9769120 -1.1008496
v 0.0297956 -0.0260630 -0.0174599
vn -1.4042779 5.6577678 -2.1905661
v 0.0294122 -0.0262359 -0.0177381
vn -1.3006853 6.1012497 -0.4344574
v 0.0298898 -0.0260285 -0.0173690
vn -2.5609572 5.6882677 0.3372657
v 0.0300922 -0.0259664 -0.0175049
vn -2.6779208 5.6300602 -0.1525603
v 0.0299991 -0.0260090 -0.0176155
vn -2.6694887 5.5522285 -0.8683388
v 0.0296208 -0.0262221 -0.0179548
vn -2.8083460 5.3852682 -1.3005859
v 0.0294645 -0.0263220 -0.0180597
vn -2.8751035 5.0655470 -2.0937998
v 0.0289350 -0.0266920 -0.0183105
vn -3.0840001 4.6824460 -2.5799346
v 0.0286490 -0.0269067 -0.0183901
vn -3.2831850 4.0334334 -3.2687685
v 0.0280679 -0.0273675 -0.0184422
vn -3.4902792 3.5762300 -3.5201862
v 0.0278249 -0.0275692 -0.0184179
vn -4.1737447 4.3309517 -0.9217806
v 0.0279468 -0.0276963 -0.0188529
vn -3.7417831 4.9132910 0.8527112
v 0.0301737 -0.0258927 -0.0177722
vn -3.7397158 4.9414511 0.5225058
v 0.0297896 -0.0261280 -0.0181855
vn -3.8155274 4.8902640 0.3076564
v 0.0296308 -0.0262398 -0.0183159
vn -3.8639758 4.8315325 -0.0822317
v 0.0290915 -0.0266595 -0.0186400
vn -3.9886138 4.6967831 -0.3388793
v 0.0287993 -0.0269069 -0.0187527
vn -4.1296968 4.4873247 -0.7174684
v 0.0282022 -0.0274490 -0.0188599
vn -4.2581401 4.3001556 -0.8766739
v 0.0279503 -0.0276928 -0.0188532
vn -4.2161131 4.3464589 1.3852062
v 0.0279170 -0.0276667 -0.0193210
vn -4.2956939 4.2638893 1.4443073
v 0.0279209 -0.0276627 -0.0193210
vn -4.2895761 4.2417684 1.5311158
v 0.0282008 -0.0273866 -0.0193018
vn -4.3068085 4.2315359 1.5734934
v 0.0288503 -0.0267895 -0.0191238
vn -4.3382249 4.2182140 1.5614836
v 0.0291634 -0.0265230 -0.0189722
vn -4.3836651 4.1665816 1.6038268
v 0.0297359 -0.0260786 -0.0185670
vn -4.4446821 4.0805550 1.6383106
v 0.0299035 -0.0259622 -0.0184095
vn -4.4767790 4.0109196 1.7231892
v 0.0303074 -0.0257223 -0.0179194
vn -4.4935637 4.0127711 1.6911358
v 0.0304064 -0.0256772 -0.0177636
vn -2.8128998 4.0685158 -3.5163629
v 0.0222756 -0.0322189 -0.0184173
vn -2.4368172 4.3078485 -3.5159140
v 0.0192046 -0.0341385 -0.0184173
vn -1.3959830 2.4459281 -5.3991880
v 0.0190301 -0.0338283 -0.0181104
vn -2.9981110 5.2428679 1.3785626
v 0.0192705 -0.0342556 -0.0193210
vn -2.9434323 5.2234745 -0.8826503
v 0.0192911 -0.0342923 -0.0188529
vn -3.4123428 5.0121508 1.3178276
v 0.0223520 -0.0323294 -0.0193210
vn -3.4090300 4.9307423 -0.8852319
v 0.0223759 -0.0323640 -0.0188529
vn -3.8634663 4.6303463 1.4025090
v 0.0252424 -0.0301268 -0.0193210
vn -3.8498564 4.5948124 -0.8852194
v 0.0252694 -0.0301590 -0.0188529
vn -3.1766386 3.7913246 -3.5163634
v 0.0251561 -0.0300238 -0.0184173
vn -1.8068635 2.1564944 -5.3972130
v 0.0249275 -0.0297510 -0.0181104
vn -1.5999711 2.3141634 -5.3972058
v 0.0220732 -0.0319261 -0.0181104
vn -2.9527678 5.4078979 0.0659707
v 0.0107054 -0.0374191 -0.0201511
vn -3.0974460 5.3309298 0.3883282
v 0.0100796 -0.0377894 -0.0196441
vn -4.3309565 4.1907740 -1.4552425
v 0.0102715 -0.0375998 -0.0193498
vn -0.0969112 6.1031909 0.0778175
v 0.0152070 -0.0359981 -0.0195803
vn -1.9349500 5.6480398 1.7102721
v 0.0155705 -0.0358623 -0.0199178
vn 3.1412446 3.1125700 -4.2579165
v 0.0143279 -0.0355260 -0.0192283
vn 3.9370387 3.1465418 -3.5014093
v 0.0145676 -0.0355102 -0.0189961
vn -1.9538844 5.6169810 1.7590282
v 0.0152245 -0.0358806 -0.0202494
vn -0.4291624 6.0877266 -0.2192756
v 0.0149109 -0.0360138 -0.0198656
vn -1.9990789 5.5158281 1.9128008
v 0.0145440 -0.0359756 -0.0207132
vn -0.8287274 6.0393510 -0.4391385
v 0.0143279 -0.0360957 -0.0202701
vn -2.0404882 5.6365733 1.6497078
v 0.0140510 -0.0360796 -0.0209360
vn -1.2468144 5.9591060 -0.5801970
v 0.0139028 -0.0361861 -0.0204694
vn -1.9416119 5.6538334 1.7125263
v 0.0132413 -0.0362993 -0.0211420
vn -1.6524568 5.8635082 -0.6063989
v 0.0131969 -0.0363793 -0.0206628
vn -1.8936790 5.4703503 2.0778005
v 0.0127711 -0.0364512 -0.0211809
vn -2.0157957 5.7578201 -0.5768669
v 0.0127820 -0.0365145 -0.0207064
vn -1.9298298 5.5645924 1.9170688
v 0.0119180 -0.0367695 -0.0211068
vn -2.3013818 5.6651888 -0.4687289
v 0.0120196 -0.0368010 -0.0206590
vn 2.2082813 5.3643837 -1.9772096
v 0.0148403 -0.0358694 -0.0192433
vn 1.5508993 5.3418441 -2.5827446
v 0.0145832 -0.0358842 -0.0194925
vn 0.7649153 5.2791157 -3.0383911
v 0.0140773 -0.0359618 -0.0198499
vn -0.0911699 5.1518760 -3.3453476
v 0.0137069 -0.0360476 -0.0200296
vn -0.9262899 5.0240793 -3.4213297
v 0.0130871 -0.0362322 -0.0202108
vn -1.7121105 4.8453412 -3.3855884
v 0.0127198 -0.0363619 -0.0202568
vn -2.3310692 4.7319217 -3.1694191
v 0.0120388 -0.0366381 -0.0202289
vn -2.8661427 4.5543213 -2.9926598
v 0.0119109 -0.0366950 -0.0202071
vn 2.1826668 3.0524330 -4.8595462
v 0.0138565 -0.0356083 -0.0195606
vn 1.1314604 2.9524817 -5.2700262
v 0.0135123 -0.0356990 -0.0197269
vn 0.0515378 2.8833940 -5.4316931
v 0.0129381 -0.0358928 -0.0198936
vn -0.9571881 2.7256603 -5.4344578
v 0.0125988 -0.0360283 -0.0199352
vn -1.8601935 2.7015684 -5.2078958
v 0.0119715 -0.0363153 -0.0199077
vn -2.5395684 2.5244341 -5.0098429
v 0.0118539 -0.0363742 -0.0198873
vn -3.3816490 2.5154684 -4.5211663
v 0.0112312 -0.0367154 -0.0196924
vn -1.9381807 5.6305256 1.7902248
v 0.0117603 -0.0368344 -0.0210722
vn -1.9368362 5.6607714 1.7490401
v 0.0109370 -0.0372074 -0.0207730
vn -2.5320568 5.5764465 -0.3832299
v 0.0118773 -0.0368599 -0.0206316
vn -2.7442882 5.5062823 -0.1492473
v 0.0111277 -0.0372010 -0.0203819
vn -3.3809185 4.4820824 -2.5770185
v 0.0112324 -0.0370259 -0.0199974
vn -3.9029536 4.3030419 -2.1193554
v 0.0108470 -0.0372382 -0.0197972
vn -4.1005287 2.3905590 -3.9727874
v 0.0108781 -0.0369335 -0.0195073
vn -4.8359427 2.2836781 -3.1374457
v 0.0103516 -0.0373034 -0.0190946
vn -1.8147025 5.7009039 1.7626429
v 0.0098066 -0.0378421 -0.0199305
vn -1.9107773 5.6817031 1.7300122
v 0.0104785 -0.0374437 -0.0205058
vn -0.3716853 2.7928457 -5.3911119
v 0.0051298 -0.0384732 -0.0181104
vn 0.9316280 4.8541346 -3.5093119
v -0.0073847 -0.0384672 -0.0184173
vn -0.7908689 5.9333048 -0.8828072
v 0.0052002 -0.0390008 -0.0188529
vn -0.7922758 5.9730978 1.3960301
v 0.0051946 -0.0389592 -0.0193210
vn -0.1505102 5.9840078 -0.8829776
v 0.0009893 -0.0393336 -0.0188529
vn -0.1574080 6.0132961 1.4189993
v 0.0009883 -0.0392915 -0.0193210
vn 0.4918445 5.9656572 -0.8829675
v -0.0032329 -0.0392130 -0.0188529
vn 0.4472914 5.9928660 1.4339226
v -0.0032295 -0.0391711 -0.0193210
vn 1.0924898 5.8894806 -0.9099497
v -0.0074180 -0.0386404 -0.0188529
vn 1.4524409 5.8858175 1.0525278
v -0.0093836 -0.0381674 -0.0193210
vn 1.0666581 5.9421034 1.3996167
v -0.0074100 -0.0385991 -0.0193210
vn 0.4061339 4.9260650 -3.5091586
v -0.0032185 -0.0390371 -0.0184173
vn -0.1242816 4.9412155 -3.5091562
v 0.0009849 -0.0391572 -0.0184173
vn -0.6530266 4.8993998 -3.5093150
v 0.0051769 -0.0388260 -0.0184173
vn 0.5305001 2.7670777 -5.3911133
v -0.0073176 -0.0381176 -0.0181104
vn 0.2314659 2.8074861 -5.3912172
v -0.0031892 -0.0386824 -0.0181104
vn -0.0708316 2.8161192 -5.3912201
v 0.0009759 -0.0388014 -0.0181104
vn -4.1493793 2.6488910 -3.7428567
v -0.0166004 -0.0344514 -0.0189776
vn -2.8878412 4.7292042 -2.7398901
v -0.0167999 -0.0347852 -0.0191403
vn 3.1110213 5.3241348 0.7956274
v -0.0120188 -0.0372979 -0.0195220
vn 5.0932517 1.8853644 -3.0697062
v -0.0123358 -0.0367329 -0.0189091
vn 4.4545622 1.8979436 -3.9191289
v -0.0128265 -0.0363204 -0.0193507
vn 3.7333241 2.0645967 -4.5339284
v -0.0131496 -0.0360795 -0.0195499
vn 2.8204794 2.0829513 -5.1357627
v -0.0137599 -0.0356700 -0.0197888
vn 1.8655349 2.1851077 -5.5031281
v -0.0141643 -0.0354258 -0.0198658
vn 0.6418588 2.2715118 -5.7334747
v -0.0147935 -0.0350851 -0.0198704
vn -0.1632755 2.3901603 -5.7099743
v -0.0151588 -0.0349100 -0.0198091
vn -0.9631637 2.5177348 -5.5812597
v -0.0153853 -0.0348107 -0.0197461
vn -1.9236557 2.5105534 -5.3224306
v -0.0159191 -0.0346099 -0.0195120
vn 0.8667480 6.0796709 0.4583834
v -0.0173822 -0.0350118 -0.0196778
vn 2.2961812 5.5415463 1.7329817
v -0.0176614 -0.0348644 -0.0199571
vn 1.0491664 6.0620775 0.2740650
v -0.0173210 -0.0350177 -0.0197407
vn 2.3025513 5.5388379 1.7323115
v -0.0175916 -0.0348711 -0.0200283
vn 1.3044719 6.0234246 0.1240808
v -0.0167673 -0.0351088 -0.0201941
vn 2.3275404 5.5021095 1.7930362
v -0.0169609 -0.0349750 -0.0205372
vn 1.5754539 5.9610777 -0.0121258
v -0.0165061 -0.0351701 -0.0203517
vn 2.3529413 5.4108267 1.9496732
v -0.0166649 -0.0350444 -0.0207111
vn 1.8648920 5.8815622 -0.0629452
v -0.0158228 -0.0353707 -0.0206378
vn 2.3494079 5.4430823 1.9017825
v -0.0158975 -0.0352695 -0.0210193
vn 2.0824993 5.8061380 -0.0979509
v -0.0155343 -0.0354700 -0.0207121
vn 2.3267126 5.4574599 1.8975661
v -0.0155766 -0.0353799 -0.0210958
vn 2.3189180 5.7275190 -0.0464548
v -0.0150712 -0.0356452 -0.0207801
vn 2.3017190 5.4695797 1.9074669
v -0.0150654 -0.0355730 -0.0211606
vn 2.5735006 5.6266069 0.0708733
v -0.0142792 -0.0359865 -0.0207575
vn 2.2945702 5.5253696 1.8118155
v -0.0142015 -0.0359450 -0.0211170
vn 2.7814269 5.5300884 0.1964480
v -0.0137740 -0.0362312 -0.0206503
vn 2.1386786 5.5384102 1.9160787
v -0.0136568 -0.0362092 -0.0209879
vn 2.9330773 5.4505982 0.3912368
v -0.0130173 -0.0366420 -0.0203365
vn 2.1126821 5.5218329 1.9847357
v -0.0128491 -0.0366486 -0.0206299
vn 3.0499508 5.3778048 0.5559440
v -0.0126193 -0.0368838 -0.0200808
vn 2.0879223 5.5705967 1.9058796
v -0.0124282 -0.0369055 -0.0203448
vn 2.0348179 5.6101332 1.8650311
v -0.0117983 -0.0373432 -0.0197307
vn -1.1046335 5.9430275 -1.2522862
v -0.0170769 -0.0349838 -0.0193884
vn -0.7134993 5.9073830 -1.6409159
v -0.0170232 -0.0349892 -0.0194441
vn -0.1849573 5.8519058 -1.9766991
v -0.0165364 -0.0350735 -0.0198498
vn 0.4002150 5.7342572 -2.2697480
v -0.0163059 -0.0351306 -0.0199930
vn 1.0374070 5.6051307 -2.3954475
v -0.0156983 -0.0353185 -0.0202595
vn 1.5244732 5.4595284 -2.4567261
v -0.0154397 -0.0354121 -0.0203315
vn 2.0621183 5.3231559 -2.3982713
v -0.0150217 -0.0355780 -0.0204019
vn 2.6781874 5.1510892 -2.1729965
v -0.0142993 -0.0359036 -0.0203974
vn 3.1970019 4.9619346 -1.9100598
v -0.0138340 -0.0361386 -0.0203097
vn 3.6207485 4.8214350 -1.4913007
v -0.0131308 -0.0365351 -0.0200363
vn 3.9512072 4.6670995 -1.1171514
v -0.0127581 -0.0367694 -0.0198081
vn 4.1890612 4.5685034 -0.5956409
v -0.0121918 -0.0371721 -0.0193019
vn -2.3573687 4.6837959 -3.2706275
v -0.0167511 -0.0347907 -0.0191913
vn -1.6525867 4.6405702 -3.7434425
v -0.0163083 -0.0348754 -0.0195638
vn -0.8536354 4.5083528 -4.1506405
v -0.0160985 -0.0349326 -0.0196963
vn 0.0329411 4.4020357 -4.3515053
v -0.0155442 -0.0351212 -0.0199454
vn 0.7208528 4.2422295 -4.4399815
v -0.0153076 -0.0352151 -0.0200139
vn 1.4876626 4.1007233 -4.4036036
v -0.0149242 -0.0353815 -0.0200827
vn 2.4104075 3.9515674 -4.1328459
v -0.0142592 -0.0357078 -0.0200859
vn 3.1990650 3.7420623 -3.7852850
v -0.0138291 -0.0359432 -0.0200097
vn 3.8935914 3.6264980 -3.2153111
v -0.0131766 -0.0363402 -0.0197637
vn 4.4315553 3.4463172 -2.6821764
v -0.0128297 -0.0365747 -0.0195557
vn 4.8769073 3.3679538 -1.9289235
v -0.0123009 -0.0369777 -0.0190909
vn -3.5637474 2.6254344 -4.3184834
v -0.0165528 -0.0344573 -0.0190269
vn -2.8365316 2.6189394 -4.8392692
v -0.0161224 -0.0345485 -0.0193857
vn 4.0564532 4.5006166 1.0989172
v -0.0262363 -0.0292653 -0.0193210
vn 4.2475371 4.2989221 1.4404812
v -0.0279170 -0.0276667 -0.0193210
vn 4.1279211 4.4073453 -0.8856180
v -0.0279468 -0.0276963 -0.0188529
vn 3.1678042 4.9958267 1.6346802
v -0.0216512 -0.0328028 -0.0193210
vn 3.3049920 4.9959464 -0.8797160
v -0.0216744 -0.0328379 -0.0188529
vn 3.7724514 4.7073674 1.4167291
v -0.0249168 -0.0303966 -0.0193210
vn 3.7692981 4.6585107 -0.9120386
v -0.0249434 -0.0304291 -0.0188529
vn 2.7376108 4.1204071 -3.5117736
v -0.0215772 -0.0326907 -0.0184173
vn 1.5681200 2.3418617 -5.3953924
v -0.0213811 -0.0323936 -0.0181104
vn 3.1341033 3.8233733 -3.5111737
v -0.0248316 -0.0302927 -0.0184173
vn 1.7852150 2.1778307 -5.3928924
v -0.0246060 -0.0300175 -0.0181104
vn 3.3138254 3.7187088 -3.5427985
v -0.0278215 -0.0275721 -0.0184173
vn 1.7943642 2.1392682 -5.4435811
v -0.0275687 -0.0273215 -0.0181104
vn 4.0484152 4.6193476 -0.4547318
v -0.0285310 -0.0271445 -0.0188213
vn 1.7006662 3.3870752 -4.8611956
v -0.0281542 -0.0269527 -0.0181248
vn 1.5118815 4.1308336 -4.3632393
v -0.0284953 -0.0267455 -0.0180787
vn 1.4751955 5.0227375 -3.3575315
v -0.0290467 -0.0264281 -0.0179167
vn 1.3379400 5.6158800 -2.3538332
v -0.0294124 -0.0262358 -0.0177380
vn 1.4060385 5.9479723 -1.2766243
v -0.0298015 -0.0260607 -0.0174545
vn 1.2391591 6.0793338 -0.7191380
v -0.0298641 -0.0260375 -0.0173950
vn 1.7715219 5.9489732 0.5968564
v -0.0301830 -0.0259548 -0.0171026
vn 3.1534023 4.4584436 -2.8829584
v -0.0283872 -0.0271105 -0.0184319
vn 2.9841332 4.8870087 -2.3920424
v -0.0287200 -0.0268526 -0.0183737
vn 2.8854442 5.2823420 -1.5971558
v -0.0292608 -0.0264594 -0.0181736
vn 2.7275031 5.5428391 -0.8759524
v -0.0296210 -0.0262220 -0.0179546
vn 2.7362280 5.6129007 -0.1919226
v -0.0300050 -0.0260061 -0.0176090
vn 2.5796554 5.6866455 0.2626511
v -0.0300668 -0.0259774 -0.0175366
vn 3.4038842 5.0793853 1.2087452
v -0.0304368 -0.0258233 -0.0171960
vn 3.9409020 4.7615123 -0.1672035
v -0.0288719 -0.0268443 -0.0187285
vn 3.8658657 4.8529735 0.2366713
v -0.0294236 -0.0263947 -0.0184602
vn 3.7895055 4.9053926 0.5701492
v -0.0297898 -0.0261278 -0.0181853
vn 3.7782259 4.8838139 0.8778373
v -0.0301797 -0.0258897 -0.0177644
vn 3.7135930 4.9017935 1.0604224
v -0.0302424 -0.0258586 -0.0176773
vn 4.4812632 4.0397296 1.6368204
v -0.0306424 -0.0256173 -0.0172716
vn 4.4865799 4.0215211 1.6840596
v -0.0303794 -0.0256887 -0.0178081
vn 4.4705672 4.0403271 1.6781614
v -0.0303136 -0.0257193 -0.0179101
vn 4.4078712 4.1316204 1.6217177
v -0.0299037 -0.0259620 -0.0184093
vn 4.3571067 4.1978922 1.5768645
v -0.0295166 -0.0262413 -0.0187441
vn 4.2889061 4.2366586 1.5922250
v -0.0289283 -0.0267217 -0.0190901
vn 4.3037906 4.1812449 1.6205039
v -0.0285604 -0.0270488 -0.0192256
vn 3.3719175 4.9468975 1.7470293
v -0.0305580 -0.0258625 -0.0167886
vn 1.7204237 2.1413677 5.5123863
v -0.0291307 -0.0272967 -0.0159009
vn 3.3187084 3.5227249 3.7645228
v -0.0293847 -0.0275347 -0.0156233
vn 2.0030742 2.8003237 5.1573400
v -0.0295697 -0.0269498 -0.0158996
vn 1.8214945 3.3983514 4.8548384
v -0.0296878 -0.0268462 -0.0159193
vn 1.8193549 4.1973205 4.2195988
v -0.0300040 -0.0265370 -0.0160407
vn 1.8487844 4.8397179 3.4806552
v -0.0302074 -0.0262904 -0.0162286
vn 1.8213618 5.3526525 2.6553593
v -0.0303106 -0.0261031 -0.0164744
vn 1.7913535 5.7196450 1.7503519
v -0.0303041 -0.0259827 -0.0167832
vn 3.3679564 4.7808728 2.1694241
v -0.0305644 -0.0260162 -0.0163949
vn 3.3477094 4.5660415 2.5963740
v -0.0304612 -0.0262527 -0.0160794
vn 3.3517270 4.2827024 3.0047154
v -0.0302578 -0.0265639 -0.0158343
vn 3.3498640 3.9542291 3.3764024
v -0.0299415 -0.0269561 -0.0156687
vn 3.4845672 3.7006223 3.5151744
v -0.0298234 -0.0270882 -0.0156392
vn 4.1752386 4.1754036 1.9746089
v -0.0295255 -0.0276667 -0.0152222
vn 4.3987203 4.0364461 1.8098760
v -0.0299935 -0.0271347 -0.0152925
vn 4.3949113 4.0849085 1.6808138
v -0.0301189 -0.0269786 -0.0153412
vn 4.4317756 4.0759306 1.6621329
v -0.0304535 -0.0265170 -0.0155751
vn 4.4629345 4.0550804 1.6574953
v -0.0306681 -0.0261505 -0.0158927
vn 4.4738383 4.0546727 1.6421548
v -0.0307768 -0.0258690 -0.0162876
vn 4.4703522 4.0443110 1.6722442
v -0.0307700 -0.0256790 -0.0167723
vn 2.6212537 3.9867706 3.7706707
v -0.0221801 -0.0336104 -0.0156233
vn 3.0985670 3.6105871 3.8008523
v -0.0259607 -0.0307840 -0.0156233
vn 3.2340784 4.9203215 1.9166783
v -0.0222864 -0.0337715 -0.0152222
vn 3.5821004 4.6280112 2.0193083
v -0.0256982 -0.0312539 -0.0152222
vn 3.8582432 4.4335213 2.0637035
v -0.0260852 -0.0309316 -0.0152222
vn 1.4808953 2.2440565 5.4769316
v -0.0219885 -0.0333200 -0.0159009
vn 1.7333167 2.0553515 5.4769297
v -0.0257364 -0.0305180 -0.0159009
vn 4.5093722 1.9530388 3.8393168
v -0.0123890 -0.0381750 -0.0150041
vn -1.6008360 4.3735805 4.0565047
v -0.0172386 -0.0361727 -0.0153242
vn 2.3217778 5.5259686 1.6842829
v -0.0179551 -0.0363437 -0.0148883
vn 0.6051124 5.3543038 2.9590249
v -0.0176048 -0.0363423 -0.0151523
vn -3.6982410 2.3767395 4.3426881
v -0.0169270 -0.0358675 -0.0153711
vn -2.8071265 2.3485975 4.9877954
v -0.0164927 -0.0362782 -0.0148667
vn -1.0177464 4.2297258 4.3988199
v -0.0167668 -0.0365734 -0.0147719
vn -1.9922435 2.1817987 5.4443045
v -0.0162041 -0.0365085 -0.0146323
vn 2.2884512 5.5574498 1.6706444
v -0.0173466 -0.0367873 -0.0142484
vn 2.2696342 5.5803256 1.6291791
v -0.0169521 -0.0370344 -0.0139578
vn 0.9037305 5.2879786 3.0382798
v -0.0170687 -0.0367534 -0.0145533
vn 1.1544141 5.1985531 3.1224604
v -0.0167164 -0.0369840 -0.0142771
vn -0.4438166 4.0558324 4.6592436
v -0.0164530 -0.0367988 -0.0145147
vn 0.1962007 3.9945700 4.7419300
v -0.0158118 -0.0371969 -0.0141579
vn -1.1198359 2.2440941 5.6796021
v -0.0156150 -0.0369141 -0.0143080
vn -0.2999547 2.0536366 5.8528867
v -0.0153034 -0.0371022 -0.0142007
vn 1.6708856 5.0808706 3.1191206
v -0.0156281 -0.0375790 -0.0137752
vn 2.2518706 5.6389809 1.3619653
v -0.0157493 -0.0376671 -0.0134429
vn 2.2734709 5.6373215 1.3864064
v -0.0148919 -0.0380354 -0.0133343
vn 2.2692645 5.6069517 1.5255949
v -0.0161617 -0.0374672 -0.0135667
vn 1.4378675 5.1467752 3.1150432
v -0.0160031 -0.0373904 -0.0138986
vn 0.7593545 3.8553789 4.8063226
v -0.0154726 -0.0373819 -0.0140395
vn 0.6554769 2.0884085 5.8244090
v -0.0146491 -0.0374498 -0.0140940
vn 1.9263562 5.0546541 3.0352886
v -0.0148444 -0.0379275 -0.0136567
vn 2.1930535 5.6513519 1.5484875
v -0.0143904 -0.0382232 -0.0133587
vn 2.1544576 5.0094328 2.9672053
v -0.0143840 -0.0381059 -0.0136695
vn 2.1367159 5.6799188 1.5288395
v -0.0135678 -0.0384872 -0.0135432
vn 2.3713508 4.9950471 2.8382411
v -0.0136268 -0.0383570 -0.0138256
vn 2.0490673 5.7258854 1.4262586
v -0.0131076 -0.0386087 -0.0137334
vn 2.5367043 4.9629240 2.7500157
v -0.0132027 -0.0384728 -0.0139943
vn 2.0432832 5.7350426 1.3890463
v -0.0127937 -0.0386791 -0.0139055
vn 2.6800931 4.9550114 2.6356618
v -0.0129133 -0.0385400 -0.0141489
vn 2.0289807 5.7304287 1.4613954
v -0.0121415 -0.0387843 -0.0144032
vn 2.8247130 4.9501753 2.4941325
v -0.0123125 -0.0386403 -0.0146008
vn 2.0113471 5.7286081 1.5015323
v -0.0119736 -0.0387996 -0.0145718
vn 2.9577794 4.9503870 2.3397670
v -0.0121581 -0.0386549 -0.0147547
vn 3.9271960 3.6000144 3.2342026
v -0.0123008 -0.0384404 -0.0149032
vn 3.5913520 3.6321363 3.5685036
v -0.0124423 -0.0384260 -0.0147628
vn 3.2401574 3.6328661 3.8886578
v -0.0129931 -0.0383271 -0.0143520
vn 2.8776951 3.6587145 4.1327982
v -0.0132585 -0.0382610 -0.0142125
vn 2.4693937 3.7138648 4.3473644
v -0.0136472 -0.0381470 -0.0140615
vn 1.9318846 3.7301040 4.5903206
v -0.0143400 -0.0378998 -0.0139264
vn 1.3644458 3.8271871 4.7069311
v -0.0147601 -0.0377244 -0.0139203
vn 4.0428839 1.9675833 4.3203707
v -0.0125192 -0.0381604 -0.0148747
vn 3.4946365 1.9418718 4.7839704
v -0.0130257 -0.0380604 -0.0144960
vn 2.9415281 1.9678307 5.1243243
v -0.0132696 -0.0379935 -0.0143671
vn 2.3147795 2.0072055 5.4259462
v -0.0136268 -0.0378781 -0.0142273
vn 1.4563600 2.0134795 5.7103152
v -0.0142633 -0.0376277 -0.0141011
vn -0.7686906 5.8336091 1.9596810
v 0.0051786 -0.0401296 -0.0152222
vn -0.6112199 4.7364492 3.7714906
v 0.0051539 -0.0399381 -0.0156233
vn -0.1610584 5.8824139 1.9585215
v 0.0009845 -0.0404504 -0.0152222
vn -0.1161950 4.7743130 3.7714791
v 0.0009798 -0.0402574 -0.0156233
vn 0.4819433 5.8672252 1.9400046
v -0.0032203 -0.0403340 -0.0152222
vn 0.3800874 4.7605715 3.7714982
v -0.0032049 -0.0401416 -0.0156233
vn 0.9493492 5.8374848 1.8203657
v -0.0073902 -0.0397817 -0.0152222
vn 0.8375781 4.6924000 3.7935247
v -0.0073550 -0.0395919 -0.0156233
vn 1.3451121 5.6046629 2.2110517
v -0.0093827 -0.0393594 -0.0152222
vn -0.3436866 2.6632843 5.4818625
v 0.0051093 -0.0395930 -0.0159009
vn -0.0653347 2.6845648 5.4818668
v 0.0009713 -0.0399095 -0.0159009
vn 0.2137210 2.6768460 5.4818625
v -0.0031772 -0.0397947 -0.0159009
vn 0.4904683 2.6402063 5.4818525
v -0.0072914 -0.0392498 -0.0159009
vn 3.4058590 2.5182500 4.5115566
v 0.0146083 -0.0370192 -0.0150709
vn -2.7639976 5.0583930 2.3284981
v 0.0098276 -0.0392611 -0.0149667
vn -4.5874476 2.0223210 3.6997442
v 0.0101160 -0.0387720 -0.0151830
vn -4.1067400 2.0399866 4.2250977
v 0.0103475 -0.0387710 -0.0149250
vn -3.4835474 2.0216699 4.7558184
v 0.0108479 -0.0387141 -0.0145279
vn -2.7348208 2.0820873 5.1983514
v 0.0111882 -0.0386458 -0.0143440
vn -1.9706477 2.0767674 5.5312448
v 0.0117985 -0.0384789 -0.0141421
vn -1.2151510 2.1012356 5.7261391
v 0.0121386 -0.0383642 -0.0140904
vn -0.3932622 5.4186239 2.9051092
v 0.0152040 -0.0375049 -0.0148003
vn -2.0004551 5.6725240 1.6312431
v 0.0155127 -0.0375363 -0.0145223
vn -0.5782771 5.3282070 3.0421557
v 0.0150416 -0.0376119 -0.0146335
vn -1.9983416 5.6847887 1.5854236
v 0.0153293 -0.0376516 -0.0143441
vn -0.8760862 5.2784200 3.0885026
v 0.0144038 -0.0379782 -0.0141458
vn -2.0175679 5.6941309 1.5413425
v 0.0146160 -0.0380439 -0.0138282
vn -1.1513824 5.2099485 3.1296957
v 0.0139406 -0.0382053 -0.0139124
vn -1.9416769 5.7193947 1.6072278
v 0.0141031 -0.0382859 -0.0135856
vn -1.4057491 5.1724696 3.1013708
v 0.0131772 -0.0385276 -0.0136917
vn -1.8990817 5.7446733 1.5835260
v 0.0132634 -0.0386279 -0.0133633
vn -1.5875076 5.1261711 3.0962021
v 0.0130090 -0.0385910 -0.0136671
vn -1.8816797 5.7627926 1.5164673
v 0.0130792 -0.0386950 -0.0133403
vn -1.8161011 5.1187205 3.0014729
v 0.0122307 -0.0388522 -0.0136586
vn -1.8222612 5.8179846 1.2299821
v 0.0122290 -0.0389708 -0.0133467
vn -2.0351648 5.0870328 2.9217901
v 0.0118260 -0.0389671 -0.0137229
vn -1.8277426 5.8163939 1.2769710
v 0.0117880 -0.0390920 -0.0134237
vn -2.2464342 5.0808001 2.7864506
v 0.0111008 -0.0391346 -0.0139669
vn -1.8046411 5.8071461 1.4520705
v 0.0109990 -0.0392682 -0.0136996
vn -2.4429157 5.0666556 2.6486511
v 0.0106969 -0.0392030 -0.0141870
vn -1.7830800 5.8039198 1.5155315
v 0.0105596 -0.0393401 -0.0139436
vn -2.6175373 5.0643210 2.4846380
v 0.0101028 -0.0392601 -0.0146600
vn -1.7429460 5.8105474 1.5368438
v 0.0099125 -0.0394001 -0.0144632
vn -1.6930244 5.8205757 1.5375384
v 0.0096118 -0.0394012 -0.0147983
vn 1.6590345 4.3519087 4.0555391
v 0.0148841 -0.0373219 -0.0149944
vn 1.2324080 4.1747236 4.3770242
v 0.0147402 -0.0374263 -0.0148405
vn 0.5941501 4.1127720 4.5871544
v 0.0141704 -0.0377845 -0.0143874
vn -0.0268540 3.9870441 4.7440424
v 0.0137533 -0.0380070 -0.0141681
vn -0.6257083 3.9404793 4.7467737
v 0.0130617 -0.0383232 -0.0139566
vn -1.0421261 3.8432081 4.7575378
v 0.0129088 -0.0383855 -0.0139322
vn -1.5873764 3.8413434 4.6208577
v 0.0121994 -0.0386422 -0.0139161
vn -2.1124728 3.7742686 4.4688826
v 0.0118296 -0.0387552 -0.0139712
vn -2.6304505 3.7673998 4.1997433
v 0.0111660 -0.0389200 -0.0141891
vn -3.1102216 3.7351787 3.8932962
v 0.0107962 -0.0389874 -0.0143882
vn -3.5327864 3.7322581 3.5200877
v 0.0102525 -0.0390436 -0.0148190
vn -3.8557363 3.7192397 3.1707199
v 0.0100012 -0.0390446 -0.0150991
vn 2.7958882 2.3433018 4.9976692
v 0.0144757 -0.0371261 -0.0149303
vn 1.9522551 2.3670175 5.3922191
v 0.0139512 -0.0374920 -0.0145166
vn 1.0737289 2.2381606 5.6923761
v 0.0135674 -0.0377187 -0.0143168
vn 0.2380614 2.2479656 5.7863307
v 0.0129314 -0.0380404 -0.0141250
vn -0.3362032 2.0842001 5.8391004
v 0.0127908 -0.0381037 -0.0141030
vn -2.3601398 4.1401324 3.7970121
v 0.0196720 -0.0351373 -0.0156233
vn -3.9274471 4.4184937 1.7693871
v 0.0265396 -0.0305426 -0.0152222
vn -3.1326210 3.6051087 3.7721994
v 0.0264130 -0.0303969 -0.0156233
vn -3.3741956 4.8308473 1.9069728
v 0.0232751 -0.0330979 -0.0152222
vn -2.7472892 3.9067173 3.7722125
v 0.0231641 -0.0329400 -0.0156233
vn -3.0049717 5.0948772 1.8281707
v 0.0197663 -0.0353057 -0.0152222
vn -2.5821228 5.1691661 2.1737609
v 0.0182799 -0.0360977 -0.0152222
vn -1.7611144 2.0267415 5.4824138
v 0.0261848 -0.0301342 -0.0159009
vn -1.5444875 2.1963012 5.4824171
v 0.0229639 -0.0326553 -0.0159009
vn -1.3116550 2.3428149 5.4824114
v 0.0195020 -0.0348336 -0.0159009
vn 0.9766079 -3.0268173 -2.7062535
v -0.0162361 -0.0391438 -0.0158184
vn -0.1038696 -3.2538152 -3.3037894
v -0.0155500 -0.0395746 -0.0151813
vn -1.1458616 -3.2569318 -3.5437362
v -0.0145000 -0.0400349 -0.0149000
vn -1.8793703 -3.2070074 -3.4135847
v -0.0139621 -0.0402100 -0.0149700
vn -2.5064011 -3.2382827 -3.1041768
v -0.0134500 -0.0403367 -0.0151813
vn -3.0525026 -3.2438474 -2.7149699
v -0.0130171 -0.0404018 -0.0155130
vn -3.4965096 -3.2260389 -2.2353394
v -0.0126813 -0.0404034 -0.0159500
vn -3.7710764 -3.2062500 -1.6235667
v -0.0124703 -0.0403399 -0.0164611
vn -3.8432369 -3.1864967 -0.9568359
v -0.0124000 -0.0402180 -0.0170000
vn -3.7867694 -3.1586995 -0.2301975
v -0.0124733 -0.0400407 -0.0175501
vn -3.5254774 -3.2111101 0.5018385
v -0.0126813 -0.0398275 -0.0180500
vn -2.7389684 -3.2238326 1.2622930
v -0.0134500 -0.0393323 -0.0188187
vn -1.4586651 -3.1291504 1.9939888
v -0.0145000 -0.0388637 -0.0191000
vn 0.2363382 -2.8524978 1.4529165
v -0.0155500 -0.0385504 -0.0188187
vn -0.5180745 -2.9715371 2.0134091
v -0.0150363 -0.0386829 -0.0190304
vn 1.6754929 -2.9595764 -0.1262963
v -0.0165297 -0.0385471 -0.0175386
vn 1.4043090 -2.9714088 0.5900747
v -0.0163187 -0.0384805 -0.0180500
vn 0.9103797 -2.9414244 1.1577394
v -0.0159834 -0.0384821 -0.0184864
vn 1.4205745 -2.9274032 -2.1932139
v -0.0163180 -0.0390768 -0.0159488
vn 1.6267291 -2.9868248 -1.6850090
v -0.0165269 -0.0388574 -0.0164506
vn 1.7298956 -2.9497929 -0.9347383
v -0.0166000 -0.0386742 -0.0170000
vn 2.3271997 -3.2676806 -3.1661880
v 0.0113500 -0.0409772 -0.0151813
vn 2.9266732 -3.2671437 -2.7588933
v 0.0109384 -0.0410183 -0.0154921
vn 1.7430266 -3.2476542 -3.4140170
v 0.0118613 -0.0408790 -0.0149703
vn 0.9373316 -3.3349633 -3.4935112
v 0.0124000 -0.0407343 -0.0149000
vn -0.1714043 -3.3817747 -3.3033299
v 0.0134500 -0.0403367 -0.0151813
vn -1.3260264 -3.2088380 -2.6283066
v 0.0142187 -0.0398883 -0.0159500
vn -1.5190974 -2.8572688 -0.9003507
v 0.0145000 -0.0395095 -0.0170000
vn -1.7558016 -3.0503812 -1.6912931
v 0.0144275 -0.0396842 -0.0164528
vn -1.1428306 -3.0671096 1.2638590
v 0.0138843 -0.0392885 -0.0184855
vn -1.5981855 -3.0642905 0.6071374
v 0.0142187 -0.0393049 -0.0180500
vn -1.7026572 -2.9847617 -0.1194418
v 0.0144298 -0.0393814 -0.0175383
vn 2.6153052 -3.3164129 1.4097240
v 0.0113500 -0.0399889 -0.0188187
vn 1.3174385 -3.0887549 1.7855369
v 0.0124000 -0.0395838 -0.0191000
vn 0.2437714 -3.0099535 1.8672354
v 0.0129385 -0.0394344 -0.0190298
vn -0.4960276 -3.0588965 1.7187914
v 0.0134500 -0.0393323 -0.0188187
vn 3.4254754 -3.2233789 -0.2421914
v 0.0103728 -0.0406361 -0.0175483
vn 3.3512378 -3.2693489 0.5453890
v 0.0105813 -0.0404362 -0.0180500
vn 3.3922272 -3.2453771 -2.3018045
v 0.0105813 -0.0410034 -0.0159500
vn 3.6151025 -3.2377148 -1.6460400
v 0.0103702 -0.0409300 -0.0164616
vn 3.3435884 -3.2558498 -0.9935256
v 0.0103000 -0.0408064 -0.0170000
vn 2.9925466 -3.1228385 -1.1871095
v 0.0110303 -0.0401501 0.0065919
vn 2.3356872 -3.1668534 -1.6576174
v 0.0113500 -0.0399889 0.0068187
vn 1.3176830 -3.0885305 -1.7855684
v 0.0124000 -0.0395838 0.0071000
vn -0.4871005 -3.0710673 -1.7223341
v 0.0134500 -0.0393323 0.0068187
vn 0.2396531 -3.0195756 -1.8651271
v 0.0129376 -0.0394346 0.0070300
vn -1.7049903 -2.9748132 0.1240473
v 0.0144296 -0.0393813 0.0055392
vn -1.5907141 -3.0630598 -0.6208622
v 0.0142187 -0.0393049 0.0060500
vn -1.1474977 -3.0785794 -1.2577577
v 0.0138845 -0.0392885 0.0064853
vn -0.1714041 -3.3817747 3.3033302
v 0.0134500 -0.0403367 0.0031813
vn -1.3259751 -3.2086205 2.6285148
v 0.0142187 -0.0398883 0.0039500
vn -1.7553471 -3.0417776 1.6962085
v 0.0144272 -0.0396846 0.0044518
vn -1.5204946 -2.8450880 0.8897576
v 0.0145000 -0.0395095 0.0050000
vn 1.7332084 -3.2479300 3.4304295
v 0.0118619 -0.0408789 0.0029701
vn 0.9499039 -3.3281131 3.5141540
v 0.0124000 -0.0407343 0.0029000
vn 2.9602990 -3.2478075 2.8203173
v 0.0109156 -0.0410192 0.0035145
vn 2.3684833 -3.2669668 3.1639981
v 0.0113500 -0.0409772 0.0031813
vn 3.6150951 -3.2377040 1.6464250
v 0.0103703 -0.0409301 0.0044610
vn 3.3996315 -3.2374768 2.2929821
v 0.0105813 -0.0410034 0.0039500
vn 3.4012010 -3.1919680 -0.4941125
v 0.0105813 -0.0404362 0.0060500
vn 3.4254146 -3.2233939 0.2423064
v 0.0103728 -0.0406361 0.0055481
vn 3.3435524 -3.2559571 0.9938613
v 0.0103000 -0.0408064 0.0050000
vn -0.4357383 -3.0186400 -2.0707192
v -0.0150370 -0.0386827 0.0070302
vn -1.4062419 -3.1220469 -1.9303029
v -0.0145000 -0.0388637 0.0071000
vn -2.7420666 -3.2091866 -1.2304171
v -0.0134500 -0.0393323 0.0068187
vn -3.5257535 -3.2114778 -0.5010444
v -0.0126813 -0.0398275 0.0060500
vn -3.7851937 -3.1593938 0.2305884
v -0.0124729 -0.0400413 0.0055485
vn -3.8414583 -3.1860523 0.9582257
v -0.0124000 -0.0402180 0.0050000
vn -3.7712023 -3.2062354 1.6231382
v -0.0124701 -0.0403398 0.0044618
vn -3.4968057 -3.2259655 2.2349010
v -0.0126813 -0.0404034 0.0039500
vn -3.0529764 -3.2438188 2.7146516
v -0.0130164 -0.0404019 0.0035137
vn -2.5034459 -3.2379959 3.1146946
v -0.0134500 -0.0403367 0.0031813
vn -1.8893450 -3.2022893 3.4231653
v -0.0139628 -0.0402098 0.0029699
vn -1.1455474 -3.2567744 3.5437992
v -0.0145000 -0.0400349 0.0029000
vn -0.0862053 -3.2829444 3.2855449
v -0.0155500 -0.0395746 0.0031813
vn 1.0863899 -3.1248891 2.5503168
v -0.0163187 -0.0390762 0.0039500
vn 1.7501407 -2.9774175 0.9343991
v -0.0166000 -0.0386742 0.0050000
vn 1.6274834 -2.9955301 1.6804230
v -0.0165268 -0.0388575 0.0044503
vn 0.2357585 -2.9276929 -1.6451648
v -0.0155500 -0.0385504 0.0068187
vn 0.9147049 -2.9305086 -1.1568162
v -0.0159949 -0.0384810 0.0064749
vn 1.4161122 -2.9688680 -0.5716264
v -0.0163187 -0.0384805 0.0060500
vn 1.6887569 -2.9744511 0.1329546
v -0.0165301 -0.0385473 0.0055374
vn -2.6869884 0.6455131 4.6337643
v 0.0350326 -0.0080253 -0.0267500
vn -0.4125130 1.3661081 6.0840397
v 0.0354965 -0.0056292 -0.0267500
vn -2.6412733 0.9702281 4.5336695
v 0.0339544 -0.0117808 -0.0267500
vn -2.4621372 1.3170587 4.5786180
v 0.0313550 -0.0175656 -0.0267500
vn -2.4117322 1.4386210 4.5492754
v 0.0312038 -0.0178328 -0.0267500
vn -2.0532508 1.9095683 4.5554528
v 0.0262773 -0.0245192 -0.0267500
vn -1.8638369 2.1669545 4.4442477
v 0.0233385 -0.0273313 -0.0267500
vn -1.7278874 2.1285830 4.6753769
v 0.0224192 -0.0280903 -0.0267500
vn 1.3229892 2.4639130 4.5695648
v -0.0181711 -0.0310080 -0.0267500
vn 0.3780515 1.3364902 6.0953627
v -0.0354965 -0.0056292 -0.0267500
vn 2.7088404 0.6953281 4.5699701
v -0.0350326 -0.0080253 -0.0267500
vn -2.1511428 1.8126539 4.5398345
v 0.0277793 -0.0228035 -0.0267500
vn -2.1943343 1.7398719 4.5649033
v 0.0280516 -0.0224677 -0.0267500
vn -2.3505781 1.5330104 4.5517025
v 0.0297962 -0.0200966 -0.0267500
vn -0.9596964 2.6597877 4.5042024
v 0.0124378 -0.0337193 -0.0267500
vn 1.8592695 2.1936188 4.4052162
v -0.0233385 -0.0273313 -0.0267500
vn 2.0641201 1.9071410 4.5426068
v -0.0262773 -0.0245192 -0.0267500
vn 2.1548862 1.8159091 4.5295715
v -0.0277793 -0.0228035 -0.0267500
vn 2.2015374 1.7557793 4.5339003
v -0.0280516 -0.0224677 -0.0267500
vn 0.9909661 2.6377413 4.5240526
v -0.0124378 -0.0337193 -0.0267500
vn 0.7368515 2.6743865 4.6131268
v -0.0093923 -0.0346911 -0.0267500
vn 0.5172392 2.8406825 4.3774748
v -0.0063173 -0.0353805 -0.0267500
vn 0.0000000 0.0000000 3.3161263
v 0.0000000 -0.0350000 -0.0267500
vn 0.0000000 0.0000000 2.9649019
v 0.0000000 -0.0359401 -0.0267500
vn -0.5195486 2.8403120 4.3776731
v 0.0063173 -0.0353805 -0.0267500
vn -0.7607844 2.6766546 4.5957441
v 0.0093923 -0.0346911 -0.0267500
vn -1.3356416 2.4519584 4.5790958
v 0.0181711 -0.0310080 -0.0267500
vn -1.5144624 2.3678975 4.5432243
v 0.0182809 -0.0309435 -0.0267500
vn -1.6457880 2.2795370 4.5415835
v 0.0219108 -0.0284887 -0.0267500
vn 1.7949127 2.1195817 4.6085191
v -0.0224192 -0.0280903 -0.0267500
vn 1.6457878 2.2795372 4.5415835
v -0.0219108 -0.0284887 -0.0267500
vn 1.5144626 2.3678975 4.5432234
v -0.0182809 -0.0309435 -0.0267500
vn 2.3465476 1.5341794 4.5571890
v -0.0297962 -0.0200966 -0.0267500
vn 2.4120691 1.4370190 4.5503669
v -0.0312038 -0.0178328 -0.0267500
vn 2.6479268 0.9299912 4.5502725
v -0.0339544 -0.0117808 -0.0267500
vn 2.5880494 1.1120729 4.5305896
v -0.0329280 -0.0144027 -0.0267500
vn 2.4463685 1.3405625 4.5856128
v -0.0313550 -0.0175656 -0.0267500
vn -2.6175771 4.9606624 -0.0102516
v 0.0354965 -0.0215000 -0.0060000
vn -2.7636881 4.9347396 0.4041520
v 0.0354965 -0.0214645 -0.0072347
vn -4.9441438 3.8352520 0.2210736
v 0.0328198 -0.0253571 -0.0074586
vn -4.9877281 3.4909647 1.4851582
v 0.0328198 -0.0233721 -0.0159426
vn -4.9602685 3.6734827 1.0651439
v 0.0328198 -0.0243580 -0.0131970
vn -2.7829418 4.7131557 1.5161397
v 0.0354965 -0.0206188 -0.0120922
vn 2.6269903 4.9474115 -0.0000001
v -0.0354965 -0.0215000 -0.0060000
vn 2.7740433 4.9338384 -0.4068578
v -0.0354965 -0.0214645 -0.0047653
vn 4.9422135 3.8380451 -0.2246543
v -0.0328198 -0.0253571 -0.0045414
vn 2.6187661 4.8295240 1.1257647
v -0.0354965 -0.0209609 -0.0107842
vn 2.7544248 4.8972015 0.7264814
v -0.0354965 -0.0211814 -0.0096878
vn 4.9441438 3.7847605 0.6584944
v -0.0328198 -0.0250226 -0.0103566
vn 2.6210411 3.8444500 3.1273055
v -0.0354965 -0.0168094 -0.0194050
vn 2.7188606 4.0680809 2.8212414
v -0.0354965 -0.0173466 -0.0187022
vn 4.9442039 3.0996473 2.2692573
v -0.0328198 -0.0204924 -0.0210057
vn -1.7949128 2.1195817 -4.6085191
v 0.0224192 -0.0280903 0.0147500
vn -3.5146325 4.2799129 -2.9522371
v 0.0223986 -0.0281873 0.0146404
vn -1.6457880 2.2795370 -4.5415840
v 0.0219108 -0.0284887 0.0147500
vn -2.4463687 1.3405623 -4.5856133
v 0.0313550 -0.0175656 0.0147500
vn -2.5880497 1.1120729 -4.5305891
v 0.0329280 -0.0144027 0.0147500
vn -5.0032444 2.4751725 -2.8532705
v 0.0328198 -0.0165349 0.0132797
vn -4.9827614 2.4026580 2.9344370
v 0.0328198 -0.0165349 -0.0252797
vn -4.5462837 3.2118456 2.8857713
v 0.0297169 -0.0212555 -0.0256815
vn -3.4852178 4.3121338 2.9428244
v 0.0223986 -0.0281873 -0.0266404
vn 1.9952921 5.3934116 2.5104313
v -0.0139206 -0.0359757 -0.0213042
vn -3.9392252 4.2016940 -2.4576623
v 0.0262281 -0.0279558 0.0099001
vn 3.4174042 4.8471103 -1.9834710
v -0.0223986 -0.0321484 0.0076761
vn 4.0686870 4.5437975 -1.4141140
v -0.0262281 -0.0308430 0.0031132
vn 4.4800916 4.2379150 -1.1188403
v -0.0297169 -0.0277809 0.0022084
vn 4.9877262 3.4909635 -1.4851574
v -0.0328198 -0.0233721 0.0039426
vn 4.9602623 3.6734774 -1.0651424
v -0.0328198 -0.0243580 0.0011970
vn 4.9544482 3.3197179 -1.9127407
v -0.0328198 -0.0220779 0.0065570
vn 4.4978666 3.7443657 -2.2376528
v -0.0297169 -0.0251803 0.0083215
vn 3.9366772 4.1969938 -2.4720857
v -0.0262281 -0.0279558 0.0099001
vn 3.3634503 4.5839872 -2.6133149
v -0.0223986 -0.0303681 0.0112722
vn 2.8490446 5.0837193 -2.3143108
v -0.0182783 -0.0342846 0.0085848
vn 2.0091896 5.3897071 -2.5065546
v -0.0139206 -0.0359757 0.0093042
vn 1.3729706 5.5752378 -2.4936194
v -0.0093820 -0.0371995 0.0098248
vn -1.3529618 5.5723133 -2.5174284
v 0.0093820 -0.0371995 0.0098248
vn -0.7101812 5.6893582 -2.5054052
v 0.0047217 -0.0379402 0.0101399
vn 0.0012390 5.7258024 -2.5236290
v 0.0000000 -0.0381882 0.0102454
vn 0.7609568 5.7049475 -2.4387746
v -0.0047217 -0.0379402 0.0101399
vn -2.1204910 5.3321385 -2.5279646
v 0.0139206 -0.0359757 0.0093042
vn -2.7470000 5.1302395 -2.3183765
v 0.0182783 -0.0342846 0.0085848
vn -3.3563700 4.8168049 -2.1980822
v 0.0223986 -0.0321484 0.0076761
vn -3.3646123 4.5842562 -2.6109571
v 0.0223986 -0.0303681 0.0112722
vn -4.4915037 3.7485194 -2.2441339
v 0.0297169 -0.0251803 0.0083215
vn -4.9574761 3.3181067 -1.9062860
v 0.0328198 -0.0220779 0.0065570
vn -4.9632688 3.6704791 -1.0593315
v 0.0328198 -0.0243580 0.0011970
vn -4.4875469 4.2303910 -1.1177671
v 0.0297169 -0.0277809 0.0022084
vn -4.9880667 3.4867859 -1.4919307
v 0.0328198 -0.0233721 0.0039426
vn -3.8302927 4.6351109 -1.6437968
v 0.0262281 -0.0308430 0.0031132
vn -3.9607618 4.7761455 -0.8156275
v 0.0262281 -0.0316845 -0.0004836
vn -3.3785095 5.1990738 -0.8562109
v 0.0223986 -0.0344186 -0.0000075
vn -2.7651210 5.5507607 -0.8662431
v 0.0182783 -0.0367058 0.0003907
vn -1.3545504 6.0473537 -0.9056369
v 0.0093820 -0.0398265 0.0009340
vn -2.1680629 5.8135662 -0.8594425
v 0.0139206 -0.0385162 0.0007059
vn -0.6931058 6.1398363 -0.9850422
v 0.0047217 -0.0406195 0.0010721
vn 0.0352484 6.1697397 -1.0217471
v 0.0000000 -0.0408850 0.0011183
vn 0.6997832 6.1438003 -0.9680326
v -0.0047217 -0.0406195 0.0010721
vn 2.0658116 5.8597736 -0.8200087
v -0.0139206 -0.0385162 0.0007059
vn 1.4082539 6.0342150 -0.9094619
v -0.0093820 -0.0398265 0.0009340
vn 2.8067536 5.5315256 -0.8573256
v -0.0182783 -0.0367058 0.0003907
vn 3.3795197 5.1918154 -0.8778585
v -0.0223986 -0.0344186 -0.0000075
vn -3.8302925 4.6351109 1.6437979
v 0.0262281 -0.0308430 -0.0151132
vn -4.4845266 4.2348795 1.1146972
v 0.0297169 -0.0277809 -0.0142084
vn -4.9544473 3.3197174 1.9127405
v 0.0328198 -0.0220779 -0.0185570
vn -4.4978652 3.7443650 2.2376525
v 0.0297169 -0.0251803 -0.0203215
vn -3.9380641 4.2023196 2.4587398
v 0.0262281 -0.0279558 -0.0219001
vn -2.7405310 5.1399536 2.3003767
v 0.0182783 -0.0342846 -0.0205848
vn -2.1387172 5.3318329 2.5097706
v 0.0139206 -0.0359757 -0.0213042
vn -3.3480239 4.8237686 2.1938803
v 0.0223986 -0.0321484 -0.0196761
vn -1.3502167 5.5737481 2.5150516
v 0.0093820 -0.0371995 -0.0218248
vn -0.6950018 5.6972337 2.4864264
v 0.0047217 -0.0379402 -0.0221399
vn 0.0227524 5.7409754 2.4758511
v 0.0000000 -0.0381882 -0.0222454
vn 0.6913670 5.6925445 2.5021496
v -0.0047217 -0.0379402 -0.0221399
vn 1.3963816 5.5671334 2.5032749
v -0.0093820 -0.0371995 -0.0218248
vn 2.1700232 5.0547571 2.9621437
v -0.0139206 -0.0339835 -0.0253284
vn 2.8639898 5.0808339 2.2984159
v -0.0182783 -0.0342846 -0.0205848
vn 3.4060416 4.8546686 1.9824589
v -0.0223986 -0.0321484 -0.0196761
vn 3.9378371 4.1963668 2.4710076
v -0.0262281 -0.0279558 -0.0219001
vn 3.3634503 4.5839872 2.6133151
v -0.0223986 -0.0303681 -0.0232722
vn 4.4915047 3.7485194 2.2441342
v -0.0297169 -0.0251803 -0.0203215
vn 4.9574766 3.3181071 1.9062865
v -0.0328198 -0.0220779 -0.0185570
vn 4.9632707 3.6704810 1.0593320
v -0.0328198 -0.0243580 -0.0131970
vn 4.4831123 4.2334270 1.1219103
v -0.0297169 -0.0277809 -0.0142084
vn 4.9880667 3.4867861 1.4919310
v -0.0328198 -0.0233721 -0.0159426
vn 4.0923214 4.5224957 1.4232973
v -0.0262281 -0.0308430 -0.0151132
vn 2.0860028 5.8565350 0.8019202
v -0.0139206 -0.0385162 -0.0127059
vn 2.8082473 5.5302830 0.8589573
v -0.0182783 -0.0367058 -0.0123907
vn 1.3872268 6.0361924 0.9186991
v -0.0093820 -0.0398265 -0.0129340
vn -1.3607415 6.0473557 0.9001695
v 0.0093820 -0.0398265 -0.0129340
vn -0.7098588 6.1448522 0.9588497
v 0.0047217 -0.0406195 -0.0130721
vn 0.0067764 6.1856208 0.9623500
v 0.0000000 -0.0408850 -0.0131183
vn 0.7784736 6.1119580 1.0537562
v -0.0047217 -0.0406195 -0.0130721
vn -2.1295705 5.8402853 0.8044172
v 0.0139206 -0.0385162 -0.0127059
vn -2.7857656 5.5367780 0.8770267
v 0.0182783 -0.0367058 -0.0123907
vn 2.6368732 2.0635018 4.4809308
v -0.0354965 -0.0093285 -0.0253708
vn 2.8619926 1.7094944 4.5426474
v -0.0354965 -0.0076575 -0.0260901
vn 4.5437369 3.2158849 2.8852708
v -0.0297169 -0.0212555 -0.0256815
vn 4.9583430 2.8215201 2.5839462
v -0.0328198 -0.0186366 -0.0232565
vn 5.0032444 2.4751725 2.8532705
v -0.0328198 -0.0165349 -0.0252797
vn 3.9693091 3.9506779 2.8032508
v -0.0262281 -0.0259482 -0.0250008
vn 4.4890661 3.5332046 2.5611567
v -0.0297169 -0.0233721 -0.0231144
vn 2.7545898 4.8953977 2.7562211
v -0.0182783 -0.0323861 -0.0244199
vn 1.4227308 5.3891354 2.8616810
v -0.0093820 -0.0351396 -0.0259859
vn 0.5661194 5.1420751 3.4098256
v -0.0047217 -0.0358393 -0.0263839
vn 0.0291658 5.5146360 2.9639699
v 0.0000000 -0.0360735 -0.0265171
vn 0.0306112 2.7856758 1.6189961
v 0.0000000 -0.0359401 -0.0267500
vn -0.5972697 5.2062855 3.3352075
v 0.0047217 -0.0358393 -0.0263839
vn -1.4403874 5.3773322 2.8719358
v 0.0093820 -0.0351396 -0.0259859
vn -2.1379249 5.1253471 2.8789313
v 0.0139206 -0.0339835 -0.0253284
vn -2.7607818 4.9083672 2.7277911
v 0.0182783 -0.0323861 -0.0244199
vn -3.9661996 3.9561341 2.8009562
v 0.0262281 -0.0259482 -0.0250008
vn -4.4906569 3.5329123 2.5591722
v 0.0297169 -0.0233721 -0.0231144
vn -2.7301238 3.3376274 3.6532979
v 0.0354965 -0.0139967 -0.0223200
vn -2.6220880 3.0412886 3.9109788
v 0.0354965 -0.0134050 -0.0228094
vn -2.8568954 2.6958573 4.1333609
v 0.0354965 -0.0120330 -0.0238173
vn -2.7631576 2.3855348 4.2668958
v 0.0354965 -0.0099106 -0.0250796
vn -2.6614630 2.0787656 4.4344845
v 0.0354965 -0.0093285 -0.0253708
vn -2.9316890 1.6317068 4.5406451
v 0.0354965 -0.0076575 -0.0260901
vn -2.6368732 2.0635018 -4.4809308
v 0.0354965 -0.0093285 0.0133708
vn -2.6479268 0.9299912 -4.5502720
v 0.0339544 -0.0117808 0.0147500
vn -2.8488336 1.7114549 -4.5429072
v 0.0354965 -0.0076575 0.0140901
vn -2.7088404 0.6953281 -4.5699701
v 0.0350326 -0.0080253 0.0147500
vn -0.3725731 1.3346028 -6.0961490
v 0.0354965 -0.0056292 0.0147500
vn -2.4120691 1.4370190 -4.5503674
v 0.0312038 -0.0178328 0.0147500
vn -4.9583435 2.8215201 -2.5839460
v 0.0328198 -0.0186366 0.0112565
vn -2.3465476 1.5341794 -4.5571890
v 0.0297962 -0.0200966 0.0147500
vn -3.9693089 3.9506779 -2.8032513
v 0.0262281 -0.0259482 0.0130008
vn -2.2015369 1.7557790 -4.5339003
v 0.0280516 -0.0224677 0.0147500
vn -4.5437365 3.2158849 -2.8852708
v 0.0297169 -0.0212555 0.0136815
vn -2.1548862 1.8159090 -4.5295715
v 0.0277793 -0.0228035 0.0147500
vn -4.4890661 3.5332043 -2.5611567
v 0.0297169 -0.0233721 0.0111144
vn -2.0641201 1.9071410 -4.5426068
v 0.0262773 -0.0245192 0.0147500
vn -1.8592699 2.1936185 -4.4052162
v 0.0233385 -0.0273313 0.0147500
vn -2.7413931 4.9076347 -2.7442851
v 0.0182783 -0.0323861 0.0124199
vn -0.9909661 2.6377413 -4.5240521
v 0.0124378 -0.0337193 0.0147500
vn -1.3229892 2.4639130 -4.5695648
v 0.0181711 -0.0310080 0.0147500
vn -1.5144626 2.3678975 -4.5432234
v 0.0182809 -0.0309435 0.0147500
vn -0.5172392 2.8406825 -4.3774748
v 0.0063173 -0.0353805 0.0147500
vn -0.7368515 2.6743865 -4.6131268
v 0.0093923 -0.0346911 0.0147500
vn -1.4227307 5.3891354 -2.8616810
v 0.0093820 -0.0351396 0.0139859
vn -2.1831281 5.0580921 -2.9432716
v 0.0139206 -0.0339835 0.0133284
vn -0.5661193 5.1420751 -3.4098253
v 0.0047217 -0.0358393 0.0143839
vn -0.0291658 5.5146351 -2.9639699
v 0.0000000 -0.0360735 0.0145171
vn -0.0306112 2.7856758 -1.6189961
v 0.0000000 -0.0359401 0.0147500
vn 0.5972695 5.2062855 -3.3352075
v -0.0047217 -0.0358393 0.0143839
vn 0.5195486 2.8403120 -4.3776727
v -0.0063173 -0.0353805 0.0147500
vn 1.4403872 5.3773322 -2.8719358
v -0.0093820 -0.0351396 0.0139859
vn 0.7607844 2.6766546 -4.5957446
v -0.0093923 -0.0346911 0.0147500
vn 2.1249444 5.1220846 -2.8975427
v -0.0139206 -0.0339835 0.0133284
vn 0.9596964 2.6597877 -4.5042028
v -0.0124378 -0.0337193 0.0147500
vn 1.6457878 2.2795370 -4.5415835
v -0.0219108 -0.0284887 0.0147500
vn 1.5144626 2.3678975 -4.5432243
v -0.0182809 -0.0309435 0.0147500
vn 2.7739999 4.8960342 -2.7398992
v -0.0182783 -0.0323861 0.0124199
vn 1.3356419 2.4519584 -4.5790958
v -0.0181711 -0.0310080 0.0147500
vn 3.4852176 4.3121338 -2.9428244
v -0.0223986 -0.0281873 0.0146404
vn 3.9661994 3.9561338 -2.8009560
v -0.0262281 -0.0259482 0.0130008
vn 1.8638369 2.1669543 -4.4442472
v -0.0233385 -0.0273313 0.0147500
vn 2.4117322 1.4386210 -4.5492754
v -0.0312038 -0.0178328 0.0147500
vn 2.3505783 1.5330104 -4.5517030
v -0.0297962 -0.0200966 0.0147500
vn 4.5462837 3.2118456 -2.8857713
v -0.0297169 -0.0212555 0.0136815
vn 2.1943343 1.7398719 -4.5649033
v -0.0280516 -0.0224677 0.0147500
vn 4.4906564 3.5329120 -2.5591719
v -0.0297169 -0.0233721 0.0111144
vn 2.1511428 1.8126539 -4.5398340
v -0.0277793 -0.0228035 0.0147500
vn 2.0532510 1.9095684 -4.5554523
v -0.0262773 -0.0245192 0.0147500
vn 2.8740325 2.6921599 -4.1338129
v -0.0354965 -0.0120330 0.0118173
vn 2.6412733 0.9702282 -4.5336695
v -0.0339544 -0.0117808 0.0147500
vn 2.6220880 3.0412889 -3.9109788
v -0.0354965 -0.0134050 0.0108094
vn 4.9827619 2.4026577 -2.9344366
v -0.0328198 -0.0165349 0.0132797
vn 2.7685697 2.3877847 -4.2652793
v -0.0354965 -0.0099106 0.0130796
vn 2.6614630 2.0787656 -4.4344845
v -0.0354965 -0.0093285 0.0133708
vn 2.6869884 0.6455131 -4.6337643
v -0.0350326 -0.0080253 0.0147500
vn 2.9492555 1.6281397 -4.5401673
v -0.0354965 -0.0076575 0.0140901
vn 0.4198289 1.3689154 -6.0827379
v -0.0354965 -0.0056292 0.0147500
vn 2.7810006 3.5854254 3.4265747
v -0.0354965 -0.0157757 -0.0206075
vn 2.7029347 3.3193004 3.6725485
v -0.0354965 -0.0139967 -0.0223200
vn 2.6302586 3.0419755 3.8957820
v -0.0354965 -0.0134050 -0.0228094
vn 2.8116851 2.7152233 4.1071234
v -0.0354965 -0.0120330 -0.0238173
vn 2.7288585 2.3570671 4.2854176
v -0.0354965 -0.0099106 -0.0250796
vn 2.7751358 4.2664251 2.5286024
v -0.0354965 -0.0186887 -0.0166294
vn 2.7686119 4.7271900 1.4998585
v -0.0354965 -0.0206188 -0.0120922
vn 2.7360244 4.6034546 1.8217068
v -0.0354965 -0.0197842 -0.0144163
vn 2.6199222 4.4509335 2.1828208
v -0.0354965 -0.0193708 -0.0153285
vn 2.7675753 4.9347301 0.4023315
v -0.0354965 -0.0214645 -0.0072347
vn 4.9422135 3.8380456 0.2246543
v -0.0328198 -0.0253571 -0.0074586
vn 2.7604597 4.8974013 -0.7219623
v -0.0354965 -0.0211814 -0.0023122
vn 4.9421868 3.7883348 -0.6556549
v -0.0328198 -0.0250226 -0.0016434
vn 2.6270015 4.8203111 -1.1141269
v -0.0354965 -0.0209609 -0.0012158
vn 2.7948730 4.7114344 -1.5186821
v -0.0354965 -0.0206188 0.0000922
vn 2.8168926 4.2417159 -2.5505090
v -0.0354965 -0.0186887 0.0046294
vn 2.6270413 4.4455509 -2.1709886
v -0.0354965 -0.0193708 0.0033285
vn 2.7528579 4.6071482 -1.8089546
v -0.0354965 -0.0197842 0.0024163
vn 2.7448504 4.0787902 -2.8024881
v -0.0354965 -0.0173466 0.0067022
vn 4.9423018 3.1039174 -2.2684066
v -0.0328198 -0.0204924 0.0090057
vn 2.6271062 3.8423951 -3.1162734
v -0.0354965 -0.0168094 0.0074050
vn 4.9553933 2.8221765 -2.5896654
v -0.0328198 -0.0186366 0.0112565
vn 2.8400784 3.5494628 -3.4480543
v -0.0354965 -0.0157757 0.0086075
vn 2.7365208 3.3394692 -3.6511183
v -0.0354965 -0.0139967 0.0103200
vn 3.9554248 4.7794418 0.8187782
v -0.0262281 -0.0316845 -0.0115164
vn 4.4752274 4.3106384 0.7505037
v -0.0297169 -0.0285389 -0.0109688
vn 2.4621367 1.3170588 -4.5786176
v -0.0313550 -0.0175656 0.0147500
vn 3.3736644 5.1965685 0.8749522
v -0.0223986 -0.0344186 -0.0119925
vn 3.9492464 4.7815228 -0.8298057
v -0.0262281 -0.0316845 -0.0004836
vn 4.4752269 4.3106389 -0.7505036
v -0.0297169 -0.0285389 -0.0010312
vn 3.5146322 4.2799129 2.9522374
v -0.0223986 -0.0281873 -0.0266404
vn 1.7278872 2.1285827 -4.6753769
v -0.0224192 -0.0280903 0.0147500
vn -3.3646126 4.5842562 2.6109574
v 0.0223986 -0.0303681 -0.0232722
vn -4.9423022 3.1039174 2.2684069
v 0.0328198 -0.0204924 -0.0210057
vn -4.4752274 4.3106384 -0.7505037
v 0.0297169 -0.0285389 -0.0010312
vn -4.9441447 3.7847602 -0.6584943
v 0.0328198 -0.0250226 -0.0016434
vn -4.9442034 3.0996466 -2.2692571
v 0.0328198 -0.0204924 0.0090057
vn -4.9553938 2.8221767 2.5896657
v 0.0328198 -0.0186366 -0.0232565
vn -2.8247530 3.5526707 3.4466546
v 0.0354965 -0.0157757 -0.0206075
vn -2.6271052 3.8423944 3.1162739
v 0.0354965 -0.0168094 -0.0194050
vn -2.7445645 4.6065798 1.8117553
v 0.0354965 -0.0197842 -0.0144163
vn -2.6270413 4.4455509 2.1709883
v 0.0354965 -0.0193708 -0.0153285
vn -2.8033018 4.2442350 2.5484023
v 0.0354965 -0.0186887 -0.0166294
vn -2.7374890 4.0775299 2.8050804
v 0.0354965 -0.0173466 -0.0187022
vn -4.9421864 3.7883344 0.6556548
v 0.0328198 -0.0250226 -0.0103566
vn -2.7512813 4.8975587 0.7247475
v 0.0354965 -0.0211814 -0.0096878
vn -2.6270015 4.8203111 1.1141272
v 0.0354965 -0.0209609 -0.0107842
vn -3.3418708 5.2076750 0.9104880
v 0.0223986 -0.0344186 -0.0119925
vn -3.9607618 4.7761450 0.8156276
v 0.0262281 -0.0316845 -0.0115164
vn -4.4752264 4.3106394 0.7505037
v 0.0297169 -0.0285389 -0.0109688
vn 4.4752269 4.3682632 0.2512728
v -0.0297169 -0.0289204 -0.0076636
vn 3.9478288 4.8458595 0.2787455
v -0.0262281 -0.0321080 -0.0078469
vn 3.3698871 5.2605062 0.3025964
v -0.0223986 -0.0348787 -0.0080063
vn 2.7489028 5.6070113 0.3225275
v -0.0182783 -0.0371965 -0.0081396
vn 2.0928731 5.8810606 0.3382918
v -0.0139206 -0.0390311 -0.0082452
vn 1.4102036 6.0792618 0.3496936
v -0.0093820 -0.0403589 -0.0083215
vn 0.7096102 6.1991658 0.3565896
v -0.0047217 -0.0411625 -0.0083678
vn -0.0000002 6.2392983 0.3588983
v 0.0000000 -0.0414315 -0.0083832
vn -0.7096096 6.1991658 0.3565894
v 0.0047217 -0.0411625 -0.0083678
vn -1.4102043 6.0792618 0.3496934
v 0.0093820 -0.0403589 -0.0083215
vn -2.0928729 5.8810611 0.3382922
v 0.0139206 -0.0390311 -0.0082452
vn -2.7489030 5.6070108 0.3225275
v 0.0182783 -0.0371965 -0.0081396
vn -3.3698876 5.2605066 0.3025961
v 0.0223986 -0.0348787 -0.0080063
vn -3.9478288 4.8458595 0.2787454
v 0.0262281 -0.0321080 -0.0078469
vn -4.4752269 4.3682632 0.2512729
v 0.0297169 -0.0289204 -0.0076636
vn 4.4752274 4.3682632 -0.2512729
v -0.0297169 -0.0289204 -0.0043364
vn 3.9478285 4.8458595 -0.2787454
v -0.0262281 -0.0321080 -0.0041531
vn 3.3698876 5.2605071 -0.3025962
v -0.0223986 -0.0348787 -0.0039937
vn 2.7489028 5.6070113 -0.3225275
v -0.0182783 -0.0371965 -0.0038604
vn 2.0928731 5.8810616 -0.3382923
v -0.0139206 -0.0390311 -0.0037548
vn 1.4102042 6.0792613 -0.3496933
v -0.0093820 -0.0403589 -0.0036785
vn 0.7096095 6.1991663 -0.3565895
v -0.0047217 -0.0411625 -0.0036322
vn 0.0000002 6.2392983 -0.3588983
v 0.0000000 -0.0414315 -0.0036168
vn -0.7096102 6.1991653 -0.3565897
v 0.0047217 -0.0411625 -0.0036322
vn -1.4102036 6.0792613 -0.3496936
v 0.0093820 -0.0403589 -0.0036785
vn -2.0928731 5.8810611 -0.3382919
v 0.0139206 -0.0390311 -0.0037548
vn -2.7489028 5.6070113 -0.3225274
v 0.0182783 -0.0371965 -0.0038604
vn -3.3698874 5.2605062 -0.3025964
v 0.0223986 -0.0348787 -0.0039937
vn -3.9478285 4.8458595 -0.2787455
v 0.0262281 -0.0321080 -0.0041531
vn -4.4752269 4.3682632 -0.2512728
v 0.0297169 -0.0289204 -0.0043364
vn -4.9451923 3.8337326 -0.2205252
v 0.0328198 -0.0253571 -0.0045414
vn -2.7514756 4.9446211 -0.3908367
v 0.0354965 -0.0214645 -0.0047653
vn -2.7455571 4.8973408 -0.7291025
v 0.0354965 -0.0211814 -0.0023122
vn -2.7636733 4.2682214 -2.5270588
v 0.0354965 -0.0186887 0.0046294
vn -2.6199224 4.4509330 -2.1828203
v 0.0354965 -0.0193708 0.0033285
vn -2.7285495 4.6029568 -1.8240403
v 0.0354965 -0.0197842 0.0024163
vn -2.7578423 4.7285933 -1.4977434
v 0.0354965 -0.0206188 0.0000922
vn -2.6187663 4.8295240 -1.1257644
v 0.0354965 -0.0209609 -0.0012158
vn -2.7126777 4.0671186 -2.8231432
v 0.0354965 -0.0173466 0.0067022
vn -2.7249434 2.3557565 -4.2863116
v 0.0354965 -0.0099106 0.0130796
vn -2.7990735 2.7171772 -4.1068773
v 0.0354965 -0.0120330 0.0118173
vn -2.6302586 3.0419755 -3.8957815
v 0.0354965 -0.0134050 0.0108094
vn -2.6979415 3.3180676 -3.6739483
v 0.0354965 -0.0139967 0.0103200
vn -2.7689219 3.5874085 -3.4256785
v 0.0354965 -0.0157757 0.0086075
vn -2.6210418 3.8444505 -3.1273053
v 0.0354965 -0.0168094 0.0074050
vn 0.0000000 0.0000000 -3.3161263
v 0.0000000 -0.0350000 0.0147500
vn 0.0000000 0.0000000 -2.9649019
v 0.0000000 -0.0359401 0.0147500
vn 4.5393305 -3.3788054 2.6775157
v 0.0315189 -0.0234394 0.0126923
vn 4.9994211 -2.9470911 2.3502274
v 0.0347767 -0.0204301 0.0102924
vn 5.0079107 -2.6675062 2.6499736
v 0.0347767 -0.0184774 0.0124774
vn 2.1372528 -1.7834771 4.5916162
v 0.0284025 -0.0238325 0.0167500
vn 4.5161333 -3.0435135 3.0853465
v 0.0315189 -0.0211991 0.0151991
vn 2.3840950 -1.4261228 4.6064343
v 0.0321094 -0.0185384 0.0167500
vn 0.9117300 -2.6848879 4.4931254
v 0.0126810 -0.0348408 0.0167500
vn 1.2783774 -4.6045742 3.8411846
v 0.0099370 -0.0358586 0.0165315
vn 2.1595831 -5.0634389 2.9915664
v 0.0147713 -0.0346439 0.0157682
vn -2.6232619 -0.8886333 4.6240869
v -0.0348596 -0.0126292 0.0167500
vn -4.9594860 -2.0476215 3.2213721
v -0.0348552 -0.0138468 0.0160371
vn -2.5442758 -0.9768667 4.7024088
v -0.0348408 -0.0126810 0.0167500
vn -5.2371387 0.0159524 -0.1393048
v -0.0376330 -0.0024428 0.0156805
vn 2.3905706 -1.4205844 -4.6009898
v 0.0321094 -0.0185384 -0.0287500
vn 4.5161324 -3.0435131 -3.0853472
v 0.0315189 -0.0211991 -0.0271991
vn 2.1378222 -1.7826807 -4.5918550
v 0.0284025 -0.0238325 -0.0287500
vn 2.8507349 -0.0240885 -0.4289327
v 0.0375671 -0.0000000 -0.0279308
vn 5.7369375 -0.1140664 -1.0172899
v 0.0375671 -0.0024555 -0.0277929
vn 2.7200217 -0.2057815 -4.6978817
v 0.0369855 -0.0025999 -0.0287500
vn 5.6711287 -0.1908758 -0.8857180
v 0.0375671 -0.0048801 -0.0273809
vn 2.7028916 -0.5133645 -4.6543088
v 0.0365135 -0.0064383 -0.0287500
vn 5.6816149 -0.4048894 -1.0327294
v 0.0375671 -0.0072433 -0.0267001
vn 5.6316500 -0.4180072 -0.8691537
v 0.0375671 -0.0095154 -0.0257590
vn 2.6705923 -0.8202243 -4.5757923
v 0.0353871 -0.0110653 -0.0287500
vn 2.6266079 -0.9255828 -4.5951538
v 0.0348408 -0.0126810 -0.0287500
vn 5.6604462 -0.6115071 -0.9618688
v 0.0375671 -0.0116679 -0.0245693
vn 2.5980039 -0.9374928 -4.6382294
v 0.0347873 -0.0128271 -0.0287500
vn 5.1000438 -1.9900479 -3.0658808
v 0.0347767 -0.0139025 -0.0281258
vn 2.4998648 -1.1182120 -4.6794863
v 0.0341489 -0.0144409 -0.0287500
vn 5.0351501 -2.3390782 -2.9040887
v 0.0347767 -0.0162924 -0.0264301
vn 2.4456701 -1.3474979 -4.5800834
v 0.0323080 -0.0181901 -0.0287500
vn 5.0075154 -2.6671762 -2.6509128
v 0.0347767 -0.0184774 -0.0244774
vn 1.3185287 -2.4200454 -4.6478705
v 0.0185384 -0.0321094 -0.0287500
vn 2.8192370 -4.7762504 -2.9019160
v 0.0194072 -0.0329637 -0.0267125
vn 1.1500880 -2.4933343 -4.6651640
v 0.0147905 -0.0339989 -0.0287500
vn 2.1634889 -5.0600977 -2.9936674
v 0.0147713 -0.0346439 -0.0277682
vn 0.9117300 -2.6848879 -4.4931250
v 0.0126810 -0.0348408 -0.0287500
vn 1.2783771 -4.6045742 -3.8411853
v 0.0099370 -0.0358586 -0.0285315
vn 0.5228186 -2.7455051 -4.5747604
v 0.0064383 -0.0365135 -0.0287500
vn -0.5276644 -2.7443225 -4.5752463
v -0.0064383 -0.0365135 -0.0287500
vn -0.7218059 -5.6062398 -2.6723454
v -0.0050992 -0.0389219 -0.0247438
vn -1.4552693 -5.4837933 -2.6264935
v -0.0100644 -0.0381287 -0.0243618
vn -1.2988921 -4.6500196 -3.7994385
v -0.0100644 -0.0358331 -0.0285154
vn -2.1745777 -5.0580688 -2.9897318
v -0.0148944 -0.0346061 -0.0277445
vn -0.9185769 -2.6846123 -4.4890375
v -0.0126810 -0.0348408 -0.0287500
vn -1.1487250 -2.4911366 -4.6699615
v -0.0149141 -0.0339449 -0.0287500
vn -1.3247619 -2.4177656 -4.6461992
v -0.0185384 -0.0321094 -0.0287500
vn -2.8404002 -4.7673302 -2.8961546
v -0.0195242 -0.0329141 -0.0266813
vn -1.5493422 -2.3048897 -4.6073017
v -0.0195450 -0.0315068 -0.0287500
vn -4.5511813 -3.3680065 -2.6708140
v -0.0316090 -0.0233651 -0.0246331
vn -4.5302224 -3.0380230 -3.0705116
v -0.0316090 -0.0211320 -0.0271320
vn -2.1395068 -1.7813134 -4.5908875
v -0.0284025 -0.0238325 -0.0287500
vn -5.0179191 -2.6562917 -2.6420074
v -0.0348552 -0.0184033 -0.0244033
vn -5.0279574 -2.3243432 -2.9234345
v -0.0348552 -0.0162271 -0.0263481
vn -2.4163721 -1.3834982 -4.5908608
v -0.0321094 -0.0185384 -0.0287500
vn -4.9594855 -2.0476215 -3.2213721
v -0.0348552 -0.0138468 -0.0280371
vn -2.5442758 -0.9768668 -4.7024088
v -0.0348408 -0.0126810 -0.0287500
vn -2.6603055 -0.8165792 -4.5977631
v -0.0353871 -0.0110653 -0.0287500
vn -2.6181934 -0.8951258 -4.6292133
v -0.0348596 -0.0126292 -0.0287500
vn -5.1655908 0.0074981 0.0317081
v -0.0376330 -0.0116077 -0.0244735
vn -4.8813024 0.1792770 0.3686796
v -0.0376330 -0.0094663 -0.0256570
vn -5.1975336 0.0121009 0.0793928
v -0.0376330 -0.0072059 -0.0265933
vn -2.7002213 -0.6385884 -4.6127853
v -0.0361930 -0.0080469 -0.0287500
vn -4.8940477 0.1175227 0.4134605
v -0.0376330 -0.0048549 -0.0272706
vn -2.7353978 -0.4877331 -4.6056867
v -0.0365135 -0.0064383 -0.0287500
vn -5.2267923 -0.0063413 0.1261204
v -0.0376330 -0.0024428 -0.0276804
vn -2.7318063 -0.2271488 -4.6734629
v -0.0369855 -0.0025999 -0.0287500
vn -2.7223630 -0.2063050 4.6936769
v -0.0369855 -0.0025999 0.0167500
vn -4.9152222 0.1111981 -0.4472711
v -0.0376330 -0.0048549 0.0152706
vn -2.7024553 -0.4586628 4.6750412
v -0.0365135 -0.0064383 0.0167500
vn -5.2165666 0.0224031 -0.1062297
v -0.0376330 -0.0072059 0.0145933
vn -2.6823828 -0.6321139 4.6485057
v -0.0361930 -0.0080469 0.0167500
vn -4.8850679 0.1615948 -0.3833649
v -0.0376330 -0.0094663 0.0136570
vn -2.6642690 -0.8376965 4.5786996
v -0.0353871 -0.0110653 0.0167500
vn -2.4163721 -1.3834984 4.5908604
v -0.0321094 -0.0185384 0.0167500
vn -1.3216645 -2.4215393 4.6427164
v -0.0185384 -0.0321094 0.0167500
vn -1.5447652 -2.3059480 4.6106377
v -0.0195450 -0.0315068 0.0167500
vn -2.8360927 -4.7697630 2.8965404
v -0.0195242 -0.0329141 0.0146813
vn -1.6823847 -2.1937323 4.6322365
v -0.0236524 -0.0285526 0.0167500
vn -1.1568527 -2.4912322 4.6634140
v -0.0149141 -0.0339449 0.0167500
vn -2.1798375 -5.0535336 2.9925864
v -0.0148944 -0.0346061 0.0157445
vn -0.9185770 -2.6846123 4.4890366
v -0.0126810 -0.0348408 0.0167500
vn -1.2988917 -4.6500196 3.7994382
v -0.0100644 -0.0358331 0.0165154
vn -0.5276642 -2.7443225 4.5752463
v -0.0064383 -0.0365135 0.0167500
vn 0.5228185 -2.7455051 4.5747600
v 0.0064383 -0.0365135 0.0167500
vn 0.7038567 -5.6091452 2.6715195
v 0.0049692 -0.0389356 0.0127504
vn 1.4377195 -5.4880071 2.6275091
v 0.0099370 -0.0381559 0.0123749
vn 2.8209114 -4.7761464 2.9007456
v 0.0194072 -0.0329637 0.0147125
vn 1.3207226 -2.4174695 4.6501813
v 0.0185384 -0.0321094 0.0167500
vn 1.1441169 -2.4932599 4.6699548
v 0.0147905 -0.0339989 0.0167500
vn 2.0210009 -2.0742874 4.3570480
v 0.0238325 -0.0284025 0.0167500
vn 3.5787292 -4.1292496 3.0877035
v 0.0237822 -0.0284769 0.0167096
vn 1.7185948 -2.0564694 4.7807875
v 0.0237836 -0.0284434 0.0167500
vn 1.6816796 -2.1944256 4.6319399
v 0.0236524 -0.0285526 0.0167500
vn 2.5980039 -0.9374928 4.6382294
v 0.0347873 -0.0128271 0.0167500
vn 2.5271163 -1.1814179 4.5845070
v 0.0341489 -0.0144409 0.0167500
vn 5.0810032 -2.0289795 3.0678601
v 0.0347767 -0.0139025 0.0161258
vn 2.4405153 -1.3277051 4.6066842
v 0.0323080 -0.0181901 0.0167500
vn 5.0277944 -2.3294683 2.9222317
v 0.0347767 -0.0162924 0.0144301
vn 2.6417198 -0.8932266 4.5863676
v 0.0348408 -0.0126810 0.0167500
vn 5.6604500 -0.6115086 0.9618708
v 0.0375671 -0.0116679 0.0125693
vn 5.6065283 -0.4156114 0.9107242
v 0.0375671 -0.0095154 0.0137590
vn 5.6866679 -0.3965052 1.0264362
v 0.0375671 -0.0072433 0.0147001
vn 2.7053299 -0.6826298 4.5817900
v 0.0361930 -0.0080469 0.0167500
vn 5.6499929 -0.1846063 0.9192274
v 0.0375671 -0.0048801 0.0153809
vn 2.7351539 -0.4899393 4.6054544
v 0.0365135 -0.0064383 0.0167500
vn 5.7267175 -0.1365697 1.0301881
v 0.0375671 -0.0024555 0.0157929
vn 2.7294767 -0.2272858 4.6775970
v 0.0369855 -0.0025999 0.0167500
vn -2.1688364 -5.4772196 -2.1411703
v -0.0148944 -0.0385771 -0.0194987
vn -2.8418589 -5.2496190 -1.8750503
v -0.0195242 -0.0366909 -0.0188387
vn -2.8547275 -5.4361668 -1.2097319
v -0.0195242 -0.0378977 -0.0146499
vn -1.3520321 -5.9651995 -1.3277314
v -0.0100644 -0.0412587 -0.0154170
vn -1.3904862 -5.7411766 -2.0589533
v -0.0100644 -0.0399449 -0.0199773
vn -2.1437151 -5.8411808 -0.6318252
v -0.0148944 -0.0406136 -0.0105761
vn -1.4328777 -6.0485849 -0.6695455
v -0.0100644 -0.0420536 -0.0107383
vn -2.8058960 -5.5542836 -0.6208414
v -0.0195242 -0.0386279 -0.0103523
vn 2.2062068 -5.4969354 -2.0253053
v 0.0147713 -0.0386192 -0.0195134
vn 2.2940869 -5.6993160 -1.2364372
v 0.0147713 -0.0398894 -0.0151045
vn 1.3445902 -5.7402587 -2.0995281
v 0.0099370 -0.0399733 -0.0199873
vn 1.2525444 -5.9997330 -1.3006122
v 0.0099370 -0.0412880 -0.0154237
vn 2.1371431 -5.8429956 -0.6351286
v 0.0147713 -0.0406580 -0.0105811
vn 1.4073403 -6.0565505 -0.6599940
v 0.0099370 -0.0420835 -0.0107417
vn 1.2404535 -6.0013905 1.3089172
v 0.0099370 -0.0412880 0.0034237
vn 1.3436400 -5.7400727 2.1008484
v 0.0099370 -0.0399733 0.0079873
vn 2.2062075 -5.4969382 2.0253062
v 0.0147713 -0.0386192 0.0075134
vn 2.2940879 -5.6993165 1.2364362
v 0.0147713 -0.0398894 0.0031045
vn 1.4062254 -6.0570970 0.6586226
v 0.0099370 -0.0420835 -0.0012583
vn 2.1381123 -5.8428240 0.6343209
v 0.0147713 -0.0406580 -0.0014189
vn -2.8552804 -5.4362254 1.2085524
v -0.0195242 -0.0378977 0.0026499
vn -2.8432293 -5.2486434 1.8761373
v -0.0195242 -0.0366909 0.0068387
vn -2.1405168 -5.4825811 2.1592546
v -0.0148944 -0.0385771 0.0074987
vn -2.1445189 -5.8410864 0.6308612
v -0.0148944 -0.0406136 -0.0014239
vn -2.8058960 -5.5542841 0.6208420
v -0.0195242 -0.0386279 -0.0016477
vn -1.4323922 -6.0487804 0.6692381
v -0.0100644 -0.0420536 -0.0012617
vn -1.3909372 -5.7410936 2.0587940
v -0.0100644 -0.0399449 0.0079773
vn -1.3520901 -5.9651608 1.3278155
v -0.0100644 -0.0412587 0.0034170
vn 5.6177464 -0.6140586 -0.7700053
v 0.0375671 -0.0136736 -0.0231462
vn 5.6560955 -0.8103679 -0.8103680
v 0.0375671 -0.0155074 -0.0215074
vn 5.6177464 -0.6140591 0.7700056
v 0.0375671 -0.0136736 0.0111462
vn 5.6560955 -0.8103672 0.8103672
v 0.0375671 -0.0155074 0.0095074
vn 5.6177459 -0.7700055 0.6140589
v 0.0375671 -0.0171462 0.0076736
vn 5.6177464 -0.7700068 -0.6140597
v 0.0375671 -0.0171462 -0.0196736
vn 4.9994211 -2.9470911 -2.3502274
v 0.0347767 -0.0204301 -0.0222924
vn 4.5393295 -3.3788056 -2.6775155
v 0.0315189 -0.0234394 -0.0246923
vn 3.9794052 -3.7853589 -2.9998617
v 0.0278376 -0.0261337 -0.0268410
vn 1.8688941 -2.0578480 -4.6041465
v 0.0238325 -0.0284025 -0.0287500
vn 3.5503747 -4.1562905 -3.0870531
v 0.0237822 -0.0284769 -0.0287096
vn 1.7185949 -2.0564694 -4.7807875
v 0.0237836 -0.0284434 -0.0287500
vn 1.6816788 -2.1944261 -4.6319408
v 0.0236524 -0.0285526 -0.0287500
vn 5.6560960 -0.9703727 0.6097255
v 0.0375671 -0.0185693 0.0056679
vn 4.9994216 -3.1917026 2.0054798
v 0.0347767 -0.0221258 0.0079025
vn 4.5286260 -3.6582317 2.2986197
v 0.0315189 -0.0253849 0.0099504
vn 3.9976625 -4.0754166 2.5607526
v 0.0278376 -0.0283029 0.0117839
vn 3.9771416 -3.7851453 3.0025759
v 0.0278376 -0.0261337 0.0148410
vn 3.4158118 -4.4389172 2.7848148
v 0.0237822 -0.0308405 0.0133784
vn 5.6560955 -0.9703721 -0.6097252
v 0.0375671 -0.0185693 -0.0176679
vn 4.9994216 -3.1917028 -2.0054801
v 0.0347767 -0.0221258 -0.0199025
vn 4.5286255 -3.6582313 -2.2986197
v 0.0315189 -0.0253849 -0.0219504
vn 3.9976625 -4.0754166 -2.5607538
v 0.0278376 -0.0283029 -0.0237839
vn 3.4158111 -4.4389172 -2.7848148
v 0.0237822 -0.0308405 -0.0253784
vn 1.5402317 -2.3088579 -4.6108265
v 0.0194260 -0.0315804 -0.0287500
vn 1.5402319 -2.3088582 4.6108265
v 0.0194260 -0.0315804 0.0167500
vn 5.6560960 -1.0817202 -0.3785104
v 0.0375671 -0.0207001 -0.0132433
vn 5.6177464 -0.9601827 -0.2191553
v 0.0375671 -0.0213809 -0.0108801
vn 4.9994216 -3.5579414 -1.2449772
v 0.0347767 -0.0246646 -0.0146305
vn 4.9994211 -3.6749625 -0.8387866
v 0.0347767 -0.0254759 -0.0118147
vn 4.5286255 -4.0780039 -1.4269552
v 0.0315189 -0.0282977 -0.0159018
vn 4.5286245 -4.2121301 -0.9613913
v 0.0315189 -0.0292284 -0.0126712
vn 3.9976616 -4.5430593 -1.5896850
v 0.0278376 -0.0315505 -0.0170400
vn 3.9976621 -4.6924806 -1.0710286
v 0.0278376 -0.0325882 -0.0134381
vn 3.4137166 -4.9470329 -1.7310426
v 0.0237822 -0.0343794 -0.0180299
vn 3.4137158 -5.1097422 -1.1662664
v 0.0237822 -0.0355101 -0.0141050
vn 2.7846270 -5.2846880 -1.8491921
v 0.0194072 -0.0367462 -0.0188580
vn 2.7846265 -5.4585028 -1.2458680
v 0.0194072 -0.0379548 -0.0146629
vn 5.6560960 -1.1388254 -0.1283149
v 0.0375671 -0.0217929 -0.0084555
vn 4.9994211 -3.7457700 -0.4220468
v 0.0347767 -0.0259667 -0.0089257
vn 4.5286250 -4.2932873 -0.4837368
v 0.0315189 -0.0297916 -0.0093567
vn 3.9976623 -4.7828922 -0.5389026
v 0.0278376 -0.0332161 -0.0097426
vn 3.4137154 -5.2081938 -0.5868214
v 0.0237822 -0.0361943 -0.0100781
vn 2.7846255 -5.5636749 -0.6268748
v 0.0194072 -0.0386861 -0.0103589
vn 5.6560955 -1.1388254 0.1283146
v 0.0375671 -0.0217929 -0.0035445
vn 5.6177468 -0.9601820 0.2191554
v 0.0375671 -0.0213809 -0.0011199
vn 4.9994206 -3.7457697 0.4220469
v 0.0347767 -0.0259667 -0.0030743
vn 4.9994216 -3.6749630 0.8387865
v 0.0347767 -0.0254759 -0.0001853
vn 4.5286250 -4.2932868 0.4837368
v 0.0315189 -0.0297916 -0.0026433
vn 4.5286250 -4.2121305 0.9613913
v 0.0315189 -0.0292284 0.0006712
vn 3.9976625 -4.7828927 0.5389021
v 0.0278376 -0.0332161 -0.0022574
vn 3.9976623 -4.6924810 1.0710286
v 0.0278376 -0.0325882 0.0014381
vn 3.4137156 -5.2081933 0.5868215
v 0.0237822 -0.0361943 -0.0019219
vn 3.4137151 -5.1097422 1.1662664
v 0.0237822 -0.0355101 0.0021050
vn 2.7846251 -5.5636744 0.6268760
v 0.0194072 -0.0386861 -0.0016411
vn 2.7846265 -5.4585032 1.2458676
v 0.0194072 -0.0379548 0.0026629
vn 5.6560955 -1.0817206 0.3785106
v 0.0375671 -0.0207001 0.0012433
vn 4.9994221 -3.5579414 1.2449775
v 0.0347767 -0.0246646 0.0026305
vn 4.5286255 -4.0780039 1.4269553
v 0.0315189 -0.0282977 0.0039018
vn 3.9976618 -4.5430584 1.5896847
v 0.0278376 -0.0315505 0.0050400
vn 3.4137158 -4.9470334 1.7310426
v 0.0237822 -0.0343794 0.0060299
vn 2.7846274 -5.2846880 1.8491919
v 0.0194072 -0.0367462 0.0068580
vn 5.6177454 -0.8873389 -0.4273199
v 0.0375671 -0.0197590 -0.0155154
vn 4.9994216 -3.3961763 -1.6355124
v 0.0347767 -0.0235432 -0.0173378
vn 4.5286255 -3.8925934 -1.8745743
v 0.0315189 -0.0270111 -0.0190079
vn 3.9976616 -4.3365054 -2.0883493
v 0.0278376 -0.0301161 -0.0205031
vn 3.4137158 -4.7221127 -2.2740483
v 0.0237822 -0.0328163 -0.0218035
vn 2.7846270 -5.0444155 -2.4292622
v 0.0194072 -0.0350755 -0.0228915
vn 2.1187840 -5.2992563 -2.5519874
v 0.0147713 -0.0368634 -0.0237525
vn 1.4377196 -5.4880075 -2.6275098
v 0.0099370 -0.0381559 -0.0243749
vn 0.7016741 -5.6082401 -2.6734300
v 0.0049692 -0.0389356 -0.0247504
vn 0.3112308 -2.7766728 -4.5746813
v 0.0049716 -0.0367419 -0.0287500
vn -0.0089245 -5.6383071 -2.6992197
v -0.0000655 -0.0391921 -0.0248739
vn 0.0003286 -2.8094902 -1.5343199
v 0.0000000 -0.0370768 -0.0287500
vn -0.3182707 -2.7749748 -4.5765018
v -0.0051015 -0.0367241 -0.0287500
vn 5.6177454 -0.8873388 0.4273200
v 0.0375671 -0.0197590 0.0035154
vn 4.9994216 -3.3961766 1.6355125
v 0.0347767 -0.0235432 0.0053378
vn 4.5286250 -3.8925939 1.8745748
v 0.0315189 -0.0270111 0.0070079
vn 3.9976621 -4.3365049 2.0883496
v 0.0278376 -0.0301161 0.0085031
vn 3.4137161 -4.7221127 2.2740481
v 0.0237822 -0.0328163 0.0098035
vn 2.7846270 -5.0444155 2.4292617
v 0.0194072 -0.0350755 0.0108915
vn 2.1187832 -5.2992563 2.5519879
v 0.0147713 -0.0368634 0.0117525
vn 0.7125042 -5.8608513 -2.0508001
v 0.0049692 -0.0407901 -0.0202731
vn 0.7125041 -6.0536156 -1.3816981
v 0.0049692 -0.0421317 -0.0156163
vn -0.0093838 -5.8991032 -2.0641851
v -0.0000655 -0.0410589 -0.0203671
vn -0.0093848 -6.0931268 -1.3907154
v -0.0000655 -0.0424093 -0.0156797
vn -0.7311510 -5.8588142 -2.0500870
v -0.0050992 -0.0407759 -0.0202681
vn -0.7311500 -6.0515127 -1.3812177
v -0.0050992 -0.0421170 -0.0156129
vn 0.7125031 -6.1702528 -0.6952210
v 0.0049692 -0.0429435 -0.0108386
vn -0.0093846 -6.2105250 -0.6997584
v -0.0000655 -0.0432264 -0.0108704
vn -0.7311490 -6.1681099 -0.6949793
v -0.0050992 -0.0429285 -0.0108369
vn 0.7125033 -6.1702528 0.6952211
v 0.0049692 -0.0429435 -0.0011614
vn 0.7125039 -6.0536151 1.3816977
v 0.0049692 -0.0421317 0.0036163
vn -0.0093844 -6.2105250 0.6997579
v -0.0000655 -0.0432264 -0.0011296
vn -0.0093848 -6.0931268 1.3907160
v -0.0000655 -0.0424093 0.0036796
vn -0.7311489 -6.1681094 0.6949793
v -0.0050992 -0.0429285 -0.0011631
vn -0.7311493 -6.0515137 1.3812176
v -0.0050992 -0.0421170 0.0036129
vn 0.7125040 -5.8608503 2.0508001
v 0.0049692 -0.0407901 0.0082731
vn -0.0093838 -5.8991036 2.0641842
v -0.0000655 -0.0410589 0.0083671
vn -0.7311504 -5.8588152 2.0500872
v -0.0050992 -0.0407759 0.0082681
vn -2.1364489 -5.2935266 -2.5492289
v -0.0148944 -0.0368231 -0.0237331
vn -2.8014486 -5.0368900 -2.4256382
v -0.0195242 -0.0350227 -0.0228661
vn 5.6177464 -0.9848740 0.0000002
v 0.0375671 -0.0219308 -0.0060000
vn 4.9994216 -3.7694716 0.0000000
v 0.0347767 -0.0261310 -0.0060000
vn 4.5286255 -4.3204532 0.0000000
v 0.0315189 -0.0299801 -0.0060000
vn 3.9976621 -4.8131571 0.0000004
v 0.0278376 -0.0334263 -0.0060000
vn 3.4137158 -5.2411489 -0.0000001
v 0.0237822 -0.0364233 -0.0060000
vn 2.7846265 -5.5988784 -0.0000007
v 0.0194072 -0.0389309 -0.0060000
vn 2.1187849 -5.8817306 -0.0000001
v 0.0147713 -0.0409152 -0.0060000
vn 1.4250219 -6.0860744 0.0000000
v 0.0099370 -0.0423498 -0.0060000
vn 0.7125026 -6.2092953 0.0000002
v 0.0049692 -0.0432152 -0.0060000
vn -0.0093850 -6.2498231 0.0000002
v -0.0000655 -0.0435000 -0.0060000
vn -0.7311488 -6.2071390 -0.0000001
v -0.0050992 -0.0432001 -0.0060000
vn -1.4432974 -6.0817895 0.0000000
v -0.0100644 -0.0423197 -0.0060000
vn -2.1364503 -5.8753715 0.0000002
v -0.0148944 -0.0408706 -0.0060000
vn -2.8014498 -5.5905256 -0.0000002
v -0.0195242 -0.0388723 -0.0060000
vn -0.0120660 -5.6389060 2.6982548
v -0.0000655 -0.0391921 0.0128739
vn -0.7208457 -5.6058469 2.6731813
v -0.0050992 -0.0389219 0.0127438
vn -1.4552686 -5.4837937 2.6264927
v -0.0100644 -0.0381287 0.0123618
vn -2.1364498 -5.2935266 2.5492282
v -0.0148944 -0.0368231 0.0117331
vn -2.8014483 -5.0368905 2.4256375
v -0.0195242 -0.0350227 0.0108661
vn 0.3133039 -2.7755730 4.5764375
v 0.0049716 -0.0367419 0.0167500
vn -0.0030326 -2.8089263 1.5355194
v 0.0000000 -0.0370768 0.0167500
vn -0.3173737 -2.7754531 4.5757418
v -0.0051015 -0.0367241 0.0167500
vn -1.6636171 -2.1661828 -4.6920886
v -0.0238325 -0.0284025 -0.0287500
vn -3.4868650 -4.1883121 -3.0991914
v -0.0238917 -0.0284208 -0.0286648
vn -3.4294720 -4.4291387 -2.7830126
v -0.0238917 -0.0307798 -0.0253402
vn -3.4294720 -4.7128873 -2.2696068
v -0.0238917 -0.0327516 -0.0217724
vn -3.4294717 -4.9373693 -1.7276601
v -0.0238917 -0.0343117 -0.0180062
vn -3.4294722 -5.0997610 -1.1639873
v -0.0238917 -0.0354402 -0.0140890
vn -3.4294727 -5.1980195 -0.5856765
v -0.0238917 -0.0361230 -0.0100701
vn -3.4294722 -5.2309098 0.0000001
v -0.0238917 -0.0363516 -0.0060000
vn -3.4294724 -5.1980190 0.5856766
v -0.0238917 -0.0361230 -0.0019299
vn -3.4294720 -5.0997605 1.1639873
v -0.0238917 -0.0354402 0.0020890
vn -3.4294720 -4.9373703 1.7276592
v -0.0238917 -0.0343117 0.0060062
vn -3.4294720 -4.7128873 2.2696071
v -0.0238917 -0.0327516 0.0097724
vn -3.4330928 -4.4309750 2.7767954
v -0.0238917 -0.0307798 0.0133402
vn -3.6215439 -4.0161214 3.1728508
v -0.0238917 -0.0284208 0.0166648
vn -1.8053498 -2.0120773 4.7394805
v -0.0238325 -0.0284025 0.0167500
vn -2.1390593 -1.7819411 4.5906873
v -0.0284025 -0.0238325 0.0167500
vn -3.9956093 -3.7765079 2.9897561
v -0.0279381 -0.0260681 0.0147886
vn -4.0121403 -4.0652633 2.5543733
v -0.0279381 -0.0282318 0.0117392
vn -4.0121412 -4.3256993 2.0831482
v -0.0279381 -0.0300405 0.0084667
vn -4.0121403 -4.5317397 1.5857236
v -0.0279381 -0.0314713 0.0050123
vn -4.0121408 -4.6807904 1.0683595
v -0.0279381 -0.0325064 0.0014194
vn -4.0121403 -4.7709756 0.5375593
v -0.0279381 -0.0331327 -0.0022668
vn -4.0121408 -4.8011646 0.0000003
v -0.0279381 -0.0333424 -0.0060000
vn -4.0121403 -4.7709761 -0.5375599
v -0.0279381 -0.0331327 -0.0097332
vn -4.0121408 -4.6807899 -1.0683590
v -0.0279381 -0.0325064 -0.0134194
vn -4.0121403 -4.5317397 -1.5857242
v -0.0279381 -0.0314713 -0.0170123
vn -4.0121408 -4.3256998 -2.0831478
v -0.0279381 -0.0300405 -0.0204667
vn -4.0121408 -4.0652623 -2.5543737
v -0.0279381 -0.0282318 -0.0237392
vn -3.9971972 -3.7766123 -2.9878738
v -0.0279381 -0.0260681 -0.0267886
vn -1.8476038 -2.0128655 -4.6904483
v -0.0238944 -0.0283504 -0.0287500
vn -4.5302219 -3.0380230 3.0705109
v -0.0316090 -0.0211320 0.0151320
vn -4.5511808 -3.3680062 2.6708136
v -0.0316090 -0.0233651 0.0126331
vn -4.5416298 -3.6467266 2.2913909
v -0.0316090 -0.0253045 0.0098998
vn -4.5416293 -3.8803518 1.8686790
v -0.0316090 -0.0269256 0.0069667
vn -4.5416298 -4.0651784 1.4224675
v -0.0316090 -0.0282081 0.0038704
vn -4.5416293 -4.1988831 0.9583676
v -0.0316090 -0.0291358 0.0006501
vn -4.5416288 -4.2797847 0.4822160
v -0.0316090 -0.0296972 -0.0026539
vn -4.5416288 -4.3068657 -0.0000001
v -0.0316090 -0.0298851 -0.0060000
vn -4.5416288 -4.2797847 -0.4822159
v -0.0316090 -0.0296972 -0.0093461
vn -4.5416298 -4.1988835 -0.9583676
v -0.0316090 -0.0291358 -0.0126501
vn -4.5416293 -4.0651789 -1.4224674
v -0.0316090 -0.0282081 -0.0158704
vn -4.5416293 -3.8803515 -1.8686792
v -0.0316090 -0.0269256 -0.0189667
vn -4.5416288 -3.6467268 -2.2913916
v -0.0316090 -0.0253045 -0.0218998
vn -5.0279570 -2.3243437 2.9234340
v -0.0348552 -0.0162271 0.0143481
vn -5.0179191 -2.6562917 2.6420071
v -0.0348552 -0.0184033 0.0124033
vn -5.0107751 -2.9353583 2.3408709
v -0.0348552 -0.0203481 0.0102271
vn -5.0107756 -3.1789966 1.9974958
v -0.0348552 -0.0220371 0.0078468
vn -5.0107756 -3.3826563 1.6290013
v -0.0348552 -0.0234488 0.0052924
vn -5.0107746 -3.5437768 1.2400206
v -0.0348552 -0.0245657 0.0025959
vn -5.0107751 -3.6603327 0.8354473
v -0.0348552 -0.0253737 -0.0002086
vn -5.0107751 -3.7308569 0.4203669
v -0.0348552 -0.0258626 -0.0030860
vn -5.0107751 -3.7544646 0.0000001
v -0.0348552 -0.0260263 -0.0060000
vn -5.0107746 -3.7308574 -0.4203669
v -0.0348552 -0.0258626 -0.0089140
vn -5.0107751 -3.6603327 -0.8354472
v -0.0348552 -0.0253737 -0.0117914
vn -5.0107751 -3.5437768 -1.2400209
v -0.0348552 -0.0245657 -0.0145959
vn -5.0107751 -3.3826561 -1.6290014
v -0.0348552 -0.0234488 -0.0172924
vn -5.0107751 -3.1789958 -1.9974960
v -0.0348552 -0.0220371 -0.0198468
vn -5.0107746 -2.9353585 -2.3408713
v -0.0348552 -0.0203481 -0.0222271
vn -5.1626549 0.0101450 -0.0250884
v -0.0376330 -0.0116077 0.0124735
vn -4.8624821 0.2383959 -0.2989393
v -0.0376330 -0.0136031 0.0110577
vn -5.1591930 0.0152956 -0.0152960
v -0.0376330 -0.0154274 0.0094274
vn -4.8624821 0.2989395 -0.2383961
v -0.0376330 -0.0170577 0.0076031
vn -5.1591911 0.0183192 -0.0115109
v -0.0376330 -0.0184735 0.0056077
vn -4.8624797 0.3444941 -0.1658998
v -0.0376330 -0.0196570 0.0034663
vn -5.1591916 0.0204190 -0.0071441
v -0.0376330 -0.0205933 0.0012059
vn -4.8624849 0.3727672 -0.0850817
v -0.0376330 -0.0212706 -0.0011451
vn -5.1591911 0.0214978 -0.0024229
v -0.0376330 -0.0216805 -0.0035572
vn -4.8624759 0.3823647 -0.0000000
v -0.0376330 -0.0218176 -0.0060000
vn -5.1591907 0.0214981 0.0024232
v -0.0376330 -0.0216805 -0.0084428
vn -4.8624849 0.3727669 0.0850814
v -0.0376330 -0.0212706 -0.0108549
vn -5.1591916 0.0204191 0.0071446
v -0.0376330 -0.0205933 -0.0132059
vn -4.8624792 0.3444939 0.1658995
v -0.0376330 -0.0196570 -0.0154663
vn -5.1591916 0.0183181 0.0115105
v -0.0376330 -0.0184735 -0.0176077
vn -4.8624821 0.2989393 0.2383962
v -0.0376330 -0.0170577 -0.0196031
vn -5.1591921 0.0152961 0.0152958
v -0.0376330 -0.0154274 -0.0214274
vn -4.8624821 0.2383960 0.2989394
v -0.0376330 -0.0136031 -0.0230577
vn -2.2856557 1.1935852 5.2724051
v -0.0373153 -0.0047842 -0.0269609
vn -2.2784164 2.3497000 4.8690143
v -0.0373153 -0.0093285 -0.0253708
vn -2.2771466 3.3741603 4.2240334
v -0.0373153 -0.0134050 -0.0228094
vn -2.2763908 4.2292166 3.3674738
v -0.0373153 -0.0168094 -0.0194050
vn -2.2761891 4.8721328 2.3424218
v -0.0373153 -0.0193708 -0.0153285
vn -2.2765908 5.2708397 1.2003626
v -0.0373153 -0.0209609 -0.0107842
vn -2.2776248 5.4055939 -0.0014043
v -0.0373153 -0.0215000 -0.0060000
vn -2.2793725 5.2698431 -1.2026715
v -0.0373153 -0.0209609 -0.0012158
vn -2.2818675 4.8706646 -2.3433397
v -0.0373153 -0.0193708 0.0033285
vn -2.2851956 4.2282581 -3.3664274
v -0.0373153 -0.0168094 0.0074050
vn -2.2894273 3.3749909 -4.2209406
v -0.0373153 -0.0134050 0.0108094
vn -2.2931960 2.3571548 -4.8631196
v -0.0373153 -0.0093285 0.0133708
vn -2.3012793 1.1883553 -5.2708154
v -0.0373153 -0.0047842 0.0149609
vn 3.1463881 0.8800026 -3.8937564
v 0.0374487 -0.0047842 0.0149609
vn 3.1396518 1.7361187 -3.5951757
v 0.0374487 -0.0093285 0.0133708
vn 3.1385918 2.4925122 -3.1186531
v 0.0374487 -0.0134050 0.0108094
vn 3.1380191 3.1237073 -2.4859748
v 0.0374487 -0.0168094 0.0074050
vn 3.1379738 3.5981910 -1.7289984
v 0.0374487 -0.0193708 0.0033285
vn 3.1384983 3.8923440 -0.8857659
v 0.0374487 -0.0209609 -0.0012158
vn 3.1396399 3.9916425 0.0014147
v 0.0374487 -0.0215000 -0.0060000
vn 3.1414468 3.8913300 0.8881107
v 0.0374487 -0.0209609 -0.0107842
vn 3.1439774 3.5966694 1.7299945
v 0.0374487 -0.0193708 -0.0153285
vn 3.1472912 3.1226132 2.4850631
v 0.0374487 -0.0168094 -0.0194050
vn 3.1514575 2.4930727 3.1157453
v 0.0374487 -0.0134050 -0.0228094
vn 3.1549702 1.7432030 3.5894456
v 0.0374487 -0.0093285 -0.0253708
vn 3.1627860 0.8743481 3.8922253
v 0.0374487 -0.0047842 -0.0269609
vn 1.6225796 0.0269092 0.4308515
v 0.0374487 -0.0000000 -0.0275000
vn -2.7103455 1.5648195 3.3161254
v 0.0305707 -0.0176500 0.0167500
vn -2.3974411 2.0116925 3.3161249
v 0.0270414 -0.0226904 0.0167500
vn -1.0703988 2.9408977 3.3161259
v 0.0120733 -0.0331712 0.0167500
vn -0.5434560 3.0820916 3.3161252
v 0.0061298 -0.0347637 0.0167500
vn 0.5434561 3.0820923 3.3161247
v -0.0061298 -0.0347637 0.0167500
vn 1.0703988 2.9408977 3.3161261
v -0.0120733 -0.0331712 0.0167500
vn -2.9408977 1.0703988 3.3161261
v 0.0331712 -0.0120733 0.0167500
vn -2.0116923 2.3974409 3.3161259
v 0.0226904 -0.0270414 0.0167500
vn -3.0820923 0.5434561 3.3161247
v 0.0347637 -0.0061298 0.0167500
vn -1.5648192 2.7103455 3.3161259
v 0.0176500 -0.0305707 0.0167500
vn 0.0000000 0.0000000 3.3161266
v 0.0000000 -0.0353000 0.0167500
vn 0.0000000 0.0000000 3.0053306
v 0.0000000 -0.0370768 0.0167500
vn 2.0116925 2.3974411 3.3161249
v -0.0226904 -0.0270414 0.0167500
vn 2.3974409 2.0116923 3.3161249
v -0.0270414 -0.0226904 0.0167500
vn 2.7103455 1.5648192 3.3161256
v -0.0305707 -0.0176500 0.0167500
vn 2.9408977 1.0703988 3.3161263
v -0.0331712 -0.0120733 0.0167500
vn 1.5648195 2.7103455 3.3161256
v -0.0176500 -0.0305707 0.0167500
vn 3.0820916 0.5434560 3.3161249
v -0.0347637 -0.0061298 0.0167500
vn 3.0820923 0.5434561 -3.3161247
v -0.0347637 -0.0061298 -0.0287500
vn -2.9408977 1.0703988 -3.3161261
v 0.0331712 -0.0120733 -0.0287500
vn 1.0703988 2.9408977 -3.3161259
v -0.0120733 -0.0331712 -0.0287500
vn 0.5434560 3.0820916 -3.3161249
v -0.0061298 -0.0347637 -0.0287500
vn -3.0820916 0.5434560 -3.3161249
v 0.0347637 -0.0061298 -0.0287500
vn 2.9408977 1.0703988 -3.3161271
v -0.0331712 -0.0120733 -0.0287500
vn 2.0116923 2.3974409 -3.3161259
v -0.0226904 -0.0270414 -0.0287500
vn 1.5648192 2.7103455 -3.3161254
v -0.0176500 -0.0305707 -0.0287500
vn -2.7103455 1.5648192 -3.3161254
v 0.0305707 -0.0176500 -0.0287500
vn 2.3974411 2.0116925 -3.3161249
v -0.0270414 -0.0226904 -0.0287500
vn 2.7103455 1.5648195 -3.3161256
v -0.0305707 -0.0176500 -0.0287500
vn -0.5434561 3.0820923 -3.3161247
v 0.0061298 -0.0347637 -0.0287500
vn -1.0703988 2.9408977 -3.3161259
v 0.0120733 -0.0331712 -0.0287500
vn -2.3974409 2.0116923 -3.3161252
v 0.0270414 -0.0226904 -0.0287500
vn -2.0116925 2.3974411 -3.3161254
v 0.0226904 -0.0270414 -0.0287500
vn 0.0000000 0.0000000 -3.3161263
v 0.0000000 -0.0353000 -0.0287500
vn 0.0000000 0.0000000 -3.0053308
v 0.0000000 -0.0370768 -0.0287500
vn -1.5648195 2.7103455 -3.3161259
v 0.0176500 -0.0305707 -0.0287500
vn -3.0820923 0.5434561 -2.9670615
v 0.0347637 -0.0061298 -0.0277500
vn -2.9408977 1.0703988 -2.9670587
v 0.0331712 -0.0120733 -0.0277500
vn -2.7103457 1.5648193 -2.9670589
v 0.0305707 -0.0176500 -0.0277500
vn -2.3974414 2.0116925 -2.9670568
v 0.0270414 -0.0226904 -0.0277500
vn -2.0116923 2.3974409 -2.9670579
v 0.0226904 -0.0270414 -0.0277500
vn -1.5648191 2.7103453 -2.9670589
v 0.0176500 -0.0305707 -0.0277500
vn -1.0703988 2.9408979 -2.9670601
v 0.0120733 -0.0331712 -0.0277500
vn -0.5434560 3.0820918 -2.9670610
v 0.0061298 -0.0347637 -0.0277500
vn -0.0000000 3.1296382 -2.9670596
v 0.0000000 -0.0353000 -0.0277500
vn 0.0000000 3.1296384 0.0000000
v 0.0000000 -0.0353000 -0.0287500
vn 0.5434561 3.0820923 -2.9670615
v -0.0061298 -0.0347637 -0.0277500
vn 1.0703988 2.9408977 -2.9670587
v -0.0120733 -0.0331712 -0.0277500
vn 1.5648193 2.7103457 -2.9670589
v -0.0176500 -0.0305707 -0.0277500
vn 2.0116925 2.3974414 -2.9670568
v -0.0226904 -0.0270414 -0.0277500
vn 2.3974409 2.0116923 -2.9670579
v -0.0270414 -0.0226904 -0.0277500
vn 2.7103453 1.5648191 -2.9670589
v -0.0305707 -0.0176500 -0.0277500
vn 2.9408979 1.0703988 -2.9670601
v -0.0331712 -0.0120733 -0.0277500
vn 3.0820918 0.5434560 -2.9670610
v -0.0347637 -0.0061298 -0.0277500
vn 3.0820923 0.5434561 2.9670615
v -0.0347637 -0.0061298 0.0157500
vn 2.9408977 1.0703988 2.9670587
v -0.0331712 -0.0120733 0.0157500
vn 2.7103457 1.5648193 2.9670589
v -0.0305707 -0.0176500 0.0157500
vn 2.3974414 2.0116925 2.9670568
v -0.0270414 -0.0226904 0.0157500
vn 2.0116923 2.3974409 2.9670579
v -0.0226904 -0.0270414 0.0157500
vn 1.5648191 2.7103453 2.9670589
v -0.0176500 -0.0305707 0.0157500
vn 1.0703988 2.9408979 2.9670601
v -0.0120733 -0.0331712 0.0157500
vn 0.5434560 3.0820918 2.9670610
v -0.0061298 -0.0347637 0.0157500
vn 0.0000000 3.1296382 2.9670596
v 0.0000000 -0.0353000 0.0157500
vn -0.0000000 3.1296384 0.0000000
v 0.0000000 -0.0353000 0.0167500
vn -0.5434561 3.0820923 2.9670615
v 0.0061298 -0.0347637 0.0157500
vn -1.0703988 2.9408977 2.9670587
v 0.0120733 -0.0331712 0.0157500
vn -1.5648193 2.7103457 2.9670589
v 0.0176500 -0.0305707 0.0157500
vn -2.0116925 2.3974414 2.9670568
v 0.0226904 -0.0270414 0.0157500
vn -2.3974409 2.0116923 2.9670579
v 0.0270414 -0.0226904 0.0157500
vn -2.7103453 1.5648191 2.9670589
v 0.0305707 -0.0176500 0.0157500
vn -2.9408979 1.0703988 2.9670601
v 0.0331712 -0.0120733 0.0157500
vn -3.0820918 0.5434560 2.9670610
v 0.0347637 -0.0061298 0.0157500
# 6246 vertices, 0 vertices normals

f 1//1 2//2 3//3
f 4//4 5//5 6//6
f 6//6 5//5 1//1
f 6//6 1//1 7//7
f 7//7 1//1 3//3
f 8//8 9//9 10//10
f 11//11 12//12 13//13
f 8//8 10//10 13//13
f 13//13 10//10 14//14
f 13//13 14//14 11//11
f 3//3 2//2 15//15
f 15//15 2//2 16//16
f 15//15 16//16 17//17
f 17//17 16//16 18//18
f 19//19 20//20 21//21
f 21//21 20//20 22//22
f 21//21 22//22 23//23
f 19//19 24//24 20//20
f 20//20 24//24 25//25
f 20//20 25//25 26//26
f 26//26 25//25 27//27
f 26//26 27//27 28//28
f 28//28 27//27 29//29
f 28//28 29//29 30//30
f 30//30 29//29 31//31
f 30//30 31//31 32//32
f 32//32 31//31 33//33
f 32//32 33//33 34//34
f 34//34 33//33 35//35
f 34//34 35//35 36//36
f 36//36 35//35 37//37
f 36//36 37//37 38//38
f 38//38 37//37 39//39
f 38//38 39//39 40//40
f 40//40 39//39 41//41
f 40//40 41//41 42//42
f 42//42 41//41 43//43
f 42//42 43//43 44//44
f 44//44 43//43 45//45
f 44//44 45//45 46//46
f 46//46 45//45 47//47
f 46//46 47//47 48//48
f 48//48 47//47 49//49
f 48//48 49//49 50//50
f 50//50 49//49 51//51
f 50//50 51//51 52//52
f 52//52 51//51 53//53
f 52//52 53//53 54//54
f 54//54 53//53 55//55
f 54//54 55//55 16//16
f 16//16 55//55 56//56
f 16//16 56//56 18//18
f 57//57 58//58 59//59
f 59//59 58//58 60//60
f 59//59 60//60 61//61
f 61//61 60//60 62//62
f 63//63 64//64 65//65
f 65//65 64//64 66//66
f 65//65 66//66 67//67
f 63//63 68//68 64//64
f 64//64 68//68 69//69
f 64//64 69//69 70//70
f 70//70 69//69 71//71
f 70//70 71//71 72//72
f 72//72 71//71 73//73
f 72//72 73//73 74//74
f 74//74 73//73 75//75
f 74//74 75//75 76//76
f 76//76 75//75 77//77
f 76//76 77//77 78//78
f 78//78 77//77 79//79
f 78//78 79//79 80//80
f 80//80 79//79 81//81
f 80//80 81//81 82//82
f 82//82 81//81 83//83
f 82//82 83//83 84//84
f 84//84 83//83 85//85
f 84//84 85//85 86//86
f 86//86 85//85 87//87
f 86//86 87//87 88//88
f 88//88 87//87 89//89
f 88//88 89//89 90//90
f 90//90 89//89 91//91
f 90//90 91//91 92//92
f 92//92 91//91 93//93
f 92//92 93//93 94//94
f 94//94 93//93 95//95
f 94//94 95//95 96//96
f 96//96 95//95 97//97
f 96//96 97//97 98//98
f 98//98 97//97 99//99
f 98//98 99//99 60//60
f 60//60 99//99 100//100
f 60//60 100//100 62//62
f 101//101 67//67 102//102
f 102//102 67//67 66//66
f 103//103 104//104 102//102
f 102//102 104//104 105//105
f 102//102 105//105 101//101
f 106//106 107//107 108//108
f 58//58 57//57 109//109
f 109//109 57//57 106//106
f 109//109 106//106 110//110
f 110//110 106//106 108//108
f 111//111 112//112 113//113
f 114//114 115//115 116//116
f 117//117 118//118 119//119
f 120//120 121//121 122//122
f 123//123 124//124 125//125
f 126//126 127//127 128//128
f 129//129 130//130 131//131
f 132//132 133//133 134//134
f 135//135 136//136 137//137
f 138//138 139//139 140//140
f 141//141 142//142 143//143
f 144//144 145//145 146//146
f 147//147 148//148 149//149
f 150//150 151//151 152//152
f 150//150 152//152 153//153
f 153//153 152//152 154//154
f 153//153 154//154 155//155
f 151//151 156//156 152//152
f 152//152 156//156 157//157
f 152//152 157//157 158//158
f 159//159 160//160 161//161
f 159//159 161//161 162//162
f 160//160 163//163 161//161
f 161//161 163//163 164//164
f 161//161 164//164 154//154
f 154//154 164//164 165//165
f 154//154 165//165 155//155
f 166//166 167//167 161//161
f 161//161 167//167 168//168
f 161//161 168//168 162//162
f 169//169 170//170 171//171
f 171//171 170//170 172//172
f 171//171 172//172 173//173
f 173//173 172//172 166//166
f 173//173 166//166 174//174
f 174//174 166//166 161//161
f 175//175 176//176 169//169
f 169//169 176//176 177//177
f 169//169 177//177 170//170
f 178//178 179//179 169//169
f 169//169 179//179 180//180
f 169//169 180//180 175//175
f 178//178 169//169 181//181
f 181//181 169//169 182//182
f 181//181 182//182 183//183
f 184//184 185//185 186//186
f 184//184 186//186 187//187
f 185//185 188//188 186//186
f 186//186 188//188 189//189
f 186//186 189//189 182//182
f 182//182 189//189 190//190
f 182//182 190//190 183//183
f 191//191 192//192 186//186
f 186//186 192//192 193//193
f 186//186 193//193 187//187
f 191//191 194//194 195//195
f 195//195 194//194 196//196
f 195//195 196//196 197//197
f 198//198 199//199 200//200
f 200//200 199//199 201//201
f 200//200 201//201 202//202
f 202//202 203//203 200//200
f 200//200 203//203 204//204
f 200//200 204//204 196//196
f 196//196 204//204 205//205
f 196//196 205//205 197//197
f 206//206 207//207 208//208
f 208//208 207//207 209//209
f 208//208 209//209 210//210
f 206//206 211//211 207//207
f 207//207 211//211 212//212
f 207//207 212//212 199//199
f 199//199 212//212 213//213
f 199//199 213//213 201//201
f 214//214 215//215 216//216
f 216//216 215//215 209//209
f 209//209 215//215 217//217
f 209//209 217//217 210//210
f 218//218 219//219 220//220
f 221//221 222//222 223//223
f 218//218 220//220 223//223
f 223//223 220//220 224//224
f 223//223 224//224 221//221
f 225//225 226//226 227//227
f 227//227 226//226 223//223
f 227//227 223//223 228//228
f 228//228 223//223 222//222
f 228//228 222//222 229//229
f 230//230 231//231 232//232
f 232//232 231//231 233//233
f 232//232 233//233 234//234
f 234//234 235//235 232//232
f 232//232 235//235 236//236
f 232//232 236//236 218//218
f 218//218 236//236 237//237
f 218//218 237//237 219//219
f 230//230 232//232 238//238
f 238//238 232//232 239//239
f 238//238 239//239 240//240
f 240//240 239//239 241//241
f 240//240 241//241 242//242
f 242//242 241//241 243//243
f 242//242 243//243 244//244
f 245//245 246//246 247//247
f 248//248 249//249 250//250
f 250//250 249//249 251//251
f 250//250 251//251 247//247
f 247//247 251//251 252//252
f 247//247 252//252 245//245
f 244//244 243//243 253//253
f 253//253 243//243 247//247
f 253//253 247//247 254//254
f 254//254 247//247 246//246
f 254//254 246//246 255//255
f 256//256 257//257 258//258
f 259//259 260//260 261//261
f 261//261 260//260 262//262
f 263//263 264//264 265//265
f 265//265 264//264 266//266
f 267//267 263//263 268//268
f 268//268 263//263 265//265
f 268//268 265//265 260//260
f 260//260 265//265 266//266
f 260//260 266//266 262//262
f 269//269 270//270 271//271
f 271//271 270//270 272//272
f 271//271 272//272 267//267
f 267//267 272//272 273//273
f 267//267 273//273 274//274
f 274//274 275//275 267//267
f 267//267 275//275 276//276
f 267//267 276//276 263//263
f 277//277 278//278 279//279
f 278//278 280//280 279//279
f 279//279 280//280 281//281
f 279//279 281//281 271//271
f 271//271 281//281 282//282
f 271//271 282//282 269//269
f 283//283 284//284 285//285
f 285//285 284//284 286//286
f 285//285 286//286 287//287
f 287//287 288//288 285//285
f 285//285 288//288 289//289
f 285//285 289//289 290//290
f 290//290 289//289 291//291
f 290//290 291//291 292//292
f 293//293 294//294 295//295
f 296//296 297//297 298//298
f 298//298 297//297 299//299
f 298//298 299//299 300//300
f 300//300 301//301 298//298
f 298//298 301//301 302//302
f 298//298 302//302 303//303
f 303//303 302//302 304//304
f 304//304 305//305 303//303
f 303//303 305//305 306//306
f 303//303 306//306 295//295
f 295//295 306//306 307//307
f 295//295 307//307 293//293
f 296//296 298//298 308//308
f 308//308 298//298 309//309
f 308//308 309//309 310//310
f 310//310 309//309 311//311
f 310//310 311//311 312//312
f 312//312 311//311 313//313
f 312//312 313//313 314//314
f 315//315 316//316 317//317
f 317//317 316//316 318//318
f 317//317 318//318 319//319
f 315//315 320//320 316//316
f 316//316 320//320 321//321
f 316//316 321//321 322//322
f 314//314 313//313 323//323
f 323//323 313//313 316//316
f 323//323 316//316 324//324
f 324//324 316//316 322//322
f 324//324 322//322 325//325
f 326//326 327//327 328//328
f 326//326 328//328 329//329
f 327//327 330//330 328//328
f 328//328 330//330 331//331
f 328//328 331//331 318//318
f 318//318 331//331 332//332
f 318//318 332//332 319//319
f 329//329 328//328 333//333
f 333//333 328//328 334//334
f 333//333 334//334 335//335
f 336//336 337//337 338//338
f 338//338 337//337 339//339
f 338//338 339//339 340//340
f 341//341 342//342 343//343
f 343//343 342//342 344//344
f 343//343 344//344 339//339
f 339//339 344//344 345//345
f 339//339 345//345 340//340
f 346//346 347//347 348//348
f 348//348 347//347 349//349
f 348//348 349//349 350//350
f 346//346 351//351 347//347
f 347//347 351//351 352//352
f 347//347 352//352 353//353
f 353//353 352//352 354//354
f 353//353 354//354 355//355
f 356//356 357//357 358//358
f 358//358 357//357 359//359
f 358//358 359//359 349//349
f 349//349 359//359 360//360
f 349//349 360//360 350//350
f 356//356 358//358 144//144
f 144//144 358//358 361//361
f 144//144 361//361 145//145
f 362//362 363//363 364//364
f 363//363 365//365 364//364
f 364//364 365//365 366//366
f 364//364 366//366 367//367
f 368//368 369//369 370//370
f 371//371 372//372 373//373
f 372//372 374//374 373//373
f 373//373 374//374 375//375
f 373//373 375//375 143//143
f 143//143 375//375 376//376
f 143//143 376//376 141//141
f 377//377 378//378 373//373
f 373//373 378//378 379//379
f 373//373 379//379 371//371
f 373//373 380//380 377//377
f 377//377 380//380 381//381
f 377//377 381//381 382//382
f 382//382 381//381 383//383
f 382//382 383//383 384//384
f 384//384 383//383 385//385
f 384//384 385//385 386//386
f 387//387 388//388 389//389
f 390//390 391//391 385//385
f 387//387 389//389 385//385
f 385//385 389//389 392//392
f 385//385 392//392 390//390
f 391//391 393//393 385//385
f 385//385 393//393 394//394
f 385//385 394//394 386//386
f 395//395 396//396 397//397
f 397//397 396//396 398//398
f 397//397 398//398 387//387
f 387//387 398//398 399//399
f 387//387 399//399 388//388
f 400//400 401//401 402//402
f 402//402 401//401 403//403
f 402//402 403//403 397//397
f 397//397 403//403 404//404
f 397//397 404//404 395//395
f 405//405 406//406 407//407
f 407//407 406//406 408//408
f 407//407 408//408 409//409
f 409//409 408//408 410//410
f 409//409 410//410 411//411
f 411//411 412//412 409//409
f 409//409 412//412 400//400
f 409//409 400//400 413//413
f 414//414 415//415 416//416
f 416//416 415//415 417//417
f 416//416 417//417 407//407
f 407//407 417//417 418//418
f 407//407 418//418 405//405
f 419//419 420//420 421//421
f 419//419 421//421 422//422
f 422//422 421//421 423//423
f 422//422 423//423 424//424
f 424//424 425//425 422//422
f 422//422 425//425 426//426
f 422//422 426//426 140//140
f 140//140 426//426 427//427
f 140//140 427//427 138//138
f 420//420 419//419 428//428
f 428//428 419//419 429//429
f 428//428 429//429 430//430
f 431//431 432//432 430//430
f 430//430 432//432 433//433
f 433//433 432//432 295//295
f 433//433 295//295 434//434
f 434//434 295//295 294//294
f 434//434 294//294 435//435
f 436//436 437//437 438//438
f 438//438 437//437 439//439
f 438//438 439//439 440//440
f 441//441 442//442 443//443
f 443//443 442//442 444//444
f 443//443 444//444 445//445
f 445//445 444//444 446//446
f 445//445 446//446 447//447
f 447//447 446//446 448//448
f 447//447 448//448 449//449
f 450//450 451//451 452//452
f 452//452 451//451 441//441
f 453//453 454//454 455//455
f 455//455 454//454 456//456
f 455//455 456//456 457//457
f 458//458 459//459 460//460
f 460//460 459//459 453//453
f 460//460 453//453 258//258
f 258//258 453//453 455//455
f 258//258 455//455 256//256
f 460//460 461//461 458//458
f 458//458 461//461 462//462
f 458//458 462//462 463//463
f 463//463 462//462 464//464
f 463//463 464//464 465//465
f 465//465 464//464 466//466
f 465//465 466//466 467//467
f 467//467 466//466 468//468
f 467//467 468//468 469//469
f 469//469 468//468 470//470
f 470//470 468//468 471//471
f 470//470 471//471 472//472
f 137//137 136//136 473//473
f 473//473 136//136 474//474
f 473//473 474//474 475//475
f 475//475 474//474 476//476
f 476//476 474//474 477//477
f 476//476 477//477 132//132
f 131//131 478//478 479//479
f 129//129 131//131 480//480
f 480//480 131//131 479//479
f 480//480 479//479 481//481
f 481//481 482//482 480//480
f 480//480 482//482 483//483
f 480//480 483//483 484//484
f 484//484 483//483 485//485
f 484//484 485//485 486//486
f 487//487 488//488 489//489
f 489//489 488//488 490//490
f 489//489 490//490 491//491
f 126//126 128//128 492//492
f 492//492 128//128 493//493
f 492//492 493//493 494//494
f 124//124 123//123 495//495
f 496//496 497//497 498//498
f 498//498 497//497 499//499
f 498//498 499//499 500//500
f 500//500 499//499 495//495
f 500//500 495//495 501//501
f 501//501 495//495 123//123
f 125//125 413//413 502//502
f 503//503 504//504 502//502
f 502//502 504//504 505//505
f 502//502 505//505 125//125
f 506//506 507//507 508//508
f 508//508 507//507 503//503
f 508//508 503//503 509//509
f 509//509 503//503 502//502
f 508//508 510//510 506//506
f 506//506 510//510 511//511
f 506//506 511//511 512//512
f 512//512 511//511 513//513
f 512//512 513//513 514//514
f 514//514 513//513 515//515
f 514//514 515//515 516//516
f 516//516 515//515 368//368
f 516//516 368//368 517//517
f 518//518 519//519 520//520
f 520//520 519//519 521//521
f 362//362 364//364 370//370
f 370//370 364//364 520//520
f 370//370 520//520 368//368
f 368//368 520//520 521//521
f 368//368 521//521 517//517
f 522//522 523//523 524//524
f 525//525 526//526 527//527
f 527//527 526//526 528//528
f 527//527 528//528 529//529
f 529//529 528//528 530//530
f 529//529 530//530 523//523
f 523//523 530//530 531//531
f 523//523 531//531 524//524
f 532//532 533//533 534//534
f 534//534 533//533 535//535
f 532//532 536//536 533//533
f 533//533 536//536 537//537
f 533//533 537//537 538//538
f 538//538 537//537 539//539
f 538//538 539//539 540//540
f 541//541 445//445 542//542
f 542//542 445//445 447//447
f 542//542 447//447 543//543
f 543//543 447//447 449//449
f 543//543 449//449 544//544
f 544//544 449//449 437//437
f 544//544 437//437 545//545
f 545//545 437//437 436//436
f 121//121 546//546 279//279
f 279//279 546//546 290//290
f 279//279 290//290 277//277
f 277//277 290//290 292//292
f 547//547 285//285 548//548
f 548//548 285//285 290//290
f 548//548 290//290 549//549
f 549//549 290//290 546//546
f 118//118 550//550 551//551
f 551//551 550//550 114//114
f 115//115 552//552 553//553
f 553//553 552//552 554//554
f 555//555 353//353 343//343
f 343//343 353//353 355//355
f 343//343 355//355 341//341
f 556//556 347//347 557//557
f 557//557 347//347 353//353
f 557//557 353//353 558//558
f 558//558 353//353 555//555
f 556//556 559//559 560//560
f 560//560 559//559 561//561
f 560//560 561//561 562//562
f 562//562 561//561 563//563
f 562//562 563//563 535//535
f 535//535 563//563 564//564
f 535//535 564//564 534//534
f 441//441 443//443 452//452
f 452//452 443//443 445//445
f 452//452 445//445 122//122
f 122//122 445//445 541//541
f 122//122 541//541 120//120
f 565//565 283//283 566//566
f 566//566 283//283 285//285
f 566//566 285//285 119//119
f 119//119 285//285 547//547
f 119//119 547//547 117//117
f 533//533 567//567 535//535
f 535//535 567//567 525//525
f 535//535 525//525 562//562
f 562//562 525//525 527//527
f 562//562 527//527 560//560
f 560//560 527//527 529//529
f 158//158 568//568 152//152
f 152//152 568//568 569//569
f 152//152 569//569 570//570
f 570//570 569//569 149//149
f 570//570 149//149 565//565
f 565//565 149//149 148//148
f 565//565 148//148 283//283
f 283//283 148//148 147//147
f 283//283 147//147 284//284
f 335//335 334//334 336//336
f 336//336 334//334 571//571
f 336//336 571//571 337//337
f 337//337 571//571 572//572
f 337//337 572//572 339//339
f 339//339 572//572 553//553
f 339//339 553//553 343//343
f 343//343 553//553 554//554
f 343//343 554//554 555//555
f 121//121 279//279 122//122
f 122//122 279//279 271//271
f 122//122 271//271 452//452
f 452//452 271//271 267//267
f 452//452 267//267 450//450
f 450//450 267//267 268//268
f 450//450 268//268 573//573
f 556//556 560//560 347//347
f 347//347 560//560 529//529
f 347//347 529//529 349//349
f 349//349 529//529 523//523
f 349//349 523//523 358//358
f 358//358 523//523 522//522
f 358//358 522//522 361//361
f 259//259 256//256 260//260
f 260//260 256//256 455//455
f 260//260 455//455 268//268
f 268//268 455//455 457//457
f 268//268 457//457 573//573
f 573//573 457//457 574//574
f 573//573 574//574 450//450
f 450//450 574//574 575//575
f 450//450 575//575 451//451
f 524//524 576//576 522//522
f 522//522 576//576 518//518
f 522//522 518//518 361//361
f 361//361 518//518 520//520
f 361//361 520//520 145//145
f 145//145 520//520 364//364
f 145//145 364//364 146//146
f 146//146 364//364 367//367
f 214//214 216//216 225//225
f 225//225 216//216 577//577
f 225//225 577//577 226//226
f 226//226 577//577 471//471
f 226//226 471//471 223//223
f 223//223 471//471 468//468
f 223//223 468//468 218//218
f 218//218 468//468 466//466
f 218//218 466//466 232//232
f 232//232 466//466 464//464
f 232//232 464//464 239//239
f 239//239 464//464 462//462
f 239//239 462//462 241//241
f 241//241 462//462 461//461
f 241//241 461//461 243//243
f 243//243 461//461 460//460
f 243//243 460//460 247//247
f 247//247 460//460 258//258
f 247//247 258//258 250//250
f 250//250 258//258 257//257
f 250//250 257//257 248//248
f 400//400 402//402 413//413
f 413//413 402//402 397//397
f 413//413 397//397 502//502
f 502//502 397//397 387//387
f 502//502 387//387 509//509
f 509//509 387//387 385//385
f 509//509 385//385 508//508
f 508//508 385//385 383//383
f 508//508 383//383 510//510
f 510//510 383//383 381//381
f 510//510 381//381 511//511
f 511//511 381//381 380//380
f 511//511 380//380 513//513
f 513//513 380//380 373//373
f 513//513 373//373 515//515
f 515//515 373//373 143//143
f 515//515 143//143 368//368
f 368//368 143//143 142//142
f 368//368 142//142 369//369
f 472//472 471//471 135//135
f 135//135 471//471 577//577
f 135//135 577//577 136//136
f 136//136 577//577 216//216
f 136//136 216//216 474//474
f 474//474 216//216 209//209
f 474//474 209//209 477//477
f 477//477 209//209 207//207
f 477//477 207//207 578//578
f 430//430 429//429 431//431
f 431//431 429//429 419//419
f 431//431 419//419 579//579
f 579//579 419//419 422//422
f 579//579 422//422 580//580
f 496//496 494//494 497//497
f 497//497 494//494 493//493
f 497//497 493//493 499//499
f 499//499 493//493 581//581
f 134//134 133//133 130//130
f 130//130 133//133 582//582
f 130//130 582//582 131//131
f 131//131 582//582 583//583
f 131//131 583//583 478//478
f 132//132 477//477 133//133
f 133//133 477//477 578//578
f 133//133 578//578 582//582
f 582//582 578//578 584//584
f 582//582 584//584 583//583
f 198//198 585//585 199//199
f 199//199 585//585 586//586
f 199//199 586//586 207//207
f 207//207 586//586 587//587
f 207//207 587//587 578//578
f 578//578 587//587 588//588
f 578//578 588//588 584//584
f 589//589 590//590 591//591
f 186//186 592//592 191//191
f 191//191 592//592 593//593
f 191//191 593//593 194//194
f 194//194 593//593 594//594
f 194//194 594//594 196//196
f 196//196 594//594 589//589
f 196//196 589//589 200//200
f 200//200 589//589 591//591
f 200//200 591//591 198//198
f 118//118 551//551 119//119
f 119//119 551//551 595//595
f 119//119 595//595 566//566
f 566//566 595//595 596//596
f 566//566 596//596 565//565
f 565//565 596//596 597//597
f 565//565 597//597 570//570
f 570//570 597//597 598//598
f 570//570 598//598 152//152
f 152//152 598//598 599//599
f 152//152 599//599 154//154
f 154//154 599//599 600//600
f 154//154 600//600 161//161
f 161//161 600//600 601//601
f 161//161 601//601 174//174
f 174//174 601//601 602//602
f 174//174 602//602 173//173
f 173//173 602//602 603//603
f 173//173 603//603 171//171
f 171//171 603//603 604//604
f 171//171 604//604 169//169
f 169//169 604//604 605//605
f 169//169 605//605 182//182
f 182//182 605//605 606//606
f 182//182 606//606 186//186
f 186//186 606//606 607//607
f 186//186 607//607 592//592
f 592//592 607//607 608//608
f 592//592 608//608 593//593
f 593//593 608//608 609//609
f 593//593 609//609 594//594
f 594//594 609//609 113//113
f 594//594 113//113 589//589
f 589//589 113//113 112//112
f 589//589 112//112 590//590
f 114//114 116//116 551//551
f 551//551 116//116 610//610
f 551//551 610//610 595//595
f 595//595 610//610 611//611
f 595//595 611//611 596//596
f 596//596 611//611 612//612
f 596//596 612//612 597//597
f 597//597 612//612 613//613
f 597//597 613//613 598//598
f 598//598 613//613 614//614
f 598//598 614//614 599//599
f 599//599 614//614 615//615
f 599//599 615//615 600//600
f 600//600 615//615 616//616
f 600//600 616//616 601//601
f 601//601 616//616 617//617
f 601//601 617//617 602//602
f 602//602 617//617 618//618
f 602//602 618//618 603//603
f 603//603 618//618 619//619
f 603//603 619//619 604//604
f 604//604 619//619 620//620
f 604//604 620//620 605//605
f 605//605 620//620 621//621
f 605//605 621//621 606//606
f 606//606 621//621 622//622
f 606//606 622//622 607//607
f 607//607 622//622 623//623
f 607//607 623//623 608//608
f 608//608 623//623 624//624
f 608//608 624//624 609//609
f 609//609 624//624 625//625
f 609//609 625//625 113//113
f 113//113 625//625 626//626
f 113//113 626//626 111//111
f 115//115 553//553 116//116
f 116//116 553//553 572//572
f 116//116 572//572 610//610
f 610//610 572//572 571//571
f 610//610 571//571 611//611
f 611//611 571//571 334//334
f 611//611 334//334 612//612
f 612//612 334//334 328//328
f 612//612 328//328 613//613
f 613//613 328//328 318//318
f 613//613 318//318 614//614
f 614//614 318//318 316//316
f 614//614 316//316 615//615
f 615//615 316//316 313//313
f 615//615 313//313 616//616
f 616//616 313//313 311//311
f 616//616 311//311 617//617
f 617//617 311//311 309//309
f 617//617 309//309 618//618
f 618//618 309//309 298//298
f 618//618 298//298 619//619
f 619//619 298//298 303//303
f 619//619 303//303 620//620
f 620//620 303//303 295//295
f 620//620 295//295 621//621
f 621//621 295//295 432//432
f 621//621 432//432 622//622
f 622//622 432//432 431//431
f 622//622 431//431 623//623
f 623//623 431//431 579//579
f 623//623 579//579 624//624
f 624//624 579//579 580//580
f 624//624 580//580 625//625
f 625//625 580//580 627//627
f 625//625 627//627 626//626
f 628//628 140//140 416//416
f 416//416 140//140 139//139
f 416//416 139//139 414//414
f 628//628 629//629 140//140
f 140//140 629//629 630//630
f 140//140 630//630 422//422
f 422//422 630//630 631//631
f 422//422 631//631 580//580
f 580//580 631//631 632//632
f 580//580 632//632 627//627
f 125//125 124//124 413//413
f 413//413 124//124 495//495
f 413//413 495//495 409//409
f 409//409 495//495 499//499
f 409//409 499//499 407//407
f 407//407 499//499 581//581
f 407//407 581//581 416//416
f 416//416 581//581 633//633
f 416//416 633//633 628//628
f 487//487 634//634 488//488
f 488//488 634//634 635//635
f 488//488 635//635 127//127
f 127//127 635//635 636//636
f 127//127 636//636 128//128
f 128//128 636//636 637//637
f 128//128 637//637 493//493
f 493//493 637//637 638//638
f 493//493 638//638 581//581
f 581//581 638//638 639//639
f 581//581 639//639 633//633
f 538//538 540//540 100//100
f 100//100 540//540 62//62
f 81//81 79//79 504//504
f 91//91 89//89 517//517
f 95//95 530//530 528//528
f 501//501 77//77 500//500
f 500//500 77//77 75//75
f 500//500 75//75 498//498
f 498//498 75//75 496//496
f 538//538 100//100 533//533
f 533//533 100//100 99//99
f 533//533 99//99 567//567
f 567//567 99//99 97//97
f 567//567 97//97 525//525
f 576//576 524//524 93//93
f 95//95 528//528 97//97
f 97//97 528//528 526//526
f 97//97 526//526 525//525
f 93//93 524//524 95//95
f 95//95 524//524 531//531
f 95//95 531//531 530//530
f 504//504 503//503 81//81
f 81//81 503//503 507//507
f 81//81 507//507 83//83
f 83//83 507//507 506//506
f 83//83 506//506 85//85
f 85//85 506//506 640//640
f 85//85 640//640 87//87
f 87//87 640//640 514//514
f 87//87 514//514 89//89
f 89//89 514//514 516//516
f 89//89 516//516 517//517
f 501//501 123//123 77//77
f 77//77 123//123 125//125
f 77//77 125//125 79//79
f 79//79 125//125 505//505
f 79//79 505//505 504//504
f 68//68 491//491 69//69
f 69//69 491//491 490//490
f 69//69 490//490 71//71
f 496//496 75//75 494//494
f 494//494 75//75 73//73
f 494//494 73//73 492//492
f 490//490 488//488 71//71
f 71//71 488//488 127//127
f 71//71 127//127 73//73
f 73//73 127//127 126//126
f 73//73 126//126 492//492
f 517//517 521//521 91//91
f 91//91 521//521 519//519
f 91//91 519//519 93//93
f 93//93 519//519 518//518
f 93//93 518//518 576//576
f 641//641 642//642 643//643
f 644//644 645//645 646//646
f 4//4 647//647 648//648
f 649//649 650//650 651//651
f 652//652 653//653 654//654
f 655//655 656//656 657//657
f 108//108 107//107 658//658
f 659//659 660//660 661//661
f 661//661 662//662 659//659
f 659//659 662//662 663//663
f 659//659 663//663 664//664
f 664//664 663//663 665//665
f 664//664 665//665 666//666
f 666//666 667//667 664//664
f 664//664 667//667 668//668
f 664//664 668//668 669//669
f 670//670 671//671 672//672
f 660//660 659//659 672//672
f 672//672 659//659 673//673
f 672//672 673//673 670//670
f 674//674 675//675 670//670
f 670//670 675//675 676//676
f 670//670 676//676 671//671
f 668//668 677//677 669//669
f 669//669 677//677 678//678
f 669//669 678//678 679//679
f 679//679 678//678 680//680
f 679//679 680//680 681//681
f 682//682 683//683 684//684
f 683//683 685//685 684//684
f 684//684 685//685 686//686
f 684//684 686//686 687//687
f 688//688 689//689 690//690
f 691//691 692//692 693//693
f 693//693 692//692 694//694
f 693//693 694//694 695//695
f 688//688 690//690 696//696
f 689//689 697//697 690//690
f 690//690 697//697 698//698
f 690//690 698//698 699//699
f 699//699 698//698 700//700
f 699//699 700//700 701//701
f 701//701 702//702 699//699
f 699//699 702//702 703//703
f 699//699 703//703 704//704
f 705//705 706//706 707//707
f 707//707 706//706 708//708
f 709//709 710//710 711//711
f 711//711 710//710 712//712
f 711//711 712//712 713//713
f 714//714 715//715 716//716
f 717//717 718//718 719//719
f 719//719 718//718 720//720
f 715//715 721//721 716//716
f 716//716 721//721 722//722
f 716//716 722//722 723//723
f 723//723 724//724 716//716
f 716//716 724//724 725//725
f 716//716 725//725 726//726
f 726//726 725//725 727//727
f 728//728 729//729 730//730
f 728//728 730//730 731//731
f 727//727 732//732 726//726
f 726//726 732//732 733//733
f 726//726 733//733 734//734
f 735//735 736//736 737//737
f 737//737 736//736 738//738
f 737//737 738//738 739//739
f 739//739 738//738 740//740
f 741//741 742//742 743//743
f 743//743 742//742 744//744
f 743//743 744//744 745//745
f 745//745 746//746 743//743
f 743//743 746//746 747//747
f 743//743 747//747 748//748
f 748//748 747//747 749//749
f 748//748 749//749 750//750
f 751//751 752//752 753//753
f 753//753 752//752 754//754
f 753//753 754//754 755//755
f 756//756 757//757 758//758
f 757//757 759//759 758//758
f 758//758 759//759 760//760
f 758//758 760//760 741//741
f 741//741 760//760 761//761
f 741//741 761//761 742//742
f 762//762 763//763 764//764
f 764//764 763//763 765//765
f 764//764 765//765 766//766
f 750//750 767//767 748//748
f 748//748 767//767 762//762
f 748//748 762//762 768//768
f 768//768 762//762 764//764
f 108//108 658//658 769//769
f 769//769 658//658 770//770
f 769//769 770//770 771//771
f 771//771 770//770 772//772
f 771//771 772//772 773//773
f 773//773 772//772 774//774
f 773//773 774//774 775//775
f 657//657 656//656 776//776
f 777//777 778//778 779//779
f 779//779 778//778 780//780
f 777//777 779//779 781//781
f 781//781 779//779 782//782
f 781//781 782//782 783//783
f 783//783 782//782 784//784
f 783//783 784//784 785//785
f 786//786 787//787 788//788
f 789//789 790//790 654//654
f 654//654 790//790 791//791
f 654//654 791//791 652//652
f 649//649 792//792 793//793
f 793//793 792//792 794//794
f 793//793 794//794 795//795
f 796//796 797//797 798//798
f 798//798 797//797 799//799
f 798//798 799//799 800//800
f 800//800 799//799 643//643
f 801//801 796//796 802//802
f 802//802 803//803 801//801
f 801//801 803//803 804//804
f 801//801 804//804 805//805
f 805//805 804//804 806//806
f 805//805 806//806 807//807
f 807//807 806//806 808//808
f 807//807 808//808 809//809
f 809//809 808//808 105//105
f 809//809 105//105 810//810
f 4//4 648//648 811//811
f 811//811 648//648 812//812
f 811//811 812//812 813//813
f 812//812 814//814 813//813
f 813//813 814//814 815//815
f 813//813 815//815 816//816
f 816//816 815//815 817//817
f 817//817 815//815 818//818
f 817//817 818//818 819//819
f 819//819 820//820 821//821
f 821//821 820//820 822//822
f 821//821 822//822 823//823
f 823//823 822//822 644//644
f 644//644 822//822 824//824
f 644//644 824//824 645//645
f 825//825 826//826 827//827
f 827//827 826//826 828//828
f 827//827 828//828 829//829
f 829//829 828//828 830//830
f 829//829 830//830 831//831
f 832//832 833//833 834//834
f 835//835 836//836 837//837
f 837//837 836//836 838//838
f 838//838 836//836 839//839
f 839//839 836//836 840//840
f 839//839 840//840 841//841
f 842//842 843//843 844//844
f 845//845 846//846 847//847
f 847//847 846//846 848//848
f 847//847 848//848 849//849
f 850//850 851//851 852//852
f 852//852 853//853 850//850
f 850//850 853//853 854//854
f 850//850 854//854 855//855
f 855//855 854//854 856//856
f 855//855 856//856 857//857
f 857//857 856//856 858//858
f 857//857 858//858 859//859
f 859//859 858//858 860//860
f 859//859 860//860 11//11
f 819//819 818//818 820//820
f 820//820 818//818 861//861
f 820//820 861//861 822//822
f 822//822 861//861 862//862
f 822//822 862//862 824//824
f 796//796 798//798 802//802
f 802//802 798//798 800//800
f 802//802 800//800 863//863
f 863//863 800//800 643//643
f 863//863 643//643 864//864
f 864//864 643//643 642//642
f 864//864 642//642 865//865
f 862//862 866//866 824//824
f 824//824 866//866 867//867
f 824//824 867//867 645//645
f 645//645 867//867 868//868
f 645//645 868//868 646//646
f 646//646 868//868 869//869
f 646//646 869//869 870//870
f 870//870 869//869 871//871
f 870//870 871//871 872//872
f 872//872 871//871 873//873
f 874//874 865//865 875//875
f 875//875 865//865 642//642
f 875//875 642//642 876//876
f 876//876 642//642 641//641
f 876//876 641//641 877//877
f 877//877 641//641 878//878
f 877//877 878//878 879//879
f 866//866 880//880 867//867
f 867//867 880//880 881//881
f 867//867 881//881 868//868
f 868//868 881//881 882//882
f 868//868 882//882 869//869
f 869//869 882//882 883//883
f 869//869 883//883 871//871
f 871//871 883//883 884//884
f 871//871 884//884 873//873
f 873//873 884//884 826//826
f 873//873 826//826 885//885
f 885//885 826//826 825//825
f 799//799 651//651 643//643
f 643//643 651//651 650//650
f 643//643 650//650 641//641
f 641//641 650//650 649//649
f 641//641 649//649 878//878
f 878//878 649//649 793//793
f 878//878 793//793 879//879
f 879//879 793//793 795//795
f 879//879 795//795 789//789
f 789//789 795//795 886//886
f 789//789 886//886 790//790
f 887//887 888//888 889//889
f 889//889 888//888 890//890
f 889//889 890//890 891//891
f 891//891 890//890 892//892
f 891//891 892//892 893//893
f 893//893 892//892 894//894
f 893//893 894//894 895//895
f 895//895 894//894 896//896
f 895//895 896//896 897//897
f 897//897 896//896 898//898
f 897//897 898//898 716//716
f 716//716 898//898 719//719
f 716//716 719//719 714//714
f 714//714 719//719 720//720
f 888//888 899//899 890//890
f 890//890 899//899 900//900
f 890//890 900//900 892//892
f 892//892 900//900 901//901
f 892//892 901//901 894//894
f 894//894 901//901 902//902
f 894//894 902//902 896//896
f 896//896 902//902 903//903
f 896//896 903//903 898//898
f 898//898 903//903 904//904
f 898//898 904//904 719//719
f 719//719 904//904 736//736
f 719//719 736//736 717//717
f 717//717 736//736 735//735
f 905//905 906//906 907//907
f 907//907 906//906 908//908
f 907//907 908//908 909//909
f 909//909 908//908 910//910
f 909//909 910//910 911//911
f 911//911 910//910 912//912
f 911//911 912//912 913//913
f 913//913 912//912 914//914
f 913//913 914//914 915//915
f 915//915 914//914 916//916
f 915//915 916//916 712//712
f 712//712 916//916 706//706
f 712//712 706//706 713//713
f 713//713 706//706 705//705
f 906//906 917//917 908//908
f 908//908 917//917 918//918
f 908//908 918//918 910//910
f 910//910 918//918 919//919
f 910//910 919//919 912//912
f 912//912 919//919 920//920
f 912//912 920//920 914//914
f 914//914 920//920 921//921
f 914//914 921//921 916//916
f 916//916 921//921 922//922
f 916//916 922//922 706//706
f 706//706 922//922 699//699
f 706//706 699//699 708//708
f 708//708 699//699 704//704
f 880//880 923//923 881//881
f 881//881 923//923 924//924
f 881//881 924//924 882//882
f 882//882 924//924 925//925
f 882//882 925//925 883//883
f 883//883 925//925 926//926
f 883//883 926//926 884//884
f 884//884 926//926 927//927
f 884//884 927//927 826//826
f 826//826 927//927 928//928
f 826//826 928//928 828//828
f 828//828 928//928 929//929
f 828//828 929//929 830//830
f 830//830 929//929 930//930
f 830//830 930//930 831//831
f 831//831 930//930 931//931
f 831//831 931//931 932//932
f 932//932 931//931 933//933
f 932//932 933//933 934//934
f 934//934 933//933 833//833
f 934//934 833//833 935//935
f 935//935 833//833 832//832
f 936//936 874//874 937//937
f 937//937 874//874 875//875
f 937//937 875//875 938//938
f 938//938 875//875 876//876
f 938//938 876//876 939//939
f 939//939 876//876 877//877
f 939//939 877//877 940//940
f 940//940 877//877 879//879
f 940//940 879//879 941//941
f 941//941 879//879 789//789
f 941//941 789//789 942//942
f 942//942 789//789 654//654
f 942//942 654//654 788//788
f 788//788 654//654 653//653
f 788//788 653//653 786//786
f 786//786 653//653 652//652
f 734//734 731//731 726//726
f 726//726 731//731 730//730
f 726//726 730//730 943//943
f 943//943 730//730 944//944
f 943//943 944//944 945//945
f 945//945 944//944 946//946
f 945//945 946//946 947//947
f 947//947 946//946 948//948
f 947//947 948//948 758//758
f 758//758 948//948 753//753
f 758//758 753//753 756//756
f 756//756 753//753 755//755
f 729//729 740//740 730//730
f 730//730 740//740 738//738
f 730//730 738//738 944//944
f 944//944 738//738 949//949
f 944//944 949//949 946//946
f 946//946 949//949 950//950
f 946//946 950//950 948//948
f 948//948 950//950 951//951
f 948//948 951//951 753//753
f 753//753 951//951 766//766
f 753//753 766//766 751//751
f 751//751 766//766 765//765
f 709//709 691//691 710//710
f 710//710 691//691 693//693
f 710//710 693//693 952//952
f 952//952 693//693 953//953
f 952//952 953//953 954//954
f 954//954 953//953 955//955
f 954//954 955//955 956//956
f 956//956 955//955 957//957
f 956//956 957//957 674//674
f 674//674 957//957 684//684
f 674//674 684//684 675//675
f 675//675 684//684 687//687
f 695//695 696//696 693//693
f 693//693 696//696 690//690
f 693//693 690//690 953//953
f 953//953 690//690 958//958
f 953//953 958//958 955//955
f 955//955 958//958 959//959
f 955//955 959//959 957//957
f 957//957 959//959 960//960
f 957//957 960//960 684//684
f 684//684 960//960 679//679
f 684//684 679//679 682//682
f 682//682 679//679 681//681
f 837//837 832//832 835//835
f 835//835 832//832 834//834
f 835//835 834//834 836//836
f 836//836 834//834 961//961
f 836//836 961//961 840//840
f 840//840 961//961 962//962
f 923//923 887//887 924//924
f 924//924 887//887 889//889
f 924//924 889//889 925//925
f 925//925 889//889 891//891
f 925//925 891//891 926//926
f 926//926 891//891 893//893
f 926//926 893//893 927//927
f 927//927 893//893 895//895
f 927//927 895//895 928//928
f 928//928 895//895 897//897
f 928//928 897//897 929//929
f 929//929 897//897 716//716
f 929//929 716//716 930//930
f 930//930 716//716 726//726
f 930//930 726//726 931//931
f 931//931 726//726 943//943
f 931//931 943//943 933//933
f 933//933 943//943 945//945
f 933//933 945//945 833//833
f 833//833 945//945 947//947
f 833//833 947//947 834//834
f 834//834 947//947 758//758
f 834//834 758//758 961//961
f 961//961 758//758 741//741
f 961//961 741//741 962//962
f 962//962 741//741 743//743
f 899//899 963//963 900//900
f 900//900 963//963 964//964
f 900//900 964//964 901//901
f 901//901 964//964 965//965
f 901//901 965//965 902//902
f 902//902 965//965 966//966
f 902//902 966//966 903//903
f 903//903 966//966 967//967
f 903//903 967//967 904//904
f 904//904 967//967 968//968
f 904//904 968//968 736//736
f 736//736 968//968 969//969
f 736//736 969//969 738//738
f 738//738 969//969 970//970
f 738//738 970//970 949//949
f 949//949 970//970 971//971
f 949//949 971//971 950//950
f 950//950 971//971 972//972
f 950//950 972//972 951//951
f 951//951 972//972 973//973
f 951//951 973//973 766//766
f 766//766 973//973 974//974
f 766//766 974//974 764//764
f 764//764 974//974 975//975
f 764//764 975//975 768//768
f 768//768 975//975 976//976
f 963//963 905//905 964//964
f 964//964 905//905 907//907
f 964//964 907//907 965//965
f 965//965 907//907 909//909
f 965//965 909//909 966//966
f 966//966 909//909 911//911
f 966//966 911//911 967//967
f 967//967 911//911 913//913
f 967//967 913//913 968//968
f 968//968 913//913 915//915
f 968//968 915//915 969//969
f 969//969 915//915 712//712
f 969//969 712//712 970//970
f 970//970 712//712 710//710
f 970//970 710//710 971//971
f 971//971 710//710 952//952
f 971//971 952//952 972//972
f 972//972 952//952 954//954
f 972//972 954//954 973//973
f 973//973 954//954 956//956
f 973//973 956//956 974//974
f 974//974 956//956 674//674
f 974//974 674//674 975//975
f 975//975 674//674 670//670
f 975//975 670//670 976//976
f 976//976 670//670 673//673
f 917//917 936//936 918//918
f 918//918 936//936 937//937
f 918//918 937//937 919//919
f 919//919 937//937 938//938
f 919//919 938//938 920//920
f 920//920 938//938 939//939
f 920//920 939//939 921//921
f 921//921 939//939 940//940
f 921//921 940//940 922//922
f 922//922 940//940 941//941
f 922//922 941//941 699//699
f 699//699 941//941 942//942
f 699//699 942//942 690//690
f 690//690 942//942 788//788
f 690//690 788//788 958//958
f 958//958 788//788 787//787
f 958//958 787//787 959//959
f 959//959 787//787 977//977
f 959//959 977//977 960//960
f 960//960 977//977 978//978
f 960//960 978//978 679//679
f 679//679 978//978 979//979
f 679//679 979//979 669//669
f 669//669 979//979 980//980
f 669//669 980//980 664//664
f 664//664 980//980 981//981
f 786//786 982//982 787//787
f 787//787 982//982 983//983
f 787//787 983//983 977//977
f 977//977 983//983 984//984
f 977//977 984//984 978//978
f 978//978 984//984 785//785
f 978//978 785//785 979//979
f 979//979 785//785 784//784
f 979//979 784//784 980//980
f 980//980 784//784 782//782
f 980//980 782//782 981//981
f 981//981 782//782 779//779
f 985//985 841//841 986//986
f 986//986 841//841 840//840
f 986//986 840//840 987//987
f 987//987 840//840 962//962
f 987//987 962//962 988//988
f 988//988 962//962 743//743
f 988//988 743//743 989//989
f 989//989 743//743 748//748
f 989//989 748//748 990//990
f 990//990 748//748 768//768
f 990//990 768//768 991//991
f 991//991 768//768 976//976
f 991//991 976//976 992//992
f 992//992 976//976 673//673
f 992//992 673//673 993//993
f 993//993 673//673 659//659
f 993//993 659//659 994//994
f 994//994 659//659 664//664
f 994//994 664//664 995//995
f 995//995 664//664 981//981
f 995//995 981//981 996//996
f 996//996 981//981 779//779
f 996//996 779//779 997//997
f 997//997 779//779 780//780
f 997//997 780//780 998//998
f 998//998 780//780 999//999
f 998//998 999//999 1000//1000
f 1000//1000 1001//1001 998//998
f 998//998 1001//1001 1002//1002
f 998//998 1002//1002 997//997
f 997//997 1002//1002 1003//1003
f 997//997 1003//1003 996//996
f 996//996 1003//1003 1004//1004
f 996//996 1004//1004 995//995
f 995//995 1004//1004 1005//1005
f 995//995 1005//1005 994//994
f 994//994 1005//1005 1006//1006
f 994//994 1006//1006 993//993
f 993//993 1006//1006 1007//1007
f 993//993 1007//1007 992//992
f 992//992 1007//1007 1008//1008
f 992//992 1008//1008 991//991
f 991//991 1008//1008 1009//1009
f 991//991 1009//1009 990//990
f 990//990 1009//1009 1010//1010
f 990//990 1010//1010 989//989
f 989//989 1010//1010 1011//1011
f 989//989 1011//1011 988//988
f 988//988 1011//1011 1012//1012
f 988//988 1012//1012 987//987
f 987//987 1012//1012 1013//1013
f 987//987 1013//1013 986//986
f 986//986 1013//1013 1014//1014
f 986//986 1014//1014 985//985
f 776//776 1015//1015 1000//1000
f 1000//1000 1015//1015 1016//1016
f 1000//1000 1016//1016 1001//1001
f 1001//1001 1016//1016 1017//1017
f 1001//1001 1017//1017 1002//1002
f 1002//1002 1017//1017 1018//1018
f 1002//1002 1018//1018 1003//1003
f 1003//1003 1018//1018 1019//1019
f 1003//1003 1019//1019 1004//1004
f 1004//1004 1019//1019 1020//1020
f 1004//1004 1020//1020 1005//1005
f 1005//1005 1020//1020 1021//1021
f 1005//1005 1021//1021 1006//1006
f 1006//1006 1021//1021 1022//1022
f 1006//1006 1022//1022 1007//1007
f 1007//1007 1022//1022 1023//1023
f 1007//1007 1023//1023 1008//1008
f 1008//1008 1023//1023 1024//1024
f 1008//1008 1024//1024 1009//1009
f 1009//1009 1024//1024 1025//1025
f 1009//1009 1025//1025 1010//1010
f 1010//1010 1025//1025 1026//1026
f 1010//1010 1026//1026 1011//1011
f 1011//1011 1026//1026 1027//1027
f 1011//1011 1027//1027 1012//1012
f 1012//1012 1027//1027 842//842
f 1012//1012 842//842 1013//1013
f 1013//1013 842//842 844//844
f 1013//1013 844//844 1014//1014
f 656//656 1028//1028 776//776
f 776//776 1028//1028 1029//1029
f 776//776 1029//1029 1015//1015
f 1015//1015 1029//1029 1030//1030
f 1015//1015 1030//1030 1016//1016
f 1016//1016 1030//1030 1031//1031
f 1016//1016 1031//1031 1017//1017
f 1017//1017 1031//1031 1032//1032
f 1017//1017 1032//1032 1018//1018
f 1018//1018 1032//1032 1033//1033
f 1018//1018 1033//1033 1019//1019
f 1019//1019 1033//1033 1034//1034
f 1019//1019 1034//1034 1020//1020
f 1020//1020 1034//1034 1035//1035
f 1020//1020 1035//1035 1021//1021
f 1021//1021 1035//1035 1036//1036
f 1021//1021 1036//1036 1022//1022
f 1022//1022 1036//1036 1037//1037
f 1022//1022 1037//1037 1023//1023
f 1023//1023 1037//1037 1038//1038
f 1023//1023 1038//1038 1024//1024
f 1024//1024 1038//1038 1039//1039
f 1024//1024 1039//1039 1025//1025
f 1025//1025 1039//1039 1040//1040
f 1025//1025 1040//1040 1026//1026
f 1026//1026 1040//1040 1041//1041
f 1026//1026 1041//1041 1027//1027
f 1027//1027 1041//1041 1042//1042
f 1027//1027 1042//1042 842//842
f 842//842 1042//1042 845//845
f 842//842 845//845 843//843
f 843//843 845//845 847//847
f 843//843 847//847 844//844
f 775//775 774//774 655//655
f 655//655 774//774 1043//1043
f 655//655 1043//1043 656//656
f 656//656 1043//1043 1044//1044
f 656//656 1044//1044 1028//1028
f 1028//1028 1044//1044 1045//1045
f 1028//1028 1045//1045 1029//1029
f 1029//1029 1045//1045 1046//1046
f 1029//1029 1046//1046 1030//1030
f 1030//1030 1046//1046 1047//1047
f 1030//1030 1047//1047 1031//1031
f 1031//1031 1047//1047 1048//1048
f 1031//1031 1048//1048 1032//1032
f 1032//1032 1048//1048 1049//1049
f 1032//1032 1049//1049 1033//1033
f 1033//1033 1049//1049 1050//1050
f 1033//1033 1050//1050 1034//1034
f 1034//1034 1050//1050 1051//1051
f 1034//1034 1051//1051 1035//1035
f 1035//1035 1051//1051 1052//1052
f 1035//1035 1052//1052 1036//1036
f 1036//1036 1052//1052 1053//1053
f 1036//1036 1053//1053 1037//1037
f 1037//1037 1053//1053 1054//1054
f 1037//1037 1054//1054 1038//1038
f 1038//1038 1054//1054 1055//1055
f 1038//1038 1055//1055 1039//1039
f 1039//1039 1055//1055 1056//1056
f 1039//1039 1056//1056 1040//1040
f 1040//1040 1056//1056 1057//1057
f 1040//1040 1057//1057 1041//1041
f 1041//1041 1057//1057 1058//1058
f 1041//1041 1058//1058 1042//1042
f 1042//1042 1058//1058 1059//1059
f 1042//1042 1059//1059 845//845
f 845//845 1059//1059 1060//1060
f 845//845 1060//1060 846//846
f 846//846 1060//1060 852//852
f 846//846 852//852 848//848
f 848//848 852//852 851//851
f 848//848 851//851 849//849
f 37//37 35//35 454//454
f 484//484 486//486 56//56
f 56//56 486//486 18//18
f 24//24 440//440 25//25
f 25//25 440//440 439//439
f 25//25 439//439 27//27
f 47//47 45//45 469//469
f 575//575 33//33 451//451
f 451//451 33//33 31//31
f 451//451 31//31 441//441
f 441//441 31//31 442//442
f 484//484 56//56 480//480
f 480//480 56//56 55//55
f 480//480 55//55 129//129
f 129//129 55//55 53//53
f 129//129 53//53 130//130
f 475//475 51//51 473//473
f 473//473 51//51 49//49
f 473//473 49//49 137//137
f 575//575 574//574 33//33
f 33//33 574//574 457//457
f 33//33 457//457 35//35
f 35//35 457//457 456//456
f 35//35 456//456 454//454
f 475//475 476//476 51//51
f 51//51 476//476 132//132
f 51//51 132//132 53//53
f 53//53 132//132 134//134
f 53//53 134//134 130//130
f 442//442 31//31 444//444
f 444//444 31//31 29//29
f 444//444 29//29 446//446
f 439//439 437//437 27//27
f 27//27 437//437 449//449
f 27//27 449//449 29//29
f 29//29 449//449 448//448
f 29//29 448//448 446//446
f 454//454 453//453 37//37
f 37//37 453//453 459//459
f 37//37 459//459 39//39
f 39//39 459//459 458//458
f 39//39 458//458 1061//1061
f 1061//1061 458//458 463//463
f 1061//1061 463//463 43//43
f 43//43 463//463 465//465
f 43//43 465//465 45//45
f 45//45 465//465 467//467
f 45//45 467//467 469//469
f 469//469 470//470 47//47
f 47//47 470//470 472//472
f 47//47 472//472 49//49
f 49//49 472//472 135//135
f 49//49 135//135 137//137
f 1062//1062 1063//1063 1064//1064
f 1064//1064 1063//1063 1065//1065
f 1064//1064 1065//1065 1066//1066
f 1066//1066 1065//1065 1067//1067
f 1066//1066 1067//1067 1068//1068
f 1068//1068 1067//1067 1069//1069
f 1068//1068 1069//1069 1070//1070
f 1070//1070 1069//1069 1071//1071
f 1070//1070 1071//1071 1072//1072
f 1072//1072 1071//1071 1073//1073
f 1072//1072 1073//1073 1074//1074
f 1074//1074 1073//1073 1075//1075
f 1074//1074 1075//1075 1076//1076
f 1076//1076 1075//1075 1077//1077
f 1076//1076 1077//1077 1078//1078
f 1078//1078 1077//1077 1079//1079
f 1078//1078 1079//1079 1080//1080
f 1080//1080 1079//1079 1081//1081
f 1080//1080 1081//1081 1082//1082
f 1082//1082 1081//1081 1083//1083
f 1082//1082 1083//1083 1084//1084
f 1084//1084 1083//1083 1085//1085
f 1084//1084 1085//1085 1062//1062
f 1062//1062 1085//1085 1063//1063
f 1086//1086 1087//1087 1088//1088
f 1088//1088 1087//1087 1089//1089
f 1088//1088 1089//1089 1090//1090
f 1090//1090 1089//1089 1091//1091
f 1090//1090 1091//1091 1092//1092
f 1092//1092 1091//1091 1093//1093
f 1092//1092 1093//1093 1094//1094
f 1094//1094 1093//1093 1095//1095
f 1094//1094 1095//1095 1096//1096
f 1096//1096 1095//1095 1097//1097
f 1096//1096 1097//1097 1098//1098
f 1098//1098 1097//1097 1099//1099
f 1098//1098 1099//1099 1100//1100
f 1100//1100 1099//1099 1101//1101
f 1100//1100 1101//1101 1102//1102
f 1102//1102 1101//1101 1103//1103
f 1102//1102 1103//1103 1104//1104
f 1104//1104 1103//1103 1105//1105
f 1104//1104 1105//1105 1106//1106
f 1106//1106 1105//1105 1107//1107
f 1106//1106 1107//1107 1108//1108
f 1108//1108 1107//1107 1109//1109
f 1108//1108 1109//1109 1086//1086
f 1086//1086 1109//1109 1087//1087
f 1110//1110 1111//1111 1112//1112
f 1112//1112 1111//1111 1113//1113
f 1112//1112 1113//1113 1114//1114
f 1114//1114 1113//1113 1115//1115
f 1114//1114 1115//1115 1116//1116
f 1116//1116 1115//1115 1117//1117
f 1116//1116 1117//1117 1118//1118
f 1118//1118 1117//1117 1119//1119
f 1118//1118 1119//1119 1120//1120
f 1120//1120 1119//1119 1121//1121
f 1120//1120 1121//1121 1122//1122
f 1122//1122 1121//1121 1123//1123
f 1122//1122 1123//1123 1124//1124
f 1124//1124 1123//1123 1125//1125
f 1124//1124 1125//1125 1126//1126
f 1126//1126 1125//1125 1127//1127
f 1126//1126 1127//1127 1128//1128
f 1128//1128 1127//1127 1129//1129
f 1128//1128 1129//1129 1130//1130
f 1130//1130 1129//1129 1131//1131
f 1130//1130 1131//1131 1132//1132
f 1132//1132 1131//1131 1133//1133
f 1132//1132 1133//1133 1110//1110
f 1110//1110 1133//1133 1111//1111
f 1134//1134 1135//1135 1136//1136
f 1136//1136 1135//1135 1137//1137
f 1136//1136 1137//1137 1138//1138
f 1138//1138 1137//1137 1139//1139
f 1138//1138 1139//1139 1140//1140
f 1140//1140 1139//1139 1141//1141
f 1140//1140 1141//1141 1142//1142
f 1142//1142 1141//1141 1143//1143
f 1142//1142 1143//1143 1144//1144
f 1144//1144 1143//1143 1145//1145
f 1144//1144 1145//1145 1146//1146
f 1146//1146 1145//1145 1147//1147
f 1146//1146 1147//1147 1148//1148
f 1148//1148 1147//1147 1149//1149
f 1148//1148 1149//1149 1150//1150
f 1150//1150 1149//1149 1151//1151
f 1150//1150 1151//1151 1152//1152
f 1152//1152 1151//1151 1153//1153
f 1152//1152 1153//1153 1154//1154
f 1154//1154 1153//1153 1155//1155
f 1154//1154 1155//1155 1156//1156
f 1156//1156 1155//1155 1157//1157
f 1156//1156 1157//1157 1134//1134
f 1134//1134 1157//1157 1135//1135
f 1158//1158 1159//1159 1160//1160
f 1160//1160 1159//1159 1161//1161
f 1160//1160 1161//1161 1162//1162
f 1162//1162 1161//1161 1163//1163
f 1162//1162 1163//1163 1164//1164
f 1165//1165 1166//1166 1167//1167
f 1168//1168 1169//1169 1167//1167
f 1167//1167 1169//1169 1170//1170
f 1171//1171 1172//1172 1170//1170
f 1170//1170 1172//1172 1173//1173
f 1170//1170 1173//1173 1167//1167
f 1167//1167 1173//1173 1174//1174
f 1167//1167 1174//1174 1165//1165
f 1175//1175 1176//1176 1177//1177
f 1178//1178 1179//1179 1177//1177
f 1177//1177 1179//1179 1180//1180
f 1181//1181 1182//1182 1180//1180
f 1180//1180 1182//1182 1183//1183
f 1180//1180 1183//1183 1177//1177
f 1177//1177 1183//1183 1184//1184
f 1177//1177 1184//1184 1175//1175
f 1185//1185 1186//1186 1187//1187
f 1187//1187 1186//1186 1188//1188
f 1188//1188 1186//1186 1189//1189
f 1189//1189 1186//1186 1190//1190
f 1189//1189 1190//1190 1191//1191
f 1192//1192 1193//1193 1194//1194
f 1195//1195 1196//1196 1194//1194
f 1194//1194 1196//1196 1197//1197
f 1194//1194 1197//1197 1192//1192
f 1198//1198 1199//1199 1200//1200
f 1200//1200 1199//1199 1201//1201
f 1200//1200 1201//1201 1202//1202
f 1202//1202 1201//1201 1203//1203
f 1204//1204 1205//1205 1206//1206
f 1206//1206 1205//1205 1207//1207
f 1206//1206 1207//1207 1208//1208
f 1208//1208 1207//1207 1209//1209
f 1208//1208 1209//1209 1210//1210
f 1211//1211 1212//1212 1213//1213
f 1214//1214 1215//1215 1213//1213
f 1213//1213 1215//1215 1216//1216
f 1217//1217 1218//1218 1216//1216
f 1216//1216 1218//1218 1219//1219
f 1216//1216 1219//1219 1213//1213
f 1213//1213 1219//1219 1220//1220
f 1213//1213 1220//1220 1211//1211
f 1221//1221 1222//1222 1223//1223
f 1224//1224 1225//1225 1223//1223
f 1223//1223 1225//1225 1226//1226
f 1227//1227 1228//1228 1226//1226
f 1226//1226 1228//1228 1229//1229
f 1226//1226 1229//1229 1223//1223
f 1223//1223 1229//1229 1230//1230
f 1223//1223 1230//1230 1221//1221
f 1231//1231 1232//1232 1233//1233
f 1233//1233 1232//1232 1234//1234
f 1234//1234 1232//1232 1235//1235
f 1235//1235 1232//1232 1236//1236
f 1235//1235 1236//1236 1237//1237
f 1238//1238 1239//1239 1240//1240
f 1241//1241 1242//1242 1240//1240
f 1240//1240 1242//1242 1243//1243
f 1240//1240 1243//1243 1238//1238
f 1244//1244 1245//1245 1246//1246
f 1246//1246 1245//1245 1247//1247
f 1246//1246 1247//1247 1248//1248
f 1248//1248 1247//1247 1249//1249
f 1250//1250 1251//1251 801//801
f 801//801 1251//1251 796//796
f 1252//1252 1253//1253 783//783
f 801//801 805//805 1250//1250
f 1250//1250 805//805 807//807
f 1250//1250 807//807 103//103
f 103//103 807//807 809//809
f 103//103 809//809 104//104
f 1254//1254 1255//1255 649//649
f 649//649 1255//1255 792//792
f 792//792 1255//1255 1256//1256
f 792//792 1256//1256 794//794
f 649//649 651//651 1254//1254
f 1254//1254 651//651 799//799
f 1254//1254 799//799 1251//1251
f 1251//1251 799//799 797//797
f 1251//1251 797//797 796//796
f 1257//1257 1258//1258 786//786
f 110//110 108//108 769//769
f 786//786 652//652 1257//1257
f 1257//1257 652//652 791//791
f 1257//1257 791//791 1259//1259
f 783//783 785//785 1252//1252
f 1252//1252 785//785 984//984
f 1252//1252 984//984 1260//1260
f 1260//1260 984//984 1261//1261
f 1260//1260 1261//1261 1258//1258
f 1258//1258 1261//1261 982//982
f 1258//1258 982//982 786//786
f 999//999 780//780 1262//1262
f 1262//1262 780//780 778//778
f 1262//1262 778//778 1263//1263
f 1263//1263 778//778 777//777
f 1263//1263 777//777 1253//1253
f 1253//1253 777//777 781//781
f 1253//1253 781//781 783//783
f 999//999 1262//1262 1000//1000
f 1000//1000 1262//1262 1264//1264
f 1000//1000 1264//1264 776//776
f 776//776 1264//1264 1265//1265
f 776//776 1265//1265 657//657
f 657//657 1265//1265 1266//1266
f 657//657 1266//1266 655//655
f 110//110 769//769 1267//1267
f 791//791 790//790 1259//1259
f 1259//1259 790//790 886//886
f 1259//1259 886//886 1256//1256
f 1256//1256 886//886 795//795
f 1256//1256 795//795 794//794
f 769//769 771//771 1267//1267
f 1267//1267 771//771 773//773
f 1267//1267 773//773 1266//1266
f 1266//1266 773//773 775//775
f 1266//1266 775//775 655//655
f 5//5 4//4 811//811
f 1268//1268 1269//1269 829//829
f 5//5 811//811 1270//1270
f 1270//1270 811//811 813//813
f 1270//1270 813//813 1271//1271
f 1271//1271 813//813 816//816
f 1271//1271 816//816 817//817
f 1272//1272 857//857 14//14
f 14//14 857//857 859//859
f 14//14 859//859 11//11
f 1273//1273 1274//1274 832//832
f 849//849 1275//1275 847//847
f 847//847 1275//1275 1276//1276
f 847//847 1276//1276 844//844
f 844//844 1276//1276 1277//1277
f 844//844 1277//1277 1014//1014
f 1014//1014 1277//1277 1278//1278
f 1279//1279 841//841 1278//1278
f 1278//1278 841//841 985//985
f 1278//1278 985//985 1014//1014
f 832//832 837//837 1273//1273
f 1273//1273 837//837 838//838
f 1273//1273 838//838 1279//1279
f 1279//1279 838//838 839//839
f 1279//1279 839//839 841//841
f 829//829 831//831 1268//1268
f 1268//1268 831//831 932//932
f 1268//1268 932//932 1280//1280
f 1280//1280 932//932 934//934
f 1280//1280 934//934 1274//1274
f 1274//1274 934//934 935//935
f 1274//1274 935//935 832//832
f 817//817 819//819 1271//1271
f 1271//1271 819//819 821//821
f 1271//1271 821//821 1281//1281
f 849//849 851//851 1275//1275
f 1275//1275 851//851 850//850
f 1275//1275 850//850 1272//1272
f 1272//1272 850//850 855//855
f 1272//1272 855//855 857//857
f 821//821 823//823 1281//1281
f 1281//1281 823//823 644//644
f 1281//1281 644//644 1282//1282
f 1282//1282 644//644 646//646
f 1282//1282 646//646 1283//1283
f 1283//1283 646//646 870//870
f 1283//1283 870//870 872//872
f 872//872 873//873 1283//1283
f 1283//1283 873//873 885//885
f 1283//1283 885//885 1284//1284
f 1284//1284 885//885 825//825
f 1284//1284 825//825 1269//1269
f 1269//1269 825//825 827//827
f 1269//1269 827//827 829//829
f 1285//1285 1286//1286 1287//1287
f 1288//1288 1289//1289 1290//1290
f 1290//1290 1289//1289 1291//1291
f 1290//1290 1291//1291 1292//1292
f 1293//1293 1294//1294 1295//1295
f 1295//1295 1296//1296 1293//1293
f 1293//1293 1296//1296 1297//1297
f 1293//1293 1297//1297 1298//1298
f 1296//1296 1299//1299 1297//1297
f 1297//1297 1299//1299 1300//1300
f 1297//1297 1300//1300 1290//1290
f 1290//1290 1300//1300 1301//1301
f 1290//1290 1301//1301 1288//1288
f 1302//1302 1303//1303 1304//1304
f 1304//1304 1303//1303 1305//1305
f 1304//1304 1305//1305 1297//1297
f 1297//1297 1305//1305 1306//1306
f 1297//1297 1306//1306 1298//1298
f 1307//1307 1308//1308 1309//1309
f 1309//1309 1308//1308 1310//1310
f 1309//1309 1310//1310 1304//1304
f 1304//1304 1310//1310 1311//1311
f 1304//1304 1311//1311 1302//1302
f 1307//1307 1309//1309 1312//1312
f 1312//1312 1309//1309 1313//1313
f 1312//1312 1313//1313 1314//1314
f 1315//1315 1316//1316 1314//1314
f 1314//1314 1316//1316 1317//1317
f 1314//1314 1317//1317 1312//1312
f 1318//1318 1319//1319 1320//1320
f 1320//1320 1319//1319 1321//1321
f 1320//1320 1321//1321 1322//1322
f 1322//1322 1323//1323 1320//1320
f 1320//1320 1323//1323 1324//1324
f 1320//1320 1324//1324 1309//1309
f 1309//1309 1324//1324 1325//1325
f 1309//1309 1325//1325 1313//1313
f 1326//1326 1327//1327 1328//1328
f 1328//1328 1327//1327 1329//1329
f 1328//1328 1329//1329 1330//1330
f 1330//1330 1331//1331 1328//1328
f 1328//1328 1331//1331 1332//1332
f 1328//1328 1332//1332 1333//1333
f 1333//1333 1332//1332 1334//1334
f 1333//1333 1334//1334 1320//1320
f 1320//1320 1334//1334 1335//1335
f 1320//1320 1335//1335 1318//1318
f 1336//1336 1337//1337 1338//1338
f 1338//1338 1339//1339 1336//1336
f 1336//1336 1339//1339 1340//1340
f 1336//1336 1340//1340 1341//1341
f 1342//1342 1343//1343 1344//1344
f 1344//1344 1343//1343 1345//1345
f 1344//1344 1345//1345 1328//1328
f 1328//1328 1345//1345 1346//1346
f 1328//1328 1346//1346 1326//1326
f 1336//1336 1342//1342 1337//1337
f 1337//1337 1342//1342 1344//1344
f 1337//1337 1344//1344 1347//1347
f 1347//1347 1344//1344 1348//1348
f 1287//1287 1286//1286 1349//1349
f 1349//1349 1286//1286 1350//1350
f 1349//1349 1350//1350 1351//1351
f 1351//1351 1352//1352 1349//1349
f 1349//1349 1352//1352 1353//1353
f 1349//1349 1353//1353 1344//1344
f 1344//1344 1353//1353 1354//1354
f 1344//1344 1354//1354 1348//1348
f 1355//1355 1356//1356 1357//1357
f 1358//1358 1355//1355 1287//1287
f 1287//1287 1355//1355 1357//1357
f 1287//1287 1357//1357 1285//1285
f 1292//1292 1359//1359 1290//1290
f 1290//1290 1359//1359 1360//1360
f 1290//1290 1360//1360 1361//1361
f 1361//1361 1360//1360 1362//1362
f 1361//1361 1362//1362 1363//1363
f 1363//1363 1362//1362 1364//1364
f 1363//1363 1364//1364 1365//1365
f 1365//1365 1366//1366 1363//1363
f 1363//1363 1366//1366 1367//1367
f 1363//1363 1367//1367 1368//1368
f 1368//1368 1369//1369 1363//1363
f 1363//1363 1369//1369 1370//1370
f 1363//1363 1370//1370 1287//1287
f 1287//1287 1370//1370 1371//1371
f 1287//1287 1371//1371 1358//1358
f 1085//1085 1304//1304 1063//1063
f 1063//1063 1304//1304 1297//1297
f 1063//1063 1297//1297 1065//1065
f 1065//1065 1297//1297 1290//1290
f 1065//1065 1290//1290 1067//1067
f 1067//1067 1290//1290 1361//1361
f 1067//1067 1361//1361 1069//1069
f 1069//1069 1361//1361 1363//1363
f 1069//1069 1363//1363 1071//1071
f 1071//1071 1363//1363 1287//1287
f 1071//1071 1287//1287 1073//1073
f 1073//1073 1287//1287 1349//1349
f 1073//1073 1349//1349 1075//1075
f 1075//1075 1349//1349 1344//1344
f 1075//1075 1344//1344 1077//1077
f 1077//1077 1344//1344 1328//1328
f 1077//1077 1328//1328 1079//1079
f 1079//1079 1328//1328 1333//1333
f 1079//1079 1333//1333 1081//1081
f 1081//1081 1333//1333 1320//1320
f 1081//1081 1320//1320 1083//1083
f 1083//1083 1320//1320 1309//1309
f 1083//1083 1309//1309 1085//1085
f 1085//1085 1309//1309 1304//1304
f 1372//1372 1373//1373 1374//1374
f 1375//1375 1376//1376 1377//1377
f 1378//1378 1379//1379 1377//1377
f 1380//1380 1381//1381 1379//1379
f 1380//1380 1379//1379 1382//1382
f 1378//1378 1383//1383 1379//1379
f 1379//1379 1383//1383 1384//1384
f 1379//1379 1384//1384 1382//1382
f 1385//1385 1386//1386 1387//1387
f 1387//1387 1386//1386 1388//1388
f 1387//1387 1388//1388 1389//1389
f 1385//1385 1387//1387 1376//1376
f 1376//1376 1387//1387 1390//1390
f 1376//1376 1390//1390 1377//1377
f 1377//1377 1390//1390 1391//1391
f 1377//1377 1391//1391 1378//1378
f 1374//1374 1373//1373 1392//1392
f 1392//1392 1373//1373 1393//1393
f 1392//1392 1393//1393 1394//1394
f 1394//1394 1395//1395 1392//1392
f 1392//1392 1395//1395 1396//1396
f 1392//1392 1396//1396 1377//1377
f 1377//1377 1396//1396 1397//1397
f 1377//1377 1397//1397 1375//1375
f 1398//1398 1399//1399 1400//1400
f 1372//1372 1374//1374 1400//1400
f 1400//1400 1374//1374 1401//1401
f 1400//1400 1401//1401 1398//1398
f 1402//1402 1403//1403 1404//1404
f 1404//1404 1403//1403 1405//1405
f 1404//1404 1405//1405 1406//1406
f 1406//1406 1407//1407 1404//1404
f 1404//1404 1407//1407 1408//1408
f 1404//1404 1408//1408 1374//1374
f 1374//1374 1408//1408 1409//1409
f 1374//1374 1409//1409 1401//1401
f 1410//1410 1411//1411 1412//1412
f 1412//1412 1411//1411 1413//1413
f 1412//1412 1413//1413 1414//1414
f 1414//1414 1415//1415 1412//1412
f 1412//1412 1415//1415 1416//1416
f 1412//1412 1416//1416 1417//1417
f 1417//1417 1416//1416 1418//1418
f 1417//1417 1418//1418 1404//1404
f 1404//1404 1418//1418 1419//1419
f 1404//1404 1419//1419 1402//1402
f 1420//1420 1421//1421 1422//1422
f 1422//1422 1423//1423 1420//1420
f 1420//1420 1423//1423 1424//1424
f 1420//1420 1424//1424 1425//1425
f 1426//1426 1427//1427 1428//1428
f 1428//1428 1427//1427 1429//1429
f 1428//1428 1429//1429 1412//1412
f 1412//1412 1429//1429 1430//1430
f 1412//1412 1430//1430 1410//1410
f 1420//1420 1426//1426 1421//1421
f 1421//1421 1426//1426 1428//1428
f 1421//1421 1428//1428 1431//1431
f 1431//1431 1428//1428 1432//1432
f 1431//1431 1432//1432 1433//1433
f 1433//1433 1432//1432 1434//1434
f 1435//1435 1436//1436 1437//1437
f 1437//1437 1436//1436 1438//1438
f 1437//1437 1438//1438 1432//1432
f 1432//1432 1438//1438 1439//1439
f 1432//1432 1439//1439 1434//1434
f 1435//1435 1437//1437 1440//1440
f 1440//1440 1437//1437 1441//1441
f 1440//1440 1441//1441 1442//1442
f 1443//1443 1444//1444 1442//1442
f 1442//1442 1444//1444 1445//1445
f 1442//1442 1445//1445 1440//1440
f 1381//1381 1446//1446 1379//1379
f 1379//1379 1446//1446 1447//1447
f 1379//1379 1447//1447 1448//1448
f 1448//1448 1447//1447 1449//1449
f 1448//1448 1449//1449 1450//1450
f 1450//1450 1449//1449 1451//1451
f 1450//1450 1451//1451 1452//1452
f 1452//1452 1453//1453 1450//1450
f 1450//1450 1453//1453 1454//1454
f 1450//1450 1454//1454 1455//1455
f 1455//1455 1456//1456 1450//1450
f 1450//1450 1456//1456 1457//1457
f 1450//1450 1457//1457 1437//1437
f 1437//1437 1457//1457 1458//1458
f 1437//1437 1458//1458 1441//1441
f 1109//1109 1392//1392 1087//1087
f 1087//1087 1392//1392 1377//1377
f 1087//1087 1377//1377 1089//1089
f 1089//1089 1377//1377 1379//1379
f 1089//1089 1379//1379 1091//1091
f 1091//1091 1379//1379 1448//1448
f 1091//1091 1448//1448 1093//1093
f 1093//1093 1448//1448 1450//1450
f 1093//1093 1450//1450 1095//1095
f 1095//1095 1450//1450 1437//1437
f 1095//1095 1437//1437 1097//1097
f 1097//1097 1437//1437 1432//1432
f 1097//1097 1432//1432 1099//1099
f 1099//1099 1432//1432 1428//1428
f 1099//1099 1428//1428 1101//1101
f 1101//1101 1428//1428 1412//1412
f 1101//1101 1412//1412 1103//1103
f 1103//1103 1412//1412 1417//1417
f 1103//1103 1417//1417 1105//1105
f 1105//1105 1417//1417 1404//1404
f 1105//1105 1404//1404 1107//1107
f 1107//1107 1404//1404 1374//1374
f 1107//1107 1374//1374 1109//1109
f 1109//1109 1374//1374 1392//1392
f 1459//1459 1460//1460 1461//1461
f 1462//1462 1463//1463 1464//1464
f 1465//1465 1466//1466 1464//1464
f 1467//1467 1468//1468 1466//1466
f 1467//1467 1466//1466 1469//1469
f 1465//1465 1470//1470 1466//1466
f 1466//1466 1470//1470 1471//1471
f 1466//1466 1471//1471 1469//1469
f 1472//1472 1473//1473 1474//1474
f 1472//1472 1474//1474 1475//1475
f 1475//1475 1474//1474 1463//1463
f 1463//1463 1474//1474 1476//1476
f 1463//1463 1476//1476 1464//1464
f 1464//1464 1476//1476 1477//1477
f 1464//1464 1477//1477 1465//1465
f 1461//1461 1460//1460 1478//1478
f 1460//1460 1479//1479 1478//1478
f 1478//1478 1479//1479 1480//1480
f 1478//1478 1480//1480 1481//1481
f 1481//1481 1482//1482 1478//1478
f 1478//1478 1482//1482 1483//1483
f 1478//1478 1483//1483 1464//1464
f 1464//1464 1483//1483 1484//1484
f 1464//1464 1484//1484 1462//1462
f 1485//1485 1486//1486 1487//1487
f 1485//1485 1487//1487 1488//1488
f 1488//1488 1487//1487 1461//1461
f 1461//1461 1487//1487 1489//1489
f 1461//1461 1489//1489 1459//1459
f 1490//1490 1491//1491 1492//1492
f 1492//1492 1491//1491 1493//1493
f 1492//1492 1493//1493 1494//1494
f 1494//1494 1495//1495 1492//1492
f 1492//1492 1495//1495 1496//1496
f 1492//1492 1496//1496 1461//1461
f 1461//1461 1496//1496 1497//1497
f 1461//1461 1497//1497 1488//1488
f 1498//1498 1499//1499 1500//1500
f 1500//1500 1499//1499 1501//1501
f 1500//1500 1501//1501 1502//1502
f 1502//1502 1503//1503 1500//1500
f 1500//1500 1503//1503 1504//1504
f 1500//1500 1504//1504 1505//1505
f 1505//1505 1504//1504 1506//1506
f 1505//1505 1506//1506 1492//1492
f 1492//1492 1506//1506 1507//1507
f 1492//1492 1507//1507 1490//1490
f 1508//1508 1509//1509 1510//1510
f 1511//1511 1512//1512 1510//1510
f 1510//1510 1512//1512 1513//1513
f 1510//1510 1513//1513 1508//1508
f 1508//1508 1513//1513 1514//1514
f 1509//1509 1515//1515 1510//1510
f 1510//1510 1515//1515 1516//1516
f 1510//1510 1516//1516 1500//1500
f 1500//1500 1516//1516 1517//1517
f 1500//1500 1517//1517 1498//1498
f 1518//1518 1519//1519 1520//1520
f 1520//1520 1519//1519 1521//1521
f 1520//1520 1521//1521 1510//1510
f 1510//1510 1521//1521 1522//1522
f 1510//1510 1522//1522 1511//1511
f 1523//1523 1524//1524 1525//1525
f 1525//1525 1526//1526 1523//1523
f 1523//1523 1526//1526 1527//1527
f 1523//1523 1527//1527 1520//1520
f 1520//1520 1527//1527 1528//1528
f 1520//1520 1528//1528 1518//1518
f 1529//1529 1530//1530 1531//1531
f 1523//1523 1532//1532 1524//1524
f 1524//1524 1532//1532 1529//1529
f 1524//1524 1529//1529 1533//1533
f 1533//1533 1529//1529 1531//1531
f 1468//1468 1534//1534 1466//1466
f 1466//1466 1534//1534 1535//1535
f 1466//1466 1535//1535 1536//1536
f 1536//1536 1535//1535 1537//1537
f 1536//1536 1537//1537 1538//1538
f 1538//1538 1537//1537 1539//1539
f 1538//1538 1539//1539 1540//1540
f 1540//1540 1541//1541 1538//1538
f 1538//1538 1541//1541 1542//1542
f 1538//1538 1542//1542 1543//1543
f 1543//1543 1544//1544 1538//1538
f 1538//1538 1544//1544 1545//1545
f 1538//1538 1545//1545 1523//1523
f 1523//1523 1545//1545 1546//1546
f 1523//1523 1546//1546 1532//1532
f 1133//1133 1520//1520 1111//1111
f 1111//1111 1520//1520 1510//1510
f 1111//1111 1510//1510 1113//1113
f 1113//1113 1510//1510 1500//1500
f 1113//1113 1500//1500 1115//1115
f 1115//1115 1500//1500 1505//1505
f 1115//1115 1505//1505 1117//1117
f 1117//1117 1505//1505 1492//1492
f 1117//1117 1492//1492 1119//1119
f 1119//1119 1492//1492 1461//1461
f 1119//1119 1461//1461 1121//1121
f 1121//1121 1461//1461 1478//1478
f 1121//1121 1478//1478 1123//1123
f 1123//1123 1478//1478 1464//1464
f 1123//1123 1464//1464 1125//1125
f 1125//1125 1464//1464 1466//1466
f 1125//1125 1466//1466 1127//1127
f 1127//1127 1466//1466 1536//1536
f 1127//1127 1536//1536 1129//1129
f 1129//1129 1536//1536 1538//1538
f 1129//1129 1538//1538 1131//1131
f 1131//1131 1538//1538 1523//1523
f 1131//1131 1523//1523 1133//1133
f 1133//1133 1523//1523 1520//1520
f 1547//1547 1548//1548 1549//1549
f 1550//1550 1551//1551 1552//1552
f 1552//1552 1551//1551 1553//1553
f 1552//1552 1553//1553 1554//1554
f 1555//1555 1556//1556 1557//1557
f 1557//1557 1558//1558 1555//1555
f 1555//1555 1558//1558 1559//1559
f 1555//1555 1559//1559 1560//1560
f 1558//1558 1561//1561 1559//1559
f 1559//1559 1561//1561 1562//1562
f 1559//1559 1562//1562 1552//1552
f 1552//1552 1562//1562 1563//1563
f 1552//1552 1563//1563 1550//1550
f 1564//1564 1565//1565 1566//1566
f 1566//1566 1565//1565 1567//1567
f 1566//1566 1567//1567 1559//1559
f 1559//1559 1567//1567 1568//1568
f 1559//1559 1568//1568 1560//1560
f 1569//1569 1570//1570 1571//1571
f 1571//1571 1570//1570 1572//1572
f 1571//1571 1572//1572 1566//1566
f 1566//1566 1572//1572 1573//1573
f 1566//1566 1573//1573 1564//1564
f 1569//1569 1571//1571 1574//1574
f 1574//1574 1571//1571 1575//1575
f 1574//1574 1575//1575 1576//1576
f 1577//1577 1578//1578 1576//1576
f 1576//1576 1578//1578 1579//1579
f 1576//1576 1579//1579 1574//1574
f 1580//1580 1581//1581 1582//1582
f 1582//1582 1581//1581 1583//1583
f 1582//1582 1583//1583 1584//1584
f 1584//1584 1585//1585 1582//1582
f 1582//1582 1585//1585 1586//1586
f 1582//1582 1586//1586 1571//1571
f 1571//1571 1586//1586 1587//1587
f 1571//1571 1587//1587 1575//1575
f 1588//1588 1589//1589 1548//1548
f 1588//1588 1548//1548 1590//1590
f 1547//1547 1591//1591 1548//1548
f 1548//1548 1591//1591 1592//1592
f 1548//1548 1592//1592 1590//1590
f 1589//1589 1593//1593 1548//1548
f 1548//1548 1593//1593 1594//1594
f 1548//1548 1594//1594 1595//1595
f 1595//1595 1594//1594 1596//1596
f 1595//1595 1596//1596 1582//1582
f 1582//1582 1596//1596 1597//1597
f 1582//1582 1597//1597 1580//1580
f 1598//1598 1599//1599 1600//1600
f 1600//1600 1599//1599 1601//1601
f 1600//1600 1601//1601 1602//1602
f 1598//1598 1600//1600 1603//1603
f 1603//1603 1600//1600 1604//1604
f 1603//1603 1604//1604 1549//1549
f 1549//1549 1604//1604 1605//1605
f 1549//1549 1605//1605 1547//1547
f 1606//1606 1607//1607 1549//1549
f 1549//1549 1607//1607 1608//1608
f 1608//1608 1609//1609 1549//1549
f 1549//1549 1609//1609 1610//1610
f 1549//1549 1610//1610 1603//1603
f 1611//1611 1612//1612 1606//1606
f 1606//1606 1612//1612 1613//1613
f 1606//1606 1613//1613 1607//1607
f 1614//1614 1615//1615 1616//1616
f 1611//1611 1606//1606 1616//1616
f 1616//1616 1606//1606 1617//1617
f 1616//1616 1617//1617 1614//1614
f 1618//1618 1619//1619 1615//1615
f 1615//1615 1619//1619 1620//1620
f 1615//1615 1620//1620 1616//1616
f 1554//1554 1621//1621 1552//1552
f 1552//1552 1621//1621 1622//1622
f 1552//1552 1622//1622 1623//1623
f 1623//1623 1622//1622 1624//1624
f 1623//1623 1624//1624 1625//1625
f 1625//1625 1624//1624 1626//1626
f 1625//1625 1626//1626 1627//1627
f 1627//1627 1628//1628 1625//1625
f 1625//1625 1628//1628 1629//1629
f 1625//1625 1629//1629 1630//1630
f 1630//1630 1631//1631 1625//1625
f 1625//1625 1631//1631 1632//1632
f 1625//1625 1632//1632 1617//1617
f 1617//1617 1632//1632 1633//1633
f 1617//1617 1633//1633 1614//1614
f 1157//1157 1606//1606 1135//1135
f 1135//1135 1606//1606 1549//1549
f 1135//1135 1549//1549 1137//1137
f 1137//1137 1549//1549 1548//1548
f 1137//1137 1548//1548 1139//1139
f 1139//1139 1548//1548 1595//1595
f 1139//1139 1595//1595 1141//1141
f 1141//1141 1595//1595 1582//1582
f 1141//1141 1582//1582 1143//1143
f 1143//1143 1582//1582 1571//1571
f 1143//1143 1571//1571 1145//1145
f 1145//1145 1571//1571 1566//1566
f 1145//1145 1566//1566 1147//1147
f 1147//1147 1566//1566 1559//1559
f 1147//1147 1559//1559 1149//1149
f 1149//1149 1559//1559 1552//1552
f 1149//1149 1552//1552 1151//1151
f 1151//1151 1552//1552 1623//1623
f 1151//1151 1623//1623 1153//1153
f 1153//1153 1623//1623 1625//1625
f 1153//1153 1625//1625 1155//1155
f 1155//1155 1625//1625 1617//1617
f 1155//1155 1617//1617 1157//1157
f 1157//1157 1617//1617 1606//1606
f 1634//1634 694//694 692//692
f 1634//1634 692//692 1635//1635
f 694//694 1634//1634 695//695
f 695//695 1634//1634 1636//1636
f 695//695 1636//1636 696//696
f 696//696 1636//1636 688//688
f 688//688 1636//1636 1637//1637
f 688//688 1637//1637 689//689
f 689//689 1637//1637 1638//1638
f 689//689 1638//1638 697//697
f 697//697 1638//1638 1639//1639
f 697//697 1639//1639 698//698
f 1640//1640 701//701 1639//1639
f 1639//1639 701//701 700//700
f 1639//1639 700//700 698//698
f 1641//1641 704//704 1642//1642
f 1642//1642 704//704 703//703
f 1642//1642 703//703 1640//1640
f 1640//1640 703//703 702//702
f 1640//1640 702//702 701//701
f 1643//1643 713//713 1644//1644
f 1644//1644 713//713 705//705
f 1644//1644 705//705 1645//1645
f 1645//1645 705//705 707//707
f 1645//1645 707//707 1641//1641
f 1641//1641 707//707 708//708
f 1641//1641 708//708 704//704
f 692//692 691//691 1635//1635
f 1635//1635 691//691 709//709
f 1635//1635 709//709 1643//1643
f 1643//1643 709//709 711//711
f 1643//1643 711//711 713//713
f 1144//1144 1639//1639 1142//1142
f 1142//1142 1639//1639 1638//1638
f 1142//1142 1638//1638 1140//1140
f 1140//1140 1638//1638 1637//1637
f 1140//1140 1637//1637 1138//1138
f 1138//1138 1637//1637 1636//1636
f 1138//1138 1636//1636 1136//1136
f 1136//1136 1636//1636 1634//1634
f 1136//1136 1634//1634 1134//1134
f 1134//1134 1634//1634 1635//1635
f 1134//1134 1635//1635 1156//1156
f 1156//1156 1635//1635 1643//1643
f 1156//1156 1643//1643 1154//1154
f 1154//1154 1643//1643 1644//1644
f 1154//1154 1644//1644 1152//1152
f 1152//1152 1644//1644 1645//1645
f 1152//1152 1645//1645 1150//1150
f 1150//1150 1645//1645 1641//1641
f 1150//1150 1641//1641 1148//1148
f 1148//1148 1641//1641 1642//1642
f 1148//1148 1642//1642 1146//1146
f 1146//1146 1642//1642 1640//1640
f 1146//1146 1640//1640 1144//1144
f 1144//1144 1640//1640 1639//1639
f 1646//1646 1647//1647 663//663
f 660//660 1648//1648 661//661
f 661//661 1648//1648 1646//1646
f 661//661 1646//1646 662//662
f 662//662 1646//1646 663//663
f 1649//1649 667//667 1650//1650
f 1650//1650 667//667 666//666
f 1650//1650 666//666 1647//1647
f 1647//1647 666//666 665//665
f 1647//1647 665//665 663//663
f 1651//1651 680//680 1652//1652
f 1652//1652 680//680 678//678
f 1652//1652 678//678 1653//1653
f 1653//1653 678//678 677//677
f 1653//1653 677//677 1649//1649
f 1649//1649 677//677 668//668
f 1649//1649 668//668 667//667
f 1654//1654 682//682 1651//1651
f 1651//1651 682//682 681//681
f 1651//1651 681//681 680//680
f 1655//1655 685//685 1654//1654
f 1654//1654 685//685 683//683
f 1654//1654 683//683 682//682
f 1656//1656 687//687 1655//1655
f 1655//1655 687//687 686//686
f 1655//1655 686//686 685//685
f 660//660 672//672 1648//1648
f 1648//1648 672//672 671//671
f 1648//1648 671//671 1657//1657
f 1657//1657 671//671 676//676
f 1657//1657 676//676 1656//1656
f 1656//1656 676//676 675//675
f 1656//1656 675//675 687//687
f 1120//1120 1653//1653 1118//1118
f 1118//1118 1653//1653 1649//1649
f 1118//1118 1649//1649 1116//1116
f 1116//1116 1649//1649 1650//1650
f 1116//1116 1650//1650 1114//1114
f 1114//1114 1650//1650 1647//1647
f 1114//1114 1647//1647 1112//1112
f 1112//1112 1647//1647 1646//1646
f 1112//1112 1646//1646 1110//1110
f 1110//1110 1646//1646 1648//1648
f 1110//1110 1648//1648 1132//1132
f 1132//1132 1648//1648 1657//1657
f 1132//1132 1657//1657 1130//1130
f 1130//1130 1657//1657 1656//1656
f 1130//1130 1656//1656 1128//1128
f 1128//1128 1656//1656 1655//1655
f 1128//1128 1655//1655 1126//1126
f 1126//1126 1655//1655 1654//1654
f 1126//1126 1654//1654 1124//1124
f 1124//1124 1654//1654 1651//1651
f 1124//1124 1651//1651 1122//1122
f 1122//1122 1651//1651 1652//1652
f 1122//1122 1652//1652 1120//1120
f 1120//1120 1652//1652 1653//1653
f 1658//1658 733//733 732//732
f 1658//1658 732//732 1659//1659
f 733//733 1658//1658 734//734
f 734//734 1658//1658 1660//1660
f 734//734 1660//1660 731//731
f 731//731 1660//1660 728//728
f 728//728 1660//1660 1661//1661
f 728//728 1661//1661 729//729
f 729//729 1661//1661 740//740
f 740//740 1661//1661 1662//1662
f 740//740 1662//1662 739//739
f 739//739 1662//1662 737//737
f 737//737 1662//1662 1663//1663
f 737//737 1663//1663 735//735
f 735//735 1663//1663 1664//1664
f 735//735 1664//1664 717//717
f 717//717 1664//1664 1665//1665
f 717//717 1665//1665 718//718
f 1666//1666 714//714 1665//1665
f 1665//1665 714//714 720//720
f 1665//1665 720//720 718//718
f 1667//1667 722//722 1668//1668
f 1668//1668 722//722 721//721
f 1668//1668 721//721 1666//1666
f 1666//1666 721//721 715//715
f 1666//1666 715//715 714//714
f 732//732 727//727 1659//1659
f 1659//1659 727//727 725//725
f 1659//1659 725//725 1669//1669
f 1669//1669 725//725 724//724
f 1669//1669 724//724 1667//1667
f 1667//1667 724//724 723//723
f 1667//1667 723//723 722//722
f 1096//1096 1663//1663 1094//1094
f 1094//1094 1663//1663 1662//1662
f 1094//1094 1662//1662 1092//1092
f 1092//1092 1662//1662 1661//1661
f 1092//1092 1661//1661 1090//1090
f 1090//1090 1661//1661 1660//1660
f 1090//1090 1660//1660 1088//1088
f 1088//1088 1660//1660 1658//1658
f 1088//1088 1658//1658 1086//1086
f 1086//1086 1658//1658 1659//1659
f 1086//1086 1659//1659 1108//1108
f 1108//1108 1659//1659 1669//1669
f 1108//1108 1669//1669 1106//1106
f 1106//1106 1669//1669 1667//1667
f 1106//1106 1667//1667 1104//1104
f 1104//1104 1667//1667 1668//1668
f 1104//1104 1668//1668 1102//1102
f 1102//1102 1668//1668 1666//1666
f 1102//1102 1666//1666 1100//1100
f 1100//1100 1666//1666 1665//1665
f 1100//1100 1665//1665 1098//1098
f 1098//1098 1665//1665 1664//1664
f 1098//1098 1664//1664 1096//1096
f 1096//1096 1664//1664 1663//1663
f 1670//1670 1671//1671 746//746
f 746//746 1671//1671 747//747
f 747//747 1671//1671 1672//1672
f 747//747 1672//1672 749//749
f 749//749 1672//1672 750//750
f 750//750 1672//1672 1673//1673
f 750//750 1673//1673 767//767
f 767//767 1673//1673 1674//1674
f 767//767 1674//1674 762//762
f 762//762 1674//1674 1675//1675
f 762//762 1675//1675 763//763
f 763//763 1675//1675 765//765
f 765//765 1675//1675 1676//1676
f 765//765 1676//1676 751//751
f 751//751 1676//1676 752//752
f 752//752 1676//1676 1677//1677
f 752//752 1677//1677 754//754
f 754//754 1677//1677 755//755
f 755//755 1677//1677 1678//1678
f 755//755 1678//1678 756//756
f 756//756 1678//1678 757//757
f 757//757 1678//1678 1679//1679
f 757//757 1679//1679 759//759
f 759//759 1679//1679 1680//1680
f 759//759 1680//1680 760//760
f 760//760 1680//1680 1681//1681
f 760//760 1681//1681 761//761
f 746//746 745//745 1670//1670
f 1670//1670 745//745 744//744
f 1670//1670 744//744 1681//1681
f 1681//1681 744//744 742//742
f 1681//1681 742//742 761//761
f 1072//1072 1675//1675 1070//1070
f 1070//1070 1675//1675 1674//1674
f 1070//1070 1674//1674 1068//1068
f 1068//1068 1674//1674 1673//1673
f 1068//1068 1673//1673 1066//1066
f 1066//1066 1673//1673 1672//1672
f 1066//1066 1672//1672 1064//1064
f 1064//1064 1672//1672 1671//1671
f 1064//1064 1671//1671 1062//1062
f 1062//1062 1671//1671 1670//1670
f 1062//1062 1670//1670 1084//1084
f 1084//1084 1670//1670 1681//1681
f 1084//1084 1681//1681 1082//1082
f 1082//1082 1681//1681 1680//1680
f 1082//1082 1680//1680 1080//1080
f 1080//1080 1680//1680 1679//1679
f 1080//1080 1679//1679 1078//1078
f 1078//1078 1679//1679 1678//1678
f 1078//1078 1678//1678 1076//1076
f 1076//1076 1678//1678 1677//1677
f 1076//1076 1677//1677 1074//1074
f 1074//1074 1677//1677 1676//1676
f 1074//1074 1676//1676 1072//1072
f 1072//1072 1676//1676 1675//1675
f 1210//1210 1682//1682 1683//1683
f 1683//1683 1684//1684 1210//1210
f 1210//1210 1684//1684 1685//1685
f 1210//1210 1685//1685 1208//1208
f 1686//1686 1687//1687 1688//1688
f 1688//1688 1687//1687 1689//1689
f 1688//1688 1689//1689 1690//1690
f 1691//1691 1692//1692 1693//1693
f 1686//1686 1688//1688 1693//1693
f 1693//1693 1688//1688 1694//1694
f 1693//1693 1694//1694 1691//1691
f 1682//1682 1695//1695 1683//1683
f 1683//1683 1695//1695 1693//1693
f 1683//1683 1693//1693 1696//1696
f 1696//1696 1693//1693 1692//1692
f 1697//1697 1698//1698 1699//1699
f 1699//1699 1698//1698 1700//1700
f 1699//1699 1700//1700 1689//1689
f 1689//1689 1700//1700 1701//1701
f 1689//1689 1701//1701 1690//1690
f 1702//1702 1703//1703 1704//1704
f 1704//1704 1703//1703 1237//1237
f 1704//1704 1237//1237 1236//1236
f 1702//1702 1705//1705 1703//1703
f 1703//1703 1705//1705 1706//1706
f 1703//1703 1706//1706 1707//1707
f 1707//1707 1706//1706 1708//1708
f 1707//1707 1708//1708 1709//1709
f 1708//1708 1710//1710 1709//1709
f 1709//1709 1710//1710 1711//1711
f 1709//1709 1711//1711 1712//1712
f 1712//1712 1711//1711 1713//1713
f 1698//1698 1697//1697 1714//1714
f 1714//1714 1697//1697 1715//1715
f 1714//1714 1715//1715 1713//1713
f 1713//1713 1715//1715 1716//1716
f 1713//1713 1716//1716 1712//1712
f 1717//1717 1418//1418 1416//1416
f 1718//1718 1717//1717 1719//1719
f 1698//1698 1720//1720 1700//1700
f 1700//1700 1720//1720 1721//1721
f 1700//1700 1721//1721 1701//1701
f 1701//1701 1721//1721 1722//1722
f 1717//1717 1416//1416 1719//1719
f 1719//1719 1416//1416 1415//1415
f 1719//1719 1415//1415 1723//1723
f 1723//1723 1415//1415 1414//1414
f 1723//1723 1414//1414 1724//1724
f 1724//1724 1414//1414 1413//1413
f 1724//1724 1413//1413 1725//1725
f 1725//1725 1413//1413 1411//1411
f 1725//1725 1411//1411 1726//1726
f 1726//1726 1411//1411 1410//1410
f 1726//1726 1410//1410 1727//1727
f 1698//1698 1718//1718 1720//1720
f 1720//1720 1718//1718 1719//1719
f 1720//1720 1719//1719 1721//1721
f 1721//1721 1719//1719 1723//1723
f 1721//1721 1723//1723 1722//1722
f 1722//1722 1723//1723 1724//1724
f 1722//1722 1724//1724 1728//1728
f 1728//1728 1724//1724 1725//1725
f 1728//1728 1725//1725 1729//1729
f 1729//1729 1725//1725 1726//1726
f 1729//1729 1726//1726 1730//1730
f 1730//1730 1726//1726 1727//1727
f 1730//1730 1727//1727 1731//1731
f 1731//1731 1692//1692 1730//1730
f 1730//1730 1692//1692 1691//1691
f 1730//1730 1691//1691 1729//1729
f 1729//1729 1691//1691 1694//1694
f 1729//1729 1694//1694 1728//1728
f 1728//1728 1694//1694 1688//1688
f 1728//1728 1688//1688 1722//1722
f 1722//1722 1688//1688 1690//1690
f 1722//1722 1690//1690 1701//1701
f 1684//1684 1683//1683 1731//1731
f 1731//1731 1683//1683 1696//1696
f 1731//1731 1696//1696 1692//1692
f 1430//1430 1429//1429 1732//1732
f 1732//1732 1429//1429 1733//1733
f 1732//1732 1733//1733 1734//1734
f 1734//1734 1733//1733 1735//1735
f 1427//1427 1426//1426 1736//1736
f 1736//1736 1426//1426 1737//1737
f 1736//1736 1737//1737 1738//1738
f 1429//1429 1427//1427 1733//1733
f 1733//1733 1427//1427 1736//1736
f 1733//1733 1736//1736 1735//1735
f 1735//1735 1736//1736 1738//1738
f 1735//1735 1738//1738 1739//1739
f 1410//1410 1430//1430 1727//1727
f 1727//1727 1430//1430 1732//1732
f 1727//1727 1732//1732 1731//1731
f 1731//1731 1732//1732 1734//1734
f 1731//1731 1734//1734 1684//1684
f 1684//1684 1734//1734 1735//1735
f 1684//1684 1735//1735 1685//1685
f 1685//1685 1735//1735 1739//1739
f 1685//1685 1739//1739 1208//1208
f 1740//1740 1741//1741 1742//1742
f 197//197 205//205 1743//1743
f 1743//1743 205//205 1744//1744
f 1743//1743 1744//1744 1745//1745
f 1682//1682 1210//1210 1746//1746
f 1746//1746 1210//1210 1745//1745
f 1745//1745 1744//1744 1746//1746
f 1746//1746 1744//1744 1747//1747
f 1746//1746 1747//1747 1682//1682
f 1748//1748 204//204 203//203
f 1686//1686 1693//1693 1747//1747
f 1747//1747 1693//1693 1695//1695
f 1747//1747 1695//1695 1682//1682
f 1748//1748 203//203 1749//1749
f 1749//1749 203//203 202//202
f 1749//1749 202//202 1750//1750
f 1750//1750 202//202 201//201
f 1750//1750 201//201 1751//1751
f 1751//1751 201//201 213//213
f 1751//1751 213//213 1752//1752
f 1752//1752 213//213 212//212
f 1752//1752 212//212 1753//1753
f 1753//1753 1740//1740 1752//1752
f 1752//1752 1740//1740 1742//1742
f 1752//1752 1742//1742 1751//1751
f 1751//1751 1742//1742 1754//1754
f 1751//1751 1754//1754 1750//1750
f 1750//1750 1754//1754 1755//1755
f 1750//1750 1755//1755 1749//1749
f 1749//1749 1755//1755 1756//1756
f 1749//1749 1756//1756 1748//1748
f 205//205 204//204 1744//1744
f 1744//1744 204//204 1748//1748
f 1744//1744 1748//1748 1747//1747
f 1747//1747 1748//1748 1756//1756
f 1747//1747 1756//1756 1686//1686
f 1686//1686 1756//1756 1755//1755
f 1686//1686 1755//1755 1687//1687
f 1687//1687 1755//1755 1754//1754
f 1687//1687 1754//1754 1689//1689
f 1689//1689 1754//1754 1742//1742
f 1689//1689 1742//1742 1699//1699
f 1699//1699 1742//1742 1741//1741
f 1699//1699 1741//1741 1697//1697
f 1757//1757 1758//1758 1759//1759
f 1740//1740 1753//1753 1760//1760
f 214//214 1761//1761 215//215
f 215//215 1761//1761 1762//1762
f 215//215 1762//1762 217//217
f 217//217 1762//1762 1763//1763
f 217//217 1763//1763 210//210
f 210//210 1763//1763 1764//1764
f 210//210 1764//1764 208//208
f 208//208 1764//1764 1765//1765
f 208//208 1765//1765 206//206
f 206//206 1765//1765 1760//1760
f 206//206 1760//1760 211//211
f 211//211 1760//1760 1753//1753
f 211//211 1753//1753 212//212
f 214//214 1766//1766 1761//1761
f 1761//1761 1766//1766 1767//1767
f 1761//1761 1767//1767 1762//1762
f 1762//1762 1767//1767 1768//1768
f 1762//1762 1768//1768 1763//1763
f 1763//1763 1768//1768 1769//1769
f 1763//1763 1769//1769 1764//1764
f 1764//1764 1769//1769 1770//1770
f 1764//1764 1770//1770 1765//1765
f 1765//1765 1770//1770 1771//1771
f 1765//1765 1771//1771 1760//1760
f 1760//1760 1771//1771 1772//1772
f 1760//1760 1772//1772 1740//1740
f 1740//1740 1772//1772 1741//1741
f 1766//1766 1757//1757 1767//1767
f 1767//1767 1757//1757 1759//1759
f 1767//1767 1759//1759 1768//1768
f 1768//1768 1759//1759 1773//1773
f 1768//1768 1773//1773 1769//1769
f 1769//1769 1773//1773 1774//1774
f 1769//1769 1774//1774 1770//1770
f 1770//1770 1774//1774 1775//1775
f 1770//1770 1775//1775 1771//1771
f 1771//1771 1775//1775 1776//1776
f 1771//1771 1776//1776 1772//1772
f 1772//1772 1776//1776 1777//1777
f 1772//1772 1777//1777 1741//1741
f 1741//1741 1777//1777 1697//1697
f 1697//1697 1777//1777 1715//1715
f 1715//1715 1777//1777 1776//1776
f 1715//1715 1776//1776 1716//1716
f 1716//1716 1776//1776 1775//1775
f 1716//1716 1775//1775 1712//1712
f 1712//1712 1775//1775 1774//1774
f 1712//1712 1774//1774 1709//1709
f 1709//1709 1774//1774 1773//1773
f 1709//1709 1773//1773 1707//1707
f 1707//1707 1773//1773 1759//1759
f 1707//1707 1759//1759 1703//1703
f 1703//1703 1759//1759 1758//1758
f 1703//1703 1758//1758 1237//1237
f 1717//1717 1718//1718 1778//1778
f 1779//1779 1780//1780 1781//1781
f 1779//1779 1781//1781 1782//1782
f 1236//1236 1783//1783 1704//1704
f 1704//1704 1783//1783 1784//1784
f 1704//1704 1784//1784 1702//1702
f 1702//1702 1784//1784 1785//1785
f 1702//1702 1785//1785 1705//1705
f 1705//1705 1785//1785 1786//1786
f 1705//1705 1786//1786 1706//1706
f 1418//1418 1787//1787 1419//1419
f 1419//1419 1787//1787 1788//1788
f 1419//1419 1788//1788 1402//1402
f 1402//1402 1788//1788 1789//1789
f 1402//1402 1789//1789 1403//1403
f 1403//1403 1789//1789 1790//1790
f 1403//1403 1790//1790 1405//1405
f 1405//1405 1790//1790 1791//1791
f 1405//1405 1791//1791 1406//1406
f 1406//1406 1791//1791 1792//1792
f 1406//1406 1792//1792 1407//1407
f 1407//1407 1792//1792 1793//1793
f 1407//1407 1793//1793 1408//1408
f 1408//1408 1793//1793 1781//1781
f 1408//1408 1781//1781 1409//1409
f 1409//1409 1781//1781 1780//1780
f 1409//1409 1780//1780 1401//1401
f 1418//1418 1717//1717 1787//1787
f 1787//1787 1717//1717 1778//1778
f 1787//1787 1778//1778 1788//1788
f 1788//1788 1778//1778 1794//1794
f 1788//1788 1794//1794 1789//1789
f 1789//1789 1794//1794 1795//1795
f 1789//1789 1795//1795 1790//1790
f 1790//1790 1795//1795 1796//1796
f 1790//1790 1796//1796 1791//1791
f 1791//1791 1796//1796 1786//1786
f 1791//1791 1786//1786 1792//1792
f 1792//1792 1786//1786 1785//1785
f 1792//1792 1785//1785 1793//1793
f 1793//1793 1785//1785 1784//1784
f 1793//1793 1784//1784 1781//1781
f 1781//1781 1784//1784 1783//1783
f 1781//1781 1783//1783 1782//1782
f 1782//1782 1783//1783 1236//1236
f 1706//1706 1786//1786 1708//1708
f 1708//1708 1786//1786 1796//1796
f 1708//1708 1796//1796 1710//1710
f 1710//1710 1796//1796 1795//1795
f 1710//1710 1795//1795 1711//1711
f 1711//1711 1795//1795 1794//1794
f 1711//1711 1794//1794 1713//1713
f 1713//1713 1794//1794 1778//1778
f 1713//1713 1778//1778 1714//1714
f 1714//1714 1778//1778 1718//1718
f 1714//1714 1718//1718 1698//1698
f 1797//1797 1204//1204 1206//1206
f 1797//1797 1798//1798 1799//1799
f 1799//1799 1798//1798 1420//1420
f 1799//1799 1420//1420 1425//1425
f 1797//1797 1206//1206 1798//1798
f 1798//1798 1206//1206 1208//1208
f 1798//1798 1208//1208 1739//1739
f 1426//1426 1420//1420 1737//1737
f 1737//1737 1420//1420 1798//1798
f 1737//1737 1798//1798 1738//1738
f 1738//1738 1798//1798 1739//1739
f 1800//1800 1801//1801 1802//1802
f 197//197 1743//1743 195//195
f 195//195 1743//1743 1803//1803
f 195//195 1803//1803 191//191
f 191//191 1803//1803 1804//1804
f 191//191 1804//1804 192//192
f 192//192 1804//1804 1800//1800
f 192//192 1800//1800 193//193
f 193//193 1800//1800 1802//1802
f 193//193 1802//1802 187//187
f 1743//1743 1745//1745 1803//1803
f 1803//1803 1745//1745 1805//1805
f 1803//1803 1805//1805 1804//1804
f 1804//1804 1805//1805 1806//1806
f 1804//1804 1806//1806 1800//1800
f 1800//1800 1806//1806 1807//1807
f 1800//1800 1807//1807 1801//1801
f 1801//1801 1807//1807 1808//1808
f 1745//1745 1210//1210 1805//1805
f 1805//1805 1210//1210 1209//1209
f 1805//1805 1209//1209 1806//1806
f 1806//1806 1209//1209 1207//1207
f 1806//1806 1207//1207 1807//1807
f 1807//1807 1207//1207 1205//1205
f 1807//1807 1205//1205 1808//1808
f 1808//1808 1205//1205 1204//1204
f 1809//1809 1810//1810 1811//1811
f 229//229 1812//1812 228//228
f 228//228 1812//1812 1813//1813
f 228//228 1813//1813 227//227
f 227//227 1813//1813 1814//1814
f 227//227 1814//1814 225//225
f 225//225 1814//1814 1815//1815
f 225//225 1815//1815 214//214
f 214//214 1815//1815 1766//1766
f 1816//1816 1757//1757 1766//1766
f 1812//1812 1817//1817 1813//1813
f 1813//1813 1817//1817 1810//1810
f 1813//1813 1810//1810 1814//1814
f 1814//1814 1810//1810 1809//1809
f 1814//1814 1809//1809 1815//1815
f 1758//1758 1757//1757 1818//1818
f 1818//1818 1757//1757 1816//1816
f 1818//1818 1816//1816 1819//1819
f 1237//1237 1758//1758 1235//1235
f 1235//1235 1758//1758 1818//1818
f 1235//1235 1818//1818 1234//1234
f 1234//1234 1818//1818 1819//1819
f 1234//1234 1819//1819 1233//1233
f 1817//1817 1820//1820 1810//1810
f 1810//1810 1820//1820 1821//1821
f 1810//1810 1821//1821 1811//1811
f 1811//1811 1821//1821 1822//1822
f 1811//1811 1822//1822 1823//1823
f 1766//1766 1815//1815 1816//1816
f 1816//1816 1815//1815 1809//1809
f 1816//1816 1809//1809 1819//1819
f 1819//1819 1809//1809 1811//1811
f 1819//1819 1811//1811 1233//1233
f 1233//1233 1811//1811 1823//1823
f 1233//1233 1823//1823 1231//1231
f 1782//1782 1236//1236 1232//1232
f 1824//1824 1779//1779 1782//1782
f 1398//1398 1401//1401 1824//1824
f 1824//1824 1401//1401 1780//1780
f 1824//1824 1780//1780 1779//1779
f 1782//1782 1232//1232 1824//1824
f 1824//1824 1232//1232 1231//1231
f 1824//1824 1231//1231 1825//1825
f 1399//1399 1398//1398 1826//1826
f 1826//1826 1398//1398 1824//1824
f 1826//1826 1824//1824 1827//1827
f 1827//1827 1824//1824 1825//1825
f 1828//1828 1829//1829 1830//1830
f 1831//1831 1832//1832 1833//1833
f 1831//1831 1833//1833 1834//1834
f 1214//1214 1835//1835 1836//1836
f 1836//1836 1835//1835 1837//1837
f 1836//1836 1837//1837 1838//1838
f 1838//1838 1837//1837 1839//1839
f 1838//1838 1839//1839 1840//1840
f 1840//1840 1839//1839 1841//1841
f 1840//1840 1841//1841 1842//1842
f 1842//1842 1841//1841 1843//1843
f 1842//1842 1843//1843 1844//1844
f 1844//1844 1843//1843 1845//1845
f 1844//1844 1845//1845 1846//1846
f 1449//1449 1847//1847 1451//1451
f 1451//1451 1847//1847 1848//1848
f 1451//1451 1848//1848 1452//1452
f 1452//1452 1848//1848 1849//1849
f 1452//1452 1849//1849 1453//1453
f 1453//1453 1849//1849 1850//1850
f 1453//1453 1850//1850 1454//1454
f 1454//1454 1850//1850 1851//1851
f 1454//1454 1851//1851 1455//1455
f 1455//1455 1851//1851 1852//1852
f 1455//1455 1852//1852 1456//1456
f 1456//1456 1852//1852 1853//1853
f 1456//1456 1853//1853 1457//1457
f 1457//1457 1853//1853 1833//1833
f 1457//1457 1833//1833 1458//1458
f 1458//1458 1833//1833 1832//1832
f 1458//1458 1832//1832 1441//1441
f 1449//1449 1828//1828 1847//1847
f 1847//1847 1828//1828 1830//1830
f 1847//1847 1830//1830 1848//1848
f 1848//1848 1830//1830 1854//1854
f 1848//1848 1854//1854 1849//1849
f 1849//1849 1854//1854 1845//1845
f 1849//1849 1845//1845 1850//1850
f 1850//1850 1845//1845 1843//1843
f 1850//1850 1843//1843 1851//1851
f 1851//1851 1843//1843 1841//1841
f 1851//1851 1841//1841 1852//1852
f 1852//1852 1841//1841 1839//1839
f 1852//1852 1839//1839 1853//1853
f 1853//1853 1839//1839 1837//1837
f 1853//1853 1837//1837 1833//1833
f 1833//1833 1837//1837 1835//1835
f 1833//1833 1835//1835 1834//1834
f 1834//1834 1835//1835 1214//1214
f 1846//1846 1845//1845 1855//1855
f 1855//1855 1845//1845 1854//1854
f 1855//1855 1854//1854 1856//1856
f 1856//1856 1854//1854 1830//1830
f 1856//1856 1830//1830 1857//1857
f 1857//1857 1830//1830 1829//1829
f 1857//1857 1829//1829 1858//1858
f 1859//1859 1860//1860 1204//1204
f 1797//1797 1861//1861 1204//1204
f 1801//1801 1808//1808 1860//1860
f 1860//1860 1808//1808 1204//1204
f 1861//1861 1859//1859 1204//1204
f 187//187 1802//1802 1862//1862
f 1799//1799 1425//1425 1863//1863
f 1863//1863 1425//1425 1864//1864
f 1863//1863 1864//1864 1865//1865
f 1865//1865 1864//1864 1866//1866
f 1865//1865 1866//1866 1862//1862
f 1862//1862 1866//1866 1867//1867
f 1862//1862 1867//1867 187//187
f 1802//1802 1801//1801 1862//1862
f 1862//1862 1801//1801 1860//1860
f 1862//1862 1860//1860 1865//1865
f 1865//1865 1860//1860 1859//1859
f 1865//1865 1859//1859 1863//1863
f 1863//1863 1859//1859 1861//1861
f 1863//1863 1861//1861 1799//1799
f 1799//1799 1861//1861 1797//1797
f 1827//1827 1825//1825 1868//1868
f 1868//1868 1825//1825 1231//1231
f 1869//1869 1826//1826 1827//1827
f 1399//1399 1826//1826 1870//1870
f 1870//1870 1826//1826 1869//1869
f 1870//1870 1869//1869 1871//1871
f 1871//1871 1869//1869 1872//1872
f 1871//1871 1872//1872 1873//1873
f 1873//1873 1872//1872 1874//1874
f 1231//1231 1823//1823 1868//1868
f 1868//1868 1823//1823 1822//1822
f 1868//1868 1822//1822 1875//1875
f 1817//1817 1876//1876 1820//1820
f 1820//1820 1876//1876 1875//1875
f 1820//1820 1875//1875 1821//1821
f 1821//1821 1875//1875 1822//1822
f 229//229 1877//1877 1874//1874
f 1874//1874 1877//1877 1878//1878
f 1874//1874 1878//1878 1873//1873
f 1827//1827 1868//1868 1869//1869
f 1869//1869 1868//1868 1875//1875
f 1869//1869 1875//1875 1872//1872
f 1872//1872 1875//1875 1876//1876
f 1872//1872 1876//1876 1874//1874
f 1874//1874 1876//1876 229//229
f 1817//1817 1812//1812 1876//1876
f 1876//1876 1812//1812 229//229
f 1828//1828 1449//1449 1447//1447
f 1879//1879 1829//1829 1880//1880
f 1880//1880 1829//1829 1828//1828
f 1828//1828 1447//1447 1880//1880
f 1880//1880 1447//1447 1446//1446
f 1880//1880 1446//1446 1881//1881
f 1881//1881 1446//1446 1381//1381
f 1881//1881 1381//1381 1882//1882
f 1882//1882 1381//1381 1380//1380
f 1882//1882 1380//1380 1883//1883
f 1883//1883 1380//1380 1382//1382
f 1883//1883 1382//1382 1884//1884
f 1884//1884 1382//1382 1384//1384
f 1884//1884 1384//1384 1885//1885
f 1879//1879 1880//1880 1886//1886
f 1886//1886 1880//1880 1881//1881
f 1886//1886 1881//1881 1887//1887
f 1887//1887 1881//1881 1882//1882
f 1887//1887 1882//1882 1888//1888
f 1888//1888 1882//1882 1883//1883
f 1888//1888 1883//1883 1889//1889
f 1889//1889 1883//1883 1884//1884
f 1889//1889 1884//1884 1890//1890
f 1890//1890 1884//1884 1885//1885
f 1890//1890 1885//1885 1891//1891
f 1891//1891 1892//1892 1890//1890
f 1890//1890 1892//1892 1893//1893
f 1890//1890 1893//1893 1889//1889
f 1889//1889 1893//1893 1894//1894
f 1889//1889 1894//1894 1888//1888
f 1888//1888 1894//1894 1895//1895
f 1888//1888 1895//1895 1887//1887
f 1887//1887 1895//1895 1896//1896
f 1887//1887 1896//1896 1886//1886
f 1886//1886 1896//1896 1897//1897
f 1886//1886 1897//1897 1879//1879
f 1879//1879 1897//1897 1858//1858
f 1879//1879 1858//1858 1829//1829
f 1898//1898 1899//1899 1891//1891
f 1891//1891 1899//1899 1900//1900
f 1891//1891 1900//1900 1892//1892
f 1383//1383 1378//1378 1901//1901
f 1901//1901 1378//1378 1902//1902
f 1901//1901 1902//1902 1903//1903
f 1903//1903 1902//1902 1904//1904
f 1391//1391 1390//1390 1905//1905
f 1905//1905 1390//1390 1906//1906
f 1905//1905 1906//1906 1907//1907
f 1378//1378 1391//1391 1902//1902
f 1902//1902 1391//1391 1905//1905
f 1902//1902 1905//1905 1904//1904
f 1904//1904 1905//1905 1907//1907
f 1904//1904 1907//1907 1908//1908
f 1384//1384 1383//1383 1885//1885
f 1885//1885 1383//1383 1901//1901
f 1885//1885 1901//1901 1891//1891
f 1891//1891 1901//1901 1903//1903
f 1891//1891 1903//1903 1898//1898
f 1898//1898 1903//1903 1904//1904
f 1898//1898 1904//1904 1909//1909
f 1909//1909 1904//1904 1908//1908
f 1909//1909 1908//1908 1225//1225
f 1838//1838 1910//1910 1836//1836
f 1836//1836 1910//1910 1911//1911
f 1836//1836 1911//1911 1214//1214
f 1214//1214 1911//1911 1215//1215
f 1912//1912 1913//1913 1842//1842
f 1842//1842 1913//1913 1914//1914
f 1842//1842 1914//1914 1840//1840
f 1840//1840 1914//1914 1915//1915
f 1840//1840 1915//1915 1838//1838
f 1838//1838 1915//1915 1916//1916
f 1838//1838 1916//1916 1910//1910
f 1842//1842 1844//1844 1912//1912
f 1912//1912 1844//1844 1846//1846
f 1912//1912 1846//1846 1917//1917
f 1917//1917 1846//1846 1855//1855
f 1917//1917 1855//1855 1918//1918
f 1918//1918 1855//1855 1919//1919
f 1858//1858 1920//1920 1857//1857
f 1857//1857 1920//1920 1919//1919
f 1857//1857 1919//1919 1856//1856
f 1856//1856 1919//1919 1855//1855
f 1834//1834 1214//1214 1213//1213
f 1921//1921 1831//1831 1834//1834
f 1442//1442 1441//1441 1921//1921
f 1921//1921 1441//1441 1832//1832
f 1921//1921 1832//1832 1831//1831
f 1834//1834 1213//1213 1921//1921
f 1921//1921 1213//1213 1212//1212
f 1921//1921 1212//1212 1922//1922
f 1443//1443 1442//1442 1923//1923
f 1923//1923 1442//1442 1921//1921
f 1923//1923 1921//1921 1924//1924
f 1924//1924 1921//1921 1922//1922
f 1864//1864 1425//1425 1424//1424
f 1866//1866 1864//1864 1925//1925
f 1864//1864 1424//1424 1925//1925
f 1925//1925 1424//1424 1423//1423
f 1925//1925 1423//1423 1926//1926
f 1926//1926 1423//1423 1422//1422
f 1926//1926 1422//1422 1927//1927
f 1927//1927 1422//1422 1421//1421
f 1927//1927 1421//1421 1928//1928
f 1421//1421 1431//1431 1928//1928
f 1928//1928 1431//1431 1433//1433
f 1928//1928 1433//1433 1929//1929
f 1929//1929 1433//1433 1434//1434
f 1929//1929 1434//1434 1930//1930
f 1930//1930 1434//1434 1439//1439
f 1930//1930 1439//1439 1931//1931
f 1439//1439 1438//1438 1931//1931
f 1931//1931 1438//1438 1436//1436
f 1931//1931 1436//1436 1932//1932
f 1932//1932 1436//1436 1435//1435
f 1932//1932 1435//1435 1933//1933
f 1933//1933 1435//1435 1440//1440
f 1933//1933 1440//1440 1934//1934
f 1934//1934 1440//1440 1445//1445
f 1934//1934 1445//1445 1935//1935
f 1935//1935 1445//1445 1444//1444
f 1935//1935 1444//1444 1936//1936
f 1936//1936 1937//1937 1935//1935
f 1935//1935 1937//1937 1938//1938
f 1935//1935 1938//1938 1934//1934
f 1934//1934 1938//1938 1939//1939
f 1934//1934 1939//1939 1933//1933
f 1933//1933 1939//1939 1940//1940
f 1933//1933 1940//1940 1932//1932
f 1932//1932 1940//1940 1941//1941
f 1932//1932 1941//1941 1931//1931
f 1931//1931 1941//1941 1942//1942
f 1931//1931 1942//1942 1930//1930
f 1930//1930 1942//1942 1943//1943
f 1930//1930 1943//1943 1929//1929
f 1929//1929 1943//1943 1944//1944
f 1929//1929 1944//1944 1928//1928
f 1928//1928 1944//1944 1945//1945
f 1928//1928 1945//1945 1927//1927
f 1927//1927 1945//1945 1946//1946
f 1927//1927 1946//1946 1926//1926
f 1926//1926 1946//1946 1947//1947
f 1926//1926 1947//1947 1925//1925
f 1925//1925 1947//1947 1948//1948
f 1925//1925 1948//1948 1866//1866
f 1866//1866 1948//1948 1867//1867
f 1937//1937 1949//1949 1938//1938
f 1938//1938 1949//1949 1950//1950
f 1938//1938 1950//1950 1939//1939
f 1939//1939 1950//1950 1951//1951
f 1939//1939 1951//1951 1940//1940
f 1940//1940 1951//1951 1952//1952
f 1940//1940 1952//1952 1941//1941
f 1941//1941 1952//1952 1953//1953
f 1941//1941 1953//1953 1942//1942
f 1942//1942 1953//1953 1954//1954
f 1942//1942 1954//1954 1943//1943
f 1943//1943 1954//1954 1955//1955
f 1943//1943 1955//1955 1944//1944
f 1944//1944 1955//1955 1956//1956
f 1944//1944 1956//1956 1945//1945
f 1945//1945 1956//1956 1957//1957
f 1945//1945 1957//1957 1946//1946
f 1946//1946 1957//1957 1958//1958
f 1946//1946 1958//1958 1947//1947
f 1947//1947 1958//1958 1959//1959
f 1947//1947 1959//1959 1948//1948
f 1948//1948 1959//1959 1960//1960
f 1948//1948 1960//1960 1867//1867
f 1867//1867 1960//1960 187//187
f 1444//1444 1443//1443 1936//1936
f 1936//1936 1443//1443 1961//1961
f 1936//1936 1961//1961 1937//1937
f 1937//1937 1961//1961 1962//1962
f 1937//1937 1962//1962 1949//1949
f 1949//1949 1962//1962 1963//1963
f 1949//1949 1963//1963 1964//1964
f 187//187 1960//1960 184//184
f 184//184 1960//1960 1959//1959
f 184//184 1959//1959 185//185
f 185//185 1959//1959 1958//1958
f 185//185 1958//1958 188//188
f 188//188 1958//1958 1957//1957
f 188//188 1957//1957 189//189
f 189//189 1957//1957 1956//1956
f 189//189 1956//1956 190//190
f 190//190 1956//1956 1955//1955
f 190//190 1955//1955 183//183
f 183//183 1955//1955 1954//1954
f 183//183 1954//1954 181//181
f 181//181 1954//1954 1953//1953
f 181//181 1953//1953 178//178
f 178//178 1953//1953 1952//1952
f 178//178 1952//1952 179//179
f 179//179 1952//1952 1951//1951
f 179//179 1951//1951 180//180
f 180//180 1951//1951 1950//1950
f 180//180 1950//1950 175//175
f 175//175 1950//1950 1949//1949
f 175//175 1949//1949 176//176
f 176//176 1949//1949 1964//1964
f 176//176 1964//1964 177//177
f 1965//1965 1966//1966 1967//1967
f 1968//1968 1969//1969 1970//1970
f 1971//1971 1389//1389 1388//1388
f 1971//1971 1388//1388 1969//1969
f 238//238 1972//1972 1973//1973
f 1969//1969 1388//1388 1970//1970
f 1970//1970 1388//1388 1386//1386
f 1970//1970 1386//1386 1974//1974
f 1974//1974 1386//1386 1385//1385
f 1974//1974 1385//1385 1975//1975
f 1975//1975 1385//1385 1376//1376
f 1975//1975 1376//1376 1976//1976
f 1977//1977 1978//1978 1979//1979
f 1979//1979 1978//1978 1980//1980
f 1979//1979 1980//1980 1981//1981
f 1981//1981 1980//1980 1982//1982
f 1981//1981 1982//1982 1983//1983
f 1983//1983 1982//1982 1984//1984
f 1983//1983 1984//1984 1985//1985
f 1985//1985 1984//1984 1986//1986
f 1985//1985 1986//1986 1987//1987
f 1987//1987 1986//1986 1988//1988
f 1987//1987 1988//1988 1989//1989
f 1989//1989 1988//1988 1990//1990
f 1989//1989 1990//1990 1991//1991
f 1991//1991 1990//1990 1992//1992
f 1991//1991 1992//1992 1976//1976
f 1976//1976 1992//1992 1993//1993
f 1976//1976 1993//1993 1975//1975
f 1975//1975 1993//1993 1994//1994
f 1975//1975 1994//1994 1974//1974
f 1974//1974 1994//1994 1995//1995
f 1974//1974 1995//1995 1970//1970
f 1970//1970 1995//1995 1967//1967
f 1970//1970 1967//1967 1968//1968
f 1968//1968 1967//1967 1966//1966
f 1978//1978 1996//1996 1980//1980
f 1980//1980 1996//1996 1997//1997
f 1980//1980 1997//1997 1982//1982
f 1982//1982 1997//1997 1998//1998
f 1982//1982 1998//1998 1984//1984
f 1984//1984 1998//1998 1999//1999
f 1984//1984 1999//1999 1986//1986
f 1986//1986 1999//1999 2000//2000
f 1986//1986 2000//2000 1988//1988
f 1988//1988 2000//2000 2001//2001
f 1988//1988 2001//2001 1990//1990
f 1990//1990 2001//2001 2002//2002
f 1990//1990 2002//2002 1992//1992
f 1992//1992 2002//2002 2003//2003
f 1992//1992 2003//2003 1993//1993
f 1993//1993 2003//2003 2004//2004
f 1993//1993 2004//2004 1994//1994
f 1994//1994 2004//2004 2005//2005
f 1994//1994 2005//2005 1995//1995
f 1995//1995 2005//2005 2006//2006
f 1995//1995 2006//2006 1967//1967
f 1967//1967 2006//2006 1973//1973
f 1967//1967 1973//1973 1965//1965
f 1965//1965 1973//1973 1972//1972
f 1376//1376 1375//1375 1976//1976
f 1976//1976 1375//1375 1397//1397
f 1976//1976 1397//1397 1991//1991
f 1991//1991 1397//1397 1396//1396
f 1991//1991 1396//1396 1989//1989
f 1989//1989 1396//1396 1395//1395
f 1989//1989 1395//1395 1987//1987
f 1987//1987 1395//1395 1394//1394
f 1987//1987 1394//1394 1985//1985
f 1985//1985 1394//1394 1393//1393
f 1985//1985 1393//1393 1983//1983
f 1983//1983 1393//1393 1373//1373
f 1983//1983 1373//1373 1981//1981
f 1981//1981 1373//1373 1372//1372
f 1981//1981 1372//1372 1979//1979
f 1979//1979 1372//1372 1400//1400
f 1979//1979 1400//1400 1977//1977
f 1977//1977 1400//1400 1399//1399
f 1399//1399 1870//1870 1977//1977
f 1977//1977 1870//1870 1871//1871
f 1977//1977 1871//1871 1978//1978
f 1978//1978 1871//1871 1873//1873
f 1978//1978 1873//1873 1996//1996
f 1996//1996 1873//1873 1878//1878
f 1996//1996 1878//1878 1877//1877
f 238//238 1973//1973 230//230
f 230//230 1973//1973 2006//2006
f 230//230 2006//2006 231//231
f 231//231 2006//2006 2005//2005
f 231//231 2005//2005 233//233
f 233//233 2005//2005 2004//2004
f 233//233 2004//2004 234//234
f 234//234 2004//2004 2003//2003
f 234//234 2003//2003 235//235
f 235//235 2003//2003 2002//2002
f 235//235 2002//2002 236//236
f 236//236 2002//2002 2001//2001
f 236//236 2001//2001 237//237
f 237//237 2001//2001 2000//2000
f 237//237 2000//2000 219//219
f 219//219 2000//2000 1999//1999
f 219//219 1999//1999 220//220
f 220//220 1999//1999 1998//1998
f 220//220 1998//1998 224//224
f 224//224 1998//1998 1997//1997
f 224//224 1997//1997 221//221
f 221//221 1997//1997 1996//1996
f 221//221 1996//1996 222//222
f 222//222 1996//1996 1877//1877
f 222//222 1877//1877 229//229
f 2007//2007 1227//1227 1226//1226
f 2007//2007 1226//1226 2008//2008
f 1387//1387 1389//1389 2009//2009
f 2009//2009 1389//1389 2008//2008
f 2008//2008 1226//1226 2009//2009
f 2009//2009 1226//1226 1225//1225
f 2009//2009 1225//1225 1908//1908
f 1390//1390 1387//1387 1906//1906
f 1906//1906 1387//1387 2009//2009
f 1906//1906 2009//2009 1907//1907
f 1907//1907 2009//2009 1908//1908
f 1894//1894 1893//1893 2010//2010
f 2010//2010 1893//1893 2011//2011
f 2011//2011 1893//1893 1892//1892
f 2011//2011 1892//1892 2012//2012
f 1892//1892 1900//1900 2012//2012
f 2012//2012 1900//1900 1899//1899
f 2012//2012 1899//1899 2013//2013
f 2013//2013 1899//1899 1898//1898
f 2013//2013 1898//1898 1224//1224
f 1224//1224 1898//1898 1909//1909
f 1224//1224 1909//1909 1225//1225
f 2010//2010 2014//2014 1894//1894
f 1894//1894 2014//2014 2015//2015
f 1894//1894 2015//2015 1895//1895
f 1895//1895 2015//2015 2016//2016
f 1895//1895 2016//2016 1896//1896
f 1896//1896 2016//2016 1897//1897
f 1920//1920 1858//1858 2017//2017
f 2017//2017 1858//1858 1897//1897
f 2017//2017 1897//1897 2018//2018
f 2018//2018 1897//1897 2016//2016
f 2019//2019 2020//2020 2021//2021
f 2022//2022 1334//1334 1332//1332
f 2023//2023 2024//2024 2025//2025
f 2025//2025 2024//2024 2022//2022
f 2022//2022 1332//1332 2025//2025
f 2025//2025 1332//1332 1331//1331
f 2025//2025 1331//1331 2026//2026
f 2026//2026 1331//1331 1330//1330
f 2026//2026 1330//1330 2027//2027
f 2027//2027 1330//1330 1329//1329
f 2027//2027 1329//1329 2028//2028
f 2023//2023 2025//2025 2029//2029
f 2029//2029 2025//2025 2026//2026
f 2029//2029 2026//2026 2030//2030
f 2030//2030 2026//2026 2027//2027
f 2030//2030 2027//2027 2031//2031
f 2031//2031 2027//2027 2028//2028
f 2031//2031 2028//2028 2032//2032
f 2032//2032 1912//1912 2031//2031
f 2031//2031 1912//1912 1917//1917
f 2031//2031 1917//1917 2030//2030
f 2030//2030 1917//1917 1918//1918
f 2030//2030 1918//1918 2029//2029
f 2029//2029 1918//1918 1919//1919
f 2029//2029 1919//1919 2023//2023
f 2023//2023 1919//1919 1920//1920
f 2023//2023 1920//1920 2024//2024
f 2033//2033 1327//1327 1326//1326
f 1915//1915 1914//1914 2032//2032
f 2032//2032 1914//1914 1913//1913
f 2032//2032 1913//1913 1912//1912
f 2033//2033 1326//1326 2034//2034
f 2034//2034 1326//1326 1346//1346
f 2034//2034 1346//1346 2035//2035
f 2035//2035 1346//1346 1345//1345
f 2035//2035 1345//1345 2036//2036
f 2036//2036 1345//1345 1343//1343
f 2036//2036 1343//1343 2037//2037
f 2037//2037 1343//1343 1342//1342
f 2037//2037 1342//1342 2038//2038
f 2038//2038 2019//2019 2037//2037
f 2037//2037 2019//2019 2021//2021
f 2037//2037 2021//2021 2036//2036
f 2036//2036 2021//2021 2039//2039
f 2036//2036 2039//2039 2035//2035
f 2035//2035 2039//2039 2040//2040
f 2035//2035 2040//2040 2034//2034
f 2034//2034 2040//2040 2041//2041
f 2034//2034 2041//2041 2033//2033
f 1329//1329 1327//1327 2028//2028
f 2028//2028 1327//1327 2033//2033
f 2028//2028 2033//2033 2032//2032
f 2032//2032 2033//2033 2041//2041
f 2032//2032 2041//2041 1915//1915
f 1915//1915 2041//2041 2040//2040
f 1915//1915 2040//2040 1916//1916
f 1916//1916 2040//2040 2039//2039
f 1916//1916 2039//2039 1910//1910
f 1910//1910 2039//2039 2021//2021
f 1910//1910 2021//2021 1911//1911
f 1911//1911 2021//2021 2020//2020
f 1911//1911 2020//2020 1215//1215
f 1924//1924 1922//1922 2042//2042
f 2042//2042 1922//1922 1212//1212
f 1924//1924 2043//2043 1923//1923
f 1923//1923 2043//2043 1961//1961
f 1923//1923 1961//1961 1443//1443
f 177//177 1964//1964 2044//2044
f 2044//2044 1964//1964 1963//1963
f 2044//2044 1963//1963 2043//2043
f 2043//2043 1963//1963 1962//1962
f 2043//2043 1962//1962 1961//1961
f 1924//1924 2042//2042 2043//2043
f 2043//2043 2042//2042 2045//2045
f 2043//2043 2045//2045 2044//2044
f 2044//2044 2045//2045 177//177
f 1212//1212 2046//2046 2042//2042
f 2042//2042 2046//2046 2047//2047
f 2042//2042 2047//2047 2045//2045
f 2045//2045 2047//2047 177//177
f 1972//1972 238//238 2048//2048
f 2008//2008 1389//1389 1971//1971
f 2049//2049 2007//2007 2008//2008
f 1227//1227 2007//2007 2050//2050
f 2050//2050 2007//2007 2049//2049
f 2050//2050 2049//2049 2051//2051
f 2051//2051 2049//2049 2052//2052
f 2051//2051 2052//2052 2053//2053
f 2053//2053 2052//2052 2048//2048
f 2008//2008 1971//1971 2049//2049
f 2049//2049 1971//1971 1969//1969
f 2049//2049 1969//1969 2052//2052
f 238//238 2054//2054 2048//2048
f 2048//2048 2054//2054 2055//2055
f 2048//2048 2055//2055 2053//2053
f 1969//1969 1968//1968 2052//2052
f 2052//2052 1968//1968 1966//1966
f 2052//2052 1966//1966 2048//2048
f 2048//2048 1966//1966 1965//1965
f 2048//2048 1965//1965 1972//1972
f 2022//2022 2024//2024 2056//2056
f 2057//2057 2058//2058 2059//2059
f 2057//2057 2059//2059 2060//2060
f 1224//1224 2061//2061 2013//2013
f 2013//2013 2061//2061 2062//2062
f 2013//2013 2062//2062 2012//2012
f 2012//2012 2062//2062 2063//2063
f 2012//2012 2063//2063 2011//2011
f 2011//2011 2063//2063 2064//2064
f 2011//2011 2064//2064 2010//2010
f 2010//2010 2064//2064 2065//2065
f 2010//2010 2065//2065 2014//2014
f 2014//2014 2065//2065 2066//2066
f 2014//2014 2066//2066 2015//2015
f 1334//1334 2067//2067 1335//1335
f 1335//1335 2067//2067 2068//2068
f 1335//1335 2068//2068 1318//1318
f 1318//1318 2068//2068 2069//2069
f 1318//1318 2069//2069 1319//1319
f 1319//1319 2069//2069 2070//2070
f 1319//1319 2070//2070 1321//1321
f 1321//1321 2070//2070 2071//2071
f 1321//1321 2071//2071 1322//1322
f 1322//1322 2071//2071 2072//2072
f 1322//1322 2072//2072 1323//1323
f 1323//1323 2072//2072 2073//2073
f 1323//1323 2073//2073 1324//1324
f 1324//1324 2073//2073 2059//2059
f 1324//1324 2059//2059 1325//1325
f 1325//1325 2059//2059 2058//2058
f 1325//1325 2058//2058 1313//1313
f 1334//1334 2022//2022 2067//2067
f 2067//2067 2022//2022 2056//2056
f 2067//2067 2056//2056 2068//2068
f 2068//2068 2056//2056 2074//2074
f 2068//2068 2074//2074 2069//2069
f 2069//2069 2074//2074 2066//2066
f 2069//2069 2066//2066 2070//2070
f 2070//2070 2066//2066 2065//2065
f 2070//2070 2065//2065 2071//2071
f 2071//2071 2065//2065 2064//2064
f 2071//2071 2064//2064 2072//2072
f 2072//2072 2064//2064 2063//2063
f 2072//2072 2063//2063 2073//2073
f 2073//2073 2063//2063 2062//2062
f 2073//2073 2062//2062 2059//2059
f 2059//2059 2062//2062 2061//2061
f 2059//2059 2061//2061 2060//2060
f 2060//2060 2061//2061 1224//1224
f 2015//2015 2066//2066 2016//2016
f 2016//2016 2066//2066 2074//2074
f 2016//2016 2074//2074 2018//2018
f 2018//2018 2074//2074 2056//2056
f 2018//2018 2056//2056 2017//2017
f 2017//2017 2056//2056 2024//2024
f 2017//2017 2024//2024 1920//1920
f 2075//2075 1217//1217 1216//1216
f 2076//2076 2077//2077 2075//2075
f 1336//1336 1341//1341 2076//2076
f 2076//2076 1341//1341 2078//2078
f 2076//2076 2078//2078 2077//2077
f 2075//2075 1216//1216 2076//2076
f 2076//2076 1216//1216 1215//1215
f 2076//2076 1215//1215 2020//2020
f 1342//1342 1336//1336 2038//2038
f 2038//2038 1336//1336 2076//2076
f 2038//2038 2076//2076 2019//2019
f 2019//2019 2076//2076 2020//2020
f 177//177 2047//2047 170//170
f 170//170 2047//2047 2079//2079
f 170//170 2079//2079 172//172
f 172//172 2079//2079 2080//2080
f 172//172 2080//2080 166//166
f 166//166 2080//2080 2081//2081
f 166//166 2081//2081 167//167
f 167//167 2081//2081 2082//2082
f 167//167 2082//2082 168//168
f 168//168 2082//2082 2083//2083
f 168//168 2083//2083 162//162
f 2047//2047 2046//2046 2079//2079
f 2079//2079 2046//2046 2084//2084
f 2079//2079 2084//2084 2080//2080
f 2080//2080 2084//2084 2085//2085
f 2080//2080 2085//2085 2081//2081
f 2081//2081 2085//2085 2086//2086
f 2081//2081 2086//2086 2082//2082
f 2082//2082 2086//2086 2087//2087
f 2082//2082 2087//2087 2083//2083
f 2083//2083 2087//2087 2088//2088
f 2046//2046 1212//1212 2084//2084
f 2084//2084 1212//1212 1211//1211
f 2084//2084 1211//1211 2085//2085
f 2085//2085 1211//1211 1220//1220
f 2085//2085 1220//1220 2086//2086
f 2086//2086 1220//1220 1219//1219
f 2086//2086 1219//1219 2087//2087
f 2087//2087 1219//1219 1218//1218
f 2087//2087 1218//1218 2088//2088
f 2088//2088 1218//1218 1217//1217
f 2089//2089 1222//1222 1221//1221
f 2050//2050 2051//2051 2090//2090
f 2091//2091 2092//2092 2093//2093
f 2055//2055 2054//2054 2094//2094
f 2054//2054 238//238 2094//2094
f 2094//2094 238//238 240//240
f 2094//2094 240//240 2095//2095
f 2095//2095 240//240 242//242
f 2095//2095 242//242 2096//2096
f 2096//2096 242//242 244//244
f 2096//2096 244//244 2097//2097
f 255//255 2098//2098 254//254
f 254//254 2098//2098 2097//2097
f 254//254 2097//2097 253//253
f 253//253 2097//2097 244//244
f 2098//2098 2091//2091 2097//2097
f 2097//2097 2091//2091 2093//2093
f 2097//2097 2093//2093 2096//2096
f 2096//2096 2093//2093 2099//2099
f 2096//2096 2099//2099 2095//2095
f 2095//2095 2099//2099 2100//2100
f 2095//2095 2100//2100 2094//2094
f 2094//2094 2100//2100 2101//2101
f 2094//2094 2101//2101 2055//2055
f 2055//2055 2101//2101 2053//2053
f 2092//2092 2102//2102 2093//2093
f 2093//2093 2102//2102 2103//2103
f 2093//2093 2103//2103 2099//2099
f 2099//2099 2103//2103 2104//2104
f 2099//2099 2104//2104 2100//2100
f 2100//2100 2104//2104 2105//2105
f 2100//2100 2105//2105 2101//2101
f 2101//2101 2105//2105 2090//2090
f 2101//2101 2090//2090 2053//2053
f 2053//2053 2090//2090 2051//2051
f 2102//2102 2089//2089 2103//2103
f 2103//2103 2089//2089 1221//1221
f 2103//2103 1221//1221 2104//2104
f 2104//2104 1221//1221 1230//1230
f 2104//2104 1230//1230 2105//2105
f 2105//2105 1230//1230 1229//1229
f 2105//2105 1229//1229 2090//2090
f 2090//2090 1229//1229 1228//1228
f 2090//2090 1228//1228 2050//2050
f 2050//2050 1228//1228 1227//1227
f 2106//2106 2057//2057 2060//2060
f 1314//1314 1313//1313 2106//2106
f 2106//2106 1313//1313 2058//2058
f 2106//2106 2058//2058 2057//2057
f 1222//1222 2106//2106 1223//1223
f 1223//1223 2106//2106 2060//2060
f 1223//1223 2060//2060 1224//1224
f 1315//1315 1314//1314 2107//2107
f 2107//2107 1314//1314 2106//2106
f 2107//2107 2106//2106 2108//2108
f 2108//2108 2106//2106 1222//1222
f 2109//2109 2110//2110 162//162
f 2109//2109 162//162 2083//2083
f 2111//2111 2112//2112 2110//2110
f 2113//2113 2114//2114 1341//1341
f 1341//1341 2114//2114 2078//2078
f 2078//2078 2114//2114 2077//2077
f 2077//2077 2114//2114 2115//2115
f 2077//2077 2115//2115 2075//2075
f 2075//2075 2115//2115 2088//2088
f 2075//2075 2088//2088 1217//1217
f 2113//2113 2111//2111 2114//2114
f 2114//2114 2111//2111 2110//2110
f 2114//2114 2110//2110 2115//2115
f 2115//2115 2110//2110 2109//2109
f 2115//2115 2109//2109 2088//2088
f 2088//2088 2109//2109 2083//2083
f 2112//2112 2116//2116 2110//2110
f 2110//2110 2116//2116 162//162
f 2107//2107 2108//2108 2117//2117
f 2117//2117 2108//2108 1222//1222
f 1315//1315 2107//2107 2118//2118
f 2118//2118 2107//2107 2117//2117
f 2118//2118 2117//2117 2119//2119
f 2119//2119 2117//2117 2120//2120
f 1222//1222 2089//2089 2117//2117
f 2117//2117 2089//2089 2102//2102
f 2117//2117 2102//2102 2120//2120
f 2121//2121 2122//2122 2120//2120
f 2120//2120 2122//2122 2123//2123
f 2120//2120 2123//2123 2119//2119
f 255//255 2124//2124 2121//2121
f 2121//2121 2124//2124 2125//2125
f 2121//2121 2125//2125 2122//2122
f 2102//2102 2092//2092 2120//2120
f 2120//2120 2092//2092 2091//2091
f 2120//2120 2091//2091 2121//2121
f 2121//2121 2091//2091 2098//2098
f 2121//2121 2098//2098 255//255
f 2126//2126 1355//1355 1358//1358
f 1241//1241 1240//1240 2127//2127
f 2127//2127 1240//1240 2126//2126
f 2127//2127 2126//2126 2128//2128
f 2128//2128 2126//2126 1358//1358
f 1240//1240 1239//1239 2126//2126
f 2126//2126 1239//1239 2129//2129
f 2126//2126 2129//2129 1355//1355
f 1355//1355 2129//2129 2130//2130
f 1355//1355 2130//2130 1356//1356
f 2131//2131 2132//2132 2133//2133
f 2111//2111 2113//2113 2134//2134
f 162//162 2116//2116 2135//2135
f 1338//1338 2136//2136 1339//1339
f 1339//1339 2136//2136 2134//2134
f 1339//1339 2134//2134 1340//1340
f 1340//1340 2134//2134 2113//2113
f 1340//1340 2113//2113 1341//1341
f 1337//1337 2137//2137 1338//1338
f 1338//1338 2137//2137 2138//2138
f 1338//1338 2138//2138 2136//2136
f 1337//1337 1347//1347 2137//2137
f 2137//2137 1347//1347 1348//1348
f 2137//2137 1348//1348 2139//2139
f 2139//2139 1348//1348 1354//1354
f 1353//1353 2140//2140 1354//1354
f 1354//1354 2140//2140 2141//2141
f 1354//1354 2141//2141 2139//2139
f 1353//1353 1352//1352 2140//2140
f 2140//2140 1352//1352 1351//1351
f 2140//2140 1351//1351 2142//2142
f 2142//2142 1351//1351 1350//1350
f 2142//2142 1350//1350 2143//2143
f 2143//2143 1350//1350 1286//1286
f 2143//2143 1286//1286 2144//2144
f 2144//2144 1286//1286 1285//1285
f 2144//2144 1285//1285 2145//2145
f 2112//2112 2111//2111 2146//2146
f 2146//2146 2111//2111 2134//2134
f 2146//2146 2134//2134 2147//2147
f 2147//2147 2134//2134 2136//2136
f 2147//2147 2136//2136 2148//2148
f 2148//2148 2136//2136 2138//2138
f 2148//2148 2138//2138 2149//2149
f 2149//2149 2138//2138 2137//2137
f 2149//2149 2137//2137 2150//2150
f 2150//2150 2137//2137 2139//2139
f 2150//2150 2139//2139 2151//2151
f 2151//2151 2139//2139 2141//2141
f 2151//2151 2141//2141 2152//2152
f 2152//2152 2141//2141 2140//2140
f 2152//2152 2140//2140 2153//2153
f 2153//2153 2140//2140 2142//2142
f 2153//2153 2142//2142 2154//2154
f 2154//2154 2142//2142 2143//2143
f 2154//2154 2143//2143 2155//2155
f 2155//2155 2143//2143 2144//2144
f 2155//2155 2144//2144 2156//2156
f 2156//2156 2144//2144 2145//2145
f 2156//2156 2145//2145 2157//2157
f 1357//1357 1356//1356 2158//2158
f 2158//2158 1356//1356 2159//2159
f 2159//2159 2160//2160 2158//2158
f 2158//2158 2160//2160 2161//2161
f 2158//2158 2161//2161 2162//2162
f 1285//1285 1357//1357 2145//2145
f 2145//2145 1357//1357 2158//2158
f 2145//2145 2158//2158 2157//2157
f 2157//2157 2158//2158 2162//2162
f 2157//2157 2162//2162 2163//2163
f 2163//2163 2131//2131 2157//2157
f 2157//2157 2131//2131 2133//2133
f 2157//2157 2133//2133 2156//2156
f 2156//2156 2133//2133 2164//2164
f 2156//2156 2164//2164 2155//2155
f 2155//2155 2164//2164 2165//2165
f 2155//2155 2165//2165 2154//2154
f 2154//2154 2165//2165 2166//2166
f 2154//2154 2166//2166 2153//2153
f 2153//2153 2166//2166 2167//2167
f 2153//2153 2167//2167 2152//2152
f 2152//2152 2167//2167 2168//2168
f 2152//2152 2168//2168 2151//2151
f 2151//2151 2168//2168 2169//2169
f 2151//2151 2169//2169 2150//2150
f 2150//2150 2169//2169 2170//2170
f 2150//2150 2170//2170 2149//2149
f 2149//2149 2170//2170 2171//2171
f 2149//2149 2171//2171 2148//2148
f 2148//2148 2171//2171 2172//2172
f 2148//2148 2172//2172 2147//2147
f 2147//2147 2172//2172 2173//2173
f 2147//2147 2173//2173 2146//2146
f 2146//2146 2173//2173 2135//2135
f 2146//2146 2135//2135 2112//2112
f 2112//2112 2135//2135 2116//2116
f 162//162 2135//2135 159//159
f 159//159 2135//2135 2173//2173
f 159//159 2173//2173 160//160
f 160//160 2173//2173 2172//2172
f 160//160 2172//2172 163//163
f 163//163 2172//2172 2171//2171
f 163//163 2171//2171 164//164
f 164//164 2171//2171 2170//2170
f 164//164 2170//2170 165//165
f 165//165 2170//2170 2169//2169
f 165//165 2169//2169 155//155
f 155//155 2169//2169 2168//2168
f 155//155 2168//2168 153//153
f 153//153 2168//2168 2167//2167
f 153//153 2167//2167 150//150
f 150//150 2167//2167 2166//2166
f 150//150 2166//2166 151//151
f 151//151 2166//2166 2165//2165
f 151//151 2165//2165 156//156
f 156//156 2165//2165 2164//2164
f 156//156 2164//2164 157//157
f 157//157 2164//2164 2133//2133
f 157//157 2133//2133 158//158
f 158//158 2133//2133 2132//2132
f 158//158 2132//2132 568//568
f 2174//2174 2175//2175 2176//2176
f 2175//2175 1294//1294 1293//1293
f 2177//2177 2178//2178 2179//2179
f 2175//2175 1293//1293 2176//2176
f 2176//2176 1293//1293 1298//1298
f 2176//2176 1298//1298 2180//2180
f 2180//2180 1298//1298 1306//1306
f 2180//2180 1306//1306 2181//2181
f 1306//1306 1305//1305 2181//2181
f 2181//2181 1305//1305 1303//1303
f 2181//2181 1303//1303 2182//2182
f 2182//2182 1303//1303 1302//1302
f 2182//2182 1302//1302 2183//2183
f 2183//2183 1302//1302 1311//1311
f 2183//2183 1311//1311 2184//2184
f 1311//1311 1310//1310 2184//2184
f 2184//2184 1310//1310 1308//1308
f 2184//2184 1308//1308 2185//2185
f 2185//2185 1308//1308 1307//1307
f 2185//2185 1307//1307 2186//2186
f 2186//2186 1307//1307 1312//1312
f 2186//2186 1312//1312 2187//2187
f 2187//2187 1312//1312 1317//1317
f 2187//2187 1317//1317 2188//2188
f 2188//2188 1317//1317 1316//1316
f 2188//2188 1316//1316 2189//2189
f 2189//2189 2190//2190 2188//2188
f 2188//2188 2190//2190 2191//2191
f 2188//2188 2191//2191 2187//2187
f 2187//2187 2191//2191 2192//2192
f 2187//2187 2192//2192 2186//2186
f 2186//2186 2192//2192 2193//2193
f 2186//2186 2193//2193 2185//2185
f 2185//2185 2193//2193 2194//2194
f 2185//2185 2194//2194 2184//2184
f 2184//2184 2194//2194 2195//2195
f 2184//2184 2195//2195 2183//2183
f 2183//2183 2195//2195 2196//2196
f 2183//2183 2196//2196 2182//2182
f 2182//2182 2196//2196 2197//2197
f 2182//2182 2197//2197 2181//2181
f 2181//2181 2197//2197 2198//2198
f 2181//2181 2198//2198 2180//2180
f 2180//2180 2198//2198 2199//2199
f 2180//2180 2199//2199 2176//2176
f 2176//2176 2199//2199 2179//2179
f 2176//2176 2179//2179 2174//2174
f 2174//2174 2179//2179 2178//2178
f 2190//2190 2200//2200 2191//2191
f 2191//2191 2200//2200 2201//2201
f 2191//2191 2201//2201 2192//2192
f 2192//2192 2201//2201 2202//2202
f 2192//2192 2202//2202 2193//2193
f 2193//2193 2202//2202 2203//2203
f 2193//2193 2203//2203 2194//2194
f 2194//2194 2203//2203 2204//2204
f 2194//2194 2204//2204 2195//2195
f 2195//2195 2204//2204 2205//2205
f 2195//2195 2205//2205 2196//2196
f 2196//2196 2205//2205 2206//2206
f 2196//2196 2206//2206 2197//2197
f 2197//2197 2206//2206 2207//2207
f 2197//2197 2207//2207 2198//2198
f 2198//2198 2207//2207 2208//2208
f 2198//2198 2208//2208 2199//2199
f 2199//2199 2208//2208 2209//2209
f 2199//2199 2209//2209 2179//2179
f 2179//2179 2209//2209 2210//2210
f 2179//2179 2210//2210 2177//2177
f 2177//2177 2210//2210 2211//2211
f 2200//2200 2212//2212 2201//2201
f 2201//2201 2212//2212 2213//2213
f 2201//2201 2213//2213 2202//2202
f 2202//2202 2213//2213 2214//2214
f 2202//2202 2214//2214 2203//2203
f 2203//2203 2214//2214 2215//2215
f 2203//2203 2215//2215 2204//2204
f 2204//2204 2215//2215 2216//2216
f 2204//2204 2216//2216 2205//2205
f 2205//2205 2216//2216 2217//2217
f 2205//2205 2217//2217 2206//2206
f 2206//2206 2217//2217 2218//2218
f 2206//2206 2218//2218 2207//2207
f 2207//2207 2218//2218 2219//2219
f 2207//2207 2219//2219 2208//2208
f 2208//2208 2219//2219 2220//2220
f 2208//2208 2220//2220 2209//2209
f 2209//2209 2220//2220 2221//2221
f 2209//2209 2221//2221 2210//2210
f 2210//2210 2221//2221 2222//2222
f 2210//2210 2222//2222 2211//2211
f 2211//2211 2222//2222 266//266
f 1316//1316 1315//1315 2118//2118
f 1316//1316 2118//2118 2189//2189
f 2189//2189 2118//2118 2119//2119
f 2189//2189 2119//2119 2190//2190
f 2190//2190 2119//2119 2123//2123
f 2190//2190 2123//2123 2200//2200
f 2200//2200 2123//2123 2122//2122
f 2200//2200 2122//2122 2212//2212
f 2212//2212 2122//2122 2125//2125
f 2212//2212 2125//2125 2124//2124
f 266//266 2222//2222 262//262
f 262//262 2222//2222 2221//2221
f 262//262 2221//2221 261//261
f 261//261 2221//2221 2220//2220
f 261//261 2220//2220 259//259
f 259//259 2220//2220 2219//2219
f 259//259 2219//2219 256//256
f 256//256 2219//2219 2218//2218
f 256//256 2218//2218 257//257
f 257//257 2218//2218 2217//2217
f 257//257 2217//2217 248//248
f 248//248 2217//2217 2216//2216
f 248//248 2216//2216 249//249
f 249//249 2216//2216 2215//2215
f 249//249 2215//2215 251//251
f 251//251 2215//2215 2214//2214
f 251//251 2214//2214 252//252
f 252//252 2214//2214 2213//2213
f 252//252 2213//2213 245//245
f 245//245 2213//2213 2212//2212
f 245//245 2212//2212 246//246
f 246//246 2212//2212 2124//2124
f 246//246 2124//2124 255//255
f 1249//1249 1247//1247 2223//2223
f 2223//2223 1247//1247 2224//2224
f 2223//2223 2224//2224 2225//2225
f 1295//1295 1294//1294 2224//2224
f 2224//2224 1294//1294 2226//2226
f 2224//2224 2226//2226 2225//2225
f 1296//1296 1295//1295 2227//2227
f 2227//2227 1295//1295 2224//2224
f 2227//2227 2224//2224 1245//1245
f 1245//1245 2224//2224 1247//1247
f 2228//2228 2229//2229 2230//2230
f 2231//2231 2232//2232 2233//2233
f 2127//2127 2128//2128 2234//2234
f 1241//1241 2235//2235 2236//2236
f 2236//2236 2235//2235 2237//2237
f 2236//2236 2237//2237 2238//2238
f 2238//2238 2237//2237 2239//2239
f 2239//2239 2237//2237 2233//2233
f 2233//2233 2237//2237 2240//2240
f 2233//2233 2240//2240 2231//2231
f 2232//2232 2231//2231 2241//2241
f 2241//2241 2231//2231 2242//2242
f 2241//2241 2242//2242 2243//2243
f 2243//2243 2242//2242 2244//2244
f 2243//2243 2244//2244 2245//2245
f 1362//1362 2246//2246 1364//1364
f 1364//1364 2246//2246 2247//2247
f 1364//1364 2247//2247 1365//1365
f 1365//1365 2247//2247 2248//2248
f 1365//1365 2248//2248 1366//1366
f 1366//1366 2248//2248 2249//2249
f 1366//1366 2249//2249 1367//1367
f 1367//1367 2249//2249 2250//2250
f 1367//1367 2250//2250 1368//1368
f 1368//1368 2250//2250 2251//2251
f 1368//1368 2251//2251 1369//1369
f 1369//1369 2251//2251 2252//2252
f 1369//1369 2252//2252 1370//1370
f 1370//1370 2252//2252 2234//2234
f 1370//1370 2234//2234 1371//1371
f 1371//1371 2234//2234 2128//2128
f 1371//1371 2128//2128 1358//1358
f 1362//1362 2228//2228 2246//2246
f 2246//2246 2228//2228 2230//2230
f 2246//2246 2230//2230 2247//2247
f 2247//2247 2230//2230 2253//2253
f 2247//2247 2253//2253 2248//2248
f 2248//2248 2253//2253 2244//2244
f 2248//2248 2244//2244 2249//2249
f 2249//2249 2244//2244 2242//2242
f 2249//2249 2242//2242 2250//2250
f 2250//2250 2242//2242 2231//2231
f 2250//2250 2231//2231 2251//2251
f 2251//2251 2231//2231 2240//2240
f 2251//2251 2240//2240 2252//2252
f 2252//2252 2240//2240 2237//2237
f 2252//2252 2237//2237 2234//2234
f 2234//2234 2237//2237 2235//2235
f 2234//2234 2235//2235 2127//2127
f 2127//2127 2235//2235 1241//1241
f 2245//2245 2244//2244 2254//2254
f 2254//2254 2244//2244 2253//2253
f 2254//2254 2253//2253 2255//2255
f 2255//2255 2253//2253 2230//2230
f 2255//2255 2230//2230 2256//2256
f 2256//2256 2230//2230 2229//2229
f 2256//2256 2229//2229 2257//2257
f 2258//2258 2259//2259 1239//1239
f 2260//2260 2261//2261 2262//2262
f 2131//2131 2163//2163 2262//2262
f 2161//2161 2160//2160 2263//2263
f 2263//2263 2160//2160 2159//2159
f 1239//1239 2259//2259 2263//2263
f 2263//2263 2259//2259 2162//2162
f 2263//2263 2162//2162 2161//2161
f 2264//2264 2258//2258 1239//1239
f 2131//2131 2262//2262 2132//2132
f 2132//2132 2262//2262 2261//2261
f 2132//2132 2261//2261 568//568
f 2264//2264 2260//2260 2258//2258
f 2258//2258 2260//2260 2262//2262
f 2258//2258 2262//2262 2259//2259
f 2259//2259 2262//2262 2163//2163
f 2259//2259 2163//2163 2162//2162
f 1356//1356 2130//2130 2159//2159
f 2159//2159 2130//2130 2129//2129
f 2159//2159 2129//2129 2263//2263
f 2263//2263 2129//2129 1239//1239
f 2265//2265 2226//2226 1294//1294
f 2266//2266 2223//2223 2225//2225
f 1249//1249 2223//2223 2267//2267
f 2267//2267 2223//2223 2266//2266
f 2267//2267 2266//2266 2268//2268
f 2268//2268 2266//2266 2269//2269
f 1294//1294 2175//2175 2265//2265
f 2265//2265 2175//2175 2174//2174
f 2265//2265 2174//2174 2270//2270
f 2270//2270 2174//2174 2178//2178
f 2270//2270 2178//2178 2271//2271
f 266//266 2272//2272 2273//2273
f 2273//2273 2272//2272 2274//2274
f 2273//2273 2274//2274 2275//2275
f 2275//2275 2274//2274 2276//2276
f 2275//2275 2276//2276 2269//2269
f 2269//2269 2276//2276 2277//2277
f 2269//2269 2277//2277 2268//2268
f 266//266 2273//2273 2278//2278
f 2278//2278 2273//2273 2275//2275
f 2278//2278 2275//2275 2271//2271
f 2271//2271 2275//2275 2269//2269
f 2271//2271 2269//2269 2270//2270
f 2270//2270 2269//2269 2266//2266
f 2270//2270 2266//2266 2265//2265
f 2265//2265 2266//2266 2225//2225
f 2265//2265 2225//2225 2226//2226
f 2178//2178 2177//2177 2271//2271
f 2271//2271 2177//2177 2211//2211
f 2271//2271 2211//2211 2278//2278
f 2278//2278 2211//2211 266//266
f 2227//2227 2279//2279 2280//2280
f 2228//2228 1362//1362 1360//1360
f 2281//2281 2229//2229 2282//2282
f 2282//2282 2229//2229 2228//2228
f 2228//2228 1360//1360 2282//2282
f 2282//2282 1360//1360 1359//1359
f 2282//2282 1359//1359 2283//2283
f 2283//2283 1359//1359 1292//1292
f 2283//2283 1292//1292 2284//2284
f 2284//2284 1292//1292 1291//1291
f 2284//2284 1291//1291 2285//2285
f 2285//2285 1291//1291 1289//1289
f 2285//2285 1289//1289 2286//2286
f 2286//2286 1289//1289 1288//1288
f 2286//2286 1288//1288 2287//2287
f 2281//2281 2282//2282 2288//2288
f 2288//2288 2282//2282 2283//2283
f 2288//2288 2283//2283 2289//2289
f 2289//2289 2283//2283 2284//2284
f 2289//2289 2284//2284 2290//2290
f 2290//2290 2284//2284 2285//2285
f 2290//2290 2285//2285 2291//2291
f 2291//2291 2285//2285 2286//2286
f 2291//2291 2286//2286 2292//2292
f 2292//2292 2286//2286 2287//2287
f 2292//2292 2287//2287 2293//2293
f 2293//2293 2294//2294 2292//2292
f 2292//2292 2294//2294 2295//2295
f 2292//2292 2295//2295 2291//2291
f 2291//2291 2295//2295 2296//2296
f 2291//2291 2296//2296 2290//2290
f 2290//2290 2296//2296 2297//2297
f 2290//2290 2297//2297 2289//2289
f 2289//2289 2297//2297 2298//2298
f 2289//2289 2298//2298 2288//2288
f 2288//2288 2298//2298 2299//2299
f 2288//2288 2299//2299 2281//2281
f 2281//2281 2299//2299 2257//2257
f 2281//2281 2257//2257 2229//2229
f 2300//2300 1301//1301 1300//1300
f 2301//2301 2302//2302 2293//2293
f 2293//2293 2302//2302 2303//2303
f 2293//2293 2303//2303 2294//2294
f 2280//2280 2279//2279 2304//2304
f 2304//2304 2279//2279 2305//2305
f 2304//2304 2305//2305 2300//2300
f 2300//2300 1300//1300 2304//2304
f 2304//2304 1300//1300 1299//1299
f 2304//2304 1299//1299 2280//2280
f 2280//2280 1299//1299 1296//1296
f 2280//2280 1296//1296 2227//2227
f 1288//1288 1301//1301 2287//2287
f 2287//2287 1301//1301 2300//2300
f 2287//2287 2300//2300 2293//2293
f 2293//2293 2300//2300 2305//2305
f 2293//2293 2305//2305 2301//2301
f 2301//2301 2305//2305 2279//2279
f 2301//2301 2279//2279 2306//2306
f 2306//2306 2279//2279 2227//2227
f 2306//2306 2227//2227 1245//1245
f 1241//1241 2236//2236 1242//1242
f 1242//1242 2236//2236 2238//2238
f 1242//1242 2238//2238 2307//2307
f 2307//2307 2238//2238 2239//2239
f 2307//2307 2239//2239 2308//2308
f 2239//2239 2233//2233 2308//2308
f 2308//2308 2233//2233 2232//2232
f 2308//2308 2232//2232 2309//2309
f 2309//2309 2232//2232 2241//2241
f 2309//2309 2241//2241 2310//2310
f 2241//2241 2243//2243 2310//2310
f 2310//2310 2243//2243 2245//2245
f 2310//2310 2245//2245 2311//2311
f 2311//2311 2245//2245 2254//2254
f 2311//2311 2254//2254 2312//2312
f 2257//2257 2313//2313 2256//2256
f 2256//2256 2313//2313 2314//2314
f 2254//2254 2255//2255 2312//2312
f 2312//2312 2255//2255 2256//2256
f 2312//2312 2256//2256 2315//2315
f 2315//2315 2256//2256 2314//2314
f 2261//2261 2260//2260 2316//2316
f 568//568 2261//2261 569//569
f 569//569 2261//2261 2316//2316
f 569//569 2316//2316 149//149
f 149//149 2316//2316 2317//2317
f 149//149 2317//2317 147//147
f 147//147 2317//2317 2318//2318
f 2260//2260 2264//2264 2316//2316
f 2316//2316 2264//2264 2319//2319
f 2316//2316 2319//2319 2317//2317
f 2317//2317 2319//2319 2320//2320
f 2317//2317 2320//2320 2318//2318
f 2318//2318 2320//2320 2321//2321
f 2264//2264 1239//1239 2319//2319
f 2319//2319 1239//1239 1238//1238
f 2319//2319 1238//1238 2320//2320
f 2320//2320 1238//1238 1243//1243
f 2320//2320 1243//1243 2321//2321
f 2321//2321 1243//1243 1242//1242
f 276//276 275//275 2322//2322
f 264//264 2323//2323 266//266
f 266//266 2323//2323 2272//2272
f 264//264 263//263 2324//2324
f 2324//2324 263//263 276//276
f 2272//2272 2323//2323 2274//2274
f 2274//2274 2323//2323 2325//2325
f 2274//2274 2325//2325 2276//2276
f 2276//2276 2325//2325 2277//2277
f 2277//2277 2325//2325 2326//2326
f 2277//2277 2326//2326 2268//2268
f 2268//2268 2326//2326 2267//2267
f 2267//2267 2326//2326 1248//1248
f 2267//2267 1248//1248 1249//1249
f 264//264 2324//2324 2323//2323
f 2323//2323 2324//2324 2327//2327
f 2323//2323 2327//2327 2325//2325
f 2325//2325 2327//2327 2328//2328
f 2325//2325 2328//2328 2326//2326
f 2326//2326 2328//2328 1246//1246
f 2326//2326 1246//1246 1248//1248
f 276//276 2322//2322 2324//2324
f 2324//2324 2322//2322 2329//2329
f 2324//2324 2329//2329 2327//2327
f 2327//2327 2329//2329 2330//2330
f 2327//2327 2330//2330 2328//2328
f 2328//2328 2330//2330 1244//1244
f 2328//2328 1244//1244 1246//1246
f 2299//2299 2331//2331 2257//2257
f 2257//2257 2331//2331 2332//2332
f 2257//2257 2332//2332 2313//2313
f 2299//2299 2298//2298 2331//2331
f 2331//2331 2298//2298 2297//2297
f 2331//2331 2297//2297 2333//2333
f 2333//2333 2297//2297 2334//2334
f 2295//2295 2294//2294 2335//2335
f 2297//2297 2296//2296 2334//2334
f 2334//2334 2296//2296 2295//2295
f 2334//2334 2295//2295 2336//2336
f 2336//2336 2295//2295 2335//2335
f 2294//2294 2303//2303 2335//2335
f 2335//2335 2303//2303 2302//2302
f 2335//2335 2302//2302 2337//2337
f 2337//2337 2302//2302 2338//2338
f 2306//2306 1245//1245 1244//1244
f 2338//2338 2302//2302 1244//1244
f 1244//1244 2302//2302 2301//2301
f 1244//1244 2301//2301 2306//2306
f 2318//2318 2321//2321 2339//2339
f 2340//2340 2341//2341 2342//2342
f 147//147 2343//2343 284//284
f 284//284 2343//2343 2344//2344
f 284//284 2344//2344 286//286
f 286//286 2344//2344 2345//2345
f 286//286 2345//2345 287//287
f 287//287 2345//2345 2346//2346
f 287//287 2346//2346 288//288
f 288//288 2346//2346 2347//2347
f 288//288 2347//2347 289//289
f 289//289 2347//2347 2348//2348
f 289//289 2348//2348 291//291
f 291//291 2348//2348 2349//2349
f 291//291 2349//2349 292//292
f 292//292 2349//2349 2342//2342
f 292//292 2342//2342 277//277
f 277//277 2342//2342 2341//2341
f 277//277 2341//2341 278//278
f 147//147 2318//2318 2343//2343
f 2343//2343 2318//2318 2339//2339
f 2343//2343 2339//2339 2344//2344
f 2344//2344 2339//2339 2350//2350
f 2344//2344 2350//2350 2345//2345
f 2345//2345 2350//2350 2351//2351
f 2345//2345 2351//2351 2346//2346
f 2346//2346 2351//2351 2352//2352
f 2346//2346 2352//2352 2347//2347
f 2347//2347 2352//2352 2353//2353
f 2347//2347 2353//2353 2348//2348
f 2348//2348 2353//2353 2354//2354
f 2348//2348 2354//2354 2349//2349
f 2349//2349 2354//2354 2355//2355
f 2349//2349 2355//2355 2342//2342
f 2342//2342 2355//2355 2356//2356
f 2342//2342 2356//2356 2340//2340
f 2340//2340 2356//2356 2313//2313
f 2313//2313 2356//2356 2314//2314
f 2314//2314 2356//2356 2355//2355
f 2314//2314 2355//2355 2315//2315
f 2315//2315 2355//2355 2354//2354
f 2315//2315 2354//2354 2312//2312
f 2312//2312 2354//2354 2353//2353
f 2312//2312 2353//2353 2311//2311
f 2311//2311 2353//2353 2352//2352
f 2311//2311 2352//2352 2310//2310
f 2310//2310 2352//2352 2351//2351
f 2310//2310 2351//2351 2309//2309
f 2309//2309 2351//2351 2350//2350
f 2309//2309 2350//2350 2308//2308
f 2308//2308 2350//2350 2339//2339
f 2308//2308 2339//2339 2307//2307
f 2307//2307 2339//2339 2321//2321
f 2307//2307 2321//2321 1242//1242
f 2341//2341 2340//2340 2357//2357
f 2322//2322 275//275 274//274
f 2329//2329 2322//2322 2358//2358
f 2322//2322 274//274 2358//2358
f 2358//2358 274//274 273//273
f 2358//2358 273//273 2359//2359
f 2359//2359 273//273 272//272
f 2359//2359 272//272 2360//2360
f 2360//2360 272//272 270//270
f 2360//2360 270//270 2361//2361
f 2361//2361 270//270 269//269
f 2361//2361 269//269 2362//2362
f 2362//2362 269//269 282//282
f 2362//2362 282//282 2363//2363
f 2363//2363 282//282 281//281
f 2363//2363 281//281 2364//2364
f 2364//2364 281//281 280//280
f 2364//2364 280//280 2365//2365
f 2365//2365 2366//2366 2364//2364
f 2364//2364 2366//2366 2367//2367
f 2364//2364 2367//2367 2363//2363
f 2363//2363 2367//2367 2368//2368
f 2363//2363 2368//2368 2362//2362
f 2362//2362 2368//2368 2369//2369
f 2362//2362 2369//2369 2361//2361
f 2361//2361 2369//2369 2370//2370
f 2361//2361 2370//2370 2360//2360
f 2360//2360 2370//2370 2371//2371
f 2360//2360 2371//2371 2359//2359
f 2359//2359 2371//2371 2372//2372
f 2359//2359 2372//2372 2358//2358
f 2358//2358 2372//2372 2373//2373
f 2358//2358 2373//2373 2329//2329
f 2329//2329 2373//2373 2330//2330
f 280//280 278//278 2365//2365
f 2365//2365 278//278 2341//2341
f 2365//2365 2341//2341 2366//2366
f 2366//2366 2341//2341 2357//2357
f 2366//2366 2357//2357 2367//2367
f 2367//2367 2357//2357 2374//2374
f 2367//2367 2374//2374 2368//2368
f 2368//2368 2374//2374 2375//2375
f 2368//2368 2375//2375 2369//2369
f 2369//2369 2375//2375 2376//2376
f 2369//2369 2376//2376 2370//2370
f 2370//2370 2376//2376 2377//2377
f 2370//2370 2377//2377 2371//2371
f 2371//2371 2377//2377 2378//2378
f 2371//2371 2378//2378 2372//2372
f 2372//2372 2378//2378 2379//2379
f 2372//2372 2379//2379 2373//2373
f 2373//2373 2379//2379 2380//2380
f 2373//2373 2380//2380 2330//2330
f 2330//2330 2380//2380 1244//1244
f 1244//1244 2380//2380 2338//2338
f 2338//2338 2380//2380 2379//2379
f 2338//2338 2379//2379 2337//2337
f 2337//2337 2379//2379 2378//2378
f 2337//2337 2378//2378 2335//2335
f 2335//2335 2378//2378 2377//2377
f 2335//2335 2377//2377 2336//2336
f 2336//2336 2377//2377 2376//2376
f 2336//2336 2376//2376 2334//2334
f 2334//2334 2376//2376 2375//2375
f 2334//2334 2375//2375 2333//2333
f 2333//2333 2375//2375 2374//2374
f 2333//2333 2374//2374 2331//2331
f 2331//2331 2374//2374 2357//2357
f 2331//2331 2357//2357 2332//2332
f 2332//2332 2357//2357 2340//2340
f 2332//2332 2340//2340 2313//2313
f 2381//2381 2382//2382 1164//1164
f 1164//1164 2382//2382 2383//2383
f 1164//1164 2383//2383 1162//1162
f 2384//2384 2385//2385 2386//2386
f 2381//2381 2387//2387 2382//2382
f 2382//2382 2387//2387 2386//2386
f 2382//2382 2386//2386 2388//2388
f 2388//2388 2386//2386 2385//2385
f 2389//2389 2390//2390 2391//2391
f 2391//2391 2390//2390 2392//2392
f 2386//2386 2393//2393 2384//2384
f 2384//2384 2393//2393 2390//2390
f 2384//2384 2390//2390 2394//2394
f 2394//2394 2390//2390 2389//2389
f 2392//2392 2395//2395 2391//2391
f 2391//2391 2395//2395 2396//2396
f 2391//2391 2396//2396 2397//2397
f 2397//2397 2396//2396 2398//2398
f 2399//2399 2400//2400 2401//2401
f 2398//2398 2396//2396 2401//2401
f 2401//2401 2396//2396 2402//2402
f 2401//2401 2402//2402 2399//2399
f 1190//1190 2403//2403 1191//1191
f 1191//1191 2403//2403 2404//2404
f 1191//1191 2404//2404 2405//2405
f 2405//2405 2404//2404 2406//2406
f 2405//2405 2406//2406 2407//2407
f 2406//2406 2408//2408 2407//2407
f 2407//2407 2408//2408 2409//2409
f 2407//2407 2409//2409 2410//2410
f 2410//2410 2409//2409 2411//2411
f 2410//2410 2411//2411 2412//2412
f 2411//2411 2413//2413 2412//2412
f 2412//2412 2413//2413 2414//2414
f 2412//2412 2414//2414 2415//2415
f 2415//2415 2414//2414 2416//2416
f 2415//2415 2416//2416 2417//2417
f 2401//2401 2400//2400 2418//2418
f 2418//2418 2400//2400 2419//2419
f 2416//2416 2420//2420 2417//2417
f 2417//2417 2420//2420 2418//2418
f 2417//2417 2418//2418 2421//2421
f 2421//2421 2418//2418 2419//2419
f 2422//2422 2423//2423 2424//2424
f 2425//2425 1624//1624 1622//1622
f 2426//2426 2427//2427 2428//2428
f 2428//2428 2427//2427 2425//2425
f 2425//2425 1622//1622 2428//2428
f 2428//2428 1622//1622 1621//1621
f 2428//2428 1621//1621 2429//2429
f 2429//2429 1621//1621 1554//1554
f 2429//2429 1554//1554 2430//2430
f 2430//2430 1554//1554 1553//1553
f 2430//2430 1553//1553 2431//2431
f 2426//2426 2428//2428 2432//2432
f 2432//2432 2428//2428 2429//2429
f 2432//2432 2429//2429 2433//2433
f 2433//2433 2429//2429 2430//2430
f 2433//2433 2430//2430 2434//2434
f 2434//2434 2430//2430 2431//2431
f 2434//2434 2431//2431 2435//2435
f 2435//2435 2389//2389 2434//2434
f 2434//2434 2389//2389 2391//2391
f 2434//2434 2391//2391 2433//2433
f 2433//2433 2391//2391 2397//2397
f 2433//2433 2397//2397 2432//2432
f 2432//2432 2397//2397 2398//2398
f 2432//2432 2398//2398 2426//2426
f 2426//2426 2398//2398 2401//2401
f 2426//2426 2401//2401 2427//2427
f 2436//2436 1551//1551 1550//1550
f 2385//2385 2384//2384 2435//2435
f 2435//2435 2384//2384 2394//2394
f 2435//2435 2394//2394 2389//2389
f 2436//2436 1550//1550 2437//2437
f 2437//2437 1550//1550 1563//1563
f 2437//2437 1563//1563 2438//2438
f 2438//2438 1563//1563 1562//1562
f 2438//2438 1562//1562 2439//2439
f 2439//2439 1562//1562 1561//1561
f 2439//2439 1561//1561 2440//2440
f 2440//2440 1561//1561 1558//1558
f 2440//2440 1558//1558 2441//2441
f 2441//2441 2422//2422 2440//2440
f 2440//2440 2422//2422 2424//2424
f 2440//2440 2424//2424 2439//2439
f 2439//2439 2424//2424 2442//2442
f 2439//2439 2442//2442 2438//2438
f 2438//2438 2442//2442 2443//2443
f 2438//2438 2443//2443 2437//2437
f 2437//2437 2443//2443 2444//2444
f 2437//2437 2444//2444 2436//2436
f 1553//1553 1551//1551 2431//2431
f 2431//2431 1551//1551 2436//2436
f 2431//2431 2436//2436 2435//2435
f 2435//2435 2436//2436 2444//2444
f 2435//2435 2444//2444 2385//2385
f 2385//2385 2444//2444 2443//2443
f 2385//2385 2443//2443 2388//2388
f 2388//2388 2443//2443 2442//2442
f 2388//2388 2442//2442 2382//2382
f 2382//2382 2442//2442 2424//2424
f 2382//2382 2424//2424 2383//2383
f 2383//2383 2424//2424 2423//2423
f 2383//2383 2423//2423 1162//1162
f 2445//2445 2446//2446 411//411
f 411//411 2446//2446 412//412
f 2381//2381 1164//1164 2447//2447
f 2447//2447 1164//1164 2448//2448
f 2387//2387 2381//2381 2449//2449
f 2449//2449 2381//2381 2447//2447
f 2449//2449 2447//2447 2450//2450
f 2450//2450 2447//2447 2448//2448
f 2450//2450 2448//2448 2451//2451
f 2386//2386 2387//2387 2452//2452
f 2452//2452 2387//2387 2449//2449
f 2452//2452 2449//2449 2453//2453
f 2453//2453 2449//2449 2450//2450
f 2453//2453 2450//2450 2445//2445
f 2445//2445 2450//2450 2451//2451
f 2445//2445 2451//2451 2446//2446
f 411//411 410//410 2445//2445
f 2445//2445 410//410 2454//2454
f 2445//2445 2454//2454 2453//2453
f 2453//2453 2454//2454 2455//2455
f 2453//2453 2455//2455 2452//2452
f 2452//2452 2455//2455 2456//2456
f 2452//2452 2456//2456 2386//2386
f 2392//2392 2390//2390 2456//2456
f 2456//2456 2390//2390 2393//2393
f 2456//2456 2393//2393 2386//2386
f 408//408 406//406 2457//2457
f 2457//2457 406//406 2458//2458
f 2457//2457 2458//2458 2459//2459
f 2459//2459 2458//2458 2460//2460
f 2459//2459 2460//2460 2461//2461
f 2461//2461 2460//2460 2462//2462
f 410//410 408//408 2454//2454
f 2454//2454 408//408 2457//2457
f 2454//2454 2457//2457 2455//2455
f 2455//2455 2457//2457 2459//2459
f 2455//2455 2459//2459 2456//2456
f 2456//2456 2459//2459 2461//2461
f 2456//2456 2461//2461 2392//2392
f 2392//2392 2461//2461 2462//2462
f 2392//2392 2462//2462 2395//2395
f 2395//2395 2462//2462 2396//2396
f 2402//2402 2396//2396 2463//2463
f 2463//2463 2396//2396 2462//2462
f 2463//2463 2462//2462 2464//2464
f 2464//2464 2462//2462 2460//2460
f 2464//2464 2460//2460 2465//2465
f 2465//2465 2460//2460 2458//2458
f 2465//2465 2458//2458 405//405
f 405//405 2458//2458 406//406
f 2399//2399 2402//2402 2466//2466
f 2466//2466 2402//2402 2463//2463
f 2466//2466 2463//2463 2467//2467
f 2467//2467 2463//2463 2464//2464
f 2467//2467 2464//2464 2468//2468
f 2468//2468 2464//2464 2465//2465
f 2468//2468 2465//2465 418//418
f 418//418 2465//2465 405//405
f 2469//2469 2470//2470 414//414
f 414//414 2470//2470 415//415
f 417//417 415//415 2471//2471
f 2471//2471 415//415 2470//2470
f 2471//2471 2470//2470 2472//2472
f 2472//2472 2470//2470 2469//2469
f 2472//2472 2469//2469 2473//2473
f 2400//2400 2399//2399 2473//2473
f 2473//2473 2399//2399 2466//2466
f 2473//2473 2466//2466 2472//2472
f 2472//2472 2466//2466 2467//2467
f 2472//2472 2467//2467 2471//2471
f 2471//2471 2467//2467 2468//2468
f 2471//2471 2468//2468 417//417
f 417//417 2468//2468 418//418
f 2474//2474 2475//2475 2476//2476
f 2473//2473 2469//2469 2477//2477
f 420//420 2478//2478 421//421
f 421//421 2478//2478 2479//2479
f 421//421 2479//2479 423//423
f 423//423 2479//2479 2480//2480
f 423//423 2480//2480 424//424
f 424//424 2480//2480 2481//2481
f 424//424 2481//2481 425//425
f 425//425 2481//2481 2482//2482
f 425//425 2482//2482 426//426
f 426//426 2482//2482 2483//2483
f 426//426 2483//2483 427//427
f 427//427 2483//2483 2484//2484
f 427//427 2484//2484 138//138
f 138//138 2484//2484 2477//2477
f 138//138 2477//2477 139//139
f 139//139 2477//2477 2469//2469
f 139//139 2469//2469 414//414
f 420//420 2474//2474 2478//2478
f 2478//2478 2474//2474 2476//2476
f 2478//2478 2476//2476 2479//2479
f 2479//2479 2476//2476 2485//2485
f 2479//2479 2485//2485 2480//2480
f 2480//2480 2485//2485 2486//2486
f 2480//2480 2486//2486 2481//2481
f 2481//2481 2486//2486 2487//2487
f 2481//2481 2487//2487 2482//2482
f 2482//2482 2487//2487 2488//2488
f 2482//2482 2488//2488 2483//2483
f 2483//2483 2488//2488 2489//2489
f 2483//2483 2489//2489 2484//2484
f 2484//2484 2489//2489 2490//2490
f 2484//2484 2490//2490 2477//2477
f 2477//2477 2490//2490 2491//2491
f 2477//2477 2491//2491 2473//2473
f 2473//2473 2491//2491 2400//2400
f 2400//2400 2491//2491 2419//2419
f 2419//2419 2491//2491 2490//2490
f 2419//2419 2490//2490 2421//2421
f 2421//2421 2490//2490 2489//2489
f 2421//2421 2489//2489 2417//2417
f 2417//2417 2489//2489 2488//2488
f 2417//2417 2488//2488 2415//2415
f 2415//2415 2488//2488 2487//2487
f 2415//2415 2487//2487 2412//2412
f 2412//2412 2487//2487 2486//2486
f 2412//2412 2486//2486 2410//2410
f 2410//2410 2486//2486 2485//2485
f 2410//2410 2485//2485 2407//2407
f 2407//2407 2485//2485 2476//2476
f 2407//2407 2476//2476 2405//2405
f 2405//2405 2476//2476 2475//2475
f 2405//2405 2475//2475 1191//1191
f 2425//2425 2427//2427 2492//2492
f 2493//2493 2409//2409 2408//2408
f 2494//2494 2495//2495 2496//2496
f 2494//2494 2496//2496 2497//2497
f 1190//1190 2498//2498 2403//2403
f 2403//2403 2498//2498 2499//2499
f 2403//2403 2499//2499 2404//2404
f 2404//2404 2499//2499 2406//2406
f 2406//2406 2499//2499 2408//2408
f 2408//2408 2499//2499 2500//2500
f 2408//2408 2500//2500 2493//2493
f 2409//2409 2493//2493 2411//2411
f 2411//2411 2493//2493 2501//2501
f 2411//2411 2501//2501 2413//2413
f 2413//2413 2501//2501 2502//2502
f 2413//2413 2502//2502 2414//2414
f 1624//1624 2503//2503 1626//1626
f 1626//1626 2503//2503 2504//2504
f 1626//1626 2504//2504 1627//1627
f 1627//1627 2504//2504 2505//2505
f 1627//1627 2505//2505 1628//1628
f 1628//1628 2505//2505 2506//2506
f 1628//1628 2506//2506 1629//1629
f 1629//1629 2506//2506 2507//2507
f 1629//1629 2507//2507 1630//1630
f 1630//1630 2507//2507 2508//2508
f 1630//1630 2508//2508 1631//1631
f 1631//1631 2508//2508 2509//2509
f 1631//1631 2509//2509 1632//1632
f 1632//1632 2509//2509 2496//2496
f 1632//1632 2496//2496 1633//1633
f 1633//1633 2496//2496 2495//2495
f 1633//1633 2495//2495 1614//1614
f 1624//1624 2425//2425 2503//2503
f 2503//2503 2425//2425 2492//2492
f 2503//2503 2492//2492 2504//2504
f 2504//2504 2492//2492 2510//2510
f 2504//2504 2510//2510 2505//2505
f 2505//2505 2510//2510 2502//2502
f 2505//2505 2502//2502 2506//2506
f 2506//2506 2502//2502 2501//2501
f 2506//2506 2501//2501 2507//2507
f 2507//2507 2501//2501 2493//2493
f 2507//2507 2493//2493 2508//2508
f 2508//2508 2493//2493 2500//2500
f 2508//2508 2500//2500 2509//2509
f 2509//2509 2500//2500 2499//2499
f 2509//2509 2499//2499 2496//2496
f 2496//2496 2499//2499 2498//2498
f 2496//2496 2498//2498 2497//2497
f 2497//2497 2498//2498 1190//1190
f 2414//2414 2502//2502 2416//2416
f 2416//2416 2502//2502 2510//2510
f 2416//2416 2510//2510 2420//2420
f 2420//2420 2510//2510 2492//2492
f 2420//2420 2492//2492 2418//2418
f 2418//2418 2492//2492 2427//2427
f 2418//2418 2427//2427 2401//2401
f 2511//2511 1158//1158 1160//1160
f 2512//2512 2513//2513 2511//2511
f 1557//1557 1556//1556 2512//2512
f 2512//2512 1556//1556 2514//2514
f 2512//2512 2514//2514 2513//2513
f 2511//2511 1160//1160 2512//2512
f 2512//2512 1160//1160 1162//1162
f 2512//2512 1162//1162 2423//2423
f 1558//1558 1557//1557 2441//2441
f 2441//2441 1557//1557 2512//2512
f 2441//2441 2512//2512 2422//2422
f 2422//2422 2512//2512 2423//2423
f 2515//2515 2516//2516 2517//2517
f 2518//2518 2519//2519 2520//2520
f 2521//2521 2522//2522 2523//2523
f 412//412 2446//2446 400//400
f 400//400 2446//2446 2524//2524
f 400//400 2524//2524 401//401
f 401//401 2524//2524 2525//2525
f 401//401 2525//2525 403//403
f 403//403 2525//2525 2523//2523
f 403//403 2523//2523 404//404
f 404//404 2523//2523 2522//2522
f 2446//2446 2451//2451 2524//2524
f 2524//2524 2451//2451 2526//2526
f 2524//2524 2526//2526 2525//2525
f 2525//2525 2526//2526 2527//2527
f 2525//2525 2527//2527 2523//2523
f 2523//2523 2527//2527 2520//2520
f 2523//2523 2520//2520 2521//2521
f 2521//2521 2520//2520 2519//2519
f 2451//2451 2448//2448 2526//2526
f 2526//2526 2448//2448 2528//2528
f 2526//2526 2528//2528 2527//2527
f 2527//2527 2528//2528 2529//2529
f 2527//2527 2529//2529 2520//2520
f 2520//2520 2529//2529 2517//2517
f 2520//2520 2517//2517 2518//2518
f 2518//2518 2517//2517 2516//2516
f 2448//2448 1164//1164 2528//2528
f 2528//2528 1164//1164 1163//1163
f 2528//2528 1163//1163 2529//2529
f 2529//2529 1163//1163 1161//1161
f 2529//2529 1161//1161 2517//2517
f 2517//2517 1161//1161 1159//1159
f 2517//2517 1159//1159 2515//2515
f 2515//2515 1159//1159 1158//1158
f 2530//2530 2531//2531 2532//2532
f 2474//2474 420//420 2533//2533
f 2533//2533 420//420 428//428
f 2533//2533 428//428 2534//2534
f 2534//2534 428//428 430//430
f 2534//2534 430//430 2532//2532
f 435//435 2530//2530 434//434
f 434//434 2530//2530 2532//2532
f 434//434 2532//2532 433//433
f 433//433 2532//2532 430//430
f 2531//2531 2535//2535 2532//2532
f 2532//2532 2535//2535 2536//2536
f 2532//2532 2536//2536 2534//2534
f 2534//2534 2536//2536 2537//2537
f 2534//2534 2537//2537 2533//2533
f 2533//2533 2537//2537 2538//2538
f 2533//2533 2538//2538 2474//2474
f 2474//2474 2538//2538 2475//2475
f 2535//2535 1185//1185 2536//2536
f 2536//2536 1185//1185 1187//1187
f 2536//2536 1187//1187 2537//2537
f 2537//2537 1187//1187 1188//1188
f 2537//2537 1188//1188 2538//2538
f 2538//2538 1188//1188 1189//1189
f 2538//2538 1189//1189 2475//2475
f 2475//2475 1189//1189 1191//1191
f 1190//1190 1186//1186 2497//2497
f 2497//2497 1186//1186 2539//2539
f 2497//2497 2539//2539 2494//2494
f 1615//1615 1614//1614 2539//2539
f 2539//2539 1614//1614 2495//2495
f 2539//2539 2495//2495 2494//2494
f 1186//1186 1185//1185 2539//2539
f 2539//2539 1185//1185 2540//2540
f 2539//2539 2540//2540 1615//1615
f 1615//1615 2540//2540 2541//2541
f 1615//1615 2541//2541 1618//1618
f 2542//2542 2543//2543 2544//2544
f 2545//2545 2546//2546 2547//2547
f 2545//2545 2547//2547 2548//2548
f 1168//1168 2549//2549 2550//2550
f 2550//2550 2549//2549 2551//2551
f 2550//2550 2551//2551 2552//2552
f 2552//2552 2551//2551 2553//2553
f 2552//2552 2553//2553 2554//2554
f 2554//2554 2553//2553 2555//2555
f 2554//2554 2555//2555 2556//2556
f 2556//2556 2555//2555 2557//2557
f 2556//2556 2557//2557 2558//2558
f 2558//2558 2557//2557 2559//2559
f 2558//2558 2559//2559 2560//2560
f 1596//1596 2561//2561 1597//1597
f 1597//1597 2561//2561 2562//2562
f 1597//1597 2562//2562 1580//1580
f 1580//1580 2562//2562 2563//2563
f 1580//1580 2563//2563 1581//1581
f 1581//1581 2563//2563 2564//2564
f 1581//1581 2564//2564 1583//1583
f 1583//1583 2564//2564 2565//2565
f 1583//1583 2565//2565 1584//1584
f 1584//1584 2565//2565 2566//2566
f 1584//1584 2566//2566 1585//1585
f 1585//1585 2566//2566 2567//2567
f 1585//1585 2567//2567 1586//1586
f 1586//1586 2567//2567 2547//2547
f 1586//1586 2547//2547 1587//1587
f 1587//1587 2547//2547 2546//2546
f 1587//1587 2546//2546 1575//1575
f 1596//1596 2542//2542 2561//2561
f 2561//2561 2542//2542 2544//2544
f 2561//2561 2544//2544 2562//2562
f 2562//2562 2544//2544 2568//2568
f 2562//2562 2568//2568 2563//2563
f 2563//2563 2568//2568 2559//2559
f 2563//2563 2559//2559 2564//2564
f 2564//2564 2559//2559 2557//2557
f 2564//2564 2557//2557 2565//2565
f 2565//2565 2557//2557 2555//2555
f 2565//2565 2555//2555 2566//2566
f 2566//2566 2555//2555 2553//2553
f 2566//2566 2553//2553 2567//2567
f 2567//2567 2553//2553 2551//2551
f 2567//2567 2551//2551 2547//2547
f 2547//2547 2551//2551 2549//2549
f 2547//2547 2549//2549 2548//2548
f 2548//2548 2549//2549 1168//1168
f 2560//2560 2559//2559 2569//2569
f 2569//2569 2559//2559 2568//2568
f 2569//2569 2568//2568 2570//2570
f 2570//2570 2568//2568 2544//2544
f 2570//2570 2544//2544 2571//2571
f 2571//2571 2544//2544 2543//2543
f 2571//2571 2543//2543 2572//2572
f 2573//2573 404//404 2574//2574
f 2575//2575 2576//2576 2577//2577
f 2516//2516 2515//2515 2575//2575
f 2576//2576 2514//2514 1556//1556
f 2514//2514 2576//2576 2513//2513
f 2513//2513 2576//2576 2575//2575
f 2513//2513 2575//2575 2511//2511
f 2511//2511 2575//2575 2515//2515
f 2511//2511 2515//2515 1158//1158
f 2578//2578 2518//2518 2516//2516
f 1556//1556 2579//2579 2576//2576
f 2576//2576 2579//2579 2580//2580
f 2576//2576 2580//2580 2577//2577
f 2577//2577 2580//2580 2581//2581
f 2577//2577 2581//2581 2582//2582
f 2574//2574 2583//2583 2578//2578
f 2578//2578 2583//2583 2519//2519
f 2578//2578 2519//2519 2518//2518
f 404//404 2522//2522 2583//2583
f 2583//2583 2522//2522 2521//2521
f 2583//2583 2521//2521 2519//2519
f 2574//2574 404//404 2583//2583
f 2516//2516 2575//2575 2578//2578
f 2578//2578 2575//2575 2577//2577
f 2578//2578 2577//2577 2574//2574
f 2574//2574 2577//2577 2582//2582
f 2574//2574 2582//2582 2573//2573
f 2584//2584 2585//2585 1185//1185
f 2584//2584 1185//1185 2586//2586
f 2531//2531 2530//2530 2587//2587
f 1618//1618 2588//2588 2589//2589
f 2589//2589 2588//2588 2590//2590
f 2589//2589 2590//2590 2591//2591
f 2591//2591 2590//2590 2587//2587
f 2591//2591 2587//2587 2592//2592
f 2592//2592 2587//2587 2530//2530
f 2592//2592 2530//2530 435//435
f 2588//2588 2585//2585 2590//2590
f 2590//2590 2585//2585 2584//2584
f 2590//2590 2584//2584 2587//2587
f 2587//2587 2584//2584 2586//2586
f 2587//2587 2586//2586 2531//2531
f 2531//2531 2586//2586 2535//2535
f 2535//2535 2586//2586 1185//1185
f 1618//1618 2541//2541 2588//2588
f 2588//2588 2541//2541 2540//2540
f 2588//2588 2540//2540 2585//2585
f 2585//2585 2540//2540 1185//1185
f 2542//2542 1596//1596 1594//1594
f 2593//2593 2543//2543 2594//2594
f 2594//2594 2543//2543 2542//2542
f 2542//2542 1594//1594 2594//2594
f 2594//2594 1594//1594 1593//1593
f 2594//2594 1593//1593 2595//2595
f 2595//2595 1593//1593 1589//1589
f 2595//2595 1589//1589 2596//2596
f 2596//2596 1589//1589 1588//1588
f 2596//2596 1588//1588 2597//2597
f 2597//2597 1588//1588 1590//1590
f 2597//2597 1590//1590 2598//2598
f 2598//2598 1590//1590 1592//1592
f 2598//2598 1592//1592 2599//2599
f 2593//2593 2594//2594 2600//2600
f 2600//2600 2594//2594 2595//2595
f 2600//2600 2595//2595 2601//2601
f 2601//2601 2595//2595 2596//2596
f 2601//2601 2596//2596 2602//2602
f 2602//2602 2596//2596 2597//2597
f 2602//2602 2597//2597 2603//2603
f 2603//2603 2597//2597 2598//2598
f 2603//2603 2598//2598 2604//2604
f 2604//2604 2598//2598 2599//2599
f 2604//2604 2599//2599 2605//2605
f 2605//2605 2606//2606 2604//2604
f 2604//2604 2606//2606 2607//2607
f 2604//2604 2607//2607 2603//2603
f 2603//2603 2607//2607 2608//2608
f 2603//2603 2608//2608 2602//2602
f 2602//2602 2608//2608 2609//2609
f 2602//2602 2609//2609 2601//2601
f 2601//2601 2609//2609 2610//2610
f 2601//2601 2610//2610 2600//2600
f 2600//2600 2610//2610 2611//2611
f 2600//2600 2611//2611 2593//2593
f 2593//2593 2611//2611 2572//2572
f 2593//2593 2572//2572 2543//2543
f 2612//2612 2613//2613 2605//2605
f 2605//2605 2613//2613 2614//2614
f 2605//2605 2614//2614 2606//2606
f 1591//1591 1547//1547 2615//2615
f 2615//2615 1547//1547 2616//2616
f 2615//2615 2616//2616 2617//2617
f 2617//2617 2616//2616 2618//2618
f 1605//1605 1604//1604 2619//2619
f 2619//2619 1604//1604 2620//2620
f 2619//2619 2620//2620 2621//2621
f 1547//1547 1605//1605 2616//2616
f 2616//2616 1605//1605 2619//2619
f 2616//2616 2619//2619 2618//2618
f 2618//2618 2619//2619 2621//2621
f 2618//2618 2621//2621 2622//2622
f 1592//1592 1591//1591 2599//2599
f 2599//2599 1591//1591 2615//2615
f 2599//2599 2615//2615 2605//2605
f 2605//2605 2615//2615 2617//2617
f 2605//2605 2617//2617 2612//2612
f 2612//2612 2617//2617 2618//2618
f 2612//2612 2618//2618 2623//2623
f 2623//2623 2618//2618 2622//2622
f 2623//2623 2622//2622 1179//1179
f 2552//2552 2624//2624 2550//2550
f 2550//2550 2624//2624 2625//2625
f 2550//2550 2625//2625 1168//1168
f 1168//1168 2625//2625 1169//1169
f 2626//2626 2627//2627 2556//2556
f 2556//2556 2627//2627 2628//2628
f 2556//2556 2628//2628 2554//2554
f 2554//2554 2628//2628 2629//2629
f 2554//2554 2629//2629 2552//2552
f 2552//2552 2629//2629 2630//2630
f 2552//2552 2630//2630 2624//2624
f 2556//2556 2558//2558 2626//2626
f 2626//2626 2558//2558 2560//2560
f 2626//2626 2560//2560 2631//2631
f 2631//2631 2560//2560 2569//2569
f 2631//2631 2569//2569 2632//2632
f 2632//2632 2569//2569 2633//2633
f 2572//2572 2634//2634 2571//2571
f 2571//2571 2634//2634 2633//2633
f 2571//2571 2633//2633 2570//2570
f 2570//2570 2633//2633 2569//2569
f 2635//2635 2545//2545 2548//2548
f 1576//1576 1575//1575 2635//2635
f 2635//2635 1575//1575 2546//2546
f 2635//2635 2546//2546 2545//2545
f 1166//1166 2635//2635 1167//1167
f 1167//1167 2635//2635 2548//2548
f 1167//1167 2548//2548 1168//1168
f 1577//1577 1576//1576 2636//2636
f 2636//2636 1576//1576 2635//2635
f 2636//2636 2635//2635 2637//2637
f 2637//2637 2635//2635 1166//1166
f 2638//2638 2639//2639 2640//2640
f 1574//1574 1579//1579 2641//2641
f 2579//2579 1556//1556 1555//1555
f 2642//2642 2580//2580 2579//2579
f 2580//2580 2642//2642 2581//2581
f 404//404 2573//2573 2643//2643
f 2579//2579 1555//1555 2642//2642
f 2642//2642 1555//1555 1560//1560
f 2642//2642 1560//1560 2644//2644
f 2644//2644 1560//1560 1568//1568
f 2644//2644 1568//1568 2645//2645
f 1568//1568 1567//1567 2645//2645
f 2645//2645 1567//1567 1565//1565
f 2645//2645 1565//1565 2646//2646
f 2646//2646 1565//1565 1564//1564
f 2646//2646 1564//1564 2647//2647
f 2647//2647 1564//1564 1573//1573
f 2647//2647 1573//1573 2648//2648
f 2648//2648 1573//1573 1572//1572
f 2648//2648 1572//1572 2649//2649
f 2649//2649 1572//1572 1570//1570
f 2649//2649 1570//1570 2650//2650
f 2650//2650 1570//1570 1569//1569
f 2650//2650 1569//1569 2651//2651
f 2582//2582 2581//2581 2652//2652
f 2652//2652 2581//2581 2642//2642
f 2652//2652 2642//2642 2653//2653
f 2653//2653 2642//2642 2644//2644
f 2653//2653 2644//2644 2654//2654
f 2654//2654 2644//2644 2645//2645
f 2654//2654 2645//2645 2655//2655
f 2655//2655 2645//2645 2646//2646
f 2655//2655 2646//2646 2656//2656
f 2656//2656 2646//2646 2647//2647
f 2656//2656 2647//2647 2657//2657
f 2657//2657 2647//2647 2648//2648
f 2657//2657 2648//2648 2658//2658
f 2658//2658 2648//2648 2649//2649
f 2658//2658 2649//2649 2659//2659
f 2659//2659 2649//2649 2650//2650
f 2659//2659 2650//2650 2660//2660
f 2660//2660 2650//2650 2651//2651
f 2660//2660 2651//2651 2661//2661
f 1579//1579 1578//1578 2641//2641
f 2641//2641 1578//1578 2662//2662
f 2641//2641 2662//2662 2663//2663
f 2573//2573 2582//2582 2643//2643
f 2643//2643 2582//2582 2652//2652
f 2643//2643 2652//2652 2664//2664
f 2664//2664 2652//2652 2653//2653
f 2664//2664 2653//2653 2665//2665
f 2665//2665 2653//2653 2654//2654
f 2665//2665 2654//2654 2666//2666
f 2666//2666 2654//2654 2655//2655
f 2666//2666 2655//2655 2667//2667
f 2667//2667 2655//2655 2656//2656
f 2667//2667 2656//2656 2668//2668
f 2668//2668 2656//2656 2657//2657
f 2668//2668 2657//2657 2669//2669
f 2669//2669 2657//2657 2658//2658
f 2669//2669 2658//2658 2670//2670
f 2670//2670 2658//2658 2659//2659
f 2670//2670 2659//2659 2671//2671
f 2671//2671 2659//2659 2660//2660
f 2671//2671 2660//2660 2672//2672
f 2672//2672 2660//2660 2661//2661
f 2672//2672 2661//2661 2640//2640
f 1578//1578 1577//1577 2673//2673
f 1578//1578 2673//2673 2662//2662
f 2662//2662 2673//2673 2674//2674
f 2662//2662 2674//2674 2663//2663
f 2663//2663 2674//2674 2675//2675
f 2663//2663 2675//2675 2676//2676
f 1569//1569 1574//1574 2651//2651
f 2651//2651 1574//1574 2641//2641
f 2651//2651 2641//2641 2661//2661
f 2661//2661 2641//2641 2663//2663
f 2661//2661 2663//2663 2640//2640
f 2640//2640 2663//2663 2676//2676
f 2640//2640 2676//2676 2638//2638
f 404//404 2643//2643 395//395
f 395//395 2643//2643 2664//2664
f 395//395 2664//2664 396//396
f 396//396 2664//2664 2665//2665
f 396//396 2665//2665 398//398
f 398//398 2665//2665 2666//2666
f 398//398 2666//2666 399//399
f 399//399 2666//2666 2667//2667
f 399//399 2667//2667 388//388
f 388//388 2667//2667 2668//2668
f 388//388 2668//2668 389//389
f 389//389 2668//2668 2669//2669
f 389//389 2669//2669 392//392
f 392//392 2669//2669 2670//2670
f 392//392 2670//2670 390//390
f 390//390 2670//2670 2671//2671
f 390//390 2671//2671 391//391
f 391//391 2671//2671 2672//2672
f 391//391 2672//2672 393//393
f 393//393 2672//2672 2640//2640
f 393//393 2640//2640 394//394
f 394//394 2640//2640 2639//2639
f 394//394 2639//2639 386//386
f 2591//2591 2592//2592 2677//2677
f 2678//2678 1602//1602 1601//1601
f 2679//2679 2678//2678 2680//2680
f 308//308 2681//2681 2682//2682
f 2678//2678 1601//1601 2680//2680
f 2680//2680 1601//1601 1599//1599
f 2680//2680 1599//1599 2683//2683
f 2683//2683 1599//1599 1598//1598
f 2683//2683 1598//1598 2684//2684
f 2684//2684 1598//1598 1603//1603
f 2684//2684 1603//1603 2685//2685
f 1603//1603 1610//1610 2685//2685
f 2685//2685 1610//1610 1609//1609
f 2685//2685 1609//1609 2686//2686
f 2686//2686 1609//1609 1608//1608
f 1607//1607 2687//2687 1608//1608
f 1608//1608 2687//2687 2688//2688
f 1608//1608 2688//2688 2686//2686
f 1607//1607 1613//1613 2687//2687
f 2687//2687 1613//1613 1612//1612
f 2687//2687 1612//1612 2689//2689
f 2689//2689 1612//1612 1611//1611
f 2689//2689 1611//1611 2690//2690
f 2690//2690 1611//1611 1616//1616
f 2690//2690 1616//1616 2691//2691
f 2691//2691 1616//1616 1620//1620
f 2691//2691 1620//1620 2692//2692
f 2692//2692 1620//1620 1619//1619
f 2692//2692 1619//1619 2693//2693
f 2693//2693 1619//1619 1618//1618
f 1618//1618 2589//2589 2693//2693
f 2693//2693 2589//2589 2694//2694
f 2693//2693 2694//2694 2692//2692
f 2692//2692 2694//2694 2695//2695
f 2692//2692 2695//2695 2691//2691
f 2691//2691 2695//2695 2696//2696
f 2691//2691 2696//2696 2690//2690
f 2690//2690 2696//2696 2697//2697
f 2690//2690 2697//2697 2689//2689
f 2689//2689 2697//2697 2698//2698
f 2689//2689 2698//2698 2687//2687
f 2687//2687 2698//2698 2699//2699
f 2687//2687 2699//2699 2688//2688
f 2688//2688 2699//2699 2700//2700
f 2688//2688 2700//2700 2686//2686
f 2686//2686 2700//2700 2701//2701
f 2686//2686 2701//2701 2685//2685
f 2685//2685 2701//2701 2702//2702
f 2685//2685 2702//2702 2684//2684
f 2684//2684 2702//2702 2703//2703
f 2684//2684 2703//2703 2683//2683
f 2683//2683 2703//2703 2704//2704
f 2683//2683 2704//2704 2680//2680
f 2680//2680 2704//2704 2705//2705
f 2680//2680 2705//2705 2679//2679
f 2679//2679 2705//2705 2706//2706
f 2589//2589 2591//2591 2694//2694
f 2694//2694 2591//2591 2677//2677
f 2694//2694 2677//2677 2695//2695
f 2695//2695 2677//2677 2707//2707
f 2695//2695 2707//2707 2696//2696
f 2696//2696 2707//2707 2708//2708
f 2696//2696 2708//2708 2697//2697
f 2697//2697 2708//2708 2709//2709
f 2697//2697 2709//2709 2698//2698
f 2698//2698 2709//2709 2710//2710
f 2698//2698 2710//2710 2699//2699
f 2699//2699 2710//2710 2711//2711
f 2699//2699 2711//2711 2700//2700
f 2700//2700 2711//2711 2712//2712
f 2700//2700 2712//2712 2701//2701
f 2701//2701 2712//2712 2713//2713
f 2701//2701 2713//2713 2702//2702
f 2702//2702 2713//2713 2714//2714
f 2702//2702 2714//2714 2703//2703
f 2703//2703 2714//2714 2715//2715
f 2703//2703 2715//2715 2704//2704
f 2704//2704 2715//2715 2716//2716
f 2704//2704 2716//2716 2705//2705
f 2705//2705 2716//2716 2682//2682
f 2705//2705 2682//2682 2706//2706
f 2706//2706 2682//2682 2681//2681
f 308//308 2682//2682 296//296
f 296//296 2682//2682 2716//2716
f 296//296 2716//2716 297//297
f 297//297 2716//2716 2715//2715
f 297//297 2715//2715 299//299
f 299//299 2715//2715 2714//2714
f 299//299 2714//2714 300//300
f 300//300 2714//2714 2713//2713
f 300//300 2713//2713 301//301
f 301//301 2713//2713 2712//2712
f 301//301 2712//2712 302//302
f 302//302 2712//2712 2711//2711
f 302//302 2711//2711 304//304
f 304//304 2711//2711 2710//2710
f 304//304 2710//2710 305//305
f 305//305 2710//2710 2709//2709
f 305//305 2709//2709 306//306
f 306//306 2709//2709 2708//2708
f 306//306 2708//2708 307//307
f 307//307 2708//2708 2707//2707
f 307//307 2707//2707 293//293
f 293//293 2707//2707 2677//2677
f 293//293 2677//2677 294//294
f 294//294 2677//2677 2592//2592
f 294//294 2592//2592 435//435
f 2717//2717 1181//1181 1180//1180
f 2718//2718 2719//2719 2717//2717
f 1600//1600 1602//1602 2718//2718
f 2718//2718 1602//1602 2720//2720
f 2718//2718 2720//2720 2719//2719
f 2717//2717 1180//1180 2718//2718
f 2718//2718 1180//1180 1179//1179
f 2718//2718 1179//1179 2622//2622
f 1604//1604 1600//1600 2620//2620
f 2620//2620 1600//1600 2718//2718
f 2620//2620 2718//2718 2621//2621
f 2621//2621 2718//2718 2622//2622
f 2608//2608 2607//2607 2721//2721
f 2721//2721 2607//2607 2722//2722
f 2722//2722 2607//2607 2606//2606
f 2722//2722 2606//2606 2723//2723
f 2606//2606 2614//2614 2723//2723
f 2723//2723 2614//2614 2613//2613
f 2723//2723 2613//2613 2724//2724
f 2724//2724 2613//2613 2612//2612
f 2724//2724 2612//2612 1178//1178
f 1178//1178 2612//2612 2623//2623
f 1178//1178 2623//2623 1179//1179
f 2721//2721 2725//2725 2608//2608
f 2608//2608 2725//2725 2726//2726
f 2608//2608 2726//2726 2609//2609
f 2609//2609 2726//2726 2727//2727
f 2609//2609 2727//2727 2610//2610
f 2610//2610 2727//2727 2611//2611
f 2634//2634 2572//2572 2728//2728
f 2728//2728 2572//2572 2611//2611
f 2728//2728 2611//2611 2729//2729
f 2729//2729 2611//2611 2727//2727
f 2730//2730 2731//2731 2732//2732
f 2733//2733 1537//1537 1535//1535
f 2734//2734 2735//2735 2736//2736
f 2736//2736 2735//2735 2733//2733
f 2733//2733 1535//1535 2736//2736
f 2736//2736 1535//1535 1534//1534
f 2736//2736 1534//1534 2737//2737
f 2737//2737 1534//1534 1468//1468
f 2737//2737 1468//1468 2738//2738
f 2738//2738 1468//1468 1467//1467
f 2738//2738 1467//1467 2739//2739
f 2734//2734 2736//2736 2740//2740
f 2740//2740 2736//2736 2737//2737
f 2740//2740 2737//2737 2741//2741
f 2741//2741 2737//2737 2738//2738
f 2741//2741 2738//2738 2742//2742
f 2742//2742 2738//2738 2739//2739
f 2742//2742 2739//2739 2743//2743
f 2743//2743 2626//2626 2742//2742
f 2742//2742 2626//2626 2631//2631
f 2742//2742 2631//2631 2741//2741
f 2741//2741 2631//2631 2632//2632
f 2741//2741 2632//2632 2740//2740
f 2740//2740 2632//2632 2633//2633
f 2740//2740 2633//2633 2734//2734
f 2734//2734 2633//2633 2634//2634
f 2734//2734 2634//2634 2735//2735
f 2744//2744 1469//1469 1471//1471
f 2629//2629 2628//2628 2743//2743
f 2743//2743 2628//2628 2627//2627
f 2743//2743 2627//2627 2626//2626
f 2744//2744 1471//1471 2745//2745
f 2745//2745 1471//1471 1470//1470
f 2745//2745 1470//1470 2746//2746
f 2746//2746 1470//1470 1465//1465
f 2746//2746 1465//1465 2747//2747
f 2747//2747 1465//1465 1477//1477
f 2747//2747 1477//1477 2748//2748
f 2748//2748 1477//1477 1476//1476
f 2748//2748 1476//1476 2749//2749
f 2749//2749 2730//2730 2748//2748
f 2748//2748 2730//2730 2732//2732
f 2748//2748 2732//2732 2747//2747
f 2747//2747 2732//2732 2750//2750
f 2747//2747 2750//2750 2746//2746
f 2746//2746 2750//2750 2751//2751
f 2746//2746 2751//2751 2745//2745
f 2745//2745 2751//2751 2752//2752
f 2745//2745 2752//2752 2744//2744
f 1467//1467 1469//1469 2739//2739
f 2739//2739 1469//1469 2744//2744
f 2739//2739 2744//2744 2743//2743
f 2743//2743 2744//2744 2752//2752
f 2743//2743 2752//2752 2629//2629
f 2629//2629 2752//2752 2751//2751
f 2629//2629 2751//2751 2630//2630
f 2630//2630 2751//2751 2750//2750
f 2630//2630 2750//2750 2624//2624
f 2624//2624 2750//2750 2732//2732
f 2624//2624 2732//2732 2625//2625
f 2625//2625 2732//2732 2731//2731
f 2625//2625 2731//2731 1169//1169
f 2636//2636 2637//2637 2753//2753
f 2753//2753 2637//2637 1166//1166
f 1577//1577 2636//2636 2673//2673
f 2673//2673 2636//2636 2753//2753
f 2673//2673 2753//2753 2674//2674
f 2674//2674 2753//2753 2754//2754
f 1166//1166 2755//2755 2753//2753
f 2753//2753 2755//2755 2756//2756
f 2753//2753 2756//2756 2754//2754
f 2757//2757 2676//2676 2754//2754
f 2754//2754 2676//2676 2675//2675
f 2754//2754 2675//2675 2674//2674
f 386//386 2639//2639 2757//2757
f 2757//2757 2639//2639 2638//2638
f 2757//2757 2638//2638 2676//2676
f 2756//2756 2758//2758 2754//2754
f 2754//2754 2758//2758 2759//2759
f 2754//2754 2759//2759 2757//2757
f 2757//2757 2759//2759 2760//2760
f 2757//2757 2760//2760 386//386
f 2761//2761 2762//2762 308//308
f 2761//2761 308//308 2763//2763
f 2679//2679 2706//2706 2762//2762
f 2678//2678 2764//2764 1602//1602
f 1602//1602 2764//2764 2720//2720
f 2720//2720 2764//2764 2719//2719
f 2719//2719 2764//2764 2765//2765
f 2719//2719 2765//2765 2717//2717
f 2717//2717 2765//2765 2766//2766
f 2717//2717 2766//2766 1181//1181
f 2678//2678 2679//2679 2764//2764
f 2764//2764 2679//2679 2762//2762
f 2764//2764 2762//2762 2765//2765
f 2765//2765 2762//2762 2761//2761
f 2765//2765 2761//2761 2766//2766
f 2766//2766 2761//2761 2763//2763
f 2706//2706 2681//2681 2762//2762
f 2762//2762 2681//2681 308//308
f 2733//2733 2735//2735 2767//2767
f 2768//2768 2769//2769 2770//2770
f 2768//2768 2770//2770 2771//2771
f 1178//1178 2772//2772 2724//2724
f 2724//2724 2772//2772 2773//2773
f 2724//2724 2773//2773 2723//2723
f 2723//2723 2773//2773 2774//2774
f 2723//2723 2774//2774 2722//2722
f 2722//2722 2774//2774 2775//2775
f 2722//2722 2775//2775 2721//2721
f 2721//2721 2775//2775 2776//2776
f 2721//2721 2776//2776 2725//2725
f 2725//2725 2776//2776 2777//2777
f 2725//2725 2777//2777 2726//2726
f 1537//1537 2778//2778 1539//1539
f 1539//1539 2778//2778 2779//2779
f 1539//1539 2779//2779 1540//1540
f 1540//1540 2779//2779 2780//2780
f 1540//1540 2780//2780 1541//1541
f 1541//1541 2780//2780 2781//2781
f 1541//1541 2781//2781 1542//1542
f 1542//1542 2781//2781 2782//2782
f 1542//1542 2782//2782 1543//1543
f 1543//1543 2782//2782 2783//2783
f 1543//1543 2783//2783 1544//1544
f 1544//1544 2783//2783 2784//2784
f 1544//1544 2784//2784 1545//1545
f 1545//1545 2784//2784 2770//2770
f 1545//1545 2770//2770 1546//1546
f 1546//1546 2770//2770 2769//2769
f 1546//1546 2769//2769 1532//1532
f 1537//1537 2733//2733 2778//2778
f 2778//2778 2733//2733 2767//2767
f 2778//2778 2767//2767 2779//2779
f 2779//2779 2767//2767 2785//2785
f 2779//2779 2785//2785 2780//2780
f 2780//2780 2785//2785 2777//2777
f 2780//2780 2777//2777 2781//2781
f 2781//2781 2777//2777 2776//2776
f 2781//2781 2776//2776 2782//2782
f 2782//2782 2776//2776 2775//2775
f 2782//2782 2775//2775 2783//2783
f 2783//2783 2775//2775 2774//2774
f 2783//2783 2774//2774 2784//2784
f 2784//2784 2774//2774 2773//2773
f 2784//2784 2773//2773 2770//2770
f 2770//2770 2773//2773 2772//2772
f 2770//2770 2772//2772 2771//2771
f 2771//2771 2772//2772 1178//1178
f 2726//2726 2777//2777 2727//2727
f 2727//2727 2777//2777 2785//2785
f 2727//2727 2785//2785 2729//2729
f 2729//2729 2785//2785 2767//2767
f 2729//2729 2767//2767 2728//2728
f 2728//2728 2767//2767 2735//2735
f 2728//2728 2735//2735 2634//2634
f 2786//2786 1171//1171 1170//1170
f 2786//2786 1170//1170 2787//2787
f 1474//1474 1473//1473 2788//2788
f 2788//2788 1473//1473 2787//2787
f 2787//2787 1170//1170 2788//2788
f 2788//2788 1170//1170 1169//1169
f 2788//2788 1169//1169 2731//2731
f 1476//1476 1474//1474 2749//2749
f 2749//2749 1474//1474 2788//2788
f 2749//2749 2788//2788 2730//2730
f 2730//2730 2788//2788 2731//2731
f 2755//2755 1166//1166 1165//1165
f 2789//2789 2790//2790 2791//2791
f 2759//2759 2758//2758 2792//2792
f 2793//2793 2794//2794 2795//2795
f 386//386 2760//2760 384//384
f 384//384 2760//2760 2796//2796
f 384//384 2796//2796 382//382
f 382//382 2796//2796 2797//2797
f 382//382 2797//2797 377//377
f 377//377 2797//2797 2798//2798
f 377//377 2798//2798 378//378
f 378//378 2798//2798 2795//2795
f 378//378 2795//2795 379//379
f 379//379 2795//2795 2794//2794
f 379//379 2794//2794 371//371
f 2760//2760 2759//2759 2796//2796
f 2796//2796 2759//2759 2792//2792
f 2796//2796 2792//2792 2797//2797
f 2797//2797 2792//2792 2799//2799
f 2797//2797 2799//2799 2798//2798
f 2798//2798 2799//2799 2800//2800
f 2798//2798 2800//2800 2795//2795
f 2795//2795 2800//2800 2801//2801
f 2795//2795 2801//2801 2793//2793
f 2793//2793 2801//2801 2802//2802
f 2758//2758 2756//2756 2792//2792
f 2792//2792 2756//2756 2803//2803
f 2792//2792 2803//2803 2799//2799
f 2799//2799 2803//2803 2804//2804
f 2799//2799 2804//2804 2800//2800
f 2800//2800 2804//2804 2805//2805
f 2800//2800 2805//2805 2801//2801
f 2801//2801 2805//2805 2791//2791
f 2801//2801 2791//2791 2802//2802
f 2802//2802 2791//2791 2790//2790
f 2756//2756 2755//2755 2803//2803
f 2803//2803 2755//2755 1165//1165
f 2803//2803 1165//1165 2804//2804
f 2804//2804 1165//1165 1174//1174
f 2804//2804 1174//1174 2805//2805
f 2805//2805 1174//1174 1173//1173
f 2805//2805 1173//1173 2791//2791
f 2791//2791 1173//1173 1172//1172
f 2791//2791 1172//1172 2789//2789
f 2789//2789 1172//1172 1171//1171
f 2763//2763 308//308 2806//2806
f 2806//2806 308//308 310//310
f 2806//2806 310//310 2807//2807
f 2807//2807 310//310 312//312
f 2807//2807 312//312 2808//2808
f 2808//2808 312//312 314//314
f 2808//2808 314//314 2809//2809
f 325//325 2810//2810 324//324
f 324//324 2810//2810 2809//2809
f 324//324 2809//2809 323//323
f 323//323 2809//2809 314//314
f 2810//2810 2811//2811 2809//2809
f 2809//2809 2811//2811 2812//2812
f 2809//2809 2812//2812 2808//2808
f 2808//2808 2812//2812 2813//2813
f 2808//2808 2813//2813 2807//2807
f 2807//2807 2813//2813 2814//2814
f 2807//2807 2814//2814 2806//2806
f 2806//2806 2814//2814 2815//2815
f 2806//2806 2815//2815 2763//2763
f 2763//2763 2815//2815 2766//2766
f 2811//2811 1176//1176 2812//2812
f 2812//2812 1176//1176 1175//1175
f 2812//2812 1175//1175 2813//2813
f 2813//2813 1175//1175 1184//1184
f 2813//2813 1184//1184 2814//2814
f 2814//2814 1184//1184 1183//1183
f 2814//2814 1183//1183 2815//2815
f 2815//2815 1183//1183 1182//1182
f 2815//2815 1182//1182 2766//2766
f 2766//2766 1182//1182 1181//1181
f 2771//2771 1178//1178 1177//1177
f 2816//2816 2768//2768 2771//2771
f 1529//1529 1532//1532 2816//2816
f 2816//2816 1532//1532 2769//2769
f 2816//2816 2769//2769 2768//2768
f 2771//2771 1177//1177 2816//2816
f 2816//2816 1177//1177 1176//1176
f 2816//2816 1176//1176 2817//2817
f 1530//1530 1529//1529 2818//2818
f 2818//2818 1529//1529 2816//2816
f 2818//2818 2816//2816 2819//2819
f 2819//2819 2816//2816 2817//2817
f 2787//2787 1473//1473 2820//2820
f 2821//2821 2786//2786 2787//2787
f 1171//1171 2786//2786 2789//2789
f 2789//2789 2786//2786 2821//2821
f 2789//2789 2821//2821 2790//2790
f 2790//2790 2821//2821 2822//2822
f 2790//2790 2822//2822 2802//2802
f 2802//2802 2822//2822 2823//2823
f 2787//2787 2820//2820 2821//2821
f 2821//2821 2820//2820 2824//2824
f 2821//2821 2824//2824 2822//2822
f 2822//2822 2824//2824 2825//2825
f 2822//2822 2825//2825 2823//2823
f 2823//2823 2825//2825 2826//2826
f 2823//2823 2826//2826 2827//2827
f 371//371 2794//2794 2823//2823
f 2823//2823 2794//2794 2793//2793
f 2823//2823 2793//2793 2802//2802
f 2827//2827 2828//2828 2823//2823
f 2823//2823 2828//2828 371//371
f 2819//2819 2817//2817 2829//2829
f 2829//2829 2817//2817 1176//1176
f 2819//2819 2830//2830 2818//2818
f 2818//2818 2830//2830 2831//2831
f 2818//2818 2831//2831 1530//1530
f 325//325 2832//2832 2833//2833
f 2833//2833 2832//2832 2834//2834
f 2833//2833 2834//2834 2830//2830
f 2830//2830 2834//2834 2835//2835
f 2830//2830 2835//2835 2831//2831
f 2819//2819 2829//2829 2830//2830
f 2830//2830 2829//2829 2836//2836
f 2830//2830 2836//2836 2833//2833
f 2833//2833 2836//2836 325//325
f 1176//1176 2811//2811 2829//2829
f 2829//2829 2811//2811 2810//2810
f 2829//2829 2810//2810 2836//2836
f 2836//2836 2810//2810 325//325
f 2837//2837 1195//1195 1194//1194
f 1485//1485 1488//1488 2838//2838
f 2838//2838 1488//1488 2839//2839
f 2838//2838 2839//2839 2837//2837
f 2837//2837 1194//1194 2838//2838
f 2838//2838 1194//1194 1193//1193
f 2838//2838 1193//1193 2840//2840
f 1486//1486 1485//1485 2841//2841
f 2841//2841 1485//1485 2838//2838
f 2841//2841 2838//2838 2842//2842
f 2842//2842 2838//2838 2840//2840
f 2843//2843 2844//2844 2845//2845
f 1489//1489 2846//2846 2847//2847
f 2820//2820 1473//1473 1472//1472
f 2820//2820 1472//1472 2824//2824
f 2825//2825 2824//2824 2848//2848
f 371//371 2828//2828 2849//2849
f 2824//2824 1472//1472 2848//2848
f 2848//2848 1472//1472 1475//1475
f 2848//2848 1475//1475 2850//2850
f 2850//2850 1475//1475 1463//1463
f 2850//2850 1463//1463 2851//2851
f 2851//2851 1463//1463 1462//1462
f 2851//2851 1462//1462 2852//2852
f 2852//2852 1462//1462 1484//1484
f 2852//2852 1484//1484 2853//2853
f 2853//2853 1484//1484 1483//1483
f 2853//2853 1483//1483 2854//2854
f 1483//1483 1482//1482 2854//2854
f 2854//2854 1482//1482 1481//1481
f 2854//2854 1481//1481 2855//2855
f 2855//2855 1481//1481 1480//1480
f 2855//2855 1480//1480 2856//2856
f 2856//2856 1480//1480 1479//1479
f 2856//2856 1479//1479 2857//2857
f 2857//2857 1479//1479 1460//1460
f 2857//2857 1460//1460 2847//2847
f 2847//2847 1460//1460 1459//1459
f 2847//2847 1459//1459 1489//1489
f 2826//2826 2825//2825 2858//2858
f 2858//2858 2825//2825 2848//2848
f 2858//2858 2848//2848 2859//2859
f 2859//2859 2848//2848 2850//2850
f 2859//2859 2850//2850 2860//2860
f 2860//2860 2850//2850 2851//2851
f 2860//2860 2851//2851 2861//2861
f 2861//2861 2851//2851 2852//2852
f 2861//2861 2852//2852 2862//2862
f 2862//2862 2852//2852 2853//2853
f 2862//2862 2853//2853 2863//2863
f 2863//2863 2853//2853 2854//2854
f 2863//2863 2854//2854 2864//2864
f 2864//2864 2854//2854 2855//2855
f 2864//2864 2855//2855 2865//2865
f 2865//2865 2855//2855 2856//2856
f 2865//2865 2856//2856 2866//2866
f 2866//2866 2856//2856 2857//2857
f 2866//2866 2857//2857 2867//2867
f 2867//2867 2857//2857 2847//2847
f 2867//2867 2847//2847 2868//2868
f 2868//2868 2847//2847 2846//2846
f 2868//2868 2846//2846 2869//2869
f 2870//2870 2871//2871 1486//1486
f 1486//1486 2871//2871 1487//1487
f 1489//1489 1487//1487 2846//2846
f 2846//2846 1487//1487 2871//2871
f 2846//2846 2871//2871 2869//2869
f 2869//2869 2871//2871 2870//2870
f 2869//2869 2870//2870 2872//2872
f 2872//2872 2873//2873 2869//2869
f 2869//2869 2873//2873 2874//2874
f 2869//2869 2874//2874 2868//2868
f 2868//2868 2874//2874 2875//2875
f 2868//2868 2875//2875 2867//2867
f 2867//2867 2875//2875 2876//2876
f 2867//2867 2876//2876 2866//2866
f 2866//2866 2876//2876 2877//2877
f 2866//2866 2877//2877 2865//2865
f 2865//2865 2877//2877 2878//2878
f 2865//2865 2878//2878 2864//2864
f 2864//2864 2878//2878 2879//2879
f 2864//2864 2879//2879 2863//2863
f 2863//2863 2879//2879 2880//2880
f 2863//2863 2880//2880 2862//2862
f 2862//2862 2880//2880 2881//2881
f 2862//2862 2881//2881 2861//2861
f 2861//2861 2881//2881 2882//2882
f 2861//2861 2882//2882 2860//2860
f 2860//2860 2882//2882 2883//2883
f 2860//2860 2883//2883 2859//2859
f 2859//2859 2883//2883 2884//2884
f 2859//2859 2884//2884 2858//2858
f 2858//2858 2884//2884 2885//2885
f 2858//2858 2885//2885 2826//2826
f 2826//2826 2885//2885 2827//2827
f 2873//2873 2843//2843 2874//2874
f 2874//2874 2843//2843 2845//2845
f 2874//2874 2845//2845 2875//2875
f 2875//2875 2845//2845 2886//2886
f 2875//2875 2886//2886 2876//2876
f 2876//2876 2886//2886 2887//2887
f 2876//2876 2887//2887 2877//2877
f 2877//2877 2887//2887 2888//2888
f 2877//2877 2888//2888 2878//2878
f 2878//2878 2888//2888 2889//2889
f 2878//2878 2889//2889 2879//2879
f 2879//2879 2889//2889 2890//2890
f 2879//2879 2890//2890 2880//2880
f 2880//2880 2890//2890 2891//2891
f 2880//2880 2891//2891 2881//2881
f 2881//2881 2891//2891 2892//2892
f 2881//2881 2892//2892 2882//2882
f 2882//2882 2892//2892 2893//2893
f 2882//2882 2893//2893 2883//2883
f 2883//2883 2893//2893 2894//2894
f 2883//2883 2894//2894 2884//2884
f 2884//2884 2894//2894 2895//2895
f 2884//2884 2895//2895 2885//2885
f 2885//2885 2895//2895 2849//2849
f 2885//2885 2849//2849 2827//2827
f 2827//2827 2849//2849 2828//2828
f 371//371 2849//2849 372//372
f 372//372 2849//2849 2895//2895
f 372//372 2895//2895 374//374
f 374//374 2895//2895 2894//2894
f 374//374 2894//2894 375//375
f 375//375 2894//2894 2893//2893
f 375//375 2893//2893 376//376
f 376//376 2893//2893 2892//2892
f 376//376 2892//2892 141//141
f 141//141 2892//2892 2891//2891
f 141//141 2891//2891 142//142
f 142//142 2891//2891 2890//2890
f 142//142 2890//2890 369//369
f 369//369 2890//2890 2889//2889
f 369//369 2889//2889 370//370
f 370//370 2889//2889 2888//2888
f 370//370 2888//2888 362//362
f 362//362 2888//2888 2887//2887
f 362//362 2887//2887 363//363
f 363//363 2887//2887 2886//2886
f 363//363 2886//2886 365//365
f 365//365 2886//2886 2845//2845
f 365//365 2845//2845 366//366
f 366//366 2845//2845 2844//2844
f 366//366 2844//2844 367//367
f 2896//2896 1514//1514 1513//1513
f 2897//2897 2898//2898 2899//2899
f 2899//2899 2898//2898 2900//2900
f 2899//2899 2900//2900 2896//2896
f 2901//2901 2902//2902 2903//2903
f 2896//2896 1513//1513 2899//2899
f 2899//2899 1513//1513 1512//1512
f 2899//2899 1512//1512 2904//2904
f 2904//2904 1512//1512 1511//1511
f 2904//2904 1511//1511 2905//2905
f 2905//2905 1511//1511 1522//1522
f 2905//2905 1522//1522 2906//2906
f 1522//1522 1521//1521 2906//2906
f 2906//2906 1521//1521 1519//1519
f 2906//2906 1519//1519 2907//2907
f 2907//2907 1519//1519 1518//1518
f 2907//2907 1518//1518 2908//2908
f 2908//2908 1518//1518 1528//1528
f 2908//2908 1528//1528 2909//2909
f 1528//1528 1527//1527 2909//2909
f 2909//2909 1527//1527 1526//1526
f 2909//2909 1526//1526 2910//2910
f 2910//2910 1526//1526 1525//1525
f 2910//2910 1525//1525 2911//2911
f 2911//2911 1525//1525 1524//1524
f 2911//2911 1524//1524 2912//2912
f 2912//2912 1524//1524 1533//1533
f 2912//2912 1533//1533 2913//2913
f 2913//2913 1533//1533 1531//1531
f 2913//2913 1531//1531 2914//2914
f 2914//2914 2915//2915 2913//2913
f 2913//2913 2915//2915 2916//2916
f 2913//2913 2916//2916 2912//2912
f 2912//2912 2916//2916 2917//2917
f 2912//2912 2917//2917 2911//2911
f 2911//2911 2917//2917 2918//2918
f 2911//2911 2918//2918 2910//2910
f 2910//2910 2918//2918 2919//2919
f 2910//2910 2919//2919 2909//2909
f 2909//2909 2919//2919 2920//2920
f 2909//2909 2920//2920 2908//2908
f 2908//2908 2920//2920 2921//2921
f 2908//2908 2921//2921 2907//2907
f 2907//2907 2921//2921 2922//2922
f 2907//2907 2922//2922 2906//2906
f 2906//2906 2922//2922 2923//2923
f 2906//2906 2923//2923 2905//2905
f 2905//2905 2923//2923 2924//2924
f 2905//2905 2924//2924 2904//2904
f 2904//2904 2924//2924 2925//2925
f 2904//2904 2925//2925 2899//2899
f 2899//2899 2925//2925 2903//2903
f 2899//2899 2903//2903 2897//2897
f 2897//2897 2903//2903 2902//2902
f 2915//2915 2926//2926 2916//2916
f 2916//2916 2926//2926 2927//2927
f 2916//2916 2927//2927 2917//2917
f 2917//2917 2927//2927 2928//2928
f 2917//2917 2928//2928 2918//2918
f 2918//2918 2928//2928 2929//2929
f 2918//2918 2929//2929 2919//2919
f 2919//2919 2929//2929 2930//2930
f 2919//2919 2930//2930 2920//2920
f 2920//2920 2930//2930 2931//2931
f 2920//2920 2931//2931 2921//2921
f 2921//2921 2931//2931 2932//2932
f 2921//2921 2932//2932 2922//2922
f 2922//2922 2932//2932 2933//2933
f 2922//2922 2933//2933 2923//2923
f 2923//2923 2933//2933 2934//2934
f 2923//2923 2934//2934 2924//2924
f 2924//2924 2934//2934 2935//2935
f 2924//2924 2935//2935 2925//2925
f 2925//2925 2935//2935 2936//2936
f 2925//2925 2936//2936 2903//2903
f 2903//2903 2936//2936 2937//2937
f 2903//2903 2937//2937 2901//2901
f 2901//2901 2937//2937 333//333
f 1531//1531 1530//1530 2914//2914
f 2914//2914 1530//1530 2831//2831
f 2914//2914 2831//2831 2915//2915
f 2915//2915 2831//2831 2835//2835
f 2915//2915 2835//2835 2926//2926
f 2926//2926 2835//2835 2834//2834
f 2926//2926 2834//2834 2832//2832
f 333//333 2937//2937 329//329
f 329//329 2937//2937 2936//2936
f 329//329 2936//2936 326//326
f 326//326 2936//2936 2935//2935
f 326//326 2935//2935 327//327
f 327//327 2935//2935 2934//2934
f 327//327 2934//2934 330//330
f 330//330 2934//2934 2933//2933
f 330//330 2933//2933 331//331
f 331//331 2933//2933 2932//2932
f 331//331 2932//2932 332//332
f 332//332 2932//2932 2931//2931
f 332//332 2931//2931 319//319
f 319//319 2931//2931 2930//2930
f 319//319 2930//2930 317//317
f 317//317 2930//2930 2929//2929
f 317//317 2929//2929 315//315
f 315//315 2929//2929 2928//2928
f 315//315 2928//2928 320//320
f 320//320 2928//2928 2927//2927
f 320//320 2927//2927 321//321
f 321//321 2927//2927 2926//2926
f 321//321 2926//2926 322//322
f 322//322 2926//2926 2832//2832
f 322//322 2832//2832 325//325
f 1203//1203 1201//1201 2938//2938
f 2938//2938 1201//1201 2939//2939
f 2938//2938 2939//2939 2940//2940
f 2940//2940 2939//2939 1508//1508
f 2940//2940 1508//1508 1514//1514
f 1509//1509 1508//1508 2941//2941
f 2941//2941 1508//1508 2939//2939
f 2941//2941 2939//2939 1199//1199
f 1199//1199 2939//2939 1201//1201
f 2942//2942 2943//2943 2944//2944
f 2837//2837 2839//2839 2945//2945
f 1195//1195 2946//2946 2947//2947
f 2947//2947 2946//2946 2948//2948
f 2947//2947 2948//2948 2949//2949
f 2949//2949 2948//2948 2950//2950
f 2949//2949 2950//2950 2951//2951
f 2951//2951 2950//2950 2952//2952
f 2951//2951 2952//2952 2953//2953
f 1506//1506 2954//2954 1507//1507
f 1507//1507 2954//2954 2955//2955
f 1507//1507 2955//2955 1490//1490
f 1490//1490 2955//2955 2956//2956
f 1490//1490 2956//2956 1491//1491
f 1491//1491 2956//2956 2957//2957
f 1491//1491 2957//2957 1493//1493
f 1493//1493 2957//2957 2958//2958
f 1493//1493 2958//2958 1494//1494
f 1494//1494 2958//2958 2959//2959
f 1494//1494 2959//2959 1495//1495
f 1495//1495 2959//2959 2960//2960
f 1495//1495 2960//2960 1496//1496
f 1496//1496 2960//2960 2945//2945
f 1496//1496 2945//2945 1497//1497
f 1497//1497 2945//2945 2839//2839
f 1497//1497 2839//2839 1488//1488
f 1506//1506 2942//2942 2954//2954
f 2954//2954 2942//2942 2944//2944
f 2954//2954 2944//2944 2955//2955
f 2955//2955 2944//2944 2961//2961
f 2955//2955 2961//2961 2956//2956
f 2956//2956 2961//2961 2962//2962
f 2956//2956 2962//2962 2957//2957
f 2957//2957 2962//2962 2963//2963
f 2957//2957 2963//2963 2958//2958
f 2958//2958 2963//2963 2952//2952
f 2958//2958 2952//2952 2959//2959
f 2959//2959 2952//2952 2950//2950
f 2959//2959 2950//2950 2960//2960
f 2960//2960 2950//2950 2948//2948
f 2960//2960 2948//2948 2945//2945
f 2945//2945 2948//2948 2946//2946
f 2945//2945 2946//2946 2837//2837
f 2837//2837 2946//2946 1195//1195
f 2953//2953 2952//2952 2964//2964
f 2964//2964 2952//2952 2963//2963
f 2964//2964 2963//2963 2965//2965
f 2965//2965 2963//2963 2962//2962
f 2965//2965 2962//2962 2966//2966
f 2966//2966 2962//2962 2961//2961
f 2966//2966 2961//2961 2967//2967
f 2967//2967 2961//2961 2944//2944
f 2967//2967 2944//2944 2968//2968
f 2968//2968 2944//2944 2943//2943
f 2968//2968 2943//2943 2969//2969
f 2970//2970 2840//2840 1193//1193
f 2971//2971 2841//2841 2842//2842
f 1486//1486 2841//2841 2870//2870
f 2870//2870 2841//2841 2971//2971
f 2870//2870 2971//2971 2972//2972
f 1193//1193 2973//2973 2970//2970
f 2970//2970 2973//2973 2974//2974
f 2970//2970 2974//2974 2975//2975
f 2974//2974 2976//2976 2975//2975
f 2975//2975 2976//2976 2977//2977
f 2975//2975 2977//2977 2978//2978
f 367//367 2844//2844 2979//2979
f 2979//2979 2844//2844 2843//2843
f 2979//2979 2843//2843 2980//2980
f 2980//2980 2843//2843 2873//2873
f 2980//2980 2873//2873 2972//2972
f 2972//2972 2873//2873 2872//2872
f 2972//2972 2872//2872 2870//2870
f 367//367 2979//2979 2981//2981
f 2981//2981 2979//2979 2980//2980
f 2981//2981 2980//2980 2978//2978
f 2978//2978 2980//2980 2972//2972
f 2978//2978 2972//2972 2975//2975
f 2975//2975 2972//2972 2971//2971
f 2975//2975 2971//2971 2970//2970
f 2970//2970 2971//2971 2842//2842
f 2970//2970 2842//2842 2840//2840
f 2977//2977 2982//2982 2978//2978
f 2978//2978 2982//2982 2983//2983
f 2978//2978 2983//2983 2981//2981
f 2981//2981 2983//2983 367//367
f 2984//2984 2985//2985 1203//1203
f 2986//2986 2987//2987 2985//2985
f 2985//2985 2987//2987 1203//1203
f 2988//2988 2984//2984 1203//1203
f 2896//2896 2940//2940 1514//1514
f 333//333 2989//2989 2990//2990
f 2897//2897 2902//2902 2990//2990
f 2990//2990 2902//2902 2901//2901
f 2990//2990 2901//2901 333//333
f 2940//2940 2896//2896 2938//2938
f 2938//2938 2896//2896 2988//2988
f 2938//2938 2988//2988 1203//1203
f 2989//2989 2986//2986 2990//2990
f 2990//2990 2986//2986 2985//2985
f 2990//2990 2985//2985 2897//2897
f 2897//2897 2985//2985 2984//2984
f 2897//2897 2984//2984 2898//2898
f 2898//2898 2984//2984 2988//2988
f 2898//2898 2988//2988 2900//2900
f 2900//2900 2988//2988 2896//2896
f 2941//2941 2991//2991 2992//2992
f 2942//2942 1506//1506 1504//1504
f 2943//2943 2942//2942 2993//2993
f 2969//2969 2994//2994 2995//2995
f 2995//2995 2994//2994 2996//2996
f 2995//2995 2996//2996 2997//2997
f 2997//2997 2996//2996 2998//2998
f 2942//2942 1504//1504 2993//2993
f 2993//2993 1504//1504 1503//1503
f 2993//2993 1503//1503 2999//2999
f 2999//2999 1503//1503 1502//1502
f 2999//2999 1502//1502 3000//3000
f 3000//3000 1502//1502 1501//1501
f 3000//3000 1501//1501 3001//3001
f 3001//3001 1501//1501 1499//1499
f 3001//3001 1499//1499 3002//3002
f 3002//3002 1499//1499 1498//1498
f 3002//3002 1498//1498 3003//3003
f 2969//2969 2943//2943 2994//2994
f 2994//2994 2943//2943 2993//2993
f 2994//2994 2993//2993 2996//2996
f 2996//2996 2993//2993 2999//2999
f 2996//2996 2999//2999 2998//2998
f 2998//2998 2999//2999 3000//3000
f 2998//2998 3000//3000 3004//3004
f 3004//3004 3000//3000 3001//3001
f 3004//3004 3001//3001 3005//3005
f 3005//3005 3001//3001 3002//3002
f 3005//3005 3002//3002 3006//3006
f 3006//3006 3002//3002 3003//3003
f 3006//3006 3003//3003 3007//3007
f 3007//3007 3008//3008 3006//3006
f 3006//3006 3008//3008 3009//3009
f 3006//3006 3009//3009 3005//3005
f 3005//3005 3009//3009 3010//3010
f 3005//3005 3010//3010 3004//3004
f 3004//3004 3010//3010 3011//3011
f 3004//3004 3011//3011 2998//2998
f 2998//2998 3011//3011 3012//3012
f 2998//2998 3012//3012 2997//2997
f 3013//3013 1517//1517 1516//1516
f 3014//3014 3015//3015 3007//3007
f 3007//3007 3015//3015 3016//3016
f 3007//3007 3016//3016 3008//3008
f 2992//2992 2991//2991 3017//3017
f 3017//3017 2991//2991 3018//3018
f 3017//3017 3018//3018 3013//3013
f 3013//3013 1516//1516 3017//3017
f 3017//3017 1516//1516 1515//1515
f 3017//3017 1515//1515 2992//2992
f 2992//2992 1515//1515 1509//1509
f 2992//2992 1509//1509 2941//2941
f 1498//1498 1517//1517 3003//3003
f 3003//3003 1517//1517 3013//3013
f 3003//3003 3013//3013 3007//3007
f 3007//3007 3013//3013 3018//3018
f 3007//3007 3018//3018 3014//3014
f 3014//3014 3018//3018 2991//2991
f 3014//3014 2991//2991 3019//3019
f 3019//3019 2991//2991 2941//2941
f 3019//3019 2941//2941 1199//1199
f 2949//2949 3020//3020 2947//2947
f 2947//2947 3020//3020 1196//1196
f 2947//2947 1196//1196 1195//1195
f 2949//2949 2951//2951 3020//3020
f 3020//3020 2951//2951 2953//2953
f 3020//3020 2953//2953 3021//3021
f 3021//3021 2953//2953 2964//2964
f 3021//3021 2964//2964 3022//3022
f 2964//2964 2965//2965 3022//3022
f 3022//3022 2965//2965 2966//2966
f 3022//3022 2966//2966 3023//3023
f 3023//3023 2966//2966 2967//2967
f 2969//2969 3024//3024 2968//2968
f 2968//2968 3024//3024 3025//3025
f 2968//2968 3025//3025 2967//2967
f 2967//2967 3025//3025 3026//3026
f 2967//2967 3026//3026 3023//3023
f 3027//3027 3028//3028 3029//3029
f 367//367 2983//2983 146//146
f 146//146 2983//2983 3030//3030
f 146//146 3030//3030 144//144
f 144//144 3030//3030 3031//3031
f 144//144 3031//3031 356//356
f 356//356 3031//3031 3032//3032
f 356//356 3032//3032 357//357
f 2983//2983 2982//2982 3030//3030
f 3030//3030 2982//2982 3028//3028
f 3030//3030 3028//3028 3031//3031
f 3031//3031 3028//3028 3027//3027
f 3031//3031 3027//3027 3032//3032
f 3032//3032 3027//3027 3033//3033
f 3034//3034 3035//3035 3033//3033
f 1196//1196 3035//3035 1197//1197
f 1197//1197 3035//3035 3034//3034
f 1197//1197 3034//3034 1192//1192
f 2982//2982 2977//2977 3028//3028
f 3028//3028 2977//2977 2976//2976
f 3028//3028 2976//2976 3029//3029
f 3029//3029 2976//2976 2974//2974
f 3029//3029 2974//2974 2973//2973
f 3033//3033 3027//3027 3034//3034
f 3034//3034 3027//3027 3029//3029
f 3034//3034 3029//3029 1192//1192
f 1192//1192 3029//3029 2973//2973
f 1192//1192 2973//2973 1193//1193
f 2989//2989 333//333 335//335
f 2986//2986 2989//2989 3036//3036
f 3036//3036 2989//2989 335//335
f 3036//3036 335//335 3037//3037
f 340//340 3038//3038 338//338
f 338//338 3038//3038 3037//3037
f 338//338 3037//3037 336//336
f 336//336 3037//3037 335//335
f 3038//3038 3039//3039 3037//3037
f 3037//3037 3039//3039 3040//3040
f 3037//3037 3040//3040 3036//3036
f 3036//3036 3040//3040 3041//3041
f 3036//3036 3041//3041 2986//2986
f 2986//2986 3041//3041 2987//2987
f 3039//3039 1198//1198 3040//3040
f 3040//3040 1198//1198 1200//1200
f 3040//3040 1200//1200 3041//3041
f 3041//3041 1200//1200 1202//1202
f 3041//3041 1202//1202 2987//2987
f 2987//2987 1202//1202 1203//1203
f 3024//3024 2969//2969 3042//3042
f 3042//3042 2969//2969 2995//2995
f 3042//3042 2995//2995 3043//3043
f 3043//3043 2995//2995 2997//2997
f 2997//2997 3012//3012 3043//3043
f 3043//3043 3012//3012 3011//3011
f 3043//3043 3011//3011 3044//3044
f 3044//3044 3011//3011 3045//3045
f 3009//3009 3008//3008 3046//3046
f 3045//3045 3011//3011 3046//3046
f 3046//3046 3011//3011 3010//3010
f 3046//3046 3010//3010 3009//3009
f 3008//3008 3016//3016 3046//3046
f 3046//3046 3016//3016 3015//3015
f 3046//3046 3015//3015 3047//3047
f 3047//3047 3015//3015 3048//3048
f 3019//3019 1199//1199 1198//1198
f 3048//3048 3015//3015 1198//1198
f 1198//1198 3015//3015 3014//3014
f 1198//1198 3014//3014 3019//3019
f 3033//3033 3035//3035 3049//3049
f 3050//3050 3051//3051 3052//3052
f 357//357 3053//3053 359//359
f 359//359 3053//3053 3054//3054
f 359//359 3054//3054 360//360
f 360//360 3054//3054 3055//3055
f 360//360 3055//3055 350//350
f 350//350 3055//3055 3056//3056
f 350//350 3056//3056 348//348
f 348//348 3056//3056 3057//3057
f 348//348 3057//3057 346//346
f 346//346 3057//3057 3052//3052
f 346//346 3052//3052 351//351
f 351//351 3052//3052 3051//3051
f 351//351 3051//3051 352//352
f 357//357 3032//3032 3053//3053
f 3053//3053 3032//3032 3058//3058
f 3053//3053 3058//3058 3054//3054
f 3054//3054 3058//3058 3059//3059
f 3054//3054 3059//3059 3055//3055
f 3055//3055 3059//3059 3060//3060
f 3055//3055 3060//3060 3056//3056
f 3056//3056 3060//3060 3061//3061
f 3056//3056 3061//3061 3057//3057
f 3057//3057 3061//3061 3062//3062
f 3057//3057 3062//3062 3052//3052
f 3052//3052 3062//3062 3063//3063
f 3052//3052 3063//3063 3050//3050
f 3050//3050 3063//3063 3064//3064
f 3032//3032 3033//3033 3058//3058
f 3058//3058 3033//3033 3049//3049
f 3058//3058 3049//3049 3059//3059
f 3059//3059 3049//3049 3065//3065
f 3059//3059 3065//3065 3060//3060
f 3060//3060 3065//3065 3066//3066
f 3060//3060 3066//3066 3061//3061
f 3061//3061 3066//3066 3067//3067
f 3061//3061 3067//3067 3062//3062
f 3062//3062 3067//3067 3068//3068
f 3062//3062 3068//3068 3063//3063
f 3063//3063 3068//3068 3069//3069
f 3063//3063 3069//3069 3064//3064
f 3064//3064 3069//3069 3024//3024
f 3024//3024 3069//3069 3025//3025
f 3025//3025 3069//3069 3068//3068
f 3025//3025 3068//3068 3026//3026
f 3026//3026 3068//3068 3067//3067
f 3026//3026 3067//3067 3023//3023
f 3023//3023 3067//3067 3066//3066
f 3023//3023 3066//3066 3022//3022
f 3022//3022 3066//3066 3065//3065
f 3022//3022 3065//3065 3021//3021
f 3021//3021 3065//3065 3049//3049
f 3021//3021 3049//3049 3020//3020
f 3020//3020 3049//3049 3035//3035
f 3020//3020 3035//3035 1196//1196
f 3050//3050 3064//3064 3070//3070
f 340//340 345//345 3038//3038
f 3038//3038 345//345 3071//3071
f 3038//3038 3071//3071 3039//3039
f 3048//3048 1198//1198 3072//3072
f 3072//3072 1198//1198 3039//3039
f 3039//3039 3071//3071 3072//3072
f 3072//3072 3071//3071 3073//3073
f 3072//3072 3073//3073 3048//3048
f 3074//3074 344//344 342//342
f 3045//3045 3046//3046 3073//3073
f 3073//3073 3046//3046 3047//3047
f 3073//3073 3047//3047 3048//3048
f 3074//3074 342//342 3075//3075
f 3075//3075 342//342 341//341
f 3075//3075 341//341 3076//3076
f 3076//3076 341//341 355//355
f 3076//3076 355//355 3077//3077
f 3077//3077 355//355 354//354
f 3077//3077 354//354 3078//3078
f 3078//3078 354//354 352//352
f 3078//3078 352//352 3051//3051
f 3051//3051 3050//3050 3078//3078
f 3078//3078 3050//3050 3070//3070
f 3078//3078 3070//3070 3077//3077
f 3077//3077 3070//3070 3079//3079
f 3077//3077 3079//3079 3076//3076
f 3076//3076 3079//3079 3080//3080
f 3076//3076 3080//3080 3075//3075
f 3075//3075 3080//3080 3081//3081
f 3075//3075 3081//3081 3074//3074
f 345//345 344//344 3071//3071
f 3071//3071 344//344 3074//3074
f 3071//3071 3074//3074 3073//3073
f 3073//3073 3074//3074 3081//3081
f 3073//3073 3081//3081 3045//3045
f 3045//3045 3081//3081 3080//3080
f 3045//3045 3080//3080 3044//3044
f 3044//3044 3080//3080 3079//3079
f 3044//3044 3079//3079 3043//3043
f 3043//3043 3079//3079 3070//3070
f 3043//3043 3070//3070 3042//3042
f 3042//3042 3070//3070 3064//3064
f 3042//3042 3064//3064 3024//3024
f 67//67 101//101 65//65
f 65//65 101//101 3082//3082
f 65//65 3082//3082 63//63
f 68//68 63//63 491//491
f 491//491 63//63 3082//3082
f 491//491 3082//3082 489//489
f 489//489 3082//3082 3083//3083
f 489//489 3083//3083 487//487
f 3084//3084 636//636 635//635
f 3084//3084 635//635 3083//3083
f 3083//3083 635//635 634//634
f 3083//3083 634//634 487//487
f 3085//3085 639//639 638//638
f 3085//3085 638//638 3084//3084
f 3084//3084 638//638 637//637
f 3084//3084 637//637 636//636
f 3086//3086 629//629 628//628
f 3086//3086 628//628 3085//3085
f 3085//3085 628//628 633//633
f 3085//3085 633//633 639//639
f 3087//3087 632//632 631//631
f 3087//3087 631//631 3086//3086
f 3086//3086 631//631 630//630
f 3086//3086 630//630 629//629
f 3088//3088 111//111 626//626
f 3088//3088 626//626 3087//3087
f 3087//3087 626//626 627//627
f 3087//3087 627//627 632//632
f 3089//3089 591//591 590//590
f 3089//3089 590//590 3088//3088
f 3088//3088 590//590 112//112
f 3088//3088 112//112 111//111
f 3090//3090 586//586 585//585
f 3090//3090 585//585 3089//3089
f 3089//3089 585//585 198//198
f 3089//3089 198//198 591//591
f 3091//3091 584//584 588//588
f 3091//3091 588//588 3090//3090
f 3090//3090 588//588 587//587
f 3090//3090 587//587 586//586
f 3092//3092 479//479 478//478
f 3092//3092 478//478 3091//3091
f 3091//3091 478//478 583//583
f 3091//3091 583//583 584//584
f 3093//3093 483//483 482//482
f 3093//3093 482//482 3092//3092
f 3092//3092 482//482 481//481
f 3092//3092 481//481 479//479
f 17//17 18//18 3094//3094
f 3094//3094 18//18 486//486
f 3094//3094 486//486 3093//3093
f 3093//3093 486//486 485//485
f 3093//3093 485//485 483//483
f 7//7 3//3 3094//3094
f 3094//3094 3//3 15//15
f 3094//3094 15//15 17//17
f 440//440 3095//3095 438//438
f 438//438 3095//3095 3096//3096
f 438//438 3096//3096 436//436
f 3097//3097 543//543 544//544
f 3097//3097 544//544 3096//3096
f 3096//3096 544//544 545//545
f 3096//3096 545//545 436//436
f 3098//3098 120//120 541//541
f 3098//3098 541//541 3097//3097
f 3097//3097 541//541 542//542
f 3097//3097 542//542 543//543
f 3099//3099 549//549 546//546
f 3099//3099 546//546 3098//3098
f 3098//3098 546//546 121//121
f 3098//3098 121//121 120//120
f 3100//3100 117//117 547//547
f 3100//3100 547//547 3099//3099
f 3099//3099 547//547 548//548
f 3099//3099 548//548 549//549
f 3101//3101 114//114 550//550
f 3101//3101 550//550 3100//3100
f 3100//3100 550//550 118//118
f 3100//3100 118//118 117//117
f 3102//3102 554//554 552//552
f 3102//3102 552//552 3101//3101
f 3101//3101 552//552 115//115
f 3101//3101 115//115 114//114
f 3103//3103 557//557 558//558
f 3103//3103 558//558 3102//3102
f 3102//3102 558//558 555//555
f 3102//3102 555//555 554//554
f 3104//3104 561//561 559//559
f 3104//3104 559//559 3103//3103
f 3103//3103 559//559 556//556
f 3103//3103 556//556 557//557
f 3105//3105 534//534 564//564
f 3105//3105 564//564 3104//3104
f 3104//3104 564//564 563//563
f 3104//3104 563//563 561//561
f 3106//3106 537//537 536//536
f 3106//3106 536//536 3105//3105
f 3105//3105 536//536 532//532
f 3105//3105 532//532 534//534
f 61//61 62//62 3107//3107
f 3107//3107 62//62 540//540
f 3107//3107 540//540 3106//3106
f 3106//3106 540//540 539//539
f 3106//3106 539//539 537//537
f 106//106 57//57 3107//3107
f 3107//3107 57//57 59//59
f 3107//3107 59//59 61//61
f 8//8 13//13 21//21
f 21//21 13//13 3095//3095
f 21//21 3095//3095 19//19
f 19//19 3095//3095 440//440
f 19//19 440//440 24//24
f 6//6 7//7 648//648
f 648//648 7//7 3094//3094
f 648//648 3094//3094 812//812
f 812//812 3094//3094 814//814
f 814//814 3094//3094 3093//3093
f 814//814 3093//3093 815//815
f 815//815 3093//3093 818//818
f 818//818 3093//3093 3092//3092
f 818//818 3092//3092 861//861
f 861//861 3092//3092 862//862
f 862//862 3092//3092 3091//3091
f 862//862 3091//3091 866//866
f 866//866 3091//3091 880//880
f 880//880 3091//3091 3090//3090
f 880//880 3090//3090 923//923
f 923//923 3090//3090 887//887
f 887//887 3090//3090 3089//3089
f 887//887 3089//3089 888//888
f 888//888 3089//3089 899//899
f 899//899 3089//3089 3088//3088
f 899//899 3088//3088 963//963
f 963//963 3088//3088 905//905
f 905//905 3088//3088 3087//3087
f 905//905 3087//3087 906//906
f 906//906 3087//3087 917//917
f 917//917 3087//3087 3086//3086
f 917//917 3086//3086 936//936
f 936//936 3086//3086 874//874
f 874//874 3086//3086 3085//3085
f 874//874 3085//3085 865//865
f 865//865 3085//3085 864//864
f 864//864 3085//3085 3084//3084
f 864//864 3084//3084 863//863
f 863//863 3084//3084 802//802
f 802//802 3084//3084 3083//3083
f 802//802 3083//3083 803//803
f 803//803 3083//3083 804//804
f 804//804 3083//3083 3082//3082
f 804//804 3082//3082 806//806
f 806//806 3082//3082 808//808
f 808//808 3082//3082 101//101
f 808//808 101//101 105//105
f 107//107 106//106 658//658
f 658//658 106//106 3107//3107
f 658//658 3107//3107 770//770
f 770//770 3107//3107 772//772
f 772//772 3107//3107 3106//3106
f 772//772 3106//3106 774//774
f 774//774 3106//3106 1043//1043
f 1043//1043 3106//3106 3105//3105
f 1043//1043 3105//3105 1044//1044
f 1044//1044 3105//3105 1045//1045
f 1045//1045 3105//3105 3104//3104
f 1045//1045 3104//3104 1046//1046
f 1046//1046 3104//3104 1047//1047
f 1047//1047 3104//3104 3103//3103
f 1047//1047 3103//3103 1048//1048
f 1048//1048 3103//3103 1049//1049
f 1049//1049 3103//3103 3102//3102
f 1049//1049 3102//3102 1050//1050
f 1050//1050 3102//3102 1051//1051
f 1051//1051 3102//3102 3101//3101
f 1051//1051 3101//3101 1052//1052
f 1052//1052 3101//3101 1053//1053
f 1053//1053 3101//3101 3100//3100
f 1053//1053 3100//3100 1054//1054
f 1054//1054 3100//3100 1055//1055
f 1055//1055 3100//3100 3099//3099
f 1055//1055 3099//3099 1056//1056
f 1056//1056 3099//3099 1057//1057
f 1057//1057 3099//3099 3098//3098
f 1057//1057 3098//3098 1058//1058
f 1058//1058 3098//3098 1059//1059
f 1059//1059 3098//3098 3097//3097
f 1059//1059 3097//3097 1060//1060
f 1060//1060 3097//3097 852//852
f 852//852 3097//3097 3096//3096
f 852//852 3096//3096 853//853
f 853//853 3096//3096 854//854
f 854//854 3096//3096 3095//3095
f 854//854 3095//3095 856//856
f 856//856 3095//3095 858//858
f 858//858 3095//3095 13//13
f 858//858 13//13 12//12
f 58//58 109//109 60//60
f 60//60 109//109 3108//3108
f 60//60 3108//3108 98//98
f 98//98 3108//3108 3109//3109
f 98//98 3109//3109 96//96
f 96//96 3109//3109 3110//3110
f 96//96 3110//3110 94//94
f 94//94 3110//3110 3111//3111
f 94//94 3111//3111 92//92
f 92//92 3111//3111 3112//3112
f 92//92 3112//3112 90//90
f 90//90 3112//3112 3113//3113
f 90//90 3113//3113 88//88
f 88//88 3113//3113 3114//3114
f 88//88 3114//3114 86//86
f 86//86 3114//3114 3115//3115
f 86//86 3115//3115 84//84
f 84//84 3115//3115 3116//3116
f 84//84 3116//3116 82//82
f 82//82 3116//3116 3117//3117
f 82//82 3117//3117 80//80
f 80//80 3117//3117 3118//3118
f 80//80 3118//3118 78//78
f 78//78 3118//3118 3119//3119
f 78//78 3119//3119 76//76
f 76//76 3119//3119 3120//3120
f 76//76 3120//3120 74//74
f 74//74 3120//3120 3121//3121
f 74//74 3121//3121 72//72
f 72//72 3121//3121 3122//3122
f 72//72 3122//3122 70//70
f 70//70 3122//3122 3123//3123
f 70//70 3123//3123 64//64
f 64//64 3123//3123 3124//3124
f 64//64 3124//3124 66//66
f 66//66 3124//3124 102//102
f 109//109 110//110 3108//3108
f 3108//3108 110//110 1267//1267
f 3108//3108 1267//1267 3109//3109
f 3109//3109 1267//1267 1266//1266
f 3109//3109 1266//1266 3110//3110
f 3110//3110 1266//1266 1265//1265
f 3110//3110 1265//1265 3111//3111
f 3111//3111 1265//1265 1264//1264
f 3111//3111 1264//1264 3112//3112
f 3112//3112 1264//1264 1262//1262
f 3112//3112 1262//1262 3113//3113
f 3113//3113 1262//1262 1263//1263
f 3113//3113 1263//1263 3114//3114
f 3114//3114 1263//1263 1253//1253
f 3114//3114 1253//1253 3115//3115
f 3115//3115 1253//1253 1252//1252
f 3115//3115 1252//1252 3116//3116
f 3116//3116 1252//1252 3125//3125
f 3116//3116 3125//3125 3117//3117
f 3117//3117 3125//3125 1258//1258
f 3117//3117 1258//1258 3118//3118
f 3118//3118 1258//1258 1257//1257
f 3118//3118 1257//1257 3119//3119
f 3119//3119 1257//1257 1259//1259
f 3119//3119 1259//1259 3120//3120
f 3120//3120 1259//1259 1256//1256
f 3120//3120 1256//1256 3121//3121
f 3121//3121 1256//1256 1255//1255
f 3121//3121 1255//1255 3122//3122
f 3122//3122 1255//1255 1254//1254
f 3122//3122 1254//1254 3123//3123
f 3123//3123 1254//1254 1251//1251
f 3123//3123 1251//1251 3124//3124
f 3124//3124 1251//1251 1250//1250
f 3124//3124 1250//1250 102//102
f 102//102 1250//1250 103//103
f 2//2 1//1 16//16
f 16//16 1//1 3126//3126
f 16//16 3126//3126 54//54
f 54//54 3126//3126 3127//3127
f 54//54 3127//3127 52//52
f 52//52 3127//3127 3128//3128
f 52//52 3128//3128 50//50
f 50//50 3128//3128 3129//3129
f 50//50 3129//3129 48//48
f 48//48 3129//3129 3130//3130
f 48//48 3130//3130 46//46
f 46//46 3130//3130 3131//3131
f 46//46 3131//3131 44//44
f 44//44 3131//3131 3132//3132
f 44//44 3132//3132 42//42
f 42//42 3132//3132 3133//3133
f 42//42 3133//3133 40//40
f 40//40 3133//3133 3134//3134
f 40//40 3134//3134 38//38
f 38//38 3134//3134 3135//3135
f 38//38 3135//3135 36//36
f 36//36 3135//3135 3136//3136
f 36//36 3136//3136 34//34
f 34//34 3136//3136 3137//3137
f 34//34 3137//3137 32//32
f 32//32 3137//3137 3138//3138
f 32//32 3138//3138 30//30
f 30//30 3138//3138 3139//3139
f 30//30 3139//3139 28//28
f 28//28 3139//3139 3140//3140
f 28//28 3140//3140 26//26
f 26//26 3140//3140 3141//3141
f 26//26 3141//3141 20//20
f 20//20 3141//3141 3142//3142
f 20//20 3142//3142 22//22
f 22//22 3142//3142 10//10
f 1//1 5//5 3126//3126
f 3126//3126 5//5 1270//1270
f 3126//3126 1270//1270 3127//3127
f 3127//3127 1270//1270 1271//1271
f 3127//3127 1271//1271 3128//3128
f 3128//3128 1271//1271 1281//1281
f 3128//3128 1281//1281 3129//3129
f 3129//3129 1281//1281 1282//1282
f 3129//3129 1282//1282 3130//3130
f 3130//3130 1282//1282 1283//1283
f 3130//3130 1283//1283 3131//3131
f 3131//3131 1283//1283 1284//1284
f 3131//3131 1284//1284 3132//3132
f 3132//3132 1284//1284 1269//1269
f 3132//3132 1269//1269 3133//3133
f 3133//3133 1269//1269 1268//1268
f 3133//3133 1268//1268 3134//3134
f 3134//3134 1268//1268 3143//3143
f 3134//3134 3143//3143 3135//3135
f 3135//3135 3143//3143 1274//1274
f 3135//3135 1274//1274 3136//3136
f 3136//3136 1274//1274 1273//1273
f 3136//3136 1273//1273 3137//3137
f 3137//3137 1273//1273 1279//1279
f 3137//3137 1279//1279 3138//3138
f 3138//3138 1279//1279 1278//1278
f 3138//3138 1278//1278 3139//3139
f 3139//3139 1278//1278 1277//1277
f 3139//3139 1277//1277 3140//3140
f 3140//3140 1277//1277 1276//1276
f 3140//3140 1276//1276 3141//3141
f 3141//3141 1276//1276 1275//1275
f 3141//3141 1275//1275 3142//3142
f 3142//3142 1275//1275 1272//1272
f 3142//3142 1272//1272 3144//3144
f 3144//3144 1272//1272 3145//3145
f 23//23 22//22 3146//3146
f 3146//3146 22//22 3147//3147
f 3146//3146 3147//3147 3148//3148
f 3148//3148 3147//3147 3149//3149
f 3150//3150 3151//3151 3152//3152
f 3152//3152 3151//3151 2//2
f 3152//3152 2//2 3//3
f 3150//3150 3153//3153 3151//3151
f 3151//3151 3153//3153 3154//3154
f 3151//3151 3154//3154 3155//3155
f 3155//3155 3154//3154 3156//3156
f 3155//3155 3156//3156 3157//3157
f 3157//3157 3156//3156 3158//3158
f 3157//3157 3158//3158 3159//3159
f 3159//3159 3158//3158 3160//3160
f 3159//3159 3160//3160 3161//3161
f 3161//3161 3160//3160 3162//3162
f 3161//3161 3162//3162 3163//3163
f 3163//3163 3162//3162 3164//3164
f 3163//3163 3164//3164 3165//3165
f 3165//3165 3164//3164 3166//3166
f 3165//3165 3166//3166 3167//3167
f 3167//3167 3166//3166 3168//3168
f 3167//3167 3168//3168 3169//3169
f 3169//3169 3168//3168 3170//3170
f 3169//3169 3170//3170 3171//3171
f 3171//3171 3170//3170 3172//3172
f 3171//3171 3172//3172 3173//3173
f 3173//3173 3172//3172 3174//3174
f 3173//3173 3174//3174 3175//3175
f 3175//3175 3174//3174 3176//3176
f 3175//3175 3176//3176 3177//3177
f 3177//3177 3176//3176 3178//3178
f 3177//3177 3178//3178 3179//3179
f 3179//3179 3178//3178 3180//3180
f 3179//3179 3180//3180 3181//3181
f 3181//3181 3180//3180 3182//3182
f 3181//3181 3182//3182 3183//3183
f 3183//3183 3182//3182 3184//3184
f 3183//3183 3184//3184 3147//3147
f 3147//3147 3184//3184 3185//3185
f 3147//3147 3185//3185 3149//3149
f 67//67 66//66 3186//3186
f 3186//3186 66//66 3187//3187
f 3186//3186 3187//3187 3188//3188
f 3188//3188 3187//3187 3189//3189
f 3190//3190 3191//3191 3192//3192
f 3192//3192 3191//3191 58//58
f 3192//3192 58//58 57//57
f 3190//3190 3193//3193 3191//3191
f 3191//3191 3193//3193 3194//3194
f 3191//3191 3194//3194 3195//3195
f 3195//3195 3194//3194 3196//3196
f 3195//3195 3196//3196 3197//3197
f 3197//3197 3196//3196 3198//3198
f 3197//3197 3198//3198 3199//3199
f 3199//3199 3198//3198 3200//3200
f 3199//3199 3200//3200 3201//3201
f 3201//3201 3200//3200 3202//3202
f 3201//3201 3202//3202 3203//3203
f 3203//3203 3202//3202 3204//3204
f 3203//3203 3204//3204 3205//3205
f 3205//3205 3204//3204 3206//3206
f 3205//3205 3206//3206 3207//3207
f 3207//3207 3206//3206 3208//3208
f 3207//3207 3208//3208 3209//3209
f 3209//3209 3208//3208 3210//3210
f 3209//3209 3210//3210 3211//3211
f 3211//3211 3210//3210 3212//3212
f 3211//3211 3212//3212 3213//3213
f 3213//3213 3212//3212 3214//3214
f 3213//3213 3214//3214 3215//3215
f 3215//3215 3214//3214 3216//3216
f 3215//3215 3216//3216 3217//3217
f 3217//3217 3216//3216 3218//3218
f 3217//3217 3218//3218 3219//3219
f 3219//3219 3218//3218 3220//3220
f 3219//3219 3220//3220 3221//3221
f 3221//3221 3220//3220 3222//3222
f 3221//3221 3222//3222 3223//3223
f 3223//3223 3222//3222 3224//3224
f 3223//3223 3224//3224 3187//3187
f 3187//3187 3224//3224 3225//3225
f 3187//3187 3225//3225 3189//3189
f 7//7 3//3 1//1
f 1//1 3//3 2//2
f 5//5 4//4 1//1
f 1//1 4//4 6//6
f 1//1 6//6 7//7
f 102//102 66//66 67//67
f 104//104 103//103 105//105
f 105//105 103//103 102//102
f 105//105 102//102 101//101
f 101//101 102//102 67//67
f 57//57 58//58 109//109
f 108//108 107//107 106//106
f 57//57 109//109 106//106
f 106//106 109//109 110//110
f 106//106 110//110 108//108
f 13//13 12//12 11//11
f 9//9 8//8 10//10
f 10//10 8//8 13//13
f 10//10 13//13 14//14
f 14//14 13//13 11//11
f 3226//3226 3227//3227 3228//3228
f 3228//3228 3229//3229 3226//3226
f 3226//3226 3229//3229 3230//3230
f 3226//3226 3230//3230 3231//3231
f 3227//3227 3232//3232 3228//3228
f 3228//3228 3232//3232 3233//3233
f 3228//3228 3233//3233 3234//3234
f 3234//3234 3233//3233 3235//3235
f 3235//3235 3233//3233 3236//3236
f 3235//3235 3236//3236 3237//3237
f 3238//3238 3239//3239 3240//3240
f 3240//3240 3239//3239 3235//3235
f 3240//3240 3235//3235 3241//3241
f 3241//3241 3235//3235 3237//3237
f 3242//3242 3243//3243 3244//3244
f 3244//3244 3243//3243 3245//3245
f 3244//3244 3245//3245 3246//3246
f 3246//3246 3245//3245 3247//3247
f 3246//3246 3247//3247 3238//3238
f 3238//3238 3247//3247 3248//3248
f 3238//3238 3248//3248 3239//3239
f 3249//3249 3250//3250 3251//3251
f 3251//3251 3250//3250 3252//3252
f 3251//3251 3252//3252 3253//3253
f 3253//3253 3252//3252 3254//3254
f 3253//3253 3254//3254 3255//3255
f 3255//3255 3254//3254 3256//3256
f 3255//3255 3256//3256 3257//3257
f 3257//3257 3256//3256 3258//3258
f 3257//3257 3258//3258 3259//3259
f 3259//3259 3258//3258 3260//3260
f 3259//3259 3260//3260 3261//3261
f 3261//3261 3260//3260 3262//3262
f 3261//3261 3262//3262 3263//3263
f 3263//3263 3262//3262 3264//3264
f 3263//3263 3264//3264 3265//3265
f 3265//3265 3264//3264 3266//3266
f 3265//3265 3266//3266 3267//3267
f 3267//3267 3266//3266 3268//3268
f 3267//3267 3268//3268 3269//3269
f 3269//3269 3268//3268 3270//3270
f 3269//3269 3270//3270 3271//3271
f 3271//3271 3270//3270 3272//3272
f 3271//3271 3272//3272 3249//3249
f 3249//3249 3272//3272 3250//3250
f 3273//3273 3274//3274 3275//3275
f 3276//3276 3273//3273 3277//3277
f 3273//3273 3275//3275 3277//3277
f 3277//3277 3275//3275 3278//3278
f 3277//3277 3278//3278 3279//3279
f 3279//3279 3278//3278 3280//3280
f 3279//3279 3280//3280 3281//3281
f 3281//3281 3280//3280 3282//3282
f 3281//3281 3282//3282 3283//3283
f 3282//3282 3284//3284 3283//3283
f 3283//3283 3284//3284 3285//3285
f 3283//3283 3285//3285 3286//3286
f 3286//3286 3285//3285 3287//3287
f 3286//3286 3287//3287 3288//3288
f 3288//3288 3287//3287 3289//3289
f 3288//3288 3289//3289 3290//3290
f 3290//3290 3289//3289 3291//3291
f 3290//3290 3291//3291 3292//3292
f 3293//3293 3276//3276 3294//3294
f 3294//3294 3276//3276 3277//3277
f 3294//3294 3277//3277 3295//3295
f 3295//3295 3277//3277 3279//3279
f 3295//3295 3279//3279 3296//3296
f 3296//3296 3279//3279 3281//3281
f 3296//3296 3281//3281 3297//3297
f 3297//3297 3281//3281 3283//3283
f 3297//3297 3283//3283 3298//3298
f 3298//3298 3283//3283 3286//3286
f 3298//3298 3286//3286 3299//3299
f 3299//3299 3286//3286 3288//3288
f 3299//3299 3288//3288 3300//3300
f 3300//3300 3288//3288 3290//3290
f 3300//3300 3290//3290 3301//3301
f 3301//3301 3290//3290 3292//3292
f 3301//3301 3292//3292 3302//3302
f 3302//3302 3292//3292 3303//3303
f 3302//3302 3303//3303 3304//3304
f 3291//3291 3305//3305 3292//3292
f 3292//3292 3305//3305 3306//3306
f 3292//3292 3306//3306 3303//3303
f 3303//3303 3306//3306 3307//3307
f 3303//3303 3307//3307 3304//3304
f 3293//3293 3294//3294 3308//3308
f 3308//3308 3294//3294 3295//3295
f 3308//3308 3295//3295 3309//3309
f 3309//3309 3295//3295 3296//3296
f 3309//3309 3296//3296 3310//3310
f 3310//3310 3296//3296 3297//3297
f 3310//3310 3297//3297 3311//3311
f 3311//3311 3297//3297 3298//3298
f 3311//3311 3298//3298 3312//3312
f 3312//3312 3298//3298 3299//3299
f 3312//3312 3299//3299 3313//3313
f 3313//3313 3299//3299 3300//3300
f 3313//3313 3300//3300 3314//3314
f 3314//3314 3300//3300 3301//3301
f 3314//3314 3301//3301 3315//3315
f 3315//3315 3301//3301 3302//3302
f 3315//3315 3302//3302 3316//3316
f 3316//3316 3302//3302 3304//3304
f 3316//3316 3304//3304 3317//3317
f 3273//3273 3276//3276 3318//3318
f 3319//3319 3320//3320 3321//3321
f 3322//3322 3323//3323 3324//3324
f 3324//3324 3323//3323 3325//3325
f 3324//3324 3325//3325 3326//3326
f 3326//3326 3325//3325 3321//3321
f 3326//3326 3321//3321 3327//3327
f 3327//3327 3321//3321 3320//3320
f 3327//3327 3320//3320 3328//3328
f 3329//3329 3330//3330 3322//3322
f 3322//3322 3330//3330 3331//3331
f 3322//3322 3331//3331 3323//3323
f 3329//3329 3332//3332 3330//3330
f 3330//3330 3332//3332 3333//3333
f 3330//3330 3333//3333 3334//3334
f 3334//3334 3333//3333 3335//3335
f 3334//3334 3335//3335 3336//3336
f 3336//3336 3335//3335 3337//3337
f 3336//3336 3337//3337 3338//3338
f 3338//3338 3337//3337 3274//3274
f 3274//3274 3273//3273 3338//3338
f 3338//3338 3273//3273 3318//3318
f 3338//3338 3318//3318 3336//3336
f 3336//3336 3318//3318 3339//3339
f 3336//3336 3339//3339 3334//3334
f 3334//3334 3339//3339 3340//3340
f 3334//3334 3340//3340 3330//3330
f 3330//3330 3340//3340 3341//3341
f 3330//3330 3341//3341 3331//3331
f 3331//3331 3341//3341 3342//3342
f 3331//3331 3342//3342 3323//3323
f 3323//3323 3342//3342 3343//3343
f 3323//3323 3343//3343 3325//3325
f 3325//3325 3343//3343 3344//3344
f 3325//3325 3344//3344 3321//3321
f 3321//3321 3344//3344 3345//3345
f 3321//3321 3345//3345 3319//3319
f 3319//3319 3345//3345 3346//3346
f 3346//3346 3345//3345 3347//3347
f 3347//3347 3345//3345 3344//3344
f 3347//3347 3344//3344 3348//3348
f 3348//3348 3344//3344 3343//3343
f 3348//3348 3343//3343 3349//3349
f 3349//3349 3343//3343 3342//3342
f 3349//3349 3342//3342 3350//3350
f 3350//3350 3342//3342 3341//3341
f 3350//3350 3341//3341 3351//3351
f 3351//3351 3341//3341 3340//3340
f 3351//3351 3340//3340 3352//3352
f 3352//3352 3340//3340 3339//3339
f 3352//3352 3339//3339 3353//3353
f 3353//3353 3339//3339 3318//3318
f 3353//3353 3318//3318 3354//3354
f 3354//3354 3318//3318 3276//3276
f 3354//3354 3276//3276 3293//3293
f 3319//3319 3346//3346 3355//3355
f 3356//3356 3328//3328 3357//3357
f 3357//3357 3328//3328 3320//3320
f 3357//3357 3320//3320 3319//3319
f 3319//3319 3355//3355 3357//3357
f 3357//3357 3355//3355 3358//3358
f 3357//3357 3358//3358 3359//3359
f 3360//3360 3356//3356 3361//3361
f 3361//3361 3356//3356 3357//3357
f 3361//3361 3357//3357 3362//3362
f 3362//3362 3357//3357 3359//3359
f 3363//3363 3364//3364 3365//3365
f 3366//3366 3367//3367 3368//3368
f 3368//3368 3367//3367 3363//3363
f 3368//3368 3363//3363 3369//3369
f 3369//3369 3363//3363 3365//3365
f 3242//3242 3364//3364 3370//3370
f 3370//3370 3364//3364 3363//3363
f 3370//3370 3363//3363 3371//3371
f 3371//3371 3363//3363 3367//3367
f 3372//3372 3231//3231 3230//3230
f 3373//3373 3372//3372 3374//3374
f 3372//3372 3230//3230 3374//3374
f 3374//3374 3230//3230 3229//3229
f 3374//3374 3229//3229 3375//3375
f 3375//3375 3229//3229 3228//3228
f 3375//3375 3228//3228 3376//3376
f 3376//3376 3228//3228 3234//3234
f 3376//3376 3234//3234 3377//3377
f 3377//3377 3234//3234 3235//3235
f 3377//3377 3235//3235 3378//3378
f 3378//3378 3235//3235 3239//3239
f 3378//3378 3239//3239 3379//3379
f 3379//3379 3239//3239 3248//3248
f 3379//3379 3248//3248 3380//3380
f 3380//3380 3248//3248 3247//3247
f 3380//3380 3247//3247 3381//3381
f 3382//3382 3373//3373 3383//3383
f 3383//3383 3373//3373 3374//3374
f 3383//3383 3374//3374 3384//3384
f 3384//3384 3374//3374 3375//3375
f 3384//3384 3375//3375 3385//3385
f 3385//3385 3375//3375 3376//3376
f 3385//3385 3376//3376 3386//3386
f 3386//3386 3376//3376 3377//3377
f 3386//3386 3377//3377 3387//3387
f 3387//3387 3377//3377 3378//3378
f 3387//3387 3378//3378 3388//3388
f 3388//3388 3378//3378 3379//3379
f 3388//3388 3379//3379 3389//3389
f 3389//3389 3379//3379 3380//3380
f 3389//3389 3380//3380 3390//3390
f 3390//3390 3380//3380 3381//3381
f 3390//3390 3381//3381 3391//3391
f 3391//3391 3381//3381 3392//3392
f 3391//3391 3392//3392 3370//3370
f 3247//3247 3245//3245 3381//3381
f 3381//3381 3245//3245 3243//3243
f 3381//3381 3243//3243 3392//3392
f 3392//3392 3243//3243 3242//3242
f 3392//3392 3242//3242 3370//3370
f 3382//3382 3383//3383 3393//3393
f 3393//3393 3383//3383 3384//3384
f 3393//3393 3384//3384 3394//3394
f 3394//3394 3384//3384 3385//3385
f 3394//3394 3385//3385 3395//3395
f 3395//3395 3385//3385 3386//3386
f 3395//3395 3386//3386 3396//3396
f 3396//3396 3386//3386 3387//3387
f 3396//3396 3387//3387 3397//3397
f 3397//3397 3387//3387 3388//3388
f 3397//3397 3388//3388 3398//3398
f 3398//3398 3388//3388 3389//3389
f 3398//3398 3389//3389 3399//3399
f 3399//3399 3389//3389 3390//3390
f 3399//3399 3390//3390 3400//3400
f 3400//3400 3390//3390 3391//3391
f 3400//3400 3391//3391 3401//3401
f 3401//3401 3391//3391 3370//3370
f 3401//3401 3370//3370 3371//3371
f 3372//3372 3373//3373 3402//3402
f 3403//3403 3404//3404 3405//3405
f 3406//3406 3403//3403 3407//3407
f 3403//3403 3405//3405 3407//3407
f 3407//3407 3405//3405 3408//3408
f 3407//3407 3408//3408 3409//3409
f 3409//3409 3408//3408 3410//3410
f 3409//3409 3410//3410 3411//3411
f 3411//3411 3410//3410 3412//3412
f 3411//3411 3412//3412 3413//3413
f 3413//3413 3412//3412 3414//3414
f 3413//3413 3414//3414 3415//3415
f 3415//3415 3414//3414 3416//3416
f 3415//3415 3416//3416 3417//3417
f 3417//3417 3416//3416 3418//3418
f 3417//3417 3418//3418 3419//3419
f 3418//3418 3420//3420 3419//3419
f 3419//3419 3420//3420 3421//3421
f 3419//3419 3421//3421 3422//3422
f 3422//3422 3421//3421 3231//3231
f 3231//3231 3372//3372 3422//3422
f 3422//3422 3372//3372 3402//3402
f 3422//3422 3402//3402 3419//3419
f 3419//3419 3402//3402 3423//3423
f 3419//3419 3423//3423 3417//3417
f 3417//3417 3423//3423 3424//3424
f 3417//3417 3424//3424 3415//3415
f 3415//3415 3424//3424 3425//3425
f 3415//3415 3425//3425 3413//3413
f 3413//3413 3425//3425 3426//3426
f 3413//3413 3426//3426 3411//3411
f 3411//3411 3426//3426 3427//3427
f 3411//3411 3427//3427 3409//3409
f 3409//3409 3427//3427 3428//3428
f 3409//3409 3428//3428 3407//3407
f 3407//3407 3428//3428 3429//3429
f 3407//3407 3429//3429 3406//3406
f 3406//3406 3429//3429 3430//3430
f 3430//3430 3429//3429 3431//3431
f 3431//3431 3429//3429 3428//3428
f 3431//3431 3428//3428 3432//3432
f 3432//3432 3428//3428 3427//3427
f 3432//3432 3427//3427 3433//3433
f 3433//3433 3427//3427 3426//3426
f 3433//3433 3426//3426 3434//3434
f 3434//3434 3426//3426 3425//3425
f 3434//3434 3425//3425 3435//3435
f 3435//3435 3425//3425 3424//3424
f 3435//3435 3424//3424 3436//3436
f 3436//3436 3424//3424 3423//3423
f 3436//3436 3423//3423 3437//3437
f 3437//3437 3423//3423 3402//3402
f 3437//3437 3402//3402 3438//3438
f 3438//3438 3402//3402 3373//3373
f 3438//3438 3373//3373 3382//3382
f 3439//3439 3440//3440 3441//3441
f 3441//3441 3440//3440 3442//3442
f 3441//3441 3442//3442 3443//3443
f 3443//3443 3442//3442 3444//3444
f 3443//3443 3444//3444 3445//3445
f 3307//3307 3439//3439 3304//3304
f 3304//3304 3439//3439 3441//3441
f 3304//3304 3441//3441 3317//3317
f 3317//3317 3441//3441 3443//3443
f 3414//3414 3412//3412 3446//3446
f 3404//3404 3447//3447 3448//3448
f 3404//3404 3448//3448 3405//3405
f 3405//3405 3448//3448 3449//3449
f 3405//3405 3449//3449 3408//3408
f 3449//3449 3450//3450 3408//3408
f 3408//3408 3450//3450 3451//3451
f 3408//3408 3451//3451 3410//3410
f 3410//3410 3451//3451 3452//3452
f 3410//3410 3452//3452 3412//3412
f 3412//3412 3452//3452 3453//3453
f 3412//3412 3453//3453 3446//3446
f 3454//3454 3226//3226 3231//3231
f 3421//3421 3420//3420 3455//3455
f 3455//3455 3420//3420 3418//3418
f 3455//3455 3418//3418 3446//3446
f 3446//3446 3418//3418 3416//3416
f 3446//3446 3416//3416 3414//3414
f 3421//3421 3455//3455 3231//3231
f 3231//3231 3455//3455 3456//3456
f 3231//3231 3456//3456 3454//3454
f 3406//3406 3430//3430 3457//3457
f 3458//3458 3404//3404 3459//3459
f 3459//3459 3404//3404 3403//3403
f 3459//3459 3403//3403 3406//3406
f 3406//3406 3457//3457 3459//3459
f 3459//3459 3457//3457 3460//3460
f 3459//3459 3460//3460 3461//3461
f 3462//3462 3458//3458 3463//3463
f 3463//3463 3458//3458 3459//3459
f 3463//3463 3459//3459 3464//3464
f 3464//3464 3459//3459 3461//3461
f 3465//3465 3466//3466 3467//3467
f 3467//3467 3466//3466 3468//3468
f 3467//3467 3468//3468 3469//3469
f 3469//3469 3468//3468 3470//3470
f 3469//3469 3470//3470 3471//3471
f 3471//3471 3470//3470 3472//3472
f 3471//3471 3472//3472 3473//3473
f 3473//3473 3472//3472 3474//3474
f 3473//3473 3474//3474 3475//3475
f 3475//3475 3474//3474 3476//3476
f 3475//3475 3476//3476 3477//3477
f 3477//3477 3476//3476 3478//3478
f 3477//3477 3478//3478 3479//3479
f 3479//3479 3478//3478 3480//3480
f 3479//3479 3480//3480 3481//3481
f 3481//3481 3480//3480 3482//3482
f 3481//3481 3482//3482 3483//3483
f 3483//3483 3482//3482 3484//3484
f 3483//3483 3484//3484 3485//3485
f 3485//3485 3484//3484 3486//3486
f 3485//3485 3486//3486 3487//3487
f 3487//3487 3486//3486 3488//3488
f 3487//3487 3488//3488 3465//3465
f 3465//3465 3488//3488 3466//3466
f 3489//3489 3226//3226 3454//3454
f 3490//3490 3489//3489 3491//3491
f 3489//3489 3454//3454 3491//3491
f 3491//3491 3454//3454 3456//3456
f 3491//3491 3456//3456 3492//3492
f 3492//3492 3456//3456 3455//3455
f 3492//3492 3455//3455 3493//3493
f 3493//3493 3455//3455 3446//3446
f 3493//3493 3446//3446 3494//3494
f 3494//3494 3446//3446 3453//3453
f 3494//3494 3453//3453 3495//3495
f 3495//3495 3453//3453 3452//3452
f 3495//3495 3452//3452 3496//3496
f 3497//3497 3490//3490 3498//3498
f 3498//3498 3490//3490 3491//3491
f 3498//3498 3491//3491 3499//3499
f 3499//3499 3491//3491 3492//3492
f 3499//3499 3492//3492 3500//3500
f 3500//3500 3492//3492 3493//3493
f 3500//3500 3493//3493 3501//3501
f 3501//3501 3493//3493 3494//3494
f 3501//3501 3494//3494 3502//3502
f 3502//3502 3494//3494 3495//3495
f 3502//3502 3495//3495 3503//3503
f 3503//3503 3495//3495 3496//3496
f 3503//3503 3496//3496 3504//3504
f 3504//3504 3496//3496 3505//3505
f 3504//3504 3505//3505 3506//3506
f 3506//3506 3505//3505 3507//3507
f 3506//3506 3507//3507 3508//3508
f 3508//3508 3507//3507 3509//3509
f 3508//3508 3509//3509 3510//3510
f 3452//3452 3451//3451 3496//3496
f 3496//3496 3451//3451 3450//3450
f 3496//3496 3450//3450 3505//3505
f 3505//3505 3450//3450 3449//3449
f 3505//3505 3449//3449 3507//3507
f 3507//3507 3449//3449 3448//3448
f 3507//3507 3448//3448 3509//3509
f 3509//3509 3448//3448 3447//3447
f 3509//3509 3447//3447 3510//3510
f 3497//3497 3498//3498 3511//3511
f 3511//3511 3498//3498 3499//3499
f 3511//3511 3499//3499 3512//3512
f 3512//3512 3499//3499 3500//3500
f 3512//3512 3500//3500 3513//3513
f 3513//3513 3500//3500 3501//3501
f 3513//3513 3501//3501 3514//3514
f 3514//3514 3501//3501 3502//3502
f 3514//3514 3502//3502 3515//3515
f 3515//3515 3502//3502 3503//3503
f 3515//3515 3503//3503 3516//3516
f 3516//3516 3503//3503 3504//3504
f 3516//3516 3504//3504 3517//3517
f 3517//3517 3504//3504 3506//3506
f 3517//3517 3506//3506 3518//3518
f 3518//3518 3506//3506 3508//3508
f 3518//3518 3508//3508 3519//3519
f 3519//3519 3508//3508 3510//3510
f 3519//3519 3510//3510 3520//3520
f 3489//3489 3490//3490 3521//3521
f 3522//3522 3244//3244 3246//3246
f 3523//3523 3522//3522 3524//3524
f 3522//3522 3246//3246 3524//3524
f 3524//3524 3246//3246 3238//3238
f 3524//3524 3238//3238 3525//3525
f 3525//3525 3238//3238 3240//3240
f 3525//3525 3240//3240 3526//3526
f 3526//3526 3240//3240 3241//3241
f 3526//3526 3241//3241 3527//3527
f 3527//3527 3241//3241 3237//3237
f 3527//3527 3237//3237 3528//3528
f 3528//3528 3237//3237 3236//3236
f 3528//3528 3236//3236 3529//3529
f 3529//3529 3236//3236 3233//3233
f 3529//3529 3233//3233 3530//3530
f 3233//3233 3232//3232 3530//3530
f 3530//3530 3232//3232 3227//3227
f 3530//3530 3227//3227 3531//3531
f 3531//3531 3227//3227 3226//3226
f 3226//3226 3489//3489 3531//3531
f 3531//3531 3489//3489 3521//3521
f 3531//3531 3521//3521 3530//3530
f 3530//3530 3521//3521 3532//3532
f 3530//3530 3532//3532 3529//3529
f 3529//3529 3532//3532 3533//3533
f 3529//3529 3533//3533 3528//3528
f 3528//3528 3533//3533 3534//3534
f 3528//3528 3534//3534 3527//3527
f 3527//3527 3534//3534 3535//3535
f 3527//3527 3535//3535 3526//3526
f 3526//3526 3535//3535 3536//3536
f 3526//3526 3536//3536 3525//3525
f 3525//3525 3536//3536 3537//3537
f 3525//3525 3537//3537 3524//3524
f 3524//3524 3537//3537 3538//3538
f 3524//3524 3538//3538 3523//3523
f 3523//3523 3538//3538 3539//3539
f 3539//3539 3538//3538 3540//3540
f 3540//3540 3538//3538 3537//3537
f 3540//3540 3537//3537 3541//3541
f 3541//3541 3537//3537 3536//3536
f 3541//3541 3536//3536 3542//3542
f 3542//3542 3536//3536 3535//3535
f 3542//3542 3535//3535 3543//3543
f 3543//3543 3535//3535 3534//3534
f 3543//3543 3534//3534 3544//3544
f 3544//3544 3534//3534 3533//3533
f 3544//3544 3533//3533 3545//3545
f 3545//3545 3533//3533 3532//3532
f 3545//3545 3532//3532 3546//3546
f 3546//3546 3532//3532 3521//3521
f 3546//3546 3521//3521 3547//3547
f 3547//3547 3521//3521 3490//3490
f 3547//3547 3490//3490 3497//3497
f 3548//3548 3549//3549 3244//3244
f 3539//3539 3550//3550 3523//3523
f 3523//3523 3550//3550 3548//3548
f 3523//3523 3548//3548 3522//3522
f 3522//3522 3548//3548 3244//3244
f 3550//3550 3551//3551 3548//3548
f 3548//3548 3551//3551 3552//3552
f 3548//3548 3552//3552 3549//3549
f 3549//3549 3552//3552 3553//3553
f 3549//3549 3553//3553 3554//3554
f 3555//3555 3556//3556 3557//3557
f 3558//3558 3559//3559 3555//3555
f 3560//3560 3561//3561 3558//3558
f 3558//3558 3561//3561 3562//3562
f 3558//3558 3562//3562 3559//3559
f 3555//3555 3557//3557 3558//3558
f 3558//3558 3557//3557 3563//3563
f 3558//3558 3563//3563 3564//3564
f 3565//3565 3560//3560 3566//3566
f 3566//3566 3560//3560 3558//3558
f 3566//3566 3558//3558 3567//3567
f 3567//3567 3558//3558 3564//3564
f 3568//3568 3569//3569 3570//3570
f 3571//3571 3572//3572 3573//3573
f 3574//3574 3571//3571 3575//3575
f 3571//3571 3573//3573 3575//3575
f 3575//3575 3573//3573 3576//3576
f 3575//3575 3576//3576 3577//3577
f 3577//3577 3576//3576 3578//3578
f 3577//3577 3578//3578 3579//3579
f 3579//3579 3578//3578 3580//3580
f 3579//3579 3580//3580 3581//3581
f 3581//3581 3580//3580 3582//3582
f 3581//3581 3582//3582 3583//3583
f 3583//3583 3582//3582 3584//3584
f 3583//3583 3584//3584 3585//3585
f 3585//3585 3584//3584 3586//3586
f 3585//3585 3586//3586 3587//3587
f 3587//3587 3586//3586 3588//3588
f 3587//3587 3588//3588 3570//3570
f 3570//3570 3588//3588 3589//3589
f 3570//3570 3589//3589 3568//3568
f 3569//3569 3590//3590 3570//3570
f 3570//3570 3590//3590 3591//3591
f 3570//3570 3591//3591 3587//3587
f 3587//3587 3591//3591 3592//3592
f 3587//3587 3592//3592 3585//3585
f 3585//3585 3592//3592 3593//3593
f 3585//3585 3593//3593 3583//3583
f 3583//3583 3593//3593 3594//3594
f 3583//3583 3594//3594 3581//3581
f 3581//3581 3594//3594 3595//3595
f 3581//3581 3595//3595 3579//3579
f 3579//3579 3595//3595 3596//3596
f 3579//3579 3596//3596 3577//3577
f 3577//3577 3596//3596 3597//3597
f 3577//3577 3597//3597 3575//3575
f 3575//3575 3597//3597 3598//3598
f 3575//3575 3598//3598 3574//3574
f 3574//3574 3598//3598 3599//3599
f 3568//3568 3565//3565 3569//3569
f 3569//3569 3565//3565 3566//3566
f 3569//3569 3566//3566 3590//3590
f 3590//3590 3566//3566 3567//3567
f 3590//3590 3567//3567 3564//3564
f 3599//3599 3598//3598 3600//3600
f 3600//3600 3598//3598 3597//3597
f 3600//3600 3597//3597 3601//3601
f 3601//3601 3597//3597 3596//3596
f 3601//3601 3596//3596 3602//3602
f 3602//3602 3596//3596 3595//3595
f 3602//3602 3595//3595 3603//3603
f 3603//3603 3595//3595 3594//3594
f 3603//3603 3594//3594 3604//3604
f 3604//3604 3594//3594 3593//3593
f 3604//3604 3593//3593 3605//3605
f 3605//3605 3593//3593 3592//3592
f 3605//3605 3592//3592 3606//3606
f 3606//3606 3592//3592 3591//3591
f 3606//3606 3591//3591 3607//3607
f 3607//3607 3591//3591 3590//3590
f 3607//3607 3590//3590 3608//3608
f 3608//3608 3590//3590 3564//3564
f 3608//3608 3564//3564 3563//3563
f 3571//3571 3574//3574 3609//3609
f 3610//3610 3611//3611 3612//3612
f 3611//3611 3613//3613 3614//3614
f 3615//3615 3616//3616 3617//3617
f 3611//3611 3614//3614 3612//3612
f 3612//3612 3614//3614 3618//3618
f 3612//3612 3618//3618 3619//3619
f 3619//3619 3618//3618 3620//3620
f 3619//3619 3620//3620 3621//3621
f 3621//3621 3620//3620 3622//3622
f 3621//3621 3622//3622 3623//3623
f 3623//3623 3622//3622 3624//3624
f 3623//3623 3624//3624 3625//3625
f 3625//3625 3624//3624 3626//3626
f 3625//3625 3626//3626 3627//3627
f 3627//3627 3626//3626 3628//3628
f 3627//3627 3628//3628 3629//3629
f 3628//3628 3630//3630 3629//3629
f 3629//3629 3630//3630 3631//3631
f 3629//3629 3631//3631 3632//3632
f 3632//3632 3631//3631 3572//3572
f 3572//3572 3571//3571 3632//3632
f 3632//3632 3571//3571 3609//3609
f 3632//3632 3609//3609 3629//3629
f 3629//3629 3609//3609 3633//3633
f 3629//3629 3633//3633 3627//3627
f 3627//3627 3633//3633 3634//3634
f 3627//3627 3634//3634 3625//3625
f 3625//3625 3634//3634 3635//3635
f 3625//3625 3635//3635 3623//3623
f 3623//3623 3635//3635 3636//3636
f 3623//3623 3636//3636 3621//3621
f 3621//3621 3636//3636 3637//3637
f 3621//3621 3637//3637 3619//3619
f 3619//3619 3637//3637 3638//3638
f 3619//3619 3638//3638 3612//3612
f 3612//3612 3638//3638 3617//3617
f 3612//3612 3617//3617 3610//3610
f 3610//3610 3617//3617 3616//3616
f 3615//3615 3617//3617 3639//3639
f 3639//3639 3617//3617 3638//3638
f 3639//3639 3638//3638 3640//3640
f 3640//3640 3638//3638 3637//3637
f 3640//3640 3637//3637 3641//3641
f 3641//3641 3637//3637 3636//3636
f 3641//3641 3636//3636 3642//3642
f 3642//3642 3636//3636 3635//3635
f 3642//3642 3635//3635 3643//3643
f 3643//3643 3635//3635 3634//3634
f 3643//3643 3634//3634 3644//3644
f 3644//3644 3634//3634 3633//3633
f 3644//3644 3633//3633 3645//3645
f 3645//3645 3633//3633 3609//3609
f 3645//3645 3609//3609 3646//3646
f 3646//3646 3609//3609 3574//3574
f 3646//3646 3574//3574 3599//3599
f 3647//3647 3648//3648 3649//3649
f 3649//3649 3648//3648 3650//3650
f 3649//3649 3650//3650 3651//3651
f 3652//3652 3653//3653 3650//3650
f 3650//3650 3653//3653 3654//3654
f 3650//3650 3654//3654 3651//3651
f 3447//3447 3652//3652 3510//3510
f 3510//3510 3652//3652 3650//3650
f 3510//3510 3650//3650 3520//3520
f 3520//3520 3650//3650 3648//3648
f 3615//3615 3655//3655 3616//3616
f 3616//3616 3655//3655 3656//3656
f 3616//3616 3656//3656 3610//3610
f 3657//3657 3613//3613 3656//3656
f 3656//3656 3613//3613 3611//3611
f 3656//3656 3611//3611 3610//3610
f 3658//3658 3657//3657 3659//3659
f 3659//3659 3657//3657 3656//3656
f 3659//3659 3656//3656 3660//3660
f 3660//3660 3656//3656 3655//3655
f 3660//3660 3655//3655 3661//3661
f 3662//3662 3663//3663 3664//3664
f 3665//3665 3666//3666 3667//3667
f 3665//3665 3667//3667 3668//3668
f 3668//3668 3667//3667 3669//3669
f 3668//3668 3669//3669 3670//3670
f 3669//3669 3671//3671 3670//3670
f 3670//3670 3671//3671 3672//3672
f 3670//3670 3672//3672 3673//3673
f 3673//3673 3672//3672 3674//3674
f 3673//3673 3674//3674 3663//3663
f 3663//3663 3674//3674 3675//3675
f 3663//3663 3675//3675 3664//3664
f 3676//3676 3677//3677 3678//3678
f 3679//3679 3680//3680 3681//3681
f 3681//3681 3680//3680 3682//3682
f 3681//3681 3682//3682 3664//3664
f 3664//3664 3682//3682 3683//3683
f 3664//3664 3683//3683 3662//3662
f 3679//3679 3681//3681 3678//3678
f 3678//3678 3681//3681 3684//3684
f 3678//3678 3684//3684 3676//3676
f 3685//3685 3686//3686 3687//3687
f 3687//3687 3686//3686 3688//3688
f 3687//3687 3688//3688 3689//3689
f 3689//3689 3688//3688 3690//3690
f 3689//3689 3690//3690 3691//3691
f 3691//3691 3690//3690 3692//3692
f 3691//3691 3692//3692 3693//3693
f 3693//3693 3692//3692 3694//3694
f 3693//3693 3694//3694 3695//3695
f 3695//3695 3694//3694 3696//3696
f 3695//3695 3696//3696 3697//3697
f 3697//3697 3696//3696 3698//3698
f 3697//3697 3698//3698 3699//3699
f 3699//3699 3698//3698 3700//3700
f 3699//3699 3700//3700 3701//3701
f 3701//3701 3700//3700 3702//3702
f 3701//3701 3702//3702 3703//3703
f 3703//3703 3702//3702 3704//3704
f 3703//3703 3704//3704 3705//3705
f 3705//3705 3704//3704 3706//3706
f 3705//3705 3706//3706 3707//3707
f 3707//3707 3706//3706 3708//3708
f 3707//3707 3708//3708 3685//3685
f 3685//3685 3708//3708 3686//3686
f 3709//3709 3710//3710 3711//3711
f 3709//3709 3711//3711 3712//3712
f 3713//3713 3714//3714 3715//3715
f 3715//3715 3714//3714 3712//3712
f 3712//3712 3711//3711 3715//3715
f 3715//3715 3711//3711 3716//3716
f 3715//3715 3716//3716 3717//3717
f 3718//3718 3713//3713 3719//3719
f 3719//3719 3713//3713 3715//3715
f 3719//3719 3715//3715 3720//3720
f 3720//3720 3715//3715 3717//3717
f 3721//3721 3722//3722 3723//3723
f 3724//3724 3725//3725 3726//3726
f 3727//3727 3724//3724 3728//3728
f 3724//3724 3726//3726 3728//3728
f 3728//3728 3726//3726 3729//3729
f 3728//3728 3729//3729 3730//3730
f 3730//3730 3729//3729 3731//3731
f 3730//3730 3731//3731 3732//3732
f 3732//3732 3731//3731 3733//3733
f 3732//3732 3733//3733 3734//3734
f 3733//3733 3735//3735 3734//3734
f 3734//3734 3735//3735 3736//3736
f 3734//3734 3736//3736 3737//3737
f 3737//3737 3736//3736 3738//3738
f 3737//3737 3738//3738 3739//3739
f 3739//3739 3738//3738 3740//3740
f 3739//3739 3740//3740 3741//3741
f 3741//3741 3740//3740 3742//3742
f 3741//3741 3742//3742 3723//3723
f 3723//3723 3742//3742 3743//3743
f 3723//3723 3743//3743 3721//3721
f 3722//3722 3744//3744 3723//3723
f 3723//3723 3744//3744 3745//3745
f 3723//3723 3745//3745 3741//3741
f 3741//3741 3745//3745 3746//3746
f 3741//3741 3746//3746 3739//3739
f 3739//3739 3746//3746 3747//3747
f 3739//3739 3747//3747 3737//3737
f 3737//3737 3747//3747 3748//3748
f 3737//3737 3748//3748 3734//3734
f 3734//3734 3748//3748 3749//3749
f 3734//3734 3749//3749 3732//3732
f 3732//3732 3749//3749 3750//3750
f 3732//3732 3750//3750 3730//3730
f 3730//3730 3750//3750 3751//3751
f 3730//3730 3751//3751 3728//3728
f 3728//3728 3751//3751 3752//3752
f 3728//3728 3752//3752 3727//3727
f 3727//3727 3752//3752 3753//3753
f 3721//3721 3718//3718 3722//3722
f 3722//3722 3718//3718 3719//3719
f 3722//3722 3719//3719 3744//3744
f 3744//3744 3719//3719 3720//3720
f 3744//3744 3720//3720 3717//3717
f 3753//3753 3752//3752 3754//3754
f 3754//3754 3752//3752 3751//3751
f 3754//3754 3751//3751 3755//3755
f 3755//3755 3751//3751 3750//3750
f 3755//3755 3750//3750 3756//3756
f 3756//3756 3750//3750 3749//3749
f 3756//3756 3749//3749 3757//3757
f 3757//3757 3749//3749 3748//3748
f 3757//3757 3748//3748 3758//3758
f 3758//3758 3748//3748 3747//3747
f 3758//3758 3747//3747 3759//3759
f 3759//3759 3747//3747 3746//3746
f 3759//3759 3746//3746 3760//3760
f 3760//3760 3746//3746 3745//3745
f 3760//3760 3745//3745 3761//3761
f 3761//3761 3745//3745 3744//3744
f 3761//3761 3744//3744 3762//3762
f 3762//3762 3744//3744 3717//3717
f 3762//3762 3717//3717 3716//3716
f 3724//3724 3727//3727 3763//3763
f 3764//3764 3765//3765 3766//3766
f 3767//3767 3768//3768 3769//3769
f 3770//3770 3771//3771 3772//3772
f 3772//3772 3771//3771 3773//3773
f 3772//3772 3773//3773 3774//3774
f 3774//3774 3773//3773 3766//3766
f 3774//3774 3766//3766 3775//3775
f 3775//3775 3766//3766 3765//3765
f 3775//3775 3765//3765 3776//3776
f 3777//3777 3778//3778 3770//3770
f 3770//3770 3778//3778 3779//3779
f 3770//3770 3779//3779 3771//3771
f 3777//3777 3780//3780 3778//3778
f 3778//3778 3780//3780 3781//3781
f 3778//3778 3781//3781 3782//3782
f 3782//3782 3781//3781 3783//3783
f 3782//3782 3783//3783 3784//3784
f 3784//3784 3783//3783 3785//3785
f 3784//3784 3785//3785 3786//3786
f 3786//3786 3785//3785 3725//3725
f 3725//3725 3724//3724 3786//3786
f 3786//3786 3724//3724 3763//3763
f 3786//3786 3763//3763 3784//3784
f 3784//3784 3763//3763 3787//3787
f 3784//3784 3787//3787 3782//3782
f 3782//3782 3787//3787 3788//3788
f 3782//3782 3788//3788 3778//3778
f 3778//3778 3788//3788 3789//3789
f 3778//3778 3789//3789 3779//3779
f 3779//3779 3789//3789 3790//3790
f 3779//3779 3790//3790 3771//3771
f 3771//3771 3790//3790 3791//3791
f 3771//3771 3791//3791 3773//3773
f 3773//3773 3791//3791 3792//3792
f 3773//3773 3792//3792 3766//3766
f 3766//3766 3792//3792 3769//3769
f 3766//3766 3769//3769 3764//3764
f 3764//3764 3769//3769 3768//3768
f 3767//3767 3769//3769 3793//3793
f 3793//3793 3769//3769 3792//3792
f 3793//3793 3792//3792 3794//3794
f 3794//3794 3792//3792 3791//3791
f 3794//3794 3791//3791 3795//3795
f 3795//3795 3791//3791 3790//3790
f 3795//3795 3790//3790 3796//3796
f 3796//3796 3790//3790 3789//3789
f 3796//3796 3789//3789 3797//3797
f 3797//3797 3789//3789 3788//3788
f 3797//3797 3788//3788 3798//3798
f 3798//3798 3788//3788 3787//3787
f 3798//3798 3787//3787 3799//3799
f 3799//3799 3787//3787 3763//3763
f 3799//3799 3763//3763 3800//3800
f 3800//3800 3763//3763 3727//3727
f 3800//3800 3727//3727 3753//3753
f 3768//3768 3767//3767 3801//3801
f 3802//3802 3764//3764 3768//3768
f 3803//3803 3776//3776 3802//3802
f 3802//3802 3776//3776 3765//3765
f 3802//3802 3765//3765 3764//3764
f 3768//3768 3801//3801 3802//3802
f 3802//3802 3801//3801 3804//3804
f 3802//3802 3804//3804 3805//3805
f 3806//3806 3803//3803 3807//3807
f 3807//3807 3803//3803 3802//3802
f 3807//3807 3802//3802 3808//3808
f 3808//3808 3802//3802 3805//3805
f 3809//3809 3810//3810 3811//3811
f 3812//3812 3813//3813 3814//3814
f 3814//3814 3813//3813 3809//3809
f 3814//3814 3809//3809 3815//3815
f 3815//3815 3809//3809 3811//3811
f 3666//3666 3810//3810 3816//3816
f 3816//3816 3810//3810 3809//3809
f 3816//3816 3809//3809 3817//3817
f 3817//3817 3809//3809 3813//3813
f 3818//3818 3677//3677 3676//3676
f 3819//3819 3818//3818 3820//3820
f 3818//3818 3676//3676 3820//3820
f 3820//3820 3676//3676 3684//3684
f 3820//3820 3684//3684 3821//3821
f 3821//3821 3684//3684 3681//3681
f 3821//3821 3681//3681 3822//3822
f 3822//3822 3681//3681 3664//3664
f 3822//3822 3664//3664 3823//3823
f 3823//3823 3664//3664 3675//3675
f 3823//3823 3675//3675 3824//3824
f 3824//3824 3675//3675 3674//3674
f 3824//3824 3674//3674 3825//3825
f 3826//3826 3819//3819 3827//3827
f 3827//3827 3819//3819 3820//3820
f 3827//3827 3820//3820 3828//3828
f 3828//3828 3820//3820 3821//3821
f 3828//3828 3821//3821 3829//3829
f 3829//3829 3821//3821 3822//3822
f 3829//3829 3822//3822 3830//3830
f 3830//3830 3822//3822 3823//3823
f 3830//3830 3823//3823 3831//3831
f 3831//3831 3823//3823 3824//3824
f 3831//3831 3824//3824 3832//3832
f 3832//3832 3824//3824 3825//3825
f 3832//3832 3825//3825 3833//3833
f 3833//3833 3825//3825 3834//3834
f 3833//3833 3834//3834 3835//3835
f 3835//3835 3834//3834 3836//3836
f 3835//3835 3836//3836 3837//3837
f 3837//3837 3836//3836 3838//3838
f 3837//3837 3838//3838 3816//3816
f 3674//3674 3672//3672 3825//3825
f 3825//3825 3672//3672 3671//3671
f 3825//3825 3671//3671 3834//3834
f 3834//3834 3671//3671 3669//3669
f 3834//3834 3669//3669 3836//3836
f 3836//3836 3669//3669 3667//3667
f 3836//3836 3667//3667 3838//3838
f 3838//3838 3667//3667 3666//3666
f 3838//3838 3666//3666 3816//3816
f 3826//3826 3827//3827 3839//3839
f 3839//3839 3827//3827 3828//3828
f 3839//3839 3828//3828 3840//3840
f 3840//3840 3828//3828 3829//3829
f 3840//3840 3829//3829 3841//3841
f 3841//3841 3829//3829 3830//3830
f 3841//3841 3830//3830 3842//3842
f 3842//3842 3830//3830 3831//3831
f 3842//3842 3831//3831 3843//3843
f 3843//3843 3831//3831 3832//3832
f 3843//3843 3832//3832 3844//3844
f 3844//3844 3832//3832 3833//3833
f 3844//3844 3833//3833 3845//3845
f 3845//3845 3833//3833 3835//3835
f 3845//3845 3835//3835 3846//3846
f 3846//3846 3835//3835 3837//3837
f 3846//3846 3837//3837 3847//3847
f 3847//3847 3837//3837 3816//3816
f 3847//3847 3816//3816 3817//3817
f 3818//3818 3819//3819 3848//3848
f 3849//3849 3850//3850 3851//3851
f 3852//3852 3849//3849 3853//3853
f 3849//3849 3851//3851 3853//3853
f 3853//3853 3851//3851 3854//3854
f 3853//3853 3854//3854 3855//3855
f 3855//3855 3854//3854 3856//3856
f 3855//3855 3856//3856 3857//3857
f 3857//3857 3856//3856 3858//3858
f 3857//3857 3858//3858 3859//3859
f 3859//3859 3858//3858 3860//3860
f 3859//3859 3860//3860 3861//3861
f 3861//3861 3860//3860 3862//3862
f 3861//3861 3862//3862 3863//3863
f 3863//3863 3862//3862 3864//3864
f 3863//3863 3864//3864 3865//3865
f 3864//3864 3866//3866 3865//3865
f 3865//3865 3866//3866 3867//3867
f 3865//3865 3867//3867 3868//3868
f 3868//3868 3867//3867 3677//3677
f 3677//3677 3818//3818 3868//3868
f 3868//3868 3818//3818 3848//3848
f 3868//3868 3848//3848 3865//3865
f 3865//3865 3848//3848 3869//3869
f 3865//3865 3869//3869 3863//3863
f 3863//3863 3869//3869 3870//3870
f 3863//3863 3870//3870 3861//3861
f 3861//3861 3870//3870 3871//3871
f 3861//3861 3871//3871 3859//3859
f 3859//3859 3871//3871 3872//3872
f 3859//3859 3872//3872 3857//3857
f 3857//3857 3872//3872 3873//3873
f 3857//3857 3873//3873 3855//3855
f 3855//3855 3873//3873 3874//3874
f 3855//3855 3874//3874 3853//3853
f 3853//3853 3874//3874 3875//3875
f 3853//3853 3875//3875 3852//3852
f 3852//3852 3875//3875 3876//3876
f 3876//3876 3875//3875 3877//3877
f 3877//3877 3875//3875 3874//3874
f 3877//3877 3874//3874 3878//3878
f 3878//3878 3874//3874 3873//3873
f 3878//3878 3873//3873 3879//3879
f 3879//3879 3873//3873 3872//3872
f 3879//3879 3872//3872 3880//3880
f 3880//3880 3872//3872 3871//3871
f 3880//3880 3871//3871 3881//3881
f 3881//3881 3871//3871 3870//3870
f 3881//3881 3870//3870 3882//3882
f 3882//3882 3870//3870 3869//3869
f 3882//3882 3869//3869 3883//3883
f 3883//3883 3869//3869 3848//3848
f 3883//3883 3848//3848 3884//3884
f 3884//3884 3848//3848 3819//3819
f 3884//3884 3819//3819 3826//3826
f 3677//3677 3867//3867 3885//3885
f 3885//3885 3886//3886 3677//3677
f 3677//3677 3886//3886 3887//3887
f 3677//3677 3887//3887 3678//3678
f 3867//3867 3866//3866 3885//3885
f 3885//3885 3866//3866 3864//3864
f 3885//3885 3864//3864 3888//3888
f 3888//3888 3864//3864 3889//3889
f 3889//3889 3864//3864 3862//3862
f 3889//3889 3862//3862 3860//3860
f 3854//3854 3890//3890 3856//3856
f 3856//3856 3890//3890 3889//3889
f 3856//3856 3889//3889 3858//3858
f 3858//3858 3889//3889 3860//3860
f 3891//3891 3892//3892 3850//3850
f 3850//3850 3892//3892 3893//3893
f 3850//3850 3893//3893 3851//3851
f 3851//3851 3893//3893 3894//3894
f 3851//3851 3894//3894 3854//3854
f 3854//3854 3894//3894 3895//3895
f 3854//3854 3895//3895 3890//3890
f 3852//3852 3876//3876 3896//3896
f 3897//3897 3850//3850 3898//3898
f 3898//3898 3850//3850 3849//3849
f 3898//3898 3849//3849 3852//3852
f 3852//3852 3896//3896 3898//3898
f 3898//3898 3896//3896 3899//3899
f 3898//3898 3899//3899 3900//3900
f 3901//3901 3897//3897 3902//3902
f 3902//3902 3897//3897 3898//3898
f 3902//3902 3898//3898 3903//3903
f 3903//3903 3898//3898 3900//3900
f 3904//3904 3905//3905 3906//3906
f 3906//3906 3905//3905 3907//3907
f 3906//3906 3907//3907 3908//3908
f 3908//3908 3907//3907 3909//3909
f 3908//3908 3909//3909 3910//3910
f 3910//3910 3909//3909 3911//3911
f 3910//3910 3911//3911 3912//3912
f 3912//3912 3911//3911 3913//3913
f 3912//3912 3913//3913 3914//3914
f 3914//3914 3913//3913 3915//3915
f 3914//3914 3915//3915 3916//3916
f 3916//3916 3915//3915 3917//3917
f 3916//3916 3917//3917 3918//3918
f 3918//3918 3917//3917 3919//3919
f 3918//3918 3919//3919 3920//3920
f 3920//3920 3919//3919 3921//3921
f 3920//3920 3921//3921 3922//3922
f 3922//3922 3921//3921 3923//3923
f 3922//3922 3923//3923 3924//3924
f 3924//3924 3923//3923 3925//3925
f 3924//3924 3925//3925 3926//3926
f 3926//3926 3925//3925 3927//3927
f 3926//3926 3927//3927 3904//3904
f 3904//3904 3927//3927 3905//3905
f 3928//3928 3929//3929 3930//3930
f 3930//3930 3929//3929 3931//3931
f 3930//3930 3931//3931 3932//3932
f 3933//3933 3934//3934 3931//3931
f 3931//3931 3934//3934 3935//3935
f 3931//3931 3935//3935 3932//3932
f 3891//3891 3933//3933 3936//3936
f 3936//3936 3933//3933 3931//3931
f 3936//3936 3931//3931 3937//3937
f 3937//3937 3931//3931 3929//3929
f 3938//3938 3678//3678 3887//3887
f 3939//3939 3938//3938 3940//3940
f 3938//3938 3887//3887 3940//3940
f 3940//3940 3887//3887 3886//3886
f 3940//3940 3886//3886 3941//3941
f 3941//3941 3886//3886 3885//3885
f 3941//3941 3885//3885 3942//3942
f 3942//3942 3885//3885 3888//3888
f 3942//3942 3888//3888 3943//3943
f 3943//3943 3888//3888 3889//3889
f 3943//3943 3889//3889 3944//3944
f 3944//3944 3889//3889 3890//3890
f 3944//3944 3890//3890 3945//3945
f 3945//3945 3890//3890 3895//3895
f 3945//3945 3895//3895 3946//3946
f 3946//3946 3895//3895 3894//3894
f 3946//3946 3894//3894 3947//3947
f 3948//3948 3939//3939 3949//3949
f 3949//3949 3939//3939 3940//3940
f 3949//3949 3940//3940 3950//3950
f 3950//3950 3940//3940 3941//3941
f 3950//3950 3941//3941 3951//3951
f 3951//3951 3941//3941 3942//3942
f 3951//3951 3942//3942 3952//3952
f 3952//3952 3942//3942 3943//3943
f 3952//3952 3943//3943 3953//3953
f 3953//3953 3943//3943 3944//3944
f 3953//3953 3944//3944 3954//3954
f 3954//3954 3944//3944 3945//3945
f 3954//3954 3945//3945 3955//3955
f 3955//3955 3945//3945 3946//3946
f 3955//3955 3946//3946 3956//3956
f 3956//3956 3946//3946 3947//3947
f 3956//3956 3947//3947 3957//3957
f 3957//3957 3947//3947 3958//3958
f 3957//3957 3958//3958 3936//3936
f 3894//3894 3893//3893 3947//3947
f 3947//3947 3893//3893 3892//3892
f 3947//3947 3892//3892 3958//3958
f 3958//3958 3892//3892 3891//3891
f 3958//3958 3891//3891 3936//3936
f 3948//3948 3949//3949 3959//3959
f 3959//3959 3949//3949 3950//3950
f 3959//3959 3950//3950 3960//3960
f 3960//3960 3950//3950 3951//3951
f 3960//3960 3951//3951 3961//3961
f 3961//3961 3951//3951 3952//3952
f 3961//3961 3952//3952 3962//3962
f 3962//3962 3952//3952 3953//3953
f 3962//3962 3953//3953 3963//3963
f 3963//3963 3953//3953 3954//3954
f 3963//3963 3954//3954 3964//3964
f 3964//3964 3954//3954 3955//3955
f 3964//3964 3955//3955 3965//3965
f 3965//3965 3955//3955 3956//3956
f 3965//3965 3956//3956 3966//3966
f 3966//3966 3956//3956 3957//3957
f 3966//3966 3957//3957 3967//3967
f 3967//3967 3957//3957 3936//3936
f 3967//3967 3936//3936 3937//3937
f 3938//3938 3939//3939 3968//3968
f 3969//3969 3665//3665 3668//3668
f 3970//3970 3969//3969 3971//3971
f 3969//3969 3668//3668 3971//3971
f 3971//3971 3668//3668 3670//3670
f 3971//3971 3670//3670 3972//3972
f 3972//3972 3670//3670 3673//3673
f 3972//3972 3673//3673 3973//3973
f 3973//3973 3673//3673 3663//3663
f 3973//3973 3663//3663 3974//3974
f 3974//3974 3663//3663 3662//3662
f 3974//3974 3662//3662 3975//3975
f 3975//3975 3662//3662 3683//3683
f 3975//3975 3683//3683 3976//3976
f 3976//3976 3683//3683 3682//3682
f 3976//3976 3682//3682 3977//3977
f 3682//3682 3680//3680 3977//3977
f 3977//3977 3680//3680 3679//3679
f 3977//3977 3679//3679 3978//3978
f 3978//3978 3679//3679 3678//3678
f 3678//3678 3938//3938 3978//3978
f 3978//3978 3938//3938 3968//3968
f 3978//3978 3968//3968 3977//3977
f 3977//3977 3968//3968 3979//3979
f 3977//3977 3979//3979 3976//3976
f 3976//3976 3979//3979 3980//3980
f 3976//3976 3980//3980 3975//3975
f 3975//3975 3980//3980 3981//3981
f 3975//3975 3981//3981 3974//3974
f 3974//3974 3981//3981 3982//3982
f 3974//3974 3982//3982 3973//3973
f 3973//3973 3982//3982 3983//3983
f 3973//3973 3983//3983 3972//3972
f 3972//3972 3983//3983 3984//3984
f 3972//3972 3984//3984 3971//3971
f 3971//3971 3984//3984 3985//3985
f 3971//3971 3985//3985 3970//3970
f 3970//3970 3985//3985 3986//3986
f 3986//3986 3985//3985 3987//3987
f 3987//3987 3985//3985 3984//3984
f 3987//3987 3984//3984 3988//3988
f 3988//3988 3984//3984 3983//3983
f 3988//3988 3983//3983 3989//3989
f 3989//3989 3983//3983 3982//3982
f 3989//3989 3982//3982 3990//3990
f 3990//3990 3982//3982 3981//3981
f 3990//3990 3981//3981 3991//3991
f 3991//3991 3981//3981 3980//3980
f 3991//3991 3980//3980 3992//3992
f 3992//3992 3980//3980 3979//3979
f 3992//3992 3979//3979 3993//3993
f 3993//3993 3979//3979 3968//3968
f 3993//3993 3968//3968 3994//3994
f 3994//3994 3968//3968 3939//3939
f 3994//3994 3939//3939 3948//3948
f 3995//3995 3996//3996 3665//3665
f 3986//3986 3997//3997 3970//3970
f 3970//3970 3997//3997 3995//3995
f 3970//3970 3995//3995 3969//3969
f 3969//3969 3995//3995 3665//3665
f 3997//3997 3998//3998 3995//3995
f 3995//3995 3998//3998 3999//3999
f 3995//3995 3999//3999 3996//3996
f 3996//3996 3999//3999 4000//4000
f 3996//3996 4000//4000 4001//4001
f 4002//4002 4003//4003 4004//4004
f 4004//4004 4003//4003 4005//4005
f 4004//4004 4005//4005 4006//4006
f 4007//4007 4008//4008 4005//4005
f 4005//4005 4008//4008 4009//4009
f 4005//4005 4009//4009 4006//4006
f 4010//4010 4007//4007 4011//4011
f 4011//4011 4007//4007 4005//4005
f 4011//4011 4005//4005 4012//4012
f 4012//4012 4005//4005 4003//4003
f 4013//4013 4014//4014 4015//4015
f 4016//4016 4013//4013 4017//4017
f 4013//4013 4015//4015 4017//4017
f 4017//4017 4015//4015 4018//4018
f 4017//4017 4018//4018 4019//4019
f 4019//4019 4018//4018 4020//4020
f 4019//4019 4020//4020 4021//4021
f 4021//4021 4020//4020 4022//4022
f 4021//4021 4022//4022 4023//4023
f 4023//4023 4022//4022 4024//4024
f 4023//4023 4024//4024 4025//4025
f 4025//4025 4024//4024 4026//4026
f 4025//4025 4026//4026 4027//4027
f 4028//4028 4016//4016 4029//4029
f 4029//4029 4016//4016 4017//4017
f 4029//4029 4017//4017 4030//4030
f 4030//4030 4017//4017 4019//4019
f 4030//4030 4019//4019 4031//4031
f 4031//4031 4019//4019 4021//4021
f 4031//4031 4021//4021 4032//4032
f 4032//4032 4021//4021 4023//4023
f 4032//4032 4023//4023 4033//4033
f 4033//4033 4023//4023 4025//4025
f 4033//4033 4025//4025 4034//4034
f 4034//4034 4025//4025 4027//4027
f 4034//4034 4027//4027 4035//4035
f 4035//4035 4027//4027 4036//4036
f 4035//4035 4036//4036 4037//4037
f 4037//4037 4036//4036 4038//4038
f 4037//4037 4038//4038 4039//4039
f 4039//4039 4038//4038 4040//4040
f 4039//4039 4040//4040 4011//4011
f 4026//4026 4041//4041 4027//4027
f 4027//4027 4041//4041 4042//4042
f 4027//4027 4042//4042 4036//4036
f 4036//4036 4042//4042 4043//4043
f 4036//4036 4043//4043 4038//4038
f 4038//4038 4043//4043 4044//4044
f 4038//4038 4044//4044 4040//4040
f 4040//4040 4044//4044 4010//4010
f 4040//4040 4010//4010 4011//4011
f 4028//4028 4029//4029 4045//4045
f 4045//4045 4029//4029 4030//4030
f 4045//4045 4030//4030 4046//4046
f 4046//4046 4030//4030 4031//4031
f 4046//4046 4031//4031 4047//4047
f 4047//4047 4031//4031 4032//4032
f 4047//4047 4032//4032 4048//4048
f 4048//4048 4032//4032 4033//4033
f 4048//4048 4033//4033 4049//4049
f 4049//4049 4033//4033 4034//4034
f 4049//4049 4034//4034 4050//4050
f 4050//4050 4034//4034 4035//4035
f 4050//4050 4035//4035 4051//4051
f 4051//4051 4035//4035 4037//4037
f 4051//4051 4037//4037 4052//4052
f 4052//4052 4037//4037 4039//4039
f 4052//4052 4039//4039 4053//4053
f 4053//4053 4039//4039 4011//4011
f 4053//4053 4011//4011 4012//4012
f 4013//4013 4016//4016 4054//4054
f 4055//4055 4056//4056 4057//4057
f 4058//4058 4055//4055 4059//4059
f 4055//4055 4057//4057 4059//4059
f 4059//4059 4057//4057 4060//4060
f 4059//4059 4060//4060 4061//4061
f 4061//4061 4060//4060 4062//4062
f 4061//4061 4062//4062 4063//4063
f 4063//4063 4062//4062 4064//4064
f 4063//4063 4064//4064 4065//4065
f 4066//4066 4067//4067 4065//4065
f 4065//4065 4067//4067 4068//4068
f 4065//4065 4068//4068 4063//4063
f 4066//4066 4069//4069 4067//4067
f 4067//4067 4069//4069 4070//4070
f 4067//4067 4070//4070 4071//4071
f 4071//4071 4070//4070 4072//4072
f 4071//4071 4072//4072 4073//4073
f 4072//4072 4074//4074 4073//4073
f 4073//4073 4074//4074 4075//4075
f 4073//4073 4075//4075 4076//4076
f 4076//4076 4075//4075 4014//4014
f 4014//4014 4013//4013 4076//4076
f 4076//4076 4013//4013 4054//4054
f 4076//4076 4054//4054 4073//4073
f 4073//4073 4054//4054 4077//4077
f 4073//4073 4077//4077 4071//4071
f 4071//4071 4077//4077 4078//4078
f 4071//4071 4078//4078 4067//4067
f 4067//4067 4078//4078 4079//4079
f 4067//4067 4079//4079 4068//4068
f 4068//4068 4079//4079 4080//4080
f 4068//4068 4080//4080 4063//4063
f 4063//4063 4080//4080 4081//4081
f 4063//4063 4081//4081 4061//4061
f 4061//4061 4081//4081 4082//4082
f 4061//4061 4082//4082 4059//4059
f 4059//4059 4082//4082 4083//4083
f 4059//4059 4083//4083 4058//4058
f 4058//4058 4083//4083 4084//4084
f 4084//4084 4083//4083 4085//4085
f 4085//4085 4083//4083 4082//4082
f 4085//4085 4082//4082 4086//4086
f 4086//4086 4082//4082 4081//4081
f 4086//4086 4081//4081 4087//4087
f 4087//4087 4081//4081 4080//4080
f 4087//4087 4080//4080 4088//4088
f 4088//4088 4080//4080 4079//4079
f 4088//4088 4079//4079 4089//4089
f 4089//4089 4079//4079 4078//4078
f 4089//4089 4078//4078 4090//4090
f 4090//4090 4078//4078 4077//4077
f 4090//4090 4077//4077 4091//4091
f 4091//4091 4077//4077 4054//4054
f 4091//4091 4054//4054 4092//4092
f 4092//4092 4054//4054 4016//4016
f 4092//4092 4016//4016 4028//4028
f 4093//4093 4094//4094 4056//4056
f 4084//4084 4095//4095 4058//4058
f 4058//4058 4095//4095 4093//4093
f 4058//4058 4093//4093 4055//4055
f 4055//4055 4093//4093 4056//4056
f 4096//4096 4094//4094 4097//4097
f 4097//4097 4094//4094 4093//4093
f 4097//4097 4093//4093 4098//4098
f 4098//4098 4093//4093 4095//4095
f 4098//4098 4095//4095 4099//4099
f 4100//4100 3701//3701 4101//4101
f 4101//4101 3701//3701 3703//3703
f 4101//4101 3703//3703 4102//4102
f 4102//4102 3703//3703 3705//3705
f 4102//4102 3705//3705 4103//4103
f 4103//4103 3705//3705 3707//3707
f 4103//4103 3707//3707 4104//4104
f 4104//4104 3707//3707 3685//3685
f 4104//4104 3685//3685 4105//4105
f 4105//4105 3685//3685 3687//3687
f 4105//4105 3687//3687 4106//4106
f 4106//4106 3687//3687 3689//3689
f 4106//4106 3689//3689 4107//4107
f 4107//4107 3689//3689 3691//3691
f 4107//4107 3691//3691 4108//4108
f 4108//4108 3691//3691 3693//3693
f 4108//4108 3693//3693 4109//4109
f 4109//4109 3693//3693 3695//3695
f 4109//4109 3695//3695 4110//4110
f 4110//4110 3695//3695 3697//3697
f 4110//4110 3697//3697 4111//4111
f 4111//4111 3697//3697 3699//3699
f 4111//4111 3699//3699 4100//4100
f 4100//4100 3699//3699 3701//3701
f 4112//4112 3920//3920 4113//4113
f 4113//4113 3920//3920 3922//3922
f 4113//4113 3922//3922 4114//4114
f 4114//4114 3922//3922 3924//3924
f 4114//4114 3924//3924 4115//4115
f 4115//4115 3924//3924 3926//3926
f 4115//4115 3926//3926 4116//4116
f 4116//4116 3926//3926 3904//3904
f 4116//4116 3904//3904 4117//4117
f 4117//4117 3904//3904 3906//3906
f 4117//4117 3906//3906 4118//4118
f 4118//4118 3906//3906 3908//3908
f 4118//4118 3908//3908 4119//4119
f 4119//4119 3908//3908 3910//3910
f 4119//4119 3910//3910 4120//4120
f 4120//4120 3910//3910 3912//3912
f 4120//4120 3912//3912 4121//4121
f 4121//4121 3912//3912 3914//3914
f 4121//4121 3914//3914 4122//4122
f 4122//4122 3914//3914 3916//3916
f 4122//4122 3916//3916 4123//4123
f 4123//4123 3916//3916 3918//3918
f 4123//4123 3918//3918 4112//4112
f 4112//4112 3918//3918 3920//3920
f 4124//4124 3265//3265 4125//4125
f 4125//4125 3265//3265 3267//3267
f 4125//4125 3267//3267 4126//4126
f 4126//4126 3267//3267 3269//3269
f 4126//4126 3269//3269 4127//4127
f 4127//4127 3269//3269 3271//3271
f 4127//4127 3271//3271 4128//4128
f 4128//4128 3271//3271 3249//3249
f 4128//4128 3249//3249 4129//4129
f 4129//4129 3249//3249 3251//3251
f 4129//4129 3251//3251 4130//4130
f 4130//4130 3251//3251 3253//3253
f 4130//4130 3253//3253 4131//4131
f 4131//4131 3253//3253 3255//3255
f 4131//4131 3255//3255 4132//4132
f 4132//4132 3255//3255 3257//3257
f 4132//4132 3257//3257 4133//4133
f 4133//4133 3257//3257 3259//3259
f 4133//4133 3259//3259 4134//4134
f 4134//4134 3259//3259 3261//3261
f 4134//4134 3261//3261 4135//4135
f 4135//4135 3261//3261 3263//3263
f 4135//4135 3263//3263 4124//4124
f 4124//4124 3263//3263 3265//3265
f 4136//4136 3481//3481 4137//4137
f 4137//4137 3481//3481 3483//3483
f 4137//4137 3483//3483 4138//4138
f 4138//4138 3483//3483 3485//3485
f 4138//4138 3485//3485 4139//4139
f 4139//4139 3485//3485 3487//3487
f 4139//4139 3487//3487 4140//4140
f 4140//4140 3487//3487 3465//3465
f 4140//4140 3465//3465 4141//4141
f 4141//4141 3465//3465 3467//3467
f 4141//4141 3467//3467 4142//4142
f 4142//4142 3467//3467 3469//3469
f 4142//4142 3469//3469 4143//4143
f 4143//4143 3469//3469 3471//3471
f 4143//4143 3471//3471 4144//4144
f 4144//4144 3471//3471 3473//3473
f 4144//4144 3473//3473 4145//4145
f 4145//4145 3473//3473 3475//3475
f 4145//4145 3475//3475 4146//4146
f 4146//4146 3475//3475 3477//3477
f 4146//4146 3477//3477 4147//4147
f 4147//4147 3477//3477 3479//3479
f 4147//4147 3479//3479 4136//4136
f 4136//4136 3479//3479 3481//3481
f 3614//3614 3613//3613 4148//4148
f 3614//3614 4148//4148 3618//3618
f 4148//4148 4149//4149 3618//3618
f 3618//3618 4149//4149 4150//4150
f 3618//3618 4150//4150 3620//3620
f 3620//3620 4150//4150 3622//3622
f 3628//3628 3626//3626 4151//4151
f 4150//4150 4152//4152 3622//3622
f 3622//3622 4152//4152 4151//4151
f 3622//3622 4151//4151 3624//3624
f 3624//3624 4151//4151 3626//3626
f 4153//4153 3572//3572 4154//4154
f 4154//4154 3572//3572 3631//3631
f 4154//4154 3631//3631 4155//4155
f 4155//4155 3631//3631 4156//4156
f 4151//4151 4157//4157 3628//3628
f 3628//3628 4157//4157 4156//4156
f 3628//3628 4156//4156 3630//3630
f 3630//3630 4156//4156 3631//3631
f 4158//4158 4159//4159 3588//3588
f 3588//3588 4159//4159 4160//4160
f 3588//3588 4160//4160 3589//3589
f 3589//3589 4160//4160 4161//4161
f 3589//3589 4161//4161 3568//3568
f 3568//3568 4161//4161 3565//3565
f 3588//3588 3586//3586 4158//4158
f 4158//4158 3586//3586 3584//3584
f 4158//4158 3584//3584 4162//4162
f 4162//4162 3584//3584 3582//3582
f 3578//3578 4163//4163 3580//3580
f 3580//3580 4163//4163 4164//4164
f 3580//3580 4164//4164 3582//3582
f 3582//3582 4164//4164 4165//4165
f 3582//3582 4165//4165 4162//4162
f 3578//3578 3576//3576 4163//4163
f 4163//4163 3576//3576 3573//3573
f 4163//4163 3573//3573 4166//4166
f 4166//4166 3573//3573 3572//3572
f 4166//4166 3572//3572 4153//4153
f 4167//4167 3561//3561 3560//3560
f 3565//3565 4161//4161 3560//3560
f 3560//3560 4161//4161 4168//4168
f 3560//3560 4168//4168 4167//4167
f 4169//4169 3562//3562 3561//3561
f 4170//4170 3555//3555 3559//3559
f 3556//3556 3555//3555 4171//4171
f 4171//4171 3555//3555 4170//4170
f 4171//4171 4170//4170 4172//4172
f 3561//3561 4173//4173 4169//4169
f 4169//4169 4173//4173 4174//4174
f 4169//4169 4174//4174 4175//4175
f 4174//4174 4176//4176 4175//4175
f 4175//4175 4176//4176 4177//4177
f 4175//4175 4177//4177 4178//4178
f 4179//4179 4180//4180 4181//4181
f 4181//4181 4180//4180 4182//4182
f 4181//4181 4182//4182 4183//4183
f 4183//4183 4182//4182 4184//4184
f 4183//4183 4184//4184 4172//4172
f 4172//4172 4184//4184 4185//4185
f 4172//4172 4185//4185 4171//4171
f 4179//4179 4181//4181 4186//4186
f 4186//4186 4181//4181 4183//4183
f 4186//4186 4183//4183 4178//4178
f 4178//4178 4183//4183 4172//4172
f 4178//4178 4172//4172 4175//4175
f 4175//4175 4172//4172 4170//4170
f 4175//4175 4170//4170 4169//4169
f 4169//4169 4170//4170 3559//3559
f 4169//4169 3559//3559 3562//3562
f 4177//4177 4187//4187 4178//4178
f 4178//4178 4187//4187 4188//4188
f 4178//4178 4188//4188 4186//4186
f 4186//4186 4188//4188 4179//4179
f 3552//3552 3551//3551 4189//4189
f 4190//4190 3553//3553 3552//3552
f 3554//3554 3553//3553 4191//4191
f 4191//4191 3553//3553 4190//4190
f 4191//4191 4190//4190 4192//4192
f 4192//4192 4190//4190 4193//4193
f 4192//4192 4193//4193 4194//4194
f 4194//4194 4193//4193 4195//4195
f 3552//3552 4189//4189 4190//4190
f 4190//4190 4189//4189 4196//4196
f 4190//4190 4196//4196 4193//4193
f 4193//4193 4196//4196 4197//4197
f 4193//4193 4197//4197 4195//4195
f 4195//4195 4197//4197 4198//4198
f 4195//4195 4198//4198 4199//4199
f 4200//4200 4201//4201 4195//4195
f 4195//4195 4201//4201 4202//4202
f 4195//4195 4202//4202 4194//4194
f 4199//4199 4203//4203 4195//4195
f 4195//4195 4203//4203 4200//4200
f 4204//4204 3365//3365 3364//3364
f 3242//3242 3244//3244 3364//3364
f 3364//3364 3244//3244 3549//3549
f 3554//3554 4205//4205 3549//3549
f 3549//3549 4205//4205 4206//4206
f 3549//3549 4206//4206 3364//3364
f 3364//3364 4206//4206 4207//4207
f 3364//3364 4207//4207 4204//4204
f 3368//3368 3369//3369 4208//4208
f 4208//4208 3369//3369 3365//3365
f 3366//3366 3368//3368 4209//4209
f 4209//4209 3368//3368 4208//4208
f 4209//4209 4208//4208 4210//4210
f 4210//4210 4208//4208 4211//4211
f 3365//3365 4212//4212 4208//4208
f 4208//4208 4212//4212 4213//4213
f 4208//4208 4213//4213 4211//4211
f 4214//4214 4215//4215 4211//4211
f 4211//4211 4215//4215 4216//4216
f 4211//4211 4216//4216 4210//4210
f 4217//4217 4218//4218 4214//4214
f 4214//4214 4218//4218 4219//4219
f 4214//4214 4219//4219 4215//4215
f 4213//4213 4220//4220 4211//4211
f 4211//4211 4220//4220 4221//4221
f 4211//4211 4221//4221 4214//4214
f 4214//4214 4221//4221 4222//4222
f 4214//4214 4222//4222 4217//4217
f 4223//4223 4224//4224 4225//4225
f 4226//4226 4227//4227 4228//4228
f 4229//4229 4230//4230 4226//4226
f 4227//4227 3359//3359 3358//3358
f 3359//3359 4227//4227 3362//3362
f 3362//3362 4227//4227 4226//4226
f 3362//3362 4226//4226 3361//3361
f 3361//3361 4226//4226 4230//4230
f 3361//3361 4230//4230 3360//3360
f 4231//4231 4232//4232 4229//4229
f 3358//3358 4233//4233 4227//4227
f 4227//4227 4233//4233 4234//4234
f 4227//4227 4234//4234 4228//4228
f 4228//4228 4234//4234 4235//4235
f 4228//4228 4235//4235 4236//4236
f 4225//4225 4237//4237 4231//4231
f 4231//4231 4237//4237 4238//4238
f 4231//4231 4238//4238 4232//4232
f 4224//4224 4239//4239 4237//4237
f 4237//4237 4239//4239 4240//4240
f 4237//4237 4240//4240 4238//4238
f 4225//4225 4224//4224 4237//4237
f 4229//4229 4226//4226 4231//4231
f 4231//4231 4226//4226 4228//4228
f 4231//4231 4228//4228 4225//4225
f 4225//4225 4228//4228 4236//4236
f 4225//4225 4236//4236 4223//4223
f 3360//3360 4241//4241 3356//3356
f 3356//3356 4241//4241 4242//4242
f 3356//3356 4242//4242 3328//3328
f 3328//3328 4242//4242 4243//4243
f 3328//3328 4243//4243 4244//4244
f 4245//4245 4246//4246 3274//3274
f 4245//4245 3274//3274 4247//4247
f 3335//3335 3333//3333 4248//4248
f 3274//3274 3337//3337 4247//4247
f 4247//4247 3337//3337 3335//3335
f 4247//4247 3335//3335 4249//4249
f 4249//4249 3335//3335 4248//4248
f 3329//3329 3322//3322 4250//4250
f 3333//3333 3332//3332 4248//4248
f 4248//4248 3332//3332 3329//3329
f 4248//4248 3329//3329 4251//4251
f 4251//4251 3329//3329 4250//4250
f 3322//3322 3324//3324 4250//4250
f 4250//4250 3324//3324 3326//3326
f 4250//4250 3326//3326 4244//4244
f 4244//4244 3326//3326 3327//3327
f 4244//4244 3327//3327 3328//3328
f 4252//4252 3282//3282 3280//3280
f 3280//3280 3278//3278 4252//4252
f 4252//4252 3278//3278 3275//3275
f 4252//4252 3275//3275 4253//4253
f 4253//4253 3275//3275 3274//3274
f 4253//4253 3274//3274 4246//4246
f 3291//3291 3289//3289 4254//4254
f 4254//4254 3289//3289 3287//3287
f 3287//3287 3285//3285 4254//4254
f 4254//4254 3285//3285 3284//3284
f 4254//4254 3284//3284 4255//4255
f 4255//4255 3284//3284 3282//3282
f 4255//4255 3282//3282 4256//4256
f 4256//4256 3282//3282 4252//4252
f 4254//4254 4257//4257 3291//3291
f 3291//3291 4257//4257 4258//4258
f 3291//3291 4258//4258 3305//3305
f 3305//3305 4258//4258 4259//4259
f 3305//3305 4259//4259 3306//3306
f 3306//3306 4259//4259 3307//3307
f 3440//3440 3439//3439 4260//4260
f 4260//4260 3439//3439 4261//4261
f 4261//4261 3439//3439 4262//4262
f 4262//4262 3439//3439 3307//3307
f 4262//4262 3307//3307 4259//4259
f 4263//4263 4264//4264 3457//3457
f 3457//3457 4264//4264 4265//4265
f 3457//3457 4265//4265 3460//3460
f 4266//4266 3254//3254 4267//4267
f 4267//4267 3254//3254 3252//3252
f 4267//4267 3252//3252 4268//4268
f 3457//3457 3430//3430 4263//4263
f 4263//4263 3430//3430 3254//3254
f 4263//4263 3254//3254 4269//4269
f 4269//4269 3254//3254 4266//4266
f 3250//3250 4270//4270 3252//3252
f 3252//3252 4270//4270 4271//4271
f 4271//4271 4272//4272 3252//3252
f 3252//3252 4272//4272 4273//4273
f 3252//3252 4273//4273 4268//4268
f 4274//4274 3443//3443 4275//4275
f 4275//4275 3443//3443 3445//3445
f 3250//3250 3317//3317 4270//4270
f 4270//4270 3317//3317 3443//3443
f 4270//4270 3443//3443 4276//4276
f 4276//4276 3443//3443 4274//4274
f 3272//3272 3309//3309 3310//3310
f 3310//3310 3311//3311 3272//3272
f 3272//3272 3311//3311 3312//3312
f 3272//3272 3312//3312 3313//3313
f 3313//3313 3314//3314 3272//3272
f 3272//3272 3314//3314 3315//3315
f 3272//3272 3315//3315 3250//3250
f 3250//3250 3315//3315 3316//3316
f 3250//3250 3316//3316 3317//3317
f 3351//3351 3352//3352 3268//3268
f 3351//3351 3268//3268 3350//3350
f 3352//3352 3353//3353 3268//3268
f 3268//3268 3353//3353 3354//3354
f 3268//3268 3354//3354 3270//3270
f 3270//3270 3354//3354 3293//3293
f 3270//3270 3293//3293 3272//3272
f 3272//3272 3293//3293 3308//3308
f 3272//3272 3308//3308 3309//3309
f 4277//4277 3358//3358 3355//3355
f 3355//3355 3346//3346 4277//4277
f 4277//4277 3346//3346 3266//3266
f 4277//4277 3266//3266 4278//4278
f 3346//3346 3347//3347 3266//3266
f 3266//3266 3347//3347 3348//3348
f 3266//3266 3348//3348 3268//3268
f 3268//3268 3348//3348 3349//3349
f 3268//3268 3349//3349 3350//3350
f 3264//3264 4279//4279 4280//4280
f 4280//4280 4281//4281 3264//3264
f 3264//3264 4281//4281 4282//4282
f 3264//3264 4282//4282 3266//3266
f 3266//3266 4282//4282 4283//4283
f 3266//3266 4283//4283 4278//4278
f 4279//4279 3264//3264 4284//4284
f 4284//4284 3264//3264 3262//3262
f 4284//4284 3262//3262 4285//4285
f 4285//4285 3262//3262 4286//4286
f 4286//4286 3262//3262 3371//3371
f 4286//4286 3371//3371 3367//3367
f 3367//3367 3366//3366 4287//4287
f 4287//4287 4288//4288 3367//3367
f 3367//3367 4288//4288 4289//4289
f 3367//3367 4289//4289 4286//4286
f 3260//3260 3394//3394 3395//3395
f 3395//3395 3396//3396 3260//3260
f 3260//3260 3396//3396 3397//3397
f 3260//3260 3397//3397 3398//3398
f 3398//3398 3399//3399 3260//3260
f 3260//3260 3399//3399 3400//3400
f 3260//3260 3400//3400 3262//3262
f 3262//3262 3400//3400 3401//3401
f 3262//3262 3401//3401 3371//3371
f 3435//3435 3436//3436 3256//3256
f 3435//3435 3256//3256 3434//3434
f 3430//3430 3431//3431 3254//3254
f 3254//3254 3431//3431 3432//3432
f 3254//3254 3432//3432 3256//3256
f 3256//3256 3432//3432 3433//3433
f 3256//3256 3433//3433 3434//3434
f 3436//3436 3437//3437 3256//3256
f 3256//3256 3437//3437 3438//3438
f 3256//3256 3438//3438 3258//3258
f 3258//3258 3438//3438 3382//3382
f 3258//3258 3382//3382 3260//3260
f 3260//3260 3382//3382 3393//3393
f 3260//3260 3393//3393 3394//3394
f 4290//4290 4291//4291 3440//3440
f 4290//4290 3440//3440 4292//4292
f 4293//4293 4294//4294 4295//4295
f 3445//3445 4296//4296 4297//4297
f 4297//4297 4296//4296 4298//4298
f 4297//4297 4298//4298 4299//4299
f 4299//4299 4298//4298 4295//4295
f 4299//4299 4295//4295 4300//4300
f 4300//4300 4295//4295 4294//4294
f 4300//4300 4294//4294 4301//4301
f 4296//4296 4291//4291 4298//4298
f 4298//4298 4291//4291 4290//4290
f 4298//4298 4290//4290 4295//4295
f 4295//4295 4290//4290 4292//4292
f 4295//4295 4292//4292 4293//4293
f 4293//4293 4292//4292 4302//4302
f 4302//4302 4292//4292 3440//3440
f 3445//3445 3444//3444 4296//4296
f 4296//4296 3444//3444 3442//3442
f 4296//4296 3442//3442 4291//4291
f 4291//4291 3442//3442 3440//3440
f 4303//4303 3653//3653 3652//3652
f 3447//3447 3404//3404 3652//3652
f 3652//3652 3404//3404 3458//3458
f 3462//3462 4304//4304 3458//3458
f 3458//3458 4304//4304 4305//4305
f 3458//3458 4305//4305 3652//3652
f 3652//3652 4305//4305 4306//4306
f 3652//3652 4306//4306 4303//4303
f 4307//4307 4308//4308 4309//4309
f 4307//4307 4309//4309 4310//4310
f 4311//4311 4312//4312 4308//4308
f 4313//4313 4314//4314 3460//3460
f 3460//3460 4314//4314 3461//3461
f 3461//3461 4314//4314 3464//3464
f 3464//3464 4314//4314 4315//4315
f 3464//3464 4315//4315 3463//3463
f 3463//3463 4315//4315 4316//4316
f 3463//3463 4316//4316 3462//3462
f 4313//4313 4311//4311 4314//4314
f 4314//4314 4311//4311 4308//4308
f 4314//4314 4308//4308 4315//4315
f 4315//4315 4308//4308 4307//4307
f 4315//4315 4307//4307 4316//4316
f 4316//4316 4307//4307 4310//4310
f 4312//4312 4317//4317 4308//4308
f 4308//4308 4317//4317 4309//4309
f 3470//3470 4318//4318 4319//4319
f 3615//3615 3470//3470 3655//3655
f 3655//3655 3470//3470 4319//4319
f 3655//3655 4319//4319 3661//3661
f 4320//4320 4321//4321 3468//3468
f 3468//3468 4321//4321 4322//4322
f 3468//3468 4322//4322 3470//3470
f 3470//3470 4322//4322 4323//4323
f 3470//3470 4323//4323 4318//4318
f 4324//4324 4325//4325 3466//3466
f 3466//3466 4325//4325 4326//4326
f 3466//3466 4326//4326 3468//3468
f 3468//3468 4326//4326 4327//4327
f 3468//3468 4327//4327 4320//4320
f 4324//4324 3466//3466 4328//4328
f 4328//4328 3466//3466 3520//3520
f 4328//4328 3520//3520 3648//3648
f 3648//3648 3647//3647 4329//4329
f 4329//4329 4330//4330 3648//3648
f 3648//3648 4330//4330 4331//4331
f 3648//3648 4331//4331 4328//4328
f 3488//3488 3512//3512 3513//3513
f 3513//3513 3514//3514 3488//3488
f 3488//3488 3514//3514 3515//3515
f 3488//3488 3515//3515 3516//3516
f 3516//3516 3517//3517 3488//3488
f 3488//3488 3517//3517 3518//3518
f 3488//3488 3518//3518 3466//3466
f 3466//3466 3518//3518 3519//3519
f 3466//3466 3519//3519 3520//3520
f 3544//3544 3545//3545 3484//3484
f 3544//3544 3484//3484 3543//3543
f 3545//3545 3546//3546 3484//3484
f 3484//3484 3546//3546 3547//3547
f 3484//3484 3547//3547 3486//3486
f 3486//3486 3547//3547 3497//3497
f 3486//3486 3497//3497 3488//3488
f 3488//3488 3497//3497 3511//3511
f 3488//3488 3511//3511 3512//3512
f 4332//4332 4333//4333 3550//3550
f 3550//3550 4333//4333 4334//4334
f 3550//3550 4334//4334 3551//3551
f 3539//3539 3540//3540 3482//3482
f 3482//3482 3540//3540 3541//3541
f 3482//3482 3541//3541 3484//3484
f 3484//3484 3541//3541 3542//3542
f 3484//3484 3542//3542 3543//3543
f 3550//3550 3539//3539 4332//4332
f 4332//4332 3539//3539 3482//3482
f 4332//4332 3482//3482 4335//4335
f 4335//4335 3482//3482 4336//4336
f 4337//4337 4338//4338 3480//3480
f 3480//3480 4338//4338 4339//4339
f 3480//3480 4339//4339 3482//3482
f 3482//3482 4339//4339 4340//4340
f 3482//3482 4340//4340 4336//4336
f 3478//3478 3563//3563 4341//4341
f 4341//4341 3563//3563 3557//3557
f 4341//4341 3557//3557 3556//3556
f 4341//4341 4342//4342 3478//3478
f 3478//3478 4342//4342 4343//4343
f 3478//3478 4343//4343 3480//3480
f 3480//3480 4343//4343 4344//4344
f 3480//3480 4344//4344 4337//4337
f 3476//3476 3601//3601 3602//3602
f 3602//3602 3603//3603 3476//3476
f 3476//3476 3603//3603 3604//3604
f 3476//3476 3604//3604 3605//3605
f 3605//3605 3606//3606 3476//3476
f 3476//3476 3606//3606 3607//3607
f 3476//3476 3607//3607 3478//3478
f 3478//3478 3607//3607 3608//3608
f 3478//3478 3608//3608 3563//3563
f 3643//3643 3644//3644 3472//3472
f 3643//3643 3472//3472 3642//3642
f 3615//3615 3639//3639 3470//3470
f 3470//3470 3639//3639 3640//3640
f 3470//3470 3640//3640 3472//3472
f 3472//3472 3640//3640 3641//3641
f 3472//3472 3641//3641 3642//3642
f 3644//3644 3645//3645 3472//3472
f 3472//3472 3645//3645 3646//3646
f 3472//3472 3646//3646 3474//3474
f 3474//3474 3646//3646 3599//3599
f 3474//3474 3599//3599 3476//3476
f 3476//3476 3599//3599 3600//3600
f 3476//3476 3600//3600 3601//3601
f 3651//3651 3654//3654 4345//4345
f 4345//4345 3654//3654 3653//3653
f 3651//3651 4346//4346 3649//3649
f 3649//3649 4346//4346 4347//4347
f 3649//3649 4347//4347 3647//3647
f 4348//4348 4349//4349 4350//4350
f 4350//4350 4349//4349 4351//4351
f 4350//4350 4351//4351 4346//4346
f 4346//4346 4351//4351 4352//4352
f 4346//4346 4352//4352 4347//4347
f 3651//3651 4345//4345 4346//4346
f 4346//4346 4345//4345 4353//4353
f 4346//4346 4353//4353 4350//4350
f 4350//4350 4353//4353 4348//4348
f 3653//3653 4354//4354 4345//4345
f 4345//4345 4354//4354 4355//4355
f 4345//4345 4355//4355 4353//4353
f 4353//4353 4355//4355 4348//4348
f 4148//4148 3613//3613 4356//4356
f 4356//4356 3613//3613 3657//3657
f 4356//4356 3657//3657 4357//4357
f 4357//4357 3657//3657 3658//3658
f 4358//4358 4359//4359 3658//3658
f 4360//4360 4361//4361 4359//4359
f 4359//4359 4361//4361 3658//3658
f 4362//4362 4358//4358 3658//3658
f 4363//4363 3660//3660 3661//3661
f 4364//4364 4365//4365 4366//4366
f 4367//4367 4368//4368 4366//4366
f 4366//4366 4368//4368 4369//4369
f 4366//4366 4369//4369 4364//4364
f 3660//3660 4363//4363 3659//3659
f 3659//3659 4363//4363 4362//4362
f 3659//3659 4362//4362 3658//3658
f 4365//4365 4360//4360 4366//4366
f 4366//4366 4360//4360 4359//4359
f 4366//4366 4359//4359 4367//4367
f 4367//4367 4359//4359 4358//4358
f 4367//4367 4358//4358 4370//4370
f 4370//4370 4358//4358 4362//4362
f 4370//4370 4362//4362 4371//4371
f 4371//4371 4362//4362 4363//4363
f 4057//4057 4056//4056 4372//4372
f 4373//4373 4014//4014 4374//4374
f 4374//4374 4014//4014 4075//4075
f 4374//4374 4075//4075 4375//4375
f 4375//4375 4075//4075 4376//4376
f 4072//4072 4070//4070 4377//4377
f 4075//4075 4074//4074 4376//4376
f 4376//4376 4074//4074 4072//4072
f 4376//4376 4072//4072 4378//4378
f 4378//4378 4072//4072 4377//4377
f 4066//4066 4065//4065 4379//4379
f 4070//4070 4069//4069 4377//4377
f 4377//4377 4069//4069 4066//4066
f 4377//4377 4066//4066 4380//4380
f 4380//4380 4066//4066 4379//4379
f 4065//4065 4064//4064 4379//4379
f 4379//4379 4064//4064 4062//4062
f 4379//4379 4062//4062 4381//4381
f 4381//4381 4062//4062 4372//4372
f 4372//4372 4062//4062 4060//4060
f 4372//4372 4060//4060 4057//4057
f 4020//4020 4018//4018 4382//4382
f 4382//4382 4018//4018 4015//4015
f 4382//4382 4015//4015 4383//4383
f 4383//4383 4015//4015 4014//4014
f 4383//4383 4014//4014 4384//4384
f 4384//4384 4014//4014 4373//4373
f 4385//4385 4022//4022 4386//4386
f 4386//4386 4022//4022 4020//4020
f 4386//4386 4020//4020 4387//4387
f 4387//4387 4020//4020 4382//4382
f 4043//4043 4042//4042 4388//4388
f 4388//4388 4042//4042 4041//4041
f 4388//4388 4041//4041 4389//4389
f 4389//4389 4041//4041 4026//4026
f 4389//4389 4026//4026 4385//4385
f 4385//4385 4026//4026 4024//4024
f 4385//4385 4024//4024 4022//4022
f 4388//4388 4390//4390 4043//4043
f 4043//4043 4390//4390 4391//4391
f 4043//4043 4391//4391 4044//4044
f 4044//4044 4391//4391 4392//4392
f 4044//4044 4392//4392 4010//4010
f 4008//4008 4007//4007 4393//4393
f 4393//4393 4007//4007 4394//4394
f 4394//4394 4007//4007 4395//4395
f 4395//4395 4007//4007 4010//4010
f 4395//4395 4010//4010 4392//4392
f 4006//4006 4009//4009 4396//4396
f 4396//4396 4009//4009 4008//4008
f 4397//4397 4004//4004 4006//4006
f 4002//4002 4004//4004 4398//4398
f 4398//4398 4004//4004 4397//4397
f 4398//4398 4397//4397 4399//4399
f 4399//4399 4397//4397 4400//4400
f 4399//4399 4400//4400 4401//4401
f 4401//4401 4400//4400 4402//4402
f 4008//4008 4403//4403 4396//4396
f 4396//4396 4403//4403 4404//4404
f 4396//4396 4404//4404 4405//4405
f 4406//4406 4407//4407 4408//4408
f 4408//4408 4407//4407 4405//4405
f 4408//4408 4405//4405 4409//4409
f 4409//4409 4405//4405 4404//4404
f 4410//4410 4411//4411 4402//4402
f 4402//4402 4411//4411 4412//4412
f 4402//4402 4412//4412 4401//4401
f 4006//4006 4396//4396 4397//4397
f 4397//4397 4396//4396 4405//4405
f 4397//4397 4405//4405 4400//4400
f 4400//4400 4405//4405 4407//4407
f 4400//4400 4407//4407 4402//4402
f 4402//4402 4407//4407 4410//4410
f 4406//4406 4413//4413 4407//4407
f 4407//4407 4413//4413 4410//4410
f 4414//4414 3811//3811 3810//3810
f 3666//3666 3665//3665 3810//3810
f 3810//3810 3665//3665 3996//3996
f 4001//4001 4415//4415 3996//3996
f 3996//3996 4415//4415 4416//4416
f 3996//3996 4416//4416 3810//3810
f 3810//3810 4416//4416 4417//4417
f 3810//3810 4417//4417 4414//4414
f 4418//4418 4419//4419 4420//4420
f 3999//3999 3998//3998 4421//4421
f 4422//4422 4000//4000 3999//3999
f 4001//4001 4000//4000 4423//4423
f 4423//4423 4000//4000 4422//4422
f 4423//4423 4422//4422 4424//4424
f 4424//4424 4422//4422 4425//4425
f 4424//4424 4425//4425 4426//4426
f 4426//4426 4425//4425 4420//4420
f 3999//3999 4421//4421 4422//4422
f 4422//4422 4421//4421 4427//4427
f 4422//4422 4427//4427 4425//4425
f 4419//4419 4428//4428 4420//4420
f 4420//4420 4428//4428 4429//4429
f 4420//4420 4429//4429 4426//4426
f 4427//4427 4430//4430 4425//4425
f 4425//4425 4430//4430 4431//4431
f 4425//4425 4431//4431 4420//4420
f 4420//4420 4431//4431 4432//4432
f 4420//4420 4432//4432 4418//4418
f 3814//3814 3815//3815 4433//4433
f 4433//4433 3815//3815 3811//3811
f 3812//3812 3814//3814 4434//4434
f 4434//4434 3814//3814 4433//4433
f 4434//4434 4433//4433 4435//4435
f 4435//4435 4433//4433 4436//4436
f 3811//3811 4437//4437 4433//4433
f 4433//4433 4437//4437 4438//4438
f 4433//4433 4438//4438 4436//4436
f 4439//4439 4440//4440 4436//4436
f 4436//4436 4440//4440 4441//4441
f 4436//4436 4441//4441 4435//4435
f 4442//4442 4443//4443 4439//4439
f 4439//4439 4443//4443 4444//4444
f 4439//4439 4444//4444 4440//4440
f 4438//4438 4445//4445 4436//4436
f 4436//4436 4445//4445 4446//4446
f 4436//4436 4446//4446 4439//4439
f 4439//4439 4446//4446 4447//4447
f 4439//4439 4447//4447 4442//4442
f 4448//4448 3776//3776 4449//4449
f 4449//4449 3776//3776 3803//3803
f 4449//4449 3803//3803 4450//4450
f 4450//4450 3803//3803 3806//3806
f 4451//4451 3805//3805 3804//3804
f 4452//4452 3807//3807 3808//3808
f 3806//3806 3807//3807 4453//4453
f 4453//4453 3807//3807 4452//4452
f 4453//4453 4452//4452 4454//4454
f 4454//4454 4452//4452 4455//4455
f 3804//3804 4456//4456 4451//4451
f 4451//4451 4456//4456 4457//4457
f 4451//4451 4457//4457 4458//4458
f 4458//4458 4457//4457 4459//4459
f 4458//4458 4459//4459 4460//4460
f 4461//4461 4462//4462 4463//4463
f 4463//4463 4462//4462 4464//4464
f 4463//4463 4464//4464 4465//4465
f 4465//4465 4464//4464 4466//4466
f 4465//4465 4466//4466 4455//4455
f 4455//4455 4466//4466 4467//4467
f 4455//4455 4467//4467 4454//4454
f 4461//4461 4463//4463 4468//4468
f 4468//4468 4463//4463 4465//4465
f 4468//4468 4465//4465 4460//4460
f 4460//4460 4465//4465 4455//4455
f 4460//4460 4455//4455 4458//4458
f 4458//4458 4455//4455 4452//4452
f 4458//4458 4452//4452 4451//4451
f 4451//4451 4452//4452 3808//3808
f 4451//4451 3808//3808 3805//3805
f 4459//4459 4469//4469 4460//4460
f 4460//4460 4469//4469 4470//4470
f 4460//4460 4470//4470 4468//4468
f 4468//4468 4470//4470 4461//4461
f 3785//3785 3783//3783 4471//4471
f 3777//3777 3770//3770 4472//4472
f 3770//3770 3772//3772 4472//4472
f 4472//4472 3772//3772 3774//3774
f 4472//4472 3774//3774 4448//4448
f 4448//4448 3774//3774 3775//3775
f 4448//4448 3775//3775 3776//3776
f 3781//3781 4473//4473 3783//3783
f 3783//3783 4473//4473 4474//4474
f 3783//3783 4474//4474 4471//4471
f 4472//4472 4475//4475 3777//3777
f 3777//3777 4475//4475 4473//4473
f 3777//3777 4473//4473 3780//3780
f 3780//3780 4473//4473 3781//3781
f 3785//3785 4471//4471 3725//3725
f 3725//3725 4471//4471 4476//4476
f 3725//3725 4476//4476 4477//4477
f 3718//3718 3721//3721 4478//4478
f 4478//4478 3721//3721 3743//3743
f 4478//4478 3743//3743 4479//4479
f 4479//4479 3743//3743 3742//3742
f 4479//4479 3742//3742 4480//4480
f 4480//4480 3742//3742 4481//4481
f 4481//4481 3742//3742 3740//3740
f 4481//4481 3740//3740 3738//3738
f 3738//3738 3736//3736 4481//4481
f 4481//4481 3736//3736 3735//3735
f 4481//4481 3735//3735 4482//4482
f 4482//4482 3735//3735 3733//3733
f 3731//3731 4483//4483 3733//3733
f 3733//3733 4483//4483 4484//4484
f 3733//3733 4484//4484 4482//4482
f 3731//3731 3729//3729 4483//4483
f 4483//4483 3729//3729 3726//3726
f 4483//4483 3726//3726 4485//4485
f 4485//4485 3726//3726 3725//3725
f 4485//4485 3725//3725 4477//4477
f 4486//4486 3714//3714 3713//3713
f 3718//3718 4478//4478 3713//3713
f 3713//3713 4478//4478 4487//4487
f 3713//3713 4487//4487 4486//4486
f 4488//4488 4489//4489 3714//3714
f 4490//4490 4491//4491 4492//4492
f 4493//4493 4494//4494 4492//4492
f 4495//4495 4496//4496 4497//4497
f 4497//4497 4496//4496 4498//4498
f 3714//3714 4489//4489 4497//4497
f 4497//4497 4489//4489 4499//4499
f 4497//4497 4499//4499 4495//4495
f 4500//4500 4488//4488 3714//3714
f 4493//4493 4492//4492 4501//4501
f 4501//4501 4492//4492 4491//4491
f 4501//4501 4491//4491 4502//4502
f 4500//4500 4490//4490 4488//4488
f 4488//4488 4490//4490 4492//4492
f 4488//4488 4492//4492 4489//4489
f 4489//4489 4492//4492 4494//4494
f 4489//4489 4494//4494 4499//4499
f 3710//3710 3709//3709 4498//4498
f 4498//4498 3709//3709 3712//3712
f 4498//4498 3712//3712 4497//4497
f 4497//4497 3712//3712 3714//3714
f 4503//4503 4504//4504 3698//3698
f 4505//4505 4506//4506 3896//3896
f 3896//3896 4506//4506 4507//4507
f 3896//3896 4507//4507 3899//3899
f 3896//3896 3876//3876 4505//4505
f 4505//4505 3876//3876 3702//3702
f 4505//4505 3702//3702 4508//4508
f 4508//4508 3702//3702 4509//4509
f 4510//4510 4511//4511 3700//3700
f 3700//3700 4511//4511 4512//4512
f 3700//3700 4512//4512 3702//3702
f 3702//3702 4512//4512 4513//4513
f 3702//3702 4513//4513 4509//4509
f 3698//3698 4504//4504 3700//3700
f 3700//3700 4504//4504 4514//4514
f 3700//3700 4514//4514 4510//4510
f 3711//3711 3710//3710 4515//4515
f 3698//3698 3716//3716 3711//3711
f 3711//3711 4515//4515 3698//3698
f 3698//3698 4515//4515 4516//4516
f 3698//3698 4516//4516 4503//4503
f 3696//3696 3755//3755 3756//3756
f 3756//3756 3757//3757 3696//3696
f 3696//3696 3757//3757 3758//3758
f 3696//3696 3758//3758 3759//3759
f 3759//3759 3760//3760 3696//3696
f 3696//3696 3760//3760 3761//3761
f 3696//3696 3761//3761 3698//3698
f 3698//3698 3761//3761 3762//3762
f 3698//3698 3762//3762 3716//3716
f 3797//3797 3798//3798 3692//3692
f 3797//3797 3692//3692 3796//3796
f 3798//3798 3799//3799 3692//3692
f 3692//3692 3799//3799 3800//3800
f 3692//3692 3800//3800 3694//3694
f 3694//3694 3800//3800 3753//3753
f 3694//3694 3753//3753 3696//3696
f 3696//3696 3753//3753 3754//3754
f 3696//3696 3754//3754 3755//3755
f 4517//4517 3804//3804 3801//3801
f 4518//4518 4519//4519 3690//3690
f 3690//3690 4519//4519 4517//4517
f 3690//3690 4517//4517 3767//3767
f 3767//3767 4517//4517 3801//3801
f 3767//3767 3793//3793 3690//3690
f 3690//3690 3793//3793 3794//3794
f 3690//3690 3794//3794 3692//3692
f 3692//3692 3794//3794 3795//3795
f 3692//3692 3795//3795 3796//3796
f 4520//4520 4521//4521 3688//3688
f 4521//4521 4522//4522 3688//3688
f 3688//3688 4522//4522 4523//4523
f 3688//3688 4523//4523 3690//3690
f 3690//3690 4523//4523 4524//4524
f 3690//3690 4524//4524 4518//4518
f 4525//4525 4526//4526 3686//3686
f 3686//3686 4526//4526 4527//4527
f 3686//3686 4527//4527 3688//3688
f 3688//3688 4527//4527 4528//4528
f 3688//3688 4528//4528 4520//4520
f 3813//3813 3812//3812 4529//4529
f 3686//3686 3817//3817 4525//4525
f 4525//4525 3817//3817 3813//3813
f 4525//4525 3813//3813 4530//4530
f 4530//4530 3813//3813 4529//4529
f 3708//3708 3840//3840 3841//3841
f 3841//3841 3842//3842 3708//3708
f 3708//3708 3842//3842 3843//3843
f 3708//3708 3843//3843 3844//3844
f 3844//3844 3845//3845 3708//3708
f 3708//3708 3845//3845 3846//3846
f 3708//3708 3846//3846 3686//3686
f 3686//3686 3846//3846 3847//3847
f 3686//3686 3847//3847 3817//3817
f 3881//3881 3882//3882 3704//3704
f 3881//3881 3704//3704 3880//3880
f 3876//3876 3877//3877 3702//3702
f 3702//3702 3877//3877 3878//3878
f 3702//3702 3878//3878 3704//3704
f 3704//3704 3878//3878 3879//3879
f 3704//3704 3879//3879 3880//3880
f 3882//3882 3883//3883 3704//3704
f 3704//3704 3883//3883 3884//3884
f 3704//3704 3884//3884 3706//3706
f 3706//3706 3884//3884 3826//3826
f 3706//3706 3826//3826 3708//3708
f 3708//3708 3826//3826 3839//3839
f 3708//3708 3839//3839 3840//3840
f 4531//4531 4532//4532 4533//4533
f 4531//4531 4533//4533 4534//4534
f 4535//4535 4536//4536 4532//4532
f 4537//4537 4538//4538 3899//3899
f 3899//3899 4538//4538 3900//3900
f 3900//3900 4538//4538 3903//3903
f 3903//3903 4538//4538 4539//4539
f 3903//3903 4539//4539 3902//3902
f 3902//3902 4539//4539 4540//4540
f 3902//3902 4540//4540 3901//3901
f 4537//4537 4535//4535 4538//4538
f 4538//4538 4535//4535 4532//4532
f 4538//4538 4532//4532 4539//4539
f 4539//4539 4532//4532 4531//4531
f 4539//4539 4531//4531 4540//4540
f 4540//4540 4531//4531 4534//4534
f 4536//4536 4541//4541 4532//4532
f 4532//4532 4541//4541 4533//4533
f 4542//4542 3934//3934 3933//3933
f 3891//3891 3850//3850 3933//3933
f 3933//3933 3850//3850 3897//3897
f 3901//3901 4543//4543 3897//3897
f 3897//3897 4543//4543 4544//4544
f 3897//3897 4544//4544 3933//3933
f 3933//3933 4544//4544 4545//4545
f 3933//3933 4545//4545 4542//4542
f 3932//3932 3935//3935 4546//4546
f 4546//4546 3935//3935 3934//3934
f 3932//3932 4547//4547 3930//3930
f 3930//3930 4547//4547 4548//4548
f 3930//3930 4548//4548 3928//3928
f 4549//4549 4550//4550 4551//4551
f 4551//4551 4550//4550 4552//4552
f 4551//4551 4552//4552 4547//4547
f 4547//4547 4552//4552 4553//4553
f 4547//4547 4553//4553 4548//4548
f 3932//3932 4546//4546 4547//4547
f 4547//4547 4546//4546 4554//4554
f 4547//4547 4554//4554 4551//4551
f 4551//4551 4554//4554 4549//4549
f 3934//3934 4555//4555 4546//4546
f 4546//4546 4555//4555 4556//4556
f 4546//4546 4556//4556 4554//4554
f 4554//4554 4556//4556 4549//4549
f 4557//4557 4558//4558 4095//4095
f 4095//4095 4558//4558 4559//4559
f 4095//4095 4559//4559 4099//4099
f 4095//4095 4084//4084 4557//4557
f 4557//4557 4084//4084 3921//3921
f 4557//4557 3921//3921 4560//4560
f 4560//4560 3921//3921 3919//3919
f 4560//4560 3919//3919 4561//4561
f 4561//4561 3919//3919 4562//4562
f 4563//4563 4564//4564 3917//3917
f 3917//3917 4564//4564 4565//4565
f 3917//3917 4565//4565 3919//3919
f 3919//3919 4565//4565 4566//4566
f 3919//3919 4566//4566 4562//4562
f 4563//4563 3917//3917 4567//4567
f 4567//4567 3917//3917 3937//3937
f 4567//4567 3937//3937 3929//3929
f 3929//3929 3928//3928 4568//4568
f 4568//4568 4569//4569 3929//3929
f 3929//3929 4569//4569 4570//4570
f 3929//3929 4570//4570 4567//4567
f 3915//3915 3960//3960 3961//3961
f 3961//3961 3962//3962 3915//3915
f 3915//3915 3962//3962 3963//3963
f 3915//3915 3963//3963 3964//3964
f 3964//3964 3965//3965 3915//3915
f 3915//3915 3965//3965 3966//3966
f 3915//3915 3966//3966 3917//3917
f 3917//3917 3966//3966 3967//3967
f 3917//3917 3967//3967 3937//3937
f 3991//3991 3992//3992 3911//3911
f 3991//3991 3911//3911 3990//3990
f 3992//3992 3993//3993 3911//3911
f 3911//3911 3993//3993 3994//3994
f 3911//3911 3994//3994 3913//3913
f 3913//3913 3994//3994 3948//3948
f 3913//3913 3948//3948 3915//3915
f 3915//3915 3948//3948 3959//3959
f 3915//3915 3959//3959 3960//3960
f 4571//4571 4572//4572 3997//3997
f 3997//3997 4572//4572 4573//4573
f 3997//3997 4573//4573 3998//3998
f 3986//3986 3987//3987 3909//3909
f 3909//3909 3987//3987 3988//3988
f 3909//3909 3988//3988 3911//3911
f 3911//3911 3988//3988 3989//3989
f 3911//3911 3989//3989 3990//3990
f 3997//3997 3986//3986 4571//4571
f 4571//4571 3986//3986 3909//3909
f 4571//4571 3909//3909 4574//4574
f 4574//4574 3909//3909 4575//4575
f 4576//4576 4577//4577 3907//3907
f 3907//3907 4577//4577 4578//4578
f 3907//3907 4578//4578 3909//3909
f 3909//3909 4578//4578 4579//4579
f 3909//3909 4579//4579 4575//4575
f 3905//3905 4012//4012 4580//4580
f 4580//4580 4012//4012 4003//4003
f 4580//4580 4003//4003 4002//4002
f 4580//4580 4581//4581 3905//3905
f 3905//3905 4581//4581 4582//4582
f 3905//3905 4582//4582 3907//3907
f 3907//3907 4582//4582 4583//4583
f 3907//3907 4583//4583 4576//4576
f 3927//3927 4046//4046 4047//4047
f 4047//4047 4048//4048 3927//3927
f 3927//3927 4048//4048 4049//4049
f 3927//3927 4049//4049 4050//4050
f 4050//4050 4051//4051 3927//3927
f 3927//3927 4051//4051 4052//4052
f 3927//3927 4052//4052 3905//3905
f 3905//3905 4052//4052 4053//4053
f 3905//3905 4053//4053 4012//4012
f 4089//4089 4090//4090 3923//3923
f 4089//4089 3923//3923 4088//4088
f 4084//4084 4085//4085 3921//3921
f 3921//3921 4085//4085 4086//4086
f 3921//3921 4086//4086 3923//3923
f 3923//3923 4086//4086 4087//4087
f 3923//3923 4087//4087 4088//4088
f 4090//4090 4091//4091 3923//3923
f 3923//3923 4091//4091 4092//4092
f 3923//3923 4092//4092 3925//3925
f 3925//3925 4092//4092 4028//4028
f 3925//3925 4028//4028 3927//3927
f 3927//3927 4028//4028 4045//4045
f 3927//3927 4045//4045 4046//4046
f 4584//4584 4585//4585 4096//4096
f 4097//4097 4586//4586 4096//4096
f 4587//4587 4588//4588 4585//4585
f 4585//4585 4588//4588 4096//4096
f 4586//4586 4584//4584 4096//4096
f 4589//4589 4590//4590 4591//4591
f 4098//4098 4099//4099 4592//4592
f 4592//4592 4099//4099 4593//4593
f 4592//4592 4593//4593 4594//4594
f 4594//4594 4593//4593 4595//4595
f 4594//4594 4595//4595 4591//4591
f 4591//4591 4595//4595 4596//4596
f 4591//4591 4596//4596 4589//4589
f 4590//4590 4587//4587 4591//4591
f 4591//4591 4587//4587 4585//4585
f 4591//4591 4585//4585 4594//4594
f 4594//4594 4585//4585 4584//4584
f 4594//4594 4584//4584 4592//4592
f 4592//4592 4584//4584 4586//4586
f 4592//4592 4586//4586 4098//4098
f 4098//4098 4586//4586 4097//4097
f 4096//4096 4597//4597 4094//4094
f 4094//4094 4597//4597 4598//4598
f 4094//4094 4598//4598 4056//4056
f 4056//4056 4598//4598 4599//4599
f 4056//4056 4599//4599 4372//4372
f 4104//4104 4600//4600 4103//4103
f 4103//4103 4600//4600 4601//4601
f 4103//4103 4601//4601 4102//4102
f 4102//4102 4601//4601 4602//4602
f 4102//4102 4602//4602 4101//4101
f 4101//4101 4602//4602 4603//4603
f 4101//4101 4603//4603 4100//4100
f 4100//4100 4603//4603 4604//4604
f 4100//4100 4604//4604 4111//4111
f 4111//4111 4604//4604 4605//4605
f 4111//4111 4605//4605 4110//4110
f 4110//4110 4605//4605 4606//4606
f 4110//4110 4606//4606 4109//4109
f 4109//4109 4606//4606 4607//4607
f 4109//4109 4607//4607 4108//4108
f 4108//4108 4607//4607 4608//4608
f 4108//4108 4608//4608 4107//4107
f 4107//4107 4608//4608 4609//4609
f 4107//4107 4609//4609 4106//4106
f 4106//4106 4609//4609 4610//4610
f 4106//4106 4610//4610 4105//4105
f 4105//4105 4610//4610 4611//4611
f 4105//4105 4611//4611 4104//4104
f 4104//4104 4611//4611 4600//4600
f 4116//4116 4612//4612 4115//4115
f 4115//4115 4612//4612 4613//4613
f 4115//4115 4613//4613 4114//4114
f 4114//4114 4613//4613 4614//4614
f 4114//4114 4614//4614 4113//4113
f 4113//4113 4614//4614 4615//4615
f 4113//4113 4615//4615 4112//4112
f 4112//4112 4615//4615 4616//4616
f 4112//4112 4616//4616 4123//4123
f 4123//4123 4616//4616 4617//4617
f 4123//4123 4617//4617 4122//4122
f 4122//4122 4617//4617 4618//4618
f 4122//4122 4618//4618 4121//4121
f 4121//4121 4618//4618 4619//4619
f 4121//4121 4619//4619 4120//4120
f 4120//4120 4619//4619 4620//4620
f 4120//4120 4620//4620 4119//4119
f 4119//4119 4620//4620 4621//4621
f 4119//4119 4621//4621 4118//4118
f 4118//4118 4621//4621 4622//4622
f 4118//4118 4622//4622 4117//4117
f 4117//4117 4622//4622 4623//4623
f 4117//4117 4623//4623 4116//4116
f 4116//4116 4623//4623 4612//4612
f 4128//4128 4624//4624 4127//4127
f 4127//4127 4624//4624 4625//4625
f 4127//4127 4625//4625 4126//4126
f 4126//4126 4625//4625 4626//4626
f 4126//4126 4626//4626 4125//4125
f 4125//4125 4626//4626 4627//4627
f 4125//4125 4627//4627 4124//4124
f 4124//4124 4627//4627 4628//4628
f 4124//4124 4628//4628 4135//4135
f 4135//4135 4628//4628 4629//4629
f 4135//4135 4629//4629 4134//4134
f 4134//4134 4629//4629 4630//4630
f 4134//4134 4630//4630 4133//4133
f 4133//4133 4630//4630 4631//4631
f 4133//4133 4631//4631 4132//4132
f 4132//4132 4631//4631 4632//4632
f 4132//4132 4632//4632 4131//4131
f 4131//4131 4632//4632 4633//4633
f 4131//4131 4633//4633 4130//4130
f 4130//4130 4633//4633 4634//4634
f 4130//4130 4634//4634 4129//4129
f 4129//4129 4634//4634 4635//4635
f 4129//4129 4635//4635 4128//4128
f 4128//4128 4635//4635 4624//4624
f 4140//4140 4636//4636 4139//4139
f 4139//4139 4636//4636 4637//4637
f 4139//4139 4637//4637 4138//4138
f 4138//4138 4637//4637 4638//4638
f 4138//4138 4638//4638 4137//4137
f 4137//4137 4638//4638 4639//4639
f 4137//4137 4639//4639 4136//4136
f 4136//4136 4639//4639 4640//4640
f 4136//4136 4640//4640 4147//4147
f 4147//4147 4640//4640 4641//4641
f 4147//4147 4641//4641 4146//4146
f 4146//4146 4641//4641 4642//4642
f 4146//4146 4642//4642 4145//4145
f 4145//4145 4642//4642 4643//4643
f 4145//4145 4643//4643 4144//4144
f 4144//4144 4643//4643 4644//4644
f 4144//4144 4644//4644 4143//4143
f 4143//4143 4644//4644 4645//4645
f 4143//4143 4645//4645 4142//4142
f 4142//4142 4645//4645 4646//4646
f 4142//4142 4646//4646 4141//4141
f 4141//4141 4646//4646 4647//4647
f 4141//4141 4647//4647 4140//4140
f 4140//4140 4647//4647 4636//4636
f 4648//4648 4649//4649 4650//4650
f 4651//4651 4652//4652 4653//4653
f 4654//4654 4655//4655 4656//4656
f 4148//4148 4657//4657 4149//4149
f 4149//4149 4657//4657 4658//4658
f 4149//4149 4658//4658 4150//4150
f 4150//4150 4658//4658 4659//4659
f 4150//4150 4659//4659 4152//4152
f 4152//4152 4659//4659 4660//4660
f 4152//4152 4660//4660 4151//4151
f 4151//4151 4660//4660 4661//4661
f 4151//4151 4661//4661 4157//4157
f 4157//4157 4661//4661 4662//4662
f 4157//4157 4662//4662 4156//4156
f 4156//4156 4662//4662 4663//4663
f 4156//4156 4663//4663 4155//4155
f 4155//4155 4663//4663 4653//4653
f 4155//4155 4653//4653 4154//4154
f 4154//4154 4653//4653 4652//4652
f 4154//4154 4652//4652 4153//4153
f 4148//4148 4648//4648 4657//4657
f 4657//4657 4648//4648 4650//4650
f 4657//4657 4650//4650 4658//4658
f 4658//4658 4650//4650 4664//4664
f 4658//4658 4664//4664 4659//4659
f 4659//4659 4664//4664 4665//4665
f 4659//4659 4665//4665 4660//4660
f 4660//4660 4665//4665 4666//4666
f 4660//4660 4666//4666 4661//4661
f 4661//4661 4666//4666 4667//4667
f 4661//4661 4667//4667 4662//4662
f 4662//4662 4667//4667 4668//4668
f 4662//4662 4668//4668 4663//4663
f 4663//4663 4668//4668 4669//4669
f 4663//4663 4669//4669 4653//4653
f 4653//4653 4669//4669 4656//4656
f 4653//4653 4656//4656 4651//4651
f 4651//4651 4656//4656 4655//4655
f 4654//4654 4656//4656 4670//4670
f 4670//4670 4656//4656 4669//4669
f 4670//4670 4669//4669 4671//4671
f 4671//4671 4669//4669 4668//4668
f 4671//4671 4668//4668 4672//4672
f 4672//4672 4668//4668 4667//4667
f 4672//4672 4667//4667 4673//4673
f 4673//4673 4667//4667 4666//4666
f 4673//4673 4666//4666 4674//4674
f 4674//4674 4666//4666 4665//4665
f 4674//4674 4665//4665 4675//4675
f 4675//4675 4665//4665 4664//4664
f 4675//4675 4664//4664 4676//4676
f 4676//4676 4664//4664 4650//4650
f 4676//4676 4650//4650 4677//4677
f 4677//4677 4650//4650 4649//4649
f 4677//4677 4649//4649 4678//4678
f 4651//4651 4655//4655 4679//4679
f 4680//4680 4681//4681 4682//4682
f 4153//4153 4683//4683 4166//4166
f 4166//4166 4683//4683 4684//4684
f 4166//4166 4684//4684 4163//4163
f 4163//4163 4684//4684 4685//4685
f 4163//4163 4685//4685 4164//4164
f 4164//4164 4685//4685 4686//4686
f 4164//4164 4686//4686 4165//4165
f 4165//4165 4686//4686 4687//4687
f 4165//4165 4687//4687 4162//4162
f 4162//4162 4687//4687 4688//4688
f 4162//4162 4688//4688 4158//4158
f 4158//4158 4688//4688 4689//4689
f 4158//4158 4689//4689 4159//4159
f 4159//4159 4689//4689 4682//4682
f 4159//4159 4682//4682 4160//4160
f 4160//4160 4682//4682 4681//4681
f 4160//4160 4681//4681 4161//4161
f 4153//4153 4652//4652 4683//4683
f 4683//4683 4652//4652 4690//4690
f 4683//4683 4690//4690 4684//4684
f 4684//4684 4690//4690 4691//4691
f 4684//4684 4691//4691 4685//4685
f 4685//4685 4691//4691 4692//4692
f 4685//4685 4692//4692 4686//4686
f 4686//4686 4692//4692 4693//4693
f 4686//4686 4693//4693 4687//4687
f 4687//4687 4693//4693 4694//4694
f 4687//4687 4694//4694 4688//4688
f 4688//4688 4694//4694 4695//4695
f 4688//4688 4695//4695 4689//4689
f 4689//4689 4695//4695 4696//4696
f 4689//4689 4696//4696 4682//4682
f 4682//4682 4696//4696 4697//4697
f 4682//4682 4697//4697 4680//4680
f 4680//4680 4697//4697 4698//4698
f 4652//4652 4651//4651 4690//4690
f 4690//4690 4651//4651 4679//4679
f 4690//4690 4679//4679 4691//4691
f 4691//4691 4679//4679 4699//4699
f 4691//4691 4699//4699 4692//4692
f 4692//4692 4699//4699 4700//4700
f 4692//4692 4700//4700 4693//4693
f 4693//4693 4700//4700 4701//4701
f 4693//4693 4701//4701 4694//4694
f 4694//4694 4701//4701 4702//4702
f 4694//4694 4702//4702 4695//4695
f 4695//4695 4702//4702 4703//4703
f 4695//4695 4703//4703 4696//4696
f 4696//4696 4703//4703 4704//4704
f 4696//4696 4704//4704 4697//4697
f 4697//4697 4704//4704 4705//4705
f 4697//4697 4705//4705 4698//4698
f 4698//4698 4705//4705 4706//4706
f 4706//4706 4705//4705 4707//4707
f 4707//4707 4705//4705 4704//4704
f 4707//4707 4704//4704 4708//4708
f 4708//4708 4704//4704 4703//4703
f 4708//4708 4703//4703 4709//4709
f 4709//4709 4703//4703 4702//4702
f 4709//4709 4702//4702 4710//4710
f 4710//4710 4702//4702 4701//4701
f 4710//4710 4701//4701 4711//4711
f 4711//4711 4701//4701 4700//4700
f 4711//4711 4700//4700 4712//4712
f 4712//4712 4700//4700 4699//4699
f 4712//4712 4699//4699 4713//4713
f 4713//4713 4699//4699 4679//4679
f 4713//4713 4679//4679 4714//4714
f 4714//4714 4679//4679 4655//4655
f 4714//4714 4655//4655 4654//4654
f 4715//4715 4716//4716 4717//4717
f 4179//4179 4188//4188 4718//4718
f 4718//4718 4188//4188 4719//4719
f 4718//4718 4719//4719 4720//4720
f 4720//4720 4719//4719 4721//4721
f 4720//4720 4721//4721 4722//4722
f 4722//4722 4721//4721 4698//4698
f 4722//4722 4698//4698 4706//4706
f 4188//4188 4187//4187 4719//4719
f 4719//4719 4187//4187 4716//4716
f 4719//4719 4716//4716 4721//4721
f 4721//4721 4716//4716 4715//4715
f 4721//4721 4715//4715 4698//4698
f 4698//4698 4715//4715 4680//4680
f 4723//4723 4681//4681 4680//4680
f 4161//4161 4681//4681 4168//4168
f 4168//4168 4681//4681 4723//4723
f 4168//4168 4723//4723 4167//4167
f 4187//4187 4177//4177 4716//4716
f 4716//4716 4177//4177 4176//4176
f 4716//4716 4176//4176 4717//4717
f 4717//4717 4176//4176 4174//4174
f 4717//4717 4174//4174 4173//4173
f 4680//4680 4715//4715 4723//4723
f 4723//4723 4715//4715 4717//4717
f 4723//4723 4717//4717 4167//4167
f 4167//4167 4717//4717 4173//4173
f 4167//4167 4173//4173 3561//3561
f 4189//4189 3551//3551 4334//4334
f 4197//4197 4196//4196 4724//4724
f 4180//4180 4179//4179 4725//4725
f 4182//4182 4180//4180 4726//4726
f 4171//4171 4185//4185 4727//4727
f 3556//3556 4728//4728 4341//4341
f 4341//4341 4728//4728 4729//4729
f 4341//4341 4729//4729 4342//4342
f 4342//4342 4729//4729 4343//4343
f 4343//4343 4729//4729 4730//4730
f 4343//4343 4730//4730 4344//4344
f 4344//4344 4730//4730 4731//4731
f 4344//4344 4731//4731 4337//4337
f 4337//4337 4731//4731 4732//4732
f 4337//4337 4732//4732 4338//4338
f 4180//4180 4725//4725 4726//4726
f 4726//4726 4725//4725 4733//4733
f 4726//4726 4733//4733 4734//4734
f 4734//4734 4733//4733 4735//4735
f 4734//4734 4735//4735 4736//4736
f 4736//4736 4735//4735 4737//4737
f 4736//4736 4737//4737 4738//4738
f 4738//4738 4737//4737 4739//4739
f 4738//4738 4739//4739 4740//4740
f 4740//4740 4739//4739 4741//4741
f 4740//4740 4741//4741 4742//4742
f 4742//4742 4741//4741 4743//4743
f 4742//4742 4743//4743 4744//4744
f 4744//4744 4743//4743 4745//4745
f 4744//4744 4745//4745 4746//4746
f 4746//4746 4745//4745 4747//4747
f 4746//4746 4747//4747 4748//4748
f 4748//4748 4747//4747 4749//4749
f 4748//4748 4749//4749 4750//4750
f 4750//4750 4749//4749 4751//4751
f 4750//4750 4751//4751 4752//4752
f 4752//4752 4751//4751 4200//4200
f 4752//4752 4200//4200 4203//4203
f 4203//4203 4199//4199 4752//4752
f 4752//4752 4199//4199 4753//4753
f 4752//4752 4753//4753 4750//4750
f 4750//4750 4753//4753 4754//4754
f 4750//4750 4754//4754 4748//4748
f 4748//4748 4754//4754 4755//4755
f 4748//4748 4755//4755 4746//4746
f 4746//4746 4755//4755 4756//4756
f 4746//4746 4756//4756 4744//4744
f 4744//4744 4756//4756 4757//4757
f 4744//4744 4757//4757 4742//4742
f 4742//4742 4757//4757 4758//4758
f 4742//4742 4758//4758 4740//4740
f 4740//4740 4758//4758 4759//4759
f 4740//4740 4759//4759 4738//4738
f 4738//4738 4759//4759 4760//4760
f 4738//4738 4760//4760 4736//4736
f 4736//4736 4760//4760 4761//4761
f 4736//4736 4761//4761 4734//4734
f 4734//4734 4761//4761 4762//4762
f 4734//4734 4762//4762 4726//4726
f 4726//4726 4762//4762 4763//4763
f 4726//4726 4763//4763 4182//4182
f 4182//4182 4763//4763 4184//4184
f 4199//4199 4198//4198 4753//4753
f 4753//4753 4198//4198 4764//4764
f 4753//4753 4764//4764 4754//4754
f 4754//4754 4764//4764 4765//4765
f 4754//4754 4765//4765 4755//4755
f 4755//4755 4765//4765 4766//4766
f 4755//4755 4766//4766 4756//4756
f 4756//4756 4766//4766 4767//4767
f 4756//4756 4767//4767 4757//4757
f 4757//4757 4767//4767 4768//4768
f 4757//4757 4768//4768 4758//4758
f 4758//4758 4768//4768 4769//4769
f 4758//4758 4769//4769 4759//4759
f 4759//4759 4769//4769 4770//4770
f 4759//4759 4770//4770 4760//4760
f 4760//4760 4770//4770 4771//4771
f 4760//4760 4771//4771 4761//4761
f 4761//4761 4771//4771 4772//4772
f 4761//4761 4772//4772 4762//4762
f 4762//4762 4772//4772 4773//4773
f 4762//4762 4773//4773 4763//4763
f 4763//4763 4773//4773 4727//4727
f 4763//4763 4727//4727 4184//4184
f 4184//4184 4727//4727 4185//4185
f 4198//4198 4197//4197 4764//4764
f 4764//4764 4197//4197 4724//4724
f 4764//4764 4724//4724 4765//4765
f 4765//4765 4724//4724 4774//4774
f 4765//4765 4774//4774 4766//4766
f 4766//4766 4774//4774 4775//4775
f 4766//4766 4775//4775 4767//4767
f 4767//4767 4775//4775 4776//4776
f 4767//4767 4776//4776 4768//4768
f 4768//4768 4776//4776 4777//4777
f 4768//4768 4777//4777 4769//4769
f 4769//4769 4777//4777 4778//4778
f 4769//4769 4778//4778 4770//4770
f 4770//4770 4778//4778 4732//4732
f 4770//4770 4732//4732 4771//4771
f 4771//4771 4732//4732 4731//4731
f 4771//4771 4731//4731 4772//4772
f 4772//4772 4731//4731 4730//4730
f 4772//4772 4730//4730 4773//4773
f 4773//4773 4730//4730 4729//4729
f 4773//4773 4729//4729 4727//4727
f 4727//4727 4729//4729 4728//4728
f 4727//4727 4728//4728 4171//4171
f 4171//4171 4728//4728 3556//3556
f 4338//4338 4732//4732 4339//4339
f 4339//4339 4732//4732 4778//4778
f 4339//4339 4778//4778 4340//4340
f 4340//4340 4778//4778 4777//4777
f 4340//4340 4777//4777 4336//4336
f 4336//4336 4777//4777 4776//4776
f 4336//4336 4776//4776 4335//4335
f 4335//4335 4776//4776 4775//4775
f 4335//4335 4775//4775 4332//4332
f 4332//4332 4775//4775 4774//4774
f 4332//4332 4774//4774 4333//4333
f 4333//4333 4774//4774 4724//4724
f 4333//4333 4724//4724 4334//4334
f 4334//4334 4724//4724 4196//4196
f 4334//4334 4196//4196 4189//4189
f 4212//4212 3365//3365 4204//4204
f 4191//4191 4192//4192 4779//4779
f 4221//4221 4220//4220 4780//4780
f 4202//4202 4201//4201 4781//4781
f 4217//4217 4222//4222 4782//4782
f 4782//4782 4222//4222 4783//4783
f 4782//4782 4783//4783 4784//4784
f 4784//4784 4783//4783 4785//4785
f 4784//4784 4785//4785 4786//4786
f 4786//4786 4785//4785 4787//4787
f 4786//4786 4787//4787 4788//4788
f 4788//4788 4787//4787 4781//4781
f 4788//4788 4781//4781 4789//4789
f 4789//4789 4781//4781 4201//4201
f 4789//4789 4201//4201 4200//4200
f 4222//4222 4221//4221 4783//4783
f 4783//4783 4221//4221 4780//4780
f 4783//4783 4780//4780 4785//4785
f 4785//4785 4780//4780 4790//4790
f 4785//4785 4790//4790 4787//4787
f 4787//4787 4790//4790 4791//4791
f 4787//4787 4791//4791 4781//4781
f 4781//4781 4791//4791 4792//4792
f 4781//4781 4792//4792 4202//4202
f 4202//4202 4792//4792 4194//4194
f 4220//4220 4213//4213 4780//4780
f 4780//4780 4213//4213 4793//4793
f 4780//4780 4793//4793 4790//4790
f 4790//4790 4793//4793 4794//4794
f 4790//4790 4794//4794 4791//4791
f 4791//4791 4794//4794 4795//4795
f 4791//4791 4795//4795 4792//4792
f 4792//4792 4795//4795 4779//4779
f 4792//4792 4779//4779 4194//4194
f 4194//4194 4779//4779 4192//4192
f 4213//4213 4212//4212 4793//4793
f 4793//4793 4212//4212 4204//4204
f 4793//4793 4204//4204 4794//4794
f 4794//4794 4204//4204 4207//4207
f 4794//4794 4207//4207 4795//4795
f 4795//4795 4207//4207 4206//4206
f 4795//4795 4206//4206 4779//4779
f 4779//4779 4206//4206 4205//4205
f 4779//4779 4205//4205 4191//4191
f 4191//4191 4205//4205 3554//3554
f 4216//4216 4215//4215 4796//4796
f 4217//4217 4797//4797 4218//4218
f 4218//4218 4797//4797 4798//4798
f 4218//4218 4798//4798 4219//4219
f 4219//4219 4798//4798 4215//4215
f 4210//4210 4799//4799 4209//4209
f 4209//4209 4799//4799 4287//4287
f 4209//4209 4287//4287 3366//3366
f 4288//4288 4287//4287 4800//4800
f 4800//4800 4287//4287 4799//4799
f 4800//4800 4799//4799 4796//4796
f 4796//4796 4799//4799 4210//4210
f 4796//4796 4210//4210 4216//4216
f 4215//4215 4798//4798 4796//4796
f 4796//4796 4798//4798 4801//4801
f 4796//4796 4801//4801 4800//4800
f 4800//4800 4801//4801 4802//4802
f 4800//4800 4802//4802 4288//4288
f 4285//4285 4286//4286 4802//4802
f 4802//4802 4286//4286 4289//4289
f 4802//4802 4289//4289 4288//4288
f 4803//4803 4804//4804 4805//4805
f 4805//4805 4804//4804 4806//4806
f 4805//4805 4806//4806 4807//4807
f 4807//4807 4806//4806 4808//4808
f 4807//4807 4808//4808 4809//4809
f 4809//4809 4808//4808 4810//4810
f 4809//4809 4810//4810 4811//4811
f 4811//4811 4810//4810 4812//4812
f 4811//4811 4812//4812 4813//4813
f 4813//4813 4812//4812 4814//4814
f 4813//4813 4814//4814 4815//4815
f 4815//4815 4814//4814 4816//4816
f 4815//4815 4816//4816 4817//4817
f 4817//4817 4816//4816 4818//4818
f 4817//4817 4818//4818 4819//4819
f 4819//4819 4818//4818 4820//4820
f 4819//4819 4820//4820 4821//4821
f 4821//4821 4820//4820 4822//4822
f 4821//4821 4822//4822 4823//4823
f 4804//4804 4824//4824 4806//4806
f 4806//4806 4824//4824 4825//4825
f 4806//4806 4825//4825 4808//4808
f 4808//4808 4825//4825 4826//4826
f 4808//4808 4826//4826 4810//4810
f 4810//4810 4826//4826 4827//4827
f 4810//4810 4827//4827 4812//4812
f 4812//4812 4827//4827 4828//4828
f 4812//4812 4828//4828 4814//4814
f 4814//4814 4828//4828 4829//4829
f 4814//4814 4829//4829 4816//4816
f 4816//4816 4829//4829 4830//4830
f 4816//4816 4830//4830 4818//4818
f 4818//4818 4830//4830 4831//4831
f 4818//4818 4831//4831 4820//4820
f 4820//4820 4831//4831 4832//4832
f 4820//4820 4832//4832 4822//4822
f 4224//4224 4803//4803 4833//4833
f 4833//4833 4803//4803 4805//4805
f 4833//4833 4805//4805 4834//4834
f 4834//4834 4805//4805 4807//4807
f 4834//4834 4807//4807 4835//4835
f 4835//4835 4807//4807 4809//4809
f 4835//4835 4809//4809 4836//4836
f 4836//4836 4809//4809 4811//4811
f 4836//4836 4811//4811 4837//4837
f 4837//4837 4811//4811 4813//4813
f 4837//4837 4813//4813 4838//4838
f 4838//4838 4813//4813 4815//4815
f 4838//4838 4815//4815 4839//4839
f 4839//4839 4815//4815 4817//4817
f 4839//4839 4817//4817 4840//4840
f 4840//4840 4817//4817 4819//4819
f 4840//4840 4819//4819 4841//4841
f 4841//4841 4819//4819 4821//4821
f 4841//4841 4821//4821 4842//4842
f 4842//4842 4821//4821 4823//4823
f 4842//4842 4823//4823 4843//4843
f 4224//4224 4223//4223 4803//4803
f 4803//4803 4223//4223 4236//4236
f 4803//4803 4236//4236 4804//4804
f 4804//4804 4236//4236 4235//4235
f 4804//4804 4235//4235 4824//4824
f 4824//4824 4235//4235 4234//4234
f 4824//4824 4234//4234 4233//4233
f 4797//4797 4843//4843 4798//4798
f 4798//4798 4843//4843 4823//4823
f 4798//4798 4823//4823 4801//4801
f 4801//4801 4823//4823 4822//4822
f 4801//4801 4822//4822 4802//4802
f 4802//4802 4822//4822 4832//4832
f 4802//4802 4832//4832 4285//4285
f 4285//4285 4832//4832 4831//4831
f 4285//4285 4831//4831 4284//4284
f 4284//4284 4831//4831 4830//4830
f 4284//4284 4830//4830 4279//4279
f 4279//4279 4830//4830 4829//4829
f 4279//4279 4829//4829 4280//4280
f 4280//4280 4829//4829 4828//4828
f 4280//4280 4828//4828 4281//4281
f 4281//4281 4828//4828 4827//4827
f 4281//4281 4827//4827 4282//4282
f 4282//4282 4827//4827 4826//4826
f 4282//4282 4826//4826 4283//4283
f 4283//4283 4826//4826 4825//4825
f 4283//4283 4825//4825 4278//4278
f 4278//4278 4825//4825 4824//4824
f 4278//4278 4824//4824 4277//4277
f 4277//4277 4824//4824 4233//4233
f 4277//4277 4233//4233 3358//3358
f 4230//4230 4229//4229 4844//4844
f 4232//4232 4238//4238 4845//4845
f 4240//4240 4239//4239 4846//4846
f 4847//4847 4848//4848 4849//4849
f 4849//4849 4848//4848 4850//4850
f 4849//4849 4850//4850 4851//4851
f 4851//4851 4850//4850 4852//4852
f 4851//4851 4852//4852 4853//4853
f 4853//4853 4852//4852 4846//4846
f 4853//4853 4846//4846 4224//4224
f 4224//4224 4846//4846 4239//4239
f 4848//4848 4854//4854 4850//4850
f 4850//4850 4854//4854 4855//4855
f 4850//4850 4855//4855 4852//4852
f 4852//4852 4855//4855 4856//4856
f 4852//4852 4856//4856 4846//4846
f 4846//4846 4856//4856 4845//4845
f 4846//4846 4845//4845 4240//4240
f 4240//4240 4845//4845 4238//4238
f 4854//4854 4857//4857 4855//4855
f 4855//4855 4857//4857 4858//4858
f 4855//4855 4858//4858 4856//4856
f 4856//4856 4858//4858 4859//4859
f 4856//4856 4859//4859 4845//4845
f 4845//4845 4859//4859 4844//4844
f 4845//4845 4844//4844 4232//4232
f 4232//4232 4844//4844 4229//4229
f 4857//4857 4244//4244 4858//4858
f 4858//4858 4244//4244 4243//4243
f 4858//4858 4243//4243 4859//4859
f 4859//4859 4243//4243 4242//4242
f 4859//4859 4242//4242 4844//4844
f 4844//4844 4242//4242 4241//4241
f 4844//4844 4241//4241 4230//4230
f 4230//4230 4241//4241 3360//3360
f 4854//4854 4848//4848 4860//4860
f 4244//4244 4861//4861 4250//4250
f 4250//4250 4861//4861 4862//4862
f 4250//4250 4862//4862 4251//4251
f 4251//4251 4862//4862 4863//4863
f 4251//4251 4863//4863 4248//4248
f 4248//4248 4863//4863 4864//4864
f 4248//4248 4864//4864 4249//4249
f 4249//4249 4864//4864 4865//4865
f 4249//4249 4865//4865 4247//4247
f 4247//4247 4865//4865 4866//4866
f 4247//4247 4866//4866 4245//4245
f 4245//4245 4866//4866 4867//4867
f 4245//4245 4867//4867 4246//4246
f 4244//4244 4857//4857 4861//4861
f 4861//4861 4857//4857 4868//4868
f 4861//4861 4868//4868 4862//4862
f 4862//4862 4868//4868 4869//4869
f 4862//4862 4869//4869 4863//4863
f 4863//4863 4869//4869 4870//4870
f 4863//4863 4870//4870 4864//4864
f 4864//4864 4870//4870 4871//4871
f 4864//4864 4871//4871 4865//4865
f 4865//4865 4871//4871 4872//4872
f 4865//4865 4872//4872 4866//4866
f 4866//4866 4872//4872 4873//4873
f 4866//4866 4873//4873 4867//4867
f 4867//4867 4873//4873 4874//4874
f 4857//4857 4854//4854 4868//4868
f 4868//4868 4854//4854 4860//4860
f 4868//4868 4860//4860 4869//4869
f 4869//4869 4860//4860 4875//4875
f 4869//4869 4875//4875 4870//4870
f 4870//4870 4875//4875 4876//4876
f 4870//4870 4876//4876 4871//4871
f 4871//4871 4876//4876 4877//4877
f 4871//4871 4877//4877 4872//4872
f 4872//4872 4877//4877 4878//4878
f 4872//4872 4878//4878 4873//4873
f 4873//4873 4878//4878 4879//4879
f 4873//4873 4879//4879 4874//4874
f 4874//4874 4879//4879 4880//4880
f 4880//4880 4879//4879 4881//4881
f 4881//4881 4879//4879 4878//4878
f 4881//4881 4878//4878 4882//4882
f 4882//4882 4878//4878 4877//4877
f 4882//4882 4877//4877 4883//4883
f 4883//4883 4877//4877 4876//4876
f 4883//4883 4876//4876 4884//4884
f 4884//4884 4876//4876 4875//4875
f 4884//4884 4875//4875 4885//4885
f 4885//4885 4875//4875 4860//4860
f 4885//4885 4860//4860 4886//4886
f 4886//4886 4860//4860 4848//4848
f 4886//4886 4848//4848 4847//4847
f 4867//4867 4874//4874 4887//4887
f 4888//4888 4259//4259 4258//4258
f 4889//4889 4888//4888 4890//4890
f 4888//4888 4258//4258 4890//4890
f 4890//4890 4258//4258 4257//4257
f 4890//4890 4257//4257 4891//4891
f 4891//4891 4257//4257 4254//4254
f 4891//4891 4254//4254 4892//4892
f 4254//4254 4255//4255 4892//4892
f 4892//4892 4255//4255 4256//4256
f 4892//4892 4256//4256 4893//4893
f 4893//4893 4256//4256 4252//4252
f 4893//4893 4252//4252 4894//4894
f 4894//4894 4252//4252 4253//4253
f 4894//4894 4253//4253 4895//4895
f 4895//4895 4253//4253 4246//4246
f 4246//4246 4867//4867 4895//4895
f 4895//4895 4867//4867 4887//4887
f 4895//4895 4887//4887 4894//4894
f 4894//4894 4887//4887 4896//4896
f 4894//4894 4896//4896 4893//4893
f 4893//4893 4896//4896 4897//4897
f 4893//4893 4897//4897 4892//4892
f 4892//4892 4897//4897 4898//4898
f 4892//4892 4898//4898 4891//4891
f 4891//4891 4898//4898 4899//4899
f 4891//4891 4899//4899 4890//4890
f 4890//4890 4899//4899 4900//4900
f 4890//4890 4900//4900 4889//4889
f 4889//4889 4900//4900 4901//4901
f 4901//4901 4900//4900 4902//4902
f 4902//4902 4900//4900 4899//4899
f 4902//4902 4899//4899 4903//4903
f 4903//4903 4899//4899 4898//4898
f 4903//4903 4898//4898 4904//4904
f 4904//4904 4898//4898 4897//4897
f 4904//4904 4897//4897 4905//4905
f 4905//4905 4897//4897 4896//4896
f 4905//4905 4896//4896 4906//4906
f 4906//4906 4896//4896 4887//4887
f 4906//4906 4887//4887 4907//4907
f 4907//4907 4887//4887 4874//4874
f 4907//4907 4874//4874 4880//4880
f 4294//4294 4293//4293 4908//4908
f 4889//4889 4901//4901 4909//4909
f 4909//4909 4901//4901 4910//4910
f 4909//4909 4910//4910 4911//4911
f 4911//4911 4910//4910 4912//4912
f 4911//4911 4912//4912 4908//4908
f 4301//4301 4294//4294 4913//4913
f 4913//4913 4294//4294 4908//4908
f 4913//4913 4908//4908 4914//4914
f 4914//4914 4908//4908 4912//4912
f 4293//4293 4302//4302 4908//4908
f 4908//4908 4302//4302 4915//4915
f 4908//4908 4915//4915 4911//4911
f 4911//4911 4915//4915 4916//4916
f 4911//4911 4916//4916 4909//4909
f 4909//4909 4916//4916 4917//4917
f 4909//4909 4917//4917 4889//4889
f 4889//4889 4917//4917 4888//4888
f 4302//4302 3440//3440 4915//4915
f 4915//4915 3440//3440 4260//4260
f 4915//4915 4260//4260 4916//4916
f 4916//4916 4260//4260 4261//4261
f 4916//4916 4261//4261 4917//4917
f 4917//4917 4261//4261 4262//4262
f 4917//4917 4262//4262 4888//4888
f 4888//4888 4262//4262 4259//4259
f 4311//4311 4313//4313 4918//4918
f 4301//4301 4919//4919 4300//4300
f 4300//4300 4919//4919 4920//4920
f 4300//4300 4920//4920 4299//4299
f 4275//4275 3445//3445 4921//4921
f 4921//4921 3445//3445 4297//4297
f 4274//4274 4275//4275 4922//4922
f 4922//4922 4275//4275 4921//4921
f 4922//4922 4921//4921 4923//4923
f 4923//4923 4921//4921 4297//4297
f 4923//4923 4297//4297 4299//4299
f 4299//4299 4920//4920 4923//4923
f 4923//4923 4920//4920 4924//4924
f 4923//4923 4924//4924 4922//4922
f 4922//4922 4924//4924 4925//4925
f 4922//4922 4925//4925 4274//4274
f 4271//4271 4270//4270 4925//4925
f 4925//4925 4270//4270 4276//4276
f 4925//4925 4276//4276 4274//4274
f 4926//4926 4927//4927 4928//4928
f 4928//4928 4927//4927 4929//4929
f 4928//4928 4929//4929 4930//4930
f 4930//4930 4929//4929 4931//4931
f 4930//4930 4931//4931 4932//4932
f 4932//4932 4931//4931 4933//4933
f 4934//4934 4935//4935 4936//4936
f 4927//4927 4937//4937 4929//4929
f 4929//4929 4937//4937 4938//4938
f 4929//4929 4938//4938 4931//4931
f 4931//4931 4938//4938 4939//4939
f 4931//4931 4939//4939 4933//4933
f 4933//4933 4939//4939 4940//4940
f 4919//4919 4926//4926 4920//4920
f 4920//4920 4926//4926 4928//4928
f 4920//4920 4928//4928 4924//4924
f 4924//4924 4928//4928 4930//4930
f 4924//4924 4930//4930 4925//4925
f 4925//4925 4930//4930 4932//4932
f 4925//4925 4932//4932 4271//4271
f 4271//4271 4932//4932 4933//4933
f 4271//4271 4933//4933 4272//4272
f 4272//4272 4933//4933 4940//4940
f 4267//4267 4268//4268 4940//4940
f 4940//4940 4268//4268 4273//4273
f 4940//4940 4273//4273 4272//4272
f 4934//4934 4936//4936 4941//4941
f 4941//4941 4936//4936 4942//4942
f 4941//4941 4942//4942 4943//4943
f 4943//4943 4942//4942 4944//4944
f 4943//4943 4944//4944 4945//4945
f 4945//4945 4944//4944 4946//4946
f 4945//4945 4946//4946 4947//4947
f 4947//4947 4946//4946 4948//4948
f 4947//4947 4948//4948 4949//4949
f 4949//4949 4948//4948 4950//4950
f 4949//4949 4950//4950 4951//4951
f 4951//4951 4950//4950 4952//4952
f 4951//4951 4952//4952 4953//4953
f 4953//4953 4952//4952 4309//4309
f 4953//4953 4309//4309 4317//4317
f 4317//4317 4312//4312 4953//4953
f 4953//4953 4312//4312 4954//4954
f 4953//4953 4954//4954 4951//4951
f 4951//4951 4954//4954 4955//4955
f 4951//4951 4955//4955 4949//4949
f 4949//4949 4955//4955 4956//4956
f 4949//4949 4956//4956 4947//4947
f 4947//4947 4956//4956 4957//4957
f 4947//4947 4957//4957 4945//4945
f 4945//4945 4957//4957 4958//4958
f 4945//4945 4958//4958 4943//4943
f 4943//4943 4958//4958 4959//4959
f 4943//4943 4959//4959 4941//4941
f 4941//4941 4959//4959 4960//4960
f 4941//4941 4960//4960 4934//4934
f 4312//4312 4311//4311 4954//4954
f 4954//4954 4311//4311 4918//4918
f 4954//4954 4918//4918 4955//4955
f 4955//4955 4918//4918 4961//4961
f 4955//4955 4961//4961 4956//4956
f 4956//4956 4961//4961 4962//4962
f 4956//4956 4962//4962 4957//4957
f 4957//4957 4962//4962 4963//4963
f 4957//4957 4963//4963 4958//4958
f 4958//4958 4963//4963 4964//4964
f 4958//4958 4964//4964 4959//4959
f 4959//4959 4964//4964 4965//4965
f 4959//4959 4965//4965 4960//4960
f 4937//4937 4935//4935 4938//4938
f 4938//4938 4935//4935 4934//4934
f 4938//4938 4934//4934 4939//4939
f 4939//4939 4934//4934 4960//4960
f 4939//4939 4960//4960 4940//4940
f 4940//4940 4960//4960 4965//4965
f 4940//4940 4965//4965 4267//4267
f 4267//4267 4965//4965 4964//4964
f 4267//4267 4964//4964 4266//4266
f 4266//4266 4964//4964 4963//4963
f 4266//4266 4963//4963 4269//4269
f 4269//4269 4963//4963 4962//4962
f 4269//4269 4962//4962 4263//4263
f 4263//4263 4962//4962 4961//4961
f 4263//4263 4961//4961 4264//4264
f 4264//4264 4961//4961 4918//4918
f 4264//4264 4918//4918 4265//4265
f 4265//4265 4918//4918 4313//4313
f 4265//4265 4313//4313 3460//3460
f 4310//4310 4309//4309 4966//4966
f 4966//4966 4309//4309 4967//4967
f 4966//4966 4967//4967 4968//4968
f 4968//4968 4967//4967 4969//4969
f 4968//4968 4969//4969 4970//4970
f 4970//4970 4969//4969 4971//4971
f 4970//4970 4971//4971 4972//4972
f 4348//4348 4355//4355 4973//4973
f 4973//4973 4355//4355 4972//4972
f 4973//4973 4972//4972 4974//4974
f 4974//4974 4972//4972 4971//4971
f 4355//4355 4354//4354 4972//4972
f 4972//4972 4354//4354 4975//4975
f 4972//4972 4975//4975 4970//4970
f 4970//4970 4975//4975 4976//4976
f 4970//4970 4976//4976 4968//4968
f 4968//4968 4976//4976 4977//4977
f 4968//4968 4977//4977 4966//4966
f 4966//4966 4977//4977 4978//4978
f 4966//4966 4978//4978 4310//4310
f 4310//4310 4978//4978 4316//4316
f 4354//4354 3653//3653 4975//4975
f 4975//4975 3653//3653 4303//4303
f 4975//4975 4303//4303 4976//4976
f 4976//4976 4303//4303 4306//4306
f 4976//4976 4306//4306 4977//4977
f 4977//4977 4306//4306 4305//4305
f 4977//4977 4305//4305 4978//4978
f 4978//4978 4305//4305 4304//4304
f 4978//4978 4304//4304 4316//4316
f 4316//4316 4304//4304 3462//3462
f 4351//4351 4349//4349 4979//4979
f 4351//4351 4979//4979 4352//4352
f 3647//3647 4980//4980 4329//4329
f 4329//4329 4980//4980 4981//4981
f 4329//4329 4981//4981 4330//4330
f 4330//4330 4981//4981 4982//4982
f 4330//4330 4982//4982 4331//4331
f 4331//4331 4982//4982 4328//4328
f 4328//4328 4982//4982 4983//4983
f 4328//4328 4983//4983 4324//4324
f 4324//4324 4983//4983 4984//4984
f 4324//4324 4984//4984 4325//4325
f 4325//4325 4984//4984 4985//4985
f 4325//4325 4985//4985 4326//4326
f 4986//4986 4987//4987 4988//4988
f 4988//4988 4987//4987 4989//4989
f 4988//4988 4989//4989 4990//4990
f 4990//4990 4989//4989 4991//4991
f 4990//4990 4991//4991 4992//4992
f 4992//4992 4991//4991 4993//4993
f 4992//4992 4993//4993 4994//4994
f 4994//4994 4993//4993 4995//4995
f 4994//4994 4995//4995 4996//4996
f 4996//4996 4995//4995 4997//4997
f 4996//4996 4997//4997 4998//4998
f 4998//4998 4997//4997 4985//4985
f 4998//4998 4985//4985 4999//4999
f 4999//4999 4985//4985 4984//4984
f 4999//4999 4984//4984 5000//5000
f 5000//5000 4984//4984 4983//4983
f 5000//5000 4983//4983 5001//5001
f 5001//5001 4983//4983 4982//4982
f 5001//5001 4982//4982 5002//5002
f 5002//5002 4982//4982 4981//4981
f 5002//5002 4981//4981 5003//5003
f 5003//5003 4981//4981 4980//4980
f 5003//5003 4980//4980 4347//4347
f 4347//4347 4980//4980 3647//3647
f 4364//4364 5004//5004 5005//5005
f 5005//5005 5004//5004 5006//5006
f 5005//5005 5006//5006 5007//5007
f 5007//5007 5006//5006 5008//5008
f 5007//5007 5008//5008 5009//5009
f 5009//5009 5008//5008 5010//5010
f 5009//5009 5010//5010 5011//5011
f 5011//5011 5010//5010 5012//5012
f 5011//5011 5012//5012 5013//5013
f 5013//5013 5012//5012 5014//5014
f 5013//5013 5014//5014 5015//5015
f 5015//5015 5014//5014 5016//5016
f 5015//5015 5016//5016 5017//5017
f 5017//5017 5016//5016 5018//5018
f 5017//5017 5018//5018 5019//5019
f 5019//5019 5018//5018 5020//5020
f 5019//5019 5020//5020 5021//5021
f 5021//5021 5020//5020 5022//5022
f 5021//5021 5022//5022 5023//5023
f 5023//5023 5022//5022 5024//5024
f 5023//5023 5024//5024 5025//5025
f 5025//5025 5024//5024 4979//4979
f 5025//5025 4979//4979 5026//5026
f 5026//5026 4979//4979 4349//4349
f 5026//5026 4349//4349 4348//4348
f 4364//4364 4369//4369 5004//5004
f 5004//5004 4369//4369 4986//4986
f 5004//5004 4986//4986 5006//5006
f 5006//5006 4986//4986 4988//4988
f 5006//5006 4988//4988 5008//5008
f 5008//5008 4988//4988 4990//4990
f 5008//5008 4990//4990 5010//5010
f 5010//5010 4990//4990 4992//4992
f 5010//5010 4992//4992 5012//5012
f 5012//5012 4992//4992 4994//4994
f 5012//5012 4994//4994 5014//5014
f 5014//5014 4994//4994 4996//4996
f 5014//5014 4996//4996 5016//5016
f 5016//5016 4996//4996 4998//4998
f 5016//5016 4998//4998 5018//5018
f 5018//5018 4998//4998 4999//4999
f 5018//5018 4999//4999 5020//5020
f 5020//5020 4999//4999 5000//5000
f 5020//5020 5000//5000 5022//5022
f 5022//5022 5000//5000 5001//5001
f 5022//5022 5001//5001 5024//5024
f 5024//5024 5001//5001 5002//5002
f 5024//5024 5002//5002 4979//4979
f 4979//4979 5002//5002 5003//5003
f 4979//4979 5003//5003 4352//4352
f 4352//4352 5003//5003 4347//4347
f 4371//4371 4363//4363 4987//4987
f 4369//4369 4368//4368 4986//4986
f 4986//4986 4368//4368 4367//4367
f 4986//4986 4367//4367 4987//4987
f 4987//4987 4367//4367 4370//4370
f 4987//4987 4370//4370 4371//4371
f 4326//4326 4985//4985 4327//4327
f 4327//4327 4985//4985 4997//4997
f 4327//4327 4997//4997 4320//4320
f 4320//4320 4997//4997 4995//4995
f 4320//4320 4995//4995 4321//4321
f 4321//4321 4995//4995 4993//4993
f 4321//4321 4993//4993 4322//4322
f 4322//4322 4993//4993 4991//4991
f 4322//4322 4991//4991 4323//4323
f 4323//4323 4991//4991 4989//4989
f 4323//4323 4989//4989 4318//4318
f 4318//4318 4989//4989 4987//4987
f 4318//4318 4987//4987 4319//4319
f 4319//4319 4987//4987 4363//4363
f 4319//4319 4363//4363 3661//3661
f 4365//4365 4364//4364 5027//5027
f 4678//4678 4649//4649 5028//5028
f 5028//5028 4649//4649 5029//5029
f 5028//5028 5029//5029 5027//5027
f 5027//5027 5029//5029 5030//5030
f 5027//5027 5030//5030 4365//4365
f 4365//4365 5030//5030 4360//4360
f 4649//4649 4648//4648 5029//5029
f 5029//5029 4648//4648 5031//5031
f 5029//5029 5031//5031 5030//5030
f 5030//5030 5031//5031 5032//5032
f 5030//5030 5032//5032 4360//4360
f 4360//4360 5032//5032 4361//4361
f 4648//4648 4148//4148 5031//5031
f 5031//5031 4148//4148 4356//4356
f 5031//5031 4356//4356 5032//5032
f 5032//5032 4356//4356 4357//4357
f 5032//5032 4357//4357 4361//4361
f 4361//4361 4357//4357 3658//3658
f 5033//5033 5034//5034 5035//5035
f 5036//5036 5037//5037 5038//5038
f 5039//5039 5040//5040 5041//5041
f 4372//4372 5042//5042 4381//4381
f 4381//4381 5042//5042 5043//5043
f 4381//4381 5043//5043 4379//4379
f 4379//4379 5043//5043 5044//5044
f 4379//4379 5044//5044 4380//4380
f 4380//4380 5044//5044 5045//5045
f 4380//4380 5045//5045 4377//4377
f 4377//4377 5045//5045 5046//5046
f 4377//4377 5046//5046 4378//4378
f 4378//4378 5046//5046 5047//5047
f 4378//4378 5047//5047 4376//4376
f 4376//4376 5047//5047 5048//5048
f 4376//4376 5048//5048 4375//4375
f 4375//4375 5048//5048 5038//5038
f 4375//4375 5038//5038 4374//4374
f 4374//4374 5038//5038 5037//5037
f 4374//4374 5037//5037 4373//4373
f 4372//4372 5033//5033 5042//5042
f 5042//5042 5033//5033 5035//5035
f 5042//5042 5035//5035 5043//5043
f 5043//5043 5035//5035 5049//5049
f 5043//5043 5049//5049 5044//5044
f 5044//5044 5049//5049 5050//5050
f 5044//5044 5050//5050 5045//5045
f 5045//5045 5050//5050 5051//5051
f 5045//5045 5051//5051 5046//5046
f 5046//5046 5051//5051 5052//5052
f 5046//5046 5052//5052 5047//5047
f 5047//5047 5052//5052 5053//5053
f 5047//5047 5053//5053 5048//5048
f 5048//5048 5053//5053 5054//5054
f 5048//5048 5054//5054 5038//5038
f 5038//5038 5054//5054 5041//5041
f 5038//5038 5041//5041 5036//5036
f 5036//5036 5041//5041 5040//5040
f 5039//5039 5041//5041 5055//5055
f 5055//5055 5041//5041 5054//5054
f 5055//5055 5054//5054 5056//5056
f 5056//5056 5054//5054 5053//5053
f 5056//5056 5053//5053 5057//5057
f 5057//5057 5053//5053 5052//5052
f 5057//5057 5052//5052 5058//5058
f 5058//5058 5052//5052 5051//5051
f 5058//5058 5051//5051 5059//5059
f 5059//5059 5051//5051 5050//5050
f 5059//5059 5050//5050 5060//5060
f 5060//5060 5050//5050 5049//5049
f 5060//5060 5049//5049 5061//5061
f 5061//5061 5049//5049 5035//5035
f 5061//5061 5035//5035 5062//5062
f 5062//5062 5035//5035 5034//5034
f 5062//5062 5034//5034 5063//5063
f 5036//5036 5040//5040 5064//5064
f 5065//5065 4392//4392 4391//4391
f 5066//5066 5065//5065 5067//5067
f 5065//5065 4391//4391 5067//5067
f 5067//5067 4391//4391 4390//4390
f 5067//5067 4390//4390 5068//5068
f 5068//5068 4390//4390 4388//4388
f 5068//5068 4388//4388 5069//5069
f 5069//5069 4388//4388 4389//4389
f 5069//5069 4389//4389 5070//5070
f 5070//5070 4389//4389 4385//4385
f 5070//5070 4385//4385 5071//5071
f 5071//5071 4385//4385 4386//4386
f 5071//5071 4386//4386 4387//4387
f 4382//4382 5072//5072 4387//4387
f 4387//4387 5072//5072 5073//5073
f 4387//4387 5073//5073 5071//5071
f 4382//4382 4383//4383 5072//5072
f 5072//5072 4383//4383 4384//4384
f 5072//5072 4384//4384 5074//5074
f 5074//5074 4384//4384 4373//4373
f 4373//4373 5037//5037 5074//5074
f 5074//5074 5037//5037 5075//5075
f 5074//5074 5075//5075 5072//5072
f 5072//5072 5075//5075 5076//5076
f 5072//5072 5076//5076 5073//5073
f 5073//5073 5076//5076 5077//5077
f 5073//5073 5077//5077 5071//5071
f 5071//5071 5077//5077 5078//5078
f 5071//5071 5078//5078 5070//5070
f 5070//5070 5078//5078 5079//5079
f 5070//5070 5079//5079 5069//5069
f 5069//5069 5079//5079 5080//5080
f 5069//5069 5080//5080 5068//5068
f 5068//5068 5080//5080 5081//5081
f 5068//5068 5081//5081 5067//5067
f 5067//5067 5081//5081 5082//5082
f 5067//5067 5082//5082 5066//5066
f 5066//5066 5082//5082 5083//5083
f 5037//5037 5036//5036 5075//5075
f 5075//5075 5036//5036 5064//5064
f 5075//5075 5064//5064 5076//5076
f 5076//5076 5064//5064 5084//5084
f 5076//5076 5084//5084 5077//5077
f 5077//5077 5084//5084 5085//5085
f 5077//5077 5085//5085 5078//5078
f 5078//5078 5085//5085 5086//5086
f 5078//5078 5086//5086 5079//5079
f 5079//5079 5086//5086 5087//5087
f 5079//5079 5087//5087 5080//5080
f 5080//5080 5087//5087 5088//5088
f 5080//5080 5088//5088 5081//5081
f 5081//5081 5088//5088 5089//5089
f 5081//5081 5089//5089 5082//5082
f 5082//5082 5089//5089 5090//5090
f 5082//5082 5090//5090 5083//5083
f 5083//5083 5090//5090 5091//5091
f 5091//5091 5090//5090 5092//5092
f 5092//5092 5090//5090 5089//5089
f 5092//5092 5089//5089 5093//5093
f 5093//5093 5089//5089 5088//5088
f 5093//5093 5088//5088 5094//5094
f 5094//5094 5088//5088 5087//5087
f 5094//5094 5087//5087 5095//5095
f 5095//5095 5087//5087 5086//5086
f 5095//5095 5086//5086 5096//5096
f 5096//5096 5086//5086 5085//5085
f 5096//5096 5085//5085 5097//5097
f 5097//5097 5085//5085 5084//5084
f 5097//5097 5084//5084 5098//5098
f 5098//5098 5084//5084 5064//5064
f 5098//5098 5064//5064 5099//5099
f 5099//5099 5064//5064 5040//5040
f 5099//5099 5040//5040 5039//5039
f 5100//5100 5101//5101 5102//5102
f 4410//4410 4413//4413 5103//5103
f 5103//5103 4413//4413 5104//5104
f 5103//5103 5104//5104 5105//5105
f 5105//5105 5104//5104 5106//5106
f 5105//5105 5106//5106 5107//5107
f 5107//5107 5106//5106 5108//5108
f 5107//5107 5108//5108 5091//5091
f 5091//5091 5108//5108 5083//5083
f 5109//5109 5066//5066 5083//5083
f 4413//4413 4406//4406 5104//5104
f 5104//5104 4406//4406 5101//5101
f 5104//5104 5101//5101 5106//5106
f 5106//5106 5101//5101 5100//5100
f 5106//5106 5100//5100 5108//5108
f 5065//5065 5066//5066 5110//5110
f 5110//5110 5066//5066 5109//5109
f 5110//5110 5109//5109 5111//5111
f 4392//4392 5065//5065 4395//4395
f 4395//4395 5065//5065 5110//5110
f 4395//4395 5110//5110 4394//4394
f 4394//4394 5110//5110 5111//5111
f 4394//4394 5111//5111 4393//4393
f 4406//4406 4408//4408 5101//5101
f 5101//5101 4408//4408 4409//4409
f 5101//5101 4409//4409 5102//5102
f 5102//5102 4409//4409 4404//4404
f 5102//5102 4404//4404 4403//4403
f 5083//5083 5108//5108 5109//5109
f 5109//5109 5108//5108 5100//5100
f 5109//5109 5100//5100 5111//5111
f 5111//5111 5100//5100 5102//5102
f 5111//5111 5102//5102 4393//4393
f 4393//4393 5102//5102 4403//4403
f 4393//4393 4403//4403 4008//4008
f 4421//4421 3998//3998 4573//4573
f 5112//5112 5113//5113 5114//5114
f 4412//4412 4411//4411 5115//5115
f 4411//4411 4410//4410 5116//5116
f 4412//4412 5115//5115 4401//4401
f 5117//5117 4580//4580 5118//5118
f 5118//5118 4580//4580 4002//4002
f 5118//5118 4002//4002 4398//4398
f 4411//4411 5116//5116 5115//5115
f 5115//5115 5116//5116 5119//5119
f 5115//5115 5119//5119 5120//5120
f 5120//5120 5119//5119 5121//5121
f 5120//5120 5121//5121 5122//5122
f 5122//5122 5121//5121 5123//5123
f 5122//5122 5123//5123 5124//5124
f 5124//5124 5123//5123 5125//5125
f 5124//5124 5125//5125 5126//5126
f 5126//5126 5125//5125 5127//5127
f 5126//5126 5127//5127 5128//5128
f 5128//5128 5127//5127 5129//5129
f 5128//5128 5129//5129 5130//5130
f 4399//4399 4401//4401 5131//5131
f 5131//5131 4401//4401 5115//5115
f 5131//5131 5115//5115 5132//5132
f 5132//5132 5115//5115 5120//5120
f 5132//5132 5120//5120 5133//5133
f 5133//5133 5120//5120 5122//5122
f 5133//5133 5122//5122 5134//5134
f 5134//5134 5122//5122 5124//5124
f 5134//5134 5124//5124 5135//5135
f 5135//5135 5124//5124 5126//5126
f 5135//5135 5126//5126 5136//5136
f 5136//5136 5126//5126 5128//5128
f 5136//5136 5128//5128 5137//5137
f 5137//5137 5128//5128 5130//5130
f 5137//5137 5130//5130 5138//5138
f 4398//4398 4399//4399 5118//5118
f 5118//5118 4399//4399 5131//5131
f 5118//5118 5131//5131 5117//5117
f 5117//5117 5131//5131 5132//5132
f 5117//5117 5132//5132 5139//5139
f 5139//5139 5132//5132 5133//5133
f 5139//5139 5133//5133 5140//5140
f 5140//5140 5133//5133 5134//5134
f 5140//5140 5134//5134 5141//5141
f 5141//5141 5134//5134 5135//5135
f 5141//5141 5135//5135 5142//5142
f 5142//5142 5135//5135 5136//5136
f 5142//5142 5136//5136 5143//5143
f 5143//5143 5136//5136 5137//5137
f 5143//5143 5137//5137 5144//5144
f 5144//5144 5137//5137 5138//5138
f 5144//5144 5138//5138 5145//5145
f 5145//5145 4575//4575 5144//5144
f 5144//5144 4575//4575 4579//4579
f 5144//5144 4579//4579 5143//5143
f 5143//5143 4579//4579 4578//4578
f 5143//5143 4578//4578 5142//5142
f 5142//5142 4578//4578 4577//4577
f 5142//5142 4577//4577 5141//5141
f 5141//5141 4577//4577 4576//4576
f 5141//5141 4576//4576 5140//5140
f 5140//5140 4576//4576 4583//4583
f 5140//5140 4583//4583 5139//5139
f 5139//5139 4583//4583 4582//4582
f 5139//5139 4582//4582 5117//5117
f 5117//5117 4582//4582 4581//4581
f 5117//5117 4581//4581 4580//4580
f 4572//4572 4571//4571 5145//5145
f 5145//5145 4571//4571 4574//4574
f 5145//5145 4574//4574 4575//4575
f 5146//5146 5147//5147 5148//5148
f 5148//5148 5147//5147 5149//5149
f 5148//5148 5149//5149 5150//5150
f 5150//5150 5149//5149 5151//5151
f 5150//5150 5151//5151 5152//5152
f 5152//5152 5151//5151 5153//5153
f 4419//4419 5113//5113 5154//5154
f 5154//5154 5113//5113 5112//5112
f 5154//5154 5112//5112 5155//5155
f 4419//4419 4418//4418 5113//5113
f 5113//5113 4418//4418 4432//4432
f 5113//5113 4432//4432 5114//5114
f 5114//5114 4432//4432 4431//4431
f 5114//5114 4431//4431 4430//4430
f 5147//5147 5155//5155 5149//5149
f 5149//5149 5155//5155 5112//5112
f 5149//5149 5112//5112 5151//5151
f 5151//5151 5112//5112 5114//5114
f 5151//5151 5114//5114 5153//5153
f 5153//5153 5114//5114 4430//4430
f 5153//5153 4430//4430 4427//4427
f 5129//5129 5146//5146 5130//5130
f 5130//5130 5146//5146 5148//5148
f 5130//5130 5148//5148 5138//5138
f 5138//5138 5148//5148 5150//5150
f 5138//5138 5150//5150 5145//5145
f 5145//5145 5150//5150 5152//5152
f 5145//5145 5152//5152 4572//4572
f 4572//4572 5152//5152 5153//5153
f 4572//4572 5153//5153 4573//4573
f 4573//4573 5153//5153 4427//4427
f 4573//4573 4427//4427 4421//4421
f 4437//4437 3811//3811 4414//4414
f 4423//4423 4424//4424 5156//5156
f 4446//4446 4445//4445 5157//5157
f 4429//4429 4428//4428 5158//5158
f 4428//4428 4419//4419 5158//5158
f 5158//5158 4419//4419 5159//5159
f 5158//5158 5159//5159 5160//5160
f 5160//5160 5159//5159 5161//5161
f 5160//5160 5161//5161 5162//5162
f 5162//5162 5161//5161 5163//5163
f 5162//5162 5163//5163 5164//5164
f 4442//4442 4447//4447 5165//5165
f 5165//5165 4447//4447 5164//5164
f 5165//5165 5164//5164 5166//5166
f 5166//5166 5164//5164 5163//5163
f 4447//4447 4446//4446 5164//5164
f 5164//5164 4446//4446 5157//5157
f 5164//5164 5157//5157 5162//5162
f 5162//5162 5157//5157 5167//5167
f 5162//5162 5167//5167 5160//5160
f 5160//5160 5167//5167 5168//5168
f 5160//5160 5168//5168 5158//5158
f 5158//5158 5168//5168 5169//5169
f 5158//5158 5169//5169 4429//4429
f 4429//4429 5169//5169 4426//4426
f 4445//4445 4438//4438 5157//5157
f 5157//5157 4438//4438 5170//5170
f 5157//5157 5170//5170 5167//5167
f 5167//5167 5170//5170 5171//5171
f 5167//5167 5171//5171 5168//5168
f 5168//5168 5171//5171 5172//5172
f 5168//5168 5172//5172 5169//5169
f 5169//5169 5172//5172 5156//5156
f 5169//5169 5156//5156 4426//4426
f 4426//4426 5156//5156 4424//4424
f 4438//4438 4437//4437 5170//5170
f 5170//5170 4437//4437 4414//4414
f 5170//5170 4414//4414 5171//5171
f 5171//5171 4414//4414 4417//4417
f 5171//5171 4417//4417 5172//5172
f 5172//5172 4417//4417 4416//4416
f 5172//5172 4416//4416 5156//5156
f 5156//5156 4416//4416 4415//4415
f 5156//5156 4415//4415 4423//4423
f 4423//4423 4415//4415 4001//4001
f 4457//4457 4456//4456 5173//5173
f 4469//4469 4459//4459 5174//5174
f 4444//4444 4443//4443 5175//5175
f 4444//4444 5175//5175 4440//4440
f 4529//4529 3812//3812 4434//4434
f 4434//4434 5176//5176 4529//4529
f 4529//4529 5176//5176 5177//5177
f 4529//4529 5177//5177 4530//4530
f 4530//4530 5177//5177 5178//5178
f 4530//4530 5178//5178 4525//4525
f 4525//4525 5178//5178 5179//5179
f 4525//4525 5179//5179 4526//4526
f 4526//4526 5179//5179 5180//5180
f 4526//4526 5180//5180 4527//4527
f 4527//4527 5180//5180 4528//4528
f 4528//4528 5180//5180 5181//5181
f 4528//4528 5181//5181 4520//4520
f 4520//4520 5181//5181 5182//5182
f 4520//4520 5182//5182 4521//4521
f 4521//4521 5182//5182 5183//5183
f 4521//4521 5183//5183 4522//4522
f 4522//4522 5183//5183 5184//5184
f 4522//4522 5184//5184 4523//4523
f 4461//4461 5185//5185 5186//5186
f 5186//5186 5185//5185 5187//5187
f 5186//5186 5187//5187 5188//5188
f 5188//5188 5187//5187 5189//5189
f 5188//5188 5189//5189 5190//5190
f 5190//5190 5189//5189 5191//5191
f 5190//5190 5191//5191 5192//5192
f 5192//5192 5191//5191 5193//5193
f 5192//5192 5193//5193 5194//5194
f 5194//5194 5193//5193 5195//5195
f 5194//5194 5195//5195 5196//5196
f 5196//5196 5195//5195 5197//5197
f 5196//5196 5197//5197 5198//5198
f 5198//5198 5197//5197 5199//5199
f 5198//5198 5199//5199 5200//5200
f 5200//5200 5199//5199 5201//5201
f 5200//5200 5201//5201 5202//5202
f 5202//5202 5201//5201 5203//5203
f 5202//5202 5203//5203 5204//5204
f 5204//5204 5203//5203 5205//5205
f 5204//5204 5205//5205 5206//5206
f 5206//5206 5205//5205 5175//5175
f 5206//5206 5175//5175 5207//5207
f 5207//5207 5175//5175 4443//4443
f 5207//5207 4443//4443 4442//4442
f 4461//4461 4470//4470 5185//5185
f 5185//5185 4470//4470 5208//5208
f 5185//5185 5208//5208 5187//5187
f 5187//5187 5208//5208 5209//5209
f 5187//5187 5209//5209 5189//5189
f 5189//5189 5209//5209 5210//5210
f 5189//5189 5210//5210 5191//5191
f 5191//5191 5210//5210 5211//5211
f 5191//5191 5211//5211 5193//5193
f 5193//5193 5211//5211 5212//5212
f 5193//5193 5212//5212 5195//5195
f 5195//5195 5212//5212 5213//5213
f 5195//5195 5213//5213 5197//5197
f 5197//5197 5213//5213 5214//5214
f 5197//5197 5214//5214 5199//5199
f 5199//5199 5214//5214 5215//5215
f 5199//5199 5215//5215 5201//5201
f 5201//5201 5215//5215 5216//5216
f 5201//5201 5216//5216 5203//5203
f 5203//5203 5216//5216 5217//5217
f 5203//5203 5217//5217 5205//5205
f 5205//5205 5217//5217 5218//5218
f 5205//5205 5218//5218 5175//5175
f 5175//5175 5218//5218 5219//5219
f 5175//5175 5219//5219 4440//4440
f 4440//4440 5219//5219 4441//4441
f 4470//4470 4469//4469 5208//5208
f 5208//5208 4469//4469 5174//5174
f 5208//5208 5174//5174 5209//5209
f 5209//5209 5174//5174 5220//5220
f 5209//5209 5220//5220 5210//5210
f 5210//5210 5220//5220 5221//5221
f 5210//5210 5221//5221 5211//5211
f 5211//5211 5221//5221 5222//5222
f 5211//5211 5222//5222 5212//5212
f 5212//5212 5222//5222 5223//5223
f 5212//5212 5223//5223 5213//5213
f 5213//5213 5223//5223 5224//5224
f 5213//5213 5224//5224 5214//5214
f 5214//5214 5224//5224 5225//5225
f 5214//5214 5225//5225 5215//5215
f 5215//5215 5225//5225 5226//5226
f 5215//5215 5226//5226 5216//5216
f 5216//5216 5226//5226 5227//5227
f 5216//5216 5227//5227 5217//5217
f 5217//5217 5227//5227 5228//5228
f 5217//5217 5228//5228 5218//5218
f 5218//5218 5228//5228 5229//5229
f 5218//5218 5229//5229 5219//5219
f 5219//5219 5229//5229 5230//5230
f 5219//5219 5230//5230 4441//4441
f 4441//4441 5230//5230 4435//4435
f 4459//4459 4457//4457 5174//5174
f 5174//5174 4457//4457 5173//5173
f 5174//5174 5173//5173 5220//5220
f 5220//5220 5173//5173 5231//5231
f 5220//5220 5231//5231 5221//5221
f 5221//5221 5231//5231 5232//5232
f 5221//5221 5232//5232 5222//5222
f 5222//5222 5232//5232 5184//5184
f 5222//5222 5184//5184 5223//5223
f 5223//5223 5184//5184 5183//5183
f 5223//5223 5183//5183 5224//5224
f 5224//5224 5183//5183 5182//5182
f 5224//5224 5182//5182 5225//5225
f 5225//5225 5182//5182 5181//5181
f 5225//5225 5181//5181 5226//5226
f 5226//5226 5181//5181 5180//5180
f 5226//5226 5180//5180 5227//5227
f 5227//5227 5180//5180 5179//5179
f 5227//5227 5179//5179 5228//5228
f 5228//5228 5179//5179 5178//5178
f 5228//5228 5178//5178 5229//5229
f 5229//5229 5178//5178 5177//5177
f 5229//5229 5177//5177 5230//5230
f 5230//5230 5177//5177 5176//5176
f 5230//5230 5176//5176 4435//4435
f 4435//4435 5176//5176 4434//4434
f 4523//4523 5184//5184 4524//4524
f 4524//4524 5184//5184 5232//5232
f 4524//4524 5232//5232 4518//4518
f 4518//4518 5232//5232 5231//5231
f 4518//4518 5231//5231 4519//4519
f 4519//4519 5231//5231 5173//5173
f 4519//4519 5173//5173 4517//4517
f 4517//4517 5173//5173 4456//4456
f 4517//4517 4456//4456 3804//3804
f 5233//5233 5234//5234 5235//5235
f 5236//5236 5237//5237 4461//4461
f 4461//4461 5237//5237 4462//4462
f 5236//5236 5238//5238 5239//5239
f 5239//5239 5238//5238 5233//5233
f 4462//4462 5237//5237 4464//4464
f 4464//4464 5237//5237 5240//5240
f 4464//4464 5240//5240 4466//4466
f 4466//4466 5240//5240 4467//4467
f 4467//4467 5240//5240 5241//5241
f 4467//4467 5241//5241 4454//4454
f 4454//4454 5241//5241 4453//4453
f 4453//4453 5241//5241 4450//4450
f 4453//4453 4450//4450 3806//3806
f 5236//5236 5239//5239 5237//5237
f 5237//5237 5239//5239 5242//5242
f 5237//5237 5242//5242 5240//5240
f 5240//5240 5242//5242 5243//5243
f 5240//5240 5243//5243 5241//5241
f 5241//5241 5243//5243 4449//4449
f 5241//5241 4449//4449 4450//4450
f 5233//5233 5235//5235 5239//5239
f 5239//5239 5235//5235 5244//5244
f 5239//5239 5244//5244 5242//5242
f 5242//5242 5244//5244 5245//5245
f 5242//5242 5245//5245 5243//5243
f 5243//5243 5245//5245 4448//4448
f 5243//5243 4448//4448 4449//4449
f 5244//5244 5235//5235 5246//5246
f 4448//4448 5247//5247 4472//4472
f 4472//4472 5247//5247 5248//5248
f 4472//4472 5248//5248 4475//4475
f 4475//4475 5248//5248 5249//5249
f 4475//4475 5249//5249 4473//4473
f 4473//4473 5249//5249 5250//5250
f 4473//4473 5250//5250 4474//4474
f 4474//4474 5250//5250 5251//5251
f 4474//4474 5251//5251 4471//4471
f 4471//4471 5251//5251 5252//5252
f 4471//4471 5252//5252 4476//4476
f 4476//4476 5252//5252 5253//5253
f 4476//4476 5253//5253 4477//4477
f 4448//4448 5245//5245 5247//5247
f 5247//5247 5245//5245 5254//5254
f 5247//5247 5254//5254 5248//5248
f 5248//5248 5254//5254 5255//5255
f 5248//5248 5255//5255 5249//5249
f 5249//5249 5255//5255 5256//5256
f 5249//5249 5256//5256 5250//5250
f 5250//5250 5256//5256 5257//5257
f 5250//5250 5257//5257 5251//5251
f 5251//5251 5257//5257 5258//5258
f 5251//5251 5258//5258 5252//5252
f 5252//5252 5258//5258 5259//5259
f 5252//5252 5259//5259 5253//5253
f 5253//5253 5259//5259 5260//5260
f 5245//5245 5244//5244 5254//5254
f 5254//5254 5244//5244 5246//5246
f 5254//5254 5246//5246 5255//5255
f 5255//5255 5246//5246 5261//5261
f 5255//5255 5261//5261 5256//5256
f 5256//5256 5261//5261 5262//5262
f 5256//5256 5262//5262 5257//5257
f 5257//5257 5262//5262 5263//5263
f 5257//5257 5263//5263 5258//5258
f 5258//5258 5263//5263 5264//5264
f 5258//5258 5264//5264 5259//5259
f 5259//5259 5264//5264 5265//5265
f 5259//5259 5265//5265 5260//5260
f 5260//5260 5265//5265 5266//5266
f 5266//5266 5265//5265 5267//5267
f 5267//5267 5265//5265 5264//5264
f 5267//5267 5264//5264 5268//5268
f 5268//5268 5264//5264 5263//5263
f 5268//5268 5263//5263 5269//5269
f 5269//5269 5263//5263 5262//5262
f 5269//5269 5262//5262 5270//5270
f 5270//5270 5262//5262 5261//5261
f 5270//5270 5261//5261 5271//5271
f 5271//5271 5261//5261 5246//5246
f 5271//5271 5246//5246 5272//5272
f 5272//5272 5246//5246 5235//5235
f 5272//5272 5235//5235 5234//5234
f 5253//5253 5260//5260 5273//5273
f 5274//5274 4478//4478 4479//4479
f 5275//5275 5274//5274 5276//5276
f 5274//5274 4479//4479 5276//5276
f 5276//5276 4479//4479 4480//4480
f 5276//5276 4480//4480 5277//5277
f 5277//5277 4480//4480 4481//4481
f 5277//5277 4481//4481 5278//5278
f 4481//4481 4482//4482 5278//5278
f 5278//5278 4482//4482 4484//4484
f 5278//5278 4484//4484 5279//5279
f 5279//5279 4484//4484 4483//4483
f 5279//5279 4483//4483 5280//5280
f 5280//5280 4483//4483 4485//4485
f 5280//5280 4485//4485 5281//5281
f 5281//5281 4485//4485 4477//4477
f 4477//4477 5253//5253 5281//5281
f 5281//5281 5253//5253 5273//5273
f 5281//5281 5273//5273 5280//5280
f 5280//5280 5273//5273 5282//5282
f 5280//5280 5282//5282 5279//5279
f 5279//5279 5282//5282 5283//5283
f 5279//5279 5283//5283 5278//5278
f 5278//5278 5283//5283 5284//5284
f 5278//5278 5284//5284 5277//5277
f 5277//5277 5284//5284 5285//5285
f 5277//5277 5285//5285 5276//5276
f 5276//5276 5285//5285 5286//5286
f 5276//5276 5286//5286 5275//5275
f 5275//5275 5286//5286 5287//5287
f 5287//5287 5286//5286 5288//5288
f 5288//5288 5286//5286 5285//5285
f 5288//5288 5285//5285 5289//5289
f 5289//5289 5285//5285 5284//5284
f 5289//5289 5284//5284 5290//5290
f 5290//5290 5284//5284 5283//5283
f 5290//5290 5283//5283 5291//5291
f 5291//5291 5283//5283 5282//5282
f 5291//5291 5282//5282 5292//5292
f 5292//5292 5282//5282 5273//5273
f 5292//5292 5273//5273 5293//5293
f 5293//5293 5273//5273 5260//5260
f 5293//5293 5260//5260 5266//5266
f 4491//4491 4490//4490 5294//5294
f 5295//5295 5275//5275 5287//5287
f 4502//4502 4491//4491 5296//5296
f 5296//5296 4491//4491 5294//5294
f 5296//5296 5294//5294 5297//5297
f 5297//5297 5294//5294 5295//5295
f 5297//5297 5295//5295 5298//5298
f 5298//5298 5295//5295 5287//5287
f 4490//4490 4500//4500 5294//5294
f 5294//5294 4500//4500 5299//5299
f 5294//5294 5299//5299 5295//5295
f 5295//5295 5299//5299 5300//5300
f 5295//5295 5300//5300 5275//5275
f 5275//5275 5300//5300 5274//5274
f 4500//4500 3714//3714 5299//5299
f 5299//5299 3714//3714 4486//4486
f 5299//5299 4486//4486 5300//5300
f 5300//5300 4486//4486 4487//4487
f 5300//5300 4487//4487 5274//5274
f 5274//5274 4487//4487 4478//4478
f 4535//4535 4537//4537 5301//5301
f 4494//4494 4493//4493 5302//5302
f 4502//4502 5303//5303 4501//4501
f 4501//4501 5303//5303 5304//5304
f 4501//4501 5304//5304 4493//4493
f 4515//4515 3710//3710 5305//5305
f 5305//5305 3710//3710 4498//4498
f 4498//4498 4496//4496 5305//5305
f 5305//5305 4496//4496 4495//4495
f 5305//5305 4495//4495 4499//4499
f 4516//4516 4515//4515 5306//5306
f 5306//5306 4515//4515 5305//5305
f 5306//5306 5305//5305 5302//5302
f 5302//5302 5305//5305 4499//4499
f 5302//5302 4499//4499 4494//4494
f 4493//4493 5304//5304 5302//5302
f 5302//5302 5304//5304 5307//5307
f 5302//5302 5307//5307 5306//5306
f 5306//5306 5307//5307 5308//5308
f 5306//5306 5308//5308 4516//4516
f 4514//4514 4504//4504 5308//5308
f 5308//5308 4504//4504 4503//4503
f 5308//5308 4503//4503 4516//4516
f 5309//5309 5310//5310 5311//5311
f 5311//5311 5310//5310 5312//5312
f 5311//5311 5312//5312 5313//5313
f 5313//5313 5312//5312 5314//5314
f 5313//5313 5314//5314 5315//5315
f 5315//5315 5314//5314 5316//5316
f 5317//5317 5318//5318 5319//5319
f 5310//5310 5320//5320 5312//5312
f 5312//5312 5320//5320 5321//5321
f 5312//5312 5321//5321 5314//5314
f 5314//5314 5321//5321 5322//5322
f 5314//5314 5322//5322 5316//5316
f 5316//5316 5322//5322 5323//5323
f 5303//5303 5309//5309 5304//5304
f 5304//5304 5309//5309 5311//5311
f 5304//5304 5311//5311 5307//5307
f 5307//5307 5311//5311 5313//5313
f 5307//5307 5313//5313 5308//5308
f 5308//5308 5313//5313 5315//5315
f 5308//5308 5315//5315 4514//4514
f 4514//4514 5315//5315 5316//5316
f 4514//4514 5316//5316 4510//4510
f 4510//4510 5316//5316 5323//5323
f 4513//4513 4512//4512 5323//5323
f 5323//5323 4512//4512 4511//4511
f 5323//5323 4511//4511 4510//4510
f 5317//5317 5319//5319 5324//5324
f 5324//5324 5319//5319 5325//5325
f 5324//5324 5325//5325 5326//5326
f 5326//5326 5325//5325 5327//5327
f 5326//5326 5327//5327 5328//5328
f 5328//5328 5327//5327 5329//5329
f 5328//5328 5329//5329 5330//5330
f 5330//5330 5329//5329 5331//5331
f 5330//5330 5331//5331 5332//5332
f 5332//5332 5331//5331 5333//5333
f 5332//5332 5333//5333 5334//5334
f 5334//5334 5333//5333 5335//5335
f 5334//5334 5335//5335 5336//5336
f 5336//5336 5335//5335 4533//4533
f 5336//5336 4533//4533 4541//4541
f 4541//4541 4536//4536 5336//5336
f 5336//5336 4536//4536 5337//5337
f 5336//5336 5337//5337 5334//5334
f 5334//5334 5337//5337 5338//5338
f 5334//5334 5338//5338 5332//5332
f 5332//5332 5338//5338 5339//5339
f 5332//5332 5339//5339 5330//5330
f 5330//5330 5339//5339 5340//5340
f 5330//5330 5340//5340 5328//5328
f 5328//5328 5340//5340 5341//5341
f 5328//5328 5341//5341 5326//5326
f 5326//5326 5341//5341 5342//5342
f 5326//5326 5342//5342 5324//5324
f 5324//5324 5342//5342 5343//5343
f 5324//5324 5343//5343 5317//5317
f 4536//4536 4535//4535 5337//5337
f 5337//5337 4535//4535 5301//5301
f 5337//5337 5301//5301 5338//5338
f 5338//5338 5301//5301 5344//5344
f 5338//5338 5344//5344 5339//5339
f 5339//5339 5344//5344 5345//5345
f 5339//5339 5345//5345 5340//5340
f 5340//5340 5345//5345 5346//5346
f 5340//5340 5346//5346 5341//5341
f 5341//5341 5346//5346 5347//5347
f 5341//5341 5347//5347 5342//5342
f 5342//5342 5347//5347 5348//5348
f 5342//5342 5348//5348 5343//5343
f 5320//5320 5318//5318 5321//5321
f 5321//5321 5318//5318 5317//5317
f 5321//5321 5317//5317 5322//5322
f 5322//5322 5317//5317 5343//5343
f 5322//5322 5343//5343 5323//5323
f 5323//5323 5343//5343 5348//5348
f 5323//5323 5348//5348 4513//4513
f 4513//4513 5348//5348 5347//5347
f 4513//4513 5347//5347 4509//4509
f 4509//4509 5347//5347 5346//5346
f 4509//4509 5346//5346 4508//4508
f 4508//4508 5346//5346 5345//5345
f 4508//4508 5345//5345 4505//4505
f 4505//4505 5345//5345 5344//5344
f 4505//4505 5344//5344 4506//4506
f 4506//4506 5344//5344 5301//5301
f 4506//4506 5301//5301 4507//4507
f 4507//4507 5301//5301 4537//4537
f 4507//4507 4537//4537 3899//3899
f 4549//4549 4556//4556 5349//5349
f 5349//5349 4556//4556 5350//5350
f 5349//5349 5350//5350 5351//5351
f 5351//5351 5350//5350 5352//5352
f 5351//5351 5352//5352 5353//5353
f 5353//5353 5352//5352 5354//5354
f 5353//5353 5354//5354 5355//5355
f 5355//5355 5354//5354 5356//5356
f 5355//5355 5356//5356 5357//5357
f 5357//5357 5356//5356 4534//4534
f 5357//5357 4534//4534 4533//4533
f 4556//4556 4555//4555 5350//5350
f 5350//5350 4555//4555 5358//5358
f 5350//5350 5358//5358 5352//5352
f 5352//5352 5358//5358 5359//5359
f 5352//5352 5359//5359 5354//5354
f 5354//5354 5359//5359 5360//5360
f 5354//5354 5360//5360 5356//5356
f 5356//5356 5360//5360 5361//5361
f 5356//5356 5361//5361 4534//4534
f 4534//4534 5361//5361 4540//4540
f 4555//4555 3934//3934 5358//5358
f 5358//5358 3934//3934 4542//4542
f 5358//5358 4542//4542 5359//5359
f 5359//5359 4542//4542 4545//4545
f 5359//5359 4545//4545 5360//5360
f 5360//5360 4545//4545 4544//4544
f 5360//5360 4544//4544 5361//5361
f 5361//5361 4544//4544 4543//4543
f 5361//5361 4543//4543 4540//4540
f 4540//4540 4543//4543 3901//3901
f 4595//4595 4593//4593 5362//5362
f 4552//4552 4550//4550 5363//5363
f 4552//4552 5363//5363 4553//4553
f 3928//3928 5364//5364 4568//4568
f 4568//4568 5364//5364 5365//5365
f 4568//4568 5365//5365 4569//4569
f 4569//4569 5365//5365 5366//5366
f 4563//4563 4567//4567 5366//5366
f 5366//5366 4567//4567 4570//4570
f 5366//5366 4570//4570 4569//4569
f 5366//5366 5367//5367 4563//4563
f 4563//4563 5367//5367 5368//5368
f 4563//4563 5368//5368 4564//4564
f 4564//4564 5368//5368 5369//5369
f 4564//4564 5369//5369 4565//4565
f 4589//4589 5370//5370 5371//5371
f 5371//5371 5370//5370 5372//5372
f 5371//5371 5372//5372 5373//5373
f 5373//5373 5372//5372 5374//5374
f 5373//5373 5374//5374 5375//5375
f 5375//5375 5374//5374 5376//5376
f 5375//5375 5376//5376 5377//5377
f 5377//5377 5376//5376 5378//5378
f 5377//5377 5378//5378 5379//5379
f 5379//5379 5378//5378 5380//5380
f 5379//5379 5380//5380 5381//5381
f 5381//5381 5380//5380 5382//5382
f 5381//5381 5382//5382 5383//5383
f 5383//5383 5382//5382 5384//5384
f 5383//5383 5384//5384 5385//5385
f 5385//5385 5384//5384 5386//5386
f 5385//5385 5386//5386 5387//5387
f 5387//5387 5386//5386 5388//5388
f 5387//5387 5388//5388 5389//5389
f 5389//5389 5388//5388 5390//5390
f 5389//5389 5390//5390 5391//5391
f 5391//5391 5390//5390 5363//5363
f 5391//5391 5363//5363 5392//5392
f 5392//5392 5363//5363 4550//4550
f 5392//5392 4550//4550 4549//4549
f 4589//4589 4596//4596 5370//5370
f 5370//5370 4596//4596 5393//5393
f 5370//5370 5393//5393 5372//5372
f 5372//5372 5393//5393 5394//5394
f 5372//5372 5394//5394 5374//5374
f 5374//5374 5394//5394 5395//5395
f 5374//5374 5395//5395 5376//5376
f 5376//5376 5395//5395 5396//5396
f 5376//5376 5396//5396 5378//5378
f 5378//5378 5396//5396 5397//5397
f 5378//5378 5397//5397 5380//5380
f 5380//5380 5397//5397 5398//5398
f 5380//5380 5398//5398 5382//5382
f 5382//5382 5398//5398 5399//5399
f 5382//5382 5399//5399 5384//5384
f 5384//5384 5399//5399 5400//5400
f 5384//5384 5400//5400 5386//5386
f 5386//5386 5400//5400 5401//5401
f 5386//5386 5401//5401 5388//5388
f 5388//5388 5401//5401 5402//5402
f 5388//5388 5402//5402 5390//5390
f 5390//5390 5402//5402 5403//5403
f 5390//5390 5403//5403 5363//5363
f 5363//5363 5403//5403 5404//5404
f 5363//5363 5404//5404 4553//4553
f 4553//4553 5404//5404 4548//4548
f 4596//4596 4595//4595 5393//5393
f 5393//5393 4595//4595 5362//5362
f 5393//5393 5362//5362 5394//5394
f 5394//5394 5362//5362 5405//5405
f 5394//5394 5405//5405 5395//5395
f 5395//5395 5405//5405 5406//5406
f 5395//5395 5406//5406 5396//5396
f 5396//5396 5406//5406 5407//5407
f 5396//5396 5407//5407 5397//5397
f 5397//5397 5407//5407 5408//5408
f 5397//5397 5408//5408 5398//5398
f 5398//5398 5408//5408 5409//5409
f 5398//5398 5409//5409 5399//5399
f 5399//5399 5409//5409 5369//5369
f 5399//5399 5369//5369 5400//5400
f 5400//5400 5369//5369 5368//5368
f 5400//5400 5368//5368 5401//5401
f 5401//5401 5368//5368 5367//5367
f 5401//5401 5367//5367 5402//5402
f 5402//5402 5367//5367 5366//5366
f 5402//5402 5366//5366 5403//5403
f 5403//5403 5366//5366 5365//5365
f 5403//5403 5365//5365 5404//5404
f 5404//5404 5365//5365 5364//5364
f 5404//5404 5364//5364 4548//4548
f 4548//4548 5364//5364 3928//3928
f 4565//4565 5369//5369 4566//4566
f 4566//4566 5369//5369 5409//5409
f 4566//4566 5409//5409 4562//4562
f 4562//4562 5409//5409 5408//5408
f 4562//4562 5408//5408 4561//4561
f 4561//4561 5408//5408 5407//5407
f 4561//4561 5407//5407 4560//4560
f 4560//4560 5407//5407 5406//5406
f 4560//4560 5406//5406 4557//4557
f 4557//4557 5406//5406 5405//5405
f 4557//4557 5405//5405 4558//4558
f 4558//4558 5405//5405 5362//5362
f 4558//4558 5362//5362 4559//4559
f 4559//4559 5362//5362 4593//4593
f 4559//4559 4593//4593 4099//4099
f 5410//5410 4587//4587 4590//4590
f 5063//5063 5034//5034 5411//5411
f 5411//5411 5034//5034 5412//5412
f 5411//5411 5412//5412 5413//5413
f 5413//5413 5412//5412 5414//5414
f 5413//5413 5414//5414 5415//5415
f 5415//5415 5414//5414 5410//5410
f 5415//5415 5410//5410 5416//5416
f 5416//5416 5410//5410 4590//4590
f 5416//5416 4590//4590 4589//4589
f 5034//5034 5033//5033 5412//5412
f 5412//5412 5033//5033 5417//5417
f 5412//5412 5417//5417 5414//5414
f 5414//5414 5417//5417 5418//5418
f 5414//5414 5418//5418 5410//5410
f 5410//5410 5418//5418 5419//5419
f 5410//5410 5419//5419 4587//4587
f 4587//4587 5419//5419 4588//4588
f 5033//5033 4372//4372 5417//5417
f 5417//5417 4372//4372 4599//4599
f 5417//5417 4599//4599 5418//5418
f 5418//5418 4599//4599 4598//4598
f 5418//5418 4598//4598 5419//5419
f 5419//5419 4598//4598 4597//4597
f 5419//5419 4597//4597 4588//4588
f 4588//4588 4597//4597 4096//4096
f 4607//4607 4606//4606 5420//5420
f 5420//5420 4606//4606 5421//5421
f 5421//5421 4606//4606 4605//4605
f 5421//5421 4605//4605 5422//5422
f 5422//5422 4605//4605 5423//5423
f 5423//5423 4605//4605 4604//4604
f 5423//5423 4604//4604 5424//5424
f 5424//5424 4604//4604 5425//5425
f 5425//5425 4604//4604 4603//4603
f 5425//5425 4603//4603 5426//5426
f 5426//5426 4603//4603 5427//5427
f 5427//5427 4603//4603 4602//4602
f 5427//5427 4602//4602 5428//5428
f 5428//5428 4602//4602 5429//5429
f 5429//5429 4602//4602 4601//4601
f 5429//5429 4601//4601 5430//5430
f 5430//5430 4601//4601 4600//4600
f 5430//5430 4600//4600 5431//5431
f 5431//5431 4600//4600 4611//4611
f 5431//5431 4611//4611 5432//5432
f 4610//4610 5433//5433 4611//4611
f 4611//4611 5433//5433 5434//5434
f 4611//4611 5434//5434 5432//5432
f 4608//4608 5435//5435 4609//4609
f 4609//4609 5435//5435 5436//5436
f 4609//4609 5436//5436 4610//4610
f 4610//4610 5436//5436 5437//5437
f 4610//4610 5437//5437 5433//5433
f 5420//5420 5438//5438 4607//4607
f 4607//4607 5438//5438 5439//5439
f 4607//4607 5439//5439 4608//4608
f 4608//4608 5439//5439 5440//5440
f 4608//4608 5440//5440 5435//5435
f 5441//5441 5442//5442 4618//4618
f 4618//4618 5442//5442 4619//4619
f 5441//5441 4618//4618 5443//5443
f 5443//5443 4618//4618 4617//4617
f 5443//5443 4617//4617 5444//5444
f 5444//5444 4617//4617 4616//4616
f 5444//5444 4616//4616 5445//5445
f 5445//5445 4616//4616 4615//4615
f 5445//5445 4615//4615 5446//5446
f 4614//4614 5447//5447 4615//4615
f 4615//4615 5447//5447 5448//5448
f 4615//4615 5448//5448 5446//5446
f 4612//4612 5449//5449 4613//4613
f 4613//4613 5449//5449 5450//5450
f 4613//4613 5450//5450 4614//4614
f 4614//4614 5450//5450 5451//5451
f 4614//4614 5451//5451 5447//5447
f 4621//4621 5452//5452 4622//4622
f 4622//4622 5452//5452 5453//5453
f 4622//4622 5453//5453 4623//4623
f 4623//4623 5453//5453 5454//5454
f 4623//4623 5454//5454 4612//4612
f 4612//4612 5454//5454 5455//5455
f 4612//4612 5455//5455 5449//5449
f 4620//4620 5456//5456 4621//4621
f 4621//4621 5456//5456 5457//5457
f 4621//4621 5457//5457 5452//5452
f 5442//5442 5458//5458 4619//4619
f 4619//4619 5458//5458 5459//5459
f 4619//4619 5459//5459 4620//4620
f 4620//4620 5459//5459 5460//5460
f 4620//4620 5460//5460 5456//5456
f 5461//5461 4631//4631 4630//4630
f 5461//5461 4630//4630 5462//5462
f 5462//5462 4630//4630 4629//4629
f 5462//5462 4629//4629 5463//5463
f 4628//4628 5464//5464 4629//4629
f 4629//4629 5464//5464 5465//5465
f 4629//4629 5465//5465 5463//5463
f 4626//4626 5466//5466 4627//4627
f 4627//4627 5466//5466 5467//5467
f 4627//4627 5467//5467 4628//4628
f 4628//4628 5467//5467 5468//5468
f 4628//4628 5468//5468 5464//5464
f 4635//4635 5469//5469 4624//4624
f 4624//4624 5469//5469 5470//5470
f 4624//4624 5470//5470 4625//4625
f 4625//4625 5470//5470 5471//5471
f 4625//4625 5471//5471 4626//4626
f 4626//4626 5471//5471 5472//5472
f 4626//4626 5472//5472 5466//5466
f 4634//4634 5473//5473 4635//4635
f 4635//4635 5473//5473 5474//5474
f 4635//4635 5474//5474 5469//5469
f 4633//4633 5475//5475 4634//4634
f 4634//4634 5475//5475 5476//5476
f 4634//4634 5476//5476 5473//5473
f 4632//4632 5477//5477 4633//4633
f 4633//4633 5477//5477 5478//5478
f 4633//4633 5478//5478 5475//5475
f 5461//5461 5479//5479 4631//4631
f 4631//4631 5479//5479 5480//5480
f 4631//4631 5480//5480 4632//4632
f 4632//4632 5480//5480 5481//5481
f 4632//4632 5481//5481 5477//5477
f 4642//4642 4641//4641 5482//5482
f 5482//5482 4641//4641 5483//5483
f 5483//5483 4641//4641 4640//4640
f 5483//5483 4640//4640 5484//5484
f 5484//5484 4640//4640 4639//4639
f 5484//5484 4639//4639 5485//5485
f 5485//5485 4639//4639 5486//5486
f 5486//5486 4639//4639 4638//4638
f 5486//5486 4638//4638 5487//5487
f 5487//5487 4638//4638 5488//5488
f 5488//5488 4638//4638 4637//4637
f 5488//5488 4637//4637 5489//5489
f 5489//5489 4637//4637 5490//5490
f 5490//5490 4637//4637 4636//4636
f 5490//5490 4636//4636 5491//5491
f 5491//5491 4636//4636 5492//5492
f 5492//5492 4636//4636 4647//4647
f 5492//5492 4647//4647 5493//5493
f 5493//5493 4647//4647 4646//4646
f 5493//5493 4646//4646 5494//5494
f 5494//5494 4646//4646 4645//4645
f 5494//5494 4645//4645 5495//5495
f 4644//4644 5496//5496 4645//4645
f 4645//4645 5496//5496 5497//5497
f 4645//4645 5497//5497 5495//5495
f 5482//5482 5498//5498 4642//4642
f 4642//4642 5498//5498 5499//5499
f 4642//4642 5499//5499 4643//4643
f 4643//4643 5499//5499 5500//5500
f 4643//4643 5500//5500 4644//4644
f 4644//4644 5500//5500 5501//5501
f 4644//4644 5501//5501 5496//5496
f 5502//5502 5503//5503 3225//3225
f 3225//3225 5503//5503 3189//3189
f 5502//5502 3225//3225 5504//5504
f 5504//5504 3225//3225 3224//3224
f 5504//5504 3224//3224 5505//5505
f 5505//5505 3224//3224 3222//3222
f 5505//5505 3222//3222 5506//5506
f 5507//5507 3220//3220 5508//5508
f 5508//5508 3220//3220 3218//3218
f 5508//5508 3218//3218 5509//5509
f 3206//3206 3204//3204 5510//5510
f 3193//3193 5511//5511 3194//3194
f 3194//3194 5511//5511 5512//5512
f 3194//3194 5512//5512 3196//3196
f 5507//5507 5513//5513 3220//3220
f 3220//3220 5513//5513 5514//5514
f 3220//3220 5514//5514 3222//3222
f 3222//3222 5514//5514 5515//5515
f 3222//3222 5515//5515 5506//5506
f 3216//3216 3214//3214 5516//5516
f 5517//5517 3202//3202 5518//5518
f 5518//5518 3202//3202 3200//3200
f 5518//5518 3200//3200 5519//5519
f 5519//5519 3200//3200 5520//5520
f 5510//5510 5521//5521 3206//3206
f 3206//3206 5521//5521 5522//5522
f 3206//3206 5522//5522 3208//3208
f 3208//3208 5522//5522 5523//5523
f 3208//3208 5523//5523 5524//5524
f 5524//5524 5523//5523 5525//5525
f 5524//5524 5525//5525 3212//3212
f 3212//3212 5525//5525 5526//5526
f 3212//3212 5526//5526 3214//3214
f 3214//3214 5526//5526 5527//5527
f 3214//3214 5527//5527 5516//5516
f 5516//5516 5528//5528 3216//3216
f 3216//3216 5528//5528 5529//5529
f 3216//3216 5529//5529 3218//3218
f 3218//3218 5529//5529 5530//5530
f 3218//3218 5530//5530 5509//5509
f 5517//5517 5531//5531 3202//3202
f 3202//3202 5531//5531 5532//5532
f 3202//3202 5532//5532 3204//3204
f 3204//3204 5532//5532 5533//5533
f 3204//3204 5533//5533 5510//5510
f 5520//5520 3200//3200 5534//5534
f 5534//5534 3200//3200 3198//3198
f 5534//5534 3198//3198 5535//5535
f 5512//5512 5536//5536 3196//3196
f 3196//3196 5536//5536 5537//5537
f 3196//3196 5537//5537 3198//3198
f 3198//3198 5537//5537 5538//5538
f 3198//3198 5538//5538 5535//5535
f 5539//5539 5540//5540 5541//5541
f 5542//5542 5543//5543 5544//5544
f 5545//5545 5546//5546 5547//5547
f 5548//5548 5549//5549 5550//5550
f 5551//5551 5552//5552 5553//5553
f 5554//5554 5555//5555 5556//5556
f 5557//5557 5558//5558 5559//5559
f 5505//5505 5506//5506 5560//5560
f 5514//5514 5561//5561 5515//5515
f 5530//5530 5562//5562 5509//5509
f 5200//5200 5202//5202 5563//5563
f 4847//4847 4849//4849 5564//5564
f 4720//4720 5565//5565 4718//4718
f 5028//5028 5566//5566 4678//4678
f 4678//4678 5566//5566 5567//5567
f 5568//5568 4671//4671 4672//4672
f 5569//5569 4673//4673 4674//4674
f 4674//4674 4675//4675 5569//5569
f 5569//5569 4675//4675 4676//4676
f 5569//5569 4676//4676 5567//5567
f 5567//5567 4676//4676 4677//4677
f 5567//5567 4677//4677 4678//4678
f 4713//4713 5570//5570 4712//4712
f 4712//4712 5570//5570 5571//5571
f 4712//4712 5571//5571 4711//4711
f 4711//4711 5571//5571 4710//4710
f 4713//4713 4714//4714 5570//5570
f 5570//5570 4714//4714 4654//4654
f 5570//5570 4654//4654 5568//5568
f 5568//5568 4654//4654 4670//4670
f 5568//5568 4670//4670 4671//4671
f 5572//5572 4722//4722 4706//4706
f 4706//4706 4707//4707 5572//5572
f 5572//5572 4707//4707 4708//4708
f 5572//5572 4708//4708 5571//5571
f 5571//5571 4708//4708 4709//4709
f 5571//5571 4709//4709 4710//4710
f 4722//4722 5572//5572 4720//4720
f 4720//4720 5572//5572 5573//5573
f 4720//4720 5573//5573 5565//5565
f 4735//4735 4733//4733 5574//5574
f 5574//5574 4733//4733 4725//4725
f 5574//5574 4725//4725 4179//4179
f 4739//4739 5575//5575 4741//4741
f 4741//4741 5575//5575 4743//4743
f 4200//4200 4751//4751 5576//5576
f 4751//4751 4749//4749 5576//5576
f 5576//5576 4749//4749 4747//4747
f 5576//5576 4747//4747 5575//5575
f 5575//5575 4747//4747 4745//4745
f 5575//5575 4745//4745 4743//4743
f 4786//4786 4788//4788 5576//5576
f 5576//5576 4788//4788 4789//4789
f 5576//5576 4789//4789 4200//4200
f 5577//5577 4782//4782 5578//5578
f 5578//5578 4782//4782 4784//4784
f 5578//5578 4784//4784 5579//5579
f 5579//5579 4784//4784 4786//4786
f 5579//5579 4786//4786 5580//5580
f 5580//5580 4786//4786 5576//5576
f 4837//4837 4838//4838 5581//5581
f 5581//5581 4838//4838 4839//4839
f 5581//5581 4839//4839 5577//5577
f 5577//5577 4839//4839 4840//4840
f 4840//4840 4841//4841 5577//5577
f 5577//5577 4841//4841 4842//4842
f 5577//5577 4842//4842 4843//4843
f 4843//4843 4797//4797 5577//5577
f 5577//5577 4797//4797 4217//4217
f 5577//5577 4217//4217 4782//4782
f 4833//4833 4834//4834 5582//5582
f 5582//5582 4834//4834 4835//4835
f 5582//5582 4835//4835 5581//5581
f 5581//5581 4835//4835 4836//4836
f 5581//5581 4836//4836 4837//4837
f 4849//4849 4851//4851 5583//5583
f 5583//5583 4851//4851 4853//4853
f 5583//5583 4853//4853 5582//5582
f 5582//5582 4853//4853 4224//4224
f 5582//5582 4224//4224 4833//4833
f 5564//5564 4849//4849 5584//5584
f 5585//5585 4884//4884 4885//4885
f 5585//5585 4885//4885 5564//5564
f 5564//5564 4885//4885 4886//4886
f 5564//5564 4886//4886 4847//4847
f 4880//4880 4881//4881 5586//5586
f 5586//5586 4881//4881 4882//4882
f 5586//5586 4882//4882 5585//5585
f 5585//5585 4882//4882 4883//4883
f 5585//5585 4883//4883 4884//4884
f 4903//4903 5587//5587 4902//4902
f 4902//4902 5587//5587 5588//5588
f 4902//4902 5588//5588 4901//4901
f 4903//4903 4904//4904 5587//5587
f 5587//5587 4904//4904 4905//4905
f 5587//5587 4905//4905 5589//5589
f 5589//5589 4905//4905 4906//4906
f 5589//5589 4906//4906 4907//4907
f 4901//4901 5588//5588 4910//4910
f 4910//4910 5588//5588 5590//5590
f 4910//4910 5590//5590 4912//4912
f 5591//5591 5592//5592 4912//4912
f 4927//4927 4926//4926 5593//5593
f 5593//5593 4926//4926 4919//4919
f 4912//4912 5592//5592 4914//4914
f 4914//4914 5592//5592 5593//5593
f 4914//4914 5593//5593 4913//4913
f 4913//4913 5593//5593 4919//4919
f 4913//4913 4919//4919 4301//4301
f 4952//4952 4950//4950 5594//5594
f 5594//5594 4950//4950 4948//4948
f 5594//5594 4948//4948 4946//4946
f 4946//4946 4944//4944 5594//5594
f 5594//5594 4944//4944 4942//4942
f 5594//5594 4942//4942 5595//5595
f 4942//4942 4936//4936 5595//5595
f 5595//5595 4936//4936 4935//4935
f 5595//5595 4935//4935 5593//5593
f 5593//5593 4935//4935 4937//4937
f 5593//5593 4937//4937 4927//4927
f 4952//4952 5594//5594 4309//4309
f 4309//4309 5594//5594 5596//5596
f 4309//4309 5596//5596 4967//4967
f 4967//4967 5596//5596 5597//5597
f 4967//4967 5597//5597 4969//4969
f 4969//4969 5597//5597 5598//5598
f 4969//4969 5598//5598 4971//4971
f 5599//5599 5019//5019 5600//5600
f 5600//5600 5019//5019 5021//5021
f 5021//5021 5023//5023 5600//5600
f 5600//5600 5023//5023 5025//5025
f 5600//5600 5025//5025 5026//5026
f 4971//4971 5598//5598 4974//4974
f 4974//4974 5598//5598 5600//5600
f 4974//4974 5600//5600 4973//4973
f 4973//4973 5600//5600 5026//5026
f 4973//4973 5026//5026 4348//4348
f 5005//5005 5007//5007 5601//5601
f 5601//5601 5007//5007 5009//5009
f 5601//5601 5009//5009 5011//5011
f 5011//5011 5013//5013 5601//5601
f 5601//5601 5013//5013 5015//5015
f 5601//5601 5015//5015 5599//5599
f 5599//5599 5015//5015 5017//5017
f 5599//5599 5017//5017 5019//5019
f 5005//5005 5601//5601 4364//4364
f 4364//4364 5601//5601 5602//5602
f 4364//4364 5602//5602 5027//5027
f 5413//5413 5603//5603 5411//5411
f 5411//5411 5603//5603 5604//5604
f 5411//5411 5604//5604 5063//5063
f 5542//5542 5056//5056 5057//5057
f 5542//5542 5057//5057 5543//5543
f 5543//5543 5057//5057 5058//5058
f 5543//5543 5058//5058 5059//5059
f 5059//5059 5060//5060 5543//5543
f 5543//5543 5060//5060 5061//5061
f 5543//5543 5061//5061 5604//5604
f 5604//5604 5061//5061 5062//5062
f 5604//5604 5062//5062 5063//5063
f 5098//5098 5605//5605 5097//5097
f 5097//5097 5605//5605 5606//5606
f 5097//5097 5606//5606 5096//5096
f 5096//5096 5606//5606 5095//5095
f 5098//5098 5099//5099 5605//5605
f 5605//5605 5099//5099 5039//5039
f 5605//5605 5039//5039 5542//5542
f 5542//5542 5039//5039 5055//5055
f 5542//5542 5055//5055 5056//5056
f 5091//5091 5092//5092 5607//5607
f 5607//5607 5092//5092 5093//5093
f 5607//5607 5093//5093 5606//5606
f 5606//5606 5093//5093 5094//5094
f 5606//5606 5094//5094 5095//5095
f 5608//5608 5609//5609 5123//5123
f 5123//5123 5121//5121 5608//5608
f 5608//5608 5121//5121 5119//5119
f 5608//5608 5119//5119 5116//5116
f 5107//5107 5610//5610 5105//5105
f 5105//5105 5610//5610 5608//5608
f 5105//5105 5608//5608 5103//5103
f 5103//5103 5608//5608 5116//5116
f 5103//5103 5116//5116 4410//4410
f 5154//5154 5155//5155 5611//5611
f 5611//5611 5155//5155 5147//5147
f 5611//5611 5147//5147 5146//5146
f 5146//5146 5129//5129 5611//5611
f 5611//5611 5129//5129 5127//5127
f 5611//5611 5127//5127 5609//5609
f 5609//5609 5127//5127 5125//5125
f 5609//5609 5125//5125 5123//5123
f 5154//5154 5611//5611 4419//4419
f 4419//4419 5611//5611 5612//5612
f 4419//4419 5612//5612 5159//5159
f 5159//5159 5612//5612 5613//5613
f 5159//5159 5613//5613 5161//5161
f 5161//5161 5613//5613 5614//5614
f 5161//5161 5614//5614 5163//5163
f 5206//5206 5207//5207 5615//5615
f 5563//5563 5202//5202 5615//5615
f 5615//5615 5202//5202 5204//5204
f 5615//5615 5204//5204 5206//5206
f 5163//5163 5614//5614 5166//5166
f 5166//5166 5614//5614 5615//5615
f 5166//5166 5615//5615 5165//5165
f 5165//5165 5615//5615 5207//5207
f 5165//5165 5207//5207 4442//4442
f 5194//5194 5196//5196 5616//5616
f 5616//5616 5196//5196 5198//5198
f 5186//5186 5188//5188 5617//5617
f 5617//5617 5188//5188 5190//5190
f 5617//5617 5190//5190 5192//5192
f 5238//5238 5236//5236 5618//5618
f 5618//5618 5236//5236 4461//4461
f 5234//5234 5233//5233 5619//5619
f 5619//5619 5233//5233 5238//5238
f 5619//5619 5238//5238 5620//5620
f 5620//5620 5238//5238 5618//5618
f 5620//5620 5618//5618 5617//5617
f 5617//5617 5618//5618 4461//4461
f 5617//5617 4461//4461 5186//5186
f 5621//5621 5270//5270 5271//5271
f 5621//5621 5271//5271 5619//5619
f 5619//5619 5271//5271 5272//5272
f 5619//5619 5272//5272 5234//5234
f 5293//5293 5266//5266 5622//5622
f 5266//5266 5267//5267 5622//5622
f 5622//5622 5267//5267 5268//5268
f 5622//5622 5268//5268 5621//5621
f 5621//5621 5268//5268 5269//5269
f 5621//5621 5269//5269 5270//5270
f 5289//5289 5623//5623 5288//5288
f 5288//5288 5623//5623 5624//5624
f 5292//5292 5625//5625 5291//5291
f 5291//5291 5625//5625 5623//5623
f 5291//5291 5623//5623 5290//5290
f 5290//5290 5623//5623 5289//5289
f 5297//5297 5298//5298 5626//5626
f 5626//5626 5298//5298 5287//5287
f 5627//5627 5325//5325 5319//5319
f 5627//5627 5319//5319 5628//5628
f 5628//5628 5319//5319 5318//5318
f 5628//5628 5318//5318 5320//5320
f 5320//5320 5310//5310 5628//5628
f 5628//5628 5310//5310 5309//5309
f 5628//5628 5309//5309 5303//5303
f 4533//4533 5335//5335 5629//5629
f 5629//5629 5335//5335 5333//5333
f 5333//5333 5331//5331 5629//5629
f 5629//5629 5331//5331 5329//5329
f 5629//5629 5329//5329 5627//5627
f 5627//5627 5329//5329 5327//5327
f 5627//5627 5327//5327 5325//5325
f 5353//5353 5355//5355 5629//5629
f 5629//5629 5355//5355 5357//5357
f 5629//5629 5357//5357 4533//4533
f 5630//5630 5349//5349 5631//5631
f 5631//5631 5349//5349 5351//5351
f 5631//5631 5351//5351 5632//5632
f 5632//5632 5351//5351 5353//5353
f 5632//5632 5353//5353 5633//5633
f 5633//5633 5353//5353 5629//5629
f 5385//5385 5630//5630 5383//5383
f 5383//5383 5630//5630 5634//5634
f 5383//5383 5634//5634 5381//5381
f 5381//5381 5634//5634 5379//5379
f 5385//5385 5387//5387 5630//5630
f 5630//5630 5387//5387 5389//5389
f 5630//5630 5389//5389 5391//5391
f 5391//5391 5392//5392 5630//5630
f 5630//5630 5392//5392 4549//4549
f 5630//5630 4549//4549 5349//5349
f 4589//4589 5371//5371 5635//5635
f 5371//5371 5373//5373 5635//5635
f 5635//5635 5373//5373 5375//5375
f 5635//5635 5375//5375 5634//5634
f 5634//5634 5375//5375 5377//5377
f 5634//5634 5377//5377 5379//5379
f 5413//5413 5415//5415 5635//5635
f 5635//5635 5415//5415 5416//5416
f 5635//5635 5416//5416 4589//4589
f 5636//5636 5536//5536 5637//5637
f 5637//5637 5536//5536 5512//5512
f 5637//5637 5512//5512 5511//5511
f 5519//5519 5520//5520 5638//5638
f 5638//5638 5520//5520 5534//5534
f 5638//5638 5534//5534 5639//5639
f 5639//5639 5534//5534 5535//5535
f 5639//5639 5535//5535 5640//5640
f 5640//5640 5535//5535 5538//5538
f 5640//5640 5538//5538 5537//5537
f 5641//5641 5518//5518 5642//5642
f 5642//5642 5518//5518 5519//5519
f 5521//5521 5510//5510 5643//5643
f 5643//5643 5510//5510 5533//5533
f 5643//5643 5533//5533 5532//5532
f 5523//5523 5522//5522 5644//5644
f 5644//5644 5522//5522 5521//5521
f 5644//5644 5521//5521 5616//5616
f 5616//5616 5521//5521 5643//5643
f 5616//5616 5643//5643 5194//5194
f 5644//5644 5645//5645 5523//5523
f 5523//5523 5645//5645 5646//5646
f 5523//5523 5646//5646 5647//5647
f 5647//5647 5646//5646 5648//5648
f 5647//5647 5648//5648 5526//5526
f 5526//5526 5648//5648 5649//5649
f 5526//5526 5649//5649 5527//5527
f 5527//5527 5649//5649 5650//5650
f 5527//5527 5650//5650 5516//5516
f 5516//5516 5650//5650 5528//5528
f 5528//5528 5650//5650 5651//5651
f 5528//5528 5651//5651 5529//5529
f 5509//5509 5562//5562 5508//5508
f 5508//5508 5562//5562 5652//5652
f 5508//5508 5652//5652 5507//5507
f 5507//5507 5652//5652 5513//5513
f 5513//5513 5652//5652 5653//5653
f 5513//5513 5653//5653 5514//5514
f 5560//5560 5654//5654 5655//5655
f 5505//5505 5560//5560 5504//5504
f 5504//5504 5560//5560 5655//5655
f 5504//5504 5655//5655 5656//5656
f 5656//5656 5657//5657 5504//5504
f 5504//5504 5657//5657 5658//5658
f 5504//5504 5658//5658 5502//5502
f 5502//5502 5658//5658 5659//5659
f 5502//5502 5659//5659 5503//5503
f 5660//5660 5661//5661 5662//5662
f 5662//5662 5661//5661 5663//5663
f 5662//5662 5663//5663 5664//5664
f 5557//5557 5559//5559 5665//5665
f 5665//5665 5559//5559 5666//5666
f 5665//5665 5666//5666 5667//5667
f 5555//5555 5554//5554 5668//5668
f 5669//5669 5670//5670 5671//5671
f 5671//5671 5670//5670 5672//5672
f 5671//5671 5672//5672 5673//5673
f 5673//5673 5672//5672 5668//5668
f 5673//5673 5668//5668 5674//5674
f 5674//5674 5668//5668 5554//5554
f 5556//5556 5584//5584 5675//5675
f 5676//5676 5677//5677 5675//5675
f 5675//5675 5677//5677 5678//5678
f 5675//5675 5678//5678 5556//5556
f 5679//5679 5680//5680 5681//5681
f 5681//5681 5680//5680 5676//5676
f 5681//5681 5676//5676 5682//5682
f 5682//5682 5676//5676 5675//5675
f 5681//5681 5683//5683 5679//5679
f 5679//5679 5683//5683 5684//5684
f 5679//5679 5684//5684 5685//5685
f 5685//5685 5684//5684 5686//5686
f 5685//5685 5686//5686 5687//5687
f 5687//5687 5686//5686 5688//5688
f 5687//5687 5688//5688 5689//5689
f 5689//5689 5688//5688 5690//5690
f 5689//5689 5690//5690 5691//5691
f 5692//5692 5693//5693 5694//5694
f 5694//5694 5693//5693 5695//5695
f 4735//4735 5574//5574 4737//4737
f 4737//4737 5574//5574 5694//5694
f 4737//4737 5694//5694 5690//5690
f 5690//5690 5694//5694 5695//5695
f 5690//5690 5695//5695 5691//5691
f 5696//5696 5697//5697 5698//5698
f 5699//5699 5700//5700 5701//5701
f 5701//5701 5700//5700 5702//5702
f 5701//5701 5702//5702 5703//5703
f 5703//5703 5702//5702 5704//5704
f 5703//5703 5704//5704 5697//5697
f 5697//5697 5704//5704 5705//5705
f 5697//5697 5705//5705 5698//5698
f 5706//5706 5707//5707 5708//5708
f 5708//5708 5707//5707 5709//5709
f 5706//5706 5710//5710 5707//5707
f 5707//5707 5710//5710 5711//5711
f 5707//5707 5711//5711 5712//5712
f 5712//5712 5711//5711 5713//5713
f 5712//5712 5713//5713 5714//5714
f 5715//5715 5639//5639 5716//5716
f 5716//5716 5639//5639 5640//5640
f 5716//5716 5640//5640 5717//5717
f 5717//5717 5640//5640 5537//5537
f 5717//5717 5537//5537 5718//5718
f 5718//5718 5537//5537 5536//5536
f 5718//5718 5536//5536 5719//5719
f 5719//5719 5536//5536 5636//5636
f 5552//5552 5720//5720 5622//5622
f 5622//5622 5720//5720 5625//5625
f 5622//5622 5625//5625 5293//5293
f 5293//5293 5625//5625 5292//5292
f 5721//5721 5623//5623 5722//5722
f 5722//5722 5623//5623 5625//5625
f 5722//5722 5625//5625 5723//5723
f 5723//5723 5625//5625 5720//5720
f 5549//5549 5724//5724 5725//5725
f 5725//5725 5724//5724 5545//5545
f 5546//5546 5726//5726 5727//5727
f 5727//5727 5726//5726 5728//5728
f 5729//5729 5568//5568 5569//5569
f 5569//5569 5568//5568 4672//4672
f 5569//5569 4672//4672 4673//4673
f 5730//5730 5570//5570 5731//5731
f 5731//5731 5570//5570 5568//5568
f 5731//5731 5568//5568 5732//5732
f 5732//5732 5568//5568 5729//5729
f 5730//5730 5733//5733 5734//5734
f 5734//5734 5733//5733 5735//5735
f 5734//5734 5735//5735 5736//5736
f 5736//5736 5735//5735 5737//5737
f 5736//5736 5737//5737 5709//5709
f 5709//5709 5737//5737 5738//5738
f 5709//5709 5738//5738 5708//5708
f 5519//5519 5638//5638 5642//5642
f 5642//5642 5638//5638 5639//5639
f 5642//5642 5639//5639 5553//5553
f 5553//5553 5639//5639 5715//5715
f 5553//5553 5715//5715 5551//5551
f 5739//5739 5624//5624 5740//5740
f 5740//5740 5624//5624 5623//5623
f 5740//5740 5623//5623 5550//5550
f 5550//5550 5623//5623 5721//5721
f 5550//5550 5721//5721 5548//5548
f 5707//5707 5741//5741 5709//5709
f 5709//5709 5741//5741 5699//5699
f 5709//5709 5699//5699 5736//5736
f 5736//5736 5699//5699 5701//5701
f 5736//5736 5701//5701 5734//5734
f 5734//5734 5701//5701 5703//5703
f 5303//5303 4502//4502 5628//5628
f 5628//5628 4502//4502 5296//5296
f 5628//5628 5296//5296 5742//5742
f 5742//5742 5296//5296 5297//5297
f 5742//5742 5297//5297 5739//5739
f 5739//5739 5297//5297 5626//5626
f 5739//5739 5626//5626 5624//5624
f 5624//5624 5626//5626 5287//5287
f 5624//5624 5287//5287 5288//5288
f 5027//5027 5602//5602 5028//5028
f 5028//5028 5602//5602 5743//5743
f 5028//5028 5743//5743 5566//5566
f 5566//5566 5743//5743 5744//5744
f 5566//5566 5744//5744 5567//5567
f 5567//5567 5744//5744 5727//5727
f 5567//5567 5727//5727 5569//5569
f 5569//5569 5727//5727 5728//5728
f 5569//5569 5728//5728 5729//5729
f 5552//5552 5622//5622 5553//5553
f 5553//5553 5622//5622 5621//5621
f 5553//5553 5621//5621 5642//5642
f 5642//5642 5621//5621 5619//5619
f 5642//5642 5619//5619 5641//5641
f 5641//5641 5619//5619 5620//5620
f 5641//5641 5620//5620 5745//5745
f 5730//5730 5734//5734 5570//5570
f 5570//5570 5734//5734 5703//5703
f 5570//5570 5703//5703 5571//5571
f 5571//5571 5703//5703 5697//5697
f 5571//5571 5697//5697 5572//5572
f 5572//5572 5697//5697 5696//5696
f 5572//5572 5696//5696 5573//5573
f 5192//5192 5194//5194 5617//5617
f 5617//5617 5194//5194 5643//5643
f 5617//5617 5643//5643 5620//5620
f 5620//5620 5643//5643 5532//5532
f 5620//5620 5532//5532 5745//5745
f 5745//5745 5532//5532 5531//5531
f 5745//5745 5531//5531 5641//5641
f 5641//5641 5531//5531 5517//5517
f 5641//5641 5517//5517 5518//5518
f 5698//5698 5746//5746 5696//5696
f 5696//5696 5746//5746 5692//5692
f 5696//5696 5692//5692 5573//5573
f 5573//5573 5692//5692 5694//5694
f 5573//5573 5694//5694 5565//5565
f 5565//5565 5694//5694 5574//5574
f 5565//5565 5574//5574 4718//4718
f 4718//4718 5574//5574 4179//4179
f 5091//5091 5607//5607 5107//5107
f 5107//5107 5607//5607 5747//5747
f 5107//5107 5747//5747 5610//5610
f 5610//5610 5747//5747 5651//5651
f 5610//5610 5651//5651 5608//5608
f 5608//5608 5651//5651 5650//5650
f 5608//5608 5650//5650 5609//5609
f 5609//5609 5650//5650 5649//5649
f 5609//5609 5649//5649 5611//5611
f 5611//5611 5649//5649 5648//5648
f 5611//5611 5648//5648 5612//5612
f 5612//5612 5648//5648 5646//5646
f 5612//5612 5646//5646 5613//5613
f 5613//5613 5646//5646 5645//5645
f 5613//5613 5645//5645 5614//5614
f 5614//5614 5645//5645 5644//5644
f 5614//5614 5644//5644 5615//5615
f 5615//5615 5644//5644 5616//5616
f 5615//5615 5616//5616 5563//5563
f 5563//5563 5616//5616 5198//5198
f 5563//5563 5198//5198 5200//5200
f 4849//4849 5583//5583 5584//5584
f 5584//5584 5583//5583 5582//5582
f 5584//5584 5582//5582 5675//5675
f 5675//5675 5582//5582 5581//5581
f 5675//5675 5581//5581 5682//5682
f 5682//5682 5581//5581 5577//5577
f 5682//5682 5577//5577 5681//5681
f 5681//5681 5577//5577 5578//5578
f 5681//5681 5578//5578 5683//5683
f 5683//5683 5578//5578 5579//5579
f 5683//5683 5579//5579 5684//5684
f 5684//5684 5579//5579 5580//5580
f 5684//5684 5580//5580 5686//5686
f 5686//5686 5580//5580 5576//5576
f 5686//5686 5576//5576 5688//5688
f 5688//5688 5576//5576 5575//5575
f 5688//5688 5575//5575 5690//5690
f 5690//5690 5575//5575 4739//4739
f 5690//5690 4739//4739 4737//4737
f 5529//5529 5651//5651 5530//5530
f 5530//5530 5651//5651 5747//5747
f 5530//5530 5747//5747 5562//5562
f 5562//5562 5747//5747 5607//5607
f 5562//5562 5607//5607 5652//5652
f 5652//5652 5607//5607 5606//5606
f 5652//5652 5606//5606 5653//5653
f 5653//5653 5606//5606 5605//5605
f 5653//5653 5605//5605 5748//5748
f 4912//4912 5590//5590 5591//5591
f 5591//5591 5590//5590 5588//5588
f 5591//5591 5588//5588 5749//5749
f 5749//5749 5588//5588 5587//5587
f 5749//5749 5587//5587 5750//5750
f 5669//5669 5667//5667 5670//5670
f 5670//5670 5667//5667 5666//5666
f 5670//5670 5666//5666 5672//5672
f 5672//5672 5666//5666 5751//5751
f 5515//5515 5561//5561 5506//5506
f 5506//5506 5561//5561 5752//5752
f 5506//5506 5752//5752 5560//5560
f 5560//5560 5752//5752 5753//5753
f 5560//5560 5753//5753 5654//5654
f 5514//5514 5653//5653 5561//5561
f 5561//5561 5653//5653 5748//5748
f 5561//5561 5748//5748 5752//5752
f 5752//5752 5748//5748 5754//5754
f 5752//5752 5754//5754 5753//5753
f 5544//5544 5755//5755 5542//5542
f 5542//5542 5755//5755 5756//5756
f 5542//5542 5756//5756 5605//5605
f 5605//5605 5756//5756 5757//5757
f 5605//5605 5757//5757 5748//5748
f 5748//5748 5757//5757 5758//5758
f 5748//5748 5758//5758 5754//5754
f 5759//5759 5760//5760 5761//5761
f 5635//5635 5762//5762 5413//5413
f 5413//5413 5762//5762 5763//5763
f 5413//5413 5763//5763 5603//5603
f 5603//5603 5763//5763 5764//5764
f 5603//5603 5764//5764 5604//5604
f 5604//5604 5764//5764 5759//5759
f 5604//5604 5759//5759 5543//5543
f 5543//5543 5759//5759 5761//5761
f 5543//5543 5761//5761 5544//5544
f 5549//5549 5725//5725 5550//5550
f 5550//5550 5725//5725 5765//5765
f 5550//5550 5765//5765 5740//5740
f 5740//5740 5765//5765 5766//5766
f 5740//5740 5766//5766 5739//5739
f 5739//5739 5766//5766 5767//5767
f 5739//5739 5767//5767 5742//5742
f 5742//5742 5767//5767 5768//5768
f 5742//5742 5768//5768 5628//5628
f 5628//5628 5768//5768 5769//5769
f 5628//5628 5769//5769 5627//5627
f 5627//5627 5769//5769 5770//5770
f 5627//5627 5770//5770 5629//5629
f 5629//5629 5770//5770 5771//5771
f 5629//5629 5771//5771 5633//5633
f 5633//5633 5771//5771 5772//5772
f 5633//5633 5772//5772 5632//5632
f 5632//5632 5772//5772 5773//5773
f 5632//5632 5773//5773 5631//5631
f 5631//5631 5773//5773 5774//5774
f 5631//5631 5774//5774 5630//5630
f 5630//5630 5774//5774 5775//5775
f 5630//5630 5775//5775 5634//5634
f 5634//5634 5775//5775 5776//5776
f 5634//5634 5776//5776 5635//5635
f 5635//5635 5776//5776 5777//5777
f 5635//5635 5777//5777 5762//5762
f 5762//5762 5777//5777 5778//5778
f 5762//5762 5778//5778 5763//5763
f 5763//5763 5778//5778 5779//5779
f 5763//5763 5779//5779 5764//5764
f 5764//5764 5779//5779 5541//5541
f 5764//5764 5541//5541 5759//5759
f 5759//5759 5541//5541 5540//5540
f 5759//5759 5540//5540 5760//5760
f 5545//5545 5547//5547 5725//5725
f 5725//5725 5547//5547 5780//5780
f 5725//5725 5780//5780 5765//5765
f 5765//5765 5780//5780 5781//5781
f 5765//5765 5781//5781 5766//5766
f 5766//5766 5781//5781 5782//5782
f 5766//5766 5782//5782 5767//5767
f 5767//5767 5782//5782 5783//5783
f 5767//5767 5783//5783 5768//5768
f 5768//5768 5783//5783 5784//5784
f 5768//5768 5784//5784 5769//5769
f 5769//5769 5784//5784 5785//5785
f 5769//5769 5785//5785 5770//5770
f 5770//5770 5785//5785 5786//5786
f 5770//5770 5786//5786 5771//5771
f 5771//5771 5786//5786 5787//5787
f 5771//5771 5787//5787 5772//5772
f 5772//5772 5787//5787 5788//5788
f 5772//5772 5788//5788 5773//5773
f 5773//5773 5788//5788 5789//5789
f 5773//5773 5789//5789 5774//5774
f 5774//5774 5789//5789 5790//5790
f 5774//5774 5790//5790 5775//5775
f 5775//5775 5790//5790 5791//5791
f 5775//5775 5791//5791 5776//5776
f 5776//5776 5791//5791 5792//5792
f 5776//5776 5792//5792 5777//5777
f 5777//5777 5792//5792 5793//5793
f 5777//5777 5793//5793 5778//5778
f 5778//5778 5793//5793 5794//5794
f 5778//5778 5794//5794 5779//5779
f 5779//5779 5794//5794 5795//5795
f 5779//5779 5795//5795 5541//5541
f 5541//5541 5795//5795 5796//5796
f 5541//5541 5796//5796 5539//5539
f 5546//5546 5727//5727 5547//5547
f 5547//5547 5727//5727 5744//5744
f 5547//5547 5744//5744 5780//5780
f 5780//5780 5744//5744 5743//5743
f 5780//5780 5743//5743 5781//5781
f 5781//5781 5743//5743 5602//5602
f 5781//5781 5602//5602 5782//5782
f 5782//5782 5602//5602 5601//5601
f 5782//5782 5601//5601 5783//5783
f 5783//5783 5601//5601 5599//5599
f 5783//5783 5599//5599 5784//5784
f 5784//5784 5599//5599 5600//5600
f 5784//5784 5600//5600 5785//5785
f 5785//5785 5600//5600 5598//5598
f 5785//5785 5598//5598 5786//5786
f 5786//5786 5598//5598 5597//5597
f 5786//5786 5597//5597 5787//5787
f 5787//5787 5597//5597 5596//5596
f 5787//5787 5596//5596 5788//5788
f 5788//5788 5596//5596 5594//5594
f 5788//5788 5594//5594 5789//5789
f 5789//5789 5594//5594 5595//5595
f 5789//5789 5595//5595 5790//5790
f 5790//5790 5595//5595 5593//5593
f 5790//5790 5593//5593 5791//5791
f 5791//5791 5593//5593 5592//5592
f 5791//5791 5592//5592 5792//5792
f 5792//5792 5592//5592 5591//5591
f 5792//5792 5591//5591 5793//5793
f 5793//5793 5591//5591 5749//5749
f 5793//5793 5749//5749 5794//5794
f 5794//5794 5749//5749 5750//5750
f 5794//5794 5750//5750 5795//5795
f 5795//5795 5750//5750 5797//5797
f 5795//5795 5797//5797 5796//5796
f 5798//5798 5589//5589 5586//5586
f 5586//5586 5589//5589 4907//4907
f 5586//5586 4907//4907 4880//4880
f 5798//5798 5799//5799 5589//5589
f 5589//5589 5799//5799 5800//5800
f 5589//5589 5800//5800 5587//5587
f 5587//5587 5800//5800 5801//5801
f 5587//5587 5801//5801 5750//5750
f 5750//5750 5801//5801 5802//5802
f 5750//5750 5802//5802 5797//5797
f 5556//5556 5555//5555 5584//5584
f 5584//5584 5555//5555 5668//5668
f 5584//5584 5668//5668 5564//5564
f 5564//5564 5668//5668 5672//5672
f 5564//5564 5672//5672 5585//5585
f 5585//5585 5672//5672 5751//5751
f 5585//5585 5751//5751 5586//5586
f 5586//5586 5751//5751 5803//5803
f 5586//5586 5803//5803 5798//5798
f 5660//5660 5804//5804 5661//5661
f 5661//5661 5804//5804 5805//5805
f 5661//5661 5805//5805 5558//5558
f 5558//5558 5805//5805 5806//5806
f 5558//5558 5806//5806 5559//5559
f 5559//5559 5806//5806 5807//5807
f 5559//5559 5807//5807 5666//5666
f 5666//5666 5807//5807 5808//5808
f 5666//5666 5808//5808 5751//5751
f 5751//5751 5808//5808 5809//5809
f 5751//5751 5809//5809 5803//5803
f 5712//5712 5714//5714 3185//3185
f 3185//3185 5714//5714 3149//3149
f 5746//5746 5698//5698 3178//3178
f 3180//3180 5704//5704 5702//5702
f 5674//5674 3162//3162 5673//5673
f 5673//5673 3162//3162 3160//3160
f 5673//5673 3160//3160 5671//5671
f 5671//5671 3160//3160 5669//5669
f 3153//3153 5664//5664 3154//3154
f 3154//3154 5664//5664 5663//5663
f 3154//3154 5663//5663 3156//3156
f 5712//5712 3185//3185 5707//5707
f 5707//5707 3185//3185 3184//3184
f 5707//5707 3184//3184 5741//5741
f 5741//5741 3184//3184 3182//3182
f 5741//5741 3182//3182 5699//5699
f 3180//3180 5702//5702 3182//3182
f 3182//3182 5702//5702 5700//5700
f 3182//3182 5700//5700 5699//5699
f 3178//3178 5698//5698 3180//3180
f 3180//3180 5698//5698 5705//5705
f 3180//3180 5705//5705 5704//5704
f 3176//3176 3174//3174 5691//5691
f 5669//5669 3160//3160 5667//5667
f 5667//5667 3160//3160 3158//3158
f 5667//5667 3158//3158 5665//5665
f 5663//5663 5661//5661 3156//3156
f 3156//3156 5661//5661 5558//5558
f 3156//3156 5558//5558 3158//3158
f 3158//3158 5558//5558 5557//5557
f 3158//3158 5557//5557 5665//5665
f 5691//5691 5695//5695 3176//3176
f 3176//3176 5695//5695 5693//5693
f 3176//3176 5693//5693 3178//3178
f 3178//3178 5693//5693 5692//5692
f 3178//3178 5692//5692 5746//5746
f 3166//3166 3164//3164 5677//5677
f 5677//5677 5676//5676 3166//3166
f 3166//3166 5676//5676 5680//5680
f 3166//3166 5680//5680 3168//3168
f 3168//3168 5680//5680 5679//5679
f 3168//3168 5679//5679 5810//5810
f 5810//5810 5679//5679 5811//5811
f 5810//5810 5811//5811 3172//3172
f 3172//3172 5811//5811 5687//5687
f 3172//3172 5687//5687 3174//3174
f 3174//3174 5687//5687 5689//5689
f 3174//3174 5689//5689 5691//5691
f 5674//5674 5554//5554 3162//3162
f 3162//3162 5554//5554 5556//5556
f 3162//3162 5556//5556 3164//3164
f 3164//3164 5556//5556 5678//5678
f 3164//3164 5678//5678 5677//5677
f 5812//5812 5813//5813 5814//5814
f 5815//5815 5816//5816 5817//5817
f 5818//5818 5819//5819 5820//5820
f 5821//5821 5822//5822 5823//5823
f 11//11 12//12 5824//5824
f 5825//5825 5826//5826 5827//5827
f 810//810 5828//5828 5829//5829
f 810//810 5829//5829 5830//5830
f 5830//5830 5829//5829 5831//5831
f 5830//5830 5831//5831 5832//5832
f 5831//5831 5833//5833 5832//5832
f 5832//5832 5833//5833 5834//5834
f 5832//5832 5834//5834 5835//5835
f 5835//5835 5834//5834 5836//5836
f 5836//5836 5834//5834 5837//5837
f 5836//5836 5837//5837 5838//5838
f 5838//5838 5839//5839 5840//5840
f 5840//5840 5839//5839 5841//5841
f 5840//5840 5841//5841 5842//5842
f 5842//5842 5841//5841 5825//5825
f 5825//5825 5841//5841 5843//5843
f 5825//5825 5843//5843 5826//5826
f 5844//5844 5845//5845 5846//5846
f 5846//5846 5845//5845 5847//5847
f 5846//5846 5847//5847 5848//5848
f 5848//5848 5847//5847 5849//5849
f 5848//5848 5849//5849 5850//5850
f 5851//5851 5852//5852 5853//5853
f 5854//5854 5855//5855 5856//5856
f 5856//5856 5855//5855 5857//5857
f 5857//5857 5855//5855 5858//5858
f 5858//5858 5855//5855 5859//5859
f 5858//5858 5859//5859 5860//5860
f 5861//5861 5862//5862 5863//5863
f 5864//5864 5865//5865 5866//5866
f 5866//5866 5865//5865 5867//5867
f 5866//5866 5867//5867 5868//5868
f 5869//5869 5870//5870 5871//5871
f 5871//5871 5872//5872 5869//5869
f 5869//5869 5872//5872 5873//5873
f 5869//5869 5873//5873 5874//5874
f 5874//5874 5873//5873 5875//5875
f 5874//5874 5875//5875 5876//5876
f 5876//5876 5875//5875 5877//5877
f 5876//5876 5877//5877 5878//5878
f 5878//5878 5877//5877 107//107
f 5878//5878 107//107 108//108
f 11//11 5824//5824 5879//5879
f 5879//5879 5824//5824 5880//5880
f 5879//5879 5880//5880 5881//5881
f 5881//5881 5880//5880 5882//5882
f 5881//5881 5882//5882 5883//5883
f 5883//5883 5882//5882 5884//5884
f 5883//5883 5884//5884 5885//5885
f 5823//5823 5822//5822 5886//5886
f 5887//5887 5888//5888 5889//5889
f 5889//5889 5888//5888 5890//5890
f 5887//5887 5889//5889 5891//5891
f 5891//5891 5889//5889 5892//5892
f 5891//5891 5892//5892 5893//5893
f 5893//5893 5892//5892 5894//5894
f 5893//5893 5894//5894 5895//5895
f 5896//5896 5897//5897 5898//5898
f 5899//5899 5900//5900 5820//5820
f 5820//5820 5900//5900 5901//5901
f 5820//5820 5901//5901 5818//5818
f 5815//5815 5902//5902 5903//5903
f 5903//5903 5902//5902 5904//5904
f 5903//5903 5904//5904 5905//5905
f 5906//5906 5907//5907 5908//5908
f 5908//5908 5907//5907 5909//5909
f 5908//5908 5909//5909 5910//5910
f 5910//5910 5909//5909 5814//5814
f 5911//5911 5906//5906 5912//5912
f 5912//5912 5913//5913 5911//5911
f 5911//5911 5913//5913 5914//5914
f 5911//5911 5914//5914 5915//5915
f 5915//5915 5914//5914 5916//5916
f 5915//5915 5916//5916 5917//5917
f 5917//5917 5916//5916 5918//5918
f 5917//5917 5918//5918 5919//5919
f 5919//5919 5918//5918 6//6
f 5919//5919 6//6 4//4
f 5920//5920 5434//5434 5921//5921
f 5921//5921 5434//5434 5433//5433
f 5921//5921 5433//5433 5437//5437
f 5437//5437 5436//5436 5921//5921
f 5921//5921 5436//5436 5435//5435
f 5921//5921 5435//5435 5922//5922
f 5435//5435 5440//5440 5922//5922
f 5922//5922 5440//5440 5439//5439
f 5922//5922 5439//5439 5438//5438
f 5424//5424 5425//5425 5923//5923
f 5923//5923 5425//5425 5426//5426
f 5923//5923 5426//5426 5427//5427
f 5428//5428 5429//5429 5924//5924
f 5429//5429 5430//5430 5924//5924
f 5924//5924 5430//5430 5431//5431
f 5924//5924 5431//5431 5920//5920
f 5920//5920 5431//5431 5432//5432
f 5920//5920 5432//5432 5434//5434
f 5421//5421 5422//5422 5925//5925
f 5925//5925 5422//5422 5423//5423
f 5925//5925 5423//5423 5926//5926
f 5438//5438 5420//5420 5922//5922
f 5922//5922 5420//5420 5421//5421
f 5922//5922 5421//5421 5927//5927
f 5927//5927 5421//5421 5925//5925
f 5447//5447 5451//5451 5928//5928
f 5445//5445 5446//5446 5929//5929
f 5929//5929 5446//5446 5448//5448
f 5451//5451 5450//5450 5928//5928
f 5928//5928 5450//5450 5449//5449
f 5928//5928 5449//5449 5455//5455
f 5455//5455 5454//5454 5928//5928
f 5928//5928 5454//5454 5453//5453
f 5928//5928 5453//5453 5930//5930
f 5459//5459 5458//5458 5931//5931
f 5459//5459 5931//5931 5460//5460
f 5453//5453 5452//5452 5930//5930
f 5930//5930 5452//5452 5457//5457
f 5930//5930 5457//5457 5456//5456
f 5444//5444 5932//5932 5443//5443
f 5443//5443 5932//5932 5933//5933
f 5443//5443 5933//5933 5441//5441
f 5441//5441 5933//5933 5442//5442
f 5476//5476 5475//5475 5934//5934
f 5934//5934 5475//5475 5478//5478
f 5934//5934 5478//5478 5477//5477
f 5481//5481 5480//5480 5935//5935
f 5935//5935 5480//5480 5479//5479
f 5935//5935 5479//5479 5461//5461
f 5461//5461 5462//5462 5935//5935
f 5935//5935 5462//5462 5463//5463
f 5935//5935 5463//5463 5936//5936
f 5936//5936 5463//5463 5465//5465
f 5936//5936 5465//5465 5464//5464
f 5464//5464 5468//5468 5936//5936
f 5936//5936 5468//5468 5467//5467
f 5936//5936 5467//5467 5466//5466
f 5470//5470 5937//5937 5471//5471
f 5471//5471 5937//5937 5472//5472
f 5473//5473 5938//5938 5474//5474
f 5474//5474 5938//5938 5939//5939
f 5474//5474 5939//5939 5469//5469
f 5495//5495 5497//5497 5940//5940
f 5940//5940 5497//5497 5496//5496
f 5940//5940 5496//5496 5941//5941
f 5941//5941 5496//5496 5501//5501
f 5941//5941 5501//5501 5500//5500
f 5500//5500 5499//5499 5941//5941
f 5941//5941 5499//5499 5498//5498
f 5941//5941 5498//5498 5942//5942
f 5943//5943 5493//5493 5494//5494
f 5495//5495 5940//5940 5494//5494
f 5494//5494 5940//5940 5944//5944
f 5494//5494 5944//5944 5943//5943
f 5945//5945 5491//5491 5943//5943
f 5943//5943 5491//5491 5492//5492
f 5943//5943 5492//5492 5493//5493
f 5498//5498 5482//5482 5942//5942
f 5942//5942 5482//5482 5483//5483
f 5942//5942 5483//5483 5946//5946
f 5946//5946 5483//5483 5484//5484
f 5946//5946 5484//5484 5485//5485
f 5486//5486 5487//5487 5947//5947
f 5487//5487 5488//5488 5947//5947
f 5947//5947 5488//5488 5489//5489
f 5947//5947 5489//5489 5490//5490
f 5838//5838 5837//5837 5839//5839
f 5839//5839 5837//5837 5948//5948
f 5839//5839 5948//5948 5841//5841
f 5841//5841 5948//5948 5949//5949
f 5841//5841 5949//5949 5843//5843
f 5906//5906 5908//5908 5912//5912
f 5912//5912 5908//5908 5910//5910
f 5912//5912 5910//5910 5950//5950
f 5950//5950 5910//5910 5814//5814
f 5950//5950 5814//5814 5951//5951
f 5951//5951 5814//5814 5813//5813
f 5951//5951 5813//5813 5952//5952
f 5949//5949 5953//5953 5843//5843
f 5843//5843 5953//5953 5954//5954
f 5843//5843 5954//5954 5826//5826
f 5826//5826 5954//5954 5955//5955
f 5826//5826 5955//5955 5827//5827
f 5827//5827 5955//5955 5956//5956
f 5827//5827 5956//5956 5957//5957
f 5957//5957 5956//5956 5958//5958
f 5957//5957 5958//5958 5959//5959
f 5959//5959 5958//5958 5960//5960
f 5961//5961 5952//5952 5962//5962
f 5962//5962 5952//5952 5813//5813
f 5962//5962 5813//5813 5963//5963
f 5963//5963 5813//5813 5812//5812
f 5963//5963 5812//5812 5964//5964
f 5964//5964 5812//5812 5965//5965
f 5964//5964 5965//5965 5966//5966
f 5953//5953 5967//5967 5954//5954
f 5954//5954 5967//5967 5968//5968
f 5954//5954 5968//5968 5955//5955
f 5955//5955 5968//5968 5969//5969
f 5955//5955 5969//5969 5956//5956
f 5956//5956 5969//5969 5970//5970
f 5956//5956 5970//5970 5958//5958
f 5958//5958 5970//5970 5971//5971
f 5958//5958 5971//5971 5960//5960
f 5960//5960 5971//5971 5845//5845
f 5960//5960 5845//5845 5972//5972
f 5972//5972 5845//5845 5844//5844
f 5909//5909 5817//5817 5814//5814
f 5814//5814 5817//5817 5816//5816
f 5814//5814 5816//5816 5812//5812
f 5812//5812 5816//5816 5815//5815
f 5812//5812 5815//5815 5965//5965
f 5965//5965 5815//5815 5903//5903
f 5965//5965 5903//5903 5966//5966
f 5966//5966 5903//5903 5905//5905
f 5966//5966 5905//5905 5899//5899
f 5899//5899 5905//5905 5973//5973
f 5899//5899 5973//5973 5900//5900
f 5974//5974 5975//5975 5976//5976
f 5976//5976 5975//5975 5977//5977
f 5976//5976 5977//5977 5978//5978
f 5978//5978 5977//5977 5979//5979
f 5978//5978 5979//5979 5980//5980
f 5980//5980 5979//5979 5981//5981
f 5980//5980 5981//5981 5982//5982
f 5982//5982 5981//5981 5983//5983
f 5982//5982 5983//5983 5984//5984
f 5984//5984 5983//5983 5985//5985
f 5984//5984 5985//5985 5928//5928
f 5928//5928 5985//5985 5929//5929
f 5928//5928 5929//5929 5447//5447
f 5447//5447 5929//5929 5448//5448
f 5975//5975 5986//5986 5977//5977
f 5977//5977 5986//5986 5987//5987
f 5977//5977 5987//5987 5979//5979
f 5979//5979 5987//5987 5988//5988
f 5979//5979 5988//5988 5981//5981
f 5981//5981 5988//5988 5989//5989
f 5981//5981 5989//5989 5983//5983
f 5983//5983 5989//5989 5990//5990
f 5983//5983 5990//5990 5985//5985
f 5985//5985 5990//5990 5991//5991
f 5985//5985 5991//5991 5929//5929
f 5929//5929 5991//5991 5932//5932
f 5929//5929 5932//5932 5445//5445
f 5445//5445 5932//5932 5444//5444
f 5992//5992 5993//5993 5994//5994
f 5994//5994 5993//5993 5995//5995
f 5994//5994 5995//5995 5996//5996
f 5996//5996 5995//5995 5997//5997
f 5996//5996 5997//5997 5998//5998
f 5998//5998 5997//5997 5999//5999
f 5998//5998 5999//5999 6000//6000
f 6000//6000 5999//5999 6001//6001
f 6000//6000 6001//6001 6002//6002
f 6002//6002 6001//6001 6003//6003
f 6002//6002 6003//6003 5939//5939
f 5939//5939 6003//6003 5937//5937
f 5939//5939 5937//5937 5469//5469
f 5469//5469 5937//5937 5470//5470
f 5993//5993 6004//6004 5995//5995
f 5995//5995 6004//6004 6005//6005
f 5995//5995 6005//6005 5997//5997
f 5997//5997 6005//6005 6006//6006
f 5997//5997 6006//6006 5999//5999
f 5999//5999 6006//6006 6007//6007
f 5999//5999 6007//6007 6001//6001
f 6001//6001 6007//6007 6008//6008
f 6001//6001 6008//6008 6003//6003
f 6003//6003 6008//6008 6009//6009
f 6003//6003 6009//6009 5937//5937
f 5937//5937 6009//6009 5936//5936
f 5937//5937 5936//5936 5472//5472
f 5472//5472 5936//5936 5466//5466
f 5967//5967 6010//6010 5968//5968
f 5968//5968 6010//6010 6011//6011
f 5968//5968 6011//6011 5969//5969
f 5969//5969 6011//6011 6012//6012
f 5969//5969 6012//6012 5970//5970
f 5970//5970 6012//6012 6013//6013
f 5970//5970 6013//6013 5971//5971
f 5971//5971 6013//6013 6014//6014
f 5971//5971 6014//6014 5845//5845
f 5845//5845 6014//6014 6015//6015
f 5845//5845 6015//6015 5847//5847
f 5847//5847 6015//6015 6016//6016
f 5847//5847 6016//6016 5849//5849
f 5849//5849 6016//6016 6017//6017
f 5849//5849 6017//6017 5850//5850
f 5850//5850 6017//6017 6018//6018
f 5850//5850 6018//6018 6019//6019
f 6019//6019 6018//6018 6020//6020
f 6019//6019 6020//6020 6021//6021
f 6021//6021 6020//6020 5852//5852
f 6021//6021 5852//5852 6022//6022
f 6022//6022 5852//5852 5851//5851
f 6023//6023 5961//5961 6024//6024
f 6024//6024 5961//5961 5962//5962
f 6024//6024 5962//5962 6025//6025
f 6025//6025 5962//5962 5963//5963
f 6025//6025 5963//5963 6026//6026
f 6026//6026 5963//5963 5964//5964
f 6026//6026 5964//5964 6027//6027
f 6027//6027 5964//5964 5966//5966
f 6027//6027 5966//5966 6028//6028
f 6028//6028 5966//5966 5899//5899
f 6028//6028 5899//5899 6029//6029
f 6029//6029 5899//5899 5820//5820
f 6029//6029 5820//5820 5898//5898
f 5898//5898 5820//5820 5819//5819
f 5898//5898 5819//5819 5896//5896
f 5896//5896 5819//5819 5818//5818
f 5456//5456 5460//5460 5930//5930
f 5930//5930 5460//5460 5931//5931
f 5930//5930 5931//5931 6030//6030
f 6030//6030 5931//5931 6031//6031
f 6030//6030 6031//6031 6032//6032
f 6032//6032 6031//6031 6033//6033
f 6032//6032 6033//6033 6034//6034
f 6034//6034 6033//6033 6035//6035
f 6034//6034 6035//6035 5924//5924
f 5924//5924 6035//6035 5923//5923
f 5924//5924 5923//5923 5428//5428
f 5428//5428 5923//5923 5427//5427
f 5458//5458 5442//5442 5931//5931
f 5931//5931 5442//5442 5933//5933
f 5931//5931 5933//5933 6031//6031
f 6031//6031 5933//5933 6036//6036
f 6031//6031 6036//6036 6033//6033
f 6033//6033 6036//6036 6037//6037
f 6033//6033 6037//6037 6035//6035
f 6035//6035 6037//6037 6038//6038
f 6035//6035 6038//6038 5923//5923
f 5923//5923 6038//6038 5926//5926
f 5923//5923 5926//5926 5424//5424
f 5424//5424 5926//5926 5423//5423
f 5473//5473 5476//5476 5938//5938
f 5938//5938 5476//5476 5934//5934
f 5938//5938 5934//5934 6039//6039
f 6039//6039 5934//5934 6040//6040
f 6039//6039 6040//6040 6041//6041
f 6041//6041 6040//6040 6042//6042
f 6041//6041 6042//6042 6043//6043
f 6043//6043 6042//6042 6044//6044
f 6043//6043 6044//6044 5945//5945
f 5945//5945 6044//6044 5947//5947
f 5945//5945 5947//5947 5491//5491
f 5491//5491 5947//5947 5490//5490
f 5477//5477 5481//5481 5934//5934
f 5934//5934 5481//5481 5935//5935
f 5934//5934 5935//5935 6040//6040
f 6040//6040 5935//5935 6045//6045
f 6040//6040 6045//6045 6042//6042
f 6042//6042 6045//6045 6046//6046
f 6042//6042 6046//6046 6044//6044
f 6044//6044 6046//6046 6047//6047
f 6044//6044 6047//6047 5947//5947
f 5947//5947 6047//6047 5946//5946
f 5947//5947 5946//5946 5486//5486
f 5486//5486 5946//5946 5485//5485
f 5856//5856 5851//5851 5854//5854
f 5854//5854 5851//5851 5853//5853
f 5854//5854 5853//5853 5855//5855
f 5855//5855 5853//5853 6048//6048
f 5855//5855 6048//6048 5859//5859
f 5859//5859 6048//6048 6049//6049
f 6010//6010 5974//5974 6011//6011
f 6011//6011 5974//5974 5976//5976
f 6011//6011 5976//5976 6012//6012
f 6012//6012 5976//5976 5978//5978
f 6012//6012 5978//5978 6013//6013
f 6013//6013 5978//5978 5980//5980
f 6013//6013 5980//5980 6014//6014
f 6014//6014 5980//5980 5982//5982
f 6014//6014 5982//5982 6015//6015
f 6015//6015 5982//5982 5984//5984
f 6015//6015 5984//5984 6016//6016
f 6016//6016 5984//5984 5928//5928
f 6016//6016 5928//5928 6017//6017
f 6017//6017 5928//5928 5930//5930
f 6017//6017 5930//5930 6018//6018
f 6018//6018 5930//5930 6030//6030
f 6018//6018 6030//6030 6020//6020
f 6020//6020 6030//6030 6032//6032
f 6020//6020 6032//6032 5852//5852
f 5852//5852 6032//6032 6034//6034
f 5852//5852 6034//6034 5853//5853
f 5853//5853 6034//6034 5924//5924
f 5853//5853 5924//5924 6048//6048
f 6048//6048 5924//5924 5920//5920
f 6048//6048 5920//5920 6049//6049
f 6049//6049 5920//5920 5921//5921
f 5986//5986 6050//6050 5987//5987
f 5987//5987 6050//6050 6051//6051
f 5987//5987 6051//6051 5988//5988
f 5988//5988 6051//6051 6052//6052
f 5988//5988 6052//6052 5989//5989
f 5989//5989 6052//6052 6053//6053
f 5989//5989 6053//6053 5990//5990
f 5990//5990 6053//6053 6054//6054
f 5990//5990 6054//6054 5991//5991
f 5991//5991 6054//6054 6055//6055
f 5991//5991 6055//6055 5932//5932
f 5932//5932 6055//6055 6056//6056
f 5932//5932 6056//6056 5933//5933
f 5933//5933 6056//6056 6057//6057
f 5933//5933 6057//6057 6036//6036
f 6036//6036 6057//6057 6058//6058
f 6036//6036 6058//6058 6037//6037
f 6037//6037 6058//6058 6059//6059
f 6037//6037 6059//6059 6038//6038
f 6038//6038 6059//6059 6060//6060
f 6038//6038 6060//6060 5926//5926
f 5926//5926 6060//6060 6061//6061
f 5926//5926 6061//6061 5925//5925
f 5925//5925 6061//6061 6062//6062
f 5925//5925 6062//6062 5927//5927
f 5927//5927 6062//6062 6063//6063
f 6050//6050 5992//5992 6051//6051
f 6051//6051 5992//5992 5994//5994
f 6051//6051 5994//5994 6052//6052
f 6052//6052 5994//5994 5996//5996
f 6052//6052 5996//5996 6053//6053
f 6053//6053 5996//5996 5998//5998
f 6053//6053 5998//5998 6054//6054
f 6054//6054 5998//5998 6000//6000
f 6054//6054 6000//6000 6055//6055
f 6055//6055 6000//6000 6002//6002
f 6055//6055 6002//6002 6056//6056
f 6056//6056 6002//6002 5939//5939
f 6056//6056 5939//5939 6057//6057
f 6057//6057 5939//5939 5938//5938
f 6057//6057 5938//5938 6058//6058
f 6058//6058 5938//5938 6039//6039
f 6058//6058 6039//6039 6059//6059
f 6059//6059 6039//6039 6041//6041
f 6059//6059 6041//6041 6060//6060
f 6060//6060 6041//6041 6043//6043
f 6060//6060 6043//6043 6061//6061
f 6061//6061 6043//6043 5945//5945
f 6061//6061 5945//5945 6062//6062
f 6062//6062 5945//5945 5943//5943
f 6062//6062 5943//5943 6063//6063
f 6063//6063 5943//5943 5944//5944
f 6004//6004 6023//6023 6005//6005
f 6005//6005 6023//6023 6024//6024
f 6005//6005 6024//6024 6006//6006
f 6006//6006 6024//6024 6025//6025
f 6006//6006 6025//6025 6007//6007
f 6007//6007 6025//6025 6026//6026
f 6007//6007 6026//6026 6008//6008
f 6008//6008 6026//6026 6027//6027
f 6008//6008 6027//6027 6009//6009
f 6009//6009 6027//6027 6028//6028
f 6009//6009 6028//6028 5936//5936
f 5936//5936 6028//6028 6029//6029
f 5936//5936 6029//6029 5935//5935
f 5935//5935 6029//6029 5898//5898
f 5935//5935 5898//5898 6045//6045
f 6045//6045 5898//5898 5897//5897
f 6045//6045 5897//5897 6046//6046
f 6046//6046 5897//5897 6064//6064
f 6046//6046 6064//6064 6047//6047
f 6047//6047 6064//6064 6065//6065
f 6047//6047 6065//6065 5946//5946
f 5946//5946 6065//6065 6066//6066
f 5946//5946 6066//6066 5942//5942
f 5942//5942 6066//6066 6067//6067
f 5942//5942 6067//6067 5941//5941
f 5941//5941 6067//6067 6068//6068
f 5896//5896 6069//6069 5897//5897
f 5897//5897 6069//6069 6070//6070
f 5897//5897 6070//6070 6064//6064
f 6064//6064 6070//6070 6071//6071
f 6064//6064 6071//6071 6065//6065
f 6065//6065 6071//6071 5895//5895
f 6065//6065 5895//5895 6066//6066
f 6066//6066 5895//5895 5894//5894
f 6066//6066 5894//5894 6067//6067
f 6067//6067 5894//5894 5892//5892
f 6067//6067 5892//5892 6068//6068
f 6068//6068 5892//5892 5889//5889
f 6072//6072 5860//5860 6073//6073
f 6073//6073 5860//5860 5859//5859
f 6073//6073 5859//5859 6074//6074
f 6074//6074 5859//5859 6049//6049
f 6074//6074 6049//6049 6075//6075
f 6075//6075 6049//6049 5921//5921
f 6075//6075 5921//5921 6076//6076
f 6076//6076 5921//5921 5922//5922
f 6076//6076 5922//5922 6077//6077
f 6077//6077 5922//5922 5927//5927
f 6077//6077 5927//5927 6078//6078
f 6078//6078 5927//5927 6063//6063
f 6078//6078 6063//6063 6079//6079
f 6079//6079 6063//6063 5944//5944
f 6079//6079 5944//5944 6080//6080
f 6080//6080 5944//5944 5940//5940
f 6080//6080 5940//5940 6081//6081
f 6081//6081 5940//5940 5941//5941
f 6081//6081 5941//5941 6082//6082
f 6082//6082 5941//5941 6068//6068
f 6082//6082 6068//6068 6083//6083
f 6083//6083 6068//6068 5889//5889
f 6083//6083 5889//5889 6084//6084
f 6084//6084 5889//5889 5890//5890
f 6084//6084 5890//5890 6085//6085
f 6085//6085 5890//5890 6086//6086
f 6085//6085 6086//6086 6087//6087
f 6087//6087 6088//6088 6085//6085
f 6085//6085 6088//6088 6089//6089
f 6085//6085 6089//6089 6084//6084
f 6084//6084 6089//6089 6090//6090
f 6084//6084 6090//6090 6083//6083
f 6083//6083 6090//6090 6091//6091
f 6083//6083 6091//6091 6082//6082
f 6082//6082 6091//6091 6092//6092
f 6082//6082 6092//6092 6081//6081
f 6081//6081 6092//6092 6093//6093
f 6081//6081 6093//6093 6080//6080
f 6080//6080 6093//6093 6094//6094
f 6080//6080 6094//6094 6079//6079
f 6079//6079 6094//6094 6095//6095
f 6079//6079 6095//6095 6078//6078
f 6078//6078 6095//6095 6096//6096
f 6078//6078 6096//6096 6077//6077
f 6077//6077 6096//6096 6097//6097
f 6077//6077 6097//6097 6076//6076
f 6076//6076 6097//6097 6098//6098
f 6076//6076 6098//6098 6075//6075
f 6075//6075 6098//6098 6099//6099
f 6075//6075 6099//6099 6074//6074
f 6074//6074 6099//6099 6100//6100
f 6074//6074 6100//6100 6073//6073
f 6073//6073 6100//6100 6101//6101
f 6073//6073 6101//6101 6072//6072
f 5886//5886 6102//6102 6087//6087
f 6087//6087 6102//6102 6103//6103
f 6087//6087 6103//6103 6088//6088
f 6088//6088 6103//6103 6104//6104
f 6088//6088 6104//6104 6089//6089
f 6089//6089 6104//6104 6105//6105
f 6089//6089 6105//6105 6090//6090
f 6090//6090 6105//6105 6106//6106
f 6090//6090 6106//6106 6091//6091
f 6091//6091 6106//6106 6107//6107
f 6091//6091 6107//6107 6092//6092
f 6092//6092 6107//6107 6108//6108
f 6092//6092 6108//6108 6093//6093
f 6093//6093 6108//6108 6109//6109
f 6093//6093 6109//6109 6094//6094
f 6094//6094 6109//6109 6110//6110
f 6094//6094 6110//6110 6095//6095
f 6095//6095 6110//6110 6111//6111
f 6095//6095 6111//6111 6096//6096
f 6096//6096 6111//6111 6112//6112
f 6096//6096 6112//6112 6097//6097
f 6097//6097 6112//6112 6113//6113
f 6097//6097 6113//6113 6098//6098
f 6098//6098 6113//6113 6114//6114
f 6098//6098 6114//6114 6099//6099
f 6099//6099 6114//6114 5861//5861
f 6099//6099 5861//5861 6100//6100
f 6100//6100 5861//5861 5863//5863
f 6100//6100 5863//5863 6101//6101
f 5822//5822 6115//6115 5886//5886
f 5886//5886 6115//6115 6116//6116
f 5886//5886 6116//6116 6102//6102
f 6102//6102 6116//6116 6117//6117
f 6102//6102 6117//6117 6103//6103
f 6103//6103 6117//6117 6118//6118
f 6103//6103 6118//6118 6104//6104
f 6104//6104 6118//6118 6119//6119
f 6104//6104 6119//6119 6105//6105
f 6105//6105 6119//6119 6120//6120
f 6105//6105 6120//6120 6106//6106
f 6106//6106 6120//6120 6121//6121
f 6106//6106 6121//6121 6107//6107
f 6107//6107 6121//6121 6122//6122
f 6107//6107 6122//6122 6108//6108
f 6108//6108 6122//6122 6123//6123
f 6108//6108 6123//6123 6109//6109
f 6109//6109 6123//6123 6124//6124
f 6109//6109 6124//6124 6110//6110
f 6110//6110 6124//6124 6125//6125
f 6110//6110 6125//6125 6111//6111
f 6111//6111 6125//6125 6126//6126
f 6111//6111 6126//6126 6112//6112
f 6112//6112 6126//6126 6127//6127
f 6112//6112 6127//6127 6113//6113
f 6113//6113 6127//6127 6128//6128
f 6113//6113 6128//6128 6114//6114
f 6114//6114 6128//6128 6129//6129
f 6114//6114 6129//6129 5861//5861
f 5861//5861 6129//6129 5864//5864
f 5861//5861 5864//5864 5862//5862
f 5862//5862 5864//5864 5866//5866
f 5862//5862 5866//5866 5863//5863
f 5885//5885 5884//5884 5821//5821
f 5821//5821 5884//5884 6130//6130
f 5821//5821 6130//6130 5822//5822
f 5822//5822 6130//6130 6131//6131
f 5822//5822 6131//6131 6115//6115
f 6115//6115 6131//6131 6132//6132
f 6115//6115 6132//6132 6116//6116
f 6116//6116 6132//6132 6133//6133
f 6116//6116 6133//6133 6117//6117
f 6117//6117 6133//6133 6134//6134
f 6117//6117 6134//6134 6118//6118
f 6118//6118 6134//6134 6135//6135
f 6118//6118 6135//6135 6119//6119
f 6119//6119 6135//6135 6136//6136
f 6119//6119 6136//6136 6120//6120
f 6120//6120 6136//6136 6137//6137
f 6120//6120 6137//6137 6121//6121
f 6121//6121 6137//6137 6138//6138
f 6121//6121 6138//6138 6122//6122
f 6122//6122 6138//6138 6139//6139
f 6122//6122 6139//6139 6123//6123
f 6123//6123 6139//6139 6140//6140
f 6123//6123 6140//6140 6124//6124
f 6124//6124 6140//6140 6141//6141
f 6124//6124 6141//6141 6125//6125
f 6125//6125 6141//6141 6142//6142
f 6125//6125 6142//6142 6126//6126
f 6126//6126 6142//6142 6143//6143
f 6126//6126 6143//6143 6127//6127
f 6127//6127 6143//6143 6144//6144
f 6127//6127 6144//6144 6128//6128
f 6128//6128 6144//6144 6145//6145
f 6128//6128 6145//6145 6129//6129
f 6129//6129 6145//6145 6146//6146
f 6129//6129 6146//6146 5864//5864
f 5864//5864 6146//6146 6147//6147
f 5864//5864 6147//6147 5865//5865
f 5865//5865 6147//6147 5871//5871
f 5865//5865 5871//5871 5867//5867
f 5867//5867 5871//5871 5870//5870
f 5867//5867 5870//5870 5868//5868
f 57//57 106//106 3192//3192
f 3192//3192 106//106 6148//6148
f 3192//3192 6148//6148 3190//3190
f 3193//3193 3190//3190 5511//5511
f 5511//5511 3190//3190 6148//6148
f 5511//5511 6148//6148 5637//5637
f 5637//5637 6148//6148 6149//6149
f 5637//5637 6149//6149 5636//5636
f 6150//6150 5717//5717 5718//5718
f 6150//6150 5718//5718 6149//6149
f 6149//6149 5718//5718 5719//5719
f 6149//6149 5719//5719 5636//5636
f 6151//6151 5551//5551 5715//5715
f 6151//6151 5715//5715 6150//6150
f 6150//6150 5715//5715 5716//5716
f 6150//6150 5716//5716 5717//5717
f 6152//6152 5723//5723 5720//5720
f 6152//6152 5720//5720 6151//6151
f 6151//6151 5720//5720 5552//5552
f 6151//6151 5552//5552 5551//5551
f 6153//6153 5548//5548 5721//5721
f 6153//6153 5721//5721 6152//6152
f 6152//6152 5721//5721 5722//5722
f 6152//6152 5722//5722 5723//5723
f 6154//6154 5545//5545 5724//5724
f 6154//6154 5724//5724 6153//6153
f 6153//6153 5724//5724 5549//5549
f 6153//6153 5549//5549 5548//5548
f 6155//6155 5728//5728 5726//5726
f 6155//6155 5726//5726 6154//6154
f 6154//6154 5726//5726 5546//5546
f 6154//6154 5546//5546 5545//5545
f 6156//6156 5731//5731 5732//5732
f 6156//6156 5732//5732 6155//6155
f 6155//6155 5732//5732 5729//5729
f 6155//6155 5729//5729 5728//5728
f 6157//6157 5735//5735 5733//5733
f 6157//6157 5733//5733 6156//6156
f 6156//6156 5733//5733 5730//5730
f 6156//6156 5730//5730 5731//5731
f 6158//6158 5708//5708 5738//5738
f 6158//6158 5738//5738 6157//6157
f 6157//6157 5738//5738 5737//5737
f 6157//6157 5737//5737 5735//5735
f 6159//6159 5711//5711 5710//5710
f 6159//6159 5710//5710 6158//6158
f 6158//6158 5710//5710 5706//5706
f 6158//6158 5706//5706 5708//5708
f 3148//3148 3149//3149 6160//6160
f 6160//6160 3149//3149 5714//5714
f 6160//6160 5714//5714 6159//6159
f 6159//6159 5714//5714 5713//5713
f 6159//6159 5713//5713 5711//5711
f 13//13 8//8 6160//6160
f 6160//6160 8//8 3146//3146
f 6160//6160 3146//3146 3148//3148
f 12//12 13//13 5824//5824
f 5824//5824 13//13 6160//6160
f 5824//5824 6160//6160 5880//5880
f 5880//5880 6160//6160 5882//5882
f 5882//5882 6160//6160 6159//6159
f 5882//5882 6159//6159 5884//5884
f 5884//5884 6159//6159 6130//6130
f 6130//6130 6159//6159 6158//6158
f 6130//6130 6158//6158 6131//6131
f 6131//6131 6158//6158 6132//6132
f 6132//6132 6158//6158 6157//6157
f 6132//6132 6157//6157 6133//6133
f 6133//6133 6157//6157 6134//6134
f 6134//6134 6157//6157 6156//6156
f 6134//6134 6156//6156 6135//6135
f 6135//6135 6156//6156 6136//6136
f 6136//6136 6156//6156 6155//6155
f 6136//6136 6155//6155 6137//6137
f 6137//6137 6155//6155 6138//6138
f 6138//6138 6155//6155 6154//6154
f 6138//6138 6154//6154 6139//6139
f 6139//6139 6154//6154 6140//6140
f 6140//6140 6154//6154 6153//6153
f 6140//6140 6153//6153 6141//6141
f 6141//6141 6153//6153 6142//6142
f 6142//6142 6153//6153 6152//6152
f 6142//6142 6152//6152 6143//6143
f 6143//6143 6152//6152 6144//6144
f 6144//6144 6152//6152 6151//6151
f 6144//6144 6151//6151 6145//6145
f 6145//6145 6151//6151 6146//6146
f 6146//6146 6151//6151 6150//6150
f 6146//6146 6150//6150 6147//6147
f 6147//6147 6150//6150 5871//5871
f 5871//5871 6150//6150 6149//6149
f 5871//5871 6149//6149 5872//5872
f 5872//5872 6149//6149 5873//5873
f 5873//5873 6149//6149 6148//6148
f 5873//5873 6148//6148 5875//5875
f 5875//5875 6148//6148 5877//5877
f 5877//5877 6148//6148 106//106
f 5877//5877 106//106 107//107
f 3//3 7//7 3152//3152
f 3152//3152 7//7 6161//6161
f 3152//3152 6161//6161 3150//3150
f 3153//3153 3150//3150 5664//5664
f 5664//5664 3150//3150 6161//6161
f 5664//5664 6161//6161 5662//5662
f 5662//5662 6161//6161 6162//6162
f 5662//5662 6162//6162 5660//5660
f 6163//6163 5806//5806 5805//5805
f 6163//6163 5805//5805 6162//6162
f 6162//6162 5805//5805 5804//5804
f 6162//6162 5804//5804 5660//5660
f 6164//6164 5809//5809 5808//5808
f 6164//6164 5808//5808 6163//6163
f 6163//6163 5808//5808 5807//5807
f 6163//6163 5807//5807 5806//5806
f 6165//6165 5799//5799 5798//5798
f 6165//6165 5798//5798 6164//6164
f 6164//6164 5798//5798 5803//5803
f 6164//6164 5803//5803 5809//5809
f 6166//6166 5802//5802 5801//5801
f 6166//6166 5801//5801 6165//6165
f 6165//6165 5801//5801 5800//5800
f 6165//6165 5800//5800 5799//5799
f 6167//6167 5539//5539 5796//5796
f 6167//6167 5796//5796 6166//6166
f 6166//6166 5796//5796 5797//5797
f 6166//6166 5797//5797 5802//5802
f 6168//6168 5761//5761 5760//5760
f 6168//6168 5760//5760 6167//6167
f 6167//6167 5760//5760 5540//5540
f 6167//6167 5540//5540 5539//5539
f 6169//6169 5756//5756 5755//5755
f 6169//6169 5755//5755 6168//6168
f 6168//6168 5755//5755 5544//5544
f 6168//6168 5544//5544 5761//5761
f 6170//6170 5754//5754 5758//5758
f 6170//6170 5758//5758 6169//6169
f 6169//6169 5758//5758 5757//5757
f 6169//6169 5757//5757 5756//5756
f 6171//6171 5655//5655 5654//5654
f 6171//6171 5654//5654 6170//6170
f 6170//6170 5654//5654 5753//5753
f 6170//6170 5753//5753 5754//5754
f 6172//6172 5658//5658 5657//5657
f 6172//6172 5657//5657 6171//6171
f 6171//6171 5657//5657 5656//5656
f 6171//6171 5656//5656 5655//5655
f 3188//3188 3189//3189 6173//6173
f 6173//6173 3189//3189 5503//5503
f 6173//6173 5503//5503 6172//6172
f 6172//6172 5503//5503 5659//5659
f 6172//6172 5659//5659 5658//5658
f 101//101 67//67 6173//6173
f 6173//6173 67//67 3186//3186
f 6173//6173 3186//3186 3188//3188
f 5828//5828 6174//6174 5829//5829
f 5829//5829 6174//6174 6173//6173
f 5829//5829 6173//6173 5831//5831
f 5831//5831 6173//6173 5833//5833
f 5833//5833 6173//6173 6172//6172
f 5833//5833 6172//6172 5834//5834
f 5834//5834 6172//6172 5837//5837
f 5837//5837 6172//6172 6171//6171
f 5837//5837 6171//6171 5948//5948
f 5948//5948 6171//6171 5949//5949
f 5949//5949 6171//6171 6170//6170
f 5949//5949 6170//6170 5953//5953
f 5953//5953 6170//6170 5967//5967
f 5967//5967 6170//6170 6169//6169
f 5967//5967 6169//6169 6010//6010
f 6010//6010 6169//6169 5974//5974
f 5974//5974 6169//6169 6168//6168
f 5974//5974 6168//6168 5975//5975
f 5975//5975 6168//6168 5986//5986
f 5986//5986 6168//6168 6167//6167
f 5986//5986 6167//6167 6050//6050
f 6050//6050 6167//6167 5992//5992
f 5992//5992 6167//6167 6166//6166
f 5992//5992 6166//6166 5993//5993
f 5993//5993 6166//6166 6004//6004
f 6004//6004 6166//6166 6165//6165
f 6004//6004 6165//6165 6023//6023
f 6023//6023 6165//6165 5961//5961
f 5961//5961 6165//6165 6164//6164
f 5961//5961 6164//6164 5952//5952
f 5952//5952 6164//6164 5951//5951
f 5951//5951 6164//6164 6163//6163
f 5951//5951 6163//6163 5950//5950
f 5950//5950 6163//6163 5912//5912
f 5912//5912 6163//6163 6162//6162
f 5912//5912 6162//6162 5913//5913
f 5913//5913 6162//6162 5914//5914
f 5914//5914 6162//6162 6161//6161
f 5914//5914 6161//6161 5916//5916
f 5916//5916 6161//6161 5918//5918
f 5918//5918 6161//6161 7//7
f 5918//5918 7//7 6//6
f 6175//6175 6176//6176 5815//5815
f 6177//6177 6178//6178 5896//5896
f 6179//6179 6180//6180 5893//5893
f 5906//5906 5911//5911 6181//6181
f 5815//5815 6176//6176 5902//5902
f 5902//5902 6176//6176 6182//6182
f 5902//5902 6182//6182 5904//5904
f 6181//6181 5911//5911 6183//6183
f 5896//5896 5818//5818 6177//6177
f 6177//6177 5818//5818 5901//5901
f 6177//6177 5901//5901 6184//6184
f 5911//5911 5915//5915 6183//6183
f 6183//6183 5915//5915 5917//5917
f 6183//6183 5917//5917 5//5
f 5//5 5917//5917 5919//5919
f 5//5 5919//5919 4//4
f 5901//5901 5900//5900 6184//6184
f 6184//6184 5900//5900 5973//5973
f 6184//6184 5973//5973 6182//6182
f 6182//6182 5973//5973 5905//5905
f 6182//6182 5905//5905 5904//5904
f 5893//5893 5895//5895 6179//6179
f 6179//6179 5895//5895 6071//6071
f 6179//6179 6071//6071 6185//6185
f 6185//6185 6071//6071 6186//6186
f 6185//6185 6186//6186 6178//6178
f 6178//6178 6186//6186 6069//6069
f 6178//6178 6069//6069 5896//5896
f 6086//6086 6187//6187 6087//6087
f 6087//6087 6187//6187 6188//6188
f 6087//6087 6188//6188 5886//5886
f 5886//5886 6188//6188 6189//6189
f 5886//5886 6189//6189 5823//5823
f 5823//5823 6189//6189 6190//6190
f 5823//5823 6190//6190 5821//5821
f 14//14 11//11 5879//5879
f 5815//5815 5817//5817 6175//6175
f 6175//6175 5817//5817 5909//5909
f 6175//6175 5909//5909 6181//6181
f 6181//6181 5909//5909 5907//5907
f 6181//6181 5907//5907 5906//5906
f 6086//6086 5890//5890 6187//6187
f 6187//6187 5890//5890 5888//5888
f 6187//6187 5888//5888 6191//6191
f 6191//6191 5888//5888 5887//5887
f 6191//6191 5887//5887 6180//6180
f 6180//6180 5887//5887 5891//5891
f 6180//6180 5891//5891 5893//5893
f 14//14 5879//5879 6192//6192
f 5879//5879 5881//5881 6192//6192
f 6192//6192 5881//5881 5883//5883
f 6192//6192 5883//5883 6190//6190
f 6190//6190 5883//5883 5885//5885
f 6190//6190 5885//5885 5821//5821
f 5874//5874 5876//5876 6193//6193
f 5835//5835 5836//5836 6194//6194
f 6193//6193 5876//5876 110//110
f 110//110 5876//5876 5878//5878
f 110//110 5878//5878 108//108
f 6195//6195 6196//6196 5851//5851
f 5835//5835 6194//6194 5832//5832
f 5832//5832 6194//6194 6197//6197
f 5832//5832 6197//6197 5830//5830
f 5830//5830 6197//6197 103//103
f 5830//5830 103//103 104//104
f 5874//5874 6193//6193 5869//5869
f 5869//5869 6193//6193 6198//6198
f 5869//5869 6198//6198 5870//5870
f 6199//6199 6200//6200 5860//5860
f 5836//5836 5838//5838 6194//6194
f 6194//6194 5838//5838 5840//5840
f 6194//6194 5840//5840 6201//6201
f 5860//5860 6072//6072 6199//6199
f 6199//6199 6072//6072 6101//6101
f 6199//6199 6101//6101 6202//6202
f 6202//6202 6101//6101 5863//5863
f 6202//6202 5863//5863 6203//6203
f 6203//6203 5863//5863 5866//5866
f 6203//6203 5866//5866 6198//6198
f 6198//6198 5866//5866 5868//5868
f 6198//6198 5868//5868 5870//5870
f 5851//5851 5856//5856 6195//6195
f 6195//6195 5856//5856 5857//5857
f 6195//6195 5857//5857 6200//6200
f 6200//6200 5857//5857 5858//5858
f 6200//6200 5858//5858 5860//5860
f 6204//6204 6205//6205 5848//5848
f 5840//5840 5842//5842 6201//6201
f 6201//6201 5842//5842 5825//5825
f 6201//6201 5825//5825 6206//6206
f 6206//6206 5825//5825 5827//5827
f 6206//6206 5827//5827 6207//6207
f 6207//6207 5827//5827 5957//5957
f 6207//6207 5957//5957 5959//5959
f 5848//5848 5850//5850 6204//6204
f 6204//6204 5850//5850 6019//6019
f 6204//6204 6019//6019 6208//6208
f 6208//6208 6019//6019 6209//6209
f 6208//6208 6209//6209 6196//6196
f 6196//6196 6209//6209 6022//6022
f 6196//6196 6022//6022 5851//5851
f 5959//5959 5960//5960 6207//6207
f 6207//6207 5960//5960 5972//5972
f 6207//6207 5972//5972 6210//6210
f 6210//6210 5972//5972 5844//5844
f 6210//6210 5844//5844 6205//6205
f 6205//6205 5844//5844 5846//5846
f 6205//6205 5846//5846 5848//5848
f 102//102 103//103 6211//6211
f 6211//6211 103//103 6197//6197
f 6211//6211 6197//6197 6212//6212
f 6212//6212 6197//6197 6194//6194
f 6212//6212 6194//6194 6213//6213
f 6213//6213 6194//6194 6201//6201
f 6213//6213 6201//6201 6214//6214
f 6214//6214 6201//6201 6206//6206
f 6214//6214 6206//6206 6215//6215
f 6215//6215 6206//6206 6207//6207
f 6215//6215 6207//6207 6216//6216
f 6216//6216 6207//6207 6210//6210
f 6216//6216 6210//6210 6217//6217
f 6217//6217 6210//6210 6205//6205
f 6217//6217 6205//6205 6218//6218
f 6218//6218 6205//6205 6204//6204
f 6218//6218 6204//6204 6219//6219
f 6219//6219 6204//6204 6220//6220
f 6219//6219 6220//6220 6221//6221
f 6221//6221 6220//6220 6196//6196
f 6221//6221 6196//6196 6222//6222
f 6222//6222 6196//6196 6195//6195
f 6222//6222 6195//6195 6223//6223
f 6223//6223 6195//6195 6200//6200
f 6223//6223 6200//6200 6224//6224
f 6224//6224 6200//6200 6199//6199
f 6224//6224 6199//6199 6225//6225
f 6225//6225 6199//6199 6202//6202
f 6225//6225 6202//6202 6226//6226
f 6226//6226 6202//6202 6203//6203
f 6226//6226 6203//6203 6227//6227
f 6227//6227 6203//6203 6198//6198
f 6227//6227 6198//6198 6228//6228
f 6228//6228 6198//6198 6193//6193
f 6228//6228 6193//6193 109//109
f 109//109 6193//6193 110//110
f 66//66 102//102 3187//3187
f 3187//3187 102//102 6211//6211
f 3187//3187 6211//6211 3223//3223
f 3223//3223 6211//6211 6212//6212
f 3223//3223 6212//6212 3221//3221
f 3221//3221 6212//6212 6213//6213
f 3221//3221 6213//6213 3219//3219
f 3219//3219 6213//6213 6214//6214
f 3219//3219 6214//6214 3217//3217
f 3217//3217 6214//6214 6215//6215
f 3217//3217 6215//6215 3215//3215
f 3215//3215 6215//6215 6216//6216
f 3215//3215 6216//6216 3213//3213
f 3213//3213 6216//6216 6217//6217
f 3213//3213 6217//6217 3211//3211
f 3211//3211 6217//6217 6218//6218
f 3211//3211 6218//6218 3209//3209
f 3209//3209 6218//6218 6219//6219
f 3209//3209 6219//6219 3207//3207
f 3207//3207 6219//6219 6221//6221
f 3207//3207 6221//6221 3205//3205
f 3205//3205 6221//6221 6222//6222
f 3205//3205 6222//6222 3203//3203
f 3203//3203 6222//6222 6223//6223
f 3203//3203 6223//6223 3201//3201
f 3201//3201 6223//6223 6224//6224
f 3201//3201 6224//6224 3199//3199
f 3199//3199 6224//6224 6225//6225
f 3199//3199 6225//6225 3197//3197
f 3197//3197 6225//6225 6226//6226
f 3197//3197 6226//6226 3195//3195
f 3195//3195 6226//6226 6227//6227
f 3195//3195 6227//6227 3191//3191
f 3191//3191 6227//6227 6228//6228
f 3191//3191 6228//6228 58//58
f 58//58 6228//6228 109//109
f 10//10 14//14 6229//6229
f 6229//6229 14//14 6192//6192
f 6229//6229 6192//6192 6230//6230
f 6230//6230 6192//6192 6190//6190
f 6230//6230 6190//6190 6231//6231
f 6231//6231 6190//6190 6189//6189
f 6231//6231 6189//6189 6232//6232
f 6232//6232 6189//6189 6188//6188
f 6232//6232 6188//6188 6233//6233
f 6233//6233 6188//6188 6187//6187
f 6233//6233 6187//6187 6234//6234
f 6234//6234 6187//6187 6191//6191
f 6234//6234 6191//6191 6235//6235
f 6235//6235 6191//6191 6180//6180
f 6235//6235 6180//6180 6236//6236
f 6236//6236 6180//6180 6179//6179
f 6236//6236 6179//6179 6237//6237
f 6237//6237 6179//6179 6238//6238
f 6237//6237 6238//6238 6239//6239
f 6239//6239 6238//6238 6178//6178
f 6239//6239 6178//6178 6240//6240
f 6240//6240 6178//6178 6177//6177
f 6240//6240 6177//6177 6241//6241
f 6241//6241 6177//6177 6184//6184
f 6241//6241 6184//6184 6242//6242
f 6242//6242 6184//6184 6182//6182
f 6242//6242 6182//6182 6243//6243
f 6243//6243 6182//6182 6176//6176
f 6243//6243 6176//6176 6244//6244
f 6244//6244 6176//6176 6175//6175
f 6244//6244 6175//6175 6245//6245
f 6245//6245 6175//6175 6181//6181
f 6245//6245 6181//6181 6246//6246
f 6246//6246 6181//6181 6183//6183
f 6246//6246 6183//6183 1//1
f 1//1 6183//6183 5//5
f 9//9 10//10 3147//3147
f 3147//3147 10//10 6229//6229
f 3147//3147 6229//6229 3183//3183
f 3183//3183 6229//6229 6230//6230
f 3183//3183 6230//6230 3181//3181
f 3181//3181 6230//6230 6231//6231
f 3181//3181 6231//6231 3179//3179
f 3179//3179 6231//6231 6232//6232
f 3179//3179 6232//6232 3177//3177
f 3177//3177 6232//6232 6233//6233
f 3177//3177 6233//6233 3175//3175
f 3175//3175 6233//6233 6234//6234
f 3175//3175 6234//6234 3173//3173
f 3173//3173 6234//6234 6235//6235
f 3173//3173 6235//6235 3171//3171
f 3171//3171 6235//6235 6236//6236
f 3171//3171 6236//6236 3169//3169
f 3169//3169 6236//6236 6237//6237
f 3169//3169 6237//6237 3167//3167
f 3167//3167 6237//6237 6239//6239
f 3167//3167 6239//6239 3165//3165
f 3165//3165 6239//6239 6240//6240
f 3165//3165 6240//6240 3163//3163
f 3163//3163 6240//6240 6241//6241
f 3163//3163 6241//6241 3161//3161
f 3161//3161 6241//6241 6242//6242
f 3161//3161 6242//6242 3159//3159
f 3159//3159 6242//6242 6243//6243
f 3159//3159 6243//6243 3157//3157
f 3157//3157 6243//6243 6244//6244
f 3157//3157 6244//6244 3155//3155
f 3155//3155 6244//6244 6245//6245
f 3155//3155 6245//6245 3151//3151
f 3151//3151 6245//6245 6246//6246
f 3151//3151 6246//6246 2//2
f 2//2 6246//6246 1//1
# 12528 faces, 0 coords texture

# End of File
