Running main() from /opt/ros/humble/src/gtest_vendor/src/gtest_main.cc

Repeating all tests (iteration 1) . . .

Note: Google Test filter = *LostOwner*:*ExpiredLease*:*ExplicitRevocation*:*HeartbeatCallbacksRace*
[==========] Running 4 tests from 1 test suite.
[----------] Global test environment set-up.
[----------] 4 tests from OwnedController
[ RUN      ] OwnedController.LostOwnerAbortsAndHoldsInsteadOfCompletingOldTrajectory
[WARN] [1790569213.410961701] [stop_probe]: [Deprecated]: "allow_nonzero_velocity_at_trajectory_end" is set to true. The default behavior will change to false.
[INFO] [1790569213.411067431] [stop_probe]: No specific joint names are used for command interfaces. Using 'joints' parameter.
[INFO] [1790569213.411075367] [stop_probe]: Command interfaces are [position] and state interfaces are [position velocity].
[INFO] [1790569213.411085176] [stop_probe]: Using 'splines' interpolation method.
[INFO] [1790569213.411809974] [stop_probe]: Controller state will be published at 50.00 Hz.
[INFO] [1790569213.414402543] [stop_probe]: Action status changes will be monitored at 20.00 Hz.
[INFO] [1790569213.572219091] [stop_probe]: Received new action goal
[INFO] [1790569213.572263012] [stop_probe]: Accepted new action goal
[       OK ] OwnedController.LostOwnerAbortsAndHoldsInsteadOfCompletingOldTrajectory (1242 ms)
[ RUN      ] OwnedController.ExpiredLeaseCannotBeRevivedByLateHeartbeat
[WARN] [1790569214.650959268] [stop_probe]: [Deprecated]: "allow_nonzero_velocity_at_trajectory_end" is set to true. The default behavior will change to false.
[INFO] [1790569214.651035253] [stop_probe]: No specific joint names are used for command interfaces. Using 'joints' parameter.
[INFO] [1790569214.651049071] [stop_probe]: Command interfaces are [position] and state interfaces are [position velocity].
[INFO] [1790569214.651059669] [stop_probe]: Using 'splines' interpolation method.
[INFO] [1790569214.651151541] [stop_probe]: Controller state will be published at 50.00 Hz.
[INFO] [1790569214.651765866] [stop_probe]: Action status changes will be monitored at 20.00 Hz.
[INFO] [1790569214.807524665] [stop_probe]: Received new action goal
[INFO] [1790569214.807586293] [stop_probe]: Accepted new action goal
[       OK ] OwnedController.ExpiredLeaseCannotBeRevivedByLateHeartbeat (931 ms)
[ RUN      ] OwnedController.ExplicitRevocationStopsBeforeLeaseTimeout
[WARN] [1790569215.580467602] [stop_probe]: [Deprecated]: "allow_nonzero_velocity_at_trajectory_end" is set to true. The default behavior will change to false.
[INFO] [1790569215.580531267] [stop_probe]: No specific joint names are used for command interfaces. Using 'joints' parameter.
[INFO] [1790569215.580537803] [stop_probe]: Command interfaces are [position] and state interfaces are [position velocity].
[INFO] [1790569215.580543084] [stop_probe]: Using 'splines' interpolation method.
[INFO] [1790569215.580619089] [stop_probe]: Controller state will be published at 50.00 Hz.
[INFO] [1790569215.581130823] [stop_probe]: Action status changes will be monitored at 20.00 Hz.
[INFO] [1790569215.735961411] [stop_probe]: Received new action goal
[INFO] [1790569215.736015513] [stop_probe]: Accepted new action goal
[       OK ] OwnedController.ExplicitRevocationStopsBeforeLeaseTimeout (469 ms)
[ RUN      ] OwnedController.HeartbeatCallbacksRaceRealtimeExpiryWithoutRevival
[WARN] [1790569216.050662463] [stop_probe]: [Deprecated]: "allow_nonzero_velocity_at_trajectory_end" is set to true. The default behavior will change to false.
[INFO] [1790569216.050747870] [stop_probe]: No specific joint names are used for command interfaces. Using 'joints' parameter.
[INFO] [1790569216.050761812] [stop_probe]: Command interfaces are [position] and state interfaces are [position velocity].
[INFO] [1790569216.050772325] [stop_probe]: Using 'splines' interpolation method.
[INFO] [1790569216.050874131] [stop_probe]: Controller state will be published at 50.00 Hz.
[INFO] [1790569216.051479133] [stop_probe]: Action status changes will be monitored at 20.00 Hz.
[INFO] [1790569216.208189090] [stop_probe]: Received new action goal
[INFO] [1790569216.208269810] [stop_probe]: Accepted new action goal
[       OK ] OwnedController.HeartbeatCallbacksRaceRealtimeExpiryWithoutRevival (1176 ms)
[----------] 4 tests from OwnedController (3818 ms total)

[----------] Global test environment tear-down
[==========] 4 tests from 1 test suite ran. (3822 ms total)
[  PASSED  ] 4 tests.

Repeating all tests (iteration 2) . . .

Note: Google Test filter = *LostOwner*:*ExpiredLease*:*ExplicitRevocation*:*HeartbeatCallbacksRace*
[==========] Running 4 tests from 1 test suite.
[----------] Global test environment set-up.
[----------] 4 tests from OwnedController
[ RUN      ] OwnedController.LostOwnerAbortsAndHoldsInsteadOfCompletingOldTrajectory
[WARN] [1790569217.224818446] [stop_probe]: [Deprecated]: "allow_nonzero_velocity_at_trajectory_end" is set to true. The default behavior will change to false.
[INFO] [1790569217.224879314] [stop_probe]: No specific joint names are used for command interfaces. Using 'joints' parameter.
[INFO] [1790569217.224886985] [stop_probe]: Command interfaces are [position] and state interfaces are [position velocity].
[INFO] [1790569217.224893209] [stop_probe]: Using 'splines' interpolation method.
[INFO] [1790569217.224979583] [stop_probe]: Controller state will be published at 50.00 Hz.
[INFO] [1790569217.225459999] [stop_probe]: Action status changes will be monitored at 20.00 Hz.
[INFO] [1790569217.380432958] [stop_probe]: Received new action goal
[INFO] [1790569217.380482076] [stop_probe]: Accepted new action goal
[       OK ] OwnedController.LostOwnerAbortsAndHoldsInsteadOfCompletingOldTrajectory (1231 ms)
[ RUN      ] OwnedController.ExpiredLeaseCannotBeRevivedByLateHeartbeat
[WARN] [1790569218.456817822] [stop_probe]: [Deprecated]: "allow_nonzero_velocity_at_trajectory_end" is set to true. The default behavior will change to false.
[INFO] [1790569218.456891309] [stop_probe]: No specific joint names are used for command interfaces. Using 'joints' parameter.
[INFO] [1790569218.456898814] [stop_probe]: Command interfaces are [position] and state interfaces are [position velocity].
[INFO] [1790569218.456903500] [stop_probe]: Using 'splines' interpolation method.
[INFO] [1790569218.456976240] [stop_probe]: Controller state will be published at 50.00 Hz.
[INFO] [1790569218.457438482] [stop_probe]: Action status changes will be monitored at 20.00 Hz.
[INFO] [1790569218.612155419] [stop_probe]: Received new action goal
[INFO] [1790569218.612211776] [stop_probe]: Accepted new action goal
[       OK ] OwnedController.ExpiredLeaseCannotBeRevivedByLateHeartbeat (926 ms)
[ RUN      ] OwnedController.ExplicitRevocationStopsBeforeLeaseTimeout
[WARN] [1790569219.383441990] [stop_probe]: [Deprecated]: "allow_nonzero_velocity_at_trajectory_end" is set to true. The default behavior will change to false.
[INFO] [1790569219.383526835] [stop_probe]: No specific joint names are used for command interfaces. Using 'joints' parameter.
[INFO] [1790569219.383541931] [stop_probe]: Command interfaces are [position] and state interfaces are [position velocity].
[INFO] [1790569219.383553218] [stop_probe]: Using 'splines' interpolation method.
[INFO] [1790569219.383686956] [stop_probe]: Controller state will be published at 50.00 Hz.
[INFO] [1790569219.384292919] [stop_probe]: Action status changes will be monitored at 20.00 Hz.
[INFO] [1790569219.540609546] [stop_probe]: Received new action goal
[INFO] [1790569219.540643989] [stop_probe]: Accepted new action goal
[       OK ] OwnedController.ExplicitRevocationStopsBeforeLeaseTimeout (469 ms)
[ RUN      ] OwnedController.HeartbeatCallbacksRaceRealtimeExpiryWithoutRevival
[WARN] [1790569219.851256077] [stop_probe]: [Deprecated]: "allow_nonzero_velocity_at_trajectory_end" is set to true. The default behavior will change to false.
[INFO] [1790569219.851301339] [stop_probe]: No specific joint names are used for command interfaces. Using 'joints' parameter.
[INFO] [1790569219.851306688] [stop_probe]: Command interfaces are [position] and state interfaces are [position velocity].
[INFO] [1790569219.851311333] [stop_probe]: Using 'splines' interpolation method.
[INFO] [1790569219.851372394] [stop_probe]: Controller state will be published at 50.00 Hz.
[INFO] [1790569219.851859467] [stop_probe]: Action status changes will be monitored at 20.00 Hz.
[INFO] [1790569220.007251544] [stop_probe]: Received new action goal
[INFO] [1790569220.007294143] [stop_probe]: Accepted new action goal
[       OK ] OwnedController.HeartbeatCallbacksRaceRealtimeExpiryWithoutRevival (1172 ms)
[----------] 4 tests from OwnedController (3799 ms total)

[----------] Global test environment tear-down
[==========] 4 tests from 1 test suite ran. (3799 ms total)
[  PASSED  ] 4 tests.

Repeating all tests (iteration 3) . . .

Note: Google Test filter = *LostOwner*:*ExpiredLease*:*ExplicitRevocation*:*HeartbeatCallbacksRace*
[==========] Running 4 tests from 1 test suite.
[----------] Global test environment set-up.
[----------] 4 tests from OwnedController
[ RUN      ] OwnedController.LostOwnerAbortsAndHoldsInsteadOfCompletingOldTrajectory
[WARN] [1790569221.025340090] [stop_probe]: [Deprecated]: "allow_nonzero_velocity_at_trajectory_end" is set to true. The default behavior will change to false.
[INFO] [1790569221.025408899] [stop_probe]: No specific joint names are used for command interfaces. Using 'joints' parameter.
[INFO] [1790569221.025417325] [stop_probe]: Command interfaces are [position] and state interfaces are [position velocity].
[INFO] [1790569221.025424913] [stop_probe]: Using 'splines' interpolation method.
[INFO] [1790569221.025493066] [stop_probe]: Controller state will be published at 50.00 Hz.
[INFO] [1790569221.026037746] [stop_probe]: Action status changes will be monitored at 20.00 Hz.
[INFO] [1790569221.181627223] [stop_probe]: Received new action goal
[INFO] [1790569221.181664155] [stop_probe]: Accepted new action goal
[       OK ] OwnedController.LostOwnerAbortsAndHoldsInsteadOfCompletingOldTrajectory (1231 ms)
[ RUN      ] OwnedController.ExpiredLeaseCannotBeRevivedByLateHeartbeat
[WARN] [1790569222.255300301] [stop_probe]: [Deprecated]: "allow_nonzero_velocity_at_trajectory_end" is set to true. The default behavior will change to false.
[INFO] [1790569222.255349442] [stop_probe]: No specific joint names are used for command interfaces. Using 'joints' parameter.
[INFO] [1790569222.255354848] [stop_probe]: Command interfaces are [position] and state interfaces are [position velocity].
[INFO] [1790569222.255359794] [stop_probe]: Using 'splines' interpolation method.
[INFO] [1790569222.255409525] [stop_probe]: Controller state will be published at 50.00 Hz.
[INFO] [1790569222.255984727] [stop_probe]: Action status changes will be monitored at 20.00 Hz.
[INFO] [1790569222.412644902] [stop_probe]: Received new action goal
[INFO] [1790569222.412683580] [stop_probe]: Accepted new action goal
[       OK ] OwnedController.ExpiredLeaseCannotBeRevivedByLateHeartbeat (927 ms)
[ RUN      ] OwnedController.ExplicitRevocationStopsBeforeLeaseTimeout
[WARN] [1790569223.182525831] [stop_probe]: [Deprecated]: "allow_nonzero_velocity_at_trajectory_end" is set to true. The default behavior will change to false.
[INFO] [1790569223.182614118] [stop_probe]: No specific joint names are used for command interfaces. Using 'joints' parameter.
[INFO] [1790569223.182624238] [stop_probe]: Command interfaces are [position] and state interfaces are [position velocity].
[INFO] [1790569223.182631611] [stop_probe]: Using 'splines' interpolation method.
[INFO] [1790569223.182729085] [stop_probe]: Controller state will be published at 50.00 Hz.
[INFO] [1790569223.183224620] [stop_probe]: Action status changes will be monitored at 20.00 Hz.
[INFO] [1790569223.337936155] [stop_probe]: Received new action goal
[INFO] [1790569223.337995549] [stop_probe]: Accepted new action goal
[       OK ] OwnedController.ExplicitRevocationStopsBeforeLeaseTimeout (469 ms)
[ RUN      ] OwnedController.HeartbeatCallbacksRaceRealtimeExpiryWithoutRevival
[WARN] [1790569223.651749486] [stop_probe]: [Deprecated]: "allow_nonzero_velocity_at_trajectory_end" is set to true. The default behavior will change to false.
[INFO] [1790569223.651806237] [stop_probe]: No specific joint names are used for command interfaces. Using 'joints' parameter.
[INFO] [1790569223.651812243] [stop_probe]: Command interfaces are [position] and state interfaces are [position velocity].
[INFO] [1790569223.651817003] [stop_probe]: Using 'splines' interpolation method.
[INFO] [1790569223.651870253] [stop_probe]: Controller state will be published at 50.00 Hz.
[INFO] [1790569223.652474640] [stop_probe]: Action status changes will be monitored at 20.00 Hz.
[INFO] [1790569223.809441339] [stop_probe]: Received new action goal
[INFO] [1790569223.809492281] [stop_probe]: Accepted new action goal
[       OK ] OwnedController.HeartbeatCallbacksRaceRealtimeExpiryWithoutRevival (1174 ms)
[----------] 4 tests from OwnedController (3801 ms total)

[----------] Global test environment tear-down
[==========] 4 tests from 1 test suite ran. (3802 ms total)
[  PASSED  ] 4 tests.

Repeating all tests (iteration 4) . . .

Note: Google Test filter = *LostOwner*:*ExpiredLease*:*ExplicitRevocation*:*HeartbeatCallbacksRace*
[==========] Running 4 tests from 1 test suite.
[----------] Global test environment set-up.
[----------] 4 tests from OwnedController
[ RUN      ] OwnedController.LostOwnerAbortsAndHoldsInsteadOfCompletingOldTrajectory
[WARN] [1790569224.826566286] [stop_probe]: [Deprecated]: "allow_nonzero_velocity_at_trajectory_end" is set to true. The default behavior will change to false.
[INFO] [1790569224.826609016] [stop_probe]: No specific joint names are used for command interfaces. Using 'joints' parameter.
[INFO] [1790569224.826614734] [stop_probe]: Command interfaces are [position] and state interfaces are [position velocity].
[INFO] [1790569224.826619488] [stop_probe]: Using 'splines' interpolation method.
[INFO] [1790569224.826665358] [stop_probe]: Controller state will be published at 50.00 Hz.
[INFO] [1790569224.827154636] [stop_probe]: Action status changes will be monitored at 20.00 Hz.
[INFO] [1790569224.981941482] [stop_probe]: Received new action goal
[INFO] [1790569224.981996790] [stop_probe]: Accepted new action goal
[       OK ] OwnedController.LostOwnerAbortsAndHoldsInsteadOfCompletingOldTrajectory (1232 ms)
[ RUN      ] OwnedController.ExpiredLeaseCannotBeRevivedByLateHeartbeat
[WARN] [1790569226.061202436] [stop_probe]: [Deprecated]: "allow_nonzero_velocity_at_trajectory_end" is set to true. The default behavior will change to false.
[INFO] [1790569226.061300837] [stop_probe]: No specific joint names are used for command interfaces. Using 'joints' parameter.
[INFO] [1790569226.061316775] [stop_probe]: Command interfaces are [position] and state interfaces are [position velocity].
[INFO] [1790569226.061328985] [stop_probe]: Using 'splines' interpolation method.
[INFO] [1790569226.061459521] [stop_probe]: Controller state will be published at 50.00 Hz.
[INFO] [1790569226.062096459] [stop_probe]: Action status changes will be monitored at 20.00 Hz.
[INFO] [1790569226.216561859] [stop_probe]: Received new action goal
[INFO] [1790569226.216642906] [stop_probe]: Accepted new action goal
[       OK ] OwnedController.ExpiredLeaseCannotBeRevivedByLateHeartbeat (929 ms)
[ RUN      ] OwnedController.ExplicitRevocationStopsBeforeLeaseTimeout
[WARN] [1790569226.988185541] [stop_probe]: [Deprecated]: "allow_nonzero_velocity_at_trajectory_end" is set to true. The default behavior will change to false.
[INFO] [1790569226.988236377] [stop_probe]: No specific joint names are used for command interfaces. Using 'joints' parameter.
[INFO] [1790569226.988242576] [stop_probe]: Command interfaces are [position] and state interfaces are [position velocity].
[INFO] [1790569226.988247167] [stop_probe]: Using 'splines' interpolation method.
[INFO] [1790569226.988296585] [stop_probe]: Controller state will be published at 50.00 Hz.
[INFO] [1790569226.988751037] [stop_probe]: Action status changes will be monitored at 20.00 Hz.
[INFO] [1790569227.143453402] [stop_probe]: Received new action goal
[INFO] [1790569227.143521056] [stop_probe]: Accepted new action goal
[       OK ] OwnedController.ExplicitRevocationStopsBeforeLeaseTimeout (466 ms)
[ RUN      ] OwnedController.HeartbeatCallbacksRaceRealtimeExpiryWithoutRevival
[WARN] [1790569227.454222926] [stop_probe]: [Deprecated]: "allow_nonzero_velocity_at_trajectory_end" is set to true. The default behavior will change to false.
[INFO] [1790569227.454263122] [stop_probe]: No specific joint names are used for command interfaces. Using 'joints' parameter.
[INFO] [1790569227.454268328] [stop_probe]: Command interfaces are [position] and state interfaces are [position velocity].
[INFO] [1790569227.454273016] [stop_probe]: Using 'splines' interpolation method.
[INFO] [1790569227.454318545] [stop_probe]: Controller state will be published at 50.00 Hz.
[INFO] [1790569227.454754627] [stop_probe]: Action status changes will be monitored at 20.00 Hz.
[INFO] [1790569227.608924721] [stop_probe]: Received new action goal
[INFO] [1790569227.608959582] [stop_probe]: Accepted new action goal
[       OK ] OwnedController.HeartbeatCallbacksRaceRealtimeExpiryWithoutRevival (1172 ms)
[----------] 4 tests from OwnedController (3799 ms total)

[----------] Global test environment tear-down
[==========] 4 tests from 1 test suite ran. (3800 ms total)
[  PASSED  ] 4 tests.

Repeating all tests (iteration 5) . . .

Note: Google Test filter = *LostOwner*:*ExpiredLease*:*ExplicitRevocation*:*HeartbeatCallbacksRace*
[==========] Running 4 tests from 1 test suite.
[----------] Global test environment set-up.
[----------] 4 tests from OwnedController
[ RUN      ] OwnedController.LostOwnerAbortsAndHoldsInsteadOfCompletingOldTrajectory
[WARN] [1790569228.626222689] [stop_probe]: [Deprecated]: "allow_nonzero_velocity_at_trajectory_end" is set to true. The default behavior will change to false.
[INFO] [1790569228.626271278] [stop_probe]: No specific joint names are used for command interfaces. Using 'joints' parameter.
[INFO] [1790569228.626276641] [stop_probe]: Command interfaces are [position] and state interfaces are [position velocity].
[INFO] [1790569228.626282798] [stop_probe]: Using 'splines' interpolation method.
[INFO] [1790569228.626339532] [stop_probe]: Controller state will be published at 50.00 Hz.
[INFO] [1790569228.626845089] [stop_probe]: Action status changes will be monitored at 20.00 Hz.
[INFO] [1790569228.781232357] [stop_probe]: Received new action goal
[INFO] [1790569228.781284926] [stop_probe]: Accepted new action goal
[       OK ] OwnedController.LostOwnerAbortsAndHoldsInsteadOfCompletingOldTrajectory (1231 ms)
[ RUN      ] OwnedController.ExpiredLeaseCannotBeRevivedByLateHeartbeat
[WARN] [1790569229.857707465] [stop_probe]: [Deprecated]: "allow_nonzero_velocity_at_trajectory_end" is set to true. The default behavior will change to false.
[INFO] [1790569229.857750919] [stop_probe]: No specific joint names are used for command interfaces. Using 'joints' parameter.
[INFO] [1790569229.857756201] [stop_probe]: Command interfaces are [position] and state interfaces are [position velocity].
[INFO] [1790569229.857760983] [stop_probe]: Using 'splines' interpolation method.
[INFO] [1790569229.857808429] [stop_probe]: Controller state will be published at 50.00 Hz.
[INFO] [1790569229.858220019] [stop_probe]: Action status changes will be monitored at 20.00 Hz.
[INFO] [1790569230.012960085] [stop_probe]: Received new action goal
[INFO] [1790569230.013019460] [stop_probe]: Accepted new action goal
[       OK ] OwnedController.ExpiredLeaseCannotBeRevivedByLateHeartbeat (926 ms)
[ RUN      ] OwnedController.ExplicitRevocationStopsBeforeLeaseTimeout
[WARN] [1790569230.783025507] [stop_probe]: [Deprecated]: "allow_nonzero_velocity_at_trajectory_end" is set to true. The default behavior will change to false.
[INFO] [1790569230.783065935] [stop_probe]: No specific joint names are used for command interfaces. Using 'joints' parameter.
[INFO] [1790569230.783071150] [stop_probe]: Command interfaces are [position] and state interfaces are [position velocity].
[INFO] [1790569230.783075911] [stop_probe]: Using 'splines' interpolation method.
[INFO] [1790569230.783133212] [stop_probe]: Controller state will be published at 50.00 Hz.
[INFO] [1790569230.783575688] [stop_probe]: Action status changes will be monitored at 20.00 Hz.
[INFO] [1790569230.939560821] [stop_probe]: Received new action goal
[INFO] [1790569230.939601089] [stop_probe]: Accepted new action goal
[       OK ] OwnedController.ExplicitRevocationStopsBeforeLeaseTimeout (467 ms)
[ RUN      ] OwnedController.HeartbeatCallbacksRaceRealtimeExpiryWithoutRevival
[WARN] [1790569231.250697764] [stop_probe]: [Deprecated]: "allow_nonzero_velocity_at_trajectory_end" is set to true. The default behavior will change to false.
[INFO] [1790569231.250764240] [stop_probe]: No specific joint names are used for command interfaces. Using 'joints' parameter.
[INFO] [1790569231.250777524] [stop_probe]: Command interfaces are [position] and state interfaces are [position velocity].
[INFO] [1790569231.250787678] [stop_probe]: Using 'splines' interpolation method.
[INFO] [1790569231.250877268] [stop_probe]: Controller state will be published at 50.00 Hz.
[INFO] [1790569231.251464569] [stop_probe]: Action status changes will be monitored at 20.00 Hz.
[INFO] [1790569231.406135831] [stop_probe]: Received new action goal
[INFO] [1790569231.406180636] [stop_probe]: Accepted new action goal
[       OK ] OwnedController.HeartbeatCallbacksRaceRealtimeExpiryWithoutRevival (1173 ms)
[----------] 4 tests from OwnedController (3797 ms total)

[----------] Global test environment tear-down
[==========] 4 tests from 1 test suite ran. (3797 ms total)
[  PASSED  ] 4 tests.

Repeating all tests (iteration 6) . . .

Note: Google Test filter = *LostOwner*:*ExpiredLease*:*ExplicitRevocation*:*HeartbeatCallbacksRace*
[==========] Running 4 tests from 1 test suite.
[----------] Global test environment set-up.
[----------] 4 tests from OwnedController
[ RUN      ] OwnedController.LostOwnerAbortsAndHoldsInsteadOfCompletingOldTrajectory
[WARN] [1790569232.438827646] [stop_probe]: [Deprecated]: "allow_nonzero_velocity_at_trajectory_end" is set to true. The default behavior will change to false.
[INFO] [1790569232.438883922] [stop_probe]: No specific joint names are used for command interfaces. Using 'joints' parameter.
[INFO] [1790569232.438889995] [stop_probe]: Command interfaces are [position] and state interfaces are [position velocity].
[INFO] [1790569232.438894584] [stop_probe]: Using 'splines' interpolation method.
[INFO] [1790569232.438949794] [stop_probe]: Controller state will be published at 50.00 Hz.
[INFO] [1790569232.439445306] [stop_probe]: Action status changes will be monitored at 20.00 Hz.
[INFO] [1790569232.595311292] [stop_probe]: Received new action goal
[INFO] [1790569232.595359167] [stop_probe]: Accepted new action goal
[       OK ] OwnedController.LostOwnerAbortsAndHoldsInsteadOfCompletingOldTrajectory (1233 ms)
[ RUN      ] OwnedController.ExpiredLeaseCannotBeRevivedByLateHeartbeat
[WARN] [1790569233.671670529] [stop_probe]: [Deprecated]: "allow_nonzero_velocity_at_trajectory_end" is set to true. The default behavior will change to false.
[INFO] [1790569233.671715399] [stop_probe]: No specific joint names are used for command interfaces. Using 'joints' parameter.
[INFO] [1790569233.671722931] [stop_probe]: Command interfaces are [position] and state interfaces are [position velocity].
[INFO] [1790569233.671729640] [stop_probe]: Using 'splines' interpolation method.
[INFO] [1790569233.671786185] [stop_probe]: Controller state will be published at 50.00 Hz.
[INFO] [1790569233.672284453] [stop_probe]: Action status changes will be monitored at 20.00 Hz.
[INFO] [1790569233.827040365] [stop_probe]: Received new action goal
[INFO] [1790569233.827113787] [stop_probe]: Accepted new action goal
[       OK ] OwnedController.ExpiredLeaseCannotBeRevivedByLateHeartbeat (928 ms)
[ RUN      ] OwnedController.ExplicitRevocationStopsBeforeLeaseTimeout
[WARN] [1790569234.601243664] [stop_probe]: [Deprecated]: "allow_nonzero_velocity_at_trajectory_end" is set to true. The default behavior will change to false.
[INFO] [1790569234.601312188] [stop_probe]: No specific joint names are used for command interfaces. Using 'joints' parameter.
[INFO] [1790569234.601335762] [stop_probe]: Command interfaces are [position] and state interfaces are [position velocity].
[INFO] [1790569234.601346536] [stop_probe]: Using 'splines' interpolation method.
[INFO] [1790569234.601454245] [stop_probe]: Controller state will be published at 50.00 Hz.
[INFO] [1790569234.602159524] [stop_probe]: Action status changes will be monitored at 20.00 Hz.
[INFO] [1790569234.758477843] [stop_probe]: Received new action goal
[INFO] [1790569234.758528171] [stop_probe]: Accepted new action goal
[       OK ] OwnedController.ExplicitRevocationStopsBeforeLeaseTimeout (472 ms)
[ RUN      ] OwnedController.HeartbeatCallbacksRaceRealtimeExpiryWithoutRevival
[WARN] [1790569235.072708929] [stop_probe]: [Deprecated]: "allow_nonzero_velocity_at_trajectory_end" is set to true. The default behavior will change to false.
[INFO] [1790569235.072781048] [stop_probe]: No specific joint names are used for command interfaces. Using 'joints' parameter.
[INFO] [1790569235.072794980] [stop_probe]: Command interfaces are [position] and state interfaces are [position velocity].
[INFO] [1790569235.072805276] [stop_probe]: Using 'splines' interpolation method.
[INFO] [1790569235.072910270] [stop_probe]: Controller state will be published at 50.00 Hz.
[INFO] [1790569235.073575262] [stop_probe]: Action status changes will be monitored at 20.00 Hz.
[INFO] [1790569235.228866689] [stop_probe]: Received new action goal
[INFO] [1790569235.228919612] [stop_probe]: Accepted new action goal
[       OK ] OwnedController.HeartbeatCallbacksRaceRealtimeExpiryWithoutRevival (1175 ms)
[----------] 4 tests from OwnedController (3808 ms total)

[----------] Global test environment tear-down
[==========] 4 tests from 1 test suite ran. (3823 ms total)
[  PASSED  ] 4 tests.

Repeating all tests (iteration 7) . . .

Note: Google Test filter = *LostOwner*:*ExpiredLease*:*ExplicitRevocation*:*HeartbeatCallbacksRace*
[==========] Running 4 tests from 1 test suite.
[----------] Global test environment set-up.
[----------] 4 tests from OwnedController
[ RUN      ] OwnedController.LostOwnerAbortsAndHoldsInsteadOfCompletingOldTrajectory
[WARN] [1790569236.249327613] [stop_probe]: [Deprecated]: "allow_nonzero_velocity_at_trajectory_end" is set to true. The default behavior will change to false.
[INFO] [1790569236.249402075] [stop_probe]: No specific joint names are used for command interfaces. Using 'joints' parameter.
[INFO] [1790569236.249415866] [stop_probe]: Command interfaces are [position] and state interfaces are [position velocity].
[INFO] [1790569236.249426469] [stop_probe]: Using 'splines' interpolation method.
[INFO] [1790569236.249524806] [stop_probe]: Controller state will be published at 50.00 Hz.
[INFO] [1790569236.250121053] [stop_probe]: Action status changes will be monitored at 20.00 Hz.
[INFO] [1790569236.404830149] [stop_probe]: Received new action goal
[INFO] [1790569236.404878683] [stop_probe]: Accepted new action goal
[       OK ] OwnedController.LostOwnerAbortsAndHoldsInsteadOfCompletingOldTrajectory (1233 ms)
[ RUN      ] OwnedController.ExpiredLeaseCannotBeRevivedByLateHeartbeat
[WARN] [1790569237.482277531] [stop_probe]: [Deprecated]: "allow_nonzero_velocity_at_trajectory_end" is set to true. The default behavior will change to false.
[INFO] [1790569237.482378347] [stop_probe]: No specific joint names are used for command interfaces. Using 'joints' parameter.
[INFO] [1790569237.482394148] [stop_probe]: Command interfaces are [position] and state interfaces are [position velocity].
[INFO] [1790569237.482406418] [stop_probe]: Using 'splines' interpolation method.
[INFO] [1790569237.482558023] [stop_probe]: Controller state will be published at 50.00 Hz.
[INFO] [1790569237.483266285] [stop_probe]: Action status changes will be monitored at 20.00 Hz.
[INFO] [1790569237.640150708] [stop_probe]: Received new action goal
[INFO] [1790569237.640203149] [stop_probe]: Accepted new action goal
[       OK ] OwnedController.ExpiredLeaseCannotBeRevivedByLateHeartbeat (929 ms)
[ RUN      ] OwnedController.ExplicitRevocationStopsBeforeLeaseTimeout
[WARN] [1790569238.412109548] [stop_probe]: [Deprecated]: "allow_nonzero_velocity_at_trajectory_end" is set to true. The default behavior will change to false.
[INFO] [1790569238.412233539] [stop_probe]: No specific joint names are used for command interfaces. Using 'joints' parameter.
[INFO] [1790569238.412251972] [stop_probe]: Command interfaces are [position] and state interfaces are [position velocity].
[INFO] [1790569238.412264832] [stop_probe]: Using 'splines' interpolation method.
[INFO] [1790569238.412400432] [stop_probe]: Controller state will be published at 50.00 Hz.
[INFO] [1790569238.413049467] [stop_probe]: Action status changes will be monitored at 20.00 Hz.
[INFO] [1790569238.569501341] [stop_probe]: Received new action goal
[INFO] [1790569238.569557491] [stop_probe]: Accepted new action goal
[       OK ] OwnedController.ExplicitRevocationStopsBeforeLeaseTimeout (471 ms)
[ RUN      ] OwnedController.HeartbeatCallbacksRaceRealtimeExpiryWithoutRevival
[WARN] [1790569238.882182545] [stop_probe]: [Deprecated]: "allow_nonzero_velocity_at_trajectory_end" is set to true. The default behavior will change to false.
[INFO] [1790569238.882257788] [stop_probe]: No specific joint names are used for command interfaces. Using 'joints' parameter.
[INFO] [1790569238.882273799] [stop_probe]: Command interfaces are [position] and state interfaces are [position velocity].
[INFO] [1790569238.882285029] [stop_probe]: Using 'splines' interpolation method.
[INFO] [1790569238.882392419] [stop_probe]: Controller state will be published at 50.00 Hz.
[INFO] [1790569238.883007980] [stop_probe]: Action status changes will be monitored at 20.00 Hz.
[INFO] [1790569239.039518814] [stop_probe]: Received new action goal
[INFO] [1790569239.039562134] [stop_probe]: Accepted new action goal
[       OK ] OwnedController.HeartbeatCallbacksRaceRealtimeExpiryWithoutRevival (1174 ms)
[----------] 4 tests from OwnedController (3807 ms total)

[----------] Global test environment tear-down
[==========] 4 tests from 1 test suite ran. (3808 ms total)
[  PASSED  ] 4 tests.

Repeating all tests (iteration 8) . . .

Note: Google Test filter = *LostOwner*:*ExpiredLease*:*ExplicitRevocation*:*HeartbeatCallbacksRace*
[==========] Running 4 tests from 1 test suite.
[----------] Global test environment set-up.
[----------] 4 tests from OwnedController
[ RUN      ] OwnedController.LostOwnerAbortsAndHoldsInsteadOfCompletingOldTrajectory
[WARN] [1790569240.069890624] [stop_probe]: [Deprecated]: "allow_nonzero_velocity_at_trajectory_end" is set to true. The default behavior will change to false.
[INFO] [1790569240.069931208] [stop_probe]: No specific joint names are used for command interfaces. Using 'joints' parameter.
[INFO] [1790569240.069937077] [stop_probe]: Command interfaces are [position] and state interfaces are [position velocity].
[INFO] [1790569240.069942095] [stop_probe]: Using 'splines' interpolation method.
[INFO] [1790569240.069988017] [stop_probe]: Controller state will be published at 50.00 Hz.
[INFO] [1790569240.070421303] [stop_probe]: Action status changes will be monitored at 20.00 Hz.
[INFO] [1790569240.225107886] [stop_probe]: Received new action goal
[INFO] [1790569240.225146620] [stop_probe]: Accepted new action goal
[       OK ] OwnedController.LostOwnerAbortsAndHoldsInsteadOfCompletingOldTrajectory (1231 ms)
[ RUN      ] OwnedController.ExpiredLeaseCannotBeRevivedByLateHeartbeat
[WARN] [1790569241.302116759] [stop_probe]: [Deprecated]: "allow_nonzero_velocity_at_trajectory_end" is set to true. The default behavior will change to false.
[INFO] [1790569241.302200326] [stop_probe]: No specific joint names are used for command interfaces. Using 'joints' parameter.
[INFO] [1790569241.302219759] [stop_probe]: Command interfaces are [position] and state interfaces are [position velocity].
[INFO] [1790569241.302232205] [stop_probe]: Using 'splines' interpolation method.
[INFO] [1790569241.302348633] [stop_probe]: Controller state will be published at 50.00 Hz.
[INFO] [1790569241.302985056] [stop_probe]: Action status changes will be monitored at 20.00 Hz.
[INFO] [1790569241.460166212] [stop_probe]: Received new action goal
[INFO] [1790569241.460201976] [stop_probe]: Accepted new action goal
[       OK ] OwnedController.ExpiredLeaseCannotBeRevivedByLateHeartbeat (929 ms)
[ RUN      ] OwnedController.ExplicitRevocationStopsBeforeLeaseTimeout
[WARN] [1790569242.229688965] [stop_probe]: [Deprecated]: "allow_nonzero_velocity_at_trajectory_end" is set to true. The default behavior will change to false.
[INFO] [1790569242.229730156] [stop_probe]: No specific joint names are used for command interfaces. Using 'joints' parameter.
[INFO] [1790569242.229736079] [stop_probe]: Command interfaces are [position] and state interfaces are [position velocity].
[INFO] [1790569242.229740663] [stop_probe]: Using 'splines' interpolation method.
[INFO] [1790569242.229789623] [stop_probe]: Controller state will be published at 50.00 Hz.
[INFO] [1790569242.230220939] [stop_probe]: Action status changes will be monitored at 20.00 Hz.
[INFO] [1790569242.384488546] [stop_probe]: Received new action goal
[INFO] [1790569242.384530525] [stop_probe]: Accepted new action goal
[       OK ] OwnedController.ExplicitRevocationStopsBeforeLeaseTimeout (466 ms)
[ RUN      ] OwnedController.HeartbeatCallbacksRaceRealtimeExpiryWithoutRevival
[WARN] [1790569242.697231256] [stop_probe]: [Deprecated]: "allow_nonzero_velocity_at_trajectory_end" is set to true. The default behavior will change to false.
[INFO] [1790569242.697304989] [stop_probe]: No specific joint names are used for command interfaces. Using 'joints' parameter.
[INFO] [1790569242.697318210] [stop_probe]: Command interfaces are [position] and state interfaces are [position velocity].
[INFO] [1790569242.697329070] [stop_probe]: Using 'splines' interpolation method.
[INFO] [1790569242.697429237] [stop_probe]: Controller state will be published at 50.00 Hz.
[INFO] [1790569242.698012249] [stop_probe]: Action status changes will be monitored at 20.00 Hz.
[INFO] [1790569242.854131239] [stop_probe]: Received new action goal
[INFO] [1790569242.854183426] [stop_probe]: Accepted new action goal
[       OK ] OwnedController.HeartbeatCallbacksRaceRealtimeExpiryWithoutRevival (1174 ms)
[----------] 4 tests from OwnedController (3800 ms total)

[----------] Global test environment tear-down
[==========] 4 tests from 1 test suite ran. (3815 ms total)
[  PASSED  ] 4 tests.

Repeating all tests (iteration 9) . . .

Note: Google Test filter = *LostOwner*:*ExpiredLease*:*ExplicitRevocation*:*HeartbeatCallbacksRace*
[==========] Running 4 tests from 1 test suite.
[----------] Global test environment set-up.
[----------] 4 tests from OwnedController
[ RUN      ] OwnedController.LostOwnerAbortsAndHoldsInsteadOfCompletingOldTrajectory
[WARN] [1790569243.883504408] [stop_probe]: [Deprecated]: "allow_nonzero_velocity_at_trajectory_end" is set to true. The default behavior will change to false.
[INFO] [1790569243.883555560] [stop_probe]: No specific joint names are used for command interfaces. Using 'joints' parameter.
[INFO] [1790569243.883560806] [stop_probe]: Command interfaces are [position] and state interfaces are [position velocity].
[INFO] [1790569243.883565897] [stop_probe]: Using 'splines' interpolation method.
[INFO] [1790569243.883613197] [stop_probe]: Controller state will be published at 50.00 Hz.
[INFO] [1790569243.884056513] [stop_probe]: Action status changes will be monitored at 20.00 Hz.
[INFO] [1790569244.038918255] [stop_probe]: Received new action goal
[INFO] [1790569244.038970901] [stop_probe]: Accepted new action goal
[       OK ] OwnedController.LostOwnerAbortsAndHoldsInsteadOfCompletingOldTrajectory (1232 ms)
[ RUN      ] OwnedController.ExpiredLeaseCannotBeRevivedByLateHeartbeat
[WARN] [1790569245.115976022] [stop_probe]: [Deprecated]: "allow_nonzero_velocity_at_trajectory_end" is set to true. The default behavior will change to false.
[INFO] [1790569245.116067794] [stop_probe]: No specific joint names are used for command interfaces. Using 'joints' parameter.
[INFO] [1790569245.116094474] [stop_probe]: Command interfaces are [position] and state interfaces are [position velocity].
[INFO] [1790569245.116106284] [stop_probe]: Using 'splines' interpolation method.
[INFO] [1790569245.116233865] [stop_probe]: Controller state will be published at 50.00 Hz.
[INFO] [1790569245.116930517] [stop_probe]: Action status changes will be monitored at 20.00 Hz.
[INFO] [1790569245.271966557] [stop_probe]: Received new action goal
[INFO] [1790569245.272000179] [stop_probe]: Accepted new action goal
[       OK ] OwnedController.ExpiredLeaseCannotBeRevivedByLateHeartbeat (927 ms)
[ RUN      ] OwnedController.ExplicitRevocationStopsBeforeLeaseTimeout
[WARN] [1790569246.041682850] [stop_probe]: [Deprecated]: "allow_nonzero_velocity_at_trajectory_end" is set to true. The default behavior will change to false.
[INFO] [1790569246.041746453] [stop_probe]: No specific joint names are used for command interfaces. Using 'joints' parameter.
[INFO] [1790569246.041752403] [stop_probe]: Command interfaces are [position] and state interfaces are [position velocity].
[INFO] [1790569246.041757194] [stop_probe]: Using 'splines' interpolation method.
[INFO] [1790569246.041816322] [stop_probe]: Controller state will be published at 50.00 Hz.
[INFO] [1790569246.042382268] [stop_probe]: Action status changes will be monitored at 20.00 Hz.
[INFO] [1790569246.198085857] [stop_probe]: Received new action goal
[INFO] [1790569246.198141691] [stop_probe]: Accepted new action goal
[       OK ] OwnedController.ExplicitRevocationStopsBeforeLeaseTimeout (469 ms)
[ RUN      ] OwnedController.HeartbeatCallbacksRaceRealtimeExpiryWithoutRevival
[WARN] [1790569246.510282613] [stop_probe]: [Deprecated]: "allow_nonzero_velocity_at_trajectory_end" is set to true. The default behavior will change to false.
[INFO] [1790569246.510324113] [stop_probe]: No specific joint names are used for command interfaces. Using 'joints' parameter.
[INFO] [1790569246.510329385] [stop_probe]: Command interfaces are [position] and state interfaces are [position velocity].
[INFO] [1790569246.510334278] [stop_probe]: Using 'splines' interpolation method.
[INFO] [1790569246.510383112] [stop_probe]: Controller state will be published at 50.00 Hz.
[INFO] [1790569246.510813853] [stop_probe]: Action status changes will be monitored at 20.00 Hz.
[INFO] [1790569246.665114835] [stop_probe]: Received new action goal
[INFO] [1790569246.665146297] [stop_probe]: Accepted new action goal
[       OK ] OwnedController.HeartbeatCallbacksRaceRealtimeExpiryWithoutRevival (1173 ms)
[----------] 4 tests from OwnedController (3801 ms total)

[----------] Global test environment tear-down
[==========] 4 tests from 1 test suite ran. (3802 ms total)
[  PASSED  ] 4 tests.

Repeating all tests (iteration 10) . . .

Note: Google Test filter = *LostOwner*:*ExpiredLease*:*ExplicitRevocation*:*HeartbeatCallbacksRace*
[==========] Running 4 tests from 1 test suite.
[----------] Global test environment set-up.
[----------] 4 tests from OwnedController
[ RUN      ] OwnedController.LostOwnerAbortsAndHoldsInsteadOfCompletingOldTrajectory
[WARN] [1790569247.684264521] [stop_probe]: [Deprecated]: "allow_nonzero_velocity_at_trajectory_end" is set to true. The default behavior will change to false.
[INFO] [1790569247.684307288] [stop_probe]: No specific joint names are used for command interfaces. Using 'joints' parameter.
[INFO] [1790569247.684313109] [stop_probe]: Command interfaces are [position] and state interfaces are [position velocity].
[INFO] [1790569247.684317968] [stop_probe]: Using 'splines' interpolation method.
[INFO] [1790569247.684370187] [stop_probe]: Controller state will be published at 50.00 Hz.
[INFO] [1790569247.684892855] [stop_probe]: Action status changes will be monitored at 20.00 Hz.
[INFO] [1790569247.839738931] [stop_probe]: Received new action goal
[INFO] [1790569247.839798696] [stop_probe]: Accepted new action goal
[       OK ] OwnedController.LostOwnerAbortsAndHoldsInsteadOfCompletingOldTrajectory (1232 ms)
[ RUN      ] OwnedController.ExpiredLeaseCannotBeRevivedByLateHeartbeat
[WARN] [1790569248.917644251] [stop_probe]: [Deprecated]: "allow_nonzero_velocity_at_trajectory_end" is set to true. The default behavior will change to false.
[INFO] [1790569248.917736515] [stop_probe]: No specific joint names are used for command interfaces. Using 'joints' parameter.
[INFO] [1790569248.917746205] [stop_probe]: Command interfaces are [position] and state interfaces are [position velocity].
[INFO] [1790569248.917753384] [stop_probe]: Using 'splines' interpolation method.
[INFO] [1790569248.917907354] [stop_probe]: Controller state will be published at 50.00 Hz.
[INFO] [1790569248.918560217] [stop_probe]: Action status changes will be monitored at 20.00 Hz.
[INFO] [1790569249.074531484] [stop_probe]: Received new action goal
[INFO] [1790569249.074584942] [stop_probe]: Accepted new action goal
[       OK ] OwnedController.ExpiredLeaseCannotBeRevivedByLateHeartbeat (929 ms)
[ RUN      ] OwnedController.ExplicitRevocationStopsBeforeLeaseTimeout
[WARN] [1790569249.845187527] [stop_probe]: [Deprecated]: "allow_nonzero_velocity_at_trajectory_end" is set to true. The default behavior will change to false.
[INFO] [1790569249.845234223] [stop_probe]: No specific joint names are used for command interfaces. Using 'joints' parameter.
[INFO] [1790569249.845240147] [stop_probe]: Command interfaces are [position] and state interfaces are [position velocity].
[INFO] [1790569249.845244650] [stop_probe]: Using 'splines' interpolation method.
[INFO] [1790569249.845294139] [stop_probe]: Controller state will be published at 50.00 Hz.
[INFO] [1790569249.845735106] [stop_probe]: Action status changes will be monitored at 20.00 Hz.
[INFO] [1790569250.001227970] [stop_probe]: Received new action goal
[INFO] [1790569250.001287224] [stop_probe]: Accepted new action goal
[       OK ] OwnedController.ExplicitRevocationStopsBeforeLeaseTimeout (467 ms)
[ RUN      ] OwnedController.HeartbeatCallbacksRaceRealtimeExpiryWithoutRevival
[WARN] [1790569250.312005644] [stop_probe]: [Deprecated]: "allow_nonzero_velocity_at_trajectory_end" is set to true. The default behavior will change to false.
[INFO] [1790569250.312065132] [stop_probe]: No specific joint names are used for command interfaces. Using 'joints' parameter.
[INFO] [1790569250.312073243] [stop_probe]: Command interfaces are [position] and state interfaces are [position velocity].
[INFO] [1790569250.312079954] [stop_probe]: Using 'splines' interpolation method.
[INFO] [1790569250.312140366] [stop_probe]: Controller state will be published at 50.00 Hz.
[INFO] [1790569250.312833616] [stop_probe]: Action status changes will be monitored at 20.00 Hz.
[INFO] [1790569250.469332063] [stop_probe]: Received new action goal
[INFO] [1790569250.469371190] [stop_probe]: Accepted new action goal
[       OK ] OwnedController.HeartbeatCallbacksRaceRealtimeExpiryWithoutRevival (1175 ms)
[----------] 4 tests from OwnedController (3803 ms total)

[----------] Global test environment tear-down
[==========] 4 tests from 1 test suite ran. (3803 ms total)
[  PASSED  ] 4 tests.

Repeating all tests (iteration 11) . . .

Note: Google Test filter = *LostOwner*:*ExpiredLease*:*ExplicitRevocation*:*HeartbeatCallbacksRace*
[==========] Running 4 tests from 1 test suite.
[----------] Global test environment set-up.
[----------] 4 tests from OwnedController
[ RUN      ] OwnedController.LostOwnerAbortsAndHoldsInsteadOfCompletingOldTrajectory
[WARN] [1790569251.501824682] [stop_probe]: [Deprecated]: "allow_nonzero_velocity_at_trajectory_end" is set to true. The default behavior will change to false.
[INFO] [1790569251.501874949] [stop_probe]: No specific joint names are used for command interfaces. Using 'joints' parameter.
[INFO] [1790569251.501880706] [stop_probe]: Command interfaces are [position] and state interfaces are [position velocity].
[INFO] [1790569251.501885529] [stop_probe]: Using 'splines' interpolation method.
[INFO] [1790569251.501942179] [stop_probe]: Controller state will be published at 50.00 Hz.
[INFO] [1790569251.502479767] [stop_probe]: Action status changes will be monitored at 20.00 Hz.
[INFO] [1790569251.657656704] [stop_probe]: Received new action goal
[INFO] [1790569251.657695082] [stop_probe]: Accepted new action goal
[       OK ] OwnedController.LostOwnerAbortsAndHoldsInsteadOfCompletingOldTrajectory (1232 ms)
[ RUN      ] OwnedController.ExpiredLeaseCannotBeRevivedByLateHeartbeat
[WARN] [1790569252.733696172] [stop_probe]: [Deprecated]: "allow_nonzero_velocity_at_trajectory_end" is set to true. The default behavior will change to false.
[INFO] [1790569252.733738731] [stop_probe]: No specific joint names are used for command interfaces. Using 'joints' parameter.
[INFO] [1790569252.733744341] [stop_probe]: Command interfaces are [position] and state interfaces are [position velocity].
[INFO] [1790569252.733748902] [stop_probe]: Using 'splines' interpolation method.
[INFO] [1790569252.733797456] [stop_probe]: Controller state will be published at 50.00 Hz.
[INFO] [1790569252.734221198] [stop_probe]: Action status changes will be monitored at 20.00 Hz.
[INFO] [1790569252.889459292] [stop_probe]: Received new action goal
[INFO] [1790569252.889513462] [stop_probe]: Accepted new action goal
[       OK ] OwnedController.ExpiredLeaseCannotBeRevivedByLateHeartbeat (927 ms)
[ RUN      ] OwnedController.ExplicitRevocationStopsBeforeLeaseTimeout
[WARN] [1790569253.661188244] [stop_probe]: [Deprecated]: "allow_nonzero_velocity_at_trajectory_end" is set to true. The default behavior will change to false.
[INFO] [1790569253.661265001] [stop_probe]: No specific joint names are used for command interfaces. Using 'joints' parameter.
[INFO] [1790569253.661272296] [stop_probe]: Command interfaces are [position] and state interfaces are [position velocity].
[INFO] [1790569253.661278731] [stop_probe]: Using 'splines' interpolation method.
[INFO] [1790569253.661353634] [stop_probe]: Controller state will be published at 50.00 Hz.
[INFO] [1790569253.661854908] [stop_probe]: Action status changes will be monitored at 20.00 Hz.
[INFO] [1790569253.818887297] [stop_probe]: Received new action goal
[INFO] [1790569253.818931117] [stop_probe]: Accepted new action goal
[       OK ] OwnedController.ExplicitRevocationStopsBeforeLeaseTimeout (471 ms)
[ RUN      ] OwnedController.HeartbeatCallbacksRaceRealtimeExpiryWithoutRevival
[WARN] [1790569254.133113189] [stop_probe]: [Deprecated]: "allow_nonzero_velocity_at_trajectory_end" is set to true. The default behavior will change to false.
[INFO] [1790569254.133196536] [stop_probe]: No specific joint names are used for command interfaces. Using 'joints' parameter.
[INFO] [1790569254.133221086] [stop_probe]: Command interfaces are [position] and state interfaces are [position velocity].
[INFO] [1790569254.133231920] [stop_probe]: Using 'splines' interpolation method.
[INFO] [1790569254.133319954] [stop_probe]: Controller state will be published at 50.00 Hz.
[INFO] [1790569254.133777203] [stop_probe]: Action status changes will be monitored at 20.00 Hz.
[INFO] [1790569254.288301879] [stop_probe]: Received new action goal
[INFO] [1790569254.288365465] [stop_probe]: Accepted new action goal
[       OK ] OwnedController.HeartbeatCallbacksRaceRealtimeExpiryWithoutRevival (1174 ms)
[----------] 4 tests from OwnedController (3804 ms total)

[----------] Global test environment tear-down
[==========] 4 tests from 1 test suite ran. (3819 ms total)
[  PASSED  ] 4 tests.

Repeating all tests (iteration 12) . . .

Note: Google Test filter = *LostOwner*:*ExpiredLease*:*ExplicitRevocation*:*HeartbeatCallbacksRace*
[==========] Running 4 tests from 1 test suite.
[----------] Global test environment set-up.
[----------] 4 tests from OwnedController
[ RUN      ] OwnedController.LostOwnerAbortsAndHoldsInsteadOfCompletingOldTrajectory
[WARN] [1790569255.306975588] [stop_probe]: [Deprecated]: "allow_nonzero_velocity_at_trajectory_end" is set to true. The default behavior will change to false.
[INFO] [1790569255.307028205] [stop_probe]: No specific joint names are used for command interfaces. Using 'joints' parameter.
[INFO] [1790569255.307034749] [stop_probe]: Command interfaces are [position] and state interfaces are [position velocity].
[INFO] [1790569255.307044519] [stop_probe]: Using 'splines' interpolation method.
[INFO] [1790569255.307100511] [stop_probe]: Controller state will be published at 50.00 Hz.
[INFO] [1790569255.307677577] [stop_probe]: Action status changes will be monitored at 20.00 Hz.
[INFO] [1790569255.464187889] [stop_probe]: Received new action goal
[INFO] [1790569255.464251993] [stop_probe]: Accepted new action goal
[       OK ] OwnedController.LostOwnerAbortsAndHoldsInsteadOfCompletingOldTrajectory (1232 ms)
[ RUN      ] OwnedController.ExpiredLeaseCannotBeRevivedByLateHeartbeat
[WARN] [1790569256.538758486] [stop_probe]: [Deprecated]: "allow_nonzero_velocity_at_trajectory_end" is set to true. The default behavior will change to false.
[INFO] [1790569256.538802289] [stop_probe]: No specific joint names are used for command interfaces. Using 'joints' parameter.
[INFO] [1790569256.538807587] [stop_probe]: Command interfaces are [position] and state interfaces are [position velocity].
[INFO] [1790569256.538811867] [stop_probe]: Using 'splines' interpolation method.
[INFO] [1790569256.538867990] [stop_probe]: Controller state will be published at 50.00 Hz.
[INFO] [1790569256.539313596] [stop_probe]: Action status changes will be monitored at 20.00 Hz.
[INFO] [1790569256.694118495] [stop_probe]: Received new action goal
[INFO] [1790569256.694195466] [stop_probe]: Accepted new action goal
[       OK ] OwnedController.ExpiredLeaseCannotBeRevivedByLateHeartbeat (926 ms)
[ RUN      ] OwnedController.ExplicitRevocationStopsBeforeLeaseTimeout
[WARN] [1790569257.465436437] [stop_probe]: [Deprecated]: "allow_nonzero_velocity_at_trajectory_end" is set to true. The default behavior will change to false.
[INFO] [1790569257.465492709] [stop_probe]: No specific joint names are used for command interfaces. Using 'joints' parameter.
[INFO] [1790569257.465499079] [stop_probe]: Command interfaces are [position] and state interfaces are [position velocity].
[INFO] [1790569257.465504678] [stop_probe]: Using 'splines' interpolation method.
[INFO] [1790569257.465561847] [stop_probe]: Controller state will be published at 50.00 Hz.
[INFO] [1790569257.466038375] [stop_probe]: Action status changes will be monitored at 20.00 Hz.
[INFO] [1790569257.621095686] [stop_probe]: Received new action goal
[INFO] [1790569257.621150507] [stop_probe]: Accepted new action goal
[       OK ] OwnedController.ExplicitRevocationStopsBeforeLeaseTimeout (469 ms)
[ RUN      ] OwnedController.HeartbeatCallbacksRaceRealtimeExpiryWithoutRevival
[WARN] [1790569257.934626026] [stop_probe]: [Deprecated]: "allow_nonzero_velocity_at_trajectory_end" is set to true. The default behavior will change to false.
[INFO] [1790569257.934684901] [stop_probe]: No specific joint names are used for command interfaces. Using 'joints' parameter.
[INFO] [1790569257.934691813] [stop_probe]: Command interfaces are [position] and state interfaces are [position velocity].
[INFO] [1790569257.934696924] [stop_probe]: Using 'splines' interpolation method.
[INFO] [1790569257.934763325] [stop_probe]: Controller state will be published at 50.00 Hz.
[INFO] [1790569257.935221333] [stop_probe]: Action status changes will be monitored at 20.00 Hz.
[INFO] [1790569258.091989657] [stop_probe]: Received new action goal
[INFO] [1790569258.092054882] [stop_probe]: Accepted new action goal
[       OK ] OwnedController.HeartbeatCallbacksRaceRealtimeExpiryWithoutRevival (1176 ms)
[----------] 4 tests from OwnedController (3803 ms total)

[----------] Global test environment tear-down
[==========] 4 tests from 1 test suite ran. (3804 ms total)
[  PASSED  ] 4 tests.

Repeating all tests (iteration 13) . . .

Note: Google Test filter = *LostOwner*:*ExpiredLease*:*ExplicitRevocation*:*HeartbeatCallbacksRace*
[==========] Running 4 tests from 1 test suite.
[----------] Global test environment set-up.
[----------] 4 tests from OwnedController
[ RUN      ] OwnedController.LostOwnerAbortsAndHoldsInsteadOfCompletingOldTrajectory
[WARN] [1790569259.111236165] [stop_probe]: [Deprecated]: "allow_nonzero_velocity_at_trajectory_end" is set to true. The default behavior will change to false.
[INFO] [1790569259.111289451] [stop_probe]: No specific joint names are used for command interfaces. Using 'joints' parameter.
[INFO] [1790569259.111296424] [stop_probe]: Command interfaces are [position] and state interfaces are [position velocity].
[INFO] [1790569259.111301260] [stop_probe]: Using 'splines' interpolation method.
[INFO] [1790569259.111353804] [stop_probe]: Controller state will be published at 50.00 Hz.
[INFO] [1790569259.111795413] [stop_probe]: Action status changes will be monitored at 20.00 Hz.
[INFO] [1790569259.266392936] [stop_probe]: Received new action goal
[INFO] [1790569259.266455258] [stop_probe]: Accepted new action goal
[       OK ] OwnedController.LostOwnerAbortsAndHoldsInsteadOfCompletingOldTrajectory (1231 ms)
[ RUN      ] OwnedController.ExpiredLeaseCannotBeRevivedByLateHeartbeat
[WARN] [1790569260.342051405] [stop_probe]: [Deprecated]: "allow_nonzero_velocity_at_trajectory_end" is set to true. The default behavior will change to false.
[INFO] [1790569260.342093068] [stop_probe]: No specific joint names are used for command interfaces. Using 'joints' parameter.
[INFO] [1790569260.342098478] [stop_probe]: Command interfaces are [position] and state interfaces are [position velocity].
[INFO] [1790569260.342103384] [stop_probe]: Using 'splines' interpolation method.
[INFO] [1790569260.342149776] [stop_probe]: Controller state will be published at 50.00 Hz.
[INFO] [1790569260.342639823] [stop_probe]: Action status changes will be monitored at 20.00 Hz.
[INFO] [1790569260.497238480] [stop_probe]: Received new action goal
[INFO] [1790569260.497298450] [stop_probe]: Accepted new action goal
[       OK ] OwnedController.ExpiredLeaseCannotBeRevivedByLateHeartbeat (926 ms)
[ RUN      ] OwnedController.ExplicitRevocationStopsBeforeLeaseTimeout
[WARN] [1790569261.267755661] [stop_probe]: [Deprecated]: "allow_nonzero_velocity_at_trajectory_end" is set to true. The default behavior will change to false.
[INFO] [1790569261.267804688] [stop_probe]: No specific joint names are used for command interfaces. Using 'joints' parameter.
[INFO] [1790569261.267810438] [stop_probe]: Command interfaces are [position] and state interfaces are [position velocity].
[INFO] [1790569261.267815181] [stop_probe]: Using 'splines' interpolation method.
[INFO] [1790569261.267874159] [stop_probe]: Controller state will be published at 50.00 Hz.
[INFO] [1790569261.268611635] [stop_probe]: Action status changes will be monitored at 20.00 Hz.
[INFO] [1790569261.424038478] [stop_probe]: Received new action goal
[INFO] [1790569261.424089006] [stop_probe]: Accepted new action goal
[       OK ] OwnedController.ExplicitRevocationStopsBeforeLeaseTimeout (468 ms)
[ RUN      ] OwnedController.HeartbeatCallbacksRaceRealtimeExpiryWithoutRevival
[WARN] [1790569261.735622861] [stop_probe]: [Deprecated]: "allow_nonzero_velocity_at_trajectory_end" is set to true. The default behavior will change to false.
[INFO] [1790569261.735667543] [stop_probe]: No specific joint names are used for command interfaces. Using 'joints' parameter.
[INFO] [1790569261.735673286] [stop_probe]: Command interfaces are [position] and state interfaces are [position velocity].
[INFO] [1790569261.735677870] [stop_probe]: Using 'splines' interpolation method.
[INFO] [1790569261.735728603] [stop_probe]: Controller state will be published at 50.00 Hz.
[INFO] [1790569261.736201904] [stop_probe]: Action status changes will be monitored at 20.00 Hz.
[INFO] [1790569261.890986057] [stop_probe]: Received new action goal
[INFO] [1790569261.891039451] [stop_probe]: Accepted new action goal
[       OK ] OwnedController.HeartbeatCallbacksRaceRealtimeExpiryWithoutRevival (1171 ms)
[----------] 4 tests from OwnedController (3796 ms total)

[----------] Global test environment tear-down
[==========] 4 tests from 1 test suite ran. (3798 ms total)
[  PASSED  ] 4 tests.

Repeating all tests (iteration 14) . . .

Note: Google Test filter = *LostOwner*:*ExpiredLease*:*ExplicitRevocation*:*HeartbeatCallbacksRace*
[==========] Running 4 tests from 1 test suite.
[----------] Global test environment set-up.
[----------] 4 tests from OwnedController
[ RUN      ] OwnedController.LostOwnerAbortsAndHoldsInsteadOfCompletingOldTrajectory
[WARN] [1790569262.909961600] [stop_probe]: [Deprecated]: "allow_nonzero_velocity_at_trajectory_end" is set to true. The default behavior will change to false.
[INFO] [1790569262.910024359] [stop_probe]: No specific joint names are used for command interfaces. Using 'joints' parameter.
[INFO] [1790569262.910030538] [stop_probe]: Command interfaces are [position] and state interfaces are [position velocity].
[INFO] [1790569262.910035268] [stop_probe]: Using 'splines' interpolation method.
[INFO] [1790569262.910112519] [stop_probe]: Controller state will be published at 50.00 Hz.
[INFO] [1790569262.910563295] [stop_probe]: Action status changes will be monitored at 20.00 Hz.
[INFO] [1790569263.065063580] [stop_probe]: Received new action goal
[INFO] [1790569263.065107341] [stop_probe]: Accepted new action goal
[       OK ] OwnedController.LostOwnerAbortsAndHoldsInsteadOfCompletingOldTrajectory (1232 ms)
[ RUN      ] OwnedController.ExpiredLeaseCannotBeRevivedByLateHeartbeat
[WARN] [1790569264.141608006] [stop_probe]: [Deprecated]: "allow_nonzero_velocity_at_trajectory_end" is set to true. The default behavior will change to false.
[INFO] [1790569264.141653563] [stop_probe]: No specific joint names are used for command interfaces. Using 'joints' parameter.
[INFO] [1790569264.141659340] [stop_probe]: Command interfaces are [position] and state interfaces are [position velocity].
[INFO] [1790569264.141665529] [stop_probe]: Using 'splines' interpolation method.
[INFO] [1790569264.141718525] [stop_probe]: Controller state will be published at 50.00 Hz.
[INFO] [1790569264.142172829] [stop_probe]: Action status changes will be monitored at 20.00 Hz.
[INFO] [1790569264.296728653] [stop_probe]: Received new action goal
[INFO] [1790569264.296779941] [stop_probe]: Accepted new action goal
[       OK ] OwnedController.ExpiredLeaseCannotBeRevivedByLateHeartbeat (926 ms)
[ RUN      ] OwnedController.ExplicitRevocationStopsBeforeLeaseTimeout
[WARN] [1790569265.068484109] [stop_probe]: [Deprecated]: "allow_nonzero_velocity_at_trajectory_end" is set to true. The default behavior will change to false.
[INFO] [1790569265.068554989] [stop_probe]: No specific joint names are used for command interfaces. Using 'joints' parameter.
[INFO] [1790569265.068561295] [stop_probe]: Command interfaces are [position] and state interfaces are [position velocity].
[INFO] [1790569265.068566327] [stop_probe]: Using 'splines' interpolation method.
[INFO] [1790569265.068651914] [stop_probe]: Controller state will be published at 50.00 Hz.
[INFO] [1790569265.069200321] [stop_probe]: Action status changes will be monitored at 20.00 Hz.
[INFO] [1790569265.225302391] [stop_probe]: Received new action goal
[INFO] [1790569265.225362577] [stop_probe]: Accepted new action goal
[       OK ] OwnedController.ExplicitRevocationStopsBeforeLeaseTimeout (471 ms)
[ RUN      ] OwnedController.HeartbeatCallbacksRaceRealtimeExpiryWithoutRevival
[WARN] [1790569265.539599591] [stop_probe]: [Deprecated]: "allow_nonzero_velocity_at_trajectory_end" is set to true. The default behavior will change to false.
[INFO] [1790569265.539645859] [stop_probe]: No specific joint names are used for command interfaces. Using 'joints' parameter.
[INFO] [1790569265.539652365] [stop_probe]: Command interfaces are [position] and state interfaces are [position velocity].
[INFO] [1790569265.539657493] [stop_probe]: Using 'splines' interpolation method.
[INFO] [1790569265.539715275] [stop_probe]: Controller state will be published at 50.00 Hz.
[INFO] [1790569265.540214519] [stop_probe]: Action status changes will be monitored at 20.00 Hz.
[INFO] [1790569265.696462583] [stop_probe]: Received new action goal
[INFO] [1790569265.696512463] [stop_probe]: Accepted new action goal
[       OK ] OwnedController.HeartbeatCallbacksRaceRealtimeExpiryWithoutRevival (1176 ms)
[----------] 4 tests from OwnedController (3805 ms total)

[----------] Global test environment tear-down
[==========] 4 tests from 1 test suite ran. (3806 ms total)
[  PASSED  ] 4 tests.

Repeating all tests (iteration 15) . . .

Note: Google Test filter = *LostOwner*:*ExpiredLease*:*ExplicitRevocation*:*HeartbeatCallbacksRace*
[==========] Running 4 tests from 1 test suite.
[----------] Global test environment set-up.
[----------] 4 tests from OwnedController
[ RUN      ] OwnedController.LostOwnerAbortsAndHoldsInsteadOfCompletingOldTrajectory
[WARN] [1790569266.716603105] [stop_probe]: [Deprecated]: "allow_nonzero_velocity_at_trajectory_end" is set to true. The default behavior will change to false.
[INFO] [1790569266.716696195] [stop_probe]: No specific joint names are used for command interfaces. Using 'joints' parameter.
[INFO] [1790569266.716710521] [stop_probe]: Command interfaces are [position] and state interfaces are [position velocity].
[INFO] [1790569266.716721600] [stop_probe]: Using 'splines' interpolation method.
[INFO] [1790569266.716837326] [stop_probe]: Controller state will be published at 50.00 Hz.
[INFO] [1790569266.717442626] [stop_probe]: Action status changes will be monitored at 20.00 Hz.
[INFO] [1790569266.873751233] [stop_probe]: Received new action goal
[INFO] [1790569266.873797414] [stop_probe]: Accepted new action goal
[       OK ] OwnedController.LostOwnerAbortsAndHoldsInsteadOfCompletingOldTrajectory (1234 ms)
[ RUN      ] OwnedController.ExpiredLeaseCannotBeRevivedByLateHeartbeat
[WARN] [1790569267.950949816] [stop_probe]: [Deprecated]: "allow_nonzero_velocity_at_trajectory_end" is set to true. The default behavior will change to false.
[INFO] [1790569267.951030791] [stop_probe]: No specific joint names are used for command interfaces. Using 'joints' parameter.
[INFO] [1790569267.951045312] [stop_probe]: Command interfaces are [position] and state interfaces are [position velocity].
[INFO] [1790569267.951056995] [stop_probe]: Using 'splines' interpolation method.
[INFO] [1790569267.951156179] [stop_probe]: Controller state will be published at 50.00 Hz.
[INFO] [1790569267.951751773] [stop_probe]: Action status changes will be monitored at 20.00 Hz.
[INFO] [1790569268.108171231] [stop_probe]: Received new action goal
[INFO] [1790569268.108242429] [stop_probe]: Accepted new action goal
[       OK ] OwnedController.ExpiredLeaseCannotBeRevivedByLateHeartbeat (929 ms)
[ RUN      ] OwnedController.ExplicitRevocationStopsBeforeLeaseTimeout
[WARN] [1790569268.879347867] [stop_probe]: [Deprecated]: "allow_nonzero_velocity_at_trajectory_end" is set to true. The default behavior will change to false.
[INFO] [1790569268.879401965] [stop_probe]: No specific joint names are used for command interfaces. Using 'joints' parameter.
[INFO] [1790569268.879407965] [stop_probe]: Command interfaces are [position] and state interfaces are [position velocity].
[INFO] [1790569268.879413064] [stop_probe]: Using 'splines' interpolation method.
[INFO] [1790569268.879495003] [stop_probe]: Controller state will be published at 50.00 Hz.
[INFO] [1790569268.879973635] [stop_probe]: Action status changes will be monitored at 20.00 Hz.
[INFO] [1790569269.035208256] [stop_probe]: Received new action goal
[INFO] [1790569269.035259329] [stop_probe]: Accepted new action goal
[       OK ] OwnedController.ExplicitRevocationStopsBeforeLeaseTimeout (468 ms)
[ RUN      ] OwnedController.HeartbeatCallbacksRaceRealtimeExpiryWithoutRevival
[WARN] [1790569269.346500809] [stop_probe]: [Deprecated]: "allow_nonzero_velocity_at_trajectory_end" is set to true. The default behavior will change to false.
[INFO] [1790569269.346568292] [stop_probe]: No specific joint names are used for command interfaces. Using 'joints' parameter.
[INFO] [1790569269.346581355] [stop_probe]: Command interfaces are [position] and state interfaces are [position velocity].
[INFO] [1790569269.346591990] [stop_probe]: Using 'splines' interpolation method.
[INFO] [1790569269.346688103] [stop_probe]: Controller state will be published at 50.00 Hz.
[INFO] [1790569269.347275403] [stop_probe]: Action status changes will be monitored at 20.00 Hz.
[INFO] [1790569269.502139421] [stop_probe]: Received new action goal
[INFO] [1790569269.502184630] [stop_probe]: Accepted new action goal
[       OK ] OwnedController.HeartbeatCallbacksRaceRealtimeExpiryWithoutRevival (1173 ms)
[----------] 4 tests from OwnedController (3804 ms total)

[----------] Global test environment tear-down
[==========] 4 tests from 1 test suite ran. (3805 ms total)
[  PASSED  ] 4 tests.

Repeating all tests (iteration 16) . . .

Note: Google Test filter = *LostOwner*:*ExpiredLease*:*ExplicitRevocation*:*HeartbeatCallbacksRace*
[==========] Running 4 tests from 1 test suite.
[----------] Global test environment set-up.
[----------] 4 tests from OwnedController
[ RUN      ] OwnedController.LostOwnerAbortsAndHoldsInsteadOfCompletingOldTrajectory
[WARN] [1790569270.535052913] [stop_probe]: [Deprecated]: "allow_nonzero_velocity_at_trajectory_end" is set to true. The default behavior will change to false.
[INFO] [1790569270.535142518] [stop_probe]: No specific joint names are used for command interfaces. Using 'joints' parameter.
[INFO] [1790569270.535157425] [stop_probe]: Command interfaces are [position] and state interfaces are [position velocity].
[INFO] [1790569270.535168474] [stop_probe]: Using 'splines' interpolation method.
[INFO] [1790569270.535304437] [stop_probe]: Controller state will be published at 50.00 Hz.
[INFO] [1790569270.536004951] [stop_probe]: Action status changes will be monitored at 20.00 Hz.
[INFO] [1790569270.691251703] [stop_probe]: Received new action goal
[INFO] [1790569270.691319909] [stop_probe]: Accepted new action goal
[       OK ] OwnedController.LostOwnerAbortsAndHoldsInsteadOfCompletingOldTrajectory (1227 ms)
[ RUN      ] OwnedController.ExpiredLeaseCannotBeRevivedByLateHeartbeat
[WARN] [1790569271.760484919] [stop_probe]: [Deprecated]: "allow_nonzero_velocity_at_trajectory_end" is set to true. The default behavior will change to false.
[INFO] [1790569271.760547808] [stop_probe]: No specific joint names are used for command interfaces. Using 'joints' parameter.
[INFO] [1790569271.760554505] [stop_probe]: Command interfaces are [position] and state interfaces are [position velocity].
[INFO] [1790569271.760559860] [stop_probe]: Using 'splines' interpolation method.
[INFO] [1790569271.760627293] [stop_probe]: Controller state will be published at 50.00 Hz.
[INFO] [1790569271.761140515] [stop_probe]: Action status changes will be monitored at 20.00 Hz.
[INFO] [1790569271.918200887] [stop_probe]: Received new action goal
[INFO] [1790569271.918239112] [stop_probe]: Accepted new action goal
[       OK ] OwnedController.ExpiredLeaseCannotBeRevivedByLateHeartbeat (927 ms)
[ RUN      ] OwnedController.ExplicitRevocationStopsBeforeLeaseTimeout
[WARN] [1790569272.688084118] [stop_probe]: [Deprecated]: "allow_nonzero_velocity_at_trajectory_end" is set to true. The default behavior will change to false.
[INFO] [1790569272.688154665] [stop_probe]: No specific joint names are used for command interfaces. Using 'joints' parameter.
[INFO] [1790569272.688169306] [stop_probe]: Command interfaces are [position] and state interfaces are [position velocity].
[INFO] [1790569272.688180840] [stop_probe]: Using 'splines' interpolation method.
[INFO] [1790569272.688293525] [stop_probe]: Controller state will be published at 50.00 Hz.
[INFO] [1790569272.688951310] [stop_probe]: Action status changes will be monitored at 20.00 Hz.
[INFO] [1790569272.843649397] [stop_probe]: Received new action goal
[INFO] [1790569272.843704473] [stop_probe]: Accepted new action goal
[       OK ] OwnedController.ExplicitRevocationStopsBeforeLeaseTimeout (468 ms)
[ RUN      ] OwnedController.HeartbeatCallbacksRaceRealtimeExpiryWithoutRevival
[WARN] [1790569273.155347620] [stop_probe]: [Deprecated]: "allow_nonzero_velocity_at_trajectory_end" is set to true. The default behavior will change to false.
[INFO] [1790569273.155414963] [stop_probe]: No specific joint names are used for command interfaces. Using 'joints' parameter.
[INFO] [1790569273.155431036] [stop_probe]: Command interfaces are [position] and state interfaces are [position velocity].
[INFO] [1790569273.155436151] [stop_probe]: Using 'splines' interpolation method.
[INFO] [1790569273.155500944] [stop_probe]: Controller state will be published at 50.00 Hz.
[INFO] [1790569273.156005235] [stop_probe]: Action status changes will be monitored at 20.00 Hz.
[INFO] [1790569273.312615670] [stop_probe]: Received new action goal
[INFO] [1790569273.312701782] [stop_probe]: Accepted new action goal
[       OK ] OwnedController.HeartbeatCallbacksRaceRealtimeExpiryWithoutRevival (1174 ms)
[----------] 4 tests from OwnedController (3796 ms total)

[----------] Global test environment tear-down
[==========] 4 tests from 1 test suite ran. (3811 ms total)
[  PASSED  ] 4 tests.

Repeating all tests (iteration 17) . . .

Note: Google Test filter = *LostOwner*:*ExpiredLease*:*ExplicitRevocation*:*HeartbeatCallbacksRace*
[==========] Running 4 tests from 1 test suite.
[----------] Global test environment set-up.
[----------] 4 tests from OwnedController
[ RUN      ] OwnedController.LostOwnerAbortsAndHoldsInsteadOfCompletingOldTrajectory
[WARN] [1790569274.331249321] [stop_probe]: [Deprecated]: "allow_nonzero_velocity_at_trajectory_end" is set to true. The default behavior will change to false.
[INFO] [1790569274.331300688] [stop_probe]: No specific joint names are used for command interfaces. Using 'joints' parameter.
[INFO] [1790569274.331306277] [stop_probe]: Command interfaces are [position] and state interfaces are [position velocity].
[INFO] [1790569274.331310705] [stop_probe]: Using 'splines' interpolation method.
[INFO] [1790569274.331369336] [stop_probe]: Controller state will be published at 50.00 Hz.
[INFO] [1790569274.331834449] [stop_probe]: Action status changes will be monitored at 20.00 Hz.
[INFO] [1790569274.486345754] [stop_probe]: Received new action goal
[INFO] [1790569274.486384369] [stop_probe]: Accepted new action goal
[       OK ] OwnedController.LostOwnerAbortsAndHoldsInsteadOfCompletingOldTrajectory (1232 ms)
[ RUN      ] OwnedController.ExpiredLeaseCannotBeRevivedByLateHeartbeat
[WARN] [1790569275.561830675] [stop_probe]: [Deprecated]: "allow_nonzero_velocity_at_trajectory_end" is set to true. The default behavior will change to false.
[INFO] [1790569275.561874037] [stop_probe]: No specific joint names are used for command interfaces. Using 'joints' parameter.
[INFO] [1790569275.561879557] [stop_probe]: Command interfaces are [position] and state interfaces are [position velocity].
[INFO] [1790569275.561884102] [stop_probe]: Using 'splines' interpolation method.
[INFO] [1790569275.561935624] [stop_probe]: Controller state will be published at 50.00 Hz.
[INFO] [1790569275.562436473] [stop_probe]: Action status changes will be monitored at 20.00 Hz.
[INFO] [1790569275.717669699] [stop_probe]: Received new action goal
[INFO] [1790569275.717721391] [stop_probe]: Accepted new action goal
[       OK ] OwnedController.ExpiredLeaseCannotBeRevivedByLateHeartbeat (925 ms)
[ RUN      ] OwnedController.ExplicitRevocationStopsBeforeLeaseTimeout
[WARN] [1790569276.487452123] [stop_probe]: [Deprecated]: "allow_nonzero_velocity_at_trajectory_end" is set to true. The default behavior will change to false.
[INFO] [1790569276.487533694] [stop_probe]: No specific joint names are used for command interfaces. Using 'joints' parameter.
[INFO] [1790569276.487547978] [stop_probe]: Command interfaces are [position] and state interfaces are [position velocity].
[INFO] [1790569276.487558183] [stop_probe]: Using 'splines' interpolation method.
[INFO] [1790569276.487662757] [stop_probe]: Controller state will be published at 50.00 Hz.
[INFO] [1790569276.488279852] [stop_probe]: Action status changes will be monitored at 20.00 Hz.
[INFO] [1790569276.645012776] [stop_probe]: Received new action goal
[INFO] [1790569276.645060001] [stop_probe]: Accepted new action goal
[       OK ] OwnedController.ExplicitRevocationStopsBeforeLeaseTimeout (469 ms)
[ RUN      ] OwnedController.HeartbeatCallbacksRaceRealtimeExpiryWithoutRevival
[WARN] [1790569276.956062717] [stop_probe]: [Deprecated]: "allow_nonzero_velocity_at_trajectory_end" is set to true. The default behavior will change to false.
[INFO] [1790569276.956112063] [stop_probe]: No specific joint names are used for command interfaces. Using 'joints' parameter.
[INFO] [1790569276.956117656] [stop_probe]: Command interfaces are [position] and state interfaces are [position velocity].
[INFO] [1790569276.956122434] [stop_probe]: Using 'splines' interpolation method.
[INFO] [1790569276.956176036] [stop_probe]: Controller state will be published at 50.00 Hz.
[INFO] [1790569276.956647793] [stop_probe]: Action status changes will be monitored at 20.00 Hz.
[INFO] [1790569277.111054065] [stop_probe]: Received new action goal
[INFO] [1790569277.111096235] [stop_probe]: Accepted new action goal
[       OK ] OwnedController.HeartbeatCallbacksRaceRealtimeExpiryWithoutRevival (1172 ms)
[----------] 4 tests from OwnedController (3798 ms total)

[----------] Global test environment tear-down
[==========] 4 tests from 1 test suite ran. (3798 ms total)
[  PASSED  ] 4 tests.

Repeating all tests (iteration 18) . . .

Note: Google Test filter = *LostOwner*:*ExpiredLease*:*ExplicitRevocation*:*HeartbeatCallbacksRace*
[==========] Running 4 tests from 1 test suite.
[----------] Global test environment set-up.
[----------] 4 tests from OwnedController
[ RUN      ] OwnedController.LostOwnerAbortsAndHoldsInsteadOfCompletingOldTrajectory
[WARN] [1790569278.143949369] [stop_probe]: [Deprecated]: "allow_nonzero_velocity_at_trajectory_end" is set to true. The default behavior will change to false.
[INFO] [1790569278.144008788] [stop_probe]: No specific joint names are used for command interfaces. Using 'joints' parameter.
[INFO] [1790569278.144015182] [stop_probe]: Command interfaces are [position] and state interfaces are [position velocity].
[INFO] [1790569278.144020348] [stop_probe]: Using 'splines' interpolation method.
[INFO] [1790569278.144111994] [stop_probe]: Controller state will be published at 50.00 Hz.
[INFO] [1790569278.144591985] [stop_probe]: Action status changes will be monitored at 20.00 Hz.
[INFO] [1790569278.299138897] [stop_probe]: Received new action goal
[INFO] [1790569278.299195656] [stop_probe]: Accepted new action goal
[       OK ] OwnedController.LostOwnerAbortsAndHoldsInsteadOfCompletingOldTrajectory (1233 ms)
[ RUN      ] OwnedController.ExpiredLeaseCannotBeRevivedByLateHeartbeat
[WARN] [1790569279.376037847] [stop_probe]: [Deprecated]: "allow_nonzero_velocity_at_trajectory_end" is set to true. The default behavior will change to false.
[INFO] [1790569279.376112287] [stop_probe]: No specific joint names are used for command interfaces. Using 'joints' parameter.
[INFO] [1790569279.376125476] [stop_probe]: Command interfaces are [position] and state interfaces are [position velocity].
[INFO] [1790569279.376135908] [stop_probe]: Using 'splines' interpolation method.
[INFO] [1790569279.376236911] [stop_probe]: Controller state will be published at 50.00 Hz.
[INFO] [1790569279.376831161] [stop_probe]: Action status changes will be monitored at 20.00 Hz.
[INFO] [1790569279.533604297] [stop_probe]: Received new action goal
[INFO] [1790569279.533657764] [stop_probe]: Accepted new action goal
[       OK ] OwnedController.ExpiredLeaseCannotBeRevivedByLateHeartbeat (929 ms)
[ RUN      ] OwnedController.ExplicitRevocationStopsBeforeLeaseTimeout
[WARN] [1790569280.305240766] [stop_probe]: [Deprecated]: "allow_nonzero_velocity_at_trajectory_end" is set to true. The default behavior will change to false.
[INFO] [1790569280.305314161] [stop_probe]: No specific joint names are used for command interfaces. Using 'joints' parameter.
[INFO] [1790569280.305327307] [stop_probe]: Command interfaces are [position] and state interfaces are [position velocity].
[INFO] [1790569280.305337490] [stop_probe]: Using 'splines' interpolation method.
[INFO] [1790569280.305429355] [stop_probe]: Controller state will be published at 50.00 Hz.
[INFO] [1790569280.305894485] [stop_probe]: Action status changes will be monitored at 20.00 Hz.
[INFO] [1790569280.462326397] [stop_probe]: Received new action goal
[INFO] [1790569280.462385057] [stop_probe]: Accepted new action goal
[       OK ] OwnedController.ExplicitRevocationStopsBeforeLeaseTimeout (470 ms)
[ RUN      ] OwnedController.HeartbeatCallbacksRaceRealtimeExpiryWithoutRevival
[WARN] [1790569280.775177668] [stop_probe]: [Deprecated]: "allow_nonzero_velocity_at_trajectory_end" is set to true. The default behavior will change to false.
[INFO] [1790569280.775269258] [stop_probe]: No specific joint names are used for command interfaces. Using 'joints' parameter.
[INFO] [1790569280.775288352] [stop_probe]: Command interfaces are [position] and state interfaces are [position velocity].
[INFO] [1790569280.775300509] [stop_probe]: Using 'splines' interpolation method.
[INFO] [1790569280.775423705] [stop_probe]: Controller state will be published at 50.00 Hz.
[INFO] [1790569280.776028903] [stop_probe]: Action status changes will be monitored at 20.00 Hz.
[INFO] [1790569280.932509184] [stop_probe]: Received new action goal
[INFO] [1790569280.932560574] [stop_probe]: Accepted new action goal
[       OK ] OwnedController.HeartbeatCallbacksRaceRealtimeExpiryWithoutRevival (1174 ms)
[----------] 4 tests from OwnedController (3806 ms total)

[----------] Global test environment tear-down
[==========] 4 tests from 1 test suite ran. (3820 ms total)
[  PASSED  ] 4 tests.

Repeating all tests (iteration 19) . . .

Note: Google Test filter = *LostOwner*:*ExpiredLease*:*ExplicitRevocation*:*HeartbeatCallbacksRace*
[==========] Running 4 tests from 1 test suite.
[----------] Global test environment set-up.
[----------] 4 tests from OwnedController
[ RUN      ] OwnedController.LostOwnerAbortsAndHoldsInsteadOfCompletingOldTrajectory
[WARN] [1790569281.949788458] [stop_probe]: [Deprecated]: "allow_nonzero_velocity_at_trajectory_end" is set to true. The default behavior will change to false.
[INFO] [1790569281.949842914] [stop_probe]: No specific joint names are used for command interfaces. Using 'joints' parameter.
[INFO] [1790569281.949848411] [stop_probe]: Command interfaces are [position] and state interfaces are [position velocity].
[INFO] [1790569281.949852975] [stop_probe]: Using 'splines' interpolation method.
[INFO] [1790569281.949912254] [stop_probe]: Controller state will be published at 50.00 Hz.
[INFO] [1790569281.950389817] [stop_probe]: Action status changes will be monitored at 20.00 Hz.
[INFO] [1790569282.105774617] [stop_probe]: Received new action goal
[INFO] [1790569282.105832023] [stop_probe]: Accepted new action goal
[       OK ] OwnedController.LostOwnerAbortsAndHoldsInsteadOfCompletingOldTrajectory (1232 ms)
[ RUN      ] OwnedController.ExpiredLeaseCannotBeRevivedByLateHeartbeat
[WARN] [1790569283.181394127] [stop_probe]: [Deprecated]: "allow_nonzero_velocity_at_trajectory_end" is set to true. The default behavior will change to false.
[INFO] [1790569283.181467343] [stop_probe]: No specific joint names are used for command interfaces. Using 'joints' parameter.
[INFO] [1790569283.181477032] [stop_probe]: Command interfaces are [position] and state interfaces are [position velocity].
[INFO] [1790569283.181483516] [stop_probe]: Using 'splines' interpolation method.
[INFO] [1790569283.181565335] [stop_probe]: Controller state will be published at 50.00 Hz.
[INFO] [1790569283.182022553] [stop_probe]: Action status changes will be monitored at 20.00 Hz.
[INFO] [1790569283.336474038] [stop_probe]: Received new action goal
[INFO] [1790569283.336514860] [stop_probe]: Accepted new action goal
[       OK ] OwnedController.ExpiredLeaseCannotBeRevivedByLateHeartbeat (925 ms)
[ RUN      ] OwnedController.ExplicitRevocationStopsBeforeLeaseTimeout
[WARN] [1790569284.105954575] [stop_probe]: [Deprecated]: "allow_nonzero_velocity_at_trajectory_end" is set to true. The default behavior will change to false.
[INFO] [1790569284.106004105] [stop_probe]: No specific joint names are used for command interfaces. Using 'joints' parameter.
[INFO] [1790569284.106009599] [stop_probe]: Command interfaces are [position] and state interfaces are [position velocity].
[INFO] [1790569284.106020577] [stop_probe]: Using 'splines' interpolation method.
[INFO] [1790569284.106068728] [stop_probe]: Controller state will be published at 50.00 Hz.
[INFO] [1790569284.106505105] [stop_probe]: Action status changes will be monitored at 20.00 Hz.
[INFO] [1790569284.260724902] [stop_probe]: Received new action goal
[INFO] [1790569284.260783853] [stop_probe]: Accepted new action goal
[       OK ] OwnedController.ExplicitRevocationStopsBeforeLeaseTimeout (467 ms)
[ RUN      ] OwnedController.HeartbeatCallbacksRaceRealtimeExpiryWithoutRevival
[WARN] [1790569284.572964251] [stop_probe]: [Deprecated]: "allow_nonzero_velocity_at_trajectory_end" is set to true. The default behavior will change to false.
[INFO] [1790569284.573031015] [stop_probe]: No specific joint names are used for command interfaces. Using 'joints' parameter.
[INFO] [1790569284.573039824] [stop_probe]: Command interfaces are [position] and state interfaces are [position velocity].
[INFO] [1790569284.573046432] [stop_probe]: Using 'splines' interpolation method.
[INFO] [1790569284.573113597] [stop_probe]: Controller state will be published at 50.00 Hz.
[INFO] [1790569284.573564698] [stop_probe]: Action status changes will be monitored at 20.00 Hz.
[INFO] [1790569284.728105182] [stop_probe]: Received new action goal
[INFO] [1790569284.728148001] [stop_probe]: Accepted new action goal
[       OK ] OwnedController.HeartbeatCallbacksRaceRealtimeExpiryWithoutRevival (1172 ms)
[----------] 4 tests from OwnedController (3796 ms total)

[----------] Global test environment tear-down
[==========] 4 tests from 1 test suite ran. (3797 ms total)
[  PASSED  ] 4 tests.

Repeating all tests (iteration 20) . . .

Note: Google Test filter = *LostOwner*:*ExpiredLease*:*ExplicitRevocation*:*HeartbeatCallbacksRace*
[==========] Running 4 tests from 1 test suite.
[----------] Global test environment set-up.
[----------] 4 tests from OwnedController
[ RUN      ] OwnedController.LostOwnerAbortsAndHoldsInsteadOfCompletingOldTrajectory
[WARN] [1790569285.746921106] [stop_probe]: [Deprecated]: "allow_nonzero_velocity_at_trajectory_end" is set to true. The default behavior will change to false.
[INFO] [1790569285.746987159] [stop_probe]: No specific joint names are used for command interfaces. Using 'joints' parameter.
[INFO] [1790569285.747000696] [stop_probe]: Command interfaces are [position] and state interfaces are [position velocity].
[INFO] [1790569285.747011119] [stop_probe]: Using 'splines' interpolation method.
[INFO] [1790569285.747104931] [stop_probe]: Controller state will be published at 50.00 Hz.
[INFO] [1790569285.747726082] [stop_probe]: Action status changes will be monitored at 20.00 Hz.
[INFO] [1790569285.904128088] [stop_probe]: Received new action goal
[INFO] [1790569285.904183559] [stop_probe]: Accepted new action goal
[       OK ] OwnedController.LostOwnerAbortsAndHoldsInsteadOfCompletingOldTrajectory (1233 ms)
[ RUN      ] OwnedController.ExpiredLeaseCannotBeRevivedByLateHeartbeat
[WARN] [1790569286.978540433] [stop_probe]: [Deprecated]: "allow_nonzero_velocity_at_trajectory_end" is set to true. The default behavior will change to false.
[INFO] [1790569286.978580812] [stop_probe]: No specific joint names are used for command interfaces. Using 'joints' parameter.
[INFO] [1790569286.978586210] [stop_probe]: Command interfaces are [position] and state interfaces are [position velocity].
[INFO] [1790569286.978590983] [stop_probe]: Using 'splines' interpolation method.
[INFO] [1790569286.978636387] [stop_probe]: Controller state will be published at 50.00 Hz.
[INFO] [1790569286.979067609] [stop_probe]: Action status changes will be monitored at 20.00 Hz.
[INFO] [1790569287.133314053] [stop_probe]: Received new action goal
[INFO] [1790569287.133368963] [stop_probe]: Accepted new action goal
[       OK ] OwnedController.ExpiredLeaseCannotBeRevivedByLateHeartbeat (925 ms)
[ RUN      ] OwnedController.ExplicitRevocationStopsBeforeLeaseTimeout
[WARN] [1790569287.905691611] [stop_probe]: [Deprecated]: "allow_nonzero_velocity_at_trajectory_end" is set to true. The default behavior will change to false.
[INFO] [1790569287.905780873] [stop_probe]: No specific joint names are used for command interfaces. Using 'joints' parameter.
[INFO] [1790569287.905795821] [stop_probe]: Command interfaces are [position] and state interfaces are [position velocity].
[INFO] [1790569287.905807388] [stop_probe]: Using 'splines' interpolation method.
[INFO] [1790569287.905933454] [stop_probe]: Controller state will be published at 50.00 Hz.
[INFO] [1790569287.906571708] [stop_probe]: Action status changes will be monitored at 20.00 Hz.
[INFO] [1790569288.061542635] [stop_probe]: Received new action goal
[INFO] [1790569288.061588283] [stop_probe]: Accepted new action goal
[       OK ] OwnedController.ExplicitRevocationStopsBeforeLeaseTimeout (469 ms)
[ RUN      ] OwnedController.HeartbeatCallbacksRaceRealtimeExpiryWithoutRevival
[WARN] [1790569288.373103291] [stop_probe]: [Deprecated]: "allow_nonzero_velocity_at_trajectory_end" is set to true. The default behavior will change to false.
[INFO] [1790569288.373184374] [stop_probe]: No specific joint names are used for command interfaces. Using 'joints' parameter.
[INFO] [1790569288.373199203] [stop_probe]: Command interfaces are [position] and state interfaces are [position velocity].
[INFO] [1790569288.373210406] [stop_probe]: Using 'splines' interpolation method.
[INFO] [1790569288.373357757] [stop_probe]: Controller state will be published at 50.00 Hz.
[INFO] [1790569288.374032796] [stop_probe]: Action status changes will be monitored at 20.00 Hz.
[INFO] [1790569288.530583426] [stop_probe]: Received new action goal
[INFO] [1790569288.530631398] [stop_probe]: Accepted new action goal
[       OK ] OwnedController.HeartbeatCallbacksRaceRealtimeExpiryWithoutRevival (1174 ms)
[----------] 4 tests from OwnedController (3801 ms total)

[----------] Global test environment tear-down
[==========] 4 tests from 1 test suite ran. (3802 ms total)
[  PASSED  ] 4 tests.

Repeating all tests (iteration 21) . . .

Note: Google Test filter = *LostOwner*:*ExpiredLease*:*ExplicitRevocation*:*HeartbeatCallbacksRace*
[==========] Running 4 tests from 1 test suite.
[----------] Global test environment set-up.
[----------] 4 tests from OwnedController
[ RUN      ] OwnedController.LostOwnerAbortsAndHoldsInsteadOfCompletingOldTrajectory
[WARN] [1790569289.549889303] [stop_probe]: [Deprecated]: "allow_nonzero_velocity_at_trajectory_end" is set to true. The default behavior will change to false.
[INFO] [1790569289.549971482] [stop_probe]: No specific joint names are used for command interfaces. Using 'joints' parameter.
[INFO] [1790569289.549985119] [stop_probe]: Command interfaces are [position] and state interfaces are [position velocity].
[INFO] [1790569289.549996546] [stop_probe]: Using 'splines' interpolation method.
[INFO] [1790569289.550099618] [stop_probe]: Controller state will be published at 50.00 Hz.
[INFO] [1790569289.550721088] [stop_probe]: Action status changes will be monitored at 20.00 Hz.
[INFO] [1790569289.705711042] [stop_probe]: Received new action goal
[INFO] [1790569289.705761535] [stop_probe]: Accepted new action goal
[       OK ] OwnedController.LostOwnerAbortsAndHoldsInsteadOfCompletingOldTrajectory (1232 ms)
[ RUN      ] OwnedController.ExpiredLeaseCannotBeRevivedByLateHeartbeat
[WARN] [1790569290.780176040] [stop_probe]: [Deprecated]: "allow_nonzero_velocity_at_trajectory_end" is set to true. The default behavior will change to false.
[INFO] [1790569290.780223867] [stop_probe]: No specific joint names are used for command interfaces. Using 'joints' parameter.
[INFO] [1790569290.780229959] [stop_probe]: Command interfaces are [position] and state interfaces are [position velocity].
[INFO] [1790569290.780234789] [stop_probe]: Using 'splines' interpolation method.
[INFO] [1790569290.780283669] [stop_probe]: Controller state will be published at 50.00 Hz.
[INFO] [1790569290.780741424] [stop_probe]: Action status changes will be monitored at 20.00 Hz.
[INFO] [1790569290.934999029] [stop_probe]: Received new action goal
[INFO] [1790569290.935062587] [stop_probe]: Accepted new action goal
[       OK ] OwnedController.ExpiredLeaseCannotBeRevivedByLateHeartbeat (924 ms)
[ RUN      ] OwnedController.ExplicitRevocationStopsBeforeLeaseTimeout
[WARN] [1790569291.704114463] [stop_probe]: [Deprecated]: "allow_nonzero_velocity_at_trajectory_end" is set to true. The default behavior will change to false.
[INFO] [1790569291.704163900] [stop_probe]: No specific joint names are used for command interfaces. Using 'joints' parameter.
[INFO] [1790569291.704169698] [stop_probe]: Command interfaces are [position] and state interfaces are [position velocity].
[INFO] [1790569291.704174170] [stop_probe]: Using 'splines' interpolation method.
[INFO] [1790569291.704238179] [stop_probe]: Controller state will be published at 50.00 Hz.
[INFO] [1790569291.704733252] [stop_probe]: Action status changes will be monitored at 20.00 Hz.
[INFO] [1790569291.859118404] [stop_probe]: Received new action goal
[INFO] [1790569291.859150714] [stop_probe]: Accepted new action goal
[       OK ] OwnedController.ExplicitRevocationStopsBeforeLeaseTimeout (466 ms)
[ RUN      ] OwnedController.HeartbeatCallbacksRaceRealtimeExpiryWithoutRevival
[WARN] [1790569292.169961104] [stop_probe]: [Deprecated]: "allow_nonzero_velocity_at_trajectory_end" is set to true. The default behavior will change to false.
[INFO] [1790569292.170005240] [stop_probe]: No specific joint names are used for command interfaces. Using 'joints' parameter.
[INFO] [1790569292.170010615] [stop_probe]: Command interfaces are [position] and state interfaces are [position velocity].
[INFO] [1790569292.170015291] [stop_probe]: Using 'splines' interpolation method.
[INFO] [1790569292.170064422] [stop_probe]: Controller state will be published at 50.00 Hz.
[INFO] [1790569292.170518397] [stop_probe]: Action status changes will be monitored at 20.00 Hz.
[INFO] [1790569292.324775584] [stop_probe]: Received new action goal
[INFO] [1790569292.324811314] [stop_probe]: Accepted new action goal
[       OK ] OwnedController.HeartbeatCallbacksRaceRealtimeExpiryWithoutRevival (1172 ms)
[----------] 4 tests from OwnedController (3794 ms total)

[----------] Global test environment tear-down
[==========] 4 tests from 1 test suite ran. (3794 ms total)
[  PASSED  ] 4 tests.

Repeating all tests (iteration 22) . . .

Note: Google Test filter = *LostOwner*:*ExpiredLease*:*ExplicitRevocation*:*HeartbeatCallbacksRace*
[==========] Running 4 tests from 1 test suite.
[----------] Global test environment set-up.
[----------] 4 tests from OwnedController
[ RUN      ] OwnedController.LostOwnerAbortsAndHoldsInsteadOfCompletingOldTrajectory
[WARN] [1790569293.343523313] [stop_probe]: [Deprecated]: "allow_nonzero_velocity_at_trajectory_end" is set to true. The default behavior will change to false.
[INFO] [1790569293.343616292] [stop_probe]: No specific joint names are used for command interfaces. Using 'joints' parameter.
[INFO] [1790569293.343630520] [stop_probe]: Command interfaces are [position] and state interfaces are [position velocity].
[INFO] [1790569293.343641053] [stop_probe]: Using 'splines' interpolation method.
[INFO] [1790569293.343759701] [stop_probe]: Controller state will be published at 50.00 Hz.
[INFO] [1790569293.344455588] [stop_probe]: Action status changes will be monitored at 20.00 Hz.
[INFO] [1790569293.500975346] [stop_probe]: Received new action goal
[INFO] [1790569293.501031811] [stop_probe]: Accepted new action goal
[       OK ] OwnedController.LostOwnerAbortsAndHoldsInsteadOfCompletingOldTrajectory (1233 ms)
[ RUN      ] OwnedController.ExpiredLeaseCannotBeRevivedByLateHeartbeat
[WARN] [1790569294.576500782] [stop_probe]: [Deprecated]: "allow_nonzero_velocity_at_trajectory_end" is set to true. The default behavior will change to false.
[INFO] [1790569294.576574574] [stop_probe]: No specific joint names are used for command interfaces. Using 'joints' parameter.
[INFO] [1790569294.576584886] [stop_probe]: Command interfaces are [position] and state interfaces are [position velocity].
[INFO] [1790569294.576604074] [stop_probe]: Using 'splines' interpolation method.
[INFO] [1790569294.576714971] [stop_probe]: Controller state will be published at 50.00 Hz.
[INFO] [1790569294.577301112] [stop_probe]: Action status changes will be monitored at 20.00 Hz.
[INFO] [1790569294.732221656] [stop_probe]: Received new action goal
[INFO] [1790569294.732288255] [stop_probe]: Accepted new action goal
[       OK ] OwnedController.ExpiredLeaseCannotBeRevivedByLateHeartbeat (926 ms)
[ RUN      ] OwnedController.ExplicitRevocationStopsBeforeLeaseTimeout
[WARN] [1790569295.503407535] [stop_probe]: [Deprecated]: "allow_nonzero_velocity_at_trajectory_end" is set to true. The default behavior will change to false.
[INFO] [1790569295.503493208] [stop_probe]: No specific joint names are used for command interfaces. Using 'joints' parameter.
[INFO] [1790569295.503502485] [stop_probe]: Command interfaces are [position] and state interfaces are [position velocity].
[INFO] [1790569295.503509410] [stop_probe]: Using 'splines' interpolation method.
[INFO] [1790569295.503602653] [stop_probe]: Controller state will be published at 50.00 Hz.
[INFO] [1790569295.504166148] [stop_probe]: Action status changes will be monitored at 20.00 Hz.
[INFO] [1790569295.660479882] [stop_probe]: Received new action goal
[INFO] [1790569295.660529407] [stop_probe]: Accepted new action goal
[       OK ] OwnedController.ExplicitRevocationStopsBeforeLeaseTimeout (471 ms)
[ RUN      ] OwnedController.HeartbeatCallbacksRaceRealtimeExpiryWithoutRevival
[WARN] [1790569295.973351515] [stop_probe]: [Deprecated]: "allow_nonzero_velocity_at_trajectory_end" is set to true. The default behavior will change to false.
[INFO] [1790569295.973432058] [stop_probe]: No specific joint names are used for command interfaces. Using 'joints' parameter.
[INFO] [1790569295.973438330] [stop_probe]: Command interfaces are [position] and state interfaces are [position velocity].
[INFO] [1790569295.973444307] [stop_probe]: Using 'splines' interpolation method.
[INFO] [1790569295.973498427] [stop_probe]: Controller state will be published at 50.00 Hz.
[INFO] [1790569295.974051057] [stop_probe]: Action status changes will be monitored at 20.00 Hz.
[INFO] [1790569296.128970326] [stop_probe]: Received new action goal
[INFO] [1790569296.129027171] [stop_probe]: Accepted new action goal
[       OK ] OwnedController.HeartbeatCallbacksRaceRealtimeExpiryWithoutRevival (1173 ms)
[----------] 4 tests from OwnedController (3803 ms total)

[----------] Global test environment tear-down
[==========] 4 tests from 1 test suite ran. (3804 ms total)
[  PASSED  ] 4 tests.

Repeating all tests (iteration 23) . . .

Note: Google Test filter = *LostOwner*:*ExpiredLease*:*ExplicitRevocation*:*HeartbeatCallbacksRace*
[==========] Running 4 tests from 1 test suite.
[----------] Global test environment set-up.
[----------] 4 tests from OwnedController
[ RUN      ] OwnedController.LostOwnerAbortsAndHoldsInsteadOfCompletingOldTrajectory
[WARN] [1790569297.150318113] [stop_probe]: [Deprecated]: "allow_nonzero_velocity_at_trajectory_end" is set to true. The default behavior will change to false.
[INFO] [1790569297.150368560] [stop_probe]: No specific joint names are used for command interfaces. Using 'joints' parameter.
[INFO] [1790569297.150374902] [stop_probe]: Command interfaces are [position] and state interfaces are [position velocity].
[INFO] [1790569297.150379930] [stop_probe]: Using 'splines' interpolation method.
[INFO] [1790569297.150429871] [stop_probe]: Controller state will be published at 50.00 Hz.
[INFO] [1790569297.150881252] [stop_probe]: Action status changes will be monitored at 20.00 Hz.
[INFO] [1790569297.306219804] [stop_probe]: Received new action goal
[INFO] [1790569297.306275635] [stop_probe]: Accepted new action goal
[       OK ] OwnedController.LostOwnerAbortsAndHoldsInsteadOfCompletingOldTrajectory (1231 ms)
[ RUN      ] OwnedController.ExpiredLeaseCannotBeRevivedByLateHeartbeat
[WARN] [1790569298.381462210] [stop_probe]: [Deprecated]: "allow_nonzero_velocity_at_trajectory_end" is set to true. The default behavior will change to false.
[INFO] [1790569298.381517970] [stop_probe]: No specific joint names are used for command interfaces. Using 'joints' parameter.
[INFO] [1790569298.381523505] [stop_probe]: Command interfaces are [position] and state interfaces are [position velocity].
[INFO] [1790569298.381528282] [stop_probe]: Using 'splines' interpolation method.
[INFO] [1790569298.381584522] [stop_probe]: Controller state will be published at 50.00 Hz.
[INFO] [1790569298.382110405] [stop_probe]: Action status changes will be monitored at 20.00 Hz.
[INFO] [1790569298.537627981] [stop_probe]: Received new action goal
[INFO] [1790569298.537679592] [stop_probe]: Accepted new action goal
[       OK ] OwnedController.ExpiredLeaseCannotBeRevivedByLateHeartbeat (925 ms)
[ RUN      ] OwnedController.ExplicitRevocationStopsBeforeLeaseTimeout
[WARN] [1790569299.306482391] [stop_probe]: [Deprecated]: "allow_nonzero_velocity_at_trajectory_end" is set to true. The default behavior will change to false.
[INFO] [1790569299.306530658] [stop_probe]: No specific joint names are used for command interfaces. Using 'joints' parameter.
[INFO] [1790569299.306536404] [stop_probe]: Command interfaces are [position] and state interfaces are [position velocity].
[INFO] [1790569299.306540996] [stop_probe]: Using 'splines' interpolation method.
[INFO] [1790569299.306591167] [stop_probe]: Controller state will be published at 50.00 Hz.
[INFO] [1790569299.307036688] [stop_probe]: Action status changes will be monitored at 20.00 Hz.
[INFO] [1790569299.461875922] [stop_probe]: Received new action goal
[INFO] [1790569299.461937404] [stop_probe]: Accepted new action goal
[       OK ] OwnedController.ExplicitRevocationStopsBeforeLeaseTimeout (467 ms)
[ RUN      ] OwnedController.HeartbeatCallbacksRaceRealtimeExpiryWithoutRevival
[WARN] [1790569299.773253806] [stop_probe]: [Deprecated]: "allow_nonzero_velocity_at_trajectory_end" is set to true. The default behavior will change to false.
[INFO] [1790569299.773295755] [stop_probe]: No specific joint names are used for command interfaces. Using 'joints' parameter.
[INFO] [1790569299.773300830] [stop_probe]: Command interfaces are [position] and state interfaces are [position velocity].
[INFO] [1790569299.773305405] [stop_probe]: Using 'splines' interpolation method.
[INFO] [1790569299.773354221] [stop_probe]: Controller state will be published at 50.00 Hz.
[INFO] [1790569299.773809373] [stop_probe]: Action status changes will be monitored at 20.00 Hz.
[INFO] [1790569299.928859454] [stop_probe]: Received new action goal
[INFO] [1790569299.928914182] [stop_probe]: Accepted new action goal
[       OK ] OwnedController.HeartbeatCallbacksRaceRealtimeExpiryWithoutRevival (1172 ms)
[----------] 4 tests from OwnedController (3795 ms total)

[----------] Global test environment tear-down
[==========] 4 tests from 1 test suite ran. (3799 ms total)
[  PASSED  ] 4 tests.

Repeating all tests (iteration 24) . . .

Note: Google Test filter = *LostOwner*:*ExpiredLease*:*ExplicitRevocation*:*HeartbeatCallbacksRace*
[==========] Running 4 tests from 1 test suite.
[----------] Global test environment set-up.
[----------] 4 tests from OwnedController
[ RUN      ] OwnedController.LostOwnerAbortsAndHoldsInsteadOfCompletingOldTrajectory
[WARN] [1790569300.946261059] [stop_probe]: [Deprecated]: "allow_nonzero_velocity_at_trajectory_end" is set to true. The default behavior will change to false.
[INFO] [1790569300.946303829] [stop_probe]: No specific joint names are used for command interfaces. Using 'joints' parameter.
[INFO] [1790569300.946309769] [stop_probe]: Command interfaces are [position] and state interfaces are [position velocity].
[INFO] [1790569300.946314531] [stop_probe]: Using 'splines' interpolation method.
[INFO] [1790569300.946365808] [stop_probe]: Controller state will be published at 50.00 Hz.
[INFO] [1790569300.946840123] [stop_probe]: Action status changes will be monitored at 20.00 Hz.
[INFO] [1790569301.101246631] [stop_probe]: Received new action goal
[INFO] [1790569301.101291172] [stop_probe]: Accepted new action goal
[       OK ] OwnedController.LostOwnerAbortsAndHoldsInsteadOfCompletingOldTrajectory (1249 ms)
[ RUN      ] OwnedController.ExpiredLeaseCannotBeRevivedByLateHeartbeat
[WARN] [1790569302.196656760] [stop_probe]: [Deprecated]: "allow_nonzero_velocity_at_trajectory_end" is set to true. The default behavior will change to false.
[INFO] [1790569302.196747383] [stop_probe]: No specific joint names are used for command interfaces. Using 'joints' parameter.
[INFO] [1790569302.196757078] [stop_probe]: Command interfaces are [position] and state interfaces are [position velocity].
[INFO] [1790569302.196764220] [stop_probe]: Using 'splines' interpolation method.
[INFO] [1790569302.196886384] [stop_probe]: Controller state will be published at 50.00 Hz.
[INFO] [1790569302.197487811] [stop_probe]: Action status changes will be monitored at 20.00 Hz.
[INFO] [1790569302.353927124] [stop_probe]: Received new action goal
[INFO] [1790569302.353982258] [stop_probe]: Accepted new action goal
[       OK ] OwnedController.ExpiredLeaseCannotBeRevivedByLateHeartbeat (930 ms)
[ RUN      ] OwnedController.ExplicitRevocationStopsBeforeLeaseTimeout
[WARN] [1790569303.124554509] [stop_probe]: [Deprecated]: "allow_nonzero_velocity_at_trajectory_end" is set to true. The default behavior will change to false.
[INFO] [1790569303.124599887] [stop_probe]: No specific joint names are used for command interfaces. Using 'joints' parameter.
[INFO] [1790569303.124605688] [stop_probe]: Command interfaces are [position] and state interfaces are [position velocity].
[INFO] [1790569303.124610550] [stop_probe]: Using 'splines' interpolation method.
[INFO] [1790569303.124674731] [stop_probe]: Controller state will be published at 50.00 Hz.
[INFO] [1790569303.125215484] [stop_probe]: Action status changes will be monitored at 20.00 Hz.
[INFO] [1790569303.280693533] [stop_probe]: Received new action goal
[INFO] [1790569303.280749656] [stop_probe]: Accepted new action goal
[       OK ] OwnedController.ExplicitRevocationStopsBeforeLeaseTimeout (468 ms)
[ RUN      ] OwnedController.HeartbeatCallbacksRaceRealtimeExpiryWithoutRevival
[WARN] [1790569303.594380854] [stop_probe]: [Deprecated]: "allow_nonzero_velocity_at_trajectory_end" is set to true. The default behavior will change to false.
[INFO] [1790569303.594478326] [stop_probe]: No specific joint names are used for command interfaces. Using 'joints' parameter.
[INFO] [1790569303.594493043] [stop_probe]: Command interfaces are [position] and state interfaces are [position velocity].
[INFO] [1790569303.594504696] [stop_probe]: Using 'splines' interpolation method.
[INFO] [1790569303.594654151] [stop_probe]: Controller state will be published at 50.00 Hz.
[INFO] [1790569303.595367253] [stop_probe]: Action status changes will be monitored at 20.00 Hz.
[INFO] [1790569303.751957027] [stop_probe]: Received new action goal
[INFO] [1790569303.752010918] [stop_probe]: Accepted new action goal
[       OK ] OwnedController.HeartbeatCallbacksRaceRealtimeExpiryWithoutRevival (1175 ms)
[----------] 4 tests from OwnedController (3822 ms total)

[----------] Global test environment tear-down
[==========] 4 tests from 1 test suite ran. (3822 ms total)
[  PASSED  ] 4 tests.

Repeating all tests (iteration 25) . . .

Note: Google Test filter = *LostOwner*:*ExpiredLease*:*ExplicitRevocation*:*HeartbeatCallbacksRace*
[==========] Running 4 tests from 1 test suite.
[----------] Global test environment set-up.
[----------] 4 tests from OwnedController
[ RUN      ] OwnedController.LostOwnerAbortsAndHoldsInsteadOfCompletingOldTrajectory
[WARN] [1790569304.769742779] [stop_probe]: [Deprecated]: "allow_nonzero_velocity_at_trajectory_end" is set to true. The default behavior will change to false.
[INFO] [1790569304.769791877] [stop_probe]: No specific joint names are used for command interfaces. Using 'joints' parameter.
[INFO] [1790569304.769798900] [stop_probe]: Command interfaces are [position] and state interfaces are [position velocity].
[INFO] [1790569304.769804546] [stop_probe]: Using 'splines' interpolation method.
[INFO] [1790569304.769866085] [stop_probe]: Controller state will be published at 50.00 Hz.
[INFO] [1790569304.770436942] [stop_probe]: Action status changes will be monitored at 20.00 Hz.
[INFO] [1790569304.926194985] [stop_probe]: Received new action goal
[INFO] [1790569304.926238653] [stop_probe]: Accepted new action goal
[       OK ] OwnedController.LostOwnerAbortsAndHoldsInsteadOfCompletingOldTrajectory (1232 ms)
[ RUN      ] OwnedController.ExpiredLeaseCannotBeRevivedByLateHeartbeat
[WARN] [1790569306.001266240] [stop_probe]: [Deprecated]: "allow_nonzero_velocity_at_trajectory_end" is set to true. The default behavior will change to false.
[INFO] [1790569306.001319133] [stop_probe]: No specific joint names are used for command interfaces. Using 'joints' parameter.
[INFO] [1790569306.001324907] [stop_probe]: Command interfaces are [position] and state interfaces are [position velocity].
[INFO] [1790569306.001329595] [stop_probe]: Using 'splines' interpolation method.
[INFO] [1790569306.001380906] [stop_probe]: Controller state will be published at 50.00 Hz.
[INFO] [1790569306.001988161] [stop_probe]: Action status changes will be monitored at 20.00 Hz.
[INFO] [1790569306.159299590] [stop_probe]: Received new action goal
[INFO] [1790569306.159338658] [stop_probe]: Accepted new action goal
[       OK ] OwnedController.ExpiredLeaseCannotBeRevivedByLateHeartbeat (930 ms)
[ RUN      ] OwnedController.ExplicitRevocationStopsBeforeLeaseTimeout
[WARN] [1790569306.931536012] [stop_probe]: [Deprecated]: "allow_nonzero_velocity_at_trajectory_end" is set to true. The default behavior will change to false.
[INFO] [1790569306.931584956] [stop_probe]: No specific joint names are used for command interfaces. Using 'joints' parameter.
[INFO] [1790569306.931590666] [stop_probe]: Command interfaces are [position] and state interfaces are [position velocity].
[INFO] [1790569306.931595894] [stop_probe]: Using 'splines' interpolation method.
[INFO] [1790569306.931658167] [stop_probe]: Controller state will be published at 50.00 Hz.
[INFO] [1790569306.932170246] [stop_probe]: Action status changes will be monitored at 20.00 Hz.
[INFO] [1790569307.086844104] [stop_probe]: Received new action goal
[INFO] [1790569307.086895567] [stop_probe]: Accepted new action goal
[       OK ] OwnedController.ExplicitRevocationStopsBeforeLeaseTimeout (468 ms)
[ RUN      ] OwnedController.HeartbeatCallbacksRaceRealtimeExpiryWithoutRevival
[WARN] [1790569307.401149608] [stop_probe]: [Deprecated]: "allow_nonzero_velocity_at_trajectory_end" is set to true. The default behavior will change to false.
[INFO] [1790569307.401227479] [stop_probe]: No specific joint names are used for command interfaces. Using 'joints' parameter.
[INFO] [1790569307.401242897] [stop_probe]: Command interfaces are [position] and state interfaces are [position velocity].
[INFO] [1790569307.401254034] [stop_probe]: Using 'splines' interpolation method.
[INFO] [1790569307.401346815] [stop_probe]: Controller state will be published at 50.00 Hz.
[INFO] [1790569307.401953108] [stop_probe]: Action status changes will be monitored at 20.00 Hz.
[INFO] [1790569307.558563035] [stop_probe]: Received new action goal
[INFO] [1790569307.558614971] [stop_probe]: Accepted new action goal
[       OK ] OwnedController.HeartbeatCallbacksRaceRealtimeExpiryWithoutRevival (1176 ms)
[----------] 4 tests from OwnedController (3806 ms total)

[----------] Global test environment tear-down
[==========] 4 tests from 1 test suite ran. (3807 ms total)
[  PASSED  ] 4 tests.
