Running main() from /opt/ros/humble/src/gtest_vendor/src/gtest_main.cc

Repeating all tests (iteration 1) . . .

Note: Google Test filter = *LostOwner*:*ExpiredLease*:*ExplicitRevocation*:*HeartbeatCallbacksRace*
[==========] Running 4 tests from 1 test suite.
[----------] Global test environment set-up.
[----------] 4 tests from OwnedController
[ RUN      ] OwnedController.LostOwnerAbortsAndHoldsInsteadOfCompletingOldTrajectory
[WARN] [1790569520.423620161] [stop_probe]: [Deprecated]: "allow_nonzero_velocity_at_trajectory_end" is set to true. The default behavior will change to false.
[INFO] [1790569520.423710728] [stop_probe]: No specific joint names are used for command interfaces. Using 'joints' parameter.
[INFO] [1790569520.423717963] [stop_probe]: Command interfaces are [position] and state interfaces are [position velocity].
[INFO] [1790569520.423727480] [stop_probe]: Using 'splines' interpolation method.
[INFO] [1790569520.424357997] [stop_probe]: Controller state will be published at 50.00 Hz.
[INFO] [1790569520.425655957] [stop_probe]: Action status changes will be monitored at 20.00 Hz.
[INFO] [1790569520.585394091] [stop_probe]: Received new action goal
[INFO] [1790569520.585455343] [stop_probe]: Accepted new action goal
[       OK ] OwnedController.LostOwnerAbortsAndHoldsInsteadOfCompletingOldTrajectory (1240 ms)
[ RUN      ] OwnedController.ExpiredLeaseCannotBeRevivedByLateHeartbeat
[WARN] [1790569521.661000464] [stop_probe]: [Deprecated]: "allow_nonzero_velocity_at_trajectory_end" is set to true. The default behavior will change to false.
[INFO] [1790569521.661041240] [stop_probe]: No specific joint names are used for command interfaces. Using 'joints' parameter.
[INFO] [1790569521.661046624] [stop_probe]: Command interfaces are [position] and state interfaces are [position velocity].
[INFO] [1790569521.661051179] [stop_probe]: Using 'splines' interpolation method.
[INFO] [1790569521.661095418] [stop_probe]: Controller state will be published at 50.00 Hz.
[INFO] [1790569521.661518761] [stop_probe]: Action status changes will be monitored at 20.00 Hz.
[INFO] [1790569521.817508839] [stop_probe]: Received new action goal
[INFO] [1790569521.817568421] [stop_probe]: Accepted new action goal
[       OK ] OwnedController.ExpiredLeaseCannotBeRevivedByLateHeartbeat (928 ms)
[ RUN      ] OwnedController.ExplicitRevocationStopsBeforeLeaseTimeout
[WARN] [1790569522.589402316] [stop_probe]: [Deprecated]: "allow_nonzero_velocity_at_trajectory_end" is set to true. The default behavior will change to false.
[INFO] [1790569522.589465554] [stop_probe]: No specific joint names are used for command interfaces. Using 'joints' parameter.
[INFO] [1790569522.589479092] [stop_probe]: Command interfaces are [position] and state interfaces are [position velocity].
[INFO] [1790569522.589489506] [stop_probe]: Using 'splines' interpolation method.
[INFO] [1790569522.589576793] [stop_probe]: Controller state will be published at 50.00 Hz.
[INFO] [1790569522.590158837] [stop_probe]: Action status changes will be monitored at 20.00 Hz.
[INFO] [1790569522.745327266] [stop_probe]: Received new action goal
[INFO] [1790569522.745391042] [stop_probe]: Accepted new action goal
[       OK ] OwnedController.ExplicitRevocationStopsBeforeLeaseTimeout (469 ms)
[ RUN      ] OwnedController.HeartbeatCallbacksRaceRealtimeExpiryWithoutRevival
[WARN] [1790569523.056629621] [stop_probe]: [Deprecated]: "allow_nonzero_velocity_at_trajectory_end" is set to true. The default behavior will change to false.
[INFO] [1790569523.056717450] [stop_probe]: No specific joint names are used for command interfaces. Using 'joints' parameter.
[INFO] [1790569523.056729290] [stop_probe]: Command interfaces are [position] and state interfaces are [position velocity].
[INFO] [1790569523.056737574] [stop_probe]: Using 'splines' interpolation method.
[INFO] [1790569523.056845112] [stop_probe]: Controller state will be published at 50.00 Hz.
[INFO] [1790569523.057510158] [stop_probe]: Action status changes will be monitored at 20.00 Hz.
[INFO] [1790569523.214088224] [stop_probe]: Received new action goal
[INFO] [1790569523.214154122] [stop_probe]: Accepted new action goal
[       OK ] OwnedController.HeartbeatCallbacksRaceRealtimeExpiryWithoutRevival (1175 ms)
[----------] 4 tests from OwnedController (3812 ms total)

[----------] Global test environment tear-down
[==========] 4 tests from 1 test suite ran. (3816 ms total)
[  PASSED  ] 4 tests.

Repeating all tests (iteration 2) . . .

Note: Google Test filter = *LostOwner*:*ExpiredLease*:*ExplicitRevocation*:*HeartbeatCallbacksRace*
[==========] Running 4 tests from 1 test suite.
[----------] Global test environment set-up.
[----------] 4 tests from OwnedController
[ RUN      ] OwnedController.LostOwnerAbortsAndHoldsInsteadOfCompletingOldTrajectory
[WARN] [1790569524.246189796] [stop_probe]: [Deprecated]: "allow_nonzero_velocity_at_trajectory_end" is set to true. The default behavior will change to false.
[INFO] [1790569524.246291369] [stop_probe]: No specific joint names are used for command interfaces. Using 'joints' parameter.
[INFO] [1790569524.246299781] [stop_probe]: Command interfaces are [position] and state interfaces are [position velocity].
[INFO] [1790569524.246305378] [stop_probe]: Using 'splines' interpolation method.
[INFO] [1790569524.246407536] [stop_probe]: Controller state will be published at 50.00 Hz.
[INFO] [1790569524.246872669] [stop_probe]: Action status changes will be monitored at 20.00 Hz.
[INFO] [1790569524.401658407] [stop_probe]: Received new action goal
[INFO] [1790569524.401699269] [stop_probe]: Accepted new action goal
[       OK ] OwnedController.LostOwnerAbortsAndHoldsInsteadOfCompletingOldTrajectory (1231 ms)
[ RUN      ] OwnedController.ExpiredLeaseCannotBeRevivedByLateHeartbeat
[WARN] [1790569525.478617795] [stop_probe]: [Deprecated]: "allow_nonzero_velocity_at_trajectory_end" is set to true. The default behavior will change to false.
[INFO] [1790569525.478699799] [stop_probe]: No specific joint names are used for command interfaces. Using 'joints' parameter.
[INFO] [1790569525.478713876] [stop_probe]: Command interfaces are [position] and state interfaces are [position velocity].
[INFO] [1790569525.478724440] [stop_probe]: Using 'splines' interpolation method.
[INFO] [1790569525.478832231] [stop_probe]: Controller state will be published at 50.00 Hz.
[INFO] [1790569525.479424810] [stop_probe]: Action status changes will be monitored at 20.00 Hz.
[INFO] [1790569525.636237066] [stop_probe]: Received new action goal
[INFO] [1790569525.636294781] [stop_probe]: Accepted new action goal
[       OK ] OwnedController.ExpiredLeaseCannotBeRevivedByLateHeartbeat (928 ms)
[ RUN      ] OwnedController.ExplicitRevocationStopsBeforeLeaseTimeout
[WARN] [1790569526.404954427] [stop_probe]: [Deprecated]: "allow_nonzero_velocity_at_trajectory_end" is set to true. The default behavior will change to false.
[INFO] [1790569526.404996181] [stop_probe]: No specific joint names are used for command interfaces. Using 'joints' parameter.
[INFO] [1790569526.405001668] [stop_probe]: Command interfaces are [position] and state interfaces are [position velocity].
[INFO] [1790569526.405006176] [stop_probe]: Using 'splines' interpolation method.
[INFO] [1790569526.405053044] [stop_probe]: Controller state will be published at 50.00 Hz.
[INFO] [1790569526.405505036] [stop_probe]: Action status changes will be monitored at 20.00 Hz.
[INFO] [1790569526.559645944] [stop_probe]: Received new action goal
[INFO] [1790569526.559686218] [stop_probe]: Accepted new action goal
[       OK ] OwnedController.ExplicitRevocationStopsBeforeLeaseTimeout (466 ms)
[ RUN      ] OwnedController.HeartbeatCallbacksRaceRealtimeExpiryWithoutRevival
[WARN] [1790569526.871194354] [stop_probe]: [Deprecated]: "allow_nonzero_velocity_at_trajectory_end" is set to true. The default behavior will change to false.
[INFO] [1790569526.871263140] [stop_probe]: No specific joint names are used for command interfaces. Using 'joints' parameter.
[INFO] [1790569526.871277937] [stop_probe]: Command interfaces are [position] and state interfaces are [position velocity].
[INFO] [1790569526.871288606] [stop_probe]: Using 'splines' interpolation method.
[INFO] [1790569526.871400623] [stop_probe]: Controller state will be published at 50.00 Hz.
[INFO] [1790569526.872002555] [stop_probe]: Action status changes will be monitored at 20.00 Hz.
[INFO] [1790569527.028369905] [stop_probe]: Received new action goal
[INFO] [1790569527.028437105] [stop_probe]: Accepted new action goal
[       OK ] OwnedController.HeartbeatCallbacksRaceRealtimeExpiryWithoutRevival (1174 ms)
[----------] 4 tests from OwnedController (3799 ms total)

[----------] Global test environment tear-down
[==========] 4 tests from 1 test suite ran. (3813 ms total)
[  PASSED  ] 4 tests.

Repeating all tests (iteration 3) . . .

Note: Google Test filter = *LostOwner*:*ExpiredLease*:*ExplicitRevocation*:*HeartbeatCallbacksRace*
[==========] Running 4 tests from 1 test suite.
[----------] Global test environment set-up.
[----------] 4 tests from OwnedController
[ RUN      ] OwnedController.LostOwnerAbortsAndHoldsInsteadOfCompletingOldTrajectory
[WARN] [1790569528.045991241] [stop_probe]: [Deprecated]: "allow_nonzero_velocity_at_trajectory_end" is set to true. The default behavior will change to false.
[INFO] [1790569528.046046996] [stop_probe]: No specific joint names are used for command interfaces. Using 'joints' parameter.
[INFO] [1790569528.046052888] [stop_probe]: Command interfaces are [position] and state interfaces are [position velocity].
[INFO] [1790569528.046057877] [stop_probe]: Using 'splines' interpolation method.
[INFO] [1790569528.046115107] [stop_probe]: Controller state will be published at 50.00 Hz.
[INFO] [1790569528.046591747] [stop_probe]: Action status changes will be monitored at 20.00 Hz.
[INFO] [1790569528.201159623] [stop_probe]: Received new action goal
[INFO] [1790569528.201209694] [stop_probe]: Accepted new action goal
[       OK ] OwnedController.LostOwnerAbortsAndHoldsInsteadOfCompletingOldTrajectory (1230 ms)
[ RUN      ] OwnedController.ExpiredLeaseCannotBeRevivedByLateHeartbeat
[WARN] [1790569529.276175720] [stop_probe]: [Deprecated]: "allow_nonzero_velocity_at_trajectory_end" is set to true. The default behavior will change to false.
[INFO] [1790569529.276226449] [stop_probe]: No specific joint names are used for command interfaces. Using 'joints' parameter.
[INFO] [1790569529.276232812] [stop_probe]: Command interfaces are [position] and state interfaces are [position velocity].
[INFO] [1790569529.276237469] [stop_probe]: Using 'splines' interpolation method.
[INFO] [1790569529.276286139] [stop_probe]: Controller state will be published at 50.00 Hz.
[INFO] [1790569529.276718425] [stop_probe]: Action status changes will be monitored at 20.00 Hz.
[INFO] [1790569529.432247051] [stop_probe]: Received new action goal
[INFO] [1790569529.432291507] [stop_probe]: Accepted new action goal
[       OK ] OwnedController.ExpiredLeaseCannotBeRevivedByLateHeartbeat (926 ms)
[ RUN      ] OwnedController.ExplicitRevocationStopsBeforeLeaseTimeout
[WARN] [1790569530.202825411] [stop_probe]: [Deprecated]: "allow_nonzero_velocity_at_trajectory_end" is set to true. The default behavior will change to false.
[INFO] [1790569530.202901759] [stop_probe]: No specific joint names are used for command interfaces. Using 'joints' parameter.
[INFO] [1790569530.202915930] [stop_probe]: Command interfaces are [position] and state interfaces are [position velocity].
[INFO] [1790569530.202927042] [stop_probe]: Using 'splines' interpolation method.
[INFO] [1790569530.203046864] [stop_probe]: Controller state will be published at 50.00 Hz.
[INFO] [1790569530.203591102] [stop_probe]: Action status changes will be monitored at 20.00 Hz.
[INFO] [1790569530.358287338] [stop_probe]: Received new action goal
[INFO] [1790569530.358337853] [stop_probe]: Accepted new action goal
[       OK ] OwnedController.ExplicitRevocationStopsBeforeLeaseTimeout (468 ms)
[ RUN      ] OwnedController.HeartbeatCallbacksRaceRealtimeExpiryWithoutRevival
[WARN] [1790569530.670092126] [stop_probe]: [Deprecated]: "allow_nonzero_velocity_at_trajectory_end" is set to true. The default behavior will change to false.
[INFO] [1790569530.670140932] [stop_probe]: No specific joint names are used for command interfaces. Using 'joints' parameter.
[INFO] [1790569530.670148587] [stop_probe]: Command interfaces are [position] and state interfaces are [position velocity].
[INFO] [1790569530.670153865] [stop_probe]: Using 'splines' interpolation method.
[INFO] [1790569530.670211719] [stop_probe]: Controller state will be published at 50.00 Hz.
[INFO] [1790569530.670746397] [stop_probe]: Action status changes will be monitored at 20.00 Hz.
[INFO] [1790569530.826002878] [stop_probe]: Received new action goal
[INFO] [1790569530.826038985] [stop_probe]: Accepted new action goal
[       OK ] OwnedController.HeartbeatCallbacksRaceRealtimeExpiryWithoutRevival (1172 ms)
[----------] 4 tests from OwnedController (3796 ms total)

[----------] Global test environment tear-down
[==========] 4 tests from 1 test suite ran. (3797 ms total)
[  PASSED  ] 4 tests.

Repeating all tests (iteration 4) . . .

Note: Google Test filter = *LostOwner*:*ExpiredLease*:*ExplicitRevocation*:*HeartbeatCallbacksRace*
[==========] Running 4 tests from 1 test suite.
[----------] Global test environment set-up.
[----------] 4 tests from OwnedController
[ RUN      ] OwnedController.LostOwnerAbortsAndHoldsInsteadOfCompletingOldTrajectory
[WARN] [1790569531.843343025] [stop_probe]: [Deprecated]: "allow_nonzero_velocity_at_trajectory_end" is set to true. The default behavior will change to false.
[INFO] [1790569531.843400936] [stop_probe]: No specific joint names are used for command interfaces. Using 'joints' parameter.
[INFO] [1790569531.843406899] [stop_probe]: Command interfaces are [position] and state interfaces are [position velocity].
[INFO] [1790569531.843411802] [stop_probe]: Using 'splines' interpolation method.
[INFO] [1790569531.843486797] [stop_probe]: Controller state will be published at 50.00 Hz.
[INFO] [1790569531.843962447] [stop_probe]: Action status changes will be monitored at 20.00 Hz.
[INFO] [1790569531.998493292] [stop_probe]: Received new action goal
[INFO] [1790569531.998532401] [stop_probe]: Accepted new action goal
[       OK ] OwnedController.LostOwnerAbortsAndHoldsInsteadOfCompletingOldTrajectory (1231 ms)
[ RUN      ] OwnedController.ExpiredLeaseCannotBeRevivedByLateHeartbeat
[WARN] [1790569533.074969999] [stop_probe]: [Deprecated]: "allow_nonzero_velocity_at_trajectory_end" is set to true. The default behavior will change to false.
[INFO] [1790569533.075060006] [stop_probe]: No specific joint names are used for command interfaces. Using 'joints' parameter.
[INFO] [1790569533.075075485] [stop_probe]: Command interfaces are [position] and state interfaces are [position velocity].
[INFO] [1790569533.075105448] [stop_probe]: Using 'splines' interpolation method.
[INFO] [1790569533.075201576] [stop_probe]: Controller state will be published at 50.00 Hz.
[INFO] [1790569533.075707763] [stop_probe]: Action status changes will be monitored at 20.00 Hz.
[INFO] [1790569533.230558288] [stop_probe]: Received new action goal
[INFO] [1790569533.230615901] [stop_probe]: Accepted new action goal
[       OK ] OwnedController.ExpiredLeaseCannotBeRevivedByLateHeartbeat (926 ms)
[ RUN      ] OwnedController.ExplicitRevocationStopsBeforeLeaseTimeout
[WARN] [1790569534.001252954] [stop_probe]: [Deprecated]: "allow_nonzero_velocity_at_trajectory_end" is set to true. The default behavior will change to false.
[INFO] [1790569534.001328335] [stop_probe]: No specific joint names are used for command interfaces. Using 'joints' parameter.
[INFO] [1790569534.001343710] [stop_probe]: Command interfaces are [position] and state interfaces are [position velocity].
[INFO] [1790569534.001355092] [stop_probe]: Using 'splines' interpolation method.
[INFO] [1790569534.001446488] [stop_probe]: Controller state will be published at 50.00 Hz.
[INFO] [1790569534.002091168] [stop_probe]: Action status changes will be monitored at 20.00 Hz.
[INFO] [1790569534.158421886] [stop_probe]: Received new action goal
[INFO] [1790569534.158464434] [stop_probe]: Accepted new action goal
[       OK ] OwnedController.ExplicitRevocationStopsBeforeLeaseTimeout (470 ms)
[ RUN      ] OwnedController.HeartbeatCallbacksRaceRealtimeExpiryWithoutRevival
[WARN] [1790569534.471476919] [stop_probe]: [Deprecated]: "allow_nonzero_velocity_at_trajectory_end" is set to true. The default behavior will change to false.
[INFO] [1790569534.471543722] [stop_probe]: No specific joint names are used for command interfaces. Using 'joints' parameter.
[INFO] [1790569534.471558034] [stop_probe]: Command interfaces are [position] and state interfaces are [position velocity].
[INFO] [1790569534.471568492] [stop_probe]: Using 'splines' interpolation method.
[INFO] [1790569534.471666937] [stop_probe]: Controller state will be published at 50.00 Hz.
[INFO] [1790569534.472224404] [stop_probe]: Action status changes will be monitored at 20.00 Hz.
[INFO] [1790569534.627353312] [stop_probe]: Received new action goal
[INFO] [1790569534.627406190] [stop_probe]: Accepted new action goal
[       OK ] OwnedController.HeartbeatCallbacksRaceRealtimeExpiryWithoutRevival (1174 ms)
[----------] 4 tests from OwnedController (3801 ms total)

[----------] Global test environment tear-down
[==========] 4 tests from 1 test suite ran. (3802 ms total)
[  PASSED  ] 4 tests.

Repeating all tests (iteration 5) . . .

Note: Google Test filter = *LostOwner*:*ExpiredLease*:*ExplicitRevocation*:*HeartbeatCallbacksRace*
[==========] Running 4 tests from 1 test suite.
[----------] Global test environment set-up.
[----------] 4 tests from OwnedController
[ RUN      ] OwnedController.LostOwnerAbortsAndHoldsInsteadOfCompletingOldTrajectory
[WARN] [1790569535.646195659] [stop_probe]: [Deprecated]: "allow_nonzero_velocity_at_trajectory_end" is set to true. The default behavior will change to false.
[INFO] [1790569535.646299553] [stop_probe]: No specific joint names are used for command interfaces. Using 'joints' parameter.
[INFO] [1790569535.646316780] [stop_probe]: Command interfaces are [position] and state interfaces are [position velocity].
[INFO] [1790569535.646328208] [stop_probe]: Using 'splines' interpolation method.
[INFO] [1790569535.646454420] [stop_probe]: Controller state will be published at 50.00 Hz.
[INFO] [1790569535.647119759] [stop_probe]: Action status changes will be monitored at 20.00 Hz.
[INFO] [1790569535.803736114] [stop_probe]: Received new action goal
[INFO] [1790569535.803779534] [stop_probe]: Accepted new action goal
[       OK ] OwnedController.LostOwnerAbortsAndHoldsInsteadOfCompletingOldTrajectory (1233 ms)
[ RUN      ] OwnedController.ExpiredLeaseCannotBeRevivedByLateHeartbeat
[WARN] [1790569536.880099659] [stop_probe]: [Deprecated]: "allow_nonzero_velocity_at_trajectory_end" is set to true. The default behavior will change to false.
[INFO] [1790569536.880152223] [stop_probe]: No specific joint names are used for command interfaces. Using 'joints' parameter.
[INFO] [1790569536.880157933] [stop_probe]: Command interfaces are [position] and state interfaces are [position velocity].
[INFO] [1790569536.880162517] [stop_probe]: Using 'splines' interpolation method.
[INFO] [1790569536.880237566] [stop_probe]: Controller state will be published at 50.00 Hz.
[INFO] [1790569536.880738622] [stop_probe]: Action status changes will be monitored at 20.00 Hz.
[INFO] [1790569537.035370112] [stop_probe]: Received new action goal
[INFO] [1790569537.035421816] [stop_probe]: Accepted new action goal
[       OK ] OwnedController.ExpiredLeaseCannotBeRevivedByLateHeartbeat (927 ms)
[ RUN      ] OwnedController.ExplicitRevocationStopsBeforeLeaseTimeout
[WARN] [1790569537.806761906] [stop_probe]: [Deprecated]: "allow_nonzero_velocity_at_trajectory_end" is set to true. The default behavior will change to false.
[INFO] [1790569537.806810271] [stop_probe]: No specific joint names are used for command interfaces. Using 'joints' parameter.
[INFO] [1790569537.806815775] [stop_probe]: Command interfaces are [position] and state interfaces are [position velocity].
[INFO] [1790569537.806820708] [stop_probe]: Using 'splines' interpolation method.
[INFO] [1790569537.806893473] [stop_probe]: Controller state will be published at 50.00 Hz.
[INFO] [1790569537.807360547] [stop_probe]: Action status changes will be monitored at 20.00 Hz.
[INFO] [1790569537.961666212] [stop_probe]: Received new action goal
[INFO] [1790569537.961719588] [stop_probe]: Accepted new action goal
[       OK ] OwnedController.ExplicitRevocationStopsBeforeLeaseTimeout (468 ms)
[ RUN      ] OwnedController.HeartbeatCallbacksRaceRealtimeExpiryWithoutRevival
[WARN] [1790569538.273098444] [stop_probe]: [Deprecated]: "allow_nonzero_velocity_at_trajectory_end" is set to true. The default behavior will change to false.
[INFO] [1790569538.273154098] [stop_probe]: No specific joint names are used for command interfaces. Using 'joints' parameter.
[INFO] [1790569538.273160461] [stop_probe]: Command interfaces are [position] and state interfaces are [position velocity].
[INFO] [1790569538.273165246] [stop_probe]: Using 'splines' interpolation method.
[INFO] [1790569538.273223107] [stop_probe]: Controller state will be published at 50.00 Hz.
[INFO] [1790569538.273676715] [stop_probe]: Action status changes will be monitored at 20.00 Hz.
[INFO] [1790569538.428526062] [stop_probe]: Received new action goal
[INFO] [1790569538.428582775] [stop_probe]: Accepted new action goal
[       OK ] OwnedController.HeartbeatCallbacksRaceRealtimeExpiryWithoutRevival (1172 ms)
[----------] 4 tests from OwnedController (3800 ms total)

[----------] Global test environment tear-down
[==========] 4 tests from 1 test suite ran. (3801 ms total)
[  PASSED  ] 4 tests.

Repeating all tests (iteration 6) . . .

Note: Google Test filter = *LostOwner*:*ExpiredLease*:*ExplicitRevocation*:*HeartbeatCallbacksRace*
[==========] Running 4 tests from 1 test suite.
[----------] Global test environment set-up.
[----------] 4 tests from OwnedController
[ RUN      ] OwnedController.LostOwnerAbortsAndHoldsInsteadOfCompletingOldTrajectory
[WARN] [1790569539.459955088] [stop_probe]: [Deprecated]: "allow_nonzero_velocity_at_trajectory_end" is set to true. The default behavior will change to false.
[INFO] [1790569539.460008016] [stop_probe]: No specific joint names are used for command interfaces. Using 'joints' parameter.
[INFO] [1790569539.460014162] [stop_probe]: Command interfaces are [position] and state interfaces are [position velocity].
[INFO] [1790569539.460018784] [stop_probe]: Using 'splines' interpolation method.
[INFO] [1790569539.460099054] [stop_probe]: Controller state will be published at 50.00 Hz.
[INFO] [1790569539.460650984] [stop_probe]: Action status changes will be monitored at 20.00 Hz.
[INFO] [1790569539.615280000] [stop_probe]: Received new action goal
[INFO] [1790569539.615320075] [stop_probe]: Accepted new action goal
[       OK ] OwnedController.LostOwnerAbortsAndHoldsInsteadOfCompletingOldTrajectory (1231 ms)
[ RUN      ] OwnedController.ExpiredLeaseCannotBeRevivedByLateHeartbeat
[WARN] [1790569540.691276963] [stop_probe]: [Deprecated]: "allow_nonzero_velocity_at_trajectory_end" is set to true. The default behavior will change to false.
[INFO] [1790569540.691343856] [stop_probe]: No specific joint names are used for command interfaces. Using 'joints' parameter.
[INFO] [1790569540.691357775] [stop_probe]: Command interfaces are [position] and state interfaces are [position velocity].
[INFO] [1790569540.691368180] [stop_probe]: Using 'splines' interpolation method.
[INFO] [1790569540.691456575] [stop_probe]: Controller state will be published at 50.00 Hz.
[INFO] [1790569540.692042227] [stop_probe]: Action status changes will be monitored at 20.00 Hz.
[INFO] [1790569540.848639362] [stop_probe]: Received new action goal
[INFO] [1790569540.848702022] [stop_probe]: Accepted new action goal
[       OK ] OwnedController.ExpiredLeaseCannotBeRevivedByLateHeartbeat (926 ms)
[ RUN      ] OwnedController.ExplicitRevocationStopsBeforeLeaseTimeout
[WARN] [1790569541.618814830] [stop_probe]: [Deprecated]: "allow_nonzero_velocity_at_trajectory_end" is set to true. The default behavior will change to false.
[INFO] [1790569541.618897048] [stop_probe]: No specific joint names are used for command interfaces. Using 'joints' parameter.
[INFO] [1790569541.618921979] [stop_probe]: Command interfaces are [position] and state interfaces are [position velocity].
[INFO] [1790569541.618933374] [stop_probe]: Using 'splines' interpolation method.
[INFO] [1790569541.619037473] [stop_probe]: Controller state will be published at 50.00 Hz.
[INFO] [1790569541.619711859] [stop_probe]: Action status changes will be monitored at 20.00 Hz.
[INFO] [1790569541.776136667] [stop_probe]: Received new action goal
[INFO] [1790569541.776182519] [stop_probe]: Accepted new action goal
[       OK ] OwnedController.ExplicitRevocationStopsBeforeLeaseTimeout (470 ms)
[ RUN      ] OwnedController.HeartbeatCallbacksRaceRealtimeExpiryWithoutRevival
[WARN] [1790569542.087155093] [stop_probe]: [Deprecated]: "allow_nonzero_velocity_at_trajectory_end" is set to true. The default behavior will change to false.
[INFO] [1790569542.087211757] [stop_probe]: No specific joint names are used for command interfaces. Using 'joints' parameter.
[INFO] [1790569542.087229060] [stop_probe]: Command interfaces are [position] and state interfaces are [position velocity].
[INFO] [1790569542.087233926] [stop_probe]: Using 'splines' interpolation method.
[INFO] [1790569542.087299099] [stop_probe]: Controller state will be published at 50.00 Hz.
[INFO] [1790569542.087788963] [stop_probe]: Action status changes will be monitored at 20.00 Hz.
[INFO] [1790569542.242222878] [stop_probe]: Received new action goal
[INFO] [1790569542.242268526] [stop_probe]: Accepted new action goal
[       OK ] OwnedController.HeartbeatCallbacksRaceRealtimeExpiryWithoutRevival (1172 ms)
[----------] 4 tests from OwnedController (3800 ms total)

[----------] Global test environment tear-down
[==========] 4 tests from 1 test suite ran. (3814 ms total)
[  PASSED  ] 4 tests.

Repeating all tests (iteration 7) . . .

Note: Google Test filter = *LostOwner*:*ExpiredLease*:*ExplicitRevocation*:*HeartbeatCallbacksRace*
[==========] Running 4 tests from 1 test suite.
[----------] Global test environment set-up.
[----------] 4 tests from OwnedController
[ RUN      ] OwnedController.LostOwnerAbortsAndHoldsInsteadOfCompletingOldTrajectory
[WARN] [1790569543.272822904] [stop_probe]: [Deprecated]: "allow_nonzero_velocity_at_trajectory_end" is set to true. The default behavior will change to false.
[INFO] [1790569543.272867295] [stop_probe]: No specific joint names are used for command interfaces. Using 'joints' parameter.
[INFO] [1790569543.272873039] [stop_probe]: Command interfaces are [position] and state interfaces are [position velocity].
[INFO] [1790569543.272877389] [stop_probe]: Using 'splines' interpolation method.
[INFO] [1790569543.272924329] [stop_probe]: Controller state will be published at 50.00 Hz.
[INFO] [1790569543.273394419] [stop_probe]: Action status changes will be monitored at 20.00 Hz.
[INFO] [1790569543.428132421] [stop_probe]: Received new action goal
[INFO] [1790569543.428192958] [stop_probe]: Accepted new action goal
[       OK ] OwnedController.LostOwnerAbortsAndHoldsInsteadOfCompletingOldTrajectory (1230 ms)
[ RUN      ] OwnedController.ExpiredLeaseCannotBeRevivedByLateHeartbeat
[WARN] [1790569544.503318787] [stop_probe]: [Deprecated]: "allow_nonzero_velocity_at_trajectory_end" is set to true. The default behavior will change to false.
[INFO] [1790569544.503376979] [stop_probe]: No specific joint names are used for command interfaces. Using 'joints' parameter.
[INFO] [1790569544.503383059] [stop_probe]: Command interfaces are [position] and state interfaces are [position velocity].
[INFO] [1790569544.503388404] [stop_probe]: Using 'splines' interpolation method.
[INFO] [1790569544.503452405] [stop_probe]: Controller state will be published at 50.00 Hz.
[INFO] [1790569544.504000150] [stop_probe]: Action status changes will be monitored at 20.00 Hz.
[INFO] [1790569544.659203313] [stop_probe]: Received new action goal
[INFO] [1790569544.659282697] [stop_probe]: Accepted new action goal
[       OK ] OwnedController.ExpiredLeaseCannotBeRevivedByLateHeartbeat (924 ms)
[ RUN      ] OwnedController.ExplicitRevocationStopsBeforeLeaseTimeout
[WARN] [1790569545.426870970] [stop_probe]: [Deprecated]: "allow_nonzero_velocity_at_trajectory_end" is set to true. The default behavior will change to false.
[INFO] [1790569545.426948822] [stop_probe]: No specific joint names are used for command interfaces. Using 'joints' parameter.
[INFO] [1790569545.426956856] [stop_probe]: Command interfaces are [position] and state interfaces are [position velocity].
[INFO] [1790569545.426963194] [stop_probe]: Using 'splines' interpolation method.
[INFO] [1790569545.427055056] [stop_probe]: Controller state will be published at 50.00 Hz.
[INFO] [1790569545.427524534] [stop_probe]: Action status changes will be monitored at 20.00 Hz.
[INFO] [1790569545.582852604] [stop_probe]: Received new action goal
[INFO] [1790569545.582928952] [stop_probe]: Accepted new action goal
[       OK ] OwnedController.ExplicitRevocationStopsBeforeLeaseTimeout (469 ms)
[ RUN      ] OwnedController.HeartbeatCallbacksRaceRealtimeExpiryWithoutRevival
[WARN] [1790569545.897271166] [stop_probe]: [Deprecated]: "allow_nonzero_velocity_at_trajectory_end" is set to true. The default behavior will change to false.
[INFO] [1790569545.897346739] [stop_probe]: No specific joint names are used for command interfaces. Using 'joints' parameter.
[INFO] [1790569545.897361594] [stop_probe]: Command interfaces are [position] and state interfaces are [position velocity].
[INFO] [1790569545.897372542] [stop_probe]: Using 'splines' interpolation method.
[INFO] [1790569545.897489810] [stop_probe]: Controller state will be published at 50.00 Hz.
[INFO] [1790569545.898111811] [stop_probe]: Action status changes will be monitored at 20.00 Hz.
[INFO] [1790569546.054455532] [stop_probe]: Received new action goal
[INFO] [1790569546.054518572] [stop_probe]: Accepted new action goal
[       OK ] OwnedController.HeartbeatCallbacksRaceRealtimeExpiryWithoutRevival (1175 ms)
[----------] 4 tests from OwnedController (3798 ms total)

[----------] Global test environment tear-down
[==========] 4 tests from 1 test suite ran. (3813 ms total)
[  PASSED  ] 4 tests.

Repeating all tests (iteration 8) . . .

Note: Google Test filter = *LostOwner*:*ExpiredLease*:*ExplicitRevocation*:*HeartbeatCallbacksRace*
[==========] Running 4 tests from 1 test suite.
[----------] Global test environment set-up.
[----------] 4 tests from OwnedController
[ RUN      ] OwnedController.LostOwnerAbortsAndHoldsInsteadOfCompletingOldTrajectory
[WARN] [1790569547.071935375] [stop_probe]: [Deprecated]: "allow_nonzero_velocity_at_trajectory_end" is set to true. The default behavior will change to false.
[INFO] [1790569547.071992638] [stop_probe]: No specific joint names are used for command interfaces. Using 'joints' parameter.
[INFO] [1790569547.071999908] [stop_probe]: Command interfaces are [position] and state interfaces are [position velocity].
[INFO] [1790569547.072005015] [stop_probe]: Using 'splines' interpolation method.
[INFO] [1790569547.072080334] [stop_probe]: Controller state will be published at 50.00 Hz.
[INFO] [1790569547.072627430] [stop_probe]: Action status changes will be monitored at 20.00 Hz.
[INFO] [1790569547.229321372] [stop_probe]: Received new action goal
[INFO] [1790569547.229361995] [stop_probe]: Accepted new action goal
[       OK ] OwnedController.LostOwnerAbortsAndHoldsInsteadOfCompletingOldTrajectory (1231 ms)
[ RUN      ] OwnedController.ExpiredLeaseCannotBeRevivedByLateHeartbeat
[WARN] [1790569548.304635541] [stop_probe]: [Deprecated]: "allow_nonzero_velocity_at_trajectory_end" is set to true. The default behavior will change to false.
[INFO] [1790569548.304720375] [stop_probe]: No specific joint names are used for command interfaces. Using 'joints' parameter.
[INFO] [1790569548.304734603] [stop_probe]: Command interfaces are [position] and state interfaces are [position velocity].
[INFO] [1790569548.304745628] [stop_probe]: Using 'splines' interpolation method.
[INFO] [1790569548.304862108] [stop_probe]: Controller state will be published at 50.00 Hz.
[INFO] [1790569548.305540057] [stop_probe]: Action status changes will be monitored at 20.00 Hz.
[INFO] [1790569548.462453043] [stop_probe]: Received new action goal
[INFO] [1790569548.462507807] [stop_probe]: Accepted new action goal
[       OK ] OwnedController.ExpiredLeaseCannotBeRevivedByLateHeartbeat (930 ms)
[ RUN      ] OwnedController.ExplicitRevocationStopsBeforeLeaseTimeout
[WARN] [1790569549.235029711] [stop_probe]: [Deprecated]: "allow_nonzero_velocity_at_trajectory_end" is set to true. The default behavior will change to false.
[INFO] [1790569549.235109077] [stop_probe]: No specific joint names are used for command interfaces. Using 'joints' parameter.
[INFO] [1790569549.235123042] [stop_probe]: Command interfaces are [position] and state interfaces are [position velocity].
[INFO] [1790569549.235133772] [stop_probe]: Using 'splines' interpolation method.
[INFO] [1790569549.235243677] [stop_probe]: Controller state will be published at 50.00 Hz.
[INFO] [1790569549.235876878] [stop_probe]: Action status changes will be monitored at 20.00 Hz.
[INFO] [1790569549.392548524] [stop_probe]: Received new action goal
[INFO] [1790569549.392621752] [stop_probe]: Accepted new action goal
[       OK ] OwnedController.ExplicitRevocationStopsBeforeLeaseTimeout (471 ms)
[ RUN      ] OwnedController.HeartbeatCallbacksRaceRealtimeExpiryWithoutRevival
[WARN] [1790569549.703947746] [stop_probe]: [Deprecated]: "allow_nonzero_velocity_at_trajectory_end" is set to true. The default behavior will change to false.
[INFO] [1790569549.703992755] [stop_probe]: No specific joint names are used for command interfaces. Using 'joints' parameter.
[INFO] [1790569549.703998363] [stop_probe]: Command interfaces are [position] and state interfaces are [position velocity].
[INFO] [1790569549.704003173] [stop_probe]: Using 'splines' interpolation method.
[INFO] [1790569549.704054445] [stop_probe]: Controller state will be published at 50.00 Hz.
[INFO] [1790569549.704511847] [stop_probe]: Action status changes will be monitored at 20.00 Hz.
[INFO] [1790569549.860231170] [stop_probe]: Received new action goal
[INFO] [1790569549.860277903] [stop_probe]: Accepted new action goal
[       OK ] OwnedController.HeartbeatCallbacksRaceRealtimeExpiryWithoutRevival (1172 ms)
[----------] 4 tests from OwnedController (3804 ms total)

[----------] Global test environment tear-down
[==========] 4 tests from 1 test suite ran. (3804 ms total)
[  PASSED  ] 4 tests.

Repeating all tests (iteration 9) . . .

Note: Google Test filter = *LostOwner*:*ExpiredLease*:*ExplicitRevocation*:*HeartbeatCallbacksRace*
[==========] Running 4 tests from 1 test suite.
[----------] Global test environment set-up.
[----------] 4 tests from OwnedController
[ RUN      ] OwnedController.LostOwnerAbortsAndHoldsInsteadOfCompletingOldTrajectory
[WARN] [1790569550.877515162] [stop_probe]: [Deprecated]: "allow_nonzero_velocity_at_trajectory_end" is set to true. The default behavior will change to false.
[INFO] [1790569550.877573329] [stop_probe]: No specific joint names are used for command interfaces. Using 'joints' parameter.
[INFO] [1790569550.877579279] [stop_probe]: Command interfaces are [position] and state interfaces are [position velocity].
[INFO] [1790569550.877584332] [stop_probe]: Using 'splines' interpolation method.
[INFO] [1790569550.877643835] [stop_probe]: Controller state will be published at 50.00 Hz.
[INFO] [1790569550.878101664] [stop_probe]: Action status changes will be monitored at 20.00 Hz.
[INFO] [1790569551.032208816] [stop_probe]: Received new action goal
[INFO] [1790569551.032273374] [stop_probe]: Accepted new action goal
[       OK ] OwnedController.LostOwnerAbortsAndHoldsInsteadOfCompletingOldTrajectory (1230 ms)
[ RUN      ] OwnedController.ExpiredLeaseCannotBeRevivedByLateHeartbeat
[WARN] [1790569552.107334704] [stop_probe]: [Deprecated]: "allow_nonzero_velocity_at_trajectory_end" is set to true. The default behavior will change to false.
[INFO] [1790569552.107392964] [stop_probe]: No specific joint names are used for command interfaces. Using 'joints' parameter.
[INFO] [1790569552.107407121] [stop_probe]: Command interfaces are [position] and state interfaces are [position velocity].
[INFO] [1790569552.107412135] [stop_probe]: Using 'splines' interpolation method.
[INFO] [1790569552.107468378] [stop_probe]: Controller state will be published at 50.00 Hz.
[INFO] [1790569552.107984228] [stop_probe]: Action status changes will be monitored at 20.00 Hz.
[INFO] [1790569552.264905827] [stop_probe]: Received new action goal
[INFO] [1790569552.264952343] [stop_probe]: Accepted new action goal
[       OK ] OwnedController.ExpiredLeaseCannotBeRevivedByLateHeartbeat (927 ms)
[ RUN      ] OwnedController.ExplicitRevocationStopsBeforeLeaseTimeout
[WARN] [1790569553.034693461] [stop_probe]: [Deprecated]: "allow_nonzero_velocity_at_trajectory_end" is set to true. The default behavior will change to false.
[INFO] [1790569553.034771426] [stop_probe]: No specific joint names are used for command interfaces. Using 'joints' parameter.
[INFO] [1790569553.034782212] [stop_probe]: Command interfaces are [position] and state interfaces are [position velocity].
[INFO] [1790569553.034789501] [stop_probe]: Using 'splines' interpolation method.
[INFO] [1790569553.034888541] [stop_probe]: Controller state will be published at 50.00 Hz.
[INFO] [1790569553.035387924] [stop_probe]: Action status changes will be monitored at 20.00 Hz.
[INFO] [1790569553.189995890] [stop_probe]: Received new action goal
[INFO] [1790569553.190037107] [stop_probe]: Accepted new action goal
[       OK ] OwnedController.ExplicitRevocationStopsBeforeLeaseTimeout (468 ms)
[ RUN      ] OwnedController.HeartbeatCallbacksRaceRealtimeExpiryWithoutRevival
[WARN] [1790569553.503694965] [stop_probe]: [Deprecated]: "allow_nonzero_velocity_at_trajectory_end" is set to true. The default behavior will change to false.
[INFO] [1790569553.503766253] [stop_probe]: No specific joint names are used for command interfaces. Using 'joints' parameter.
[INFO] [1790569553.503780100] [stop_probe]: Command interfaces are [position] and state interfaces are [position velocity].
[INFO] [1790569553.503790374] [stop_probe]: Using 'splines' interpolation method.
[INFO] [1790569553.503888270] [stop_probe]: Controller state will be published at 50.00 Hz.
[INFO] [1790569553.504558195] [stop_probe]: Action status changes will be monitored at 20.00 Hz.
[INFO] [1790569553.661397098] [stop_probe]: Received new action goal
[INFO] [1790569553.661444262] [stop_probe]: Accepted new action goal
[       OK ] OwnedController.HeartbeatCallbacksRaceRealtimeExpiryWithoutRevival (1175 ms)
[----------] 4 tests from OwnedController (3800 ms total)

[----------] Global test environment tear-down
[==========] 4 tests from 1 test suite ran. (3801 ms total)
[  PASSED  ] 4 tests.

Repeating all tests (iteration 10) . . .

Note: Google Test filter = *LostOwner*:*ExpiredLease*:*ExplicitRevocation*:*HeartbeatCallbacksRace*
[==========] Running 4 tests from 1 test suite.
[----------] Global test environment set-up.
[----------] 4 tests from OwnedController
[ RUN      ] OwnedController.LostOwnerAbortsAndHoldsInsteadOfCompletingOldTrajectory
[WARN] [1790569554.691414196] [stop_probe]: [Deprecated]: "allow_nonzero_velocity_at_trajectory_end" is set to true. The default behavior will change to false.
[INFO] [1790569554.691469824] [stop_probe]: No specific joint names are used for command interfaces. Using 'joints' parameter.
[INFO] [1790569554.691476227] [stop_probe]: Command interfaces are [position] and state interfaces are [position velocity].
[INFO] [1790569554.691481218] [stop_probe]: Using 'splines' interpolation method.
[INFO] [1790569554.691544455] [stop_probe]: Controller state will be published at 50.00 Hz.
[INFO] [1790569554.692000933] [stop_probe]: Action status changes will be monitored at 20.00 Hz.
[INFO] [1790569554.846355203] [stop_probe]: Received new action goal
[INFO] [1790569554.846406536] [stop_probe]: Accepted new action goal
[       OK ] OwnedController.LostOwnerAbortsAndHoldsInsteadOfCompletingOldTrajectory (1230 ms)
[ RUN      ] OwnedController.ExpiredLeaseCannotBeRevivedByLateHeartbeat
[WARN] [1790569555.921305985] [stop_probe]: [Deprecated]: "allow_nonzero_velocity_at_trajectory_end" is set to true. The default behavior will change to false.
[INFO] [1790569555.921349317] [stop_probe]: No specific joint names are used for command interfaces. Using 'joints' parameter.
[INFO] [1790569555.921354767] [stop_probe]: Command interfaces are [position] and state interfaces are [position velocity].
[INFO] [1790569555.921361347] [stop_probe]: Using 'splines' interpolation method.
[INFO] [1790569555.921410525] [stop_probe]: Controller state will be published at 50.00 Hz.
[INFO] [1790569555.921859566] [stop_probe]: Action status changes will be monitored at 20.00 Hz.
[INFO] [1790569556.076250800] [stop_probe]: Received new action goal
[INFO] [1790569556.076311622] [stop_probe]: Accepted new action goal
[       OK ] OwnedController.ExpiredLeaseCannotBeRevivedByLateHeartbeat (925 ms)
[ RUN      ] OwnedController.ExplicitRevocationStopsBeforeLeaseTimeout
[WARN] [1790569556.846155280] [stop_probe]: [Deprecated]: "allow_nonzero_velocity_at_trajectory_end" is set to true. The default behavior will change to false.
[INFO] [1790569556.846199448] [stop_probe]: No specific joint names are used for command interfaces. Using 'joints' parameter.
[INFO] [1790569556.846205273] [stop_probe]: Command interfaces are [position] and state interfaces are [position velocity].
[INFO] [1790569556.846210201] [stop_probe]: Using 'splines' interpolation method.
[INFO] [1790569556.846262095] [stop_probe]: Controller state will be published at 50.00 Hz.
[INFO] [1790569556.846703174] [stop_probe]: Action status changes will be monitored at 20.00 Hz.
[INFO] [1790569557.001705553] [stop_probe]: Received new action goal
[INFO] [1790569557.001760621] [stop_probe]: Accepted new action goal
[       OK ] OwnedController.ExplicitRevocationStopsBeforeLeaseTimeout (468 ms)
[ RUN      ] OwnedController.HeartbeatCallbacksRaceRealtimeExpiryWithoutRevival
[WARN] [1790569557.315304017] [stop_probe]: [Deprecated]: "allow_nonzero_velocity_at_trajectory_end" is set to true. The default behavior will change to false.
[INFO] [1790569557.315359490] [stop_probe]: No specific joint names are used for command interfaces. Using 'joints' parameter.
[INFO] [1790569557.315366909] [stop_probe]: Command interfaces are [position] and state interfaces are [position velocity].
[INFO] [1790569557.315372478] [stop_probe]: Using 'splines' interpolation method.
[INFO] [1790569557.315436167] [stop_probe]: Controller state will be published at 50.00 Hz.
[INFO] [1790569557.315921295] [stop_probe]: Action status changes will be monitored at 20.00 Hz.
[INFO] [1790569557.471791919] [stop_probe]: Received new action goal
[INFO] [1790569557.471824904] [stop_probe]: Accepted new action goal
[       OK ] OwnedController.HeartbeatCallbacksRaceRealtimeExpiryWithoutRevival (1174 ms)
[----------] 4 tests from OwnedController (3798 ms total)

[----------] Global test environment tear-down
[==========] 4 tests from 1 test suite ran. (3812 ms total)
[  PASSED  ] 4 tests.

Repeating all tests (iteration 11) . . .

Note: Google Test filter = *LostOwner*:*ExpiredLease*:*ExplicitRevocation*:*HeartbeatCallbacksRace*
[==========] Running 4 tests from 1 test suite.
[----------] Global test environment set-up.
[----------] 4 tests from OwnedController
[ RUN      ] OwnedController.LostOwnerAbortsAndHoldsInsteadOfCompletingOldTrajectory
[WARN] [1790569558.490535172] [stop_probe]: [Deprecated]: "allow_nonzero_velocity_at_trajectory_end" is set to true. The default behavior will change to false.
[INFO] [1790569558.490626480] [stop_probe]: No specific joint names are used for command interfaces. Using 'joints' parameter.
[INFO] [1790569558.490643965] [stop_probe]: Command interfaces are [position] and state interfaces are [position velocity].
[INFO] [1790569558.490656346] [stop_probe]: Using 'splines' interpolation method.
[INFO] [1790569558.490768553] [stop_probe]: Controller state will be published at 50.00 Hz.
[INFO] [1790569558.491544402] [stop_probe]: Action status changes will be monitored at 20.00 Hz.
[INFO] [1790569558.646932078] [stop_probe]: Received new action goal
[INFO] [1790569558.646968777] [stop_probe]: Accepted new action goal
[       OK ] OwnedController.LostOwnerAbortsAndHoldsInsteadOfCompletingOldTrajectory (1233 ms)
[ RUN      ] OwnedController.ExpiredLeaseCannotBeRevivedByLateHeartbeat
[WARN] [1790569559.723114703] [stop_probe]: [Deprecated]: "allow_nonzero_velocity_at_trajectory_end" is set to true. The default behavior will change to false.
[INFO] [1790569559.723178845] [stop_probe]: No specific joint names are used for command interfaces. Using 'joints' parameter.
[INFO] [1790569559.723192571] [stop_probe]: Command interfaces are [position] and state interfaces are [position velocity].
[INFO] [1790569559.723203070] [stop_probe]: Using 'splines' interpolation method.
[INFO] [1790569559.723295970] [stop_probe]: Controller state will be published at 50.00 Hz.
[INFO] [1790569559.723886562] [stop_probe]: Action status changes will be monitored at 20.00 Hz.
[INFO] [1790569559.878932085] [stop_probe]: Received new action goal
[INFO] [1790569559.878970962] [stop_probe]: Accepted new action goal
[       OK ] OwnedController.ExpiredLeaseCannotBeRevivedByLateHeartbeat (927 ms)
[ RUN      ] OwnedController.ExplicitRevocationStopsBeforeLeaseTimeout
[WARN] [1790569560.649611853] [stop_probe]: [Deprecated]: "allow_nonzero_velocity_at_trajectory_end" is set to true. The default behavior will change to false.
[INFO] [1790569560.649666642] [stop_probe]: No specific joint names are used for command interfaces. Using 'joints' parameter.
[INFO] [1790569560.649672832] [stop_probe]: Command interfaces are [position] and state interfaces are [position velocity].
[INFO] [1790569560.649677802] [stop_probe]: Using 'splines' interpolation method.
[INFO] [1790569560.649740467] [stop_probe]: Controller state will be published at 50.00 Hz.
[INFO] [1790569560.650282143] [stop_probe]: Action status changes will be monitored at 20.00 Hz.
[INFO] [1790569560.805290687] [stop_probe]: Received new action goal
[INFO] [1790569560.805343302] [stop_probe]: Accepted new action goal
[       OK ] OwnedController.ExplicitRevocationStopsBeforeLeaseTimeout (468 ms)
[ RUN      ] OwnedController.HeartbeatCallbacksRaceRealtimeExpiryWithoutRevival
[WARN] [1790569561.117503287] [stop_probe]: [Deprecated]: "allow_nonzero_velocity_at_trajectory_end" is set to true. The default behavior will change to false.
[INFO] [1790569561.117555170] [stop_probe]: No specific joint names are used for command interfaces. Using 'joints' parameter.
[INFO] [1790569561.117563146] [stop_probe]: Command interfaces are [position] and state interfaces are [position velocity].
[INFO] [1790569561.117569541] [stop_probe]: Using 'splines' interpolation method.
[INFO] [1790569561.117627800] [stop_probe]: Controller state will be published at 50.00 Hz.
[INFO] [1790569561.118070475] [stop_probe]: Action status changes will be monitored at 20.00 Hz.
[INFO] [1790569561.272621438] [stop_probe]: Received new action goal
[INFO] [1790569561.272663858] [stop_probe]: Accepted new action goal
[       OK ] OwnedController.HeartbeatCallbacksRaceRealtimeExpiryWithoutRevival (1172 ms)
[----------] 4 tests from OwnedController (3800 ms total)

[----------] Global test environment tear-down
[==========] 4 tests from 1 test suite ran. (3800 ms total)
[  PASSED  ] 4 tests.

Repeating all tests (iteration 12) . . .

Note: Google Test filter = *LostOwner*:*ExpiredLease*:*ExplicitRevocation*:*HeartbeatCallbacksRace*
[==========] Running 4 tests from 1 test suite.
[----------] Global test environment set-up.
[----------] 4 tests from OwnedController
[ RUN      ] OwnedController.LostOwnerAbortsAndHoldsInsteadOfCompletingOldTrajectory
[WARN] [1790569562.303899920] [stop_probe]: [Deprecated]: "allow_nonzero_velocity_at_trajectory_end" is set to true. The default behavior will change to false.
[INFO] [1790569562.303950630] [stop_probe]: No specific joint names are used for command interfaces. Using 'joints' parameter.
[INFO] [1790569562.303956445] [stop_probe]: Command interfaces are [position] and state interfaces are [position velocity].
[INFO] [1790569562.303967986] [stop_probe]: Using 'splines' interpolation method.
[INFO] [1790569562.304023984] [stop_probe]: Controller state will be published at 50.00 Hz.
[INFO] [1790569562.304430056] [stop_probe]: Action status changes will be monitored at 20.00 Hz.
[INFO] [1790569562.458862745] [stop_probe]: Received new action goal
[INFO] [1790569562.458920267] [stop_probe]: Accepted new action goal
[       OK ] OwnedController.LostOwnerAbortsAndHoldsInsteadOfCompletingOldTrajectory (1230 ms)
[ RUN      ] OwnedController.ExpiredLeaseCannotBeRevivedByLateHeartbeat
[WARN] [1790569563.536100650] [stop_probe]: [Deprecated]: "allow_nonzero_velocity_at_trajectory_end" is set to true. The default behavior will change to false.
[INFO] [1790569563.536181882] [stop_probe]: No specific joint names are used for command interfaces. Using 'joints' parameter.
[INFO] [1790569563.536197642] [stop_probe]: Command interfaces are [position] and state interfaces are [position velocity].
[INFO] [1790569563.536209681] [stop_probe]: Using 'splines' interpolation method.
[INFO] [1790569563.536337875] [stop_probe]: Controller state will be published at 50.00 Hz.
[INFO] [1790569563.537006521] [stop_probe]: Action status changes will be monitored at 20.00 Hz.
[INFO] [1790569563.692317118] [stop_probe]: Received new action goal
[INFO] [1790569563.692387818] [stop_probe]: Accepted new action goal
[       OK ] OwnedController.ExpiredLeaseCannotBeRevivedByLateHeartbeat (929 ms)
[ RUN      ] OwnedController.ExplicitRevocationStopsBeforeLeaseTimeout
[WARN] [1790569564.464410769] [stop_probe]: [Deprecated]: "allow_nonzero_velocity_at_trajectory_end" is set to true. The default behavior will change to false.
[INFO] [1790569564.464464188] [stop_probe]: No specific joint names are used for command interfaces. Using 'joints' parameter.
[INFO] [1790569564.464469967] [stop_probe]: Command interfaces are [position] and state interfaces are [position velocity].
[INFO] [1790569564.464475051] [stop_probe]: Using 'splines' interpolation method.
[INFO] [1790569564.464524223] [stop_probe]: Controller state will be published at 50.00 Hz.
[INFO] [1790569564.464968762] [stop_probe]: Action status changes will be monitored at 20.00 Hz.
[INFO] [1790569564.621492566] [stop_probe]: Received new action goal
[INFO] [1790569564.621546508] [stop_probe]: Accepted new action goal
[       OK ] OwnedController.ExplicitRevocationStopsBeforeLeaseTimeout (471 ms)
[ RUN      ] OwnedController.HeartbeatCallbacksRaceRealtimeExpiryWithoutRevival
[WARN] [1790569564.935430579] [stop_probe]: [Deprecated]: "allow_nonzero_velocity_at_trajectory_end" is set to true. The default behavior will change to false.
[INFO] [1790569564.935506324] [stop_probe]: No specific joint names are used for command interfaces. Using 'joints' parameter.
[INFO] [1790569564.935520322] [stop_probe]: Command interfaces are [position] and state interfaces are [position velocity].
[INFO] [1790569564.935530973] [stop_probe]: Using 'splines' interpolation method.
[INFO] [1790569564.935628407] [stop_probe]: Controller state will be published at 50.00 Hz.
[INFO] [1790569564.936224251] [stop_probe]: Action status changes will be monitored at 20.00 Hz.
[INFO] [1790569565.091000460] [stop_probe]: Received new action goal
[INFO] [1790569565.091035311] [stop_probe]: Accepted new action goal
[       OK ] OwnedController.HeartbeatCallbacksRaceRealtimeExpiryWithoutRevival (1173 ms)
[----------] 4 tests from OwnedController (3803 ms total)

[----------] Global test environment tear-down
[==========] 4 tests from 1 test suite ran. (3817 ms total)
[  PASSED  ] 4 tests.

Repeating all tests (iteration 13) . . .

Note: Google Test filter = *LostOwner*:*ExpiredLease*:*ExplicitRevocation*:*HeartbeatCallbacksRace*
[==========] Running 4 tests from 1 test suite.
[----------] Global test environment set-up.
[----------] 4 tests from OwnedController
[ RUN      ] OwnedController.LostOwnerAbortsAndHoldsInsteadOfCompletingOldTrajectory
[WARN] [1790569566.122817737] [stop_probe]: [Deprecated]: "allow_nonzero_velocity_at_trajectory_end" is set to true. The default behavior will change to false.
[INFO] [1790569566.122909163] [stop_probe]: No specific joint names are used for command interfaces. Using 'joints' parameter.
[INFO] [1790569566.122922560] [stop_probe]: Command interfaces are [position] and state interfaces are [position velocity].
[INFO] [1790569566.122933397] [stop_probe]: Using 'splines' interpolation method.
[INFO] [1790569566.123030451] [stop_probe]: Controller state will be published at 50.00 Hz.
[INFO] [1790569566.123658018] [stop_probe]: Action status changes will be monitored at 20.00 Hz.
[INFO] [1790569566.279043332] [stop_probe]: Received new action goal
[INFO] [1790569566.279099489] [stop_probe]: Accepted new action goal
[       OK ] OwnedController.LostOwnerAbortsAndHoldsInsteadOfCompletingOldTrajectory (1231 ms)
[ RUN      ] OwnedController.ExpiredLeaseCannotBeRevivedByLateHeartbeat
[WARN] [1790569567.353785527] [stop_probe]: [Deprecated]: "allow_nonzero_velocity_at_trajectory_end" is set to true. The default behavior will change to false.
[INFO] [1790569567.353833513] [stop_probe]: No specific joint names are used for command interfaces. Using 'joints' parameter.
[INFO] [1790569567.353839001] [stop_probe]: Command interfaces are [position] and state interfaces are [position velocity].
[INFO] [1790569567.353843833] [stop_probe]: Using 'splines' interpolation method.
[INFO] [1790569567.353904133] [stop_probe]: Controller state will be published at 50.00 Hz.
[INFO] [1790569567.354384564] [stop_probe]: Action status changes will be monitored at 20.00 Hz.
[INFO] [1790569567.509556785] [stop_probe]: Received new action goal
[INFO] [1790569567.509612897] [stop_probe]: Accepted new action goal
[       OK ] OwnedController.ExpiredLeaseCannotBeRevivedByLateHeartbeat (927 ms)
[ RUN      ] OwnedController.ExplicitRevocationStopsBeforeLeaseTimeout
[WARN] [1790569568.279479860] [stop_probe]: [Deprecated]: "allow_nonzero_velocity_at_trajectory_end" is set to true. The default behavior will change to false.
[INFO] [1790569568.279522413] [stop_probe]: No specific joint names are used for command interfaces. Using 'joints' parameter.
[INFO] [1790569568.279527815] [stop_probe]: Command interfaces are [position] and state interfaces are [position velocity].
[INFO] [1790569568.279532413] [stop_probe]: Using 'splines' interpolation method.
[INFO] [1790569568.279575767] [stop_probe]: Controller state will be published at 50.00 Hz.
[INFO] [1790569568.280001511] [stop_probe]: Action status changes will be monitored at 20.00 Hz.
[INFO] [1790569568.434560107] [stop_probe]: Received new action goal
[INFO] [1790569568.434611292] [stop_probe]: Accepted new action goal
[       OK ] OwnedController.ExplicitRevocationStopsBeforeLeaseTimeout (466 ms)
[ RUN      ] OwnedController.HeartbeatCallbacksRaceRealtimeExpiryWithoutRevival
[WARN] [1790569568.746819738] [stop_probe]: [Deprecated]: "allow_nonzero_velocity_at_trajectory_end" is set to true. The default behavior will change to false.
[INFO] [1790569568.746861938] [stop_probe]: No specific joint names are used for command interfaces. Using 'joints' parameter.
[INFO] [1790569568.746867555] [stop_probe]: Command interfaces are [position] and state interfaces are [position velocity].
[INFO] [1790569568.746872258] [stop_probe]: Using 'splines' interpolation method.
[INFO] [1790569568.746918790] [stop_probe]: Controller state will be published at 50.00 Hz.
[INFO] [1790569568.747374085] [stop_probe]: Action status changes will be monitored at 20.00 Hz.
[INFO] [1790569568.901745996] [stop_probe]: Received new action goal
[INFO] [1790569568.901795274] [stop_probe]: Accepted new action goal
[       OK ] OwnedController.HeartbeatCallbacksRaceRealtimeExpiryWithoutRevival (1172 ms)
[----------] 4 tests from OwnedController (3796 ms total)

[----------] Global test environment tear-down
[==========] 4 tests from 1 test suite ran. (3810 ms total)
[  PASSED  ] 4 tests.

Repeating all tests (iteration 14) . . .

Note: Google Test filter = *LostOwner*:*ExpiredLease*:*ExplicitRevocation*:*HeartbeatCallbacksRace*
[==========] Running 4 tests from 1 test suite.
[----------] Global test environment set-up.
[----------] 4 tests from OwnedController
[ RUN      ] OwnedController.LostOwnerAbortsAndHoldsInsteadOfCompletingOldTrajectory
[WARN] [1790569569.919193520] [stop_probe]: [Deprecated]: "allow_nonzero_velocity_at_trajectory_end" is set to true. The default behavior will change to false.
[INFO] [1790569569.919253452] [stop_probe]: No specific joint names are used for command interfaces. Using 'joints' parameter.
[INFO] [1790569569.919260330] [stop_probe]: Command interfaces are [position] and state interfaces are [position velocity].
[INFO] [1790569569.919265268] [stop_probe]: Using 'splines' interpolation method.
[INFO] [1790569569.919318576] [stop_probe]: Controller state will be published at 50.00 Hz.
[INFO] [1790569569.919803997] [stop_probe]: Action status changes will be monitored at 20.00 Hz.
[INFO] [1790569570.074670204] [stop_probe]: Received new action goal
[INFO] [1790569570.074728007] [stop_probe]: Accepted new action goal
[       OK ] OwnedController.LostOwnerAbortsAndHoldsInsteadOfCompletingOldTrajectory (1231 ms)
[ RUN      ] OwnedController.ExpiredLeaseCannotBeRevivedByLateHeartbeat
[WARN] [1790569571.152060803] [stop_probe]: [Deprecated]: "allow_nonzero_velocity_at_trajectory_end" is set to true. The default behavior will change to false.
[INFO] [1790569571.152122387] [stop_probe]: No specific joint names are used for command interfaces. Using 'joints' parameter.
[INFO] [1790569571.152128512] [stop_probe]: Command interfaces are [position] and state interfaces are [position velocity].
[INFO] [1790569571.152133303] [stop_probe]: Using 'splines' interpolation method.
[INFO] [1790569571.152236387] [stop_probe]: Controller state will be published at 50.00 Hz.
[INFO] [1790569571.152716936] [stop_probe]: Action status changes will be monitored at 20.00 Hz.
[INFO] [1790569571.307513808] [stop_probe]: Received new action goal
[INFO] [1790569571.307571378] [stop_probe]: Accepted new action goal
[       OK ] OwnedController.ExpiredLeaseCannotBeRevivedByLateHeartbeat (926 ms)
[ RUN      ] OwnedController.ExplicitRevocationStopsBeforeLeaseTimeout
[WARN] [1790569572.078915677] [stop_probe]: [Deprecated]: "allow_nonzero_velocity_at_trajectory_end" is set to true. The default behavior will change to false.
[INFO] [1790569572.078992860] [stop_probe]: No specific joint names are used for command interfaces. Using 'joints' parameter.
[INFO] [1790569572.079006879] [stop_probe]: Command interfaces are [position] and state interfaces are [position velocity].
[INFO] [1790569572.079017682] [stop_probe]: Using 'splines' interpolation method.
[INFO] [1790569572.079108470] [stop_probe]: Controller state will be published at 50.00 Hz.
[INFO] [1790569572.079694771] [stop_probe]: Action status changes will be monitored at 20.00 Hz.
[INFO] [1790569572.234826390] [stop_probe]: Received new action goal
[INFO] [1790569572.234882978] [stop_probe]: Accepted new action goal
[       OK ] OwnedController.ExplicitRevocationStopsBeforeLeaseTimeout (470 ms)
[ RUN      ] OwnedController.HeartbeatCallbacksRaceRealtimeExpiryWithoutRevival
[WARN] [1790569572.548813165] [stop_probe]: [Deprecated]: "allow_nonzero_velocity_at_trajectory_end" is set to true. The default behavior will change to false.
[INFO] [1790569572.548878761] [stop_probe]: No specific joint names are used for command interfaces. Using 'joints' parameter.
[INFO] [1790569572.548892200] [stop_probe]: Command interfaces are [position] and state interfaces are [position velocity].
[INFO] [1790569572.548902786] [stop_probe]: Using 'splines' interpolation method.
[INFO] [1790569572.548992937] [stop_probe]: Controller state will be published at 50.00 Hz.
[INFO] [1790569572.549555679] [stop_probe]: Action status changes will be monitored at 20.00 Hz.
[INFO] [1790569572.705723566] [stop_probe]: Received new action goal
[INFO] [1790569572.705776114] [stop_probe]: Accepted new action goal
[       OK ] OwnedController.HeartbeatCallbacksRaceRealtimeExpiryWithoutRevival (1176 ms)
[----------] 4 tests from OwnedController (3804 ms total)

[----------] Global test environment tear-down
[==========] 4 tests from 1 test suite ran. (3805 ms total)
[  PASSED  ] 4 tests.

Repeating all tests (iteration 15) . . .

Note: Google Test filter = *LostOwner*:*ExpiredLease*:*ExplicitRevocation*:*HeartbeatCallbacksRace*
[==========] Running 4 tests from 1 test suite.
[----------] Global test environment set-up.
[----------] 4 tests from OwnedController
[ RUN      ] OwnedController.LostOwnerAbortsAndHoldsInsteadOfCompletingOldTrajectory
[WARN] [1790569573.723393609] [stop_probe]: [Deprecated]: "allow_nonzero_velocity_at_trajectory_end" is set to true. The default behavior will change to false.
[INFO] [1790569573.723482485] [stop_probe]: No specific joint names are used for command interfaces. Using 'joints' parameter.
[INFO] [1790569573.723493566] [stop_probe]: Command interfaces are [position] and state interfaces are [position velocity].
[INFO] [1790569573.723501840] [stop_probe]: Using 'splines' interpolation method.
[INFO] [1790569573.723585703] [stop_probe]: Controller state will be published at 50.00 Hz.
[INFO] [1790569573.724081307] [stop_probe]: Action status changes will be monitored at 20.00 Hz.
[INFO] [1790569573.878776593] [stop_probe]: Received new action goal
[INFO] [1790569573.878817694] [stop_probe]: Accepted new action goal
[       OK ] OwnedController.LostOwnerAbortsAndHoldsInsteadOfCompletingOldTrajectory (1230 ms)
[ RUN      ] OwnedController.ExpiredLeaseCannotBeRevivedByLateHeartbeat
[WARN] [1790569574.954239376] [stop_probe]: [Deprecated]: "allow_nonzero_velocity_at_trajectory_end" is set to true. The default behavior will change to false.
[INFO] [1790569574.954312854] [stop_probe]: No specific joint names are used for command interfaces. Using 'joints' parameter.
[INFO] [1790569574.954326784] [stop_probe]: Command interfaces are [position] and state interfaces are [position velocity].
[INFO] [1790569574.954337600] [stop_probe]: Using 'splines' interpolation method.
[INFO] [1790569574.954439148] [stop_probe]: Controller state will be published at 50.00 Hz.
[INFO] [1790569574.955048272] [stop_probe]: Action status changes will be monitored at 20.00 Hz.
[INFO] [1790569575.111738329] [stop_probe]: Received new action goal
[INFO] [1790569575.111787335] [stop_probe]: Accepted new action goal
[       OK ] OwnedController.ExpiredLeaseCannotBeRevivedByLateHeartbeat (927 ms)
[ RUN      ] OwnedController.ExplicitRevocationStopsBeforeLeaseTimeout
[WARN] [1790569575.879871196] [stop_probe]: [Deprecated]: "allow_nonzero_velocity_at_trajectory_end" is set to true. The default behavior will change to false.
[INFO] [1790569575.879921047] [stop_probe]: No specific joint names are used for command interfaces. Using 'joints' parameter.
[INFO] [1790569575.879927878] [stop_probe]: Command interfaces are [position] and state interfaces are [position velocity].
[INFO] [1790569575.879935666] [stop_probe]: Using 'splines' interpolation method.
[INFO] [1790569575.879996976] [stop_probe]: Controller state will be published at 50.00 Hz.
[INFO] [1790569575.880443475] [stop_probe]: Action status changes will be monitored at 20.00 Hz.
[INFO] [1790569576.035820338] [stop_probe]: Received new action goal
[INFO] [1790569576.035889800] [stop_probe]: Accepted new action goal
[       OK ] OwnedController.ExplicitRevocationStopsBeforeLeaseTimeout (467 ms)
[ RUN      ] OwnedController.HeartbeatCallbacksRaceRealtimeExpiryWithoutRevival
[WARN] [1790569576.346865688] [stop_probe]: [Deprecated]: "allow_nonzero_velocity_at_trajectory_end" is set to true. The default behavior will change to false.
[INFO] [1790569576.346909080] [stop_probe]: No specific joint names are used for command interfaces. Using 'joints' parameter.
[INFO] [1790569576.346915154] [stop_probe]: Command interfaces are [position] and state interfaces are [position velocity].
[INFO] [1790569576.346920126] [stop_probe]: Using 'splines' interpolation method.
[INFO] [1790569576.346971935] [stop_probe]: Controller state will be published at 50.00 Hz.
[INFO] [1790569576.347511372] [stop_probe]: Action status changes will be monitored at 20.00 Hz.
[INFO] [1790569576.501746180] [stop_probe]: Received new action goal
[INFO] [1790569576.501782030] [stop_probe]: Accepted new action goal
[       OK ] OwnedController.HeartbeatCallbacksRaceRealtimeExpiryWithoutRevival (1171 ms)
[----------] 4 tests from OwnedController (3795 ms total)

[----------] Global test environment tear-down
[==========] 4 tests from 1 test suite ran. (3795 ms total)
[  PASSED  ] 4 tests.

Repeating all tests (iteration 16) . . .

Note: Google Test filter = *LostOwner*:*ExpiredLease*:*ExplicitRevocation*:*HeartbeatCallbacksRace*
[==========] Running 4 tests from 1 test suite.
[----------] Global test environment set-up.
[----------] 4 tests from OwnedController
[ RUN      ] OwnedController.LostOwnerAbortsAndHoldsInsteadOfCompletingOldTrajectory
[WARN] [1790569577.518925701] [stop_probe]: [Deprecated]: "allow_nonzero_velocity_at_trajectory_end" is set to true. The default behavior will change to false.
[INFO] [1790569577.518973022] [stop_probe]: No specific joint names are used for command interfaces. Using 'joints' parameter.
[INFO] [1790569577.518979114] [stop_probe]: Command interfaces are [position] and state interfaces are [position velocity].
[INFO] [1790569577.518983898] [stop_probe]: Using 'splines' interpolation method.
[INFO] [1790569577.519036967] [stop_probe]: Controller state will be published at 50.00 Hz.
[INFO] [1790569577.519481457] [stop_probe]: Action status changes will be monitored at 20.00 Hz.
[INFO] [1790569577.674129334] [stop_probe]: Received new action goal
[INFO] [1790569577.674178701] [stop_probe]: Accepted new action goal
[       OK ] OwnedController.LostOwnerAbortsAndHoldsInsteadOfCompletingOldTrajectory (1230 ms)
[ RUN      ] OwnedController.ExpiredLeaseCannotBeRevivedByLateHeartbeat
[WARN] [1790569578.749718174] [stop_probe]: [Deprecated]: "allow_nonzero_velocity_at_trajectory_end" is set to true. The default behavior will change to false.
[INFO] [1790569578.749769874] [stop_probe]: No specific joint names are used for command interfaces. Using 'joints' parameter.
[INFO] [1790569578.749776193] [stop_probe]: Command interfaces are [position] and state interfaces are [position velocity].
[INFO] [1790569578.749781610] [stop_probe]: Using 'splines' interpolation method.
[INFO] [1790569578.749836479] [stop_probe]: Controller state will be published at 50.00 Hz.
[INFO] [1790569578.750308980] [stop_probe]: Action status changes will be monitored at 20.00 Hz.
[INFO] [1790569578.905165005] [stop_probe]: Received new action goal
[INFO] [1790569578.905224210] [stop_probe]: Accepted new action goal
[       OK ] OwnedController.ExpiredLeaseCannotBeRevivedByLateHeartbeat (926 ms)
[ RUN      ] OwnedController.ExplicitRevocationStopsBeforeLeaseTimeout
[WARN] [1790569579.676522947] [stop_probe]: [Deprecated]: "allow_nonzero_velocity_at_trajectory_end" is set to true. The default behavior will change to false.
[INFO] [1790569579.676613902] [stop_probe]: No specific joint names are used for command interfaces. Using 'joints' parameter.
[INFO] [1790569579.676629846] [stop_probe]: Command interfaces are [position] and state interfaces are [position velocity].
[INFO] [1790569579.676642785] [stop_probe]: Using 'splines' interpolation method.
[INFO] [1790569579.676771356] [stop_probe]: Controller state will be published at 50.00 Hz.
[INFO] [1790569579.677450789] [stop_probe]: Action status changes will be monitored at 20.00 Hz.
[INFO] [1790569579.833790989] [stop_probe]: Received new action goal
[INFO] [1790569579.833833218] [stop_probe]: Accepted new action goal
[       OK ] OwnedController.ExplicitRevocationStopsBeforeLeaseTimeout (470 ms)
[ RUN      ] OwnedController.HeartbeatCallbacksRaceRealtimeExpiryWithoutRevival
[WARN] [1790569580.146035739] [stop_probe]: [Deprecated]: "allow_nonzero_velocity_at_trajectory_end" is set to true. The default behavior will change to false.
[INFO] [1790569580.146114450] [stop_probe]: No specific joint names are used for command interfaces. Using 'joints' parameter.
[INFO] [1790569580.146140480] [stop_probe]: Command interfaces are [position] and state interfaces are [position velocity].
[INFO] [1790569580.146152419] [stop_probe]: Using 'splines' interpolation method.
[INFO] [1790569580.146261768] [stop_probe]: Controller state will be published at 50.00 Hz.
[INFO] [1790569580.146927407] [stop_probe]: Action status changes will be monitored at 20.00 Hz.
[INFO] [1790569580.303605340] [stop_probe]: Received new action goal
[INFO] [1790569580.303643530] [stop_probe]: Accepted new action goal
[       OK ] OwnedController.HeartbeatCallbacksRaceRealtimeExpiryWithoutRevival (1175 ms)
[----------] 4 tests from OwnedController (3801 ms total)

[----------] Global test environment tear-down
[==========] 4 tests from 1 test suite ran. (3803 ms total)
[  PASSED  ] 4 tests.

Repeating all tests (iteration 17) . . .

Note: Google Test filter = *LostOwner*:*ExpiredLease*:*ExplicitRevocation*:*HeartbeatCallbacksRace*
[==========] Running 4 tests from 1 test suite.
[----------] Global test environment set-up.
[----------] 4 tests from OwnedController
[ RUN      ] OwnedController.LostOwnerAbortsAndHoldsInsteadOfCompletingOldTrajectory
[WARN] [1790569581.335314013] [stop_probe]: [Deprecated]: "allow_nonzero_velocity_at_trajectory_end" is set to true. The default behavior will change to false.
[INFO] [1790569581.335390144] [stop_probe]: No specific joint names are used for command interfaces. Using 'joints' parameter.
[INFO] [1790569581.335398592] [stop_probe]: Command interfaces are [position] and state interfaces are [position velocity].
[INFO] [1790569581.335406040] [stop_probe]: Using 'splines' interpolation method.
[INFO] [1790569581.335477395] [stop_probe]: Controller state will be published at 50.00 Hz.
[INFO] [1790569581.336090322] [stop_probe]: Action status changes will be monitored at 20.00 Hz.
[INFO] [1790569581.492868565] [stop_probe]: Received new action goal
[INFO] [1790569581.492929576] [stop_probe]: Accepted new action goal
[       OK ] OwnedController.LostOwnerAbortsAndHoldsInsteadOfCompletingOldTrajectory (1233 ms)
[ RUN      ] OwnedController.ExpiredLeaseCannotBeRevivedByLateHeartbeat
[WARN] [1790569582.570294871] [stop_probe]: [Deprecated]: "allow_nonzero_velocity_at_trajectory_end" is set to true. The default behavior will change to false.
[INFO] [1790569582.570355798] [stop_probe]: No specific joint names are used for command interfaces. Using 'joints' parameter.
[INFO] [1790569582.570362820] [stop_probe]: Command interfaces are [position] and state interfaces are [position velocity].
[INFO] [1790569582.570368354] [stop_probe]: Using 'splines' interpolation method.
[INFO] [1790569582.570434067] [stop_probe]: Controller state will be published at 50.00 Hz.
[INFO] [1790569582.570922665] [stop_probe]: Action status changes will be monitored at 20.00 Hz.
[INFO] [1790569582.725185054] [stop_probe]: Received new action goal
[INFO] [1790569582.725251750] [stop_probe]: Accepted new action goal
[       OK ] OwnedController.ExpiredLeaseCannotBeRevivedByLateHeartbeat (926 ms)
[ RUN      ] OwnedController.ExplicitRevocationStopsBeforeLeaseTimeout
[WARN] [1790569583.494286435] [stop_probe]: [Deprecated]: "allow_nonzero_velocity_at_trajectory_end" is set to true. The default behavior will change to false.
[INFO] [1790569583.494332319] [stop_probe]: No specific joint names are used for command interfaces. Using 'joints' parameter.
[INFO] [1790569583.494338072] [stop_probe]: Command interfaces are [position] and state interfaces are [position velocity].
[INFO] [1790569583.494342854] [stop_probe]: Using 'splines' interpolation method.
[INFO] [1790569583.494392972] [stop_probe]: Controller state will be published at 50.00 Hz.
[INFO] [1790569583.494831648] [stop_probe]: Action status changes will be monitored at 20.00 Hz.
[INFO] [1790569583.649093571] [stop_probe]: Received new action goal
[INFO] [1790569583.649145828] [stop_probe]: Accepted new action goal
[       OK ] OwnedController.ExplicitRevocationStopsBeforeLeaseTimeout (466 ms)
[ RUN      ] OwnedController.HeartbeatCallbacksRaceRealtimeExpiryWithoutRevival
[WARN] [1790569583.960908878] [stop_probe]: [Deprecated]: "allow_nonzero_velocity_at_trajectory_end" is set to true. The default behavior will change to false.
[INFO] [1790569583.960963922] [stop_probe]: No specific joint names are used for command interfaces. Using 'joints' parameter.
[INFO] [1790569583.960969931] [stop_probe]: Command interfaces are [position] and state interfaces are [position velocity].
[INFO] [1790569583.960974938] [stop_probe]: Using 'splines' interpolation method.
[INFO] [1790569583.961029051] [stop_probe]: Controller state will be published at 50.00 Hz.
[INFO] [1790569583.961505550] [stop_probe]: Action status changes will be monitored at 20.00 Hz.
[INFO] [1790569584.117950655] [stop_probe]: Received new action goal
[INFO] [1790569584.118022501] [stop_probe]: Accepted new action goal
[       OK ] OwnedController.HeartbeatCallbacksRaceRealtimeExpiryWithoutRevival (1174 ms)
[----------] 4 tests from OwnedController (3799 ms total)

[----------] Global test environment tear-down
[==========] 4 tests from 1 test suite ran. (3813 ms total)
[  PASSED  ] 4 tests.

Repeating all tests (iteration 18) . . .

Note: Google Test filter = *LostOwner*:*ExpiredLease*:*ExplicitRevocation*:*HeartbeatCallbacksRace*
[==========] Running 4 tests from 1 test suite.
[----------] Global test environment set-up.
[----------] 4 tests from OwnedController
[ RUN      ] OwnedController.LostOwnerAbortsAndHoldsInsteadOfCompletingOldTrajectory
[WARN] [1790569585.135684132] [stop_probe]: [Deprecated]: "allow_nonzero_velocity_at_trajectory_end" is set to true. The default behavior will change to false.
[INFO] [1790569585.135734789] [stop_probe]: No specific joint names are used for command interfaces. Using 'joints' parameter.
[INFO] [1790569585.135742591] [stop_probe]: Command interfaces are [position] and state interfaces are [position velocity].
[INFO] [1790569585.135748943] [stop_probe]: Using 'splines' interpolation method.
[INFO] [1790569585.135812670] [stop_probe]: Controller state will be published at 50.00 Hz.
[INFO] [1790569585.136305590] [stop_probe]: Action status changes will be monitored at 20.00 Hz.
[INFO] [1790569585.291711627] [stop_probe]: Received new action goal
[INFO] [1790569585.291749189] [stop_probe]: Accepted new action goal
[       OK ] OwnedController.LostOwnerAbortsAndHoldsInsteadOfCompletingOldTrajectory (1232 ms)
[ RUN      ] OwnedController.ExpiredLeaseCannotBeRevivedByLateHeartbeat
[WARN] [1790569586.367391453] [stop_probe]: [Deprecated]: "allow_nonzero_velocity_at_trajectory_end" is set to true. The default behavior will change to false.
[INFO] [1790569586.367438920] [stop_probe]: No specific joint names are used for command interfaces. Using 'joints' parameter.
[INFO] [1790569586.367444523] [stop_probe]: Command interfaces are [position] and state interfaces are [position velocity].
[INFO] [1790569586.367449076] [stop_probe]: Using 'splines' interpolation method.
[INFO] [1790569586.367504795] [stop_probe]: Controller state will be published at 50.00 Hz.
[INFO] [1790569586.367959036] [stop_probe]: Action status changes will be monitored at 20.00 Hz.
[INFO] [1790569586.522810419] [stop_probe]: Received new action goal
[INFO] [1790569586.522870870] [stop_probe]: Accepted new action goal
[       OK ] OwnedController.ExpiredLeaseCannotBeRevivedByLateHeartbeat (925 ms)
[ RUN      ] OwnedController.ExplicitRevocationStopsBeforeLeaseTimeout
[WARN] [1790569587.291792743] [stop_probe]: [Deprecated]: "allow_nonzero_velocity_at_trajectory_end" is set to true. The default behavior will change to false.
[INFO] [1790569587.291834692] [stop_probe]: No specific joint names are used for command interfaces. Using 'joints' parameter.
[INFO] [1790569587.291840305] [stop_probe]: Command interfaces are [position] and state interfaces are [position velocity].
[INFO] [1790569587.291844843] [stop_probe]: Using 'splines' interpolation method.
[INFO] [1790569587.291889275] [stop_probe]: Controller state will be published at 50.00 Hz.
[INFO] [1790569587.292326191] [stop_probe]: Action status changes will be monitored at 20.00 Hz.
[INFO] [1790569587.447120229] [stop_probe]: Received new action goal
[INFO] [1790569587.447168045] [stop_probe]: Accepted new action goal
[       OK ] OwnedController.ExplicitRevocationStopsBeforeLeaseTimeout (468 ms)
[ RUN      ] OwnedController.HeartbeatCallbacksRaceRealtimeExpiryWithoutRevival
[WARN] [1790569587.759971613] [stop_probe]: [Deprecated]: "allow_nonzero_velocity_at_trajectory_end" is set to true. The default behavior will change to false.
[INFO] [1790569587.760014302] [stop_probe]: No specific joint names are used for command interfaces. Using 'joints' parameter.
[INFO] [1790569587.760019941] [stop_probe]: Command interfaces are [position] and state interfaces are [position velocity].
[INFO] [1790569587.760024734] [stop_probe]: Using 'splines' interpolation method.
[INFO] [1790569587.760088422] [stop_probe]: Controller state will be published at 50.00 Hz.
[INFO] [1790569587.760687454] [stop_probe]: Action status changes will be monitored at 20.00 Hz.
[INFO] [1790569587.915703566] [stop_probe]: Received new action goal
[INFO] [1790569587.915775911] [stop_probe]: Accepted new action goal
[       OK ] OwnedController.HeartbeatCallbacksRaceRealtimeExpiryWithoutRevival (1175 ms)
[----------] 4 tests from OwnedController (3800 ms total)

[----------] Global test environment tear-down
[==========] 4 tests from 1 test suite ran. (3802 ms total)
[  PASSED  ] 4 tests.

Repeating all tests (iteration 19) . . .

Note: Google Test filter = *LostOwner*:*ExpiredLease*:*ExplicitRevocation*:*HeartbeatCallbacksRace*
[==========] Running 4 tests from 1 test suite.
[----------] Global test environment set-up.
[----------] 4 tests from OwnedController
[ RUN      ] OwnedController.LostOwnerAbortsAndHoldsInsteadOfCompletingOldTrajectory
[WARN] [1790569588.937749227] [stop_probe]: [Deprecated]: "allow_nonzero_velocity_at_trajectory_end" is set to true. The default behavior will change to false.
[INFO] [1790569588.937840926] [stop_probe]: No specific joint names are used for command interfaces. Using 'joints' parameter.
[INFO] [1790569588.937856974] [stop_probe]: Command interfaces are [position] and state interfaces are [position velocity].
[INFO] [1790569588.937869032] [stop_probe]: Using 'splines' interpolation method.
[INFO] [1790569588.937995206] [stop_probe]: Controller state will be published at 50.00 Hz.
[INFO] [1790569588.938582013] [stop_probe]: Action status changes will be monitored at 20.00 Hz.
[INFO] [1790569589.095023721] [stop_probe]: Received new action goal
[INFO] [1790569589.095063570] [stop_probe]: Accepted new action goal
[       OK ] OwnedController.LostOwnerAbortsAndHoldsInsteadOfCompletingOldTrajectory (1237 ms)
[ RUN      ] OwnedController.ExpiredLeaseCannotBeRevivedByLateHeartbeat
[WARN] [1790569590.174908850] [stop_probe]: [Deprecated]: "allow_nonzero_velocity_at_trajectory_end" is set to true. The default behavior will change to false.
[INFO] [1790569590.174963133] [stop_probe]: No specific joint names are used for command interfaces. Using 'joints' parameter.
[INFO] [1790569590.174983318] [stop_probe]: Command interfaces are [position] and state interfaces are [position velocity].
[INFO] [1790569590.175022314] [stop_probe]: Using 'splines' interpolation method.
[INFO] [1790569590.175179618] [stop_probe]: Controller state will be published at 50.00 Hz.
[INFO] [1790569590.176219714] [stop_probe]: Action status changes will be monitored at 20.00 Hz.
[INFO] [1790569590.330911154] [stop_probe]: Received new action goal
[INFO] [1790569590.330953743] [stop_probe]: Accepted new action goal
[       OK ] OwnedController.ExpiredLeaseCannotBeRevivedByLateHeartbeat (927 ms)
[ RUN      ] OwnedController.ExplicitRevocationStopsBeforeLeaseTimeout
[WARN] [1790569591.100929824] [stop_probe]: [Deprecated]: "allow_nonzero_velocity_at_trajectory_end" is set to true. The default behavior will change to false.
[INFO] [1790569591.100968865] [stop_probe]: No specific joint names are used for command interfaces. Using 'joints' parameter.
[INFO] [1790569591.100974645] [stop_probe]: Command interfaces are [position] and state interfaces are [position velocity].
[INFO] [1790569591.100985779] [stop_probe]: Using 'splines' interpolation method.
[INFO] [1790569591.101033183] [stop_probe]: Controller state will be published at 50.00 Hz.
[INFO] [1790569591.101455850] [stop_probe]: Action status changes will be monitored at 20.00 Hz.
[INFO] [1790569591.256132253] [stop_probe]: Received new action goal
[INFO] [1790569591.256183628] [stop_probe]: Accepted new action goal
[       OK ] OwnedController.ExplicitRevocationStopsBeforeLeaseTimeout (466 ms)
[ RUN      ] OwnedController.HeartbeatCallbacksRaceRealtimeExpiryWithoutRevival
[WARN] [1790569591.567301219] [stop_probe]: [Deprecated]: "allow_nonzero_velocity_at_trajectory_end" is set to true. The default behavior will change to false.
[INFO] [1790569591.567348789] [stop_probe]: No specific joint names are used for command interfaces. Using 'joints' parameter.
[INFO] [1790569591.567354921] [stop_probe]: Command interfaces are [position] and state interfaces are [position velocity].
[INFO] [1790569591.567360402] [stop_probe]: Using 'splines' interpolation method.
[INFO] [1790569591.567424156] [stop_probe]: Controller state will be published at 50.00 Hz.
[INFO] [1790569591.567931445] [stop_probe]: Action status changes will be monitored at 20.00 Hz.
[INFO] [1790569591.723096445] [stop_probe]: Received new action goal
[INFO] [1790569591.723134445] [stop_probe]: Accepted new action goal
[       OK ] OwnedController.HeartbeatCallbacksRaceRealtimeExpiryWithoutRevival (1172 ms)
[----------] 4 tests from OwnedController (3803 ms total)

[----------] Global test environment tear-down
[==========] 4 tests from 1 test suite ran. (3804 ms total)
[  PASSED  ] 4 tests.

Repeating all tests (iteration 20) . . .

Note: Google Test filter = *LostOwner*:*ExpiredLease*:*ExplicitRevocation*:*HeartbeatCallbacksRace*
[==========] Running 4 tests from 1 test suite.
[----------] Global test environment set-up.
[----------] 4 tests from OwnedController
[ RUN      ] OwnedController.LostOwnerAbortsAndHoldsInsteadOfCompletingOldTrajectory
[WARN] [1790569592.740048908] [stop_probe]: [Deprecated]: "allow_nonzero_velocity_at_trajectory_end" is set to true. The default behavior will change to false.
[INFO] [1790569592.740100660] [stop_probe]: No specific joint names are used for command interfaces. Using 'joints' parameter.
[INFO] [1790569592.740106834] [stop_probe]: Command interfaces are [position] and state interfaces are [position velocity].
[INFO] [1790569592.740111646] [stop_probe]: Using 'splines' interpolation method.
[INFO] [1790569592.740165520] [stop_probe]: Controller state will be published at 50.00 Hz.
[INFO] [1790569592.740680712] [stop_probe]: Action status changes will be monitored at 20.00 Hz.
[INFO] [1790569592.895303828] [stop_probe]: Received new action goal
[INFO] [1790569592.895348685] [stop_probe]: Accepted new action goal
[       OK ] OwnedController.LostOwnerAbortsAndHoldsInsteadOfCompletingOldTrajectory (1230 ms)
[ RUN      ] OwnedController.ExpiredLeaseCannotBeRevivedByLateHeartbeat
[WARN] [1790569593.971804145] [stop_probe]: [Deprecated]: "allow_nonzero_velocity_at_trajectory_end" is set to true. The default behavior will change to false.
[INFO] [1790569593.971878231] [stop_probe]: No specific joint names are used for command interfaces. Using 'joints' parameter.
[INFO] [1790569593.971893123] [stop_probe]: Command interfaces are [position] and state interfaces are [position velocity].
[INFO] [1790569593.971905122] [stop_probe]: Using 'splines' interpolation method.
[INFO] [1790569593.972011992] [stop_probe]: Controller state will be published at 50.00 Hz.
[INFO] [1790569593.972613370] [stop_probe]: Action status changes will be monitored at 20.00 Hz.
[INFO] [1790569594.129424275] [stop_probe]: Received new action goal
[INFO] [1790569594.129486194] [stop_probe]: Accepted new action goal
[       OK ] OwnedController.ExpiredLeaseCannotBeRevivedByLateHeartbeat (929 ms)
[ RUN      ] OwnedController.ExplicitRevocationStopsBeforeLeaseTimeout
[WARN] [1790569594.898903333] [stop_probe]: [Deprecated]: "allow_nonzero_velocity_at_trajectory_end" is set to true. The default behavior will change to false.
[INFO] [1790569594.898953437] [stop_probe]: No specific joint names are used for command interfaces. Using 'joints' parameter.
[INFO] [1790569594.898959227] [stop_probe]: Command interfaces are [position] and state interfaces are [position velocity].
[INFO] [1790569594.898964058] [stop_probe]: Using 'splines' interpolation method.
[INFO] [1790569594.899017872] [stop_probe]: Controller state will be published at 50.00 Hz.
[INFO] [1790569594.899429557] [stop_probe]: Action status changes will be monitored at 20.00 Hz.
[INFO] [1790569595.053798794] [stop_probe]: Received new action goal
[INFO] [1790569595.053836669] [stop_probe]: Accepted new action goal
[       OK ] OwnedController.ExplicitRevocationStopsBeforeLeaseTimeout (467 ms)
[ RUN      ] OwnedController.HeartbeatCallbacksRaceRealtimeExpiryWithoutRevival
[WARN] [1790569595.366419127] [stop_probe]: [Deprecated]: "allow_nonzero_velocity_at_trajectory_end" is set to true. The default behavior will change to false.
[INFO] [1790569595.366471636] [stop_probe]: No specific joint names are used for command interfaces. Using 'joints' parameter.
[INFO] [1790569595.366479610] [stop_probe]: Command interfaces are [position] and state interfaces are [position velocity].
[INFO] [1790569595.366486312] [stop_probe]: Using 'splines' interpolation method.
[INFO] [1790569595.366561958] [stop_probe]: Controller state will be published at 50.00 Hz.
[INFO] [1790569595.367028322] [stop_probe]: Action status changes will be monitored at 20.00 Hz.
[INFO] [1790569595.521079655] [stop_probe]: Received new action goal
[INFO] [1790569595.521121535] [stop_probe]: Accepted new action goal
[       OK ] OwnedController.HeartbeatCallbacksRaceRealtimeExpiryWithoutRevival (1170 ms)
[----------] 4 tests from OwnedController (3796 ms total)

[----------] Global test environment tear-down
[==========] 4 tests from 1 test suite ran. (3797 ms total)
[  PASSED  ] 4 tests.

Repeating all tests (iteration 21) . . .

Note: Google Test filter = *LostOwner*:*ExpiredLease*:*ExplicitRevocation*:*HeartbeatCallbacksRace*
[==========] Running 4 tests from 1 test suite.
[----------] Global test environment set-up.
[----------] 4 tests from OwnedController
[ RUN      ] OwnedController.LostOwnerAbortsAndHoldsInsteadOfCompletingOldTrajectory
[WARN] [1790569596.551224844] [stop_probe]: [Deprecated]: "allow_nonzero_velocity_at_trajectory_end" is set to true. The default behavior will change to false.
[INFO] [1790569596.551274228] [stop_probe]: No specific joint names are used for command interfaces. Using 'joints' parameter.
[INFO] [1790569596.551279816] [stop_probe]: Command interfaces are [position] and state interfaces are [position velocity].
[INFO] [1790569596.551284702] [stop_probe]: Using 'splines' interpolation method.
[INFO] [1790569596.551340253] [stop_probe]: Controller state will be published at 50.00 Hz.
[INFO] [1790569596.551950877] [stop_probe]: Action status changes will be monitored at 20.00 Hz.
[INFO] [1790569596.708734229] [stop_probe]: Received new action goal
[INFO] [1790569596.708798450] [stop_probe]: Accepted new action goal
[       OK ] OwnedController.LostOwnerAbortsAndHoldsInsteadOfCompletingOldTrajectory (1234 ms)
[ RUN      ] OwnedController.ExpiredLeaseCannotBeRevivedByLateHeartbeat
[WARN] [1790569597.786367099] [stop_probe]: [Deprecated]: "allow_nonzero_velocity_at_trajectory_end" is set to true. The default behavior will change to false.
[INFO] [1790569597.786453339] [stop_probe]: No specific joint names are used for command interfaces. Using 'joints' parameter.
[INFO] [1790569597.786467521] [stop_probe]: Command interfaces are [position] and state interfaces are [position velocity].
[INFO] [1790569597.786478705] [stop_probe]: Using 'splines' interpolation method.
[INFO] [1790569597.786601594] [stop_probe]: Controller state will be published at 50.00 Hz.
[INFO] [1790569597.787267630] [stop_probe]: Action status changes will be monitored at 20.00 Hz.
[INFO] [1790569597.942353382] [stop_probe]: Received new action goal
[INFO] [1790569597.942408821] [stop_probe]: Accepted new action goal
[       OK ] OwnedController.ExpiredLeaseCannotBeRevivedByLateHeartbeat (928 ms)
[ RUN      ] OwnedController.ExplicitRevocationStopsBeforeLeaseTimeout
[WARN] [1790569598.714302536] [stop_probe]: [Deprecated]: "allow_nonzero_velocity_at_trajectory_end" is set to true. The default behavior will change to false.
[INFO] [1790569598.714365061] [stop_probe]: No specific joint names are used for command interfaces. Using 'joints' parameter.
[INFO] [1790569598.714371118] [stop_probe]: Command interfaces are [position] and state interfaces are [position velocity].
[INFO] [1790569598.714376386] [stop_probe]: Using 'splines' interpolation method.
[INFO] [1790569598.714450285] [stop_probe]: Controller state will be published at 50.00 Hz.
[INFO] [1790569598.714938496] [stop_probe]: Action status changes will be monitored at 20.00 Hz.
[INFO] [1790569598.870645586] [stop_probe]: Received new action goal
[INFO] [1790569598.870679941] [stop_probe]: Accepted new action goal
[       OK ] OwnedController.ExplicitRevocationStopsBeforeLeaseTimeout (468 ms)
[ RUN      ] OwnedController.HeartbeatCallbacksRaceRealtimeExpiryWithoutRevival
[WARN] [1790569599.183217080] [stop_probe]: [Deprecated]: "allow_nonzero_velocity_at_trajectory_end" is set to true. The default behavior will change to false.
[INFO] [1790569599.183295530] [stop_probe]: No specific joint names are used for command interfaces. Using 'joints' parameter.
[INFO] [1790569599.183311290] [stop_probe]: Command interfaces are [position] and state interfaces are [position velocity].
[INFO] [1790569599.183323446] [stop_probe]: Using 'splines' interpolation method.
[INFO] [1790569599.183435173] [stop_probe]: Controller state will be published at 50.00 Hz.
[INFO] [1790569599.184150512] [stop_probe]: Action status changes will be monitored at 20.00 Hz.
[INFO] [1790569599.340152633] [stop_probe]: Received new action goal
[INFO] [1790569599.340203349] [stop_probe]: Accepted new action goal
[       OK ] OwnedController.HeartbeatCallbacksRaceRealtimeExpiryWithoutRevival (1176 ms)
[----------] 4 tests from OwnedController (3806 ms total)

[----------] Global test environment tear-down
[==========] 4 tests from 1 test suite ran. (3820 ms total)
[  PASSED  ] 4 tests.

Repeating all tests (iteration 22) . . .

Note: Google Test filter = *LostOwner*:*ExpiredLease*:*ExplicitRevocation*:*HeartbeatCallbacksRace*
[==========] Running 4 tests from 1 test suite.
[----------] Global test environment set-up.
[----------] 4 tests from OwnedController
[ RUN      ] OwnedController.LostOwnerAbortsAndHoldsInsteadOfCompletingOldTrajectory
[WARN] [1790569600.371045559] [stop_probe]: [Deprecated]: "allow_nonzero_velocity_at_trajectory_end" is set to true. The default behavior will change to false.
[INFO] [1790569600.371093146] [stop_probe]: No specific joint names are used for command interfaces. Using 'joints' parameter.
[INFO] [1790569600.371099087] [stop_probe]: Command interfaces are [position] and state interfaces are [position velocity].
[INFO] [1790569600.371104283] [stop_probe]: Using 'splines' interpolation method.
[INFO] [1790569600.371154735] [stop_probe]: Controller state will be published at 50.00 Hz.
[INFO] [1790569600.371757135] [stop_probe]: Action status changes will be monitored at 20.00 Hz.
[INFO] [1790569600.526721470] [stop_probe]: Received new action goal
[INFO] [1790569600.526772898] [stop_probe]: Accepted new action goal
[       OK ] OwnedController.LostOwnerAbortsAndHoldsInsteadOfCompletingOldTrajectory (1234 ms)
[ RUN      ] OwnedController.ExpiredLeaseCannotBeRevivedByLateHeartbeat
[WARN] [1790569601.606243698] [stop_probe]: [Deprecated]: "allow_nonzero_velocity_at_trajectory_end" is set to true. The default behavior will change to false.
[INFO] [1790569601.606321806] [stop_probe]: No specific joint names are used for command interfaces. Using 'joints' parameter.
[INFO] [1790569601.606336982] [stop_probe]: Command interfaces are [position] and state interfaces are [position velocity].
[INFO] [1790569601.606358603] [stop_probe]: Using 'splines' interpolation method.
[INFO] [1790569601.606465977] [stop_probe]: Controller state will be published at 50.00 Hz.
[INFO] [1790569601.607078102] [stop_probe]: Action status changes will be monitored at 20.00 Hz.
[INFO] [1790569601.763492296] [stop_probe]: Received new action goal
[INFO] [1790569601.763533755] [stop_probe]: Accepted new action goal
[       OK ] OwnedController.ExpiredLeaseCannotBeRevivedByLateHeartbeat (927 ms)
[ RUN      ] OwnedController.ExplicitRevocationStopsBeforeLeaseTimeout
[WARN] [1790569602.532805866] [stop_probe]: [Deprecated]: "allow_nonzero_velocity_at_trajectory_end" is set to true. The default behavior will change to false.
[INFO] [1790569602.532860942] [stop_probe]: No specific joint names are used for command interfaces. Using 'joints' parameter.
[INFO] [1790569602.532867483] [stop_probe]: Command interfaces are [position] and state interfaces are [position velocity].
[INFO] [1790569602.532872745] [stop_probe]: Using 'splines' interpolation method.
[INFO] [1790569602.532938341] [stop_probe]: Controller state will be published at 50.00 Hz.
[INFO] [1790569602.533514077] [stop_probe]: Action status changes will be monitored at 20.00 Hz.
[INFO] [1790569602.690115543] [stop_probe]: Received new action goal
[INFO] [1790569602.690162259] [stop_probe]: Accepted new action goal
[       OK ] OwnedController.ExplicitRevocationStopsBeforeLeaseTimeout (468 ms)
[ RUN      ] OwnedController.HeartbeatCallbacksRaceRealtimeExpiryWithoutRevival
[WARN] [1790569603.000625107] [stop_probe]: [Deprecated]: "allow_nonzero_velocity_at_trajectory_end" is set to true. The default behavior will change to false.
[INFO] [1790569603.000678133] [stop_probe]: No specific joint names are used for command interfaces. Using 'joints' parameter.
[INFO] [1790569603.000684347] [stop_probe]: Command interfaces are [position] and state interfaces are [position velocity].
[INFO] [1790569603.000689328] [stop_probe]: Using 'splines' interpolation method.
[INFO] [1790569603.000744743] [stop_probe]: Controller state will be published at 50.00 Hz.
[INFO] [1790569603.001219395] [stop_probe]: Action status changes will be monitored at 20.00 Hz.
[INFO] [1790569603.156336134] [stop_probe]: Received new action goal
[INFO] [1790569603.156377776] [stop_probe]: Accepted new action goal
[       OK ] OwnedController.HeartbeatCallbacksRaceRealtimeExpiryWithoutRevival (1173 ms)
[----------] 4 tests from OwnedController (3802 ms total)

[----------] Global test environment tear-down
[==========] 4 tests from 1 test suite ran. (3816 ms total)
[  PASSED  ] 4 tests.

Repeating all tests (iteration 23) . . .

Note: Google Test filter = *LostOwner*:*ExpiredLease*:*ExplicitRevocation*:*HeartbeatCallbacksRace*
[==========] Running 4 tests from 1 test suite.
[----------] Global test environment set-up.
[----------] 4 tests from OwnedController
[ RUN      ] OwnedController.LostOwnerAbortsAndHoldsInsteadOfCompletingOldTrajectory
[WARN] [1790569604.174102201] [stop_probe]: [Deprecated]: "allow_nonzero_velocity_at_trajectory_end" is set to true. The default behavior will change to false.
[INFO] [1790569604.174152563] [stop_probe]: No specific joint names are used for command interfaces. Using 'joints' parameter.
[INFO] [1790569604.174158595] [stop_probe]: Command interfaces are [position] and state interfaces are [position velocity].
[INFO] [1790569604.174163528] [stop_probe]: Using 'splines' interpolation method.
[INFO] [1790569604.174210101] [stop_probe]: Controller state will be published at 50.00 Hz.
[INFO] [1790569604.174686192] [stop_probe]: Action status changes will be monitored at 20.00 Hz.
[INFO] [1790569604.329269236] [stop_probe]: Received new action goal
[INFO] [1790569604.329329664] [stop_probe]: Accepted new action goal
[       OK ] OwnedController.LostOwnerAbortsAndHoldsInsteadOfCompletingOldTrajectory (1231 ms)
[ RUN      ] OwnedController.ExpiredLeaseCannotBeRevivedByLateHeartbeat
[WARN] [1790569605.405605692] [stop_probe]: [Deprecated]: "allow_nonzero_velocity_at_trajectory_end" is set to true. The default behavior will change to false.
[INFO] [1790569605.405699109] [stop_probe]: No specific joint names are used for command interfaces. Using 'joints' parameter.
[INFO] [1790569605.405712579] [stop_probe]: Command interfaces are [position] and state interfaces are [position velocity].
[INFO] [1790569605.405723069] [stop_probe]: Using 'splines' interpolation method.
[INFO] [1790569605.405824621] [stop_probe]: Controller state will be published at 50.00 Hz.
[INFO] [1790569605.406451682] [stop_probe]: Action status changes will be monitored at 20.00 Hz.
[INFO] [1790569605.562114324] [stop_probe]: Received new action goal
[INFO] [1790569605.562178983] [stop_probe]: Accepted new action goal
[       OK ] OwnedController.ExpiredLeaseCannotBeRevivedByLateHeartbeat (927 ms)
[ RUN      ] OwnedController.ExplicitRevocationStopsBeforeLeaseTimeout
[WARN] [1790569606.332204400] [stop_probe]: [Deprecated]: "allow_nonzero_velocity_at_trajectory_end" is set to true. The default behavior will change to false.
[INFO] [1790569606.332256327] [stop_probe]: No specific joint names are used for command interfaces. Using 'joints' parameter.
[INFO] [1790569606.332262583] [stop_probe]: Command interfaces are [position] and state interfaces are [position velocity].
[INFO] [1790569606.332267657] [stop_probe]: Using 'splines' interpolation method.
[INFO] [1790569606.332315948] [stop_probe]: Controller state will be published at 50.00 Hz.
[INFO] [1790569606.332795392] [stop_probe]: Action status changes will be monitored at 20.00 Hz.
[INFO] [1790569606.487147347] [stop_probe]: Received new action goal
[INFO] [1790569606.487187030] [stop_probe]: Accepted new action goal
[       OK ] OwnedController.ExplicitRevocationStopsBeforeLeaseTimeout (468 ms)
[ RUN      ] OwnedController.HeartbeatCallbacksRaceRealtimeExpiryWithoutRevival
[WARN] [1790569606.800144428] [stop_probe]: [Deprecated]: "allow_nonzero_velocity_at_trajectory_end" is set to true. The default behavior will change to false.
[INFO] [1790569606.800225081] [stop_probe]: No specific joint names are used for command interfaces. Using 'joints' parameter.
[INFO] [1790569606.800240966] [stop_probe]: Command interfaces are [position] and state interfaces are [position velocity].
[INFO] [1790569606.800251684] [stop_probe]: Using 'splines' interpolation method.
[INFO] [1790569606.800357744] [stop_probe]: Controller state will be published at 50.00 Hz.
[INFO] [1790569606.800952979] [stop_probe]: Action status changes will be monitored at 20.00 Hz.
[INFO] [1790569606.955652650] [stop_probe]: Received new action goal
[INFO] [1790569606.955705442] [stop_probe]: Accepted new action goal
[       OK ] OwnedController.HeartbeatCallbacksRaceRealtimeExpiryWithoutRevival (1172 ms)
[----------] 4 tests from OwnedController (3798 ms total)

[----------] Global test environment tear-down
[==========] 4 tests from 1 test suite ran. (3798 ms total)
[  PASSED  ] 4 tests.

Repeating all tests (iteration 24) . . .

Note: Google Test filter = *LostOwner*:*ExpiredLease*:*ExplicitRevocation*:*HeartbeatCallbacksRace*
[==========] Running 4 tests from 1 test suite.
[----------] Global test environment set-up.
[----------] 4 tests from OwnedController
[ RUN      ] OwnedController.LostOwnerAbortsAndHoldsInsteadOfCompletingOldTrajectory
[WARN] [1790569607.972373129] [stop_probe]: [Deprecated]: "allow_nonzero_velocity_at_trajectory_end" is set to true. The default behavior will change to false.
[INFO] [1790569607.972420952] [stop_probe]: No specific joint names are used for command interfaces. Using 'joints' parameter.
[INFO] [1790569607.972427172] [stop_probe]: Command interfaces are [position] and state interfaces are [position velocity].
[INFO] [1790569607.972432056] [stop_probe]: Using 'splines' interpolation method.
[INFO] [1790569607.972490532] [stop_probe]: Controller state will be published at 50.00 Hz.
[INFO] [1790569607.973010215] [stop_probe]: Action status changes will be monitored at 20.00 Hz.
[INFO] [1790569608.127226264] [stop_probe]: Received new action goal
[INFO] [1790569608.127294872] [stop_probe]: Accepted new action goal
[       OK ] OwnedController.LostOwnerAbortsAndHoldsInsteadOfCompletingOldTrajectory (1231 ms)
[ RUN      ] OwnedController.ExpiredLeaseCannotBeRevivedByLateHeartbeat
[WARN] [1790569609.202687270] [stop_probe]: [Deprecated]: "allow_nonzero_velocity_at_trajectory_end" is set to true. The default behavior will change to false.
[INFO] [1790569609.202730806] [stop_probe]: No specific joint names are used for command interfaces. Using 'joints' parameter.
[INFO] [1790569609.202736491] [stop_probe]: Command interfaces are [position] and state interfaces are [position velocity].
[INFO] [1790569609.202741367] [stop_probe]: Using 'splines' interpolation method.
[INFO] [1790569609.202797822] [stop_probe]: Controller state will be published at 50.00 Hz.
[INFO] [1790569609.203219949] [stop_probe]: Action status changes will be monitored at 20.00 Hz.
[INFO] [1790569609.358962153] [stop_probe]: Received new action goal
[INFO] [1790569609.359017983] [stop_probe]: Accepted new action goal
[       OK ] OwnedController.ExpiredLeaseCannotBeRevivedByLateHeartbeat (926 ms)
[ RUN      ] OwnedController.ExplicitRevocationStopsBeforeLeaseTimeout
[WARN] [1790569610.129737877] [stop_probe]: [Deprecated]: "allow_nonzero_velocity_at_trajectory_end" is set to true. The default behavior will change to false.
[INFO] [1790569610.129809506] [stop_probe]: No specific joint names are used for command interfaces. Using 'joints' parameter.
[INFO] [1790569610.129816791] [stop_probe]: Command interfaces are [position] and state interfaces are [position velocity].
[INFO] [1790569610.129822143] [stop_probe]: Using 'splines' interpolation method.
[INFO] [1790569610.129899595] [stop_probe]: Controller state will be published at 50.00 Hz.
[INFO] [1790569610.130396655] [stop_probe]: Action status changes will be monitored at 20.00 Hz.
[INFO] [1790569610.285095022] [stop_probe]: Received new action goal
[INFO] [1790569610.285132907] [stop_probe]: Accepted new action goal
[       OK ] OwnedController.ExplicitRevocationStopsBeforeLeaseTimeout (467 ms)
[ RUN      ] OwnedController.HeartbeatCallbacksRaceRealtimeExpiryWithoutRevival
[WARN] [1790569610.595995662] [stop_probe]: [Deprecated]: "allow_nonzero_velocity_at_trajectory_end" is set to true. The default behavior will change to false.
[INFO] [1790569610.596044037] [stop_probe]: No specific joint names are used for command interfaces. Using 'joints' parameter.
[INFO] [1790569610.596050627] [stop_probe]: Command interfaces are [position] and state interfaces are [position velocity].
[INFO] [1790569610.596055740] [stop_probe]: Using 'splines' interpolation method.
[INFO] [1790569610.596110362] [stop_probe]: Controller state will be published at 50.00 Hz.
[INFO] [1790569610.596585604] [stop_probe]: Action status changes will be monitored at 20.00 Hz.
[INFO] [1790569610.751519247] [stop_probe]: Received new action goal
[INFO] [1790569610.751595784] [stop_probe]: Accepted new action goal
[       OK ] OwnedController.HeartbeatCallbacksRaceRealtimeExpiryWithoutRevival (1172 ms)
[----------] 4 tests from OwnedController (3796 ms total)

[----------] Global test environment tear-down
[==========] 4 tests from 1 test suite ran. (3797 ms total)
[  PASSED  ] 4 tests.

Repeating all tests (iteration 25) . . .

Note: Google Test filter = *LostOwner*:*ExpiredLease*:*ExplicitRevocation*:*HeartbeatCallbacksRace*
[==========] Running 4 tests from 1 test suite.
[----------] Global test environment set-up.
[----------] 4 tests from OwnedController
[ RUN      ] OwnedController.LostOwnerAbortsAndHoldsInsteadOfCompletingOldTrajectory
[WARN] [1790569611.768583831] [stop_probe]: [Deprecated]: "allow_nonzero_velocity_at_trajectory_end" is set to true. The default behavior will change to false.
[INFO] [1790569611.768626372] [stop_probe]: No specific joint names are used for command interfaces. Using 'joints' parameter.
[INFO] [1790569611.768632187] [stop_probe]: Command interfaces are [position] and state interfaces are [position velocity].
[INFO] [1790569611.768636977] [stop_probe]: Using 'splines' interpolation method.
[INFO] [1790569611.768689910] [stop_probe]: Controller state will be published at 50.00 Hz.
[INFO] [1790569611.769133409] [stop_probe]: Action status changes will be monitored at 20.00 Hz.
[INFO] [1790569611.923566687] [stop_probe]: Received new action goal
[INFO] [1790569611.923611515] [stop_probe]: Accepted new action goal
[       OK ] OwnedController.LostOwnerAbortsAndHoldsInsteadOfCompletingOldTrajectory (1230 ms)
[ RUN      ] OwnedController.ExpiredLeaseCannotBeRevivedByLateHeartbeat
[WARN] [1790569612.999428152] [stop_probe]: [Deprecated]: "allow_nonzero_velocity_at_trajectory_end" is set to true. The default behavior will change to false.
[INFO] [1790569612.999476996] [stop_probe]: No specific joint names are used for command interfaces. Using 'joints' parameter.
[INFO] [1790569612.999482805] [stop_probe]: Command interfaces are [position] and state interfaces are [position velocity].
[INFO] [1790569612.999487607] [stop_probe]: Using 'splines' interpolation method.
[INFO] [1790569612.999550127] [stop_probe]: Controller state will be published at 50.00 Hz.
[INFO] [1790569613.000110278] [stop_probe]: Action status changes will be monitored at 20.00 Hz.
[INFO] [1790569613.154532853] [stop_probe]: Received new action goal
[INFO] [1790569613.154567494] [stop_probe]: Accepted new action goal
[       OK ] OwnedController.ExpiredLeaseCannotBeRevivedByLateHeartbeat (927 ms)
[ RUN      ] OwnedController.ExplicitRevocationStopsBeforeLeaseTimeout
[WARN] [1790569613.927134241] [stop_probe]: [Deprecated]: "allow_nonzero_velocity_at_trajectory_end" is set to true. The default behavior will change to false.
[INFO] [1790569613.927201171] [stop_probe]: No specific joint names are used for command interfaces. Using 'joints' parameter.
[INFO] [1790569613.927220021] [stop_probe]: Command interfaces are [position] and state interfaces are [position velocity].
[INFO] [1790569613.927233396] [stop_probe]: Using 'splines' interpolation method.
[INFO] [1790569613.927353504] [stop_probe]: Controller state will be published at 50.00 Hz.
[INFO] [1790569613.927970077] [stop_probe]: Action status changes will be monitored at 20.00 Hz.
[INFO] [1790569614.084304754] [stop_probe]: Received new action goal
[INFO] [1790569614.084349019] [stop_probe]: Accepted new action goal
[       OK ] OwnedController.ExplicitRevocationStopsBeforeLeaseTimeout (470 ms)
[ RUN      ] OwnedController.HeartbeatCallbacksRaceRealtimeExpiryWithoutRevival
[WARN] [1790569614.397033760] [stop_probe]: [Deprecated]: "allow_nonzero_velocity_at_trajectory_end" is set to true. The default behavior will change to false.
[INFO] [1790569614.397080570] [stop_probe]: No specific joint names are used for command interfaces. Using 'joints' parameter.
[INFO] [1790569614.397086203] [stop_probe]: Command interfaces are [position] and state interfaces are [position velocity].
[INFO] [1790569614.397090814] [stop_probe]: Using 'splines' interpolation method.
[INFO] [1790569614.397154706] [stop_probe]: Controller state will be published at 50.00 Hz.
[INFO] [1790569614.397609786] [stop_probe]: Action status changes will be monitored at 20.00 Hz.
[INFO] [1790569614.552152891] [stop_probe]: Received new action goal
[INFO] [1790569614.552192476] [stop_probe]: Accepted new action goal
[       OK ] OwnedController.HeartbeatCallbacksRaceRealtimeExpiryWithoutRevival (1173 ms)
[----------] 4 tests from OwnedController (3800 ms total)

[----------] Global test environment tear-down
[==========] 4 tests from 1 test suite ran. (3801 ms total)
[  PASSED  ] 4 tests.
