source_ros_s,receive_ros_s,receive_monotonic_s,trajectory_time_s,segment,joint,desired_position,actual_position,position_error,message_position_error,desired_velocity,actual_velocity,desired_acceleration,replayed_position,replayed_velocity,replayed_acceleration
70.69,70.69,82289.848662628,0.01,0,astribot_arm_left_joint_1,4.09350732952764e-06,1.4943437891521637e-11,4.093492386089749e-06,4.093492386089749e-06,0.0008433231702386072,5.532108296267337e-11,0.09065494215919602,4.093507329527641e-06,0.0008433231702386072,0.09065494215919603
70.69,70.69,82289.848662628,0.01,0,astribot_arm_left_joint_2,-0.4990462173720252,-0.4990406363654872,-5.581006538024624e-06,-5.581006538024624e-06,-0.0016082951141870106,4.821639611847535e-11,-0.29575801367687216,-0.4990462173720252,-0.001608295114186986,-0.29575801367686755
70.69,70.69,82289.848662628,0.01,0,astribot_arm_left_joint_3,-0.5999969263099676,-0.5999999999490193,3.0736390517205336e-06,3.0736390517205336e-06,0.0008857402510795856,1.8871541059931815e-10,0.1628835249091528,-0.5999969263099676,0.0008857402510797978,0.1628835249091939
70.69,70.69,82289.848662628,0.01,0,astribot_arm_left_joint_4,0.9995180240487932,0.9995202775406143,-2.25349182114698e-06,-2.25349182114698e-06,-0.0006493955230107405,-2.8685549657993807e-11,-0.11942082537096617,0.9995180240487932,-0.0006493955230108629,-0.11942082537099168
70.69,70.69,82289.848662628,0.01,0,astribot_arm_left_joint_5,-9.575404117319226e-06,-1.059521250407975e-12,-9.575403057797976e-06,-9.575403057797976e-06,-0.0027593723898175463,-3.922285330047908e-12,-0.5074357870071503,-9.575404117319222e-06,-0.0027593723898175445,-0.5074357870071501
70.69,70.69,82289.848662628,0.01,0,astribot_arm_left_joint_6,-2.219831843557162e-06,-4.030485315101496e-12,-2.219827813071847e-06,-2.219827813071847e-06,-0.0006396944261653145,-1.4927918023961187e-11,-0.1176368386460325,-2.219831843557161e-06,-0.0006396944261653142,-0.11763683864603243
70.69,70.69,82289.848662628,0.01,0,astribot_arm_left_joint_7,-8.462937191925241e-06,-3.1102158535394267e-11,-8.462906089766705e-06,-8.462906089766705e-06,-0.002438781150185711,-1.1512604989336953e-10,-0.4484805446518644,-8.462937191925238e-06,-0.0024387811501857108,-0.4484805446518642
70.72,70.72,82289.880977395,0.04,0,astribot_arm_left_joint_1,7.074141134303107e-05,5.8295692542898256e-06,6.491184208874124e-05,6.491184208874124e-05,0.0035291741026992106,0.0003745527473243065,0.07788056074853769,7.074141134303111e-05,0.0035291741026992124,0.07788056074853776
70.72,70.72,82289.880977395,0.04,0,astribot_arm_left_joint_2,-0.49928553603372927,-0.49905642481929535,-0.00022911121443391913,-0.00022911121443391913,-0.015106256055420677,-0.0011329345993226396,-0.4612978979014122,-0.49928553603372927,-0.015106256055420238,-0.4612978979013826
70.72,70.72,82289.880977395,0.04,0,astribot_arm_left_joint_3,-0.5998651257656298,-0.5999913047304886,0.00012617896485878077,0.00012617896485878077,0.0083195048678383,0.0006239439640316638,0.2540517050044715,-0.5998651257656297,0.008319504867841011,0.2540517050045843
70.72,70.72,82289.880977395,0.04,0,astribot_arm_left_joint_4,0.999421392239051,0.9995139024960058,-9.251025695478088e-05,-9.251025695478088e-05,-0.006099586428701091,-0.0004574550445811879,-0.1862623265025816,0.9994213922390509,-0.006099586428703804,-0.18626232650275054
70.72,70.72,82289.880977395,0.04,0,astribot_arm_left_joint_5,-0.0004201774768645291,-2.7088454252643027e-05,-0.00039308902261188605,-0.00039308902261188605,-0.025917995711820664,-0.00194379036958326,-0.7914546725421034,-0.0004201774768645289,-0.025917995711820657,-0.7914546725421034
70.72,70.72,82289.880977395,0.04,0,astribot_arm_left_joint_6,-9.740809214418397e-05,-6.2798137094618075e-06,-9.112827843472216e-05,-9.112827843472216e-05,-0.006008466800425034,-0.00045062127095452597,-0.18347981753240458,-9.740809214418386e-05,-0.006008466800425028,-0.18347981753240417
70.72,70.72,82289.880977395,0.04,0,astribot_arm_left_joint_7,-0.00037136016662651017,-2.3941278309826712e-05,-0.00034741888831668345,-0.00034741888831668345,-0.022906773883013928,-0.0017179557045115285,-0.6995013589846457,-0.00037136016662651033,-0.022906773883013938,-0.6995013589846468
70.74,70.74,82289.904062851,0.060000000000000005,0,astribot_arm_left_joint_1,0.00015515031231523187,2.205978214149819e-05,0.00013309053017373368,0.00013309053017373368,0.004824054413252274,0.0009739028149218746,0.05198649649590642,0.00015515031231523198,0.004824054413252279,0.051986496495906594
70.74,70.74,82289.904062851,0.060000000000000005,0,astribot_arm_left_joint_2,-0.49966871268387164,-0.499117241925186,-0.0005514707586856682,-0.0005514707586856682,-0.022564424031046405,-0.0037905984937803084,-0.2712157942931821,-0.49966871268387164,-0.022564424031044875,-0.2712157942930957
70.74,70.74,82289.904062851,0.060000000000000005,0,astribot_arm_left_joint_3,-0.5996540979640087,-0.5999578107762514,0.00030371281224272906,0.00030371281224272906,0.012426959723012993,0.0020876055871330056,0.14936732917652862,-0.5996540979640086,0.012426959723018065,0.14936732917664633
70.74,70.74,82289.904062851,0.060000000000000005,0,astribot_arm_left_joint_4,0.999266673618737,0.9994893458354279,-0.0002226722166909223,-0.0002226722166909223,-0.009111036784112746,-0.0015305634616506044,-0.10951119668868425,0.999266673618737,-0.00911103678412059,-0.10951119668904544
70.74,70.74,82289.904062851,0.060000000000000005,0,astribot_arm_left_joint_5,-0.0010775985306865545,-0.00013143313769625414,-0.0009461653929903004,-0.0009461653929903004,-0.038714069398186876,-0.006503578114811847,-0.46532838895868855,-0.0010775985306865543,-0.03871406939818684,-0.4653283889586892
70.74,70.74,82289.904062851,0.060000000000000005,0,astribot_arm_left_joint_6,-0.0002498154240887805,-3.0469630596704885e-05,-0.00021934579349207562,-0.00021934579349207562,-0.0089749301325128,-0.00150769889152964,-0.10787524650597924,-0.00024981542408878017,-0.00897493013251278,-0.10787524650597843
70.74,70.74,82289.904062851,0.060000000000000005,0,astribot_arm_left_joint_7,-0.0009524002899939807,-0.00011616291966391619,-0.0008362373703300646,-0.0008362373703300646,-0.03421616561928502,-0.005747975139579722,-0.4112652963501464,-0.0009524002899939819,-0.03421616561928507,-0.41126529635014997
70.76,70.76,82289.923805066,0.08,0,astribot_arm_left_joint_1,0.0002608340272515707,5.241377844163614e-05,0.00020842024880993453,0.00020842024880993453,0.005704677035690545,0.0017044942760756118,0.040498893216537046,0.00026083402725157084,0.005704677035690556,0.040498893216537164
70.76,70.76,82289.923805066,0.08,0,astribot_arm_left_joint_2,-0.5001617284053811,-0.4992457736700049,-0.000915954735376201,-0.000915954735376201,-0.026225438557087942,-0.007338466944333644,-0.12171630017594648,-0.5001617284053809,-0.02622543855708363,-0.12171630017574135
70.76,70.76,82289.923805066,0.08,0,astribot_arm_left_joint_3,-0.5993825782254335,-0.5998870241759454,0.0005044459505119114,0.0005044459505119114,0.014443199091579276,0.004041531720260939,0.06703311185055894,-0.5993825782254333,0.014443199091586456,0.067033111850647
70.76,70.76,82289.923805066,0.08,0,astribot_arm_left_joint_4,0.9990676043064587,0.9994374474371381,-0.0003698431306794481,-0.0003698431306794481,-0.010589276954028747,-0.002963117636102087,-0.049146465541829665,0.9990676043064584,-0.01058927695404667,-0.049146465542498075
70.76,70.76,82289.923805066,0.08,0,astribot_arm_left_joint_5,-0.0019234718767399846,-0.00035195668848098186,-0.0015715151882590027,-0.0015715151882590027,-0.04499531859975392,-0.012590701145298795,-0.20883020481312986,-0.001923471876739984,-0.04499531859975392,-0.2088302048131296
70.76,70.76,82289.923805066,0.08,0,astribot_arm_left_joint_6,-0.0004459109082318117,-8.159273639089126e-05,-0.00036431817184092043,-0.00036431817184092043,-0.010431087379872774,-0.0029188526323320695,-0.04841228336083958,-0.00044591090823181055,-0.010431087379872734,-0.04841228336083798
70.76,70.76,82289.923805066,0.08,0,astribot_arm_left_joint_7,-0.0016999978159429943,-0.00031106545759781437,-0.00138893235834518,-0.00138893235834518,-0.03976764254531652,-0.01112787997817222,-0.18456775496015654,-0.0016999978159429978,-0.03976764254531666,-0.18456775496016123
70.79,70.79,82289.953959375,0.11,1,astribot_arm_left_joint_1,0.00045530000544747565,0.00012653605822632793,0.0003287639472211477,0.0003287639472211477,0.0077703365706302705,0.0028607809153565963,0.1900100557719651,0.0004553000054474756,0.00777033657063027,0.19001005577196528
70.79,70.79,82289.953959375,0.11,1,astribot_arm_left_joint_2,-0.5010235344308079,-0.49957324812634424,-0.0014502863044636993,-0.0014502863044636993,-0.033840952452618686,-0.012661800209817166,-0.8275215886019462,-0.5010235344308079,-0.033840952452618325,-0.8275215886017989
70.79,70.79,82289.953959375,0.11,1,astribot_arm_left_joint_3,-0.5989079537124257,-0.5997066733754873,0.0007987196630616644,0.0007987196630616644,0.018637309445109905,0.00697326387362996,0.45574296234366934,-0.5989079537124257,0.01863730944510929,0.45574296234343764
70.79,70.79,82289.953959375,0.11,1,astribot_arm_left_joint_4,0.9987196252759438,0.9993052201830486,-0.0005855949071047473,-0.0005855949071047473,-0.01366426026125271,-0.005112566919288619,-0.33413570065103604,0.9987196252759438,-0.013664260261253119,-0.3341357006512212
70.79,70.79,82289.953959375,0.11,1,astribot_arm_left_joint_5,-0.003402083439359554,-0.0009138087807157319,-0.002488274658643822,-0.002488274658643822,-0.05806135268282748,-0.02172401174654262,-1.4197893181562526,-0.0034020834393595537,-0.05806135268282747,-1.4197893181562549
70.79,70.79,82289.953959375,0.11,1,astribot_arm_left_joint_6,-0.0007886915994359677,-0.00021184469275735022,-0.0005768469066786174,-0.0005768469066786174,-0.013460134566787893,-0.0050361920321394206,-0.32914416209465014,-0.0007886915994359676,-0.013460134566787893,-0.3291441620946504
70.79,70.79,82289.953959375,0.11,1,astribot_arm_left_joint_7,-0.0030068203458305572,-0.0008076400773595248,-0.0021991802684710325,-0.0021991802684710325,-0.051315629959799304,-0.019200058193696603,-1.2548344105825644,-0.0030068203458305572,-0.051315629959799304,-1.2548344105825644
70.81,70.81,82289.974121369,0.13,1,astribot_arm_left_joint_1,0.0006510757835043045,0.00019784295731320394,0.0004532328261911006,0.0004532328261911006,0.011323936068307179,0.0038430503850794837,0.07152441159527978,0.0006510757835043045,0.011323936068307191,0.07152441159528086
70.81,70.81,82289.974121369,0.13,1,astribot_arm_left_joint_2,-0.5018761665834018,-0.49988730962966654,-0.0019888569537352963,-0.0019888569537352963,-0.04931739810505965,-0.016903287337135607,-0.3114992754805965,-0.5018761665834018,-0.049317398105059466,-0.31149927548131684
70.81,70.81,82289.974121369,0.13,1,astribot_arm_left_joint_3,-0.5984383815485512,-0.5995337095242548,0.0010953279757035528,0.0010953279757035528,0.02716068972344686,0.009309188305115346,0.1715527480247887,-0.5984383815485513,0.027160689723451238,0.17155274802625955
70.81,70.81,82289.974121369,0.13,1,astribot_arm_left_joint_4,0.9983753504610886,0.9991784087957332,-0.0008030583346445574,-0.0008030583346445574,-0.019913321413118353,-0.006825189635174008,-0.12577681367907168,0.9983753504610886,-0.01991332141312766,-0.1257768136794649
70.81,70.81,82289.974121369,0.13,1,astribot_arm_left_joint_5,-0.0048649552716398484,-0.0014526480983085494,-0.003412307173331299,-0.003412307173331299,-0.08461448739619283,-0.02900118516971878,-0.5344432701617463,-0.004864955271639849,-0.08461448739619302,-0.5344432701617603
70.81,70.81,82289.974121369,0.13,1,astribot_arm_left_joint_6,-0.001127823410987442,-0.00033676168820016963,-0.0007910617227872723,-0.0007910617227872723,-0.019615843138793897,-0.006723230465943131,-0.12389787702653454,-0.0011278234109874422,-0.01961584313879392,-0.12389787702653703
70.81,70.81,82289.974121369,0.13,1,astribot_arm_left_joint_7,-0.004299731829205483,-0.0012838756073479862,-0.0030158562218574967,-0.0030158562218574967,-0.07478375070213221,-0.025631750203189335,-0.4723502264224275,-0.004299731829205484,-0.07478375070213235,-0.4723502264224416
70.83,70.83,82289.993442875,0.15000000000000002,2,astribot_arm_left_joint_1,0.000883089528815935,0.0002954566491651292,0.0005876328796508058,0.0005876328796508058,0.012068881300319861,0.0052290408735174865,0.10781073811945065,0.0008830895288159353,0.012068881300319863,0.10781073811945074
70.83,70.83,82289.993442875,0.15000000000000002,2,astribot_arm_left_joint_2,-0.5028866203844793,-0.5003152742537853,-0.0025713461306939855,-0.0025713461306939855,-0.05256174356515555,-0.022907892924567907,-0.4695315356571126,-0.5028866203844793,-0.05256174356515591,-0.4695315356572881
70.83,70.83,82289.993442875,0.15000000000000002,2,astribot_arm_left_joint_3,-0.597881891887185,-0.5992980155325588,0.0014161236453738013,0.0014161236453738013,0.028947455931384664,0.012616119225500847,0.25858623620346055,-0.597881891887185,0.028947455931385525,0.25858623620395366
70.83,70.83,82289.993442875,0.15000000000000002,2,astribot_arm_left_joint_4,0.9979673506053154,0.9990056057393844,-0.001038255134068966,-0.001038255134068966,-0.021223319434200676,-0.009249722264551615,-0.1895868951401217,0.9979673506053154,-0.021223319434201172,-0.18958689514043606
70.83,70.83,82289.993442875,0.15000000000000002,2,astribot_arm_left_joint_5,-0.006598603714194975,-0.002186912449351512,-0.004411691264843463,-0.004411691264843463,-0.0901808521800253,-0.03930336336819015,-0.8055812295968191,-0.0065986037141949755,-0.09018085218002529,-0.8055812295968109
70.83,70.83,82289.993442875,0.15000000000000002,2,astribot_arm_left_joint_6,-0.001529728296940882,-0.000506983298932596,-0.001022744998008286,-0.001022744998008286,-0.020906271549022346,-0.009111543835228064,-0.18675472158020714,-0.0015297282969408826,-0.02090627154902234,-0.18675472158020537
70.83,70.83,82289.993442875,0.15000000000000002,2,astribot_arm_left_joint_7,-0.005831960374491398,-0.001932831169337725,-0.003899129205153673,-0.003899129205153673,-0.07970340038767731,-0.03473699387121855,-0.7119866549849926,-0.0058319603744913994,-0.07970340038767733,-0.7119866549849918
70.85,70.85,82290.013281886,0.17,2,astribot_arm_left_joint_1,0.0011452532510792428,0.0004197394676390352,0.0007255137834402076,0.0007255137834402076,0.01391362993109295,0.006551953000905832,0.05357834229520275,0.0011452532510792437,0.013913629931093052,0.05357834229521588
70.85,70.85,82290.013281886,0.17,2,astribot_arm_left_joint_2,-0.5040283817456858,-0.5008588467094816,-0.0031695350362042074,-0.0031695350362042074,-0.06059589371216835,-0.02864378431267737,-0.23334151843567996,-0.5040283817456858,-0.06059589371213759,-0.23334151842990625
70.85,70.85,82290.013281886,0.17,2,astribot_arm_left_joint_3,-0.5972530868962185,-0.5989986525608659,0.0017455656646474527,0.0017455656646474527,0.03337212283834249,0.015775060528341593,0.12850873779131844,-0.5972530868962184,0.03337212283836556,0.12850873779235486
70.85,70.85,82290.013281886,0.17,2,astribot_arm_left_joint_4,0.997506331536257,0.9987861226878496,-0.001279791151592602,-0.001279791151592602,-0.024467339198072525,-0.011565753788806903,-0.09421836580444837,0.9975063315362566,-0.024467339198126256,-0.09421836581125749
70.85,70.85,82290.013281886,0.17,2,astribot_arm_left_joint_5,-0.008557538208294777,-0.0031195266278333826,-0.005438011580461395,-0.005438011580461395,-0.10396514580603504,-0.04914450519691794,-0.4003470119842929,-0.008557538208294774,-0.1039651458060345,-0.4003470119842493
70.85,70.85,82290.013281886,0.17,2,astribot_arm_left_joint_6,-0.001983860360348776,-0.0007231875684368226,-0.0012606727919119536,-0.0012606727919119536,-0.024101830015042625,-0.011392976960026729,-0.09281086998016869,-0.001983860360348775,-0.024101830015042583,-0.09281086998017289
70.85,70.85,82290.013281886,0.17,2,astribot_arm_left_joint_7,-0.007563300637331042,-0.0027570917469954192,-0.004806208890335623,-0.004806208890335623,-0.09188619803680406,-0.04343476560497444,-0.3538336289668471,-0.007563300637331047,-0.09188619803680462,-0.3538336289669299
70.87,70.87,82290.035886359,0.19,3,astribot_arm_left_joint_1,0.0014370290480183027,0.0005717771207176305,0.0008652519273006722,0.0008652519273006722,0.015445392947485299,0.00794862742382121,0.08543271860084949,0.0014370290480183027,0.015445392947485294,0.08543271860084747
70.87,70.87,82290.035886359,0.19,3,astribot_arm_left_joint_2,-0.5052991080239218,-0.5015228580359365,-0.003776249987985203,-0.003776249987985203,-0.0672669457232394,-0.034705782333541026,-0.3720719870740985,-0.5052991080239218,-0.06726694572323567,-0.3720719870741319
70.87,70.87,82290.035886359,0.19,3,astribot_arm_left_joint_3,-0.5965532567451409,-0.5986329599992681,0.0020797032541272076,0.0020797032541272076,0.03704608741811657,0.019113599326134167,0.20491210372305113,-0.596553256745141,0.03704608741810088,0.2049121037202322
70.87,70.87,82290.035886359,0.19,3,astribot_arm_left_joint_4,0.9969932391636069,0.9985180089697665,-0.001524769806159565,-0.001524769806159565,-0.02716096878864214,-0.01401346026876958,-0.15023479243861654,0.9969932391636072,-0.027160968788595388,-0.15023479242851587
70.87,70.87,82290.035886359,0.19,3,astribot_arm_left_joint_5,-0.010737739451368815,-0.0042587793091598035,-0.006478960142209012,-0.006478960142209012,-0.11541075461755163,-0.05954515232526379,-0.6383686421106611,-0.010737739451368817,-0.11541075461755212,-0.6383686421107615
70.87,70.87,82290.035886359,0.19,3,astribot_arm_left_joint_6,-0.0024892878221366974,-0.000987296027662594,-0.0015019917944741035,-0.0015019917944741035,-0.02675522039751303,-0.01380411799345059,-0.14799048642504914,-0.0024892878221366966,-0.026755220397513053,-0.14799048642505191
70.87,70.87,82290.035886359,0.19,3,astribot_arm_left_joint_7,-0.009490200288440477,-0.003763983015337259,-0.005726217273103218,-0.005726217273103218,-0.10200202550718618,-0.05262703782209204,-0.5642012716349512,-0.009490200288440475,-0.10200202550718601,-0.5642012716349044
70.89,70.89,82290.056963829,0.21000000000000002,4,astribot_arm_left_joint_1,0.0017602967122460902,0.0007519976466162652,0.001008299065629825,0.001008299065629825,0.016915798760601498,0.00936953326737349,0.0935250166064202,0.0017602967122460904,0.016915798760601484,0.09352501660641291
70.89,70.89,82290.056963829,0.21000000000000002,4,astribot_arm_left_joint_2,-0.5067069859910038,-0.5023092555260612,-0.0043977304649426285,-0.0043977304649426285,-0.0736707781383954,-0.040877249182775466,-0.4073151286732905,-0.5067069859910038,-0.07367077813839734,-0.4073151286741808
70.89,70.89,82290.056963829,0.21000000000000002,4,astribot_arm_left_joint_3,-0.5957778927133456,-0.5981998654104087,0.002421972697063124,0.002421972697063124,0.040572885504619106,0.02251242615750361,0.2243216441796149,-0.5957778927133456,0.04057288550461864,0.22432164417930295
70.89,70.89,82290.056963829,0.21000000000000002,4,astribot_arm_left_joint_4,0.9964247678422038,0.9982004783094692,-0.0017757104672654345,-0.0017757104672654345,-0.02974670076267054,-0.016505367944704755,-0.16446522698361302,0.9964247678422038,-0.029746700762675195,-0.16446522698573435
70.89,70.89,82290.056963829,0.21000000000000002,4,astribot_arm_left_joint_5,-0.013153253591982288,-0.005608011488566202,-0.007545242103416086,-0.007545242103416086,-0.12639789136847562,-0.07013361651581787,-0.6988357485539212,-0.01315325359198229,-0.1263978913684756,-0.6988357485539058
70.89,70.89,82290.056963829,0.21000000000000002,4,astribot_arm_left_joint_6,-0.003049266945569221,-0.001300083206371193,-0.0017491837391980282,-0.0017491837391980282,-0.029302325009060902,-0.01625879991625936,-0.1620083374047894,-0.0030492669455692216,-0.029302325009060888,-0.16200833740478626
70.89,70.89,82290.056963829,0.21000000000000002,4,astribot_arm_left_joint_7,-0.011625073557403165,-0.004956457803883059,-0.006668615753520106,-0.006668615753520106,-0.11171264742307652,-0.061985306015182484,-0.6176431484703807,-0.011625073557403167,-0.11171264742307653,-0.6176431484704054
70.92,70.92,82290.09050489,0.24000000000000002,5,astribot_arm_left_joint_1,0.00230179086545828,0.0010762791873409326,0.0012255116781173473,0.0012255116781173473,0.01912082341194941,0.011534654284505692,0.07419427174525127,0.00230179086545828,0.019120823411949435,0.07419427174525547
70.92,70.92,82290.09050489,0.24000000000000002,5,astribot_arm_left_joint_2,-0.5090652722409826,-0.503723294450987,-0.005341977789995678,-0.005341977789995678,-0.08327398305814239,-0.05028727485659511,-0.32312690699576824,-0.5090652722409826,-0.08327398305813817,-0.32312690699629887
70.92,70.92,82290.09050489,0.24000000000000002,5,astribot_arm_left_joint_3,-0.5944791080333771,-0.5974211083387808,0.0029420003054037025,0.0029420003054037025,0.04586168173468107,0.027694832308150136,0.17795646159538428,-0.594479108033377,0.045861681734705936,0.17795646160262227
70.92,70.92,82290.09050489,0.24000000000000002,5,astribot_arm_left_joint_4,0.9954725417742357,0.9976295193235889,-0.0021569775493531784,-0.0021569775493531784,-0.033624271630410506,-0.020304937120529224,-0.13047180515840132,0.9954725417742359,-0.03362427163037966,-0.13047180515376414
70.92,70.92,82290.09050489,0.24000000000000002,5,astribot_arm_left_joint_5,-0.017199395315646616,-0.008034096063208493,-0.009165299252438123,-0.009165299252438123,-0.14287423223125814,-0.08627851728563836,-0.5543929454909904,-0.017199395315646612,-0.14287423223125745,-0.5543929454908353
70.92,70.92,82290.09050489,0.24000000000000002,5,astribot_arm_left_joint_6,-0.0039872680351119546,-0.0018625128318820344,-0.00212475520322992,-0.00212475520322992,-0.03312197017635136,-0.020001608632716286,-0.12852273163437464,-0.003987268035111953,-0.03312197017635141,-0.12852273163439504
70.92,70.92,82290.09050489,0.24000000000000002,5,astribot_arm_left_joint_7,-0.01520112375021711,-0.007100673405955502,-0.008100450344261607,-0.008100450344261607,-0.12627472308508814,-0.07625444917395434,-0.4899820952940544,-0.015201123750217108,-0.1262747230850875,-0.4899820952938679
70.94,70.94,82290.111191926,0.26,6,astribot_arm_left_joint_1,0.0026987301961600525,0.0013286035407984694,0.001370126655361583,0.001370126655361583,0.020620997008001966,0.01297731851536828,0.07909782029885988,0.002698730196160052,0.020620997008001983,0.07909782029886549
70.94,70.94,82290.111191926,0.26,6,astribot_arm_left_joint_2,-0.5107940010926548,-0.5048230959963124,-0.00597090509634246,-0.00597090509634246,-0.08980745852258352,-0.056560376682920376,-0.34448257826731915,-0.5107940010926548,-0.08980745852258244,-0.3444825782652565
70.94,70.94,82290.111191926,0.26,6,astribot_arm_left_joint_3,-0.5935270410192935,-0.5968154119781831,0.0032883709588895638,0.0032883709588895638,0.049459878450757874,0.031149632818323454,0.18971772200089632,-0.5935270410192935,0.04945987845075191,0.18971772199874876
70.94,70.94,82290.111191926,0.26,6,astribot_arm_left_joint_4,0.9947745176573479,0.9971854427399314,-0.0024109250825834483,-0.0024109250825834483,-0.03626235072348665,-0.022837882849311736,-0.13909477315390584,0.9947745176573479,-0.03626235072350358,-0.1390947731590775
70.94,70.94,82290.111191926,0.26,6,astribot_arm_left_joint_5,-0.020165397401151097,-0.009921039567484283,-0.010244357833666813,-0.010244357833666813,-0.15408379921128862,-0.09704135790052545,-0.5910331423958959,-0.0201653974011511,-0.15408379921128942,-0.5910331423961446
70.94,70.94,82290.111191926,0.26,6,astribot_arm_left_joint_6,-0.00467486460927981,-0.00229995550784922,-0.0023749091014305898,-0.0023749091014305898,-0.03572063991129314,-0.02249671555484485,-0.13701688408020077,-0.004674864609279809,-0.03572063991129313,-0.13701688408019663
70.94,70.94,82290.111191926,0.26,6,astribot_arm_left_joint_7,-0.017822527807252752,-0.008768386784203372,-0.00905414102304938,-0.00905414102304938,-0.13618193269315806,-0.08576683427479301,-0.522365336454562,-0.01782252780725275,-0.13618193269315798,-0.5223653364546019
70.96,70.96,82290.134548264,0.28,7,astribot_arm_left_joint_1,0.0031258284531431946,0.0016099186561267663,0.0015159097970164283,0.0015159097970164283,0.022102714349508782,0.014430244930134678,0.07970867588339141,0.003125828453143194,0.02210271434950872,0.0797086758833814
70.96,70.96,82290.134548264,0.28,7,astribot_arm_left_joint_2,-0.512654076480096,-0.5060489870563426,-0.006605089423753374,-0.006605089423753374,-0.09626055429860285,-0.06288005508998541,-0.34714294369511123,-0.512654076480096,-0.09626055429859756,-0.3471429436951366
70.96,70.96,82290.134548264,0.28,7,astribot_arm_left_joint_3,-0.5925026372104614,-0.5961402740347996,0.003637636824338264,0.003637636824338264,0.05301380746693867,0.03463008456196297,0.1911828714773901,-0.5925026372104614,0.053013807466931705,0.19118287147476618
70.96,70.96,82290.134548264,0.28,7,astribot_arm_left_joint_4,0.994023458589636,0.9966904538792906,-0.002666995289654528,-0.002666995289654528,-0.03886797419989086,-0.025389635215587732,-0.14016897240293355,0.994023458589636,-0.03886797419990314,-0.14016897240553738
70.96,70.96,82290.134548264,0.28,7,astribot_arm_left_joint_5,-0.023356752409201632,-0.012024316456355929,-0.011332435952845703,-0.011332435952845703,-0.16515545773720952,-0.10788411054785309,-0.5955975652122802,-0.023356752409201625,-0.16515545773720872,-0.5955975652120704
70.96,70.96,82290.134548264,0.28,7,astribot_arm_left_joint_6,-0.0054147038633428225,-0.0027875498997719872,-0.0026271539635708352,-0.0026271539635708352,-0.03828733887282962,-0.02501034816853596,-0.13807503623285894,-0.0054147038633428225,-0.038287338872829486,-0.13807503623279796
70.96,70.96,82290.134548264,0.28,7,astribot_arm_left_joint_7,-0.020643102683592297,-0.01062729935773174,-0.010015803325860557,-0.010015803325860557,-0.1459672564189246,-0.09534984701545576,-0.5263994524609995,-0.020643102683592297,-0.14596725641892447,-0.5263994524609463
70.99,70.99,82290.165653552,0.31,9,astribot_arm_left_joint_1,0.003827995293595833,0.0020869726358500704,0.0017410226577457624,0.0017410226577457624,0.024552845055878722,0.016650926225304445,0.07804933666682531,0.0038279952935958324,0.02455284505587872,0.07804933666682214
70.99,70.99,82290.165653552,0.31,9,astribot_arm_left_joint_2,-0.5157121157870903,-0.5081274617327437,-0.007584654054346607,-0.007584654054346607,-0.10693123194342011,-0.07254217133319321,-0.33991627867042506,-0.5157121157870903,-0.10693123194341966,-0.3399162786697793
70.99,70.99,82290.165653552,0.31,9,astribot_arm_left_joint_3,-0.5908184758400166,-0.5949955906579651,0.0041771148179485795,0.0041771148179485795,0.05889049552806118,0.03995132516420326,0.18720291279793427,-0.5908184758400166,0.05889049552806132,0.18720291279828988
70.99,70.99,82290.165653552,0.31,9,astribot_arm_left_joint_4,0.9927886870494903,0.995851209801697,-0.0030625227522066423,-0.0030625227522066423,-0.04317656795792202,-0.029290993227868403,-0.13725099804019683,0.9927886870494903,-0.04317656795792255,-0.1372509980410164
70.99,70.99,82290.165653552,0.31,9,astribot_arm_left_joint_5,-0.028603469355775332,-0.015590381903313091,-0.01301308745246224,-0.01301308745246224,-0.18346327513591348,-0.12446152631648677,-0.583198684082895,-0.02860346935577533,-0.18346327513591348,-0.5831986840829295
70.99,70.99,82290.165653552,0.31,9,astribot_arm_left_joint_6,-0.006631029575224075,-0.0036142567981130073,-0.003016772777111068,-0.003016772777111068,-0.042531568027408394,-0.0288534251327152,-0.13520065248585764,-0.006631029575224074,-0.0425315680274084,-0.13520065248586086
70.99,70.99,82290.165653552,0.31,9,astribot_arm_left_joint_7,-0.025280242069664786,-0.013779049815454626,-0.01150119225421016,-0.01150119225421016,-0.16214802279093085,-0.11000125442933083,-0.5154411063917579,-0.025280242069664782,-0.16214802279093085,-0.5154411063917862
71.01,71.01,82290.186019337,0.33,10,astribot_arm_left_joint_1,0.00433288921401921,0.0024427057172336565,0.0018901834967855534,0.0018901834967855534,0.02584733393414153,0.01816308151233564,0.06192899076863792,0.004332889214019211,0.025847333934141525,0.06192899076866278
71.01,71.01,82290.186019337,0.33,10,astribot_arm_left_joint_2,-0.5179110026691907,-0.5096771580173164,-0.008233844651874267,-0.008233844651874267,-0.11256892037319766,-0.07912308796445484,-0.26970981411090017,-0.5179110026691907,-0.11256892037319939,-0.2697098141105642
71.01,71.01,82290.186019337,0.33,10,astribot_arm_left_joint_3,-0.5896074775587514,-0.5941421226816231,0.004534645122871717,0.004534645122871717,0.06199535328784439,0.043575649266941005,0.14853793707623242,-0.5896074775587514,0.06199535328784188,0.1485379370746161
71.01,71.01,82290.186019337,0.33,10,astribot_arm_left_joint_4,0.9919008230721351,0.9952254752456631,-0.0033246521735279533,-0.0033246521735279533,-0.045452947208323574,-0.03194822805949076,-0.10890311377667135,0.9919008230721352,-0.045452947208306345,-0.10890311376965459
71.01,71.01,82290.186019337,0.33,10,astribot_arm_left_joint_5,-0.032376127555925796,-0.018249215535677942,-0.014126912020247854,-0.014126912020247854,-0.1931359289034361,-0.1357524887093255,-0.4627445595992988,-0.03237612755592579,-0.19313592890343495,-0.4627445595988559
71.01,71.01,82290.186019337,0.33,10,astribot_arm_left_joint_6,-0.0075056300573368515,-0.004230643720366565,-0.0032749863369702864,-0.0032749863369702864,-0.04477394122942465,-0.03147096444532629,-0.10727624752862573,-0.0075056300573368515,-0.044773941229424595,-0.10727624752861983
71.01,71.01,82290.186019337,0.33,10,astribot_arm_left_joint_7,-0.028614582783724345,-0.016128973069059752,-0.012485609714664593,-0.012485609714664593,-0.17069688186031742,-0.11998040271310897,-0.4089816631731079,-0.028614582783724342,-0.17069688186031676,-0.408981663172869
71.03,71.03,82290.208692668,0.35000000000000003,11,astribot_arm_left_joint_1,0.004863175146554835,0.0028280079010594805,0.0020351672454953546,0.0020351672454953546,0.02721701466186101,0.01962838336610402,0.057311384064337716,0.004863175146554833,0.027217014661860522,0.05731138406414919
71.03,71.03,82290.208692668,0.35000000000000003,11,astribot_arm_left_joint_2,-0.520220475478523,-0.5113555510000121,-0.00886492447851095,-0.00886492447851095,-0.11853408030684115,-0.08550085180148902,-0.24959946142057865,-0.5202204754785229,-0.11853408030683692,-0.24959946142346123
71.03,71.03,82290.208692668,0.35000000000000003,11,astribot_arm_left_joint_3,-0.5883355760227986,-0.5932177772620445,0.004882201239245876,0.004882201239245876,0.06528056021956255,0.04708809054118224,0.1374625139923282,-0.5883355760227986,0.06528056021955571,0.1374625139876924
71.03,71.03,82290.208692668,0.35000000000000003,11,astribot_arm_left_joint_4,0.9909683068382263,0.994547775687162,-0.003579468848935674,-0.003579468848935674,-0.04786155252007054,-0.0345234340931646,-0.100782979043156,0.9909683068382263,-0.04786155252009204,-0.100782979046549
71.03,71.03,82290.208692668,0.35000000000000003,11,astribot_arm_left_joint_5,-0.03633851943841738,-0.021128855730413357,-0.015209663708004022,-0.015209663708004022,-0.20337042969655875,-0.1466948992685169,-0.42824097162862873,-0.03633851943841738,-0.20337042969655927,-0.42824097162876745
71.03,71.03,82290.208692668,0.35000000000000003,11,astribot_arm_left_joint_6,-0.008424215751267115,-0.004898219357753114,-0.003525996393514001,-0.003525996393514001,-0.047146565213090554,-0.03400770036001997,-0.09927741671159411,-0.008424215751267113,-0.047146565213090484,-0.09927741671164524
71.03,71.03,82290.208692668,0.35000000000000003,11,astribot_arm_left_joint_7,-0.03211661341515656,-0.01867404899001993,-0.013442564425136628,-0.013442564425136628,-0.17974231107020971,-0.12965149484451602,-0.3784867940255325,-0.032116613415156564,-0.17974231107021124,-0.37848679402577595
71.05,71.05,82290.227887454,0.37,12,astribot_arm_left_joint_1,0.0054174386951790785,0.0032421433216254163,0.0021752953735536622,0.0021752953735536622,0.02825338652482973,0.021061869553030986,0.05724128745266525,0.005417438695179078,0.02825338652482971,0.057241287452661056
71.05,71.05,82290.227887454,0.37,12,astribot_arm_left_joint_2,-0.5226343743134982,-0.5131594512810778,-0.00947492303242048,-0.00947492303242048,-0.12304763137621459,-0.09174078337217262,-0.24929418043167975,-0.5226343743134984,-0.12304763137623835,-0.24929418042634585
71.05,71.05,82290.227887454,0.37,12,astribot_arm_left_joint_3,-0.5870061636896312,-0.5922243109050496,0.005218147215418356,0.005218147215418356,0.06776631909695685,0.05052462311887652,0.1372943858644327,-0.5870061636896314,0.06776631909688512,0.13729438584761453
71.05,71.05,82290.227887454,0.37,12,astribot_arm_left_joint_4,0.9899936255856325,0.993819398938301,-0.0038257733526684268,-0.0038257733526684268,-0.04968402890028499,-0.03704298637532509,-0.10065971313351227,0.989993625585634,-0.04968402889988259,-0.10065971304355968
71.05,71.05,82290.227887454,0.37,12,astribot_arm_left_joint_5,-0.040480076381722026,-0.024223830393787334,-0.01625624598793469,-0.01625624598793469,-0.21111438669243623,-0.15740082925481627,-0.4277171971391512,-0.040480076381722,-0.21111438669243093,-0.42771719713758755
71.05,71.05,82290.227887454,0.37,12,astribot_arm_left_joint_6,-0.009384336575138017,-0.005615715136348211,-0.0037686214387898063,-0.0037686214387898063,-0.048941816243726566,-0.036489613915488245,-0.09915599213617993,-0.009384336575138012,-0.04894181624372446,-0.09915599213567353
71.05,71.05,82290.227887454,0.37,12,astribot_arm_left_joint_7,-0.03577699323305417,-0.02140944124704117,-0.014367551986013003,-0.014367551986013003,-0.18658655450000314,-0.13911358134646284,-0.3780238730486792,-0.03577699323305418,-0.1865865545000109,-0.37802387305118423
71.07,71.07,82290.247940532,0.39,14,astribot_arm_left_joint_1,0.005994103476934496,0.0036839883739512615,0.0023101151029832345,0.0023101151029832345,0.02942961456147387,0.022431551448334978,0.0604128027340067,0.005994103476934496,0.029429614561473832,0.06041280273398301
71.07,71.07,82290.247940532,0.39,14,astribot_arm_left_joint_2,-0.5251458337957359,-0.515083977872902,-0.010061855922833818,-0.010061855922833818,-0.12817027654091265,-0.09770342890891996,-0.2631065934202792,-0.5251458337957359,-0.128170276540915,-0.2631065934218073
71.07,71.07,82290.247940532,0.39,14,astribot_arm_left_joint_3,-0.5856230215456613,-0.5911644117287247,0.005541390183063433,0.005541390183063433,0.07058752583583415,0.05380844528986837,0.14490132940505068,-0.5856230215456613,0.07058752583583289,0.1449013294038253
71.07,71.07,82290.247940532,0.39,14,astribot_arm_left_joint_4,0.9889795514088229,0.9930423158385558,-0.004062764429732968,-0.004062764429732968,-0.05175244458216412,-0.03945057642655626,-0.1062368730288203,0.9889795514088229,-0.051752444582168794,-0.10623687303184562
71.07,71.07,82290.247940532,0.39,14,astribot_arm_left_joint_5,-0.044789019368801815,-0.027525765153255003,-0.017263254215546812,-0.017263254215546812,-0.21990337417711198,-0.16763101606486164,-0.4514153298524127,-0.044789019368801815,-0.21990337417711206,-0.451415329852441
71.07,71.07,82290.247940532,0.39,14,astribot_arm_left_joint_6,-0.010383261845851952,-0.006381189658369976,-0.004002072187481976,-0.004002072187481976,-0.05097933257400825,-0.03886123780535031,-0.10464983684624551,-0.010383261845851952,-0.050979332574008156,-0.10464983684618064
71.07,71.07,82290.247940532,0.39,14,astribot_arm_left_joint_7,-0.03958531173797697,-0.024327748424506572,-0.015257563313470397,-0.015257563313470397,-0.1943544139907978,-0.14815519778260305,-0.39896869353749087,-0.03958531173797697,-0.1943544139907979,-0.3989686935376019
71.09,71.09,82290.26896804,0.41000000000000003,15,astribot_arm_left_joint_1,0.006595642198570343,0.004152649738574307,0.002442992459996036,0.002442992459996036,0.03072561136412823,0.023764985383776853,0.038324580344671164,0.006595642198570342,0.03072561136412815,0.03832458034471131
71.09,71.09,82290.26896804,0.41000000000000003,15,astribot_arm_left_joint_2,-0.5277656229248492,-0.5171252503444738,-0.010640372580375423,-0.010640372580375423,-0.1338145322021077,-0.10350868797959327,-0.16690915375732035,-0.527765622924849,-0.13381453220201633,-0.16690915373116644
71.09,71.09,82290.26896804,0.41000000000000003,15,astribot_arm_left_joint_3,-0.5841802187537312,-0.5900402168122056,0.00585999805847448,0.00585999805847448,0.07369600038280487,0.057005589632601834,0.09192228120815982,-0.5841802187537312,0.07369600038277035,0.09192228119662152
71.09,71.09,82290.26896804,0.41000000000000003,15,astribot_arm_left_joint_4,0.9879217360137063,0.9922180932238289,-0.00429635721012267,-0.00429635721012267,-0.05403147554145866,-0.04179461715434064,-0.06739438314698915,0.987921736013706,-0.054031475541542716,-0.06739438317418246
71.09,71.09,82290.26896804,0.41000000000000003,15,astribot_arm_left_joint_5,-0.049283824909309215,-0.031028002303962306,-0.01825582260534691,-0.01825582260534691,-0.22958729542695583,-0.17759117291270934,-0.2863681586493282,-0.049283824909309194,-0.22958729542695075,-0.28636815864905774
71.09,71.09,82290.26896804,0.41000000000000003,15,astribot_arm_left_joint_6,-0.011425274899823862,-0.007193099494339708,-0.004232175405484154,-0.004232175405484154,-0.05322431787204278,-0.041170261713285104,-0.06638760161331081,-0.011425274899823864,-0.053224317872043736,-0.0663876016137549
71.09,71.09,82290.26896804,0.41000000000000003,15,astribot_arm_left_joint_7,-0.0435578987894349,-0.02742308632745938,-0.01613481246197552,-0.01613481246197552,-0.20291323145636908,-0.15695815705741756,-0.2530971426329025,-0.04355789878943489,-0.20291323145637064,-0.2530971426343438
71.12,71.12,82290.301534032,0.44,17,astribot_arm_left_joint_1,0.007536341556947075,0.00490476700651606,0.0026315745504310144,0.0026315745504310144,0.032058846844273195,0.025704403999617195,0.048892165820181605,0.007536341556947075,0.032058846844273105,0.04889216582014857
71.12,71.12,82290.301534032,0.44,17,astribot_arm_left_joint_2,-0.5318625062412494,-0.5204010432673939,-0.01146146297385553,-0.01146146297385553,-0.13962096775093585,-0.11195278201491587,-0.2129325343365045,-0.5318625062412499,-0.13962096775105748,-0.2129325343614784
71.12,71.12,82290.301534032,0.44,17,astribot_arm_left_joint_3,-0.5819239323139452,-0.588236131467039,0.006312199153093778,0.006312199153093778,0.0768937926510346,0.06165602592615339,0.1172688487476344,-0.5819239323139455,0.0768937926509457,0.11726884872453011
71.12,71.12,82290.301534032,0.44,17,astribot_arm_left_joint_4,0.9862675012526233,0.9908953973829644,-0.0046278961303410915,-0.0046278961303410915,-0.05637599130645922,-0.0452041635823795,-0.08597764999984964,0.9862675012526227,-0.05637599130667616,-0.08597765005797726
71.12,71.12,82290.301534032,0.44,17,astribot_arm_left_joint_5,-0.056312899740078096,-0.03664832189991223,-0.019664577840165863,-0.019664577840165863,-0.23954947077394123,-0.19207881248339076,-0.36533105834749346,-0.05631289974007818,-0.23954947077396677,-0.3653310583532449
71.12,71.12,82290.301534032,0.44,17,astribot_arm_left_joint_6,-0.013054797615545167,-0.008496036036006674,-0.004558761579538493,-0.004558761579538493,-0.05553380972080558,-0.044528874097535226,-0.08469325945258063,-0.013054797615545148,-0.055533809720800804,-0.08469325945145295
71.12,71.12,82290.301534032,0.44,17,astribot_arm_left_joint_7,-0.049770316969663754,-0.03239042221117532,-0.01737989475848843,-0.01737989475848843,-0.21171797471638082,-0.16976258404366584,-0.32288592216500683,-0.04977031696966381,-0.21171797471639775,-0.32288592216767487
71.14,71.14,82290.322051658,0.46,19,astribot_arm_left_joint_1,0.008187407091641835,0.005437069308183305,0.00275033778345853,0.00275033778345853,0.033057520785037715,0.026914484613676983,0.051363975041053105,0.008187407091641835,0.03305752078503763,0.051363975041045645
71.14,71.14,82290.322051658,0.46,19,astribot_arm_left_joint_2,-0.534697991886289,-0.5227194061147348,-0.011978585771554195,-0.011978585771554195,-0.1439703388546107,-0.11722165504631255,-0.22369762511227373,-0.534697991886289,-0.1439703388545974,-0.22369762510832347
71.14,71.14,82290.322051658,0.46,19,astribot_arm_left_joint_3,-0.5803623384590518,-0.5869593338989288,0.006596995439877018,0.006596995439877018,0.07928913229932043,0.06455776509078555,0.12319753314529171,-0.5803623384590518,0.0792891322993102,0.12319753313959496
71.14,71.14,82290.322051658,0.46,19,astribot_arm_left_joint_4,0.9851225921701994,0.9899592915399097,-0.004836699369710318,-0.004836699369710318,-0.05813217529156287,-0.0473316229816717,-0.0903243658145519,0.9851225921701993,-0.058132175291591065,-0.0903243658281525
71.14,71.14,82290.322051658,0.46,19,astribot_arm_left_joint_5,-0.0611777785372755,-0.040625966533747615,-0.020551812003527882,-0.020551812003527882,-0.24701174211354426,-0.2011186849793243,-0.38380086151258097,-0.0611777785372755,-0.24701174211354476,-0.3838008615125921
71.14,71.14,82290.322051658,0.46,19,astribot_arm_left_joint_6,-0.0141826032941193,-0.009418157715159243,-0.004764445578960058,-0.004764445578960058,-0.05726375867588845,-0.04662455211109194,-0.08897504112677976,-0.014182603294119299,-0.057263758675887524,-0.08897504112639441
71.14,71.14,82290.322051658,0.46,19,astribot_arm_left_joint_7,-0.0540699811803822,-0.03590593348859681,-0.01816404769178539,-0.01816404769178539,-0.2183132594803134,-0.177752180055817,-0.3392098543627305,-0.05406998118038219,-0.21831325948031238,-0.33920985436254697
71.19,71.19,82290.373048562,0.51,23,astribot_arm_left_joint_1,0.009906797374462392,0.006870044456094564,0.003036752918367828,0.003036752918367828,0.03549995808989557,0.029812207429158872,0.029729241749022427,0.009906797374462392,0.03549995808989525,0.02972924174876148
71.19,71.19,82290.373048562,0.51,23,astribot_arm_left_joint_2,-0.5421861880898295,-0.5289604118496026,-0.013225776240226916,-0.013225776240226916,-0.154607510610417,-0.12983955800207309,-0.1294751967775201,-0.5421861880898294,-0.15460751061039898,-0.1294751967727095
71.19,71.19,82290.373048562,0.51,23,astribot_arm_left_joint_3,-0.5762383460854188,-0.5835222097430199,0.007283863657601142,0.007283863657601142,0.08514736758130644,0.07150685324787776,0.07130618771470194,-0.5762383460854188,0.08514736758128888,0.07130618770557776
71.19,71.19,82290.373048562,0.51,23,astribot_arm_left_joint_4,0.9820990170519825,0.9874393055327051,-0.005340288480722544,-0.005340288480722544,-0.062427240080823565,-0.052426465101211864,-0.05227934372814795,0.9820990170519824,-0.0624272400808707,-0.05227934374947493
71.19,71.19,82290.373048562,0.51,23,astribot_arm_left_joint_5,-0.0740253720363269,-0.051333739477693895,-0.02269163255863301,-0.02269163255863301,-0.26526207303216265,-0.22276738161846643,-0.22214224242183672,-0.0740253720363269,-0.2652620730321618,-0.22214224242143651
71.19,71.19,82290.373048562,0.51,23,astribot_arm_left_joint_6,-0.01716101026133706,-0.01190049851630721,-0.005260511745029851,-0.005260511745029851,-0.06149466096634873,-0.05164328413293605,-0.051498360576131996,-0.01716101026133706,-0.06149466096634803,-0.05149836057547972
71.19,71.19,82290.373048562,0.51,23,astribot_arm_left_joint_7,-0.06542490702016958,-0.04536964882912659,-0.020055258191042986,-0.020055258191042986,-0.23444321830473266,-0.19688567341152402,-0.19633316455819075,-0.06542490702016956,-0.2344432183047243,-0.19633316455471958
71.21,71.21,82290.3909247,0.53,25,astribot_arm_left_joint_1,0.010622816355153953,0.007482677276270891,0.0031401390788830625,0.0031401390788830625,0.03610512919369521,0.030895752785450863,0.03061088596180442,0.010622816355153953,0.03610512919369519,0.03061088596176786
71.21,71.21,82290.3909247,0.53,25,astribot_arm_left_joint_2,-0.5453045554939315,-0.5316285692747089,-0.013675986219222613,-0.013675986219222613,-0.15724311929520196,-0.13455798015941506,-0.13331488629328558,-0.5453045554939315,-0.15724311929520246,-0.13331488629209043
71.21,71.21,82290.3909247,0.53,25,astribot_arm_left_joint_3,-0.574520960076406,-0.5820527689626186,0.007531808886212632,0.007531808886212632,0.08659888271531685,0.07410544127392492,0.07342082918531492,-0.574520960076406,0.08659888271531581,0.07342082918389978
71.21,71.21,82290.3909247,0.53,25,astribot_arm_left_joint_4,0.9808398863032389,0.986361960043547,-0.005522073740308109,-0.005522073740308109,-0.06349144307770559,-0.05433166408945756,-0.05382972909555067,0.9808398863032389,-0.06349144307770997,-0.05382972909954024
71.21,71.21,82290.3909247,0.53,25,astribot_arm_left_joint_5,-0.07937559466666522,-0.05591153111904697,-0.02346406354761825,-0.02346406354761825,-0.2697840203856389,-0.23086283854646503,-0.22873004658208168,-0.07937559466666522,-0.2697840203856392,-0.22873004658252072
71.21,71.21,82290.3909247,0.53,25,astribot_arm_left_joint_6,-0.018401331287959077,-0.012961749910968294,-0.005439581376990783,-0.005439581376990783,-0.06254296619985139,-0.0535200220074282,-0.05302558525082373,-0.018401331287959077,-0.06254296619985145,-0.053025585250878624
71.21,71.21,82290.3909247,0.53,25,astribot_arm_left_joint_7,-0.07015352652376211,-0.04941558043495457,-0.020737946088807538,-0.020737946088807538,-0.23843979376097055,-0.20404057857398505,-0.20215558006726217,-0.07015352652376211,-0.2384397937609707,-0.20215558006757825
71.23,71.23,82290.411805197,0.55,26,astribot_arm_left_joint_1,0.011351138498637543,0.008115563375842526,0.0032355751227950164,0.0032355751227950164,0.03673108178853164,0.03188721911969013,0.03193286238747029,0.011351138498637536,0.03673108178852811,0.03193286238623988
71.23,71.23,82290.411805197,0.55,26,astribot_arm_left_joint_2,-0.5484765049717669,-0.5343849228382964,-0.014091582133470504,-0.014091582133470504,-0.15996923441352137,-0.1388754942175701,-0.1390722870085137,-0.5484765049717669,-0.15996923441348468,-0.13907228700701108
71.23,71.23,82290.411805197,0.55,26,astribot_arm_left_joint_3,-0.5727740646825655,-0.5805347557099453,0.007760691027379751,0.007760691027379751,0.0881002426756597,0.07648323621463457,0.07659161627105458,-0.5727740646825649,0.08810024267596732,0.07659161637848398
71.23,71.23,82290.411805197,0.55,26,astribot_arm_left_joint_4,0.9795591202473382,0.9852490028205911,-0.00568988257325298,-0.00568988257325298,-0.06459219065627274,-0.05607498487359952,-0.056154445550222844,0.9795591202473374,-0.06459219065656441,-0.05615444563660827
71.23,71.23,82290.411805197,0.55,26,astribot_arm_left_joint_5,-0.08481774874263508,-0.060640641997313706,-0.02417710674532137,-0.02417710674532137,-0.27446125077855543,-0.2382704523479539,-0.2386080922391168,-0.08481774874263506,-0.27446125077855277,-0.23860809224059937
71.23,71.23,82290.411805197,0.55,26,astribot_arm_left_joint_6,-0.019662964419310713,-0.014058081047959149,-0.005604883371351564,-0.005604883371351564,-0.06362727008840008,-0.055237299920741306,-0.05531557364421212,-0.019662964419310716,-0.06362727008840245,-0.05531557364540753
71.23,71.23,82290.411805197,0.55,26,astribot_arm_left_joint_7,-0.07496339663258034,-0.053595250605390485,-0.021368146027189852,-0.021368146027189852,-0.2425736110592269,-0.2105875560578934,-0.21088596805365456,-0.0749633966325803,-0.24257361105921077,-0.2108859680501663
71.25,71.25,82290.431080057,0.5700000000000001,28,astribot_arm_left_joint_1,0.012092195878969182,0.008767213543646946,0.003324982335322236,0.003324982335322236,0.03737856294947899,0.03280926550381151,0.03308955434268875,0.012092195878969184,0.03737856294947836,0.033089554342009324
71.25,71.25,82290.431080057,0.5700000000000001,28,astribot_arm_left_joint_2,-0.5517039182690561,-0.5372229886805554,-0.014480929588500668,-0.014480929588500668,-0.16278910958644405,-0.14289076294226133,-0.14410984965857368,-0.5517039182690562,-0.16278910958652396,-0.1441098496816096
71.25,71.25,82290.431080057,0.5700000000000001,28,astribot_arm_left_joint_3,-0.5709966235655315,-0.578971740856767,0.007975117291235456,0.007975117291235456,0.08965323933807595,0.07869457485317195,0.07936596548118362,-0.5709966235655318,0.089653239337922,0.07936596543385036
71.25,71.25,82290.431080057,0.5700000000000001,28,astribot_arm_left_joint_4,0.9782559590751881,0.9841030519091802,-0.005847092833992096,-0.005847092833992096,-0.06573079656098797,-0.0576962653899668,-0.058188506884048405,0.9782559590751884,-0.06573079656083373,-0.05818850681037498
71.25,71.25,82290.431080057,0.5700000000000001,28,astribot_arm_left_joint_5,-0.09035506279931022,-0.06550994767172486,-0.02484511512758536,-0.02484511512758536,-0.27929934649032684,-0.24515949998535855,-0.24725110261521663,-0.09035506279931023,-0.27929934649032784,-0.24725110261398509
71.25,71.25,82290.431080057,0.5700000000000001,28,astribot_arm_left_joint_6,-0.020946658113954138,-0.015186912992017819,-0.005759745121936319,-0.005759745121936319,-0.06474886674983703,-0.05683436068394737,-0.05731924867723798,-0.02094665811395414,-0.06474886674983789,-0.057319248677420484
71.25,71.25,82290.431080057,0.5700000000000001,28,astribot_arm_left_joint_7,-0.07985737078188698,-0.05789882736684642,-0.02195854341504056,-0.02195854341504056,-0.24684960391475777,-0.21667621577696294,-0.2185248104370736,-0.079857370781887,-0.24684960391476557,-0.2185248104397822
71.27,71.27,82290.451117669,0.5900000000000001,30,astribot_arm_left_joint_1,0.012846441905191998,0.009436504710542944,0.003409937194649054,0.003409937194649054,0.038049563566264134,0.03367929328773936,0.0341280590655984,0.012846441905192001,0.03804956356626349,0.03412805906529117
71.27,71.27,82290.451117669,0.5900000000000001,30,astribot_arm_left_joint_2,-0.5549887700485091,-0.5401378771879348,-0.014850892860574283,-0.014850892860574283,-0.16571141543029697,-0.14667955490410442,-0.148632689678133,-0.554988770048509,-0.1657114154302664,-0.1486326896689172
71.27,71.27,82290.451117669,0.5900000000000001,30,astribot_arm_left_joint_3,-0.5691875492145455,-0.5773664172717582,0.008178868057212685,0.008178868057212685,0.09126264789046609,0.08078118539735102,0.0818568400118873,-0.5691875492145456,0.09126264789046196,0.08185684001963969
71.27,71.27,82290.451117669,0.5900000000000001,30,astribot_arm_left_joint_4,0.9769296054597892,0.9829260816317641,-0.005996476171974852,-0.005996476171974852,-0.06691076180171232,-0.05922609938350996,-0.0600147338603711,0.9769296054597892,-0.06691076180169132,-0.06001473385837528
71.27,71.27,82290.451117669,0.5900000000000001,30,astribot_arm_left_joint_5,-0.09599092479062572,-0.0705110589701016,-0.025479865820524125,-0.025479865820524125,-0.28431318380708454,-0.25165997855928113,-0.2550109967265255,-0.09599092479062574,-0.2843131838070807,-0.25501099672557614
71.27,71.27,82290.451117669,0.5900000000000001,30,astribot_arm_left_joint_6,-0.02225319778789785,-0.01634630091442002,-0.00590689687347783,-0.00590689687347783,-0.06591120489494146,-0.05834134101255502,-0.0591181943476018,-0.022253197787897847,-0.06591120489493975,-0.059118194346708126
71.27,71.27,82290.451117669,0.5900000000000001,30,astribot_arm_left_joint_7,-0.08483844330409818,-0.06231889622352919,-0.02251954708056899,-0.02251954708056899,-0.25128092024717763,-0.22242145142213363,-0.22538313937050075,-0.08483844330409818,-0.2512809202471731,-0.22538313936870463
71.29,71.29,82290.47098023,0.61,32,astribot_arm_left_joint_1,0.013614353578080817,0.010122614457803956,0.0034917391202768603,0.0034917391202768603,0.038745421957870604,0.03451160273108252,0.03526329792770465,0.013614353578080813,0.0387454219578702,0.035263297927455986
71.29,71.29,82290.47098023,0.61,32,astribot_arm_left_joint_2,-0.5583331377182784,-0.5431260078352197,-0.015207129883058723,-0.015207129883058723,-0.1687419805197221,-0.1503041361739865,-0.15357682098592948,-0.5583331377182784,-0.16874198051971515,-0.1535768209829284
71.29,71.29,82290.47098023,0.61,32,astribot_arm_left_joint_3,-0.5673456975335983,-0.5757207568662157,0.008375059332617396,0.008375059332617396,0.09293167831876395,0.08277735979070959,0.08457973341085095,-0.5673456975335983,0.0929316783187404,0.08457973339438299
71.29,71.29,82290.47098023,0.61,32,astribot_arm_left_joint_4,0.9755792205877019,0.9817195377286326,-0.006140317140930773,-0.006140317140930773,-0.06813443983435653,-0.060689628575639004,-0.062011069416891836,0.9755792205877017,-0.06813443983436937,-0.06201106942674376
71.29,71.29,82290.47098023,0.61,32,astribot_arm_left_joint_5,-0.10172889895218012,-0.0756378327397767,-0.026091066212403424,-0.026091066212403424,-0.2895127628890359,-0.2578787187597468,-0.26349370572559316,-0.1017288989521801,-0.28951276288903527,-0.26349370572533426
71.29,71.29,82290.47098023,0.61,32,astribot_arm_left_joint_6,-0.023583409723833625,-0.017534820672293294,-0.006048589051540331,-0.006048589051540331,-0.06711660282144122,-0.05978300704440794,-0.06108470734266399,-0.023583409723833618,-0.06711660282144152,-0.06108470734292742
71.29,71.29,82290.47098023,0.61,32,astribot_arm_left_joint_7,-0.0899097643324197,-0.06685002775062363,-0.02305973658179608,-0.02305973658179608,-0.2558763983713893,-0.22791768180909874,-0.23288030462561224,-0.08990976433241968,-0.25587639837138887,-0.23288030462536236
71.31,71.31,82290.493051402,0.63,34,astribot_arm_left_joint_1,0.01439643496614719,0.010824968576182054,0.0035714663899651354,0.0035714663899651354,0.039467270980458616,0.03531802058668005,0.036591509623794566,0.014396434966147188,0.03946727098045851,0.03659150962366467
71.31,71.31,82290.493051402,0.63,34,astribot_arm_left_joint_2,-0.5617392165704695,-0.5461848808523398,-0.015554335718129697,-0.015554335718129697,-0.17188573860913126,-0.15381600293278286,-0.15936137722113114,-0.5617392165704695,-0.17188573860912879,-0.1593613772181335
71.31,71.31,82290.493051402,0.63,34,astribot_arm_left_joint_3,-0.5654698595041691,-0.5740361363445448,0.008566276840375697,0.008566276840375697,0.09466304780118476,0.08471145864926989,0.0877654760197333,-0.5654698595041691,0.09466304780118245,0.08776547601762558
71.31,71.31,82290.493051402,0.63,34,astribot_arm_left_joint_4,0.9742039180464434,0.9804844295540259,-0.006280511507582576,-0.006280511507582576,-0.06940382280437381,-0.06210764603411987,-0.06434675078440023,0.9742039180464434,-0.06940382280437629,-0.06434675078807528
71.31,71.31,82290.493051402,0.63,34,astribot_arm_left_joint_5,-0.10757275177457001,-0.08088598009343685,-0.026686771681133162,-0.026686771681133162,-0.2949065486412064,-0.26390407323947845,-0.2734183424542722,-0.10757275177457,-0.29490654864120663,-0.27341834245469243
71.31,71.31,82290.493051402,0.63,34,astribot_arm_left_joint_6,-0.024938167092432368,-0.018751477989794468,-0.0061866891026379,-0.0061866891026379,-0.06836702291491177,-0.06117984122678334,-0.0633854967621625,-0.024938167092432368,-0.0683670229149116,-0.06338549676196166
71.31,71.31,82290.493051402,0.63,34,astribot_arm_left_joint_7,-0.0950746627565307,-0.07148843135517698,-0.023586231401353727,-0.023586231401353727,-0.260643519717198,-0.2332429945438763,-0.2416518706046147,-0.0950746627565307,-0.2606435197171978,-0.24165187060437704
71.34,71.34,82290.52335086,0.66,36,astribot_arm_left_joint_1,0.015597299630142608,0.011908201154472156,0.0036890984756704527,0.0036890984756704527,0.04060163543712387,0.0365001992728614,0.038922366983821004,0.015597299630142595,0.04060163543711876,0.03892236698233101
71.34,71.34,82290.52335086,0.66,36,astribot_arm_left_joint_2,-0.5669691578512499,-0.5509025380886577,-0.01606661976259216,-0.01606661976259216,-0.1768260617587905,-0.15896433186349423,-0.16951260190792827,-0.56696915785125,-0.17682606175894827,-0.16951260198554474
71.34,71.34,82290.52335086,0.66,36,astribot_arm_left_joint_3,-0.562589561316163,-0.5714379695850823,0.008848408268919306,0.008848408268919306,0.0973838438968635,0.08754681027059853,0.09335608458619889,-0.5625895613161634,0.09738384389670181,0.09335608453899569
71.34,71.34,82290.52335086,0.66,36,astribot_arm_left_joint_4,0.9720921784637092,0.978579539424574,-0.006487360960864774,-0.006487360960864774,-0.07139862071600897,-0.06418643227723295,-0.06844560034438525,0.9720921784637081,-0.07139862071641338,-0.06844560046994501
71.34,71.34,82290.52335086,0.66,36,astribot_arm_left_joint_5,-0.11654582857076926,-0.088980124636765,-0.02756570393400426,-0.02756570393400426,-0.30338272392521,-0.272737126688369,-0.2908349279147432,-0.11654582857076945,-0.30338272392529614,-0.2908349279436864
71.34,71.34,82290.52335086,0.66,36,astribot_arm_left_joint_6,-0.02701836012229076,-0.020627911619400842,-0.006390448502889917,-0.006390448502889917,-0.07033202122555837,-0.06322757319570736,-0.06742311513506032,-0.02701836012229074,-0.07033202122555546,-0.0674231151349774
71.34,71.34,82290.52335086,0.66,36,astribot_arm_left_joint_7,-0.10300522357191494,-0.07864217660955443,-0.02436304696236051,-0.02436304696236051,-0.2681349103627069,-0.24104980029725856,-0.25704495076867073,-0.10300522357191486,-0.26813491036268666,-0.25704495076490125
71.37,71.37,82290.554135214,0.6900000000000001,39,astribot_arm_left_joint_1,0.016833183418833674,0.013026654695787912,0.003806528723045762,0.003806528723045762,0.041802923779610174,0.03767278203083037,0.04136111371332751,0.016833183418833664,0.04180292377960582,0.04136111371181041
71.37,71.37,82290.554135214,0.6900000000000001,39,astribot_arm_left_joint_2,-0.5723516125428699,-0.555773582108321,-0.016578030434548974,-0.016578030434548974,-0.18205784822151536,-0.16407093204483553,-0.18013370076715332,-0.5723516125428701,-0.18205784822153953,-0.18013370074609425
71.37,71.37,82290.554135214,0.6900000000000001,39,astribot_arm_left_joint_3,-0.5596252690491987,-0.5687553277521151,0.009130058702916388,0.009130058702916388,0.10026515828627568,0.09035918051705101,0.09920546794542498,-0.5596252690491991,0.1002651582861416,0.09920546790173494
71.37,71.37,82290.554135214,0.6900000000000001,39,astribot_arm_left_joint_4,0.9699188571940515,0.9766127149588764,-0.006693857764824895,-0.006693857764824895,-0.07351110534461555,-0.0662483693346775,-0.07273417530695683,0.9699188571940521,-0.07351110534450546,-0.07273417532324795
71.37,71.37,82290.554135214,0.6900000000000001,39,astribot_arm_left_joint_5,-0.12578057456638098,-0.09733743683582718,-0.02844313773055379,-0.02844313773055379,-0.31235896652344225,-0.2814985855910536,-0.3090576822336114,-0.12578057456638092,-0.31235896652340234,-0.3090576822191165
71.37,71.37,82290.554135214,0.6900000000000001,39,astribot_arm_left_joint_6,-0.029159214891383962,-0.022565354369461242,-0.00659386052192272,-0.00659386052192272,-0.07241294817078955,-0.06525870768316983,-0.07164762444026701,-0.029159214891383983,-0.0724129481707942,-0.07164762444112349
71.37,71.37,82290.554135214,0.6900000000000001,39,astribot_arm_left_joint_7,-0.11116705216161804,-0.08602851399991199,-0.025138538161706053,-0.025138538161706053,-0.276068269168733,-0.2487933295496999,-0.27315053689640084,-0.11116705216161793,-0.27606826916867466,-0.2731505368742645
71.39,71.39,82290.573282877,0.7100000000000001,41,astribot_arm_left_joint_1,0.017677592222375048,0.013791905307106115,0.003885686915268933,0.003885686915268933,0.04264411526727737,0.038459773854109924,0.04303915563109703,0.01767759222237504,0.04264411526727304,0.043039155629675974
71.39,71.39,82290.573282877,0.7100000000000001,41,astribot_arm_left_joint_2,-0.5760291364070529,-0.5591063682517572,-0.016922768155295698,-0.016922768155295698,-0.18572136020496838,-0.1674983100500319,-0.18744181897457876,-0.5760291364070519,-0.185721360204441,-0.18744181877111196
71.39,71.39,82290.573282877,0.7100000000000001,41,astribot_arm_left_joint_3,-0.557599937452977,-0.5669198543930954,0.009319916940118467,0.009319916940118467,0.10228277308529023,0.09224674868040644,0.10323028543921628,-0.5575999374529772,0.10228277308516347,0.10323028538260193
71.39,71.39,82290.573282877,0.7100000000000001,41,astribot_arm_left_joint_4,0.9684339509028507,0.9752670064620167,-0.006833055559166024,-0.006833055559166024,-0.0749903539346225,-0.0676322720229524,-0.07568503870720585,0.9684339509028504,-0.07499035393464668,-0.07568503868546655
71.39,71.39,82290.573282877,0.7100000000000001,41,astribot_arm_left_joint_5,-0.13209014904944905,-0.1030555404253191,-0.029034608624129946,-0.029034608624129946,-0.3186445006434859,-0.287378981641279,-0.3215963132930102,-0.13209014904944905,-0.31864450064348304,-0.32159631329594324
71.39,71.39,82290.573282877,0.7100000000000001,41,astribot_arm_left_joint_6,-0.03062193867712156,-0.023890959788962385,-0.006730978888159177,-0.006730978888159177,-0.07387009877394203,-0.0666219367241712,-0.07455440587494752,-0.030621938677121537,-0.07387009877392554,-0.0745544058676544
71.39,71.39,82290.573282877,0.7100000000000001,41,astribot_arm_left_joint_7,-0.1167435634624419,-0.09108227307208318,-0.02566129039035872,-0.02566129039035872,-0.281623533179917,-0.2539905255117978,-0.28423239635194053,-0.116743563462442,-0.2816235331799658,-0.2842323963697468
71.41,71.41,82290.595689966,0.7300000000000001,43,astribot_arm_left_joint_1,0.0185352408855272,0.01457305860315349,0.003962182282373711,0.003962182282373711,0.042891918936391216,0.03925846040516479,2.055009117717618e-07,0.018535240885527184,0.0428919189363857,2.054996869354883e-07
71.41,71.41,82290.595689966,0.7300000000000001,43,astribot_arm_left_joint_2,-0.5797643217966376,-0.5625084114341912,-0.017255910362446447,-0.017255910362446447,-0.18680058143348918,-0.17097663674250177,-8.950067405444738e-07,-0.5797643217966377,-0.1868005814335048,-8.949791040581202e-07
71.41,71.41,82290.595689966,0.7300000000000001,43,astribot_arm_left_joint_3,-0.5555428497856592,-0.5650462389377849,0.009503389152125785,0.009503389152125785,0.1028771351983198,0.09416237593729006,4.929449860741885e-07,-0.5555428497856595,0.1028771351981645,4.928952060099956e-07
71.41,71.41,82290.595689966,0.7300000000000001,43,astribot_arm_left_joint_4,0.9669257621082601,0.9738933334388323,-0.006967571330572242,-0.006967571330572242,-0.07542612062180318,-0.06903674671269353,-3.6124450873393215e-07,0.9669257621082593,-0.07542612062218676,-3.6137431188103643e-07
71.41,71.41,82290.595689966,0.7300000000000001,43,astribot_arm_left_joint_5,-0.1384986541452834,-0.10889246919778033,-0.02960618494750307,-0.02960618494750307,-0.32049613423714585,-0.2933467910024864,-1.5355216058779745e-06,-0.13849865414528345,-0.32049613423717604,-1.5355307619874224e-06
71.41,71.41,82290.595689966,0.7300000000000001,43,astribot_arm_left_joint_6,-0.03210759715692108,-0.025244111982327292,-0.00686348517459379,-0.00686348517459379,-0.07429935569246389,-0.06800543044856334,-3.559728855783603e-07,-0.03210759715692113,-0.0742993556924763,-3.559760975281929e-07
71.41,71.41,82290.595689966,0.7300000000000001,43,astribot_arm_left_joint_7,-0.12240751135373172,-0.09624105190072142,-0.0261664594530103,-0.0261664594530103,-0.2832600390470501,-0.25926497887341227,-1.3571328803621235e-06,-0.12240751135373168,-0.28326003904703034,-1.3571286466101266e-06
71.44,71.44,82290.627351624,0.76,47,astribot_arm_left_joint_1,0.019821998431879387,0.015771196565798628,0.004050801866080759,0.004050801866080759,0.04289191898964874,0.040243140987672524,2.914837200643613e-08,0.019821998431879387,0.042891918989648746,2.9148370877561844e-08
71.44,71.44,82290.627351624,0.76,47,astribot_arm_left_joint_2,-0.5853683391449649,-0.567726484818015,-0.01764185432694987,-0.01764185432694987,-0.1868005816654773,-0.17526498376686409,-1.26945304751781e-07,-0.5853683391449649,-0.1868005816654773,-1.2694526023244624e-07
71.44,71.44,82290.627351624,0.76,47,astribot_arm_left_joint_3,-0.5524565357818569,-0.5621724767852773,0.009715941003420325,0.009715941003420325,0.10287713532591551,0.09652410764715198,6.991287369911844e-08,-0.5524565357818569,0.10287713532591553,6.991286989361043e-08
71.44,71.44,82290.627351624,0.76,47,astribot_arm_left_joint_4,0.9646629785278227,0.9717863858617469,-0.007123407333924248,-0.007123407333924248,-0.07542612071584445,-0.07076829046602438,-5.125669048542687e-08,0.9646629785278227,-0.07542612071584447,-5.1256631990244327e-08
71.44,71.44,82290.627351624,0.76,47,astribot_arm_left_joint_5,-0.14811353800995816,-0.11784518409220353,-0.030268353917754634,-0.030268353917754634,-0.32049613463516424,-0.3007043625530841,-2.1780190324544233e-07,-0.14811353800995813,-0.32049613463516424,-2.178018900857523e-07
71.44,71.44,82290.627351624,0.76,47,astribot_arm_left_joint_6,-0.03433657779003745,-0.027319584592708425,-0.007016993197329027,-0.007016993197329027,-0.07429935578474056,-0.06971110726406943,-5.0492091231654345e-08,-0.034336577790037445,-0.07429935578474056,-5.049208708241816e-08
71.44,71.44,82290.627351624,0.76,47,astribot_arm_left_joint_7,-0.13090531238157474,-0.10415361651417104,-0.026751695867403696,-0.026751695867403696,-0.2832600393987792,-0.26576772814858807,-1.9249743171709402e-07,-0.13090531238157474,-0.2832600393987792,-1.9249741591288505e-07
71.49,71.49,82290.681085651,0.81,52,astribot_arm_left_joint_1,0.021966594385572243,0.01781816942259217,0.004148424962980072,0.004148424962980072,0.0428919196591144,0.041327842060930646,1.4247712744622984e-06,0.021966594385572243,0.04289191965911447,1.4247714116893561e-06
71.49,71.49,82290.681085651,0.81,52,astribot_arm_left_joint_2,-0.5947083682465757,-0.5766413590783889,-0.01806700916818682,-0.01806700916818682,-0.186800584581099,-0.1799889264360547,-6.205089281518099e-06,-0.5947083682465757,-0.18680058458109827,-6.205087579610088e-06
71.49,71.49,82290.681085651,0.81,52,astribot_arm_left_joint_3,-0.5473126790054622,-0.5572627665609579,0.009950087555495646,0.009950087555495646,0.1028771369316425,0.09912573599799197,3.4173430251603243e-06,-0.5473126790054622,0.10287713693164251,3.417342876493748e-06
71.49,71.49,82290.681085651,0.81,52,astribot_arm_left_joint_4,0.9608916724846261,0.9681867483439663,-0.007295075859340194,-0.007295075859340194,-0.07542612189311501,-0.07267571851991783,-2.5054802994137004e-06,0.9608916724846263,-0.07542612189311615,-2.5054830191697775e-06
71.49,71.49,82290.681085651,0.81,52,astribot_arm_left_joint_5,-0.16413834477317737,-0.13314054728509406,-0.030997797488083317,-0.030997797488083317,-0.32049613963753165,-0.30880929109371474,-1.0646146596362802e-05,-0.16413834477317735,-0.320496139637532,-1.0646147269833323e-05
71.49,71.49,82290.681085651,0.81,52,astribot_arm_left_joint_6,-0.03805154558656793,-0.0308654483610851,-0.007186097225482833,-0.007186097225482833,-0.07429935694441951,-0.07159004090494711,-2.468054542480809e-06,-0.03805154558656793,-0.07429935694441955,-2.4680546249158957e-06
71.49,71.49,82290.681085651,0.81,52,astribot_arm_left_joint_7,-0.14506831437931947,-0.11767192363968035,-0.02739639073963912,-0.02739639073963912,-0.28326004381995873,-0.2729310044862554,-9.409249989504608e-06,-0.14506831437931947,-0.28326004381995884,-9.409250067029754e-06
71.51,71.51,82290.702941072,0.8300000000000001,54,astribot_arm_left_joint_1,0.022824432792392813,0.01864926208893878,0.0041751707034540335,0.0041751707034540335,0.04289191872255355,0.041625016957604725,-3.8832740227110786e-07,0.022824432792392817,0.04289191872255351,-3.8832746987835285e-07
71.51,71.51,82290.702941072,0.8300000000000001,54,astribot_arm_left_joint_2,-0.5984443799975944,-0.5802608914161944,-0.018183488581399954,-0.018183488581399954,-0.18680058050223725,-0.1812831421509154,1.6912264836474125e-06,-0.5984443799975944,-0.18680058050223927,1.691222954971778e-06
71.51,71.51,82290.702941072,0.8300000000000001,54,astribot_arm_left_joint_3,-0.5452551362341178,-0.5552693727780351,0.01001423654391731,0.01001423654391731,0.10287713468528303,0.09983850254312224,-9.31410375712188e-07,-0.5452551362341178,0.10287713468528263,-9.314112739054324e-07
71.51,71.51,82290.702941072,0.8300000000000001,54,astribot_arm_left_joint_4,0.9593831500227807,0.9667252578036125,-0.007342107780831775,-0.007342107780831775,-0.07542612024616692,-0.07319829542970543,6.828662096012409e-07,0.9593831500227807,-0.07542612024615979,6.828792366544554e-07
71.51,71.51,82290.702941072,0.8300000000000001,54,astribot_arm_left_joint_5,-0.17054826766783568,-0.13935062496854853,-0.031197642699287154,-0.031197642699287154,-0.3204961326393827,-0.3110297934621498,2.90165208592616e-06,-0.1705482676678357,-0.3204961326393826,2.9016520333704444e-06
71.51,71.51,82290.702941072,0.8300000000000001,54,astribot_arm_left_joint_6,-0.03953753274908119,-0.032305106195872374,-0.007232426553208819,-0.007232426553208819,-0.07429935532206564,-0.07210481121764546,6.726785548198409e-07,-0.03953753274908119,-0.07429935532206552,6.726787020075136e-07
71.51,71.51,82290.702941072,0.8300000000000001,54,astribot_arm_left_joint_7,-0.15073351534578644,-0.1231604979441596,-0.027573017401626834,-0.027573017401626834,-0.28326003763487184,-0.27489352297032166,2.56452982282682e-06,-0.15073351534578644,-0.28326003763487145,2.5645302666941427e-06
71.54,71.54,82290.733774844,0.8600000000000001,57,astribot_arm_left_joint_1,0.024111190338567495,0.019905119913657926,0.004206070424909569,0.004206070424909569,0.04289191850947074,0.041968347195777085,-4.505838291053812e-07,0.024111190338567495,0.0428919185094709,-4.50583638131647e-07
71.54,71.54,82290.733774844,0.8600000000000001,57,astribot_arm_left_joint_2,-0.6040483973451485,-0.5857303384972772,-0.0183180588478713,-0.0183180588478713,-0.18680057957423019,-0.18277836733533423,1.962358087544666e-06,-0.6040483973451485,-0.186800579574232,1.9623580557509494e-06
71.54,71.54,82290.733774844,0.8600000000000001,57,astribot_arm_left_joint_3,-0.5421688222307408,-0.5522571709823597,0.010088348751618903,0.010088348751618903,0.10287713417421002,0.1006619715186603,-1.08072565327681e-06,-0.5421688222307408,0.10287713417420166,-1.0807362140479998e-06
71.54,71.54,82290.733774844,0.8600000000000001,57,astribot_arm_left_joint_4,0.9571203664426564,0.9645168108486093,-0.0073964444059528844,-0.0073964444059528844,-0.07542611987144447,-0.07380203570830493,7.923650379107237e-07,0.9571203664426564,-0.07542611987144954,7.923586491656328e-07
71.54,71.54,82290.733774844,0.8600000000000001,57,astribot_arm_left_joint_5,-0.18016315153118398,-0.14873462491359762,-0.031428526617586355,-0.031428526617586355,-0.3204961310471878,-0.31359517033499573,3.3668427952510377e-06,-0.18016315153118398,-0.32049613104718916,3.3668418861290304e-06
71.54,71.54,82290.733774844,0.8600000000000001,57,astribot_arm_left_joint_6,-0.04176651338189002,-0.03448056191980253,-0.007285951462087485,-0.007285951462087485,-0.0742993549529528,-0.07269953242744834,7.80522946413142e-07,-0.04176651338189002,-0.0742993549529536,7.805220387308988e-07
71.54,71.54,82290.733774844,0.8600000000000001,57,astribot_arm_left_joint_7,-0.15923131637245722,-0.131454239761405,-0.02777707661105222,-0.02777707661105222,-0.2832600362276632,-0.27716084751949155,2.975674107440296e-06,-0.15923131637245722,-0.28326003622766366,2.975673922349373e-06
71.57,71.57,82290.764654495,0.89,60,astribot_arm_left_joint_1,0.0253979479275213,0.02116935156734977,0.004228596360171529,0.004228596360171529,0.042891918277900246,0.04221863536515346,-4.6317277064187974e-07,0.025397947927521296,0.0428919182779005,-4.631725777458708e-07
71.57,71.57,82290.764654495,0.89,60,astribot_arm_left_joint_2,-0.6096524148790117,-0.5912362541400363,-0.01841616073897534,-0.01841616073897534,-0.18680057856569607,-0.18386838834918603,2.0171902606578915e-06,-0.6096524148790117,-0.1868005785656993,2.0171872519530954e-06
71.57,71.57,82290.764654495,0.89,60,astribot_arm_left_joint_3,-0.5390825081247573,-0.5492248847676712,0.010142376642913842,0.010142376642913842,0.10287713361876212,0.10126228142307359,-1.1109382353012487e-06,-0.5390825081247573,0.10287713361877342,-1.1109287887359885e-06
71.57,71.57,82290.764654495,0.89,60,astribot_arm_left_joint_4,0.9548575827873043,0.9622936386603647,-0.007436055873060399,-0.007436055873060399,-0.07542611946422172,-0.07424216312014198,8.145047719834294e-07,0.9548575827873044,-0.07542611946422985,8.144963323695497e-07
71.57,71.57,82290.764654495,0.89,60,astribot_arm_left_joint_5,-0.18977803571418558,-0.15818119443390807,-0.03159684128027751,-0.03159684128027751,-0.3204961293168538,-0.3154653332569654,3.460909082387803e-06,-0.18977803571418556,-0.32049612931685323,3.460908929446968e-06
71.57,71.57,82290.764654495,0.89,60,astribot_arm_left_joint_6,-0.0439954940888028,-0.03667052290176944,-0.007324971187033361,-0.007324971187033361,-0.07429935455181705,-0.07313308492694799,8.023288247870936e-07,-0.0439954940888028,-0.07429935455181709,8.023288699030947e-07
71.57,71.57,82290.764654495,0.89,60,astribot_arm_left_joint_7,-0.16772911768164311,-0.13980328165386657,-0.02792583602777654,-0.02792583602777654,-0.28326003469836514,-0.2788137299278079,3.058811377899725e-06,-0.16772911768164311,-0.28326003469836486,3.0588105803275664e-06
71.59,71.59,82290.784675033,0.91,62,astribot_arm_left_joint_1,0.026255786291497784,0.022015676794866056,0.004240109496631728,0.004240109496631728,0.042891918124779056,0.042346559103457,-4.477898686323198e-07,0.02625578629149778,0.0428919181247799,-4.477894052309674e-07
71.59,71.59,82290.784675033,0.91,62,astribot_arm_left_joint_2,-0.6133884264434379,-0.5949221252576649,-0.018466301185773082,-0.018466301185773082,-0.1868005778988363,-0.1844255044257769,1.9501967272586954e-06,-0.6133884264434379,-0.18680057789884771,1.9501883892028823e-06
71.59,71.59,82290.784675033,0.91,62,astribot_arm_left_joint_3,-0.5370249654561754,-0.547194956068384,0.01016999061220858,0.01016999061220858,0.1028771332514947,0.10156910330486733,-1.0740430032639262e-06,-0.5370249654561754,0.10287713325151059,-1.0740319207959429e-06
71.59,71.59,82290.784675033,0.91,62,astribot_arm_left_joint_4,0.9533490604008009,0.9608053619249712,-0.007456301524170317,-0.007456301524170317,-0.07542611919496686,-0.0744671147988281,7.874379506840347e-07,0.9533490604008009,-0.07542611919496484,7.874448031270048e-07
71.59,71.59,82290.784675033,0.91,62,astribot_arm_left_joint_5,-0.19618795828870514,-0.1645050904059394,-0.031682867882765725,-0.031682867882765725,-0.3204961281727051,-0.3164211843978601,3.3459655538005513e-06,-0.1961879582887051,-0.3204961281727088,3.3459628944328695e-06
71.59,71.59,82290.784675033,0.91,62,astribot_arm_left_joint_6,-0.04548148117709955,-0.03813656678182286,-0.007344914395276687,-0.007344914395276687,-0.07429935428657285,-0.07335467612971575,7.756827060460253e-07,-0.04548148117709954,-0.07429935428657458,7.756813976280496e-07
71.59,71.59,82290.784675033,0.91,62,astribot_arm_left_joint_7,-0.1733943183651659,-0.14539245053475153,-0.028001867830414362,-0.028001867830414362,-0.2832600336871498,-0.2796585277350803,2.95721902353087e-06,-0.17339431836516586,-0.2832600336871503,2.957219408569727e-06
71.61,71.61,82290.809155409,0.93,64,astribot_arm_left_joint_1,0.02711362469831605,0.02286418951886008,0.00424943517945597,0.00424943517945597,0.04289191797961566,0.04245017738691949,-4.160623245872999e-07,0.02711362469831605,0.0428919179796156,-4.1606239394408596e-07
71.61,71.61,82290.809155409,0.93,64,astribot_arm_left_joint_2,-0.6171244381944467,-0.5986175230626071,-0.018506915131839663,-0.018506915131839663,-0.18680057726662264,-0.18487676868932007,1.8120208043303755e-06,-0.6171244381944467,-0.1868005772666342,1.812012931466457e-06
71.61,71.61,82290.809155409,0.93,64,astribot_arm_left_joint_3,-0.5349674226848362,-0.545159780713594,0.010192358028757842,0.010192358028757842,0.10287713290333993,0.10181762916210357,-9.979333054604012e-07,-0.5349674226848362,0.10287713290334288,-9.979317491852748e-07
71.61,71.61,82290.809155409,0.93,64,astribot_arm_left_joint_4,0.9518405379389595,0.9593132385149008,-0.0074727005759412934,-0.0074727005759412934,-0.07542611893972316,-0.07464932575606668,7.316322279959512e-07,0.9518405379389595,-0.07542611893969235,7.316517905845029e-07
71.61,71.61,82290.809155409,0.93,64,astribot_arm_left_joint_5,-0.2025978811833463,-0.1708453314366043,-0.03175254974674199,-0.03175254974674199,-0.3204961270880142,-0.3171954242363427,3.108894623862535e-06,-0.2025978811833463,-0.3204961270880184,3.108892280637969e-06
71.61,71.61,82290.809155409,0.93,64,astribot_arm_left_joint_6,-0.046967468339608805,-0.03960639987240041,-0.007361068467208395,-0.007361068467208395,-0.07429935403511566,-0.07353416510000517,7.207218646354852e-07,-0.046967468339608805,-0.07429935403511517,7.20722251074553e-07
71.61,71.61,82290.809155409,0.93,64,astribot_arm_left_joint_7,-0.17905951933161765,-0.15099606546178662,-0.02806345386983103,-0.02806345386983103,-0.2832600327284817,-0.280342814325178,2.747691632441528e-06,-0.17905951933161765,-0.28326003272847944,2.7476930137656715e-06
71.63,71.63,82290.827546626,0.9500000000000001,66,astribot_arm_left_joint_1,0.027971463062195813,0.023714474122022086,0.004256988940173727,0.004256988940173727,0.04289191784750315,0.04253410847579071,-3.702814529434925e-07,0.027971463062195813,0.042891917847502646,-3.702819977696521e-07
71.63,71.63,82290.827546626,0.9500000000000001,66,astribot_arm_left_joint_2,-0.6208604497584519,-0.6023206375148521,-0.018539812243599796,-0.018539812243599796,-0.1868005766912721,-0.18524229395909675,1.6126185488690145e-06,-0.620860449758452,-0.18680057669126465,1.6126322976800738e-06
71.63,71.63,82290.827546626,0.9500000000000001,66,astribot_arm_left_joint_3,-0.5329098800164859,-0.5431203555510059,0.010210475534520036,0.010210475534520036,0.10287713258644784,0.1020189357763089,-8.881351307363832e-07,-0.5329098800164859,0.10287713258645546,-8.881288341960839e-07
71.63,71.63,82290.827546626,0.9500000000000001,66,astribot_arm_left_joint_4,0.9503320155526263,0.9578179992859955,-0.007485983733369284,-0.007485983733369284,-0.07542611870734756,-0.07479691712253848,6.511604838038905e-07,0.9503320155526263,-0.07542611870736853,6.511451103711756e-07
71.63,71.63,82290.827546626,0.9500000000000001,66,astribot_arm_left_joint_5,-0.2090078037571432,-0.17719881201722684,-0.03180899173991636,-0.03180899173991636,-0.3204961261008379,-0.31782256059235725,2.766813975559268e-06,-0.20900780375714323,-0.32049612610084327,2.7668135828782722e-06
71.63,71.63,82290.827546626,0.9500000000000001,66,astribot_arm_left_joint_6,-0.04845345542773802,-0.04107930223566492,-0.007374153192073095,-0.007374153192073095,-0.07429935380626247,-0.07367955164971363,6.414189194974424e-07,-0.04845345542773802,-0.07429935380626215,6.414194971303039e-07
71.63,71.63,82290.827546626,0.9500000000000001,66,astribot_arm_left_joint_7,-0.18472472001450174,-0.15661138173257222,-0.028113338281929523,-0.028113338281929523,-0.2832600318559921,-0.28089708830753624,2.4453592733850716e-06,-0.18472472001450171,-0.283260031855996,2.4453584555367102e-06
71.65,71.65,82290.848289988,0.9700000000000001,68,astribot_arm_left_joint_1,0.028829301426034102,0.024566193939711222,0.00426310748632288,0.00426310748632288,0.04289191773276579,0.04260209232166276,-3.127400285206857e-07,0.028829301426034105,0.042891917732764295,-3.1274089745975864e-07
71.65,71.65,82290.848289988,0.9700000000000001,68,astribot_arm_left_joint_2,-0.6245964613222764,-0.6060300024183194,-0.018566458903957028,-0.018566458903957028,-0.18680057619154508,-0.18553836796384168,1.3620414472394837e-06,-0.6245964613222765,-0.18680057619156235,1.3620324185701655e-06
71.65,71.65,82290.848289988,0.9700000000000001,68,astribot_arm_left_joint_3,-0.5308523373482353,-0.5410774880623277,0.010225150714092357,0.010225150714092357,0.10287713231124518,0.10218199332764337,-7.501223791687546e-07,-0.5308523373482353,0.10287713231125326,-7.501153226782143e-07
71.65,71.65,82290.848289988,0.9700000000000001,68,astribot_arm_left_joint_4,0.9488234931663658,0.9563202362571963,-0.007496743090830482,-0.007496743090830482,-0.07542611850557404,-0.07491646553833396,5.499774641128583e-07,0.9488234931663658,-0.07542611850559917,5.499598343750863e-07
71.65,71.65,82290.848289988,0.9700000000000001,68,astribot_arm_left_joint_5,-0.21541772633063025,-0.18356301657653673,-0.03185470975409352,-0.03185470975409352,-0.32049612524351384,-0.3183305385293232,2.336846270749365e-06,-0.21541772633063025,-0.32049612524349763,2.336856150555431e-06
71.65,71.65,82290.848289988,0.9700000000000001,68,astribot_arm_left_joint_6,-0.049939442515795386,-0.042554690696642944,-0.007384751819152442,-0.007384751819152442,-0.07429935360750506,-0.07379731417276035,5.417462641370938e-07,-0.04993944251579539,-0.07429935360750796,5.417440733280609e-07
71.65,71.65,82290.848289988,0.9700000000000001,68,astribot_arm_left_joint_7,-0.1903899206971119,-0.1622361760416136,-0.028153744655498275,-0.028153744655498275,-0.2832600310982516,-0.2813460480136184,2.065360691053528e-06,-0.1903899206971119,-0.283260031098259,2.0653544909455412e-06
71.67,71.67,82290.870222265,0.9900000000000001,70,astribot_arm_left_joint_1,0.029687139832729286,0.025419076282348695,0.004268063550380591,0.004268063550380591,0.04289191763896099,0.04265715935536121,-2.457292662979429e-07,0.02968713983272928,0.04289191763896003,-2.457300701502784e-07
71.67,71.67,82290.870222265,0.9900000000000001,70,astribot_arm_left_joint_2,-0.6283324730727492,-0.6097444301924221,-0.018588042880327116,-0.018588042880327116,-0.18680057578300702,-0.18577818842400362,1.0702005402772421e-06,-0.628332473072749,-0.18680057578303108,1.0701904393393266e-06
71.67,71.67,82290.870222265,0.9900000000000001,70,astribot_arm_left_joint_3,-0.5287947945771915,-0.5390318322866834,0.010237037709491914,0.010237037709491914,0.1028771320862468,0.10231407022855712,-5.89397505291482e-07,-0.5287947945771915,0.1028771320862594,-5.893886912866036e-07
71.67,71.67,82290.870222265,0.9900000000000001,70,astribot_arm_left_joint_4,0.9473149707047408,0.9548204289484055,-0.007505458243664664,-0.007505458243664664,-0.07542611834060987,-0.07501329996360093,4.3214112725935266e-07,0.9473149707047408,-0.07542611834064282,4.321202754659755e-07
71.67,71.67,82290.870222265,0.9900000000000001,70,astribot_arm_left_joint_5,-0.22182764922435166,-0.18993590756741238,-0.03189174165693928,-0.03189174165693928,-0.3204961245425888,-0.31874200154412025,1.8361293374696307e-06,-0.22182764922435164,-0.3204961245425755,1.8361391541044142e-06
71.67,71.67,82290.870222265,0.9900000000000001,70,astribot_arm_left_joint_6,-0.05142542967809143,-0.04403209289881558,-0.0073933367792758525,-0.0073933367792758525,-0.0742993534450112,-0.07389270202178531,4.2566680225780704e-07,-0.05142542967809144,-0.07429935344501507,4.2566491411224325e-07
71.67,71.67,82290.870222265,0.9900000000000001,70,astribot_arm_left_joint_7,-0.1960551216627508,-0.16786864756944547,-0.028186474093305325,-0.028186474093305325,-0.2832600304787673,-0.28170970615847535,1.6228119410109724e-06,-0.19605512166275077,-0.2832600304787716,1.6228121105275008e-06
71.69,71.69,82290.890012563,1.01,72,astribot_arm_left_joint_1,0.030544978196505018,0.026272900275958962,0.004272077920546055,0.004272077920546055,0.04289191756887726,0.04270176381243461,-1.7154188313490933e-07,0.030544978196505014,0.042891917568876045,-1.7154280930749131e-07
71.69,71.69,82290.890012563,1.01,72,astribot_arm_left_joint_2,-0.6320684846363013,-0.6134629589168468,-0.018605525719454508,-0.018605525719454508,-0.1868005754777744,-0.1859724436926274,7.471004096702289e-07,-0.6320684846363013,-0.1868005754777897,7.470951525071203e-07
71.69,71.69,82290.890012563,1.01,72,astribot_arm_left_joint_3,-0.5267372519090907,-0.5369839179847686,0.010246666075677924,0.010246666075677924,0.1028771319181464,0.10242105290153568,-4.114603230082979e-07,-0.5267372519090907,0.10287713191816221,-4.114500543215085e-07
71.69,71.69,82290.890012563,1.01,72,astribot_arm_left_joint_4,0.9458064483185904,0.9533189657626839,-0.007512517444093536,-0.007512517444093536,-0.075426118217321,-0.07509173612904901,3.016902993395955e-07,0.9458064483185904,-0.07542611821738378,3.0166182747607823e-07
71.69,71.69,82290.890012563,1.01,72,astribot_arm_left_joint_5,-0.22823757179737122,-0.19631583461093233,-0.0319217371864389,-0.0319217371864389,-0.32049612401887284,-0.31907528778006783,1.2818093757591507e-06,-0.22823757179737122,-0.32049612401889443,1.2817990753007436e-06
71.69,71.69,82290.890012563,1.01,72,astribot_arm_left_joint_6,-0.05291141676604045,-0.04551112624134186,-0.007400290524698587,-0.007400290524698587,-0.07429935332361656,-0.07396996645628108,2.9715181221626423e-07,-0.052911416766040435,-0.07429935332361223,2.971543989411165e-07
71.69,71.69,82290.890012563,1.01,72,astribot_arm_left_joint_7,-0.2017203223449478,-0.17350733768256885,-0.028212984662378954,-0.028212984662378954,-0.2832600300159291,-0.2820042703110536,1.1328757926188254e-06,-0.20172032234494777,-0.2832600300159336,1.1328763562736244e-06
71.71,71.71,82290.912745514,1.03,74,astribot_arm_left_joint_1,0.03140281657861868,0.0271274869998919,0.00427532957872678,0.00427532957872678,0.04289192560681488,0.0427378931434313,4.177061787935729e-07,0.03140281657861868,0.04289192560681618,4.177060648561458e-07
71.71,71.71,82290.912745514,1.03,74,astribot_arm_left_joint_2,-0.6358044962797178,-0.6171848093806976,-0.01861968689902016,-0.01861968689902016,-0.1868006104842394,-0.18612978924414914,-1.8191944150354967e-06,-0.6358044962797177,-0.18680061048422578,-1.8191711267347231e-06
71.71,71.71,82290.912745514,1.03,74,astribot_arm_left_joint_3,-0.5246797091970061,-0.5349341742932824,0.010254465096276255,0.010254465096276255,0.10287715119733912,0.1025077081969,1.0018879353097037e-06,-0.5246797091970061,0.10287715119732471,1.0018763966448619e-06
71.71,71.71,82290.912745514,1.03,74,astribot_arm_left_joint_4,0.9442979259001925,0.9518161613288968,-0.007518235428704334,-0.007518235428704334,-0.07542613235219316,-0.0751552689320376,-7.345149512272666e-07,0.9442979259001923,-0.07542613235224367,-7.345427442346029e-07
71.71,71.71,82290.912745514,1.03,74,astribot_arm_left_joint_5,-0.23464749450741507,-0.20270146080504947,-0.031946033702365595,-0.031946033702365595,-0.3204961840797963,-0.3193452475447829,-3.121160770585158e-06,-0.2346474945074151,-0.3204961840798338,-3.121175012665336e-06
71.71,71.71,82290.912745514,1.03,74,astribot_arm_left_joint_6,-0.054397403885755244,-0.04699148079548922,-0.007405923090266026,-0.007405923090266026,-0.0742993672472995,-0.07403255016453456,-7.235697975018558e-07,-0.054397403885755244,-0.07429936724730316,-7.235696854059371e-07
71.71,71.71,82290.912745514,1.03,74,astribot_arm_left_joint_7,-0.20738552314824932,-0.17915106480378046,-0.02823445834446886,-0.02823445834446886,-0.2832600830987961,-0.2822428654306401,-2.7585309000491997e-06,-0.20738552314824932,-0.28326008309883394,-2.7585483431414194e-06
71.73,71.73,82290.935279176,1.05,76,astribot_arm_left_joint_1,0.03226065496689962,0.02798269154132416,0.004277963425575463,0.004277963425575463,0.04289191750719473,0.04276715831195283,-1.0802499415048715e-08,0.032260654966899616,0.04289191750719281,-1.0803721050284141e-08
71.73,71.73,82290.935279176,1.05,76,astribot_arm_left_joint_2,-0.6395405079499935,-0.620909350479345,-0.018631157470648474,-0.018631157470648474,-0.18680057520918622,-0.1862572409283312,4.704457758457805e-08,-0.6395405079499935,-0.18680057520916726,4.705135590637135e-08
71.73,71.73,82290.935279176,1.05,76,astribot_arm_left_joint_3,-0.5226221664701294,-0.5328829487819998,0.010260782311870442,0.010260782311870442,0.10287713177019152,0.10257789997053948,-2.5926556363238454e-08,-0.5226221664701293,0.10287713177021529,-2.59129834705851e-08
71.73,71.73,82290.935279176,1.05,76,astribot_arm_left_joint_4,0.9427894034709494,0.9503122704737343,-0.007522867002784928,-0.007522867002784928,-0.07542611810889605,-0.07520673122418552,1.9007824292906697e-08,0.9427894034709493,-0.07542611810892806,1.8998552448199004e-08
71.73,71.73,82290.935279176,1.05,76,astribot_arm_left_joint_5,-0.2410574172635419,-0.20909170335552119,-0.03196571390802072,-0.03196571390802072,-0.32049612355796364,-0.31956391802095124,8.073450980738636e-08,-0.24105741726354196,-0.32049612355798607,8.072776405712422e-08
71.73,71.73,82290.935279176,1.05,76,astribot_arm_left_joint_6,-0.055883391016153264,-0.04847290554133585,-0.007410485474817416,-0.007410485474817416,-0.07429935321675402,-0.07408324367916874,1.871843661127434e-08,-0.05588339101615328,-0.07429935321676166,1.8714744591746015e-08
71.73,71.73,82290.935279176,1.05,76,astribot_arm_left_joint_7,-0.21305072399227976,-0.18479887194075922,-0.028251852051520532,-0.028251852051520532,-0.2832600296085825,-0.2824361301879543,7.134607929830598e-08,-0.21305072399227976,-0.2832600296085794,7.13485358951392e-08
71.75,71.75,82290.954561952,1.07,78,astribot_arm_left_joint_1,0.03311849333064455,0.028838396511196004,0.004280096819448548,0.004280096819448548,0.04289191751732784,0.04279086268783144,7.116307192086927e-08,0.03311849333064455,0.04289191751733017,7.116349552318212e-08
71.75,71.75,82290.954561952,1.07,78,astribot_arm_left_joint_2,-0.6432765195134115,-0.6246360709759129,-0.018640448537498577,-0.018640448537498577,-0.18680057525326038,-0.18636047500422295,-3.099051065259472e-07,-0.6432765195134116,-0.18680057525331517,-3.09927380660264e-07
71.75,71.75,82290.954561952,1.07,78,astribot_arm_left_joint_3,-0.5205646238021026,-0.5308305230056413,0.010265899203538709,0.010265899203538709,0.10287713179455318,0.10263475432229245,1.7070338307489212e-07,-0.5205646238021027,0.10287713179452809,1.7068783069522113e-07
71.75,71.75,82290.954561952,1.07,78,astribot_arm_left_joint_4,0.9412808810848527,0.9488074996238257,-0.007526618538972962,-0.007526618538972962,-0.07542611812683643,-0.07524841495874901,-1.2516462460749678e-07,0.941280881084853,-0.0754261181267547,-1.2514206668016608e-07
71.75,71.75,82290.954561952,1.07,78,astribot_arm_left_joint_5,-0.24746733983633143,-0.21548568512673358,-0.03198165470959785,-0.03198165470959785,-0.3204961236337013,-0.3197410380384564,-5.31732748522107e-07,-0.24746733983633146,-0.3204961236337355,-5.317466174810662e-07
71.75,71.75,82290.954561952,1.07,78,astribot_arm_left_joint_6,-0.057369378104048956,-0.049955197135989365,-0.00741418096805959,-0.00741418096805959,-0.07429935323432463,-0.0741243047147312,-1.2327395709243758e-07,-0.05736937810404895,-0.07429935323432314,-1.2327264927535132e-07
71.75,71.75,82290.954561952,1.07,78,astribot_arm_left_joint_7,-0.21871592467427345,-0.19044998386584525,-0.028265940808428203,-0.028265940808428203,-0.2832600296755312,-0.2825926719296577,-4.6996899300656135e-07,-0.21871592467427348,-0.2832600296755275,-4.6996655439161484e-07
71.77,71.77,82290.976947957,1.09,80,astribot_arm_left_joint_1,0.03397633172090993,0.02969450682589587,0.004281824895014056,0.004281824895014056,0.04289192547072347,0.042810063232319624,-6.827306618057286e-07,0.033976331720909914,0.042891925470719336,-6.82732159074215e-07
71.77,71.77,82290.976947957,1.09,80,astribot_arm_left_joint_2,-0.6470125311923299,-0.6283645567751801,-0.018647974417149826,-0.018647974417149826,-0.18680060989151723,-0.18644409460583947,2.9733917922284957e-06,-0.6470125311923299,-0.18680060989148864,2.9733984128689643e-06
71.77,71.77,82290.976947957,1.09,80,astribot_arm_left_joint_3,-0.5185070810704658,-0.5287771250198668,0.010270043949401009,0.010270043949401009,0.10287715087092603,0.10268080634728101,-1.6375295214807825e-06,-0.5185070810704658,0.10287715087089272,-1.637546964153726e-06
71.77,71.77,82290.976947957,1.09,80,astribot_arm_left_joint_4,0.93977235865212,0.9473020159820554,-0.00752965732993538,-0.00752965732993538,-0.07542613211301154,-0.0752821787837979,1.2005340925882493e-06,0.9397723586521202,-0.07542613211291778,1.2005963009532588e-06
71.77,71.77,82290.976947957,1.09,80,astribot_arm_left_joint_5,-0.25387726260728627,-0.22188269565024832,-0.03199456695703795,-0.03199456695703795,-0.3204961830628813,-0.31988450525288853,5.1015067381455015e-06,-0.2538772626072864,-0.32049618306289446,5.101497819172856e-06
71.77,71.77,82290.976947957,1.09,80,astribot_arm_left_joint_6,-0.058855365237884504,-0.05143819087435181,-0.007417174363532696,-0.007417174363532696,-0.07429936701154867,-0.07415756415359266,1.1826604103607275e-06,-0.05885536523788451,-0.07429936701154907,1.182659994745807e-06
71.77,71.77,82290.976947957,1.09,80,astribot_arm_left_joint_7,-0.22438112553140915,-0.19610377265471712,-0.02827735287669203,-0.02827735287669203,-0.2832600822000682,-0.28271947074066417,4.508781995495781e-06,-0.22438112553140913,-0.2832600822000453,4.508791834358336e-06
71.79,71.79,82290.996744385,1.11,82,astribot_arm_left_joint_1,0.03483417010105925,0.030550945476583588,0.004283224624475661,0.004283224624475661,0.04289191761814394,0.04282561607587496,2.268332595135486e-07,0.03483417010105925,0.04289191761814652,2.2683359827804426e-07
71.79,71.79,82290.996744385,1.11,82,astribot_arm_left_joint_2,-0.6507485428271914,-0.6320944724987144,-0.01865407032847699,-0.01865407032847699,-0.18680057569246852,-0.1865118282362116,-9.87946262689388e-07,-0.6507485428271913,-0.18680057569238506,-9.87893441041037e-07
71.79,71.79,82290.996744385,1.11,82,astribot_arm_left_joint_3,-0.5164495383630928,-0.5267229395284503,0.010273401165357465,0.010273401165357465,0.10287713203637706,0.10271810945296868,5.440849282458293e-07,-0.5164495383630928,0.10287713203634023,5.440649984034276e-07
71.79,71.79,82290.996744385,1.11,82,astribot_arm_left_joint_4,0.9382638362371767,0.9457959549671349,-0.0075321187299581815,-0.0075321187299581815,-0.07542611830400421,-0.0753095281899379,-3.9888387150220684e-07,0.9382638362371766,-0.0754261183040444,-3.9889043216895043e-07
71.79,71.79,82290.996744385,1.11,82,astribot_arm_left_joint_5,-0.26028718530265227,-0.22828215951302172,-0.03200502578963055,-0.03200502578963055,-0.32049612438707137,-0.32000071670433383,-1.6949512733241447e-06,-0.26028718530265244,-0.3204961243870571,-1.6949405390041465e-06
71.79,71.79,82290.996744385,1.11,82,astribot_arm_left_joint_6,-0.060341352354196576,-0.052921753360685136,-0.007419598993511439,-0.007419598993511439,-0.07429935340894889,-0.07418450499634359,-3.9292646116629526e-07,-0.0603413523541966,-0.07429935340896099,-3.9293162767621593e-07
71.79,71.79,82290.996744385,1.11,82,astribot_arm_left_joint_7,-0.230046326321738,-0.2017597297473527,-0.028286596574385287,-0.028286596574385287,-0.28326003034129404,-0.28282218043588697,-1.4980140191876576e-06,-0.2300463263217381,-0.28326003034132274,-1.4980182242694252e-06
71.81,71.81,82291.020437347,1.13,84,astribot_arm_left_joint_1,0.03569200846485449,0.03140765007422384,0.004284358390630655,0.004284358390630655,0.04289191770594565,0.042838213476944685,2.959471260914076e-07,0.035692008464854506,0.04289191770595476,2.9595264854748056e-07
71.81,71.81,82291.020437347,1.13,84,astribot_arm_left_joint_2,-0.6544845543908286,-0.6358255464382689,-0.018659007952559703,-0.018659007952559703,-0.186800576074834,-0.1865666907251529,-1.2889228264952416e-06,-0.6544845543908285,-0.18680057607479855,-1.2889173371433194e-06
71.81,71.81,82291.020437347,1.13,84,astribot_arm_left_joint_3,-0.5143919956949453,-0.52466811616993,0.010276120474984718,0.010276120474984718,0.10287713224699478,0.10274832400386974,7.098715688886578e-07,-0.5143919956949453,0.1028771322469472,7.098501594442839e-07
71.81,71.81,82291.020437347,1.13,84,astribot_arm_left_joint_4,0.9367553138509914,0.9442894262891028,-0.007534112438111418,-0.007534112438111418,-0.07542611845862979,-0.07533168050162323,-5.20501686261108e-07,0.9367553138509919,-0.07542611845845242,-5.20437552877539e-07
71.81,71.81,82291.020437347,1.13,84,astribot_arm_left_joint_5,-0.26669710787581785,-0.23468361054175826,-0.03201349733405959,-0.03201349733405959,-0.3204961250431963,-0.32009484497466945,-2.2114186382082767e-06,-0.2666971078758178,-0.32049612504317715,-2.211410727168728e-06
71.81,71.81,82291.020437347,1.13,84,astribot_arm_left_joint_6,-0.06182733944217945,-0.05440577652387148,-0.007421562918307971,-0.007421562918307971,-0.0742993535610778,-0.07420632638225415,-5.126658140712872e-07,-0.06182733944217943,-0.07429935356106666,-5.126626963001327e-07
71.81,71.81,82291.020437347,1.13,84,astribot_arm_left_joint_7,-0.23571152700406403,-0.2074174431317125,-0.028294083872351522,-0.028294083872351522,-0.2832600309211933,-0.28290537263285687,-1.9544743536060624e-06,-0.23571152700406403,-0.28326003092120905,-1.9544837836115157e-06
71.83,71.83,82291.036816703,1.15,86,astribot_arm_left_joint_1,0.03654984687157485,0.032264570090699655,0.004285276780875195,0.004285276780875195,0.042891917815506934,0.042848417699393494,3.562049001846257e-07,0.03654984687157484,0.04289191781550485,3.5620449272765473e-07
71.83,71.83,82291.036816703,1.15,86,astribot_arm_left_joint_2,-0.6582205661414106,-0.6395575585406574,-0.018663007600753123,-0.018663007600753123,-0.1868005765518202,-0.1866111307678955,-1.5512932741357953e-06,-0.6582205661414107,-0.18680057655190982,-1.5513232475666623e-06
71.83,71.83,82291.036816703,1.15,86,astribot_arm_left_joint_3,-0.5123344529238408,-0.5226127761347295,0.010278323210888618,0.010278323210888618,0.10287713250987808,0.10277279857580655,8.544260031707223e-07,-0.5123344529238412,0.10287713250970601,8.543644763816927e-07
71.83,71.83,82291.036816703,1.15,86,astribot_arm_left_joint_4,0.9352467913893228,0.9427825188007777,-0.007535727411454918,-0.007535727411454918,-0.07542611865105658,-0.07534962445015773,-6.263884065284132e-07,0.9352467913893225,-0.07542611865109966,-6.263914213376711e-07
71.83,71.83,82291.036816703,1.15,86,astribot_arm_left_joint_5,-0.2731070307697271,-0.24108667118840577,-0.03202035958132132,-0.03202035958132132,-0.32049612586172305,-0.32017109132144456,-2.6616129470229653e-06,-0.27310703076972714,-0.32049612586175397,-2.6616237971372806e-06
71.83,71.83,82291.036816703,1.15,86,astribot_arm_left_joint_6,-0.06331332660451908,-0.055890172838433956,-0.007423153766085121,-0.007423153766085121,-0.07429935375084683,-0.07422400227230402,-6.170383753672245e-07,-0.06331332660451902,-0.07429935375083406,-6.170339101479543e-07
71.83,71.83,82291.036816703,1.15,86,astribot_arm_left_joint_7,-0.2413767279698691,-0.21307657912428377,-0.02830014884558532,-0.02830014884558532,-0.283260031644686,-0.2829727604758155,-2.3523977660529653e-06,-0.24137672796986903,-0.28326003164468166,-2.3523908705418536e-06
71.86,71.86,82291.083777694,1.18,89,astribot_arm_left_joint_1,0.03783660441739402,0.03355026666219113,0.0042863377552028875,0.0042863377552028875,0.042891918013039064,0.04286020641480987,4.2494370315415383e-07,0.037836604417394025,0.04289191801304195,4.2494389465320305e-07
71.86,71.86,82291.083777694,1.18,89,astribot_arm_left_joint_2,-0.6638245834874166,-0.6451569552757441,-0.01866762821167245,-0.01866762821167245,-0.1868005774122462,-0.18666247137907027,-1.8506990541145325e-06,-0.6638245834874165,-0.18680057741221237,-1.8506927422693104e-06
71.86,71.86,82291.083777694,1.18,89,astribot_arm_left_joint_3,-0.5092481389213174,-0.5195290068524114,0.010280867931094062,0.010280867931094062,0.10287713298329768,0.10280107351442082,1.0191691521815465e-06,-0.509248138921317,0.10287713298350495,1.01923654839479e-06
71.86,71.86,82291.083777694,1.18,89,astribot_arm_left_joint_4,0.9329840078098238,0.9405216009262608,-0.00753759311643698,-0.00753759311643698,-0.07542611899829729,-0.07537035470215746,-7.472338446180661e-07,0.9329840078098234,-0.0754261189984594,-7.472731503336597e-07
71.86,71.86,82291.083777694,1.18,89,astribot_arm_left_joint_5,-0.282721914630419,-0.250693627408204,-0.03202828722221501,-0.03202828722221501,-0.3204961273377126,-0.3202591770612967,-3.1752427678757172e-06,-0.2827219146304192,-0.3204961273377783,-3.1752581182573212e-06
71.86,71.86,82291.083777694,1.18,89,astribot_arm_left_joint_6,-0.06554230723671207,-0.05811731563682257,-0.007424991599889505,-0.007424991599889505,-0.07429935409302177,-0.07424442284218306,-7.361112786003211e-07,-0.06554230723671205,-0.07429935409301708,-7.361074084988576e-07
71.86,71.86,82291.083777694,1.18,89,astribot_arm_left_joint_7,-0.24987452899419207,-0.2215673735619379,-0.028307155432254177,-0.028307155432254177,-0.2832600329491962,-0.2830506121796094,-2.8063457326301603e-06,-0.24987452899419213,-0.2832600329492288,-2.806347246855661e-06
71.88,71.88,82291.104324338,1.2,91,astribot_arm_left_joint_1,0.03869444281983493,0.03440756275464612,0.0042868800651888125,0.0042868800651888125,0.04289192273364588,0.04286623165271983,-2.046312639926921e-06,0.03869444281983494,0.04289192273365781,-2.046306930351248e-06
71.88,71.88,82291.104324338,1.2,91,astribot_arm_left_joint_2,-0.6675605952193615,-0.6488906052131238,-0.018669990006237702,-0.018669990006237702,-0.18680059797145815,-0.18668871167634787,8.911838629685915e-06,-0.6675605952193611,-0.18680059797117224,8.911963854521512e-06
71.88,71.88,82291.104324338,1.2,91,astribot_arm_left_joint_3,-0.5071905961604777,-0.5174727648083958,0.010282168647918088,0.010282168647918088,0.10287714430576803,0.1028155248966033,-4.908181551693778e-06,-0.5071905961604771,0.10287714430599734,-4.908108655828102e-06
71.88,71.88,82291.104324338,1.2,91,astribot_arm_left_joint_4,0.9314754853556801,0.9390140321148366,-0.007538546759156439,-0.007538546759156439,-0.07542612729956352,-0.07538094997872043,3.598538717002765e-06,0.9314754853556797,-0.0754261272997498,3.5984632816409833e-06
71.88,71.88,82291.104324338,1.2,91,astribot_arm_left_joint_5,-0.28913183749235216,-0.2570994981091859,-0.03203233938316624,-0.03203233938316624,-0.32049616261119557,-0.32030419787322606,1.5290327990634135e-05,-0.28913183749235183,-0.32049616261106806,1.52903732002381e-05
71.88,71.88,82291.104324338,1.2,91,astribot_arm_left_joint_6,-0.06702829439163871,-0.059602363395205686,-0.007425930996433024,-0.007425930996433024,-0.07429936227030233,-0.07425485983956014,3.5447027347929762e-06,-0.06702829439163867,-0.07429936227028452,3.5447070552687e-06
71.88,71.88,82291.104324338,1.2,91,astribot_arm_left_joint_7,-0.2555397299317358,-0.22722899312924075,-0.028310736802495046,-0.028310736802495046,-0.28326006412438465,-0.2830904023536115,1.3513899279136635e-05,-0.2555397299317357,-0.2832600641243723,1.3513897974301406e-05
71.9,71.9,82291.124131256,1.22,93,astribot_arm_left_joint_1,0.03955228118821262,0.03526496188643094,0.004287319301781681,0.004287319301781681,0.04289191831475676,0.04287111248630745,4.641709505014482e-07,0.03955228118821263,0.04289191831475946,4.641709539909892e-07
71.9,71.9,82291.124131256,1.22,93,astribot_arm_left_joint_2,-0.6712966068029551,-0.65262470389339,-0.018671902909565108,-0.018671902909565108,-0.18680057872619293,-0.18670996801950793,-2.021538652606507e-06,-0.6712966068029553,-0.1868005787262364,-2.021532052801244e-06
71.9,71.9,82291.124131256,1.22,93,astribot_arm_left_joint_3,-0.5051330534813392,-0.5154162756271287,0.010283222145789472,0.010283222145789472,0.10287713370692687,0.10282723145369999,1.1132485149844914e-06,-0.5051330534813386,0.10287713370718217,1.113325222894862e-06
71.9,71.9,82291.124131256,1.22,93,astribot_arm_left_joint_4,0.9299669629614368,0.937506282110534,-0.007539319149097223,-0.007539319149097223,-0.07542611952900509,-0.07538953284011371,-8.162581747878366e-07,0.9299669629614367,-0.07542611952904663,-8.162517704229163e-07
71.9,71.9,82291.124131256,1.22,93,astribot_arm_left_joint_5,-0.295541760099758,-0.2635061387240478,-0.0320356213757102,-0.0320356213757102,-0.3204961295922325,-0.3203406676516618,-3.4683539562812378e-06,-0.2955417600997581,-0.32049612959226714,-3.468370283489687e-06
71.9,71.9,82291.124131256,1.22,93,astribot_arm_left_joint_6,-0.06851428148755943,-0.061087589639688966,-0.007426691847870467,-0.007426691847870467,-0.07429935461568449,-0.07426331448454598,-8.040661644110483e-07,-0.0685142814875594,-0.07429935461566531,-8.040580759597281e-07
71.9,71.9,82291.124131256,1.22,93,astribot_arm_left_joint_7,-0.26120493064432426,-0.2328912931597769,-0.02831363748454735,-0.02831363748454735,-0.2832600349417995,-0.28312263497598594,-3.0654278738277842e-06,-0.2612049306443242,-0.28326003494177876,-3.065406468211794e-06
71.92,71.92,82291.14709926,1.24,95,astribot_arm_left_joint_1,0.04041011955225327,0.03612244447272309,0.004287675079530179,0.004287675079530179,0.04289191846953283,0.042875065571581744,4.561625496272435e-07,0.04041011955225327,0.0428919184695293,4.5615940464195403e-07
71.92,71.92,82291.14709926,1.24,95,astribot_arm_left_joint_2,-0.6750326183676608,-0.656359166023385,-0.018673452344275865,-0.018673452344275865,-0.18680057940024117,-0.18672718395928242,-1.9866508720833155e-06,-0.675032618367661,-0.18680057940028186,-1.9866407162398785e-06
71.92,71.92,82291.14709926,1.24,95,astribot_arm_left_joint_3,-0.5030755108126027,-0.5133595862823168,0.010284075469714105,0.010284075469714105,0.10287713407829782,0.10283671282968809,1.0940718122457895e-06,-0.5030755108126024,0.10287713407839796,1.0941083610998556e-06
71.92,71.92,82291.14709926,1.24,95,astribot_arm_left_joint_4,0.9284584405748199,0.9359983853529246,-0.007539944778104712,-0.007539944778104712,-0.07542611980133337,-0.07539648427214989,-8.02162668487416e-07,0.9284584405748204,-0.07542611980121187,-8.021633844186639e-07
71.92,71.92,82291.14709926,1.24,95,astribot_arm_left_joint_5,-0.3019516826747571,-0.2699134029142342,-0.03203827976052287,-0.03203827976052287,-0.3204961307486939,-0.3203702052586028,-3.408487466855061e-06,-0.3019516826747571,-0.32049613074873584,-3.4085065542703046e-06
71.92,71.92,82291.14709926,1.24,95,astribot_arm_left_joint_6,-0.07000026857596722,-0.06257296044518186,-0.007427308130785362,-0.007427308130785362,-0.07429935488374864,-0.07427016207153697,-7.901767189139868e-07,-0.07000026857596729,-0.07429935488376613,-7.901796657618239e-07
71.92,71.92,82291.14709926,1.24,95,astribot_arm_left_joint_7,-0.2668701313282708,-0.23855414431699437,-0.02831598701127644,-0.02831598701127644,-0.28326003596389615,-0.28314874082502983,-3.012494156300607e-06,-0.2668701313282708,-0.28326003596388816,-3.012495052999231e-06
71.94,71.94,82291.170546448,1.26,97,astribot_arm_left_joint_1,0.04126795795923685,0.03697999466092522,0.004287963298311631,0.004287963298311631,0.042891918618085695,0.04287826798556968,4.266786147112487e-07,0.04126795795923686,0.042891918618081275,4.2667512601620677e-07
71.94,71.94,82291.170546448,1.26,97,astribot_arm_left_joint_2,-0.6787686301193896,-0.660093922564032,-0.018674707555357606,-0.018674707555357606,-0.18680058004721037,-0.18674113067753853,-1.8582466017781567e-06,-0.6787686301193898,-0.18680058004724698,-1.8582324777124994e-06
71.94,71.94,82291.170546448,1.26,97,astribot_arm_left_joint_3,-0.5010179680408672,-0.5113027347960173,0.01028476675515011,0.01028476675515011,0.10287713443459108,0.10284439373941373,1.0233492759308368e-06,-0.501017968040867,0.10287713443470403,1.023388939731159e-06
71.94,71.94,82291.170546448,1.26,97,astribot_arm_left_joint_4,0.9269499181126885,0.9344903697185263,-0.007540451605837828,-0.007540451605837828,-0.07542612006240787,-0.07540211566175431,-7.503289085069379e-07,0.9269499181126882,-0.07542612006244268,-7.503148534409574e-07
71.94,71.94,82291.170546448,1.26,97,astribot_arm_left_joint_5,-0.3083616055706336,-0.2763211722285223,-0.03204043334211126,-0.03204043334211126,-0.32049613185875364,-0.32039413382059506,-3.1882009913277384e-06,-0.3083616055706335,-0.3204961318587423,-3.1881942426548042e-06
71.94,71.94,82291.170546448,1.26,97,astribot_arm_left_joint_6,-0.07148625573876291,-0.06405844835160426,-0.007427807387158647,-0.007427807387158647,-0.07429935514108708,-0.0742757093357448,-7.391012389013573e-07,-0.07148625573876291,-0.07429935514109409,-7.391063429466821e-07
71.94,71.94,82291.170546448,1.26,97,astribot_arm_left_joint_7,-0.27253533229581434,-0.24421744191164932,-0.028317890384165018,-0.028317890384165018,-0.28326003694500046,-0.28316988930292114,-2.8178064897872084e-06,-0.2725353322958142,-0.2832600369449332,-2.8177799529545507e-06
71.96,71.96,82291.190169419,1.28,99,astribot_arm_left_joint_1,0.04212579632337621,0.03783759960654478,0.004288196716831429,0.004288196716831429,0.042891918752840374,0.042880861539977624,3.7343027599737316e-07,0.0421257963233762,0.042891918752834705,3.734263320936914e-07
71.96,71.96,82291.190169419,1.28,99,astribot_arm_left_joint_2,-0.6825046416845264,-0.6638289175767426,-0.018675724107783842,-0.018675724107783842,-0.1868005806345918,-0.18675242577327503,-1.6265183555641479e-06,-0.6825046416845255,-0.18680058063411786,-1.6263261815888512e-06
71.96,71.96,82291.190169419,1.28,99,astribot_arm_left_joint_3,-0.4989604253718945,-0.5092457519754242,0.01028532660352971,0.01028532660352971,0.102877134757788,0.10285061431467159,8.956285483035649e-07,-0.49896042537189417,0.10287713475791417,8.956714373444319e-07
71.96,71.96,82291.190169419,1.28,99,astribot_arm_left_joint_4,0.9254413957258991,0.9329822577941569,-0.00754086206825777,-0.00754086206825777,-0.0754261202991724,-0.0754066763823041,-6.566391130748935e-07,0.9254413957258983,-0.07542612029940146,-6.566788830483145e-07
71.96,71.96,82291.190169419,1.28,99,astribot_arm_left_joint_5,-0.31477152814637016,-0.28272935069236493,-0.03204217745400523,-0.03204217745400523,-0.3204961328656582,-0.3204135129600823,-2.7903169060203452e-06,-0.31477152814637016,-0.3204961328656445,-2.7903095650426935e-06
71.96,71.96,82291.190169419,1.28,99,astribot_arm_left_joint_6,-0.07297224282734187,-0.06554403110955512,-0.007428211717786751,-0.007428211717786751,-0.07429935537456532,-0.07428020192526491,-6.468840243228188e-07,-0.0729722428273418,-0.07429935537452019,-6.468663368853425e-07
71.96,71.96,82291.190169419,1.28,99,astribot_arm_left_joint_7,-0.2782005329804127,-0.24988110111977319,-0.02831943186063951,-0.02831943186063951,-0.2832600378348547,-0.28318701692234777,-2.466118814421497e-06,-0.2782005329804127,-0.28326003783484816,-2.466122135826262e-06
71.98,71.98,82291.210428036,1.3,101,astribot_arm_left_joint_1,0.042983634687557254,0.03869524890167595,0.004288385785881303,0.004288385785881303,0.04289191886545084,0.04288296230642839,2.941258438490219e-07,0.04298363468755724,0.04289191886544329,2.941216788699457e-07
71.98,71.98,82291.210428036,1.3,101,astribot_arm_left_joint_2,-0.6862406532498426,-0.66756410573442,-0.01867654751542258,-0.01867654751542258,-0.18680058112451733,-0.18676157474588514,-1.2809630561595606e-06,-0.6862406532498428,-0.18680058112453973,-1.2809409013880122e-06
71.98,71.98,82291.210428036,1.3,101,astribot_arm_left_joint_3,-0.4969028827028216,-0.5071886627836389,0.01028578008081732,0.01028578008081732,0.10287713502786527,0.10285565295035377,7.054097550533309e-07,-0.4969028827028213,0.10287713502800577,7.054569450452091e-07
71.98,71.98,82291.210428036,1.3,101,astribot_arm_left_joint_4,0.9239328733390342,0.931474067881939,-0.0075411945429048055,-0.0075411945429048055,-0.07542612049787084,-0.07541037054375074,-5.173420182722667e-07,0.9239328733390353,-0.07542612049743319,-5.172176569665538e-07
71.98,71.98,82291.210428036,1.3,101,astribot_arm_left_joint_5,-0.32118145072241816,-0.2891378605374852,-0.03204359018493297,-0.03204359018493297,-0.32049613370701446,-0.3204292099688298,-2.1977006741628817e-06,-0.3211814507224182,-0.3204961337070782,-2.197731382182532e-06
71.98,71.98,82291.210428036,1.3,101,astribot_arm_left_joint_6,-0.0744582299159928,-0.06702969069032134,-0.007428539225671452,-0.007428539225671452,-0.0742993555695469,-0.0742838409009277,-5.094774919034654e-07,-0.07445822991599287,-0.07429935556958611,-5.094912745202535e-07
71.98,71.98,82291.210428036,1.3,101,astribot_arm_left_joint_7,-0.2838657336652864,-0.2555450532084149,-0.028320680456871472,-0.028320680456871472,-0.2832600385785287,-0.2832008902108012,-1.9423844630972863e-06,-0.2838657336652864,-0.28326003857852206,-1.9423915648418806e-06
72.0,72.0,82291.229984006,1.32,103,astribot_arm_left_joint_1,0.04384147309466298,0.039552934124199114,0.0042885389704638635,0.0042885389704638635,0.042891918946797246,0.04288466435562041,1.8647148006624615e-07,0.04384147309466297,0.042891918946788773,1.8646660934947863e-07
72.0,72.0,82291.229984006,1.32,103,astribot_arm_left_joint_2,-0.6899766650021032,-0.6712994503581938,-0.018677214643909368,-0.018677214643909368,-0.1868005814788037,-0.18676898727931696,-8.121183333146962e-07,-0.6899766650021033,-0.18680058147881778,-8.120893198648259e-07
72.0,72.0,82291.229984006,1.32,103,astribot_arm_left_joint_3,-0.49484533993079205,-0.5051314874209043,0.010286147490112252,0.010286147490112252,0.1028771352233943,0.10285973527270559,4.4732628450227613e-07,-0.49484533993079277,0.10287713522311584,4.4724204211510645e-07
72.0,72.0,82291.229984006,1.32,103,astribot_arm_left_joint_4,0.9224243508766886,0.9299658147920234,-0.007541463915334834,-0.007541463915334834,-0.07542612064046499,-0.07541336356782913,-3.2793291439790774e-07,0.9224243508766884,-0.07542612064047935,-3.2790409716288306e-07
72.0,72.0,82291.229984006,1.32,103,astribot_arm_left_joint_5,-0.32759137361920715,-0.2955466388334783,-0.032044734785728834,-0.032044734785728834,-0.32049613431482293,-0.32044192774677316,-1.393285141922828e-06,-0.3275913736192074,-0.32049613431490515,-1.3933103800685102e-06
72.0,72.0,82291.229984006,1.32,103,astribot_arm_left_joint_6,-0.07594421707900002,-0.0685154125049953,-0.00742880457400473,-0.00742880457400473,-0.07429935571047462,-0.07428678921325971,-3.2300137141256615e-07,-0.07594421707900009,-0.0742993557104951,-3.2300570979930553e-07
72.0,72.0,82291.229984006,1.32,103,astribot_arm_left_joint_7,-0.2895309346336364,-0.26120924255859224,-0.028321692075044147,-0.028321692075044147,-0.28326003911570125,-0.28321213040343335,-1.2314391135615274e-06,-0.2895309346336365,-0.28326003911572634,-1.2314316664674655e-06
72.03,72.03,82291.261972197,1.35,107,astribot_arm_left_joint_1,0.045128230641017814,0.04083951474901152,0.004288715892006294,0.004288715892006294,0.04289191899425847,0.042886630150589015,1.4394751230552848e-07,0.04512823064101782,0.04289191899425846,1.439475151199504e-07
72.03,72.03,82291.261972197,1.35,107,astribot_arm_left_joint_2,-0.6955806823504419,-0.6769026972021668,-0.018677985148275122,-0.018677985148275122,-0.18680058168555408,-0.18677754844251943,-6.269123465320476e-07,-0.695580682350442,-0.18680058168555408,-6.269124861737512e-07
72.03,72.03,82291.261972197,1.35,107,astribot_arm_left_joint_3,-0.49175902592698384,-0.5020455977588452,0.010286571831861324,0.010286571831861324,0.10287713533697533,0.10286445018264614,3.4526183105492154e-07,-0.49175902592698384,0.10287713533697532,3.4526166931724187e-07
72.03,72.03,82291.261972197,1.35,107,astribot_arm_left_joint_4,0.9201615672962472,0.9277033423250405,-0.007541775028793274,-0.007541775028793274,-0.07542612072395115,-0.07541682038433323,-2.531357808132223e-07,0.9201615672962472,-0.07542612072395115,-2.531352097767148e-07
72.03,72.03,82291.261972197,1.35,107,astribot_arm_left_joint_5,-0.33720625748390176,-0.30516020073408556,-0.0320460567498162,-0.0320460567498162,-0.3204961346696088,-0.3204566162434482,-1.07560101534613e-06,-0.3372062574839018,-0.32049613466960875,-1.0756010922687215e-06
72.03,72.03,82291.261972197,1.35,107,astribot_arm_left_joint_6,-0.078173197712121,-0.07074408667232897,-0.007429111039792033,-0.007429111039792033,-0.07429935579272534,-0.07429019438954401,-2.493525133543678e-07,-0.078173197712121,-0.07429935579272533,-2.4935251060290174e-07
72.03,72.03,82291.261972197,1.35,107,astribot_arm_left_joint_7,-0.2980287356614971,-0.26970587521145545,-0.028322860450041676,-0.028322860450041676,-0.28326003942922023,-0.2832251123514548,-9.506347773433448e-07,-0.2980287356614971,-0.28326003942922023,-9.506348140519513e-07
72.05,72.05,82291.284813822,1.37,109,astribot_arm_left_joint_1,0.04598606904814539,0.041697262691685104,0.004288806356460284,0.004288806356460284,0.042891918953089914,0.0428876353106653,-1.7349411787158023e-07,0.045986069048145395,0.04289191895308987,-1.7349429352389515e-07
72.05,72.05,82291.284813822,1.37,109,astribot_arm_left_joint_2,-0.6993166941027978,-0.6806383149762203,-0.01867837912657755,-0.01867837912657755,-0.18680058150625917,-0.18678192597920296,7.555914092291819e-07,-0.6993166941027978,-0.18680058150625883,7.555930340665051e-07
72.05,72.05,82291.284813822,1.37,109,astribot_arm_left_joint_3,-0.4897014831549029,-0.4999882719634018,0.01028678880849887,0.01028678880849887,0.10287713523822879,0.10286686103390875,-4.161293573778318e-07,-0.4897014831549029,0.10287713523822871,-4.161297531018978e-07
72.05,72.05,82291.284813822,1.37,109,astribot_arm_left_joint_4,0.918653044833862,0.9261949789428247,-0.007541934108962645,-0.007541934108962645,-0.0754261206515609,-0.075418587940934,3.050934103425896e-07,0.918653044833862,-0.07542612065156108,3.0509247063768775e-07
72.05,72.05,82291.284813822,1.37,109,astribot_arm_left_joint_5,-0.34361618038085406,-0.31156944767749,-0.032046732703364056,-0.032046732703364056,-0.32049613436199265,-0.32046412683885933,1.2963804111620494e-06,-0.3436161803808541,-0.3204961343619926,1.296380374660007e-06
72.05,72.05,82291.284813822,1.37,109,astribot_arm_left_joint_6,-0.07965918487516603,-0.07222991713168495,-0.0074292677434810855,-0.0074292677434810855,-0.07429935572141123,-0.07429193554126959,3.005346148081907e-07,-0.07965918487516604,-0.0742993557214112,3.005347941794547e-07
72.05,72.05,82291.284813822,1.37,109,astribot_arm_left_joint_7,-0.30369393662999145,-0.27537047876033993,-0.028323457869651514,-0.028323457869651514,-0.2832600391573443,-0.28323175034589815,1.1457624891319822e-06,-0.3036939366299915,-0.28326003915734405,1.1457636135819277e-06
72.08,72.08,82291.319192806,1.4,112,astribot_arm_left_joint_1,0.04727282659445904,0.04298391577806579,0.0042889108163932516,0.0042889108163932516,0.04289191882411401,0.042888795975940176,-3.287512501521703e-07,0.047272826594459035,0.042891918824114014,-3.287512526670952e-07
72.08,72.08,82291.319192806,1.4,112,astribot_arm_left_joint_2,-0.704920711450957,-0.6862418773949748,-0.018678834055982252,-0.018678834055982252,-0.18680058094454854,-0.1867869807509979,1.4317632196008493e-06,-0.704920711450957,-0.1868005809445501,1.4317598062956114e-06
72.08,72.08,82291.319192806,1.4,112,astribot_arm_left_joint_3,-0.48661516915119274,-0.496902208504088,0.010287039352895266,0.010287039352895266,0.10287713492887719,0.10286964486045548,-7.885173843621465e-07,-0.48661516915119274,0.10287713492887753,-7.88516516502326e-07
72.08,72.08,82291.319192806,1.4,112,astribot_arm_left_joint_4,0.9163902612534932,0.9239323790534261,-0.007542117799932857,-0.007542117799932857,-0.07542612042475819,-0.07542062895076738,5.781072848017025e-07,0.9163902612534932,-0.07542612042475498,5.781143032724653e-07
72.08,72.08,82291.319192806,1.4,112,astribot_arm_left_joint_5,-0.3532310642452408,-0.3211835510137665,-0.03204751323147431,-0.03204751323147431,-0.32049613339825767,-0.3204727993751852,2.456490499828272e-06,-0.35323106424524076,-0.32049613339825805,2.4564897252394736e-06
72.08,72.08,82291.319192806,1.4,112,astribot_arm_left_joint_6,-0.08188816550821561,-0.07445871681791555,-0.007429448690300058,-0.007429448690300058,-0.07429935549799395,-0.07429394606117827,5.694781895835251e-07,-0.0818881655082156,-0.07429935549799421,5.694777348103958e-07
72.08,72.08,82291.319192806,1.4,112,astribot_arm_left_joint_7,-0.31219173765757996,-0.28386758994343536,-0.0283241477141446,-0.0283241477141446,-0.2832600383055794,-0.2832394152838855,2.17108753874433e-06,-0.31219173765757996,-0.2832600383055799,2.1710862010865266e-06
72.1,72.1,82291.338487943,1.42,114,astribot_arm_left_joint_1,0.04813066500151641,0.04384170075210285,0.0042889642494135585,0.0042889642494135585,0.04289191870169936,0.0428893892044283,-3.9747655749226467e-07,0.0481306650015164,0.04289191870169969,-3.9747606416360897e-07
72.1,72.1,82291.338487943,1.42,114,astribot_arm_left_joint_2,-0.708656723203007,-0.689977656442994,-0.018679066760012963,-0.018679066760012963,-0.18680058041141687,-0.18678956429918267,1.7310652063483432e-06,-0.708656723203007,-0.18680058041141556,1.7310671887410772e-06
72.1,72.1,82291.338487943,1.42,114,astribot_arm_left_joint_3,-0.4845576263792802,-0.4948447938898479,0.01028716751056774,0.01028716751056774,0.10287713463526209,0.10287106770409721,-9.533565503517276e-07,-0.4845576263792802,0.1028771346352628,-9.533552132859487e-07
72.1,72.1,82291.338487943,1.42,114,astribot_arm_left_joint_4,0.9148817387912312,0.9224239505521972,-0.007542211760965922,-0.007542211760965922,-0.07542612020948547,-0.07542167213282289,6.989688512436542e-07,0.9148817387912312,-0.07542612020948655,6.989682901037941e-07
72.1,72.1,82291.338487943,1.42,114,astribot_arm_left_joint_5,-0.3596409871416685,-0.3275930746569676,-0.0320479124847009,-0.0320479124847009,-0.3204961324835556,-0.3204772320017032,2.970014136262106e-06,-0.3596409871416685,-0.3204961324835561,2.970013980304299e-06
72.1,72.1,82291.338487943,1.42,114,astribot_arm_left_joint_6,-0.08337415267113907,-0.07594461142349462,-0.0074295412476444445,-0.0074295412476444445,-0.07429935528594075,-0.07429497365951043,6.885264920498734e-07,-0.08337415267113905,-0.07429935528594067,6.885266264006398e-07
72.1,72.1,82291.338487943,1.42,114,astribot_arm_left_joint_7,-0.3178569386256108,-0.28953243804439804,-0.028324500581212775,-0.028324500581212775,-0.28326003749714684,-0.2832433329160748,2.624953588113938e-06,-0.31785693862561076,-0.2832600374971493,2.624949846807176e-06
72.12,72.12,82291.361262583,1.44,116,astribot_arm_left_joint_1,0.048988503365637474,0.04469949587835478,0.004289007487282698,0.004289007487282698,0.04289191856053239,0.042889870096236696,-4.41051430607965e-07,0.04898850336563747,0.04289191856053279,-4.410509983405765e-07
72.12,72.12,82291.361262583,1.44,116,astribot_arm_left_joint_2,-0.712392734768063,-0.6937134797045624,-0.018679255063500544,-0.018679255063500544,-0.18680057979661363,-0.18679165861395994,1.9208416901801823e-06,-0.712392734768063,-0.1868005797966153,1.9208416328468383e-06
72.12,72.12,82291.361262583,1.44,116,astribot_arm_left_joint_3,-0.48250008371035125,-0.49278735492577497,0.010287271215423721,0.010287271215423721,0.10287713429667288,0.1028722211110434,-1.0578727011828457e-06,-0.48250008371035125,0.10287713429667415,-1.057870758261519e-06
72.12,72.12,82291.361262583,1.44,116,astribot_arm_left_joint_4,0.9133732164044737,0.9209155041984732,-0.007542287793999569,-0.007542287793999569,-0.07542611996122484,-0.07542251777278557,7.756096525541527e-07,0.9133732164044737,-0.075426119961234,7.7559806137957e-07
72.12,72.12,82291.361262583,1.44,116,astribot_arm_left_joint_5,-0.36605090971726845,-0.33400267415791773,-0.03204823555935071,-0.03204823555935071,-0.32049613142872974,-0.32048082524424154,3.2956149673447564e-06,-0.3660509097172684,-0.32049613142873085,3.2956138183410915e-06
72.12,72.12,82291.361262583,1.44,116,astribot_arm_left_joint_6,-0.08486013975968623,-0.07743052361487664,-0.007429616144809595,-0.007429616144809595,-0.07429935504140597,-0.07429580666676293,7.640096269856118e-07,-0.08486013975968623,-0.07429935504140689,7.640084784855474e-07
72.12,72.12,82291.361262583,1.44,116,astribot_arm_left_joint_7,-0.3235221393100884,-0.29519735318975504,-0.028324786120333345,-0.028324786120333345,-0.28326003656488,-0.2832465086861535,2.9127196276654725e-06,-0.32352213931008833,-0.28326003656488047,2.912719386111445e-06
72.14,72.14,82291.380829622,1.46,118,astribot_arm_left_joint_1,0.0498463417320062,0.045557299219789335,0.004289042512216866,0.004289042512216866,0.0428919216130456,0.042890259236335715,2.08590576742838e-06,0.0498463417320062,0.04289192161304642,2.085906434665641e-06
72.14,72.14,82291.380829622,1.46,118,astribot_arm_left_joint_2,-0.716128746342908,-0.6974493387437792,-0.018679407599128783,-0.018679407599128783,-0.18680059309076041,-0.1867933533441303,-9.08442937652359e-06,-0.716128746342908,-0.1868005930907587,-9.084427677316648e-06
72.14,72.14,82291.380829622,1.46,118,astribot_arm_left_joint_3,-0.48044254103603123,-0.49072989625779295,0.010287355221761718,0.010287355221761718,0.1028771416181843,0.10287315445379504,5.00308031420882e-06,-0.48044254103603123,0.10287714161819345,5.003090254362232e-06
72.14,72.14,82291.380829622,1.46,118,astribot_arm_left_joint_4,0.9118646940137634,0.9194070433984924,-0.007542349384729086,-0.007542349384729086,-0.07542612532915093,-0.07542320206894075,-3.668114523500965e-06,0.9118646940137634,-0.07542612532913691,-3.6680995945683143e-06
72.14,72.14,82291.380829622,1.46,118,astribot_arm_left_joint_5,-0.3724608323096634,-0.34041233504303536,-0.03204849726662806,-0.03204849726662806,-0.32049615423765565,-0.320483732914382,-1.5586263315118078e-05,-0.3724608323096634,-0.32049615423766126,-1.5586266706171223e-05
72.14,72.14,82291.380829622,1.46,118,astribot_arm_left_joint_6,-0.08634612685212696,-0.07891645003670822,-0.007429676815418743,-0.007429676815418743,-0.07429936032910953,-0.07429648074046952,-3.6133027864549528e-06,-0.08634612685212693,-0.07429936032911033,-3.613303132367316e-06
72.14,72.14,82291.380829622,1.46,118,astribot_arm_left_joint_7,-0.32918734000940975,-0.30086232258750406,-0.028325017421905685,-0.028325017421905685,-0.28326005672380317,-0.28324907853546627,-1.3775412814126474e-05,-0.3291873400094097,-0.283260056723804,-1.3775412584718105e-05
72.17,72.17,82291.412922028,1.49,121,astribot_arm_left_joint_1,0.05113309931861176,0.0468440163120004,0.004289083006611363,0.004289083006611363,0.04289191817647217,0.04289070919910694,-4.550000868618291e-07,0.05113309931861176,0.04289191817647307,-4.5499915332990423e-07
72.17,72.17,82291.412922028,1.49,121,astribot_arm_left_joint_2,-0.7217327638665446,-0.7030531799120412,-0.01867958395450342,-0.01867958395450342,-0.18680057812398035,-0.18679531296102006,1.9815819960316415e-06,-0.7217327638665445,-0.1868005781239674,1.981590727848548e-06
72.17,72.17,82291.412922028,1.49,121,astribot_arm_left_joint_3,-0.47735622693568003,-0.48764367928210095,0.010287452346420922,0.010287452346420922,0.10287713337551806,0.10287423367820642,-1.0913070674415038e-06,-0.47735622693568003,0.10287713337549768,-1.0913246725559657e-06
72.17,72.17,82291.412922028,1.49,121,astribot_arm_left_joint_4,0.9096019103625407,0.917144330955945,-0.007542420593404375,-0.007542420593404375,-0.07542611928585885,-0.07542399332074265,8.001324391397527e-07,0.9096019103625407,-0.0754261192858681,8.001232518873993e-07
72.17,72.17,82291.412922028,1.49,121,astribot_arm_left_joint_5,-0.38207571647511845,-0.3500269166333923,-0.03204879984172615,-0.03204879984172615,-0.32049612855897547,-0.3204870950540552,3.3998334633719055e-06,-0.38207571647511845,-0.3204961285589723,3.3998342508049426e-06
72.17,72.17,82291.412922028,1.49,121,astribot_arm_left_joint_6,-0.08857510755497203,-0.08114536059469699,-0.007429746960275041,-0.007429746960275041,-0.07429935437612135,-0.07429726017205625,7.881691006784311e-07,-0.08857510755497203,-0.07429935437611986,7.881704847962996e-07
72.17,72.17,82291.412922028,1.49,121,astribot_arm_left_joint_7,-0.33768514130308774,-0.30935985645985065,-0.028325284843237097,-0.028325284843237097,-0.2832600340285328,-0.2832520500528505,3.0048351067192628e-06,-0.33768514130308774,-0.28326003402853406,3.0048335865579246e-06
72.19,72.19,82291.432198389,1.51,123,astribot_arm_left_joint_1,0.051990937682554944,0.0477018340020753,0.004289103680479647,0.004289103680479647,0.04289191802798083,0.04289093890842707,-4.285965572161753e-07,0.05199093768255494,0.04289191802798062,-4.285968241384341e-07
72.19,72.19,82291.432198389,1.51,123,astribot_arm_left_joint_2,-0.7254687754308258,-0.7067891014405119,-0.018679673990313894,-0.018679673990313894,-0.1868005774772778,-0.1867963133599269,1.8665993050026037e-06,-0.7254687754308258,-0.18680057747727266,1.8666018929554463e-06
72.19,72.19,82291.432198389,1.51,123,astribot_arm_left_joint_3,-0.47529868426717786,-0.48558618619926547,0.010287501932087606,0.010287501932087606,0.1028771330193523,0.10287478463022687,-1.0279873782574725e-06,-0.47529868426717786,0.10287713301934179,-1.0279968526374196e-06
72.19,72.19,82291.432198389,1.51,123,astribot_arm_left_joint_4,0.9080933879760958,0.9156358449241271,-0.00754245694803124,-0.00754245694803124,-0.07542611902470166,-0.07542439726063548,7.537165813684587e-07,0.9080933879760958,-0.07542611902472927,7.536968623415934e-07
72.19,72.19,82291.432198389,1.51,123,astribot_arm_left_joint_5,-0.3884856390493892,-0.35643668473211887,-0.03204895431727034,-0.03204895431727034,-0.3204961274494039,-0.3204888114512229,3.202555390836516e-06,-0.38848563904938915,-0.32049612744940936,3.2025517327514396e-06
72.19,72.19,82291.432198389,1.51,123,astribot_arm_left_joint_6,-0.09006109464321108,-0.08263131187143688,-0.007429782771774196,-0.007429782771774196,-0.07429935411889214,-0.07429765807764603,7.424366214387654e-07,-0.09006109464321106,-0.07429935411889413,7.424352477619625e-07
72.19,72.19,82291.432198389,1.51,123,astribot_arm_left_joint_7,-0.34335034198639053,-0.3150249206148476,-0.028325421371542925,-0.028325421371542925,-0.2832600330478697,-0.28325356703446075,2.8304762889805294e-06,-0.34335034198639053,-0.2832600330478764,2.8304731045389324e-06
72.21,72.21,82291.452997338,1.53,125,astribot_arm_left_joint_1,0.052848776089342034,0.04855965562085165,0.004289120468490386,0.004289120468490386,0.04289191789087918,0.04289112504043635,-3.873628645341786e-07,0.052848776089342034,0.042891917890882224,-3.8736016376544383e-07
72.21,72.21,82291.452997338,1.53,125,astribot_arm_left_joint_2,-0.7292047871816987,-0.7105250400787311,-0.018679747102967603,-0.018679747102967603,-0.18680057688020094,-0.18679712397686662,1.6870058645818614e-06,-0.7292047871816986,-0.18680057688018908,1.6870102080818927e-06
72.21,72.21,82291.452997338,1.53,125,astribot_arm_left_joint_3,-0.4732411414959135,-0.48352868369353846,0.010287542197624955,0.010287542197624955,0.10287713269050872,0.10287523106316478,-9.290853445544575e-07,-0.4732411414959135,0.10287713269050125,-9.290914332944142e-07
72.21,72.21,82291.452997338,1.53,125,astribot_arm_left_joint_4,0.9065848655143094,0.9141273519837549,-0.007542486469445553,-0.007542486469445553,-0.07542611878363523,-0.07542472457058214,6.811926542786446e-07,0.9065848655143093,-0.07542611878365205,6.811790061645474e-07
72.21,72.21,82291.452997338,1.53,125,astribot_arm_left_joint_5,-0.3948955619437974,-0.36284648218625926,-0.032049079757538124,-0.032049079757538124,-0.32049612642498604,-0.32049020223704416,2.8944243631449076e-06,-0.39489556194379744,-0.32049612642497927,2.8944259572932333e-06
72.21,72.21,82291.452997338,1.53,125,astribot_arm_left_joint_6,-0.09154708180566634,-0.08411726995352668,-0.007429811852139659,-0.007429811852139659,-0.07429935388140782,-0.07429798049804116,6.710023785905338e-07,-0.09154708180566634,-0.07429935388140438,6.710036406909467e-07
72.21,72.21,82291.452997338,1.53,125,astribot_arm_left_joint_7,-0.34901554295263654,-0.3206900107146691,-0.02832553223796741,-0.02832553223796741,-0.2832600321424745,-0.2832547962351212,2.5581494769952316e-06,-0.3490155429526365,-0.2832600321424735,2.5581447421625427e-06
72.24,72.24,82291.485955086,1.56,128,astribot_arm_left_joint_1,0.054135533635105294,0.04984639383142313,0.004289139803682167,0.004289139803682167,0.04289191771643388,0.04289134027639901,-3.0269921290428976e-07,0.054135533635105294,0.04289191771643133,-3.0270055735074913e-07
72.24,72.24,82291.485955086,1.56,128,astribot_arm_left_joint_2,-0.7348088045274608,-0.7161289732188175,-0.018679831308643258,-0.018679831308643258,-0.18680057612041603,-0.18679806134345764,1.3183135281574152e-06,-0.7348088045274609,-0.18680057612043036,1.3183052436265198e-06
72.24,72.24,82291.485955086,1.56,128,astribot_arm_left_joint_3,-0.4701548274935235,-0.4804424160659902,0.0102875885724667,0.0102875885724667,0.10287713227207199,0.10287574730120237,-7.260401773666631e-07,-0.4701548274935235,0.10287713227207859,-7.260333464111062e-07
72.24,72.24,82291.485955086,1.56,128,astribot_arm_left_joint_4,0.9043220819349085,0.9118646024049328,-0.00754252047002435,-0.00754252047002435,-0.07542611847685288,-0.07542510305935113,5.323214815722742e-07,0.9043220819349085,-0.07542611847687757,5.32303746231095e-07
72.24,72.24,82291.485955086,1.56,128,astribot_arm_left_joint_5,-0.4045104458040714,-0.3724612215738484,-0.032049224230222995,-0.032049224230222995,-0.32049612512147413,-0.32049181048887504,2.261828800738533e-06,-0.4045104458040714,-0.3204961251214576,2.261832373581495e-06
72.24,72.24,82291.485955086,1.56,128,astribot_arm_left_joint_6,-0.09377606243776244,-0.08634621709302584,-0.007429845344736605,-0.007429845344736605,-0.07429935357922227,-0.0742983533327249,5.243480855982731e-07,-0.09377606243776246,-0.07429935357921617,5.243514603768882e-07
72.24,72.24,82291.485955086,1.56,128,astribot_arm_left_joint_7,-0.3575133439765901,-0.3291876840509492,-0.0283256599256409,-0.0283256599256409,-0.2832600309904134,-0.2832562176360333,1.9990441046854497e-06,-0.3575133439765901,-0.28326003099040703,1.999045722734068e-06
72.26,72.26,82291.507948221,1.58,130,astribot_arm_left_joint_1,0.054993372041795587,0.050704222314124664,0.0042891497276709226,0.0042891497276709226,0.042891917626216955,0.042891450202318875,-2.3440018195382046e-07,0.054993372041795587,0.042891917626217614,-2.3440029657840166e-07
72.26,72.26,82291.507948221,1.58,130,astribot_arm_left_joint_2,-0.738544816277912,-0.7198649417498764,-0.018679874528035656,-0.018679874528035656,-0.18680057572751638,-0.18679854007799798,1.020856995495908e-06,-0.738544816277912,-0.18680057572754097,1.0208468842850836e-06
72.26,72.26,82291.507948221,1.58,130,astribot_arm_left_joint_3,-0.46809728472249146,-0.4783848970973115,0.010287612374820065,0.010287612374820065,0.10287713205568733,0.10287601095574561,-5.622225377535457e-07,-0.4680972847224914,0.10287713205570034,-5.622135332710768e-07
72.26,72.26,82291.507948221,1.58,130,astribot_arm_left_joint_4,0.902813559473292,0.9103560973944654,-0.007542537921173431,-0.007542537921173431,-0.07542611831826022,-0.07542529636221375,4.1217104584127243e-07,0.902813559473292,-0.07542611831823709,4.1219639317414816e-07
72.26,72.26,82291.507948221,1.58,130,astribot_arm_left_joint_5,-0.41092036869775633,-0.3788710703155154,-0.03204929838224091,-0.03204929838224091,-0.32049612444734044,-0.3204926318598451,1.751487600299095e-06,-0.4109203686977564,-0.3204961244473566,1.751481808413803e-06
72.26,72.26,82291.507948221,1.58,130,astribot_arm_left_joint_6,-0.09526204960005005,-0.0878321870649008,-0.007429862535149254,-0.007429862535149254,-0.07429935342293913,-0.07429854374792015,4.060403170764723e-07,-0.09526204960005004,-0.07429935342294175,4.0603900391519833e-07
72.26,72.26,82291.507948221,1.58,130,astribot_arm_left_joint_7,-0.36317854494219676,-0.33485281947957785,-0.02832572546261891,-0.02832572546261891,-0.28326003039461317,-0.28325694357797926,1.5479902347915186e-06,-0.36317854494219676,-0.2832600303946227,1.5479890611469336e-06
72.28,72.28,82291.528976844,1.6,132,astribot_arm_left_joint_1,0.05585121040556771,0.0515620526811442,0.004289157724423509,0.004289157724423509,0.04289191756009554,0.04289153939479908,-1.592863121964873e-07,0.05585121040556771,0.04289191756009437,-1.5928676415416728e-07
72.28,72.28,82291.528976844,1.6,132,astribot_arm_left_joint_2,-0.7422808278414484,-0.7236009184872636,-0.018679909354184843,-0.018679909354184843,-0.18680057543959777,-0.1867989285170902,6.936806297081375e-07,-0.7422808278414486,-0.186800575439547,6.937176417538308e-07
72.28,72.28,82291.528976844,1.6,132,astribot_arm_left_joint_3,-0.46603974205439946,-0.4763273736091435,0.010287631554744048,0.010287631554744048,0.1028771318970895,0.10287622488165842,-3.820628304518281e-07,-0.46603974205439935,0.10287713189710161,-3.820528062346928e-07
72.28,72.28,82291.528976844,1.6,132,astribot_arm_left_joint_4,0.9013050370871479,0.9088475890704566,-0.007542551983308665,-0.007542551983308665,-0.07542611820202119,-0.07542545320568363,2.800847317074441e-07,0.901305037087148,-0.07542611820195838,2.80108149811697e-07
72.28,72.28,82291.528976844,1.6,132,astribot_arm_left_joint_5,-0.417330291270749,-0.3852809331368849,-0.032049358133864114,-0.032049358133864114,-0.3204961239533097,-0.3204932983097686,1.190207401250992e-06,-0.417330291270749,-0.320496123953271,1.190220089310489e-06
72.28,72.28,82291.528976844,1.6,132,astribot_arm_left_joint_6,-0.09674803668799278,-0.08931816030081773,-0.007429876387175058,-0.007429876387175058,-0.07429935330840055,-0.07429869824838076,2.759255076785063e-07,-0.09674803668799281,-0.07429935330840214,2.759238205574183e-07
72.28,72.28,82291.528976844,1.6,132,astribot_arm_left_joint_7,-0.36884374562436995,-0.34051796735209244,-0.028325778272277502,-0.028325778272277502,-0.2832600299579616,-0.2832575325980207,1.0519313015552885e-06,-0.36884374562437,-0.2832600299579426,1.0519367136728293e-06
72.3,72.3,82291.548372218,1.62,134,astribot_arm_left_joint_1,0.05670904876932197,0.05241988456753484,0.004289164201787134,0.004289164201787134,0.04289191751996253,0.042891611364953786,-7.965260050620008e-08,0.05670904876932199,0.04289191751996762,-7.964999087052888e-08
72.3,72.3,82291.548372218,1.62,134,astribot_arm_left_joint_2,-0.7460168394049072,-0.727336901841611,-0.018679937563296112,-0.018679937563296112,-0.18680057526477245,-0.18679924195182815,3.468933866199531e-07,-0.7460168394049073,-0.18680057526478977,3.4688840562431155e-07
72.3,72.3,82291.548372218,1.62,134,astribot_arm_left_joint_3,-0.4639821993863502,-0.47426984647680265,0.010287647090452434,0.010287647090452434,0.10287713180083782,0.10287639750024453,-1.9105454410303184e-07,-0.4639821993863501,0.10287713180085806,-1.9104237059788222e-07
72.3,72.3,82291.548372218,1.62,134,astribot_arm_left_joint_4,0.8997965147010355,0.9073390780746594,-0.007542563373623912,-0.007542563373623912,-0.07542611813130524,-0.07542557976398205,1.4009668104460843e-07,0.8997965147010354,-0.07542611813137959,1.4006610612609263e-07
72.3,72.3,82291.548372218,1.62,134,astribot_arm_left_joint_5,-0.4237402138436081,-0.39169080731105804,-0.03204940653255006,-0.03204940653255006,-0.32049612365337876,-0.32049383607376497,5.951891308176714e-07,-0.4237402138436082,-0.3204961236534457,5.95159370121235e-07
72.3,72.3,82291.548372218,1.62,134,astribot_arm_left_joint_6,-0.09823402377590462,-0.09080413616861042,-0.007429887607294197,-0.007429887607294197,-0.07429935323889694,-0.07429882291609052,1.3796942719305167e-07,-0.09823402377590465,-0.07429935323889299,1.3797330134745812e-07
72.3,72.3,82291.548372218,1.62,134,astribot_arm_left_joint_7,-0.37450894630642534,-0.3461831252584126,-0.028325821048012734,-0.028325821048012734,-0.28326002969293373,-0.2832580078832097,5.260107459762284e-07,-0.3745089463064253,-0.2832600296929435,5.260116833529765e-07
72.32,72.32,82291.568583107,1.6400000000000001,136,astribot_arm_left_joint_1,0.05756688717595926,0.05327771768662806,0.004289169489331196,0.004289169489331196,0.04289191750697227,0.04289166986215044,2.2206508896824373e-09,0.05756688717595925,0.04289191750696225,2.21662311140539e-09
72.32,72.32,82291.568583107,1.6400000000000001,136,astribot_arm_left_joint_2,-0.7497528511551274,-0.7310728905644595,-0.0186799605906679,-0.0186799605906679,-0.18680057520814036,-0.18679949671099016,-9.644508288853449e-09,-0.7497528511551276,-0.18680057520816676,-9.653671679238264e-09
72.32,72.32,82291.568583107,1.6400000000000001,136,astribot_arm_left_joint_3,-0.4619246566154452,-0.472212316387856,0.010287659772410807,0.010287659772410807,0.10287713176969075,0.10287653780428795,5.330494784475806e-09,-0.46192465661544524,0.10287713176966559,5.316712306480184e-09
72.32,72.32,82291.568583107,1.6400000000000001,136,astribot_arm_left_joint_4,0.8982879922395123,0.9058305649111755,-0.00754257267166325,-0.00754257267166325,-0.0754261181084673,-0.07542568263032719,-3.8657517054120425e-09,0.8982879922395123,-0.07542611810852484,-3.897955892471329e-09
72.32,72.32,82291.568583107,1.6400000000000001,136,astribot_arm_left_joint_5,-0.4301501367368969,-0.39810069069603704,-0.03204944604085985,-0.03204944604085985,-0.320496123556273,-0.32049427316733015,-1.65584310777903e-08,-0.43015013673689695,-0.3204961235562683,-1.6562974813940223e-08
72.32,72.32,82291.568583107,1.6400000000000001,136,astribot_arm_left_joint_6,-0.09972001093810035,-0.09229011417170796,-0.007429896766392385,-0.007429896766392385,-0.07429935321635789,-0.07429892424577085,-3.834652962955113e-09,-0.09972001093810036,-0.07429935321636427,-3.839802138732859e-09
72.32,72.32,82291.568583107,1.6400000000000001,136,astribot_arm_left_joint_7,-0.38017414727168175,-0.35184829130540346,-0.02832585596627829,-0.02832585596627829,-0.2832600296070786,-0.2832583941941265,-1.464308401217424e-08,-0.3801741472716818,-0.283260029607056,-1.4638542108409132e-08
72.34,72.34,82291.589726812,1.6600000000000001,138,astribot_arm_left_joint_1,0.05842472553970485,0.05413555180832843,0.004289173731376418,0.004289173731376418,0.042891917521446964,0.042891717248005654,8.402200661611732e-08,0.058424725539704854,0.04289191752144882,8.402114479212962e-08
72.34,72.34,82291.589726812,1.6600000000000001,138,astribot_arm_left_joint_2,-0.7534888627185483,-0.7348088836537287,-0.018679979064819663,-0.018679979064819663,-0.18680057527125338,-0.18679970307954694,-3.65917502985192e-07,-0.7534888627185484,-0.18680057527125807,-3.659241314461696e-07
72.34,72.34,82291.589726812,1.6600000000000001,138,astribot_arm_left_joint_3,-0.4598671139474169,-0.4701547838941813,0.010287669946764388,0.010287669946764388,0.10287713180437717,0.1028766514580554,2.0151131060113573e-07,-0.45986711394741686,0.10287713180441088,2.0152674335896682e-07
72.34,72.34,82291.589726812,1.6600000000000001,138,astribot_arm_left_joint_4,0.8967794698534151,0.9043220499846235,-0.007542580131208454,-0.007542580131208454,-0.0754261181339243,-0.07542576595756698,-1.4771602832470033e-07,0.896779469853415,-0.07542611813399976,-1.4775244321021815e-07
72.34,72.34,82291.589726812,1.6600000000000001,138,astribot_arm_left_joint_5,-0.4365600593096913,-0.4045105815725404,-0.03204947773715089,-0.03204947773715089,-0.32049612366450914,-0.3204946272365175,-6.278303539867269e-07,-0.43656005930969133,-0.32049612366451435,-6.278207361501916e-07
72.34,72.34,82291.589726812,1.6600000000000001,138,astribot_arm_left_joint_6,-0.10120599802599718,-0.09377609391153613,-0.007429904114461053,-0.007429904114461053,-0.07429935324145837,-0.0742990063282388,-1.4554732735074488e-07,-0.10120599802599717,-0.0742993532414565,-1.455453561592181e-07
72.34,72.34,82291.589726812,1.6600000000000001,138,astribot_arm_left_joint_7,-0.38583934795367975,-0.35751346397353445,-0.028325883980145294,-0.028325883980145294,-0.28326002970272646,-0.283258707126664,-5.548847945001332e-07,-0.3858393479536798,-0.28326002970272635,-5.54879674333836e-07
72.37,72.37,82291.619742602,1.69,141,astribot_arm_left_joint_1,0.059711483113580016,0.055422304453025956,0.0042891786605540605,0.0042891786605540605,0.04289192529476001,0.04289177170180584,-9.106687571974718e-07,0.059711483113580016,0.042891925294767576,-9.106649498913405e-07
72.37,72.37,82291.619742602,1.69,141,astribot_arm_left_joint_2,-0.7590928801867423,-0.74041287965538,-0.018680000531362206,-0.018680000531362206,-0.18680060912530727,-0.18679994022949364,3.966011286745568e-06,-0.759092880186742,-0.18680060912519816,3.966079692818987e-06
72.37,72.37,82291.619742602,1.69,141,astribot_arm_left_joint_3,-0.45678079987759984,-0.4670684816467475,0.010287681769147683,0.010287681769147683,0.10287715044883733,0.10287678206409134,-2.184267662663072e-06,-0.45678079987759984,0.10287715044887262,-2.184248671924836e-06
72.37,72.37,82291.619742602,1.69,141,astribot_arm_left_joint_4,0.8945166862245787,0.9020592750236344,-0.007542588799055672,-0.007542588799055672,-0.07542613180356406,-0.07542586171367499,1.6013891061689472e-06,0.8945166862245787,-0.07542613180348925,1.6014178232846477e-06
72.37,72.37,82291.619742602,1.69,141,astribot_arm_left_joint_5,-0.4461749433800226,-0.4141254288125219,-0.032049514567500714,-0.032049514567500714,-0.32049618174814526,-0.32049503411774183,6.804660753478636e-06,-0.44617494338002245,-0.32049618174815114,6.804652672552675e-06
72.37,72.37,82291.619742602,1.69,141,astribot_arm_left_joint_6,-0.10343497870679005,-0.09600506605403067,-0.007429912652759385,-0.007429912652759385,-0.0742993667067648,-0.07429910065391436,1.5774940307375991e-06,-0.10343497870679003,-0.07429936670675705,1.5774956219452772e-06
72.37,72.37,82291.619742602,1.69,141,astribot_arm_left_joint_7,-0.39433714916328577,-0.36601123263163754,-0.028325916531648232,-0.028325916531648232,-0.28326008103805245,-0.2832590667354133,6.014063725645034e-06,-0.39433714916328566,-0.2832600810380509,6.014069294147888e-06
72.39,72.39,82291.639422681,1.71,143,astribot_arm_left_joint_1,0.06056932149202129,0.0562801403186978,0.0042891811733234905,0.0042891811733234905,0.04289191767336607,0.04289179993440005,2.732228390481239e-07,0.060569321492021294,0.04289191767336368,2.73221892471884e-07
72.39,72.39,82291.639422681,1.71,143,astribot_arm_left_joint_2,-0.7628288918141647,-0.7441488803397626,-0.018680011474402125,-0.018680011474402125,-0.18680057593287017,-0.18680006318439338,-1.1899041295153877e-06,-0.7628288918141648,-0.18680057593286875,-1.1899204037927102e-06
72.39,72.39,82291.639422681,1.71,143,astribot_arm_left_joint_3,-0.45472325717432366,-0.46501094497020196,0.010287687795878298,0.010287687795878298,0.10287713216874166,0.10287684977925406,6.553061677039347e-07,-0.4547232571743236,0.10287713216878264,6.553279038599164e-07
72.39,72.39,82291.639422681,1.71,143,astribot_arm_left_joint_4,0.8930081638126389,0.9005507570303372,-0.007542593217698235,-0.007542593217698235,-0.07542611840110584,-0.07542591136024653,-4.804586525063066e-07,0.8930081638126388,-0.07542611840114417,-4.804646856828024e-07
72.39,72.39,82291.639422681,1.71,143,astribot_arm_left_joint_5,-0.4525848660626254,-0.42053533272005894,-0.03204953334256644,-0.03204953334256644,-0.320496124799541,-0.32049524507305294,-2.041517686462518e-06,-0.45258486606262566,-0.3204961247996493,-2.0415624183743444e-06
72.39,72.39,82291.639422681,1.71,143,astribot_arm_left_joint_6,-0.10492096582014342,-0.09749104881479215,-0.007429917005351269,-0.007429917005351269,-0.07429935350464134,-0.07429914955885587,-4.732995411937462e-07,-0.10492096582014335,-0.07429935350461048,-4.732876483908227e-07
72.39,72.39,82291.639422681,1.71,143,astribot_arm_left_joint_7,-0.40000234994233463,-0.37167641681682423,-0.028325933125510405,-0.028325933125510405,-0.2832600307060042,-0.283259253181427,-1.804370234788953e-06,-0.40000234994233463,-0.2832600307059779,-1.8043686941155505e-06
72.41,72.41,82291.659555602,1.73,145,astribot_arm_left_joint_1,0.06142715985583756,0.057137976660320264,0.004289183195517299,0.004289183195517299,0.0428919177758274,0.04289182240236811,3.3676206233008294e-07,0.06142715985583756,0.042891917775826245,3.367605925293393e-07
72.41,72.41,82291.659555602,1.73,145,astribot_arm_left_joint_2,-0.7665649033778934,-0.7478848830969426,-0.018680020280950838,-0.018680020280950838,-0.18680057637906297,-0.186800161033936,-1.4666369748500096e-06,-0.7665649033778934,-0.18680057637910788,-1.4666405069715481e-06
72.41,72.41,82291.659555602,1.73,145,astribot_arm_left_joint_3,-0.4526657145061258,-0.46295340715210126,0.010287692645975455,0.010287692645975455,0.10287713241448834,0.10287690366808268,8.077040688472293e-07,-0.45266571450612575,0.10287713241454019,8.077272068428192e-07
72.41,72.41,82291.659555602,1.73,145,astribot_arm_left_joint_4,0.8914996414264174,0.8990422382000884,-0.007542596773671084,-0.007542596773671084,-0.07542611858120042,-0.07542595086980977,-5.921431714575111e-07,0.891499641426417,-0.07542611858132589,-5.921983247240309e-07
72.41,72.41,82291.659555602,1.73,145,astribot_arm_left_joint_5,-0.4589947886359483,-0.42694524018392155,-0.03204954845202673,-0.03204954845202673,-0.32049612556534923,-0.320495412954788,-2.5163731905232035e-06,-0.4589947886359481,-0.3204961255652665,-2.516335227239921e-06
72.41,72.41,82291.659555602,1.73,145,astribot_arm_left_joint_6,-0.10640695290816254,-0.09897703240000269,-0.007429920508159854,-0.007429920508159854,-0.07429935368207886,-0.07429918847822209,-5.833450959730179e-07,-0.10640695290816257,-0.07429935368210082,-5.833522949626918e-07
72.41,72.41,82291.659555602,1.73,145,astribot_arm_left_joint_7,-0.4056675506247993,-0.377341604145154,-0.028325946479645314,-0.028325946479645314,-0.283260031382662,-0.2832594015582674,-2.2239843307291276e-06,-0.40566755062479926,-0.28326003138264494,-2.22398120230434e-06
72.43,72.43,82291.680248252,1.75,147,astribot_arm_left_joint_1,0.06228499826258351,0.057995813389568204,0.004289184873015307,0.004289184873015307,0.04289191789792284,0.04289184094358136,3.8993038610657005e-07,0.06228499826258347,0.04289191789790352,3.8992429215001853e-07
72.43,72.43,82291.680248252,1.75,147,astribot_arm_left_joint_2,-0.7703009151285871,-0.7516208875422585,-0.018680027586328585,-0.018680027586328585,-0.18680057691075996,-0.18680024178224666,-1.6981514459461003e-06,-0.770300915128587,-0.18680057691077237,-1.698176721833132e-06
72.43,72.43,82291.680248252,1.75,147,astribot_arm_left_joint_3,-0.4506081717349602,-0.460895868404291,0.01028769666933077,0.01028769666933077,0.10287713270728743,0.10287694813870958,9.352153062173472e-07,-0.4506081717349602,0.10287713270734489,9.352422783497981e-07
72.43,72.43,82291.680248252,1.75,147,astribot_arm_left_joint_4,0.8899911189647031,0.8975337186882064,-0.0075425997235033515,-0.0075425997235033515,-0.0754261187959597,-0.07542598347425834,-6.856853832571974e-07,0.889991118964703,-0.07542611879600097,-6.856878355498709e-07
72.43,72.43,82291.680248252,1.75,147,astribot_arm_left_joint_5,-0.46540471153004853,-0.4333551505441413,-0.03204956098590722,-0.03204956098590722,-0.3204961264774294,-0.3204955514957162,-2.9135841469134685e-06,-0.46540471153004864,-0.3204961264774446,-2.9135870911656045e-06
72.43,72.43,82291.680248252,1.75,147,astribot_arm_left_joint_6,-0.10789294007054646,-0.10046301665666436,-0.0074299234138821,-0.0074299234138821,-0.07429935389354698,-0.07429922059562497,-6.754367443721361e-07,-0.1078929400705465,-0.07429935389356902,-6.754452251073154e-07
72.43,72.43,82291.680248252,1.75,147,astribot_arm_left_joint_7,-0.4113327515907733,-0.38300679403333554,-0.028325957557437775,-0.028325957557437775,-0.28326003218887563,-0.2832595240031982,-2.575076413814866e-06,-0.41133275159077326,-0.28326003218884904,-2.575077286786608e-06
72.45,72.45,82291.702837407,1.77,149,astribot_arm_left_joint_1,0.06314283662648115,0.05885365043411284,0.004289186192368309,0.004289186192368309,0.04289191803574207,0.04289185569888217,4.3041892098494194e-07,0.06314283662648114,0.04289191803574276,4.304187892083305e-07
72.45,72.45,82291.702837407,1.77,149,astribot_arm_left_joint_2,-0.77403692669267,-0.7553568933607143,-0.01868003333195567,-0.01868003333195567,-0.18680057751102463,-0.18680030604264036,-1.8745398677504486e-06,-0.7740369266926702,-0.1868005775110704,-1.8745387946225844e-06
72.45,72.45,82291.702837407,1.77,149,astribot_arm_left_joint_3,-0.44855062906656745,-0.45883832890024967,0.010287699833682218,0.010287699833682218,0.10287713303773709,0.10287698352890669,1.0323014354807696e-06,-0.448550629066567,0.10287713303794797,1.0323695849186477e-06
72.45,72.45,82291.702837407,1.77,149,astribot_arm_left_joint_4,0.8884825965783376,0.8960251986218798,-0.007542602043542179,-0.007542602043542179,-0.07542611903850376,-0.07542600942123286,-7.569083432229931e-07,0.8884825965783382,-0.07542611903838783,-7.56897195835841e-07
72.45,72.45,82291.702837407,1.77,149,astribot_arm_left_joint_5,-0.47181463410397967,-0.4397650632602748,-0.032049570843704855,-0.032049570843704855,-0.3204961275075644,-0.3204956617481142,-3.216233838594512e-06,-0.47181463410397934,-0.320496127507396,-3.216169572278894e-06
72.45,72.45,82291.702837407,1.77,149,astribot_arm_left_joint_6,-0.10937892715870677,-0.10194900145948836,-0.007429925699218409,-0.007429925699218409,-0.07429935413236025,-0.07429924615500921,-7.455991083711112e-07,-0.10937892715870672,-0.07429935413233855,-7.455915330981504e-07
72.45,72.45,82291.702837407,1.77,149,astribot_arm_left_joint_7,-0.41699795227377556,-0.3886719860037154,-0.028325966270060177,-0.028325966270060177,-0.2832600330991365,-0.2832596214462317,-2.8425060604160904e-06,-0.41699795227377556,-0.2832600330991403,-2.8425048334012386e-06
72.47,72.47,82291.726655053,1.79,151,astribot_arm_left_joint_1,0.06400067499042698,0.059711487729325184,0.0042891872611018,0.0042891872611018,0.04289191818470467,0.04289186757273651,4.5595461696674503e-07,0.064000674990427,0.04289191818470409,4.5595494779263644e-07
72.47,72.47,82291.726655053,1.79,151,astribot_arm_left_joint_2,-0.7777729382569631,-0.7590929002708461,-0.01868003798611706,-0.01868003798611706,-0.18680057815978682,-0.18680035775414058,-1.9857173017686844e-06,-0.777772938256963,-0.18680057815981968,-1.9857534391240894e-06
72.47,72.47,82291.726655053,1.79,151,astribot_arm_left_joint_3,-0.4464930863980589,-0.45678078879498873,0.010287702396929832,0.010287702396929832,0.10287713339500479,0.10287701200802493,1.0935449055595723e-06,-0.4464930863980584,0.10287713339523698,1.0936190205361515e-06
72.47,72.47,82291.726655053,1.79,151,astribot_arm_left_joint_4,0.8869740741918889,0.8945166781147578,-0.0075426039228688735,-0.0075426039228688735,-0.075426119300152,-0.07542603030122019,-8.017274970708141e-07,0.8869740741918886,-0.07542611930034189,-8.018045954839578e-07
72.47,72.47,82291.726655053,1.79,151,astribot_arm_left_joint_5,-0.47822455667826985,-0.4461749778494111,-0.03204957882885873,-0.03204957882885873,-0.320496128620427,-0.320495750470227,-3.4069819500231593e-06,-0.47822455667827,-0.3204961286204649,-3.4069811783028637e-06
72.47,72.47,82291.726655053,1.79,151,astribot_arm_left_joint_6,-0.11086491424695041,-0.1034349866965233,-0.0074299275504271095,-0.0074299275504271095,-0.07429935439038252,-0.07429926672311224,-7.898278476370572e-07,-0.11086491424695043,-0.07429935439037719,-7.898267332852338e-07
72.47,72.47,82291.726655053,1.79,151,astribot_arm_left_joint_7,-0.42266315295709594,-0.39433717962948883,-0.028325973327607112,-0.028325973327607112,-0.283260034082894,-0.28325969986043037,-3.0111650716264445e-06,-0.42266315295709594,-0.28326003408288325,-3.0111491300016364e-06
72.49,72.49,82291.746848736,1.81,153,astribot_arm_left_joint_1,0.06485851339731581,0.060569325231532606,0.004289188165783206,0.004289188165783206,0.04289191833939881,0.04289187758553249,4.6423931806114757e-07,0.0648585133973158,0.04289191833939926,4.642391404373638e-07
72.49,72.49,82291.746848736,1.81,153,astribot_arm_left_joint_2,-0.7815089500082788,-0.762828908082457,-0.018680041925821844,-0.018680041925821844,-0.1868005788334953,-0.18680040136064704,-2.021837409920371e-06,-0.781508950008279,-0.1868005788335384,-2.0218302737181754e-06
72.49,72.49,82291.746848736,1.81,153,astribot_arm_left_joint_3,-0.44443554362655047,-0.4547232481932556,0.010287704566705136,0.010287704566705136,0.10287713376609624,0.10287703602345974,1.1134329688798779e-06,-0.44443554362655013,0.10287713376628159,1.1134871911498893e-06
72.49,72.49,82291.746848736,1.81,153,astribot_arm_left_joint_4,0.8854655517299236,0.8930081572436378,-0.007542605513714218,-0.007542605513714218,-0.07542611957215586,-0.0754260479086038,-8.162890789940072e-07,0.8854655517299231,-0.07542611957237387,-8.163730461925888e-07
72.49,72.49,82291.746848736,1.81,153,astribot_arm_left_joint_5,-0.48463447957343875,-0.4525848939852275,-0.03204958558821125,-0.03204958558821125,-0.32049612977659175,-0.32049582528649684,-3.468957072696629e-06,-0.48463447957343825,-0.320496129776374,-3.4688813718912784e-06
72.49,72.49,82291.746848736,1.81,153,astribot_arm_left_joint_6,-0.11235090140958173,-0.10492097229211912,-0.007429929117462611,-0.007429929117462611,-0.07429935465828708,-0.07429928406748167,-8.041571590299079e-07,-0.11235090140958186,-0.07429935465834744,-8.041771932568427e-07
72.49,72.49,82291.746848736,1.81,153,astribot_arm_left_joint_7,-0.4283283539240137,-0.400002374622246,-0.028325979301767668,-0.028325979301767668,-0.2832600351044989,-0.28325976598439573,-3.0658578012042665e-06,-0.4283283539240137,-0.28326003510450143,-3.0658565833824696e-06
72.52,72.52,82291.777816278,1.84,156,astribot_arm_left_joint_1,0.06614527094340822,0.061856081787871955,0.004289189155536263,0.004289189155536263,0.04289191856849371,0.042891888619542705,4.393123593865975e-07,0.06614527094340823,0.042891918568485225,4.393058251507684e-07
72.52,72.52,82291.777816278,1.84,156,astribot_arm_left_joint_2,-0.7871129673554746,-0.7684329211195849,-0.018680046235889702,-0.018680046235889702,-0.18680057983117992,-0.18680044941462695,-1.9131874315468864e-06,-0.7871129673554748,-0.18680057983125278,-1.913237891337081e-06
72.52,72.52,82291.777816278,1.84,156,astribot_arm_left_joint_3,-0.44134922962337025,-0.451636936563851,0.010287706940480756,0.010287706940480756,0.10287713431585502,0.10287706248821119,1.0537219855141136e-06,-0.4413492296233705,0.10287713431574805,1.0536824987578186e-06
72.52,72.52,82291.777816278,1.84,156,astribot_arm_left_joint_4,0.8832027681499415,0.8907453754040868,-0.00754260725414535,-0.00754260725414535,-0.07542611997600746,-0.07542606731175559,-7.727865136005406e-07,0.8832027681499434,-0.0754261199752288,-7.725248758733787e-07
72.52,72.52,82291.777816278,1.84,156,astribot_arm_left_joint_5,-0.4942493634361718,-0.46219977045319893,-0.032049592982972885,-0.032049592982972885,-0.32049613148811207,-0.32049590773336273,-3.282546901981547e-06,-0.49424936343617193,-0.3204961314881582,-3.2825677505235352e-06
72.52,72.52,82291.777816278,1.84,156,astribot_arm_left_joint_6,-0.11457988204224812,-0.10714995121042456,-0.007429930831823556,-0.007429930831823556,-0.07429935505513871,-0.07429930318082627,-7.60967284665293e-07,-0.11457988204224821,-0.07429935505518259,-7.609845205910394e-07
72.52,72.52,82291.777816278,1.84,156,astribot_arm_left_joint_7,-0.4368261549501413,-0.4085001691125646,-0.028325985837576728,-0.028325985837576728,-0.28326003661741794,-0.28325983885245265,-2.901187120741995e-06,-0.4368261549501412,-0.2832600366174012,-2.901191744270115e-06
72.54,72.54,82291.798753492,1.86,158,astribot_arm_left_joint_1,0.06700310935042376,0.06271391965024571,0.004289189700178053,0.004289189700178053,0.042891918708857085,0.042891894659398175,3.944316125662126e-07,0.06700310935042374,0.04289191870885329,3.9443347806741893e-07
72.54,72.54,82291.798753492,1.86,158,astribot_arm_left_joint_2,-0.7908489791073422,-0.7721689304997493,-0.01868004860759287,-0.01868004860759287,-0.1868005804425539,-0.1868004757187373,-1.7178260684425866e-06,-0.7908489791073423,-0.18680058044257014,-1.7178170129867406e-06
72.54,72.54,82291.798753492,1.86,158,astribot_arm_left_joint_3,-0.4392916868515581,-0.4495793950982687,0.010287708246710603,0.010287708246710603,0.1028771346525453,0.10287707697464678,9.460979324946476e-07,-0.4392916868515584,0.10287713465242392,9.460550153247817e-07
72.54,72.54,82291.798753492,1.86,158,astribot_arm_left_joint_4,0.8816942456877547,0.8892368538996187,-0.0075426082118640325,-0.0075426082118640325,-0.075426120222252,-0.07542607793278014,-6.936759765233951e-07,0.8816942456877552,-0.07542612022206012,-6.936190790826855e-07
72.54,72.54,82291.798753492,1.86,158,astribot_arm_left_joint_5,-0.5006592863322875,-0.4686096892802034,-0.0320495970520841,-0.0320495970520841,-0.3204961325373353,-0.32049595286367116,-2.9473965784449058e-06,-0.500659286332287,-0.32049613253701303,-2.9472738030367033e-06
72.54,72.54,82291.798753492,1.86,158,astribot_arm_left_joint_6,-0.11606586920509931,-0.10863593742990825,-0.007429931775191065,-0.007429931775191065,-0.0742993552984055,-0.07429931364321235,-6.832777129914939e-07,-0.11606586920509916,-0.07429935529833409,-6.832554381249907e-07
72.54,72.54,82291.798753492,1.86,158,astribot_arm_left_joint_7,-0.44249135591789596,-0.4141653664838432,-0.028325989434052734,-0.028325989434052734,-0.28326003754454265,-0.2832598787394581,-2.6049072978084412e-06,-0.4424913559178956,-0.28326003754439655,-2.6048530435938326e-06
72.56,72.56,82291.818881446,1.88,160,astribot_arm_left_joint_1,0.06786094771459143,0.06357175761189898,0.00428919010269245,0.00428919010269245,0.04289191883004181,0.04289189914156837,3.242996502428306e-07,0.06786094771459138,0.04289191883001491,3.2428701566241214e-07
72.56,72.56,82291.818881446,1.88,160,astribot_arm_left_joint_2,-0.7945849906726012,-0.7759049403122844,-0.018680050360316836,-0.018680050360316836,-0.18680058097013247,-0.1868004952389738,-1.412249134435344e-06,-0.7945849906726012,-0.18680058097024402,-1.4123155651402086e-06
72.56,72.56,82291.818881446,1.88,160,astribot_arm_left_joint_3,-0.4372341441825177,-0.44752185339456746,0.010287709212049745,0.010287709212049745,0.10287713494305148,0.10287708772499425,7.778335341559662e-07,-0.43723414418251766,0.10287713494303331,7.778070865436485e-07
72.56,72.56,82291.818881446,1.88,160,astribot_arm_left_joint_4,0.8801857233009158,0.8877283322205688,-0.007542608919652971,-0.007542608919652971,-0.07542612043510534,-0.07542608581462766,-5.702849965392987e-07,0.8801857233009156,-0.0754261204351312,-5.702634995444498e-07
72.56,72.56,82291.818881446,1.88,160,astribot_arm_left_joint_5,-0.5070692089082349,-0.47501960884903277,-0.032049600059202155,-0.032049600059202155,-0.3204961334423281,-0.3204959863548383,-2.423152591483415e-06,-0.507069208908235,-0.320496133442351,-2.423129042102918e-06
72.56,72.56,82291.818881446,1.88,160,astribot_arm_left_joint_6,-0.11755185629372693,-0.11012192382136644,-0.007429932472360484,-0.007429932472360484,-0.07429935550816692,-0.07429932140734573,-5.617352113161389e-07,-0.11755185629372704,-0.07429935550821554,-5.617443123433517e-07
72.56,72.56,82291.818881446,1.88,160,astribot_arm_left_joint_7,-0.44815655660268094,-0.41983056451076045,-0.028325992091920493,-0.028325992091920493,-0.28326003834455277,-0.2832599083395827,-2.1416033499689364e-06,-0.44815655660268094,-0.2832600383445523,-2.141601973934512e-06
72.58,72.58,82291.839080961,1.9,162,astribot_arm_left_joint_1,0.06871878607879511,0.06442959565001959,0.004289190428775527,0.004289190428775527,0.0428919189230758,0.04289190276380522,2.2656145080909032e-07,0.0687187860787952,0.04289191892311267,2.2657561186162457e-07
72.58,72.58,82291.839080961,1.9,162,astribot_arm_left_joint_2,-0.7983210022380177,-0.7796409504578418,-0.018680051780175955,-0.018680051780175955,-0.18680058137556216,-0.18680051101415227,-9.867023061399882e-07,-0.7983210022380179,-0.18680058137570524,-9.867655383590127e-07
72.58,72.58,82291.839080961,1.9,162,astribot_arm_left_joint_3,-0.43517660151338955,-0.4454643115074616,0.010287709994072025,0.010287709994072025,0.10287713516659919,0.10287709641281197,5.435263708054408e-07,-0.43517660151339027,0.10287713516633068,5.434449417686818e-07
72.58,72.58,82291.839080961,1.9,162,astribot_arm_left_joint_4,0.8786772009140132,0.8862198104070518,-0.007542609493038532,-0.007542609493038532,-0.07542612059846925,-0.07542609218430672,-3.9830844843621795e-07,0.8786772009140124,-0.07542612059884553,-3.9843667808274435e-07
72.58,72.58,82291.839080961,1.9,162,astribot_arm_left_joint_5,-0.5134791314844537,-0.4814295289892331,-0.0320496024952206,-0.0320496024952206,-0.32049613413827865,-0.3204960134205397,-1.6931354976529593e-06,-0.5134791314844532,-0.32049613413799244,-1.6930118945012587e-06
72.58,72.58,82291.839080961,1.9,162,astribot_arm_left_joint_6,-0.11903784338241755,-0.11160791034528349,-0.007429933037134059,-0.007429933037134059,-0.07429935566944834,-0.07429932768189235,-3.9246842425276974e-07,-0.1190378433824176,-0.07429935566948372,-3.924841941935313e-07
72.58,72.58,82291.839080961,1.9,162,astribot_arm_left_joint_7,-0.4538217572877051,-0.42549576304266645,-0.02832599424503862,-0.02832599424503862,-0.2832600389594346,-0.2832599322607818,-1.4963572192625596e-06,-0.45382175728770496,-0.2832600389593691,-1.4963130850036328e-06
72.6,72.6,82291.859142329,1.92,164,astribot_arm_left_joint_1,0.06957662448591605,0.0652874337543718,0.004289190731544254,0.004289190731544254,0.04289191897851406,0.04289190612678606,9.900114122658897e-08,0.0695766244859161,0.04289191897853065,9.90057689444067e-08
72.6,72.6,82291.859142329,1.92,164,astribot_arm_left_joint_2,-0.802057013990345,-0.7833769608918444,-0.018680053098500626,-0.018680053098500626,-0.18680058161715155,-0.1868005256602824,-4.3115214253422414e-07,-0.8020570139903445,-0.18680058161705512,-4.311838026916456e-07
72.6,72.6,82291.859142329,1.92,164,astribot_arm_left_joint_3,-0.43311905874132495,-0.4434067694615011,0.010287710720176146,0.010287710720176146,0.10287713529941722,0.10287710447883046,2.3751995702326982e-07,-0.4331190587413254,0.10287713529924854,2.3746721493454686e-07
72.6,72.6,82291.859142329,1.92,164,astribot_arm_left_joint_4,0.8771686784516373,0.8847112884770669,-0.0075426100254296635,-0.0075426100254296635,-0.07542612069696718,-0.07542609809810241,-1.7434673593508455e-07,0.8771686784516388,-0.07542612069629857,-1.741030459487944e-07
72.6,72.6,82291.859142329,1.92,164,astribot_arm_left_joint_5,-0.5198890543813549,-0.48783944962432335,-0.03204960475703156,-0.03204960475703156,-0.3204961345518725,-0.3204960385491314,-7.397345591586378e-07,-0.5198890543813557,-0.320496134552087,-7.397876739693993e-07
72.6,72.6,82291.859142329,1.92,164,astribot_arm_left_joint_6,-0.12052383054545121,-0.11309389698392903,-0.007429933561522176,-0.007429933561522176,-0.07429935576552346,-0.07429933350736036,-1.7151094302806258e-07,-0.12052383054545107,-0.0742993557654806,-1.7150188819581214e-07
72.6,72.6,82291.859142329,1.92,164,astribot_arm_left_joint_7,-0.4594869582561554,-0.43116096201196585,-0.028325996244189522,-0.028325996244189522,-0.28326003932535504,-0.28325995446992214,-6.538366163318983e-07,-0.45948695825615526,-0.2832600393253516,-6.538354397040847e-07
72.62,72.62,82291.882930676,1.94,167,astribot_arm_left_joint_1,0.0704344628501559,0.06614527191195148,0.004289190938204415,0.004289190938204415,0.04289191898604559,0.042891908422502546,-5.644807671096566e-08,0.07043446285015588,0.04289191898604559,-5.6448140829273454e-08
72.62,72.62,82291.882930676,1.94,167,astribot_arm_left_joint_2,-0.8057930255559176,-0.7871129715576587,-0.018680053998258894,-0.018680053998258894,-0.18680058164978583,-0.18680053565838795,2.4583873386457764e-07,-0.8057930255559176,-0.18680058164978577,2.458399127551971e-07
72.62,72.62,82291.882930676,1.94,167,astribot_arm_left_joint_3,-0.43106151607211163,-0.44134922728787607,0.010287711215764439,0.010287711215764439,0.10287713531727369,0.10287710998503187,-1.3539197641013835e-07,-0.43106151607211163,0.10287713531727369,-1.3539206717795146e-07
72.62,72.62,82291.882930676,1.94,167,astribot_arm_left_joint_4,0.8756601560646723,0.8832027664534816,-0.007542610388809323,-0.007542610388809323,-0.07542612070950837,-0.07542610213510023,9.926710825923918e-08,0.8756601560646723,-0.07542612070950842,9.926634158627388e-08
72.62,72.62,82291.882930676,1.94,167,astribot_arm_left_joint_5,-0.5262989769578428,-0.4942493706571358,-0.03204960630070697,-0.03204960630070697,-0.3204961346082378,-0.3204960557030201,4.217919097744447e-07,-0.5262989769578428,-0.3204961346082378,4.217920467540592e-07
72.62,72.62,82291.882930676,1.94,167,astribot_arm_left_joint_6,-0.12200981763420395,-0.11457988371477722,-0.007429933919426729,-0.007429933919426729,-0.07429935577849857,-0.07429933748409102,9.778225923712402e-08,-0.12200981763420395,-0.07429935577849855,9.778241270317709e-08
72.62,72.62,82291.882930676,1.94,167,astribot_arm_left_joint_7,-0.465152158941417,-0.43682616133278024,-0.028325997608636744,-0.028325997608636744,-0.28326003937498206,-0.2832599696308953,3.7278622721994694e-07,-0.4651521589414169,-0.283260039374982,3.727866510577554e-07
72.64,72.64,82291.902578448,1.96,169,astribot_arm_left_joint_1,0.0712923012572815,0.06700311010878489,0.0042891911484966155,0.0042891911484966155,0.04289191894336133,0.04289191028193494,-1.930322163458583e-07,0.0712923012572815,0.04289191894336136,-1.9303214843581763e-07
72.64,72.64,82291.902578448,1.96,169,astribot_arm_left_joint_2,-0.8095290373082649,-0.7908489823944274,-0.018680054913837507,-0.018680054913837507,-0.1868005814638858,-0.18680054375645075,8.406862928043892e-07,-0.8095290373082649,-0.1868005814638862,8.406845485872096e-07
72.64,72.64,82291.902578448,1.96,169,astribot_arm_left_joint_3,-0.4290039733000353,-0.43929168502010263,0.010287711720067316,0.010287711720067316,0.10287713521489807,0.10287711444480699,-4.629937426071056e-07,-0.4290039733000353,0.10287713521489844,-4.629920224721482e-07
72.64,72.64,82291.902578448,1.96,169,astribot_arm_left_joint_4,0.8741516336022905,0.8816942443608686,-0.007542610758578094,-0.007542610758578094,-0.07542612063445273,-0.07542610540491489,3.3944701826492895e-07,0.8741516336022905,-0.07542612063445192,3.394506249886694e-07
72.64,72.64,82291.902578448,1.96,169,astribot_arm_left_joint_5,-0.5327088998547804,-0.5006592919832575,-0.03204960787152289,-0.03204960787152289,-0.3204961342892992,-0.3204960695969954,1.4423732794646642e-06,-0.5327088998547804,-0.3204961342892998,1.4423707974355687e-06
72.64,72.64,82291.902578448,1.96,169,astribot_arm_left_joint_6,-0.12349580479724563,-0.11606587051362233,-0.0074299342836233045,-0.0074299342836233045,-0.07429935570455891,-0.07429934070508498,3.3438024964882105e-07,-0.12349580479724563,-0.07429935570455906,3.343795840264477e-07
72.64,72.64,82291.902578448,1.96,169,astribot_arm_left_joint_7,-0.4708173599098986,-0.4424913609128276,-0.028325998997071,-0.028325998997071,-0.28326003909309333,-0.28325998191068036,1.2747965461611262e-06,-0.4708173599098986,-0.2832600390930938,1.2747949790499366e-06
72.66,72.66,82291.924539315,1.98,171,astribot_arm_left_joint_1,0.07215013962149383,0.0678609483455592,0.004289191275934634,0.004289191275934634,0.042891918860083506,0.04289191217376769,-2.9909888130603114e-07,0.07215013962149382,0.042891918860083374,-2.9909918684339725e-07
72.66,72.66,82291.924539315,1.98,171,astribot_arm_left_joint_2,-0.8132650488737183,-0.7945849934051439,-0.01868005546857443,-0.01868005546857443,-0.18680058110119985,-0.18680055199564694,1.302624809647143e-06,-0.8132650488737183,-0.1868005811012004,1.3026233231848603e-06
72.66,72.66,82291.924539315,1.98,171,astribot_arm_left_joint_3,-0.4269464306308875,-0.437234142656532,0.010287712025644491,0.010287712025644491,0.10287713501515025,0.10287711898231644,-7.173959976221518e-07,-0.4269464306308875,0.10287713501514995,-7.173968686576508e-07
72.66,72.66,82291.924539315,1.98,171,astribot_arm_left_joint_4,0.8726431112153723,0.8801857221980196,-0.007542610982647302,-0.007542610982647302,-0.0754261204880063,-0.0754261087317138,5.25973674601588e-07,0.8726431112153723,-0.07542612048800705,5.259717203987144e-07
72.66,72.66,82291.924539315,1.98,171,astribot_arm_left_joint_5,-0.5391188224310625,-0.5070692136078246,-0.03204960882323782,-0.03204960882323782,-0.32049613366702406,-0.32049608373311844,2.2349256162221007e-06,-0.5391188224310624,-0.3204961336670242,2.2349255913841093e-06
72.66,72.66,82291.924539315,1.98,171,astribot_arm_left_joint_6,-0.1249817918859509,-0.11755185738165498,-0.007429934504295924,-0.007429934504295924,-0.0742993555603011,-0.07429934398221645,5.181130345382489e-07,-0.12498179188595089,-0.07429935556030082,5.181138032656942e-07
72.66,72.66,82291.924539315,1.98,171,astribot_arm_left_joint_7,-0.4764825605949788,-0.44815656075664706,-0.028325999838331728,-0.028325999838331728,-0.2832600385431249,-0.2832599944044876,1.975263730453337e-06,-0.4764825605949788,-0.28326003854312426,1.975265168117188e-06
72.68,72.68,82291.94687419,2.0,173,astribot_arm_left_joint_1,0.07300797798567282,0.06871878660653236,0.004289191379140467,0.004289191379140467,0.04289191874605606,0.04289191331994544,-3.769411130601001e-07,0.07300797798567282,0.04289191874605625,-3.7694074181296144e-07
72.68,72.68,82291.94687419,2.0,173,astribot_arm_left_joint_2,-0.8170010604390266,-0.7983210045212502,-0.01868005591777644,-0.01868005591777644,-0.18680058060459329,-0.18680055698743375,1.6416363158272122e-06,-0.8170010604390266,-0.1868005806045946,1.6416350010631329e-06
72.68,72.68,82291.94687419,2.0,173,astribot_arm_left_joint_3,-0.4248888879618196,-0.43517660023492155,0.010287712273101934,0.010287712273101934,0.10287713474165303,0.1028771217313703,-9.041013259393681e-07,-0.4248888879618196,0.10287713474165304,-9.041015855686816e-07
72.68,72.68,82291.94687419,2.0,173,astribot_arm_left_joint_4,0.8711345888285127,0.8786771999926167,-0.0075426111641040405,-0.0075426111641040405,-0.07542612028749474,-0.07542611074728257,6.628448995671118e-07,0.8711345888285127,-0.07542612028748866,6.628566934681902e-07
72.68,72.68,82291.94687419,2.0,173,astribot_arm_left_joint_5,-0.5455287450070953,-0.5134791354132104,-0.03204960959388481,-0.03204960959388481,-0.32049613281499406,-0.32049609229761633,2.8165765935731177e-06,-0.5455287450070953,-0.3204961328149963,2.816573284407375e-06
72.68,72.68,82291.94687419,2.0,173,astribot_arm_left_joint_6,-0.12646777897459846,-0.11903784429160635,-0.0074299346829921065,-0.0074299346829921065,-0.07429935536277756,-0.07429934596770159,6.529546666231143e-07,-0.12646777897459843,-0.07429935536277761,6.529545804291583e-07
72.68,72.68,82291.94687419,2.0,173,astribot_arm_left_joint_7,-0.482147761279839,-0.45382176076027847,-0.028326000519560524,-0.028326000519560524,-0.28326003779007775,-0.2832600019740008,2.4893391608595968e-06,-0.482147761279839,-0.2832600377900798,2.4893356005886705e-06
72.7,72.7,82291.965764253,2.02,175,astribot_arm_left_joint_1,0.07386581639270166,0.06957662488717883,0.00428919150552283,0.00428919150552283,0.0428919186103513,0.04289191425589901,-4.288505242599718e-07,0.07386581639270166,0.04289191861035098,-4.2885080096594247e-07
72.7,72.7,82291.965764253,2.02,175,astribot_arm_left_joint_2,-0.8207370721909524,-0.8020570157230371,-0.018680056467915263,-0.018680056467915263,-0.1868005800135923,-0.18680056106368242,1.8676963812987312e-06,-0.8207370721909524,-0.1868005800135825,1.8677091152401112e-06
72.7,72.7,82291.965764253,2.02,175,astribot_arm_left_joint_3,-0.4228313451899755,-0.43311905776612547,0.010287712576149965,0.010287712576149965,0.10287713441616478,0.1028771239762097,-1.028605964893241e-06,-0.42283134518997556,0.10287713441616353,-1.0286079161372468e-06
72.7,72.7,82291.965764253,2.02,175,astribot_arm_left_joint_4,0.8696260663663011,0.8771686777526179,-0.007542611386316733,-0.007542611386316733,-0.07542612004885584,-0.07542611239317272,7.541274795674661e-07,0.8696260663663011,-0.0754261200488468,7.54139388725925e-07
72.7,72.7,82291.965764253,2.02,175,astribot_arm_left_joint_5,-0.5519386679033097,-0.5198890573656003,-0.03204961053770938,-0.03204961053770938,-0.3204961318009891,-0.32049609929131484,3.204446855439319e-06,-0.5519386679033097,-0.3204961318009857,3.204450201681023e-06
72.7,72.7,82291.965764253,2.02,175,astribot_arm_left_joint_6,-0.12795376613747245,-0.12052383123563731,-0.0074299349018351335,-0.0074299349018351335,-0.07429935512770533,-0.07429934758903502,7.428740277675586e-07,-0.12795376613747245,-0.07429935512770462,7.428748114858084e-07
72.7,72.7,82291.965764253,2.02,175,astribot_arm_left_joint_7,-0.48781296224768134,-0.4594869608938358,-0.028326001353845554,-0.028326001353845554,-0.28326003689388957,-0.28326000815521296,2.8321455206942124e-06,-0.48781296224768134,-0.28326003689388773,2.832147589743081e-06
72.72,72.72,82291.987173182,2.04,177,astribot_arm_left_joint_1,0.07472365475679063,0.0704344631917434,0.004289191565047229,0.004289191565047229,0.04289191846127847,0.042891915384568026,-4.571187305248284e-07,0.07472365475679064,0.04289191846127802,-4.5711900959832804e-07
72.72,72.72,82291.987173182,2.04,177,astribot_arm_left_joint_2,-0.8244730837558687,-0.8057930270289918,-0.018680056726876892,-0.018680056726876892,-0.18680057936434313,-0.18680056597925165,1.990824110802646e-06,-0.8244730837558688,-0.18680057936434627,1.9908201778931233e-06
72.72,72.72,82291.987173182,2.04,177,astribot_arm_left_joint_3,-0.4207738025211236,-0.4310615152399625,0.010287712718838882,0.010287712718838882,0.10287713405861808,0.10287712668328873,-1.096401983716401e-06,-0.4207738025211236,0.10287713405861303,-1.096407722334023e-06
72.72,72.72,82291.987173182,2.04,177,astribot_arm_left_joint_4,0.8681175439795998,0.8756601554705586,-0.007542611490958806,-0.007542611490958806,-0.075426119786698,-0.0754261143779638,8.038558299028054e-07,0.8681175439795998,-0.07542611978670212,8.038510409041566e-07
72.72,72.72,82291.987173182,2.04,177,astribot_arm_left_joint_5,-0.5583485904786699,-0.5262989794967124,-0.032049610981957466,-0.032049610981957466,-0.32049613068708704,-0.32049610772504555,3.4156743390087926e-06,-0.55834859047867,-0.32049613068708693,3.4156746240974143e-06
72.72,72.72,82291.987173182,2.04,177,astribot_arm_left_joint_6,-0.12943975322596407,-0.12200981822110096,-0.0074299350048631085,-0.0074299350048631085,-0.07429935486947474,-0.07429934954420594,7.918399934411422e-07,-0.12943975322596407,-0.07429935486947316,7.918418392086335e-07
72.72,72.72,82291.987173182,2.04,177,astribot_arm_left_joint_7,-0.493478162931947,-0.465152161185352,-0.028326001746594998,-0.028326001746594998,-0.2832600359093964,-0.28326001560915226,3.0188331933865048e-06,-0.4934781629319471,-0.2832600359093972,3.0188316786220395e-06
72.74,72.74,82292.007595168,2.06,179,astribot_arm_left_joint_1,0.07558149312389463,0.07129230150760195,0.004289191616292681,0.004289191616292681,0.04289192207508651,0.042891915919408934,2.096157790253615e-06,0.07558149312389463,0.04289192207508637,2.096157923201238e-06
72.74,72.74,82292.007595168,2.06,179,astribot_arm_left_joint_2,-0.8282090953339161,-0.8095290383841341,-0.01868005694978192,-0.01868005694978192,-0.18680059510300404,-0.18680056830862804,-9.129067170186226e-06,-0.828209095333916,-0.186800595103011,-9.12907481854655e-06
72.74,72.74,82292.007595168,2.06,179,astribot_arm_left_joint_3,-0.41871625984503996,-0.42900397268671175,0.010287712841671792,0.010287712841671792,0.10287714272641325,0.10287712796606888,5.027686129065548e-06,-0.41871625984503996,0.10287714272640633,5.0276788662104305e-06
72.74,72.74,82292.007595168,2.06,179,astribot_arm_left_joint_4,0.8666090215875967,0.8741516331686386,-0.007542611581041969,-0.007542611581041969,-0.07542612614163435,-0.07542611531850488,-3.6861192150156046e-06,0.8666090215875967,-0.07542612614164179,-3.686127177123589e-06
72.74,72.74,82292.007595168,2.06,179,astribot_arm_left_joint_5,-0.5647585130765588,-0.5327089017122174,-0.03204961136434137,-0.03204961136434137,-0.32049615769012135,-0.3204961117216119,-1.5662881720697272e-05,-0.5647585130765587,-0.3204961576901114,-1.5662871914326133e-05
72.74,72.74,82292.007595168,2.06,179,astribot_arm_left_joint_6,-0.13092574031967844,-0.12349580522612932,-0.0074299350935491115,-0.0074299350935491115,-0.07429936112947609,-0.07429935047072618,-3.63105951229292e-06,-0.13092574031967844,-0.07429936112947844,-3.631061901068872e-06
72.74,72.74,82292.007595168,2.06,179,astribot_arm_left_joint_7,-0.499143363636124,-0.47081736155145737,-0.028326002084666624,-0.028326002084666624,-0.2832600597751328,-0.2832600191414468,-1.3843107742982279e-05,-0.499143363636124,-0.2832600597751399,-1.3843116456412907e-05
72.76,72.76,82292.029447389,2.08,181,astribot_arm_left_joint_1,0.07643933152770631,0.07215013983716384,0.004289191690542468,0.004289191690542468,0.04289191815240522,0.042891916777985574,-4.5189960160840333e-07,0.07643933152770632,0.04289191815240468,-4.5190032969261497e-07
72.76,72.76,82292.029447389,2.08,181,astribot_arm_left_joint_2,-0.8319451070718306,-0.8132650497989582,-0.018680057272872364,-0.018680057272872364,-0.1868005780191579,-0.18680057204792966,1.9680948524010017e-06,-0.8319451070718306,-0.18680057801916428,1.968089102219575e-06
72.76,72.76,82292.029447389,2.08,181,astribot_arm_left_joint_3,-0.4166587170809123,-0.426946430100594,0.010287713019681732,0.010287713019681732,0.10287713331779413,0.10287713002534075,-1.0838723548417536e-06,-0.41665871708091223,0.10287713331777283,-1.083890406449962e-06
72.76,72.76,82292.029447389,2.08,181,astribot_arm_left_joint_4,0.8651004991310424,0.8726431108426208,-0.00754261171157844,-0.00754261171157844,-0.07542611924353818,-0.07542611682834614,7.946793045849547e-07,0.8651004991310424,-0.07542611924354613,7.946727136191595e-07
72.76,72.76,82292.029447389,2.08,181,astribot_arm_left_joint_5,-0.5711684359487342,-0.5391188240301193,-0.032049611918614884,-0.032049611918614884,-0.32049612837915664,-0.32049611813720286,3.3766622912579604e-06,-0.5711684359487342,-0.32049612837914027,3.376675354493856e-06
72.76,72.76,82292.029447389,2.08,181,astribot_arm_left_joint_6,-0.13241172747697957,-0.1249817922548962,-0.007429935222083378,-0.007429935222083378,-0.07429935433443122,-0.07429935195804135,7.828005242033908e-07,-0.13241172747697957,-0.0742993543344286,7.828020239918702e-07
72.76,72.76,82292.029447389,2.08,181,astribot_arm_left_joint_7,-0.5048085645827202,-0.47648256200806394,-0.02832600257465623,-0.02832600257465623,-0.28326003386959786,-0.2832600248117213,2.9843612187502945e-06,-0.5048085645827203,-0.28326003386958926,2.984367025117391e-06
72.78,72.78,82292.048546731,2.1,183,astribot_arm_left_joint_1,0.07729716989164165,0.0730079781768347,0.0042891917148069475,0.0042891917148069475,0.04289191800538192,0.04289191704708503,-4.229951676859085e-07,0.07729716989164165,0.04289191800538113,-4.2299655003241727e-07
72.78,72.78,82292.048546731,2.1,183,astribot_arm_left_joint_2,-0.8356811186360776,-0.8170010612578098,-0.018680057378267834,-0.018680057378267834,-0.18680057737884745,-0.1868005732199822,1.8422080631324802e-06,-0.8356811186360775,-0.18680057737884156,1.8422123950920885e-06
72.78,72.78,82292.048546731,2.1,183,astribot_arm_left_joint_3,-0.41460117441242883,-0.4248888874902305,0.010287713077801686,0.010287713077801686,0.10287713296515548,0.1028771306707451,-1.014546189615375e-06,-0.4146011744124289,0.10287713296513336,-1.0145646271152775e-06
72.78,72.78,82292.048546731,2.1,183,astribot_arm_left_joint_4,0.8635919767446113,0.8711345884988256,-0.0075426117542143345,-0.0075426117542143345,-0.07542611898502967,-0.0754261173015858,7.43827127897186e-07,0.8635919767446113,-0.07542611898500323,7.438450694254538e-07
72.78,72.78,82292.048546731,2.1,183,astribot_arm_left_joint_5,-0.5775783585229463,-0.5455287464235604,-0.03204961209938584,-0.03204961209938584,-0.3204961272805126,-0.3204961201481332,3.1607252013238846e-06,-0.5775783585229463,-0.32049612728054083,3.160704795829608e-06
72.78,72.78,82292.048546731,2.1,183,astribot_arm_left_joint_6,-0.13389771456520497,-0.12646777930117525,-0.007429935264029713,-0.007429935264029713,-0.07429935407974499,-0.07429935242424068,7.327357145789095e-07,-0.133897714565205,-0.07429935407974776,7.327336376137344e-07
72.78,72.78,82292.048546731,2.1,183,astribot_arm_left_joint_7,-0.5104737652659712,-0.4821477625314346,-0.028326002734536615,-0.028326002734536615,-0.2832600328986142,-0.28326002658907845,2.7934998424468477e-06,-0.5104737652659712,-0.28326003289864016,2.7934853167060177e-06
72.8,72.8,82292.066691983,2.12,185,astribot_arm_left_joint_1,0.07815500826363288,0.07386581652109996,0.004289191742532922,0.004289191742532922,0.04289192404388499,0.04289191726458306,1.7148237730222027e-06,0.07815500826363288,0.04289192404388429,1.714822640835976e-06
72.8,72.8,82292.066691983,2.12,185,astribot_arm_left_joint_2,-0.8394171302354095,-0.8207370727366723,-0.018680057498737246,-0.018680057498737246,-0.18680060367737486,-0.1868005741673097,-7.468280583973583e-06,-0.8394171302354095,-0.18680060367740828,-7.468302005084462e-06
72.8,72.8,82292.066691983,2.12,185,astribot_arm_left_joint_3,-0.4125436317246231,-0.42283134486884794,0.01028771314422483,0.01028771314422483,0.10287714744861234,0.10287713119238526,4.113042874492576e-06,-0.4125436317246231,0.10287714744860575,4.11303701134244e-06
72.8,72.8,82292.066691983,2.12,185,astribot_arm_left_joint_4,0.8620834543440139,0.8696260661469506,-0.007542611802936694,-0.007542611802936694,-0.07542612960375976,-0.07542611768408596,-3.015519937231606e-06,0.8620834543440139,-0.07542612960379397,-3.015541647759761e-06
72.8,72.8,82292.066691983,2.12,185,astribot_arm_left_joint_5,-0.5839882811573537,-0.5519386688513349,-0.03204961230601877,-0.03204961230601877,-0.320496172401334,-0.32049612177350023,-1.2813463434103607e-05,-0.5839882811573537,-0.32049617240132555,-1.2813463694940518e-05
72.8,72.8,82292.066691983,2.12,185,astribot_arm_left_joint_6,-0.13538370166738525,-0.127953766355414,-0.007429935311971253,-0.007429935311971253,-0.07429936453992238,-0.07429935280105755,-2.9704948145959667e-06,-0.13538370166738528,-0.07429936453992489,-2.9704958106443664e-06
72.8,72.8,82292.066691983,2.12,185,astribot_arm_left_joint_7,-0.5161389660024237,-0.4878129630851508,-0.028326002917272886,-0.028326002917272886,-0.2832600727771835,-0.28326002802567113,-1.1324770966375949e-05,-0.5161389660024238,-0.28326007277717213,-1.1324763045993197e-05
72.82,72.82,82292.087594698,2.14,187,astribot_arm_left_joint_1,0.07901284666226696,0.07472365487409624,0.004289191788170721,0.004289191788170721,0.04289191775231687,0.04289191786113878,-3.2406291612588714e-07,0.07901284666226695,0.042891917752318806,-3.24061785221148e-07
72.82,72.82,82292.087594698,2.14,187,astribot_arm_left_joint_2,-0.8431531419507748,-0.8244730842535616,-0.01868005769721326,-0.01868005769721326,-0.1868005762767008,-0.18680057676549516,1.411354061861978e-06,-0.8431531419507748,-0.18680057627673452,1.4113343951647137e-06
72.82,72.82,82292.087594698,2.14,187,astribot_arm_left_joint_3,-0.4104860889729139,-0.42077380222652433,0.010287713253610442,0.010287713253610442,0.1028771323581627,0.10287713262320772,-7.772628518606441e-07,-0.4104860889729139,0.10287713235815982,-7.772684007438783e-07
72.82,72.82,82292.087594698,2.14,187,astribot_arm_left_joint_4,0.8605749318965645,0.8681175437797215,-0.007542611883156969,-0.007542611883156969,-0.07542611853996178,-0.07542611873316879,5.698851108504638e-07,0.8605749318965645,-0.07542611853998984,5.698669530191639e-07
72.82,72.82,82292.087594698,2.14,187,astribot_arm_left_joint_5,-0.590398203990841,-0.5583485913443528,-0.0320496126464882,-0.0320496126464882,-0.3204961253896061,-0.3204961262312644,2.421441606274024e-06,-0.5903982039908411,-0.3204961253896149,2.421446533254776e-06
72.82,72.82,82292.087594698,2.14,187,astribot_arm_left_joint_6,-0.13686968881571754,-0.12943975342477812,-0.007429935390939418,-0.007429935390939418,-0.07429935364138604,-0.07429935383449797,5.61351629776281e-07,-0.1368696888157175,-0.0742993536413856,5.613534984634888e-07
72.82,72.82,82292.087594698,2.14,187,astribot_arm_left_joint_7,-0.5218041669148267,-0.49347816369653164,-0.028326003218295037,-0.028326003218295037,-0.28326003122740234,-0.2832600319655835,2.1401138728118357e-06,-0.5218041669148267,-0.28326003122740745,2.1401149560847025e-06
72.84,72.84,82292.109576315,2.16,189,astribot_arm_left_joint_1,0.0798706850260761,0.07558149323226926,0.0042891917938068375,0.0042891917938068375,0.04289191765444572,0.042891917923152445,-2.586161134602134e-07,0.07987068502607611,0.04289191765444548,-2.586154813069078e-07
72.84,72.84,82292.109576315,2.16,189,astribot_arm_left_joint_2,-0.8468891535144724,-0.8282090957929983,-0.018680057721474075,-0.018680057721474075,-0.1868005758504465,-0.18680057703567696,1.1263269893491039e-06,-0.8468891535144724,-0.18680057585047283,1.1263077037145786e-06
72.84,72.84,82292.109576315,2.16,189,astribot_arm_left_joint_3,-0.40842854630473324,-0.41871625957178477,0.010287713267051524,0.010287713267051524,0.10287713212341698,0.10287713277192309,-6.202853976196074e-07,-0.4084285463047332,0.10287713212340426,-6.202940719193132e-07
72.84,72.84,82292.109576315,2.16,189,astribot_arm_left_joint_4,0.8590664095103553,0.8666090214033884,-0.007542611893033069,-0.007542611893033069,-0.0754261183678456,-0.07542611884225293,4.5479894861466075e-07,0.8590664095103552,-0.07542611836787443,4.547792037073135e-07
72.84,72.84,82292.109576315,2.16,189,astribot_arm_left_joint_5,-0.5968081265641104,-0.564758513876056,-0.032049612688054396,-0.032049612688054396,-0.3204961246583332,-0.32049612669484173,1.9323971014194413e-06,-0.5968081265641105,-0.32049612465829014,1.932421467884024e-06
72.84,72.84,82292.109576315,2.16,189,astribot_arm_left_joint_6,-0.13835567590372444,-0.13092574050311082,-0.007429935400613624,-0.007429935400613624,-0.07429935347183778,-0.07429935394198223,4.479879118409854e-07,-0.13835567590372444,-0.07429935347183758,4.4798574414711183e-07
72.84,72.84,82292.109576315,2.16,189,astribot_arm_left_joint_7,-0.5274693675972445,-0.49914336434210455,-0.028326003255139953,-0.028326003255139953,-0.28326003058105687,-0.2832600323753651,1.7079051118574004e-06,-0.5274693675972445,-0.2832600305810506,1.7079062813472966e-06
72.87,72.87,82292.139676134,2.19,192,astribot_arm_left_joint_1,0.08115744261462995,0.07686825077698384,0.004289191837646117,0.004289191837646117,0.042891917551976244,0.042891918409249566,-1.469134800679203e-07,0.08115744261462994,0.04289191755196982,-1.4691682686887567e-07
72.87,72.87,82292.139676134,2.19,192,astribot_arm_left_joint_2,-0.852493171046594,-0.8338131131346248,-0.01868005791196914,-0.01868005791196914,-0.1868005754042021,-0.18680057915286233,6.398253143772205e-07,-0.8524931710465938,-0.18680057540415815,6.39845149253332e-07
72.87,72.87,82292.139676134,2.19,192,astribot_arm_left_joint_3,-0.40534223219970905,-0.4156299455717953,0.010287713372086227,0.010287713372086227,0.10287713187759917,0.10287713393780078,-3.523938058482197e-07,-0.40534223219970905,0.10287713187761181,-3.5238350160167236e-07
72.87,72.87,82292.139676134,2.19,192,astribot_arm_left_joint_4,0.8568036258557064,0.8643462378257778,-0.0075426119700714445,-0.0075426119700714445,-0.07542611818769515,-0.07542611969711223,2.5833691397742445e-07,0.8568036258557064,-0.07542611818765393,2.5835642297767114e-07
72.87,72.87,82292.139676134,2.19,192,astribot_arm_left_joint_5,-0.6064230107441233,-0.5743733977293236,-0.032049613014799694,-0.032049613014799694,-0.3204961238926199,-0.32049613032735774,1.0977679137154276e-06,-0.6064230107441234,-0.32049612389257154,1.0977889330666372e-06
72.87,72.87,82292.139676134,2.19,192,astribot_arm_left_joint_6,-0.14058465660994438,-0.13315472113352608,-0.007429935476418292,-0.007429935476418292,-0.07429935329432298,-0.07429935478411763,2.544997093391585e-07,-0.1405846566099444,-0.07429935329432415,2.544963084383285e-07
72.87,72.87,82292.139676134,2.19,192,astribot_arm_left_joint_7,-0.5359671689037893,-0.5076411653597059,-0.028326003544083322,-0.028326003544083322,-0.28326002990425647,-0.2832600355859411,9.702569455783141e-07,-0.5359671689037893,-0.2832600299042808,9.702459985624191e-07
72.89,72.89,82292.159683904,2.21,194,astribot_arm_left_joint_1,0.0820152809783822,0.07772608914451949,0.004289191833862713,0.004289191833862713,0.04289191751609036,0.042891918366473644,-6.676935216973835e-08,0.08201528097838219,0.042891917516081436,-6.677423050850217e-08
72.89,72.89,82292.159683904,2.21,194,astribot_arm_left_joint_2,-0.8562291826100438,-0.8375491247148421,-0.018680057895201663,-0.018680057895201663,-0.18680057524790994,-0.18680057896667937,2.9079138225701024e-07,-0.8562291826100437,-0.186800575247859,2.908129325544919e-07
72.89,72.89,82292.159683904,2.21,194,astribot_arm_left_joint_3,-0.40328468953166463,-0.41357240289460034,0.010287713362935713,0.010287713362935713,0.10287713179155536,0.10287713383518265,-1.6014743508105235e-07,-0.40328468953166463,0.10287713179153386,-1.6015978970681189e-07
72.89,72.89,82292.159683904,2.21,194,astribot_arm_left_joint_4,0.8552951034695975,0.8628377154329787,-0.0075426119633812405,-0.0075426119633812405,-0.07542611812453216,-0.07542611962192505,1.1743302419656127e-07,0.8552951034695974,-0.0754261181245587,1.174236567786676e-07
72.89,72.89,82292.159683904,2.21,194,astribot_arm_left_joint_5,-0.6128329333169675,-0.5807833203309959,-0.03204961298597164,-0.03204961298597164,-0.32049612362447194,-0.3204961300079469,4.989132021667848e-07,-0.6128329333169672,-0.32049612362439095,4.989497982116661e-07
72.89,72.89,82292.159683904,2.21,194,astribot_arm_left_joint_6,-0.1420706436978527,-0.13464070822808016,-0.007429935469772525,-0.007429935469772525,-0.0742993532321608,-0.07429935471008528,1.1566566244608224e-07,-0.1420706436978527,-0.0742993532321565,1.1566954998812289e-07
72.89,72.89,82292.159683904,2.21,194,astribot_arm_left_joint_7,-0.5416323695858309,-0.5133063660671217,-0.028326003518709286,-0.028326003518709286,-0.28326002966729286,-0.28326003530370253,4.4097461391633953e-07,-0.5416323695858309,-0.28326002966727143,4.409797216364923e-07
72.91,72.91,82292.180516744,2.23,196,astribot_arm_left_joint_1,0.08287311936408084,0.07858392751132177,0.0042891918527590694,0.0042891918527590694,0.04289192568409358,0.042891918331706864,-6.882379865262302e-08,0.08287311936408087,0.04289192568409702,-6.882084841680638e-08
72.91,72.91,82292.180516744,2.23,196,astribot_arm_left_joint_2,-0.8599651942690733,-0.8412851362918677,-0.01868005797720551,-0.01868005797720551,-0.18680061082072014,-0.18680057881538042,2.997577886506787e-07,-0.8599651942690734,-0.1868006108207797,2.997248441703152e-07
72.91,72.91,82292.180516744,2.23,196,astribot_arm_left_joint_3,-0.4012271468109814,-0.41151486021916484,0.010287713408183408,0.010287713408183408,0.10287715138266332,0.10287713375177232,-1.6508221724230785e-07,-0.4012271468109814,0.10287715138268584,-1.6506808141442546e-07
72.91,72.91,82292.180516744,2.23,196,astribot_arm_left_joint_4,0.8537865810448951,0.8613291930414685,-0.007542611996573356,-0.007542611996573356,-0.07542613248808364,-0.07542611956082618,1.210554129037249e-07,0.8537865810448951,-0.0754261324881441,1.210225345096741e-07
72.91,72.91,82292.180516744,2.23,196,astribot_arm_left_joint_5,-0.619242856053799,-0.5871932429271924,-0.03204961312660659,-0.03204961312660659,-0.3204961846572929,-0.32049612974838193,5.142342526380753e-07,-0.6192428560537989,-0.32049618465728946,5.142414645014679e-07
72.91,72.91,82292.180516744,2.23,196,astribot_arm_left_joint_6,-0.14355663082377765,-0.13612669532136515,-0.007429935502412499,-0.007429935502412499,-0.07429936738118736,-0.07429935464992755,1.1920576765024e-07,-0.14355663082377765,-0.0742993673811692,1.1921455789935863e-07
72.91,72.91,82292.180516744,2.23,196,astribot_arm_left_joint_7,-0.547297570412808,-0.5189715667696991,-0.028326003643108888,-0.028326003643108888,-0.2832600836091531,-0.2832600350743615,4.545069772452862e-07,-0.5472975704128081,-0.2832600836091894,4.544955155767047e-07
72.94,72.94,82292.209642506,2.26,199,astribot_arm_left_joint_1,0.08415987693064216,0.07987068507037347,0.004289191860268687,0.004289191860268687,0.04289191754583419,0.042891918657779096,1.367415846450342e-07,0.08415987693064213,0.042891917545823104,1.367369255725007e-07
72.94,72.94,82292.209642506,2.26,199,astribot_arm_left_joint_2,-0.8655692117054139,-0.846889153695946,-0.018680058009467926,-0.018680058009467926,-0.1868005753773755,-0.18680058023564924,-5.955001792635005e-07,-0.8655692117054139,-0.1868005753774068,-5.955086093571317e-07
72.94,72.94,82292.209642506,2.26,199,astribot_arm_left_joint_3,-0.398140832758707,-0.40842854618478946,0.010287713426082479,0.010287713426082479,0.10287713186284032,0.10287713453383672,3.279465992325097e-07,-0.39814083275870693,0.10287713186287827,3.2796603665908117e-07
72.94,72.94,82292.209642506,2.26,199,astribot_arm_left_joint_4,0.8515237974289207,0.8590664094386419,-0.007542612009721172,-0.007542612009721172,-0.07542611817682647,-0.07542612013428586,-2.404456713396577e-07,0.8515237974289206,-0.0754261181768604,-2.404537809995242e-07
72.94,72.94,82292.209642506,2.26,199,astribot_arm_left_joint_5,-0.6288577400694797,-0.5968081268876116,-0.03204961318186805,-0.03204961318186805,-0.32049612384671927,-0.32049613218518486,-1.0217473568342005e-06,-0.6288577400694796,-0.3204961238466444,-1.0217230318241443e-06
72.94,72.94,82292.209642506,2.26,199,astribot_arm_left_joint_6,-0.14578561149190106,-0.13835567597662246,-0.007429935515278596,-0.007429935515278596,-0.0742993532837009,-0.07429935521486894,-2.3687089633682995e-07,-0.14578561149190103,-0.0742993532836813,-2.3686180514662987e-07
72.94,72.94,82292.209642506,2.26,199,astribot_arm_left_joint_7,-0.5557953715741126,-0.5274693678820093,-0.028326003692103363,-0.028326003692103363,-0.28326002986371307,-0.2832600372281486,-9.030141184121089e-07,-0.5557953715741126,-0.28326002986370574,-9.03014545946846e-07
72.96,72.96,82292.232811374,2.2800000000000002,201,astribot_arm_left_joint_1,0.08501771532305168,0.0807285234421581,0.004289191880893578,0.004289191880893578,0.04289192524503018,0.042891918567748356,-9.639076521239781e-07,0.08501771532305168,0.04289192524502053,-9.639139812498777e-07
72.96,72.96,82292.232811374,2.2800000000000002,201,astribot_arm_left_joint_2,-0.8693052233936703,-0.8506251652946761,-0.0186800580989942,-0.0186800580989942,-0.18680060890845543,-0.18680057984366977,4.198032911074293e-06,-0.8693052233936706,-0.1868006089085475,4.197987719471598e-06
72.96,72.96,82292.232811374,2.2800000000000002,201,astribot_arm_left_joint_3,-0.3960832900219275,-0.40637100349740424,0.010287713475476745,0.010287713475476745,0.10287715032951979,0.10287713431787684,-2.3119872699350536e-06,-0.39608329002192744,0.10287715032955609,-2.3119679223623416e-06
72.96,72.96,82292.232811374,2.2800000000000002,201,astribot_arm_left_joint_4,0.8500152749924175,0.8575578870383683,-0.007542612045950858,-0.007542612045950858,-0.07542613171593235,-0.07542611997600782,1.6951035258512453e-06,0.8500152749924172,-0.07542613171602523,1.6950585640893786e-06
72.96,72.96,82292.232811374,2.2800000000000002,201,astribot_arm_left_joint_5,-0.6352676628564561,-0.6032180495210478,-0.032049613335408234,-0.032049613335408234,-0.3204961813764068,-0.3204961315126817,7.2025684440421794e-06,-0.6352676628564561,-0.320496181376431,7.202539490846289e-06
72.96,72.96,82292.232811374,2.2800000000000002,201,astribot_arm_left_joint_6,-0.1472715986294508,-0.1398416630785415,-0.007429935550909289,-0.007429935550909289,-0.07429936662056717,-0.07429935505898302,1.6697491246486089e-06,-0.14727159862945086,-0.07429936662058494,1.6697363069068846e-06
72.96,72.96,82292.232811374,2.2800000000000002,201,astribot_arm_left_joint_7,-0.5614605724454084,-0.533134568617503,-0.0283260038279054,-0.0283260038279054,-0.28326008070940073,-0.28326003663384075,6.365803014879158e-06,-0.5614605724454086,-0.2832600807095278,6.365729303604804e-06
72.98,72.98,82292.252056913,2.3,203,astribot_arm_left_joint_1,0.08587555370109017,0.08158636181927299,0.004289191881817173,0.004289191881817173,0.04289191768816362,0.04289191889528156,2.838885532745122e-07,0.08587555370109014,0.04289191768814972,2.838819853393145e-07
72.98,72.98,82292.252056913,2.3,203,astribot_arm_left_joint_2,-0.8730412350193388,-0.8543611769166227,-0.018680058102716113,-0.018680058102716113,-0.18680057599721864,-0.1868005812702419,-1.23634231926209e-06,-0.8730412350193388,-0.18680057599726918,-1.2363457777755688e-06
72.98,72.98,82292.252056913,2.3,203,astribot_arm_left_joint_3,-0.3940257473196174,-0.40431346079723524,0.01028771347761781,0.01028771347761781,0.10287713220420011,0.10287713510345471,6.808753686437824e-07,-0.3940257473196174,0.10287713220424984,6.808958040383911e-07
72.98,72.98,82292.252056913,2.3,203,astribot_arm_left_joint_4,0.8485067525811854,0.8560493646287207,-0.007542612047535369,-0.007542612047535369,-0.075426118427215,-0.0754261205520157,-4.992444754947383e-07,0.8485067525811856,-0.07542611842713326,-4.992119309574201e-07
72.98,72.98,82292.252056913,2.3,203,astribot_arm_left_joint_5,-0.6416775855360495,-0.6096279721943172,-0.032049613341732286,-0.032049613341732286,-0.3204961249100796,-0.320496133960296,-2.1211870396859334e-06,-0.6416775855360495,-0.32049612491013413,-2.1212174830399847e-06
72.98,72.98,82292.252056913,2.3,203,astribot_arm_left_joint_6,-0.14875758574210635,-0.14132765018969515,-0.007429935552411199,-0.007429935552411199,-0.07429935353018069,-0.07429935562642198,-4.917362531793812e-07,-0.1487575857421064,-0.07429935353022545,-4.917531883894021e-07
72.98,72.98,82292.252056913,2.3,203,astribot_arm_left_joint_7,-0.5671257732217976,-0.538799769388203,-0.028326003833594626,-0.028326003833594626,-0.2832600308036723,-0.2832600387971491,-1.8747961454252911e-06,-0.5671257732217974,-0.2832600308036319,-1.8747674669796124e-06
73.0,73.0,82292.271687171,2.32,205,astribot_arm_left_joint_1,0.08672852752211116,0.08244426790671056,0.004284259615400604,0.004284259615400604,0.04190092654401881,0.042898689919103845,-0.028032922832883278,0.08672852752211116,0.04190092654402564,-0.028032922827813125
73.0,73.0,82292.271687171,2.32,205,astribot_arm_left_joint_2,-0.8767560607875826,-0.8580974834269329,-0.018658577360649686,-0.018658577360649686,-0.1824846645970836,-0.18683007006960836,0.12208747971081746,-0.8767560607875822,-0.18248466459697893,0.12208747972708464
73.0,73.0,82292.271687171,2.32,205,astribot_arm_left_joint_3,-0.39197987235571524,-0.4022557556924873,0.01027588333677204,0.01027588333677204,0.10050021989898517,0.10289337554104537,-0.06723753248254616,-0.39197987235571524,0.10050021989903243,-0.06723753246040974
73.0,73.0,82292.271687171,2.32,205,astribot_arm_left_joint_4,0.8470067845707239,0.8545407231493944,-0.007533938578670574,-0.007533938578670574,-0.0736834447620959,-0.07543802750498013,0.049296339992676685,0.8470067845707239,-0.07368344476213609,0.049296339988424386
73.0,73.0,82292.271687171,2.32,205,astribot_arm_left_joint_5,-0.64805115937051,-0.6160384008113048,-0.03201275855920527,-0.03201275855920527,-0.31309126080916916,-0.3205467282685819,0.20946704227179258,-0.6480511593705098,-0.3130912608091319,0.209467042289622
73.0,73.0,82292.271687171,2.32,205,astribot_arm_left_joint_6,-0.15023514624524933,-0.1428137545917872,-0.007421391653462145,-0.007421391653462145,-0.07258271306902386,-0.07431108470553312,0.048559918873300856,-0.1502351462452493,-0.07258271306901,0.04855991888315056
73.0,73.0,82292.271687171,2.32,205,astribot_arm_left_joint_7,-0.5727588482587722,-0.5444654173207325,-0.02829343093803971,-0.02829343093803971,-0.2767154835522396,-0.2833047549238992,0.18513060296980055,-0.5727588482587723,-0.2767154835522901,0.18513060296161435
73.02,73.02,82292.29526259,2.34,207,astribot_arm_left_joint_1,0.08755988212947273,0.08330004192721381,0.004259840202258919,0.004259840202258919,0.041169282058403284,0.042734805889793004,-0.03988032648767475,0.08755988212947276,0.041169282058413574,-0.03988032648470541
73.02,73.02,82292.29526259,2.34,207,astribot_arm_left_joint_2,-0.8803767317177614,-0.8618245044738243,-0.018552227243937125,-0.018552227243937125,-0.17929824583328785,-0.18611633114833753,0.17368465568267363,-0.8803767317177613,-0.1792982458331639,0.17368465575561182
73.02,73.02,82292.29526259,2.34,207,astribot_arm_left_joint_3,-0.38998585151309445,-0.40020316439342163,0.010217312880327178,0.010217312880327178,0.09874535580034813,0.10250029638167579,-0.09565376980278092,-0.3899858515130944,0.09874535580039007,-0.0956537697836186
73.02,73.02,82292.29526259,2.34,207,astribot_arm_left_joint_4,0.8455448342908193,0.8530358309436383,-0.007490996652819049,-0.007490996652819049,-0.07239683631516368,-0.07514983483684386,0.07013018733339611,0.84554483429082,-0.0723968363148398,0.07013018746892109
73.02,73.02,82292.29526259,2.34,207,astribot_arm_left_joint_5,-0.6542631905513678,-0.6224328982405603,-0.031830292310807584,-0.031830292310807584,-0.30762428159523736,-0.31932215732045877,0.2979929736315283,-0.6542631905513676,-0.3076242815951294,0.29799297367718897
73.02,73.02,82292.29526259,2.34,207,astribot_arm_left_joint_6,-0.15167525695166345,-0.14429616572941922,-0.007379091222244227,-0.007379091222244227,-0.07131532482374513,-0.07402719724878776,0.06908253666311935,-0.15167525695166348,-0.07131532482374286,0.06908253666667138
73.02,73.02,82292.29526259,2.34,207,astribot_arm_left_joint_7,-0.5782491490982482,-0.5501169849933906,-0.028132164104857638,-0.028132164104857638,-0.2718836725561536,-0.2822224578928061,0.26337135566182734,-0.5782491490982482,-0.27188367255613705,0.26337135566514175
73.04,73.04,82292.316306983,2.36,209,astribot_arm_left_joint_1,0.08837537651273958,0.08415038241445184,0.004224994098287735,0.004224994098287735,0.040384665957085245,0.04243564669482073,-0.03843172702104028,0.08837537651273958,0.04038466595709038,-0.03843172701777538
73.04,73.04,82292.316306983,2.36,209,astribot_arm_left_joint_2,-0.8839283290518869,-0.8655278616884825,-0.018400467363404394,-0.018400467363404394,-0.17588112793386612,-0.18481344909214872,0.16737579320097748,-0.883928329051887,-0.175881127933939,0.1673757931665611
73.04,73.04,82292.316306983,2.36,209,astribot_arm_left_joint_3,-0.3880298717387897,-0.39816360553381147,0.010133733795021749,0.010133733795021749,0.09686343820990866,0.10178275700121459,-0.09217927467428152,-0.3880298717387897,0.0968634382099374,-0.09217927465943694
73.04,73.04,82292.316306983,2.36,209,astribot_arm_left_joint_4,0.8441107744668651,0.8515404936924235,-0.007429719225558351,-0.007429719225558351,-0.07101707644002965,-0.07462375864165172,0.06758280230837196,0.8441107744668652,-0.07101707644006328,0.0675828023011357
73.04,73.04,82292.316306983,2.36,209,astribot_arm_left_joint_5,-0.66035671128465,-0.6287867953317746,-0.031569915952875394,-0.031569915952875394,-0.3017614889391842,-0.31708678600012435,0.2871687779165742,-0.6603567112846502,-0.3017614889392954,0.2871687778658082
73.04,73.04,82292.316306983,2.36,209,astribot_arm_left_joint_6,-0.15308789384807794,-0.1457691646506966,-0.007318729197381357,-0.007318729197381357,-0.06995617670818652,-0.0735089799253674,0.06657320602169464,-0.15308789384807797,-0.06995617670820398,0.06657320601141484
73.04,73.04,82292.316306983,2.36,209,astribot_arm_left_joint_7,-0.5836347083498498,-0.555732669383508,-0.027902038966341802,-0.027902038966341802,-0.2667020347789327,-0.28024679797110824,0.25380474377603995,-0.5836347083498498,-0.26670203477893245,0.2538047437765258
73.09,73.09,82292.369607248,2.41,214,astribot_arm_left_joint_1,0.09034799923381631,0.08624071657219907,0.004107282661617237,0.004107282661617237,0.03854844517768709,0.04133371866814693,-0.03522659275897164,0.09034799923381631,0.03854844517768624,-0.035226592759219466
73.09,73.09,82292.369607248,2.41,214,astribot_arm_left_joint_2,-0.8925193895682654,-0.8746315727316715,-0.017887816836593906,-0.017887816836593906,-0.16788411782714555,-0.18001439134156683,0.15341696461952528,-0.8925193895682655,-0.16788411782715776,0.15341696460886445
73.09,73.09,82292.369607248,2.41,214,astribot_arm_left_joint_3,-0.3832984962395455,-0.3931498967724882,0.0098514005329427,0.0098514005329427,0.09245922552697465,0.09913976033963229,-0.08449169530355718,-0.3832984962395455,0.09245922552697043,-0.08449169530712644
73.09,73.09,82292.369607248,2.41,214,astribot_arm_left_joint_4,0.8406418860843549,0.8478646078790596,-0.007222721794704734,-0.007222721794704734,-0.06778805303821968,-0.07268600070733167,0.06194652279144705,0.8406418860843549,-0.0677880530382004,0.061946522805530334
73.09,73.09,82292.369607248,2.41,214,astribot_arm_left_joint_5,-0.6750965031170273,-0.6444061481956089,-0.03069035492141836,-0.03069035492141836,-0.2880409169527997,-0.30885298155909724,0.263219438110868,-0.6750965031170273,-0.2880409169528004,0.26321943810719955
73.09,73.09,82292.369607248,2.41,214,astribot_arm_left_joint_6,-0.15650496169756528,-0.14939013766760537,-0.007114824029959915,-0.007114824029959915,-0.06677539057874247,-0.07160016949188612,0.061021124958941284,-0.15650496169756528,-0.06677539057873852,0.06102112496197672
73.09,73.09,82292.369607248,2.41,214,astribot_arm_left_joint_7,-0.5966619918767531,-0.5695373241964538,-0.027124667680299308,-0.027124667680299308,-0.2545755554193916,-0.27296961887816273,0.2326379021438117,-0.5966619918767533,-0.2545755554193821,0.23263790214984043
73.11,73.11,82292.390022189,2.43,216,astribot_arm_left_joint_1,0.09111203922655302,0.08705947444695454,0.004052564779598478,0.004052564779598478,0.037860046293559615,0.04080296085461741,-0.03387975507181429,0.09111203922655302,0.037860046293559636,-0.03387975507171554
73.11,73.11,82292.390022189,2.43,216,astribot_arm_left_joint_2,-0.8958468955046017,-0.8781973830488913,-0.017649512455710448,-0.017649512455710448,-0.16488603998402604,-0.17770286342210065,0.14755128945597265,-0.8958468955046017,-0.16488603998402587,0.1475512894566892
73.11,73.11,82292.390022189,2.43,216,astribot_arm_left_joint_3,-0.3814659308617605,-0.3911860894477823,0.009720158586021821,0.009720158586021821,0.09080808687827766,0.0978667269877563,-0.08126127786913229,-0.3814659308617605,0.09080808687827772,-0.08126127786887885
73.11,73.11,82292.390022189,2.43,216,astribot_arm_left_joint_4,0.8392983096233017,0.846424809153461,-0.007126499530159314,-0.007126499530159314,-0.06657749266790476,-0.07175265466337795,0.05957808734359705,0.8392983096233017,-0.06657749266790498,0.059578087342729666
73.11,73.11,82292.390022189,2.43,216,astribot_arm_left_joint_5,-0.6808055473879979,-0.6505240543248729,-0.030281493063124998,-0.030281493063124998,-0.2828970766526599,-0.3048870636981005,0.25315562461789826,-0.6808055473879979,-0.2828970766526599,0.2531556246175645
73.11,73.11,82292.390022189,2.43,216,astribot_arm_left_joint_6,-0.15782846693098268,-0.15080842773424027,-0.007020039196742406,-0.007020039196742406,-0.06558291435435133,-0.07068076638419016,0.058688070743932313,-0.15782846693098268,-0.06558291435435144,0.05868807074349908
73.11,73.11,82292.390022189,2.43,216,astribot_arm_left_joint_7,-0.6017077441662945,-0.5749444356836432,-0.026763308482651293,-0.026763308482651293,-0.250029340196722,-0.26946447192585654,0.22374332933860558,-0.6017077441662945,-0.2500293401967221,0.2237433293381669
73.13,73.13,82292.409853517,2.45,217,astribot_arm_left_joint_1,0.09186254936709104,0.08786715337486606,0.0039953959922249815,0.0039953959922249815,0.03719535530104685,0.04024224499104425,-0.03248848059891037,0.091862549367091,0.03719535530102236,-0.03248848060512665
73.13,73.13,82292.409853517,2.45,217,astribot_arm_left_joint_2,-0.8991154769553907,-0.8817149429319223,-0.017400534023468417,-0.017400534023468417,-0.16199121347684683,-0.17526086381219758,0.14149208562371351,-0.8991154769553911,-0.1619912134768793,0.14149208562897017
73.13,73.13,82292.409853517,2.45,217,astribot_arm_left_joint_3,-0.37966581710815994,-0.3892488552011883,0.009583038093028351,0.009583038093028351,0.08921381208704164,0.09652183864683764,-0.07792427794605074,-0.3796658171081597,0.08921381208712736,-0.07792427791703814
73.13,73.13,82292.409853517,2.45,217,astribot_arm_left_joint_4,0.837978525622209,0.8450044929318318,-0.007025967309622794,-0.007025967309622794,-0.06540862300158448,-0.07076662691265151,0.05713150909999891,0.8379785256222093,-0.06540862300147782,0.05713150909822312
73.13,73.13,82292.409853517,2.45,217,astribot_arm_left_joint_5,-0.6864134941694177,-0.6565591765703074,-0.02985431759911028,-0.02985431759911028,-0.2779303859834862,-0.3006972938978041,0.24275977146333183,-0.6864134941694174,-0.277930385983343,0.24275977152378908
73.13,73.13,82292.409853517,2.45,217,astribot_arm_left_joint_6,-0.1591285351318329,-0.15220752633934634,-0.006921008792486555,-0.006921008792486555,-0.06443150603074259,-0.06970946856364267,0.056278041086418124,-0.15912853513183284,-0.06443150603071585,0.05627804109182634
73.13,73.13,82292.409853517,2.45,217,astribot_arm_left_joint_7,-0.6066641447421061,-0.5802783813392965,-0.026385763402809514,-0.026385763402809514,-0.24563969288858864,-0.2657614807492777,0.21455529417181016,-0.6066641447421061,-0.24563969288858647,0.21455529416885294
73.15,73.15,82292.429326058,2.47,219,astribot_arm_left_joint_1,0.0926000015991418,0.08866331160001352,0.003936689999128287,0.003936689999128287,0.0365534249208647,0.03966186258905554,-0.031472577714781166,0.09260000159914179,0.03655342492085714,-0.031472577718519926
73.15,73.15,82292.429326058,2.47,219,astribot_arm_left_joint_2,-0.9023271893045366,-0.8851823284691103,-0.017144860835426323,-0.017144860835426323,-0.15919551276626615,-0.17273321355047933,0.1370676799051216,-0.9023271893045364,-0.15919551276615443,0.13706767994586186
73.15,73.15,82292.429326058,2.47,219,astribot_arm_left_joint_3,-0.37789702301220435,-0.3873392535932162,0.009442230581011846,0.009442230581011846,0.08767412908512824,0.09512977971567484,-0.07548761430586096,-0.3778970230122043,0.0876741290851602,-0.07548761429326502
73.15,73.15,82292.429326058,2.47,219,astribot_arm_left_joint_4,0.8366817041605664,0.8436044360489731,-0.006922731888406641,-0.006922731888406641,-0.06427977823326496,-0.06974601524175156,0.0553450277631055,0.8366817041605662,-0.06427977823335815,0.05534502773779045
73.15,73.15,82292.429326058,2.47,219,astribot_arm_left_joint_5,-0.6919238699095981,-0.6625082140522097,-0.029415655857388368,-0.029415655857388368,-0.2731337667040714,-0.29636057218445544,0.23516876243664397,-0.6919238699095983,-0.27313376670415257,0.23516876240151216
73.15,73.15,82292.429326058,2.47,219,astribot_arm_left_joint_6,-0.16040598382273002,-0.15358666825299108,-0.006819315569738943,-0.006819315569738943,-0.06331952468717561,-0.06870410346024958,0.05451824736186371,-0.16040598382273002,-0.06331952468718076,0.054518247363487794
73.15,73.15,82292.429326058,2.47,219,astribot_arm_left_joint_7,-0.6115343103403353,-0.5855362437887136,-0.025998066551621735,-0.025998066551621735,-0.2414003576230995,-0.2619286109246069,0.20784622871812727,-0.6115343103403356,-0.241400357623109,0.20784622871936936
73.17,73.17,82292.450586021,2.49,221,astribot_arm_left_joint_1,0.0933248421995581,0.0894476796844501,0.0038771625151080014,0.0038771625151080014,0.035933774736446336,0.03906990844964581,-0.03059731055782789,0.09332484219955811,0.03593377473644697,-0.030597310557250002
73.17,73.17,82292.450586021,2.49,221,astribot_arm_left_joint_2,-0.9054839761530146,-0.8885983662187821,-0.016885609934232493,-0.016885609934232493,-0.1564968455671775,-0.1701551666794368,0.13325576343615364,-0.9054839761530147,-0.15649684556720278,0.13325576342169648
73.17,73.17,82292.450586021,2.49,221,astribot_arm_left_joint_3,-0.37615847816983555,-0.3854579308762317,0.00929945270639615,0.00929945270639615,0.08618788558339789,0.09370996573820418,-0.07338826830656611,-0.37615847816983555,0.08618788558340237,-0.07338826830304779
73.17,73.17,82292.450586021,2.49,221,astribot_arm_left_joint_4,0.8354070604534395,0.8422251123157932,-0.006818051862353736,-0.006818051862353736,-0.06319011354332178,-0.06870505448682035,0.053805856543980665,0.8354070604534393,-0.06319011354333486,0.053805856535105896
73.17,73.17,82292.450586021,2.49,221,astribot_arm_left_joint_5,-0.6973400092694652,-0.6683691534817708,-0.028970855787694316,-0.028970855787694316,-0.26850362905563474,-0.29193738436725547,0.2286286087294511,-0.6973400092694652,-0.2685036290556496,0.22862860871927504
73.17,73.17,82292.450586021,2.49,221,astribot_arm_left_joint_6,-0.16166158606497413,-0.15494538674236444,-0.006716199322609695,-0.006716199322609695,-0.06224613812397207,-0.06767869326078993,0.0530020693117506,-0.1616615860649742,-0.06224613812397259,0.05300206931091639
73.17,73.17,82292.450586021,2.49,221,astribot_arm_left_joint_7,-0.6163211881921127,-0.5907162436523462,-0.025604944539766472,-0.025604944539766472,-0.23730816170871788,-0.25801932085853674,0.20206592752373936,-0.6163211881921127,-0.23730816170871524,0.20206592752570657
73.19,73.19,82292.473209153,2.51,222,astribot_arm_left_joint_1,0.09403749355686228,0.09022012293278359,0.003817370624078692,0.003817370624078692,0.035334989135571065,0.03847269968027839,-0.029428093005145817,0.09403749355686215,0.035334989135535455,-0.029428093012749835
73.19,73.19,82292.473209153,2.51,222,astribot_arm_left_joint_2,-0.9085876770646294,-0.8919624695627999,-0.016625207501829498,-0.016625207501829498,-0.1538890466814627,-0.16755423512615997,0.12816365002305782,-0.9085876770646296,-0.15388904668159972,0.12816364997542554
73.19,73.19,82292.473209153,2.51,222,astribot_arm_left_joint_3,-0.3744491694736386,-0.38360521011985743,0.009156040646218833,0.009156040646218833,0.08475168620736358,0.09227754842445791,-0.07058387632896856,-0.374449169473639,0.08475168620722467,-0.07058387637065167
73.19,73.19,82292.473209153,2.51,222,astribot_arm_left_joint_4,0.8341538517239048,0.8408667585962786,-0.006712906872373803,-0.006712906872373803,-0.062137139554728736,-0.06765485338163443,0.05174976889211025,0.8341538517239045,-0.06213713955473458,0.05174976891449954
73.19,73.19,82292.473209153,2.51,222,astribot_arm_left_joint_5,-0.7026650684120417,-0.6741409883907887,-0.02852408002125295,-0.02852408002125295,-0.2640293953287456,-0.28747493300958293,0.21989200479720156,-0.702665068412041,-0.2640293953284735,0.2198920048909291
73.19,73.19,82292.473209153,2.51,222,astribot_arm_left_joint_6,-0.16289607353940008,-0.15628344848190984,-0.006612625057490246,-0.006612625057490246,-0.061208894152433725,-0.06664418074949481,0.05097669686577708,-0.16289607353940003,-0.061208894152408655,0.050976696877472694
73.19,73.19,82292.473209153,2.51,222,astribot_arm_left_joint_7,-0.6210275677690267,-0.5958174913961508,-0.025210076372875867,-0.025210076372875867,-0.23335375638247177,-0.2540753289947899,0.1943443656303921,-0.6210275677690266,-0.23335375638247008,0.19434436561838198
73.21,73.21,82292.492361482,2.5300000000000002,224,astribot_arm_left_joint_1,0.09473617787147406,0.09098064017335605,0.003755537698118011,0.003755537698118011,0.03436615939696878,0.03787801781523709,-0.055391396841273075,0.09473617787147404,0.03436615939695829,-0.0553913968451444
73.21,73.21,82292.492361482,2.5300000000000002,224,astribot_arm_left_joint_2,-0.9116305494621442,-0.895274633398422,-0.01635591606372222,-0.01635591606372222,-0.14966965144432248,-0.1649643086108145,0.24123763622173983,-0.9116305494621445,-0.1496696514443588,0.24123763621886257
73.21,73.21,82292.492361482,2.5300000000000002,224,astribot_arm_left_joint_3,-0.37277336101186875,-0.38178109413433853,0.009007733122469774,0.009007733122469774,0.08242792848145691,0.09085119194183303,-0.13285738581918705,-0.37277336101186864,0.08242792848149541,-0.13285738580524414
73.21,73.21,82292.492361482,2.5300000000000002,224,astribot_arm_left_joint_4,0.8329252042607558,0.8395293769508085,-0.006604172690052756,-0.006604172690052756,-0.06043343707361455,-0.06660909587781803,0.09740665093259986,0.8329252042607564,-0.06043343707332632,0.09740665103171178
73.21,73.21,82292.492361482,2.5300000000000002,224,astribot_arm_left_joint_5,-0.7078857632990514,-0.6798237100244242,-0.028062053274627186,-0.028062053274627186,-0.25679012523628153,-0.2830313631354622,0.41389448176886284,-0.7078857632990516,-0.25679012523639394,0.41389448173775856
73.21,73.21,82292.492361482,2.5300000000000002,224,astribot_arm_left_joint_6,-0.16410636665976827,-0.15760085144202735,-0.006505515217740926,-0.006505515217740926,-0.05953064269764263,-0.06561404545813039,0.09595152650731528,-0.16410636665976833,-0.059530642697660056,0.09595152650101839
73.21,73.21,82292.492361482,2.5300000000000002,224,astribot_arm_left_joint_7,-0.6256417084077803,-0.6008399792824487,-0.02480172912533163,-0.02480172912533163,-0.22695556398669303,-0.2501480249135109,0.3658071175716364,-0.6256417084077803,-0.22695556398669708,0.36580711757269463
73.23,73.23,82292.513261736,2.55,226,astribot_arm_left_joint_1,0.09541260750417667,0.09172828373466549,0.0036843237695111802,0.0036843237695111802,0.03328726071007051,0.0372089791489385,-0.052777155468412884,0.09541260750417667,0.033287260710070814,-0.052777155468424916
73.23,73.23,82292.513261736,2.55,226,astribot_arm_left_joint_2,-0.9145764994644073,-0.8985307304776106,-0.01604576898679677,-0.01604576898679677,-0.14497088983572842,-0.1620505473486116,0.22985223260245358,-0.9145764994644072,-0.1449708898357351,0.22985223259724513
73.23,73.23,82292.513261736,2.55,226,astribot_arm_left_joint_3,-0.3711509308548313,-0.3799878559289492,0.008836925074117874,0.008836925074117874,0.07984016815674634,0.08924648916726513,-0.12658707497942975,-0.37115093085483136,0.07984016815674407,-0.126587074981493
73.23,73.23,82292.513261736,2.55,226,astribot_arm_left_joint_4,0.8317356920091755,0.8382146338747728,-0.006478941865597276,-0.006478941865597276,-0.05853617659830915,-0.0654325807581187,0.0928094660412027,0.8317356920091756,-0.0585361765982926,0.09280946605140662
73.23,73.23,82292.513261736,2.55,226,astribot_arm_left_joint_5,-0.7129401671993805,-0.685410237210705,-0.027529929988675428,-0.027529929988675428,-0.24872840016192765,-0.2780321858660353,0.394360399892784,-0.7129401671993805,-0.24872840016193648,0.3943603998855815
73.23,73.23,82292.513261736,2.55,226,astribot_arm_left_joint_6,-0.16527810919606387,-0.15889595402252885,-0.00638215517353502,-0.00638215517353502,-0.057661724745723744,-0.06445510589401836,0.09142301729025089,-0.16527810919606387,-0.0576617247457214,0.09142301729189438
73.23,73.23,82292.513261736,2.55,226,astribot_arm_left_joint_7,-0.6301088781899504,-0.6057774488487042,-0.024331429341246213,-0.024331429341246213,-0.21983047162072403,-0.2457296653851452,0.3485425574186625,-0.6301088781899503,-0.21983047162072292,0.3485425574192015
73.25,73.25,82292.534378976,2.5700000000000003,227,astribot_arm_left_joint_1,0.09606810486648357,0.09246133358282455,0.0036067712836590216,0.0036067712836590216,0.032273549772929296,0.03646174712034108,-0.04867476995345179,0.09606810486648361,0.032273549772944575,-0.048674769948246314
73.25,73.25,82292.534378976,2.5700000000000003,227,astribot_arm_left_joint_2,-0.9174312863670093,-0.9017232698011718,-0.015708016565837535,-0.015708016565837535,-0.140556030413314,-0.15879624255516336,0.21198574353346233,-0.9174312863670095,-0.14055603041334505,0.21198574353738972
73.25,73.25,82292.534378976,2.5700000000000003,227,astribot_arm_left_joint_3,-0.3695787071717615,-0.37822962103975993,0.008650913867998433,0.008650913867998433,0.07740876196849769,0.08745423803155576,-0.11674742030734862,-0.3695787071717616,0.07740876196842988,-0.11674742032719981
73.25,73.25,82292.534378976,2.5700000000000003,227,astribot_arm_left_joint_4,0.8305829894875142,0.8369255540750782,-0.0063425645875639924,-0.0063425645875639924,-0.056753549816306516,-0.06411856136904005,0.08559535601334747,0.8305829894875137,-0.05675354981647228,0.08559535596481517
73.25,73.25,82292.534378976,2.5700000000000003,227,astribot_arm_left_joint_5,-0.7178381614097499,-0.6908877175470056,-0.026950443862744256,-0.026950443862744256,-0.24115376968060445,-0.2724487337272944,0.3637066372470802,-0.7178381614097498,-0.24115376968049912,0.36370663729084235
73.25,73.25,82292.534378976,2.5700000000000003,227,astribot_arm_left_joint_6,-0.16641359189036242,-0.16016577670156595,-0.006247815188796468,-0.006247815188796468,-0.05590572801356763,-0.0631607161896235,0.08431667632729677,-0.16641359189036248,-0.055905728013597965,0.08431667631857216
73.25,73.25,82292.534378976,2.5700000000000003,227,astribot_arm_left_joint_7,-0.6344378103768652,-0.610618540918688,-0.02381926945817725,-0.02381926945817725,-0.21313588189928778,-0.24079491359922203,0.32145023075330825,-0.6344378103768659,-0.213135881899545,0.32145023067219447
73.27,73.27,82292.555206637,2.59,229,astribot_arm_left_joint_1,0.09670394129594138,0.09317865035041,0.0035252909455313897,0.0035252909455313897,0.031319106783776564,0.035663963921999095,-0.04667422056590341,0.09670394129594137,0.03131910678377816,-0.046674220565056296
73.27,73.27,82292.555206637,2.59,229,astribot_arm_left_joint_2,-0.9202004470309442,-0.9048472892573102,-0.015353157773633996,-0.015353157773633996,-0.13639929157434025,-0.1553217800225873,0.20327305833093387,-0.9202004470309442,-0.13639929157435537,0.20327305832303666
73.27,73.27,82292.555206637,2.59,229,astribot_arm_left_joint_3,-0.3680536406338372,-0.3765091222625815,0.008455481628744266,0.008455481628744266,0.07511951115218649,0.08554073889266126,-0.11194906216273673,-0.36805364063383733,0.07511951115218705,-0.11194906216377104
73.27,73.27,82292.555206637,2.59,229,astribot_arm_left_joint_4,0.8294648610285051,0.8356641411474317,-0.0061992801189265645,-0.0061992801189265645,-0.05507514666236789,-0.06271564694516026,0.08207735810852466,0.8294648610285051,-0.055075146662378456,0.08207735810379864
73.27,73.27,82292.555206637,2.59,229,astribot_arm_left_joint_5,-0.722589245593011,-0.6962476374749872,-0.026341608118023774,-0.026341608118023774,-0.23402199996807554,-0.26648755415446834,0.34875817242124857,-0.7225892455930109,-0.23402199996808234,0.34875817241627005
73.27,73.27,82292.555206637,2.59,229,astribot_arm_left_joint_6,-0.16751501701206387,-0.16140834581446084,-0.006106671197603025,-0.006106671197603025,-0.05425239794819412,-0.06177875942283959,0.08085123261898389,-0.16751501701206387,-0.05425239794819219,0.08085123262037709
73.27,73.27,82292.555206637,2.59,229,astribot_arm_left_joint_7,-0.6386369009352262,-0.6153557310619622,-0.023281169873264007,-0.023281169873264007,-0.20683270020275915,-0.23552631975937033,0.30823851829561105,-0.6386369009352261,-0.20683270020275937,0.30823851829647203
73.29,73.29,82292.574486891,2.61,230,astribot_arm_left_joint_1,0.09732156555801164,0.09387954576865452,0.003442019789357112,0.003442019789357112,0.03038173087575337,0.03483663236977002,-0.08030117917815016,0.09732156555801164,0.030381730875763596,-0.08030117917369524
73.29,73.29,82292.574486891,2.61,230,astribot_arm_left_joint_2,-0.9228902910417309,-0.9078997913348643,-0.014990499706866611,-0.014990499706866611,-0.13231688237055156,-0.15171863008630299,0.3497233821980663,-0.9228902910417304,-0.13231688237046432,0.3497233822006973
73.29,73.29,82292.574486891,2.61,230,astribot_arm_left_joint_3,-0.36657225634779256,-0.37482801042397235,0.008255754076179789,0.008255754076179789,0.07287119607526732,0.08355636742924943,-0.19260400261865157,-0.3665722563477925,0.07287119607532372,-0.19260400260205274
73.29,73.29,82292.574486891,2.61,230,astribot_arm_left_joint_4,0.8283787589550777,0.8344316054233901,-0.0060528464683123895,-0.0060528464683123895,-0.05342675624140233,-0.061260771271704796,0.1412108988916651,0.8283787589550774,-0.05342675624154119,0.14121089885183868
73.29,73.29,82292.574486891,2.61,230,astribot_arm_left_joint_5,-0.7272042451853161,-0.7014848541266125,-0.025719391058703578,-0.025719391058703578,-0.22701775855639408,-0.26030558396579623,0.6000248563522763,-0.7272042451853158,-0.2270177585562939,0.6000248563845118
73.29,73.29,82292.574486891,2.61,230,astribot_arm_left_joint_6,-0.16858489417936703,-0.16262246911038436,-0.005962425068982674,-0.005962425068982674,-0.05262863226608756,-0.06034561763774684,0.13910139771057273,-0.1685848941793671,-0.052628632266126414,0.13910139769780827
73.29,73.29,82292.574486891,2.61,230,astribot_arm_left_joint_7,-0.6427157175731548,-0.6199844739226071,-0.022731243650547683,-0.022731243650547683,-0.20064223022877736,-0.2300625873459654,0.5303123691259204,-0.6427157175731546,-0.20064223022870523,0.530312369144869
73.31,73.31,82292.596106611,2.63,232,astribot_arm_left_joint_1,0.097915757026094,0.09456355421721842,0.003352202808875576,0.003352202808875576,0.029091313330374347,0.03398064696402571,-0.06072264924844679,0.097915757026094,0.029091313330375,-0.060722649247943135
73.31,73.31,82292.596106611,2.63,232,astribot_arm_left_joint_2,-0.9254780818068215,-0.9108787481891398,-0.01459933361768162,-0.01459933361768162,-0.12669692519092618,-0.14799068842624688,0.2644560203159723,-0.9254780818068215,-0.12669692519092748,0.2644560203161132
73.31,73.31,82292.596106611,2.63,232,astribot_arm_left_joint_3,-0.36514707609213254,-0.3731874023237369,0.008040326231604389,0.008040326231604389,0.06977610348979585,0.08150326911854372,-0.14564450253594244,-0.3651470760921326,0.06977610348979699,-0.14564450253490305
73.31,73.31,82292.596106611,2.63,232,astribot_arm_left_joint_4,0.8273338638220169,0.8332287657037156,-0.005894901881698722,-0.005894901881698722,-0.051157536494672924,-0.05975550734176896,0.1067817430463555,0.8273338638220169,-0.05115753649467369,0.10678174304680563
73.31,73.31,82292.596106611,2.63,232,astribot_arm_left_joint_5,-0.7316441507255541,-0.7065958883029393,-0.02504826242261482,-0.02504826242261482,-0.21737552652041184,-0.2539095070289013,0.4537305587433978,-0.7316441507255541,-0.21737552652041095,0.45373055874370777
73.31,73.31,82292.596106611,2.63,232,astribot_arm_left_joint_6,-0.16961417998264305,-0.16380734002035774,-0.005806839962285315,-0.005806839962285315,-0.05039331161425993,-0.05886284032903918,0.10518656723445428,-0.16961417998264305,-0.050393311614259785,0.10518656723471277
73.31,73.31,82292.596106611,2.63,232,astribot_arm_left_joint_7,-0.6466397830527161,-0.6245016945242877,-0.022138088528428357,-0.022138088528428357,-0.19212025841307825,-0.22440962367707584,0.40101493296781726,-0.6466397830527161,-0.19212025841308353,0.40101493296405744
73.33,73.33,82292.618667291,2.65,233,astribot_arm_left_joint_1,0.09848590043261032,0.09522926695137063,0.0032566334812396958,0.0032566334812396958,0.027938039362944173,0.0330492453280199,-0.05516948994351877,0.09848590043261028,0.027938039362939454,-0.05516948994512079
73.33,73.33,82292.618667291,2.65,233,astribot_arm_left_joint_2,-0.9279611397459102,-0.9137780245307452,-0.01418311521516502,-0.01418311521516502,-0.12167424835553908,-0.1439342980511383,0.2402711991973561,-0.92796113974591,-0.1216742483554837,0.24027119920695533
73.33,73.33,82292.618667291,2.65,233,astribot_arm_left_joint_3,-0.36377957559858937,-0.37159067686461195,0.00781110126602258,0.00781110126602258,0.0670099525501793,0.07926928345402881,-0.13232513761014114,-0.3637795755985894,0.06700995255016129,-0.13232513761652873
73.33,73.33,82292.618667291,2.65,233,astribot_arm_left_joint_4,0.8263312575871311,0.8320580992883921,-0.005726841701261032,-0.005726841701261032,-0.049129485907608725,-0.05811762277323694,0.09701642422655951,0.826331257587131,-0.049129485907629514,0.09701642422277594
73.33,73.33,82292.618667291,2.65,233,astribot_arm_left_joint_5,-0.7359043648236993,-0.7115702136098974,-0.02433415121380189,-0.02433415121380189,-0.20875805597013342,-0.2469499064527193,0.4122363534510747,-0.7359043648236993,-0.2087580559701176,0.4122363534601045
73.33,73.33,82292.618667291,2.65,233,astribot_arm_left_joint_6,-0.17060180862708077,-0.16496051825193062,-0.005641290375150154,-0.005641290375150154,-0.04839555737889953,-0.057249423555932925,0.09556712916184461,-0.17060180862708077,-0.048395557378908674,0.09556712915747181
73.33,73.33,82292.618667291,2.65,233,astribot_arm_left_joint_7,-0.6504050341209123,-0.6288980894574567,-0.021506944663455596,-0.021506944663455596,-0.1845039885620578,-0.21825860804743688,0.3643416350580137,-0.6504050341209123,-0.18450398856205494,0.3643416350578243
73.35,73.35,82292.638138774,2.67,234,astribot_arm_left_joint_1,0.09903419649073694,0.09587569756500258,0.00315849892573436,0.00315849892573436,0.026815683541049993,0.032076726552848905,-0.08004857131602641,0.09903419649073697,0.026815683541060908,-0.08004857131458319
73.35,73.35,82292.638138774,2.67,234,astribot_arm_left_joint_2,-0.930349049286811,-0.9165933244167876,-0.0137557248700233,-0.0137557248700233,-0.11678622456668142,-0.13969883652010187,0.34862323805848594,-0.9303490492868114,-0.11678622456683665,0.34862323802107187
73.35,73.35,82292.638138774,2.67,234,astribot_arm_left_joint_3,-0.36246447641209295,-0.3700401999615998,0.007575723549506863,0.007575723549506863,0.06431795940801273,0.07693667749950388,-0.1919981175578404,-0.3624644764120928,0.06431795940807651,-0.19199811754266488
73.35,73.35,82292.638138774,2.67,234,astribot_arm_left_joint_4,0.8253670702613485,0.8309213407882255,-0.00555427052687707,-0.00555427052687707,-0.047155805370647466,-0.05640743306247634,0.14076668392066405,0.825367070261349,-0.047155805370570576,0.14076668391971064
73.35,73.35,82292.638138774,2.67,234,astribot_arm_left_joint_5,-0.7400013316044977,-0.7164004594436093,-0.023600872160888353,-0.023600872160888353,-0.2003716113652404,-0.23968307121601046,0.5981373250705389,-0.7400013316044979,-0.20037161136539455,0.5981373250191392
73.35,73.35,82292.638138774,2.67,234,astribot_arm_left_joint_6,-0.17155159228931233,-0.16608029510705322,-0.0054712971822591105,-0.0054712971822591105,-0.0464513609780492,-0.055564781782314644,0.13866381873120764,-0.17155159228931224,-0.04645136097802335,0.13866381873951897
73.35,73.35,82292.638138774,2.67,234,astribot_arm_left_joint_7,-0.6540260043802436,-0.6331671444546415,-0.020858859925602102,-0.020858859925602102,-0.17709190344642498,-0.21183605309909467,0.5286441362065986,-0.6540260043802435,-0.17709190344641212,0.5286441362041107
73.37,73.37,82292.66195382,2.69,236,astribot_arm_left_joint_1,0.09955692137193115,0.0965022725418076,0.0030546488301235464,0.0030546488301235464,0.02550723256098904,0.031072508425731386,-0.05530436744158914,0.09955692137193115,0.025507232560988947,-0.05530436744172963
73.37,73.37,82292.66195382,2.69,236,astribot_arm_left_joint_2,-0.9326255926114793,-0.9193221500998552,-0.013303442511624075,-0.013303442511624075,-0.111087729141223,-0.13532531967413008,0.24085861043489684,-0.9326255926114793,-0.11108772914122313,0.24085861043460582
73.37,73.37,82292.66195382,2.69,236,astribot_arm_left_joint_3,-0.3612107102107295,-0.36853734720516257,0.007326636994433089,0.007326636994433089,0.061179613264675164,0.07452804000809336,-0.13264864402008414,-0.3612107102107294,0.061179613264675047,-0.13264864402019505
73.37,73.37,82292.66195382,2.69,236,astribot_arm_left_joint_4,0.8244478502563023,0.8298194987407487,-0.0053716484844463785,-0.0053716484844463785,-0.044854873542415685,-0.054641499537891054,0.09725360844449328,0.8244478502563023,-0.044854873542416435,0.09725360844308518
73.37,73.37,82292.66195382,2.69,236,astribot_arm_left_joint_5,-0.743907225951188,-0.7210823403870616,-0.022824885564126318,-0.022824885564126318,-0.19059463026147502,-0.2321793727189516,0.4132441823778703,-0.743907225951188,-0.19059463026147475,0.41324418237831967
73.37,73.37,82292.66195382,2.69,236,astribot_arm_left_joint_6,-0.1724570803821802,-0.16716567711438837,-0.005291403267791817,-0.005291403267791817,-0.04418480198077402,-0.053825228932560414,0.09580077016351948,-0.1724570803821802,-0.04418480198077403,0.09580077016345903
73.37,73.37,82292.66195382,2.69,236,astribot_arm_left_joint_7,-0.6574781015101834,-0.6373050719900005,-0.02017302952018285,-0.02017302952018285,-0.1684508380686652,-0.20520415429538272,0.3652323717244719,-0.6574781015101834,-0.16845083806866465,0.3652323717253307
73.39,73.39,82292.681538629,2.71,237,astribot_arm_left_joint_1,0.10005440220843323,0.0971078861495053,0.0029465160589279282,0.0029465160589279282,0.024151735074830667,0.030014872471515158,-0.0704113476703179,0.10005440220843323,0.0241517350748313,-0.07041134766998255
73.39,73.39,82292.681538629,2.71,237,astribot_arm_left_joint_2,-0.9347921944286759,-0.9219596859541098,-0.012832508474566073,-0.012832508474566073,-0.10518433929937629,-0.1307191603768856,0.30665171926581664,-0.9347921944286759,-0.105184339299383,0.30665171926250356
73.39,73.39,82292.681538629,2.71,237,astribot_arm_left_joint_3,-0.3600174923612034,-0.3670847707165434,0.00706727835533999,0.00706727835533999,0.05792842512476366,0.07199127877784137,-0.16888304168427676,-0.3600174923612034,0.057928425124760145,-0.16888304168617405
73.39,73.39,82292.681538629,2.71,237,astribot_arm_left_joint_4,0.8235730223047507,0.8287545175937382,-0.005181495288987481,-0.005181495288987481,-0.04247120968617731,-0.05278162991601285,0.12381947308392884,0.8235730223047508,-0.04247120968616491,0.12381947308984935
73.39,73.39,82292.681538629,2.71,237,astribot_arm_left_joint_5,-0.7476244922547186,-0.7256075942097338,-0.022016898044984856,-0.022016898044984856,-0.18046610920074957,-0.22427652660833772,0.526126256282313,-0.7476244922547186,-0.18046610920075123,0.5261262562808391
73.39,73.39,82292.681538629,2.71,237,astribot_arm_left_joint_6,-0.17331883957920466,-0.16821474887359744,-0.005104090705607217,-0.005104090705607217,-0.041836746860795276,-0.0519931432646325,0.12196977647628074,-0.17331883957920466,-0.041836746860794846,0.12196977647664621
73.39,73.39,82292.681538629,2.71,237,astribot_arm_left_joint_7,-0.6607634859058251,-0.6413045697609789,-0.019458916144846183,-0.019458916144846183,-0.15949907558334933,-0.19821948191181984,0.4649995053880132,-0.660763485905825,-0.15949907558335719,0.4649995053848073
73.41,73.41,82292.701744911,2.73,238,astribot_arm_left_joint_1,0.10052430387925,0.09769153566191516,0.002832768217334844,0.002832768217334844,0.022890104714743235,0.02889979065505606,-0.059030920547070716,0.10052430387925,0.022890104714740837,-0.059030920547900115
73.41,73.41,82292.701744911,2.73,238,astribot_arm_left_joint_2,-0.9368386849448811,-0.9245015649603493,-0.012337119984531797,-0.012337119984531797,-0.0996897545230007,-0.12586281594604837,0.25708829434673,-0.936838684944881,-0.09968975452297697,0.2570882943529185
73.41,73.41,82292.701744911,2.73,238,astribot_arm_left_joint_3,-0.35889042369845225,-0.36568487555477014,0.006794451856317885,0.006794451856317885,0.05490237918548264,0.06931673248496825,-0.1415868570292676,-0.35889042369845225,0.05490237918548646,-0.1415868570273894
73.41,73.41,82292.701744911,2.73,238,astribot_arm_left_joint_4,0.8227466927540454,0.8277281606571073,-0.004981467903061865,-0.004981467903061865,-0.04025261266180942,-0.050820740833082,0.10380681126634403,0.8227466927540454,-0.04025261266182211,0.10380681126154248
73.41,73.41,82292.701744911,2.73,238,astribot_arm_left_joint_5,-0.751135682070957,-0.7299687283612191,-0.02116695370973798,-0.02116695370973798,-0.17103898019205233,-0.21594443468088742,0.44108965756186247,-0.751135682070957,-0.17103898019203748,0.44108965756654783
73.41,73.41,82292.701744911,2.73,238,astribot_arm_left_joint_6,-0.1741328248763485,-0.16922577341624873,-0.004907051460099787,-0.004907051460099787,-0.03965129269597307,-0.05006154723069375,0.10225607693439225,-0.17413282487634849,-0.03965129269597295,0.10225607693476066
73.41,73.41,82292.701744911,2.73,238,astribot_arm_left_joint_7,-0.6638667363297858,-0.6451590157216489,-0.018707720608136857,-0.018707720608136857,-0.1511672155518391,-0.19085543463462457,0.38984268538123756,-0.6638667363297858,-0.15116721555183796,0.38984268538138583
73.43,73.43,82292.723309108,2.75,239,astribot_arm_left_joint_1,0.10096823671092167,0.09825231210074802,0.002715924610173656,0.002715924610173656,0.02152635539027357,0.027749961713743766,-0.06583761691401917,0.10096823671092167,0.021526355390275483,-0.06583761691342076
73.43,73.43,82292.723309108,2.75,239,astribot_arm_left_joint_2,-0.9387720773677447,-0.9269438283851592,-0.011828248982585499,-0.011828248982585499,-0.09375042671818858,-0.12085514270347152,0.28673245274014963,-0.9387720773677446,-0.09375042671817743,0.2867324527466166
73.43,73.43,82292.723309108,2.75,239,astribot_arm_left_joint_3,-0.3578256418216953,-0.3643398419226547,0.0065142001009593775,0.0065142001009593775,0.05163139884447075,0.066558844510253,-0.15791285594627766,-0.3578256418216953,0.05163139884446846,-0.15791285594785515
73.43,73.43,82292.723309108,2.75,239,astribot_arm_left_joint_4,0.8219660298193916,0.826742026383612,-0.004775996564220453,-0.004775996564220453,-0.03785443781684088,-0.048798748379242696,0.11577649492121156,0.8219660298193915,-0.037854437816852646,0.11577649491877219
73.43,73.43,82292.723309108,2.75,239,astribot_arm_left_joint_5,-0.754452828049498,-0.7341589507922304,-0.020293877257267612,-0.020293877257267612,-0.16084879991102194,-0.20735270598576203,0.4919505172845987,-0.754452828049498,-0.16084879991102385,0.4919505172865013
73.43,73.43,82292.723309108,2.75,239,astribot_arm_left_joint_6,-0.1749018257553453,-0.1701971761683234,-0.0047046495870219085,-0.0047046495870219085,-0.037288943361956414,-0.0480697606281539,0.11404694959708125,-0.17490182575534532,-0.03728894336196027,0.11404694959562163
73.43,73.43,82292.723309108,2.75,239,astribot_arm_left_joint_7,-0.6667984874463556,-0.6488624069411141,-0.017936080505241536,-0.017936080505241536,-0.14216095757881325,-0.18326191588150606,0.434794394842695,-0.6667984874463556,-0.14216095757880715,0.4347943948452578
73.45,73.45,82292.744534073,2.77,240,astribot_arm_left_joint_1,0.101384285671141,0.09878950225858857,0.002594783412552426,0.002594783412552426,0.02011366504250672,0.026559769686532498,-0.0667605021428694,0.10138428567114098,0.020113665042506453,-0.06676050214318263
73.45,73.45,82292.744534073,2.77,240,astribot_arm_left_joint_2,-0.9405840314514274,-0.9292833701059111,-0.011300661345516327,-0.011300661345516327,-0.0875979535975339,-0.11567168231721782,0.2907517529284225,-0.9405840314514275,-0.08759795359754269,0.29075175292643
73.45,73.45,82292.744534073,2.77,240,astribot_arm_left_joint_3,-0.35682773997465933,-0.36305138046261026,0.006223640487950932,0.006223640487950932,0.04824303246905924,0.06370414485753538,-0.1601264148416077,-0.3568277399746592,0.04824303246906374,-0.16012641483982984
73.45,73.45,82292.744534073,2.77,240,astribot_arm_left_joint_4,0.8212344011155144,0.8257973689598194,-0.004562967844304988,-0.004562967844304988,-0.035370199405155886,-0.046705776797850866,0.11739940325596522,0.8212344011155143,-0.03537019940517008,0.11739940325157852
73.45,73.45,82292.744534073,2.77,240,astribot_arm_left_joint_5,-0.7575616207244411,-0.738172932288656,-0.019388688435785117,-0.019388688435785117,-0.15029292349975765,-0.1984593770516779,0.4988464817482967,-0.7575616207244412,-0.1502929234997759,0.4988464817427077
73.45,73.45,82292.744534073,2.77,240,astribot_arm_left_joint_6,-0.1756225249091106,-0.17112772167911708,-0.004494803229993516,-0.004494803229993516,-0.03484181613532139,-0.04600805523085825,0.11564561385716929,-0.1756225249091106,-0.03484181613531861,0.1156456138578969
73.45,73.45,82292.744534073,2.77,240,astribot_arm_left_joint_7,-0.6695460923015263,-0.6524100333675636,-0.01713605893396264,-0.01713605893396264,-0.13283149102677083,-0.17540183760914724,0.44088916776828335,-0.6695460923015263,-0.13283149102676944,0.4408891677684039
73.48,73.48,82292.776694591,2.8,241,astribot_arm_left_joint_1,0.10195658789028106,0.0995492822434867,0.0024073056467943527,0.0024073056467943527,0.01799219372719424,0.02470142593592963,-0.09641929553498488,0.10195658789028111,0.017992193727209047,-0.09641929553254107
73.48,73.48,82292.776694591,2.8,241,astribot_arm_left_joint_2,-0.9430764913352959,-0.9325923230852649,-0.010484168250031067,-0.010484168250031067,-0.07835863567899458,-0.10757832343463711,0.4199201367872838,-0.9430764913352956,-0.07835863567894251,0.41992013678854534
73.48,73.48,82292.776694591,2.8,241,astribot_arm_left_joint_3,-0.3554550615253687,-0.3612290327997452,0.00577397127437651,0.00577397127437651,0.04315464060566506,0.05924686978071808,-0.23126363072462897,-0.3554550615253688,0.04315464060563222,-0.23126363073016418
73.48,73.48,82292.776694591,2.8,241,astribot_arm_left_joint_4,0.8202279985743438,0.8244612837901476,-0.004233285215803795,-0.004233285215803795,-0.0316395584060783,-0.04343784979987063,0.16955486240411288,0.8202279985743449,-0.03163955840583736,0.16955486244226892
73.48,73.48,82292.776694591,2.8,241,astribot_arm_left_joint_5,-0.7618379658588664,-0.7438501450153442,-0.01798782084352224,-0.01798782084352224,-0.13444090819465646,-0.18457349824469652,0.7204623213446328,-0.761837965858866,-0.13444090819459473,0.7204623213492843
73.48,73.48,82292.776694591,2.8,241,astribot_arm_left_joint_6,-0.17661389314811504,-0.1724438475310537,-0.00417004561706133,-0.00417004561706133,-0.031166905901528163,-0.04278894667267356,0.16702194054057123,-0.17661389314811496,-0.031166905901516263,0.16702194054341313
73.48,73.48,82292.776694591,2.8,241,astribot_arm_left_joint_7,-0.6733256002592087,-0.6574276523864132,-0.015897947872795526,-0.015897947872795526,-0.11882120511488412,-0.1631292572163123,0.6367570883911369,-0.6733256002592086,-0.11882120511487389,0.6367570883904871
73.5,73.5,82292.796165356,2.8200000000000003,242,astribot_arm_left_joint_1,0.10230014420464366,0.10002421240993985,0.0022759317947038116,0.0022759317947038116,0.016437512795534428,0.023419960182566292,-0.08362689845486623,0.10230014420464364,0.016437512795526698,-0.08362689845614066
73.5,73.5,82292.796165356,2.8200000000000003,242,astribot_arm_left_joint_2,-0.9445727293416494,-0.9346607134357757,-0.00991201590587365,-0.00991201590587365,-0.07158777279416767,-0.10199735261884195,0.36420737618462595,-0.9445727293416497,-0.07158777279419874,0.3642073761787631
73.5,73.5,82292.796165356,2.8200000000000003,242,astribot_arm_left_joint_3,-0.35463103475582114,-0.36008990318845835,0.0054588684326372094,0.0054588684326372094,0.039425706942476865,0.05617324824947926,-0.20058080757689423,-0.3546310347558211,0.03942570694248913,-0.20058080757438518
73.5,73.5,82292.796165356,2.8200000000000003,242,astribot_arm_left_joint_4,0.8196238493394729,0.8236261115499705,-0.004002262210497598,-0.004002262210497598,-0.028905627297339014,-0.041184371921469065,0.1470592290315551,0.8196238493394726,-0.028905627297369615,0.14705922902569848
73.5,73.5,82292.796165356,2.8200000000000003,242,astribot_arm_left_joint_5,-0.7644050804430668,-0.7473989086559737,-0.017006171787093072,-0.017006171787093072,-0.12282405259723107,-0.17499815560909754,0.6248752291417299,-0.764405080443067,-0.12282405259726954,0.6248752291355529
73.5,73.5,82292.796165356,2.8200000000000003,242,astribot_arm_left_joint_6,-0.17720901720491167,-0.17326654341981063,-0.003942473785101042,-0.003942473785101042,-0.028473816051585787,-0.040569132726851226,0.14486236167568087,-0.1772090172049117,-0.02847381605159319,0.1448623616739576
73.5,73.5,82292.796165356,2.8200000000000003,242,astribot_arm_left_joint_7,-0.6755944606281165,-0.6605641112076436,-0.015030349420472877,-0.015030349420472877,-0.10855402676673526,-0.1546664034122541,0.5522755593473072,-0.6755944606281167,-0.10855402676673605,0.5522755593473635
73.52,73.52,82292.81639705,2.84,243,astribot_arm_left_joint_1,0.10261194975245026,0.10047263021138879,0.002139319541061474,0.002139319541061474,0.014880887397878392,0.022082462203306914,-0.0618530513078118,0.10261194975245026,0.014880887397879296,-0.06185305130758274
73.52,73.52,82292.81639705,2.84,243,astribot_arm_left_joint_2,-0.9459306881149758,-0.9366136385583078,-0.009317049556668011,-0.009317049556668011,-0.06480844147571385,-0.09617235326256393,0.26937908665125987,-0.9459306881149758,-0.06480844147572352,0.26937908664902155
73.52,73.52,82292.81639705,2.84,243,astribot_arm_left_joint_3,-0.3538831628421206,-0.3590143640209363,0.005131201178815659,0.005131201178815659,0.035692109438397124,0.05296523229099639,-0.14835579474082153,-0.3538831628421206,0.03569210943839542,-0.14835579474138114
73.52,73.52,82292.81639705,2.84,243,astribot_arm_left_joint_4,0.8190755343318273,0.822837561724702,-0.0037620273928746784,-0.0037620273928746784,-0.02616827681462242,-0.0388323604839669,0.1087695730202218,0.8190755343318273,-0.026168276814616524,0.10876957302159761
73.52,73.52,82292.81639705,2.84,243,astribot_arm_left_joint_5,-0.76673494758783,-0.7507495671358889,-0.01598538045194109,-0.01598538045194109,-0.11119266760045714,-0.16500413010180953,0.4621771262831462,-0.7667349475878299,-0.11119266760045088,0.4621771262846922
73.52,73.52,82292.81639705,2.84,243,astribot_arm_left_joint_6,-0.17774914112283968,-0.1740433133699129,-0.0037058277529267714,-0.0037058277529267714,-0.025777357908247436,-0.038252257180950516,0.10714470169939522,-0.17774914112283968,-0.025777357908245896,0.10714470169977708
73.52,73.52,82292.81639705,2.84,243,astribot_arm_left_joint_7,-0.6776536375975074,-0.663525481253803,-0.014128156343704457,-0.014128156343704457,-0.0982740070834646,-0.14583351042858908,0.4084801557733082,-0.6776536375975073,-0.09827400708346214,0.40848015577382807
73.54,73.54,82292.837430008,2.8600000000000003,243,astribot_arm_left_joint_1,0.10289317753487032,0.10089362142069148,0.0019995561141788326,0.0019995561141788326,0.013118163806119538,0.020705925525415572,-0.08493665607635992,0.1028931775348704,0.013118163806127136,-0.08493665607629056
73.54,73.54,82292.837430008,2.8600000000000003,243,astribot_arm_left_joint_2,-0.9471554762469597,-0.9384471168599231,-0.008708359387036624,-0.008708359387036624,-0.05713152237266768,-0.09017733466296615,0.36991156221692867,-0.9471554762469606,-0.057131522372755504,0.36991156221268534
73.54,73.54,82292.837430008,2.8600000000000003,243,astribot_arm_left_joint_3,-0.3532086323172345,-0.358004608089471,0.004795975772236505,0.004795975772236505,0.0314641812467894,0.049663581224181075,-0.2037222877145063,-0.3532086323172348,0.03146418124673335,-0.20372228772036433
73.54,73.54,82292.837430008,2.8600000000000003,243,astribot_arm_left_joint_4,0.8185809908102231,0.8220972419972891,-0.0035162511870659996,-0.0035162511870659996,-0.023068499384547986,-0.03641169887496672,0.1493624585930745,0.8185809908102238,-0.023068499384463242,0.14936245860088
73.54,73.54,82292.837430008,2.8600000000000003,243,astribot_arm_left_joint_5,-0.7688363321689082,-0.7538952891854284,-0.014941042983479869,-0.014941042983479869,-0.0980212798217743,-0.15471840041559173,0.6346619736869412,-0.7688363321689077,-0.09802127982171413,0.6346619736892772
73.54,73.54,82292.837430008,2.8600000000000003,243,astribot_arm_left_joint_6,-0.1782362968285016,-0.17477257371503707,-0.0034637231134645174,-0.0034637231134645174,-0.022723886989290287,-0.035867757004884065,0.14713118409263348,-0.17823629682850142,-0.022723886989275403,0.1471311840932104
73.54,73.54,82292.837430008,2.8600000000000003,243,astribot_arm_left_joint_7,-0.6795108777165051,-0.6663057249303483,-0.013205152786156749,-0.013205152786156749,-0.08663290624651136,-0.1367428042350516,0.5609252538328828,-0.6795108777165049,-0.08663290624650986,0.5609252538310769
73.56,73.56,82292.859815958,2.88,244,astribot_arm_left_joint_1,0.10312808098487483,0.10128598223718253,0.0018420987476922973,0.0018420987476922973,0.010824033546244689,0.01924052051312926,0.031450780139811896,0.1031280809848748,0.010824033546239661,0.031450780139189775
73.56,73.56,82292.859815958,2.88,244,astribot_arm_left_joint_2,-0.948178515134697,-0.9401559056126145,-0.008022609522082447,-0.008022609522082447,-0.04714024949298026,-0.08379528146686345,-0.13697274830028228,-0.948178515134697,-0.047140249492973595,-0.13697274829899087
73.56,73.56,82292.859815958,2.88,244,astribot_arm_left_joint_3,-0.3526452116407094,-0.3570635227343127,0.0044183110936033,0.0044183110936033,0.02596166341210171,0.04614877765964121,0.07543533235729782,-0.35264521164070933,0.025961663412112146,0.07543533235864358
73.56,73.56,82292.859815958,2.88,244,astribot_arm_left_joint_4,0.8181679093628568,0.8214072692703219,-0.003239359907465156,-0.003239359907465156,-0.01903423488903091,-0.03383476088856912,-0.055306696346242745,0.8181679093628568,-0.01903423488905096,-0.05530669634902002
73.56,73.56,82292.859815958,2.88,244,astribot_arm_left_joint_5,-0.770591573004764,-0.7568270797894453,-0.013764493215318696,-0.013764493215318696,-0.08087912582248007,-0.14376863054787783,-0.23500588696853209,-0.7705915730047639,-0.08087912582247536,-0.23500588696674188
73.56,73.56,82292.859815958,2.88,244,astribot_arm_left_joint_6,-0.17864320739389605,-0.17545223917627356,-0.003190968217622492,-0.003190968217622492,-0.01874988898659766,-0.033329315010594274,-0.05448048859386323,-0.17864320739389605,-0.01874988898659762,-0.05448048859349538
73.56,73.56,82292.859815958,2.88,244,astribot_arm_left_joint_7,-0.6810621899932814,-0.6688968922869706,-0.012165297706310807,-0.012165297706310807,-0.07148237339302926,-0.12706520781838204,-0.20770227658774498,-0.6810621899932814,-0.07148237339302553,-0.2077022765873786
73.58,73.58,82292.88001522,2.9,245,astribot_arm_left_joint_1,0.10336966239341211,0.10164730079526953,0.0017223615981425827,0.0017223615981425827,0.01351229346566317,0.01771086833772599,0.17148162904394076,0.10336966239341211,0.013512293465663289,0.17148162904402242
73.58,73.58,82292.88001522,2.9,245,astribot_arm_left_joint_2,-0.9492306375087328,-0.9417295007889136,-0.007501136719819224,-0.007501136719819224,-0.0588480146954876,-0.0771334224771677,-0.7468275797615692,-0.9492306375087328,-0.05884801469548667,-0.7468275797610588
73.58,73.58,82292.88001522,2.9,245,astribot_arm_left_joint_3,-0.3520657737455591,-0.35619689286387024,0.004131119118311155,0.004131119118311155,0.03240950920769098,0.04247987597484019,0.41130215603844794,-0.3520657737455591,0.03240950920769087,0.4113021560383548
73.58,73.58,82292.88001522,2.9,245,astribot_arm_left_joint_4,0.8177430846193557,0.8207718848477468,-0.0030288002283910265,-0.0030288002283910265,-0.0237615826499871,-0.03114484324555859,-0.3015531679972267,0.8177430846193557,-0.02376158264998772,-0.30155316799760334
73.58,73.58,82292.88001522,2.9,245,astribot_arm_left_joint_5,-0.7723967127480944,-0.75952691705437,-0.012869795693724373,-0.012869795693724373,-0.10096628753882768,-0.13233879432015339,-1.2813415805151425,-0.7723967127480944,-0.1009662875388281,-1.2813415805154702
73.58,73.58,82292.88001522,2.9,245,astribot_arm_left_joint_6,-0.17906168582635382,-0.17607813180906087,-0.0029835540172929442,-0.0029835540172929442,-0.023406616521760657,-0.030679581124017447,-0.2970483687139822,-0.1790616858263538,-0.023406616521760546,-0.29704836871394147
73.58,73.58,82292.88001522,2.9,245,astribot_arm_left_joint_7,-0.6826576037894515,-0.6712830552617336,-0.01137454852771791,-0.01137454852771791,-0.08923575511684172,-0.11696332043105817,-1.1324719001477295,-0.6826576037894515,-0.08923575511684162,-1.1324719001476997
73.6,73.6,82292.901343817,2.92,245,astribot_arm_left_joint_1,0.1036621772893098,0.10198890729047402,0.001673269998835783,0.001673269998835783,0.014443346755709664,0.01693703354892473,-0.13467980147682668,0.10366217728930989,0.014443346755723653,-0.13467980147517492
73.6,73.6,82292.901343817,2.92,245,astribot_arm_left_joint_2,-0.9505045826710536,-0.9432172470479064,-0.007287335623147206,-0.007287335623147206,-0.06290288797327727,-0.07376325877037389,0.5865502371304423,-0.9505045826710536,-0.06290288797328737,0.5865502371253242
73.6,73.6,82292.901343817,2.92,245,astribot_arm_left_joint_3,-0.3513641708506782,-0.35537754277494,0.004013371924261766,0.004013371924261766,0.03464265935752653,0.04062381758037857,-0.3230322281733313,-0.3513641708506784,0.03464265935749589,-0.32303222817724264
73.6,73.6,82292.901343817,2.92,245,astribot_arm_left_joint_4,0.8172286925294499,0.8201711644007681,-0.002942471871318242,-0.002942471871318242,-0.02539885464673237,-0.02978404247993362,0.2368365697620729,0.8172286925294497,-0.025398854646746096,0.2368365697628322
73.6,73.6,82292.901343817,2.92,245,astribot_arm_left_joint_5,-0.774582436671546,-0.7620794622396375,-0.012502974431908509,-0.012502974431908509,-0.10792328521181042,-0.12655656156953887,1.0063517045472476,-0.7745824366715466,-0.10792328521187879,1.0063517045396897
73.6,73.6,82292.901343817,2.92,245,astribot_arm_left_joint_6,-0.17956839358936824,-0.17666987829949315,-0.0028985152898750866,-0.0028985152898750866,-0.025019429874051757,-0.029339108893889975,0.23329854953258788,-0.17956839358936832,-0.025019429874071276,0.23329854952944418
73.6,73.6,82292.901343817,2.92,245,astribot_arm_left_joint_7,-0.6845893844812114,-0.6735390389432702,-0.011050345537941264,-0.011050345537941264,-0.09538447025566607,-0.1118528828946686,0.8894310809759212,-0.6845893844812114,-0.09538447025566597,0.8894310809758803
73.62,73.62,82292.920165369,2.94,246,astribot_arm_left_joint_1,0.10393977195962234,0.10232078358785342,0.001618988371768923,0.001618988371768923,0.013736873215099093,0.016454929761223997,-0.0450408044737014,0.10393977195962233,0.01373687321510179,-0.04504080447321547
73.62,73.62,82292.920165369,2.94,246,astribot_arm_left_joint_2,-0.9517135480683376,-0.944662616872005,-0.007050931196332599,-0.007050931196332599,-0.0598260923570453,-0.0716636262482041,0.19615929229800377,-0.9517135480683377,-0.059826092357053044,0.19615929229708998
73.62,73.62,82292.920165369,2.94,246,astribot_arm_left_joint_3,-0.35069835441867453,-0.3545815307623086,0.003883176343634054,0.003883176343634054,0.03294816827957926,0.039467481892819435,-0.10803128062729128,-0.35069835441867453,0.032948168279580414,-0.10803128062645183
73.62,73.62,82292.920165369,2.94,246,astribot_arm_left_joint_4,0.8167405378931855,0.8195875546611863,-0.0028470167680008096,-0.0028470167680008096,-0.024156509705949812,-0.02893625531247963,0.07920496996637452,0.8167405378931855,-0.024156509705957663,0.07920496996545508
73.62,73.62,82292.920165369,2.94,246,astribot_arm_left_joint_5,-0.776656673985385,-0.7645593016364037,-0.012097372348981228,-0.012097372348981228,-0.10264438782691344,-0.12295419533719228,0.3365529935352166,-0.7766566739853848,-0.1026443878269006,0.33655299353715945
73.62,73.62,82292.920165369,2.94,246,astribot_arm_left_joint_6,-0.18004925585105613,-0.17724476969351438,-0.0028044861575417523,-0.0028044861575417523,-0.023795643897983637,-0.028503986527797728,0.07802175410190962,-0.18004925585105613,-0.023795643897981392,0.07802175410228425
73.62,73.62,82292.920165369,2.94,246,astribot_arm_left_joint_7,-0.6864226313748412,-0.6757307639886185,-0.010691867386222631,-0.010691867386222631,-0.09071888924028883,-0.10866904917385818,0.29745136963292595,-0.6864226313748413,-0.09071888924029582,0.2974513696325501
73.64,73.64,82292.941484741,2.96,247,astribot_arm_left_joint_1,0.10419384085365474,0.10264171160121395,0.0015521292524407898,0.0015521292524407898,0.01160971124917191,0.01590291763003381,-0.04303019406865444,0.10419384085365474,0.011609711249171878,-0.043030194068687744
73.64,73.64,82292.941484741,2.96,247,astribot_arm_left_joint_2,-0.9528200552684425,-0.9460603053175802,-0.006759749950862259,-0.006759749950862259,-0.050561990822488655,-0.06925953266399407,0.18740278986240133,-0.9528200552684425,-0.05056199082248874,0.18740278986233141
73.64,73.64,82292.941484741,2.96,247,astribot_arm_left_joint_3,-0.35008896503696396,-0.353811778430377,0.003722813393413016,0.003722813393413016,0.027846127275493054,0.03814346962942573,-0.10320879090009881,-0.35008896503696396,0.027846127275493043,-0.10320879090011888
73.64,73.64,82292.941484741,2.96,247,astribot_arm_left_joint_4,0.816293753708126,0.8190231976529329,-0.0027294439448068974,-0.0027294439448068974,-0.020415861607113697,-0.027965533212869407,0.07566927963838824,0.816293753708126,-0.020415861607113787,0.07566927963830626
73.64,73.64,82292.941484741,2.96,247,astribot_arm_left_joint_5,-0.7785551224667425,-0.7669573334853776,-0.011597788981364876,-0.011597788981364876,-0.08674985095649317,-0.11882946138710927,0.3215293509003343,-0.7785551224667425,-0.08674985095649305,0.321529350900429
73.64,73.64,82292.941484741,2.96,247,astribot_arm_left_joint_6,-0.18048936568051152,-0.17780069596614895,-0.0026886697143625737,-0.0026886697143625737,-0.02011087605729399,-0.02754776571234564,0.07453888223954873,-0.18048936568051152,-0.020110876057294006,0.0745388822395388
73.64,73.64,82292.941484741,2.96,247,astribot_arm_left_joint_7,-0.6881005130511306,-0.6778501861051467,-0.010250326945983934,-0.010250326945983934,-0.07667102203196986,-0.10502353780914536,0.28417321384413546,-0.6881005130511306,-0.07667102203196982,0.28417321384420946
73.66,73.66,82292.965221967,2.98,247,astribot_arm_left_joint_1,0.10442053471252273,0.10294813455640688,0.001472400156115855,0.001472400156115855,0.01065398714981459,0.01512100300582451,-0.14090460516636683,0.1044205347125227,0.01065398714980996,-0.14090460516683243
73.66,73.66,82292.965221967,2.98,247,astribot_arm_left_joint_2,-0.9538073401858356,-0.9473948221128883,-0.006412518072947293,-0.006412518072947293,-0.0463996725611786,-0.06585418009176278,0.6136601678034679,-0.9538073401858357,-0.04639967256119559,0.6136601678013252
73.66,73.66,82292.965221967,2.98,247,astribot_arm_left_joint_3,-0.34954523523084496,-0.35307681677389596,0.003531581543050999,0.003531581543050999,0.025553803690535858,0.03626803158616524,-0.3379625457479103,-0.3495452352308451,0.02555380369052889,-0.3379625457488138
73.66,73.66,82292.965221967,2.98,247,astribot_arm_left_joint_4,0.81589510895715,0.8184843480198394,-0.0025892390626893746,-0.0025892390626893746,-0.01873520560038083,-0.026590523928285065,0.24778298591370818,0.8158951089571498,-0.018735205600398024,0.24778298591157888
73.66,73.66,82292.965221967,2.98,247,astribot_arm_left_joint_5,-0.7802490197607816,-0.7692469809302405,-0.011002038830541183,-0.011002038830541183,-0.0796085085582295,-0.11298685465228855,1.0528645575233164,-0.7802490197607818,-0.07960850855824103,1.0528645575210178
73.66,73.66,82292.965221967,2.98,247,astribot_arm_left_joint_6,-0.1808820552143678,-0.17833149590954203,-0.0025505593048257558,-0.0025505593048257558,-0.01845532679386183,-0.026193297219447735,0.24408144092390227,-0.1808820552143678,-0.01845532679386041,0.24408144092422615
73.66,73.66,82292.965221967,2.98,247,astribot_arm_left_joint_7,-0.6895976088422957,-0.6798738162065489,-0.009723792635746853,-0.009723792635746853,-0.070359379829513,-0.09985974069895585,0.9305399467122912,-0.6895976088422957,-0.07035937982950831,0.9305399467125125
73.68,73.68,82292.986085291,3.0,248,astribot_arm_left_joint_1,0.10459702027562294,0.10323767102416587,0.0013593492514570732,0.0013593492514570732,0.007188053768282472,0.01422964522550206,-0.08882207299141691,0.10459702027562294,0.007188053768282491,-0.08882207299141556
73.68,73.68,82292.986085291,3.0,248,astribot_arm_left_joint_2,-0.9545759577483987,-0.9486557957851396,-0.005920161963259063,-0.005920161963259063,-0.03129655014785381,-0.06197218656505897,0.4033537333147424,-0.9545759577483987,-0.031296550147853895,0.40335373331474444
73.68,73.68,82292.986085291,3.0,248,astribot_arm_left_joint_3,-0.3491219292618203,-0.3523823576991212,0.0032604284373008996,0.0032604284373008996,0.01724591507851485,0.03413009191924886,-0.20286134785918705,-0.3491219292618203,0.017245915078514893,-0.20286134785918725
73.68,73.68,82292.986085291,3.0,248,astribot_arm_left_joint_4,0.8155847581108664,0.8179751935430826,-0.002390435432216176,-0.002390435432216176,-0.012634956687368864,-0.02502305711567174,0.1666233621363425,0.8155847581108664,-0.012634956687368897,0.16662336213634765
73.68,73.68,82292.986085291,3.0,248,astribot_arm_left_joint_5,-0.7815677495572783,-0.7714104495031744,-0.010157300054103868,-0.010157300054103868,-0.05370431550034081,-0.10632646896763281,0.675614609896512,-0.7815677495572783,-0.05370431550034096,0.6756146098965009
73.68,73.68,82292.986085291,3.0,248,astribot_arm_left_joint_6,-0.18118777079770554,-0.17883304430234434,-0.002354726495361198,-0.002354726495361198,-0.012449035998310865,-0.024649246255507157,0.15862069805151183,-0.18118777079770554,-0.012449035998310898,0.15862069805150983
73.68,73.68,82292.986085291,3.0,248,astribot_arm_left_joint_7,-0.6907631238772443,-0.6817859272337079,-0.008977196643536356,-0.008977196643536356,-0.04746122131911734,-0.09397317637717455,0.6041052119046189,-0.6907631238772443,-0.04746122131911748,0.6041052119046102
73.7,73.7,82293.006090319,3.02,248,astribot_arm_left_joint_1,0.10472036231823635,0.10350264699983933,0.0012177153183970252,0.0012177153183970252,0.005098063189983703,0.01290410506183658,-0.10414761676351489,0.10472036231823635,0.0050980631899838775,-0.10414761676349961
73.7,73.7,82293.006090319,3.02,248,astribot_arm_left_joint_2,-0.9550954642781452,-0.9498094954330588,-0.005285968845086364,-0.005285968845086364,-0.02004375732830571,-0.05616834522809224,0.5933630930477936,-0.9550954642781452,-0.020043757328303272,0.5933630930480737
73.7,73.7,82293.006090319,3.02,248,astribot_arm_left_joint_3,-0.3488152048183215,-0.35174661675117164,0.0029314119328501254,0.0029314119328501254,0.013558241338986088,0.030969810292970308,-0.1636630509316977,-0.34881520481832157,0.013558241338986319,-0.16366305093167133
73.7,73.7,82293.006090319,3.02,248,astribot_arm_left_joint_4,0.8153790105804276,0.8175094244406363,-0.0021304138602087352,-0.0021304138602087352,-0.007602161703889414,-0.022672555987952106,0.27138197109411893,0.8153790105804276,-0.007602161703887713,0.27138197109427786
73.7,73.7,82293.006090319,3.02,248,astribot_arm_left_joint_5,-0.7824766368766146,-0.773390174355968,-0.009086462520646599,-0.009086462520646599,-0.036535825270484296,-0.09639948471823322,0.879068661097779,-0.7824766368766146,-0.036535825270484816,0.8790686610977679
73.7,73.7,82293.006090319,3.02,248,astribot_arm_left_joint_6,-0.18139634056564996,-0.17929195872767967,-0.0021043818379702928,-0.0021043818379702928,-0.008209151096073711,-0.022344177602370705,0.22067650612468886,-0.18139634056564996,-0.008209151096073817,0.2206765061246774
73.7,73.7,82293.006090319,3.02,248,astribot_arm_left_joint_7,-0.6915589445933976,-0.6835355115168709,-0.008023433076526754,-0.008023433076526754,-0.03137809639362763,-0.08518646189964037,0.8360405429344098,-0.6915589445933976,-0.03137809639362782,0.8360405429344112
73.72,73.72,82293.029826386,3.04,248,astribot_arm_left_joint_1,0.10480435183491,0.10373862043581872,0.0010657313990912881,0.0010657313990912881,0.0034834532508667077,0.01142019042281238,-0.05027753756688813,0.10480435183491,0.0034834532508673426,-0.05027753756685781
73.72,73.72,82293.029826386,3.04,248,astribot_arm_left_joint_2,-0.9553964323516088,-0.9508310952004981,-0.004565337151110627,-0.004565337151110627,-0.011323382613107672,-0.04930028836158375,0.2191690247060034,-0.9553964323516084,-0.011323382613095161,0.21916902470676922
73.72,73.72,82293.029826386,3.04,248,astribot_arm_left_joint_3,-0.34857381232352247,-0.3511768713772273,0.002603059053704837,0.002603059053704837,0.010726047375846698,0.027660417937488718,-0.12046660381424455,-0.34857381232352236,0.010726047375848096,-0.12046660381414617
73.72,73.72,82293.029826386,3.04,248,astribot_arm_left_joint_4,0.8152722292185706,0.8170983113304021,-0.0018260821118315507,-0.0018260821118315507,-0.0036970018147596396,-0.019807172486115143,0.08854198437856536,0.8152722292185707,-0.0036970018147538196,0.08854198437880104
73.72,73.72,82293.029826386,3.04,248,astribot_arm_left_joint_5,-0.7830574531795504,-0.7751490096662892,-0.007908443513261254,-0.007908443513261254,-0.023252858664144033,-0.08501890580565315,0.37582927114188824,-0.7830574531795503,-0.023252858664143845,0.3758292711419909
73.72,73.72,82293.029826386,3.04,248,astribot_arm_left_joint_6,-0.18152315909029773,-0.1796989658424896,-0.0018241932478081369,-0.0018241932478081369,-0.004925847583969946,-0.01965689312326429,0.08715153960087058,-0.18152315909029773,-0.004925847583970703,0.08715153960080914
73.72,73.72,82293.029826386,3.04,248,astribot_arm_left_joint_7,-0.6920448732796697,-0.6850874218221524,-0.00695745145751725,-0.00695745145751725,-0.01892443706020839,-0.0749566997821339,0.33225025519408513,-0.6920448732796697,-0.01892443706020848,0.3322502551940912
73.74,73.74,82293.049965436,3.06,248,astribot_arm_left_joint_1,0.10486873815162376,0.1039444012258241,0.000924336925799657,0.000924336925799657,0.003188524700687065,0.009920765018789267,0.0188269936365717,0.1048687381516238,0.003188524700688397,0.018826993636608974
73.74,73.74,82293.049965436,3.06,248,astribot_arm_left_joint_2,-0.9556147281757601,-0.951709179907789,-0.0039055482679710707,-0.0039055482679710707,-0.01227606845418049,-0.04215509928641099,-0.30488586075302404,-0.9556147281757595,-0.012276068454145691,-0.3048858607515136
73.74,73.74,82293.049965436,3.06,248,astribot_arm_left_joint_3,-0.34838110384529475,-0.35067213578412226,0.0022910319388275147,0.0022910319388275147,0.008640102177256288,0.02444296864576917,-0.09219140807079439,-0.3483811038452947,0.008640102177260757,-0.09219140807057756
73.74,73.74,82293.049965436,3.06,248,astribot_arm_left_joint_4,0.8151982144569447,0.816747880928482,-0.0015496664715373143,-0.0015496664715373143,-0.004590521032814727,-0.016782219138432166,-0.17380380794717698,0.8151982144569451,-0.004590521032804415,-0.17380380794698794
73.74,73.74,82293.049965436,3.06,248,astribot_arm_left_joint_5,-0.7834937408173486,-0.776673566109804,-0.006820174707544591,-0.006820174707544591,-0.022663263088643172,-0.07337120919883908,-0.30150141838916156,-0.7834937408173485,-0.02266326308863845,-0.30150141838877886
73.74,73.74,82293.049965436,3.06,248,astribot_arm_left_joint_6,-0.18161679856214583,-0.18005020883990386,-0.0015665897222419678,-0.0015665897222419678,-0.005059402120177636,-0.016882367285264988,-0.09682031814376002,-0.18161679856214588,-0.005059402120180498,-0.09682031814391694
73.74,73.74,82293.049965436,3.06,248,astribot_arm_left_joint_7,-0.6924042077306571,-0.6864271893553487,-0.005977018375308396,-0.005977018375308396,-0.019349259544471205,-0.06440223876398125,-0.36071603633728344,-0.6924042077306571,-0.019349259544471142,-0.3607160363372752
73.77,73.77,82293.081840973,3.09,248,astribot_arm_left_joint_1,0.10498144788827846,0.1042049534629171,0.0007764944253613598,0.0007764944253613598,0.004411540986484854,0.008160121229272855,0.03300832647543517,0.10498144788827851,0.004411540986487066,0.033008326475448393
73.77,73.77,82293.081840973,3.09,248,astribot_arm_left_joint_2,-0.9561911011633614,-0.9528134643190409,-0.003377636844320464,-0.003377636844320464,-0.02706881573930464,-0.03480775509193417,-0.465582759566626,-0.9561911011633588,-0.027068815739200735,-0.4655827595634078
73.77,73.77,82293.081840973,3.09,248,astribot_arm_left_joint_3,-0.34816345679290733,-0.350028426974233,0.0018649701813256425,0.0018649701813256425,0.005740268678772654,0.020022522603979142,-0.11914215170305228,-0.348163456792907,0.005740268678787389,-0.11914215170256745
73.77,73.77,82293.081840973,3.09,248,astribot_arm_left_joint_4,0.814946038740796,0.8163089221803879,-0.0013628834395918998,-0.0013628834395918998,-0.012716664953025703,-0.013888419647592559,-0.2611929036917733,0.8149460387407966,-0.01271666495301457,-0.26119290369198983
73.77,73.77,82293.081840973,3.09,248,astribot_arm_left_joint_5,-0.7843976230200079,-0.7785984824618429,-0.005799140558164995,-0.005799140558164995,-0.03863209495574607,-0.060446624460333845,-0.4788514546785301,-0.7843976230200075,-0.03863209495571864,-0.47885145467731366
73.77,73.77,82293.081840973,3.09,248,astribot_arm_left_joint_6,-0.18183667075453147,-0.1804927753193789,-0.0013438954351525645,-0.0013438954351525645,-0.009904889632416189,-0.01392482895781511,-0.14988565591432845,-0.1818366707545317,-0.009904889632427017,-0.14988565591472688
73.77,73.77,82293.081840973,3.09,248,astribot_arm_left_joint_7,-0.6932392282926675,-0.6881155851321146,-0.005123643160552915,-0.005123643160552915,-0.03746538081029338,-0.05311478898256689,-0.5592931979758227,-0.6932392282926675,-0.03746538081029287,-0.5592931979758122
73.79,73.79,82293.101373526,3.11,249,astribot_arm_left_joint_1,0.1050716700557358,0.10435700218221709,0.000714667873518704,0.000714667873518704,0.004453557191198073,0.007439927688391791,-0.010225386639729873,0.1050716700557358,0.0044535571911980066,-0.010225386639751723
73.79,73.79,82293.101373526,3.11,249,astribot_arm_left_joint_2,-0.9568090741180663,-0.9534842215331533,-0.003324852584912996,-0.003324852584912996,-0.0350517804038928,-0.03329935303875715,-0.4691315384633058,-0.9568090741180663,-0.03505178040389598,-0.46913153846379246
73.79,73.79,82293.101373526,3.11,249,astribot_arm_left_joint_3,-0.34808573069862636,-0.34966901154029123,0.0015832808416648692,0.0015832808416648692,0.0010346093836560548,0.017291841453261462,-0.341051819623153,-0.34808573069862636,0.0010346093836563893,-0.3410518196231427
73.79,73.79,82293.101373526,3.11,249,astribot_arm_left_joint_4,0.8146453278158216,0.8160361369815686,-0.0013908091657470756,-0.0013908091657470756,-0.017714145471568576,-0.013649685556521319,-0.30625993644567756,0.8146453278158216,-0.017714145471568,-0.30625993644550675
73.79,73.79,82293.101373526,3.11,249,astribot_arm_left_joint_5,-0.7852341537900857,-0.7797407961536458,-0.005493357636439877,-0.005493357636439877,-0.04457395852716661,-0.05623996357733969,-0.294218014127871,-0.7852341537900857,-0.044573958527167924,-0.2942180141280731
73.79,73.79,82293.101373526,3.11,249,astribot_arm_left_joint_6,-0.1820577846109921,-0.18075862775336451,-0.0012991568576275758,-0.0012991568576275758,-0.012224575456636291,-0.01314628907175228,-0.1302560884089835,-0.1820577846109921,-0.012224575456636435,-0.13025608840900801
73.79,73.79,82293.101373526,3.11,249,astribot_arm_left_joint_7,-0.6940737218980537,-0.689128802329584,-0.004944919568469763,-0.004944919568469763,-0.0460149193074992,-0.05008528815877233,-0.4772246066144269,-0.6940737218980537,-0.04601491930750061,-0.47722460661470706
73.81,73.81,82293.121659677,3.13,249,astribot_arm_left_joint_1,0.10516101385739564,0.10449721431273844,0.0006637995446572009,0.0006637995446572009,0.004635758089872166,0.006874534329122239,0.03419742580083043,0.10516101385739561,0.004635758089870193,0.03419742580062976
73.81,73.81,82293.121659677,3.13,249,astribot_arm_left_joint_2,-0.9575967931240226,-0.9541532931082751,-0.003443500015747447,-0.003443500015747447,-0.04309809672148435,-0.03365863173449311,-0.2958426929538541,-0.9575967931240228,-0.04309809672150368,-0.29584269295493
73.81,73.81,82293.121659677,3.13,249,astribot_arm_left_joint_3,-0.34811706811172893,-0.34936871344265913,0.0012516453309301956,0.0012516453309301956,-0.0029976396781866473,0.014197001217602886,-0.008503118646922658,-0.3481170681117289,-0.002997639678189659,-0.008503118647386442
73.81,73.81,82293.121659677,3.13,249,astribot_arm_left_joint_4,0.8142365976789145,0.8157526905924785,-0.0015160929135639156,-0.0015160929135639156,-0.02261274986260961,-0.014436547324009476,-0.1528696595966612,0.8142365976789145,-0.022612749862593987,-0.152869659595069
73.81,73.81,82293.121659677,3.13,249,astribot_arm_left_joint_5,-0.7861893581112069,-0.7808306433659958,-0.005358714745211102,-0.005358714745211102,-0.05116850597582302,-0.05405114484890792,-0.3615276404743908,-0.786189358111207,-0.051168505975829615,-0.36152764047461133
73.81,73.81,82293.121659677,3.13,249,astribot_arm_left_joint_6,-0.18232737684695138,-0.1810183405202707,-0.001309036326680696,-0.001309036326680696,-0.014629474017086625,-0.012979708139853791,-0.10155743134273354,-0.18232737684695138,-0.014629474017087415,-0.10155743134276032
73.81,73.81,82293.121659677,3.13,249,astribot_arm_left_joint_7,-0.6950864913939868,-0.6901167326146658,-0.004969758779321043,-0.004969758779321043,-0.0549099532680128,-0.04934383283963133,-0.38164055545778336,-0.6950864913939869,-0.05490995326802856,-0.3816405554590212
73.83,73.83,82293.141783466,3.15,249,astribot_arm_left_joint_1,0.10526312929714879,0.10462818167471538,0.0006349476224334072,0.0006349476224334072,0.005639987777832112,0.006458740763680663,0.05140027143151393,0.10526312929714868,0.005639987777822584,0.05140027143091932
73.83,73.83,82293.141783466,3.15,249,astribot_arm_left_joint_2,-0.9585082359226625,-0.9548519725190592,-0.003656263403603366,-0.003656263403603366,-0.04796283122241544,-0.03543294099306911,-0.2841553124996725,-0.9585082359226633,-0.047962831222458306,-0.2841553125008331
73.83,73.83,82293.141783466,3.15,249,astribot_arm_left_joint_3,-0.34815973738244793,-0.34913364390155394,0.0009739065191060048,0.0009739065191060048,-0.000891637393766985,0.010990500671685654,0.08612727759738847,-0.34815973738244815,-0.0008916373937911912,0.08612727759555208
73.83,73.83,82293.141783466,3.15,249,astribot_arm_left_joint_4,0.8137624206166733,0.8154413970098393,-0.001678976393166054,-0.001678976393166054,-0.024688744154574394,-0.015968429202259046,-0.12845122761854966,0.813762420616674,-0.024688744154498635,-0.12845122761380984
73.83,73.83,82293.141783466,3.15,249,astribot_arm_left_joint_5,-0.7872891315795534,-0.7819018253535769,-0.005387306225976496,-0.005387306225976496,-0.059026682353254055,-0.053531051283972717,-0.4275799978876825,-0.7872891315795537,-0.0590266823532576,-0.427579997886931
73.83,73.83,82293.141783466,3.15,249,astribot_arm_left_joint_6,-0.18263871036778442,-0.18128216624475688,-0.0013565441230275477,-0.0013565441230275477,-0.016510535177682095,-0.013292209207959933,-0.10640814437695284,-0.18263871036778448,-0.016510535177682476,-0.10640814437685575
73.83,73.83,82293.141783466,3.15,249,astribot_arm_left_joint_7,-0.6962558285194929,-0.6911177090164395,-0.005138119503053318,-0.005138119503053318,-0.062062823003737444,-0.050400052399562356,-0.403398725990175,-0.6962558285194935,-0.062062823003790395,-0.4033987259926748
73.85,73.85,82293.162568432,3.17,250,astribot_arm_left_joint_1,0.10538677259225493,0.1047547081965624,0.0006320643956925359,0.0006320643956925359,0.006777313142060422,0.006303175974537187,0.054259700848799435,0.10538677259225493,0.006777313142059878,0.054259700848801544
73.85,73.85,82293.162568432,3.17,250,astribot_arm_left_joint_2,-0.9595538061178559,-0.9555964587121107,-0.00395734740574516,-0.00395734740574516,-0.05729235061668016,-0.03788598534150495,-0.4586870549178751,-0.9595538061178558,-0.057292350616675404,-0.458687054917597
73.85,73.85,82293.162568432,3.17,250,astribot_arm_left_joint_3,-0.34817564838383114,-0.34894937031417506,0.000773721930343918,0.000773721930343918,-0.0008604664861321304,0.008688293419410893,-0.006888962210632695,-0.34817564838383114,-0.0008604664861338968,-0.0068889622110648125
73.85,73.85,82293.162568432,3.17,250,astribot_arm_left_joint_4,0.8132249033738983,0.815096789671579,-0.0018718862976806472,-0.0018718862976806472,-0.029451209396586353,-0.017670969969090195,-0.23578869354160975,0.8132249033738983,-0.029451209396592716,-0.23578869354249554
73.85,73.85,82293.162568432,3.17,250,astribot_arm_left_joint_5,-0.788578893500372,-0.7829868302497338,-0.005592063250638213,-0.005592063250638213,-0.07068261055905342,-0.05462742733365242,-0.5658905267847043,-0.788578893500372,-0.07068261055905457,-0.5658905267850247
73.85,73.85,82293.162568432,3.17,250,astribot_arm_left_joint_6,-0.18299896475465433,-0.18155706601907662,-0.0014418987355777069,-0.0014418987355777069,-0.01974132322942767,-0.013924536228393217,-0.1580505829280285,-0.1829989647546543,-0.019741323229427246,-0.15805058292803362
73.85,73.85,82293.162568432,3.17,250,astribot_arm_left_joint_7,-0.6976101503151485,-0.6921584481707203,-0.00545170214442825,-0.00545170214442825,-0.0742149387332645,-0.052692720413448815,-0.594170623339759,-0.6976101503151485,-0.07421493873325896,-0.5941706233386331
73.87,73.87,82293.184606146,3.19,250,astribot_arm_left_joint_1,0.10553018013295788,0.10488180835509246,0.0006483717778654197,0.0006483717778654197,0.007465863385172677,0.006389371911396659,0.030090013282909167,0.10553018013295791,0.007465863385179882,0.030090013283959098
73.87,73.87,82293.184606146,3.19,250,astribot_arm_left_joint_2,-0.9607661088299796,-0.956407596545789,-0.0043585122841905966,-0.0043585122841905966,-0.0631130440270213,-0.04154030938319918,-0.25436741005698904,-0.9607661088299795,-0.06311304402704691,-0.25436741006184177
73.87,73.87,82293.184606146,3.19,250,astribot_arm_left_joint_3,-0.34819385580320894,-0.34880325289049785,0.0006093970872889098,0.0006093970872889098,-0.0009478867359546845,0.0068745229377339375,-0.0038203115944857383,-0.3481938558032092,-0.00094788673598766,-0.0038203115976592397
73.87,73.87,82293.184606146,3.19,250,astribot_arm_left_joint_4,0.8126017175446822,0.8147106779356024,-0.0021089603909201227,-0.0021089603909201227,-0.03244334462258521,-0.019892310696818016,-0.13075790706163115,0.8126017175446818,-0.032443344622622654,-0.13075790706376184
73.87,73.87,82293.184606146,3.19,250,astribot_arm_left_joint_5,-0.7900745333119414,-0.7841224099838383,-0.005952123328103132,-0.005952123328103132,-0.07786370543609451,-0.05763734088147856,-0.31381768055564496,-0.7900745333119417,-0.07786370543612628,-0.313817680559135
73.87,73.87,82293.184606146,3.19,250,astribot_arm_left_joint_6,-0.18341668997336746,-0.1818514398362975,-0.0015652501370699567,-0.0015652501370699567,-0.021746969511980883,-0.015018394393697867,-0.08764781348557793,-0.1834166899733675,-0.021746969511987964,-0.0876478134866112
73.87,73.87,82293.184606146,3.19,250,astribot_arm_left_joint_7,-0.6991805339796,-0.6932710118160061,-0.005909522163593861,-0.005909522163593861,-0.08175490524170476,-0.056739343100149005,-0.3295005624767988,-0.6991805339795995,-0.08175490524163574,-0.3295005624710723
73.89,73.89,82293.204377309,3.21,251,astribot_arm_left_joint_1,0.10568856640697792,0.10501266750179825,0.0006758989051796754,0.0006758989051796754,0.008406458532332099,0.00660219690795038,0.041922804243199975,0.10568856640697794,0.008406458532333516,0.04192280424341414
73.89,73.89,82293.204377309,3.21,251,astribot_arm_left_joint_2,-0.9621050350023159,-0.9573005399990416,-0.0048044950032742895,-0.0048044950032742895,-0.07106441145387096,-0.04570922255639003,-0.3543964915324103,-0.9621050350023158,-0.07106441145385382,-0.3543964915302937
73.89,73.89,82293.204377309,3.21,251,astribot_arm_left_joint_3,-0.34821396496414075,-0.34868844105678554,0.0004744760926447822,0.0004744760926447822,-0.001067307306383724,0.005387212372482082,-0.00532263557998015,-0.3482139649641408,-0.0010673073063775782,-0.0053226355784173895
73.89,73.89,82293.204377309,3.21,251,astribot_arm_left_joint_4,0.8119134407565309,0.8142766515088078,-0.0023632107522768564,-0.0023632107522768564,-0.03653075567409566,-0.022313038846879952,-0.18217799006380947,0.8119134407565308,-0.03653075567410745,-0.18217799006554009
73.89,73.89,82293.204377309,3.21,251,astribot_arm_left_joint_5,-0.7917263907796127,-0.7853332905756685,-0.006393100203944235,-0.006393100203944235,-0.08767345143522638,-0.06156682587923925,-0.4372253699607591,-0.7917263907796127,-0.08767345143522304,-0.4372253699612593
73.89,73.89,82293.204377309,3.21,251,astribot_arm_left_joint_6,-0.18387804605430894,-0.18217117460907478,-0.0017068714452341538,-0.0017068714452341538,-0.024486785784123253,-0.016320975934732248,-0.12211500515098918,-0.18387804605430894,-0.02448678578412414,-0.12211500515108269
73.89,73.89,82293.204377309,3.21,251,astribot_arm_left_joint_7,-0.700914942199523,-0.6944777950044132,-0.006437147195109794,-0.006437147195109794,-0.09205488839949567,-0.061583097220607855,-0.45907548953647603,-0.7009149421995229,-0.09205488839950192,-0.4590754895391737
73.94,73.94,82293.258054024,3.26,253,astribot_arm_left_joint_1,0.10615727020507416,0.10537081338942463,0.0007864568156495388,0.0007864568156495388,0.010408817700342457,0.007607890630716817,0.050790521409890696,0.10615727020507416,0.010408817700341123,0.050790521409367004
73.94,73.94,82293.258054024,3.26,253,astribot_arm_left_joint_2,-0.9660672456561584,-0.9599557970676756,-0.006111448588482782,-0.006111448588482782,-0.08799145335222405,-0.058348091124884906,-0.42936017557346234,-0.9660672456561583,-0.08799145335222161,-0.42936017557270967
73.94,73.94,82293.258054024,3.26,253,astribot_arm_left_joint_3,-0.348273472899178,-0.3485044678515286,0.00023099495235062717,0.00023099495235062717,-0.0013215323836559187,0.002710144471268145,-0.0064485055611987405,-0.348273472899178,-0.0013215323836568598,-0.00644850556131166
73.94,73.94,82293.258054024,3.26,253,astribot_arm_left_joint_4,0.8098766610750606,0.8129553448513026,-0.003078683776241986,-0.003078683776241986,-0.045232124182252594,-0.02929486375651358,-0.22071317202318994,0.8098766610750606,-0.04523212418225575,-0.22071317202456142
73.94,73.94,82293.258054024,3.26,253,astribot_arm_left_joint_5,-0.7966146418215755,-0.7887998412769188,-0.007814800544656664,-0.007814800544656664,-0.10855664958543264,-0.07504060507373005,-0.529709424607651,-0.7966146418215755,-0.10855664958543323,-0.5297094246079476
73.94,73.94,82293.258054024,3.26,253,astribot_arm_left_joint_6,-0.18524331175520362,-0.183107141040663,-0.002136170714540614,-0.002136170714540614,-0.030319365558509278,-0.020442195129170268,-0.14794536995947993,-0.18524331175520362,-0.030319365558509108,-0.1479453699594426
73.94,73.94,82293.258054024,3.26,253,astribot_arm_left_joint_7,-0.7060474811468359,-0.6980047873627285,-0.00804269378410738,-0.00804269378410738,-0.11398171395126692,-0.07698352717606681,-0.556181388642041,-0.7060474811468358,-0.11398171395127121,-0.5561813886437501
73.96,73.96,82293.279932806,3.2800000000000002,254,astribot_arm_left_joint_1,0.10637356140155074,0.10553088100670306,0.0008426803948476808,0.0008426803948476808,0.011141027708504354,0.00814219358913208,0.036650509319746026,0.10637356140155074,0.011141027708504366,0.03665050931976246
73.96,73.96,82293.279932806,3.2800000000000002,254,astribot_arm_left_joint_2,-0.9678956739439014,-0.9612069250166428,-0.00668874892725857,-0.00668874892725857,-0.09418122673784253,-0.06399830908570457,-0.30982688658677215,-0.9678956739439014,-0.09418122673784268,-0.30982688658693314
73.96,73.96,82293.279932806,3.2800000000000002,254,astribot_arm_left_joint_3,-0.3483009338297729,-0.3484619297966258,0.00016099596685292816,0.00016099596685292816,-0.0014144957984529025,0.0019438558421075258,-0.0046532503822428115,-0.3483009338297729,-0.0014144957984528997,-0.004653250382213912
73.96,73.96,82293.279932806,3.2800000000000002,254,astribot_arm_left_joint_4,0.8089367550703433,0.8123241546200943,-0.00338739954975098,-0.00338739954975098,-0.0484139854627793,-0.03233218543725457,-0.15926692508422802,0.8089367550703433,-0.048413985462779356,-0.15926692508426504
73.96,73.96,82293.279932806,3.2800000000000002,254,astribot_arm_left_joint_5,-0.7988704069142385,-0.7903956296788027,-0.008474777235435771,-0.008474777235435771,-0.1161930851122584,-0.08143083471850747,-0.38223904115682555,-0.7988704069142385,-0.11619308511225852,-0.38223904115677876
73.96,73.96,82293.279932806,3.2800000000000002,254,astribot_arm_left_joint_6,-0.1858733364171636,-0.1835440086379622,-0.0023293277792014178,-0.0023293277792014178,-0.03245218635931681,-0.022325052613100752,-0.10675758015583564,-0.18587333641716364,-0.032452186359316855,-0.10675758015584662
73.96,73.96,82293.279932806,3.2800000000000002,254,astribot_arm_left_joint_7,-0.7084159769738079,-0.6996494214644255,-0.008766555509382323,-0.008766555509382323,-0.12199977653104199,-0.08403647234437235,-0.401341246404947,-0.7084159769738079,-0.12199977653104217,-0.40134124640498725
73.98,73.98,82293.298962375,3.3,254,astribot_arm_left_joint_1,0.10660400098036797,0.10570232571325602,0.0009016752671119482,0.0009016752671119482,0.011878849546613559,0.008717666724908686,0.03378509654676763,0.10660400098036807,0.011878849546630288,0.03378509654871263
73.98,73.98,82293.298962375,3.3,254,astribot_arm_left_joint_2,-0.969843706278961,-0.9625736119433357,-0.00727009433562531,-0.00727009433562531,-0.10041844000449864,-0.06978120347063008,-0.285603978518309,-0.9698437062789617,-0.10041844000459006,-0.2856039785252516
73.98,73.98,82293.298962375,3.3,254,astribot_arm_left_joint_3,-0.3483301910782567,-0.34843277973848513,0.00010258866022844204,0.00010258866022844204,-0.0015081717067140126,0.0013050460211181422,-0.004289449615828723,-0.34833019107825686,-0.0015081717067558162,-0.00428944962435079
73.98,73.98,82293.298962375,3.3,254,astribot_arm_left_joint_4,0.8079353664452714,0.8116312899270168,-0.003695923481745411,-0.003695923481745411,-0.051620233277534455,-0.03541247388951737,-0.14681510681881968,0.807935366445271,-0.051620233277589966,-0.14681510682466078
73.98,73.98,82293.298962375,3.3,254,astribot_arm_left_joint_5,-0.8012737296861867,-0.7921240579377941,-0.009149671748392652,-0.009149671748392652,-0.12388804807956215,-0.08809505352130485,-0.3523548007783004,-0.8012737296861868,-0.1238880480795971,-0.3523548007880711
73.98,73.98,82293.298962375,3.3,254,astribot_arm_left_joint_6,-0.18654457325024626,-0.1840195993727743,-0.00252497387747197,-0.00252497387747197,-0.03460135360109074,-0.024265795717874256,-0.09841105130108402,-0.1865445732502463,-0.0346013536010926,-0.09841105130075718
73.98,73.98,82293.298962375,3.3,254,astribot_arm_left_joint_7,-0.7109394046014197,-0.7014391956093509,-0.009500208992068826,-0.009500208992068826,-0.13007929143103414,-0.09131185941449228,-0.36996355605861664,-0.7109394046014192,-0.1300792914309439,-0.36996355604286146
74.0,74.0,82293.320826689,3.32,255,astribot_arm_left_joint_1,0.10684914021336733,0.10588570805755543,0.0009634321558119052,0.0009634321558119052,0.012621356153598162,0.009321481777164247,0.03200667523274048,0.10684914021336737,0.012621356153603904,0.03200667523353138
74.0,74.0,82293.320826689,3.32,255,astribot_arm_left_joint_2,-0.9719160028650141,-0.9640569138552277,-0.00785908900978638,-0.00785908900978638,-0.10669525619570298,-0.0756292479070223,-0.27057000631069367,-0.9719160028650139,-0.10669525619564059,-0.27057000630196854
74.0,74.0,82293.320826689,3.32,255,astribot_arm_left_joint_3,-0.3483613146356328,-0.3484148195752079,5.3504939575121924e-05,5.3504939575121924e-05,-0.0016024424062880804,0.0007701296011533626,-0.004063656311577411,-0.34836131463563286,-0.0016024424063152381,-0.004063656318539785
74.0,74.0,82293.320826689,3.32,255,astribot_arm_left_joint_4,0.8068700996159167,0.8108766394608562,-0.004006539844939483,-0.004006539844939483,-0.05484683902859546,-0.03850581187827798,-0.13908687331566183,0.8068700996159169,-0.054846839028560246,-0.13908687331377237
74.0,74.0,82293.320826689,3.32,255,astribot_arm_left_joint_5,-0.8038303595150936,-0.7939883150652854,-0.009842044449808185,-0.009842044449808185,-0.13163186989187017,-0.09492899524160542,-0.33380711698181986,-0.8038303595150937,-0.13163186989188835,-0.3338071169811843
74.0,74.0,82293.320826689,3.32,255,astribot_arm_left_joint_6,-0.18725862802880144,-0.18453448520664276,-0.002724142822158687,-0.002724142822158687,-0.036764166890220384,-0.026238844640861906,-0.09323076978183888,-0.18725862802880144,-0.036764166890222674,-0.09323076978181184
74.0,74.0,82293.320826689,3.32,255,astribot_arm_left_joint_7,-0.7136238007296218,-0.7033763425788087,-0.010247458150813182,-0.010247458150813182,-0.1382101068722501,-0.09871260704082793,-0.3504889610110656,-0.7136238007296215,-0.1382101068721769,-0.3504889609983583
74.02,74.02,82293.339307684,3.34,256,astribot_arm_left_joint_1,0.10710876192279953,0.10608155263100194,0.0010272092917975872,0.0010272092917975872,0.013335868989328403,0.00995013580510489,0.029439002503090984,0.10710876192279943,0.013335868989307937,0.029439002499508215
74.02,74.02,82293.339307684,3.34,256,astribot_arm_left_joint_2,-0.9741107277792538,-0.9656582824920852,-0.008452445287168597,-0.008452445287168597,-0.1127354256618621,-0.08154597366215662,-0.24886405832391645,-0.9741107277792536,-0.11273542566180549,-0.24886405831467995
74.02,74.02,82293.339307684,3.34,256,astribot_arm_left_joint_3,-0.34839427692841124,-0.34840627780111755,1.2000872706308119e-05,1.2000872706308119e-05,-0.001693158939016434,0.0003191278891052358,-0.0037376574713019967,-0.34839427692841113,-0.0016931589389832192,-0.003737657461443248
74.02,74.02,82293.339307684,3.34,256,astribot_arm_left_joint_4,0.805741898340852,0.8100598064928255,-0.004317908151973526,-0.004317908151973526,-0.05795179621445853,-0.04161789843375595,-0.1279289017634003,0.8057418983408523,-0.057951796214371507,-0.12792890174364097
74.02,74.02,82293.339307684,3.34,256,astribot_arm_left_joint_5,-0.8065380313897451,-0.7959917199175556,-0.01054631147218954,-0.01054631147218954,-0.1390837363538372,-0.10192004070516703,-0.3070280958325258,-0.8065380313897451,-0.13908373635385968,-0.30702809583886576
74.02,74.02,82293.339307684,3.34,256,astribot_arm_left_joint_6,-0.18801486814576862,-0.1850893349219277,-0.002925533223840926,-0.002925533223840926,-0.03884543841265975,-0.02824354333569027,-0.08575151416194943,-0.18801486814576862,-0.03884543841266297,-0.08575151416356348
74.02,74.02,82293.339307684,3.34,256,astribot_arm_left_joint_7,-0.7164667871543962,-0.705463443451795,-0.011003343702601143,-0.011003343702601143,-0.1460343766401465,-0.10623550580627832,-0.3223716716314991,-0.7164667871543964,-0.14603437664022262,-0.32237167164437014
74.04,74.04,82293.358949893,3.36,257,astribot_arm_left_joint_1,0.10738183965028476,0.10629020980679828,0.0010916298434864857,0.0010916298434864857,0.013997895209680786,0.010593624680425014,0.03667010531852115,0.1073818396502848,0.013997895209694274,0.036670105321668846
74.04,74.04,82293.358949893,3.36,257,astribot_arm_left_joint_2,-0.9764192038051878,-0.9673782635862569,-0.00904094021893087,-0.00904094021893087,-0.11833189693886934,-0.08747365661982932,-0.30999254234494505,-0.9764192038051881,-0.1183318969389514,-0.3099925423552167
74.04,74.04,82293.358949893,3.36,257,astribot_arm_left_joint_3,-0.348428947634587,-0.3484057100320701,-2.3237602516879008e-05,-2.3237602516879008e-05,-0.0017772116252700455,-6.323194644883554e-05,-0.004655738337796968,-0.348428947634587,-0.001777211625293976,-0.004655738345196484
74.04,74.04,82293.358949893,3.36,257,astribot_arm_left_joint_4,0.8045552231548107,0.8091807936158661,-0.004625570461055495,-0.004625570461055495,-0.06082866975313388,-0.044722206256706164,-0.1593520806459604,0.8045552231548105,-0.06082866975317871,-0.15935208065325626
74.04,74.04,82293.358949893,3.36,257,astribot_arm_left_joint_5,-0.8093860400710043,-0.7981361833075802,-0.01124985676342416,-0.01124985676342416,-0.14598820432433054,-0.10898322425669042,-0.3824434136783998,-0.8093860400710043,-0.14598820432435147,-0.3824434136786274
74.04,74.04,82293.358949893,3.36,257,astribot_arm_left_joint_6,-0.18881030367782187,-0.18568447309122135,-0.0031258305866005143,-0.0031258305866005143,-0.04077382409132539,-0.030258484719772293,-0.10681466044726684,-0.18881030367782187,-0.040773824091327855,-0.10681466044734793
74.04,74.04,82293.358949893,3.36,257,astribot_arm_left_joint_7,-0.7194571236476259,-0.7077017725884834,-0.011755351059142494,-0.011755351059142494,-0.15328389195053146,-0.11379947665855562,-0.4015558323550458,-0.7194571236476257,-0.15328389195047087,-0.4015558323405396
74.06,74.06,82293.381816013,3.38,258,astribot_arm_left_joint_1,0.1076694453074766,0.10651180595955682,0.0011576393479197783,0.0011576393479197783,0.01473068550811982,0.0112433168599226,0.026713448990978855,0.10766944530747666,0.01473068550812527,0.02671344899060568
74.06,74.06,82293.381816013,3.38,258,astribot_arm_left_joint_2,-0.978850492400799,-0.9692159683582786,-0.00963452404252041,-0.00963452404252041,-0.12452657583693771,-0.09336107508733324,-0.22582345740628096,-0.9788504924007988,-0.12452657583695048,-0.22582345741814927
74.06,74.06,82293.381816013,3.38,258,astribot_arm_left_joint_3,-0.3484654628470391,-0.3484119263294539,-5.35365175852176e-05,-5.35365175852176e-05,-0.0018702487154127433,-0.00038925383730793256,-0.0033916136389428933,-0.34846546284703894,-0.001870248715354999,-0.003391613624085243
74.06,74.06,82293.381816013,3.38,258,astribot_arm_left_joint_4,0.8033054160032079,0.8082402870414297,-0.004934871038221766,-0.004934871038221766,-0.06401305271874971,-0.04779495291399053,-0.11608485002970031,0.8033054160032073,-0.06401305271889542,-0.1160848500627611
74.06,74.06,82293.381816013,3.38,258,astribot_arm_left_joint_5,-0.8123855648436916,-0.8004216111338464,-0.011963953709845265,-0.011963953709845265,-0.15363069187053133,-0.11604421496835703,-0.2786024892097875,-0.812385564843692,-0.15363069187064307,-0.27860248923296316
74.06,74.06,82293.381816013,3.38,258,astribot_arm_left_joint_6,-0.18964805694703404,-0.18631970405448206,-0.0033283528925519834,-0.0033283528925519834,-0.042908335192922906,-0.032264790488875233,-0.07781237491061069,-0.18964805694703404,-0.04290833519292558,-0.07781237491047885
74.06,74.06,82293.381816013,3.38,258,astribot_arm_left_joint_7,-0.7226065481733074,-0.7100906383094541,-0.012515909863853314,-0.012515909863853314,-0.16130830899625928,-0.12133306152138186,-0.2925255095206778,-0.7226065481733078,-0.1613083089963505,-0.2925255095396437
74.09,74.09,82293.412025981,3.41,260,astribot_arm_left_joint_1,0.1081264065091346,0.10686899917462746,0.0012574073345071463,0.0012574073345071463,0.01585700731403135,0.012236376699699512,0.02562389718790485,0.10812640650913459,0.015857007314019764,0.025623897184556613
74.09,74.09,82293.412025981,3.41,260,astribot_arm_left_joint_2,-0.9827134364370022,-0.9721944251162289,-0.010519011320773264,-0.010519011320773264,-0.13404799272564807,-0.10221255190561546,-0.21661287754385405,-0.9827134364370022,-0.13404799272560594,-0.21661287753616323
74.09,74.09,82293.412025981,3.41,260,astribot_arm_left_joint_3,-0.3485234799094422,-0.34843195416907063,-9.152574037157857e-05,-9.152574037157857e-05,-0.0020132496577983405,-0.000796695496226632,-0.0032532811001545967,-0.3485234799094422,-0.0020132496578006915,-0.0032532811024640405
74.09,74.09,82293.412025981,3.41,260,astribot_arm_left_joint_4,0.8013196644591885,0.8067140227434342,-0.005394358284245726,-0.005394358284245726,-0.06890754979434353,-0.052398570607703254,-0.1113501391605985,0.8013196644591883,-0.06890754979436008,-0.11135013916594057
74.09,74.09,82293.412025981,3.41,260,astribot_arm_left_joint_5,-0.8171513488616879,-0.8041172349139362,-0.01303411394775178,-0.01303411394775178,-0.1653774363255137,-0.12673057849324507,-0.26723923002940564,-0.8171513488616882,-0.16537743632547108,-0.2672392300217351
74.09,74.09,82293.412025981,3.41,260,astribot_arm_left_joint_6,-0.19097911817972993,-0.18734831804759589,-0.0036308001321340433,-0.0036308001321340433,-0.046189146093117646,-0.03528895838813478,-0.0746386696486235,-0.19097911817972993,-0.046189146093118555,-0.07463866964898057
74.09,74.09,82293.412025981,3.41,260,astribot_arm_left_joint_7,-0.7276104998682729,-0.7139585002612066,-0.013651999607066312,-0.013651999607066312,-0.17364209114070037,-0.13269179052473443,-0.2805943771132793,-0.7276104998682731,-0.17364209114072476,-0.2805943771224087
74.11,74.11,82293.434237796,3.43,261,astribot_arm_left_joint_1,0.10844308758040581,0.10712373481199138,0.001319352768414439,0.001319352768414439,0.015804394170146657,0.01289949041064114,-0.043187984690884584,0.10844308758040586,0.015804394170157672,-0.04318798468864532
74.11,74.11,82293.434237796,3.43,261,astribot_arm_left_joint_2,-0.9853905154783023,-0.9743268421077979,-0.011063673370504401,-0.011063673370504401,-0.13360322492124,-0.10805158602397552,0.3650917567812506,-0.9853905154783025,-0.13360322492131396,0.3650917567696003
74.11,74.11,82293.434237796,3.43,261,astribot_arm_left_joint_3,-0.34856368661716114,-0.3484513536552161,-0.00011233296194501641,-0.00011233296194501641,-0.0020065697470608487,-0.0010246913350320816,0.005483266389365693,-0.34856368661716103,-0.0020065697470349384,0.005483266398908012
74.11,74.11,82293.434237796,3.43,261,astribot_arm_left_joint_4,0.799943508400519,0.8056203121130872,-0.005676803712568179,-0.005676803712568179,-0.06867891631013083,-0.05542748027427116,0.1876759054765771,0.7999435084005186,-0.06867891631020775,0.18767590545438156
74.11,74.11,82293.434237796,3.43,261,astribot_arm_left_joint_5,-0.8204541097586536,-0.806758794021363,-0.013695315737290659,-0.013695315737290659,-0.164828718230218,-0.1338147712408198,0.45042031240103286,-0.8204541097586538,-0.16482871823028325,0.45042031238516317
74.11,74.11,82293.434237796,3.43,261,astribot_arm_left_joint_6,-0.1919015638831472,-0.18808427543541725,-0.0038172884477299385,-0.0038172884477299385,-0.04603589169018209,-0.0372877374896022,0.12580029098495338,-0.19190156388314722,-0.04603589169018594,0.12580029098483891
74.11,74.11,82293.434237796,3.43,261,astribot_arm_left_joint_7,-0.7310783145921529,-0.7167257073066151,-0.014352607285537777,-0.014352607285537777,-0.17306595113271533,-0.14020070848585114,0.47292984260860327,-0.7310783145921529,-0.17306595113266868,0.4729298426230621
74.13,74.13,82293.454902149,3.45,262,astribot_arm_left_joint_1,0.10875002166469797,0.10738995195545718,0.0013600697092407826,0.0013600697092407826,0.014987270109384705,0.013428186681625206,-0.032272985797266625,0.108750021664698,0.014987270109391198,-0.032272985796096436
74.13,74.13,82293.454902149,3.45,262,astribot_arm_left_joint_2,-0.987985197884866,-0.9765603091985994,-0.011424888686266677,-0.011424888686266677,-0.12669562640771312,-0.1127099754496116,0.27282127575192666,-0.9879851978848657,-0.12669562640763907,0.272821275764281
74.13,74.13,82293.454902149,3.45,262,astribot_arm_left_joint_3,-0.34860265582036126,-0.3484746699321433,-0.00012798588821794077,-0.00012798588821794077,-0.0019028254084176616,-0.001208298197055757,0.004097467856437727,-0.3486026558203614,-0.0019028254084539461,0.0040974678468540466
74.13,74.13,82293.454902149,3.45,262,astribot_arm_left_joint_4,0.7986097084420453,0.80447418892117,-0.00586448047912469,-0.00586448047912469,-0.06512805606346439,-0.05784428214749662,0.14024414136048247,0.7986097084420457,-0.06512805606334847,0.1402441413887853
74.13,74.13,82293.454902149,3.45,262,astribot_arm_left_joint_5,-0.8236552164350862,-0.8095229765136696,-0.014132239921416656,-0.014132239921416656,-0.1563066888427333,-0.13946509183346134,0.3365845488760593,-0.8236552164350862,-0.15630668884268156,0.33658454888927025
74.13,74.13,82293.454902149,3.45,262,astribot_arm_left_joint_6,-0.19279561803722417,-0.18885482633326284,-0.003940791703961333,-0.003940791703961333,-0.04365572865742611,-0.038882205335572004,0.09400649355322244,-0.1927956180372242,-0.043655728657430136,0.09400649355050211
74.13,74.13,82293.454902149,3.45,262,astribot_arm_left_joint_7,-0.7344393949765783,-0.7196228746846626,-0.014816520291915714,-0.014816520291915714,-0.1641180375809747,-0.1461906649655837,0.35340519369814644,-0.7344393949765788,-0.16411803758106808,0.3534051936792572
74.15,74.15,82293.475724111,3.47,263,astribot_arm_left_joint_1,0.10904354475886827,0.10766319733694703,0.001380347421921238,0.001380347421921238,0.014322867748995122,0.0137238410754468,-0.04267306649791246,0.10904354475886811,0.01432286774896217,-0.04267306650356479
74.15,74.15,82293.475724111,3.47,263,astribot_arm_left_joint_2,-0.9904665098255714,-0.9788564222493722,-0.01161008757619919,-0.01161008757619919,-0.12107906831385959,-0.11536241828850143,0.3607388704609992,-0.9904665098255703,-0.12107906831355138,0.3607388705183118
74.15,74.15,82293.475724111,3.47,263,astribot_arm_left_joint_3,-0.34863992232703545,-0.34850087037786953,-0.00013905194916591368,-0.00013905194916591368,-0.0018184710408743635,-0.001340185813442623,0.005417890939704536,-0.3486399223270353,-0.001818471040801829,0.005417890957131847
74.15,74.15,82293.475724111,3.47,263,astribot_arm_left_joint_4,0.797334186723049,0.8032954837151594,-0.005961296992110343,-0.005961296992110343,-0.06224085686938339,-0.0592257158899163,0.18543829846863552,0.7973341867230487,-0.06224085686944839,0.18543829845995088
74.15,74.15,82293.475724111,3.47,263,astribot_arm_left_joint_5,-0.8267164559145719,-0.8123627908597194,-0.014353665054852471,-0.014353665054852471,-0.14937743940219456,-0.14265903536670754,0.4450500778088664,-0.8267164559145724,-0.1493774394023301,0.44505007778325006
74.15,74.15,82293.475724111,3.47,263,astribot_arm_left_joint_6,-0.19365060793600194,-0.18964678060533427,-0.004003827330667675,-0.004003827330667675,-0.04172042162994944,-0.03978751019499108,0.1243004095140379,-0.19365060793600178,-0.04172042162989724,0.12430040952524327
74.15,74.15,82293.475724111,3.47,263,astribot_arm_left_joint_7,-0.7376536183707209,-0.7226004327938911,-0.015053185576829775,-0.015053185576829775,-0.156842502359491,-0.14959060802087504,0.4672912332056104,-0.7376536183707205,-0.15684250235938216,0.4672912332276564
74.17,74.17,82293.49819603,3.49,264,astribot_arm_left_joint_1,0.10932250165507558,0.10793959131231855,0.0013829103427570322,0.0013829103427570322,0.013598501376380658,0.013835923336604713,-0.03308781700971631,0.10932250165507568,0.013598501376404254,-0.033087817005006105
74.17,74.17,82293.49819603,3.49,264,astribot_arm_left_joint_2,-0.9928246856940086,-0.981181770340522,-0.011642915353486605,-0.011642915353486605,-0.11495560148792507,-0.11643393342641989,0.2797094915522057,-0.9928246856940092,-0.11495560148803513,0.27970949154176766
74.17,74.17,82293.49819603,3.49,264,astribot_arm_left_joint_3,-0.34867533946878887,-0.3485290839716087,-0.00014625549718016995,-0.00014625549718016995,-0.001726503475702325,-0.001430840004658975,0.004200921089974785,-0.348675339468789,-0.0017265034757512623,0.004200921077958573
74.17,74.17,82293.49819603,3.49,264,astribot_arm_left_joint_4,0.7961219632665518,0.8021014433901086,-0.005979480123556757,-0.005979480123556757,-0.05909308056468847,-0.059791062663118136,0.1437850379227563,0.7961219632665515,-0.05909308056475462,0.1437850379142332
74.17,74.17,82293.49819603,3.49,264,astribot_arm_left_joint_5,-0.8296257801916271,-0.8152373319672277,-0.014388448224399442,-0.014388448224399442,-0.1418228074795437,-0.14391746017829418,0.3450826654396494,-0.8296257801916275,-0.1418228074795606,0.34508266544308713
74.17,74.17,82293.49819603,3.49,264,astribot_arm_left_joint_6,-0.19446316862778004,-0.19044866049768241,-0.004014508130097627,-0.004014508130097627,-0.03961044819389524,-0.04014971595490863,0.09637997784001903,-0.1944631686277801,-0.03961044819389756,0.09637997784039846
74.17,74.17,82293.49819603,3.49,264,astribot_arm_left_joint_7,-0.740708334676033,-0.7256152462799239,-0.015093088396109122,-0.015093088396109122,-0.1489103314777992,-0.1509494928529391,0.3623279994021144,-0.7407083346760336,-0.14891033147794544,0.3623279993659762
74.19,74.19,82293.517309879,3.51,265,astribot_arm_left_joint_1,0.1095880524876411,0.10821578452058862,0.0013722679670524762,0.0013722679670524762,0.012921171280782642,0.013790217417958692,-0.04056546322551291,0.10958805248764114,0.012921171280787088,-0.04056546322617781
74.19,74.19,82293.517309879,3.51,265,astribot_arm_left_joint_2,-0.9950695327428306,-0.9835075420170338,-0.011561990725796778,-0.011561990725796778,-0.10922975814745814,-0.11614801418936728,0.3429221423675418,-0.9950695327428306,-0.10922975814748173,0.34292214235513496
74.19,74.19,82293.517309879,3.51,265,astribot_arm_left_joint_3,-0.34870905453949574,-0.34855857892437286,-0.00015047561512288032,-0.00015047561512288032,-0.001640507766919254,-0.001486940426499286,0.005150303805475877,-0.34870905453949586,-0.0016405077669651056,0.0051503037960879345
74.19,74.19,82293.517309879,3.51,265,astribot_arm_left_joint_4,0.7949679966412243,0.8009069368063906,-0.005938940165166273,-0.005938940165166273,-0.05614970314400752,-0.05965585721467555,0.17627958551123535,0.7949679966412248,-0.05614970314386571,0.1762795855388354
74.19,74.19,82293.517309879,3.51,265,astribot_arm_left_joint_5,-0.8323952886514588,-0.81811130941944,-0.01428397923201885,-0.01428397923201885,-0.1347587308515849,-0.14351326295330155,0.42306925755109026,-0.8323952886514581,-0.13475873085142553,0.4230692575761935
74.19,74.19,82293.517309879,3.51,265,astribot_arm_left_joint_6,-0.19523667941437545,-0.19125056650802083,-0.003986112906354616,-0.003986112906354616,-0.03763748456209228,-0.04004551975908822,0.11816126903610863,-0.19523667941437545,-0.03763748456210049,0.11816126903333117
74.19,74.19,82293.517309879,3.51,265,astribot_arm_left_joint_7,-0.7436162479384603,-0.7286301104041218,-0.014986137534338417,-0.014986137534338417,-0.14149323114716408,-0.15055552847720044,0.4442119324860708,-0.7436162479384599,-0.14149323114707257,0.4442119325050795
74.21,74.21,82293.537825754,3.5300000000000002,266,astribot_arm_left_joint_1,0.10983938253103584,0.10848925394481118,0.0013501285862246581,0.0013501285862246581,0.012201392834909772,0.013624262770193775,-0.04093986408231133,0.1098393825310359,0.012201392834923655,-0.04093986407949834
74.21,74.21,82293.537825754,3.5300000000000002,266,astribot_arm_left_joint_2,-0.9971941636496299,-0.985812005882641,-0.01138215776698892,-0.01138215776698892,-0.10314507558641986,-0.11482647937557772,0.34608715840883514,-0.9971941636496298,-0.10314507558635808,0.3460871584173993
74.21,74.21,82293.537825754,3.5300000000000002,266,astribot_arm_left_joint_3,-0.3487409640993417,-0.34858878660562215,-0.0001521774937195408,-0.0001521774937195408,-0.0015491226978607965,-0.001516012095209469,0.005197838757182638,-0.3487409640993415,-0.0015491226978172643,0.005197838767099428
74.21,74.21,82293.537825754,3.5300000000000002,266,astribot_arm_left_joint_4,0.7938758272843545,0.7997231822349674,-0.0058473549506129485,-0.0058473549506129485,-0.053021863942076475,-0.058986055568680924,0.17790656628828216,0.7938758272843545,-0.05302186394210853,0.17790656627400192
74.21,74.21,82293.537825754,3.5300000000000002,266,astribot_arm_left_joint_5,-0.8350164842796801,-0.8209581191848574,-0.014058365094822722,-0.014058365094822722,-0.12725194777802415,-0.14184118419762753,0.42697399521121404,-0.8350164842796803,-0.12725194777804139,0.4269739952116459
74.21,74.21,82293.537825754,3.5300000000000002,266,astribot_arm_left_joint_6,-0.19596876711932892,-0.1920450333811067,-0.003923733738222218,-0.003923733738222218,-0.03554087508640519,-0.03958555827084058,0.11925184403018417,-0.19596876711932895,-0.03554087508640712,0.11925184403018628
74.21,74.21,82293.537825754,3.5300000000000002,266,astribot_arm_left_joint_7,-0.7463684365095634,-0.7316169695440425,-0.014751466965520876,-0.014751466965520876,-0.133611300337311,-0.14882453866759715,0.4483118074670639,-0.7463684365095637,-0.13361130033738006,0.4483118074539945
74.24,74.24,82293.567576804,3.56,268,astribot_arm_left_joint_1,0.11018869538683525,0.10888962840825059,0.0012990669785846592,0.0012990669785846592,0.011029573842624528,0.013184143824420715,-0.03788440302920942,0.11018869538683525,0.01102957384262455,-0.03788440302918392
74.24,74.24,82293.567576804,3.56,268,astribot_arm_left_joint_2,-1.0001470970894568,-0.9891881303130852,-0.010958966776371648,-0.010958966776371648,-0.09323904599043942,-0.11119992135644939,0.32025766786271165,-1.0001470970894568,-0.0932390459904397,0.3202576678624171
74.24,74.24,82293.567576804,3.56,268,astribot_arm_left_joint_3,-0.34878531382898964,-0.34863440560062936,-0.00015090822836028028,-0.00015090822836028028,-0.0014003453063142154,-0.0015180629062609566,0.004809908951970921,-0.34878531382898964,-0.0014003453063141796,0.0048099089520381106
74.24,74.24,82293.567576804,3.56,268,astribot_arm_left_joint_4,0.7923578679034868,0.7979886724036167,-0.005630804500129871,-0.005630804500129871,-0.04792965619050221,-0.0571328346137693,0.16462888213838425,0.7923578679034868,-0.047929656190502316,0.1646288821382931
74.24,74.24,82293.567576804,3.56,268,astribot_arm_left_joint_5,-0.838659571744019,-0.8251276385807771,-0.01353193316324186,-0.01353193316324186,-0.11503069966065549,-0.13731888342193557,0.3951076849263102,-0.8386595717440188,-0.11503069966065607,0.39510768492550863
74.24,74.24,82293.567576804,3.56,268,astribot_arm_left_joint_6,-0.19698626444459388,-0.19320882844017032,-0.0037774360044235678,-0.0037774360044235678,-0.03212753752793141,-0.03833063685629144,0.11035173229811547,-0.19698626444459388,-0.032127537527931425,0.11035173229813065
74.24,74.24,82293.567576804,3.56,268,astribot_arm_left_joint_7,-0.7501935854511118,-0.7359922954963416,-0.014201289954770213,-0.014201289954770213,-0.12077930144681683,-0.14410471698815372,0.4148529942218838,-0.7501935854511118,-0.120779301446817,0.41485299422173044
74.27,74.27,82293.598618757,3.59,269,astribot_arm_left_joint_1,0.11050196038379842,0.10927274865369767,0.0012292117301007516,0.0012292117301007516,0.009833780400980272,0.01254466748973678,-0.03375494899062162,0.11050196038379842,0.009833780400980765,-0.03375494899043548
74.27,74.27,82293.598618757,3.59,269,astribot_arm_left_joint_2,-1.0027952981782573,-0.9924206882452926,-0.010374609932964685,-0.010374609932964685,-0.08313034720557551,-0.10586260933950338,0.28534912465655043,-1.0027952981782573,-0.08313034720557551,0.28534912465656254
74.27,74.27,82293.598618757,3.59,269,astribot_arm_left_joint_3,-0.34882508682243335,-0.34867924685357216,-0.00014583996886119444,-0.00014583996886119444,-0.0012485240521821687,-0.0014791038461792378,0.004285622006653891,-0.34882508682243335,-0.0012485240521816902,0.004285622006746604
74.27,74.27,82293.598618757,3.59,269,astribot_arm_left_joint_4,0.7909965565948903,0.7963276944412839,-0.005331137846393608,-0.005331137846393608,-0.04273326607147927,-0.054397212932899154,0.1466840988535191,0.7909965565948903,-0.042733266071480654,0.14668409885294895
74.27,74.27,82293.598618757,3.59,269,astribot_arm_left_joint_5,-0.8419267053879868,-0.8291188629978093,-0.012807842390177404,-0.012807842390177404,-0.1025594148943979,-0.13069904323314396,0.35204038295218054,-0.8419267053879866,-0.10255941489439283,0.35204038295403484
74.27,74.27,82293.598618757,3.59,269,astribot_arm_left_joint_6,-0.1978987596225333,-0.1943230249829133,-0.0035757346396200207,-0.0035757346396200207,-0.02864436590042974,-0.03648767759449669,0.09832323586726864,-0.19789875962253328,-0.02864436590042997,0.09832323586718755
74.27,74.27,82293.598618757,3.59,269,astribot_arm_left_joint_7,-0.7536239924678116,-0.740181110865607,-0.013442881602204637,-0.013442881602204637,-0.10768477045068425,-0.1371748146505712,0.3696334253343775,-0.7536239924678116,-0.10768477045068431,0.36963342533454596
74.29,74.29,82293.619017046,3.61,269,astribot_arm_left_joint_1,0.11069089676220001,0.10951595558055875,0.0011749411816412564,0.0011749411816412564,0.009002899174259426,0.012028575403589013,-0.045878330526083574,0.11069089676220013,0.009002899174274106,-0.04587833052472229
74.29,74.29,82293.619017046,3.61,269,astribot_arm_left_joint_2,-1.0043924811634226,-0.9944734975078259,-0.009918983655596736,-0.009918983655596736,-0.07610645181171204,-0.10153482699595456,0.3878347278681471,-1.0043924811634226,-0.07610645181171197,0.38783472786815365
74.29,74.29,82293.619017046,3.61,269,astribot_arm_left_joint_3,-0.3488490747094052,-0.34870818248659113,-0.00014089222281404856,-0.00014089222281404856,-0.0011430330655888194,-0.0014351637336903905,0.005824840179406817,-0.34884907470940535,-0.0011430330656277497,0.005824840173153336
74.29,74.29,82293.619017046,3.61,269,astribot_arm_left_joint_4,0.7901755225469862,0.7952728145056212,-0.005097291958634953,-0.005097291958634953,-0.0391226232578996,-0.05217661517971046,0.19936696014424055,0.7901755225469859,-0.03912262325794832,0.19936696014019015
74.29,74.29,82293.619017046,3.61,269,astribot_arm_left_joint_5,-0.8438971789628514,-0.8316530656276326,-0.012244113335218798,-0.012244113335218798,-0.09389390793961774,-0.125341839056442,0.47847872770729705,-0.8438971789628504,-0.09389390793948012,0.4784787277210226
74.29,74.29,82293.619017046,3.61,269,astribot_arm_left_joint_6,-0.19844910369512417,-0.19503054311615609,-0.003418560578968083,-0.003418560578968083,-0.02622413025278155,-0.0349944669527096,0.13363687542971453,-0.19844910369512422,-0.026224130252782973,0.13363687542996666
74.29,74.29,82293.619017046,3.61,269,astribot_arm_left_joint_7,-0.7556929394758155,-0.7428410040055567,-0.012851935470258757,-0.012851935470258757,-0.0985862091120618,-0.13156049799290448,0.5023904632459222,-0.7556929394758152,-0.09858620911197831,0.5023904632574062
74.32,74.32,82293.653018053,3.64,270,astribot_arm_left_joint_1,0.11094438399851785,0.10985958860364417,0.001084795394873675,0.001084795394873675,0.0077806759278810506,0.011158599263080772,-0.05602652175501252,0.11094438399851765,0.007780675927857262,-0.056026521757305436
74.32,74.32,82293.653018053,3.64,270,astribot_arm_left_joint_2,-1.0065353480068957,-0.9973747740939205,-0.0091605739129752,-0.0091605739129752,-0.0657743273697908,-0.09422090869009006,0.47362296253190683,-1.0065353480068957,-0.06577432736980238,0.4736229625327814
74.32,74.32,82293.653018053,3.64,270,astribot_arm_left_joint_3,-0.34888125815245136,-0.3487495667800802,-0.00013169137237117878,-0.00013169137237117878,-0.000987856210109139,-0.0013496459131079614,0.007113282698322856,-0.34888125815245147,-0.0009878562101296473,0.007113282697093349
74.32,74.32,82293.653018053,3.64,270,astribot_arm_left_joint_4,0.7890739789824989,0.7937818361834997,-0.004707857201000865,-0.004707857201000865,-0.03381138088131073,-0.04842162774505764,0.24346651681409526,0.7890739789824986,-0.033811380881345776,0.2434665168112741
74.32,74.32,82293.653018053,3.64,270,astribot_arm_left_joint_5,-0.846540872596412,-0.8352342885438065,-0.011306584052605428,-0.011306584052605428,-0.08114697889365147,-0.11629779838495195,0.5843172265164136,-0.8465408725964125,-0.081146978893723,0.5843172265083866
74.32,74.32,82293.653018053,3.64,270,astribot_arm_left_joint_6,-0.1991874749879633,-0.19603044675326237,-0.0031570282347009315,-0.0031570282347009315,-0.02266397246454251,-0.03247201092246703,0.16319707415700868,-0.19918747498796333,-0.022663972464544116,0.16319707415711748
74.32,74.32,82293.653018053,3.64,270,astribot_arm_left_joint_7,-0.7584687503788439,-0.7466000934211867,-0.011868656957657153,-0.011868656957657153,-0.08520225865114815,-0.12207674510231774,0.6135181881745821,-0.7584687503788436,-0.08520225865109544,0.6135181881815818
74.34,74.34,82293.672598991,3.66,271,astribot_arm_left_joint_1,0.11108997964022553,0.11007322489771247,0.0010167547425130596,0.0010167547425130596,0.006794740020102447,0.010515675476750036,-0.043288264847086214,0.11108997964022554,0.006794740020103068,-0.0432882648469529
74.34,74.34,82293.672598991,3.66,271,astribot_arm_left_joint_2,-1.0077661479386886,-0.9991788975264135,-0.008587250412275038,-0.008587250412275038,-0.05743966958896162,-0.08880660419176727,0.36593948002922727,-1.0077661479386886,-0.057439669588961274,0.3659394800292457
74.34,74.34,82293.672598991,3.66,271,astribot_arm_left_joint_3,-0.348899743379206,-0.34877554355491813,-0.0001241998242878517,-0.0001241998242878517,-0.0008626790509390132,-0.0012807638801112492,0.005495998245763014,-0.348899743379206,-0.0008626790509362369,0.005495998246276111
74.34,74.34,82293.672598991,3.66,271,astribot_arm_left_joint_4,0.7884412846327926,0.7928546422544309,-0.004413357621638303,-0.004413357621638303,-0.02952693891116926,-0.04564082097445628,0.18811167872863344,0.7884412846327926,-0.029526938911166648,0.1881116787286666
74.34,74.34,82293.672598991,3.66,271,astribot_arm_left_joint_5,-0.8480593327628856,-0.8374610217398368,-0.010598311023048756,-0.010598311023048756,-0.07086436064321522,-0.10960747905267376,0.451466163923499,-0.8480593327628856,-0.0708643606432146,0.45146616392339156
74.34,74.34,82293.672598991,3.66,271,astribot_arm_left_joint_6,-0.1996115738252906,-0.19665220183667084,-0.002959371988619758,-0.002959371988619758,-0.019792085179644557,-0.030605226018068733,0.12609239243805742,-0.1996115738252906,-0.01979208517964388,0.12609239243809892
74.34,74.34,82293.672598991,3.66,271,astribot_arm_left_joint_7,-0.760063094834041,-0.748937542578387,-0.011125552255654036,-0.011125552255654036,-0.07440577168713325,-0.11505834616373047,0.4740279600707933,-0.7600630948340409,-0.07440577168713636,0.47402796007004316
74.37,74.37,82293.706620857,3.69,272,astribot_arm_left_joint_1,0.11128321402416262,0.11036773552088086,0.0009154785032817608,0.0009154785032817608,0.006348817770324669,0.009471230739439127,0.05895826113905941,0.11128321402416262,0.006348817770324705,0.05895826113908229
74.37,74.37,82293.706620857,3.69,272,astribot_arm_left_joint_2,-1.0093988176473832,-1.0016664069638637,-0.007732410683519486,-0.007732410683519486,-0.05294144848151935,-0.0800012350086594,-0.10053927228908238,-1.0093988176473832,-0.05294144848151951,-0.10053927228917929
74.37,74.37,82293.706620857,3.69,272,astribot_arm_left_joint_3,-0.34892403987557036,-0.34881161019909396,-0.0001124296764763999,-0.0001124296764763999,-0.0006020503923722655,-0.0011628831876825208,0.10392084437781597,-0.34892403987557036,-0.0006020503923723613,0.10392084437776063
74.37,74.37,82293.706620857,3.69,272,astribot_arm_left_joint_4,0.7876020578366023,0.7915761867156801,-0.003974128879077776,-0.003974128879077776,-0.02717224157695846,-0.0411172093086458,-0.028539297647604267,0.7876020578366023,-0.027172241576958495,-0.02853929764761517
74.37,74.37,82293.706620857,3.69,272,astribot_arm_left_joint_5,-0.8500737474212329,-0.8405310087115981,-0.009542738709634735,-0.009542738709634735,-0.06545291369433431,-0.09873189641743559,-0.19944447890556766,-0.8500737474212329,-0.06545291369433441,-0.19944447890561262
74.37,74.37,82293.706620857,3.69,272,astribot_arm_left_joint_6,-0.20017414926419042,-0.19750944874169019,-0.0026647005225002296,-0.0026647005225002296,-0.01824526234130764,-0.0275697946316077,-0.036355970433499425,-0.20017414926419042,-0.018245262341307737,-0.03635597043355685
74.37,74.37,82293.706620857,3.69,272,astribot_arm_left_joint_7,-0.762178004480811,-0.752160299112298,-0.010017705368512986,-0.010017705368512986,-0.06857383178557742,-0.10364650064996134,-0.12746846088650396,-0.762178004480811,-0.06857383178557719,-0.12746846088635527
74.39,74.39,82293.725972258,3.71,272,astribot_arm_left_joint_1,0.11142418813035415,0.11054845672498272,0.0008757314053714355,0.0008757314053714355,0.0071194216805035735,0.00891733539663905,-0.10312263543990041,0.11142418813035417,0.007119421680505264,-0.1031226354397968
74.39,74.39,82293.725972258,3.71,272,astribot_arm_left_joint_2,-1.0104854753441606,-1.0031894720681336,-0.007296003276026974,-0.007296003276026974,-0.05363003463982434,-0.0749824036644344,0.4375406524068417,-1.0104854753441606,-0.05363003463983124,0.437540652406424
74.39,74.39,82293.725972258,3.71,272,astribot_arm_left_joint_3,-0.34891251673336926,-0.3488328777291105,-7.963900425878023e-05,-7.963900425878023e-05,0.0009313734939036121,-0.0010024563569076628,-0.10849034678578828,-0.34891251673336937,0.0009313734938978829,-0.10849034678630408
74.39,74.39,82293.725972258,3.71,272,astribot_arm_left_joint_4,0.7870495719064142,0.7907935896029383,-0.0037440176965241045,-0.0037440176965241045,-0.02718733926382183,-0.03851842256245273,0.19966123889107423,0.7870495719064143,-0.027187339263810745,0.1996612388927358
74.39,74.39,82293.725972258,3.71,272,astribot_arm_left_joint_5,-0.8514342912362911,-0.842411281577755,-0.009023009658536085,-0.009023009658536085,-0.06740658337879002,-0.09259989949459016,0.6220974872600751,-0.851434291236291,-0.06740658337877753,0.6220974872621569
74.39,74.39,82293.725972258,3.71,272,astribot_arm_left_joint_6,-0.2005490331510299,-0.19803433137707593,-0.0025147017739539645,-0.0025147017739539645,-0.01850761189668591,-0.025841258338006864,0.1526335895235682,-0.2005490331510299,-0.01850761189669047,0.15263358952320366
74.39,74.39,82293.725972258,3.71,272,astribot_arm_left_joint_7,-0.7635849002025322,-0.7541334691574649,-0.009451431045067293,-0.009451431045067293,-0.06942528656494636,-0.097139950851429,0.5637580086010505,-0.7635849002025322,-0.06942528656493184,0.5637580086022984
74.41,74.41,82293.755867563,3.73,272,astribot_arm_left_joint_1,0.11152633868322452,0.11072114674641352,0.0008051919368110005,0.0008051919368110005,0.0027090125236894635,0.00851168810917061,-0.19243850637473914,0.11152633868322458,0.002709012523690549,-0.19243850637501841
74.41,74.41,82293.755867563,3.73,272,astribot_arm_left_joint_2,-1.011406150823002,-1.004626152439294,-0.006779998383707797,-0.006779998383707797,-0.037246630990690394,-0.07070800442881757,0.7045992862860562,-1.0114061508230023,-0.037246630990694994,0.704599286287158
74.41,74.41,82293.755867563,3.73,272,astribot_arm_left_joint_3,-0.3489414859636782,-0.34884801768452706,-9.34682791511321e-05,-9.34682791511321e-05,-0.004360911022948846,-0.0007176056190847012,-0.23378855182114933,-0.34894148596367847,-0.004360911022966517,-0.23378855182166822
74.41,74.41,82293.755867563,3.73,272,astribot_arm_left_joint_4,0.7865729736969006,0.7900564620339605,-0.0034834883370599146,-0.0034834883370599146,-0.01998114699774481,-0.036272580012696246,0.3085585289653552,0.7865729736969014,-0.01998114699765394,0.3085585289723547
74.41,74.41,82293.755867563,3.73,272,astribot_arm_left_joint_5,-0.8525593154247276,-0.8441884175551989,-0.008370897869528715,-0.008370897869528715,-0.04323288786041088,-0.08748350113402832,1.0440584049537733,-0.8525593154247266,-0.04323288786029097,1.0440584049635009
74.41,74.41,82293.755867563,3.73,272,astribot_arm_left_joint_6,-0.20086602586096353,-0.19852951699395335,-0.002336508867010173,-0.002336508867010173,-0.012772370541083523,-0.024371543973013457,0.2467553823728439,-0.20086602586096372,-0.01277237054109667,0.24675538237240177
74.41,74.41,82293.755867563,3.73,272,astribot_arm_left_joint_7,-0.7647779153926765,-0.7559945596639662,-0.008783355728710251,-0.008783355728710251,-0.04834804581419244,-0.09159474021897293,0.9063043221900493,-0.7647779153926759,-0.0483480458141544,0.9063043221905814
74.43,74.43,82293.780841208,3.75,273,astribot_arm_left_joint_1,0.1115570581656108,0.11087620757290446,0.0006808505927063391,0.0006808505927063391,0.00044795780277238597,0.007454163298655548,-0.10922780316111282,0.1115570581656108,0.0004479578027723537,-0.10922780316111662
74.43,74.43,82293.780841208,3.75,273,astribot_arm_left_joint_2,-1.0120465364346403,-1.0059490844624277,-0.006097451972212564,-0.006097451972212564,-0.026153549391581835,-0.06449321854866326,0.646960967708765,-1.0120465364346403,-0.026153549391581224,0.6469609677088257
74.43,74.43,82293.780841208,3.75,273,astribot_arm_left_joint_3,-0.34905198469671034,-0.3488708552314625,-0.00018112946524784235,-0.00018112946524784235,-0.006319751585942443,-0.0013490720241766765,-0.06352703272067038,-0.3490519846967103,-0.00631975158594215,-0.06352703272063938
74.43,74.43,82293.780841208,3.75,273,astribot_arm_left_joint_4,0.7862216383280757,0.7893757447601271,-0.0031541064320513845,-0.0031541064320513845,-0.014745288806410019,-0.03323684409140876,0.3164934849736723,0.7862216383280757,-0.014745288806409861,0.31649348497367696
74.43,74.43,82293.780841208,3.75,273,astribot_arm_left_joint_5,-0.8532772176697572,-0.8458184787974731,-0.007458738872284099,-0.007458738872284099,-0.02802696804356796,-0.07929714550749971,0.8505535683267996,-0.8532772176697572,-0.028026968043568554,0.8505535683267165
74.43,74.43,82293.780841208,3.75,273,astribot_arm_left_joint_6,-0.20108504557020115,-0.1989853474185596,-0.0020996981516415436,-0.0020996981516415436,-0.00891547537828569,-0.022217953814246492,0.22411446919118694,-0.20108504557020115,-0.00891547537828565,0.2241144691911891
74.43,74.43,82293.780841208,3.75,273,astribot_arm_left_joint_7,-0.7656101012657077,-0.7577085081719815,-0.007901593093726178,-0.007901593093726178,-0.034034161143957076,-0.08356129353405387,0.8361329803063708,-0.7656101012657077,-0.034034161143957145,0.8361329803063631
74.45,74.45,82293.802105964,3.77,273,astribot_arm_left_joint_1,0.1115457566024779,0.1110054861209763,0.000540270481501598,0.000540270481501598,-0.001464307416118344,0.006119348897030265,-0.07568245471983373,0.1115457566024779,-0.0014643074161185335,-0.07568245471984608
74.45,74.45,82293.802105964,3.77,273,astribot_arm_left_joint_2,-1.0124488953036148,-1.0071305716693748,-0.0053183236342400075,-0.0053183236342400075,-0.014933116072030359,-0.057174201044704526,0.39783140977132514,-1.0124488953036146,-0.014933116072028492,0.39783140977136733
74.45,74.45,82293.802105964,3.77,273,astribot_arm_left_joint_3,-0.3491899654203074,-0.3489118880759444,-0.00027807734436297027,-0.00027807734436297027,-0.007461607252978128,-0.0022919899184218775,-0.05814038417032086,-0.34918996542030734,-0.00746160725297721,-0.05814038417030003
74.45,74.45,82293.802105964,3.77,273,astribot_arm_left_joint_4,0.7859858436490691,0.7887632790591402,-0.0027774354100711385,-0.0027774354100711385,-0.009265049347819906,-0.029705505856118922,0.19043184826564846,0.7859858436490691,-0.00926504934782049,0.19043184826554616
74.45,74.45,82293.802105964,3.77,273,astribot_arm_left_joint_5,-0.8536792491775012,-0.8472594925172094,-0.006419756660291709,-0.006419756660291709,-0.013246896704678678,-0.06951398322628433,0.5366690858206371,-0.8536792491775012,-0.01324689670468249,0.5366690858203825
74.45,74.45,82293.802105964,3.77,273,astribot_arm_left_joint_6,-0.20122154340270415,-0.19939210341442085,-0.0018294399882833046,-0.0018294399882833046,-0.005027941254996421,-0.019678618092879577,0.1381231599371676,-0.20122154340270412,-0.005027941254996386,0.1381231599371624
74.45,74.45,82293.802105964,3.77,273,astribot_arm_left_joint_7,-0.7661347690109198,-0.7592397319550496,-0.006895037055870246,-0.006895037055870246,-0.019533914496380544,-0.07410644738937638,0.5136569876109991,-0.7661347690109198,-0.019533914496380547,0.5136569876110195
74.47,74.47,82293.827568688,3.79,273,astribot_arm_left_joint_1,0.1115048486487165,0.11110633776162872,0.00039851088708778293,0.00039851088708778293,-0.0024460221341297077,0.004682459266991754,-0.022139368494866363,0.1115048486487165,-0.0024460221341302516,-0.022139368494889157
74.47,74.47,82293.827568688,3.79,273,astribot_arm_left_joint_2,-1.0127014677876627,-1.0081543978112768,-0.004547069976385876,-0.004547069976385876,-0.012109528797155902,-0.04919937791966625,-0.13168351763017627,-1.0127014677876627,-0.012109528797154667,-0.13168351763031583
74.47,74.47,82293.827568688,3.79,273,astribot_arm_left_joint_3,-0.3493523260752954,-0.34897249102043176,-0.0003798350548636642,-0.0003798350548636642,-0.008870122497327756,-0.0032795211276971333,-0.08646706730584322,-0.34935232607529537,-0.008870122497327184,-0.08646706730591536
74.47,74.47,82293.827568688,3.79,273,astribot_arm_left_joint_4,0.7858212014262114,0.7882270452870371,-0.0024058438608257626,-0.0024058438608257626,-0.00813207150727942,-0.025849023187212352,-0.08623828316667648,0.7858212014262114,-0.00813207150728438,-0.0862382831670404
74.47,74.47,82293.827568688,3.79,273,astribot_arm_left_joint_5,-0.8538774402372161,-0.8484902970794539,-0.005387143157762231,-0.005387143157762231,-0.008725641870598617,-0.05888288959714433,-0.10203098566394386,-0.8538774402372163,-0.008725641870609997,-0.10203098566446595
74.47,74.47,82293.827568688,3.79,273,astribot_arm_left_joint_6,-0.20130599642223093,-0.19974417224367513,-0.0015618241785557985,-0.0015618241785557985,-0.004031439180537673,-0.01691248306551129,-0.044001679277654304,-0.2013059964222309,-0.004031439180537939,-0.0440016792776823
74.47,74.47,82293.827568688,3.79,273,astribot_arm_left_joint_7,-0.7664661065574131,-0.7605672739330797,-0.005898832624333439,-0.005898832624333439,-0.015914400904635525,-0.06380382726437303,-0.17279689485213412,-0.7664661065574131,-0.01591440090463435,-0.1727968948520293
74.49,74.49,82293.847469459,3.81,273,astribot_arm_left_joint_1,0.11145455821573229,0.11117953909916231,0.00027501911656997724,0.00027501911656997724,-0.002455228520889345,0.003335024899377899,0.01560176298364907,0.11145455821573227,-0.0024552285208904487,0.015601762983616162
74.49,74.49,82293.847469459,3.81,273,astribot_arm_left_joint_2,-1.0130038518339193,-1.009031552649645,-0.0039722991842743305,-0.0039722991842743305,-0.019628087808514078,-0.042244784145381256,-0.5753430997231765,-1.013003851833919,-0.01962808780851931,-0.5753430997237298
74.49,74.49,82293.847469459,3.81,273,astribot_arm_left_joint_3,-0.3495496521502995,-0.3490539945294987,-0.0004956576208007824,-0.0004956576208007824,-0.010996008563935483,-0.004352000481458028,-0.12615154324990957,-0.3495496521502994,-0.010996008563938226,-0.12615154325019085
74.49,74.49,82293.847469459,3.81,273,astribot_arm_left_joint_4,0.7856234424856626,0.7877611380118896,-0.0021376955262270014,-0.0021376955262270014,-0.012438861559397732,-0.022532288985363986,-0.32155054733561617,0.7856234424856623,-0.012438861559414123,-0.3215505473364306
74.49,74.49,82293.847469459,3.81,273,astribot_arm_left_joint_5,-0.854112611458198,-0.8495236189479755,-0.004588992510222489,-0.004588992510222489,-0.016561689531485416,-0.049460755249860565,-0.6257640671858722,-0.8541126114581984,-0.016561689531510836,-0.625764067186775
74.49,74.49,82293.847469459,3.81,273,astribot_arm_left_joint_6,-0.20140705715318463,-0.20004532271792294,-0.0013617344352616911,-0.0013617344352616911,-0.006589416369272842,-0.01449680566250531,-0.19633770996801347,-0.20140705715318463,-0.006589416369274045,-0.19633770996808314
74.49,74.49,82293.847469459,3.81,273,astribot_arm_left_joint_7,-0.7668628667720879,-0.761705405816634,-0.005157460955453885,-0.005157460955453885,-0.02570657233859852,-0.054824862131456424,-0.7483680845351559,-0.7668628667720878,-0.025706572338593775,-0.7483680845348881
74.52,74.52,82293.877421773,3.84,274,astribot_arm_left_joint_1,0.11138668552342525,0.11124736106015083,0.00013932446327441506,0.00013932446327441506,-0.0023215011046886272,0.0017936374537392045,-0.03889243679149569,0.11138668552342525,-0.0023215011046886004,-0.038892436791482556
74.52,74.52,82293.877421773,3.84,274,astribot_arm_left_joint_2,-1.0138672852929933,-1.0101802083625235,-0.003687076930469768,-0.003687076930469768,-0.03698635341511068,-0.03712327645936757,-0.619637616987982,-1.0138672852929933,-0.03698635341511066,-0.619637616988088
74.52,74.52,82293.877421773,3.84,274,astribot_arm_left_joint_3,-0.3499434631220691,-0.34922355103410585,-0.000719912087963237,-0.000719912087963237,-0.015556912398189867,-0.006372457828874898,-0.2606271566681589,-0.3499434631220691,-0.01555691239818987,-0.2606271566682129
74.52,74.52,82293.877421773,3.84,274,astribot_arm_left_joint_4,0.7850959947370937,0.7871372310956085,-0.0020412363585148308,-0.0020412363585148308,-0.022305835651043646,-0.02035989207245231,-0.3736928237453848,0.7850959947370937,-0.022305835651043618,-0.37369282374543594
74.52,74.52,82293.877421773,3.84,274,astribot_arm_left_joint_5,-0.8549054542561944,-0.850831839508194,-0.004073614748000387,-0.004073614748000387,-0.0349012598766295,-0.04164174609101846,-0.5847057496347192,-0.8549054542561944,-0.034901259876629336,-0.5847057496347202
74.52,74.52,82293.877421773,3.84,274,astribot_arm_left_joint_6,-0.2016983841688714,-0.20043866311014502,-0.0012597210587263763,-0.0012597210587263763,-0.01250071634182599,-0.012697772041985935,-0.20942627129955768,-0.2016983841688714,-0.012500716341825846,-0.20942627129948835
74.52,74.52,82293.877421773,3.84,274,astribot_arm_left_joint_7,-0.7679913311694835,-0.763197451590841,-0.004793879578642524,-0.004793879578642524,-0.04830486515781264,-0.04824442058042756,-0.8092582472075798,-0.7679913311694835,-0.04830486515781241,-0.8092582472075849
74.54,74.54,82293.897097384,3.8600000000000003,274,astribot_arm_left_joint_1,0.11133007793660935,0.11127126434597237,5.8813590636974666e-05,5.8813590636974666e-05,-0.0033036939932095184,0.0009970839664628069,-0.032976010992120636,0.11133007793660935,-0.0033036939932067247,-0.03297601099177014
74.54,74.54,82293.897097384,3.8600000000000003,274,astribot_arm_left_joint_2,-1.014769162189679,-1.0109216723376109,-0.0038474898520681755,-0.0038474898520681755,-0.052634734207684886,-0.0372756282796718,-0.5253766170099301,-1.014769162189679,-0.052634734207679126,-0.5253766170081936
74.54,74.54,82293.897097384,3.8600000000000003,274,astribot_arm_left_joint_3,-0.3503228035701048,-0.34937754551134964,-0.0009452580587551718,-0.0009452580587551718,-0.022138812658304127,-0.00820032697423088,-0.22097982775310993,-0.3503228035701048,-0.02213881265830122,-0.22097982775224387
74.54,74.54,82293.897097384,3.8600000000000003,274,astribot_arm_left_joint_4,0.7845520882424695,0.7867247184247967,-0.002172630182327273,-0.002172630182327273,-0.03174310583138685,-0.02083890358233541,-0.31684563066797944,0.7845520882424694,-0.031743105831384025,-0.31684563066711385
74.54,74.54,82293.897097384,3.8600000000000003,274,astribot_arm_left_joint_5,-0.8557564881387371,-0.8516444388550648,-0.004112049283672259,-0.004112049283672259,-0.049667468336271677,-0.04052378718112955,-0.49575868260022093,-0.8557564881387373,-0.049667468336281724,-0.49575868260150735
74.54,74.54,82293.897097384,3.8600000000000003,274,astribot_arm_left_joint_6,-0.20200320219551454,-0.20069184011191982,-0.0013113620835947248,-0.0013113620835947248,-0.01778958511192781,-0.01272048961607802,-0.17756776366088817,-0.20200320219551451,-0.017789585111917403,-0.1775677636596991
74.54,74.54,82293.897097384,3.8600000000000003,274,astribot_arm_left_joint_7,-0.7691691991629678,-0.7641617301550103,-0.005007469007957455,-0.005007469007957455,-0.0687419413853283,-0.048489060645469734,-0.6861516288657044,-0.7691691991629678,-0.06874194138534334,-0.6861516288676287
74.56,74.56,82293.920863104,3.88,274,astribot_arm_left_joint_1,0.11126079746430148,0.11127902000538974,-1.8222541088255828e-05,-1.8222541088255828e-05,-0.003537037763386793,0.000187430051472966,-0.011534018044746852,0.11126079746430169,-0.0035370377633685687,-0.011534018043426408
74.56,74.56,82293.920863104,3.88,274,astribot_arm_left_joint_2,-1.0158729445778778,-1.011707165971943,-0.004165778605934811,-0.004165778605934811,-0.05635238703725384,-0.040074464989301624,-0.1837609582937727,-1.015872944577877,-0.05635238703713078,-0.18376095828206188
74.56,74.56,82293.920863104,3.88,274,astribot_arm_left_joint_3,-0.3507870679361306,-0.3495800555251319,-0.0012070124109987423,-0.0012070124109987423,-0.02370250288609655,-0.01079842092410529,-0.07729210550540344,-0.3507870679361302,-0.023702502886035114,-0.07729210549955871
74.56,74.56,82293.920863104,3.88,274,astribot_arm_left_joint_4,0.7838864160073792,0.7862790684285866,-0.002392652421207453,-0.002392652421207453,-0.033985158517493425,-0.022838697886875956,-0.11082308355016401,0.7838864160073797,-0.0339851585174321,-0.11082308354432849
74.56,74.56,82293.920863104,3.88,274,astribot_arm_left_joint_5,-0.8567980451569527,-0.8524771280231822,-0.004320917133770474,-0.004320917133770474,-0.05317553970717839,-0.04214842394864792,-0.17340149454672993,-0.8567980451569535,-0.05317553970724374,-0.1734014945513261
74.56,74.56,82293.920863104,3.88,274,astribot_arm_left_joint_6,-0.20237626061474076,-0.2009594089695313,-0.001416851645209466,-0.001416851645209466,-0.01904608431201363,-0.013643264951822175,-0.06210786958503611,-0.20237626061474012,-0.019046084311955997,-0.062107869581207426
74.56,74.56,82293.920863104,3.88,274,astribot_arm_left_joint_7,-0.7706107594819052,-0.765184288835317,-0.0054264706465881885,-0.0054264706465881885,-0.07359726509383069,-0.052181177964029414,-0.23999522773230986,-0.7706107594819063,-0.07359726509392821,-0.23999522773915233
74.58,74.58,82293.945053223,3.9,275,astribot_arm_left_joint_1,0.11118482614205227,0.11127190848231495,-8.708234026268136e-05,-8.708234026268136e-05,-0.004086280474841603,-0.0005289268802625875,-0.023839138972715286,0.11118482614205223,-0.004086280474843919,-0.023839138973114325
74.58,74.58,82293.945053223,3.9,275,astribot_arm_left_joint_2,-1.0170833261574745,-1.0125568039069488,-0.004526522250525744,-0.004526522250525744,-0.06510296871737184,-0.04330600751812479,-0.3798071934555443,-1.0170833261574743,-0.06510296871735176,-0.3798071934537426
74.58,74.58,82293.945053223,3.9,275,astribot_arm_left_joint_3,-0.35129616922521517,-0.349833842276082,-0.0014623269491331747,-0.0014623269491331747,-0.02738310451509322,-0.013308551118629844,-0.1597515486437779,-0.3512961692252151,-0.02738310451509113,-0.1597515486441094
74.58,74.58,82293.945053223,3.9,275,astribot_arm_left_joint_4,0.7831564556274918,0.7857894012321852,-0.002632945604693404,-0.002632945604693404,-0.039262484308910356,-0.025040195517813536,-0.22905520696328427,0.7831564556274918,-0.039262484308907275,-0.22905520696189707
74.58,74.58,82293.945053223,3.9,275,astribot_arm_left_joint_5,-0.8579401918721302,-0.8533529646569287,-0.00458722721520155,-0.00458722721520155,-0.061432810216363334,-0.044374492010493795,-0.358395687542886,-0.85794019187213,-0.06143281021632904,-0.3583956875382461
74.58,74.58,82293.945053223,3.9,275,astribot_arm_left_joint_6,-0.20278534762643077,-0.20124826104712162,-0.0015370865793091493,-0.0015370865793091493,-0.022003622141727585,-0.014716691333735994,-0.12836793983599798,-0.20278534762643083,-0.02200362214172837,-0.12836793983617645
74.58,74.58,82293.945053223,3.9,275,astribot_arm_left_joint_7,-0.7721915403265539,-0.766291250180481,-0.005900290146072851,-0.005900290146072851,-0.08502568744667643,-0.056431428063249585,-0.4960352554865007,-0.7721915403265539,-0.08502568744667591,-0.4960352554858232
74.6,74.6,82293.964177991,3.92,276,astribot_arm_left_joint_1,0.11109950525744496,0.11125117766580937,-0.0001516724083644172,-0.0001516724083644172,-0.004446111909305794,-0.0012022582317606696,-0.02456263097319965,0.11109950525744496,-0.004446111909305897,-0.02456263097328878
74.6,74.6,82293.964177991,3.92,276,astribot_arm_left_joint_2,-1.0184426657612342,-1.0134835216421783,-0.004959144119055958,-0.004959144119055958,-0.0708358337924516,-0.04740655109521419,-0.39133392964872965,-1.0184426657612342,-0.0708358337924521,-0.39133392964915387
74.6,74.6,82293.964177991,3.92,276,astribot_arm_left_joint_3,-0.351867924080249,-0.3501397301900074,-0.0017281938902415916,-0.0017281938902415916,-0.029794417648962776,-0.015965522036031663,-0.16459983479991389,-0.351867924080249,-0.02979441764896304,-0.16459983480012724
74.6,74.6,82293.964177991,3.92,276,astribot_arm_left_joint_4,0.7823366612169664,0.785248928903289,-0.0029122676863225783,-0.0029122676863225783,-0.04271987695152509,-0.027717776933499094,-0.23600678394709557,0.7823366612169664,-0.04271987695152486,-0.23600678394690858
74.6,74.6,82293.964177991,3.92,276,astribot_arm_left_joint_5,-0.8592228991517299,-0.8542874573583344,-0.004935441793395445,-0.004935441793395445,-0.06684248690377889,-0.047576997961886296,-0.3692726077618968,-0.8592228991517299,-0.0668424869037793,-0.36927260776222853
74.6,74.6,82293.964177991,3.92,276,astribot_arm_left_joint_6,-0.20324477974746477,-0.2015628436228808,-0.001681936124583977,-0.001681936124583977,-0.023941226515032242,-0.01608739180988827,-0.1322637675189133,-0.20324477974746477,-0.023941226515032294,-0.1322637675189509
74.6,74.6,82293.964177991,3.92,276,astribot_arm_left_joint_7,-0.7739668631199732,-0.7674993886804217,-0.006467474439551535,-0.006467474439551535,-0.092512915812023,-0.061810948545448476,-0.5110893872457803,-0.7739668631199732,-0.0925129158120225,-0.511089387245302
74.62,74.62,82293.986493664,3.94,276,astribot_arm_left_joint_1,0.11100565766788549,0.11121778472915597,-0.0002121270612704812,-0.0002121270612704812,-0.004904909733009528,-0.001822569565511786,-0.017315063760286457,0.1110056576678854,-0.004904909733020662,-0.017315063761243952
74.62,74.62,82293.986493664,3.94,276,astribot_arm_left_joint_2,-1.0199378535548538,-1.0144986511605176,-0.005439202394336151,-0.005439202394336151,-0.07814543981398472,-0.05192151072096825,-0.27586507125393567,-1.0199378535548542,-0.0781454398140594,-0.2758650712619463
74.62,74.62,82293.986493664,3.94,276,astribot_arm_left_joint_3,-0.35249681834465835,-0.3504987463506694,-0.001998071993988937,-0.001998071993988937,-0.032868927300309214,-0.018619677299179956,-0.11603222137598829,-0.3524968183446585,-0.032868927300322995,-0.11603222137576376
74.62,74.62,82293.986493664,3.94,276,astribot_arm_left_joint_4,0.7814349390921166,0.7846516380463167,-0.00321669895420007,-0.00321669895420007,-0.04712817502729351,-0.03060640892545972,-0.16636949504017196,0.7814349390921163,-0.04712817502735405,-0.1663694950506086
74.62,74.62,82293.986493664,3.94,276,astribot_arm_left_joint_5,-0.8606337962240582,-0.8552939741664446,-0.00533982205761363,-0.00533982205761363,-0.07374001628416596,-0.05129726285024728,-0.2603132683787154,-0.8606337962240586,-0.07374001628421135,-0.26031326838176666
74.62,74.62,82293.986493664,3.94,276,astribot_arm_left_joint_6,-0.20375012609172374,-0.20190704770579018,-0.0018430783859335609,-0.0018430783859335609,-0.026411740718486343,-0.017601047072312765,-0.09323738854942451,-0.20375012609172385,-0.0264117407185015,-0.09323738855151455
74.62,74.62,82293.986493664,3.94,276,astribot_arm_left_joint_7,-0.7759196061748459,-0.7688234073099286,-0.0070961988649173025,-0.0070961988649173025,-0.10205939716605726,-0.06772711856696627,-0.360284911558473,-0.7759196061748457,-0.10205939716603525,-0.36028491155905823
74.65,74.65,82294.019634742,3.97,277,astribot_arm_left_joint_1,0.11084902602831793,0.11114557992808892,-0.0002965538997709849,-0.0002965538997709849,-0.005523769636614897,-0.002690500647643966,-0.015812099763587113,0.11084902602831816,-0.005523769636582089,-0.015812099759796652
74.65,74.65,82294.019634742,3.97,277,astribot_arm_left_joint_2,-1.0224333221830282,-1.01620716928405,-0.00622615289897821,-0.00622615289897821,-0.08800516853057155,-0.05954785067696237,-0.2519197207101078,-1.0224333221830288,-0.08800516853068531,-0.25191972072198143
74.65,74.65,82294.019634742,3.97,277,astribot_arm_left_joint_3,-0.3535464429563424,-0.351138855016943,-0.002407587939399436,-0.002407587939399436,-0.03701604973199222,-0.02269979736817089,-0.10596051420355512,-0.3535464429563425,-0.037016049732020315,-0.10596051421084496
74.65,74.65,82294.019634742,3.97,277,astribot_arm_left_joint_4,0.7799299647447488,0.7836384931540251,-0.0037085284092762683,-0.0037085284092762683,-0.05307440838133289,-0.03539720266436356,-0.1519284646624539,0.7799299647447492,-0.053074408381278484,-0.15192846465874
74.65,74.65,82294.019634742,3.97,277,astribot_arm_left_joint_5,-0.8629885836270883,-0.8569623406836219,-0.006026242943466431,-0.006026242943466431,-0.08304390602952057,-0.05786960881270975,-0.23771782913234907,-0.8629885836270879,-0.0830439060294376,-0.23771782912123574
74.65,74.65,82294.019634742,3.97,277,astribot_arm_left_joint_6,-0.20459354920809933,-0.20248577675832583,-0.002107772449773504,-0.002107772449773504,-0.02974415012126445,-0.020164379069541948,-0.08514429455631073,-0.20459354920809927,-0.029744150121251155,-0.0851442945539914
74.65,74.65,82294.019634742,3.97,277,astribot_arm_left_joint_7,-0.7791787345954451,-0.7710527310867716,-0.00812600350867343,-0.00812600350867343,-0.11493638616805799,-0.077709845381663,-0.32901183861129124,-0.7791787345954451,-0.11493638616800125,-0.32901183859651534
74.67,74.67,82294.04781542,3.99,278,astribot_arm_left_joint_1,0.11073462389625635,0.11108361863325858,-0.0003489947370022284,-0.0003489947370022284,-0.005925210496605855,-0.003230590469400927,-0.019415042118566594,0.11073462389625627,-0.00592521049662116,-0.01941504212099529
74.67,74.67,82294.04781542,3.99,278,astribot_arm_left_joint_2,-1.0242559866992493,-1.0174796137768147,-0.006776372922434604,-0.006776372922434604,-0.09440095851963967,-0.06498292036502079,-0.30932210543050787,-1.0242559866992493,-0.09440095851961314,-0.30932210542844774
74.67,74.67,82294.04781542,3.99,278,astribot_arm_left_joint_3,-0.3543130779336243,-0.35163393118825065,-0.002679146745373673,-0.002679146745373673,-0.039706197188818446,-0.025431737874097894,-0.1301046589602593,-0.3543130779336242,-0.039706197188793,-0.130104658952841
74.67,74.67,82294.04781542,3.99,278,astribot_arm_left_joint_4,0.7788307470227559,0.7828799116520188,-0.004049164629262858,-0.004049164629262858,-0.05693159967419167,-0.038772866200915274,-0.18654685876113145,0.7788307470227557,-0.05693159967425159,-0.18654685876966554
74.67,74.67,82294.04781542,3.99,278,astribot_arm_left_joint_5,-0.864708496029226,-0.8581917581380504,-0.0065167378911755725,-0.0065167378911755725,-0.08907913545612332,-0.06267931598110382,-0.29188417321102195,-0.8647084960292264,-0.08907913545620591,-0.29188417322465543
74.67,74.67,82294.04781542,3.99,278,astribot_arm_left_joint_6,-0.20520957674257567,-0.20291649459963043,-0.002293082142945241,-0.002293082142945241,-0.03190581108673232,-0.021994059660162314,-0.10454525902412702,-0.20520957674257573,-0.03190581108674571,-0.10454525902649142
74.67,74.67,82294.04781542,3.99,278,astribot_arm_left_joint_7,-0.7815591683380153,-0.772713528345677,-0.008845639992338339,-0.008845639992338339,-0.12328940679491517,-0.08481969081483182,-0.4039804201518257,-0.7815591683380155,-0.12328940679497562,-0.4039804201668987
74.69,74.69,82294.076857253,4.01,279,astribot_arm_left_joint_1,0.11061192919693781,0.11101128704823039,-0.00039935785129258106,-0.00039935785129258106,-0.0063581966994280936,-0.003743211116964949,-0.018810378407316582,0.1106119291969378,-0.006358196699430519,-0.01881037840779595
74.69,74.69,82294.076857253,4.01,279,astribot_arm_left_joint_2,-1.0262107691036122,-1.0188630769625788,-0.007347692141033368,-0.007347692141033368,-0.1012993315975784,-0.0705825894305038,-0.2996885516364107,-1.0262107691036122,-0.10129933159754628,-0.299688551626118
74.69,74.69,82294.076857253,4.01,279,astribot_arm_left_joint_3,-0.35513528330977734,-0.35218332779118194,-0.002951955518595395,-0.002951955518595395,-0.042607737236802286,-0.028148192977366104,-0.12605266845347235,-0.3551352833097773,-0.04260773723679941,-0.12605266845478447
74.69,74.69,82294.076857253,4.01,279,astribot_arm_left_joint_4,0.777651851267451,0.7820527031677811,-0.004400851900330127,-0.004400851900330127,-0.06109189021194307,-0.04222920222466848,-0.18073702763291957,0.7776518512674511,-0.0610918902119345,-0.18073702762862606
74.69,74.69,82294.076857253,4.01,279,astribot_arm_left_joint_5,-0.8665530782169114,-0.8595204813886245,-0.007032596828286941,-0.007032596828286941,-0.09558861501531783,-0.06770494611839091,-0.28279370786911256,-0.8665530782169111,-0.09558861501525366,-0.2827937078566163
74.69,74.69,82294.076857253,4.01,279,astribot_arm_left_joint_6,-0.2058702577259827,-0.2033846103534438,-0.002485647372538896,-0.002485647372538896,-0.034237336017027144,-0.023880753979343715,-0.10128929263996855,-0.2058702577259827,-0.0342373360170284,-0.101289292640522
74.69,74.69,82294.076857253,4.01,279,astribot_arm_left_joint_7,-0.7841121504986477,-0.774519515473331,-0.00959263502531671,-0.00959263502531671,-0.13229881027951973,-0.09214231285283143,-0.39139881980885055,-0.7841121504986476,-0.13229881027951562,-0.3913988198066797
74.71,74.71,82294.100459681,4.03,280,astribot_arm_left_joint_1,0.11048153771701279,0.11092897148846546,-0.0004474337714526766,-0.0004474337714526766,-0.006692517965136522,-0.004237977447906443,-0.01879477191398531,0.11048153771701281,-0.006692517965131724,-0.018794771912643896
74.71,74.71,82294.100459681,4.03,280,astribot_arm_left_joint_2,-1.0282881772724406,-1.020361702344788,-0.007926474927652638,-0.007926474927652638,-0.10662576649023872,-0.07638561688919696,-0.29943990761518474,-1.0282881772724408,-0.10662576649022583,-0.2994399076157399
74.71,74.71,82294.100459681,4.03,280,astribot_arm_left_joint_3,-0.3560090665815433,-0.35278733895762643,-0.00322172762391687,-0.00322172762391687,-0.04484810086739143,-0.03088156159730656,-0.125948085742227,-0.35600906658154335,-0.044848100867402235,-0.12594808574425664
74.71,74.71,82294.100459681,4.03,280,astribot_arm_left_joint_4,0.7763990020158916,0.7811546867926603,-0.004755684776768687,-0.004755684776768687,-0.06430417177938517,-0.045793118602885395,-0.18058707469317753,0.7763990020158916,-0.06430417177936283,-0.1805870746885414
74.71,74.71,82294.100459681,4.03,280,astribot_arm_left_joint_5,-0.8685133731818238,-0.8609534566584898,-0.007559916523333987,-0.007559916523333987,-0.10061477388845368,-0.07297155867635512,-0.28255908106576044,-0.8685133731818239,-0.10061477388846574,-0.28255908107052863
74.71,74.71,82294.100459681,4.03,280,astribot_arm_left_joint_6,-0.2065723839927509,-0.20389154808309554,-0.0026808359096553713,-0.0026808359096553713,-0.03603757436329726,-0.02583729926726674,-0.10120525547848229,-0.20657238399275088,-0.036037574363291344,-0.10120525547650139
74.71,74.71,82294.100459681,4.03,280,astribot_arm_left_joint_7,-0.7868252841873563,-0.7764760664578246,-0.010349217729531679,-0.010349217729531679,-0.13925523327084163,-0.09972874820679095,-0.3910740861089712,-0.7868252841873562,-0.13925523327082923,-0.3910740861063755
74.74,74.74,82294.137385599,4.06,281,astribot_arm_left_joint_1,0.1102716394309498,0.11078781700519949,-0.000516177574249696,-0.000516177574249696,-0.007285797848485302,-0.004935187025835123,-0.01721030174721585,0.11027163943094967,-0.007285797848515906,-0.017210301752824897
74.74,74.74,82294.137385599,4.06,281,astribot_arm_left_joint_2,-1.0316322946514407,-1.022826824440124,-0.008805470211316724,-0.008805470211316724,-0.11607795214569422,-0.08509098774172343,-0.27419599402759365,-1.0316322946514411,-0.11607795214571563,-0.2741959940153296
74.74,74.74,82294.137385599,4.06,281,astribot_arm_left_joint_3,-0.3574156432324094,-0.3537937811490175,-0.00362186208339188,-0.00362186208339188,-0.048823805705380606,-0.03488112808278087,-0.11533018706408421,-0.35741564323240943,-0.048823805705442196,-0.11533018708160814
74.74,74.74,82294.137385599,4.06,281,astribot_arm_left_joint_4,0.7743822221561264,0.7796746903739601,-0.00529246821783369,-0.00529246821783369,-0.07000462289982418,-0.051117361351759406,-0.16536290313684587,0.7743822221561256,-0.07000462290002915,-0.16536290317764823
74.74,74.74,82294.137385599,4.06,281,astribot_arm_left_joint_5,-0.8716689670407954,-0.8633013679863941,-0.00836759905440132,-0.00836759905440132,-0.10953409567910227,-0.08094439286057363,-0.258738284861607,-0.8716689670407947,-0.10953409567890174,-0.2587382848170802
74.74,74.74,82294.137385599,4.06,281,astribot_arm_left_joint_6,-0.2077026349882863,-0.20472521087961607,-0.0029774241086702458,-0.0029774241086702458,-0.03923224160617672,-0.028774042684351173,-0.09267327072366038,-0.20770263498828634,-0.03923224160619351,-0.09267327072722652
74.74,74.74,82294.137385599,4.06,281,astribot_arm_left_joint_7,-0.7911927636534051,-0.7796947742502859,-0.011497989403119191,-0.011497989403119191,-0.15159996345856425,-0.11110687429083532,-0.35810506566044753,-0.791192763653405,-0.15159996345849897,-0.35810506564545536
74.77,74.77,82294.182586083,4.09,283,astribot_arm_left_joint_1,0.11004487138577392,0.11062633109080507,-0.000581459705031151,-0.000581459705031151,-0.0078063770457888265,-0.005602590063311418,-0.017223713748888633,0.11004487138577392,-0.0078063770457846874,-0.01722371374729031
74.77,74.77,82294.182586083,4.09,283,astribot_arm_left_joint_2,-1.0352451824700961,-1.0255572684450904,-0.009687914025005684,-0.009687914025005684,-0.12437186427520827,-0.09397259140331027,-0.2744096750715518,-1.0352451824700961,-0.12437186427517205,-0.27440967505523456
74.77,74.77,82294.182586083,4.09,283,astribot_arm_left_joint_3,-0.3589352680158665,-0.3549200643377301,-0.004015203678136403,-0.004015203678136403,-0.052312326538745534,-0.03886322736848026,-0.11542006393700699,-0.35893526801586645,-0.052312326538744444,-0.11542006393907576
74.77,74.77,82294.182586083,4.09,283,astribot_arm_left_joint_4,0.7722033514520013,0.7780328735409563,-0.005829522088955041,-0.005829522088955041,-0.07500653911459068,-0.056527783538815116,-0.16549177055628891,0.7722033514520014,-0.07500653911458238,-0.16549177054936556
74.77,74.77,82294.182586083,4.09,283,astribot_arm_left_joint_5,-0.8750781794940687,-0.865893746914546,-0.009184432579522728,-0.009184432579522728,-0.11736044123335763,-0.08914904560687426,-0.25893991966732816,-0.8750781794940685,-0.11736044123333313,-0.25893991965795327
74.77,74.77,82294.182586083,4.09,283,astribot_arm_left_joint_6,-0.20892372551562102,-0.20564841318155203,-0.003275312334068997,-0.003275312334068997,-0.04203543341401,-0.031771843879953764,-0.09274549104085686,-0.20892372551562105,-0.04203543341401649,-0.09274549104141452
74.77,74.77,82294.182586083,4.09,283,astribot_arm_left_joint_7,-0.7959112623102401,-0.7832602107995834,-0.012651051510656708,-0.012651051510656708,-0.162431966888172,-0.12271279247346427,-0.35838413704155553,-0.79591126231024,-0.16243196688821201,-0.35838413705622413
74.79,74.79,82294.205149569,4.11,284,astribot_arm_left_joint_1,0.10988507364919697,0.11050795906211618,-0.0006228854129192024,-0.0006228854129192024,-0.008167988122186907,-0.006022605803496359,-0.012392652536766722,0.10988507364919696,-0.00816798812219104,-0.012392652538629463
74.79,74.79,82294.205149569,4.11,284,astribot_arm_left_joint_2,-1.0377910936256123,-1.0275237508931125,-0.01026734273249974,-0.01026734273249974,-0.13013308275741656,-0.09976910463127182,-0.19744079622775867,-1.0377910936256118,-0.130133082757373,-0.19744079622488467
74.79,74.79,82294.205149569,4.11,284,astribot_arm_left_joint_3,-0.3600061093712013,-0.3557358571284747,-0.004270252242726591,-0.004270252242726591,-0.054735565462231676,-0.041427242434787695,-0.08304601257048128,-0.36000610937120153,-0.054735565462252805,-0.0830460125719679
74.79,74.79,82294.205149569,4.11,284,astribot_arm_left_joint_4,0.7706679560811809,0.7768494093170902,-0.006181453235909351,-0.006181453235909351,-0.07848103121086203,-0.060051201592846264,-0.11907315925797762,0.7706679560811805,-0.0784810312109245,-0.11907315928076502
74.79,74.79,82294.205149569,4.11,284,astribot_arm_left_joint_5,-0.8774805657435105,-0.8677574771522076,-0.009723088591302886,-0.009723088591302886,-0.12279687291372987,-0.09452869794328861,-0.18631013609137387,-0.8774805657435109,-0.1227968729138393,-0.18631013611880176
74.79,74.79,82294.205149569,4.11,284,astribot_arm_left_joint_6,-0.2097841972909649,-0.2063132334715273,-0.0034709638194375947,-0.0034709638194375947,-0.04398262072444811,-0.0337289056841015,-0.06673140658471652,-0.20978419729096492,-0.04398262072445072,-0.0667314065868881
74.79,74.79,82294.205149569,4.11,284,astribot_arm_left_joint_7,-0.7992362696093033,-0.7858281800175599,-0.013408089591743333,-0.013408089591743333,-0.16995622533034693,-0.13028640670111122,-0.2578613504139228,-0.7992362696093034,-0.16995622533032087,-0.2578613504079858
74.81,74.81,82294.227929729,4.13,285,astribot_arm_left_joint_1,0.10971909763700315,0.11038138240290535,-0.0006622847659022019,-0.0006622847659022019,-0.008444120457364656,-0.0064288117770159095,-0.015254451381877521,0.1097190976370031,-0.008444120457373847,-0.015254451383239635
74.81,74.81,82294.227929729,4.13,285,astribot_arm_left_joint_2,-1.0404354375947076,-1.0296056420657074,-0.010829795529000208,-0.010829795529000208,-0.1345324466505955,-0.10551569001387201,-0.24303521924165583,-1.040435437594708,-0.13453244665076863,-0.24303521926966512
74.81,74.81,82294.227929729,4.13,285,astribot_arm_left_joint_3,-0.3611183527712524,-0.3566023456553028,-0.004516007115949627,-0.004516007115949627,-0.05658599169724089,-0.04394633039807332,-0.10222358427184536,-0.3611183527712525,-0.056585991697281166,-0.10222358428845316
74.81,74.81,82294.227929729,4.13,285,astribot_arm_left_joint_4,0.7690731975680204,0.7755958714208419,-0.006522673852821459,-0.006522673852821459,-0.0811342121524716,-0.06353925736198048,-0.1465703741580761,0.7690731975680207,-0.08113421215238921,-0.14657037414850796
74.81,74.81,82294.227929729,4.13,285,astribot_arm_left_joint_5,-0.8799758356889626,-0.8697285695429027,-0.010247266146059975,-0.010247266146059975,-0.12694822411096585,-0.09987835312869654,-0.22933418848134357,-0.8799758356889634,-0.12694822411118964,-0.22933418852433768
74.81,74.81,82294.227929729,4.13,285,astribot_arm_left_joint_6,-0.21067793757124847,-0.20701702468455474,-0.0036609128866937346,-0.0036609128866937346,-0.04546952589453654,-0.03566948313555005,-0.08214149427268584,-0.2106779375712485,-0.045469525894542666,-0.08214149427156543
74.81,74.81,82294.227929729,4.13,285,astribot_arm_left_joint_7,-0.8026898319928248,-0.7885469309246174,-0.01414290106820748,-0.01414290106820748,-0.17570187636175916,-0.13779419479821373,-0.3174085145305769,-0.8026898319928251,-0.17570187636180867,-0.31740851453207947
74.83,74.83,82294.254100759,4.15,287,astribot_arm_left_joint_1,0.10954713522302297,0.11024702811365726,-0.000699892890634296,-0.000699892890634296,-0.008756592434794748,-0.0068125812510233755,-0.016074064211823783,0.10954713522302297,-0.008756592434794715,-0.016074064211734608
74.83,74.83,82294.254100759,4.15,287,astribot_arm_left_joint_2,-1.0431751574271653,-1.0317990475028826,-0.011376109924282618,-0.011376109924282618,-0.13951077682078125,-0.11104258850698044,-0.25609336069344985,-1.0431751574271653,-0.13951077682078064,-0.2560933606919089
74.83,74.83,82294.254100759,4.15,287,astribot_arm_left_joint_3,-0.3622707124253865,-0.35751748271175493,-0.004753229713631568,-0.004753229713631568,-0.05867993822601668,-0.04635363462884389,-0.10771599820478128,-0.3622707124253865,-0.0586799382260164,-0.10771599820405417
74.83,74.83,82294.254100759,4.15,287,astribot_arm_left_joint_4,0.7674209195067907,0.7742746983376062,-0.0068537788308155045,-0.0068537788308155045,-0.08413655772948939,-0.06689056989191723,-0.1544455153711303,0.7674209195067907,-0.08413655772948955,-0.1544455153715025
74.83,74.83,82294.254100759,4.15,287,astribot_arm_left_joint_5,-0.8825611047147731,-0.8718036418596271,-0.010757462855146005,-0.010757462855146005,-0.13164590255126882,-0.10503457018396939,-0.24165618150846013,-0.8825611047147731,-0.13164590255126818,-0.24165618150671164
74.83,74.83,82294.254100759,4.15,287,astribot_arm_left_joint_6,-0.21160391316276567,-0.2077584772388591,-0.0038454359239065705,-0.0038454359239065705,-0.04715211116086574,-0.03753612659054179,-0.08655490913354795,-0.2116039131627657,-0.04715211116086574,-0.08655490913346071
74.83,74.83,82294.254100759,4.15,287,astribot_arm_left_joint_7,-0.8062679570269884,-0.7914113666912402,-0.014856590335748154,-0.014856590335748154,-0.18220366811388486,-0.1450145659901064,-0.33446268998733103,-0.8062679570269884,-0.18220366811388475,-0.33446268998688894
74.85,74.85,82294.274905733,4.17,288,astribot_arm_left_joint_1,0.10936865883305864,0.11010521072910069,-0.0007365518960420481,-0.0007365518960420481,-0.009108868310579605,-0.00718280953477689,-0.020117018207732113,0.10936865883305864,-0.009108868310580873,-0.020117018208284734
74.85,74.85,82294.274905733,4.17,288,astribot_arm_left_joint_2,-1.0460186584800575,-1.0341013119345384,-0.011917346545519125,-0.011917346545519125,-0.14512326609124412,-0.1164653440024628,-0.32050604827091317,-1.0460186584800575,-0.14512326609124251,-0.3205060482663604
74.85,74.85,82294.274905733,4.17,288,astribot_arm_left_joint_3,-0.36346672372954336,-0.35847982004809126,-0.004986903681452104,-0.004986903681452104,-0.061040619824883006,-0.048701436641350154,-0.13480876202894523,-0.36346672372954336,-0.06104061982489368,-0.1348087620327906
74.85,74.85,82294.274905733,4.17,288,astribot_arm_left_joint_4,0.7657060527707398,0.7728875641559643,-0.007181511385224493,-0.007181511385224493,-0.0875213537880754,-0.07017562995302835,-0.19329170296374942,0.7657060527707399,-0.08752135378806516,-0.1932917029586105
74.85,74.85,82294.274905733,4.17,288,astribot_arm_left_joint_5,-0.8852443043287672,-0.8739804255963733,-0.011263878732393873,-0.011263878732393873,-0.13694198958058193,-0.11010374509519583,-0.30243762495614734,-0.8852443043287672,-0.13694198958058829,-0.3024376249555155
74.85,74.85,82294.274905733,4.17,288,astribot_arm_left_joint_6,-0.2125649649236936,-0.2085366991081071,-0.00402826581558649,-0.00402826581558649,-0.049049030696413476,-0.03936782771266152,-0.10832522877460636,-0.2125649649236936,-0.0490490306964146,-0.10832522877504117
74.85,74.85,82294.274905733,4.17,288,astribot_arm_left_joint_7,-0.8099816222643936,-0.7944180109055058,-0.015563611358887841,-0.015563611358887841,-0.18953368344050683,-0.15209851807884106,-0.4185868574150773,-0.8099816222643936,-0.18953368344054008,-0.4185868574299791
74.87,74.87,82294.307133581,4.19,289,astribot_arm_left_joint_1,0.10918398900546404,0.10995608664021947,-0.0007720976347554281,-0.0007720976347554281,-0.009348540972031659,-0.0075468899134725365,-0.012370862498305537,0.10918398900546407,-0.009348540972021306,-0.012370862495764925
74.87,74.87,82294.307133581,4.19,289,astribot_arm_left_joint_2,-1.0489608339090184,-1.0365118520246328,-0.01244898188438559,-0.01244898188438559,-0.1489417513558246,-0.1218805436340459,-0.1970936353921572,-1.0489608339090184,-0.14894175135582835,-0.19709363540541813
74.87,74.87,82294.307133581,4.19,289,astribot_arm_left_joint_3,-0.3647042386825517,-0.359488843863393,-0.00521539481915867,-0.00521539481915867,-0.0626467214074925,-0.05103334486088512,-0.08289999248077207,-0.36470423868255175,-0.0626467214074944,-0.08289999248739188
74.87,74.87,82294.307133581,4.19,289,astribot_arm_left_joint_4,0.7639316772101548,0.771434879595856,-0.007503202385701235,-0.007503202385701235,-0.08982421678700034,-0.07345334225615426,-0.11886379251768044,0.7639316772101545,-0.08982421678705844,-0.11886379254220991
74.87,74.87,82294.307133581,4.19,289,astribot_arm_left_joint_5,-0.8880206155832537,-0.8762585623325048,-0.011762053250748972,-0.011762053250748972,-0.14054520899117157,-0.11517488626115889,-0.1859825463578002,-0.888020615583254,-0.140545208991228,-0.18598254637594064
74.87,74.87,82294.307133581,4.19,289,astribot_arm_left_joint_6,-0.2135593668332991,-0.20935149751479268,-0.004207869318506419,-0.004207869318506419,-0.05033960942992544,-0.04119718253952509,-0.06661407252713088,-0.21355936683329907,-0.05033960942992911,-0.06661407252909286
74.87,74.87,82294.307133581,4.19,289,astribot_arm_left_joint_7,-0.8138241580713576,-0.7975660947700488,-0.016258063301308745,-0.016258063301308745,-0.19452069618393605,-0.1591722728749762,-0.25740795193186916,-0.8138241580713576,-0.19452069618392073,-0.2574079519243012
74.89,74.89,82294.327973265,4.21,290,astribot_arm_left_joint_1,0.10899450980980906,0.10979997718992969,-0.0008054673801206336,-0.0008054673801206336,-0.00960169902206838,-0.00788996866735866,-0.013018602208898156,0.10899450980980899,-0.009601699022082135,-0.013018602210872806
74.89,74.89,82294.327973265,4.21,290,astribot_arm_left_joint_2,-1.0519796325997255,-1.0390270938321444,-0.012952538767581068,-0.012952538767581068,-0.15297508698099851,-0.12703436198712995,-0.2074134797634551,-1.051979632599726,-0.1529750869810142,-0.20741347973741717
74.89,74.89,82294.327973265,4.21,290,astribot_arm_left_joint_3,-0.3659739823161574,-0.3605428334758385,-0.005431148840318922,-0.005431148840318922,-0.06434319167848422,-0.05324501319890624,-0.08724064522892847,-0.3659739823161569,-0.0643431916782821,-0.08724064517173412
74.89,74.89,82294.327973265,4.21,290,astribot_arm_left_joint_4,0.7621110914740378,0.7699188477650146,-0.007807756290976853,-0.007807756290976853,-0.09225665235535412,-0.0765711593250513,-0.12508751379276276,0.7621110914740382,-0.09225665235515068,-0.12508751373532243
74.89,74.89,82294.327973265,4.21,290,astribot_arm_left_joint_5,-0.8908692304882484,-0.8786348351510759,-0.012234395337172521,-0.012234395337172521,-0.14435116664426395,-0.12000674932145038,-0.1957206129315101,-0.8908692304882465,-0.14435116664388414,-0.19572061287056416
74.89,74.89,82294.327973265,4.21,290,astribot_arm_left_joint_6,-0.21457966601505596,-0.21020166807908866,-0.004377997935967298,-0.004377997935967298,-0.05170280368689946,-0.04293836327119966,-0.07010199266466045,-0.21457966601505604,-0.05170280368690197,-0.07010199266151959
74.89,74.89,82294.327973265,4.21,290,astribot_arm_left_joint_7,-0.817766765282633,-0.8008509450222363,-0.01691582026039673,-0.01691582026039673,-0.1997883074923024,-0.16590439221519415,-0.2708858604309289,-0.8177667652826335,-0.19978830749245413,-0.27088586047331453
74.91,74.91,82294.349813378,4.23,292,astribot_arm_left_joint_1,0.10879967108532054,0.10963727156608107,-0.0008376004807605225,-0.0008376004807605225,-0.009944103745849092,-0.008215888569812984,-0.024243218589713032,0.10879967108532054,-0.009944103745848022,-0.024243218588862674
74.91,74.91,82294.349813378,4.23,292,astribot_arm_left_joint_2,-1.055083819760492,-1.041642088817695,-0.013441730942796992,-0.013441730942796992,-0.15843030821637444,-0.13197411095929068,-0.38624502433114327,-1.055083819760492,-0.158430308216367,-0.3862450243235321
74.91,74.91,82294.349813378,4.23,292,astribot_arm_left_joint_3,-0.36727964138412794,-0.3616395313440493,-0.005640110040078639,-0.005640110040078639,-0.06663772441900442,-0.05535829856475094,-0.16245937900640572,-0.36727964138412794,-0.06663772441901303,-0.16245937900961654
74.91,74.91,82294.349813378,4.23,292,astribot_arm_left_joint_4,0.7602390094155286,0.7683424917000943,-0.0081034822845657,-0.0081034822845657,-0.0955466027579508,-0.0795580436806171,-0.23293775238568418,0.7602390094155287,-0.09554660275795464,-0.23293775239048972
74.91,74.91,82294.349813378,4.23,292,astribot_arm_left_joint_5,-0.8937984201163144,-0.8811047004758956,-0.012693719640418766,-0.012693719640418766,-0.14949885157199672,-0.12464257908202599,-0.3644705878136477,-0.8937984201163144,-0.14949885157198783,-0.36447058780778346
74.91,74.91,82294.349813378,4.23,292,astribot_arm_left_joint_6,-0.2156288249503303,-0.21108554115786116,-0.004543283792469155,-0.004543283792469155,-0.05354656948018505,-0.044607328544083634,-0.13054380985503505,-0.2156288249503303,-0.053546569480189085,-0.13054380985697192
74.91,74.91,82294.349813378,4.23,292,astribot_arm_left_joint_7,-0.8218208914232265,-0.8042660942179828,-0.017554797205243666,-0.017554797205243666,-0.2069129278415458,-0.17235671698014315,-0.5044431822768461,-0.8218208914232266,-0.2069129278415669,-0.5044431822881329
74.93,74.93,82294.373445113,4.25,293,astribot_arm_left_joint_1,0.10860329991051355,0.10946821825448944,-0.0008649183439758817,-0.0008649183439758817,-0.009661624538548928,-0.008529326337997429,0.0130200433230443,0.10860329991051357,-0.009661624538546205,0.013020043323653037
74.93,74.93,82294.373445113,4.25,293,astribot_arm_left_joint_2,-1.0582124220503135,-1.0443538922321254,-0.013858529818188137,-0.013858529818188137,-0.1539298254156217,-0.13676303209528282,0.2074364396650806,-1.058212422050313,-0.15392982541556988,0.2074364396692271
74.93,74.93,82294.373445113,4.25,293,astribot_arm_left_joint_3,-0.3685955697538505,-0.36277755620910057,-0.005818013544749923,-0.005818013544749923,-0.06474476633534564,-0.05740138625227425,0.0872503024063896,-0.36859556975385044,-0.06474476633536771,0.08725030239947461
74.93,74.93,82294.373445113,4.25,293,astribot_arm_left_joint_4,0.7583522030112579,0.7667076186413178,-0.008355415630059815,-0.008355415630059815,-0.09283243873708223,-0.08245248313083317,0.12510136046376577,0.7583522030112583,-0.09283243873700552,0.12510136047618264
74.93,74.93,82294.373445113,4.25,293,astribot_arm_left_joint_5,-0.8967506484785472,-0.883665481619703,-0.0130851668588442,-0.0130851668588442,-0.14525208201234968,-0.129140917948205,0.1957422784557905,-0.8967506484785476,-0.1452520820124379,0.1957422784421224
74.93,74.93,82294.373445113,4.25,293,astribot_arm_left_joint_6,-0.21668623575621618,-0.21200212380676792,-0.004684111949448261,-0.004684111949448261,-0.05202548795423916,-0.04622542699233814,0.07010975268401708,-0.216686235756216,-0.05202548795417882,0.07010975270159689
74.93,74.93,82294.373445113,4.25,293,astribot_arm_left_joint_7,-0.8259069041762575,-0.8078076927668135,-0.018099211409443927,-0.018099211409443927,-0.20103521363706575,-0.1786118828399562,0.2709158465752665,-0.8259069041762573,-0.2010352136371118,0.2709158465693223
74.95,74.95,82294.391425064,4.27,295,astribot_arm_left_joint_1,0.10841264592386773,0.10929428707080509,-0.0008816411469373536,-0.0008816411469373536,-0.009406164863234236,-0.008743934914488133,0.012521740380723645,0.10841264592386775,-0.009406164863234161,0.012521740380887741
74.95,74.95,82294.391425064,4.27,295,astribot_arm_left_joint_2,-1.0612499376111895,-1.0471399083070159,-0.014110029304173599,-0.014110029304173599,-0.14985982010077215,-0.14001630938688975,0.19949743472940962,-1.0612499376111895,-0.14985982010077312,0.19949743472783343
74.95,74.95,82294.391425064,4.27,295,astribot_arm_left_joint_3,-0.3698731859318591,-0.36394728845883284,-0.005925897473026243,-0.005925897473026243,-0.06303287234485118,-0.058793089672046675,0.0839110598684301,-0.369873185931859,-0.06303287234485119,0.08391105986847822
74.95,74.95,82294.391425064,4.27,295,astribot_arm_left_joint_4,0.7565203294516248,0.7650278810723441,-0.008507551620719256,-0.008507551620719256,-0.09037788830777581,-0.08441960069477376,0.12031348270345905,0.756520329451625,-0.0903778883077762,0.12031348270296541
74.95,74.95,82294.391425064,4.27,295,astribot_arm_left_joint_5,-0.8996169250962942,-0.8862959393057332,-0.013320985790560957,-0.013320985790560957,-0.1414115219118936,-0.13219409998620166,0.18825083230004877,-0.8996169250962941,-0.14141152191189366,0.18825083230002937
74.95,74.95,82294.391425064,4.27,295,astribot_arm_left_joint_6,-0.2177128609004748,-0.21294378095130875,-0.004769079949166061,-0.004769079949166061,-0.05064990000748413,-0.047324594985504356,0.06742651308415516,-0.21771286090047479,-0.050649900007484545,0.06742651308346613
74.95,74.95,82294.391425064,4.27,295,astribot_arm_left_joint_7,-0.829873955967931,-0.811446227183489,-0.018427728784441988,-0.018427728784441988,-0.19571971103224858,-0.182861327583415,0.2605473585275349,-0.8298739559679308,-0.1957197110322488,0.2605473585275102
74.97,74.97,82294.41243672,4.29,296,astribot_arm_left_joint_1,0.10822692092179775,0.10911743116746392,-0.0008905102456661651,-0.0008905102456661651,-0.009181499684862466,-0.00886917885002793,0.010974434104379264,0.10822692092179775,-0.009181499684864489,0.010974434103676855
74.97,74.97,82294.41243672,4.29,296,astribot_arm_left_joint_2,-1.064208924169804,-1.049969684633886,-0.014239239535918102,-0.014239239535918102,-0.14628043533527724,-0.1418773397246227,0.17484561926353037,-1.064208924169804,-0.14628043533525173,0.17484561927181114
74.97,74.97,82294.41243672,4.29,296,astribot_arm_left_joint_3,-0.37111777185151307,-0.3651358258377947,-0.0059819460137183755,-0.0059819460137183755,-0.06152733935511321,-0.05959476331090755,0.07354220492474933,-0.37111777185151307,-0.06152733935511913,0.07354220492276653
74.97,74.97,82294.41243672,4.29,296,astribot_arm_left_joint_4,0.7547358153869552,0.763321664862778,-0.008585849475822749,-0.008585849475822749,-0.08821922272064786,-0.08554610484671515,0.10544639542416182,0.7547358153869552,-0.08821922272063216,0.10544639543083098
74.97,74.97,82294.41243672,4.29,296,astribot_arm_left_joint_5,-0.9024090997585162,-0.8889674048267756,-0.013441694931740633,-0.013441694931740633,-0.13803392378810003,-0.13393669417023796,0.16498875486595563,-0.9024090997585164,-0.13803392378813814,0.16498875485195302
74.97,74.97,82294.41243672,4.29,296,astribot_arm_left_joint_6,-0.21871294466686764,-0.21390022175700663,-0.004812722909861011,-0.004812722909861011,-0.04944013290420748,-0.04795328110360213,0.05909464676240229,-0.2187129446668676,-0.04944013290420803,0.05909464676285465
74.97,74.97,82294.41243672,4.29,296,astribot_arm_left_joint_7,-0.8337384474227515,-0.8151419236332202,-0.01859652378953125,-0.01859652378953125,-0.19104496798564133,-0.18529235713982534,0.22835162925116242,-0.8337384474227516,-0.19104496798566215,0.22835162924911073
74.99,74.99,82294.433405998,4.31,297,astribot_arm_left_joint_1,0.10804680456728999,0.10893913718011826,-0.0008923326128282699,-0.0008923326128282699,-0.008831035935825808,-0.00892429626286106,0.016290724581463925,0.10804680456728993,-0.008831035935848365,0.016290724575863978
74.99,74.99,82294.433405998,4.31,297,astribot_arm_left_joint_2,-1.067078553277545,-1.0528200749667296,-0.014258478310815503,-0.014258478310815503,-0.14069681702284723,-0.14264663800434924,0.25954521207869885,-1.067078553277545,-0.14069681702289444,0.2595452120750239
74.99,74.99,82294.433405998,4.31,297,astribot_arm_left_joint_3,-0.37232477293495003,-0.36633335693581753,-0.005991415999132499,-0.005991415999132499,-0.05917880123414745,-0.059933649809380846,0.10916788909896641,-0.37232477293495,-0.0591788012341615,0.10916788909404691
74.99,74.99,82294.433405998,4.31,297,astribot_arm_left_joint_4,0.7530051912689645,0.7616029457575101,-0.008597754488545606,-0.008597754488545606,-0.08485183824185694,-0.0860134158654715,0.1565272677883981,0.7530051912689646,-0.08485183824192329,0.15652726776218912
74.99,74.99,82294.433405998,4.31,297,astribot_arm_left_joint_5,-0.9051169544668394,-0.8916580910338031,-0.013458863433036261,-0.013458863433036261,-0.13276508012613286,-0.1346516713569105,0.24491343589622888,-0.9051169544668393,-0.13276508012612448,0.24491343590057185
74.99,74.99,82294.433405998,4.31,297,astribot_arm_left_joint_6,-0.21968282723624416,-0.21486362444959473,-0.004819202786649435,-0.004819202786649435,-0.04755297122861792,-0.048213040185325295,0.08772157227318295,-0.2196828272362442,-0.04755297122863591,0.08772157226755711
74.99,74.99,82294.433405998,4.31,297,astribot_arm_left_joint_7,-0.837486236385524,-0.818864550725642,-0.01862168565988198,-0.01862168565988198,-0.1837526586668615,-0.18629747135854002,0.3389708721140873,-0.8374862363855242,-0.18375265866701598,0.3389708720651313
75.01,75.01,82294.454210463,4.33,298,astribot_arm_left_joint_1,0.10787339006389063,0.10876084363936511,-0.0008874535754744839,-0.0008874535754744839,-0.00851435837620876,-0.008906027931611632,0.015120193426756811,0.10787339006389088,-0.008514358376149897,0.015120193437471311
75.01,75.01,82294.454210463,4.33,298,astribot_arm_left_joint_2,-1.0698414079223564,-1.0556685970709674,-0.014172810851388995,-0.014172810851388995,-0.13565148315756764,-0.14226742739451742,0.2408962102809103,-1.0698414079223564,-0.135651483157684,0.2408962102388187
75.01,75.01,82294.454210463,4.33,298,astribot_arm_left_joint_3,-0.37348686337397985,-0.36753036403912903,-0.005956499334850818,-0.005956499334850818,-0.05705667213223049,-0.05978655048326152,0.10132389091703639,-0.3734868633739795,-0.05705667213211836,0.10132389094109731
75.01,75.01,82294.454210463,4.33,298,astribot_arm_left_joint_4,0.7513389609990261,0.7598852958857802,-0.008546334886754159,-0.008546334886754159,-0.08180908388509343,-0.08578744238401459,0.14528037443459688,0.7513389609990265,-0.0818090838849608,0.14528037447338443
75.01,75.01,82294.454210463,4.33,298,astribot_arm_left_joint_5,-0.9077240540875471,-0.8943468270511451,-0.013377227036401984,-0.013377227036401984,-0.12800417530203625,-0.13428496737532317,0.22731576545547902,-0.9077240540875476,-0.12800417530218802,0.22731576542627688
75.01,75.01,82294.454210463,4.33,298,astribot_arm_left_joint_6,-0.22061662197455903,-0.21582639144360932,-0.004790230530949707,-0.004790230530949707,-0.04584773992909434,-0.04808467155973108,0.08141854803526963,-0.22061662197455909,-0.045847739929111495,0.08141854803120166
75.01,75.01,82294.454210463,4.33,298,astribot_arm_left_joint_7,-0.8410945759147125,-0.8225847446545784,-0.018509831260134058,-0.018509831260134058,-0.1771633588434432,-0.1858025363070884,0.31461492895126353,-0.8410945759147124,-0.17716335884337953,0.31461492897232257
75.03,75.03,82294.475604675,4.35,300,astribot_arm_left_joint_1,0.107706098229335,0.10858378901315181,-0.0008776907838168174,-0.0008776907838168174,-0.00822051220002026,-0.008830926850970026,0.012157662249778444,0.107706098229335,-0.008220512200020435,0.012157662249500852
75.03,75.03,82294.475604675,4.35,300,astribot_arm_left_joint_2,-1.0725067156854455,-1.0584958731813163,-0.014010842504129206,-0.014010842504129206,-0.13096990084093632,-0.14099950259966243,0.19369691091445732,-1.0725067156854453,-0.13096990084093602,0.19369691091509494
75.03,75.03,82294.475604675,4.35,300,astribot_arm_left_joint_3,-0.3746079244020627,-0.3687186468797919,-0.005889277522270808,-0.005889277522270808,-0.05508754137815704,-0.05926329086085817,0.08147128864262518,-0.37460792440206264,-0.05508754137815723,0.08147128864238189
75.03,75.03,82294.475604675,4.35,300,astribot_arm_left_joint_4,0.7497315595811126,0.7581804125636104,-0.008448852982497757,-0.008448852982497757,-0.07898570185072294,-0.08502498344573811,0.11681528623543519,0.7497315595811126,-0.07898570185072293,0.11681528623553554
75.03,75.03,82294.475604675,4.35,300,astribot_arm_left_joint_5,-0.9102391059999853,-0.897015363112231,-0.013223742887754297,-0.013223742887754297,-0.12358651565250509,-0.13308133571600136,0.1827773111166048,-0.9102391059999851,-0.12358651565250615,0.1827773111150918
75.03,75.03,82294.475604675,4.35,300,astribot_arm_left_joint_6,-0.22151744763682701,-0.21678197421752,-0.004735473419307024,-0.004735473419307024,-0.04426545005274126,-0.047655972106036115,0.06546604128456103,-0.221517447636827,-0.044265450052741365,0.06546604128445863
75.03,75.03,82294.475604675,4.35,300,astribot_arm_left_joint_7,-0.8445755174029176,-0.8262771964105459,-0.01829832099237172,-0.01829832099237172,-0.171049125304385,-0.18414686300802915,0.2529717665933541,-0.8445755174029175,-0.17104912530438574,0.25297176659248916
75.05,75.05,82294.495797749,4.37,301,astribot_arm_left_joint_1,0.10754469467608505,0.10840886885348511,-0.0008641741774000622,-0.0008641741774000622,-0.007887511601590482,-0.008715108112852513,0.017840325757792763,0.10754469467608505,-0.007887511601588591,0.017840325758853658
75.05,75.05,82294.495797749,4.37,301,astribot_arm_left_joint_2,-1.0750782108490273,-1.0612879217122737,-0.01379028913675362,-0.01379028913675362,-0.125664506931718,-0.13909642813307382,0.28423359016585403,-1.0750782108490273,-0.1256645069317189,0.2842335901649994
75.05,75.05,82294.495797749,4.37,301,astribot_arm_left_joint_3,-0.3756895267039503,-0.36989228434021626,-0.005797242363734023,-0.005797242363734023,-0.05285602784242015,-0.058470970962970895,0.11955212272928223,-0.37568952670395034,-0.052856027842419516,0.11955212272933097
75.05,75.05,82294.495797749,4.37,301,astribot_arm_left_joint_4,0.7481807349336392,0.7564967366890899,-0.008316001755450664,-0.008316001755450664,-0.07578610973969804,-0.08387905772342999,0.17141640532706173,0.7481807349336392,-0.07578610973969219,0.17141640533014946
75.05,75.05,82294.495797749,4.37,301,astribot_arm_left_joint_5,-0.9126656339674327,-0.8996505346615327,-0.013015099305900057,-0.013015099305900057,-0.11858021158423229,-0.13127972602397772,0.26821001477226514,-0.9126656339674326,-0.11858021158422813,0.2682100147745955
75.05,75.05,82294.495797749,4.37,301,astribot_arm_left_joint_6,-0.22238656634267873,-0.2177256479064592,-0.004660918436219519,-0.004660918436219519,-0.04247232317709843,-0.047012634725072965,0.0960657960948314,-0.2223865663426787,-0.04247232317709856,0.096065796094584
75.05,75.05,82294.495797749,4.37,301,astribot_arm_left_joint_7,-0.8479339378921362,-0.829923644739851,-0.018010293152285195,-0.018010293152285195,-0.1641201822286314,-0.181661623019624,0.371214352818642,-0.8479339378921363,-0.16412018222862887,0.3712143528197043
75.07,75.07,82294.519804067,4.39,302,astribot_arm_left_joint_1,0.10739031959584144,0.10823687527518414,-0.000846555679342692,-0.000846555679342692,-0.007564337882038259,-0.008557616040391854,0.014262827274776308,0.10739031959584144,-0.007564337882041347,0.014262827273697763
75.07,75.07,82294.519804067,4.39,302,astribot_arm_left_joint_2,-1.077537727781776,-1.0640323546275745,-0.013505373154201417,-0.013505373154201417,-0.12051567569424793,-0.13654040024103467,0.22723657945897863,-1.0775377277817757,-0.1205156756942434,0.22723657946100573
75.07,75.07,82294.519804067,4.39,302,astribot_arm_left_joint_3,-0.37672402959303497,-0.3710460332245502,-0.005677996368484761,-0.005677996368484761,-0.050690366480359815,-0.05740246493938441,0.09557848324817378,-0.37672402959303486,-0.05069036648035836,0.09557848324972637
75.07,75.07,82294.519804067,4.39,302,astribot_arm_left_joint_4,0.7466974424374279,0.7548417464378027,-0.008144304000374802,-0.008144304000374802,-0.07268093789186136,-0.08233900767061937,0.1370424853325114,0.7466974424374279,-0.07268093789186637,0.13704248533226995
75.07,75.07,82294.519804067,4.39,302,astribot_arm_left_joint_5,-0.9149864964400701,-0.9022406753806325,-0.012745821059437668,-0.012745821059437668,-0.11372164401838789,-0.1288630788222441,0.21442619185917555,-0.91498649644007,-0.11372164401840755,0.2144261918521027
75.07,75.07,82294.519804067,4.39,302,astribot_arm_left_joint_6,-0.223217838438339,-0.2186532261113924,-0.004564612326946604,-0.004564612326946604,-0.040732111643688944,-0.04614863615509561,0.07680184068046562,-0.22321783843833898,-0.040732111643690165,0.07680184068037298
75.07,75.07,82294.519804067,4.39,302,astribot_arm_left_joint_7,-0.8511461127301471,-0.8335079097919144,-0.017638202938232705,-0.017638202938232705,-0.15739571291271215,-0.17832357369648352,0.29677519723964263,-0.851146112730147,-0.1573957129127162,0.29677519723735013
75.09,75.09,82294.540856965,4.41,303,astribot_arm_left_joint_1,0.1072427590530619,0.10806855162934068,-0.0008257925762787804,-0.0008257925762787804,-0.007183356606221845,-0.008366807775249462,0.01848307064721431,0.1072427590530619,-0.007183356606222856,0.018483070646695767
75.09,75.09,82294.540856965,4.41,303,astribot_arm_left_joint_2,-1.07988867492298,-1.0667175167179683,-0.01317115820501158,-0.01317115820501158,-0.1144458495444737,-0.13346247757600316,0.29447385649095076,-1.0798886749229801,-0.11444584954448762,0.2944738564854789
75.09,75.09,82294.540856965,4.41,303,astribot_arm_left_joint_3,-0.377712866700549,-0.37217496477384904,-0.005537901926699951,-0.005537901926699951,-0.048137323399193105,-0.05611319138869736,0.12385930393040914,-0.377712866700549,-0.04813732339919267,0.12385930392992028
75.09,75.09,82294.540856965,4.41,303,astribot_arm_left_joint_4,0.7452796265211779,0.7532224766688974,-0.00794285014771956,-0.00794285014771956,-0.06902032980196475,-0.0804839369833427,0.17759213439499444,0.7452796265211777,-0.06902032980197688,0.17759213439004115
75.09,75.09,82294.540856965,4.41,303,astribot_arm_left_joint_5,-0.9172049097075394,-0.9047748060294386,-0.012430103678100823,-0.012430103678100823,-0.10799400232635306,-0.125954854257367,0.2778729894340569,-0.9172049097075393,-0.10799400232632114,0.277872989443638
75.09,75.09,82294.540856965,4.41,303,astribot_arm_left_joint_6,-0.22401241591444168,-0.21956077001435542,-0.00445164590008626,-0.00445164590008626,-0.03868062054126079,-0.04510826705059171,0.09952682030386548,-0.22401241591444168,-0.03868062054126177,0.09952682030311438
75.09,75.09,82294.540856965,4.41,303,astribot_arm_left_joint_7,-0.8542164934020254,-0.8370147689624007,-0.017201724439624755,-0.017201724439624755,-0.14946840711957327,-0.17430388767937896,0.3845883310073318,-0.8542164934020255,-0.14946840711956685,0.3845883310087331
75.11,75.11,82294.564861902,4.43,304,astribot_arm_left_joint_1,0.10710255191114015,0.10790455696646634,-0.0008020050553261826,-0.0008020050553261826,-0.006850147681879735,-0.008141540508978595,0.015504665270574402,0.10710255191114015,-0.00685014768187788,0.015504665271325092
75.11,75.11,82294.564861902,4.43,304,astribot_arm_left_joint_2,-1.0821224670551342,-1.0693330601527147,-0.012789406902419476,-0.012789406902419476,-0.10913713656904224,-0.1298427615030715,0.2470216482625326,-1.0821224670551342,-0.1091371365690625,0.24702164825669737
75.11,75.11,82294.564861902,4.43,304,astribot_arm_left_joint_3,-0.37865242697905666,-0.37327470515128874,-0.005377721827767912,-0.005377721827767912,-0.04590441382362426,-0.0545950186208809,0.10390032505477514,-0.37865242697905666,-0.0459044138236271,0.10390032505390982
75.11,75.11,82294.564861902,4.43,304,astribot_arm_left_joint_4,0.743932464782382,0.7516451726815278,-0.007712707899145799,-0.007712707899145799,-0.06581873601901861,-0.07830189735645403,0.14897452112440057,0.743932464782382,-0.06581873601900984,0.148974521127497
75.11,75.11,82294.564861902,4.43,304,astribot_arm_left_joint_5,-0.9193127725411546,-0.9072431774503227,-0.012069595090831942,-0.012069595090831942,-0.10298456630308316,-0.12253610527848473,0.23309588388733693,-0.9193127725411545,-0.10298456630309225,0.2330958838842346
75.11,75.11,82294.564861902,4.43,304,astribot_arm_left_joint_6,-0.22476739712324748,-0.2204447825856537,-0.0043226145375937775,-0.0043226145375937775,-0.036886371881461724,-0.0438847981525034,0.08348883493590473,-0.22476739712324748,-0.0368863718814626,0.08348883493566758
75.11,75.11,82294.564861902,4.43,304,astribot_arm_left_joint_7,-0.8571338674541049,-0.840430707237638,-0.016703160216466895,-0.016703160216466895,-0.14253512928161396,-0.16957658314065466,0.3226148648987364,-0.8571338674541048,-0.14253512928161846,0.32261486489855834
75.13,75.13,82294.588888021,4.45,305,astribot_arm_left_joint_1,0.10696923588525184,0.10774541400066127,-0.0007761781154094344,-0.0007761781154094344,-0.00648421392813658,-0.007894246011714475,0.016478671950512575,0.10696923588525184,-0.006484213928137136,0.01647867195030368
75.13,75.13,82294.588888021,4.45,305,astribot_arm_left_joint_2,-1.0842464693394513,-1.0718707803029686,-0.012375689036482784,-0.012375689036482784,-0.10330704882324561,-0.12587794607980407,0.2625396056570481,-1.0842464693394513,-0.103307048823234,0.2625396056605997
75.13,75.13,82294.588888021,4.45,305,astribot_arm_left_joint_3,-0.37954580830540213,-0.37434178604537566,-0.005204022260026475,-0.005204022260026475,-0.04345220764591831,-0.052930871275532504,0.11042736764232026,-0.37954580830540213,-0.04345220764591945,0.11042736764184005
75.13,75.13,82294.588888021,4.45,305,astribot_arm_left_joint_4,0.7426515154185805,0.7501147863535581,-0.007463270934977562,-0.007463270934977562,-0.06230271005046388,-0.07591155390248618,0.15833313519841027,0.7426515154185807,-0.062302710050464505,0.15833313519737047
75.13,75.13,82294.588888021,4.45,305,astribot_arm_left_joint_5,-0.9213170348935825,-0.909638059954918,-0.011678974938664544,-0.011678974938664544,-0.09748314784107497,-0.11879229952214639,0.2477390215306305,-0.9213170348935826,-0.0974831478410778,0.24773902153067656
75.13,75.13,82294.588888021,4.45,305,astribot_arm_left_joint_6,-0.22548527135560664,-0.22130249109257216,-0.00418278026303448,-0.00418278026303448,-0.03491590800954855,-0.04254470533927208,0.08873362296560584,-0.22548527135560664,-0.03491590800954664,0.08873362296655317
75.13,75.13,82294.588888021,4.45,305,astribot_arm_left_joint_7,-0.8599078539238524,-0.8437450087708059,-0.016162845153046446,-0.016162845153046446,-0.13492092630088717,-0.16439855116524163,0.3428816057512489,-0.8599078539238524,-0.13492092630087713,0.3428816057549044
75.15,75.15,82294.611074223,4.47,306,astribot_arm_left_joint_1,0.10684330756688364,0.1075915452425137,-0.0007482376756300646,-0.0007482376756300646,-0.006109281134224775,-0.007625094645256953,0.015303470097904795,0.10684330756688364,-0.006109281134224562,0.015303470097980807
75.15,75.15,82294.611074223,4.47,306,astribot_arm_left_joint_2,-1.0862527700380513,-1.0743240455643739,-0.011928724473677432,-0.011928724473677432,-0.09733358760257647,-0.12156963585438452,0.24381618961178403,-1.0862527700380513,-0.09733358760257835,0.24381618961066545
75.15,75.15,82294.611074223,4.47,306,astribot_arm_left_joint_3,-0.3803896829059136,-0.3753734040733667,-0.00501627883254685,-0.00501627883254685,-0.040939696831975576,-0.05112158034394007,0.1025520699607996,-0.3803896829059136,-0.040939696831974424,0.10255206996144445
75.15,75.15,82294.611074223,4.47,306,astribot_arm_left_joint_4,0.7414415498632505,0.7486353201754457,-0.007193770312195147,-0.007193770312195147,-0.058700217997231,-0.07331390855872436,0.14704136397271136,0.7414415498632505,-0.058700217997231095,0.14704136397274042
75.15,75.15,82294.611074223,4.47,306,astribot_arm_left_joint_5,-0.9232102310485705,-0.9119532058432337,-0.01125702520533678,-0.01125702520533678,-0.09184643853682835,-0.11472483941575715,0.23007113191673262,-0.9232102310485705,-0.09184643853682363,0.23007113191876688
75.15,75.15,82294.611074223,4.47,306,astribot_arm_left_joint_6,-0.22616336458767325,-0.22213165440236768,-0.00403171018530557,-0.00403171018530557,-0.03289698650462323,-0.04108852837240476,0.08240544807638639,-0.22616336458767328,-0.032896986504623194,0.08240544807633142
75.15,75.15,82294.611074223,4.47,306,astribot_arm_left_joint_7,-0.8625281199345134,-0.8469490121996209,-0.015579107734892461,-0.015579107734892461,-0.1271194748966001,-0.15877189136410233,0.31842847631535937,-0.8625281199345135,-0.1271194748965987,0.3184284763159611
75.17,75.17,82294.632783053,4.49,307,astribot_arm_left_joint_1,0.10672488996552017,0.10744335334586422,-0.0007184633803440504,-0.0007184633803440504,-0.005699694615506064,-0.007336812893387485,0.02027140470565679,0.10672488996552017,-0.005699694615506066,0.02027140470565196
75.17,75.17,82294.632783053,4.49,307,astribot_arm_left_joint_2,-1.0881394093533427,-1.0766865217166095,-0.011452887636733244,-0.011452887636733244,-0.0908080202854751,-0.11696037056557612,0.32296574709730036,-1.0881394093533427,-0.09080802028547513,0.32296574709733306
75.17,75.17,82294.632783053,4.49,307,astribot_arm_left_joint_3,-0.3811832264657656,-0.37636688360516624,-0.004816342860599343,-0.004816342860599343,-0.03819496344446425,-0.04918516500020521,0.13584334142973808,-0.3811832264657655,-0.03819496344446427,0.13584334142971982
75.17,75.17,82294.632783053,4.49,307,astribot_arm_left_joint_4,0.7403037500367203,0.7472105967045577,-0.006906846667837363,-0.006906846667837363,-0.05476476022253422,-0.07053464406441409,0.19477510515347987,0.7403037500367204,-0.054764760222534264,0.194775105153417
75.17,75.17,82294.632783053,4.49,307,astribot_arm_left_joint_5,-0.9249905116914724,-0.9141826461249162,-0.010807865566556218,-0.010807865566556218,-0.08568874793617103,-0.11037377608564718,0.30475865907024724,-0.9249905116914724,-0.08568874793617107,0.3047586590702083
75.17,75.17,82294.632783053,4.49,307,astribot_arm_left_joint_6,-0.22680101444342138,-0.22293013184915716,-0.0038708825942642133,-0.0038708825942642133,-0.03069146315699605,-0.039530642848931735,0.1091565623481737,-0.22680101444342138,-0.03069146315699606,0.10915656234816384
75.17,75.17,82294.632783053,4.49,307,astribot_arm_left_joint_7,-0.8649921059539991,-0.8500344446199832,-0.014957661334015881,-0.014957661334015881,-0.11859696266639315,-0.15275216470030287,0.42179926982901805,-0.8649921059539991,-0.11859696266639323,0.421799269828941
75.19,75.19,82294.65446876,4.51,307,astribot_arm_left_joint_1,0.10661471414580806,0.10730123809834571,-0.0006865239525376543,-0.0006865239525376543,-0.005296729382844886,-0.007026890933249442,0.02374878394917413,0.1066147141458081,-0.00529672938283377,0.023748783951063102
75.19,75.19,82294.65446876,4.51,307,astribot_arm_left_joint_2,-1.0898947399010823,-1.0789519048339649,-0.010942835067117462,-0.010942835067117462,-0.08438794386182365,-0.11200943544700093,0.37836764955474117,-1.089894739901082,-0.08438794386185865,0.378367649544093
75.19,75.19,82294.65446876,4.51,307,astribot_arm_left_joint_3,-0.38192153995275796,-0.3773195639150861,-0.004601976037671873,-0.004601976037671873,-0.03549460081634687,-0.04710460253220073,0.15914605887970937,-0.3819215399527581,-0.03549460081636389,0.15914605887750133
75.19,75.19,82294.65446876,4.51,307,astribot_arm_left_joint_4,0.7392451402767451,0.7458444197535407,-0.006599279476795505,-0.006599279476795505,-0.05089292219721487,-0.06754922852111958,0.22818704269871726,0.739245140276745,-0.05089292219716658,0.22818704270943085
75.19,75.19,82294.65446876,4.51,307,astribot_arm_left_joint_5,-0.9266468860555108,-0.9163204388497015,-0.01032644720580933,-0.01032644720580933,-0.0796306012145623,-0.10570061678365612,0.3570372974344432,-0.9266468860555104,-0.07963060121449904,0.3570372974445189
75.19,75.19,82294.65446876,4.51,307,astribot_arm_left_joint_6,-0.22739428431831712,-0.22369579297081202,-0.0036984913475051062,-0.0036984913475051062,-0.028521593817243285,-0.0378572862457175,0.12788140011629404,-0.22739428431831718,-0.028521593817250245,0.12788140011512905
75.19,75.19,82294.65446876,4.51,307,astribot_arm_left_joint_7,-0.867284600281955,-0.8529930727490899,-0.014291527532865111,-0.014291527532865111,-0.11021222350404812,-0.146286199583472,0.4941551844040428,-0.8672846002819556,-0.11021222350421958,0.49415518437803213
75.21,75.21,82294.674095334,4.53,308,astribot_arm_left_joint_1,0.10651280062072335,0.10716561267425698,-0.0006528120535336246,-0.0006528120535336246,-0.0049118384469947545,-0.006697302868447196,0.02146148731116889,0.10651280062072337,-0.004911838446995268,0.02146148731091357
75.21,75.21,82294.674095334,4.53,308,astribot_arm_left_joint_2,-1.0915184348667883,-1.0811136652635005,-0.010404769603287845,-0.010404769603287845,-0.0782558286755358,-0.10674769236120502,0.34192624456161247,-1.0915184348667883,-0.0782558286754965,0.34192624457190646
75.21,75.21,82294.674095334,4.53,308,astribot_arm_left_joint_3,-0.382604485904725,-0.37822869108512447,-0.0043757948196005425,-0.0043757948196005425,-0.03291535820492487,-0.044892956773816696,0.1438183584570583,-0.38260448590472507,-0.03291535820492823,0.14381835845628413
75.21,75.21,82294.674095334,4.53,308,astribot_arm_left_joint_4,0.7382659176795353,0.74454072888287,-0.006274811203334729,-0.006274811203334729,-0.04719474865716992,-0.06437629239716282,0.20620985612530152,0.7382659176795354,-0.04719474865718127,0.20620985612172252
75.21,75.21,82294.674095334,4.53,308,astribot_arm_left_joint_5,-0.928179045750262,-0.9183604278125921,-0.009818617937669916,-0.009818617937669916,-0.07384418200977122,-0.10073442420161614,0.3226502647264774,-0.9281790457502621,-0.07384418200980239,0.32265026472080727
75.21,75.21,82294.674095334,4.53,308,astribot_arm_left_joint_6,-0.22794306375499576,-0.22442643098492443,-0.003516632770071332,-0.003516632770071332,-0.02644905015067309,-0.036078887958907284,0.11556486645913824,-0.22794306375499576,-0.026449050150675387,0.11556486645887915
75.21,75.21,82294.674095334,4.53,308,astribot_arm_left_joint_7,-0.869405176092595,-0.8558163685455219,-0.013588807547073145,-0.013588807547073145,-0.10220356707125507,-0.13941430432749,0.44656203201623457,-0.8694051760925952,-0.10220356707126002,0.4465620320172011
75.23,75.23,82294.69623194,4.55,309,astribot_arm_left_joint_1,0.1064194489035811,0.10703678748962156,-0.0006173385860404612,-0.0006173385860404612,-0.004448288446725119,-0.006354397913326566,0.016190834443711243,0.1064194489035811,-0.004448288446725063,0.016190834443743873
75.23,75.23,82294.69623194,4.55,309,astribot_arm_left_joint_2,-1.0930057223788026,-1.0831669004215931,-0.00983882195720942,-0.00983882195720942,-0.07087051057207683,-0.10127581985532784,0.2579537539797037,-1.0930057223788026,-0.0708705105720773,0.25795375397944353
75.23,75.23,82294.69623194,4.55,309,astribot_arm_left_joint_3,-0.3832300572141118,-0.3790921969810925,-0.004137860233019319,-0.004137860233019319,-0.029809003126392425,-0.04259264154813843,0.10849850236369067,-0.3832300572141118,-0.029809003126392255,0.1084985023637172
75.23,75.23,82294.69623194,4.55,309,astribot_arm_left_joint_4,0.7373689600790793,0.7433024820840513,-0.005933522004971992,-0.005933522004971992,-0.04274078992282193,-0.06107656794688297,0.1555674866679162,0.7373689600790793,-0.04274078992282024,0.15556748666856476
75.23,75.23,82294.69623194,4.55,309,astribot_arm_left_joint_5,-0.9295824879167687,-0.9202979911376389,-0.009284496779129792,-0.009284496779129792,-0.06687520879133192,-0.09557015309849705,0.24341169573416244,-0.9295824879167687,-0.0668752087913332,0.2434116957335701
75.23,75.23,82294.69623194,4.55,309,astribot_arm_left_joint_6,-0.22844573994742184,-0.22512038900584955,-0.003325350941572297,-0.003325350941572297,-0.023952946637341693,-0.034229474414389005,0.08718368830804646,-0.22844573994742184,-0.02395294663734138,0.08718368830813703
75.23,75.23,82294.69623194,4.55,309,astribot_arm_left_joint_7,-0.8713476012328201,-0.8584979289873632,-0.012849672245456856,-0.012849672245456856,-0.0925582043308777,-0.13226796872621707,0.33689239820543754,-0.8713476012328201,-0.09255820433087723,0.33689239820556127
75.25,75.25,82294.716712498,4.57,309,astribot_arm_left_joint_1,0.10633430440698535,0.1069151286699736,-0.0005808242629882499,-0.0005808242629882499,-0.004015274229513942,-0.005992496089598611,0.028695100855765224,0.10633430440698541,-0.00401527422950614,0.02869510085677276
75.25,75.25,82294.716712498,4.57,309,astribot_arm_left_joint_2,-1.094362251753731,-1.0851058119876564,-0.009256439766074598,-0.009256439766074598,-0.06397169116613104,-0.0955029371131129,0.45717279196761584,-1.0943622517537315,-0.06397169116618473,0.4571727919609359
75.25,75.25,82294.716712498,4.57,309,astribot_arm_left_joint_3,-0.3838006300525446,-0.3799076378599275,-0.0038929921926171285,-0.0038929921926171285,-0.026907275347385757,-0.0401654857010959,0.19229246515896042,-0.3838006300525447,-0.026907275347396637,0.1922924651575148
75.25,75.25,82294.716712498,4.57,309,astribot_arm_left_joint_4,0.7365508604693827,0.7421331772999953,-0.00558231683061261,-0.00558231683061261,-0.038580230212442446,-0.05759525845443261,0.27571307306462134,0.7365508604693831,-0.038580230212406516,0.2757130730669109
75.25,75.25,82294.716712498,4.57,309,astribot_arm_left_joint_5,-0.9308625433932656,-0.9221276608868388,-0.008734882506426733,-0.008734882506426733,-0.060365308065850824,-0.09012200709912367,0.4313998258229642,-0.9308625433932662,-0.0603653080659337,0.4313998258137097
75.25,75.25,82294.716712498,4.57,309,astribot_arm_left_joint_6,-0.22890422226210214,-0.22577570738635558,-0.0031285148757465575,-0.0031285148757465575,-0.021621270856310677,-0.03227832865732582,0.15451610834405377,-0.22890422226210216,-0.021621270856314326,0.1545161083432777
75.25,75.25,82294.716712498,4.57,309,astribot_arm_left_joint_7,-0.8731192538151423,-0.8610301812333131,-0.01208907258182923,-0.01208907258182923,-0.08354821793372122,-0.12472850215319323,0.5970761654123626,-0.8731192538151425,-0.08354821793374599,0.5970761654081234
75.28,75.28,82294.749148817,4.6,310,astribot_arm_left_joint_1,0.10622306465065998,0.10674666280165704,-0.0005235981509970622,-0.0005235981509970622,-0.00344413623239086,-0.005423091626127648,0.026978359571851324,0.10622306465065998,-0.0034441362323914563,0.026978359571706804
75.28,75.28,82294.749148817,4.6,310,astribot_arm_left_joint_2,-1.0961345330302525,-1.0877905557386633,-0.0083439772915892,-0.0083439772915892,-0.054872271929469606,-0.08642301244502729,0.42982152352282155,-1.0961345330302525,-0.05487227192945951,0.4298215235235735
75.28,75.28,82294.749148817,4.6,310,astribot_arm_left_joint_3,-0.3845460732232826,-0.38103677104583183,-0.0035093021774507682,-0.0035093021774507682,-0.02307994837760344,-0.036347501231464706,0.18078818728683094,-0.38454607322328255,-0.023079948377594955,0.18078818728806414
75.28,75.28,82294.749148817,4.6,310,astribot_arm_left_joint_4,0.7354820280154827,0.7405140769467359,-0.005032048931253197,-0.005032048931253197,-0.033092526471048905,-0.052119562394400056,0.25921799198407997,0.7354820280154826,-0.0330925264710693,0.2592179919819311
75.28,75.28,82294.749148817,4.6,310,astribot_arm_left_joint_5,-0.9325349128943125,-0.9246611266677922,-0.00787378622652024,-0.00787378622652024,-0.05177886560314838,-0.08155314267161268,0.40559047615862964,-0.9325349128943123,-0.0517788656031375,0.40559047616026833
75.28,75.28,82294.749148817,4.6,310,astribot_arm_left_joint_6,-0.22950322117575733,-0.22668310373794312,-0.0028201174378142124,-0.0028201174378142124,-0.01854583226205135,-0.029209460228586615,0.1452718758965203,-0.22950322117575736,-0.018545832262053613,0.1452718758964012
75.28,75.28,82294.749148817,4.6,310,astribot_arm_left_joint_7,-0.875433886110012,-0.8645365038202869,-0.010897382289725144,-0.010897382289725144,-0.07166420724712891,-0.11286998132269772,0.5613549003498995,-0.8754338861100118,-0.07166420724710724,0.5613549003522932
75.3,75.3,82294.769225769,4.62,310,astribot_arm_left_joint_1,0.10616095224168288,0.10664389414943068,-0.0004829419077477942,-0.0004829419077477942,-0.0027699301714537677,-0.0050408836983396,0.023112091514943478,0.10616095224168282,-0.002769930171464272,0.023112091513936645
75.3,75.3,82294.769225769,4.62,310,astribot_arm_left_joint_2,-1.0971241132226786,-1.0894282483751996,-0.007695864847478973,-0.007695864847478973,-0.044130763517663346,-0.08032949081681597,0.3682238113822738,-1.0971241132226779,-0.04413076351764221,0.36822381138227933
75.3,75.3,82294.769225769,4.62,310,astribot_arm_left_joint_3,-0.38496230274966464,-0.38172555201867414,-0.003236750730990501,-0.003236750730990501,-0.018561938626560068,-0.03378507565918711,0.15487943653542935,-0.3849623027496639,-0.018561938626496674,0.15487943653998848
75.3,75.3,82294.769225769,4.62,310,astribot_arm_left_joint_4,0.7348852291667832,0.7395264241328604,-0.004641194966077178,-0.004641194966077178,-0.02661450690011264,-0.04844479217439429,0.22206946782400871,0.734885229166782,-0.02661450690019769,0.22206946781991865
75.3,75.3,82294.769225769,4.62,310,astribot_arm_left_joint_5,-0.933468705828074,-0.9262065325255299,-0.007262173302544084,-0.007262173302544084,-0.04164290620381038,-0.07580272347881556,0.3474653148244977,-0.933468705828073,-0.04164290620372615,0.3474653148305445
75.3,75.3,82294.769225769,4.62,310,astribot_arm_left_joint_6,-0.22983768132499563,-0.22723661499105083,-0.0026010663339448015,-0.0026010663339448015,-0.014915397322107086,-0.02714995095481906,0.12445296687442942,-0.22983768132499569,-0.014915397322106885,0.12445296687494799
75.3,75.3,82294.769225769,4.62,310,astribot_arm_left_joint_7,-0.8767262962381882,-0.8666753594882979,-0.010050936749890327,-0.010050936749890327,-0.057635597570536004,-0.104911743916319,0.48090714315252203,-0.8767262962381869,-0.057635597570430505,0.4809071431585946
75.32,75.32,82294.789233274,4.64,311,astribot_arm_left_joint_1,0.10612208207257533,0.10654968371608789,-0.00042760164351256236,-0.00042760164351256236,-0.0009367904094240488,-0.004591624242062698,0.08247215637561174,0.10612208207257533,-0.0009367904094243021,0.08247215637558959
75.32,75.32,82294.789233274,4.64,311,astribot_arm_left_joint_2,-1.0979249654722336,-1.090932602127307,-0.0069923633449267,-0.0069923633449267,-0.035960858651370234,-0.0734767268148713,0.3680703765798164,-1.0979249654722336,-0.03596085865136736,0.3680703765800863
75.32,75.32,82294.789233274,4.64,311,astribot_arm_left_joint_3,-0.3852744935998277,-0.3823578404214598,-0.0029166531783678673,-0.0029166531783678673,-0.012268879069059277,-0.030861333117162416,0.28326723112906915,-0.3852744935998277,-0.012268879069059768,0.2832672311290223
75.32,75.32,82294.789233274,4.64,311,astribot_arm_left_joint_4,0.7344077179132639,0.7386192763659156,-0.0042115584526517535,-0.0042115584526517535,-0.021053762035562185,-0.044302827132711775,0.25046764998742904,0.7344077179132639,-0.021053762035562727,0.25046764998747617
75.32,75.32,82294.789233274,4.64,311,astribot_arm_left_joint_5,-0.9342420349445183,-0.9276264084924809,-0.006615626452037393,-0.006615626452037393,-0.03597549159114879,-0.06936586363989393,0.2555051851508776,-0.9342420349445182,-0.03597549159114562,0.2555051851511249
75.32,75.32,82294.789233274,4.64,311,astribot_arm_left_joint_6,-0.23010858325177497,-0.22774506383505272,-0.0023635194167222484,-0.0023635194167222484,-0.012180578884215396,-0.024834221082739902,0.12321127389336126,-0.23010858325177497,-0.012180578884215382,0.1232112738933585
75.32,75.32,82294.789233274,4.64,311,astribot_arm_left_joint_7,-0.8777708270778961,-0.8686400486354885,-0.009130778442407617,-0.009130778442407617,-0.04680368962083623,-0.09595954723301066,0.48798485542478,-0.877770827077896,-0.04680368962083659,0.48798485542481373
75.34,75.34,82294.811025132,4.66,311,astribot_arm_left_joint_1,0.10610733852932666,0.1064677731898889,-0.0003604346605622366,-0.0003604346605622366,-0.001243412335879726,-0.003915036169143489,-0.12224157614550324,0.10610733852932665,-0.001243412335880833,-0.12224157614556783
75.34,75.34,82294.811025132,4.66,311,astribot_arm_left_joint_2,-1.0985879261528992,-1.092295474603572,-0.006292451549327227,-0.006292451549327227,-0.03127498279028202,-0.06636361425609914,0.09421439034610635,-1.098587926152899,-0.03127498279027303,0.09421439034639732
75.34,75.34,82294.811025132,4.66,311,astribot_arm_left_joint_3,-0.3854952110601905,-0.3829232216276546,-0.0025719894325359483,-0.0025719894325359483,-0.011597698842400174,-0.027371588982933258,-0.2376487245238943,-0.3854952110601905,-0.01159769884240319,-0.2376487245241233
75.34,75.34,82294.811025132,4.66,311,astribot_arm_left_joint_4,0.7340207913444378,0.7377990945234733,-0.0037783031790354915,-0.0037783031790354915,-0.0185160765066299,-0.039902599816784935,-0.004680809046200718,0.7340207913444377,-0.0185160765066236,-0.004680809045426815
75.34,75.34,82294.811025132,4.66,311,astribot_arm_left_joint_5,-0.9349091730432979,-0.9289180674089664,-0.005991105634331473,-0.005991105634331473,-0.03062473863602009,-0.06300962709826975,0.287095149767467,-0.9349091730432977,-0.030624738636014087,0.28709514976738065
75.34,75.34,82294.811025132,4.66,311,astribot_arm_left_joint_6,-0.23033319039969388,-0.22820576304859438,-0.002127427351099498,-0.002127427351099498,-0.010584798417494313,-0.022434727208983478,0.034411124857933295,-0.23033319039969388,-0.01058479841749508,0.03441112485783552
75.34,75.34,82294.811025132,4.66,311,astribot_arm_left_joint_7,-0.8786333723015162,-0.8704195411619696,-0.008213831139546546,-0.008213831139546546,-0.04075749275117528,-0.08664146823711605,0.10733527921062824,-0.8786333723015162,-0.040757492751171985,0.10733527921101581
75.36,75.36,82294.835122889,4.68,311,astribot_arm_left_joint_1,0.10604891770380537,0.106397292668701,-0.00034837496489563413,-0.00034837496489563413,-0.004782583818129481,-0.0034437054988783315,-0.17037486309941396,0.10604891770380533,-0.004782583818132168,-0.17037486309951425
75.36,75.36,82294.835122889,4.68,311,astribot_arm_left_joint_2,-1.0992063856149725,-1.0935220282816696,-0.0056843573333029696,-0.0056843573333029696,-0.030829190546766472,-0.05973085239578282,0.024822277726322728,-1.0992063856149723,-0.030829190546753323,0.02482227772640656
75.36,75.36,82294.835122889,4.68,311,astribot_arm_left_joint_3,-0.38579775430667707,-0.38342504803419386,-0.002372706272483205,-0.002372706272483205,-0.01912808731284306,-0.024462746478758502,-0.36155356960105856,-0.3857977543066773,-0.019128087312853214,-0.3615535696015879
75.36,75.36,82294.835122889,4.68,311,astribot_arm_left_joint_4,0.7336384021484442,0.7370625032554459,-0.0034241011070016425,-0.0034241011070016425,-0.019959055107227848,-0.035876095112303864,-0.06753837455247469,0.7336384021484446,-0.019959055107190312,-0.06753837454992791
75.36,75.36,82294.835122889,4.68,311,astribot_arm_left_joint_5,-0.9354624520049126,-0.9300855365666799,-0.00537691543823271,-0.00537691543823271,-0.024687470148844093,-0.05683585939806019,0.28931743212496,-0.9354624520049125,-0.02468747014884931,0.289317432123801
75.36,75.36,82294.835122889,4.68,311,astribot_arm_left_joint_6,-0.23054182562334352,-0.22862044652691296,-0.0019213790964305588,-0.0019213790964305588,-0.01036263902467873,-0.020194074342798067,0.011835205605405297,-0.23054182562334355,-0.010362639024683432,0.011835205605084375
75.36,75.36,82294.835122889,4.68,311,astribot_arm_left_joint_7,-0.8794434948971301,-0.872020646322021,-0.007422848575109109,-0.007422848575109109,-0.040612575188054174,-0.07797220462204797,0.01134119265001532,-0.87944349489713,-0.04061257518803532,0.011341192651280902
75.38,75.38,82294.852634986,4.7,312,astribot_arm_left_joint_1,0.10592987959623233,0.10632564839074003,-0.0003957687945077004,-0.0003957687945077004,-0.00691374839817882,-0.003680678136673228,-0.09117835731655324,0.10592987959623233,-0.006913748398178646,-0.09117835731652718
75.38,75.38,82294.852634986,4.7,312,astribot_arm_left_joint_2,-1.0997912898733313,-1.0946325018100498,-0.005158788063281516,-0.005158788063281516,-0.02623007847650368,-0.054203779584960844,0.38065048785984407,-1.0997912898733313,-0.02623007847650448,0.3806504878597696
75.38,75.38,82294.852634986,4.7,312,astribot_arm_left_joint_3,-0.3862218922818929,-0.3838963316575586,-0.0023255606243343108,-0.0023255606243343108,-0.02242920061696444,-0.023401299769609384,-0.08886023967117544,-0.3862218922818929,-0.022429200616964393,-0.08886023967117115
75.38,75.38,82294.852634986,4.7,312,astribot_arm_left_joint_4,0.7332461493962432,0.736391863013651,-0.003145713617407786,-0.003145713617407786,-0.01834665535221022,-0.03282301321088247,0.1743430375501933,0.7332461493962432,-0.01834665535220969,0.17434303755025776
75.38,75.38,82294.852634986,4.7,312,astribot_arm_left_joint_5,-0.9358870655370277,-0.9311304019553207,-0.00475666358170701,-0.00475666358170701,-0.016605353108378997,-0.05071738445220991,0.5371480713061778,-0.9358870655370277,-0.0166053531083787,0.537148071306246
75.38,75.38,82294.852634986,4.7,312,astribot_arm_left_joint_6,-0.23073786274977184,-0.2289957276405077,-0.0017421351092641313,-0.0017421351092641313,-0.008759726419554094,-0.018314320416792568,0.1309590975257124,-0.23073786274977184,-0.008759726419553972,0.13095909752573345
75.38,75.38,82294.852634986,4.7,312,astribot_arm_left_joint_7,-0.8802174830055208,-0.8734711843391838,-0.006746298666337025,-0.006746298666337025,-0.03490269560009458,-0.07082531597576877,0.48303018815609816,-0.8802174830055208,-0.03490269560009422,0.4830301881561301
75.4,75.4,82294.873545772,4.72,312,astribot_arm_left_joint_1,0.10577388889032587,0.10624308961449778,-0.0004692007241719198,-0.0004692007241719198,-0.008663781356454868,-0.00429818967061792,-0.08490984953080069,0.10577388889032587,-0.008663781356453537,-0.08490984953070815
75.4,75.4,82294.873545772,4.72,312,astribot_arm_left_joint_2,-1.10025397670543,-1.0956371033052665,-0.004616873400163479,-0.004616873400163479,-0.021267434084358466,-0.048872268969090776,0.024794691341827435,-1.10025397670543,-0.021267434084359087,0.02479469134199643
75.4,75.4,82294.873545772,4.72,312,astribot_arm_left_joint_3,-0.3866911721005984,-0.38436107655784046,-0.002330095542757926,-0.002330095542757926,-0.024802159264802576,-0.02321888394654191,-0.17664923944491115,-0.38669117210059833,-0.024802159264802354,-0.17664923944490282
75.4,75.4,82294.873545772,4.72,312,astribot_arm_left_joint_4,0.7329061895432485,0.7357766456903111,-0.0028704561470626055,-0.0028704561470626055,-0.016343065431367522,-0.030064596261834272,-0.026540673221577993,0.7329061895432486,-0.01634306543136612,-0.026540673221597286
75.4,75.4,82294.873545772,4.72,312,astribot_arm_left_joint_5,-0.9361273408990965,-0.9320482075832953,-0.004079133315801231,-0.004079133315801231,-0.008734331028147616,-0.04421392695098288,0.15711692022743007,-0.9361273408990964,-0.008734331028143218,0.15711692022783383
75.4,75.4,82294.873545772,4.72,312,astribot_arm_left_joint_6,-0.23089169829412573,-0.22933487398014724,-0.0015568243139784943,-0.0015568243139784943,-0.007041127497367478,-0.016493282892655954,0.010113033171827157,-0.23089169829412573,-0.007041127497366473,0.010113033171900949
75.4,75.4,82294.873545772,4.72,312,astribot_arm_left_joint_7,-0.8808373232859724,-0.8747856040245675,-0.006051719261404909,-0.006051719261404909,-0.02867411050943388,-0.06397898188480865,0.021782489424798657,-0.8808373232859724,-0.028674110509434678,0.021782489424598678
75.43,75.43,82294.907007614,4.75,312,astribot_arm_left_joint_1,0.10547489226033346,0.10608872045305627,-0.0006138281927228068,-0.0006138281927228068,-0.011352723964592961,-0.005613299271893513,-0.10224306319526866,0.10547489226033359,-0.0113527239645863,-0.1022430631949827
75.43,75.43,82294.907007614,4.75,312,astribot_arm_left_joint_2,-1.1010019861015257,-1.0969535502597698,-0.004048435841755849,-0.004048435841755849,-0.031795864568859494,-0.041761847068645816,-0.5712300200587714,-1.1010019861015257,-0.03179586456884135,-0.5712300200575399
75.43,75.43,82294.907007614,4.75,312,astribot_arm_left_joint_3,-0.38755112260458374,-0.38507000731236635,-0.002481115292217395,-0.002481115292217395,-0.03361856810236918,-0.024039140057667593,-0.38390563095194596,-0.38755112260458363,-0.033618568102368844,-0.3839056309519414
75.43,75.43,82294.907007614,4.75,312,astribot_arm_left_joint_4,0.7323341240617587,0.7349482919189173,-0.0026141678571586224,-0.0026141678571586224,-0.02366584432107717,-0.026621698647454516,-0.3763582166899857,0.7323341240617587,-0.023665844321086933,-0.37635821669089653
75.43,75.43,82294.907007614,4.75,312,astribot_arm_left_joint_5,-0.93644339073286,-0.9331794939992016,-0.0032638967336583447,-0.0032638967336583447,-0.015532747738331923,-0.03478033013750243,-0.4363564056737781,-0.9364433907328596,-0.015532747738302563,-0.4363564056724201
75.43,75.43,82294.907007614,4.75,312,astribot_arm_left_joint_6,-0.23113946059984183,-0.22977837156075978,-0.001361089039082053,-0.001361089039082053,-0.010558900367751568,-0.014054787048640943,-0.1917348724422927,-0.23113946059984175,-0.01055890036774733,-0.19173487244215542
75.43,75.43,82294.907007614,4.75,312,astribot_arm_left_joint_7,-0.8818451357476726,-0.876513703461905,-0.005331432285767601,-0.005331432285767601,-0.04267306151630973,-0.054908561708548756,-0.7541756194315195,-0.881845135747673,-0.042673061516333856,-0.7541756194331042
75.45,75.45,82294.928390386,4.77,313,astribot_arm_left_joint_1,0.10522300882044029,0.10596020134007297,-0.0007371925196326817,-0.0007371925196326817,-0.014345572593276693,-0.006713629366876336,-0.23326078885843976,0.1052230088204403,-0.014345572593277556,-0.23326078885867188
75.45,75.45,82294.928390386,4.77,313,astribot_arm_left_joint_2,-1.1017410041588085,-1.097757246026924,-0.003983758131884452,-0.003983758131884452,-0.04251879683766991,-0.03988521837993059,-0.6913609078459948,-1.1017410041588085,-0.042518796837675,-0.6913609078474505
75.45,75.45,82294.928390386,4.77,313,astribot_arm_left_joint_3,-0.3883065781345566,-0.3855769721949032,-0.002729605939653379,-0.002729605939653379,-0.04314790449892066,-0.025885335504333827,-0.7015902764127043,-0.38830657813455655,-0.043147904498920746,-0.7015902764128047
75.45,75.45,82294.928390386,4.77,313,astribot_arm_left_joint_4,0.73178981926108,0.7344261301766897,-0.0026363109156096742,-0.0026363109156096742,-0.03124590576113849,-0.026074495757241772,-0.5080623013865554,0.73178981926108,-0.03124590576113818,-0.5080623013865936
75.45,75.45,82294.928390386,4.77,313,astribot_arm_left_joint_5,-0.9368229439731778,-0.9338171403614761,-0.003005803611701663,-0.003005803611701663,-0.022063590005920824,-0.031125668861449737,-0.3587567088284918,-0.9368229439731778,-0.02206359000592361,-0.3587567088292033
75.45,75.45,82294.928390386,4.77,313,astribot_arm_left_joint_6,-0.2313851168866883,-0.23004844153693113,-0.001336675349757177,-0.001336675349757177,-0.0141365653625339,-0.013396107247928033,-0.22986230537515692,-0.2313851168866883,-0.01413656536253363,-0.22986230537511193
75.45,75.45,82294.928390386,4.77,313,astribot_arm_left_joint_7,-0.8828354989554481,-0.8775729164396722,-0.005262582515775938,-0.005262582515775938,-0.05696179456025758,-0.052606974925733505,-0.9262058413856138,-0.8828354989554481,-0.056961794560262576,-0.9262058413868896
75.47,75.47,82294.957380479,4.79,313,astribot_arm_left_joint_1,0.10489688090261882,0.10580467174036177,-0.00090779083774295,-0.00090779083774295,-0.01764735782647015,-0.008181034773606903,-0.06823183849289871,0.10489688090261873,-0.0176473578264817,-0.06823183849377251
75.47,75.47,82294.957380479,4.79,313,astribot_arm_left_joint_2,-1.1027076136538825,-1.0985599908687045,-0.004147622785177996,-0.004147622785177996,-0.05230494755546139,-0.040436902942554524,-0.20223212839886684,-1.1027076136538831,-0.05230494755556389,-0.20223212840826074
75.47,75.47,82294.957380479,4.79,313,astribot_arm_left_joint_3,-0.38928748957333675,-0.3861421062304143,-0.00314538334292247,-0.00314538334292247,-0.05307885099770241,-0.02921734433504255,-0.2052243528080071,-0.38928748957333675,-0.053078850997703306,-0.20522435280792334
75.47,75.47,82294.957380479,4.79,313,astribot_arm_left_joint_4,0.7310794842695646,0.7338915512993537,-0.0028120670297890893,-0.0028120670297890893,-0.03843748138973475,-0.02709477868626335,-0.1486148832053389,0.7310794842695645,-0.038437481389744496,-0.14861488320670194
75.47,75.47,82294.957380479,4.79,313,astribot_arm_left_joint_5,-0.9373245309695495,-0.934412025281504,-0.0029125056880454636,-0.0029125056880454636,-0.027141758562732505,-0.029430455856380124,-0.10494104017581274,-0.9373245309695499,-0.027141758562762314,-0.10494104017738451
75.47,75.47,82294.957380479,4.79,313,astribot_arm_left_joint_6,-0.23170649329720486,-0.23031764758601225,-0.0013888457111926045,-0.0013888457111926045,-0.017390245371387236,-0.013553851432354764,-0.06723773752544826,-0.2317064932972048,-0.017390245371382777,-0.06723773752504893
75.47,75.47,82294.957380479,4.79,313,astribot_arm_left_joint_7,-0.8841304512018308,-0.8786342059508215,-0.005496245251009224,-0.005496245251009224,-0.0700721539350575,-0.05350312596178939,-0.27092734998393775,-0.8841304512018313,-0.07007215393511386,-0.27092734998753815
75.49,75.49,82294.978331528,4.8100000000000005,314,astribot_arm_left_joint_1,0.10452927453934371,0.10561426444011905,-0.0010849899007753377,-0.0010849899007753377,-0.019605027239866093,-0.009962821648119643,-0.16852344815413628,0.1045292745393437,-0.019605027239865774,-0.1685234481539871
75.49,75.49,82294.978331528,4.8100000000000005,314,astribot_arm_left_joint_2,-1.1037971609810948,-1.0994011730959623,-0.004395987885132513,-0.004395987885132513,-0.05810727768367645,-0.042641994958236444,-0.499486110287948,-1.1037971609810948,-0.05810727768366916,-0.4994861102855606
75.49,75.49,82294.978331528,4.8100000000000005,314,astribot_arm_left_joint_3,-0.3903931578310973,-0.3867936491304533,-0.0035995087006440163,-0.0035995087006440163,-0.0589670323400578,-0.03370045676111117,-0.5068765014080364,-0.3903931578310973,-0.05896703234005837,-0.5068765014080782
75.49,75.49,82294.978331528,4.8100000000000005,314,astribot_arm_left_joint_4,0.7302788056135263,0.7333182119100596,-0.00303940629653332,-0.00303940629653332,-0.04270145576959318,-0.029213268742203254,-0.36705873852883225,0.7302788056135262,-0.042701455769593374,-0.36705873852847165
75.49,75.49,82294.978331528,4.8100000000000005,314,astribot_arm_left_joint_5,-0.9378899121023093,-0.9349929732760417,-0.0028969388262676254,-0.0028969388262676254,-0.030152667679372313,-0.02896974254394583,-0.25919023045515943,-0.9378899121023093,-0.030152667679371428,-0.25919023045468964
75.49,75.49,82294.978331528,4.8100000000000005,314,astribot_arm_left_joint_6,-0.23206874383466727,-0.2305991941244424,-0.0014695497102248656,-0.0014695497102248656,-0.01931939260064691,-0.014266196752972474,-0.16606815269700465,-0.23206874383466727,-0.019319392600647866,-0.16606815269719122
75.49,75.49,82294.978331528,4.8100000000000005,314,astribot_arm_left_joint_7,-0.8855901014184933,-0.8797496752370648,-0.0058404261814284375,-0.0058404261814284375,-0.07784544860265234,-0.056584476117289374,-0.6691540522299402,-0.8855901014184933,-0.07784544860264948,-0.6691540522287425
75.51,75.51,82295.000411736,4.83,314,astribot_arm_left_joint_1,0.10410907367793276,0.10538771717191395,-0.0012786434939811853,-0.0012786434939811853,-0.02206290482277403,-0.011804827814973837,-0.08304565058494318,0.10410907367793287,-0.0220629048227597,-0.08304565058345921
75.51,75.51,82295.000411736,4.83,314,astribot_arm_left_joint_2,-1.1050425929735224,-1.1002968718778432,-0.004745721095679167,-0.004745721095679167,-0.06539217320957287,-0.04560999942152928,-0.24613873880995207,-1.105042592973521,-0.06539217320940938,-0.24613873879620385
75.51,75.51,82295.000411736,4.83,314,astribot_arm_left_joint_3,-0.3916570172219043,-0.38753891144702257,-0.004118105774881753,-0.004118105774881753,-0.06635971510173744,-0.03853114483955372,-0.24978060493075915,-0.3916570172219044,-0.06635971510173769,-0.24978060493072568
75.51,75.51,82295.000411736,4.83,314,astribot_arm_left_joint_4,0.72936357156267,0.7326962935109329,-0.003332721948262951,-0.003332721948262951,-0.04805492708137377,-0.031797777059026186,-0.1808806553625517,0.7293635715626705,-0.048054927081258365,-0.18088065534750453
75.51,75.51,82295.000411736,4.83,314,astribot_arm_left_joint_5,-0.9385361839374717,-0.9355747657445093,-0.0029614181929624728,-0.0029614181929624728,-0.03393290042519134,-0.029209858554735936,-0.1277247857786814,-0.9385361839374713,-0.03393290042512797,-0.12772478577166338
75.51,75.51,82295.000411736,4.83,314,astribot_arm_left_joint_6,-0.2324828225968849,-0.23089851055085783,-0.0015843120460270754,-0.0015843120460270754,-0.021741460237049565,-0.015236145561224667,-0.08183572039007636,-0.23248282259688488,-0.021741460237039514,-0.08183572038780938
75.51,75.51,82295.000411736,4.83,314,astribot_arm_left_joint_7,-0.8872585879836763,-0.8809403550208238,-0.006318232962852499,-0.006318232962852499,-0.08760491390267515,-0.060663716563995614,-0.32974837756578257,-0.8872585879836753,-0.08760491390253441,-0.3297483775499887
75.53,75.53,82295.022289408,4.85,315,astribot_arm_left_joint_1,0.10364424598338233,0.1051222030541122,-0.0014779570707298684,-0.0014779570707298684,-0.024569538049329785,-0.013764976843860124,-0.1176642368471629,0.10364424598338233,-0.024569538049331006,-0.11766423684767453
75.53,75.53,82295.022289408,4.85,315,astribot_arm_left_joint_2,-1.1064202942943018,-1.1012654595302258,-0.005154834764075966,-0.005154834764075966,-0.07282157543182853,-0.04940155436655864,-0.3487446561590163,-1.1064202942943022,-0.07282157543188932,-0.34874465616886813
75.53,75.53,82295.022289408,4.85,315,astribot_arm_left_joint_3,-0.39305510299662755,-0.3883892420478267,-0.004665860948800837,-0.004665860948800837,-0.07389904267968274,-0.04385200252391929,-0.3539046783550752,-0.39305510299662755,-0.07389904267968259,-0.35390467835508477
75.53,75.53,82295.022289408,4.85,315,astribot_arm_left_joint_4,0.7283511363848723,0.7320139128803637,-0.0036627764954914044,-0.0036627764954914044,-0.05351459242859338,-0.03491084368703976,-0.2562829494656481,0.7283511363848723,-0.05351459242859669,-0.256282949467014
75.53,75.53,82295.022289408,4.85,315,astribot_arm_left_joint_5,-0.9392510921510873,-0.9361721508693938,-0.0030789412816935036,-0.0030789412816935036,-0.037788119688523227,-0.030124330529485877,-0.18096841121055213,-0.9392510921510874,-0.03778811968854186,-0.18096841121439014
75.53,75.53,82295.022289408,4.85,315,astribot_arm_left_joint_6,-0.2329408780034295,-0.23122177283339815,-0.0017191051700313487,-0.0017191051700313487,-0.02421157317375389,-0.016483107815710742,-0.1159499325799441,-0.23294087800342952,-0.024211573173759302,-0.1159499325812353
75.53,75.53,82295.022289408,4.85,315,astribot_arm_left_joint_7,-0.889104273784695,-0.8822304450757065,-0.006873828708988561,-0.006873828708988561,-0.0975579726571698,-0.06582667586130125,-0.4672079864912017,-0.8891042737846949,-0.0975579726571765,-0.46720798649395634
75.55,75.55,82295.044658451,4.87,316,astribot_arm_left_joint_1,0.10313151449446004,0.10481629696035802,-0.0016847824658979826,-0.0016847824658979826,-0.026860755993852445,-0.015811038672706793,-0.14134542732445624,0.10313151449446002,-0.02686075599385202,-0.14134542732426816
75.55,75.55,82295.044658451,4.87,316,astribot_arm_left_joint_2,-1.1079399775183778,-1.1023192549021947,-0.0056207226161830715,-0.0056207226161830715,-0.0796125089872188,-0.053831189641713274,-0.418933261068243,-1.1079399775183778,-0.07961250898720675,-0.4189332610643354
75.55,75.55,82295.044658451,4.87,316,astribot_arm_left_joint_3,-0.39459727143736123,-0.38935123287086326,-0.005246038566497968,-0.005246038566497968,-0.08079045481493885,-0.04954047301083536,-0.42513179309544846,-0.39459727143736123,-0.08079045481493621,-0.4251317930948011
75.55,75.55,82295.044658451,4.87,316,astribot_arm_left_joint_4,0.7272343625733382,0.7312633278869543,-0.004028965313616073,-0.004028965313616073,-0.05850506454166178,-0.03843073449968637,-0.30786264355986204,0.7272343625733382,-0.058505064541658804,-0.3078626435592473
75.55,75.55,82295.044658451,4.87,316,astribot_arm_left_joint_5,-0.9400396767322294,-0.9367957448442473,-0.00324393188798211,-0.00324393188798211,-0.04131202875620435,-0.031569984639045465,-0.2173902461875562,-0.9400396767322293,-0.041312028756190625,-0.2173902461831112
75.55,75.55,82295.044658451,4.87,316,astribot_arm_left_joint_6,-0.23344613927198116,-0.2315731314559343,-0.001873007816046851,-0.001873007816046851,-0.02646940931253678,-0.01794481057524899,-0.13928610092613322,-0.23344613927198116,-0.026469409312535823,-0.13928610092579358
75.55,75.55,82295.044658451,4.87,316,astribot_arm_left_joint_7,-0.8911401706125605,-0.8836361139717013,-0.00750405664085918,-0.00750405664085918,-0.10665568451217843,-0.0718286025105763,-0.5612386080045797,-0.8911401706125605,-0.10665568451217697,-0.5612386080046126
75.57,75.57,82295.074097588,4.89,317,astribot_arm_left_joint_1,0.1025716272749371,0.10446869435828181,-0.0018970670833447084,-0.0018970670833447084,-0.029012312405549828,-0.01791243555416172,-0.12446696890842797,0.10257162727493711,-0.02901231240555003,-0.12446696890862598
75.57,75.57,82295.074097588,4.89,317,astribot_arm_left_joint_2,-1.109599425461924,-1.1034686813796,-0.006130744082323947,-0.006130744082323947,-0.08598950017099712,-0.05873542166449174,-0.36890725201856583,-1.109599425461924,-0.085989500170998,-0.36890725201928587
75.57,75.57,82295.074097588,4.89,317,astribot_arm_left_joint_3,-0.3962812725548533,-0.3904306750899595,-0.005850597464893803,-0.005850597464893803,-0.0872617998917752,-0.05548383644230484,-0.37436559975665146,-0.3962812725548533,-0.08726179989177518,-0.3743655997566812
75.57,75.57,82295.074097588,4.89,317,astribot_arm_left_joint_4,0.7260148794760741,0.7304379402991136,-0.004423060823039449,-0.004423060823039449,-0.06319134167995959,-0.04224910576230419,-0.27109989201191065,0.7260148794760741,-0.06319134167996049,-0.27109989201275664
75.57,75.57,82295.074097588,4.89,317,astribot_arm_left_joint_5,-0.9409007871536355,-0.93745437776376,-0.0034464093898755044,-0.0034464093898755044,-0.04462113741906641,-0.033423973042080744,-0.19143106023792422,-0.9409007871536355,-0.04462113741906885,-0.19143106024020323
75.57,75.57,82295.074097588,4.89,317,astribot_arm_left_joint_6,-0.2339978692376531,-0.23195609630238173,-0.0020417729352713576,-0.0020417729352713576,-0.02858961871145478,-0.019566406506182524,-0.12265355251681448,-0.2339978692376531,-0.028589618711454684,-0.12265355251672885
75.57,75.57,82295.074097588,4.89,317,astribot_arm_left_joint_7,-0.8933633081393487,-0.8851710545685265,-0.008192253570822206,-0.008192253570822206,-0.11519884397904781,-0.07845349327439713,-0.49421951382005835,-0.8933633081393487,-0.11519884397904707,-0.4942195138193124
75.59,75.59,82295.090190289,4.91,317,astribot_arm_left_joint_1,0.10196863517572684,0.10407861322941912,-0.002109978053692285,-0.002109978053692285,-0.03109060817878967,-0.02003744205911494,-0.09672584201371637,0.10196863517572659,-0.03109060817882302,-0.09672584201715057
75.59,75.59,82295.090190289,4.91,317,astribot_arm_left_joint_2,-1.1113866318208452,-1.1047213678625514,-0.00666526395829381,-0.00666526395829381,-0.09214935438260272,-0.0639612075580243,-0.28668541459074925,-1.111386631820844,-0.09214935438230419,-0.28668541453686
75.59,75.59,82295.090190289,4.91,317,astribot_arm_left_joint_3,-0.3980949223998606,-0.39163143346892826,-0.0064634889309323484,-0.0064634889309323484,-0.09351279523982378,-0.061569863447707124,-0.2909272088511886,-0.39809492239986066,-0.09351279523982338,-0.29092720885109974
75.59,75.59,82295.090190289,4.91,317,astribot_arm_left_joint_4,0.7247015101989588,0.7295330037668598,-0.004831493567901024,-0.004831493567901024,-0.0677180507710857,-0.046263045110004,-0.21067730303675758,0.7247015101989583,-0.06771805077108949,-0.2106773030270974
75.59,75.59,82295.090190289,4.91,317,astribot_arm_left_joint_5,-0.9418281931785433,-0.9381547795867907,-0.00367341359175255,-0.00367341359175255,-0.0478175707122636,-0.03557608837501692,-0.1487650149046127,-0.9418281931785457,-0.04781757071264517,-0.14876501494579086
75.59,75.59,82295.090190289,4.91,317,astribot_arm_left_joint_6,-0.23459207606823837,-0.23237323972749868,-0.0022188363407396883,-0.0022188363407396883,-0.030637634839831538,-0.02129661318084148,-0.0953165988361086,-0.23459207606823823,-0.030637634839812106,-0.095316598834331
75.59,75.59,82295.090190289,4.91,317,astribot_arm_left_joint_7,-0.8957576016994965,-0.8868452675221241,-0.00891233417737236,-0.00891233417737236,-0.12345110830016288,-0.08549875965160471,-0.38406815109707426,-0.8957576016994946,-0.12345110829982427,-0.38406815104970204
75.61,75.61,82295.113200028,4.93,318,astribot_arm_left_joint_1,0.10132611558926424,0.10364609228585173,-0.0023199766965874835,-0.0023199766965874835,-0.03307078035595612,-0.02215231382671939,-0.09115290076876234,0.10132611558926441,-0.03307078035592506,-0.09115290076437667
75.61,75.61,82295.113200028,4.93,318,astribot_arm_left_joint_2,-1.1132909935731086,-1.1060815015856789,-0.007209491987429706,-0.007209491987429706,-0.09801838037955292,-0.06936073281619089,-0.2701677916705849,-1.113290993573111,-0.09801838038000231,-0.2701677917406438
75.61,75.61,82295.113200028,4.93,318,astribot_arm_left_joint_3,-0.4000274610681566,-0.3929546168158046,-0.007072844252351995,-0.007072844252351995,-0.09946865928313627,-0.06768344557983771,-0.27416519148373286,-0.4000274610681566,-0.09946865928313588,-0.274165191483906
75.61,75.61,82295.113200028,4.93,318,astribot_arm_left_joint_4,0.7233020466140969,0.7285461377414603,-0.005244091127363348,-0.005244091127363348,-0.07203103812892242,-0.05037166697643506,-0.19853895188859844,0.7233020466140969,-0.07203103812898305,-0.19853895190498116
75.61,75.61,82295.113200028,4.93,318,astribot_arm_left_joint_5,-0.9428163927526186,-0.9389013678132175,-0.003915024939401102,-0.003915024939401102,-0.050863089236063704,-0.03792468669579346,-0.14019379274413485,-0.9428163927526166,-0.05086308923570218,-0.14019379270044754
75.61,75.61,82295.113200028,4.93,318,astribot_arm_left_joint_6,-0.2352252344919725,-0.23282598298442025,-0.0023992515075522414,-0.0023992515075522414,-0.032588956979623766,-0.02308596230655116,-0.08982485230932505,-0.2352252344919729,-0.03258895697970333,-0.0898248523201202
75.61,75.61,82295.113200028,4.93,318,astribot_arm_left_joint_7,-0.8983088465833787,-0.8886641844775536,-0.009644662105825152,-0.009644662105825152,-0.13131375442356139,-0.09276835376906573,-0.36193973945028335,-0.89830884658338,-0.13131375442375048,-0.36193973946683466
75.63,75.63,82295.133760029,4.95,319,astribot_arm_left_joint_1,0.100644905900643,0.10317174572775607,-0.0025268398271130754,-0.0025268398271130754,-0.035114181096659175,-0.024234888851114234,-0.11014566495348663,0.1006449059006429,-0.035114181096678285,-0.11014566495652747
75.63,75.63,82295.133760029,4.95,319,astribot_arm_left_joint_2,-1.115310028795724,-1.107550746721369,-0.007759282074355056,-0.007759282074355056,-0.1040748093161195,-0.07482959378136805,-0.3264603849784131,-1.1153100287957223,-0.10407480931577369,-0.32646038492917884
75.63,75.63,82295.133760029,4.95,319,astribot_arm_left_joint_3,-0.40207636991423173,-0.39439937021754395,-0.007676999696687781,-0.007676999696687781,-0.10561469907637244,-0.07374689785349568,-0.3312906892778566,-0.4020763699142318,-0.10561469907637319,-0.33129068927791033
75.63,75.63,82295.133760029,4.95,319,astribot_arm_left_joint_4,0.7218183126191071,0.727476683462076,-0.0056583708429688295,-0.0056583708429688295,-0.07648174280191668,-0.05450451678069215,-0.23990684544807903,0.7218183126191069,-0.07648174280198765,-0.2399068454634079
75.63,75.63,82295.133760029,4.95,319,astribot_arm_left_joint_5,-0.9438640979717747,-0.9396968242007703,-0.004167273771004454,-0.004167273771004454,-0.054005853727311884,-0.04039538933194086,-0.1694047955324352,-0.9438640979717761,-0.05400585372757782,-0.16940479557269492
75.63,75.63,82295.133760029,4.95,319,astribot_arm_left_joint_6,-0.2358965193240127,-0.23331490293650906,-0.002581616387503649,-0.002581616387503649,-0.034602586477347624,-0.02489948015506566,-0.10854090222617213,-0.23589651932401243,-0.03460258647728354,-0.10854090221446788
75.63,75.63,82295.133760029,4.95,319,astribot_arm_left_joint_7,-0.9010137177959724,-0.8906298907779957,-0.010383827017976688,-0.010383827017976688,-0.13942746145358306,-0.10012400898562913,-0.4373540824333082,-0.9010137177959728,-0.13942746145372517,-0.43735408246394597
75.65,75.65,82295.154798319,4.97,321,astribot_arm_left_joint_1,0.09991994753657403,0.10265614666729496,-0.002736199130720929,-0.002736199130720929,-0.03820041968537177,-0.02629150778309211,-0.2160153333637162,0.09991994753657406,-0.03820041968537165,-0.21601533336371787
75.65,75.65,82295.154798319,4.97,321,astribot_arm_left_joint_2,-1.1174576513815653,-1.1091312510826543,-0.008326400298910963,-0.008326400298910963,-0.10833210235922125,-0.08045761547173454,-0.0655589402957566,-1.1174576513815653,-0.10833210235922125,-0.065558940296096
75.65,75.65,82295.154798319,4.97,321,astribot_arm_left_joint_3,-0.4042562249825822,-0.3959653799454256,-0.008290845037156602,-0.008290845037156602,-0.1120024638990625,-0.07983097602635622,-0.30950584210706067,-0.4042562249825821,-0.11200246389906228,-0.3095058421071192
75.65,75.65,82295.154798319,4.97,321,astribot_arm_left_joint_4,0.7202399507685878,0.7263236452759372,-0.006083694507349358,-0.006083694507349358,-0.08021070905415309,-0.058720110300611056,-0.1187380969978083,0.7202399507685878,-0.080210709054153,-0.11873809699785359
75.65,75.65,82295.154798319,4.97,321,astribot_arm_left_joint_5,-0.9449782315915976,-0.9405440181463642,-0.004434213445233315,-0.004434213445233315,-0.05486766048206084,-0.04304665682000128,0.12432672219524903,-0.9449782315915974,-0.05486766048206092,0.12432672219518878
75.65,75.65,82295.154798319,4.97,321,astribot_arm_left_joint_6,-0.236610630650359,-0.23384066253814548,-0.002769968112213528,-0.002769968112213528,-0.036353449611467414,-0.026759796310222274,-0.06121497098525414,-0.23661063065035898,-0.03635344961146739,-0.06121497098533064
75.65,75.65,82295.154798319,4.97,321,astribot_arm_left_joint_7,-0.9038912036448395,-0.8927448168262366,-0.011146386818602916,-0.011146386818602916,-0.14670806789176413,-0.10765433464373159,-0.2731828952848556,-0.9038912036448394,-0.14670806789176402,-0.273182895285258
75.67,75.67,82295.180449987,4.99,322,astribot_arm_left_joint_1,0.09911720832342243,0.10209675791941046,-0.0029795495959880347,-0.0029795495959880347,-0.04102810324548663,-0.0285768834905406,-0.09115730422760199,0.09911720832342241,-0.041028103245486836,-0.09115730422771944
75.67,75.67,82295.180449987,4.99,322,astribot_arm_left_joint_2,-1.1196446597800074,-1.1108216358793965,-0.008823023900610849,-0.008823023900610849,-0.11182704912232386,-0.08577447677185716,-0.24846023898857278,-1.1196446597800074,-0.11182704912232554,-0.24846023898981054
75.67,75.67,82295.180449987,4.99,322,astribot_arm_left_joint_3,-0.4065568658151037,-0.3976543068702609,-0.00890255894484282,-0.00890255894484282,-0.11761491828690869,-0.08598424231943093,-0.26131987685935887,-0.4065568658151037,-0.11761491828691194,-0.2613198768623448
75.67,75.67,82295.180449987,4.99,322,astribot_arm_left_joint_4,0.718609175999861,0.7250870332853273,-0.0064778572854663485,-0.0064778572854663485,-0.08337895861209166,-0.0628242541039698,-0.18525353343609335,0.718609175999861,-0.08337895861209166,-0.18525353343595966
75.67,75.67,82295.180449987,4.99,322,astribot_arm_left_joint_5,-0.946060135109236,-0.9414403452496822,-0.004619789859553802,-0.004619789859553802,-0.055334973006279445,-0.04529057585029386,-0.12294467864127445,-0.9460601351092361,-0.05533497300627936,-0.12294467864114345
75.67,75.67,82295.180449987,4.99,322,astribot_arm_left_joint_6,-0.23735094784237165,-0.2344035860136893,-0.0029473618286823544,-0.0029473618286823544,-0.03785057609040896,-0.028592666453570233,-0.08409739195786035,-0.23735094784237165,-0.03785057609040794,-0.08409739195682171
75.67,75.67,82295.180449987,4.99,322,astribot_arm_left_joint_7,-0.9068831053583728,-0.8950106284203697,-0.011872476938003085,-0.011872476938003085,-0.15296608544078052,-0.11511729122669183,-0.33986401720277726,-0.9068831053583728,-0.15296608544077775,-0.3398640171998271
75.69,75.69,82295.200742009,5.01,323,astribot_arm_left_joint_1,0.09827743611724421,0.10148915047434472,-0.0032117143571005063,-0.0032117143571005063,-0.043040145844006186,-0.030965248556774128,-0.11531718589604745,0.09827743611724418,-0.04304014584400594,-0.11531718589634976
75.69,75.69,82295.200742009,5.01,323,astribot_arm_left_joint_2,-1.1219335603219107,-1.112611104659961,-0.00932245566194978,-0.00932245566194978,-0.11731111415832449,-0.09071663913719083,-0.3143109135473686,-1.1219335603219107,-0.11731111415830714,-0.3143109135409231
75.69,75.69,82295.200742009,5.01,323,astribot_arm_left_joint_3,-0.40896423373114643,-0.39946474076273786,-0.009499492968408574,-0.009499492968408574,-0.12338282387102409,-0.09201780000847204,-0.3305788063199778,-0.4089642337311464,-0.12338282387101265,-0.3305788063155275
75.69,75.69,82295.200742009,5.01,323,astribot_arm_left_joint_4,0.7169025572072844,0.7237719166182695,-0.006869359410985099,-0.006869359410985099,-0.08746791236029762,-0.06673309396758882,-0.2343522149317035,0.7169025572072845,-0.08746791236030314,-0.23435221493368913
75.69,75.69,82295.200742009,5.01,323,astribot_arm_left_joint_5,-0.9471927434602059,-0.9423740673365636,-0.004818676123642285,-0.004818676123642285,-0.058048633011699276,-0.04717431006353292,-0.1555293290090235,-0.947192743460206,-0.058048633011723444,-0.155529329019917
75.69,75.69,82295.200742009,5.01,323,astribot_arm_left_joint_6,-0.2381256817265674,-0.23500186424866515,-0.0031238174779022465,-0.0031238174779022465,-0.039706790866327175,-0.030354205231840334,-0.10638614934528082,-0.2381256817265674,-0.03970679086632983,-0.10638614934685131
75.69,75.69,82295.200742009,5.01,323,astribot_arm_left_joint_7,-0.9100140487088964,-0.8974210984916686,-0.012592950217227727,-0.012592950217227727,-0.16046763329916658,-0.12232223774938332,-0.4299398976577391,-0.9100140487088964,-0.16046763329917377,-0.4299398976603592
75.71,75.71,82295.225566576,5.03,324,astribot_arm_left_joint_1,0.09739999807507786,0.10083542337510788,-0.0034354253000300206,-0.0034354253000300206,-0.04464466785662376,-0.03325556636336115,-0.08239919548174156,0.09739999807507786,-0.04464466785662333,-0.082399195481088
75.71,75.71,82295.225566576,5.03,324,astribot_arm_left_joint_2,-1.1243251236475664,-1.1145009394744272,-0.009824184173139239,-0.009824184173139239,-0.12168443263341673,-0.09575892491428119,-0.22458895615660668,-1.1243251236475669,-0.12168443263341133,-0.2245889561496449
75.71,75.71,82295.225566576,5.03,324,astribot_arm_left_joint_3,-0.4114795779822256,-0.4013943494384735,-0.0100852285437521,-0.0100852285437521,-0.12798249362114777,-0.09796593810062153,-0.2362130802285594,-0.4114795779822256,-0.12798249362113986,-0.23621308022515217
75.71,75.71,82295.225566576,5.03,324,astribot_arm_left_joint_4,0.7151193923906045,0.7223783330987364,-0.0072589407081319335,-0.0072589407081319335,-0.09072868641271332,-0.07066475796043813,-0.16745495322190132,0.7151193923906045,-0.09072868641270661,-0.1674549532202491
75.71,75.71,82295.225566576,5.03,324,astribot_arm_left_joint_5,-0.9483761520639975,-0.9433482864928113,-0.005027865571186174,-0.005027865571186174,-0.060212666326270294,-0.049235154359311764,-0.11113253835452586,-0.9483761520639975,-0.06021266632627664,-0.11113253835801466
75.71,75.71,82295.225566576,5.03,324,astribot_arm_left_joint_6,-0.23893516431904588,-0.23563552186476264,-0.0032996424542832414,-0.0032996424542832414,-0.0411870465380091,-0.03212758685170519,-0.0760175775076135,-0.23893516431904588,-0.04118704653800698,-0.07601757750501556
75.71,75.71,82295.225566576,5.03,324,astribot_arm_left_joint_7,-0.9132854225212296,-0.89997594626509,-0.01330947625613954,-0.01330947625613954,-0.1664498121438217,-0.12955527516912177,-0.30721094513863473,-0.9132854225212298,-0.16644981214389154,-0.30721094516103387
75.74,75.74,82295.256118009,5.06,326,astribot_arm_left_joint_1,0.0960224045983676,0.09977288119306978,-0.003750476594702179,-0.003750476594702179,-0.04715947296021136,-0.03647462345238411,-0.09088613566585291,0.09602240459836762,-0.047159472960212924,-0.09088613566698522
75.74,75.74,82295.256118009,5.06,326,astribot_arm_left_joint_2,-1.1280799209987609,-1.1175218267843838,-0.010558094214377034,-0.010558094214377034,-0.12853883758041112,-0.10314618366467238,-0.24772113632378703,-1.128079920998761,-0.1285388375804221,-0.24772113633731657
75.74,75.74,82295.256118009,5.06,326,astribot_arm_left_joint_3,-0.4154287136082721,-0.40450453650026436,-0.010924177108007749,-0.010924177108007749,-0.13519166424735965,-0.1064805782919298,-0.2605425202371112,-0.41542871360827194,-0.13519166424734635,-0.26054252023140523
75.74,75.74,82295.256118009,5.06,326,astribot_arm_left_joint_4,0.7123197916196002,0.7201438353870087,-0.007824043767408417,-0.007824043767408417,-0.09583937430862449,-0.07637157912418616,-0.18470245379784148,0.7123197916196002,-0.09583937430863718,-0.18470245379980108
75.74,75.74,82295.256118009,5.06,326,astribot_arm_left_joint_5,-0.9502341248148038,-0.9448882498456378,-0.005345874969166053,-0.005345874969166053,-0.06360440665827828,-0.052388913193746764,-0.12257895115491513,-0.950234124814804,-0.06360440665827831,-0.12257895115671007
75.74,75.74,82295.256118009,5.06,326,astribot_arm_left_joint_6,-0.24020606651990764,-0.23665107929185944,-0.003554987228048201,-0.003554987228048201,-0.04350708608156169,-0.034705040642699844,-0.08384722474834369,-0.24020606651990759,-0.04350708608154794,-0.0838472247434982
75.74,75.74,82295.256118009,5.06,326,astribot_arm_left_joint_7,-0.9184215381296036,-0.9040732453249057,-0.014348292804697849,-0.014348292804697849,-0.17582582180340595,-0.1400481099882074,-0.33885301277447055,-0.9184215381296035,-0.17582582180344328,-0.3388530127914038
75.77,75.77,82295.287076821,5.09,328,astribot_arm_left_joint_1,0.09455271257429441,0.09861644744750657,-0.004063734873212155,-0.004063734873212155,-0.05024867622916016,-0.03960525649510115,-0.06936424332077097,0.09455271257429441,-0.05024867622916064,-0.06936424332025155
75.77,75.77,82295.287076821,5.09,328,astribot_arm_left_joint_2,-1.1320857440607568,-1.12076480600554,-0.011320938055216834,-0.011320938055216834,-0.13695883407983944,-0.11066821957490708,-0.1890606201943693,-1.1320857440607568,-0.13695883407985254,-0.18906062019659367
75.77,75.77,82295.287076821,5.09,328,astribot_arm_left_joint_3,-0.41964186736495485,-0.4078664818014081,-0.011775385563546736,-0.011775385563546736,-0.14404745726010415,-0.11493506640982215,-0.1988458925591402,-0.4196418673649548,-0.14404745726012116,-0.19884589256595286
75.77,75.77,82295.287076821,5.09,328,astribot_arm_left_joint_4,0.7093330244830716,0.7177388949713128,-0.008405870488241263,-0.008405870488241263,-0.1021173772171527,-0.08212500695786104,-0.14096480011320556,0.7093330244830717,-0.10211737721714756,-0.14096480011118204
75.77,75.77,82295.287076821,5.09,328,astribot_arm_left_joint_5,-0.9522163117073598,-0.9465258748503155,-0.00569043685704429,-0.00569043685704429,-0.06777084297815894,-0.05574531090799719,-0.09355218077337007,-0.9522163117073598,-0.06777084297816328,-0.09355218077632506
75.77,75.77,82295.287076821,5.09,328,astribot_arm_left_joint_6,-0.24156193445886145,-0.23774368853026934,-0.0038182459285921178,-0.0038182459285921178,-0.046357038044712744,-0.037307230595522364,-0.06399215079079056,-0.24156193445886145,-0.04635703804472668,-0.06399215079572237
75.77,75.77,82295.287076821,5.09,328,astribot_arm_left_joint_7,-0.9239010270150843,-0.9084838016389404,-0.015417225376143873,-0.015417225376143873,-0.1873433742565521,-0.1506201709203136,-0.25861241274068053,-0.9239010270150843,-0.18734337425655523,-0.25861241273557384
75.79,75.79,82295.307154663,5.11,329,astribot_arm_left_joint_1,0.09353354275321776,0.09779373658639105,-0.00426019383317329,-0.00426019383317329,-0.05168163043982019,-0.04163373739324958,-0.07421026005944578,0.09353354275321778,-0.05168163043980491,-0.07421026005359278
75.79,75.79,82295.307154663,5.11,329,astribot_arm_left_joint_2,-1.1348636144625064,-1.1230537040109718,-0.011809910451534567,-0.011809910451534567,-0.14086452379586728,-0.1156804200790227,-0.2022690239498223,-1.1348636144625057,-0.14086452379565118,-0.20226902390814835
75.79,75.79,82295.307154663,5.11,329,astribot_arm_left_joint_3,-0.422563512913841,-0.4102488631900843,-0.012314649723756677,-0.012314649723756677,-0.14815529503627703,-0.12048428345235766,-0.21273792795905055,-0.42256351291384087,-0.1481552950362311,-0.2127379279516806
75.79,75.79,82295.307154663,5.11,329,astribot_arm_left_joint_4,0.7072618266550416,0.7160389457187006,-0.008777119063659078,-0.008777119063659078,-0.10502948429429243,-0.08593622049769326,-0.15081306987103926,0.7072618266550414,-0.10502948429427902,-0.15081306987468604
75.79,75.79,82295.307154663,5.11,329,astribot_arm_left_joint_5,-0.9535908752400833,-0.9476753041963888,-0.005915571043694556,-0.005915571043694556,-0.06970348125008934,-0.05803856600787041,-0.10008804722115512,-0.953590875240084,-0.0697034812503052,-0.10008804726410979
75.79,75.79,82295.307154663,5.11,329,astribot_arm_left_joint_6,-0.24250217204749427,-0.23851583754864888,-0.00398633449884539,-0.00398633449884539,-0.047679013424901225,-0.039032442572387006,-0.0684628552875398,-0.24250217204749416,-0.04767901342486194,-0.06846285527803256
75.79,75.79,82295.307154663,5.11,329,astribot_arm_left_joint_7,-0.9277008229012519,-0.9116017322895584,-0.016099090611693456,-0.016099090611693456,-0.19268589264933547,-0.1576208112988248,-0.27667993592628565,-0.9277008229012521,-0.1926858926495315,-0.27667993599556984
75.81,75.81,82295.327363274,5.13,331,astribot_arm_left_joint_1,0.09248492298011106,0.09693224753004466,-0.004447324549933601,-0.004447324549933601,-0.05319460829235456,-0.04354696731731255,-0.07730362832424614,0.09248492298011106,-0.05319460829235985,-0.07730362832573216
75.81,75.81,82295.327363274,5.13,331,astribot_arm_left_joint_2,-1.137721754264295,-1.125439461627921,-0.012282292636373926,-0.012282292636373926,-0.14498832760951072,-0.12047665726762394,-0.2107003726381844,-1.137721754264295,-0.14498832760950187,-0.21070037263220134
75.81,75.81,82295.327363274,5.13,331,astribot_arm_left_joint_3,-0.4255695823923648,-0.4127378643181604,-0.012831718074204412,-0.012831718074204412,-0.1524925359131205,-0.1257536157920861,-0.22160566074045426,-0.4255695823923648,-0.15249253591313727,-0.22160566074511875
75.81,75.81,82295.327363274,5.13,331,astribot_arm_left_joint_4,0.7051307794521392,0.7142655104708321,-0.009134731018692888,-0.009134731018692888,-0.10810421862928328,-0.08957233426946053,-0.15709953707031252,0.7051307794521392,-0.10810421862928621,-0.15709953707022903
75.81,75.81,82295.327363274,5.13,331,astribot_arm_left_joint_5,-0.9550051581888113,-0.9488694660050808,-0.006135692183730446,-0.006135692183730446,-0.07174404813025129,-0.0602604704031862,-0.1042601009609804,-0.9550051581888113,-0.07174404813025535,-0.10426010096289302
75.81,75.81,82295.327363274,5.13,331,astribot_arm_left_joint_6,-0.243469578760751,-0.23932126201235596,-0.004148316748395053,-0.004148316748395053,-0.04907481480978801,-0.04067910140242065,-0.0713166496747911,-0.24346957876075104,-0.04907481480979234,-0.07131664967538426
75.81,75.81,82295.327363274,5.13,331,astribot_arm_left_joint_7,-0.931610417767195,-0.9148546271072495,-0.01675579065994548,-0.01675579065994548,-0.19832676515290845,-0.16429857565060996,-0.28821301692472195,-0.931610417767195,-0.19832676515291947,-0.2882130169301553
75.84,75.84,82295.358684337,5.16,333,astribot_arm_left_joint_1,0.09085134662351077,0.0955708129808056,-0.004719466357294824,-0.004719466357294824,-0.05587819078640185,-0.046285428437225926,0.02703821578151816,0.09085134662351076,-0.055878190786400925,0.027038215783203583
75.84,75.84,82295.358684337,5.16,333,astribot_arm_left_joint_2,-1.1421742638619625,-1.1291937310460134,-0.01298053281594913,-0.01298053281594913,-0.15230275571243518,-0.12745716175497282,0.07369592167920502,-1.1421742638619623,-0.15230275571234542,0.07369592170710212
75.84,75.84,82295.358684337,5.16,333,astribot_arm_left_joint_3,-0.4302525419858749,-0.4166630646460856,-0.013589477339789324,-0.013589477339789324,-0.16018553926415866,-0.13335519075788083,0.07751022562979126,-0.4302525419858749,-0.1601855392641396,0.07751022563597124
75.84,75.84,82295.358684337,5.16,333,astribot_arm_left_joint_4,0.7018109599954196,0.7114725429544299,-0.009661582959010206,-0.009661582959010206,-0.11355790271418441,-0.09484637194274352,0.05494814764290323,0.7018109599954196,-0.11355790271417027,0.0549481476453345
75.84,75.84,82295.358684337,5.16,333,astribot_arm_left_joint_5,-0.9572083773592251,-0.9507429198798143,-0.006465457479410852,-0.006465457479410852,-0.07536342005147269,-0.06353969301171952,0.0364666855757978,-0.957208377359225,-0.07536342005148357,0.036466685568008
75.84,75.84,82295.358684337,5.16,333,astribot_arm_left_joint_6,-0.2449766385878902,-0.24058956739249704,-0.004387071195393166,-0.004387071195393166,-0.05155056034399807,-0.04306869049287162,0.02494417149434658,-0.24497663858789015,-0.05155056034396611,0.02494417150436743
75.84,75.84,82295.358684337,5.16,333,astribot_arm_left_joint_7,-0.937700920636475,-0.9199778464529959,-0.01772307418347918,-0.01772307418347918,-0.20833203170445716,-0.1739823423874128,0.10080724423066978,-0.9377009206364748,-0.20833203170435713,0.1008072442662324
75.87,75.87,82295.391253563,5.19,335,astribot_arm_left_joint_1,0.08920856238294136,0.09413162860075874,-0.004923066217817379,-0.004923066217817379,-0.053577894138505486,-0.048703413082631,0.07833546695234594,0.08920856238294136,-0.05357789413849556,0.07833546695491271
75.87,75.87,82295.391253563,5.19,335,astribot_arm_left_joint_2,-1.1466518706591462,-1.1331481244032118,-0.013503746255934423,-0.013503746255934423,-0.146033019461131,-0.133695197942022,0.21351277334648477,-1.146651870659146,-0.1460330194610023,0.2135127733941695
75.87,75.87,82295.391253563,5.19,335,astribot_arm_left_joint_3,-0.4349618977428663,-0.4208050827842138,-0.014156814958652508,-0.014156814958652508,-0.15359129822238743,-0.1401054693495332,0.2245636239030854,-0.4349618977428669,-0.15359129822257261,0.22456362385947684
75.87,75.87,82295.391253563,5.19,335,astribot_arm_left_joint_4,0.69847242790722,0.7085286708188351,-0.01005624291161511,-0.01005624291161511,-0.10888314751400449,-0.09954803233007646,0.15919648092839928,0.6984724279072199,-0.10888314751396759,0.15919648095829722
75.87,75.87,82295.391253563,5.19,335,astribot_arm_left_joint_5,-0.9594240152858234,-0.9527111341779557,-0.006712881107867719,-0.006712881107867719,-0.07226098920938599,-0.0664989247174029,0.1056517509140961,-0.9594240152858223,-0.07226098920897737,0.10565175103120543
75.87,75.87,82295.391253563,5.19,335,astribot_arm_left_joint_6,-0.2464921931707025,-0.24192626488491634,-0.004565928285786169,-0.004565928285786169,-0.04942841609617801,-0.04519969193038173,0.07226857488542397,-0.24649219317070242,-0.049428416096129864,0.07226857490328831
75.87,75.87,82295.391253563,5.19,335,astribot_arm_left_joint_7,-0.9438257534858067,-0.9253781106988311,-0.018447642786975527,-0.018447642786975527,-0.19975577919115348,-0.182613843304551,0.2920600461749363,-0.9438257534858059,-0.19975577919087337,0.29206004624397436
75.89,75.89,82295.411846948,5.21,337,astribot_arm_left_joint_1,0.08815252247237777,0.0931430602083175,-0.004990537735939729,-0.004990537735939729,-0.05204059438469604,-0.04962617708005095,0.07522743073086638,0.08815252247237777,-0.05204059438469996,0.07522743072923169
75.89,75.89,82295.411846948,5.21,337,astribot_arm_left_joint_2,-1.1495302349414804,-1.1358588005404888,-0.013671434400991611,-0.013671434400991611,-0.14184292336868604,-0.13603015125620108,0.20504144540468972,-1.1495302349414804,-0.14184292336869564,0.2050414454033648
75.89,75.89,82295.411846948,5.21,337,astribot_arm_left_joint_3,-0.43798923846699167,-0.4236473449397944,-0.01434189352719728,-0.01434189352719728,-0.14918433395606415,-0.14265806619519392,0.21565384256787334,-0.4379892384669916,-0.14918433395606806,0.2156538425679346
75.89,75.89,82295.411846948,5.21,337,astribot_arm_left_joint_4,0.6963263012030739,0.7065098983268675,-0.010183597123793575,-0.010183597123793575,-0.105758985234766,-0.10131482019951196,0.15288020496879906,0.696326301203074,-0.10575898523478049,0.15288020495962706
75.89,75.89,82295.411846948,5.21,337,astribot_arm_left_joint_5,-0.9608483058408828,-0.9540583137725414,-0.0067899920683414106,-0.0067899920683414106,-0.07018761916134507,-0.06758914835057035,0.1014599145507334,-0.9608483058408828,-0.07018761916138144,0.10145991453302995
75.89,75.89,82295.411846948,5.21,337,astribot_arm_left_joint_6,-0.24746644534975465,-0.2428428579579588,-0.004623587391795858,-0.004623587391795858,-0.0480101764822609,-0.04600002446578516,0.06940124854791407,-0.24746644534975462,-0.048010176482256396,0.06940124855098917
75.89,75.89,82295.411846948,5.21,337,astribot_arm_left_joint_7,-0.9477630130325511,-0.9290814567954049,-0.01868155623714618,-0.01868155623714618,-0.19402422674543524,-0.18585818178731459,0.2804722784274162,-0.9477630130325512,-0.19402422674545994,0.28047227841928946
75.91,75.91,82295.432419542,5.23,338,astribot_arm_left_joint_1,0.08712577267251008,0.09214318670026772,-0.005017414027757641,-0.005017414027757641,-0.05056392882184348,-0.050081973458416314,0.12566214601754588,0.08712577267251008,-0.05056392882183787,0.12566214601938427
75.91,75.91,82295.432419542,5.23,338,astribot_arm_left_joint_2,-1.1523287654906293,-1.1385972095467647,-0.01373155594386466,-0.01373155594386466,-0.1378180930847153,-0.1371265567051147,0.342507351410998,-1.1523287654906298,-0.1378180930847655,0.34250735140621746
75.91,75.91,82295.432419542,5.23,338,astribot_arm_left_joint_3,-0.44093261347728596,-0.42652043049686017,-0.014412182980425792,-0.014412182980425792,-0.14495118921445735,-0.14388962065606062,0.360234616430693,-0.44093261347728596,-0.14495118921442762,0.3602346164377825
75.91,75.91,82295.432419542,5.23,338,astribot_arm_left_joint_4,0.6942396990378238,0.7044700063070787,-0.01023030726925489,-0.01023030726925489,-0.10275804619276659,-0.10215323085912004,0.2553756582242125,0.6942396990378238,-0.10275804619275161,0.2553756582246114
75.91,75.91,82295.432419542,5.23,338,astribot_arm_left_joint_5,-0.9622330925593896,-0.9554181018664445,-0.006814990692945111,-0.006814990692945111,-0.06819602699419632,-0.06807888867743396,0.16948167005201276,-0.9622330925593897,-0.06819602699414504,0.16948167007106074
75.91,75.91,82295.432419542,5.23,338,astribot_arm_left_joint_6,-0.24841367586619267,-0.2437690090805647,-0.004644666785627971,-0.004644666785627971,-0.04664787508814711,-0.046379238361857755,0.1159299173931988,-0.24841367586619284,-0.04664787508819077,0.1159299173818135
75.91,75.91,82295.432419542,5.23,338,astribot_arm_left_joint_7,-0.9515910695398955,-0.9328236000012315,-0.018767469538663928,-0.018767469538663928,-0.1885187382442283,-0.18739875821177293,0.46850926661231784,-0.9515910695398948,-0.18851873824397358,0.4685092666777843
75.93,75.93,82295.453522649,5.25,340,astribot_arm_left_joint_1,0.0861365117639591,0.09113990197535363,-0.005003390211394523,-0.005003390211394523,-0.04846126060514932,-0.05015433222590561,0.0979575356151864,0.08613651176395908,-0.04846126060514905,0.09795753561549662
75.93,75.93,82295.453522649,5.25,340,astribot_arm_left_joint_2,-1.1550251155400921,-1.141342420959744,-0.013682694580348098,-0.013682694580348098,-0.13208701698434183,-0.1372055819464997,0.2669950906965459,-1.1550251155400921,-0.13208701698434244,0.2669950906954939
75.93,75.93,82295.453522649,5.25,340,astribot_arm_left_joint_3,-0.4437685193983441,-0.4294020112091935,-0.014366508189150584,-0.014366508189150584,-0.13892348793341694,-0.14403624164937234,0.28081404295096857,-0.44376851939834416,-0.13892348793341597,0.2808140429521654
75.93,75.93,82295.453522649,5.25,340,astribot_arm_left_joint_4,0.6922292833026115,0.7024246845728345,-0.010195401270223003,-0.010195401270223003,-0.09848491942485997,-0.10222910084959982,0.1990732366774558,0.6922292833026115,-0.0984849194248591,0.19907323667858945
75.93,75.93,82295.453522649,5.25,340,astribot_arm_left_joint_5,-0.9635673176719496,-0.9567803532615152,-0.00678696441043436,-0.00678696441043436,-0.06536013939984353,-0.06807523254796326,0.13211621206452245,-0.9635673176719497,-0.06536013939984257,0.13211621206601323
75.93,75.93,82295.453522649,5.25,340,astribot_arm_left_joint_6,-0.24932632091508364,-0.2446976013046453,-0.004628719610438342,-0.004628719610438342,-0.044708053428572904,-0.04641255457082391,0.0903709619055123,-0.24932632091508364,-0.04470805342857288,0.09037096190549024
75.93,75.93,82295.453522649,5.25,340,astribot_arm_left_joint_7,-0.9552793552925946,-0.9365757461855806,-0.018703609107013963,-0.018703609107013963,-0.1806793086665651,-0.18753992304944506,0.3652174869662363,-0.9552793552925947,-0.18067930866656193,0.365217486970668
75.95,75.95,82295.474154988,5.27,341,astribot_arm_left_joint_1,0.0851862463619232,0.09014127944639398,-0.004955033084470775,-0.004955033084470775,-0.04659010299976379,-0.04982835079324073,0.09034033427812949,0.08518624636192325,-0.04659010299976738,0.09034033427686973
75.95,75.95,82295.474154988,5.27,341,astribot_arm_left_joint_2,-1.1576151786282367,-1.1440729038205841,-0.013542274807652577,-0.013542274807652577,-0.12698695100757734,-0.13622134036744699,0.24623348875219309,-1.1576151786282367,-0.12698695100758836,0.24623348875028128
75.95,75.95,82295.474154988,5.27,341,astribot_arm_left_joint_3,-0.44649263722905635,-0.43226918700497896,-0.014223450224077394,-0.014223450224077394,-0.13355945617348378,-0.14305249790599459,0.25897787597476063,-0.44649263722905624,-0.13355945617347786,0.2589778759793396
75.95,75.95,82295.474154988,5.27,341,astribot_arm_left_joint_4,0.6902981158013315,0.700390054725289,-0.010091938923957544,-0.010091938923957544,-0.09468227781593491,-0.10150897216949109,0.1835932543043172,0.6902981158013315,-0.0946822778159516,0.18359325430182113
75.95,75.95,82295.474154988,5.27,341,astribot_arm_left_joint_5,-0.9648489491930521,-0.958134585386225,-0.006714363806827106,-0.006714363806827106,-0.06283649225571768,-0.06755356833686184,0.12184282389928722,-0.964848949193052,-0.06283649225572044,0.12184282389742128
75.95,75.95,82295.474154988,5.27,341,astribot_arm_left_joint_6,-0.2502029905649242,-0.24562132060936948,-0.004581669955554701,-0.004581669955554701,-0.04298181244453974,-0.046084734386889405,0.08334369434742167,-0.2502029905649241,-0.042981812444536395,0.0833436943481721
75.95,75.95,82295.474154988,5.27,341,astribot_arm_left_joint_7,-0.9588222531401869,-0.9403083109226383,-0.01851394221754854,-0.01851394221754854,-0.1737030257897309,-0.18622038263744992,0.3368180880756206,-0.958822253140187,-0.1737030257897864,0.3368180880571507
75.97,75.97,82295.497023116,5.29,342,astribot_arm_left_joint_1,0.0842713212460023,0.089153673517121,-0.004882352271118703,-0.004882352271118703,-0.04487344710822772,-0.04921026209358155,0.1207482727582358,0.0842713212460023,-0.0448734471082234,0.1207482727593635
75.97,75.97,82295.497023116,5.29,342,astribot_arm_left_joint_2,-1.1601089174995947,-1.146771722457787,-0.013337195041807748,-0.013337195041807748,-0.12230799810654758,-0.13445911573050912,0.329113996511424,-1.1601089174995944,-0.12230799810644005,0.329113996534433
75.97,75.97,82295.497023116,5.29,342,astribot_arm_left_joint_3,-0.4491154453589815,-0.43510393933786184,-0.014011506021119668,-0.014011506021119668,-0.12863833317628456,-0.14124073126641948,0.3461480573315973,-0.4491154453589817,-0.12863833317632706,0.3461480573179375
75.97,75.97,82295.497023116,5.29,342,astribot_arm_left_joint_4,0.688438768248336,0.6983787991736832,-0.00994003092534712,-0.00994003092534712,-0.09119362079285229,-0.10020616603794953,0.2453894877034613,0.6884387682483362,-0.09119362079283912,0.24538948770396407
75.97,75.97,82295.497023116,5.29,342,astribot_arm_left_joint_5,-0.966082916951428,-0.9594725569506145,-0.006610360000813498,-0.006610360000813498,-0.06052122296695588,-0.06665351834081575,0.16285428488042034,-0.9660829169514279,-0.06052122296697557,0.16285428487176823
75.97,75.97,82295.497023116,5.29,342,astribot_arm_left_joint_6,-0.25104705694815377,-0.24653441336602208,-0.004512643582131687,-0.004512643582131687,-0.04139810739109012,-0.045492576128371986,0.11139661169170542,-0.2510470569481537,-0.041398107391073455,0.11139661169630703
75.97,75.97,82295.497023116,5.29,342,astribot_arm_left_joint_7,-0.9622333909307029,-0.9439980207936952,-0.01823537013700771,-0.01823537013700771,-0.16730277544900174,-0.18383156493234734,0.45018875226523436,-0.962233390930703,-0.16730277544901592,0.4501887522618472
75.99,75.99,82295.515587687,5.31,343,astribot_arm_left_joint_1,0.08339674127561539,0.08818175814097928,-0.004785016865363895,-0.004785016865363895,-0.0426858059135364,-0.04836801491413624,0.09870677409156547,0.08339674127561549,-0.042685805913515576,0.09870677409556555
75.99,75.99,82295.515587687,5.31,343,astribot_arm_left_joint_2,-1.1624926908055324,-1.149426448505615,-0.013066242299917485,-0.013066242299917485,-0.11634531789492629,-0.1321006544513847,0.2690372306013731,-1.162492690805532,-0.11634531789479899,0.2690372306361617
75.99,75.99,82295.515587687,5.31,343,astribot_arm_left_joint_3,-0.4516225963997439,-0.43789302945600667,-0.013729566943737226,-0.013729566943737226,-0.12236704057439372,-0.13879395182297405,0.2829618785917098,-0.4516225963997436,-0.12236704057435235,0.28296187859679106
75.99,75.99,82295.515587687,5.31,343,astribot_arm_left_joint_4,0.6866614117198724,0.6964002291890966,-0.009738817469224226,-0.009738817469224226,-0.08674780852752938,-0.09845668932206848,0.2005958692010612,0.6866614117198725,-0.08674780852751997,0.2005958691974536
75.99,75.99,82295.515587687,5.31,343,astribot_arm_left_joint_5,-0.9672624708480252,-0.9607882306023653,-0.006474240245659901,-0.006474240245659901,-0.05757073155068299,-0.06546376513702853,0.13312671673851767,-0.9672624708480247,-0.05757073155058672,0.13312671676381682
75.99,75.99,82295.515587687,5.31,343,astribot_arm_left_joint_6,-0.25185390281958464,-0.2474326556074203,-0.004421247212164331,-0.004421247212164331,-0.03937989370457604,-0.04469778833694785,0.09106217368731141,-0.25185390281958486,-0.039379893704629,0.09106217368069912
75.99,75.99,82295.515587687,5.31,343,astribot_arm_left_joint_7,-0.9654941089237947,-0.947627788250566,-0.017866320673228686,-0.017866320673228686,-0.15914653902973805,-0.18062304431932757,0.3680108912166705,-0.9654941089237946,-0.1591465390297672,0.368010891205825
76.01,76.01,82295.53644964,5.33,345,astribot_arm_left_joint_1,0.0825626826192285,0.08723037732532832,-0.0046676947060998175,-0.0046676947060998175,-0.04055798090963949,-0.04728791292266035,0.11405519510324348,0.08256268261922849,-0.04055798090963941,0.11405519510334465
76.01,76.01,82295.53644964,5.33,345,astribot_arm_left_joint_2,-1.1647660183776263,-1.1520241309946861,-0.012741887382940131,-0.012741887382940131,-0.11054567393347736,-0.12910582599459158,0.3108712052617707,-1.1647660183776263,-0.1105456739334773,0.31087120526161555
76.01,76.01,82295.53644964,5.33,345,astribot_arm_left_joint_3,-0.45401358533068437,-0.44062270070952614,-0.013390884621158228,-0.013390884621158228,-0.11626722254322364,-0.13567145613478643,0.3269610679304224,-0.4540135853306844,-0.11626722254322364,0.326961067930003
76.01,76.01,82295.53644964,5.33,345,astribot_arm_left_joint_4,0.6849664042325694,0.6944640372247138,-0.009497632992144456,-0.009497632992144456,-0.08242355712670625,-0.09623102186279772,0.23178754657766487,0.6849664042325694,-0.0824235571267061,0.23178754657788667
76.01,76.01,82295.53644964,5.33,345,astribot_arm_left_joint_5,-0.9683873732828432,-0.9620752890102404,-0.006312084272602769,-0.006312084272602769,-0.05470091477044044,-0.06396343830091678,0.1538272706505702,-0.9683873732828432,-0.05470091477044018,0.15382727065116925
76.01,76.01,82295.53644964,5.33,345,astribot_arm_left_joint_6,-0.25262336565457255,-0.2483116497627451,-0.004311715891827439,-0.004311715891827439,-0.03741686359001941,-0.04368694342908193,0.10522189668246901,-0.2526233656545726,-0.03741686359001945,0.10522189668220809
76.01,76.01,82295.53644964,5.33,345,astribot_arm_left_joint_7,-0.9686037503062426,-0.9511798274200727,-0.017423922886169896,-0.017423922886169896,-0.15121331678455407,-0.17654071022091183,0.4252347863791448,-0.9686037503062427,-0.15121331678455377,0.4252347863797453
76.03,76.03,82295.558303383,5.35,346,astribot_arm_left_joint_1,0.08177349387535766,0.08630352272800476,-0.004530028852647097,-0.004530028852647097,-0.03842926816542198,-0.04600851268281831,0.090433154148972,0.08177349387535768,-0.03842926816542211,0.09043315414887942
76.03,76.03,82295.558303383,5.35,346,astribot_arm_left_joint_2,-1.1669170475855712,-1.1545540942652313,-0.012362953320339987,-0.012362953320339987,-0.10474361032867376,-0.12557745331170164,0.2464864805160487,-1.1669170475855712,-0.10474361032867248,0.24648648051656794
76.03,76.03,82295.558303383,5.35,346,astribot_arm_left_joint_3,-0.45627594606103394,-0.44328161524294235,-0.012994330818091593,-0.012994330818091593,-0.11016485963433147,-0.13198260735119885,0.25924396192486865,-0.4562759460610339,-0.11016485963433072,0.25924396192558713
76.03,76.03,82295.558303383,5.35,346,astribot_arm_left_joint_4,0.683362583182919,0.6925782123840742,-0.009215629201155262,-0.009215629201155262,-0.07809750162433252,-0.09360615425927546,0.1837818865716305,0.6833625831829191,-0.07809750162433166,0.18378188657234357
76.03,76.03,82295.558303383,5.35,346,astribot_arm_left_joint_5,-0.9694517592618309,-0.9633285234077102,-0.006123235854120668,-0.006123235854120668,-0.05182990068688403,-0.062202596990988124,0.12196801089553587,-0.9694517592618309,-0.0518299006868827,0.12196801089686492
76.03,76.03,82295.558303383,5.35,346,astribot_arm_left_joint_6,-0.25335143364301554,-0.24916777105511534,-0.004183662587900205,-0.004183662587900205,-0.0354530144884028,-0.04249497033678746,0.0834293255460052,-0.25335143364301554,-0.03545301448840228,0.08342932554648802
76.03,76.03,82295.558303383,5.35,346,astribot_arm_left_joint_7,-0.971546102091348,-0.9546394781746058,-0.016906623916742136,-0.016906623916742136,-0.14327678475520958,-0.17172584659425616,0.33716415066893446,-0.971546102091348,-0.14327678475521224,0.33716415066655975
76.05,76.05,82295.580938331,5.37,347,astribot_arm_left_joint_1,0.08102566994402075,0.08540485999784125,-0.004379190053820509,-0.004379190053820509,-0.036270299196403816,-0.04456598450177049,0.09887818144138905,0.08102566994402075,-0.036270299196403046,0.09887818144183773
76.05,76.05,82295.580938331,5.37,347,astribot_arm_left_joint_2,-1.1689553320025745,-1.1570065124581141,-0.011948819544460365,-0.011948819544460365,-0.09885907973003834,-0.12161228617159897,0.26950442205686725,-1.1689553320025747,-0.09885907973004049,0.2695044220555517
76.05,76.05,82295.580938331,5.37,347,astribot_arm_left_joint_3,-0.4584197266314131,-0.4458593498187199,-0.01256037681269323,-0.01256037681269323,-0.10397576146043734,-0.12783014961932782,0.28345325059219656,-0.45841972663141317,-0.10397576146043466,0.28345325059373827
76.05,76.05,82295.580938331,5.37,347,astribot_arm_left_joint_4,0.6818428253660149,0.6907501045938477,-0.008907279227832743,-0.008907279227832743,-0.0737099582071894,-0.0906544871279501,0.20094421008729202,0.6818428253660149,-0.07370995820718786,0.20094421008816077
76.05,76.05,82295.580938331,5.37,347,astribot_arm_left_joint_5,-0.970460356144957,-0.9645431315040344,-0.0059172246409225915,-0.0059172246409225915,-0.04891807975996117,-0.060228451061181264,0.13335789539769796,-0.970460356144957,-0.04891807975996021,0.13335789539812867
76.05,76.05,82295.580938331,5.37,347,astribot_arm_left_joint_6,-0.2540413404233981,-0.24999768449806758,-0.004043655925330514,-0.004043655925330514,-0.033461252433264733,-0.04115471843404972,0.09122030594355283,-0.2540413404233981,-0.03346125243326462,0.09122030594353105
76.05,76.05,82295.580938331,5.37,347,astribot_arm_left_joint_7,-0.9743342324294989,-0.9579932536609427,-0.016340978768556225,-0.016340978768556225,-0.13522744769952405,-0.1663113094689272,0.36864995342287404,-0.9743342324294989,-0.13522744769951744,0.36864995342692386
76.07,76.07,82295.603253006,5.39,348,astribot_arm_left_joint_1,0.08032230857140481,0.08453705938815327,-0.004214750816748464,-0.004214750816748464,-0.03402309789653726,-0.0429881604430488,0.09403284093907623,0.08032230857140484,-0.03402309789653794,0.09403284093872163
76.07,76.07,82295.603253006,5.39,348,astribot_arm_left_joint_2,-1.1708724283473813,-1.1593742413760897,-0.011498186971291569,-0.011498186971291569,-0.09273406126051607,-0.11728469643967715,0.25629786149100164,-1.1708724283473813,-0.0927340612605182,0.2562978614899178
76.07,76.07,82295.603253006,5.39,348,astribot_arm_left_joint_3,-0.46043604675889793,-0.4483483185323222,-0.012087728226575722,-0.012087728226575722,-0.09753372840625041,-0.12329310345732382,0.2695631537518359,-0.4604360467588979,-0.09753372840625144,0.26956315375146356
76.07,76.07,82295.603253006,5.39,348,astribot_arm_left_joint_4,0.6804134261460272,0.6889850598128621,-0.008571633666834888,-0.008571633666834888,-0.06914310550494712,-0.0874316859371775,0.19109731458686913,0.6804134261460272,-0.0691431055049476,0.19109731458675847
76.07,76.07,82295.603253006,5.39,348,astribot_arm_left_joint_5,-0.9714089859739912,-0.9657156266028307,-0.005693359371160445,-0.005693359371160445,-0.04588725909238843,-0.05807726344044272,0.12682294094641736,-0.9714089859739912,-0.045887259092388666,0.1268229409463688
76.07,76.07,82295.603253006,5.39,348,astribot_arm_left_joint_6,-0.25469022816246706,-0.25079896452400174,-0.0038912636384653143,-0.0038912636384653143,-0.031388091427452774,-0.039691443357738464,0.08675022531876944,-0.25469022816246706,-0.03138809142745313,0.08675022531863869
76.07,76.07,82295.603253006,5.39,348,astribot_arm_left_joint_7,-0.9769565919174715,-0.9612313440070988,-0.015725247910372775,-0.015725247910372775,-0.12684915187674892,-0.16039924693266464,0.35058495137534734,-0.9769565919174714,-0.12684915187675233,0.3505849513732074
76.09,76.09,82295.622659513,5.41,349,astribot_arm_left_joint_1,0.07966448063842876,0.08370272824601648,-0.004038247607587711,-0.004038247607587711,-0.031573567539164224,-0.04128560605923773,0.11699080297009767,0.07966448063842875,-0.03157356753916414,0.11699080297013376
76.09,76.09,82295.622659513,5.41,349,astribot_arm_left_joint_2,-1.1726654178047486,-1.161650282839352,-0.011015134965396634,-0.011015134965396634,-0.08605757051558742,-0.11262227670007428,0.3188725589451668,-1.1726654178047489,-0.08605757051558695,0.31887255894573235
76.09,76.09,82295.622659513,5.41,349,astribot_arm_left_joint_3,-0.4623218365581701,-0.4507411027232472,-0.011580733834922918,-0.011580733834922918,-0.09051168034568033,-0.11840113705234803,0.3353765502962326,-0.46232183655817016,-0.09051168034568031,0.33537655029595476
76.09,76.09,82295.622659513,5.41,349,astribot_arm_left_joint_4,0.6790765618101521,0.6872883114804229,-0.00821174967027083,-0.00821174967027083,-0.06416507156892808,-0.08395849669264759,0.23775340674390202,0.6790765618101521,-0.06416507156892808,0.23775340674367657
76.09,76.09,82295.622659513,5.41,349,astribot_arm_left_joint_5,-0.9722962044421763,-0.9668425850572437,-0.0054536193849326065,-0.0054536193849326065,-0.042583555399523645,-0.05576225169968989,0.157786551467715,-0.9722962044421763,-0.042583555399523965,0.15778655146700665
76.09,76.09,82295.622659513,5.41,349,astribot_arm_left_joint_6,-0.2552971089164352,-0.251569236402218,-0.00372787251421719,-0.00372787251421719,-0.029128271259241906,-0.03811455145440807,0.1079301488350223,-0.25529710891643526,-0.02912827125924181,0.10793014883510878
76.09,76.09,82295.622659513,5.41,349,astribot_arm_left_joint_7,-0.9794091879636221,-0.9643441461931429,-0.015065041770479182,-0.015065041770479182,-0.11771650765739856,-0.15402773950324392,0.43617968532045387,-0.9794091879636221,-0.11771650765739806,0.4361796853209723
76.11,76.11,82295.643964294,5.43,349,astribot_arm_left_joint_1,0.07905639142261658,0.082904439486358,-0.0038480480637414216,-0.0038480480637414216,-0.029084596277078704,-0.039446399903471756,0.13988874886388758,0.07905639142261649,-0.029084596277097922,0.13988874886105218
76.11,76.11,82295.643964294,5.43,349,astribot_arm_left_joint_2,-1.174322838383042,-1.1638277119097717,-0.010495126473270222,-0.010495126473270222,-0.07927357882285274,-0.10759155747482868,0.38128367517327244,-1.1743228383830415,-0.07927357882282686,0.38128367516712885
76.11,76.11,82295.643964294,5.43,349,astribot_arm_left_joint_3,-0.4640650407955421,-0.4530303718354529,-0.0110346689600892,-0.0110346689600892,-0.08337656737539638,-0.11311957309824337,0.4010178990954619,-0.464065040795543,-0.08337656737555818,0.40101789907509316
76.11,76.11,82295.643964294,5.43,349,astribot_arm_left_joint_4,0.6778407784922078,0.6856650354715024,-0.007824256979294564,-0.007824256979294564,-0.05910688424295186,-0.0802101043064866,0.28428753167830356,0.6778407784922079,-0.05910688424291884,0.2842875316899322
76.11,76.11,82295.643964294,5.43,349,astribot_arm_left_joint_5,-0.9731163398537744,-0.9679206120072867,-0.005195727846487697,-0.005195727846487697,-0.03922665740244189,-0.05326650112495119,0.18866921770266631,-0.9731163398537759,-0.03922665740266171,0.1886692176771568
76.11,76.11,82295.643964294,5.43,349,astribot_arm_left_joint_6,-0.25585810309633034,-0.252306151337581,-0.0035519517587493388,-0.0035519517587493388,-0.026832064788790907,-0.03641276841136611,0.12905470431934127,-0.25585810309633045,-0.02683206478881337,0.12905470431485644
76.11,76.11,82295.643964294,5.43,349,astribot_arm_left_joint_7,-0.9816763419284309,-0.967322163150278,-0.014354178778152926,-0.014354178778152926,-0.10843681494415357,-0.14715127801126435,0.5215506595916416,-0.9816763419284298,-0.10843681494397016,0.5215506596155749
76.13,76.13,82295.665197772,5.45,350,astribot_arm_left_joint_1,0.07849817774350815,0.08214483744353522,-0.0036466597000270745,-0.0036466597000270745,-0.026706559953893084,-0.037479723658831475,0.14084110623044443,0.07849817774350815,-0.02670655995389018,0.14084110623090818
76.13,76.13,82295.665197772,5.45,350,astribot_arm_left_joint_2,-1.1758443171640836,-1.1658993922950343,-0.009944924869049299,-0.009944924869049299,-0.0727919537002044,-0.10221677388031701,0.38387944015922254,-1.1758443171640833,-0.07279195370018433,0.38387944016501396
76.13,76.13,82295.665197772,5.45,350,astribot_arm_left_joint_3,-0.46566526725159285,-0.45520858198788894,-0.010456685263703913,-0.010456685263703913,-0.0765594706610611,-0.10747432587089156,0.4037480139308691,-0.46566526725159274,-0.07655947066104912,0.4037480139326845
76.13,76.13,82295.665197772,5.45,350,astribot_arm_left_joint_4,0.6767063542423567,0.6841205628546521,-0.007414208612295359,-0.007414208612295359,-0.05427414335348321,-0.0762046920093189,0.28622295057179076,0.6767063542423566,-0.054274143353476065,0.28622295057217917
76.13,76.13,82295.665197772,5.45,350,astribot_arm_left_joint_5,-0.9738692076790412,-0.9689462019707629,-0.004923005708278305,-0.004923005708278305,-0.03601937835869188,-0.05060171785273931,0.1899536706570977,-0.9738692076790413,-0.036019378358702565,0.18995367065431773
76.13,76.13,82295.665197772,5.45,350,astribot_arm_left_joint_6,-0.25637308447895435,-0.2530072899245722,-0.003365794554382129,-0.003365794554382129,-0.024638201615117452,-0.034594341128691544,0.12993330391342206,-0.25637308447895435,-0.024638201615108674,0.1299333039150284
76.13,76.13,82295.665197772,5.45,350,astribot_arm_left_joint_7,-0.9837575437042414,-0.9701556133721982,-0.013601930332043155,-0.013601930332043155,-0.099570723688883,-0.13980323441302098,0.5251013569974068,-0.9837575437042416,-0.09957072368889754,0.5251013569986761
76.15,76.15,82295.686429488,5.47,351,astribot_arm_left_joint_1,0.0779902455788023,0.08142598316346412,-0.003435737584661827,-0.003435737584661827,-0.024320074937596334,-0.035418831021416894,0.10371826875746265,0.0779902455788023,-0.02432007493759613,0.1037182687575411
76.15,76.15,82295.686429488,5.47,351,astribot_arm_left_joint_2,-1.1772287476066392,-1.1678597640054504,-0.009368983601188763,-0.009368983601188763,-0.0662873006444497,-0.09658792243801259,0.2826966644271458,-1.1772287476066392,-0.06628730064445805,0.2826966644258354
76.15,76.15,82295.686429488,5.47,351,astribot_arm_left_joint_3,-0.46712135211346706,-0.4572698544516723,-0.009851497661794772,-0.009851497661794772,-0.06971815414917283,-0.10156039397104766,0.29732828816755463,-0.46712135211346706,-0.06971815414916953,0.2973282881685025
76.15,76.15,82295.686429488,5.47,351,astribot_arm_left_joint_4,0.675674114104777,0.6826590474584724,-0.006984933353695433,-0.006984933353695433,-0.049424232690747194,-0.07200945361235492,0.21078042985080903,0.675674114104777,-0.0494242326907474,0.21078042985079362
76.15,76.15,82295.686429488,5.47,351,astribot_arm_left_joint_5,-0.9745542603721878,-0.9699166245703338,-0.0046376358018540564,-0.0046376358018540564,-0.03280070448616411,-0.0478122028442963,0.13988576482519025,-0.9745542603721878,-0.03280070448615213,0.13988576482850243
76.15,76.15,82295.686429488,5.47,351,astribot_arm_left_joint_6,-0.2568416785285971,-0.2536707670468449,-0.003170911481752192,-0.003170911481752192,-0.02243654407911534,-0.032689766700336804,0.09568554022830789,-0.2568416785285971,-0.02243654407911665,0.09568554022795703
76.15,76.15,82295.686429488,5.47,351,astribot_arm_left_joint_7,-0.9856512796744282,-0.9728368753294449,-0.012814404344983377,-0.012814404344983377,-0.09067313296378528,-0.132106892406642,0.386695369896344,-0.9856512796744282,-0.09067313296379809,0.38669536989320713
76.17,76.17,82295.709148814,5.49,352,astribot_arm_left_joint_1,0.07753094425500068,0.08074948085473883,-0.003218536599738156,-0.003218536599738156,-0.021470595519116963,-0.033292855041209365,0.12779319377337725,0.07753094425500066,-0.021470595519116908,0.12779319377340123
76.17,76.17,82295.709148814,5.49,352,astribot_arm_left_joint_2,-1.1784806288206304,-1.1697045012650498,-0.00877612755558066,-0.00877612755558066,-0.05852070044368997,-0.09078389003491859,0.3483157793597092,-1.1784806288206304,-0.05852070044368981,0.34831577935977986
76.17,76.17,82295.709148814,5.49,352,astribot_arm_left_joint_3,-0.4684380273529919,-0.45920961447534664,-0.009228412877645253,-0.009228412877645253,-0.061549575481046934,-0.09546102598103624,0.3663436730999878,-0.46843802735299195,-0.061549575481046774,0.3663436731000584
76.17,76.17,82295.709148814,5.49,352,astribot_arm_left_joint_4,0.674740703514514,0.6812837213036336,-0.006543017789119587,-0.006543017789119587,-0.043633406215589254,-0.0676832820644969,0.25970645902851347,0.674740703514514,-0.04363340621558913,0.25970645902856315
76.17,76.17,82295.709148814,5.49,352,astribot_arm_left_joint_5,-0.9751737242114552,-0.9708297561882387,-0.00434396802321646,-0.00434396802321646,-0.028957585886199934,-0.04493680374204937,0.17235583340338279,-0.9751737242114552,-0.028957585886199854,0.172355833403416
76.17,76.17,82295.709148814,5.49,352,astribot_arm_left_joint_6,-0.25726540807809545,-0.25429511594618454,-0.002970292131910912,-0.002970292131910912,-0.019807749935212306,-0.030725775133152673,0.11789592065261581,-0.25726540807809545,-0.019807749935212247,0.1178959206526384
76.17,76.17,82295.709148814,5.49,352,astribot_arm_left_joint_7,-0.9873637040855526,-0.9753600188138222,-0.012003685271730458,-0.012003685271730458,-0.08004934883268895,-0.12417030499018254,0.4764545043802885,-0.9873637040855526,-0.08004934883268873,0.47645450438038084
76.19,76.19,82295.73034277,5.51,352,astribot_arm_left_joint_1,0.07714646881659364,0.08011763350154344,-0.0029711646849498036,-0.0029711646849498036,-0.01778621746346344,-0.030999369337496363,-0.04820857792903943,0.07714646881659364,-0.017786217463461967,-0.048208577928902735
76.19,76.19,82295.73034277,5.51,352,astribot_arm_left_joint_2,-1.179528563049513,-1.171427364829831,-0.008101198219681915,-0.008101198219681915,-0.04847848320174767,-0.0845250810092681,-0.1313982998364045,-1.179528563049513,-0.048478483201767786,-0.13139829984142964
76.19,76.19,82295.73034277,5.51,352,astribot_arm_left_joint_3,-0.4695401998565805,-0.46102127956958167,-0.008518920286998855,-0.008518920286998855,-0.05098759991612171,-0.08888238087888872,-0.13819912463035067,-0.46954019985658046,-0.05098759991612564,-0.13819912463193748
76.19,76.19,82295.73034277,5.51,352,astribot_arm_left_joint_4,0.6739593570926602,0.6799992418327492,-0.0060398847400889855,-0.0060398847400889855,-0.03614586521045113,-0.06301776931466974,-0.09797140754575917,0.6739593570926601,-0.036145865210445466,-0.09797140754546053
76.19,76.19,82295.73034277,5.51,352,astribot_arm_left_joint_5,-0.9756922697040055,-0.9716825231631261,-0.0040097465408793775,-0.0040097465408793775,-0.02398843196175899,-0.04183701722660619,-0.065019343993867,-0.9756922697040055,-0.023988431961761036,-0.06501934399466386
76.19,76.19,82295.73034277,5.51,352,astribot_arm_left_joint_6,-0.25762010682566466,-0.25487822269767535,-0.0027418841279893136,-0.0027418841279893136,-0.016408718030006493,-0.028607753846545503,-0.04447494041278299,-0.25762010682566466,-0.016408718030007367,-0.04447494041318053
76.19,76.19,82295.73034277,5.51,352,astribot_arm_left_joint_7,-0.9887971533095969,-0.9777164987024971,-0.011080654607099838,-0.011080654607099838,-0.06631279159814979,-0.11561113615257472,-0.1797372256399652,-0.9887971533095968,-0.06631279159811716,-0.17973722563603228
76.21,76.21,82295.751291487,5.53,353,astribot_arm_left_joint_1,0.07675150211253474,0.07953456428398693,-0.0027830621714521886,-0.0027830621714521886,-0.02184678570136578,-0.028595274921809053,-0.15062497702376237,0.07675150211253474,-0.021846785701365796,-0.1506249770237862
76.21,76.21,82295.751291487,5.53,353,astribot_arm_left_joint_2,-1.1806050924896432,-1.1730171471067425,-0.0075879453829006405,-0.0075879453829006405,-0.059546052206553096,-0.07796624558125835,-0.41054656131444867,-1.1806050924896432,-0.059546052206553714,-0.41054656131491263
76.21,76.21,82295.751291487,5.53,353,astribot_arm_left_joint_3,-0.47067244758312016,-0.46269304560806546,-0.0079794019750547,-0.0079794019750547,-0.06262799671053429,-0.08198740121110422,-0.4317953539947997,-0.47067244758312016,-0.06262799671053416,-0.4317953539947301
76.21,76.21,82295.751291487,5.53,353,astribot_arm_left_joint_4,0.6731566898995455,0.6788139698907714,-0.005657279991225894,-0.005657279991225894,-0.04439791500723943,-0.05812834691433793,-0.3061061256001339,0.6731566898995455,-0.04439791500723989,-0.30610612560050166
76.21,76.21,82295.751291487,5.53,353,astribot_arm_left_joint_5,-0.9762249648611934,-0.9724693907640931,-0.003755574097100256,-0.003755574097100256,-0.029464956979019373,-0.03858929465794882,-0.20314926546360768,-0.9762249648611934,-0.029464956979019238,-0.20314926546352918
76.21,76.21,82295.751291487,5.53,353,astribot_arm_left_joint_6,-0.2579844843157891,-0.25541629211749145,-0.0025681921982976252,-0.0025681921982976252,-0.020154805099631766,-0.026388100718160102,-0.13895943762853666,-0.257984484315789,-0.020154805099631745,-0.13895943762852217
76.21,76.21,82295.751291487,5.53,353,astribot_arm_left_joint_7,-0.9902697173771541,-0.9798909757730468,-0.010378741604107233,-0.010378741604107233,-0.08145190793261971,-0.10664116098635418,-0.5615788028773464,-0.9902697173771541,-0.08145190793262014,-0.5615788028777386
76.24,76.24,82295.782305268,5.5600000000000005,354,astribot_arm_left_joint_1,0.07603384578372101,0.0787132920826067,-0.002679446298885696,-0.002679446298885696,-0.025653503185170557,-0.026985013182519297,-0.13772781625709068,0.07603384578372101,-0.02565350318517062,-0.13772781625711616
76.24,76.24,82295.782305268,5.5600000000000005,354,astribot_arm_left_joint_2,-1.182561151463538,-1.175256266845158,-0.007304884618379859,-0.007304884618379859,-0.06992172033113289,-0.07357013620113505,-0.3753937924427492,-1.182561151463538,-0.06992172033113334,-0.37539379244306414
76.24,76.24,82295.782305268,5.5600000000000005,354,astribot_arm_left_joint_3,-0.47272974694123254,-0.4650477106211591,-0.007682036320073415,-0.007682036320073415,-0.07354068168454107,-0.07736760071240376,-0.3948231717657161,-0.4727297469412326,-0.07354068168454118,-0.3948231717657068
76.24,76.24,82295.782305268,5.5600000000000005,354,astribot_arm_left_joint_4,0.6716982398956582,0.6771445602088988,-0.005446320313240549,-0.005446320313240549,-0.05213407910995157,-0.0548516045646406,-0.279895997695231,0.6716982398956582,-0.05213407910995155,-0.27989599769514056
76.24,76.24,82295.782305268,5.5600000000000005,354,astribot_arm_left_joint_5,-0.977192874426622,-0.973577598946649,-0.003615275479972979,-0.003615275479972979,-0.0345991111939607,-0.03641139840288241,-0.18575474837827494,-0.977192874426622,-0.03459911119396066,-0.18575474837820816
76.24,76.24,82295.782305268,5.5600000000000005,354,astribot_arm_left_joint_6,-0.25864655990134555,-0.25617414073974526,-0.002472419161600292,-0.002472419161600292,-0.023666701540794,-0.024900528046231198,-0.12706113070382852,-0.25864655990134555,-0.023666701540794078,-0.12706113070388092
76.24,76.24,82295.782305268,5.5600000000000005,354,astribot_arm_left_joint_7,-0.9929453731015632,-0.9829536449689044,-0.009991728132658806,-0.009991728132658806,-0.09564458626318831,-0.10062980627677229,-0.5134940014921846,-0.9929453731015632,-0.09564458626318809,-0.5134940014917808
76.26,76.26,82295.80604465,5.58,354,astribot_arm_left_joint_1,0.07549347566241084,0.07817782600190555,-0.002684350339494712,-0.002684350339494712,-0.028209004952701216,-0.02675214511232557,-0.1044686026655422,0.07549347566241087,-0.02820900495269649,-0.10446860266483675
76.26,76.26,82295.80604465,5.58,354,astribot_arm_left_joint_2,-1.184033995473372,-1.17671607304096,-0.007317922432412027,-0.007317922432412027,-0.07688704894938957,-0.07293177348711434,-0.2847417900842515,-1.1840339954733723,-0.07688704894940683,-0.2847417900866635
76.26,76.26,82295.80604465,5.58,354,astribot_arm_left_joint_3,-0.4742788214203112,-0.46658289585625845,-0.007695925564052741,-0.007695925564052741,-0.08086651709477563,-0.07669816057633748,-0.29947926406825254,-0.47427882142031114,-0.08086651709475355,-0.29947926406590053
76.26,76.26,82295.80604465,5.58,354,astribot_arm_left_joint_4,0.6706000780403477,0.6760561665685924,-0.00545608852824464,-0.00545608852824464,-0.05732747240022971,-0.05437616102277752,-0.212305288541201,0.6706000780403478,-0.05732747240022341,-0.21230528854189676
76.26,76.26,82295.80604465,5.58,354,astribot_arm_left_joint_5,-0.9779216764844986,-0.9743000684777401,-0.003621608006758481,-0.003621608006758481,-0.03804573948374936,-0.036094198281186735,-0.14089774693303725,-0.9779216764844988,-0.03804573948378075,-0.14089774693888973
76.26,76.26,82295.80604465,5.58,354,astribot_arm_left_joint_6,-0.2591450796664746,-0.25666822927261096,-0.002476850393863639,-0.002476850393863639,-0.026024285890266625,-0.024684661686132814,-0.09637776259007302,-0.25914507966647465,-0.026024285890285898,-0.09637776259263524
76.26,76.26,82295.80604465,5.58,354,astribot_arm_left_joint_7,-0.9949600483023987,-0.9849503940222446,-0.010009654280154101,-0.010009654280154101,-0.10517232629499292,-0.09975762400432564,-0.38949285825457247,-0.994960048302398,-0.105172326294856,-0.38949285823716384
76.28,76.28,82295.82874857,5.6,355,astribot_arm_left_joint_1,0.07490399952108219,0.07763900073329391,-0.002735001212211721,-0.002735001212211721,-0.030772915029215607,-0.027039023501301943,-0.11281753373728995,0.07490399952108223,-0.030772915029211048,-0.11281753373680217
76.28,76.28,82295.82874857,5.6,355,astribot_arm_left_joint_2,-1.185640683869821,-1.1781849726483713,-0.007455711221449723,-0.007455711221449723,-0.08387529542912868,-0.07371073650858162,-0.3074978097800697,-1.1856406838698206,-0.08387529542905921,-0.3074978097702613
76.28,76.28,82295.82874857,5.6,355,astribot_arm_left_joint_3,-0.4759686677137068,-0.4681276787127847,-0.00784098900092206,-0.00784098900092206,-0.08821645653351078,-0.07751903028826011,-0.32341307449419154,-0.4759686677137071,-0.08821645653358175,-0.3234130745062339
76.28,76.28,82295.82874857,5.6,355,astribot_arm_left_joint_4,0.6694021209596469,0.6749609838665852,-0.0055588629069383,-0.0055588629069383,-0.06253795339360936,-0.05495738504460051,-0.22927232145931853,0.669402120959647,-0.06253795339359908,-0.22927232145908438
76.28,76.28,82295.82874857,5.6,355,astribot_arm_left_joint_5,-0.9787167082746134,-0.9750270150724948,-0.003689693202118649,-0.003689693202118649,-0.041503708135784266,-0.03647857938011762,-0.15215802559666672,-0.9787167082746134,-0.04150370813579488,-0.15215802560033284
76.28,76.28,82295.82874857,5.6,355,astribot_arm_left_joint_6,-0.259688902309392,-0.2571653991620372,-0.002523503147354833,-0.002523503147354833,-0.02838962734563661,-0.02494848501928766,-0.1040800891931175,-0.25968890230939184,-0.028389627345613285,-0.10408008918891731
76.28,76.28,82295.82874857,5.6,355,astribot_arm_left_joint_7,-0.9971578066842627,-0.9869595992541519,-0.010198207430110795,-0.010198207430110795,-0.11473141523156115,-0.10082398038471059,-0.4206203831022293,-0.9971578066842625,-0.1147314152315345,-0.4206203830953625
76.3,76.3,82295.849051798,5.62,356,astribot_arm_left_joint_1,0.07425899296879884,0.07708802147979998,-0.0028290285110011415,-0.0028290285110011415,-0.03391595241773102,-0.027747913265785414,2.8547908443865566e-06,0.07425899296879883,-0.03391595241773769,2.8547896976072544e-06
76.3,76.3,82295.849051798,5.62,356,astribot_arm_left_joint_2,-1.1873987271060586,-1.1796869488159263,-0.007711778290132365,-0.007711778290132365,-0.09244202332131535,-0.0756405046333814,7.781069067958057e-06,-1.1873987271060586,-0.09244202332131161,7.78107379520175e-06
76.3,76.3,82295.849051798,5.62,356,astribot_arm_left_joint_3,-0.4778177025688506,-0.4697072772667115,-0.008110425302139068,-0.008110425302139068,-0.0972265753639054,-0.07954996566736451,8.18379653710899e-06,-0.4778177025688505,-0.09722657536389323,8.183801500653291e-06
76.3,76.3,82295.849051798,5.62,356,astribot_arm_left_joint_4,0.6680913127483686,0.6738411318165671,-0.005749819068198492,-0.005749819068198492,-0.06892536016120522,-0.056396576060254985,5.801629920476614e-06,0.6680913127483685,-0.06892536016125084,5.801618201211553e-06
76.3,76.3,82295.849051798,5.62,356,astribot_arm_left_joint_5,-0.979586634430983,-0.9757703105185707,-0.0038163239124123782,-0.0038163239124123782,-0.04574275101851202,-0.03743261255909029,3.850264534976944e-06,-0.9795866344309828,-0.04574275101845403,3.850280622475846e-06
76.3,76.3,82295.849051798,5.62,356,astribot_arm_left_joint_6,-0.2602839546675263,-0.25767376742665526,-0.0026101872408710314,-0.0026101872408710314,-0.03128924410626801,-0.025601795003308295,2.633697634424337e-06,-0.2602839546675264,-0.03128924410629328,2.63369311733687e-06
76.3,76.3,82295.849051798,5.62,356,astribot_arm_left_joint_7,-0.9995626004617397,-0.9890140634354615,-0.010548537026278226,-0.010548537026278226,-0.12644967875538096,-0.10346434382428428,1.0643596415782497e-05,-0.99956260046174,-0.1264496787554445,1.0643582913701327e-05
76.32,76.32,82295.868612369,5.64,357,astribot_arm_left_joint_1,0.07360203753375145,0.07651720961880716,-0.002915172085055706,-0.002915172085055706,-0.032285061325843106,-0.028790901030694975,0.06468107985539645,0.07360203753375145,-0.032285061325842655,0.06468107985541907
76.32,76.32,82295.868612369,5.64,357,astribot_arm_left_joint_2,-1.1891893384649768,-1.1812429401693625,-0.007946398295614276,-0.007946398295614276,-0.08799683273686171,-0.07848135253545284,0.1762960927252037,-1.1891893384649765,-0.08799683273683676,0.1762960927289692
76.32,76.32,82295.868612369,5.64,357,astribot_arm_left_joint_3,-0.47970099118565357,-0.4713437087063358,-0.008357282479317774,-0.008357282479317774,-0.09255131359613615,-0.08253889123156258,0.18542070727225268,-0.47970099118565346,-0.09255131359612163,0.1854207072742333
76.32,76.32,82295.868612369,5.64,357,astribot_arm_left_joint_4,0.6667562215378132,0.6726809998244582,-0.005924778286644949,-0.005924778286644949,-0.06561099780728682,-0.058515008657996956,0.1314474872962349,0.6667562215378132,-0.0656109978072754,0.13144748729864406
76.32,76.32,82295.868612369,5.64,357,astribot_arm_left_joint_5,-0.98047267615334,-0.976540319277734,-0.003932356875606002,-0.003932356875606002,-0.04354315348877718,-0.03883763676523841,0.08723595596021536,-0.98047267615334,-0.04354315348877635,0.08723595595927182
76.32,76.32,82295.868612369,5.64,357,astribot_arm_left_joint_6,-0.26089003049641574,-0.2582004207178399,-0.002689609778575852,-0.002689609778575852,-0.029784661576632586,-0.026563456724580242,0.059671686987219155,-0.2608900304964157,-0.029784661576617296,0.059671686990463914
76.32,76.32,82295.868612369,5.64,357,astribot_arm_left_joint_7,-1.0020119435524248,-0.9911424254232314,-0.010869518129193456,-0.010869518129193456,-0.12036918742459575,-0.10735082850775297,0.24115205930543138,-1.0020119435524246,-0.12036918742453463,0.24115205931839934
76.34,76.34,82295.893376437,5.66,358,astribot_arm_left_joint_1,0.07298458213383698,0.07593167547623089,-0.0029470933423939166,-0.0029470933423939166,-0.029511233114260432,-0.02940169344675168,0.1119360942755935,0.07298458213383698,-0.029511233114259506,0.11193609427592302
76.34,76.34,82295.893376437,5.66,358,astribot_arm_left_joint_2,-1.1908722877089117,-1.182839025684556,-0.008033262024355725,-0.008033262024355725,-0.08043642903455274,-0.08014456865568827,0.3050953401018399,-1.1908722877089117,-0.08043642903456784,0.305095340096386
76.34,76.34,82295.893376437,5.66,358,astribot_arm_left_joint_3,-0.48147104538416796,-0.47302232730916394,-0.008448718075004025,-0.008448718075004025,-0.08459960360613265,-0.08428903577646644,0.3208862594213197,-0.4814710453841679,-0.08459960360613113,0.32088625942212734
76.34,76.34,82295.893376437,5.66,358,astribot_arm_left_joint_4,0.6655014038845029,0.6714909686107903,-0.005989564726287422,-0.005989564726287422,-0.05997391275201124,-0.05975533862845896,0.2274810248003885,0.6655014038845027,-0.05997391275201766,0.22748102479880147
76.34,76.34,82295.893376437,5.66,358,astribot_arm_left_joint_5,-0.9813054438219405,-0.9773301556769424,-0.003975288144998146,-0.003975288144998146,-0.0398020663540786,-0.03966007113757815,0.15096922025204584,-0.9813054438219406,-0.03980206635409545,0.15096922024710066
76.34,76.34,82295.893376437,5.66,358,astribot_arm_left_joint_6,-0.26145966547215566,-0.25874064669476454,-0.0027190187773911134,-0.0027190187773911134,-0.027225659636986834,-0.027126499921479655,0.10326691507912965,-0.26145966547215566,-0.027225659636990807,0.10326691507800272
76.34,76.34,82295.893376437,5.66,358,astribot_arm_left_joint_7,-1.0043140176915595,-0.9933256407359692,-0.010988376955590295,-0.010988376955590295,-0.11002745554694043,-0.10962634997620718,0.41733409069848043,-1.0043140176915595,-0.11002745554695052,0.41733409069505817
76.36,76.36,82295.916320248,5.68,359,astribot_arm_left_joint_1,0.07241951960559494,0.07534281445041524,-0.002923294844820304,-0.002923294844820304,-0.02696939873940635,-0.02941516919456894,0.10299068397348383,0.07241951960559494,-0.026969398739406406,0.10299068397345972
76.36,76.36,82295.916320248,5.68,359,astribot_arm_left_joint_2,-1.1924124338551965,-1.1844441521343265,-0.00796828172086994,-0.00796828172086994,-0.07350835254522818,-0.08018002482529685,0.28071354424763634,-1.1924124338551965,-0.07350835254522767,0.28071354424823663
76.36,76.36,82295.916320248,5.68,359,astribot_arm_left_joint_3,-0.48309090537839006,-0.47471046922738624,-0.008380436151003812,-0.008380436151003812,-0.07731294839547077,-0.08432701135312848,0.2952425269915612,-0.48309090537839006,-0.07731294839547122,0.295242526991184
76.36,76.36,82295.916320248,5.68,359,astribot_arm_left_joint_4,0.6643530611284746,0.6702941925634675,-0.0059411314349928634,-0.0059411314349928634,-0.05480829488585476,-0.05978195759606664,0.20930180284146643,0.6643530611284746,-0.05480829488585462,0.20930180284165545
76.36,76.36,82295.916320248,5.68,359,astribot_arm_left_joint_5,-0.9820675487518236,-0.978124456042079,-0.003943092709744578,-0.003943092709744578,-0.036373871400081914,-0.03967715503610751,0.13890446466570674,-0.9820675487518236,-0.036373871400081796,0.13890446466585019
76.36,76.36,82295.916320248,5.68,359,astribot_arm_left_joint_6,-0.26198096527714765,-0.2592839342893138,-0.0026970309878338594,-0.0026970309878338594,-0.024880684173736616,-0.027138571695778,0.09501430512173041,-0.26198096527714765,-0.024880684173736595,0.0950143051217772
76.36,76.36,82295.916320248,5.68,359,astribot_arm_left_joint_7,-1.0064207541998809,-0.9955212304926406,-0.010899523707240233,-0.010899523707240233,-0.10055067199120943,-0.10967520610678697,0.38398269766526266,-1.0064207541998809,-0.1005506719912096,0.38398269766519916
76.38,76.38,82295.936909465,5.7,359,astribot_arm_left_joint_1,0.07190157030864941,0.0747608981278385,-0.0028593278191890864,-0.0028593278191890864,-0.024538309683982865,-0.0289586838444611,0.16401318220505146,0.0719015703086494,-0.024538309683986056,0.16401318220486305
76.38,76.38,82295.936909465,5.7,359,astribot_arm_left_joint_2,-1.1938241672011392,-1.1860303281781601,-0.007793839022979032,-0.007793839022979032,-0.06688212579546024,-0.0789347872658324,0.4470377310163778,-1.1938241672011385,-0.06688212579537248,0.44703773102550304
76.38,76.38,82295.936909465,5.7,359,astribot_arm_left_joint_3,-0.4845757062689526,-0.4763786916187252,-0.008197014650227374,-0.008197014650227374,-0.0703437658599142,-0.08301787790059227,0.47017520912561617,-0.4845757062689532,-0.07034376586001242,0.4701752091139589
76.38,76.38,82295.936909465,5.7,359,astribot_arm_left_joint_4,0.6633004637725892,0.6691115429364166,-0.005811079163827393,-0.005811079163827393,-0.04986773810405447,-0.05885364848072492,0.3333141736796832,0.6633004637725892,-0.049867738104047175,0.333314173679209
76.38,76.38,82295.936909465,5.7,359,astribot_arm_left_joint_5,-0.9827661116415973,-0.9789093713677859,-0.003856740273811443,-0.003856740273811443,-0.03309503965757674,-0.039060605445420706,0.2212060585747035,-0.9827661116415971,-0.03309503965754095,0.22120605858079165
76.38,76.38,82295.936909465,5.7,359,astribot_arm_left_joint_6,-0.2624588006564171,-0.25982080886974246,-0.0026379917866746205,-0.0026379917866746205,-0.022637877073356995,-0.02671714817924609,0.15131075876588285,-0.26245880065641697,-0.022637877073341774,0.15131075876788
76.38,76.38,82295.936909465,5.7,359,astribot_arm_left_joint_7,-1.0083518372903304,-0.9976909044437778,-0.010660932846552562,-0.010660932846552562,-0.09148678293110338,-0.10797215803769833,0.6114943772100967,-1.0083518372903302,-0.09148678293105719,0.611494377218699
76.4,76.4,82295.958594258,5.72,360,astribot_arm_left_joint_1,0.07143657413815771,0.0741938379229424,-0.0027572637847846915,-0.0027572637847846915,-0.022210928418682017,-0.02811274233124048,0.11692530000354612,0.07143657413815772,-0.02221092841868217,0.11692530000346611
76.4,76.4,82295.958594258,5.72,360,astribot_arm_left_joint_2,-1.1950915704073786,-1.1875759944387474,-0.007515575968631172,-0.007515575968631172,-0.0605385671491263,-0.07662823591959819,0.31869402270306607,-1.1950915704073781,-0.06053856714913725,0.3186940227018659
76.4,76.4,82295.958594258,5.72,360,astribot_arm_left_joint_3,-0.48590870687755733,-0.47800431702684976,-0.007904389850707572,-0.007904389850707572,-0.06367188157369848,-0.08059239458383298,0.3351887734911754,-0.4859087068775573,-0.06367188157369114,0.3351887734925016
76.4,76.4,82295.958594258,5.72,360,astribot_arm_left_joint_4,0.662355479886246,0.6679590951317359,-0.005603615245489912,-0.005603615245489912,-0.04513794045697738,-0.057133988954529834,0.23762028898453333,0.662355479886246,-0.045137940456974904,0.23762028898491455
76.4,76.4,82295.958594258,5.72,360,astribot_arm_left_joint_5,-0.9833932561719749,-0.9796742350025809,-0.0037190211693940434,-0.0037190211693940434,-0.02995607954718992,-0.037918960713400965,0.15769820702524834,-0.983393256171975,-0.02995607954719083,0.15769820702483558
76.4,76.4,82295.958594258,5.72,360,astribot_arm_left_joint_6,-0.2628877840005319,-0.260343972912136,-0.0025438110883959086,-0.0025438110883959086,-0.020490745846075523,-0.025936486387273264,0.10786971891449826,-0.2628877840005319,-0.02049074584607608,0.10786971891428748
76.4,76.4,82295.958594258,5.72,360,astribot_arm_left_joint_7,-1.0100854939382984,-0.9998051707711253,-0.010280323167173089,-0.010280323167173089,-0.08280955017302344,-0.10481730426630916,0.4359354689997167,-1.0100854939382984,-0.08280955017302431,0.43593546900043356
76.42,76.42,82295.983629125,5.74,361,astribot_arm_left_joint_1,0.07102338191501881,0.0736484490247087,-0.002625067109689891,-0.002625067109689891,-0.019003035161811774,-0.02696625200810066,0.14526590150594648,0.07102338191501881,-0.019003035161811732,0.14526590150595695
76.42,76.42,82295.983629125,5.74,361,astribot_arm_left_joint_2,-1.1962177757003076,-1.1890625786474123,-0.007155197052895357,-0.007155197052895357,-0.051795066757004085,-0.07350266127067878,0.39593975393679876,-1.1962177757003076,-0.051795066757003974,0.39593975393682423
76.42,76.42,82295.983629125,5.74,361,astribot_arm_left_joint_3,-0.4870932015462602,-0.47956781013124605,-0.0075253914150141266,-0.0075253914150141266,-0.05447584097141197,-0.07730541220422003,0.41643253730910007,-0.48709320154626023,-0.05447584097141185,0.4164325373091396
76.42,76.42,82295.983629125,5.74,361,astribot_arm_left_joint_4,0.6615157740615386,0.666850697231603,-0.005334923170064343,-0.005334923170064343,-0.03861873098983919,-0.05480363768250885,0.29521519717695305,0.6615157740615386,-0.0386187309898391,0.2952151971769643
76.42,76.42,82295.983629125,5.74,361,astribot_arm_left_joint_5,-0.9839505322511783,-0.9804098581106865,-0.003540674140491862,-0.003540674140491862,-0.025629564969759787,-0.036372099088487764,0.19592143196257444,-0.9839505322511783,-0.02562956496975973,0.19592143196259731
76.42,76.42,82295.983629125,5.74,361,astribot_arm_left_joint_6,-0.2632689754874575,-0.2608471399956115,-0.0024218354918459917,-0.0024218354918459917,-0.017531296146865875,-0.02487859747817718,0.13401540952043492,-0.2632689754874575,-0.017531296146865834,0.13401540952044677
76.42,76.42,82295.983629125,5.74,361,astribot_arm_left_joint_7,-1.011626008656465,-1.0018386238852555,-0.00978738477120955,-0.00978738477120955,-0.07084948292157385,-0.1005420797387862,0.5415984299454576,-1.011626008656465,-0.07084948292157371,0.5415984299455053
76.44,76.44,82296.005468454,5.76,361,astribot_arm_left_joint_1,0.07069125320414398,0.07313184698936676,-0.0024405937852227805,-0.0024405937852227805,-0.014670495175002494,-0.025409532468211614,0.048444662644534064,0.07069125320414398,-0.014670495175003366,0.048444662644460006
76.44,76.44,82296.005468454,5.76,361,astribot_arm_left_joint_2,-1.1971230326029658,-1.1904706892114183,-0.006652343391547522,-0.006652343391547522,-0.03998620591275644,-0.06925908596161356,0.13204177723775534,-1.1971230326029656,-0.03998620591275383,0.13204177723850594
76.44,76.44,82296.005468454,5.76,361,astribot_arm_left_joint_3,-0.4880453121265751,-0.4810487742234974,-0.006996537903077693,-0.006996537903077693,-0.04205578505329746,-0.07284249534308654,0.1388759066987626,-0.48804531212657504,-0.042055785053293146,0.13887590669921687
76.44,76.44,82296.005468454,5.76,361,astribot_arm_left_joint_4,0.6608408087609928,0.6658008081201077,-0.004959999359114842,-0.004959999359114842,-0.02981396928579035,-0.05163967957206378,0.09845118838332756,0.6608408087609928,-0.02981396928579739,0.09845118838277536
76.44,76.44,82296.005468454,5.76,361,astribot_arm_left_joint_5,-0.9843984772400292,-0.9811066462027855,-0.00329183103724362,-0.00329183103724362,-0.01978622920101624,-0.03427206777663622,0.06533775357844063,-0.984398477240029,-0.019786229201000656,0.06533775358048856
76.44,76.44,82296.005468454,5.76,361,astribot_arm_left_joint_6,-0.2635753816346673,-0.26132374641457784,-0.0022516352200894763,-0.0022516352200894763,-0.013534300881102595,-0.0234422869927216,0.04469274093997133,-0.26357538163466726,-0.013534300881104373,0.04469274093968492
76.44,76.44,82296.005468454,5.76,361,astribot_arm_left_joint_7,-1.0128642922900275,-1.0037647376371484,-0.00909955465287915,-0.00909955465287915,-0.05469636763294285,-0.09473752747535813,0.1806174260830964,-1.0128642922900275,-0.05469636763294995,0.18061742608195125
76.46,76.46,82296.025796479,5.78,361,astribot_arm_left_joint_1,0.0703719702073595,0.07265320420563584,-0.002281233998276344,-0.002281233998276344,-0.018371678849532593,-0.023458340550176406,-0.24434110524220554,0.07037197020735945,-0.01837167884953508,-0.24434110524224437
76.46,76.46,82296.025796479,5.78,361,astribot_arm_left_joint_2,-1.197993276960881,-1.1917753278769228,-0.00621794908395823,-0.00621794908395823,-0.0500742288980892,-0.06394043272455592,-0.6659811840505885,-1.1979932769608805,-0.050074228898031016,-0.6659811840447575
76.46,76.46,82296.025796479,5.78,361,astribot_arm_left_joint_3,-0.48896059800641534,-0.48242091602542314,-0.006539681980992196,-0.006539681980992196,-0.052665937144433544,-0.06724880142641029,-0.7004505900573879,-0.48896059800641506,-0.05266593714441638,-0.7004505900565373
76.46,76.46,82296.025796479,5.78,361,astribot_arm_left_joint_4,0.6601919490363513,0.664828066969532,-0.00463611793318075,-0.00463611793318075,-0.0373356633443199,-0.04767412158869531,-0.49655980388237175,0.660191949036351,-0.03733566334433196,-0.49655980388188553
76.46,76.46,82296.025796479,5.78,361,astribot_arm_left_joint_5,-0.9848290970983924,-0.9817522302791777,-0.0030768668192147075,-0.0030768668192147075,-0.024778049015339955,-0.031640097238204906,-0.32954505311336124,-0.9848290970983913,-0.024778049015242574,-0.3295450531069067
76.46,76.46,82296.025796479,5.78,361,astribot_arm_left_joint_6,-0.26386993693720834,-0.2617653307817228,-0.002104606155485522,-0.002104606155485522,-0.016948836850719233,-0.021642084528109378,-0.2254174788583243,-0.2638699369372086,-0.016948836850734998,-0.22541747885951155
76.46,76.46,82296.025796479,5.78,361,astribot_arm_left_joint_7,-1.014054682932112,-1.0055493167774245,-0.008505366154687444,-0.008505366154687444,-0.06849558166925271,-0.08746236749782146,-0.9109829464296713,-1.0140546829321126,-0.06849558166931569,-0.9109829464344075
76.49,76.49,82296.060026771,5.8100000000000005,362,astribot_arm_left_joint_1,0.06973515888048008,0.07197642626388852,-0.002241267383408435,-0.002241267383408435,-0.022155562450734675,-0.022396243712045905,0.1301136500427893,0.06973515888048012,-0.02215556245072759,0.13011365004366202
76.49,76.49,82296.060026771,5.8100000000000005,362,astribot_arm_left_joint_2,-1.1997289831207905,-1.1936200140462783,-0.006108969074512194,-0.006108969074512194,-0.060387660518621586,-0.06104504650322198,0.35464046309730257,-1.1997289831207902,-0.060387660518597716,0.3546404630963189
76.49,76.49,82296.060026771,5.8100000000000005,362,astribot_arm_left_joint_3,-0.49078613967786244,-0.48436105341104146,-0.0064250862668209785,-0.0064250862668209785,-0.06351316441926971,-0.06420383340800179,0.37299570556602024,-0.49078613967786267,-0.06351316441930684,0.37299570556153216
76.49,76.49,82296.060026771,5.8100000000000005,362,astribot_arm_left_joint_4,0.6588977954911605,0.6634526638576073,-0.004554868366446807,-0.004554868366446807,-0.04502542351409667,-0.04551537678491602,0.2644221834189051,0.6588977954911606,-0.045025423514064786,0.2644221834226727
76.49,76.49,82296.060026771,5.8100000000000005,362,astribot_arm_left_joint_5,-0.9856879702803204,-0.9826650463482738,-0.0030229239320466172,-0.0030229239320466172,-0.02988140696672065,-0.03020719817348858,0.17548545370995594,-0.9856879702803203,-0.029881406966697523,0.17548545371077923
76.49,76.49,82296.060026771,5.8100000000000005,362,astribot_arm_left_joint_6,-0.26445742877028355,-0.26238970697539626,-0.0020677217948872895,-0.0020677217948872895,-0.02043966783816236,-0.02066209937127656,0.12003666320748008,-0.2644574287702835,-0.020439667838149357,0.12003666320901307
76.49,76.49,82296.060026771,5.8100000000000005,362,astribot_arm_left_joint_7,-1.01642892224935,-1.0080726148508021,-0.00835630739854798,-0.00835630739854798,-0.08260312787437826,-0.08350196750087181,0.48510591850306284,-1.0164289222493494,-0.08260312787429065,0.4851059185094085
76.51,76.51,82296.081895413,5.83,363,astribot_arm_left_joint_1,0.06929791855431235,0.07152890312690512,-0.00223098457259277,-0.00223098457259277,-0.022360519149361067,-0.022339639907159897,-0.012717035813452016,0.06929791855431235,-0.022360519149360575,-0.012717035813356216
76.51,76.51,82296.081895413,5.83,363,astribot_arm_left_joint_2,-1.2009207344220887,-1.1948398159905278,-0.006080918431560889,-0.006080918431560889,-0.060946294747153226,-0.06089050377262759,-0.0346618165625428,-1.2009207344220887,-0.06094629474715274,-0.034661816561922104
76.51,76.51,82296.081895413,5.83,363,astribot_arm_left_joint_3,-0.4920395728411329,-0.4856439763632655,-0.006395596477867416,-0.006395596477867416,-0.06410071206239407,-0.06404143284923967,-0.03645581954229188,-0.4920395728411329,-0.06410071206238922,-0.03645581954125934
76.51,76.51,82296.081895413,5.83,363,astribot_arm_left_joint_4,0.6580092181459944,0.6625431751588148,-0.004533957012820333,-0.004533957012820333,-0.04544194474563185,-0.04540018634313954,-0.025844070743931025,0.6580092181459944,-0.04544194474562866,-0.02584407074351252
76.51,76.51,82296.081895413,5.83,363,astribot_arm_left_joint_5,-0.9862776802530425,-0.9832686450566529,-0.00300903519638962,-0.00300903519638962,-0.03015783391525338,-0.030130631490611872,-0.017151580931640042,-0.9862776802530426,-0.030157833915276853,-0.017151580935530708
76.51,76.51,82296.081895413,5.83,363,astribot_arm_left_joint_6,-0.26486080589294453,-0.26280257720683564,-0.002058228686108887,-0.002058228686108887,-0.02062875113723192,-0.020609805208788717,-0.011732132212131235,-0.26486080589294453,-0.020628751137231838,-0.011732132212270265
76.51,76.51,82296.081895413,5.83,363,astribot_arm_left_joint_7,-1.0180590961009297,-1.0097411520388275,-0.008317944062102178,-0.008317944062102178,-0.08336727296982376,-0.08329064481163856,-0.04741323709292389,-1.0180590961009297,-0.08336727296983831,-0.047413237095987
76.54,76.54,82296.11327747,5.86,364,astribot_arm_left_joint_1,0.06868849830734755,0.07086225457844243,-0.0021737562710948816,-0.0021737562710948816,-0.018500309429736277,-0.022072553395532192,0.03231812967895543,0.06868849830734755,-0.018500309429736198,0.03231812967894666
76.54,76.54,82296.11327747,5.86,364,astribot_arm_left_joint_2,-1.2025817828864964,-1.1966568743665031,-0.005924908519993277,-0.005924908519993277,-0.050424827075206624,-0.06016222428339077,0.08808696452594701,-1.2025817828864964,-0.05042482707520866,0.08808696452552481
76.54,76.54,82296.11327747,5.86,364,astribot_arm_left_joint_3,-0.4937865927343091,-0.4875550661742558,-0.006231526560053269,-0.006231526560053269,-0.05303468134614314,-0.06327562233318929,0.09264611036541563,-0.4937865927343091,-0.053034681346142164,0.09264611036561902
76.54,76.54,82296.11327747,5.86,364,astribot_arm_left_joint_4,0.6567707298531036,0.6611883687938896,-0.004417638940786062,-0.004417638940786062,-0.03759707157368194,-0.044857219967303526,0.06567820064185337,0.6567707298531036,-0.037597071573681654,0.06567820064189385
76.54,76.54,82296.11327747,5.86,364,astribot_arm_left_joint_5,-0.9870996108383663,-0.9841677833243341,-0.0029318275140322037,-0.0029318275140322037,-0.024951534239275666,-0.029770149995044987,0.04358775307477682,-0.9870996108383663,-0.02495153423927491,0.043587753074928404
76.54,76.54,82296.11327747,5.86,364,astribot_arm_left_joint_6,-0.26542302801885564,-0.26341760315475665,-0.0020054248640989925,-0.0020054248640989925,-0.01706750530426635,-0.02036331819294316,0.02981516886575567,-0.26542302801885564,-0.01706750530426602,0.02981516886583951
76.54,76.54,82296.11327747,5.86,364,astribot_arm_left_joint_7,-1.0203312125818889,-1.012226663871246,-0.008104548710642812,-0.008104548710642812,-0.06897515822209484,-0.08229452995844609,0.12049247697782621,-1.020331212581889,-0.06897515822209505,0.12049247697783513
76.56,76.56,82296.137870609,5.88,364,astribot_arm_left_joint_1,0.06833700257779922,0.07043101198975413,-0.0020940094119549085,-0.0020940094119549085,-0.01583940631116295,-0.02138669619867753,0.2515549896796555,0.06833700257779919,-0.01583940631116699,0.25155498967915635
76.56,76.56,82296.137870609,5.88,364,astribot_arm_left_joint_2,-1.2035398269369195,-1.1978322920460005,-0.005707534890919019,-0.005707534890919019,-0.04317221434850953,-0.05829268284187708,0.6856434970814695,-1.2035398269369197,-0.0431722143485246,0.6856434970807955
76.56,76.56,82296.137870609,5.88,364,astribot_arm_left_joint_3,-0.4947942225840653,-0.4887913128435316,-0.006002909740533691,-0.006002909740533691,-0.04540669276994726,-0.06130940161759673,0.7211305718601122,-0.4947942225840652,-0.04540669276993813,0.7211305718607421
76.56,76.56,82296.137870609,5.88,364,astribot_arm_left_joint_4,0.6560564061196621,0.6603119718992003,-0.0042555657795382285,-0.0042555657795382285,-0.03218947742616676,-0.0434633001880982,0.5112201494578907,0.6560564061196621,-0.03218947742616657,0.5112201494578428
76.56,76.56,82296.137870609,5.88,364,astribot_arm_left_joint_5,-0.987573676300033,-0.9847494160317084,-0.0028242602683246076,-0.0028242602683246076,-0.021362750196376647,-0.028844995569950634,0.3392744841294757,-0.9875736763000329,-0.021362750196362922,0.33927448413114375
76.56,76.56,82296.137870609,5.88,364,astribot_arm_left_joint_6,-0.2657473012560833,-0.26381545099271425,-0.0019318502633690615,-0.0019318502633690615,-0.014612682682910782,-0.01973053516835299,0.23207266543075278,-0.26574730125608326,-0.014612682682904325,0.2320726654313832
76.56,76.56,82296.137870609,5.88,364,astribot_arm_left_joint_7,-1.0216417027470437,-1.0138344913746962,-0.007807211372347522,-0.007807211372347522,-0.05905444774350805,-0.07973726323413355,0.937878649032089,-1.0216417027470435,-0.05905444774349242,0.9378786490344125
76.58,76.58,82296.162294362,5.9,365,astribot_arm_left_joint_1,0.06806775483053676,0.07001861905384617,-0.0019508642233094092,-0.0019508642233094092,-0.0115390145837765,-0.020299199510242713,0.19919876883019436,0.06806775483053676,-0.01153901458377651,0.1991987688301935
76.58,76.58,82296.162294362,5.9,365,astribot_arm_left_joint_2,-1.2042736941810144,-1.1989563300731,-0.00531736410791428,-0.00531736410791428,-0.03145097746689505,-0.05532845389232363,0.5429402956748669,-1.2042736941810144,-0.03145097746689491,0.5429402956749152
76.58,76.58,82296.162294362,5.9,365,astribot_arm_left_joint_3,-0.49556607283519005,-0.4899735220095929,-0.005592550825597176,-0.005592550825597176,-0.03307879599653827,-0.05819181948740722,0.5710414341758541,-0.49556607283519005,-0.033078795996538395,0.5710414341758207
76.58,76.58,82296.162294362,5.9,365,astribot_arm_left_joint_4,0.6555092300379147,0.6594738836202435,-0.003964653582328781,-0.003964653582328781,-0.023450048705600263,-0.04125317022638387,0.40481973545050903,0.6555092300379147,-0.023450048705600263,0.40481973545051964
76.58,76.58,82296.162294362,5.9,365,astribot_arm_left_joint_5,-0.9879368131659421,-0.9853056237742135,-0.0026311893917285722,-0.0026311893917285722,-0.015562773075125597,-0.027378171539877316,0.26866117670977646,-0.9879368131659421,-0.015562773075125585,0.26866117670978445
76.58,76.58,82296.162294362,5.9,365,astribot_arm_left_joint_6,-0.26599569641790566,-0.2641959082887199,-0.001799788129185742,-0.001799788129185742,-0.010645345871786251,-0.018727226980457173,0.18377130698949065,-0.26599569641790566,-0.010645345871786269,0.1837713069894877
76.58,76.58,82296.162294362,5.9,365,astribot_arm_left_joint_7,-1.022645545738908,-1.0153720383733402,-0.007273507365567866,-0.007273507365567866,-0.04302119160038056,-0.07568258613720556,0.7426776643868419,-1.022645545738908,-0.043021191600380586,0.742677664386844
76.6,76.6,82296.182788377,5.92,365,astribot_arm_left_joint_1,0.06788146941410514,0.06963750916080272,-0.0017560397466975797,-0.0017560397466975797,-0.007149759065802871,-0.018602347107120203,0.1851560613363409,0.06788146941410515,-0.007149759065802936,0.18515606133634965
76.6,76.6,82296.182788377,5.92,365,astribot_arm_left_joint_2,-1.2047814375755705,-1.1999951002449805,-0.004786337330590085,-0.004786337330590085,-0.019487531594632537,-0.050703376199688725,0.504665200886264,-1.2047814375755705,-0.01948753159463257,0.5046652008861333
76.6,76.6,82296.182788377,5.92,365,astribot_arm_left_joint_3,-0.496100095670722,-0.49106605123653796,-0.005034044434184037,-0.005034044434184037,-0.0204961541425373,-0.05332741471827109,0.5307853227849328,-0.49610009567072194,-0.020496154142539937,0.530785322784728
76.6,76.6,82296.182788377,5.92,365,astribot_arm_left_joint_4,0.6551306533356539,0.6586993712885733,-0.0035687179529193536,-0.0035687179529193536,-0.014530027422108498,-0.03780469746819772,0.3762815814947347,0.6551306533356539,-0.01453002742210802,0.3762815814947914
76.6,76.6,82296.182788377,5.92,365,astribot_arm_left_joint_5,-0.9881880579877665,-0.9858196379573919,-0.0023684200303746294,-0.0023684200303746294,-0.009642944557792134,-0.025089524372774622,0.2497216504183266,-0.9881880579877665,-0.009642944557792138,0.24972165041831682
76.6,76.6,82296.182788377,5.92,365,astribot_arm_left_joint_6,-0.2661675544803413,-0.26454750473093214,-0.0016200497494091581,-0.0016200497494091581,-0.0065960275552835405,-0.01716176294298351,0.17081617315525888,-0.2661675544803413,-0.006596027555283949,0.17081617315522676
76.6,76.6,82296.182788377,5.92,365,astribot_arm_left_joint_7,-1.0233400782342503,-1.0167929497007993,-0.006547128533451074,-0.006547128533451074,-0.026656622403347277,-0.06935605908768523,0.6903218929909218,-1.02334007823425,-0.02665662240334664,0.6903218929910556
76.62,76.62,82296.209451447,5.94,365,astribot_arm_left_joint_1,0.06776235917231296,0.06929748727476202,-0.0015351281024490598,-0.0015351281024490598,-0.00551022210934133,-0.01644179117069392,-0.03550414301028221,0.06776235917231296,-0.005510222109341054,-0.035504143010259906
76.62,76.62,82296.209451447,5.94,365,astribot_arm_left_joint_2,-1.2051060869209271,-1.200921878355561,-0.004184208565366054,-0.004184208565366054,-0.015018775662350192,-0.044814437842281174,-0.09677082853819297,-1.2051060869209271,-0.015018775662359775,-0.09677082853914051
76.62,76.62,82296.209451447,5.94,365,astribot_arm_left_joint_3,-0.4964415479984519,-0.4920407929258423,-0.004400755072609619,-0.004400755072609619,-0.015796107347560845,-0.04713372486330805,-0.10177942796897232,-0.496441547998452,-0.015796107347570316,-0.10177942796948253
76.62,76.62,82296.209451447,5.94,365,astribot_arm_left_joint_4,0.6548885927202448,0.658008360700541,-0.0031197679802962286,-0.0031197679802962286,-0.011198094595044655,-0.033413879397296994,-0.07215294484610646,0.6548885927202449,-0.0111980945950429,-0.07215294484605372
76.62,76.62,82296.209451447,5.94,365,astribot_arm_left_joint_5,-0.9883487030454945,-0.9862782348867226,-0.0020704681587718765,-0.0020704681587718765,-0.0074316862725665655,-0.022175492601183566,-0.04788475799922787,-0.9883487030454946,-0.007431686272567901,-0.04788475799938014
76.62,76.62,82296.209451447,5.94,365,astribot_arm_left_joint_6,-0.2662774399225984,-0.264861194841215,-0.0014162450813833827,-0.0014162450813833827,-0.005083468762293839,-0.01516851354784164,-0.032754433186663934,-0.26627743992259845,-0.00508346876229552,-0.03275443318676988
76.62,76.62,82296.209451447,5.94,365,astribot_arm_left_joint_7,-1.0237841598754083,-1.0180606697118124,-0.005723490163595857,-0.005723490163595857,-0.020543896483148617,-0.061300715765023356,-0.13237096876573684,-1.0237841598754085,-0.02054389648314274,-0.13237096876533858
76.64,76.64,82296.236613021,5.96,365,astribot_arm_left_joint_1,0.06763021381228371,0.06899992849628486,-0.0013697146840011554,-0.0013697146840011554,-0.008336616992803386,-0.014404596858150131,-0.22116817834528768,0.06763021381228372,-0.008336616992802293,-0.22116817834523322
76.64,76.64,82296.236613021,5.96,365,astribot_arm_left_joint_2,-1.2054662650548962,-1.2017329167323976,-0.0037333483224986086,-0.0037333483224986086,-0.022722456175667732,-0.03926175212024532,-0.6028205738887671,-1.2054662650548966,-0.02272245617570986,-0.6028205738912212
76.64,76.64,82296.236613021,5.96,365,astribot_arm_left_joint_3,-0.4968203679899301,-0.4928938052581367,-0.003926562731793426,-0.003926562731793426,-0.023898509773411125,-0.04129368278102981,-0.6340209555401177,-0.49682036798993046,-0.023898509773434398,-0.6340209555410254
76.64,76.64,82296.236613021,5.96,365,astribot_arm_left_joint_4,0.6546200416142204,0.657403646191882,-0.0027836045776615803,-0.0027836045776615803,-0.016942007751339458,-0.029273771186713874,-0.4494668514949529,0.6546200416142206,-0.016942007751337057,-0.4494668514949705
76.64,76.64,82296.236613021,5.96,365,astribot_arm_left_joint_5,-0.9885269286847927,-0.986679560234454,-0.0018473684503387267,-0.0018473684503387267,-0.011243670551863892,-0.019427853157400206,-0.2982915175321774,-0.9885269286847929,-0.011243670551870793,-0.2982915175326215
76.64,76.64,82296.236613021,5.96,365,astribot_arm_left_joint_6,-0.26639935094477873,-0.2651357101106278,-0.0012636408341509253,-0.0012636408341509253,-0.007690966212462201,-0.013289076140957836,-0.204039238985402,-0.2663993509447788,-0.0076909662124669265,-0.20403923898561194
76.64,76.64,82296.236613021,5.96,365,astribot_arm_left_joint_7,-1.0242768406681784,-1.0191700719444767,-0.005106768723701638,-0.005106768723701638,-0.031081613975146485,-0.0537053216282546,-0.82458675369785,-1.024276840668178,-0.031081613975128104,-0.8245867536969969
76.67,76.67,82296.327552549,5.99,366,astribot_arm_left_joint_1,0.06728376716535112,0.06859906085196806,-0.001315293686616939,-0.001315293686616939,-0.014734268824556062,-0.013113770426183865,-0.26835509566465915,0.0672837671653511,-0.014734268824555953,-0.26835509566461857
76.67,76.67,82296.327552549,5.99,366,astribot_arm_left_joint_2,-1.2064105472210256,-1.202825536828589,-0.0035850103924366383,-0.0035850103924366383,-0.040160028694635155,-0.03574337181883395,-0.7314342143860204,-1.2064105472210258,-0.040160028694637424,-0.7314342143863464
76.67,76.67,82296.327552549,5.99,366,astribot_arm_left_joint_3,-0.49781352367704457,-0.49404297272611697,-0.003770550950927598,-0.003770550950927598,-0.042238604437756656,-0.03759324189417593,-0.7692912943020384,-0.49781352367704457,-0.042238604437755845,-0.7692912943018168
76.67,76.67,82296.327552549,5.99,366,astribot_arm_left_joint_4,0.6539159788291814,0.6565889826971301,-0.0026730038679486645,-0.0026730038679486645,-0.02994357265680447,-0.026650455512667426,-0.5453619993324025,0.6539159788291814,-0.02994357265680338,-0.5453619993321313
76.67,76.67,82296.327552549,5.99,366,astribot_arm_left_joint_5,-0.9889941844031824,-0.9872202199798523,-0.00177396442333011,-0.00177396442333011,-0.019872241297524778,-0.017686837939251316,-0.36193293864577303,-0.9889941844031824,-0.019872241297524334,-0.36193293864571774
76.67,76.67,82296.327552549,5.99,366,astribot_arm_left_joint_6,-0.2667189661386017,-0.26550553348832,-0.0012134326502816761,-0.0012134326502816761,-0.013593135416068469,-0.012098199301841688,-0.24757164392724068,-0.2667189661386017,-0.013593135416068174,-0.2475716439271807
76.67,76.67,82296.327552549,5.99,366,astribot_arm_left_joint_7,-1.0255685062145543,-1.0206646441743734,-0.004903862040180895,-0.004903862040180895,-0.05493413649757779,-0.048892617932266,-1.0005148969785578,-1.0255685062145543,-0.05493413649758025,-1.0005148969791091
76.69,76.69,82296.348772238,6.01,366,astribot_arm_left_joint_1,0.0669454230862239,0.06833315444668761,-0.0013877313604637037,-0.0013877313604637037,-0.0183204013632853,-0.013437703712691828,-0.05815408238095299,0.06694542308622393,-0.01832040136328341,-0.05815408238080538
76.69,76.69,82296.348772238,6.01,366,astribot_arm_left_joint_2,-1.2073327448602977,-1.2035503003843124,-0.0037824444759853026,-0.0037824444759853026,-0.04993446591802819,-0.03662625174229732,-0.15850597304587266,-1.2073327448602977,-0.04993446591802019,-0.15850597304343172
76.69,76.69,82296.348772238,6.01,366,astribot_arm_left_joint_3,-0.49878345180122086,-0.4948052462027881,-0.00397820559843276,-0.00397820559843276,-0.05251894040613276,-0.03852183847105897,-0.16670981854489186,-0.49878345180122075,-0.05251894040612291,-0.1667098185442375
76.69,76.69,82296.348772238,6.01,366,astribot_arm_left_joint_4,0.6532283824077382,0.6560485948912542,-0.002820212483516049,-0.002820212483516049,-0.037231455178099615,-0.027308742039093656,-0.11818306098639009,0.6532283824077384,-0.037231455178082726,-0.11818306098482981
76.69,76.69,82296.348772238,6.01,366,astribot_arm_left_joint_5,-0.9894505121152709,-0.9875788533821442,-0.0018716587331266687,-0.0018716587331266687,-0.02470889060689538,-0.01812369597006804,-0.07843293557683162,-0.9894505121152709,-0.024708890606903518,-0.07843293557814601
76.69,76.69,82296.348772238,6.01,366,astribot_arm_left_joint_6,-0.26703110628885707,-0.26575084708927016,-0.0012802591995869084,-0.0012802591995869084,-0.016901530681510568,-0.012397033604909225,-0.053650189650714886,-0.2670311062888571,-0.016901530681508833,-0.05365018965060432
76.69,76.69,82296.348772238,6.01,366,astribot_arm_left_joint_7,-1.0268299627582915,-1.0216560334138018,-0.0051739293444896806,-0.0051739293444896806,-0.06830440255734144,-0.050100303533832796,-0.2168172942543194,-1.0268299627582917,-0.06830440255737717,-0.21681729425719168
76.71,76.71,82296.368720508,6.03,367,astribot_arm_left_joint_1,0.06656655496035734,0.06805096202442425,-0.0014844070640669116,-0.0014844070640669116,-0.02037844418856074,-0.014341928676581262,-0.24807715060469449,0.06656655496035734,-0.02037844418856074,-0.2480771506047036
76.71,76.71,82296.368720508,6.03,367,astribot_arm_left_joint_2,-1.2083653956818254,-1.2043194527726984,-0.004045942909127076,-0.004045942909127076,-0.05554391012607468,-0.039090794174081574,-0.676164226768716,-1.2083653956818254,-0.05554391012607556,-0.6761642267689297
76.71,76.71,82296.368720508,6.03,367,astribot_arm_left_joint_3,-0.49986954986914006,-0.4956142063210372,-0.004255343548102863,-0.004255343548102863,-0.058418714453137996,-0.04111395616289901,-0.7111606798552131,-0.49986954986914006,-0.05841871445313728,-0.7111606798549713
76.71,76.71,82296.368720508,6.03,367,astribot_arm_left_joint_4,0.6524584313915517,0.6554751103931022,-0.0030166790015505596,-0.0030166790015505596,-0.041413892433928894,-0.029146325112802934,-0.5041523452616955,0.6524584313915517,-0.041413892433930864,-0.5041523452622746
76.71,76.71,82296.368720508,6.03,367,astribot_arm_left_joint_5,-0.989961494974808,-0.987959451305979,-0.0020020436688290566,-0.0020020436688290566,-0.027484591533197107,-0.019343205026911,-0.3345838911948148,-0.989961494974808,-0.027484591533195133,-0.33458389119403725
76.71,76.71,82296.368720508,6.03,367,astribot_arm_left_joint_6,-0.2673806319966516,-0.26601118520427103,-0.0013694467923805465,-0.0013694467923805465,-0.018800183078120956,-0.013231219516708043,-0.22886417656373745,-0.2673806319966516,-0.018800183078121813,-0.22886417656391472
76.71,76.71,82296.368720508,6.03,367,astribot_arm_left_joint_7,-1.0282425061012133,-1.022708141478239,-0.005534364622974186,-0.005534364622974186,-0.0759774541914907,-0.05347151299038696,-0.9249121361599812,-1.0282425061012133,-0.07597745419148567,-0.9249121361583806
76.73,76.73,82296.389449133,6.05,367,astribot_arm_left_joint_1,0.06612924903756398,0.0677474665955036,-0.0016182175579396163,-0.0016182175579396163,-0.02196305969857148,-0.015505472308363261,0.10730279325749392,0.06612924903756395,-0.021963059698574632,0.10730279325712326
76.73,76.73,82296.389449133,6.05,367,astribot_arm_left_joint_2,-1.2095573257746473,-1.2051466685326817,-0.004410657241965543,-0.004410657241965543,-0.059862971024835364,-0.04226214700285995,0.2924667187455605,-1.2095573257746468,-0.059862971024846647,0.2924667187442232
76.73,76.73,82296.389449133,6.05,367,astribot_arm_left_joint_3,-0.5011231710777049,-0.4964842353087168,-0.004638935768988051,-0.004638935768988051,-0.06296131839980204,-0.04444946361395938,0.30760401438315466,-0.5011231710777047,-0.0629613183997865,0.30760401438440493
76.73,76.73,82296.389449133,6.05,367,astribot_arm_left_joint_4,0.6515697207382896,0.6548583333978589,-0.0032886126595693677,-0.0032886126595693677,-0.04463421169251941,-0.03151090964250076,0.21806504445070019,0.6515697207382894,-0.04463421169253709,0.218065044450514
76.73,76.73,82296.389449133,6.05,367,astribot_arm_left_joint_5,-0.9905512934182918,-0.9883687803201061,-0.0021825130981857344,-0.0021825130981857344,-0.02962177676817101,-0.020912464699506333,0.1447202453525971,-0.9905512934182913,-0.029621776768088758,0.14472024536095665
76.73,76.73,82296.389449133,6.05,367,astribot_arm_left_joint_6,-0.26778406963563867,-0.2662911763054639,-0.0014928933301747715,-0.0014928933301747715,-0.02026207395758877,-0.014304642207837042,0.09899245199054918,-0.2677840696356386,-0.0202620739575749,0.09899245199301857
76.73,76.73,82296.389449133,6.05,367,astribot_arm_left_joint_7,-1.0298729245183051,-1.0238396734726254,-0.006033251045679755,-0.006033251045679755,-0.08188541513349401,-0.05780955319970635,0.4000596406556305,-1.0298729245183043,-0.08188541513340834,0.4000596406615704
76.75,76.75,82296.411534767,6.07,368,astribot_arm_left_joint_1,0.0656936137555714,0.06741844758770375,-0.001724833832132358,-0.001724833832132358,-0.022408185227598267,-0.01671972525836767,-0.028597390412825274,0.0656936137555714,-0.0224081852275985,-0.028597390412902147
76.75,76.75,82296.411534767,6.07,368,astribot_arm_left_joint_2,-1.2107447023342537,-1.206043451446993,-0.0047012508872605885,-0.0047012508872605885,-0.06107621439860958,-0.045571719107542846,-0.07794564041748847,-1.2107447023342537,-0.0610762143985953,-0.0779456404150542
76.75,76.75,82296.411534767,6.07,368,astribot_arm_left_joint_3,-0.5023720030743456,-0.497427432297977,-0.0049445707763686175,-0.0049445707763686175,-0.06423735600772258,-0.047930341565019,-0.08197989842486991,-0.5023720030743456,-0.06423735600772511,-0.08197989842498792
76.75,76.75,82296.411534767,6.07,368,astribot_arm_left_joint_4,0.6506844052283355,0.6541896866268484,-0.003505281398512916,-0.003505281398512916,-0.045538813663525524,-0.03397855063933184,-0.05811676492575635,0.6506844052283355,-0.04553881366352244,-0.05811676492534662
76.75,76.75,82296.411534767,6.07,368,astribot_arm_left_joint_5,-0.9911388386534538,-0.9888125328370722,-0.002326305816381602,-0.002326305816381602,-0.030222121585044368,-0.02255012068989689,-0.038569558457743264,-0.9911388386534538,-0.030222121585044167,-0.0385695584579991
76.75,76.75,82296.411534767,6.07,368,astribot_arm_left_joint_6,-0.2681859660209057,-0.2665947141212735,-0.0015912518996322178,-0.0015912518996322178,-0.020672725593246937,-0.015424848291464512,-0.026382591838497477,-0.26818596602090566,-0.020672725593242663,-0.026382591837948693
76.75,76.75,82296.411534767,6.07,368,astribot_arm_left_joint_7,-1.0314971142442482,-1.0250663651727348,-0.00643074907151342,-0.00643074907151342,-0.08354498758051057,-0.06233665954490843,-0.10662035334414055,-1.0314971142442482,-0.08354498758053815,-0.10662035334896668
76.77,76.77,82296.437137606,6.09,368,astribot_arm_left_joint_1,0.06526987217513809,0.06706859517051518,-0.001798722995377089,-0.001798722995377089,-0.01910040668767598,-0.01773690345461717,0.16742891499877466,0.06526987217513806,-0.019100406687682092,0.16742891499823603
76.77,76.77,82296.437137606,6.09,368,astribot_arm_left_joint_2,-1.2118996611742179,-1.2069970179762728,-0.004902643197945089,-0.004902643197945089,-0.05206046460750793,-0.0483441441512585,0.45634772315997196,-1.2118996611742165,-0.05206046460738639,0.4563477231689252
76.77,76.77,82296.437137606,6.09,368,astribot_arm_left_joint_3,-0.5035867394968226,-0.49843035206256897,-0.005156387434253673,-0.005156387434253673,-0.05475497510520266,-0.05084626902289624,0.4799670615596039,-0.5035867394968224,-0.054754975105158324,0.4799670615666332
76.77,76.77,82296.437137606,6.09,368,astribot_arm_left_joint_4,0.6498232605761984,0.6534787015802989,-0.0036554410041004237,-0.0036554410041004237,-0.03881661331398704,-0.036045690803364824,0.3402557629980887,0.6498232605761985,-0.038816613313985567,0.3402557629968289
76.77,76.77,82296.437137606,6.09,368,astribot_arm_left_joint_5,-0.9917103427460171,-0.9892843832548255,-0.0024259594911916205,-0.0024259594911916205,-0.025760890825148958,-0.023921983586598364,0.22581288822193057,-0.9917103427460173,-0.02576089082519524,0.22581288821627146
76.77,76.77,82296.437137606,6.09,368,astribot_arm_left_joint_6,-0.26857688984297234,-0.26691747174819513,-0.0016594180947772097,-0.0016594180947772097,-0.017621126484073497,-0.01636324370805338,0.1544619513350569,-0.26857688984297207,-0.01762112648406078,0.15446195133511584
76.77,76.77,82296.437137606,6.09,368,astribot_arm_left_joint_7,-1.0330769603904237,-1.026370730195668,-0.006706230194755802,-0.006706230194755802,-0.07121251557376859,-0.0661290115692724,0.6242293377384414,-1.0330769603904262,-0.07121251557401295,0.6242293377206487
76.79,76.79,82296.459056013,6.11,369,astribot_arm_left_joint_1,0.06490032755173422,0.06670815706246667,-0.0018078295107324532,-0.0018078295107324532,-0.017872407576988637,-0.018056580904355045,0.12723536571592292,0.06490032755173422,-0.017872407576988034,0.1272353657160134
76.79,76.79,82296.459056013,6.11,369,astribot_arm_left_joint_2,-1.2129068996640635,-1.207979436794261,-0.004927462869802612,-0.004927462869802612,-0.04871340476276689,-0.049215449914142194,0.34679535163664976,-1.2129068996640635,-0.04871340476276625,0.34679535163719805
76.79,76.79,82296.459056013,6.11,369,astribot_arm_left_joint_3,-0.504646109958697,-0.49946361758897667,-0.005182492369720293,-0.005182492369720293,-0.051234680389195465,-0.05176267861717305,0.3647445521037862,-0.5046461099586971,-0.05123468038920372,0.3647445521026398
76.79,76.79,82296.459056013,6.11,369,astribot_arm_left_joint_4,0.6490722571560368,0.6527462040423433,-0.0036739468863065117,-0.0036739468863065117,-0.03632102421951853,-0.036695343886197995,0.25857281845430385,0.6490722571560368,-0.036321024219516024,0.25857281845454266
76.79,76.79,82296.459056013,6.11,369,astribot_arm_left_joint_5,-0.9922087509136657,-0.9897705104411135,-0.0024382404725521445,-0.0024382404725521445,-0.02410467734549172,-0.024353123691437977,0.17160348566917044,-0.9922087509136657,-0.02410467734548885,0.17160348566964204
76.79,76.79,82296.459056013,6.11,369,astribot_arm_left_joint_6,-0.26891781413097177,-0.26724999514786413,-0.0016678189831076384,-0.0016678189831076384,-0.016488232928138422,-0.016658159031415362,0.11738129502679637,-0.2689178141309718,-0.016488232928143616,0.1173812950262402
76.79,76.79,82296.459056013,6.11,369,astribot_arm_left_joint_7,-1.034454742690026,-1.0277145617944798,-0.006740180895546066,-0.006740180895546066,-0.066634136316199,-0.06732085792611163,0.4743747403250772,-1.0344547426900257,-0.0666341363161793,0.47437474032727744
76.81,76.81,82296.482058861,6.13,369,astribot_arm_left_joint_1,0.06458704252926606,0.0663477016066759,-0.0017606590774098402,-0.0017606590774098402,-0.012932240569795285,-0.017967250523054194,0.2570903565902172,0.06458704252926613,-0.012932240569791519,0.257090356590441
76.81,76.81,82296.482058861,6.13,369,astribot_arm_left_joint_2,-1.213760795818785,-1.2089619026608838,-0.004798893157901274,-0.004798893157901274,-0.03524838310971429,-0.048971958058550466,0.700730807931091,-1.2137607958187848,-0.03524838310966402,0.7007308079364587
76.81,76.81,82296.482058861,6.13,369,astribot_arm_left_joint_3,-0.5055442014960417,-0.5004969327252641,-0.0050472687707776576,-0.0050472687707776576,-0.037072745205382306,-0.05150659024611208,0.7369987616053351,-0.5055442014960423,-0.03707274520544617,0.7369987616003867
76.81,76.81,82296.482058861,6.13,369,astribot_arm_left_joint_4,0.6484355867556074,0.6520136713909698,-0.003578084635362355,-0.003578084635362355,-0.026281418489629817,-0.036513796404886535,0.5224693443292372,0.6484355867556075,-0.026281418489626663,0.5224693443288105
76.81,76.81,82296.482058861,6.13,369,astribot_arm_left_joint_5,-0.9926312812499533,-0.9902566608234109,-0.002374620426542351,-0.002374620426542351,-0.017441829532307267,-0.024232633478516764,0.3467400834210759,-0.9926312812499529,-0.017441829532269047,0.3467400834249697
76.81,76.81,82296.482058861,6.13,369,astribot_arm_left_joint_6,-0.2692068359877696,-0.2675825344853219,-0.0016243015024477447,-0.0016243015024477447,-0.011930669881974297,-0.016575743927010833,0.23717933159250526,-0.26920683598776995,-0.011930669881995285,0.237179331591578
76.81,76.81,82296.482058861,6.13,369,astribot_arm_left_joint_7,-1.0356227709370907,-1.0290584578158577,-0.006564313121232956,-0.006564313121232956,-0.048215590277389836,-0.06698779317568658,0.9585162934967233,-1.0356227709370895,-0.04821559027730677,0.9585162935005523
76.84,76.84,82296.515245903,6.16,370,astribot_arm_left_joint_1,0.06428909566238661,0.0658377547634493,-0.0015486591010626938,-0.0015486591010626938,-0.006628195540593783,-0.016345316702737707,0.21283060284669703,0.06428909566238661,-0.006628195540593859,0.2128306028466911
76.84,76.84,82296.515245903,6.16,370,astribot_arm_left_joint_2,-1.2145822007768399,-1.2103520856861214,-0.004230115090718467,-0.004230115090718467,-0.018977201846645995,-0.04457600463737118,0.5374034609802472,-1.2145822007768399,-0.018977201846644157,0.5374034609803943
76.84,76.84,82296.515245903,6.16,370,astribot_arm_left_joint_3,-0.506403941268885,-0.5019589505634403,-0.004444990705444685,-0.004444990705444685,-0.019550593723244632,-0.046871978770901546,0.5843710162160883,-0.506403941268885,-0.019550593723243675,0.5843710162161754
76.84,76.84,82296.515245903,6.16,370,astribot_arm_left_joint_4,0.6478243353745847,0.6509771755898306,-0.0031528402152458668,-0.0031528402152458668,-0.014032775831197128,-0.03323296555547836,0.40616097919559346,0.6478243353745847,-0.014032775831198436,0.4061609791955001
76.84,76.84,82296.515245903,6.16,370,astribot_arm_left_joint_5,-0.9930404008652044,-0.9909446349517789,-0.002095765913425529,-0.002095765913425529,-0.009651307554967263,-0.022064505536903513,0.253698887244261,-0.9930404008652044,-0.009651307554970786,0.25369888724396955
76.84,76.84,82296.515245903,6.16,370,astribot_arm_left_joint_6,-0.2694841640048886,-0.2680530561200681,-0.0014311078848205372,-0.0014311078848205372,-0.00635516554590978,-0.015085970806996796,0.18508903528338425,-0.2694841640048886,-0.006355165545909974,0.185089035283364
76.84,76.84,82296.515245903,6.16,370,astribot_arm_left_joint_7,-1.0367428267729215,-1.0309599637588842,-0.005782863014037298,-0.005782863014037298,-0.025613380767513173,-0.06096524850824321,0.7512751213234566,-1.0367428267729215,-0.02561338076751365,0.751275121323451
76.86,76.86,82296.538963622,6.18,370,astribot_arm_left_joint_1,0.06418918265523461,0.06553783738877297,-0.0013486547335383597,-0.0013486547335383597,-0.003971262923150649,-0.014505146498918745,0.0332420648012261,0.06418918265523463,-0.003971262923150956,0.033242064801214076
76.86,76.86,82296.538963622,6.18,370,astribot_arm_left_joint_2,-1.2148782736420942,-1.2111723607464817,-0.0037059128956125065,-0.0037059128956125065,-0.012093368874633838,-0.039726355220485156,0.10523041611015116,-1.214878273642094,-0.012093368874628476,0.10523041611035276
76.86,76.86,82296.538963622,6.18,370,astribot_arm_left_joint_3,-0.5067046840220141,-0.5028204183479373,-0.0038842656740767367,-0.0038842656740767367,-0.012149880929180583,-0.0416968716890604,0.10411555853475929,-0.506704684022014,-0.012149880929176994,0.1041155585349554
76.86,76.86,82296.538963622,6.18,370,astribot_arm_left_joint_4,0.6476066240554104,0.6503659338246872,-0.002759309769276852,-0.002759309769276852,-0.008854286032309741,-0.029595774487911314,0.07658674770440477,0.6476066240554104,-0.008854286032313318,0.07658674770429336
76.86,76.86,82296.538963622,6.18,370,astribot_arm_left_joint_5,-0.9931937044315704,-0.9913513343750996,-0.00184237005647081,-0.00184237005647081,-0.006347486942824244,-0.01971228317076752,0.05625789333894882,-0.9931937044315704,-0.006347486942836523,0.056257893338359614
76.86,76.86,82296.538963622,6.18,370,astribot_arm_left_joint_6,-0.2695826015697601,-0.26833048772604806,-0.0012521138437120438,-0.0012521138437120438,-0.003998403225395165,-0.013432081762373732,0.03452435876800214,-0.2695826015697601,-0.00399840322539617,0.03452435876794295
76.86,76.86,82296.538963622,6.18,370,astribot_arm_left_joint_7,-1.0371388237986456,-1.0320809364883825,-0.005057887310263132,-0.005057887310263132,-0.016061527393876618,-0.05426864280575309,0.13840285991058066,-1.0371388237986456,-0.016061527393876122,0.13840285991073192
76.88,76.88,82296.559904071,6.2,370,astribot_arm_left_joint_1,0.06410150114170211,0.0652775995983009,-0.001176098456598787,-0.001176098456598787,-0.005511579408747271,-0.012537231753462042,-0.178306442274626,0.0641015011417021,-0.005511579408748061,-0.1783064422746578
76.88,76.88,82296.559904071,6.2,370,astribot_arm_left_joint_2,-1.2151345920110466,-1.2118885005927877,-0.003246091418258823,-0.003246091418258823,-0.015235519230613205,-0.03455485576606171,-0.3970727330159356,-1.2151345920110461,-0.015235519230604923,-0.3970727330158712
76.88,76.88,82296.559904071,6.2,370,astribot_arm_left_joint_3,-0.5069664931484841,-0.5035705593373356,-0.003395933811148444,-0.003395933811148444,-0.015928490732840535,-0.036171442492289034,-0.4575178017945132,-0.506966493148484,-0.015928490732832083,-0.45751780179420626
76.88,76.88,82296.559904071,6.2,370,astribot_arm_left_joint_4,0.6474177319370502,0.6498328504863554,-0.0024151185493052063,-0.0024151185493052063,-0.011332405576533856,-0.025715236266196508,-0.3074524318137233,0.6474177319370502,-0.011332405576539537,-0.30745243181380055
76.88,76.88,82296.559904071,6.2,370,astribot_arm_left_joint_5,-0.9933254995322766,-0.9917076547815813,-0.0016178447506952631,-0.0016178447506952631,-0.007599930156559725,-0.017208340056374404,-0.17102385083892613,-0.993325499532277,-0.007599930156587635,-0.17102385083991203
76.88,76.88,82296.559904071,6.2,370,astribot_arm_left_joint_6,-0.2696680629499915,-0.26857237197066586,-0.0010956909793256586,-0.0010956909793256586,-0.005140902968620775,-0.011667286037212605,-0.14104708376204267,-0.2696680629499915,-0.005140902968623663,-0.1410470837621714
76.88,76.88,82296.559904071,6.2,370,astribot_arm_left_joint_7,-1.03748287173636,-1.0330579433200322,-0.0044249284163278,-0.0044249284163278,-0.020759677561920736,-0.04712181005873589,-0.5768310801269156,-1.0374828717363598,-0.020759677561914644,-0.5768310801264551
76.9,76.9,82296.579702368,6.22,370,astribot_arm_left_joint_1,0.06394714929199527,0.0650476121452432,-0.0011004628532479271,-0.0011004628532479271,-0.010173072467032071,-0.011237760785781847,-0.25028772728493776,0.06394714929199524,-0.010173072467033558,-0.25028772728498794
76.9,76.9,82296.579702368,6.22,370,astribot_arm_left_joint_2,-1.2155384527155864,-1.2125227735845576,-0.0030156791310287367,-0.0030156791310287367,-0.02571892667152567,-0.030966385087000045,-0.5607731535801888,-1.215538452715586,-0.025718926671519236,-0.5607731535805146
76.9,76.9,82296.579702368,6.22,370,astribot_arm_left_joint_3,-0.5073988133040744,-0.5042343342284452,-0.003164479075629223,-0.003164479075629223,-0.027951374681475294,-0.03241815130232129,-0.6442684142009192,-0.507398813304074,-0.027951374681458963,-0.644268414200462
76.9,76.9,82296.579702368,6.22,370,astribot_arm_left_joint_4,0.6471144528523574,0.6493608824254482,-0.002246429573090847,-0.002246429573090847,-0.019433582026298205,-0.023045620725245953,-0.43367141954778443,0.6471144528523571,-0.01943358202630399,-0.4336714195477232
76.9,76.9,82296.579702368,6.22,370,astribot_arm_left_joint_5,-0.9935205181360931,-0.9920236325252965,-0.0014968856107966388,-0.0014968856107966388,-0.012151233531345153,-0.01541932683811251,-0.242724478261382,-0.9935205181360945,-0.01215123353139749,-0.242724478262872
76.9,76.9,82296.579702368,6.22,370,astribot_arm_left_joint_6,-0.2698060187051291,-0.26878650272295834,-0.00101951598217076,-0.00101951598217076,-0.00885539485616408,-0.010456165448247252,-0.19888476833517132,-0.2698060187051292,-0.008855394856170293,-0.1988847683353882
76.9,76.9,82296.579702368,6.22,370,astribot_arm_left_joint_7,-1.0380416853315355,-1.0339227447888848,-0.0041189405426507175,-0.0041189405426507175,-0.03594141568107609,-0.04223086271732651,-0.8130617824828441,-1.038041685331535,-0.03594141568105527,-0.8130617824818268
76.92,76.92,82296.601030713,6.24,371,astribot_arm_left_joint_1,0.06369936676787744,0.06482717970050443,-0.0011278129326269953,-0.0011278129326269953,-0.014822218525164584,-0.011038615994241203,-0.3364662035341105,0.06369936676787742,-0.014822218525164568,-0.3364662035340737
76.92,76.92,82296.601030713,6.24,371,astribot_arm_left_joint_2,-1.2161495014404873,-1.2131240751006576,-0.0030254263398297176,-0.0030254263398297176,-0.03560865624926345,-0.029973360393895056,-0.6816769757700682,-1.2161495014404873,-0.035608656249262745,-0.6816769757698515
76.92,76.92,82296.601030713,6.24,371,astribot_arm_left_joint_3,-0.5080703408628898,-0.5048665393186201,-0.003203801544269691,-0.003203801544269691,-0.03960109817820145,-0.031575718579124556,-0.8225675946203589,-0.5080703408628898,-0.039601098178201365,-0.8225675946202627
76.92,76.92,82296.601030713,6.24,371,astribot_arm_left_joint_4,0.6466506115703311,0.6489126104973314,-0.002261998927000297,-0.002261998927000297,-0.027163856719859852,-0.022362897211201143,-0.5384215346857689,0.6466506115703311,-0.027163856719859485,-0.5384215346856375
76.92,76.92,82296.601030713,6.24,371,astribot_arm_left_joint_5,-0.9938044688252284,-0.9923213116141129,-0.0014831572111155822,-0.0014831572111155822,-0.01624843720863595,-0.01479905274824508,-0.2699172534447324,-0.9938044688252284,-0.016248437208634357,-0.2699172534443205
76.92,76.92,82296.601030713,6.24,371,astribot_arm_left_joint_6,-0.2700176511824325,-0.26898999145061825,-0.0010276597318142344,-0.0010276597318142344,-0.012410811446203707,-0.010153712956144662,-0.2483295857213873,-0.2700176511824325,-0.012410811446203632,-0.24832958572131356
76.92,76.92,82296.601030713,6.24,371,astribot_arm_left_joint_7,-1.0389018879344263,-1.0347450694897977,-0.004156818444628563,-0.004156818444628563,-0.050523203181205276,-0.041043064658072524,-1.0216202245223238,-1.0389018879344263,-0.05052320318120463,-1.0216202245221155
76.94,76.94,82296.620874462,6.26,371,astribot_arm_left_joint_1,0.0633417341872423,0.06459637666374397,-0.0012546424765016717,-0.0012546424765016717,-0.020061240562373076,-0.011802174408502312,-0.1021673978064832,0.0633417341872423,-0.020061240562372556,-0.10216739780650444
76.94,76.94,82296.620874462,6.26,371,astribot_arm_left_joint_2,-1.216987613454308,-1.213737967667815,-0.003249645786493005,-0.003249645786493005,-0.04657139751428478,-0.031134993412940622,-0.2492355888448552,-1.2169876134543078,-0.046571397514279106,-0.24923558884457106
76.94,76.94,82296.620874462,6.26,371,astribot_arm_left_joint_3,-0.5090131407177361,-0.5055190195523206,-0.003494121165415476,-0.003494121165415476,-0.05261928259116168,-0.0332100082581486,-0.27525064031384283,-0.5090131407177361,-0.0526192825911604,-0.27525064031391255
76.94,76.94,82296.620874462,6.26,371,astribot_arm_left_joint_4,0.6460082017226726,0.6484529423470337,-0.0024447406243610637,-0.0024447406243610637,-0.035762688006614585,-0.023346825892673957,-0.18957698714885018,0.6460082017226726,-0.0357626880066114,-0.18957698714872184
76.94,76.94,82296.620874462,6.26,371,astribot_arm_left_joint_5,-0.9941800640348554,-0.9926207333373377,-0.0015593306975176802,-0.0015593306975176802,-0.020723494401188928,-0.015110600186771383,-0.11495879794925312,-0.9941800640348553,-0.020723494401175102,-0.11495879794864718
76.94,76.94,82296.620874462,6.26,371,astribot_arm_left_joint_6,-0.270311547593933,-0.26919891385929734,-0.0011126337346356596,-0.0011126337346356596,-0.016369395843833092,-0.01061564356130187,-0.08654546164360877,-0.27031154759393294,-0.01636939584382458,-0.08654546164271379
76.94,76.94,82296.620874462,6.26,371,astribot_arm_left_joint_7,-1.040100089907568,-1.0355905548225541,-0.004509535085013949,-0.004509535085013949,-0.06677530543649014,-0.04298034882114371,-0.3519980559552436,-1.040100089907568,-0.0667753054364983,-0.35199805595705735
76.97,76.97,82296.654676843,6.29,372,astribot_arm_left_joint_1,0.06270777954971617,0.06419695627923819,-0.001489176729522021,-0.001489176729522021,-0.023243027712413798,-0.014069329395585126,-0.17746083678134966,0.06270777954971618,-0.023243027712413933,-0.17746083678127908
76.97,76.97,82296.654676843,6.29,372,astribot_arm_left_joint_2,-1.218473570291707,-1.2147574260805516,-0.0037161442111555143,-0.0037161442111555143,-0.05467627167662882,-0.03546347810963887,-0.41745408747139057,-1.218473570291707,-0.054676271676643004,-0.4174540874737402
76.97,76.97,82296.654676843,6.29,372,astribot_arm_left_joint_3,-0.5106845589231025,-0.5066222921875595,-0.0040622667355429964,-0.0040622667355429964,-0.06139822859320049,-0.03859290472255012,-0.4687763211334889,-0.5106845589231025,-0.06139822859320432,-0.4687763211339547
76.97,76.97,82296.654676843,6.29,372,astribot_arm_left_joint_4,0.6448692634682857,0.6476839607471666,-0.002814697278880951,-0.002814697278880951,-0.041878435916331246,-0.026811304493816846,-0.31974243513984557,0.6448692634682855,-0.04187843591633465,-0.31974243514052175
76.97,76.97,82296.654676843,6.29,372,astribot_arm_left_joint_5,-0.9948460818548299,-0.9931053737716448,-0.0017407080831851607,-0.0017407080831851607,-0.024571535817052438,-0.016722539241374308,-0.1876040144632559,-0.9948460818548299,-0.024571535817047845,-0.18760401446184474
76.97,76.97,82296.654676843,6.29,372,astribot_arm_left_joint_6,-0.27083259570587703,-0.2695491486654481,-0.001283447040428931,-0.001283447040428931,-0.019155113089097415,-0.012219105240284293,-0.14624955231704154,-0.27083259570587703,-0.019155113089095753,-0.14624955231692569
76.97,76.97,82296.654676843,6.29,372,astribot_arm_left_joint_7,-1.042224354338184,-1.0370112684196187,-0.005213085918565286,-0.005213085918565286,-0.07807675860227895,-0.04960230431706336,-0.5961171275155394,-1.042224354338184,-0.07807675860229116,-0.5961171275171696
76.99,76.99,82296.676803805,6.31,372,astribot_arm_left_joint_1,0.06221715474838764,0.0638900117191385,-0.001672856970750855,-0.001672856970750855,-0.025505503714613267,-0.015802688780399896,-0.10536529945789652,0.06221715474838774,-0.025505503714602452,-0.10536529945671466
76.99,76.99,82296.676803805,6.31,372,astribot_arm_left_joint_2,-1.2196277028453753,-1.2155199527432816,-0.0041077501020936324,-0.0041077501020936324,-0.0599984592197419,-0.03909122425861701,-0.24785848941353894,-1.2196277028453761,-0.05999845921985564,-0.24785848942178604
76.99,76.99,82296.676803805,6.31,372,astribot_arm_left_joint_3,-0.5119805817166118,-0.5074575232852336,-0.004523058431378124,-0.004523058431378124,-0.06737473133147343,-0.042900442758268,-0.27833046631887326,-0.5119805817166119,-0.06737473133147527,-0.2783304663176504
76.99,76.99,82296.676803805,6.31,372,astribot_arm_left_joint_4,0.6439852736733408,0.6471059241753626,-0.0031206505020218156,-0.0031206505020218156,-0.04595488230021981,-0.029656684527302885,-0.1898433369181689,0.6439852736733405,-0.045954882300263795,-0.18984333692214955
76.99,76.99,82296.676803805,6.31,372,astribot_arm_left_joint_5,-0.995364749432383,-0.9934614811213044,-0.0019032683110785653,-0.0019032683110785653,-0.026963328780244683,-0.01820365411058494,-0.11138769276583227,-0.995364749432382,-0.026963328780115117,-0.11138769275259927
76.99,76.99,82296.676803805,6.31,372,astribot_arm_left_joint_6,-0.27123693087554784,-0.26981278336408065,-0.0014241475114671887,-0.0014241475114671887,-0.021019671537298036,-0.013528999470044599,-0.08683396378802166,-0.27123693087554784,-0.02101967153731239,-0.08683396379050856
76.99,76.99,82296.676803805,6.31,372,astribot_arm_left_joint_7,-1.0438724354165863,-1.03808237758536,-0.005790057831226214,-0.005790057831226214,-0.08567674922536836,-0.0549800573782709,-0.35393758303104805,-1.0438724354165867,-0.0856767492253775,-0.3539375830265031
77.01,77.01,82296.698097752,6.33,373,astribot_arm_left_joint_1,0.0616787248410415,0.06354598512276312,-0.0018672602817216208,-0.0018672602817216208,-0.02830490913120923,-0.017674089997078375,-0.11396835216440049,0.06167872484104151,-0.02830490913120697,-0.11396835216421854
77.01,77.01,82296.698097752,6.33,373,astribot_arm_left_joint_2,-1.2208942908414475,-1.216362019262709,-0.004532271578738589,-0.004532271578738589,-0.06658370503998046,-0.043129151019320966,-0.2680960786362526,-1.2208942908414473,-0.0665837050400285,-0.26809607864253504
77.01,77.01,82296.698097752,6.33,373,astribot_arm_left_joint_3,-0.5134028853399475,-0.5083860708123837,-0.005016814527563751,-0.005016814527563751,-0.07476957402668546,-0.04762416875065508,-0.30105608551306934,-0.5134028853399476,-0.07476957402668401,-0.30105608551314056
77.01,77.01,82296.698097752,6.33,373,astribot_arm_left_joint_4,0.6430151503895228,0.6464658236192748,-0.0034506732297520104,-0.0034506732297520104,-0.050998748434807,-0.03280355072485489,-0.2053440021501662,0.6430151503895228,-0.05099874843481374,-0.2053440021522769
77.01,77.01,82296.698097752,6.33,373,astribot_arm_left_joint_5,-0.9959339545254975,-0.9938507824670737,-0.002083172058423788,-0.002083172058423788,-0.029922740579302495,-0.019897451442832156,-0.12048247250292823,-0.9959339545254974,-0.02992274057928147,-0.12048247250151017
77.01,77.01,82296.698097752,6.33,373,astribot_arm_left_joint_6,-0.27168066333129237,-0.27010495003997487,-0.0015757132913175043,-0.0015757132913175043,-0.023326725850566915,-0.01497519248571986,-0.09392393715900378,-0.27168066333129254,-0.023326725850580408,-0.09392393716054408
77.01,77.01,82296.698097752,6.33,373,astribot_arm_left_joint_7,-1.0456811008977058,-1.0392704437296443,-0.006410657168061551,-0.006410657168061551,-0.09508036495254225,-0.060906036105625894,-0.38283650608864195,-1.0456811008977054,-0.09508036495249811,-0.38283650608334735
77.03,77.03,82296.719271633,6.35,374,astribot_arm_left_joint_1,0.06108969165678029,0.0631623698532754,-0.0020726781964951133,-0.0020726781964951133,-0.03081696074820382,-0.019688924200063945,-0.14674105974322216,0.0610896916567803,-0.030816960748205037,-0.1467410597434738
77.03,77.03,82296.719271633,6.35,374,astribot_arm_left_joint_2,-1.2222799166216909,-1.2172909834596035,-0.004988933162087372,-0.004988933162087372,-0.0724929875300911,-0.047573703999869064,-0.34518971228462814,-1.2222799166216909,-0.07249298753008884,-0.34518971228425893
77.03,77.03,82296.719271633,6.35,374,astribot_arm_left_joint_3,-0.5149588613747279,-0.5094154375741755,-0.005543423800552394,-0.005543423800552394,-0.08140534976669325,-0.052768531256293,-0.38762768954166343,-0.5149588613747278,-0.08140534976669817,-0.38762768954292093
77.03,77.03,82296.719271633,6.35,374,astribot_arm_left_joint_4,0.6419538519750093,0.6457582403891073,-0.0038043884140980255,-0.0038043884140980255,-0.05552487101931229,-0.03625159085606057,-0.2643926661734443,0.6419538519750093,-0.05552487101930499,-0.26439266617085516
77.03,77.03,82296.719271633,6.35,374,astribot_arm_left_joint_5,-0.9965566552408938,-0.9942770691524915,-0.0022795860884022856,-0.0022795860884022856,-0.032578374218957526,-0.021796947934447582,-0.15512837870552806,-0.9965566552408938,-0.03257837421897212,-0.15512837870911103
77.03,77.03,82296.719271633,6.35,374,astribot_arm_left_joint_6,-0.27216609911002837,-0.2704280998244662,-0.001737999285562175,-0.001737999285562175,-0.025396965296344387,-0.01655784554680974,-0.12093267834953775,-0.27216609911002837,-0.02539696529634275,-0.12093267834880177
77.03,77.03,82296.719271633,6.35,374,astribot_arm_left_joint_7,-1.0476597502503344,-1.0405853323550813,-0.007074417895253093,-0.007074417895253093,-0.10351871687994584,-0.06738229085227525,-0.4929248650571184,-1.0476597502503344,-0.1035187168799378,-0.4929248650555168
77.05,77.05,82296.744910168,6.37,375,astribot_arm_left_joint_1,0.06044994533992112,0.06273709757268446,-0.002287152232763344,-0.002287152232763344,-0.033067695057215275,-0.021800446163881427,-0.12529243637624726,0.06044994533992112,-0.03306769505721512,-0.12529243637614743
77.05,77.05,82296.744910168,6.37,375,astribot_arm_left_joint_2,-1.2237848386076524,-1.2183128944699255,-0.005471944137726892,-0.005471944137726892,-0.07778755423086722,-0.05230176950956761,-0.29473454900584367,-1.2237848386076524,-0.0777875542308665,-0.29473454900538887
77.05,77.05,82296.744910168,6.37,375,astribot_arm_left_joint_3,-0.5166488000131092,-0.5105518011227128,-0.006096998890396388,-0.006096998890396388,-0.08735083592783494,-0.058202117203734104,-0.3309695167427083,-0.5166488000131092,-0.08735083592783474,-0.3309695167425635
77.05,77.05,82296.744910168,6.37,375,astribot_arm_left_joint_4,0.6408011804958548,0.6449787169473126,-0.004177536451457797,-0.004177536451457797,-0.05958016165057452,-0.0399084601757346,-0.2257473222723173,0.6408011804958548,-0.05958016165057411,-0.2257473222720565
77.05,77.05,82296.744910168,6.37,375,astribot_arm_left_joint_5,-0.997232967713306,-0.9947434522977883,-0.0024895154155177845,-0.0024895154155177845,-0.034957754365689916,-0.0238424536227046,-0.13245381049940252,-0.997232967713306,-0.03495775436568806,-0.13245381049791932
77.05,77.05,82296.744910168,6.37,375,astribot_arm_left_joint_6,-0.2726933287463474,-0.2707842494194166,-0.001909079326930796,-0.001909079326930796,-0.027251847145474007,-0.018234966650146463,-0.10325637510297893,-0.2726933287463474,-0.027251847145473466,-0.10325637510261619
77.05,77.05,82296.744910168,6.37,375,astribot_arm_left_joint_7,-1.049808752495917,-1.0420351620392472,-0.00777359045666981,-0.00777359045666981,-0.11107926542365294,-0.07423878945298376,-0.42087577533571735,-1.049808752495917,-0.11107926542365497,-0.4208757753372812
77.07,77.07,82296.780060148,6.39,375,astribot_arm_left_joint_1,0.05976392745988858,0.06226883827454281,-0.002504910814654232,-0.002504910814654232,-0.03547885839846327,-0.02395440755723265,-0.11945906882837964,0.0597639274598886,-0.03547885839846686,-0.11945906882941736
77.07,77.07,82296.780060148,6.39,375,astribot_arm_left_joint_2,-1.2253986085711779,-1.2194318397080703,-0.005966768863107541,-0.005966768863107541,-0.08345950986122894,-0.05717508253553294,-0.28101229245388404,-1.2253986085711783,-0.08345950986135067,-0.2810122924756254
77.07,77.07,82296.780060148,6.39,375,astribot_arm_left_joint_3,-0.5184609685110526,-0.5117992530139271,-0.006661715497125464,-0.006661715497125464,-0.0937201076007617,-0.06377520057524239,-0.3155602319230979,-0.5184609685110526,-0.09372010760076112,-0.315560231923116
77.07,77.07,82296.780060148,6.39,375,astribot_arm_left_joint_4,0.6395651386091497,0.6441242649226384,-0.004559126313488759,-0.004559126313488759,-0.06392450743539746,-0.043669838090390746,-0.2152369742979729,0.6395651386091493,-0.06392450743545858,-0.2152369743089133
77.07,77.07,82296.780060148,6.39,375,astribot_arm_left_joint_5,-0.9979581965053103,-0.9952520868239123,-0.00270610968139795,-0.00270610968139795,-0.037506733231102284,-0.025968298434488866,-0.12628702359835947,-0.9979581965053083,-0.03750673323080882,-0.12628702356408986
77.07,77.07,82296.780060148,6.39,375,astribot_arm_left_joint_6,-0.2732586918408528,-0.2711747477446693,-0.0020839440961834543,-0.0020839440961834543,-0.029238942245514966,-0.019959039266583104,-0.09844896289476024,-0.2732586918408528,-0.029238942245536137,-0.09844896290009474
77.07,77.07,82296.780060148,6.39,375,astribot_arm_left_joint_7,-1.0521131877475913,-1.0436253487573692,-0.008487838990222096,-0.008487838990222096,-0.11917871875094924,-0.08128276723437229,-0.4012806332699861,-1.0521131877475927,-0.11917871875112003,-0.40128063328265456
77.09,77.09,82296.81117187,6.41,376,astribot_arm_left_joint_1,0.05902857943230819,0.061756778155106024,-0.0027281987227978366,-0.0027281987227978366,-0.03799106725825809,-0.026156904103434218,-0.11487953953658711,0.05902857943230823,-0.03799106725825294,-0.11487953953603663
77.09,77.09,82296.81117187,6.41,376,astribot_arm_left_joint_2,-1.2271284214436822,-1.2206505101316318,-0.006477911312050333,-0.006477911312050333,-0.08936916224535653,-0.06219935384909681,-0.27023953129374395,-1.2271284214436813,-0.08936916224509177,-0.2702395312472149
77.09,77.09,82296.81117187,6.41,376,astribot_arm_left_joint_3,-0.5204034463522176,-0.5131604113500771,-0.007243035002140519,-0.007243035002140519,-0.10035629870960396,-0.06949867952617349,-0.30346305637767934,-0.5204034463522174,-0.10035629870957719,-0.30346305637873694
77.09,77.09,82296.81117187,6.41,376,astribot_arm_left_joint_4,0.638240215469606,0.6431929384979049,-0.0049527230282989665,-0.0049527230282989665,-0.06845091333425296,-0.047541379558456144,-0.2069857461832727,0.6382402154696061,-0.06845091333424105,-0.2069857461813616
77.09,77.09,82296.81117187,6.41,376,astribot_arm_left_joint_5,-0.9987355750216201,-0.9958044396561223,-0.002931135365497828,-0.002931135365497828,-0.04016253310069265,-0.028174186470076377,-0.1214457408295096,-0.9987355750216208,-0.04016253310085804,-0.12144574085908985
77.09,77.09,82296.81117187,6.41,376,astribot_arm_left_joint_6,-0.2738647090431909,-0.2716004702703963,-0.00226423877279458,-0.00226423877279458,-0.03130931127866611,-0.021732811560608006,-0.09467486760262883,-0.273864709043191,-0.03130931127869524,-0.094674867606074
77.09,77.09,82296.81117187,6.41,376,astribot_arm_left_joint_7,-1.0545833302414391,-1.0453593943208455,-0.009223935920593673,-0.009223935920593673,-0.12761759888040675,-0.08852616610644612,-0.3858973188846039,-1.0545833302414387,-0.1276175988802902,-0.38589731887167816
77.11,77.11,82296.843066598,6.43,377,astribot_arm_left_joint_1,0.05824308699847018,0.061199798287505644,-0.002956711289035463,-0.002956711289035463,-0.0405022018158806,-0.028415999623579834,-0.10899331298719225,0.05824308699847019,-0.04050220181588119,-0.10899331298693364
77.11,77.11,82296.843066598,6.43,377,astribot_arm_left_joint_2,-1.2289761926653944,-1.221972166893484,-0.007004025771910394,-0.007004025771910394,-0.0952762874694503,-0.06738656316350435,-0.2563929306295988,-1.228976192665394,-0.09527628746941191,-0.2563929306270149
77.11,77.11,82296.843066598,6.43,377,astribot_arm_left_joint_3,-0.5224783844630237,-0.5146386112443914,-0.007839773218632384,-0.007839773218632384,-0.10698965196738454,-0.07538963980108586,-0.28791414047827146,-0.5224783844630239,-0.10698965196738612,-0.28791414047755515
77.11,77.11,82296.843066598,6.43,377,astribot_arm_left_joint_4,0.6368249439757092,0.642182333218789,-0.005357389243079824,-0.005357389243079824,-0.07297538359461538,-0.05153329776376675,-0.19638015878426945,0.6368249439757083,-0.07297538359475036,-0.19638015880255094
77.11,77.11,82296.843066598,6.43,377,astribot_arm_left_joint_5,-0.9995659640617609,-0.9964021850223969,-0.0031637790393640453,-0.0031637790393640453,-0.042817197264522384,-0.030463182953163918,-0.1152230736512416,-0.9995659640617612,-0.04281719726456041,-0.11522307364674454
77.11,77.11,82296.843066598,6.43,377,astribot_arm_left_joint_6,-0.27451205140267054,-0.27206250500663953,-0.0024495463960310104,-0.0024495463960310104,-0.03337879495483193,-0.023561085904483678,-0.08982389309871974,-0.2745120514026703,-0.03337879495476649,-0.08982389308536937
77.11,77.11,82296.843066598,6.43,377,astribot_arm_left_joint_7,-1.0572219151925701,-1.047241679516526,-0.009980235676044114,-0.009980235676044114,-0.13605287027007792,-0.09598916035094184,-0.36612461563658016,-1.0572219151925701,-0.13605287027004018,-0.3661246156337279
77.14,77.14,82296.878135538,6.46,379,astribot_arm_left_joint_1,0.056973601645312,0.06027805683384555,-0.0033044551885335546,-0.0033044551885335546,-0.04410065754243951,-0.031885950630264094,-0.12190305176613786,0.05697360164531199,-0.04410065754243772,-0.12190305176588637
77.14,77.14,82296.878135538,6.46,379,astribot_arm_left_joint_2,-1.2319624957803592,-1.224153654597398,-0.0078088411829611015,-0.0078088411829611015,-0.10374119769347886,-0.07540242720025642,-0.28676145202746756,-1.2319624957803592,-0.10374119769351149,-0.28676145203782594
77.14,77.14,82296.878135538,6.46,379,astribot_arm_left_joint_3,-0.5258318267457304,-0.5170814275829946,-0.008750399162735789,-0.008750399162735789,-0.11649524693614506,-0.08446726796147863,-0.322016199061351,-0.5258318267457304,-0.11649524693613213,-0.3220161990566541
77.14,77.14,82296.878135538,6.46,379,astribot_arm_left_joint_4,0.6345376317689357,0.6405134174464602,-0.005975785677524437,-0.005975785677524437,-0.07945894930775864,-0.05769470852519123,-0.21964045324627962,0.6345376317689359,-0.07945894930773643,-0.2196404532381358
77.14,77.14,82296.878135538,6.46,379,astribot_arm_left_joint_5,-1.000908009737148,-0.9973869277298753,-0.0035210820072728577,-0.0035210820072728577,-0.04662133091122484,-0.03401683328278151,-0.12887069790633374,-1.000908009737148,-0.04662133091122408,-0.12887069790276545
77.14,77.14,82296.878135538,6.46,379,astribot_arm_left_joint_6,-0.2755582634455062,-0.2728256163962637,-0.0027326470492425314,-0.0027326470492425314,-0.03634436498467173,-0.026382051313830982,-0.10046310537978445,-0.27555826344550627,-0.036344364984679585,-0.10046310538277402
77.14,77.14,82296.878135538,6.46,379,astribot_arm_left_joint_7,-1.0614863037521873,-1.050351008942431,-0.01113529480975628,-0.01113529480975628,-0.1481406138540734,-0.10750008293817767,-0.409490332479468,-1.0614863037521873,-0.14814061385404925,-0.40949033247195527
77.16,77.16,82296.904819395,6.48,380,astribot_arm_left_joint_1,0.056072036107374816,0.0596055972872322,-0.0035335611798573835,-0.0035335611798573835,-0.04604595737466099,-0.03420140285316816,-0.10319266085390678,0.05607203610737479,-0.04604595737466522,-0.10319266085452311
77.16,77.16,82296.904819395,6.48,380,astribot_arm_left_joint_2,-1.234083314242415,-1.2257422809847176,-0.008341033257697417,-0.008341033257697417,-0.10831726856669917,-0.08077422700161627,-0.2427476329596739,-1.234083314242415,-0.10831726856667956,-0.24274763295549365
77.16,77.16,82296.904819395,6.48,380,astribot_arm_left_joint_3,-0.5282133808046474,-0.5188618522198183,-0.009351528584829127,-0.009351528584829127,-0.1216339046557365,-0.09053847242673067,-0.272591275914962,-0.5282133808046475,-0.12163390465574883,-0.2725912759164946
77.16,77.16,82296.904819395,6.48,380,astribot_arm_left_joint_4,0.6329132240079491,0.639297635989207,-0.0063844119812578315,-0.0063844119812578315,-0.08296391928711602,-0.06182028908915914,-0.18592875627108058,0.6329132240079489,-0.08296391928712983,-0.18592875627500446
77.16,77.16,82296.904819395,6.48,380,astribot_arm_left_joint_5,-1.001861106303608,-0.9981030963348325,-0.003758009968775511,-0.003758009968775511,-0.048677818779071,-0.036406040401203675,-0.10909087204889358,-1.001861106303608,-0.04867781877906235,-0.1090908720508333
77.16,77.16,82296.904819395,6.48,380,astribot_arm_left_joint_6,-0.2763012643165673,-0.27338158598479756,-0.0029196783317697594,-0.0029196783317697594,-0.03794753126489579,-0.028270488370767902,-0.0850434424123089,-0.27630126431656726,-0.0379475312648848,-0.08504344240725986
77.16,77.16,82296.904819395,6.48,380,astribot_arm_left_joint_7,-1.064514795381618,-1.0526165768129045,-0.011898218568713537,-0.011898218568713537,-0.15467516293642897,-0.11520383893742676,-0.346639369485223,-1.0645147953816179,-0.1546751629364113,-0.3466393694811412
77.19,77.19,82296.935397319,6.51,382,astribot_arm_left_joint_1,0.05464288156525618,0.05851178291937376,-0.0038689013541175835,-0.0038689013541175835,-0.04901950096180199,-0.03758612243463109,-0.08659282535756192,0.0546428815652562,-0.049019500961802326,-0.08659282535764234
77.19,77.19,82296.935397319,6.51,382,astribot_arm_left_joint_2,-1.2374452188522456,-1.2283231395798093,-0.009122079272436245,-0.009122079272436245,-0.1153121523238417,-0.08864969264894235,-0.2036986275241568,-1.2374452188522456,-0.11531215232384731,-0.20369862752460402
77.19,77.19,82296.935397319,6.51,382,astribot_arm_left_joint_3,-0.5319886014152199,-0.5217559500897917,-0.010232651325428166,-0.010232651325428166,-0.12948874659604231,-0.09942720175820834,-0.22874154570777266,-0.5319886014152199,-0.12948874659604104,-0.22874154570764613
77.19,77.19,82296.935397319,6.51,382,astribot_arm_left_joint_4,0.6303382257053535,0.637322025419061,-0.00698379971370755,-0.00698379971370755,-0.0883215411984836,-0.06786524274055933,-0.15601978074508427,0.6303382257053535,-0.08832154119848609,-0.15601978074657888
77.19,77.19,82296.935397319,6.51,382,astribot_arm_left_joint_5,-1.0033719474235456,-0.9992655222503041,-0.004106425173241557,-0.004106425173241557,-0.05182132201190956,-0.03991653132851884,-0.09154223520881052,-1.0033719474235456,-0.051821322011903356,-0.09154223520570005
77.19,77.19,82296.935397319,6.51,382,astribot_arm_left_joint_6,-0.27747906340603173,-0.27428508025864906,-0.003193983147382673,-0.003193983147382673,-0.04039809684488026,-0.03103706102840199,-0.07136313663255107,-0.27747906340603173,-0.04039809684488273,-0.07136313663405343
77.19,77.19,82296.935397319,6.51,382,astribot_arm_left_joint_7,-1.0693155362993243,-1.0562985747338391,-0.013016961565485152,-0.013016961565485152,-0.16466373446500865,-0.1264878989140336,-0.2908780734540024,-1.0693155362993243,-0.16466373446499977,-0.2908780734483093
77.21,77.21,82296.957450721,6.53,383,astribot_arm_left_joint_1,0.05364449852648538,0.05772722945672352,-0.004082730930238136,-0.004082730930238136,-0.05083869516968013,-0.039766332801396576,-0.09418230651617968,0.05364449852648536,-0.05083869516968275,-0.09418230651687796
77.21,77.21,82296.957450721,6.53,383,astribot_arm_left_joint_2,-1.239793788192721,-1.2301726882011468,-0.009621099991574233,-0.009621099991574233,-0.11959157572657177,-0.09373406950876363,-0.22155191835807447,-1.239793788192721,-0.11959157572657574,-0.2215519183628341
77.21,77.21,82296.957450721,6.53,383,astribot_arm_left_joint_3,-0.5346259062791335,-0.5238308120223851,-0.010795094256748405,-0.010795094256748405,-0.13429428670093319,-0.10515968037850953,-0.24878973844094524,-0.5346259062791335,-0.13429428670091292,-0.24878973843249413
77.21,77.21,82296.957450721,6.53,383,astribot_arm_left_joint_4,0.6285393757178888,0.635905984283815,-0.0073666085659261915,-0.0073666085659261915,-0.09159929868329501,-0.07176611652660525,-0.1696942298881882,0.6285393757178886,-0.09159929868329143,-0.16969422988746086
77.21,77.21,82296.957450721,6.53,383,astribot_arm_left_joint_5,-1.0044273953152674,-1.000098032365282,-0.004329362949985427,-0.004329362949985427,-0.05374449640172928,-0.04218675974385222,-0.09956551044267697,-1.004427395315267,-0.05374449640166562,-0.09956551042081795
77.21,77.21,82296.957450721,6.53,383,astribot_arm_left_joint_6,-0.2783018538036733,-0.27493269999730335,-0.003369153806369929,-0.003369153806369929,-0.04189733658309205,-0.03282214240119716,-0.07761780240406481,-0.2783018538036733,-0.04189733658310105,-0.07761780240703675
77.21,77.21,82296.957450721,6.53,383,astribot_arm_left_joint_7,-1.0726692521953436,-1.0589379482799157,-0.013731303915427873,-0.013731303915427873,-0.1707746761536814,-0.1337677389410584,-0.3163722601535262,-1.0726692521953438,-0.17077467615371422,-0.3163722601687602
77.24,77.24,82296.992155083,6.5600000000000005,385,astribot_arm_left_joint_1,0.05207475316664535,0.05647099959417656,-0.004396246427531211,-0.004396246427531211,-0.05395396253349574,-0.04291903745280576,-0.11342224792913605,0.05207475316664533,-0.053953962533496484,-0.113422247929622
77.24,77.24,82296.992155083,6.5600000000000005,385,astribot_arm_left_joint_2,-1.243486414851335,-1.2331324147889944,-0.010354000062340551,-0.010354000062340551,-0.1269198466745638,-0.10109923657639712,-0.26681143775395255,-1.243486414851335,-0.12691984667459133,-0.26681143776540517
77.24,77.24,82296.992155083,6.5600000000000005,385,astribot_arm_left_joint_3,-0.5387725082463591,-0.5271520165104405,-0.011620491735918614,-0.011620491735918614,-0.14252350279527684,-0.11345692776859456,-0.29961350957575744,-0.5387725082463592,-0.1425235027952616,-0.29961350956882454
77.24,77.24,82296.992155083,6.5600000000000005,385,astribot_arm_left_joint_4,0.6257110660299081,0.6336397115878527,-0.007928645557944591,-0.007928645557944591,-0.09721227330398531,-0.07741494709956193,-0.2043600515443607,0.625711066029908,-0.09721227330398925,-0.2043600515472727
77.24,77.24,82296.992155083,6.5600000000000005,385,astribot_arm_left_joint_5,-1.0060868630408224,-1.0014296622265528,-0.004657200814269569,-0.004657200814269569,-0.05703782395589195,-0.04547969413192199,-0.11990515442579729,-1.0060868630408226,-0.0570378239559211,-0.11990515443751339
77.24,77.24,82296.992155083,6.5600000000000005,385,astribot_arm_left_joint_6,-0.27959551701574964,-0.2759692023617824,-0.003626314653967233,-0.003626314653967233,-0.044464699983206256,-0.035406864554689846,-0.09347388011175536,-0.27959551701574964,-0.04446469998321281,-0.09347388011521827
77.24,77.24,82296.992155083,6.5600000000000005,385,astribot_arm_left_joint_7,-1.0779422584079488,-1.0631623647984974,-0.014779893609451422,-0.014779893609451422,-0.1812393187534676,-0.14430752661699023,-0.3810020614188947,-1.0779422584079486,-0.18123931875342683,-0.3810020614039373
77.27,77.27,82297.029412488,6.59,387,astribot_arm_left_joint_1,0.050423888284011516,0.05512137596747437,-0.004697487683462856,-0.004697487683462856,-0.056127592650017655,-0.04599997473687022,-0.07641432703759705,0.05042388828401154,-0.056127592650016184,-0.0764143270373435
77.27,77.27,82297.029412488,6.59,387,astribot_arm_left_joint_2,-1.247369864888101,-1.2363105903046687,-0.011059274583432366,-0.011059274583432366,-0.1320330355519842,-0.10830944718840578,-0.17975500252475965,-1.247369864888101,-0.13203303555197618,-0.17975500252292292
77.27,77.27,82297.029412488,6.59,387,astribot_arm_left_joint_3,-0.5431333936135572,-0.5307191750143185,-0.012414218599238636,-0.012414218599238636,-0.14826531235734128,-0.12157295983309692,-0.20185426688354752,-0.5431333936135571,-0.1482653123573547,-0.20185426689118824
77.27,77.27,82297.029412488,6.59,387,astribot_arm_left_joint_4,0.6227365981572489,0.6312059360839936,-0.008469337926744647,-0.008469337926744647,-0.10112864042563247,-0.08294303269531515,-0.13768053531777244,0.6227365981572488,-0.10112864042563885,-0.13768053532153257
77.27,77.27,82297.029412488,6.59,387,astribot_arm_left_joint_5,-1.007832086859967,-1.0028590491101352,-0.004973037749831821,-0.004973037749831821,-0.059335692844706425,-0.04870759106809877,-0.08078196166682339,-1.0078320868599673,-0.05933569284470649,-0.08078196167021451
77.27,77.27,82297.029412488,6.59,387,astribot_arm_left_joint_6,-0.2809560326900815,-0.27708234354985584,-0.003873689140225678,-0.003873689140225678,-0.046256038496041554,-0.0379360984937472,-0.06297480234721368,-0.28095603269008146,-0.0462560384960335,-0.06297480234238333
77.27,77.27,82297.029412488,6.59,387,astribot_arm_left_joint_7,-1.0834877570633399,-1.0676992703132564,-0.015788486750083486,-0.015788486750083486,-0.18854086294112418,-0.15461995305235296,-0.2566869961903237,-1.0834877570633399,-0.18854086294112862,-0.2566869961884042
77.29,77.29,82297.050438909,6.61,388,astribot_arm_left_joint_1,0.04928567003329705,0.0541723368683626,-0.004886666835065549,-0.004886666835065549,-0.057708451198908585,-0.04792903315788027,-0.08195341221131994,0.049285670033297035,-0.05770845119890983,-0.08195341221058941
77.29,77.29,82297.050438909,6.61,388,astribot_arm_left_joint_2,-1.2500473788107027,-1.238544800224874,-0.011502578585828704,-0.011502578585828704,-0.13575180457715624,-0.11282824628617011,-0.19278499722650247,-1.2500473788107018,-0.1357518045768498,-0.19278499713147726
77.29,77.29,82297.050438909,6.61,388,astribot_arm_left_joint_3,-0.5461400838438923,-0.5332271690252433,-0.01291291481864909,-0.01291291481864909,-0.15244127066029498,-0.1266572154821343,-0.2164861824347446,-0.5461400838438921,-0.1524412706601919,-0.2164861823989916
77.29,77.29,82297.050438909,6.61,388,astribot_arm_left_joint_4,0.6206857982072111,0.6294949326279131,-0.00880913442070197,-0.00880913442070197,-0.10397697345050952,-0.08640696648000523,-0.14766065606735282,0.620685798207211,-0.10397697345055877,-0.14766065608384651
77.29,77.29,82297.050438909,6.61,388,astribot_arm_left_joint_5,-1.0090353625631623,-1.0038636730494068,-0.005171689513755462,-0.005171689513755462,-0.06100690895882813,-0.05073201640806798,-0.08663764585848602,-1.0090353625631625,-0.06100690895888673,-0.08663764585201966
77.29,77.29,82297.050438909,6.61,388,astribot_arm_left_joint_6,-0.28189406449825505,-0.2778649209834365,-0.004029143514818534,-0.004029143514818534,-0.047558860342439606,-0.039520851964665385,-0.06753968966334659,-0.28189406449825527,-0.04755886034250823,-0.06753968968090461
77.29,77.29,82297.050438909,6.61,388,astribot_arm_left_joint_7,-1.087311200062993,-1.0708889298568771,-0.016422270206115863,-0.016422270206115863,-0.1938511999952095,-0.1610810868496223,-0.27529360037278683,-1.0873112000629928,-0.1938511999950642,-0.2752936003406262
77.32,77.32,82297.086587864,6.64,390,astribot_arm_left_joint_1,0.04751682968476076,0.05267867190016699,-0.005161842215406234,-0.005161842215406234,-0.060252793507992126,-0.050707999309943914,-0.08884599010850884,0.04751682968476078,-0.06025279350799205,-0.08884599010833309
77.32,77.32,82297.086587864,6.64,390,astribot_arm_left_joint_2,-1.254208351152422,-1.242060439866051,-0.012147911286370938,-0.012147911286370938,-0.14173704682036048,-0.11934338417631223,-0.20899891154514036,-1.2542083511524218,-0.14173704682030824,-0.2089989115291919
77.32,77.32,82297.086587864,6.64,390,astribot_arm_left_joint_3,-0.5508126103928458,-0.5371739945044293,-0.013638615888416528,-0.013638615888416528,-0.1591623447236575,-0.13398478115864557,-0.2346934520819025,-0.5508126103928455,-0.15916234472357157,-0.23469345206340322
77.32,77.32,82297.086587864,6.64,390,astribot_arm_left_joint_4,0.6174987664616505,0.6268024776628486,-0.009303711201198106,-0.009303711201198106,-0.1085612762212704,-0.0914004043467032,-0.16007945045826738,0.617498766461651,-0.10856127622120568,-0.1600794504566609
77.32,77.32,82297.086587864,6.64,390,astribot_arm_left_joint_5,-1.0109053050042456,-1.0054442603657294,-0.005461044638516155,-0.005461044638516155,-0.06369667893902638,-0.05365261480107366,-0.09392418484551773,-1.0109053050042447,-0.06369667893859955,-0.09392418471291085
77.32,77.32,82297.086587864,6.64,390,astribot_arm_left_joint_6,-0.2833518064642336,-0.2790964073891859,-0.004255399075047683,-0.004255399075047683,-0.04965571128958357,-0.04180525301086962,-0.07322002150863575,-0.28335180646423314,-0.049655711289418154,-0.07322002146614125
77.32,77.32,82297.086587864,6.64,390,astribot_arm_left_joint_7,-1.0932529957105928,-1.0759083316361857,-0.017344664074407046,-0.017344664074407046,-0.20239802112048944,-0.1703942571402851,-0.2984467862590566,-1.0932529957105925,-0.20239802112032854,-0.29844678620785564
77.34,77.34,82297.107046432,6.66,392,astribot_arm_left_joint_1,0.04629513881846109,0.05163715662281838,-0.005342017804357287,-0.005342017804357287,-0.06186294690311828,-0.05253310566531297,-0.019639559874697538,0.04629513881846108,-0.061862946903114446,-0.019639559874456
77.34,77.34,82297.107046432,6.66,392,astribot_arm_left_joint_2,-1.2570822238052088,-1.2445114855629051,-0.012570738242303703,-0.012570738242303703,-0.14552472825151502,-0.12362545692210157,-0.04619957107687833,-1.257082223805209,-0.14552472825155832,-0.04619957109592916
77.34,77.34,82297.107046432,6.66,392,astribot_arm_left_joint_3,-0.5540397998970439,-0.5399258475745924,-0.014113952322451495,-0.014113952322451495,-0.16341568759475847,-0.13879914852130137,-0.05187939377008044,-0.5540397998970438,-0.1634156875947,-0.05187939375075962
77.34,77.34,82297.107046432,6.66,392,astribot_arm_left_joint_4,0.615297568610539,0.6249252879213761,-0.009627719310837168,-0.009627719310837168,-0.1114623916269725,-0.09468186227503193,-0.03538583955949304,0.6152975686105389,-0.11146239162697749,-0.03538583956510419
77.34,77.34,82297.107046432,6.66,392,astribot_arm_left_joint_5,-1.0121968243901893,-1.0065460972818843,-0.005650727108305054,-0.005650727108305054,-0.06539886431254943,-0.05557324521014533,-0.020762103570115986,-1.0121968243901895,-0.06539886431258427,-0.02076210358044457
77.34,77.34,82297.107046432,6.66,392,astribot_arm_left_joint_6,-0.28435862997248834,-0.27995501125828287,-0.004403618714205471,-0.004403618714205471,-0.05098267569165504,-0.043306396167531444,-0.01618541246346189,-0.28435862997248834,-0.05098267569164588,-0.016185412463086152
77.34,77.34,82297.107046432,6.66,392,astribot_arm_left_joint_7,-1.0973568355388166,-1.079407937275254,-0.017948898263562496,-0.017948898263562496,-0.20780676388384245,-0.176513923151163,-0.06597217856218285,-1.0973568355388166,-0.20780676388391672,-0.06597217859631432
77.36,77.36,82297.130340336,6.68,393,astribot_arm_left_joint_1,0.045079888967317204,0.05056087426611964,-0.005480985298802435,-0.005480985298802435,-0.05978835351757039,-0.05420805771153536,0.08667489046430422,0.04507988896731721,-0.05978835351757657,0.08667489046227482
77.36,77.36,82297.130340336,6.68,393,astribot_arm_left_joint_2,-1.259940944787616,-1.2470441238839736,-0.012896820903642414,-0.012896820903642414,-0.14064451070984835,-0.12755644978423064,0.2038916752576814,-1.2599409447876158,-0.1406445107097842,0.20389167526041552
77.36,77.36,82297.130340336,6.68,393,astribot_arm_left_joint_3,-0.5572499749689653,-0.5427694244225386,-0.014480550546426718,-0.014480550546426718,-0.15793549110289537,-0.1432181619608624,0.2289583269817467,-0.557249974968966,-0.15793549110311164,0.22895832693172058
77.36,77.36,82297.130340336,6.68,393,astribot_arm_left_joint_4,0.6131079759445941,0.6229855750064834,-0.009877599061889342,-0.009877599061889342,-0.10772446525928064,-0.09769409852055186,0.1561676426757988,0.6131079759445938,-0.10772446525938154,0.15616764264441813
77.36,77.36,82297.130340336,6.68,393,astribot_arm_left_joint_5,-1.01348153461011,-1.0076845380906023,-0.005796996519507713,-0.005796996519507713,-0.06320569282419201,-0.057336809768713075,0.09162899100494915,-1.0134815346101107,-0.06320569282437973,0.09162899092746346
77.36,77.36,82297.130340336,6.68,393,astribot_arm_left_joint_6,-0.2853601452921877,-0.2808422167076534,-0.004517928584534259,-0.004517928584534259,-0.04927295562410932,-0.04468435780311212,0.07143076833000783,-0.2853601452921872,-0.0492729556239518,0.07143076837186102
77.36,77.36,82297.130340336,6.68,393,astribot_arm_left_joint_7,-1.101439039047036,-1.0830241402459762,-0.018414898801059953,-0.018414898801059953,-0.20083789868447163,-0.18213131442513594,0.2911537422028478,-1.1014390390470354,-0.2008378986842416,0.29115374224217416
77.38,77.38,82297.152724235,6.7,395,astribot_arm_left_joint_1,0.043901248365560606,0.049460132109304604,-0.0055588837437439975,-0.0055588837437439975,-0.0580919998503425,-0.05526436277667375,0.08274097329640567,0.04390124836556061,-0.0580919998503418,0.08274097329642285
77.38,77.38,82297.152724235,6.7,395,astribot_arm_left_joint_2,-1.262713547158879,-1.2496341448414567,-0.013079402317422328,-0.013079402317422328,-0.13665405408268308,-0.130033886811651,0.19463763458123903,-1.262713547158879,-0.13665405408267328,0.1946376345938619
77.38,77.38,82297.152724235,6.7,395,astribot_arm_left_joint_3,-0.5603634439193659,-0.5456775196459813,-0.014685924273384554,-0.014685924273384554,-0.15345444364557734,-0.14600401726623716,0.21856658502160284,-0.5603634439193658,-0.15345444364558808,0.21856658501430662
77.38,77.38,82297.152724235,6.7,395,astribot_arm_left_joint_4,0.6109843444831604,0.6210018876098089,-0.010017543126648487,-0.010017543126648487,-0.1046680373609345,-0.09959274918692064,0.14907965480178526,0.6109843444831603,-0.10466803736093935,0.14907965479821156
77.38,77.38,82297.152724235,6.7,395,astribot_arm_left_joint_5,-1.014727543095744,-1.0088487149485137,-0.005878828147230397,-0.005878828147230397,-0.06141238020566608,-0.05844772057577543,0.08747022179725243,-1.0147275430957443,-0.06141238020569878,0.0874702217834295
77.38,77.38,82297.152724235,6.7,395,astribot_arm_left_joint_6,-0.28633149008845876,-0.28174953891769056,-0.004581951170768206,-0.004581951170768206,-0.047874951597243455,-0.04555293516642851,0.06818873686465673,-0.28633149008845876,-0.0478749515972425,0.06818873686323777
77.38,77.38,82297.152724235,6.7,395,astribot_arm_left_joint_7,-1.1053982666864302,-1.0867223530560088,-0.018675913630421315,-0.018675913630421315,-0.19513959649137685,-0.18567229298196222,0.2779391342259742,-1.1053982666864304,-0.19513959649142765,0.2779391342020888
77.4,77.4,82297.176615635,6.72,396,astribot_arm_left_joint_1,0.042755539748082806,0.048346258509520776,-0.00559071876143797,-0.00559071876143797,-0.05649339359501218,-0.05579852262271503,0.07704851274360527,0.042755539748082806,-0.05649339359501585,0.07704851274365221
77.4,77.4,82297.176615635,6.72,396,astribot_arm_left_joint_2,-1.2654086812182872,-1.2522549295416598,-0.013153751676627357,-0.013153751676627357,-0.1328935358317367,-0.1312844469453008,0.1812468438702964,-1.2654086812182868,-0.13289353583168892,0.18124684387759304
77.4,77.4,82297.176615635,6.72,396,astribot_arm_left_joint_3,-0.5633899205241989,-0.5486202263959298,-0.014769694128269117,-0.014769694128269117,-0.14923160342413352,-0.14741143264400902,0.20352951671753594,-0.5633899205241986,-0.14923160342402178,0.20352951675254727
77.4,77.4,82297.176615635,6.72,396,astribot_arm_left_joint_4,0.6089200486646688,0.618994618455167,-0.010074569790498256,-0.010074569790498256,-0.10178772716856155,-0.10055148433499948,0.13882318790861992,0.6089200486646682,-0.10178772716866746,0.13882318789406414
77.4,77.4,82297.176615635,6.72,396,astribot_arm_left_joint_5,-1.0159387372946482,-1.0100266751436837,-0.005912062150964514,-0.005912062150964514,-0.05972240197437063,-0.0590077380241478,0.08145239573603938,-1.015938737294649,-0.05972240197454617,0.08145239570137722
77.4,77.4,82297.176615635,6.72,396,astribot_arm_left_joint_6,-0.2872756948799552,-0.282667649742311,-0.004608045137644179,-0.004608045137644179,-0.04655750345826238,-0.04599157076232712,0.06349744932615725,-0.28727569487995497,-0.04655750345818273,0.0634974493515919
77.4,77.4,82297.176615635,6.72,396,astribot_arm_left_joint_7,-1.1092468709329255,-1.0904645513877842,-0.018782319545141313,-0.018782319545141313,-0.18976964227385096,-0.18746069686319689,0.25881731949338016,-1.109246870932925,-0.18976964227371293,0.258817319526662
77.42,77.42,82297.199725821,6.74,398,astribot_arm_left_joint_1,0.04164091922241542,0.047227913770130775,-0.005586994547715357,-0.005586994547715357,-0.055016536126451916,-0.055927286405692486,0.047912722528248054,0.04164091922241543,-0.05501653612645246,0.0479127225278424
77.42,77.42,82297.199725821,6.74,398,astribot_arm_left_joint_2,-1.268030684488765,-1.2548861297193121,-0.013144554769452865,-0.013144554769452865,-0.12941941614393393,-0.13158250109791375,0.11270859658346295,-1.268030684488765,-0.12941941614394145,0.11270859657667712
77.42,77.42,82297.199725821,6.74,398,astribot_arm_left_joint_3,-0.5663342755659065,-0.5515746822955354,-0.01475959327037113,-0.01475959327037113,-0.14533037189874937,-0.1477486490592559,0.12656510703818735,-0.5663342755659065,-0.14533037189874987,0.1265651070383152
77.42,77.42,82297.199725821,6.74,398,astribot_arm_left_joint_4,0.6069117662312113,0.6169793565408693,-0.010067590309657981,-0.010067590309657981,-0.09912677948060922,-0.1007804936613084,0.08632738836100007,0.6069117662312113,-0.09912677948061172,0.08632738835947915
77.42,77.42,82297.199725821,6.74,398,astribot_arm_left_joint_5,-1.0171170664911595,-1.0112092821194292,-0.00590778437173034,-0.00590778437173034,-0.058161131358927316,-0.059140076044315655,0.05065128313704474,-1.0171170664911595,-0.05816113135892429,0.05065128313968346
77.42,77.42,82297.199725821,6.74,398,astribot_arm_left_joint_6,-0.2881942792608179,-0.28358941835532436,-0.004604860905493557,-0.004604860905493557,-0.04534039129117927,-0.04609640993272452,0.03948597531127135,-0.2881942792608179,-0.04534039129117846,0.03948597531194459
77.42,77.42,82297.199725821,6.74,398,astribot_arm_left_joint_7,-1.1129910456933079,-1.094221667741986,-0.01876937795132183,-0.01876937795132183,-0.1848086601895423,-0.18788843995919974,0.16094590244781823,-1.1129910456933079,-0.18480866018954406,0.1609459024456514
77.45,77.45,82297.234220264,6.77,400,astribot_arm_left_joint_1,0.04003344812525167,0.04555641752982201,-0.005522969404570338,-0.005522969404570338,-0.05202522140356653,-0.05553030715430912,0.10010243413533383,0.04003344812525168,-0.052025221403566135,0.1001024341357232
77.45,77.45,82297.234220264,6.77,400,astribot_arm_left_joint_2,-1.2718120561546404,-1.258818616316533,-0.012993439838107523,-0.012993439838107523,-0.12238272804622048,-0.13064305880645996,0.2354782669444027,-1.2718120561546404,-0.12238272804621732,0.2354782669476225
77.45,77.45,82297.234220264,6.77,400,astribot_arm_left_joint_3,-0.5705805329426042,-0.555990370887486,-0.014590162055118205,-0.014590162055118205,-0.13742858614938958,-0.14669662121607902,0.2644282065930587,-0.5705805329426042,-0.13742858614938808,0.26442820659479965
77.45,77.45,82297.234220264,6.77,400,astribot_arm_left_joint_4,0.6040154836916534,0.6139674046836231,-0.009951920991969732,-0.009951920991969732,-0.09373713818783871,-0.10006177365843441,0.1803608989696212,0.6040154836916535,-0.0937371381878381,0.18036089897011978
77.45,77.45,82297.234220264,6.77,400,astribot_arm_left_joint_5,-1.0188164162543458,-1.0129767101440723,-0.005839706110273513,-0.005839706110273513,-0.05499884124065979,-0.058716033036100936,0.10582401639924949,-1.0188164162543458,-0.054998841240661796,0.10582401639695285
77.45,77.45,82297.234220264,6.77,400,astribot_arm_left_joint_6,-0.2895190331196785,-0.28496706969231084,-0.004551963427367689,-0.004551963427367689,-0.04287518010996414,-0.04576777369429141,0.08249671557798846,-0.2895190331196785,-0.04287518010996448,0.08249671557754372
77.45,77.45,82297.234220264,6.77,400,astribot_arm_left_joint_7,-1.1183907782224047,-1.0998369685866243,-0.01855380963578046,-0.01855380963578046,-0.17476039279459943,-0.18654939015549205,0.33625884210412804,-1.1183907782224047,-0.17476039279459968,0.336258842104001
77.5,77.5,82297.324289104,6.82,403,astribot_arm_left_joint_1,0.03754944778315315,0.04283721658100327,-0.0052877687978501176,-0.0052877687978501176,-0.0471983500375076,-0.053443108508977634,0.11051981207973746,0.03754944778315313,-0.047198350037507525,0.11051981207974017
77.5,77.5,82297.324289104,6.82,403,astribot_arm_left_joint_2,-1.2776553515819793,-1.2652157464162577,-0.012439605165721623,-0.012439605165721623,-0.11102812599419484,-0.1257270211463497,0.2599838259307357,-1.2776553515819793,-0.1110281259941931,0.2599838259317008
77.5,77.5,82297.324289104,6.82,403,astribot_arm_left_joint_3,-0.577142209102733,-0.5631736821693581,-0.013968526933374803,-0.013968526933374803,-0.12467803767566712,-0.1411794069825739,0.2919465041336144,-0.577142209102733,-0.12467803767566697,0.2919465041338804
77.5,77.5,82297.324289104,6.82,403,astribot_arm_left_joint_4,0.5995399028667353,0.6090677052479978,-0.009527802381262496,-0.009527802381262496,-0.08504025817371023,-0.09629732701269003,0.19913054895180382,0.5995399028667353,-0.0850402581737126,0.19913054895045387
77.5,77.5,82297.324289104,6.82,403,astribot_arm_left_joint_5,-1.0214423952847296,-1.0158517668126066,-0.005590628472122994,-0.005590628472122994,-0.04989607906514254,-0.056504717966416595,0.11683682326921627,-1.0214423952847296,-0.04989607906514646,0.1168368232663153
77.5,77.5,82297.324289104,6.82,403,astribot_arm_left_joint_6,-0.29156615486538984,-0.28720817204899995,-0.004357982816389883,-0.004357982816389883,-0.03889724453171513,-0.044046038815499094,0.09108191605581678,-0.29156615486538984,-0.03889724453171573,0.09108191605526697
77.5,77.5,82297.324289104,6.82,403,astribot_arm_left_joint_7,-1.1267349017797015,-1.1089717147290215,-0.01776318705068003,-0.01776318705068003,-0.15854621987723508,-0.17953208145211258,0.3712523512580775,-1.1267349017797015,-0.15854621987723727,0.37125235125679923
77.52,77.52,82297.326266541,6.84,404,astribot_arm_left_joint_1,0.03662645259851326,0.041785882869185074,-0.005159430270671818,-0.005159430270671818,-0.04519020067376845,-0.05225568328509532,0.087261427407805,0.036626452598513264,-0.045190200673768846,0.08726142740778142
77.52,77.52,82297.326266541,6.84,404,astribot_arm_left_joint_2,-1.2798265805671196,-1.2676890275745278,-0.012137552992591782,-0.012137552992591782,-0.10630420957769707,-0.1229320642679984,0.20527142896560607,-1.2798265805671196,-0.10630420957771357,0.20527142895920453
77.52,77.52,82297.326266541,6.84,404,astribot_arm_left_joint_3,-0.5795803712061441,-0.5659509519950906,-0.01362941921105354,-0.01362941921105354,-0.11937335813004292,-0.1380417136217763,0.2305077089669489,-0.5795803712061443,-0.11937335813004993,0.23050770896375064
77.52,77.52,82297.326266541,6.84,404,astribot_arm_left_joint_4,0.5978768839533094,0.6071733567681445,-0.009296472814835144,-0.009296472814835144,-0.08142204821068924,-0.09415682430697216,0.15722444342856293,0.5978768839533094,-0.08142204821068913,0.1572244434286977
77.52,77.52,82297.326266541,6.84,404,astribot_arm_left_joint_5,-1.0224181463580817,-1.0169633106881655,-0.005454835669916225,-0.005454835669916225,-0.04777314935790536,-0.05524810281442902,0.09224905272602955,-1.0224181463580815,-0.047773149357898205,0.09224905272782907
77.52,77.52,82297.326266541,6.84,404,astribot_arm_left_joint_6,-0.2923268164005918,-0.2880746404184916,-0.004252175982100204,-0.004252175982100204,-0.03724228250877122,-0.04306700879227387,0.07191414694447368,-0.2923268164005918,-0.03724228250877471,0.0719141469430632
77.52,77.52,82297.326266541,6.84,404,astribot_arm_left_joint_7,-1.1298353787534354,-1.1125034501701956,-0.017331928583239842,-0.017331928583239842,-0.15180054994774783,-0.1755416736020061,0.29312400636405356,-1.1298353787534354,-0.1518005499477567,0.2931240063590164
77.54,77.54,82297.344272121,6.86,405,astribot_arm_left_joint_1,0.035745566512777195,0.040760930654602644,-0.0050153641418254485,-0.0050153641418254485,-0.0428452522958181,-0.05090091883394192,0.11367003356026514,0.035745566512777174,-0.04284525229581507,0.11367003356061985
77.54,77.54,82297.344272121,6.86,405,astribot_arm_left_joint_2,-1.281898753243408,-1.27010022071446,-0.011798532528948025,-0.011798532528948025,-0.10078801624147991,-0.11974378416540843,0.26739432200927515,-1.2818987532434085,-0.10078801624149589,0.26739432200286345
77.54,77.54,82297.344272121,6.86,405,astribot_arm_left_joint_3,-0.5819072989165006,-0.5686585156581939,-0.013248783258306696,-0.013248783258306696,-0.11317899832762791,-0.13446217458329732,0.30026805418852054,-0.5819072989165005,-0.11317899832761562,0.30026805419209524
77.54,77.54,82297.344272121,6.86,405,astribot_arm_left_joint_4,0.5962897356717891,0.6053265593463625,-0.009036823674573369,-0.009036823674573369,-0.0771970061211613,-0.09171501416392043,0.20480650262062713,0.596289735671789,-0.07719700612116036,0.20480650261933153
77.54,77.54,82297.344272121,6.86,405,astribot_arm_left_joint_5,-1.023349381491224,-1.0180469426010539,-0.005302438890170125,-0.005302438890170125,-0.04529417012288358,-0.053814834569620155,0.12016710281645286,-1.023349381491224,-0.04529417012288127,0.12016710281968328
77.54,77.54,82297.344272121,6.86,405,astribot_arm_left_joint_6,-0.2930527748600345,-0.2889193595699849,-0.004133415290049625,-0.004133415290049625,-0.03530975668109721,-0.041950155335145844,0.09367808594428247,-0.2930527748600345,-0.03530975668109134,0.09367808594627713
77.54,77.54,82297.344272121,6.86,405,astribot_arm_left_joint_7,-1.1327944050525531,-1.1159465376902462,-0.016847867362306923,-0.016847867362306923,-0.14392352244922577,-0.1709894661641733,0.3818344098809649,-1.1327944050525531,-0.14392352244918763,0.3818344098908815
77.57,77.57,82297.379018193,6.89,406,astribot_arm_left_joint_1,0.03450757938637106,0.039280130936281805,-0.004772551549910749,-0.004772551549910749,-0.03961202627548201,-0.04855835948607316,0.12569615488311628,0.034507579386371064,-0.0396120262754873,0.12569615488233868
77.57,77.57,82297.379018193,6.89,406,astribot_arm_left_joint_2,-1.2848109607790652,-1.273583756363851,-0.011227204415214187,-0.011227204415214187,-0.09318226253049754,-0.11423162939596296,0.2956842455280825,-1.2848109607790652,-0.09318226253047088,0.29568424553377254
77.57,77.57,82297.379018193,6.89,406,astribot_arm_left_joint_3,-0.5851775362333849,-0.5725702467730485,-0.012607289460336402,-0.012607289460336402,-0.10463818545466191,-0.12827317184847548,0.33203596995627627,-0.5851775362333854,-0.10463818545478433,0.3320359699360218
77.57,77.57,82297.379018193,6.89,406,astribot_arm_left_joint_4,0.5940591758161663,0.6026584207760916,-0.008599244959925256,-0.008599244959925256,-0.07137149791404969,-0.08749330009001272,0.22647472750020725,0.5940591758161661,-0.07137149791410403,0.22647472748795805
77.57,77.57,82297.379018193,6.89,406,astribot_arm_left_joint_5,-1.02465812858708,-1.0196124919634661,-0.005045636623613792,-0.005045636623613792,-0.04187614171676517,-0.051337145708563243,0.13288060448155292,-1.0246581285870804,-0.04187614171685811,0.13288060445269068
77.57,77.57,82297.379018193,6.89,406,astribot_arm_left_joint_6,-0.29407302849060984,-0.29013975816686277,-0.003933270323747073,-0.003933270323747073,-0.03264518084231899,-0.04001918135022936,0.10358908880309153,-0.29407302849060996,-0.03264518084233922,0.10358908879836144
77.57,77.57,82297.379018193,6.89,406,astribot_arm_left_joint_7,-1.1369529864222914,-1.1209209031405127,-0.01603208328177863,-0.01603208328177863,-0.13306263932253806,-0.16311889969376572,0.42223192532707365,-1.1369529864222916,-0.13306263932247442,0.4222319253507246
77.59,77.59,82297.400474801,6.91,407,astribot_arm_left_joint_1,0.033737431399701555,0.03833429000491188,-0.004596858605210329,-0.004596858605210329,-0.037336267674697,-0.04685857772215492,0.12884422119005295,0.03373743139970159,-0.03733626767468627,0.1288442211923009
77.59,77.59,82297.400474801,6.91,407,astribot_arm_left_joint_2,-1.2866226361370006,-1.2758087998082048,-0.010813836328795734,-0.010813836328795734,-0.08782882936072228,-0.1102323003813119,0.30308967179284463,-1.2866226361369992,-0.08782882936042437,0.3030896718388945
77.59,77.59,82297.400474801,6.91,407,astribot_arm_left_joint_3,-0.5872119408178997,-0.5750688015287159,-0.012143139289183869,-0.012143139289183869,-0.09862659572031193,-0.12378258135053172,0.34035182694014265,-0.5872119408178997,-0.09862659572027584,0.34035182694678506
77.59,77.59,82297.400474801,6.91,407,astribot_arm_left_joint_4,0.5926715513850943,0.60095419431642,-0.008282642931325745,-0.008282642931325745,-0.06727111943051026,-0.08443019650146684,0.23214679805689542,0.5926715513850941,-0.06727111943054888,0.2321467980482435
77.59,77.59,82297.400474801,6.91,407,astribot_arm_left_joint_5,-1.0254722961332794,-1.0206124514033224,-0.004859844729957041,-0.004859844729957041,-0.03947030695790268,-0.04953957772981906,0.13620860566876117,-1.0254722961332803,-0.03947030695805261,0.13620860565354917
77.59,77.59,82297.400474801,6.91,407,astribot_arm_left_joint_6,-0.29470772513867655,-0.2909192665893,-0.003788458549376539,-0.003788458549376539,-0.03076967589944212,-0.03861813901264419,0.10618348256630789,-0.2947077251386767,-0.030769675899470238,0.10618348256303023
77.59,77.59,82297.400474801,6.91,407,astribot_arm_left_joint_7,-1.1395400271119651,-1.1240981942948594,-0.01544183281710576,-0.01544183281710576,-0.12541803049120212,-0.15740828260826592,0.432806744476518,-1.1395400271119658,-0.12541803049137026,0.4328067444491943
77.61,77.61,82297.422593357,6.93,408,astribot_arm_left_joint_1,0.03301298803705168,0.03742412964576289,-0.004411141608711207,-0.004411141608711207,-0.035031929184194635,-0.045047449947878765,0.14739520807331796,0.03301298803705166,-0.03503192918420068,0.14739520807224202
77.61,77.61,82297.422593357,6.93,408,astribot_arm_left_joint_2,-1.2883267971697474,-1.2779498954158728,-0.010376901753874623,-0.010376901753874623,-0.08240816562840678,-0.10597119757700922,0.34672851318628284,-1.2883267971697479,-0.08240816562849249,0.346728513173917
77.61,77.61,82297.422593357,6.93,408,astribot_arm_left_joint_3,-0.5891256131558218,-0.5774730949987518,-0.011652518157070024,-0.011652518157070024,-0.0925395100295947,-0.11899795450051485,0.38935567220245987,-0.5891256131558219,-0.09253951002964893,0.3893556721922721
77.61,77.61,82297.422593357,6.93,408,astribot_arm_left_joint_4,0.591366275871373,0.5993142643388848,-0.007947988467511768,-0.007947988467511768,-0.06311924674875664,-0.08116656857368847,0.26557128665239604,0.5913662758713734,-0.06311924674867338,0.26557128666760316
77.61,77.61,82297.422593357,6.93,408,astribot_arm_left_joint_5,-1.0262381467037411,-1.0215746800710892,-0.004663466632651936,-0.004663466632651936,-0.03703425876110115,-0.04762441945762507,0.1558199163504313,-1.0262381467037403,-0.037034258760959185,0.15581991637291245
77.61,77.61,82297.422593357,6.93,408,astribot_arm_left_joint_6,-0.29530475555613794,-0.29166936618783734,-0.003635389368300601,-0.003635389368300601,-0.028870617612986392,-0.03712537436617977,0.12147177700947517,-0.2953047555561379,-0.02887061761296145,0.12147177701407715
77.61,77.61,82297.422593357,6.93,408,astribot_arm_left_joint_7,-1.1419735392277928,-1.1271556154740316,-0.01481792375376112,-0.01481792375376112,-0.1176774175951589,-0.15132378973763594,0.49512224577283537,-1.141973539227792,-0.11767741759506649,0.4951222457830147
77.63,77.63,82297.445180857,6.95,409,astribot_arm_left_joint_1,0.032338749455182565,0.03655169910572425,-0.004212949650541684,-0.004212949650541684,-0.0325091857435049,-0.04313163800262897,0.1315652071101195,0.03233874945518255,-0.032509185743504206,0.13156520711010958
77.63,77.63,82297.445180857,6.95,409,astribot_arm_left_joint_2,-1.289912857829886,-1.280002225219654,-0.009910632610232062,-0.009910632610232062,-0.07647373198068606,-0.10146396293743135,0.3094904457413015,-1.2899128578298857,-0.07647373198066498,0.3094904457433868
77.63,77.63,82297.445180857,6.95,409,astribot_arm_left_joint_3,-0.5909066657401997,-0.579777715525129,-0.011128950215070654,-0.011128950215070654,-0.08587549102277815,-0.11393687145733716,0.3475395185539926,-0.5909066657401995,-0.08587549102273889,0.3475395185604286
77.63,77.63,82297.445180857,6.95,409,astribot_arm_left_joint_4,0.590151457492611,0.5977423214799829,-0.007590863987371854,-0.007590863987371854,-0.05857386002789957,-0.07771440134836519,0.23704937080237656,0.5901514574926109,-0.05857386002789537,0.23704937080272337
77.63,77.63,82297.445180857,6.95,409,astribot_arm_left_joint_5,-1.0269509229250064,-1.0224970136416789,-0.004453909283327562,-0.004453909283327562,-0.03436732218209665,-0.04559869071315611,0.13908511570579474,-1.0269509229250062,-0.03436732218207653,0.13908511570788826
77.63,77.63,82297.445180857,6.95,409,astribot_arm_left_joint_6,-0.2958604110604265,-0.29238836882352126,-0.003472042236905226,-0.003472042236905226,-0.026791566789672663,-0.03554636989143078,0.10842590956627093,-0.2958604110604265,-0.026791566789669253,0.10842590956592527
77.63,77.63,82297.445180857,6.95,409,astribot_arm_left_joint_7,-1.1442384060794042,-1.1300862855527363,-0.014152120526667922,-0.014152120526667922,-0.10920315025469667,-0.14488777032424138,0.4419469375103785,-1.1442384060794044,-0.10920315025470594,0.44194693751164316
77.65,77.65,82297.469479454,6.97,410,astribot_arm_left_joint_1,0.031715663008548625,0.03571943276855473,-0.004003769760006104,-0.004003769760006104,-0.029982747600781897,-0.04109713729806026,0.10386951435754617,0.03171566300854864,-0.02998274760078162,0.1038695143576204
77.65,77.65,82297.469479454,6.97,410,astribot_arm_left_joint_2,-1.291378589586338,-1.2819600647678284,-0.009418524818509688,-0.009418524818509688,-0.0705306070154201,-0.0966776288132794,0.24433984488603247,-1.291378589586338,-0.07053060701541926,0.2443398448858289
77.65,77.65,82297.469479454,6.97,410,astribot_arm_left_joint_3,-0.5925525960620623,-0.5819762337805208,-0.010576362281541574,-0.010576362281541574,-0.0792017121789061,-0.10856232378001293,0.27437923601596964,-0.5925525960620623,-0.07920171217890963,0.27437923601475894
77.65,77.65,82297.469479454,6.97,410,astribot_arm_left_joint_4,0.5890288031573602,0.5962427506097977,-0.00721394745243753,-0.00721394745243753,-0.0540218163283483,-0.0740484472778869,0.18714828612526796,0.5890288031573602,-0.05402181632835837,0.1871482861226574
77.65,77.65,82297.469479454,6.97,410,astribot_arm_left_joint_5,-1.0276096232944252,-1.0233768802500376,-0.004232743044387588,-0.004232743044387588,-0.03169647972205819,-0.04344756798350953,0.10980641265746255,-1.0276096232944252,-0.0316964797220682,0.10980641265485498
77.65,77.65,82297.469479454,6.97,410,astribot_arm_left_joint_6,-0.29637391091497345,-0.2930742688256835,-0.003299642089289956,-0.003299642089289956,-0.024709471077557166,-0.033869577853073006,0.08560125292889671,-0.2963739109149735,-0.02470947107755915,0.08560125292833945
77.65,77.65,82297.469479454,6.97,410,astribot_arm_left_joint_7,-1.1463314453634486,-1.1328820291806343,-0.013449416182814256,-0.013449416182814256,-0.1007164718652133,-0.13805315751456795,0.3489130202406581,-1.1463314453634483,-0.1007164718652135,0.3489130202396726
77.67,77.67,82297.50270831,6.99,411,astribot_arm_left_joint_1,0.03114304932103988,0.0349293347512792,-0.0037862854302393167,-0.0037862854302393167,-0.027110582921061485,-0.03897210421477277,0.13113866860861687,0.031143049321039878,-0.02711058292106148,0.13113866860861131
77.67,77.67,82297.50270831,6.99,411,astribot_arm_left_joint_2,-1.2927255905851485,-1.2838187013524183,-0.008906889232730197,-0.008906889232730197,-0.06377420426653906,-0.09167841037205367,0.308487068073776,-1.2927255905851485,-0.06377420426653906,0.30848706807370097
77.67,77.67,82297.50270831,6.99,411,astribot_arm_left_joint_3,-0.5940651987451663,-0.5840633567762193,-0.010001841968946934,-0.010001841968946934,-0.07161467034663836,-0.10294867714747095,0.34641278461053326,-0.5940651987451663,-0.07161467034663835,0.34641278461051034
77.67,77.67,82297.50270831,6.99,411,astribot_arm_left_joint_4,0.5879970887906322,0.5948191616091154,-0.006822072818483238,-0.006822072818483238,-0.04884685521876812,-0.07021942567681495,0.23628084935547122,0.5879970887906322,-0.04884685521876811,0.23628084935547253
77.67,77.67,82297.50270831,6.99,411,astribot_arm_left_joint_5,-1.0282149660193936,-1.024212162575048,-0.00400280344434556,-0.00400280344434556,-0.02866014993864244,-0.041200802038190334,0.13863419742842165,-1.0282149660193936,-0.028660149938642448,0.13863419742837407
77.67,77.67,82297.50270831,6.99,411,astribot_arm_left_joint_6,-0.2968458150092381,-0.29372541500978466,-0.0031203999994534604,-0.0031203999994534604,-0.022342454184095792,-0.0321181975229652,0.10807438938812144,-0.2968458150092381,-0.022342454184095795,0.10807438938810729
77.67,77.67,82297.50270831,6.99,411,astribot_arm_left_joint_7,-1.1482549392044903,-1.135536115937101,-0.012718823267389379,-0.012718823267389379,-0.09106844704077666,-0.13091451381006025,0.4405141317672009,-1.1482549392044903,-0.09106844704077663,0.4405141317672061
77.69,77.69,82297.524422119,7.01,411,astribot_arm_left_joint_1,0.03062371064422635,0.03418339628735166,-0.00355968564312531,-0.00355968564312531,-0.024690019124357563,-0.03673099217817511,0.15546298636876985,0.03062371064422636,-0.02469001912435686,0.15546298636902697
77.69,77.69,82297.524422119,7.01,411,astribot_arm_left_joint_2,-1.293947268885281,-1.2855734522450566,-0.008373816640224518,-0.008373816640224518,-0.05808013525805287,-0.08640619703466243,0.3657069373096553,-1.2939472688852816,-0.058080135258111475,0.36570693730412246
77.69,77.69,82297.524422119,7.01,411,astribot_arm_left_joint_3,-0.5954370714284853,-0.5860338253590199,-0.00940324606946541,-0.00940324606946541,-0.06522056665443224,-0.09702843898458442,0.4106673232457388,-0.5954370714284853,-0.06522056665441327,0.4106673232494964
77.69,77.69,82297.524422119,7.01,411,astribot_arm_left_joint_4,0.587061363386657,0.5934751413477136,-0.006413777961056577,-0.006413777961056577,-0.04448557203759477,-0.0661812980881227,0.2801075140709689,0.587061363386657,-0.04448557203759242,0.28010751407138545
77.69,77.69,82297.524422119,7.01,411,astribot_arm_left_joint_5,-1.0287639886792805,-1.0250007566598516,-0.0037632320194289637,-0.0037632320194289637,-0.026101233313616596,-0.03883137401810711,0.16434882689010397,-1.0287639886792808,-0.026101233313662445,0.16434882688501565
77.69,77.69,82297.524422119,7.01,411,astribot_arm_left_joint_6,-0.2972738139433268,-0.2943401667226044,-0.002933647220722424,-0.002933647220722424,-0.020347611952751515,-0.030271171293048234,0.12812061844418016,-0.2972738139433268,-0.020347611952743323,0.12812061844588105
77.69,77.69,82297.524422119,7.01,411,astribot_arm_left_joint_7,-1.1499994744261537,-1.1380418583555418,-0.011957616070611854,-0.011957616070611854,-0.08293741619685377,-0.12338600916160396,0.5222231031347176,-1.1499994744261535,-0.0829374161968168,0.5222231031392739
77.72,77.72,82297.555133332,7.04,412,astribot_arm_left_joint_1,0.029943457070704955,0.03315086479592687,-0.0032074077252219127,-0.0032074077252219127,-0.021151008671107398,-0.03323140526714102,0.12853432410309074,0.029943457070704945,-0.021151008671107592,0.12853432410307533
77.72,77.72,82297.555133332,7.04,412,astribot_arm_left_joint_2,-1.2955474790495969,-1.2880023807873993,-0.007545098262197625,-0.007545098262197625,-0.04975506249209805,-0.07817353756584186,0.3023606782804823,-1.2955474790495969,-0.04975506249208882,0.30236067828131175
77.72,77.72,82297.555133332,7.04,412,astribot_arm_left_joint_3,-0.597234013071596,-0.5887613536354409,-0.00847265943615505,-0.00847265943615505,-0.055872000904238814,-0.08778381715876477,0.33953321017510385,-0.597234013071596,-0.05587200090424653,0.3395332101738071
77.72,77.72,82297.555133332,7.04,412,astribot_arm_left_joint_4,0.5858357074162708,0.5916147458350146,-0.0057790384187438315,-0.0057790384187438315,-0.03810911264051862,-0.059875669542480754,0.23158843682278873,0.5858357074162709,-0.038109112640503776,0.23158843682505323
77.72,77.72,82297.555133332,7.04,412,astribot_arm_left_joint_5,-1.0294831236927253,-1.0260923277254557,-0.0033907959672696553,-0.0033907959672696553,-0.022359942670092375,-0.03513150594082694,0.13588099568940024,-1.029483123692725,-0.022359942670083156,0.13588099569022208
77.72,77.72,82297.555133332,7.04,412,astribot_arm_left_joint_6,-0.2978344265404156,-0.29519110737202875,-0.0026433191683868373,-0.0026433191683868373,-0.017431032138174297,-0.027386995466179623,0.10592808925276982,-0.2978344265404157,-0.01743103213817235,0.10592808925279368
77.72,77.72,82297.555133332,7.04,412,astribot_arm_left_joint_7,-1.1522845465219809,-1.1415103129243822,-0.01077423359759866,-0.01077423359759866,-0.07104935805446133,-0.11163005848330294,0.43176575441365267,-1.1522845465219809,-0.07104935805446908,0.4317657544135831
77.74,77.74,82297.576923322,7.06,412,astribot_arm_left_joint_1,0.029556509264727564,0.03252110415166054,-0.002964594886932976,-0.002964594886932976,-0.01732459279295869,-0.0309019872644864,0.17541276258552885,0.029556509264727568,-0.017324592792958823,0.1754127625855831
77.74,77.74,82297.576923322,7.06,412,astribot_arm_left_joint_2,-1.2964577246349003,-1.2894838277232266,-0.006973896911673716,-0.006973896911673716,-0.04075390495402809,-0.07269371105909748,0.4126362529590297,-1.2964577246348998,-0.04075390495400585,0.4126362529592451
77.74,77.74,82297.576923322,7.06,412,astribot_arm_left_joint_3,-0.5982561651827141,-0.5904249233916892,-0.007831241791024901,-0.007831241791024901,-0.04576423182666449,-0.08163038166179958,0.46336617710854533,-0.5982561651827148,-0.04576423182673863,0.4633661771026657
77.74,77.74,82297.576923322,7.06,412,astribot_arm_left_joint_4,0.5851385190337539,0.5904800569268696,-0.005341537893115644,-0.005341537893115644,-0.031214816676901055,-0.05567850675977853,0.3160522900694889,0.585138519033755,-0.031214816676786848,0.3160522900775958
77.74,77.74,82297.576923322,7.06,412,astribot_arm_left_joint_5,-1.0298921883804908,-1.0267580954700775,-0.003134092910413333,-0.003134092910413333,-0.018314819290992955,-0.032668814771204036,0.1854388779277636,-1.0298921883804903,-0.018314819290970997,0.185438877927946
77.74,77.74,82297.576923322,7.06,412,astribot_arm_left_joint_6,-0.29815331911649406,-0.2957101115357577,-0.0024432075807363507,-0.0024432075807363507,-0.014277594910500775,-0.02546722469430486,0.14456168732463426,-0.29815331911649406,-0.014277594910512868,0.14456168732279992
77.74,77.74,82297.576923322,7.06,412,astribot_arm_left_joint_7,-1.153584361279886,-1.1436257866363737,-0.009958574643512241,-0.009958574643512241,-0.05819586269553225,-0.10380503521446284,0.5892373441809795,-1.1535843612798857,-0.05819586269548314,0.5892373441884236
77.76,77.76,82297.599384329,7.08,413,astribot_arm_left_joint_1,0.029253198785190254,0.03194141000317395,-0.0026882112179836964,-0.0026882112179836964,-0.012610530338665512,-0.02832346606885036,0.2304180144152899,0.02925319878519025,-0.012610530338665259,0.23041801441530307
77.76,77.76,82297.599384329,7.08,413,astribot_arm_left_joint_2,-1.2971712240286428,-1.2908474967387635,-0.0063237272898792884,-0.0063237272898792884,-0.029664671544285183,-0.06662793253508136,0.5420291242276307,-1.2971712240286428,-0.029664671544281884,0.5420291242279289
77.76,77.76,82297.599384329,7.08,413,astribot_arm_left_joint_3,-0.5990573829236977,-0.5919562369685254,-0.0071011459551723055,-0.0071011459551723055,-0.03331167668837744,-0.07481894017053102,0.6086667406717313,-0.5990573829236977,-0.0333116766883767,0.6086667406718682
77.76,77.76,82297.599384329,7.08,413,astribot_arm_left_joint_4,0.584592025322298,0.589435577753958,-0.004843552431660014,-0.004843552431660014,-0.02272119162757425,-0.05103253849214519,0.41515873792584673,0.584592025322298,-0.022721191627574844,0.41515873792571306
77.76,77.76,82297.599384329,7.08,413,astribot_arm_left_joint_5,-1.0302128352602278,-1.0273709328317626,-0.0028419024284651595,-0.0028419024284651595,-0.013331313877110899,-0.029942807046029963,0.24358808000969306,-1.0302128352602278,-0.01333131387710472,0.24358808001050297
77.76,77.76,82297.599384329,7.08,413,astribot_arm_left_joint_6,-0.2984032842504918,-0.2961878539997427,-0.0022154302507491064,-0.0022154302507491064,-0.010392627747958199,-0.023342170596348827,0.18989277896595563,-0.2984032842504918,-0.010392627747959002,0.18989277896583512
77.76,77.76,82297.599384329,7.08,413,astribot_arm_left_joint_7,-1.154603225921162,-1.1455730767892922,-0.009030149131869836,-0.009030149131869836,-0.04236063155287638,-0.09514326884822256,0.7740080987609177,-1.1546032259211623,-0.04236063155287594,0.7740080987607084
77.78,77.78,82297.623250541,7.1,413,astribot_arm_left_joint_1,0.029023651062738142,0.03141892849185099,-0.002395277429112847,-0.002395277429112847,-0.01167914999097131,-0.025366039040544422,-0.1551208623621716,0.02902365106273815,-0.011679149990970727,-0.15512086236215358
77.78,77.78,82297.623250541,7.1,413,astribot_arm_left_joint_2,-1.2977112059015223,-1.292076577984346,-0.0056346279171763936,-0.0056346279171763936,-0.027473717527676512,-0.059670851757145815,-0.36490213401541105,-1.2977112059015223,-0.02747371752766627,-0.36490213401506055
77.78,77.78,82297.623250541,7.1,413,astribot_arm_left_joint_3,-0.5996637507218412,-0.5933364176150993,-0.006327333106741939,-0.006327333106741939,-0.030851364537901025,-0.0670066054994267,-0.40976357661973584,-0.5996637507218412,-0.03085136453788972,-0.40976357661865037
77.78,77.78,82297.623250541,7.1,413,astribot_arm_left_joint_4,0.584178434644552,0.5884941836382147,-0.004315748993662716,-0.004315748993662716,-0.021043064634507423,-0.04570388738898093,-0.27949108756755114,0.5841784346445519,-0.02104306463451461,-0.2794910875681248
77.78,77.78,82297.623250541,7.1,413,astribot_arm_left_joint_5,-1.0304555033047593,-1.0279232856374778,-0.002532217667281511,-0.002532217667281511,-0.012346698367674557,-0.0268162562682913,-0.16398714800517578,-1.0304555033047589,-0.012346698367635446,-0.16398714800252745
77.78,77.78,82297.623250541,7.1,413,astribot_arm_left_joint_6,-0.29859245980185783,-0.29661844560727524,-0.001974014194582596,-0.001974014194582596,-0.009625055807249917,-0.020904858250989772,-0.1278386661919575,-0.2985924598018579,-0.009625055807255157,-0.1278386661922806
77.78,77.78,82297.623250541,7.1,413,astribot_arm_left_joint_7,-1.1553743105808436,-1.1473281789748597,-0.008046131605983886,-0.008046131605983886,-0.03923198757954909,-0.0852087272297356,-0.5210738581324756,-1.1553743105808438,-0.0392319875795676,-0.5210738581344173
77.8,77.8,82297.642629181,7.12,413,astribot_arm_left_joint_1,0.0287434203673481,0.030951112216682966,-0.0022076918493348675,-0.0022076918493348675,-0.016542290431764695,-0.02282885331718933,-0.19969857893148157,0.028743420367348116,-0.016542290431764178,-0.19969857893149506
77.8,77.8,82297.642629181,7.12,413,astribot_arm_left_joint_2,-1.29837041303335,-1.2931770643354583,-0.005193348697891675,-0.005193348697891675,-0.038913637973181064,-0.053702356037835734,-0.4697655525003661,-1.2983704130333498,-0.03891363797316638,-0.46976555250028396
77.8,77.8,82297.642629181,7.12,413,astribot_arm_left_joint_3,-0.6004040014545465,-0.5945721947494098,-0.005831806705136722,-0.005831806705136722,-0.043697720535923246,-0.06030438276489433,-0.5275190113246673,-0.6004040014545459,-0.043697720535872495,-0.5275190113215553
77.8,77.8,82297.642629181,7.12,413,astribot_arm_left_joint_4,0.5836735252427354,0.5876512844953279,-0.003977759252592472,-0.003977759252592472,-0.02980529293889682,-0.041132424484441495,-0.3598095843540321,0.5836735252427351,-0.029805292938922912,-0.35980958435536414
77.8,77.8,82297.642629181,7.12,413,astribot_arm_left_joint_5,-1.0307517512228035,-1.028417847232851,-0.0023339039899525904,-0.0023339039899525904,-0.01748780265944863,-0.024133982846575915,-0.2111128053396496,-1.0307517512228017,-0.01748780265933026,-0.21111280533419133
77.8,77.8,82297.642629181,7.12,413,astribot_arm_left_joint_6,-0.29882340435553834,-0.29700398584557847,-0.0018194185099598692,-0.0018194185099598692,-0.0136328815631694,-0.018813881889470516,-0.16457618647980699,-0.2988234043555386,-0.013632881563182962,-0.16457618648028072
77.8,77.8,82297.642629181,7.12,413,astribot_arm_left_joint_7,-1.1563156468227314,-1.1488996507221547,-0.007415996100576638,-0.007415996100576638,-0.05556799366883147,-0.07668585866102563,-0.6708169836242757,-1.1563156468227325,-0.05556799366892013,-0.6708169836295529
77.82,77.82,82297.664657428,7.14,414,astribot_arm_left_joint_1,0.02837493328659141,0.030514242675232523,-0.0021393093886411148,-0.0021393093886411148,-0.020427909301032776,-0.021610035752121195,-0.17370544848446026,0.028374933286591412,-0.020427909301032814,-0.17370544848446345
77.82,77.82,82297.664657428,7.14,414,astribot_arm_left_joint_2,-1.29923723210641,-1.2942047509125167,-0.005032481193893323,-0.005032481193893323,-0.048054063031250066,-0.050835170827437985,-0.40862001330559566,-1.2992372321064098,-0.04805406303124315,-0.4086200133031977
77.82,77.82,82297.664657428,7.14,414,astribot_arm_left_joint_3,-0.601377388153468,-0.5957262228167237,-0.005651165336744257,-0.005651165336744257,-0.05396187882510382,-0.05708474010104862,-0.45885617682274743,-0.601377388153468,-0.05396187882511125,-0.4588561768240191
77.82,77.82,82297.664657428,7.14,414,astribot_arm_left_joint_4,0.5830095987186869,0.5868641449773364,-0.0038545462586495605,-0.0038545462586495605,-0.03680625868337308,-0.038936359408843726,-0.3129761140705418,0.5830095987186866,-0.03680625868337377,-0.3129761140708916
77.82,77.82,82297.664657428,7.14,414,astribot_arm_left_joint_5,-1.0311413000206158,-1.0288796920823833,-0.0022616079382324905,-0.0022616079382324905,-0.02159551291113261,-0.022845445037601858,-0.18363397840480447,-1.0311413000206155,-0.02159551291114901,-0.18363397840689022
77.82,77.82,82297.664657428,7.14,414,astribot_arm_left_joint_6,-0.2991270830238731,-0.29736402177096904,-0.0017630612529040413,-0.0017630612529040413,-0.016835109335871703,-0.01780940744389932,-0.1431546505515593,-0.29912708302387303,-0.016835109335867748,-0.14315465055075835
77.82,77.82,82297.664657428,7.14,414,astribot_arm_left_joint_7,-1.1575534492815294,-1.150367166330533,-0.0071862829509963255,-0.0071862829509963255,-0.06862036060796524,-0.0725915998219124,-0.5835022242832691,-1.1575534492815291,-0.06862036060795167,-0.5835022242814134
77.84,77.84,82297.684110406,7.16,414,astribot_arm_left_joint_1,0.02794271670883554,0.03008663299553011,-0.0021439162866945666,-0.0021439162866945666,-0.022470029293746363,-0.02136787419099657,-0.09546499586177681,0.027942716708835535,-0.022470029293746432,-0.0954649958617795
77.84,77.84,82297.684110406,7.16,414,astribot_arm_left_joint_2,-1.3002539667298405,-1.29521065361564,-0.005043313114200476,-0.005043313114200476,-0.052857891039533395,-0.05026545847555891,-0.224569282210886,-1.3002539667298392,-0.0528578910393418,-0.22456928219207772
77.84,77.84,82297.684110406,7.16,414,astribot_arm_left_joint_3,-0.6025191211742758,-0.596855789514955,-0.005663331659320758,-0.005663331659320758,-0.05935629437531749,-0.056445016891652024,-0.25217806005999366,-0.6025191211742764,-0.05935629437539038,-0.25217806006583193
77.84,77.84,82297.684110406,7.16,414,astribot_arm_left_joint_4,0.582230846721422,0.5860936902953662,-0.0038628435739441747,-0.0038628435739441747,-0.04048567568126529,-0.03850000574855726,-0.1720053325595603,0.5822308467214218,-0.04048567568129946,-0.1720053325632424
77.84,77.84,82297.684110406,7.16,414,astribot_arm_left_joint_5,-1.0315982209197527,-1.0293317468449341,-0.002266474074818614,-0.002266474074818614,-0.023754354915831312,-0.022589396858153813,-0.10092151478631672,-1.0315982209197538,-0.023754354915925997,-0.10092151479233923
77.84,77.84,82297.684110406,7.16,414,astribot_arm_left_joint_6,-0.29948328263471313,-0.2977164261085798,-0.0017668565261333424,-0.0017668565261333424,-0.018518067334591642,-0.017609821236073606,-0.07867489616750178,-0.29948328263471263,-0.018518067334538424,-0.07867489616276328
77.84,77.84,82297.684110406,7.16,414,astribot_arm_left_joint_7,-1.1590053285213133,-1.1518035754859792,-0.007201753035334102,-0.007201753035334102,-0.07548014289116355,-0.07177808602357683,-0.32068100288791834,-1.1590053285213124,-0.07548014289108519,-0.32068100288354834
77.86,77.86,82297.705557639,7.18,415,astribot_arm_left_joint_1,0.027464320135307353,0.02965615712075914,-0.0021918369854517887,-0.0021918369854517887,-0.025439057237926038,-0.02160842472097722,-0.13054928423152737,0.027464320135307356,-0.02543905723792629,-0.13054928423166523
77.86,77.86,82297.705557639,7.18,415,astribot_arm_left_joint_2,-1.3013793339301474,-1.29622329768658,-0.005156036243567419,-0.005156036243567419,-0.0598421523197574,-0.050831276055034826,-0.3071006161549527,-1.3013793339301474,-0.05984215231976217,-0.30710061615710205
77.86,77.86,82297.705557639,7.18,415,astribot_arm_left_joint_3,-0.6037828421723803,-0.5979929268874248,-0.005789915284955538,-0.005789915284955538,-0.06719920790079946,-0.05708042109778746,-0.3448558808774918,-0.6037828421723802,-0.06719920790076775,-0.3448558808735859
77.86,77.86,82297.705557639,7.18,415,astribot_arm_left_joint_4,0.581368889299395,0.5853180720207755,-0.003949182721380451,-0.003949182721380451,-0.04583516147256876,-0.03893339185890588,-0.23521891817229806,0.5813688892993949,-0.04583516147258867,-0.23521891817479298
77.86,77.86,82297.705557639,7.18,415,astribot_arm_left_joint_5,-1.032103961337338,-1.0297868308514366,-0.0023171304859013198,-0.0023171304859013198,-0.026893084403963652,-0.022843659888215597,-0.13801112544484936,-1.032103961337338,-0.02689308440396942,-0.13801112544699023
77.86,77.86,82297.705557639,7.18,415,astribot_arm_left_joint_6,-0.2998775402409398,-0.29807119228174217,-0.0018063479591976517,-0.0018063479591976517,-0.020964911469441048,-0.01780805205869853,-0.10758866418328746,-0.2998775402409398,-0.02096491146943833,-0.10758866418352178
77.86,77.86,82297.705557639,7.18,415,astribot_arm_left_joint_7,-1.1606123331787812,-1.1532496116320905,-0.007362721546690709,-0.007362721546690709,-0.08545354570888004,-0.07258608424614346,-0.43853430270747795,-1.1606123331787814,-0.08545354570888633,-0.4385343027066614
77.89,77.89,82297.738320987,7.21,416,astribot_arm_left_joint_1,0.026645309184470427,0.02898555256954726,-0.002340243385076834,-0.002340243385076834,-0.029434417334895126,-0.022813323483986136,-0.12777066838151252,0.026645309184470445,-0.029434417334895477,-0.12777066838156698
77.89,77.89,82297.738320987,7.21,416,astribot_arm_left_joint_2,-1.3033059532074713,-1.2978008146384463,-0.005505138569025014,-0.005505138569025014,-0.06924072968287576,-0.05366559311469736,-0.30056427515436146,-1.3033059532074711,-0.06924072968285788,-0.30056427515266465
77.89,77.89,82297.738320987,7.21,416,astribot_arm_left_joint_3,-0.6059463219996216,-0.5997643828504428,-0.006181939149178861,-0.006181939149178861,-0.07775325600416028,-0.0602632202325243,-0.3375159553984861,-0.6059463219996217,-0.07775325600417919,-0.3375159554023703
77.89,77.89,82297.738320987,7.21,416,astribot_arm_left_joint_4,0.5798932253693863,0.5841097982873076,-0.004216572917921324,-0.004216572917921324,-0.053033854941202094,-0.041104300782135714,-0.2302125099211724,0.5798932253693863,-0.05303385494118446,-0.23021250991950307
77.89,77.89,82297.738320987,7.21,416,astribot_arm_left_joint_5,-1.0329697847215396,-1.0304957691481962,-0.002474015573343369,-0.002474015573343369,-0.031116808392920303,-0.024117384965130433,-0.13507369149494336,-1.0329697847215393,-0.031116808392905263,-0.13507369148928253
77.89,77.89,82297.738320987,7.21,416,astribot_arm_left_joint_6,-0.30055250598028327,-0.29862385418686527,-0.0019286517934180014,-0.0019286517934180014,-0.02425757950889452,-0.018801022488133385,-0.10529874302716706,-0.30055250598028327,-0.024257579508908462,-0.1052987430295365
77.89,77.89,82297.738320987,7.21,416,astribot_arm_left_joint_7,-1.163363511772738,-1.155502276073256,-0.007861235699481828,-0.007861235699481828,-0.0988745496193612,-0.0766334632095631,-0.4292005221942603,-1.163363511772738,-0.09887454961938204,-0.4292005222003625
77.91,77.91,82297.759306611,7.23,417,astribot_arm_left_joint_1,0.026032264193339427,0.02851091260616855,-0.0024786484128291215,-0.0024786484128291215,-0.03243666931580813,-0.024061562605887706,-0.235250004588187,0.02603226419333942,-0.032436669315809165,-0.23525000458835602
77.91,77.91,82297.759306611,7.23,417,astribot_arm_left_joint_2,-1.3047480637147515,-1.2989173473884366,-0.005830716326314933,-0.005830716326314933,-0.07630314629144133,-0.05660188941343206,-0.5533957676198961,-1.3047480637147517,-0.07630314629145349,-0.5533957676233084
77.91,77.91,82297.759306611,7.23,417,astribot_arm_left_joint_3,-0.6075657270517129,-0.6010181819831274,-0.006547545068585459,-0.006547545068585459,-0.0856839333539374,-0.06356052223815756,-0.621430810864743,-0.6075657270517129,-0.08568393335393976,-0.6214308108647855
77.91,77.91,82297.759306611,7.23,417,astribot_arm_left_joint_4,0.5787886633608319,0.5832546078452405,-0.004465944484408624,-0.004465944484408624,-0.058443202584823446,-0.04335331516929797,-0.42386484081870723,0.578788663360832,-0.05844320258482626,-0.423864840818512
77.91,77.91,82297.759306611,7.23,417,astribot_arm_left_joint_5,-1.0336178696932312,-1.0309975401891904,-0.002620329504040786,-0.002620329504040786,-0.034290660913055195,-0.0254369483538393,-0.2486962535710038,-1.0336178696932312,-0.03429066091305067,-0.2486962535700914
77.91,77.91,82297.759306611,7.23,417,astribot_arm_left_joint_6,-0.3010577304406727,-0.2990150165432154,-0.0020427138974573045,-0.0020427138974573045,-0.026731804335719832,-0.019829717704068942,-0.19387493307094616,-0.3010577304406727,-0.026731804335719495,-0.19387493307040934
77.91,77.91,82297.759306611,7.23,417,astribot_arm_left_joint_7,-1.1654228203265593,-1.1570966641942355,-0.008326156132323792,-0.008326156132323792,-0.10895955687737667,-0.08082645509051314,-0.7902394665084392,-1.1654228203265593,-0.1089595568773728,-0.790239466506516
77.93,77.93,82297.781615066,7.25,418,astribot_arm_left_joint_1,0.025375378763958234,0.028006861282248892,-0.002631482518290658,-0.002631482518290658,-0.03222993410932077,-0.025618648385108356,-0.028762973979694767,0.025375378763958224,-0.03222993410932078,-0.028762973979698823
77.93,77.93,82297.781615066,7.25,418,astribot_arm_left_joint_2,-1.3062933032868786,-1.300103066155359,-0.006190237131519671,-0.006190237131519671,-0.07581682796602718,-0.06026471353433161,-0.06766124443927837,-1.3062933032868786,-0.07581682796602698,-0.0676612444390827
77.93,77.93,82297.781615066,7.25,418,astribot_arm_left_joint_3,-0.6093009399616537,-0.6023496731793176,-0.006951266782336041,-0.006951266782336041,-0.08513782655480087,-0.06767366940045684,-0.07597958722353733,-0.6093009399616537,-0.08513782655480095,-0.07597958722365851
77.93,77.93,82297.781615066,7.25,418,astribot_arm_left_joint_4,0.5776051112565587,0.5823464253841617,-0.004741314127603036,-0.004741314127603036,-0.058070714662700466,-0.0461588014063632,-0.05182407289970061,0.5776051112565587,-0.05807071466270052,-0.05182407289977011
77.93,77.93,82297.781615066,7.25,418,astribot_arm_left_joint_5,-1.0343123009031168,-1.031530403293226,-0.002781897609890782,-0.002781897609890782,-0.03407210928570916,-0.02708301535173142,-0.030406987165195257,-1.0343123009031168,-0.03407210928570976,-0.03040698716583996
77.93,77.93,82297.781615066,7.25,418,astribot_arm_left_joint_6,-0.30159908481335007,-0.29943041735228987,-0.002168667461060203,-0.002168667461060203,-0.026561429102820295,-0.021112941935909985,-0.023704227615306796,-0.30159908481335007,-0.02656142910282012,-0.023704227615122645
77.93,77.93,82297.781615066,7.25,418,astribot_arm_left_joint_7,-1.167629395379248,-1.15878984894426,-0.008839546434987966,-0.008839546434987966,-0.10826510282381843,-0.08605691366630282,-0.09661907234526516,-1.167629395379248,-0.10826510282381892,-0.09661907234576324
77.95,77.95,82297.805657102,7.27,418,astribot_arm_left_joint_1,0.02473291391763636,0.027474448816196293,-0.0027415348985599317,-0.0027415348985599317,-0.0308920922308164,-0.026926421543005584,0.20560793956119117,0.024732913917636358,-0.030892092230817212,0.20560793956096968
77.95,77.95,82297.805657102,7.27,418,astribot_arm_left_joint_2,-1.3078046202682474,-1.3013555005238477,-0.006449119744399656,-0.006449119744399656,-0.0726697248039028,-0.06334106563862459,0.4836665731219063,-1.3078046202682476,-0.07266972480397643,0.48366657310798716
77.95,77.95,82297.805657102,7.27,418,astribot_arm_left_joint_3,-0.6109980598027357,-0.6037560822614415,-0.007241977541294187,-0.007241977541294187,-0.08160381530220968,-0.07112824085439823,0.5431290376711742,-0.6109980598027361,-0.08160381530229616,0.5431290376593441
77.95,77.95,82297.805657102,7.27,418,astribot_arm_left_joint_4,0.5764475416306007,0.5813871430934958,-0.004939601462895071,-0.004939601462895071,-0.05566024017248744,-0.04851508793250068,0.3704568538779984,0.5764475416306005,-0.05566024017253103,0.37045685387205085
77.95,77.95,82297.805657102,7.27,418,astribot_arm_left_joint_5,-1.034991487288725,-1.0320932482846796,-0.0028982390040452888,-0.0028982390040452888,-0.03265780001229893,-0.028465523034839284,0.21735992890451095,-1.0349914872887251,-0.03265780001232565,0.21735992890858397
77.95,77.95,82297.805657102,7.27,418,astribot_arm_left_joint_6,-0.3021285548522509,-0.29986919112872223,-0.00225936372352864,-0.00225936372352864,-0.02545888287711398,-0.022190703035656324,0.16944622633125928,-0.3021285548522508,-0.025458882877124202,0.1694462263280363
77.95,77.95,82297.805657102,7.27,418,astribot_arm_left_joint_7,-1.1697875295662994,-1.1605783025738539,-0.00920922699244553,-0.00920922699244553,-0.10377109461262439,-0.09044989859673114,0.6906673976290021,-1.1697875295662987,-0.10377109461247762,0.6906673976568791
77.97,77.97,82297.827259816,7.29,419,astribot_arm_left_joint_1,0.024140762181489077,0.02692341183706594,-0.0027826496555768618,-0.0027826496555768618,-0.02846204156390977,-0.027688349045500604,0.1395744349897936,0.02414076218148908,-0.028462041563908778,0.13957443498966854
77.97,77.97,82297.827259816,7.29,419,astribot_arm_left_joint_2,-1.3091975820458606,-1.3026517463832616,-0.00654583566259892,-0.00654583566259892,-0.06695333913788923,-0.06513338860161935,0.32833113745011333,-1.3091975820458608,-0.06695333913788012,0.32833113745065284
77.97,77.97,82297.827259816,7.29,419,astribot_arm_left_joint_3,-0.6125622737299267,-0.6052116892260587,-0.007350584503867941,-0.007350584503867941,-0.07518465131964268,-0.07314092150824422,0.36869650422531,-0.6125622737299266,-0.07518465131962243,0.3686965042289567
77.97,77.97,82297.827259816,7.29,419,astribot_arm_left_joint_4,0.5753806243235347,0.5803943040297274,-0.0050136797061927085,-0.0050136797061927085,-0.0512818638961302,-0.049887891888535214,0.2514801042116278,0.5753806243235348,-0.05128186389613304,0.2514801042098376
77.97,77.97,82297.827259816,7.29,419,astribot_arm_left_joint_5,-1.0356174848039326,-1.0326757820723598,-0.002941702731572793,-0.002941702731572793,-0.030088854273504925,-0.029270988715543466,0.14755212922275882,-1.0356174848039326,-0.030088854273501164,0.14755212922025399
77.97,77.97,82297.827259816,7.29,419,astribot_arm_left_joint_6,-0.30261656070123694,-0.30032331371208487,-0.0022932469891520646,-0.0022932469891520646,-0.023456222298085756,-0.022818621104062645,0.1150264982560867,-0.30261656070123705,-0.02345622229809779,0.115026498253725
77.97,77.97,82297.827259816,7.29,419,astribot_arm_left_joint_7,-1.1717766545947221,-1.162429318382,-0.009347336212722102,-0.009347336212722102,-0.09560819597207208,-0.09300931087792427,0.46885111539075475,-1.1717766545947224,-0.09560819597212408,0.4688511153787191
77.99,77.99,82297.84814922,7.31,420,astribot_arm_left_joint_1,0.02360045325637607,0.026367004750035335,-0.0027665514936592653,-0.0027665514936592653,-0.025833694141294366,-0.027814212262233802,0.09106055639596994,0.023600453256376084,-0.025833694141295,0.09106055639586842
77.99,77.99,82297.84814922,7.31,420,astribot_arm_left_joint_2,-1.3104685901926612,-1.3039606244874136,-0.006507965705247587,-0.006507965705247587,-0.06077048553043079,-0.06542945389264046,0.21420839755370563,-1.3104685901926614,-0.06077048553043733,0.21420839755207122
77.99,77.99,82297.84814922,7.31,420,astribot_arm_left_joint_3,-0.6139895409218562,-0.6066814815877194,-0.007308059334136807,-0.007308059334136807,-0.06824167134847647,-0.0734733915796957,0.24054339764127977,-0.6139895409218562,-0.06824167134847679,0.24054339764153837
77.99,77.99,82297.84814922,7.31,420,astribot_arm_left_joint_4,0.574407115494335,0.5793917894580464,-0.0049846739637113835,-0.0049846739637113835,-0.046546203789127806,-0.05011466024524589,0.16406957487283536,0.574407115494335,-0.046546203789129624,0.16406957487238782
77.99,77.99,82297.84814922,7.31,420,astribot_arm_left_joint_5,-1.0361886763143482,-1.0332639927116345,-0.0029246836027136958,-0.0029246836027136958,-0.027310277676960728,-0.02940403659911355,0.09626532957294907,-1.0361886763143482,-0.027310277676963344,0.0962653295727067
77.99,77.99,82297.84814922,7.31,420,astribot_arm_left_joint_6,-0.303061841698689,-0.30078186185818817,-0.002279979840500823,-0.002279979840500823,-0.021290140807315686,-0.022922344721991787,0.0750450964175788,-0.30306184169868894,-0.021290140807315772,0.07504509641774158
77.99,77.99,82297.84814922,7.31,420,astribot_arm_left_joint_7,-1.1735916319736885,-1.1642983729251144,-0.009293259048574143,-0.009293259048574143,-0.08677918927912452,-0.09343209217259532,0.3058858410295059,-1.1735916319736885,-0.08677918927912025,0.3058858410310887
78.01,78.01,82297.869565588,7.33,420,astribot_arm_left_joint_1,0.02310865612306349,0.025816049082683014,-0.002707392959619522,-0.002707392959619522,-0.022986330651798708,-0.027430051911252577,0.1789746900473741,0.023108656123063485,-0.022986330651798947,0.17897469004747754
78.01,78.01,82297.869565588,7.33,420,astribot_arm_left_joint_2,-1.3116254805084788,-1.3052566786145663,-0.006368801893912535,-0.006368801893912535,-0.05407242443262367,-0.06452575576549847,0.42101523508560024,-1.31162548050848,-0.05407242443271172,0.4210152350784125
78.01,78.01,82297.869565588,7.33,420,astribot_arm_left_joint_3,-0.6152886605196223,-0.6081368734857372,-0.007151787033885082,-0.007151787033885082,-0.06072014374984929,-0.07245859690733078,0.47277527987019474,-0.6152886605196217,-0.0607201437497871,0.47277527987726836
78.01,78.01,82297.869565588,7.33,420,astribot_arm_left_joint_4,0.573521013434565,0.5783990971808299,-0.004878083746264972,-0.004878083746264972,-0.04141592855556233,-0.049422488222377436,0.3224700405049562,0.5735210134345649,-0.04141592855559423,0.3224700405017363
78.01,78.01,82297.869565588,7.33,420,astribot_arm_left_joint_5,-1.036708583231185,-1.0338464401833505,-0.002862143047834609,-0.002862143047834609,-0.02430016665229346,-0.02899791113142202,0.18920439543795253,-1.0367085832311849,-0.024300166652190227,0.18920439545365397
78.01,78.01,82297.869565588,7.33,420,astribot_arm_left_joint_6,-0.3034671430140797,-0.3012359173102069,-0.0022312257038727967,-0.0022312257038727967,-0.018943563144505255,-0.0226057468001049,0.1474971535652715,-0.30346714301407934,-0.018943563144461245,0.14749715357068713
78.01,78.01,82297.869565588,7.33,420,astribot_arm_left_joint_7,-1.1752436510881548,-1.1661491151432566,-0.009094535944898174,-0.009094535944898174,-0.0772144753111486,-0.09214163131738844,0.6012023839280578,-1.1752436510881534,-0.07721447531099894,0.6012023839426612
78.03,78.03,82297.894085165,7.35,421,astribot_arm_left_joint_1,0.022673106153105124,0.025279422765819765,-0.0026063166127146403,-0.0026063166127146403,-0.02096795056716363,-0.026588702200733734,0.0937207150687895,0.022673106153105128,-0.020967950567163243,0.09372071506883708
78.03,78.03,82297.894085165,7.35,421,astribot_arm_left_joint_2,-1.312650056513846,-1.3065190245984901,-0.0061310319153558,-0.0061310319153558,-0.04932444154426848,-0.06254657955533846,0.22046608308521368,-1.312650056513846,-0.04932444154426283,0.2204660830868121
78.03,78.03,82297.894085165,7.35,421,astribot_arm_left_joint_3,-0.6164391989499047,-0.6095544132128767,-0.0068847857370279986,-0.0068847857370279986,-0.055388438975442184,-0.07023610281733648,0.24757040945481582,-0.6164391989499047,-0.05538843897544507,0.24757040945410821
78.03,78.03,82297.894085165,7.35,421,astribot_arm_left_joint_4,0.5727362554533348,0.5774322231046279,-0.004695967651293098,-0.004695967651293098,-0.03777928525442345,-0.04790657029432588,0.16886255132551964,0.5727362554533348,-0.03777928525442277,0.1688625513254224
78.03,78.03,82297.894085165,7.35,421,astribot_arm_left_joint_5,-1.0371690280501369,-1.0344137391486978,-0.002755288901439057,-0.002755288901439057,-0.02216642146393258,-0.028108466042935775,0.09907753566389613,-1.0371690280501369,-0.022166421463931885,0.09907753566366877
78.03,78.03,82297.894085165,7.35,421,astribot_arm_left_joint_6,-0.3038260897500095,-0.30167816357165345,-0.0021479261783560744,-0.0021479261783560744,-0.017280169749401258,-0.02191236910921005,0.07723739429106487,-0.3038260897500095,-0.017280169749402954,0.07723739429076273
78.03,78.03,82297.894085165,7.35,421,astribot_arm_left_joint_7,-1.1767067276840442,-1.1679517227956924,-0.008755004888351792,-0.008755004888351792,-0.07043443888090715,-0.08931540578379524,0.3148217064062329,-1.1767067276840444,-0.07043443888091257,0.31482170640583734
78.05,78.05,82297.92140261,7.37,421,astribot_arm_left_joint_1,0.022286330971521495,0.024763899293850162,-0.0024775683223286667,-0.0024775683223286667,-0.017147024581542637,-0.025489181179627937,0.24144846395399022,0.022286330971521513,-0.017147024581539695,0.2414484639542458
78.05,78.05,82297.92140261,7.37,421,astribot_arm_left_joint_2,-1.3135598960221806,-1.3077317286850558,-0.005828167337124768,-0.005828167337124768,-0.04033619828145674,-0.05996008960480136,0.5679768562911338,-1.3135598960221797,-0.04033619828132971,0.5679768563033246
78.05,78.05,82297.92140261,7.37,421,astribot_arm_left_joint_3,-0.6174608950605348,-0.6109162080865618,-0.006544686973973035,-0.006544686973973035,-0.04529517186726931,-0.06733163043853217,0.6378045135454062,-0.617460895060535,-0.045295171867317546,0.6378045135411112
78.05,78.05,82297.92140261,7.37,421,astribot_arm_left_joint_4,0.5720393780991286,0.5765033714441035,-0.004463993344974826,-0.004463993344974826,-0.030894880777936198,-0.04592548967567192,0.43503299785079697,0.5720393780991284,-0.030894880777955987,0.4350329978483226
78.05,78.05,82297.92140261,7.37,421,astribot_arm_left_joint_5,-1.0375779102467688,-1.0349587289833662,-0.002619181263402659,-0.002619181263402659,-0.018127101764594335,-0.02694609443887608,0.25524899998178063,-1.0375779102467688,-0.018127101764633908,0.25524899997693384
78.05,78.05,82297.92140261,7.37,421,astribot_arm_left_joint_6,-0.3041448400623592,-0.3021030184584888,-0.0020418216038703974,-0.0020418216038703974,-0.01413125686827596,-0.021006226903235496,0.19898322582918138,-0.3041448400623593,-0.01413125686829031,0.1989832258282455
78.05,78.05,82297.92140261,7.37,421,astribot_arm_left_joint_7,-1.178005962571147,-1.1696834427467258,-0.008322519824421226,-0.008322519824421226,-0.057599384880741594,-0.08562194620921112,0.8110610058295582,-1.1780059625711472,-0.057599384880720826,0.8110610058338601
78.07,78.07,82297.941774859,7.39,422,astribot_arm_left_joint_1,0.021984951985375326,0.02427705189589686,-0.0022920999105215355,-0.0022920999105215355,-0.012730035523158597,-0.02390905667964327,0.26784210922818885,0.02198495198537533,-0.012730035523158661,0.26784210922819085
78.07,78.07,82297.941774859,7.39,422,astribot_arm_left_joint_2,-1.314268851822949,-1.308876975839713,-0.005391875983236094,-0.005391875983236094,-0.029945792318006356,-0.05624304219559954,0.6300645557799501,-1.314268851822949,-0.029945792318006093,0.6300645557800065
78.07,78.07,82297.941774859,7.39,422,astribot_arm_left_joint_3,-0.6182570106145647,-0.6122022528604125,-0.006054757754152207,-0.006054757754152207,-0.033627358738338504,-0.06315760808051903,0.7075253384692726,-0.6182570106145647,-0.03362735873833873,0.7075253384692939
78.07,78.07,82297.941774859,7.39,422,astribot_arm_left_joint_4,0.5714963644817108,0.575626187350369,-0.004129822868658151,-0.004129822868658151,-0.022936511691394948,-0.043078476058625546,0.48258810107678474,0.5714963644817108,-0.022936511691395545,0.4825881010767591
78.07,78.07,82297.941774859,7.39,422,astribot_arm_left_joint_5,-1.0378965152342183,-1.0354734036129805,-0.0024231116212378723,-0.0024231116212378723,-0.013457649652177663,-0.025275650313445672,0.2831512340669373,-1.0378965152342186,-0.013457649652179273,0.28315123406668735
78.07,78.07,82297.941774859,7.39,422,astribot_arm_left_joint_6,-0.3043932134082821,-0.3025042407053201,-0.0018889727029620107,-0.0018889727029620107,-0.01049111471583806,-0.01970400864774803,0.22073483522746284,-0.3043932134082821,-0.010491114715837937,0.22073483522747886
78.07,78.07,82297.941774859,7.39,422,astribot_arm_left_joint_7,-1.1790183390412134,-1.1713188354277675,-0.007699503613445957,-0.007699503613445957,-0.042762067095480784,-0.08031406984966362,0.8997211535643852,-1.1790183390412134,-0.042762067095481346,0.8997211535642605
78.09,78.09,82297.963780386,7.41,422,astribot_arm_left_joint_1,0.02177376387578394,0.023830079571331667,-0.0020563156955477266,-0.0020563156955477266,-0.009206096290550511,-0.02177623345619298,0.03182636757671614,0.021773763875783936,-0.009206096290550478,0.031826367576711374
78.09,78.09,82297.963780386,7.41,422,astribot_arm_left_joint_2,-1.3147656450375753,-1.3099284218589267,-0.004837223178648653,-0.004837223178648653,-0.021656172685057127,-0.051225842189448804,0.07486748893617312,-1.3147656450375753,-0.021656172685055312,0.07486748893625193
78.09,78.09,82297.963780386,7.41,422,astribot_arm_left_joint_3,-0.6188148800965141,-0.6133829645367743,-0.005431915559739764,-0.005431915559739764,-0.024318604765783992,-0.05752359052360128,0.08407177481067318,-0.618814880096514,-0.024318604765780495,0.08407177481107975
78.09,78.09,82297.963780386,7.41,422,astribot_arm_left_joint_4,0.5711158534818859,0.5748208487575285,-0.0037049952756426086,-0.0037049952756426086,-0.016587207067586318,-0.03923563073108692,0.057343583266762144,0.5711158534818859,-0.016587207067583078,0.057343583267281124
78.09,78.09,82297.963780386,7.41,422,astribot_arm_left_joint_5,-1.0381197742804646,-1.0359459239500042,-0.0021738503304604695,-0.0021738503304604695,-0.009732291659115943,-0.023020917475495936,0.033645475991035845,-1.0381197742804649,-0.009732291659127562,0.03364547599024253
78.09,78.09,82297.963780386,7.41,422,astribot_arm_left_joint_6,-0.30456725838092297,-0.30287260096493396,-0.0016946574159890093,-0.0016946574159890093,-0.007586955440423501,-0.017946298935161496,0.026228840652508134,-0.3045672583809229,-0.007586955440424265,0.02622884065234535
78.09,78.09,82297.963780386,7.41,422,astribot_arm_left_joint_7,-1.1797277510531188,-1.1728202817683877,-0.0069074692847310715,-0.0069074692847310715,-0.030924635406370627,-0.0731495979178875,0.1069094633131491,-1.179727751053119,-0.030924635406383346,0.10690946331179918
78.12,78.12,82297.99557193,7.44,422,astribot_arm_left_joint_1,0.02144402654065382,0.02324443364821647,-0.0018004071075626502,-0.0018004071075626502,-0.014224545309659574,-0.018561021084887074,-0.2268199135513198,0.021444026540653804,-0.014224545309660098,-0.22681991355135273
78.12,78.12,82297.99557193,7.44,422,astribot_arm_left_joint_2,-1.3155413102538538,-1.3113060799705158,-0.004235230283337943,-0.004235230283337943,-0.033461436842525435,-0.04366245849073724,-0.5335650487735837,-1.3155413102538538,-0.03346143684251668,-0.533565048773037
78.12,78.12,82297.99557193,7.44,422,astribot_arm_left_joint_3,-0.6196859063900133,-0.614929993124409,-0.004755913265604317,-0.004755913265604317,-0.03757522020641532,-0.049030359175113246,-0.5991620831019109,-0.6196859063900129,-0.03757522020637814,-0.5991620830997965
78.12,78.12,82297.99557193,7.44,422,astribot_arm_left_joint_4,0.5705217448300639,0.5737656531185789,-0.0032439082885149517,-0.0032439082885149517,-0.02562926467934215,-0.03344257588698429,-0.408675811594267,0.5705217448300645,-0.025629264679292076,-0.408675811591296
78.12,78.12,82297.99557193,7.44,422,astribot_arm_left_joint_5,-1.0384683585028214,-1.0365650441359509,-0.0019033143668705232,-0.0019033143668705232,-0.015037581544060145,-0.019621928571501565,-0.23978432150752305,-1.0384683585028225,-0.015037581544111906,-0.23978432150946682
78.12,78.12,82297.99557193,7.44,422,astribot_arm_left_joint_6,-0.30483900249370643,-0.303355245338173,-0.0014837571555334494,-0.0014837571555334494,-0.011722774563556006,-0.015296567290320263,-0.18692750138518077,-0.3048390024937066,-0.011722774563573877,-0.1869275013863278
78.12,78.12,82297.99557193,7.44,422,astribot_arm_left_joint_7,-1.180835387400484,-1.174787553239569,-0.006047834160914922,-0.006047834160914922,-0.047782345919329505,-0.06234922053961995,-0.7619215472062937,-1.1808353874004855,-0.04778234591944352,-0.7619215472123017
78.14,78.14,82298.016305784,7.46,423,astribot_arm_left_joint_1,0.021101349761989227,0.022887137059869462,-0.0017857872978802349,-0.0017857872978802349,-0.0214747992397917,-0.017725587873680632,-0.38913753326880446,0.021101349761989227,-0.021474799239791544,-0.38913753326878225
78.14,78.14,82298.016305784,7.46,423,astribot_arm_left_joint_2,-1.3163474138682092,-1.3121465750525374,-0.004200838815671792,-0.004200838815671792,-0.05051673869533275,-0.04169720547126867,-0.9153966407405537,-1.3163474138682092,-0.05051673869533197,-0.9153966407406667
78.14,78.14,82298.016305784,7.46,423,astribot_arm_left_joint_3,-0.6205911132094667,-0.6158738194185904,-0.004717293790876265,-0.004717293790876265,-0.05672731836109166,-0.0468234972123889,-1.0279364425939201,-0.6205911132094667,-0.05672731836109642,-1.0279364425948616
78.14,78.14,82298.016305784,7.46,423,astribot_arm_left_joint_4,0.5699043223628678,0.5731218890769861,-0.003217566714118325,-0.003217566714118325,-0.03869250662638717,-0.03193732141095014,-0.7011337529382923,0.5699043223628678,-0.038692506626382045,-0.7011337529376519
78.14,78.14,82298.016305784,7.46,423,astribot_arm_left_joint_5,-1.0388306217520347,-1.0369427629963017,-0.0018878587557329407,-0.0018878587557329407,-0.022702240225040127,-0.018738742354029284,-0.411379573900258,-1.0388306217520347,-0.02270224022503506,-0.41137957389962715
78.14,78.14,82298.016305784,7.46,423,astribot_arm_left_joint_6,-0.3051214102991588,-0.30364970172310163,-0.0014717085760571624,-0.0014717085760571624,-0.017697875384116882,-0.014608066940302294,-0.3206971806431905,-0.3051214102991588,-0.017697875384115606,-0.320697180642853
78.14,78.14,82298.016305784,7.46,423,astribot_arm_left_joint_7,-1.1819864892473468,-1.1759877654029496,-0.005998723844397258,-0.005998723844397258,-0.07213701833615528,-0.05954287471790512,-1.3071703748789625,-1.1819864892473468,-0.07213701833614464,-1.3071703748771357
78.19,78.19,82298.066192938,7.51,424,astribot_arm_left_joint_1,0.020305959937521923,0.02198466257854817,-0.0016787026410262466,-0.0016787026410262466,-0.010144887991554847,-0.017468680237004788,0.09577774373190615,0.020305959937521927,-0.010144887991554882,0.09577774373190552
78.19,78.19,82298.066192938,7.51,424,astribot_arm_left_joint_2,-1.3182184674447701,-1.3142695320755768,-0.003948935369193274,-0.003948935369193274,-0.023864560969358524,-0.041092858575919544,0.22530498184914402,-1.3182184674447701,-0.023864560969359162,0.22530498184908573
78.19,78.19,82298.066192938,7.51,424,astribot_arm_left_joint_3,-0.6226921960317044,-0.6182577747539465,-0.0044344212777579495,-0.0044344212777579495,-0.02679849457070722,-0.04614485352560814,0.2530042073930061,-0.6226921960317044,-0.026798494570707185,0.25300420739302143
78.19,78.19,82298.066192938,7.51,424,astribot_arm_left_joint_4,0.5684712181130858,0.5714958433760067,-0.0030246252629209103,-0.0030246252629209103,-0.018278687565552457,-0.031474431987728396,0.17256883021943353,0.5684712181130858,-0.018278687565552926,0.17256883021939093
78.19,78.19,82298.066192938,7.51,424,astribot_arm_left_joint_5,-1.039671473890673,-1.0378968207609718,-0.0017746531297011536,-0.0017746531297011536,-0.010724742134660459,-0.018467147221446982,0.10125213847787666,-1.0396714738906727,-0.010724742134659813,0.10125213847795013
78.19,78.19,82298.066192938,7.51,424,astribot_arm_left_joint_6,-0.3057769093256238,-0.3043934517774598,-0.001383457548163991,-0.001383457548163991,-0.008360635247647135,-0.014396342321067245,0.07893263886716077,-0.3057769093256238,-0.008360635247647252,0.07893263886714995
78.19,78.19,82298.066192938,7.51,424,astribot_arm_left_joint_7,-1.1846583209935393,-1.1790193106904978,-0.005639010303041481,-0.005639010303041481,-0.034078175208684995,-0.058679879816902265,0.32173156911199696,-1.1846583209935393,-0.034078175208685724,0.32173156911194284
78.21,78.21,82298.086573332,7.53,424,astribot_arm_left_joint_1,0.020120682409524197,0.021656021051798747,-0.0015353386422745502,-0.0015353386422745502,-0.00843782330618849,-0.01607712637769922,0.0791133357854063,0.020120682409524193,-0.008437823306188506,0.07911333578540483
78.21,78.21,82298.086573332,7.53,424,astribot_arm_left_joint_2,-1.318654309305896,-1.315042619647702,-0.0036116896581939173,-0.0036116896581939173,-0.019848908031986853,-0.03781940362257434,0.18610407792708852,-1.318654309305896,-0.01984890803198926,0.18610407792695852
78.21,78.21,82298.086573332,7.53,424,astribot_arm_left_joint_3,-0.6231816207382419,-0.6191259064499997,-0.0040557142882422514,-0.0040557142882422514,-0.02228915314271753,-0.0424689572740335,0.20898390413774745,-0.6231816207382419,-0.022289153142716695,0.20898390413780818
78.21,78.21,82298.086573332,7.53,424,astribot_arm_left_joint_4,0.568137391850045,0.5709037090461497,-0.0027663171961047617,-0.0027663171961047617,-0.015202960946984223,-0.028967180491956082,0.1425435104157877,0.568137391850045,-0.015202960946985944,0.14254351041569838
78.21,78.21,82298.086573332,7.53,424,astribot_arm_left_joint_5,-1.039867341377113,-1.038244246624249,-0.0016230947528639295,-0.0016230947528639295,-0.008920106285260014,-0.016996055018131184,0.08363523839943757,-1.039867341377113,-0.008920106285256763,0.08363523839962807
78.21,78.21,82298.086573332,7.53,424,astribot_arm_left_joint_6,-0.30592960079274156,-0.3046642928373297,-0.001265307955411854,-0.001265307955411854,-0.006953804024831045,-0.013249530508062192,0.06519911745475156,-0.30592960079274156,-0.006953804024831513,0.0651991174547238
78.21,78.21,82298.086573332,7.53,424,astribot_arm_left_joint_7,-1.1852806955398718,-1.1801232661606713,-0.0051574293792004955,-0.0051574293792004955,-0.028343893126033932,-0.05400544397642404,0.26575336469787014,-1.1852806955398718,-0.028343893126035736,0.26575336469781324
78.23,78.23,82298.108632822,7.55,424,astribot_arm_left_joint_1,0.01996771027948145,0.021356262245152136,-0.001388551965670684,-0.001388551965670684,-0.006848341831974537,-0.01462249435503886,0.08225083706351544,0.019967710279481455,-0.006848341831974621,0.08225083706351337
78.23,78.23,82298.108632822,7.55,424,astribot_arm_left_joint_2,-1.3190141568199403,-1.3157477642677233,-0.0032663925522169457,-0.0032663925522169457,-0.016109854670070787,-0.03439756552203417,0.1934846513356624,-1.3190141568199403,-0.0161098546700767,0.1934846513354474
78.23,78.23,82298.108632822,7.55,424,astribot_arm_left_joint_3,-0.6235857082747266,-0.619917742228188,-0.003667966046538629,-0.003667966046538629,-0.018090416725676437,-0.03862643538281758,0.21727185281062097,-0.6235857082747265,-0.018090416725673752,0.21727185281075873
78.23,78.23,82298.108632822,7.55,424,astribot_arm_left_joint_4,0.5678617722696598,0.5703636145557912,-0.0025018422861313727,-0.0025018422861313727,-0.012339091451076353,-0.026346277210055103,0.14819654528883125,0.5678617722696598,-0.01233909145108037,0.14819654528869705
78.23,78.23,82298.108632822,7.55,424,astribot_arm_left_joint_5,-1.0400290569771142,-1.0385611388941627,-0.001467918082951547,-0.001467918082951547,-0.007239774382837889,-0.015458279450166907,0.0869520706977585,-1.0400290569771138,-0.007239774382829313,0.08695207069811169
78.23,78.23,82298.108632822,7.55,424,astribot_arm_left_joint_6,-0.3060556686392675,-0.30491133097874923,-0.0011443376605182465,-0.0011443376605182465,-0.005643875827509867,-0.012050734590496269,0.06778480433442294,-0.30605566863926753,-0.005643875827511112,0.06778480433437532
78.23,78.23,82298.108632822,7.55,424,astribot_arm_left_joint_7,-1.1857945514891914,-1.1811302002937154,-0.004664351195476035,-0.004664351195476035,-0.02300459039402611,-0.04911911950176148,0.2762926942953554,-1.1857945514891917,-0.023004590394028666,0.27629269429535896
78.25,78.25,82298.130184251,7.57,424,astribot_arm_left_joint_1,0.019847944830794304,0.021086009050808617,-0.0012380642200143128,-0.0012380642200143128,-0.005086520517609802,-0.013139799891047656,0.09457873424733458,0.0198479448307943,-0.005086520517609896,0.09457873424733163
78.25,78.25,82298.130184251,7.57,424,astribot_arm_left_joint_2,-1.3192958898321325,-1.3163835006646478,-0.002912389167484708,-0.002912389167484708,-0.011965393715072992,-0.030909714272066,0.2224844642673407,-1.3192958898321328,-0.011965393715084075,0.22248446426702648
78.25,78.25,82298.130184251,7.57,424,astribot_arm_left_joint_3,-0.6239020778323867,-0.6206316366736118,-0.0032704411587749505,-0.0032704411587749505,-0.013436431490272856,-0.034709784523905995,0.24983693248647026,-0.6239020778323867,-0.013436431490266278,0.2498369324867156
78.25,78.25,82298.130184251,7.57,424,astribot_arm_left_joint_4,0.5676459832713464,0.5698766822069199,-0.002230698935573483,-0.002230698935573483,-0.00916470634416903,-0.023674812161004432,0.1704084988511665,0.5676459832713463,-0.009164706344176059,0.17040849885099416
78.25,78.25,82298.130184251,7.57,424,astribot_arm_left_joint_5,-1.0401556678923736,-1.0388468390786787,-0.0013088288136948734,-0.0013088288136948734,-0.005377252164796051,-0.013890837609585465,0.09998459687912303,-1.0401556678923731,-0.005377252164778361,0.09998459687968404
78.25,78.25,82298.130184251,7.57,424,astribot_arm_left_joint_6,-0.30615437009684665,-0.30513405286295536,-0.001020317233891288,-0.001020317233891288,-0.004191918408836803,-0.010828811818049715,0.07794450760669296,-0.3061543700968467,-0.004191918408839171,0.07794450760662508
78.25,78.25,82298.130184251,7.57,424,astribot_arm_left_joint_7,-1.18619686129761,-1.1820380207066303,-0.004158840590979596,-0.004158840590979596,-0.01708637271756833,-0.04413852932609513,0.31770391939054843,-1.18619686129761,-0.017086372717569475,0.3177039193906852
78.27,78.27,82298.153569246,7.59,424,astribot_arm_left_joint_1,0.019765963505225654,0.020846174120777602,-0.0010802106155519478,-0.0010802106155519478,-0.003074666578169079,-0.011602850916429043,0.10548551401796469,0.019765963505225644,-0.003074666578169301,0.105485514017959
78.27,78.27,82298.153569246,7.59,424,astribot_arm_left_joint_2,-1.3194887404918942,-1.3169476819435848,-0.0025410585483094383,-0.0025410585483094383,-0.007232762754606636,-0.02729423632072956,0.24814127891459858,-1.3194887404918947,-0.007232762754625239,0.2481412789141677
78.27,78.27,82298.153569246,7.59,424,astribot_arm_left_joint_3,-0.6241186377500498,-0.621265178948319,-0.0028534588017308238,-0.0028534588017308238,-0.00812196602569883,-0.03064981632993901,0.2786480222401394,-0.6241186377500496,-0.00812196602568616,0.2786480222405193
78.27,78.27,82298.153569246,7.59,424,astribot_arm_left_joint_4,0.5674982723219969,0.5694445563805867,-0.0019462840585897645,-0.0019462840585897645,-0.005539821612350402,-0.02090559341257369,0.19005993511539598,0.5674982723219965,-0.005539821612361251,0.19005993511519573
78.27,78.27,82298.153569246,7.59,424,astribot_arm_left_joint_5,-1.0402423350470347,-1.0391003823635028,-0.0011419526835318994,-0.0011419526835318994,-0.0032504061384107863,-0.012266040332957215,0.11151477844981489,-1.0402423350470338,-0.0032504061383794814,0.1115147784506274
78.27,78.27,82298.153569246,7.59,424,astribot_arm_left_joint_6,-0.3062219327905667,-0.3053317063532753,-0.0008902264372914193,-0.0008902264372914193,-0.0025339033599547046,-0.009562176695658639,0.08693303537207958,-0.3062219327905668,-0.002533903359958658,0.08693303537199287
78.27,78.27,82298.153569246,7.59,424,astribot_arm_left_joint_7,-1.186472248663039,-1.1828436616697438,-0.0036285869932952686,-0.0036285869932952686,-0.010328258571845488,-0.03897569039117177,0.3543414014695444,-1.1864722486630392,-0.010328258571842054,0.3543414014698947
78.29,78.29,82298.173661859,7.61,424,astribot_arm_left_joint_1,0.019725775297573116,0.020638391052339482,-0.000912615754766366,-0.000912615754766366,-0.0009473174951051388,-0.00997620080156393,0.10435966305650657,0.019725775297573096,-0.0009473174951054646,0.10435966305649655
78.29,78.29,82298.173661859,7.61,424,astribot_arm_left_joint_2,-1.3195832781479595,-1.3174364652768429,-0.0021468128711166212,-0.0021468128711166212,-0.002228444132435368,-0.023467747944492474,0.24549285746991023,-1.3195832781479608,-0.002228444132463775,0.24549285746934627
78.29,78.29,82298.173661859,7.61,424,astribot_arm_left_joint_3,-0.6242247979625118,-0.6218140537821408,-0.002410744180371016,-0.002410744180371016,-0.0025024113396495164,-0.026352895811290817,0.27567400114647134,-0.6242247979625113,-0.002502411339627542,0.2756740011470142
78.29,78.29,82298.173661859,7.61,424,astribot_arm_left_joint_4,0.567425862681584,0.5690701804309873,-0.0016443177494033234,-0.0016443177494033234,-0.0017068419614565573,-0.017974754508800372,0.18803141809412127,0.5674258626815833,-0.0017068419614714603,0.1880314180939102
78.29,78.29,82298.173661859,7.61,424,astribot_arm_left_joint_5,-1.0402848203030863,-1.0393200417813426,-0.0009647785217437033,-0.0009647785217437033,-0.001001463580832718,-0.010546414936204673,0.11032457691611719,-1.0402848203030846,-0.0010014635807822233,0.1103245769172256
78.29,78.29,82298.173661859,7.61,424,astribot_arm_left_joint_6,-0.30625505281571813,-0.30550294516532106,-0.0007521076503970714,-0.0007521076503970714,-0.0007807061099960547,-0.008221616834230032,0.08600519573110071,-0.30625505281571835,-0.0007807061100018562,0.08600519573099975
78.29,78.29,82298.173661859,7.61,424,astribot_arm_left_joint_7,-1.1866072467805981,-1.1835416356912984,-0.0030656110892997024,-0.0030656110892997024,-0.003182179202320577,-0.03351153221199622,0.35055950201843755,-1.1866072467805981,-0.0031821792023070663,0.35055950201909464
