####
#
# OBJ File Generated by Meshlab
#
####
# Object T2_Link_collision_mesh.obj
#
# Vertices: 871
# Faces: 1738
#
####
vn 0.000000 0.000000 0.000000
v -0.464669 0.104849 0.040000
vn 0.000000 0.000000 0.000000
v 0.072500 0.000187 -0.036431
vn 0.000000 0.000000 0.000000
v -0.409093 -0.062534 -0.080868
vn 0.000000 0.000000 0.000000
v -0.387487 -0.061700 0.083800
vn 0.000000 0.000000 0.000000
v -0.313098 0.110967 -0.088000
vn 0.000000 0.000000 0.000000
v 0.035303 0.062464 0.048933
vn 0.000000 0.000000 0.000000
v 0.010617 -0.071718 -0.048500
vn 0.000000 0.000000 0.000000
v -0.447906 -0.030282 0.081223
vn 0.000000 0.000000 0.000000
v -0.456665 0.138254 -0.028000
vn 0.000000 0.000000 0.000000
v 0.024774 0.068065 -0.048750
vn 0.000000 0.000000 0.000000
v -0.391275 -0.065909 0.079336
vn 0.000000 0.000000 0.000000
v 0.047738 -0.053809 0.048750
vn 0.000000 0.000000 0.000000
v -0.354180 -0.050039 -0.083800
vn 0.000000 0.000000 0.000000
v -0.454105 -0.012279 -0.078524
vn 0.000000 0.000000 0.000000
v -0.410848 0.138449 0.088000
vn 0.000000 0.000000 0.000000
v 0.071633 -0.007263 -0.049000
vn 0.000000 0.000000 0.000000
v 0.058021 0.043472 -0.048500
vn 0.000000 0.000000 0.000000
v -0.406731 0.162183 -0.028000
vn 0.000000 0.000000 0.000000
v -0.391670 -0.065897 -0.080095
vn 0.000000 0.000000 0.000000
v -0.425965 -0.054917 0.080219
vn 0.000000 0.000000 0.000000
v 0.071158 0.010534 0.048750
vn 0.000000 0.000000 0.000000
v 0.004626 -0.071851 0.048500
vn 0.000000 0.000000 0.000000
v -0.449154 -0.015565 -0.083800
vn 0.000000 0.000000 0.000000
v -0.454876 -0.007714 0.073194
vn 0.000000 0.000000 0.000000
v -0.464518 0.116489 -0.028000
vn 0.000000 0.000000 0.000000
v -0.437852 0.097127 0.088000
vn 0.000000 0.000000 0.000000
v -0.449349 0.147309 0.040000
vn 0.000000 0.000000 0.000000
v 0.052429 -0.050074 -0.048500
vn 0.000000 0.000000 0.000000
v -0.288520 0.068157 -0.088000
vn 0.000000 0.000000 0.000000
v 0.040762 0.059956 -0.048500
vn 0.000000 0.000000 0.000000
v 0.070597 0.016504 -0.048500
vn 0.000000 0.000000 0.000000
v 0.013233 0.071214 -0.048750
vn 0.000000 0.000000 0.000000
v -0.429720 0.159560 -0.028000
vn 0.000000 0.000000 0.000000
v -0.406731 0.162183 0.040000
vn 0.000000 0.000000 0.000000
v -0.402932 -0.064547 0.071224
vn 0.000000 0.000000 0.000000
v -0.378621 -0.060762 -0.083800
vn 0.000000 0.000000 0.000000
v -0.409480 -0.062412 0.080983
vn 0.000000 0.000000 0.000000
v -0.425788 -0.049923 0.083800
vn 0.000000 0.000000 0.000000
v -0.438800 -0.043732 -0.078812
vn 0.000000 0.000000 0.000000
v 0.070788 -0.013153 0.048500
vn 0.000000 0.000000 0.000000
v 0.057621 0.043172 0.048500
vn 0.000000 0.000000 0.000000
v 0.027706 -0.066456 0.048500
vn 0.000000 0.000000 0.000000
v -0.386721 -0.065473 0.080427
vn 0.000000 0.000000 0.000000
v -0.001332 -0.072488 -0.048500
vn 0.000000 0.000000 0.000000
v -0.446559 0.023647 -0.083600
vn 0.000000 0.000000 0.000000
v -0.451896 -0.021062 0.072866
vn 0.000000 0.000000 0.000000
v -0.454858 -0.007896 -0.077858
vn 0.000000 0.000000 0.000000
v -0.388564 0.094401 0.088000
vn 0.000000 0.000000 0.000000
v -0.451255 0.002651 0.083600
vn 0.000000 0.000000 0.000000
v -0.461805 0.127810 0.040000
vn 0.000000 0.000000 0.000000
v -0.436697 0.125857 0.087500
vn 0.000000 0.000000 0.000000
v 0.033099 -0.063941 -0.049000
vn 0.000000 0.000000 0.000000
v 0.052067 -0.049729 -0.049000
vn 0.000000 0.000000 0.000000
v -0.337884 0.068277 -0.088000
vn 0.000000 0.000000 0.000000
v -0.288451 0.096657 -0.088000
vn 0.000000 0.000000 0.000000
v 0.032022 0.065045 -0.041569
vn 0.000000 0.000000 0.000000
v -0.298857 0.107114 -0.088000
vn 0.000000 0.000000 0.000000
v 0.072350 0.004659 -0.048500
vn 0.000000 0.000000 0.000000
v -0.308062 0.111014 -0.087500
vn 0.000000 0.000000 0.000000
v 0.018954 0.069460 0.048500
vn 0.000000 0.000000 0.000000
v -0.418372 0.162154 -0.028000
vn 0.000000 0.000000 0.000000
v -0.440218 0.154530 -0.028000
vn 0.000000 0.000000 0.000000
v -0.429720 0.159560 0.040000
vn 0.000000 0.000000 0.000000
v 0.015167 0.070896 -0.041569
vn 0.000000 0.000000 0.000000
v -0.395817 -0.065631 0.079445
vn 0.000000 0.000000 0.000000
v -0.400560 -0.065000 -0.079880
vn 0.000000 0.000000 0.000000
v -0.382829 -0.065190 -0.081508
vn 0.000000 0.000000 0.000000
v -0.418335 -0.054578 -0.083800
vn 0.000000 0.000000 0.000000
v -0.303485 0.055662 -0.088000
vn 0.000000 0.000000 0.000000
v -0.417508 -0.059684 -0.079454
vn 0.000000 0.000000 0.000000
v -0.409631 -0.062784 0.079783
vn 0.000000 0.000000 0.000000
v -0.439199 -0.042660 0.081854
vn 0.000000 0.000000 0.000000
v -0.407622 -0.059013 0.083800
vn 0.000000 0.000000 0.000000
v -0.421538 -0.056401 0.081874
vn 0.000000 0.000000 0.000000
v -0.448549 -0.029201 -0.078392
vn 0.000000 0.000000 0.000000
v 0.071977 -0.008693 -0.041569
vn 0.000000 0.000000 0.000000
v 0.071988 -0.001323 0.048500
vn 0.000000 0.000000 0.000000
v -0.332275 -0.022888 0.083800
vn 0.000000 0.000000 0.000000
v 0.062682 -0.035426 0.048500
vn 0.000000 0.000000 0.000000
v 0.066565 0.028729 -0.035500
vn 0.000000 0.000000 0.000000
v 0.045260 0.055996 0.048500
vn 0.000000 0.000000 0.000000
v -0.392924 0.130780 0.088000
vn 0.000000 0.000000 0.000000
v 0.016390 -0.070110 0.048500
vn 0.000000 0.000000 0.000000
v -0.358383 -0.053286 0.083800
vn 0.000000 0.000000 0.000000
v 0.004610 -0.071602 0.048933
vn 0.000000 0.000000 0.000000
v -0.391259 -0.065830 0.079896
vn 0.000000 0.000000 0.000000
v 0.003812 -0.072400 -0.041569
vn 0.000000 0.000000 0.000000
v -0.001323 -0.071988 0.048500
vn 0.000000 0.000000 0.000000
v -0.461805 0.127810 -0.028000
vn 0.000000 0.000000 0.000000
v -0.453198 -0.016680 0.072975
vn 0.000000 0.000000 0.000000
v -0.454902 -0.007476 -0.069454
vn 0.000000 0.000000 0.000000
v -0.454192 -0.012227 0.073084
vn 0.000000 0.000000 0.000000
v -0.464669 0.104849 -0.028000
vn 0.000000 0.000000 0.000000
v -0.454147 0.009878 -0.078629
vn 0.000000 0.000000 0.000000
v -0.451084 -0.005507 -0.083600
vn 0.000000 0.000000 0.000000
v -0.413995 0.081536 0.088000
vn 0.000000 0.000000 0.000000
v -0.450224 -0.021512 0.081875
vn 0.000000 0.000000 0.000000
v -0.455179 0.001399 0.073966
vn 0.000000 0.000000 0.000000
v -0.444110 -0.028531 0.083800
vn 0.000000 0.000000 0.000000
v -0.464518 0.116489 0.040000
vn 0.000000 0.000000 0.000000
v -0.456665 0.138254 0.040000
vn 0.000000 0.000000 0.000000
v -0.436279 0.125583 0.088000
vn 0.000000 0.000000 0.000000
v 0.022277 -0.068993 -0.048500
vn 0.000000 0.000000 0.000000
v -0.368744 -0.058125 -0.083800
vn 0.000000 0.000000 0.000000
v 0.043472 -0.058021 -0.048500
vn 0.000000 0.000000 0.000000
v -0.291380 0.064094 -0.088000
vn 0.000000 0.000000 0.000000
v 0.065393 -0.030128 -0.049000
vn 0.000000 0.000000 0.000000
v 0.043172 -0.057621 -0.049000
vn 0.000000 0.000000 0.000000
v -0.337814 0.096777 -0.088000
vn 0.000000 0.000000 0.000000
v 0.063941 0.033099 -0.049000
vn 0.000000 0.000000 0.000000
v -0.284667 0.082397 -0.088000
vn 0.000000 0.000000 0.000000
v 0.030338 0.065847 -0.048500
vn 0.000000 0.000000 0.000000
v 0.035426 0.062682 0.048500
vn 0.000000 0.000000 0.000000
v 0.049729 0.052067 -0.049000
vn 0.000000 0.000000 0.000000
v 0.071224 0.010544 -0.049000
vn 0.000000 0.000000 0.000000
v 0.071521 0.011874 -0.035500
vn 0.000000 0.000000 0.000000
v -0.313097 0.111467 -0.087500
vn 0.000000 0.000000 0.000000
v -0.303355 0.109224 -0.088000
vn 0.000000 0.000000 0.000000
v -0.405816 0.138230 0.087500
vn 0.000000 0.000000 0.000000
v -0.318048 0.110546 -0.088000
vn 0.000000 0.000000 0.000000
v -0.449349 0.147309 -0.028000
vn 0.000000 0.000000 0.000000
v -0.418372 0.162154 0.040000
vn 0.000000 0.000000 0.000000
v -0.425512 0.135869 0.087500
vn 0.000000 0.000000 0.000000
v -0.440218 0.154530 0.040000
vn 0.000000 0.000000 0.000000
v 0.013245 0.071280 -0.048500
vn 0.000000 0.000000 0.000000
v 0.013153 0.070788 0.048500
vn 0.000000 0.000000 0.000000
v 0.019523 0.069822 -0.035500
vn 0.000000 0.000000 0.000000
v -0.393876 -0.065784 0.071005
vn 0.000000 0.000000 0.000000
v -0.400330 -0.065039 0.079554
vn 0.000000 0.000000 0.000000
v -0.396131 -0.065600 -0.079988
vn 0.000000 0.000000 0.000000
v 0.010581 -0.071471 -0.048933
vn 0.000000 0.000000 0.000000
v -0.387226 -0.065813 -0.080761
vn 0.000000 0.000000 0.000000
v -0.398996 -0.061000 -0.083800
vn 0.000000 0.000000 0.000000
v -0.440857 -0.034176 -0.083800
vn 0.000000 0.000000 0.000000
v -0.322980 0.055709 -0.088000
vn 0.000000 0.000000 0.000000
v -0.428969 -0.052795 -0.079133
vn 0.000000 0.000000 0.000000
v -0.417365 -0.059309 -0.080654
vn 0.000000 0.000000 0.000000
v -0.409185 -0.062925 -0.079668
vn 0.000000 0.000000 0.000000
v -0.418080 -0.059411 0.080001
vn 0.000000 0.000000 0.000000
v -0.433173 -0.049366 0.080437
vn 0.000000 0.000000 0.000000
v -0.443769 -0.037362 0.072428
vn 0.000000 0.000000 0.000000
v -0.397666 -0.061192 0.083800
vn 0.000000 0.000000 0.000000
v -0.432438 -0.048602 0.082201
vn 0.000000 0.000000 0.000000
v -0.417082 -0.055222 0.083800
vn 0.000000 0.000000 0.000000
v -0.413481 -0.060277 0.081656
vn 0.000000 0.000000 0.000000
v -0.451940 -0.020945 -0.078178
vn 0.000000 0.000000 0.000000
v -0.450292 -0.025344 0.072756
vn 0.000000 0.000000 0.000000
v 0.072488 -0.001332 -0.048500
vn 0.000000 0.000000 0.000000
v 0.071135 -0.007213 0.049000
vn 0.000000 0.000000 0.000000
v 0.071851 0.004626 0.048500
vn 0.000000 0.000000 0.000000
v 0.071633 -0.007263 0.048500
vn 0.000000 0.000000 0.000000
v 0.055996 -0.045260 0.048500
vn 0.000000 0.000000 0.000000
v 0.059129 -0.040200 0.049000
vn 0.000000 0.000000 0.000000
v 0.062270 0.037131 -0.041569
vn 0.000000 0.000000 0.000000
v 0.066456 0.027706 0.048500
vn 0.000000 0.000000 0.000000
v 0.053485 0.047451 0.049000
vn 0.000000 0.000000 0.000000
v 0.051317 0.051213 -0.041569
vn 0.000000 0.000000 0.000000
v 0.010544 -0.071224 0.048500
vn 0.000000 0.000000 0.000000
v 0.032869 -0.063497 0.049000
vn 0.000000 0.000000 0.000000
v -0.377364 -0.060523 0.083800
vn 0.000000 0.000000 0.000000
v -0.342788 -0.040269 0.083800
vn 0.000000 0.000000 0.000000
v 0.004622 -0.071784 0.048750
vn 0.000000 0.000000 0.000000
v -0.395796 -0.065553 0.080005
vn 0.000000 0.000000 0.000000
v 0.004659 -0.072350 -0.048500
vn 0.000000 0.000000 0.000000
v -0.003341 -0.072423 -0.035500
vn 0.000000 0.000000 0.000000
v 0.002528 -0.072456 -0.035500
vn 0.000000 0.000000 0.000000
v -0.445978 0.024501 -0.083800
vn 0.000000 0.000000 0.000000
v -0.449028 -0.027466 0.081223
vn 0.000000 0.000000 0.000000
v -0.454181 -0.012308 -0.077964
vn 0.000000 0.000000 0.000000
v -0.454253 -0.011893 -0.069561
vn 0.000000 0.000000 0.000000
v -0.455227 0.001030 -0.078203
vn 0.000000 0.000000 0.000000
v -0.449469 0.014872 -0.083600
vn 0.000000 0.000000 0.000000
v -0.453793 -0.012204 -0.079164
vn 0.000000 0.000000 0.000000
v -0.399556 0.084561 0.088000
vn 0.000000 0.000000 0.000000
v -0.428012 0.086135 0.088000
vn 0.000000 0.000000 0.000000
v -0.455127 -0.003165 0.073857
vn 0.000000 0.000000 0.000000
v -0.454758 -0.007714 0.073747
vn 0.000000 0.000000 0.000000
v -0.433502 -0.043262 0.083800
vn 0.000000 0.000000 0.000000
v -0.451056 0.002642 0.083800
vn 0.000000 0.000000 0.000000
v -0.445771 -0.032360 0.082664
vn 0.000000 0.000000 0.000000
v -0.440659 0.116597 0.087500
vn 0.000000 0.000000 0.000000
v -0.433574 0.129831 0.087500
vn 0.000000 0.000000 0.000000
v -0.439083 0.121400 0.087500
vn 0.000000 0.000000 0.000000
v 0.030864 -0.065602 -0.035500
vn 0.000000 0.000000 0.000000
v 0.015615 -0.070799 -0.041569
vn 0.000000 0.000000 0.000000
v 0.022123 -0.068517 0.048500
vn 0.000000 0.000000 0.000000
v -0.359438 -0.053890 -0.083800
vn 0.000000 0.000000 0.000000
v 0.047285 -0.054958 -0.041569
vn 0.000000 0.000000 0.000000
v 0.059542 -0.040481 -0.049000
vn 0.000000 0.000000 0.000000
v 0.069460 -0.018954 -0.049000
vn 0.000000 0.000000 0.000000
v 0.067658 -0.024625 0.048500
vn 0.000000 0.000000 0.000000
v 0.047783 -0.053859 -0.049000
vn 0.000000 0.000000 0.000000
v 0.038496 -0.061356 -0.048750
vn 0.000000 0.000000 0.000000
v -0.341667 0.082536 -0.088000
vn 0.000000 0.000000 0.000000
v 0.066917 0.027898 -0.048500
vn 0.000000 0.000000 0.000000
v 0.035672 0.063117 -0.048500
vn 0.000000 0.000000 0.000000
v 0.024625 0.067658 0.048500
vn 0.000000 0.000000 0.000000
v 0.040481 0.059542 0.048500
vn 0.000000 0.000000 0.000000
v 0.040622 0.059749 -0.048933
vn 0.000000 0.000000 0.000000
v -0.294795 0.104254 -0.088000
vn 0.000000 0.000000 0.000000
v 0.057621 0.043172 -0.049000
vn 0.000000 0.000000 0.000000
v 0.071652 0.010608 -0.048750
vn 0.000000 0.000000 0.000000
v 0.068755 0.022200 -0.048933
vn 0.000000 0.000000 0.000000
v 0.071988 -0.001323 -0.049000
vn 0.000000 0.000000 0.000000
v 0.070110 0.016390 0.048500
vn 0.000000 0.000000 0.000000
v -0.308150 0.110522 -0.088000
vn 0.000000 0.000000 0.000000
v 0.030233 0.065620 -0.048933
vn 0.000000 0.000000 0.000000
v 0.019020 0.069702 -0.048933
vn 0.000000 0.000000 0.000000
v -0.410820 0.138948 0.087500
vn 0.000000 0.000000 0.000000
v -0.401210 0.136194 0.088000
vn 0.000000 0.000000 0.000000
v -0.327357 0.107183 -0.088000
vn 0.000000 0.000000 0.000000
v -0.425764 0.160768 0.040000
vn 0.000000 0.000000 0.000000
v -0.425287 0.135423 0.088000
vn 0.000000 0.000000 0.000000
v 0.015167 0.070896 -0.042431
vn 0.000000 0.000000 0.000000
v 0.013812 0.071172 -0.035500
vn 0.000000 0.000000 0.000000
v 0.013141 0.070722 0.048750
vn 0.000000 0.000000 0.000000
v -0.404780 -0.064138 0.079663
vn 0.000000 0.000000 0.000000
v -0.398426 -0.065323 0.071115
vn 0.000000 0.000000 0.000000
v -0.378552 -0.063939 -0.082180
vn 0.000000 0.000000 0.000000
v 0.016488 -0.070531 -0.048750
vn 0.000000 0.000000 0.000000
v -0.391681 -0.065817 -0.080655
vn 0.000000 0.000000 0.000000
v -0.408933 -0.058594 -0.083800
vn 0.000000 0.000000 0.000000
v -0.313237 0.053967 -0.088000
vn 0.000000 0.000000 0.000000
v -0.445963 -0.025297 -0.083600
vn 0.000000 0.000000 0.000000
v -0.443932 -0.036414 -0.079798
vn 0.000000 0.000000 0.000000
v -0.445780 -0.025216 -0.083800
vn 0.000000 0.000000 0.000000
v -0.426942 -0.049062 -0.083800
vn 0.000000 0.000000 0.000000
v -0.425304 -0.055350 -0.079240
vn 0.000000 0.000000 0.000000
v -0.413385 -0.061366 -0.080121
vn 0.000000 0.000000 0.000000
v -0.404902 -0.064027 -0.080334
vn 0.000000 0.000000 0.000000
v -0.421876 -0.056967 0.081309
vn 0.000000 0.000000 0.000000
v -0.413871 -0.061175 0.080452
vn 0.000000 0.000000 0.000000
v -0.439522 -0.042897 0.080654
vn 0.000000 0.000000 0.000000
v -0.429665 -0.052266 0.080328
vn 0.000000 0.000000 0.000000
v -0.432452 -0.049996 -0.079026
vn 0.000000 0.000000 0.000000
v -0.446634 -0.032805 0.080950
vn 0.000000 0.000000 0.000000
v -0.404492 -0.063118 0.081427
vn 0.000000 0.000000 0.000000
v -0.418912 0.082241 0.088000
vn 0.000000 0.000000 0.000000
v -0.428985 -0.051454 0.082092
vn 0.000000 0.000000 0.000000
v -0.432885 -0.049086 0.081636
vn 0.000000 0.000000 0.000000
v -0.409265 -0.061789 0.081547
vn 0.000000 0.000000 0.000000
v -0.417581 -0.058476 0.081765
vn 0.000000 0.000000 0.000000
v -0.448399 -0.029494 0.072647
vn 0.000000 0.000000 0.000000
v -0.450384 -0.025130 -0.078285
vn 0.000000 0.000000 0.000000
v 0.072277 -0.005678 -0.035500
vn 0.000000 0.000000 0.000000
v 0.072429 0.003209 -0.042431
vn 0.000000 0.000000 0.000000
v 0.072130 -0.007313 -0.048500
vn 0.000000 0.000000 0.000000
v -0.328351 0.007153 0.083800
vn 0.000000 0.000000 0.000000
v -0.384124 0.113384 0.088000
vn 0.000000 0.000000 0.000000
v 0.072500 0.000187 -0.035500
vn 0.000000 0.000000 0.000000
v 0.071224 0.010544 0.048500
vn 0.000000 0.000000 0.000000
v 0.072247 0.006050 -0.035500
vn 0.000000 0.000000 0.000000
v 0.071602 0.004610 0.048933
vn 0.000000 0.000000 0.000000
v 0.071581 -0.011506 -0.035500
vn 0.000000 0.000000 0.000000
v 0.070722 -0.013141 0.048750
vn 0.000000 0.000000 0.000000
v 0.071566 -0.007256 0.048750
vn 0.000000 0.000000 0.000000
v 0.052067 -0.049729 0.048500
vn 0.000000 0.000000 0.000000
v 0.067188 -0.024454 0.049000
vn 0.000000 0.000000 0.000000
v 0.059487 -0.040443 0.048750
vn 0.000000 0.000000 0.000000
v 0.061062 0.039086 -0.035500
vn 0.000000 0.000000 0.000000
v 0.061413 0.038532 -0.048500
vn 0.000000 0.000000 0.000000
v 0.060989 0.038266 0.048500
vn 0.000000 0.000000 0.000000
v 0.063941 0.033099 0.048500
vn 0.000000 0.000000 0.000000
v 0.045102 0.055802 0.048933
vn 0.000000 0.000000 0.000000
v 0.049729 0.052067 0.048500
vn 0.000000 0.000000 0.000000
v 0.065994 0.027514 0.049000
vn 0.000000 0.000000 0.000000
v 0.053961 0.048420 -0.035500
vn 0.000000 0.000000 0.000000
v 0.054233 0.048115 -0.048500
vn 0.000000 0.000000 0.000000
v 0.045574 0.056385 -0.048500
vn 0.000000 0.000000 0.000000
v 0.008381 -0.072014 -0.035500
vn 0.000000 0.000000 0.000000
v 0.016333 -0.069866 0.048933
vn 0.000000 0.000000 0.000000
v 0.042872 -0.057221 0.049000
vn 0.000000 0.000000 0.000000
v -0.409030 0.081695 0.088000
vn 0.000000 0.000000 0.000000
v 0.010507 -0.070976 0.048933
vn 0.000000 0.000000 0.000000
v -0.367573 -0.057692 0.083800
vn 0.000000 0.000000 0.000000
v -0.336810 -0.032015 0.083800
vn 0.000000 0.000000 0.000000
v -0.001322 -0.071921 0.048750
vn 0.000000 0.000000 0.000000
v 0.010534 -0.071158 0.048750
vn 0.000000 0.000000 0.000000
v -0.400303 -0.064962 0.080114
vn 0.000000 0.000000 0.000000
v -0.395750 -0.065236 0.080644
vn 0.000000 0.000000 0.000000
v 0.010608 -0.071652 -0.048750
vn 0.000000 0.000000 0.000000
v 0.004643 -0.072101 -0.048933
vn 0.000000 0.000000 0.000000
v -0.001331 -0.072421 -0.048750
vn 0.000000 0.000000 0.000000
v -0.002148 -0.072468 -0.041569
vn 0.000000 0.000000 0.000000
v 0.002528 -0.072456 -0.036431
vn 0.000000 0.000000 0.000000
v -0.446161 0.024581 -0.083600
vn 0.000000 0.000000 0.000000
v -0.434852 0.041572 -0.083800
vn 0.000000 0.000000 0.000000
v -0.450925 0.004734 -0.083800
vn 0.000000 0.000000 0.000000
v -0.449874 -0.024541 0.081223
vn 0.000000 0.000000 0.000000
v -0.453308 -0.016256 -0.069668
vn 0.000000 0.000000 0.000000
v -0.453133 -0.016631 -0.078631
vn 0.000000 0.000000 0.000000
v -0.455235 -0.003448 -0.077751
vn 0.000000 0.000000 0.000000
v -0.454996 0.005485 -0.078096
vn 0.000000 0.000000 0.000000
v -0.449275 0.014824 -0.083800
vn 0.000000 0.000000 0.000000
v -0.453320 0.014237 -0.078523
vn 0.000000 0.000000 0.000000
v -0.451003 -0.006368 -0.083600
vn 0.000000 0.000000 0.000000
v -0.454837 -0.003399 -0.078950
vn 0.000000 0.000000 0.000000
v -0.391634 0.090495 0.088000
vn 0.000000 0.000000 0.000000
v -0.455244 -0.003157 0.073303
vn 0.000000 0.000000 0.000000
v -0.454075 -0.012219 0.073638
vn 0.000000 0.000000 0.000000
v -0.440011 -0.035419 0.083800
vn 0.000000 0.000000 0.000000
v -0.431918 0.089205 0.088000
vn 0.000000 0.000000 0.000000
v -0.435673 -0.045530 0.082309
vn 0.000000 0.000000 0.000000
v -0.439700 0.101738 0.088000
vn 0.000000 0.000000 0.000000
v -0.449818 -0.021458 0.082413
vn 0.000000 0.000000 0.000000
v -0.447344 -0.030026 0.082413
vn 0.000000 0.000000 0.000000
v -0.441377 0.111593 0.087500
vn 0.000000 0.000000 0.000000
v -0.429807 0.133203 0.087500
vn 0.000000 0.000000 0.000000
v -0.433209 0.129489 0.088000
vn 0.000000 0.000000 0.000000
v -0.440172 0.116483 0.088000
vn 0.000000 0.000000 0.000000
v 0.031733 -0.065186 -0.047569
vn 0.000000 0.000000 0.000000
v 0.025457 -0.067884 -0.035500
vn 0.000000 0.000000 0.000000
v 0.038266 -0.060989 0.048500
vn 0.000000 0.000000 0.000000
v 0.019882 -0.069720 -0.035500
vn 0.000000 0.000000 0.000000
v 0.014178 -0.071100 -0.035500
vn 0.000000 0.000000 0.000000
v 0.027706 -0.066456 -0.049000
vn 0.000000 0.000000 0.000000
v 0.038266 -0.060989 -0.049000
vn 0.000000 0.000000 0.000000
v -0.294901 0.060590 -0.088000
vn 0.000000 0.000000 0.000000
v 0.048115 -0.054233 -0.048500
vn 0.000000 0.000000 0.000000
v 0.043172 -0.057621 0.048500
vn 0.000000 0.000000 0.000000
v 0.055996 -0.045260 -0.049000
vn 0.000000 0.000000 0.000000
v 0.062682 -0.035426 -0.049000
vn 0.000000 0.000000 0.000000
v 0.057925 -0.043599 -0.035500
vn 0.000000 0.000000 0.000000
v -0.286410 0.072654 -0.088000
vn 0.000000 0.000000 0.000000
v 0.065310 -0.031479 -0.041569
vn 0.000000 0.000000 0.000000
v 0.052380 -0.050028 -0.048750
vn 0.000000 0.000000 0.000000
v 0.043432 -0.057967 -0.048750
vn 0.000000 0.000000 0.000000
v -0.341246 0.077586 -0.088000
vn 0.000000 0.000000 0.000000
v 0.068671 0.023251 -0.035500
vn 0.000000 0.000000 0.000000
v 0.064385 0.033329 -0.048500
vn 0.000000 0.000000 0.000000
v 0.035745 0.063076 -0.035500
vn 0.000000 0.000000 0.000000
v 0.032022 0.065045 -0.042431
vn 0.000000 0.000000 0.000000
v 0.025107 0.068014 -0.035500
vn 0.000000 0.000000 0.000000
v 0.030128 0.065393 0.048500
vn 0.000000 0.000000 0.000000
v 0.042239 0.058924 -0.041569
vn 0.000000 0.000000 0.000000
v 0.035393 0.062624 0.048750
vn 0.000000 0.000000 0.000000
v 0.035639 0.063059 -0.048750
vn 0.000000 0.000000 0.000000
v 0.045260 0.055996 -0.049000
vn 0.000000 0.000000 0.000000
v 0.040481 0.059542 -0.049000
vn 0.000000 0.000000 0.000000
v 0.060989 0.038266 -0.049000
vn 0.000000 0.000000 0.000000
v -0.291291 0.100733 -0.088000
vn 0.000000 0.000000 0.000000
v 0.071718 0.010617 -0.048500
vn 0.000000 0.000000 0.000000
v 0.066456 0.027706 -0.049000
vn 0.000000 0.000000 0.000000
v 0.070353 0.016447 -0.048933
vn 0.000000 0.000000 0.000000
v 0.071851 0.004626 -0.049000
vn 0.000000 0.000000 0.000000
v 0.072421 -0.001331 -0.048750
vn 0.000000 0.000000 0.000000
v 0.070926 0.015024 -0.041569
vn 0.000000 0.000000 0.000000
v 0.024711 0.067893 -0.048933
vn 0.000000 0.000000 0.000000
v 0.035549 0.062900 -0.048933
vn 0.000000 0.000000 0.000000
v 0.030310 0.065787 -0.048750
vn 0.000000 0.000000 0.000000
v 0.019086 0.069943 -0.048500
vn 0.000000 0.000000 0.000000
v 0.019068 0.069878 -0.048750
vn 0.000000 0.000000 0.000000
v -0.405930 0.137743 0.088000
vn 0.000000 0.000000 0.000000
v -0.396830 0.133850 0.088000
vn 0.000000 0.000000 0.000000
v 0.024540 0.067423 0.048933
vn 0.000000 0.000000 0.000000
v -0.322850 0.109271 -0.088000
vn 0.000000 0.000000 0.000000
v -0.420864 0.161809 0.040000
vn 0.000000 0.000000 0.000000
v -0.420820 0.137749 0.087500
vn 0.000000 0.000000 0.000000
v -0.444518 0.151538 0.018000
vn 0.000000 0.000000 0.000000
v -0.444518 0.151538 -0.018000
vn 0.000000 0.000000 0.000000
v -0.404907 -0.064108 -0.079774
vn 0.000000 0.000000 0.000000
v -0.409121 -0.062861 0.080331
vn 0.000000 0.000000 0.000000
v -0.407364 -0.063462 0.071333
vn 0.000000 0.000000 0.000000
v -0.388799 -0.061729 -0.083800
vn 0.000000 0.000000 0.000000
v 0.016504 -0.070597 -0.048500
vn 0.000000 0.000000 0.000000
v 0.016447 -0.070353 -0.048933
vn 0.000000 0.000000 0.000000
v -0.387253 -0.065493 -0.081401
vn 0.000000 0.000000 0.000000
v -0.404702 -0.063068 -0.081538
vn 0.000000 0.000000 0.000000
v -0.413058 -0.060443 -0.081325
vn 0.000000 0.000000 0.000000
v -0.318185 0.054412 -0.088000
vn 0.000000 0.000000 0.000000
v -0.308287 0.054388 -0.088000
vn 0.000000 0.000000 0.000000
v -0.438520 -0.043445 -0.080012
vn 0.000000 0.000000 0.000000
v -0.444249 -0.036660 -0.078598
vn 0.000000 0.000000 0.000000
v -0.445647 -0.025994 -0.083600
vn 0.000000 0.000000 0.000000
v -0.449138 -0.016403 -0.083600
vn 0.000000 0.000000 0.000000
v -0.434519 -0.042198 -0.083800
vn 0.000000 0.000000 0.000000
v -0.327477 0.057820 -0.088000
vn 0.000000 0.000000 0.000000
v -0.425111 -0.054999 -0.080440
vn 0.000000 0.000000 0.000000
v -0.427842 -0.053616 0.071880
vn 0.000000 0.000000 0.000000
v -0.421453 -0.057572 -0.079907
vn 0.000000 0.000000 0.000000
v -0.413284 -0.061062 -0.080761
vn 0.000000 0.000000 0.000000
v -0.417486 -0.059605 -0.080014
vn 0.000000 0.000000 0.000000
v -0.409174 -0.062844 -0.080228
vn 0.000000 0.000000 0.000000
v -0.413401 -0.061446 -0.079561
vn 0.000000 0.000000 0.000000
v -0.396120 -0.065199 -0.081187
vn 0.000000 0.000000 0.000000
v -0.422048 -0.057237 0.080670
vn 0.000000 0.000000 0.000000
v -0.413738 -0.060883 0.081092
vn 0.000000 0.000000 0.000000
v -0.436392 -0.046195 0.081105
vn 0.000000 0.000000 0.000000
v -0.431464 -0.050825 0.071990
vn 0.000000 0.000000 0.000000
v -0.442358 -0.039341 0.080763
vn 0.000000 0.000000 0.000000
v -0.423633 0.083790 0.088000
vn 0.000000 0.000000 0.000000
v -0.425342 -0.054059 0.081983
vn 0.000000 0.000000 0.000000
v -0.433110 -0.049315 0.080996
vn 0.000000 0.000000 0.000000
v -0.429398 -0.051968 0.081527
vn 0.000000 0.000000 0.000000
v -0.408800 -0.061936 0.081535
vn 0.000000 0.000000 0.000000
v -0.417880 -0.059064 0.081201
vn 0.000000 0.000000 0.000000
v -0.448777 -0.028722 -0.069986
vn 0.000000 0.000000 0.000000
v -0.446704 -0.032672 -0.070093
vn 0.000000 0.000000 0.000000
v -0.450579 -0.024640 -0.069880
vn 0.000000 0.000000 0.000000
v -0.448203 -0.028998 -0.079592
vn 0.000000 0.000000 0.000000
v 0.072130 -0.007313 -0.047569
vn 0.000000 0.000000 0.000000
v 0.072448 -0.002752 -0.042431
vn 0.000000 0.000000 0.000000
v 0.071214 -0.013233 -0.048750
vn 0.000000 0.000000 0.000000
v -0.327986 -0.003032 0.083800
vn 0.000000 0.000000 0.000000
v -0.384670 0.103501 0.088000
vn 0.000000 0.000000 0.000000
v 0.072429 0.003209 -0.041569
vn 0.000000 0.000000 0.000000
v 0.071921 0.009147 -0.041569
vn 0.000000 0.000000 0.000000
v 0.071921 -0.001322 0.048750
vn 0.000000 0.000000 0.000000
v 0.071784 0.004622 0.048750
vn 0.000000 0.000000 0.000000
v 0.071352 0.004594 0.049000
vn 0.000000 0.000000 0.000000
v 0.069460 -0.018954 0.048500
vn 0.000000 0.000000 0.000000
v 0.071384 -0.007238 0.048933
vn 0.000000 0.000000 0.000000
v 0.054209 -0.048142 -0.035500
vn 0.000000 0.000000 0.000000
v 0.051887 -0.049557 0.048933
vn 0.000000 0.000000 0.000000
v -0.329307 -0.013138 0.083800
vn 0.000000 0.000000 0.000000
v 0.065166 -0.030024 0.048933
vn 0.000000 0.000000 0.000000
v 0.059010 0.042120 -0.041569
vn 0.000000 0.000000 0.000000
v 0.061413 0.038532 -0.047569
vn 0.000000 0.000000 0.000000
v 0.057421 0.043022 0.048933
vn 0.000000 0.000000 0.000000
v 0.064023 0.034019 -0.035500
vn 0.000000 0.000000 0.000000
v 0.040340 0.059336 0.048933
vn 0.000000 0.000000 0.000000
v 0.040443 0.059487 0.048750
vn 0.000000 0.000000 0.000000
v 0.049384 0.051706 0.049000
vn 0.000000 0.000000 0.000000
v 0.053809 0.047738 0.048750
vn 0.000000 0.000000 0.000000
v 0.049683 0.052019 0.048750
vn 0.000000 0.000000 0.000000
v 0.068453 0.022103 0.048750
vn 0.000000 0.000000 0.000000
v 0.063882 0.033068 0.048750
vn 0.000000 0.000000 0.000000
v -0.386990 0.122858 0.088000
vn 0.000000 0.000000 0.000000
v 0.057700 0.043897 -0.035500
vn 0.000000 0.000000 0.000000
v 0.053961 0.048420 -0.036431
vn 0.000000 0.000000 0.000000
v 0.054046 0.047949 -0.048933
vn 0.000000 0.000000 0.000000
v 0.050028 0.052380 -0.048750
vn 0.000000 0.000000 0.000000
v 0.045532 0.056333 -0.048750
vn 0.000000 0.000000 0.000000
v 0.049867 0.052626 -0.035500
vn 0.000000 0.000000 0.000000
v 0.008381 -0.072014 -0.036431
vn 0.000000 0.000000 0.000000
v 0.004659 -0.072350 -0.047569
vn 0.000000 0.000000 0.000000
v 0.022103 -0.068453 0.048750
vn 0.000000 0.000000 0.000000
v 0.038001 -0.060566 0.049000
vn 0.000000 0.000000 0.000000
v -0.350045 -0.047425 0.083800
vn 0.000000 0.000000 0.000000
v 0.021970 -0.068041 0.049000
vn 0.000000 0.000000 0.000000
v -0.404167 0.082714 0.088000
vn 0.000000 0.000000 0.000000
v -0.386219 0.098781 0.088000
vn 0.000000 0.000000 0.000000
v 0.064939 -0.029919 0.049000
vn 0.000000 0.000000 0.000000
v -0.386723 -0.065793 0.079787
vn 0.000000 0.000000 0.000000
v 0.016375 -0.070045 0.048750
vn 0.000000 0.000000 0.000000
v -0.404748 -0.064063 0.080222
vn 0.000000 0.000000 0.000000
v -0.391234 -0.065510 0.080535
vn 0.000000 0.000000 0.000000
v -0.395673 -0.064581 0.081209
vn 0.000000 0.000000 0.000000
v -0.400235 -0.064649 0.080753
vn 0.000000 0.000000 0.000000
v -0.382910 -0.064536 -0.082072
vn 0.000000 0.000000 0.000000
v 0.004654 -0.072283 -0.048750
vn 0.000000 0.000000 0.000000
v -0.001332 -0.072488 -0.047569
vn 0.000000 0.000000 0.000000
v 0.003812 -0.072400 -0.042431
vn 0.000000 0.000000 0.000000
v -0.441126 0.033500 -0.083800
vn 0.000000 0.000000 0.000000
v -0.427330 0.048496 -0.083800
vn 0.000000 0.000000 0.000000
v -0.331434 0.104343 -0.088000
vn 0.000000 0.000000 0.000000
v -0.450885 -0.005489 -0.083800
vn 0.000000 0.000000 0.000000
v -0.449696 0.013934 -0.083600
vn 0.000000 0.000000 0.000000
v -0.453207 -0.016664 -0.078071
vn 0.000000 0.000000 0.000000
v -0.452827 -0.016535 -0.079271
vn 0.000000 0.000000 0.000000
v -0.455155 -0.003430 -0.078310
vn 0.000000 0.000000 0.000000
v -0.454465 0.009911 -0.077989
vn 0.000000 0.000000 0.000000
v -0.454907 0.001040 -0.078843
vn 0.000000 0.000000 0.000000
v -0.454676 0.005474 -0.078736
vn 0.000000 0.000000 0.000000
v -0.341222 0.087484 -0.088000
vn 0.000000 0.000000 0.000000
v -0.449348 -0.015615 -0.083600
vn 0.000000 0.000000 0.000000
v -0.451191 0.003838 -0.083600
vn 0.000000 0.000000 0.000000
v -0.454464 -0.007819 -0.079057
vn 0.000000 0.000000 0.000000
v -0.450430 -0.021540 0.081223
vn 0.000000 0.000000 0.000000
v -0.442988 -0.030720 0.083800
vn 0.000000 0.000000 0.000000
v -0.441482 -0.038745 0.082527
vn 0.000000 0.000000 0.000000
v -0.435232 0.092906 0.088000
vn 0.000000 0.000000 0.000000
v -0.436153 -0.045982 0.081745
vn 0.000000 0.000000 0.000000
v -0.445724 -0.023915 0.083800
vn 0.000000 0.000000 0.000000
v -0.445026 -0.026250 0.083800
vn 0.000000 0.000000 0.000000
v -0.449672 -0.024493 0.081875
vn 0.000000 0.000000 0.000000
v -0.447716 -0.030195 0.081875
vn 0.000000 0.000000 0.000000
v -0.451191 0.003838 0.083600
vn 0.000000 0.000000 0.000000
v -0.429507 0.132803 0.088000
vn 0.000000 0.000000 0.000000
v -0.438623 0.121204 0.088000
vn 0.000000 0.000000 0.000000
v -0.440878 0.111566 0.088000
vn 0.000000 0.000000 0.000000
v 0.033298 -0.064325 -0.048750
vn 0.000000 0.000000 0.000000
v 0.026996 -0.067286 -0.041569
vn 0.000000 0.000000 0.000000
v 0.033068 -0.063882 0.048750
vn 0.000000 0.000000 0.000000
v 0.041038 -0.059767 -0.035500
vn 0.000000 0.000000 0.000000
v 0.021378 -0.069277 -0.041569
vn 0.000000 0.000000 0.000000
v 0.014178 -0.071100 -0.036431
vn 0.000000 0.000000 0.000000
v 0.009746 -0.071842 -0.041569
vn 0.000000 0.000000 0.000000
v 0.033214 -0.064163 -0.048933
vn 0.000000 0.000000 0.000000
v 0.038399 -0.061201 -0.048933
vn 0.000000 0.000000 0.000000
v -0.298977 0.057750 -0.088000
vn 0.000000 0.000000 0.000000
v 0.050138 -0.052368 -0.035500
vn 0.000000 0.000000 0.000000
v 0.047285 -0.054958 -0.042431
vn 0.000000 0.000000 0.000000
v 0.047783 -0.053859 0.048500
vn 0.000000 0.000000 0.000000
v 0.045738 -0.056252 -0.035500
vn 0.000000 0.000000 0.000000
v 0.043022 -0.057421 0.048933
vn 0.000000 0.000000 0.000000
v 0.059542 -0.040481 0.048500
vn 0.000000 0.000000 0.000000
v 0.059956 -0.040762 -0.048500
vn 0.000000 0.000000 0.000000
v 0.067658 -0.024625 -0.049000
vn 0.000000 0.000000 0.000000
v -0.285113 0.077449 -0.088000
vn 0.000000 0.000000 0.000000
v 0.065393 -0.030128 0.048500
vn 0.000000 0.000000 0.000000
v 0.065847 -0.030338 -0.048500
vn 0.000000 0.000000 0.000000
v 0.052248 -0.049902 -0.048933
vn 0.000000 0.000000 0.000000
v 0.048070 -0.054183 -0.048750
vn 0.000000 0.000000 0.000000
v -0.339972 0.072784 -0.088000
vn 0.000000 0.000000 0.000000
v 0.067509 0.026434 -0.041569
vn 0.000000 0.000000 0.000000
v 0.070326 0.017620 -0.035500
vn 0.000000 0.000000 0.000000
v 0.068993 0.022277 -0.048500
vn 0.000000 0.000000 0.000000
v 0.065110 0.031890 -0.042431
vn 0.000000 0.000000 0.000000
v 0.062270 0.037131 -0.042431
vn 0.000000 0.000000 0.000000
v 0.064163 0.033214 -0.048933
vn 0.000000 0.000000 0.000000
v 0.035672 0.063117 -0.047569
vn 0.000000 0.000000 0.000000
v 0.037256 0.062195 -0.042431
vn 0.000000 0.000000 0.000000
v 0.030526 0.065760 -0.036431
vn 0.000000 0.000000 0.000000
v 0.024797 0.068128 -0.048500
vn 0.000000 0.000000 0.000000
v 0.020940 0.069410 -0.041569
vn 0.000000 0.000000 0.000000
v 0.026571 0.067456 -0.041569
vn 0.000000 0.000000 0.000000
v 0.040730 0.059978 -0.035500
vn 0.000000 0.000000 0.000000
v 0.042239 0.058924 -0.042431
vn 0.000000 0.000000 0.000000
v 0.045447 0.056487 -0.035500
vn 0.000000 0.000000 0.000000
v 0.030101 0.065332 0.048750
vn 0.000000 0.000000 0.000000
v 0.040724 0.059900 -0.048750
vn 0.000000 0.000000 0.000000
v 0.061356 0.038496 -0.048750
vn 0.000000 0.000000 0.000000
v 0.070531 0.016488 -0.048750
vn 0.000000 0.000000 0.000000
v -0.286362 0.092149 -0.088000
vn 0.000000 0.000000 0.000000
v 0.066687 0.027802 -0.048933
vn 0.000000 0.000000 0.000000
v 0.071471 0.010581 -0.048933
vn 0.000000 0.000000 0.000000
v -0.285088 0.087347 -0.088000
vn 0.000000 0.000000 0.000000
v 0.072101 0.004643 -0.048933
vn 0.000000 0.000000 0.000000
v 0.072064 -0.007307 -0.048750
vn 0.000000 0.000000 0.000000
v 0.070926 0.015024 -0.042431
vn 0.000000 0.000000 0.000000
v 0.019086 0.069943 -0.047569
vn 0.000000 0.000000 0.000000
v 0.018937 0.069396 0.048750
vn 0.000000 0.000000 0.000000
v 0.044945 0.055607 0.049000
vn 0.000000 0.000000 0.000000
v 0.030024 0.065166 0.048933
vn 0.000000 0.000000 0.000000
v -0.419593 0.162000 0.040000
vn 0.000000 0.000000 0.000000
v -0.415873 0.138786 0.087500
vn 0.000000 0.000000 0.000000
v -0.415813 0.138290 0.088000
vn 0.000000 0.000000 0.000000
v -0.447518 0.149036 0.015000
vn 0.000000 0.000000 0.000000
v -0.446018 0.150335 0.017598
vn 0.000000 0.000000 0.000000
v -0.447116 0.149394 -0.016500
vn 0.000000 0.000000 0.000000
v -0.400560 -0.064919 -0.080440
vn 0.000000 0.000000 0.000000
v -0.409158 -0.062933 0.079771
vn 0.000000 0.000000 0.000000
v -0.409593 -0.062712 0.080343
vn 0.000000 0.000000 0.000000
v 0.016504 -0.070597 -0.047569
vn 0.000000 0.000000 0.000000
v 0.022256 -0.068929 -0.048750
vn 0.000000 0.000000 0.000000
v 0.022200 -0.068755 -0.048933
vn 0.000000 0.000000 0.000000
v -0.400425 -0.063949 -0.081645
vn 0.000000 0.000000 0.000000
v -0.408910 -0.061901 -0.081432
vn 0.000000 0.000000 0.000000
v -0.404842 -0.063712 -0.080974
vn 0.000000 0.000000 0.000000
v -0.417097 -0.058707 -0.081218
vn 0.000000 0.000000 0.000000
v -0.441346 -0.040021 -0.079905
vn 0.000000 0.000000 0.000000
v -0.435686 -0.046905 -0.079479
vn 0.000000 0.000000 0.000000
v -0.444190 -0.036605 -0.079158
vn 0.000000 0.000000 0.000000
v -0.444941 -0.035599 0.080872
vn 0.000000 0.000000 0.000000
v -0.441024 -0.034287 -0.083600
vn 0.000000 0.000000 0.000000
v -0.335044 0.064200 -0.088000
vn 0.000000 0.000000 0.000000
v -0.440625 -0.034880 -0.083600
vn 0.000000 0.000000 0.000000
v -0.421003 -0.056702 -0.081111
vn 0.000000 0.000000 0.000000
v -0.425272 -0.055276 -0.079800
vn 0.000000 0.000000 0.000000
v -0.428753 -0.052457 -0.080333
vn 0.000000 0.000000 0.000000
v -0.425459 -0.055244 -0.070843
vn 0.000000 0.000000 0.000000
v -0.421311 -0.057285 -0.080547
vn 0.000000 0.000000 0.000000
v -0.421479 -0.057649 -0.079347
vn 0.000000 0.000000 0.000000
v -0.411710 -0.062074 0.071443
vn 0.000000 0.000000 0.000000
v -0.413914 -0.061244 0.079892
vn 0.000000 0.000000 0.000000
v -0.396136 -0.065519 -0.080547
vn 0.000000 0.000000 0.000000
v -0.391687 -0.065497 -0.081294
vn 0.000000 0.000000 0.000000
v -0.439452 -0.042856 0.081214
vn 0.000000 0.000000 0.000000
v -0.436459 -0.046241 0.080545
vn 0.000000 0.000000 0.000000
v -0.429112 -0.052682 -0.070736
vn 0.000000 0.000000 0.000000
v -0.441644 -0.040289 -0.078705
vn 0.000000 0.000000 0.000000
v -0.425719 -0.054600 0.081418
vn 0.000000 0.000000 0.000000
v -0.429606 -0.052212 0.080887
vn 0.000000 0.000000 0.000000
v -0.409010 -0.062560 0.080971
vn 0.000000 0.000000 0.000000
v -0.418033 -0.059345 0.080561
vn 0.000000 0.000000 0.000000
v -0.448483 -0.029153 -0.078952
vn 0.000000 0.000000 0.000000
v -0.450026 -0.024951 -0.079485
vn 0.000000 0.000000 0.000000
v 0.071977 -0.008693 -0.042431
vn 0.000000 0.000000 0.000000
v 0.072277 -0.005678 -0.036431
vn 0.000000 0.000000 0.000000
v 0.072488 -0.001332 -0.047569
vn 0.000000 0.000000 0.000000
v 0.072448 -0.002752 -0.041569
vn 0.000000 0.000000 0.000000
v 0.071034 -0.013199 -0.048933
vn 0.000000 0.000000 0.000000
v -0.383965 0.108419 0.088000
vn 0.000000 0.000000 0.000000
v 0.072350 0.004659 -0.047569
vn 0.000000 0.000000 0.000000
v 0.071718 0.010617 -0.047569
vn 0.000000 0.000000 0.000000
v 0.072247 0.006050 -0.036431
vn 0.000000 0.000000 0.000000
v 0.071921 0.009147 -0.042431
vn 0.000000 0.000000 0.000000
v 0.069623 0.016276 0.049000
vn 0.000000 0.000000 0.000000
v 0.071488 -0.001313 0.049000
vn 0.000000 0.000000 0.000000
v 0.069396 -0.018937 0.048750
vn 0.000000 0.000000 0.000000
v 0.070416 -0.017258 -0.035500
vn 0.000000 0.000000 0.000000
v 0.070542 -0.013108 0.048933
vn 0.000000 0.000000 0.000000
v 0.053627 -0.048044 0.042613
vn 0.000000 0.000000 0.000000
v 0.055645 -0.046475 -0.041569
vn 0.000000 0.000000 0.000000
v 0.052019 -0.049683 0.048750
vn 0.000000 0.000000 0.000000
v 0.055802 -0.045102 0.048933
vn 0.000000 0.000000 0.000000
v 0.068978 -0.018823 0.049000
vn 0.000000 0.000000 0.000000
v 0.062464 -0.035303 0.048933
vn 0.000000 0.000000 0.000000
v 0.067595 -0.024603 0.048750
vn 0.000000 0.000000 0.000000
v 0.059010 0.042120 -0.042431
vn 0.000000 0.000000 0.000000
v 0.060932 0.038231 0.048750
vn 0.000000 0.000000 0.000000
v 0.035180 0.062247 0.049000
vn 0.000000 0.000000 0.000000
v 0.045217 0.055944 0.048750
vn 0.000000 0.000000 0.000000
v 0.057567 0.043132 0.048750
vn 0.000000 0.000000 0.000000
v 0.053672 0.047617 0.048933
vn 0.000000 0.000000 0.000000
v 0.053859 0.047783 0.048500
vn 0.000000 0.000000 0.000000
v 0.049557 0.051887 0.048933
vn 0.000000 0.000000 0.000000
v 0.066225 0.027610 0.048933
vn 0.000000 0.000000 0.000000
v 0.068517 0.022123 0.048500
vn 0.000000 0.000000 0.000000
v 0.060566 0.038001 0.049000
vn 0.000000 0.000000 0.000000
v 0.058021 0.043472 -0.047569
vn 0.000000 0.000000 0.000000
v 0.055350 0.046825 -0.041569
vn 0.000000 0.000000 0.000000
v 0.051317 0.051213 -0.042431
vn 0.000000 0.000000 0.000000
v 0.054233 0.048115 -0.047569
vn 0.000000 0.000000 0.000000
v 0.054183 0.048070 -0.048750
vn 0.000000 0.000000 0.000000
v 0.057967 0.043432 -0.048750
vn 0.000000 0.000000 0.000000
v 0.053859 0.047783 -0.049000
vn 0.000000 0.000000 0.000000
v 0.049902 0.052248 -0.048933
vn 0.000000 0.000000 0.000000
v 0.045417 0.056190 -0.048933
vn 0.000000 0.000000 0.000000
v 0.046937 0.055256 -0.041569
vn 0.000000 0.000000 0.000000
v 0.009746 -0.071842 -0.042431
vn 0.000000 0.000000 0.000000
v 0.051706 -0.049384 0.049000
vn 0.000000 0.000000 0.000000
v -0.395335 0.087182 0.088000
vn 0.000000 0.000000 0.000000
v 0.027514 -0.065994 0.049000
vn 0.000000 0.000000 0.000000
v 0.022047 -0.068279 0.048933
vn 0.000000 0.000000 0.000000
v 0.062247 -0.035180 0.049000
vn 0.000000 0.000000 0.000000
v -0.388383 -0.061923 0.083600
vn 0.000000 0.000000 0.000000
v -0.400113 -0.064002 0.081318
vn 0.000000 0.000000 0.000000
v -0.404659 -0.063756 0.080862
vn 0.000000 0.000000 0.000000
v -0.387290 -0.064835 -0.081966
vn 0.000000 0.000000 0.000000
v -0.441867 0.032712 -0.083600
vn 0.000000 0.000000 0.000000
v -0.435747 0.040880 -0.083600
vn 0.000000 0.000000 0.000000
v -0.334955 0.100839 -0.088000
vn 0.000000 0.000000 0.000000
v -0.451125 0.004750 -0.083600
vn 0.000000 0.000000 0.000000
v -0.451869 -0.020906 -0.078738
vn 0.000000 0.000000 0.000000
v -0.454780 -0.007873 -0.078417
vn 0.000000 0.000000 0.000000
v -0.339925 0.092279 -0.088000
vn 0.000000 0.000000 0.000000
v -0.444026 -0.035065 0.082636
vn 0.000000 0.000000 0.000000
v -0.438689 -0.042242 0.082418
vn 0.000000 0.000000 0.000000
v -0.440719 0.106601 0.088000
vn 0.000000 0.000000 0.000000
v -0.448702 -0.024263 0.082793
vn 0.000000 0.000000 0.000000
v -0.449274 -0.024398 0.082413
vn 0.000000 0.000000 0.000000
v -0.448830 -0.027398 0.081875
vn 0.000000 0.000000 0.000000
v -0.446389 -0.032694 0.081949
vn 0.000000 0.000000 0.000000
v 0.036069 -0.062891 -0.035500
vn 0.000000 0.000000 0.000000
v 0.027898 -0.066917 -0.048500
vn 0.000000 0.000000 0.000000
v 0.025457 -0.067884 -0.036431
vn 0.000000 0.000000 0.000000
v 0.038133 -0.060778 0.048933
vn 0.000000 0.000000 0.000000
v 0.033099 -0.063941 0.048500
vn 0.000000 0.000000 0.000000
v 0.039690 -0.060671 -0.047568
vn 0.000000 0.000000 0.000000
v 0.022277 -0.068993 -0.047569
vn 0.000000 0.000000 0.000000
v 0.021378 -0.069277 -0.042431
vn 0.000000 0.000000 0.000000
v 0.015615 -0.070799 -0.042431
vn 0.000000 0.000000 0.000000
v 0.010617 -0.071718 -0.047569
vn 0.000000 0.000000 0.000000
v 0.043322 -0.057821 -0.048933
vn 0.000000 0.000000 0.000000
v 0.048115 -0.054233 -0.047569
vn 0.000000 0.000000 0.000000
v 0.051639 -0.050889 -0.042431
vn 0.000000 0.000000 0.000000
v 0.042611 -0.058657 -0.041569
vn 0.000000 0.000000 0.000000
v 0.045738 -0.056252 -0.036431
vn 0.000000 0.000000 0.000000
v 0.043132 -0.057567 0.048750
vn 0.000000 0.000000 0.000000
v 0.047617 -0.053672 0.048933
vn 0.000000 0.000000 0.000000
v 0.057714 -0.043047 0.042613
vn 0.000000 0.000000 0.000000
v 0.062624 -0.035393 0.048750
vn 0.000000 0.000000 0.000000
v 0.059900 -0.040724 -0.048750
vn 0.000000 0.000000 0.000000
v 0.056385 -0.045574 -0.048500
vn 0.000000 0.000000 0.000000
v 0.062503 -0.036737 -0.041569
vn 0.000000 0.000000 0.000000
v 0.059274 -0.041747 -0.041569
vn 0.000000 0.000000 0.000000
v 0.070788 -0.013153 -0.049000
vn 0.000000 0.000000 0.000000
v 0.064198 -0.033689 -0.035500
vn 0.000000 0.000000 0.000000
v 0.063059 -0.035639 -0.048750
vn 0.000000 0.000000 0.000000
v 0.065620 -0.030233 -0.048933
vn 0.000000 0.000000 0.000000
v 0.066712 -0.028386 -0.035500
vn 0.000000 0.000000 0.000000
v 0.047949 -0.054046 -0.048933
vn 0.000000 0.000000 0.000000
v 0.066917 0.027898 -0.047569
vn 0.000000 0.000000 0.000000
v 0.070597 0.016504 -0.047569
vn 0.000000 0.000000 0.000000
v 0.068929 0.022256 -0.048750
vn 0.000000 0.000000 0.000000
v 0.068671 0.023251 -0.036431
vn 0.000000 0.000000 0.000000
v 0.067509 0.026434 -0.042431
vn 0.000000 0.000000 0.000000
v 0.069452 0.020800 -0.042431
vn 0.000000 0.000000 0.000000
v 0.066565 0.028729 -0.036431
vn 0.000000 0.000000 0.000000
v 0.064385 0.033329 -0.047569
vn 0.000000 0.000000 0.000000
v 0.065110 0.031890 -0.041569
vn 0.000000 0.000000 0.000000
v 0.064023 0.034019 -0.036431
vn 0.000000 0.000000 0.000000
v 0.064325 0.033298 -0.048750
vn 0.000000 0.000000 0.000000
v 0.035745 0.063076 -0.036431
vn 0.000000 0.000000 0.000000
v 0.037256 0.062195 -0.041569
vn 0.000000 0.000000 0.000000
v 0.030526 0.065760 -0.035500
vn 0.000000 0.000000 0.000000
v 0.024797 0.068128 -0.047569
vn 0.000000 0.000000 0.000000
v 0.020940 0.069410 -0.042431
vn 0.000000 0.000000 0.000000
v 0.025107 0.068014 -0.036431
vn 0.000000 0.000000 0.000000
v 0.026571 0.067456 -0.042431
vn 0.000000 0.000000 0.000000
v 0.040762 0.059956 -0.047569
vn 0.000000 0.000000 0.000000
v 0.040730 0.059978 -0.036431
vn 0.000000 0.000000 0.000000
v 0.045447 0.056487 -0.036431
vn 0.000000 0.000000 0.000000
v 0.024603 0.067595 0.048750
vn 0.000000 0.000000 0.000000
v 0.061201 0.038399 -0.048933
vn 0.000000 0.000000 0.000000
v 0.068517 0.022123 -0.049000
vn 0.000000 0.000000 0.000000
v 0.072283 0.004654 -0.048750
vn 0.000000 0.000000 0.000000
v 0.072238 -0.001327 -0.048933
vn 0.000000 0.000000 0.000000
v 0.071521 0.011874 -0.036431
vn 0.000000 0.000000 0.000000
v 0.018888 0.069219 0.048933
vn 0.000000 0.000000 0.000000
v 0.040200 0.059129 0.049000
vn 0.000000 0.000000 0.000000
v -0.420675 0.137271 0.088000
vn 0.000000 0.000000 0.000000
v -0.447116 0.149394 0.016500
vn 0.000000 0.000000 0.000000
v -0.446018 0.150335 -0.017598
vn 0.000000 0.000000 0.000000
v -0.447518 0.149036 -0.015000
vn 0.000000 0.000000 0.000000
v -0.441518 0.153691 -0.015000
vn 0.000000 0.000000 0.000000
v 0.022123 -0.068517 -0.049000
vn 0.000000 0.000000 0.000000
v -0.396067 -0.064542 -0.081752
vn 0.000000 0.000000 0.000000
v -0.400522 -0.064601 -0.081080
vn 0.000000 0.000000 0.000000
v -0.438749 -0.043669 -0.079372
vn 0.000000 0.000000 0.000000
v -0.444361 -0.036484 -0.070201
vn 0.000000 0.000000 0.000000
v -0.446223 -0.033504 0.072538
vn 0.000000 0.000000 0.000000
v -0.331540 0.060679 -0.088000
vn 0.000000 0.000000 0.000000
v -0.424765 -0.054438 -0.081004
vn 0.000000 0.000000 0.000000
v -0.426574 -0.049592 -0.083600
vn 0.000000 0.000000 0.000000
v -0.428932 -0.052722 -0.079693
vn 0.000000 0.000000 0.000000
v -0.432214 -0.049674 -0.080226
vn 0.000000 0.000000 0.000000
v -0.420079 -0.058400 0.071662
vn 0.000000 0.000000 0.000000
v -0.422100 -0.057299 0.080110
vn 0.000000 0.000000 0.000000
v -0.415959 -0.060383 0.071552
vn 0.000000 0.000000 0.000000
v -0.442286 -0.039304 0.081323
vn 0.000000 0.000000 0.000000
v -0.438084 -0.044522 0.072209
vn 0.000000 0.000000 0.000000
v -0.435732 -0.046972 -0.078919
vn 0.000000 0.000000 0.000000
v -0.441763 -0.040126 -0.070308
vn 0.000000 0.000000 0.000000
v -0.441589 -0.040229 -0.079265
vn 0.000000 0.000000 0.000000
v -0.438931 -0.043576 -0.070414
vn 0.000000 0.000000 0.000000
v -0.441052 -0.041040 0.072319
vn 0.000000 0.000000 0.000000
v -0.425909 -0.054857 0.080779
vn 0.000000 0.000000 0.000000
v -0.451570 -0.020790 -0.079378
vn 0.000000 0.000000 0.000000
v -0.450316 -0.025087 -0.078845
vn 0.000000 0.000000 0.000000
v 0.071280 -0.013245 -0.048500
vn 0.000000 0.000000 0.000000
v 0.069878 -0.019068 -0.048750
vn 0.000000 0.000000 0.000000
v 0.071882 -0.007288 -0.048933
vn 0.000000 0.000000 0.000000
v 0.070729 0.010471 0.049000
vn 0.000000 0.000000 0.000000
v -0.385143 0.118246 0.088000
vn 0.000000 0.000000 0.000000
v 0.070045 0.016375 0.048750
vn 0.000000 0.000000 0.000000
v 0.071738 -0.001318 0.048933
vn 0.000000 0.000000 0.000000
v 0.071020 -0.014576 -0.041569
vn 0.000000 0.000000 0.000000
v 0.068789 -0.022897 -0.035500
vn 0.000000 0.000000 0.000000
v 0.069219 -0.018888 0.048933
vn 0.000000 0.000000 0.000000
v 0.054209 -0.048142 -0.036431
vn 0.000000 0.000000 0.000000
v 0.059336 -0.040340 0.048933
vn 0.000000 0.000000 0.000000
v 0.055944 -0.045217 0.048750
vn 0.000000 0.000000 0.000000
v 0.070297 -0.013062 0.049000
vn 0.000000 0.000000 0.000000
v 0.067423 -0.024540 0.048933
vn 0.000000 0.000000 0.000000
v 0.065332 -0.030101 0.048750
vn 0.000000 0.000000 0.000000
v 0.061062 0.039086 -0.036431
vn 0.000000 0.000000 0.000000
v 0.066394 0.027680 0.048750
vn 0.000000 0.000000 0.000000
v 0.068279 0.022047 0.048933
vn 0.000000 0.000000 0.000000
v 0.063497 0.032869 0.049000
vn 0.000000 0.000000 0.000000
v 0.057221 0.042872 0.049000
vn 0.000000 0.000000 0.000000
v 0.060778 0.038133 0.048933
vn 0.000000 0.000000 0.000000
v 0.057700 0.043897 -0.036431
vn 0.000000 0.000000 0.000000
v 0.055350 0.046825 -0.042431
vn 0.000000 0.000000 0.000000
v 0.050074 0.052429 -0.048500
vn 0.000000 0.000000 0.000000
v 0.057821 0.043322 -0.048933
vn 0.000000 0.000000 0.000000
v 0.045574 0.056385 -0.047569
vn 0.000000 0.000000 0.000000
v 0.047451 -0.053485 0.049000
vn 0.000000 0.000000 0.000000
v 0.055607 -0.044945 0.049000
vn 0.000000 0.000000 0.000000
v 0.032984 -0.063719 0.048933
vn 0.000000 0.000000 0.000000
v 0.027680 -0.066394 0.048750
vn 0.000000 0.000000 0.000000
v -0.391203 -0.064852 0.081100
vn 0.000000 0.000000 0.000000
v -0.391679 -0.064838 -0.081859
vn 0.000000 0.000000 0.000000
v -0.446207 -0.021534 0.083800
vn 0.000000 0.000000 0.000000
v -0.449236 -0.021380 0.082793
vn 0.000000 0.000000 0.000000
v -0.447887 -0.027075 0.082793
vn 0.000000 0.000000 0.000000
v -0.448443 -0.027265 0.082413
vn 0.000000 0.000000 0.000000
v -0.444866 -0.035568 0.081432
vn 0.000000 0.000000 0.000000
v -0.444588 -0.035409 0.082071
vn 0.000000 0.000000 0.000000
v -0.446272 -0.032632 0.082150
vn 0.000000 0.000000 0.000000
v 0.036817 -0.062456 -0.048082
vn 0.000000 0.000000 0.000000
v 0.037648 -0.061958 -0.041569
vn 0.000000 0.000000 0.000000
v 0.033298 -0.064401 -0.042123
vn 0.000000 0.000000 0.000000
v 0.033329 -0.064385 -0.048500
vn 0.000000 0.000000 0.000000
v 0.030864 -0.065602 -0.036431
vn 0.000000 0.000000 0.000000
v 0.027898 -0.066917 -0.047569
vn 0.000000 0.000000 0.000000
v 0.027802 -0.066687 -0.048933
vn 0.000000 0.000000 0.000000
v 0.026996 -0.067286 -0.042431
vn 0.000000 0.000000 0.000000
v 0.038231 -0.060932 0.048750
vn 0.000000 0.000000 0.000000
v 0.038532 -0.061413 -0.048500
vn 0.000000 0.000000 0.000000
v 0.019882 -0.069720 -0.036431
vn 0.000000 0.000000 0.000000
v 0.050138 -0.052368 -0.036431
vn 0.000000 0.000000 0.000000
v 0.052429 -0.050074 -0.047569
vn 0.000000 0.000000 0.000000
v 0.051639 -0.050889 -0.041569
vn 0.000000 0.000000 0.000000
v 0.043472 -0.058021 -0.047569
vn 0.000000 0.000000 0.000000
v 0.042611 -0.058657 -0.042431
vn 0.000000 0.000000 0.000000
v 0.058008 -0.042650 0.042464
vn 0.000000 0.000000 0.000000
v 0.059749 -0.040622 -0.048933
vn 0.000000 0.000000 0.000000
v 0.055645 -0.046475 -0.042431
vn 0.000000 0.000000 0.000000
v 0.056333 -0.045532 -0.048750
vn 0.000000 0.000000 0.000000
v 0.056385 -0.045574 -0.047569
vn 0.000000 0.000000 0.000000
v 0.061262 -0.038771 -0.035500
vn 0.000000 0.000000 0.000000
v 0.059274 -0.041747 -0.042431
vn 0.000000 0.000000 0.000000
v 0.069702 -0.019020 -0.048933
vn 0.000000 0.000000 0.000000
v 0.063117 -0.035672 -0.048500
vn 0.000000 0.000000 0.000000
v 0.065787 -0.030310 -0.048750
vn 0.000000 0.000000 0.000000
v 0.062900 -0.035549 -0.048933
vn 0.000000 0.000000 0.000000
v 0.065847 -0.030338 -0.047569
vn 0.000000 0.000000 0.000000
v 0.070326 0.017620 -0.036431
vn 0.000000 0.000000 0.000000
v 0.066855 0.027872 -0.048750
vn 0.000000 0.000000 0.000000
v 0.068993 0.022277 -0.047569
vn 0.000000 0.000000 0.000000
v 0.069452 0.020800 -0.041569
vn 0.000000 0.000000 0.000000
v 0.030338 0.065847 -0.047569
vn 0.000000 0.000000 0.000000
v 0.019523 0.069822 -0.036431
vn 0.000000 0.000000 0.000000
v 0.070110 0.016390 -0.049000
vn 0.000000 0.000000 0.000000
v -0.447411 0.149132 0.015794
vn 0.000000 0.000000 0.000000
v -0.447411 0.149132 -0.015794
vn 0.000000 0.000000 0.000000
v -0.443018 0.152655 0.017598
vn 0.000000 0.000000 0.000000
v -0.443018 0.152655 -0.017598
vn 0.000000 0.000000 0.000000
v -0.441623 0.153621 0.015787
vn 0.000000 0.000000 0.000000
v -0.435472 -0.046666 -0.080119
vn 0.000000 0.000000 0.000000
v -0.434209 -0.042818 -0.083600
vn 0.000000 0.000000 0.000000
v -0.432411 -0.049926 -0.079586
vn 0.000000 0.000000 0.000000
v -0.424043 -0.056142 0.071771
vn 0.000000 0.000000 0.000000
v -0.442019 -0.039126 0.081963
vn 0.000000 0.000000 0.000000
v -0.435872 -0.046827 -0.070521
vn 0.000000 0.000000 0.000000
v -0.434883 -0.047789 0.072099
vn 0.000000 0.000000 0.000000
v 0.071581 -0.011506 -0.036431
vn 0.000000 0.000000 0.000000
v 0.069943 -0.019086 -0.048500
vn 0.000000 0.000000 0.000000
v 0.070976 0.010507 0.048933
vn 0.000000 0.000000 0.000000
v 0.068041 0.021970 0.049000
vn 0.000000 0.000000 0.000000
v 0.071280 -0.013245 -0.047569
vn 0.000000 0.000000 0.000000
v 0.069582 -0.020361 -0.041569
vn 0.000000 0.000000 0.000000
v 0.067675 -0.026007 -0.041569
vn 0.000000 0.000000 0.000000
v 0.069866 0.016333 0.048933
vn 0.000000 0.000000 0.000000
v 0.063719 0.032984 0.048933
vn 0.000000 0.000000 0.000000
v -0.389611 0.127078 0.088000
vn 0.000000 0.000000 0.000000
v 0.049867 0.052626 -0.036431
vn 0.000000 0.000000 0.000000
v 0.050074 0.052429 -0.047569
vn 0.000000 0.000000 0.000000
v 0.046937 0.055256 -0.042431
vn 0.000000 0.000000 0.000000
v 0.027610 -0.066225 0.048933
vn 0.000000 0.000000 0.000000
v 0.039687 -0.060673 -0.042431
vn 0.000000 0.000000 0.000000
v 0.036817 -0.062456 -0.041918
vn 0.000000 0.000000 0.000000
v 0.032432 -0.064842 -0.041569
vn 0.000000 0.000000 0.000000
v 0.036069 -0.062891 -0.036431
vn 0.000000 0.000000 0.000000
v 0.033329 -0.064385 -0.047882
vn 0.000000 0.000000 0.000000
v 0.027872 -0.066855 -0.048750
vn 0.000000 0.000000 0.000000
v 0.041038 -0.059767 -0.036431
vn 0.000000 0.000000 0.000000
v 0.056190 -0.045417 -0.048933
vn 0.000000 0.000000 0.000000
v 0.057925 -0.043599 -0.036431
vn 0.000000 0.000000 0.000000
v 0.060441 -0.039127 0.041387
vn 0.000000 0.000000 0.000000
v 0.061262 -0.038771 -0.036431
vn 0.000000 0.000000 0.000000
v 0.059956 -0.040762 -0.047569
vn 0.000000 0.000000 0.000000
v 0.068065 -0.024774 -0.048750
vn 0.000000 0.000000 0.000000
v 0.062503 -0.036737 -0.042431
vn 0.000000 0.000000 0.000000
v 0.063117 -0.035672 -0.047569
vn 0.000000 0.000000 0.000000
v 0.064198 -0.033689 -0.036431
vn 0.000000 0.000000 0.000000
v 0.065310 -0.031479 -0.042431
vn 0.000000 0.000000 0.000000
v -0.447411 0.149132 0.014206
vn 0.000000 0.000000 0.000000
v -0.441920 0.153421 0.016500
vn 0.000000 0.000000 0.000000
v -0.441920 0.153421 -0.016500
vn 0.000000 0.000000 0.000000
v -0.441518 0.153691 0.015000
vn 0.000000 0.000000 0.000000
v -0.421641 -0.057554 -0.070950
vn 0.000000 0.000000 0.000000
v -0.432592 -0.049870 -0.070629
vn 0.000000 0.000000 0.000000
v 0.071020 -0.014576 -0.042431
vn 0.000000 0.000000 0.000000
v 0.069943 -0.019086 -0.047569
vn 0.000000 0.000000 0.000000
v 0.066712 -0.028386 -0.036431
vn 0.000000 0.000000 0.000000
v 0.039687 -0.060673 -0.047569
vn 0.000000 0.000000 0.000000
v 0.031733 -0.065186 -0.042431
vn 0.000000 0.000000 0.000000
v 0.032429 -0.064843 -0.042278
vn 0.000000 0.000000 0.000000
v 0.067893 -0.024711 -0.048933
vn 0.000000 0.000000 0.000000
v 0.068128 -0.024797 -0.048500
vn 0.000000 0.000000 0.000000
v -0.441624 0.153621 -0.015789
vn 0.000000 0.000000 0.000000
v 0.070416 -0.017258 -0.036431
vn 0.000000 0.000000 0.000000
v 0.069582 -0.020361 -0.042431
vn 0.000000 0.000000 0.000000
v 0.067675 -0.026007 -0.042431
vn 0.000000 0.000000 0.000000
v 0.068128 -0.024797 -0.047569
vn 0.000000 0.000000 0.000000
v -0.441623 0.153621 -0.014213
vn 0.000000 0.000000 0.000000
v 0.068789 -0.022897 -0.036431
# 871 vertices, 0 vertices normals

f 44//44 11//11 19//19
f 59//59 18//18 32//32
f 85//85 4//4 43//43
f 88//88 86//86 11//11
f 91//91 47//47 24//24
f 91//91 24//24 1//1
f 93//93 91//91 1//1
f 93//93 47//47 91//91
f 100//100 89//89 25//25
f 100//100 50//50 89//89
f 100//100 93//93 1//1
f 100//100 25//25 93//93
f 100//100 98//98 49//49
f 100//100 1//1 98//98
f 101//101 27//27 9//9
f 101//101 89//89 50//50
f 101//101 9//9 89//89
f 104//104 36//36 69//69
f 106//106 53//53 13//13
f 117//117 59//59 5//5
f 117//117 18//18 59//59
f 117//117 61//61 18//18
f 117//117 5//5 61//61
f 120//120 61//61 5//5
f 120//120 33//33 61//61
f 121//121 9//9 27//27
f 122//122 34//34 18//18
f 122//122 18//18 61//61
f 124//124 63//63 33//33
f 124//124 33//33 62//62
f 124//124 123//123 63//63
f 125//125 32//32 18//18
f 127//127 64//64 60//60
f 128//128 19//19 11//11
f 128//128 11//11 65//65
f 129//129 35//35 66//66
f 130//130 128//128 65//65
f 130//130 19//19 128//128
f 142//142 4//4 96//96
f 146//146 46//46 90//90
f 162//162 85//85 43//43
f 163//163 65//65 11//11
f 163//163 11//11 86//86
f 165//165 88//88 11//11
f 166//166 87//87 22//22
f 166//166 22//22 88//88
f 167//167 89//89 9//9
f 168//168 90//90 46//46
f 168//168 147//147 8//8
f 168//168 46//46 147//147
f 169//169 47//47 14//14
f 170//170 92//92 24//24
f 170//170 24//24 47//47
f 170//170 169//169 92//92
f 170//170 47//47 169//169
f 171//171 93//93 25//25
f 172//172 89//89 45//45
f 175//175 38//38 144//144
f 176//176 97//97 49//49
f 176//176 49//49 98//98
f 176//176 98//98 1//1
f 177//177 24//24 92//92
f 177//177 176//176 24//24
f 177//177 97//97 176//176
f 181//181 50//50 100//100
f 182//182 101//101 51//51
f 182//182 27//27 101//101
f 183//183 101//101 50//50
f 183//183 51//51 101//101
f 183//183 50//50 181//181
f 183//183 102//102 51//51
f 187//187 104//104 69//69
f 187//187 13//13 108//108
f 189//189 106//106 29//29
f 192//192 108//108 13//13
f 192//192 13//13 53//53
f 197//197 127//127 60//60
f 204//204 16//16 111//111
f 206//206 5//5 59//59
f 207//207 57//57 118//118
f 208//208 118//118 206//206
f 209//209 119//119 34//34
f 209//209 34//34 122//122
f 211//211 62//62 33//33
f 212//212 61//61 33//33
f 212//212 33//33 63//63
f 214//214 125//125 18//18
f 214//214 18//18 34//34
f 214//214 34//34 64//64
f 215//215 64//64 34//34
f 215//215 34//34 126//126
f 215//215 126//126 60//60
f 215//215 60//60 64//64
f 216//216 60//60 126//126
f 216//216 126//126 34//34
f 216//216 34//34 119//119
f 217//217 35//35 129//129
f 218//218 129//129 66//66
f 218//218 66//66 130//130
f 218//218 130//130 65//65
f 218//218 65//65 129//129
f 219//219 36//36 131//131
f 221//221 132//132 44//44
f 221//221 44//44 19//19
f 221//221 19//19 130//130
f 222//222 68//68 135//135
f 226//226 54//54 134//134
f 237//237 142//142 73//73
f 238//238 142//142 96//96
f 238//238 73//73 142//142
f 239//239 38//38 143//143
f 241//241 145//145 37//37
f 241//241 73//73 145//145
f 242//242 144//144 74//74
f 242//242 145//145 73//73
f 242//242 73//73 144//144
f 243//243 8//8 147//147
f 243//243 236//236 8//8
f 245//245 77//77 151//151
f 245//245 151//151 76//76
f 246//246 148//148 58//58
f 246//246 2//2 148//148
f 250//250 150//150 77//77
f 251//251 21//21 150//150
f 251//251 205//205 21//21
f 251//251 116//116 205//205
f 252//252 251//251 150//150
f 254//254 151//151 40//40
f 254//254 76//76 151//151
f 255//255 40//40 151//151
f 256//256 151//151 77//77
f 256//256 255//255 151//151
f 262//262 260//260 41//41
f 262//262 154//154 260//260
f 263//263 155//155 80//80
f 267//267 157//157 265//265
f 270//270 158//158 22//22
f 270//270 22//22 87//87
f 273//273 96//96 4//4
f 273//273 4//4 160//160
f 274//274 160//160 4//4
f 274//274 4//4 85//85
f 274//274 271//271 160//160
f 275//275 159//159 84//84
f 275//275 84//84 174//174
f 276//276 48//48 161//161
f 276//276 161//161 153//153
f 277//277 88//88 22//22
f 277//277 22//22 162//162
f 277//277 86//86 88//88
f 278//278 162//162 22//22
f 278//278 22//22 158//158
f 278//278 274//274 85//85
f 278//278 85//85 162//162
f 278//278 271//271 274//274
f 278//278 158//158 83//83
f 279//279 129//129 65//65
f 279//279 65//65 163//163
f 280//280 163//163 86//86
f 281//281 7//7 164//164
f 281//281 220//220 7//7
f 282//282 219//219 131//131
f 282//282 131//131 281//281
f 283//283 164//164 44//44
f 283//283 44//44 132//132
f 284//284 88//88 165//165
f 284//284 165//165 11//11
f 284//284 166//166 88//88
f 285//285 87//87 166//166
f 285//285 166//166 44//44
f 286//286 167//167 45//45
f 286//286 45//45 89//89
f 286//286 89//89 167//167
f 287//287 9//9 121//121
f 289//289 92//92 90//90
f 289//289 90//90 168//168
f 290//290 90//90 92//92
f 290//290 92//92 169//169
f 291//291 169//169 14//14
f 292//292 47//47 93//93
f 293//293 171//171 25//25
f 294//294 172//172 45//45
f 294//294 45//45 167//167
f 295//295 94//94 25//25
f 295//295 25//25 89//89
f 295//295 89//89 172//172
f 298//298 161//161 48//48
f 299//299 176//176 1//1
f 299//299 1//1 24//24
f 299//299 24//24 176//176
f 300//300 177//177 92//92
f 300//300 92//92 289//289
f 302//302 178//178 38//38
f 302//302 38//38 175//175
f 303//303 143//143 38//38
f 303//303 38//38 178//178
f 303//303 240//240 143//143
f 305//305 179//179 49//49
f 305//305 49//49 97//97
f 307//307 181//181 100//100
f 308//308 124//124 27//27
f 308//308 27//27 182//182
f 308//308 123//123 124//124
f 308//308 213//213 123//123
f 309//309 182//182 51//51
f 309//309 51//51 102//102
f 309//309 308//308 182//182
f 310//310 183//183 181//181
f 310//310 181//181 307//307
f 312//312 42//42 186//186
f 314//314 83//83 185//185
f 314//314 186//186 83//83
f 315//315 185//185 83//83
f 315//315 83//83 158//158
f 316//316 187//187 52//52
f 316//316 104//104 187//187
f 317//317 187//187 108//108
f 317//317 52//52 187//187
f 318//318 106//106 13//13
f 318//318 13//13 187//187
f 321//321 53//53 106//106
f 321//321 106//106 189//189
f 322//322 189//189 29//29
f 322//322 29//29 107//107
f 324//324 107//107 29//29
f 326//326 28//28 319//319
f 327//327 105//105 193//193
f 331//331 56//56 113//113
f 332//332 196//196 112//112
f 334//334 113//113 56//56
f 335//335 198//198 81//81
f 336//336 198//198 113//113
f 337//337 196//196 30//30
f 337//337 112//112 196//196
f 338//338 114//114 200//200
f 339//339 200//200 57//57
f 339//339 57//57 199//199
f 339//339 338//338 200//200
f 339//339 199//199 338//338
f 340//340 110//110 55//55
f 340//340 55//55 201//201
f 341//341 200//200 114//114
f 341//341 201//201 55//55
f 342//342 58//58 202//202
f 343//343 55//55 110//110
f 345//345 204//204 111//111
f 346//346 58//58 148//148
f 347//347 205//205 116//116
f 348//348 207//207 118//118
f 348//348 10//10 207//207
f 348//348 118//118 208//208
f 349//349 199//199 57//57
f 349//349 57//57 207//207
f 349//349 337//337 199//199
f 349//349 207//207 337//337
f 350//350 207//207 10//10
f 350//350 10//10 112//112
f 350//350 337//337 207//207
f 350//350 112//112 337//337
f 351//351 32//32 125//125
f 351//351 125//125 214//214
f 352//352 208//208 206//206
f 352//352 206//206 59//59
f 352//352 59//59 32//32
f 352//352 32//32 351//351
f 352//352 348//348 208//208
f 352//352 10//10 348//348
f 353//353 209//209 15//15
f 353//353 119//119 209//209
f 354//354 6//6 210//210
f 355//355 353//353 210//210
f 356//356 211//211 33//33
f 356//356 33//33 120//120
f 357//357 61//61 212//212
f 358//358 212//212 63//63
f 358//358 63//63 123//123
f 358//358 357//357 212//212
f 358//358 123//123 213//213
f 359//359 27//27 124//124
f 360//360 62//62 121//121
f 361//361 66//66 35//35
f 361//361 35//35 217//217
f 361//361 138//138 230//230
f 363//363 361//361 217//217
f 363//363 138//138 361//361
f 364//364 36//36 219//219
f 364//364 133//133 223//223
f 365//365 7//7 220//220
f 366//366 131//131 36//36
f 366//366 281//281 131//131
f 366//366 220//220 281//281
f 366//366 36//36 104//104
f 367//367 132//132 221//221
f 369//369 68//68 222//222
f 370//370 222//222 135//135
f 370//370 133//133 222//222
f 370//370 223//223 133//133
f 371//371 69//69 36//36
f 371//371 364//364 223//223
f 371//371 36//36 364//364
f 374//374 226//226 134//134
f 374//374 224//224 226//226
f 375//375 226//226 224//224
f 375//375 23//23 226//226
f 377//377 135//135 68//68
f 377//377 68//68 227//227
f 379//379 234//234 136//136
f 379//379 20//20 234//234
f 381//381 3//3 229//229
f 381//381 137//137 369//369
f 382//382 229//229 70//70
f 382//382 380//380 137//137
f 382//382 381//381 229//229
f 382//382 137//137 381//381
f 383//383 229//229 3//3
f 383//383 230//230 138//138
f 384//384 383//383 138//138
f 384//384 229//229 383//383
f 384//384 70//70 229//229
f 387//387 37//37 145//145
f 387//387 145//145 242//242
f 389//389 234//234 140//140
f 389//389 140//140 235//235
f 390//390 141//141 373//373
f 391//391 175//175 144//144
f 391//391 144//144 73//73
f 391//391 73//73 238//238
f 392//392 231//231 74//74
f 392//392 74//74 144//144
f 392//392 144//144 38//38
f 392//392 38//38 239//239
f 393//393 140//140 234//234
f 393//393 388//388 140//140
f 394//394 239//239 143//143
f 394//394 143//143 240//240
f 395//395 237//237 73//73
f 395//395 73//73 241//241
f 396//396 242//242 74//74
f 396//396 74//74 231//231
f 396//396 387//387 242//242
f 396//396 232//232 387//387
f 397//397 243//243 147//147
f 397//397 75//75 243//243
f 397//397 244//244 75//75
f 397//397 147//147 244//244
f 398//398 243//243 75//75
f 398//398 236//236 243//243
f 398//398 75//75 373//373
f 399//399 244//244 147//147
f 399//399 147//147 46//46
f 399//399 46//46 146//146
f 399//399 146//146 244//244
f 400//400 224//224 374//374
f 400//400 374//374 225//225
f 401//401 247//247 245//245
f 401//401 245//245 76//76
f 402//402 247//247 148//148
f 404//404 248//248 249//249
f 406//406 150//150 250//250
f 406//406 250//250 2//2
f 406//406 2//2 246//246
f 406//406 252//252 150//150
f 406//406 246//246 58//58
f 407//407 116//116 251//251
f 407//407 251//251 252//252
f 408//408 77//77 150//150
f 408//408 256//256 77//77
f 409//409 150//150 21//21
f 409//409 21//21 253//253
f 409//409 408//408 150//150
f 409//409 253//253 408//408
f 410//410 248//248 404//404
f 410//410 249//249 248//248
f 411//411 40//40 255//255
f 412//412 255//255 256//256
f 412//412 256//256 408//408
f 415//415 149//149 404//404
f 415//415 405//405 78//78
f 417//417 41//41 260//260
f 418//418 261//261 260//260
f 418//418 260//260 154//154
f 420//420 154//154 262//262
f 420//420 262//262 263//263
f 421//421 336//336 6//6
f 422//422 81//81 198//198
f 422//422 421//421 264//264
f 422//422 198//198 336//336
f 422//422 336//336 421//421
f 423//423 82//82 156//156
f 425//425 265//265 81//81
f 427//427 155//155 263//263
f 427//427 263//263 262//262
f 429//429 41//41 417//417
f 433//433 30//30 269//269
f 433//433 269//269 432//432
f 434//434 265//265 157//157
f 436//436 270//270 87//87
f 436//436 435//435 270//270
f 436//436 164//164 435//435
f 437//437 83//83 186//186
f 437//437 186//186 42//42
f 438//438 272//272 84//84
f 438//438 84//84 159//159
f 439//439 84//84 272//272
f 439//439 161//161 298//298
f 441//441 273//273 160//160
f 441//441 160//160 275//275
f 441//441 275//275 174//174
f 442//442 276//276 78//78
f 442//442 48//48 276//276
f 442//442 78//78 405//405
f 443//443 258//258 78//78
f 443//443 78//78 276//276
f 443//443 416//416 258//258
f 444//444 277//277 162//162
f 444//444 162//162 43//43
f 444//444 86//86 277//277
f 445//445 278//278 83//83
f 445//445 271//271 278//278
f 445//445 437//437 271//271
f 445//445 83//83 437//437
f 446//446 217//217 129//129
f 446//446 129//129 279//279
f 446//446 362//362 217//217
f 447//447 280//280 86//86
f 447//447 444//444 43//43
f 447//447 86//86 444//444
f 447//447 43//43 4//4
f 448//448 280//280 447//447
f 449//449 279//279 163//163
f 449//449 163//163 280//280
f 450//450 67//67 367//367
f 450//450 282//282 67//67
f 450//450 219//219 282//282
f 450//450 364//364 219//219
f 451//451 282//282 281//281
f 451//451 281//281 164//164
f 451//451 164//164 283//283
f 451//451 367//367 67//67
f 451//451 67//67 282//282
f 451//451 283//283 132//132
f 451//451 132//132 367//367
f 452//452 284//284 11//11
f 452//452 11//11 44//44
f 452//452 44//44 166//166
f 452//452 166//166 284//284
f 453//453 87//87 285//285
f 453//453 285//285 44//44
f 453//453 44//44 164//164
f 453//453 436//436 87//87
f 453//453 164//164 436//436
f 454//454 109//109 167//167
f 455//455 287//287 121//121
f 455//455 121//121 62//62
f 455//455 62//62 211//211
f 456//456 455//455 211//211
f 456//456 287//287 455//455
f 457//457 328//328 23//23
f 457//457 296//296 95//95
f 457//457 23//23 296//296
f 457//457 288//288 194//194
f 457//457 194//194 328//328
f 458//458 295//295 172//172
f 458//458 94//94 295//295
f 458//458 294//294 288//288
f 458//458 172//172 294//294
f 459//459 146//146 90//90
f 459//459 90//90 290//290
f 459//459 290//290 169//169
f 459//459 169//169 291//291
f 460//460 291//291 14//14
f 460//460 14//14 173//173
f 461//461 292//292 93//93
f 461//461 93//93 171//171
f 461//461 171//171 297//297
f 462//462 293//293 25//25
f 462//462 25//25 94//94
f 463//463 171//171 293//293
f 463//463 297//297 171//171
f 464//464 462//462 94//94
f 464//464 293//293 462//462
f 464//464 463//463 293//293
f 465//465 194//194 288//288
f 465//465 288//288 294//294
f 466//466 296//296 23//23
f 466//466 173//173 296//296
f 466//466 460//460 173//173
f 466//466 23//23 375//375
f 466//466 375//375 460//460
f 467//467 95//95 297//297
f 467//467 297//297 463//463
f 467//467 457//457 95//95
f 467//467 288//288 457//457
f 467//467 463//463 464//464
f 468//468 296//296 173//173
f 468//468 297//297 95//95
f 468//468 95//95 296//296
f 468//468 461//461 297//297
f 469//469 97//97 177//177
f 469//469 177//177 300//300
f 469//469 300//300 289//289
f 469//469 289//289 97//97
f 470//470 26//26 99//99
f 470//470 99//99 180//180
f 470//470 180//180 301//301
f 471//471 178//178 301//301
f 472//472 301//301 178//178
f 472//472 178//178 302//302
f 472//472 470//470 301//301
f 472//472 26//26 470//470
f 473//473 240//240 303//303
f 473//473 72//72 388//388
f 473//473 393//393 240//240
f 473//473 388//388 393//393
f 475//475 99//99 26//26
f 475//475 26//26 304//304
f 475//475 304//304 474//474
f 476//476 97//97 289//289
f 477//477 168//168 8//8
f 478//478 307//307 100//100
f 478//478 100//100 49//49
f 478//478 49//49 179//179
f 479//479 213//213 308//308
f 479//479 308//308 309//309
f 480//480 102//102 183//183
f 480//480 183//183 310//310
f 481//481 310//310 307//307
f 481//481 478//478 179//179
f 481//481 307//307 478//478
f 483//483 184//184 42//42
f 483//483 42//42 312//312
f 485//485 320//320 313//313
f 486//486 312//312 186//186
f 486//486 186//186 314//314
f 487//487 185//185 315//315
f 488//488 315//315 158//158
f 488//488 158//158 270//270
f 489//489 52//52 317//317
f 489//489 193//193 482//482
f 489//489 316//316 52//52
f 490//490 317//317 108//108
f 490//490 489//489 317//317
f 490//490 193//193 489//489
f 491//491 318//318 187//187
f 491//491 187//187 69//69
f 493//493 105//105 319//319
f 494//494 12//12 320//320
f 494//494 188//188 492//492
f 494//494 492//492 257//257
f 495//495 494//494 320//320
f 495//495 188//188 494//494
f 496//496 272//272 438//438
f 497//497 259//259 152//152
f 499//499 324//324 190//190
f 499//499 107//107 324//324
f 500//500 111//111 16//16
f 500//500 190//190 324//324
f 503//503 192//192 53//53
f 503//503 53//53 321//321
f 504//504 319//319 105//105
f 504//504 105//105 327//327
f 504//504 326//326 319//319
f 505//505 226//226 23//23
f 505//505 23//23 328//328
f 505//505 54//54 226//226
f 506//506 80//80 155//155
f 506//506 155//155 329//329
f 507//507 205//205 347//347
f 509//509 195//195 330//330
f 510//510 330//330 261//261
f 510//510 418//418 154//154
f 510//510 261//261 418//418
f 511//511 343//343 110//110
f 511//511 110//110 340//340
f 512//512 56//56 331//331
f 512//512 332//332 56//56
f 512//512 196//196 332//332
f 513//513 30//30 196//196
f 514//514 332//332 112//112
f 515//515 112//112 10//10
f 515//515 352//352 351//351
f 515//515 10//10 352//352
f 516//516 127//127 197//197
f 516//516 197//197 333//333
f 517//517 333//333 197//197
f 517//517 197//197 334//334
f 518//518 198//198 335//335
f 519//519 269//269 30//30
f 520//520 335//335 81//81
f 521//521 336//336 113//113
f 521//521 113//113 334//334
f 521//521 334//334 197//197
f 522//522 337//337 30//30
f 522//522 199//199 337//337
f 522//522 30//30 433//433
f 523//523 17//17 261//261
f 523//523 261//261 330//330
f 524//524 342//342 202//202
f 524//524 31//31 342//342
f 524//524 202//202 344//344
f 525//525 55//55 343//343
f 526//526 203//203 343//343
f 526//526 343//343 511//511
f 527//527 344//344 202//202
f 527//527 115//115 344//344
f 528//528 345//345 111//111
f 528//528 115//115 345//345
f 529//529 204//204 345//345
f 529//529 527//527 202//202
f 529//529 345//345 115//115
f 529//529 115//115 527//527
f 530//530 346//346 148//148
f 530//530 148//148 247//247
f 530//530 247//247 403//403
f 531//531 342//342 31//31
f 531//531 347//347 116//116
f 532//532 64//64 127//127
f 532//532 127//127 351//351
f 532//532 351//351 214//214
f 532//532 214//214 64//64
f 533//533 216//216 119//119
f 533//533 119//119 353//353
f 533//533 60//60 216//216
f 533//533 197//197 60//60
f 534//534 354//354 82//82
f 534//534 423//423 264//264
f 534//534 82//82 423//423
f 535//535 355//355 210//210
f 535//535 210//210 6//6
f 535//535 6//6 336//336
f 535//535 336//336 521//521
f 536//536 122//122 61//61
f 536//536 61//61 357//357
f 537//537 209//209 122//122
f 537//537 122//122 536//536
f 537//537 536//536 357//357
f 537//537 357//357 358//358
f 538//538 537//537 358//358
f 538//538 15//15 209//209
f 538//538 209//209 537//537
f 540//540 27//27 359//359
f 542//542 361//361 230//230
f 542//542 66//66 361//361
f 543//543 217//217 362//362
f 543//543 363//363 217//217
f 543//543 71//71 138//138
f 543//543 138//138 363//363
f 544//544 232//232 71//71
f 544//544 362//362 37//37
f 544//544 543//543 362//362
f 544//544 71//71 543//543
f 544//544 387//387 232//232
f 544//544 37//37 387//387
f 545//545 314//314 185//185
f 545//545 185//185 365//365
f 546//546 365//365 220//220
f 546//546 103//103 365//365
f 546//546 220//220 366//366
f 547//547 366//366 104//104
f 547//547 546//546 366//366
f 548//548 368//368 222//222
f 548//548 222//222 133//133
f 549//549 368//368 3//3
f 549//549 222//222 368//368
f 549//549 369//369 222//222
f 549//549 381//381 369//369
f 549//549 3//3 381//381
f 550//550 3//3 368//368
f 550//550 368//368 548//548
f 550//550 383//383 3//3
f 550//550 230//230 383//383
f 551//551 369//369 137//137
f 551//551 68//68 369//369
f 554//554 373//373 75//75
f 554//554 225//225 552//552
f 555//555 141//141 390//390
f 555//555 373//373 141//141
f 556//556 374//374 134//134
f 556//556 225//225 374//374
f 557//557 376//376 134//134
f 557//557 134//134 54//54
f 558//558 376//376 372//372
f 558//558 134//134 376//376
f 558//558 372//372 552//552
f 558//558 556//556 134//134
f 558//558 552//552 225//225
f 558//558 225//225 556//556
f 559//559 68//68 551//551
f 560//560 228//228 136//136
f 560//560 380//380 228//228
f 561//561 227//227 378//378
f 562//562 228//228 20//20
f 562//562 20//20 379//379
f 562//562 379//379 136//136
f 562//562 136//136 228//228
f 563//563 137//137 380//380
f 563//563 560//560 378//378
f 563//563 380//380 560//560
f 563//563 378//378 559//559
f 563//563 559//559 551//551
f 563//563 551//551 137//137
f 564//564 382//382 70//70
f 564//564 380//380 382//382
f 564//564 228//228 380//380
f 565//565 384//384 138//138
f 565//565 138//138 71//71
f 566//566 384//384 565//565
f 566//566 565//565 71//71
f 566//566 71//71 232//232
f 567//567 221//221 130//130
f 567//567 542//542 385//385
f 567//567 130//130 66//66
f 567//567 66//66 542//542
f 568//568 367//367 221//221
f 568//568 567//567 385//385
f 568//568 221//221 567//567
f 569//569 388//388 72//72
f 570//570 569//569 233//233
f 570//570 388//388 569//569
f 570//570 140//140 388//388
f 571//571 389//389 235//235
f 571//571 235//235 136//136
f 571//571 136//136 234//234
f 571//571 234//234 389//389
f 573//573 392//392 239//239
f 573//573 239//239 394//394
f 573//573 231//231 392//392
f 573//573 386//386 231//231
f 574//574 234//234 20//20
f 574//574 393//393 234//234
f 574//574 394//394 240//240
f 574//574 240//240 393//393
f 575//575 395//395 241//241
f 575//575 241//241 37//37
f 575//575 37//37 362//362
f 575//575 362//362 446//446
f 576//576 396//396 231//231
f 576//576 231//231 386//386
f 576//576 386//386 139//139
f 576//576 232//232 396//396
f 576//576 566//566 232//232
f 576//576 139//139 566//566
f 577//577 75//75 244//244
f 577//577 554//554 75//75
f 577//577 400//400 225//225
f 577//577 225//225 554//554
f 578//578 375//375 224//224
f 578//578 224//224 400//400
f 579//579 401//401 76//76
f 579//579 247//247 401//401
f 579//579 76//76 254//254
f 580//580 245//245 247//247
f 580//580 247//247 402//402
f 581//581 148//148 2//2
f 581//581 2//2 250//250
f 582//582 250//250 77//77
f 582//582 581//581 250//250
f 582//582 77//77 245//245
f 582//582 402//402 148//148
f 582//582 148//148 581//581
f 582//582 580//580 402//402
f 582//582 245//245 580//580
f 584//584 404//404 249//249
f 584//584 415//415 404//404
f 584//584 405//405 415//415
f 585//585 406//406 58//58
f 585//585 252//252 406//406
f 586//586 342//342 116//116
f 586//586 116//116 407//407
f 587//587 585//585 58//58
f 587//587 252//252 585//585
f 588//588 58//58 342//342
f 588//588 587//587 58//58
f 588//588 586//586 407//407
f 588//588 342//342 586//586
f 588//588 407//407 252//252
f 588//588 252//252 587//587
f 590//590 410//410 404//404
f 590//590 404//404 149//149
f 591//591 191//191 411//411
f 591//591 411//411 255//255
f 592//592 40//40 411//411
f 593//593 412//412 149//149
f 593//593 255//255 412//412
f 594//594 413//413 152//152
f 594//594 152//152 257//257
f 594//594 257//257 413//413
f 595//595 323//323 152//152
f 595//595 152//152 413//413
f 596//596 494//494 257//257
f 596//596 12//12 494//494
f 596//596 257//257 152//152
f 597//597 414//414 596//596
f 598//598 415//415 78//78
f 598//598 78//78 258//258
f 600//600 191//191 591//591
f 601//601 261//261 17//17
f 601//601 17//17 417//417
f 602//602 262//262 41//41
f 602//602 427//427 262//262
f 603//603 421//421 6//6
f 603//603 6//6 354//354
f 604//604 422//422 264//264
f 604//604 81//81 422//422
f 604//604 425//425 81//81
f 604//604 264//264 425//425
f 605//605 424//424 419//419
f 605//605 41//41 424//424
f 605//605 602//602 41//41
f 605//605 419//419 602//602
f 606//606 156//156 419//419
f 606//606 419//419 424//424
f 606//606 424//424 425//425
f 607//607 267//267 265//265
f 607//607 424//424 41//41
f 607//607 425//425 424//424
f 607//607 265//265 425//425
f 607//607 41//41 429//429
f 608//608 425//425 264//264
f 608//608 264//264 423//423
f 608//608 606//606 425//425
f 608//608 423//423 156//156
f 608//608 156//156 606//606
f 610//610 329//329 155//155
f 610//610 155//155 426//426
f 610//610 426//426 205//205
f 610//610 205//205 507//507
f 612//612 429//429 417//417
f 612//612 417//417 17//17
f 613//613 607//607 429//429
f 613//613 267//267 607//607
f 614//614 267//267 430//430
f 614//614 430//430 268//268
f 614//614 157//157 267//267
f 615//615 430//430 267//267
f 615//615 268//268 430//430
f 615//615 267//267 613//613
f 616//616 268//268 17//17
f 616//616 432//432 268//268
f 616//616 431//431 432//432
f 617//617 616//616 17//17
f 617//617 17//17 523//523
f 618//618 341//341 114//114
f 618//618 431//431 201//201
f 618//618 201//201 341//341
f 619//619 432//432 431//431
f 619//619 618//618 114//114
f 619//619 431//431 618//618
f 619//619 114//114 338//338
f 620//620 338//338 199//199
f 620//620 619//619 338//338
f 620//620 522//522 433//433
f 620//620 199//199 522//522
f 620//620 433//433 432//432
f 620//620 432//432 619//619
f 621//621 81//81 265//265
f 621//621 265//265 434//434
f 621//621 520//520 81//81
f 622//622 435//435 164//164
f 622//622 164//164 7//7
f 622//622 488//488 270//270
f 622//622 270//270 435//435
f 623//623 161//161 439//439
f 623//623 414//414 597//597
f 624//624 439//439 298//298
f 624//624 174//174 84//84
f 624//624 84//84 439//439
f 625//625 159//159 275//275
f 625//625 275//275 440//440
f 626//626 440//440 275//275
f 626//626 625//625 440//440
f 626//626 275//275 160//160
f 626//626 160//160 271//271
f 626//626 271//271 437//437
f 627//627 443//443 276//276
f 627//627 276//276 153//153
f 627//627 599//599 416//416
f 627//627 416//416 443//443
f 628//628 4//4 142//142
f 628//628 142//142 448//448
f 629//629 449//449 280//280
f 629//629 280//280 448//448
f 629//629 448//448 142//142
f 629//629 142//142 237//237
f 629//629 237//237 449//449
f 630//630 446//446 279//279
f 630//630 279//279 449//449
f 630//630 575//575 446//446
f 630//630 449//449 237//237
f 630//630 237//237 395//395
f 630//630 395//395 575//575
f 631//631 450//450 367//367
f 631//631 364//364 450//450
f 631//631 367//367 568//568
f 632//632 454//454 167//167
f 632//632 167//167 9//9
f 632//632 9//9 454//454
f 633//633 454//454 9//9
f 633//633 9//9 287//287
f 633//633 287//287 454//454
f 634//634 454//454 287//287
f 634//634 109//109 454//454
f 634//634 287//287 456//456
f 635//635 458//458 288//288
f 635//635 94//94 458//458
f 635//635 464//464 94//94
f 635//635 467//467 464//464
f 635//635 288//288 467//467
f 636//636 459//459 291//291
f 636//636 146//146 459//459
f 637//637 47//47 292//292
f 637//637 292//292 461//461
f 637//637 461//461 468//468
f 637//637 14//14 47//47
f 637//637 468//468 173//173
f 637//637 173//173 14//14
f 638//638 465//465 294//294
f 638//638 294//294 167//167
f 638//638 167//167 109//109
f 639//639 471//471 301//301
f 639//639 301//301 180//180
f 640//640 303//303 178//178
f 640//640 178//178 471//471
f 640//640 471//471 72//72
f 640//640 473//473 303//303
f 640//640 72//72 473//473
f 641//641 474//474 304//304
f 641//641 481//481 179//179
f 643//643 305//305 97//97
f 643//643 97//97 476//476
f 644//644 476//476 289//289
f 644//644 289//289 168//168
f 644//644 168//168 477//477
f 644//644 643//643 476//476
f 644//644 477//477 306//306
f 645//645 477//477 8//8
f 645//645 8//8 236//236
f 647//647 103//103 546//546
f 649//649 438//438 159//159
f 649//649 496//496 438//438
f 650//650 484//484 42//42
f 650//650 42//42 184//184
f 650//650 646//646 313//313
f 650//650 313//313 484//484
f 652//652 312//312 486//486
f 652//652 648//648 312//312
f 652//652 103//103 648//648
f 653//653 365//365 103//103
f 653//653 486//486 314//314
f 653//653 652//652 486//486
f 653//653 103//103 652//652
f 654//654 365//365 185//185
f 654//654 185//185 487//487
f 654//654 487//487 7//7
f 654//654 7//7 365//365
f 655//655 315//315 488//488
f 655//655 622//622 7//7
f 655//655 488//488 622//622
f 655//655 487//487 315//315
f 655//655 7//7 487//487
f 656//656 327//327 193//193
f 656//656 193//193 490//490
f 656//656 490//490 108//108
f 656//656 504//504 327//327
f 657//657 492//492 188//188
f 657//657 493//493 319//319
f 657//657 188//188 493//493
f 658//658 319//319 28//28
f 659//659 495//495 320//320
f 659//659 320//320 485//485
f 660//660 105//105 493//493
f 660//660 493//493 188//188
f 660//660 188//188 495//495
f 661//661 320//320 12//12
f 661//661 12//12 496//496
f 662//662 496//496 12//12
f 662//662 596//596 414//414
f 662//662 12//12 596//596
f 663//663 497//497 152//152
f 663//663 152//152 323//323
f 664//664 497//497 79//79
f 664//664 259//259 497//497
f 664//664 416//416 599//599
f 666//666 28//28 326//326
f 668//668 497//497 323//323
f 669//669 500//500 16//16
f 669//669 190//190 500//500
f 670//670 501//501 79//79
f 670//670 325//325 501//501
f 670//670 79//79 667//667
f 671//671 498//498 665//665
f 672//672 107//107 499//499
f 672//672 322//322 107//107
f 673//673 501//501 325//325
f 673//673 191//191 501//501
f 674//674 192//192 503//503
f 674//674 504//504 656//656
f 674//674 503//503 326//326
f 674//674 326//326 504//504
f 674//674 656//656 108//108
f 674//674 108//108 192//192
f 675//675 80//80 506//506
f 676//676 507//507 347//347
f 676//676 531//531 31//31
f 676//676 347//347 531//531
f 677//677 195//195 508//508
f 677//677 203//203 526//526
f 677//677 524//524 344//344
f 677//677 344//344 203//203
f 677//677 508//508 31//31
f 677//677 31//31 524//524
f 679//679 508//508 195//195
f 679//679 675//675 506//506
f 679//679 195//195 675//675
f 679//679 329//329 678//678
f 679//679 678//678 508//508
f 679//679 506//506 329//329
f 680//680 31//31 508//508
f 681//681 509//509 80//80
f 681//681 195//195 509//509
f 681//681 675//675 195//195
f 681//681 80//80 675//675
f 682//682 330//330 420//420
f 683//683 420//420 263//263
f 683//683 330//330 682//682
f 683//683 682//682 420//420
f 683//683 263//263 80//80
f 683//683 80//80 509//509
f 683//683 509//509 330//330
f 684//684 420//420 330//330
f 684//684 330//330 510//510
f 684//684 510//510 154//154
f 684//684 154//154 420//420
f 685//685 330//330 195//195
f 685//685 523//523 330//330
f 685//685 511//511 523//523
f 686//686 513//513 196//196
f 686//686 512//512 331//331
f 686//686 196//196 512//512
f 687//687 331//331 113//113
f 687//687 686//686 331//331
f 687//687 513//513 686//686
f 687//687 113//113 198//198
f 687//687 198//198 518//518
f 688//688 334//334 56//56
f 688//688 517//517 334//334
f 688//688 56//56 332//332
f 688//688 332//332 514//514
f 689//689 516//516 333//333
f 690//690 515//515 351//351
f 690//690 689//689 515//515
f 690//690 516//516 689//689
f 690//690 127//127 516//516
f 691//691 689//689 333//333
f 691//691 515//515 689//689
f 692//692 112//112 515//515
f 692//692 515//515 691//691
f 692//692 691//691 333//333
f 692//692 333//333 517//517
f 693//693 518//518 335//335
f 693//693 519//519 30//30
f 693//693 335//335 519//519
f 694//694 30//30 513//513
f 694//694 693//693 30//30
f 694//694 518//518 693//693
f 694//694 687//687 518//518
f 694//694 513//513 687//687
f 695//695 520//520 269//269
f 695//695 269//269 519//519
f 695//695 519//519 335//335
f 695//695 335//335 520//520
f 696//696 521//521 197//197
f 696//696 533//533 355//355
f 696//696 197//197 533//533
f 696//696 535//535 521//521
f 696//696 355//355 535//535
f 697//697 340//340 201//201
f 697//697 523//523 511//511
f 697//697 511//511 340//340
f 698//698 525//525 343//343
f 698//698 343//343 203//203
f 698//698 203//203 344//344
f 699//699 58//58 346//346
f 699//699 346//346 529//529
f 699//699 529//529 202//202
f 699//699 202//202 58//58
f 700//700 529//529 346//346
f 700//700 204//204 529//529
f 700//700 346//346 530//530
f 701//701 531//531 116//116
f 701//701 116//116 342//342
f 701//701 342//342 531//531
f 702//702 533//533 353//353
f 702//702 353//353 355//355
f 702//702 355//355 533//533
f 703//703 354//354 534//534
f 703//703 534//534 264//264
f 703//703 264//264 421//421
f 703//703 603//603 354//354
f 703//703 421//421 603//603
f 704//704 538//538 358//358
f 704//704 358//358 213//213
f 705//705 27//27 540//540
f 706//706 360//360 121//121
f 706//706 121//121 541//541
f 706//706 705//705 540//540
f 706//706 541//541 705//705
f 706//706 540//540 359//359
f 706//706 359//359 360//360
f 707//707 121//121 27//27
f 707//707 27//27 539//539
f 709//709 547//547 104//104
f 709//709 104//104 316//316
f 709//709 316//316 547//547
f 710//710 548//548 133//133
f 711//711 542//542 230//230
f 711//711 230//230 550//550
f 711//711 385//385 542//542
f 711//711 550//550 548//548
f 711//711 710//710 385//385
f 711//711 548//548 710//710
f 712//712 553//553 39//39
f 712//712 39//39 572//572
f 713//713 555//555 398//398
f 713//713 398//398 373//373
f 713//713 373//373 555//555
f 714//714 555//555 236//236
f 714//714 236//236 398//398
f 714//714 398//398 555//555
f 715//715 377//377 227//227
f 715//715 227//227 376//376
f 715//715 376//376 557//557
f 715//715 135//135 377//377
f 715//715 557//557 54//54
f 715//715 370//370 135//135
f 715//715 54//54 505//505
f 715//715 223//223 370//370
f 715//715 505//505 328//328
f 715//715 371//371 223//223
f 715//715 328//328 194//194
f 715//715 69//69 371//371
f 715//715 194//194 465//465
f 715//715 465//465 638//638
f 715//715 491//491 69//69
f 715//715 318//318 491//491
f 715//715 106//106 318//318
f 715//715 29//29 106//106
f 715//715 324//324 29//29
f 715//715 500//500 324//324
f 715//715 111//111 500//500
f 715//715 528//528 111//111
f 715//715 525//525 528//528
f 715//715 55//55 525//525
f 715//715 341//341 55//55
f 715//715 200//200 341//341
f 715//715 57//57 200//200
f 715//715 118//118 57//57
f 715//715 206//206 118//118
f 715//715 5//5 206//206
f 715//715 120//120 5//5
f 715//715 356//356 120//120
f 715//715 211//211 356//356
f 715//715 456//456 211//211
f 715//715 634//634 456//456
f 715//715 638//638 109//109
f 715//715 109//109 634//634
f 716//716 559//559 378//378
f 717//717 227//227 68//68
f 717//717 68//68 559//559
f 717//717 559//559 716//716
f 717//717 716//716 378//378
f 717//717 378//378 227//227
f 718//718 136//136 235//235
f 718//718 560//560 136//136
f 718//718 561//561 378//378
f 718//718 378//378 560//560
f 719//719 227//227 561//561
f 720//720 564//564 70//70
f 720//720 70//70 139//139
f 721//721 564//564 720//720
f 721//721 720//720 139//139
f 721//721 139//139 386//386
f 722//722 566//566 139//139
f 722//722 139//139 70//70
f 722//722 70//70 384//384
f 722//722 384//384 566//566
f 723//723 390//390 233//233
f 723//723 233//233 569//569
f 724//724 570//570 233//233
f 724//724 233//233 39//39
f 725//725 39//39 553//553
f 726//726 572//572 390//390
f 726//726 390//390 373//373
f 726//726 373//373 572//572
f 727//727 572//572 373//373
f 727//727 373//373 554//554
f 727//727 554//554 552//552
f 727//727 712//712 572//572
f 727//727 552//552 372//372
f 727//727 372//372 712//712
f 728//728 572//572 39//39
f 728//728 39//39 233//233
f 728//728 233//233 572//572
f 729//729 572//572 233//233
f 729//729 233//233 390//390
f 729//729 390//390 572//572
f 730//730 386//386 573//573
f 730//730 574//574 20//20
f 730//730 721//721 386//386
f 730//730 20//20 721//721
f 730//730 573//573 394//394
f 730//730 394//394 574//574
f 731//731 460//460 375//375
f 731//731 375//375 578//578
f 731//731 578//578 636//636
f 731//731 636//636 291//291
f 731//731 291//291 460//460
f 732//732 577//577 244//244
f 732//732 578//578 400//400
f 732//732 400//400 577//577
f 732//732 636//636 578//578
f 732//732 244//244 146//146
f 732//732 146//146 636//636
f 733//733 403//403 247//247
f 733//733 247//247 579//579
f 735//735 530//530 403//403
f 735//735 403//403 583//583
f 735//735 669//669 16//16
f 735//735 583//583 669//669
f 735//735 700//700 530//530
f 735//735 16//16 204//204
f 735//735 204//204 700//700
f 736//736 589//589 249//249
f 736//736 249//249 410//410
f 736//736 410//410 253//253
f 737//737 249//249 589//589
f 737//737 266//266 428//428
f 738//738 21//21 205//205
f 738//738 205//205 426//426
f 739//739 253//253 410//410
f 739//739 410//410 590//590
f 739//739 408//408 253//253
f 739//739 412//412 408//408
f 739//739 590//590 149//149
f 739//739 149//149 412//412
f 740//740 254//254 40//40
f 740//740 40//40 592//592
f 741//741 411//411 191//191
f 742//742 591//591 255//255
f 742//742 255//255 593//593
f 742//742 593//593 598//598
f 744//744 597//597 259//259
f 744//744 153//153 597//597
f 744//744 627//627 153//153
f 744//744 599//599 627//627
f 744//744 664//664 599//599
f 744//744 259//259 664//664
f 745//745 152//152 259//259
f 745//745 259//259 597//597
f 745//745 597//597 596//596
f 745//745 596//596 152//152
f 746//746 149//149 415//415
f 746//746 415//415 598//598
f 746//746 598//598 593//593
f 746//746 593//593 149//149
f 747//747 258//258 416//416
f 747//747 416//416 600//600
f 747//747 742//742 598//598
f 747//747 598//598 258//258
f 747//747 600//600 591//591
f 747//747 591//591 742//742
f 748//748 501//501 191//191
f 748//748 191//191 600//600
f 748//748 600//600 416//416
f 748//748 416//416 664//664
f 748//748 664//664 79//79
f 748//748 79//79 501//501
f 749//749 260//260 261//261
f 749//749 261//261 601//601
f 749//749 601//601 417//417
f 749//749 417//417 260//260
f 750//750 609//609 426//426
f 750//750 426//426 155//155
f 750//750 155//155 427//427
f 750//750 427//427 609//609
f 751//751 426//426 609//609
f 751//751 609//609 266//266
f 752//752 611//611 428//428
f 752//752 428//428 266//266
f 753//753 611//611 419//419
f 753//753 419//419 156//156
f 754//754 602//602 419//419
f 754//754 419//419 611//611
f 754//754 427//427 602//602
f 754//754 611//611 752//752
f 755//755 612//612 17//17
f 755//755 429//429 612//612
f 756//756 17//17 268//268
f 756//756 755//755 17//17
f 756//756 615//615 613//613
f 756//756 268//268 615//615
f 756//756 613//613 429//429
f 756//756 429//429 755//755
f 757//757 614//614 268//268
f 757//757 268//268 432//432
f 757//757 432//432 269//269
f 758//758 201//201 431//431
f 758//758 697//697 201//201
f 758//758 431//431 616//616
f 758//758 616//616 617//617
f 758//758 617//617 523//523
f 758//758 523//523 697//697
f 759//759 269//269 520//520
f 759//759 520//520 621//621
f 760//760 623//623 439//439
f 760//760 439//439 272//272
f 760//760 662//662 414//414
f 760//760 414//414 623//623
f 760//760 272//272 496//496
f 760//760 496//496 662//662
f 761//761 623//623 597//597
f 761//761 597//597 153//153
f 761//761 153//153 161//161
f 761//761 161//161 623//623
f 762//762 159//159 625//625
f 762//762 649//649 159//159
f 762//762 484//484 649//649
f 763//763 437//437 42//42
f 763//763 42//42 484//484
f 764//764 628//628 448//448
f 764//764 448//448 447//447
f 764//764 447//447 4//4
f 764//764 4//4 628//628
f 765//765 133//133 364//364
f 765//765 364//364 631//631
f 765//765 710//710 133//133
f 765//765 631//631 568//568
f 765//765 568//568 385//385
f 765//765 385//385 710//710
f 766//766 641//641 179//179
f 766//766 474//474 641//641
f 766//766 642//642 474//474
f 766//766 179//179 642//642
f 767//767 642//642 179//179
f 767//767 179//179 305//305
f 767//767 643//643 642//642
f 767//767 305//305 643//643
f 768//768 475//475 474//474
f 768//768 474//474 642//642
f 768//768 99//99 475//475
f 768//768 180//180 99//99
f 768//768 306//306 180//180
f 769//769 644//644 306//306
f 769//769 643//643 644//644
f 769//769 306//306 768//768
f 769//769 768//768 642//642
f 769//769 642//642 643//643
f 770//770 645//645 236//236
f 770//770 236//236 555//555
f 770//770 555//555 390//390
f 770//770 390//390 723//723
f 771//771 639//639 180//180
f 771//771 645//645 770//770
f 771//771 770//770 723//723
f 772//772 180//180 306//306
f 772//772 771//771 180//180
f 772//772 645//645 771//771
f 772//772 306//306 477//477
f 772//772 477//477 645//645
f 774//774 313//313 646//646
f 775//775 646//646 650//650
f 776//776 647//647 482//482
f 776//776 311//311 647//647
f 776//776 482//482 193//193
f 777//777 647//647 311//311
f 778//778 184//184 483//483
f 778//778 777//777 184//184
f 778//778 647//647 777//777
f 779//779 547//547 316//316
f 779//779 546//546 547//547
f 779//779 316//316 489//489
f 780//780 648//648 103//103
f 780//780 103//103 647//647
f 780//780 778//778 483//483
f 780//780 647//647 778//778
f 780//780 483//483 312//312
f 780//780 312//312 648//648
f 781//781 649//649 484//484
f 781//781 484//484 313//313
f 781//781 661//661 496//496
f 781//781 496//496 649//649
f 781//781 313//313 320//320
f 781//781 320//320 661//661
f 782//782 193//193 105//105
f 782//782 105//105 651//651
f 782//782 776//776 193//193
f 782//782 773//773 776//776
f 782//782 774//774 773//773
f 783//783 653//653 314//314
f 783//783 365//365 653//653
f 783//783 545//545 365//365
f 783//783 314//314 545//545
f 784//784 657//657 319//319
f 784//784 492//492 657//657
f 784//784 319//319 658//658
f 785//785 743//743 413//413
f 785//785 28//28 743//743
f 786//786 413//413 257//257
f 786//786 785//785 413//413
f 786//786 257//257 492//492
f 786//786 658//658 28//28
f 786//786 28//28 785//785
f 786//786 784//784 658//658
f 786//786 492//492 784//784
f 787//787 659//659 105//105
f 787//787 495//495 659//659
f 787//787 660//660 495//495
f 787//787 105//105 660//660
f 788//788 651//651 105//105
f 788//788 105//105 659//659
f 789//789 663//663 323//323
f 789//789 323//323 497//497
f 789//789 497//497 663//663
f 790//790 321//321 189//189
f 790//790 671//671 665//665
f 790//790 189//189 322//322
f 791//791 666//666 595//595
f 791//791 28//28 666//666
f 791//791 743//743 28//28
f 791//791 595//595 413//413
f 791//791 413//413 743//743
f 792//792 665//665 498//498
f 792//792 498//498 666//666
f 792//792 666//666 326//326
f 793//793 323//323 595//595
f 793//793 595//595 666//666
f 794//794 667//667 79//79
f 794//794 497//497 668//668
f 795//795 666//666 498//498
f 796//796 669//669 583//583
f 796//796 190//190 669//669
f 796//796 499//499 190//190
f 796//796 583//583 403//403
f 796//796 403//403 734//734
f 797//797 498//498 671//671
f 797//797 671//671 502//502
f 798//798 502//502 671//671
f 798//798 671//671 672//672
f 799//799 672//672 671//671
f 799//799 322//322 672//672
f 799//799 790//790 322//322
f 799//799 671//671 790//790
f 800//800 673//673 325//325
f 801//801 676//676 31//31
f 801//801 507//507 676//676
f 801//801 31//31 680//680
f 802//802 677//677 526//526
f 802//802 195//195 677//677
f 802//802 685//685 195//195
f 802//802 526//526 511//511
f 802//802 511//511 685//685
f 803//803 678//678 329//329
f 803//803 508//508 678//678
f 804//804 610//610 507//507
f 804//804 329//329 610//610
f 804//804 801//801 680//680
f 804//804 507//507 801//801
f 804//804 803//803 329//329
f 804//804 680//680 508//508
f 804//804 508//508 803//803
f 805//805 517//517 688//688
f 805//805 688//688 514//514
f 805//805 514//514 112//112
f 805//805 692//692 517//517
f 805//805 112//112 692//692
f 806//806 690//690 351//351
f 806//806 351//351 127//127
f 806//806 127//127 690//690
f 807//807 528//528 525//525
f 807//807 525//525 698//698
f 807//807 115//115 528//528
f 807//807 698//698 344//344
f 807//807 344//344 115//115
f 808//808 539//539 27//27
f 808//808 27//27 705//705
f 809//809 541//541 121//121
f 809//809 121//121 707//707
f 810//810 359//359 124//124
f 811//811 62//62 360//360
f 811//811 360//360 359//359
f 811//811 359//359 810//810
f 813//813 712//712 372//372
f 813//813 553//553 712//712
f 813//813 719//719 553//553
f 813//813 372//372 376//376
f 814//814 376//376 227//227
f 814//814 227//227 719//719
f 814//814 813//813 376//376
f 814//814 719//719 813//813
f 815//815 719//719 561//561
f 815//815 561//561 718//718
f 815//815 718//718 235//235
f 815//815 553//553 719//719
f 815//815 725//725 553//553
f 815//815 235//235 725//725
f 816//816 721//721 20//20
f 816//816 20//20 228//228
f 817//817 723//723 569//569
f 817//817 569//569 72//72
f 817//817 771//771 723//723
f 817//817 72//72 471//471
f 817//817 471//471 639//639
f 817//817 639//639 771//771
f 818//818 724//724 39//39
f 818//818 570//570 724//724
f 818//818 725//725 570//570
f 818//818 39//39 725//725
f 819//819 140//140 570//570
f 819//819 570//570 725//725
f 820//820 733//733 579//579
f 820//820 579//579 254//254
f 821//821 734//734 403//403
f 821//821 403//403 733//733
f 822//822 736//736 253//253
f 822//822 253//253 21//21
f 822//822 589//589 736//736
f 823//823 737//737 589//589
f 823//823 266//266 737//737
f 823//823 751//751 266//266
f 823//823 589//589 751//751
f 824//824 740//740 733//733
f 824//824 254//254 740//740
f 824//824 820//820 254//254
f 824//824 733//733 820//820
f 825//825 592//592 411//411
f 825//825 411//411 741//741
f 826//826 741//741 191//191
f 826//826 191//191 673//673
f 827//827 738//738 426//426
f 827//827 426//426 751//751
f 827//827 751//751 589//589
f 827//827 589//589 822//822
f 827//827 822//822 21//21
f 827//827 21//21 738//738
f 828//828 752//752 266//266
f 828//828 266//266 609//609
f 828//828 609//609 427//427
f 828//828 754//754 752//752
f 828//828 427//427 754//754
f 829//829 753//753 156//156
f 829//829 156//156 82//82
f 829//829 737//737 428//428
f 829//829 428//428 611//611
f 829//829 611//611 753//753
f 829//829 82//82 354//354
f 829//829 354//354 210//210
f 829//829 210//210 353//353
f 829//829 353//353 15//15
f 829//829 15//15 538//538
f 829//829 538//538 704//704
f 829//829 704//704 213//213
f 829//829 213//213 479//479
f 829//829 479//479 309//309
f 829//829 309//309 102//102
f 829//829 102//102 480//480
f 829//829 480//480 310//310
f 829//829 310//310 481//481
f 829//829 481//481 641//641
f 829//829 641//641 304//304
f 829//829 304//304 26//26
f 829//829 26//26 472//472
f 829//829 472//472 302//302
f 829//829 302//302 175//175
f 829//829 175//175 391//391
f 829//829 391//391 238//238
f 829//829 238//238 96//96
f 829//829 96//96 273//273
f 829//829 273//273 441//441
f 829//829 441//441 174//174
f 829//829 174//174 624//624
f 829//829 624//624 298//298
f 829//829 298//298 48//48
f 829//829 48//48 442//442
f 829//829 442//442 405//405
f 829//829 405//405 584//584
f 829//829 584//584 249//249
f 829//829 249//249 737//737
f 831//831 434//434 157//157
f 831//831 830//830 434//434
f 831//831 757//757 830//830
f 831//831 157//157 614//614
f 831//831 614//614 757//757
f 832//832 757//757 269//269
f 832//832 759//759 621//621
f 832//832 269//269 759//759
f 832//832 830//830 757//757
f 832//832 621//621 434//434
f 832//832 434//434 830//830
f 833//833 626//626 437//437
f 833//833 437//437 763//763
f 833//833 625//625 626//626
f 833//833 762//762 625//625
f 833//833 763//763 484//484
f 833//833 484//484 762//762
f 834//834 485//485 313//313
f 834//834 313//313 774//774
f 834//834 651//651 485//485
f 834//834 774//774 782//782
f 835//835 774//774 646//646
f 835//835 773//773 774//774
f 836//836 775//775 650//650
f 836//836 650//650 184//184
f 836//836 776//776 775//775
f 837//837 776//776 773//773
f 837//837 835//835 646//646
f 837//837 773//773 835//835
f 838//838 646//646 775//775
f 838//838 775//775 776//776
f 838//838 837//837 646//646
f 838//838 776//776 837//837
f 839//839 647//647 546//546
f 839//839 546//546 779//779
f 839//839 482//482 647//647
f 839//839 779//779 489//489
f 839//839 489//489 482//482
f 840//840 788//788 659//659
f 840//840 659//659 485//485
f 840//840 485//485 651//651
f 840//840 651//651 788//788
f 841//841 790//790 665//665
f 841//841 665//665 792//792
f 841//841 321//321 790//790
f 841//841 503//503 321//321
f 841//841 792//792 326//326
f 841//841 326//326 503//503
f 842//842 793//793 666//666
f 842//842 323//323 793//793
f 842//842 666//666 795//795
f 842//842 795//795 668//668
f 842//842 668//668 323//323
f 843//843 794//794 79//79
f 843//843 79//79 497//497
f 843//843 497//497 794//794
f 845//845 794//794 668//668
f 845//845 795//795 498//498
f 845//845 668//668 795//795
f 845//845 844//844 794//794
f 845//845 498//498 844//844
f 846//846 798//798 672//672
f 846//846 502//502 798//798
f 847//847 498//498 797//797
f 847//847 844//844 498//498
f 847//847 667//667 794//794
f 847//847 794//794 844//844
f 848//848 670//670 667//667
f 848//848 847//847 797//797
f 848//848 667//667 847//847
f 849//849 848//848 797//797
f 849//849 670//670 848//848
f 850//850 797//797 502//502
f 850//850 800//800 325//325
f 850//850 502//502 800//800
f 850//850 849//849 797//797
f 850//850 325//325 670//670
f 850//850 670//670 849//849
f 851//851 808//808 705//705
f 851//851 539//539 808//808
f 851//851 705//705 541//541
f 851//851 541//541 809//809
f 851//851 809//809 707//707
f 851//851 707//707 539//539
f 852//852 810//810 124//124
f 852//852 124//124 812//812
f 853//853 62//62 811//811
f 853//853 852//852 812//812
f 853//853 811//811 810//810
f 853//853 810//810 852//852
f 854//854 812//812 124//124
f 854//854 708//708 812//812
f 854//854 124//124 62//62
f 854//854 62//62 708//708
f 855//855 816//816 228//228
f 855//855 228//228 564//564
f 855//855 564//564 721//721
f 855//855 721//721 816//816
f 856//856 819//819 725//725
f 856//856 725//725 235//235
f 856//856 235//235 140//140
f 856//856 140//140 819//819
f 857//857 821//821 733//733
f 857//857 733//733 740//740
f 857//857 740//740 592//592
f 858//858 821//821 592//592
f 858//858 592//592 825//825
f 859//859 800//800 502//502
f 859//859 673//673 800//800
f 860//860 834//834 782//782
f 860//860 782//782 651//651
f 860//860 651//651 834//834
f 861//861 836//836 184//184
f 861//861 311//311 836//836
f 861//861 777//777 311//311
f 861//861 184//184 777//777
f 862//862 836//836 311//311
f 862//862 311//311 776//776
f 862//862 776//776 836//836
f 863//863 796//796 734//734
f 863//863 734//734 846//846
f 863//863 499//499 796//796
f 863//863 846//846 672//672
f 863//863 672//672 499//499
f 864//864 846//846 734//734
f 864//864 734//734 821//821
f 864//864 502//502 846//846
f 865//865 708//708 62//62
f 865//865 62//62 853//853
f 866//866 857//857 592//592
f 866//866 592//592 821//821
f 866//866 821//821 857//857
f 867//867 858//858 825//825
f 867//867 821//821 858//858
f 867//867 864//864 821//821
f 867//867 825//825 741//741
f 868//868 826//826 673//673
f 868//868 673//673 859//859
f 868//868 859//859 502//502
f 868//868 502//502 864//864
f 869//869 741//741 826//826
f 869//869 868//868 864//864
f 869//869 826//826 868//868
f 870//870 865//865 853//853
f 870//870 853//853 812//812
f 870//870 812//812 708//708
f 870//870 708//708 865//865
f 871//871 867//867 741//741
f 871//871 864//864 867//867
f 871//871 869//869 864//864
f 871//871 741//741 869//869
# 1738 faces, 0 coords texture

# End of File
