source_ros_s,receive_steady_s,reference_rad:astribot_arm_left_joint_1,reference_rad:astribot_arm_left_joint_2,reference_rad:astribot_arm_left_joint_3,reference_rad:astribot_arm_left_joint_4,reference_rad:astribot_arm_left_joint_5,reference_rad:astribot_arm_left_joint_6,reference_rad:astribot_arm_left_joint_7,actual_rad:astribot_arm_left_joint_1,actual_rad:astribot_arm_left_joint_2,actual_rad:astribot_arm_left_joint_3,actual_rad:astribot_arm_left_joint_4,actual_rad:astribot_arm_left_joint_5,actual_rad:astribot_arm_left_joint_6,actual_rad:astribot_arm_left_joint_7,velocity_rad_s:astribot_arm_left_joint_1,velocity_rad_s:astribot_arm_left_joint_2,velocity_rad_s:astribot_arm_left_joint_3,velocity_rad_s:astribot_arm_left_joint_4,velocity_rad_s:astribot_arm_left_joint_5,velocity_rad_s:astribot_arm_left_joint_6,velocity_rad_s:astribot_arm_left_joint_7,error_rad:astribot_arm_left_joint_1,error_rad:astribot_arm_left_joint_2,error_rad:astribot_arm_left_joint_3,error_rad:astribot_arm_left_joint_4,error_rad:astribot_arm_left_joint_5,error_rad:astribot_arm_left_joint_6,error_rad:astribot_arm_left_joint_7
32.18,79838.53753897,8.858122001298765e-12,-0.4990406363707886,-0.5999999999697732,0.9995202775437642,-6.28067239684213e-13,-2.3884184241398416e-12,-1.843829284111585e-11,1.439022802861054e-11,-0.49904063636596957,-0.5999999999509067,0.9995202775409008,-1.0202979928433855e-12,-3.881206708070951e-12,-2.995089853479377e-11,-5.1546943637299956e-17,2.6024776137886327e-14,5.090969025258921e-14,-5.1757125322097756e-14,-8.682906805770853e-17,-6.4691584189377955e-18,5.506806014442769e-17,-5.532106027311775e-12,-4.8190340606879545e-12,-1.8866463946665135e-11,2.8633762028107412e-12,3.9223075315917246e-13,1.4927882839311098e-12,1.1512605693677922e-11
32.2,79838.557903525,8.858122001298765e-12,-0.4990406363707886,-0.5999999999697732,0.9995202775437642,-6.28067239684213e-13,-2.3884184241398416e-12,-1.843829284111585e-11,1.439022764049452e-11,-0.49904063636596957,-0.5999999999509067,0.9995202775409008,-1.020297718899045e-12,-3.881206758948897e-12,-2.9950899321090065e-11,-3.8210212803054963e-17,2.6030067295944044e-14,5.0875606575633054e-14,-5.1749550147293e-14,5.223139910826316e-19,2.794083113263472e-18,-3.87662807849106e-17,-5.532105639195756e-12,-4.8190340606879545e-12,-1.8866463946665135e-11,2.8633762028107412e-12,3.922304792148321e-13,1.4927883348090554e-12,1.1512606479974216e-11
32.22,79838.578172695,8.858122001298765e-12,-0.4990406363707886,-0.5999999999697732,0.9995202775437642,-6.28067239684213e-13,-2.3884184241398416e-12,-1.843829284111585e-11,1.4390227545379571e-11,-0.49904063636596957,-0.5999999999509067,0.9995202775409008,-1.020297155222693e-12,-3.881207035442234e-12,-2.995090050505412e-11,3.482471630767025e-17,2.6054337607904495e-14,5.0718253202271405e-14,-5.169365482620252e-14,5.253269354092543e-17,-4.278016588130855e-17,-1.5368611623484603e-16,-5.532105544080807e-12,-4.8190340606879545e-12,-1.8866463946665135e-11,2.8633762028107412e-12,3.9222991553847994e-13,1.492788611302392e-12,1.1512607663938273e-11
32.24,79838.598142492,8.858122001298765e-12,-0.4990406363707886,-0.5999999999697732,0.9995202775437642,-6.28067239684213e-13,-2.3884184241398416e-12,-1.843829284111585e-11,1.4390227405701577e-11,-0.49904063636596957,-0.5999999999509067,0.9995202775409008,-1.0202968551048872e-12,-3.8812072344945715e-12,-2.995090115028769e-11,-1.5834037010181833e-17,2.6050886852649446e-14,5.076664390270108e-14,-5.174653901530811e-14,3.7710472060150574e-17,-2.3586669470334198e-17,1.7876671285188535e-17,-5.532105404402812e-12,-4.8190340606879545e-12,-1.8866463946665135e-11,2.8633762028107412e-12,3.922296154206742e-13,1.49278881035473e-12,1.1512608309171844e-11
32.26,79838.618737422,8.858122001298765e-12,-0.4990406363707886,-0.5999999999697732,0.9995202775437642,-6.28067239684213e-13,-2.3884184241398416e-12,-1.843829284111585e-11,1.4390227188028789e-11,-0.49904063636596957,-0.5999999999509067,0.9995202775409008,-1.020296553977427e-12,-3.881207458548669e-12,-2.995090166589603e-11,2.511322884427493e-17,2.6082173700295158e-14,5.073435158928504e-14,-5.176856383605291e-14,8.779614962635354e-17,-4.8053723184821375e-18,-8.428293869839856e-17,-5.532105186730024e-12,-4.8190340606879545e-12,-1.8866463946665135e-11,2.8633762028107412e-12,3.922293142932139e-13,1.4927890344088273e-12,1.1512608824780184e-11
32.28,79838.638121823,8.858122001298765e-12,-0.4990406363707886,-0.5999999999697732,0.9995202775437642,-6.28067239684213e-13,-2.3884184241398416e-12,-1.843829284111585e-11,1.4390227190568238e-11,-0.49904063636596957,-0.5999999999509067,0.9995202775409008,-1.0202963099535955e-12,-3.881207423217014e-12,-2.995090222297512e-11,1.687834181390666e-17,2.6036278655403086e-14,5.077545741131833e-14,-5.1750743237324745e-14,3.4969944138271485e-18,7.170889791923257e-18,-5.1682118756948185e-17,-5.5321051892694734e-12,-4.8190340606879545e-12,-1.8866463946665135e-11,2.8633762028107412e-12,3.9222907026938246e-13,1.4927889990771726e-12,1.1512609381859268e-11
32.3,79838.65810916,8.858122001298765e-12,-0.4990406363707886,-0.5999999999697732,0.9995202775437642,-6.28067239684213e-13,-2.3884184241398416e-12,-1.843829284111585e-11,1.439022718156938e-11,-0.49904063636596957,-0.5999999999509067,0.9995202775409008,-1.020296246460916e-12,-3.88120748589885e-12,-2.995090257596838e-11,3.581858198375652e-17,2.6069290880676326e-14,5.080903950648325e-14,-5.172754426448522e-14,-7.091230556569825e-19,-2.1285848151242893e-17,-2.0248392608154583e-17,-5.532105180270616e-12,-4.8190340606879545e-12,-1.8866463946665135e-11,2.8633762028107412e-12,3.922290067767031e-13,1.4927890617590081e-12,1.1512609734852533e-11
32.32,79838.678635742,8.858122001298765e-12,-0.4990406363707886,-0.5999999999697732,0.9995202775437642,-6.28067239684213e-13,-2.3884184241398416e-12,-1.843829284111585e-11,1.4390227140075846e-11,-0.49904063636596957,-0.5999999999509067,0.9995202775409008,-1.0202966795646127e-12,-3.881207518932313e-12,-2.9950901877954794e-11,-2.8380601220188522e-18,2.6038809209256783e-14,5.091804994910962e-14,-5.181174233243989e-14,-7.959708953255148e-17,1.1345344107007608e-17,1.3972126323820736e-16,-5.532105138777081e-12,-4.8190340606879545e-12,-1.8866463946665135e-11,2.8633762028107412e-12,3.9222943988039974e-13,1.4927890947924716e-12,1.1512609036838945e-11
32.34,79838.699242878,8.858122001298765e-12,-0.4990406363707886,-0.5999999999697732,0.9995202775437642,-6.28067239684213e-13,-2.3884184241398416e-12,-1.843829284111585e-11,1.4390227451915757e-11,-0.49904063636596957,-0.5999999999509067,0.9995202775409008,-1.0202973009618576e-12,-3.881207237967369e-12,-2.9950900052373e-11,6.523208007906289e-18,2.6049046449846727e-14,5.089399790797801e-14,-5.1822101383985373e-14,-3.815783707415731e-17,4.6277357684328904e-17,1.1583474361524154e-16,-5.5321054506169925e-12,-4.8190340606879545e-12,-1.8866463946665135e-11,2.8633762028107412e-12,3.9223006127764463e-13,1.4927888138275274e-12,1.151260721125715e-11
32.36,79838.719688012,8.858122001298765e-12,-0.4990406363707886,-0.5999999999697732,0.9995202775437642,-6.28067239684213e-13,-2.3884184241398416e-12,-1.843829284111585e-11,1.4390227312805683e-11,-0.49904063636596957,-0.5999999999509067,0.9995202775409008,-1.0202982708868048e-12,-3.8812070170261325e-12,-2.995089820772866e-11,2.3295874465162716e-17,2.607452452614644e-14,5.085043194668296e-14,-5.18160696510471e-14,-2.7796122967167457e-18,3.032149909044633e-17,1.0407271012218e-17,-5.532105311506919e-12,-4.8190340606879545e-12,-1.8866463946665135e-11,2.8633762028107412e-12,3.9223103120259183e-13,1.492788592886291e-12,1.1512605366612809e-11
32.39,79838.750202738,8.858122001298765e-12,-0.4990406363707886,-0.5999999999697732,0.9995202775437642,-6.28067239684213e-13,-2.3884184241398416e-12,-1.843829284111585e-11,1.4390227106080976e-11,-0.49904063636596957,-0.5999999999509067,0.9995202775409008,-1.0202981178253025e-12,-3.881206697897818e-12,-2.995089717354629e-11,1.6499726318261733e-17,2.604835629879568e-14,5.0805122391542245e-14,-5.175110305812793e-14,5.2528040756122434e-17,-8.882397717740816e-18,-5.2927018802449585e-17,-5.532105104782212e-12,-4.8190340606879545e-12,-1.8866463946665135e-11,2.8633762028107412e-12,3.9223087814108947e-13,1.4927882737579766e-12,1.1512604332430442e-11
32.41,79838.770566836,8.858122001298765e-12,-0.4990406363707886,-0.5999999999697732,0.9995202775437642,-6.28067239684213e-13,-2.3884184241398416e-12,-1.843829284111585e-11,1.4390226837314025e-11,-0.49904063636596957,-0.5999999999509067,0.9995202775409008,-1.0202981784022318e-12,-3.881206562146928e-12,-2.9950897526539575e-11,2.2690089672128467e-17,2.6084761766736366e-14,5.078350660482512e-14,-5.180272787442224e-14,5.4702442191306535e-17,3.745888675260421e-18,-5.3095920622072005e-18,-5.532104836015261e-12,-4.8190340606879545e-12,-1.8866463946665135e-11,2.8633762028107412e-12,3.922309387180188e-13,1.4927881380070866e-12,1.1512604685423726e-11
32.43,79838.79116638,8.858122001298765e-12,-0.4990406363707886,-0.5999999999697732,0.9995202775437642,-6.28067239684213e-13,-2.3884184241398416e-12,-1.843829284111585e-11,1.439022666393925e-11,-0.49904063636596957,-0.5999999999509067,0.9995202775409008,-1.020298573253833e-12,-3.88120634974946e-12,-2.995089609426837e-11,3.313041196465703e-17,2.6064517335906773e-14,5.080158743415644e-14,-5.178799415942701e-14,4.7999330206383677e-17,-1.647435861750554e-17,-1.1719498365125269e-16,-5.5321046626404855e-12,-4.8190340606879545e-12,-1.8866463946665135e-11,2.8633762028107412e-12,3.9223133356962e-13,1.4927879256096185e-12,1.151260325315252e-11
32.45,79838.811029155,8.858122001298765e-12,-0.4990406363707886,-0.5999999999697732,0.9995202775437642,-6.28067239684213e-13,-2.3884184241398416e-12,-1.843829284111585e-11,1.4390226563097736e-11,-0.49904063636596957,-0.5999999999509067,0.9995202775409008,-1.0202989717981943e-12,-3.88120608206483e-12,-2.995089665897245e-11,5.776881534403128e-17,2.6082116187707485e-14,5.075763931530619e-14,-5.1812802856912524e-14,7.610835418018347e-17,4.8550794088970006e-18,-1.8698719245191698e-16,-5.532104561798971e-12,-4.8190340606879545e-12,-1.8866463946665135e-11,2.8633762028107412e-12,3.922317321139813e-13,1.4927876579249888e-12,1.1512603817856601e-11
32.47,79838.831953532,8.858122001298765e-12,-0.4990406363707886,-0.5999999999697732,0.9995202775437642,-6.28067239684213e-13,-2.3884184241398416e-12,-1.843829284111585e-11,1.4390226735957365e-11,-0.49904063636596957,-0.5999999999509067,0.9995202775409008,-1.0202994456726934e-12,-3.881206009597768e-12,-2.9950896783215334e-11,-1.7310637443191526e-17,2.6047666147744633e-14,5.0984354284940194e-14,-5.180331495046958e-14,-7.923882510206884e-17,2.108823568620016e-17,3.297108433683148e-17,-5.5321047346586e-12,-4.8190340606879545e-12,-1.8866463946665135e-11,2.8633762028107412e-12,3.9223220598848036e-13,1.4927875854579265e-12,1.1512603942099485e-11
32.49,79838.851257112,8.858122001298765e-12,-0.4990406363707886,-0.5999999999697732,0.9995202775437642,-6.28067239684213e-13,-2.3884184241398416e-12,-1.843829284111585e-11,1.4390226743598656e-11,-0.49904063636596957,-0.5999999999509067,0.9995202775409008,-1.0202995014557033e-12,-3.881205842579693e-12,-2.9950896992033616e-11,-2.722089804180615e-17,2.606969346878931e-14,5.095017506859525e-14,-5.179175333992385e-14,-1.721875449468345e-17,-2.0528900420831025e-17,1.507564618280723e-17,-5.532104742299891e-12,-4.8190340606879545e-12,-1.8866463946665135e-11,2.8633762028107412e-12,3.922322617714903e-13,1.4927874184398518e-12,1.1512604150917767e-11
32.51,79838.871405934,8.858122001298765e-12,-0.4990406363707886,-0.5999999999697732,0.9995202775437642,-6.28067239684213e-13,-2.3884184241398416e-12,-1.843829284111585e-11,1.4390227116338874e-11,-0.49904063636596957,-0.5999999999509067,0.9995202775409008,-1.0202991164276768e-12,-3.881205889710372e-12,-2.995089722131495e-11,1.5269225957424793e-17,2.6041569813460712e-14,5.0793299392177627e-14,-5.1764634214122905e-14,-1.4923418322289704e-18,-1.496795768871002e-17,2.7057809120715608e-17,-5.532105115040109e-12,-4.8190340606879545e-12,-1.8866463946665135e-11,2.8633762028107412e-12,3.922318767434638e-13,1.4927874655705303e-12,1.1512604380199101e-11
32.53,79838.892113404,8.858122001298765e-12,-0.4990406363707886,-0.5999999999697732,0.9995202775437642,-6.28067239684213e-13,-2.3884184241398416e-12,-1.843829284111585e-11,1.4390227088466031e-11,-0.49904063636596957,-0.5999999999509067,0.9995202775409008,-1.0202987070159558e-12,-3.881206255725895e-12,-2.9950897279655934e-11,6.978985733090719e-17,2.6092008352771898e-14,5.0726302395778186e-14,-5.177849678401558e-14,7.947231759881278e-17,-1.7058932112233963e-17,-3.923311830199729e-17,-5.5321050871672665e-12,-4.8190340606879545e-12,-1.8866463946665135e-11,2.8633762028107412e-12,3.9223146733174277e-13,1.4927878315860533e-12,1.1512604438540085e-11
32.55,79838.911500083,8.858122001298765e-12,-0.4990406363707886,-0.5999999999697732,0.9995202775437642,-6.28067239684213e-13,-2.3884184241398416e-12,-1.843829284111585e-11,1.4390227217112837e-11,-0.49904063636596957,-0.5999999999509067,0.9995202775409008,-1.0202980964829586e-12,-3.88120677575405e-12,-2.99508972903017e-11,1.2855552172668861e-17,2.6069693468789287e-14,5.0760457727275906e-14,-5.176577995931211e-14,5.0947644848532395e-17,-3.661216605843284e-17,-4.6235681057919e-17,-5.5321052158140725e-12,-4.8190340606879545e-12,-1.8866463946665135e-11,2.8633762028107412e-12,3.922308567987456e-13,1.4927883516142086e-12,1.1512604449185854e-11
32.58,79838.942179135,8.858122001298765e-12,-0.4990406363707886,-0.5999999999697732,0.9995202775437642,-6.28067239684213e-13,-2.3884184241398416e-12,-1.843829284111585e-11,1.4390227460997365e-11,-0.49904063636596957,-0.5999999999509067,0.9995202775409008,-1.020297503900792e-12,-3.881207423967463e-12,-2.995089728020524e-11,3.972778697637105e-17,2.6051346953349966e-14,5.0760815999983934e-14,-5.1716143626404064e-14,2.806059636137059e-17,-4.7561677287026115e-17,2.79914841548385e-17,-5.5321054596986e-12,-4.8190340606879545e-12,-1.8866463946665135e-11,2.8633762028107412e-12,3.922302642165791e-13,1.4927889998276217e-12,1.1512604439089391e-11
32.6,79838.961626902,8.858122001298765e-12,-0.4990406363707886,-0.5999999999697732,0.9995202775437642,-6.28067239684213e-13,-2.3884184241398416e-12,-1.843829284111585e-11,1.4390227281271311e-11,-0.49904063636596957,-0.5999999999509067,0.9995202775409008,-1.0202976985353082e-12,-3.881207603931227e-12,-2.9950896804406305e-11,-6.717429822016717e-17,2.6018392240664317e-14,5.096875747971779e-14,-5.1768999408604125e-14,-9.659991616158136e-17,-1.9374742495282307e-17,1.1918041248748474e-16,-5.532105279972547e-12,-4.8190340606879545e-12,-1.8866463946665135e-11,2.8633762028107412e-12,3.922304588510952e-13,1.4927891797913856e-12,1.1512603963290456e-11
32.62,79838.981658078,8.858122001298765e-12,-0.4990406363707886,-0.5999999999697732,0.9995202775437642,-6.28067239684213e-13,-2.3884184241398416e-12,-1.843829284111585e-11,1.4390227308960295e-11,-0.49904063636596957,-0.5999999999509067,0.9995202775409008,-1.020297491186277e-12,-3.881207750731687e-12,-2.9950896790698714e-11,-2.8498725339605214e-17,2.6049621575722457e-14,5.086822615784785e-14,-5.179220785041215e-14,-2.705319065765907e-17,2.1627841989071666e-17,-1.1923123553893157e-17,-5.532105307661531e-12,-4.8190340606879545e-12,-1.8866463946665135e-11,2.8633762028107412e-12,3.9223025150206405e-13,1.4927893265918454e-12,1.1512603949582865e-11
32.64,79839.002647831,8.858122001298765e-12,-0.4990406363707886,-0.5999999999697732,0.9995202775437642,-6.28067239684213e-13,-2.3884184241398416e-12,-1.843829284111585e-11,1.4390227372873318e-11,-0.49904063636596957,-0.5999999999509067,0.9995202775409008,-1.0202972345456439e-12,-3.881207840393835e-12,-2.9950896871447904e-11,-5.990034123262276e-18,2.6087349833177584e-14,5.079778974345144e-14,-5.180871226251797e-14,3.559500589926252e-17,2.030130982791208e-17,-3.9777762071890744e-17,-5.5321053715745535e-12,-4.8190340606879545e-12,-1.8866463946665135e-11,2.8633762028107412e-12,3.922299948614309e-13,1.4927894162539934e-12,1.1512604030332055e-11
32.66,79839.025105885,8.858122001298765e-12,-0.4990406363707886,-0.5999999999697732,0.9995202775437642,-6.28067239684213e-13,-2.3884184241398416e-12,-1.843829284111585e-11,1.4390227434893262e-11,-0.49904063636596957,-0.5999999999509067,0.9995202775409008,-1.0202971364393474e-12,-3.881207981558408e-12,-2.9950896688356084e-11,-2.322650456268788e-17,2.6073719349920177e-14,5.0842096135009715e-14,-5.1762276440964915e-14,1.0821990967402692e-18,-2.1825454454032357e-17,-7.643779647514437e-18,-5.5321054335944976e-12,-4.8190340606879545e-12,-1.8866463946665135e-11,2.8633762028107412e-12,3.922298967551344e-13,1.4927895574185664e-12,1.1512603847240235e-11
32.68,79839.044956061,8.858122001298765e-12,-0.4990406363707886,-0.5999999999697732,0.9995202775437642,-6.28067239684213e-13,-2.3884184241398416e-12,-1.843829284111585e-11,1.4390227401909112e-11,-0.49904063636596957,-0.5999999999509067,0.9995202775409008,-1.020296909075587e-12,-3.8812078893657375e-12,-2.9950897027422057e-11,9.480948345148236e-19,2.6059743791137255e-14,5.083509787477974e-14,-5.177654617650334e-14,-3.417043815860719e-18,3.015661938684317e-17,1.5931514964066565e-17,-5.5321054006103475e-12,-4.8190340606879545e-12,-1.8866463946665135e-11,2.8633762028107412e-12,3.92229669391374e-13,1.492789465225896e-12,1.1512604186306208e-11
32.7,79839.064613584,8.858122001298765e-12,-0.4990406363707886,-0.5999999999697732,0.9995202775437642,-6.28067239684213e-13,-2.3884184241398416e-12,-1.843829284111585e-11,1.4390227717336407e-11,-0.49904063636596957,-0.5999999999509067,0.9995202775409008,-1.020295995139145e-12,-3.8812080810434566e-12,-2.995089790125039e-11,2.29645859065162e-17,2.605606298553187e-14,5.074923184909137e-14,-5.170497971253556e-14,1.7599585177129453e-17,-1.6122115614225607e-17,-1.8847880056989173e-17,-5.5321057160376426e-12,-4.8190340606879545e-12,-1.8866463946665135e-11,2.8633762028107412e-12,3.9222875545493193e-13,1.492789656903615e-12,1.151260506013454e-11
32.72,79839.084839542,8.858122001298765e-12,-0.4990406363707886,-0.5999999999697732,0.9995202775437642,-6.28067239684213e-13,-2.3884184241398416e-12,-1.843829284111585e-11,1.4390227639372736e-11,-0.49904063636596957,-0.5999999999509067,0.9995202775409008,-1.0202960722148491e-12,-3.8812082754267e-12,-2.995089754496187e-11,-5.791260988036659e-18,2.6063827184855717e-14,5.0834094711197313e-14,-5.181090906321136e-14,-1.7010930106432408e-17,4.72516468422906e-17,1.3752939884473825e-17,-5.5321056380739715e-12,-4.8190340606879545e-12,-1.8866463946665135e-11,2.8633762028107412e-12,3.922288325306361e-13,1.4927898512868584e-12,1.151260470384602e-11
32.74,79839.10608477,8.858122001298765e-12,-0.4990406363707886,-0.5999999999697732,0.9995202775437642,-6.28067239684213e-13,-2.3884184241398416e-12,-1.843829284111585e-11,1.4390227461738538e-11,-0.49904063636596957,-0.5999999999509067,0.9995202775409008,-1.020296656158727e-12,-3.881207900315448e-12,-2.995089730717226e-11,-9.77618907974152e-18,2.6050369239361054e-14,5.0929251942446986e-14,-5.1806657496352195e-14,-3.36741034442429e-17,1.7213562650505872e-17,6.028107908491668e-17,-5.5321054604397735e-12,-4.8190340606879545e-12,-1.8866463946665135e-11,2.8633762028107412e-12,3.922294164745141e-13,1.4927894761756065e-12,1.151260446605641e-11
32.76,79839.12683856,8.858122001298765e-12,-0.4990406363707886,-0.5999999999697732,0.9995202775437642,-6.28067239684213e-13,-2.3884184241398416e-12,-1.843829284111585e-11,1.4390227365847427e-11,-0.49904063636596957,-0.5999999999509067,0.9995202775409008,-1.020297167261708e-12,-3.881207517237507e-12,-2.995089713777434e-11,1.9859938842198614e-17,2.606514997437016e-14,5.0832900468837257e-14,-5.178119544003978e-14,3.1464846247239813e-18,2.2737032722701934e-17,-3.00519804664576e-17,-5.532105364548662e-12,-4.8190340606879545e-12,-1.8866463946665135e-11,2.8633762028107412e-12,3.92229927577495e-13,1.4927890930976657e-12,1.1512604296658493e-11
32.78,79839.149408187,8.858122001298765e-12,-0.4990406363707886,-0.5999999999697732,0.9995202775437642,-6.28067239684213e-13,-2.3884184241398416e-12,-1.843829284111585e-11,1.4390227204455828e-11,-0.49904063636596957,-0.5999999999509067,0.9995202775409008,-1.0202974524968008e-12,-3.881207178564669e-12,-2.9950897495902834e-11,-7.367441211078615e-19,2.608884516045478e-14,5.082162682095828e-14,-5.1820557942118903e-14,2.253149940940757e-18,2.2422262379387964e-17,-5.4405337606491175e-17,-5.532105203157064e-12,-4.8190340606879545e-12,-1.8866463946665135e-11,2.8633762028107412e-12,3.922302128125878e-13,1.4927887544248272e-12,1.1512604654786985e-11
32.8,79839.167994955,8.858122001298765e-12,-0.4990406363707886,-0.5999999999697732,0.9995202775437642,-6.28067239684213e-13,-2.3884184241398416e-12,-1.843829284111585e-11,1.4390226956796696e-11,-0.49904063636596957,-0.5999999999509067,0.9995202775409008,-1.0202978226219528e-12,-3.8812068304337324e-12,-2.995089758910103e-11,-3.0133630111106814e-19,2.606238937016612e-14,5.0892851435312326e-14,-5.1779027046251905e-14,-3.4505400997206646e-17,-6.806412358121849e-18,9.117016146378528e-17,-5.532104955497931e-12,-4.8190340606879545e-12,-1.8866463946665135e-11,2.8633762028107412e-12,3.9223058293773983e-13,1.4927884062938909e-12,1.1512604747985179e-11
32.82,79839.188552926,8.858122001298765e-12,-0.4990406363707886,-0.5999999999697732,0.9995202775437642,-6.28067239684213e-13,-2.3884184241398416e-12,-1.843829284111585e-11,1.4390226880082459e-11,-0.49904063636596957,-0.5999999999509067,0.9995202775409008,-1.0202984107750504e-12,-3.881206809191796e-12,-2.9950897069808407e-11,-1.6411425640978224e-17,2.6052209642163738e-14,5.091296247665575e-14,-5.178856229753737e-14,-5.0224059018307484e-17,1.9431944117794808e-17,2.5579490316661396e-17,-5.532104878783694e-12,-4.8190340606879545e-12,-1.8866463946665135e-11,2.8633762028107412e-12,3.9223117109083743e-13,1.4927883850519542e-12,1.1512604228692558e-11
32.84,79839.209643429,8.858122001298765e-12,-0.4990406363707886,-0.5999999999697732,0.9995202775437642,-6.28067239684213e-13,-2.3884184241398416e-12,-1.843829284111585e-11,1.4390227067698628e-11,-0.49904063636596957,-0.5999999999509067,0.9995202775409008,-1.0202983963428848e-12,-3.881206523482817e-12,-2.9950897068705426e-11,-5.4538006052848335e-17,2.6025753851875084e-14,5.098194191537288e-14,-5.176051521282281e-14,-8.29750113055884e-17,1.9214602690268646e-17,1.125668809957483e-16,-5.532105066399863e-12,-4.8190340606879545e-12,-1.8866463946665135e-11,2.8633762028107412e-12,3.9223115665867175e-13,1.4927880993429757e-12,1.1512604227589577e-11
32.87,79839.239250876,8.858122001298765e-12,-0.4990406363707886,-0.5999999999697732,0.9995202775437642,-6.28067239684213e-13,-2.3884184241398416e-12,-1.843829284111585e-11,1.439022709583858e-11,-0.49904063636596957,-0.5999999999509067,0.9995202775409008,-1.0202980558951263e-12,-3.881206262309718e-12,-2.995089862617156e-11,4.744207770025378e-17,2.6081828624769516e-14,5.079157968317913e-14,-5.180531290282435e-14,6.762167468425014e-17,1.6089382852964318e-17,-1.248978026827508e-16,-5.532105094539816e-12,-4.8190340606879545e-12,-1.8866463946665135e-11,2.8633762028107412e-12,3.922308162109133e-13,1.4927878381698763e-12,1.1512605785055712e-11
32.89,79839.259293124,8.858122001298765e-12,-0.4990406363707886,-0.5999999999697732,0.9995202775437642,-6.28067239684213e-13,-2.3884184241398416e-12,-1.843829284111585e-11,1.4390227121880585e-11,-0.49904063636596957,-0.5999999999509067,0.9995202775409008,-1.0202980955283203e-12,-3.881206163829137e-12,-2.99508985271105e-11,2.624907533129333e-17,2.6050886852649307e-14,5.0827598032758585e-14,-5.1766338628453966e-14,1.7022639860526578e-17,-1.5372662415778848e-17,-2.5383605295855747e-17,-5.53210512058182e-12,-4.8190340606879545e-12,-1.8866463946665135e-11,2.8633762028107412e-12,3.922308558441073e-13,1.4927877396892955e-12,1.1512605685994649e-11
32.91,79839.279086326,8.858122001298765e-12,-0.4990406363707886,-0.5999999999697732,0.9995202775437642,-6.28067239684213e-13,-2.3884184241398416e-12,-1.843829284111585e-11,1.4390227316709378e-11,-0.49904063636596957,-0.5999999999509067,0.9995202775409008,-1.020298208377736e-12,-3.881206184286777e-12,-2.9950898293678055e-11,-1.0138220825203538e-16,2.602592638963785e-14,5.109962255753329e-14,-5.18122631257077e-14,-1.6978822124452754e-16,1.2979152079607564e-17,3.1354043209065405e-16,-5.5321053154106136e-12,-4.8190340606879545e-12,-1.8866463946665135e-11,2.8633762028107412e-12,3.922309686935229e-13,1.4927877601469358e-12,1.1512605452562206e-11
32.93,79839.299256042,8.858122001298765e-12,-0.4990406363707886,-0.5999999999697732,0.9995202775437642,-6.28067239684213e-13,-2.3884184241398416e-12,-1.843829284111585e-11,1.4390227640863758e-11,-0.49904063636596957,-0.5999999999509067,0.9995202775409008,-1.0202978459017569e-12,-3.881206202391135e-12,-2.9950899048307205e-11,3.301682731602824e-17,2.6067047889760435e-14,5.078247955639544e-14,-5.179022883599443e-14,6.599320000026913e-17,4.5103309377131284e-18,-2.0083670545809008e-16,-5.532105639564994e-12,-4.8190340606879545e-12,-1.8866463946665135e-11,2.8633762028107412e-12,3.9223060621754385e-13,1.4927877782512932e-12,1.1512606207191356e-11
32.95,79839.415269292,8.858122001298765e-12,-0.4990406363707886,-0.5999999999697732,0.9995202775437642,-6.28067239684213e-13,-2.3884184241398416e-12,-1.843829284111585e-11,1.4390227704047944e-11,-0.49904063636596957,-0.5999999999509067,0.9995202775409008,-1.020297342675936e-12,-3.88120604263526e-12,-2.995090065927199e-11,-1.578671007314398e-17,2.6062446882753724e-14,5.0851578419348586e-14,-5.179789870048421e-14,1.9090027245048316e-17,5.082508582696227e-19,-4.3201237197054305e-17,-5.53210570274918e-12,-4.8190340606879545e-12,-1.8866463946665135e-11,2.8633762028107412e-12,3.9223010299172294e-13,1.4927876184954184e-12,1.151260781815614e-11
32.97,79839.421980735,8.858122001298765e-12,-0.4990406363707886,-0.5999999999697732,0.9995202775437642,-6.28067239684213e-13,-2.3884184241398416e-12,-1.843829284111585e-11,1.4390227626992952e-11,-0.49904063636596957,-0.5999999999509067,0.9995202775409008,-1.0202968713263437e-12,-3.881205975062128e-12,-2.995090222767674e-11,-3.699410374543021e-18,2.6065897638008773e-14,5.0813912015312266e-14,-5.180739607589567e-14,2.4964943533546835e-17,-3.3606858732806916e-17,-9.237478899417028e-17,-5.532105625694188e-12,-4.8190340606879545e-12,-1.8866463946665135e-11,2.8633762028107412e-12,3.922296316421307e-13,1.4927875509222861e-12,1.1512609386560892e-11
32.99,79839.424971599,8.858122001298765e-12,-0.4990406363707886,-0.5999999999697732,0.9995202775437642,-6.28067239684213e-13,-2.3884184241398416e-12,-1.843829284111585e-11,1.4390227787415063e-11,-0.49904063636596957,-0.5999999999509067,0.9995202775409008,-1.0202963882114094e-12,-3.881205948431625e-12,-2.99509040376699e-11,-2.1276634760052215e-17,2.6061641706527558e-14,5.091984131264971e-14,-5.178422550996167e-14,-2.0694384748764512e-17,-1.861030023287062e-17,-8.03926260562556e-17,-5.5321057861162984e-12,-4.8190340606879545e-12,-1.8866463946665135e-11,2.8633762028107412e-12,3.922291485271964e-13,1.492787524291783e-12,1.1512611196554049e-11
33.01,79839.427613592,8.858122001298765e-12,-0.4990406363707886,-0.5999999999697732,0.9995202775437642,-6.28067239684213e-13,-2.3884184241398416e-12,-1.843829284111585e-11,1.4390227872123542e-11,-0.49904063636596957,-0.5999999999509067,0.9995202775409008,-1.0202962380900805e-12,-3.881206006107112e-12,-2.995090532231524e-11,5.55160531449909e-17,2.6060491454775874e-14,5.084952432248931e-14,-5.176292033082332e-14,3.551125577266976e-17,3.588503503677589e-18,-1.7447367505817453e-17,-5.5321058708247776e-12,-4.8190340606879545e-12,-1.8866463946665135e-11,2.8633762028107412e-12,3.922289984058675e-13,1.4927875819672704e-12,1.151261248119939e-11
33.03,79839.429745757,8.858122001298765e-12,-0.4990406363707886,-0.5999999999697732,0.9995202775437642,-6.28067239684213e-13,-2.3884184241398416e-12,-1.843829284111585e-11,1.4390228278494276e-11,-0.49904063636596957,-0.5999999999509067,0.9995202775409008,-1.0202965338125508e-12,-3.881206120238907e-12,-2.995090531366505e-11,-3.84139118540415e-18,2.6050081676423173e-14,5.096553302534565e-14,-5.1788401325072764e-14,-5.153769526338041e-17,-4.216561425851143e-17,3.460501564654339e-17,-5.532106277195511e-12,-4.8190340606879545e-12,-1.8866463946665135e-11,2.8633762028107412e-12,3.922292941283378e-13,1.4927876960990655e-12,1.15126124725492e-11
33.05,79839.431839834,8.858122001298765e-12,-0.4990406363707886,-0.5999999999697732,0.9995202775437642,-6.28067239684213e-13,-2.3884184241398416e-12,-1.843829284111585e-11,1.4390228497630187e-11,-0.49904063636596957,-0.5999999999509067,0.9995202775409008,-1.020296983204096e-12,-3.881206050544822e-12,-2.995090505619045e-11,-5.0221789402422806e-17,2.6023568373546938e-14,5.104559503316415e-14,-5.179335359560135e-14,-1.384982433880155e-16,-1.806319939803874e-17,1.3995468199669075e-16,-5.532106496331422e-12,-4.8190340606879545e-12,-1.8866463946665135e-11,2.8633762028107412e-12,3.9222974351988293e-13,1.4927876264049808e-12,1.1512612215074604e-11
33.07,79839.440452096,8.858122001298765e-12,-0.4990406363707886,-0.5999999999697732,0.9995202775437642,-6.28067239684213e-13,-2.3884184241398416e-12,-1.843829284111585e-11,1.4390228994736128e-11,-0.49904063636596957,-0.5999999999509067,0.9995202775409008,-1.0202968293744972e-12,-3.881206165381104e-12,-2.9950905236142626e-11,3.5951097407327305e-17,2.6059858816312468e-14,5.081833071204452e-14,-5.181135410473111e-14,3.469546750241015e-17,-2.567014936177628e-17,-1.4335117392076574e-17,-5.532106993437363e-12,-4.8190340606879545e-12,-1.8866463946665135e-11,2.8633762028107412e-12,3.922295896902842e-13,1.4927877412412624e-12,1.1512612395026777e-11
33.09,79839.460384366,8.858122001298765e-12,-0.4990406363707886,-0.5999999999697732,0.9995202775437642,-6.28067239684213e-13,-2.3884184241398416e-12,-1.843829284111585e-11,1.439022915656858e-11,-0.49904063636596957,-0.5999999999509067,0.9995202775409008,-1.0202971035979997e-12,-3.8812061356328764e-12,-2.995090484748671e-11,4.30785341129245e-17,2.605284228062722e-14,5.081147576089778e-14,-5.179687605188554e-14,8.892673866784491e-18,-6.004497435816776e-18,-5.4483143859361045e-17,-5.532107155269815e-12,-4.8190340606879545e-12,-1.8866463946665135e-11,2.8633762028107412e-12,3.9222986391378673e-13,1.4927877114930349e-12,1.151261200637086e-11
33.11,79839.481217521,8.858122001298765e-12,-0.4990406363707886,-0.5999999999697732,0.9995202775437642,-6.28067239684213e-13,-2.3884184241398416e-12,-1.843829284111585e-11,1.4390229185866677e-11,-0.49904063636596957,-0.5999999999509067,0.9995202775409008,-1.020297700789907e-12,-3.8812061410265084e-12,-2.995090424540822e-11,2.4753544123508097e-17,2.6081253498893735e-14,5.085000201943335e-14,-5.181783087918914e-14,2.0023686063869655e-17,2.87652296519837e-18,-3.1841524281884005e-17,-5.5321071845679124e-12,-4.8190340606879545e-12,-1.8866463946665135e-11,2.8633762028107412e-12,3.922304611056941e-13,1.4927877168866669e-12,1.1512611404292369e-11
33.13,79839.505494788,8.858122001298765e-12,-0.4990406363707886,-0.5999999999697732,0.9995202775437642,-6.28067239684213e-13,-2.3884184241398416e-12,-1.843829284111585e-11,1.4390229115579438e-11,-0.49904063636596957,-0.5999999999509067,0.9995202775409008,-1.0202982580485132e-12,-3.88120621126283e-12,-2.9950903629013394e-11,-2.6870678708252354e-17,2.6059686278549734e-14,5.0917261749151995e-14,-5.1814725057519197e-14,-4.5346389607705483e-17,-9.131170045686089e-20,1.9043765077807444e-17,-5.532107114280673e-12,-4.8190340606879545e-12,-1.8866463946665135e-11,2.8633762028107412e-12,3.922310183643002e-13,1.4927877871229887e-12,1.1512610787897545e-11
33.15,79839.526252953,8.858122001298765e-12,-0.4990406363707886,-0.5999999999697732,0.9995202775437642,-6.28067239684213e-13,-2.3884184241398416e-12,-1.843829284111585e-11,1.439022933343752e-11,-0.49904063636596957,-0.5999999999509067,0.9995202775409008,-1.0202981789426386e-12,-3.881206383664613e-12,-2.9950903809043374e-11,1.577089148923577e-17,2.608021827231724e-14,5.068311859203842e-14,-5.1786157179536825e-14,1.0686171085513963e-16,-6.0794427556587694e-18,-5.4872175123577866e-17,-5.532107332138756e-12,-4.8190340606879545e-12,-1.8866463946665135e-11,2.8633762028107412e-12,3.922309392584256e-13,1.4927879595247717e-12,1.1512610967927525e-11
33.17,79839.546796638,8.858122001298765e-12,-0.4990406363707886,-0.5999999999697732,0.9995202775437642,-6.28067239684213e-13,-2.3884184241398416e-12,-1.843829284111585e-11,1.4390228898676074e-11,-0.49904063636596957,-0.5999999999509067,0.9995202775409008,-1.0202983866142579e-12,-3.881206787385123e-12,-2.995090250725327e-11,2.566676078473208e-18,2.6049391525372192e-14,5.082661875402338e-14,-5.173499634269928e-14,1.6575934850961207e-18,-5.973279722896137e-17,9.996226803507029e-17,-5.53210689737731e-12,-4.8190340606879545e-12,-1.8866463946665135e-11,2.8633762028107412e-12,3.9223114693004486e-13,1.4927883632452817e-12,1.1512609666137418e-11
33.19,79839.565970473,8.858122001298765e-12,-0.4990406363707886,-0.5999999999697732,0.9995202775437642,-6.28067239684213e-13,-2.3884184241398416e-12,-1.843829284111585e-11,1.4390228748841716e-11,-0.49904063636596957,-0.5999999999509067,0.9995202775409008,-1.0202979131274864e-12,-3.881207277877325e-12,-2.995090148330929e-11,5.6618577554073635e-18,2.607182143452998e-14,5.07962372283834e-14,-5.1751008368442827e-14,5.4037093963308893e-17,-2.679432915937621e-17,3.297108433676837e-17,-5.532106747542951e-12,-4.8190340606879545e-12,-1.8866463946665135e-11,2.8633762028107412e-12,3.9223067344327337e-13,1.4927888537374838e-12,1.151260864219344e-11
33.21,79839.585191223,8.858122001298765e-12,-0.4990406363707886,-0.5999999999697732,0.9995202775437642,-6.28067239684213e-13,-2.3884184241398416e-12,-1.843829284111585e-11,1.4390228094682053e-11,-0.49904063636596957,-0.5999999999509067,0.9995202775409008,-1.0202980100752346e-12,-3.8812076391338215e-12,-2.99508997861078e-11,-6.603845173314799e-17,2.603449576518796e-14,5.098261069109453e-14,-5.178254950253605e-14,-8.981460497830133e-17,-1.6444380489503108e-17,2.665454553731182e-16,-5.532106093383289e-12,-4.8190340606879545e-12,-1.8866463946665135e-11,2.8633762028107412e-12,3.922307703910216e-13,1.49278921499398e-12,1.151260694499195e-11
33.24,79839.61741398,8.858122001298765e-12,-0.4990406363707886,-0.5999999999697732,0.9995202775437642,-6.28067239684213e-13,-2.3884184241398416e-12,-1.843829284111585e-11,1.4390227911450439e-11,-0.49904063636596957,-0.5999999999509067,0.9995202775409008,-1.020297459974544e-12,-3.881207835666777e-12,-2.995089841837005e-11,-2.078443461567831e-17,2.6038924234431936e-14,5.083488291115496e-14,-5.177166965772274e-14,-1.1619941105950636e-18,1.2551963756509304e-17,7.397497958529956e-17,-5.532105910151674e-12,-4.8190340606879545e-12,-1.8866463946665135e-11,2.8633762028107412e-12,3.9223022029033103e-13,1.4927894115269357e-12,1.1512605577254203e-11
33.27,79839.648444521,8.858122001298765e-12,-0.4990406363707886,-0.5999999999697732,0.9995202775437642,-6.28067239684213e-13,-2.3884184241398416e-12,-1.843829284111585e-11,1.4390227610317965e-11,-0.49904063636596957,-0.5999999999509067,0.9995202775409008,-1.0202978799236532e-12,-3.881207998534299e-12,-2.9950897618228914e-11,-4.986210468153449e-17,2.605911115267394e-14,5.094960183226245e-14,-5.1808219876155585e-14,-9.232865970471409e-17,2.4678116506587642e-17,5.530147890286691e-17,-5.532105609019201e-12,-4.8190340606879545e-12,-1.8866463946665135e-11,2.8633762028107412e-12,3.9223064023944023e-13,1.4927895743944572e-12,1.1512604777113065e-11
33.29,79839.667643308,8.858122001298765e-12,-0.4990406363707886,-0.5999999999697732,0.9995202775437642,-6.28067239684213e-13,-2.3884184241398416e-12,-1.843829284111585e-11,1.439022753127524e-11,-0.49904063636596957,-0.5999999999509067,0.9995202775409008,-1.0202983335507835e-12,-3.881208101019592e-12,-2.995089756927509e-11,-1.948313707133762e-18,2.6037543932329933e-14,5.0809708282204894e-14,-5.1751538630679105e-14,-2.559997086821604e-17,-4.250776951566818e-18,-8.443855120418248e-17,-5.532105529976476e-12,-4.8190340606879545e-12,-1.8866463946665135e-11,2.8633762028107412e-12,3.9223109386657053e-13,1.4927896768797505e-12,1.1512604728159243e-11
33.31,79839.687795345,8.858122001298765e-12,-0.4990406363707886,-0.5999999999697732,0.9995202775437642,-6.28067239684213e-13,-2.3884184241398416e-12,-1.843829284111585e-11,1.4390227290535301e-11,-0.49904063636596957,-0.5999999999509067,0.9995202775409008,-1.0202988486598123e-12,-3.881207994167616e-12,-2.9950897146228806e-11,-3.21807610347184e-17,2.6049851626072918e-14,5.088133893896135e-14,-5.17722851406756e-14,-1.0174438290229495e-17,-1.8075595247913437e-18,4.3552734723467165e-17,-5.5321052892365365e-12,-4.8190340606879545e-12,-1.8866463946665135e-11,2.8633762028107412e-12,3.9223160897559925e-13,1.4927895700277748e-12,1.1512604305112957e-11
33.33,79839.70775214,8.858122001298765e-12,-0.4990406363707886,-0.5999999999697732,0.9995202775437642,-6.28067239684213e-13,-2.3884184241398416e-12,-1.843829284111585e-11,1.4390227382882347e-11,-0.49904063636596957,-0.5999999999509067,0.9995202775409008,-1.020298601402295e-12,-3.881208086220521e-12,-2.9950897745867904e-11,1.423749873186948e-17,2.605652308623267e-14,5.076478088461939e-14,-5.174362257300816e-14,3.251020956934345e-17,-1.91248297255846e-18,-1.0544623947193499e-16,-5.532105381583583e-12,-4.8190340606879545e-12,-1.8866463946665135e-11,2.8633762028107412e-12,3.922313617180819e-13,1.4927896620806792e-12,1.1512604904752055e-11
33.35,79839.727162265,8.858122001298765e-12,-0.4990406363707886,-0.5999999999697732,0.9995202775437642,-6.28067239684213e-13,-2.3884184241398416e-12,-1.843829284111585e-11,1.4390227425640226e-11,-0.49904063636596957,-0.5999999999509067,0.9995202775409008,-1.0202985611021968e-12,-3.881208157063899e-12,-2.995089774499833e-11,-2.998479115995022e-17,2.6047436097394397e-14,5.0820313154362243e-14,-5.17646247451543e-14,2.805280405242188e-18,-7.668283536250346e-18,-1.869226755136934e-17,-5.532105424341461e-12,-4.8190340606879545e-12,-1.8866463946665135e-11,2.8633762028107412e-12,3.922313214179838e-13,1.4927897329240578e-12,1.1512604903882481e-11
33.37,79839.746647169,8.858122001298765e-12,-0.4990406363707886,-0.5999999999697732,0.9995202775437642,-6.28067239684213e-13,-2.3884184241398416e-12,-1.843829284111585e-11,1.4390227336213972e-11,-0.49904063636596957,-0.5999999999509067,0.9995202775409008,-1.0202987413161825e-12,-3.88120830803132e-12,-2.995089766686714e-11,-9.870842953586093e-18,2.6039384335132633e-14,5.0913583482683004e-14,-5.176528757294972e-14,-4.2298815556245086e-17,2.8165667093370813e-18,1.6865189998107418e-17,-5.532105334915208e-12,-4.8190340606879545e-12,-1.8866463946665135e-11,2.8633762028107412e-12,3.922315016319695e-13,1.4927898838914788e-12,1.1512604825751291e-11
33.39,79839.765325983,8.858122001298765e-12,-0.4990406363707886,-0.5999999999697732,0.9995202775437642,-6.28067239684213e-13,-2.3884184241398416e-12,-1.843829284111585e-11,1.4390227204742466e-11,-0.49904063636596957,-0.5999999999509067,0.9995202775409008,-1.0202989869715861e-12,-3.881208332303678e-12,-2.995089781351824e-11,-3.814395509118635e-17,2.6038809209256786e-14,5.0926911227421276e-14,-5.1811988525620953e-14,-5.0808758976253155e-17,2.40860484798736e-17,-1.1923123554000442e-17,-5.532105203443701e-12,-4.8190340606879545e-12,-1.8866463946665135e-11,2.8633762028107412e-12,3.922317472873731e-13,1.4927899081638361e-12,1.1512604972402394e-11
33.41,79839.785818591,8.858122001298765e-12,-0.4990406363707886,-0.5999999999697732,0.9995202775437642,-6.28067239684213e-13,-2.3884184241398416e-12,-1.843829284111585e-11,1.4390227153234553e-11,-0.49904063636596957,-0.5999999999509067,0.9995202775409008,-1.0202984360330074e-12,-3.881208126763705e-12,-2.9950899701706696e-11,-2.039635373263181e-17,2.6056868161758166e-14,5.089684020479493e-14,-5.1825055702159114e-14,-3.0060440574052364e-17,8.714763380733646e-18,-2.6861924099954135e-17,-5.532105151935788e-12,-4.8190340606879545e-12,-1.8866463946665135e-11,2.8633762028107412e-12,3.922311963487944e-13,1.4927897026238633e-12,1.1512606860590847e-11
33.43,79839.805623115,8.858122001298765e-12,-0.4990406363707886,-0.5999999999697732,0.9995202775437642,-6.28067239684213e-13,-2.3884184241398416e-12,-1.843829284111585e-11,1.4390227231601219e-11,-0.49904063636596957,-0.5999999999509067,0.9995202775409008,-1.0202981233790486e-12,-3.8812078616646875e-12,-2.995090124264586e-11,1.665117251664119e-17,2.604841381138332e-14,5.079862571310349e-14,-5.1753981624553627e-14,1.2715712053476645e-17,-3.177819292871023e-17,-1.0754700829871465e-16,-5.532105230302454e-12,-4.8190340606879545e-12,-1.8866463946665135e-11,2.8633762028107412e-12,3.9223088369483564e-13,1.492789437524846e-12,1.151260840153001e-11
33.45,79839.828938671,8.858122001298765e-12,-0.4990406363707886,-0.5999999999697732,0.9995202775437642,-6.28067239684213e-13,-2.3884184241398416e-12,-1.843829284111585e-11,1.439022722247931e-11,-0.49904063636596957,-0.5999999999509067,0.9995202775409008,-1.0202975116782023e-12,-3.8812076005677484e-12,-2.995090317401677e-11,-2.4078389427817573e-17,2.605094436523701e-14,5.085002590428053e-14,-5.1802680529579593e-14,9.82788361388283e-18,4.3759194937809255e-17,-1.1735059615699874e-16,-5.532105221180546e-12,-4.8190340606879545e-12,-1.8866463946665135e-11,2.8633762028107412e-12,3.922302719939893e-13,1.4927891764279069e-12,1.1512610332900923e-11
33.47,79839.846214165,8.858122001298765e-12,-0.4990406363707886,-0.5999999999697732,0.9995202775437642,-6.28067239684213e-13,-2.3884184241398416e-12,-1.843829284111585e-11,1.4390227108840593e-11,-0.49904063636596957,-0.5999999999509067,0.9995202775409008,-1.0202973110012641e-12,-3.8812075481110874e-12,-2.9950904499666006e-11,4.982735532289965e-17,2.60625043953414e-14,5.0706000275657144e-14,-5.175993760574383e-14,1.0963632153100075e-16,-5.584803644708868e-18,-1.8901015502590882e-16,-5.5321051075418285e-12,-4.8190340606879545e-12,-1.8866463946665135e-11,2.8633762028107412e-12,3.922300713170511e-13,1.4927891239712459e-12,1.1512611658550157e-11
33.49,79839.865289276,8.858122001298765e-12,-0.4990406363707886,-0.5999999999697732,0.9995202775437642,-6.28067239684213e-13,-2.3884184241398416e-12,-1.843829284111585e-11,1.4390226919829002e-11,-0.49904063636596957,-0.5999999999509067,0.9995202775409008,-1.0202971622385485e-12,-3.881207370795525e-12,-2.995090530424677e-11,-3.099758761079941e-17,2.6063482109330324e-14,5.085530445551199e-14,-5.1816543099472266e-14,-4.676397571447691e-18,4.8330859448030456e-17,-3.767699324521205e-17,-5.532104918530238e-12,-4.8190340606879545e-12,-1.8866463946665135e-11,2.8633762028107412e-12,3.922299225543355e-13,1.4927889466556837e-12,1.1512612463130922e-11
33.51,79839.886094418,8.858122001298765e-12,-0.4990406363707886,-0.5999999999697732,0.9995202775437642,-6.28067239684213e-13,-2.3884184241398416e-12,-1.843829284111585e-11,1.4390226761977462e-11,-0.49904063636596957,-0.5999999999509067,0.9995202775409008,-1.0202970882817559e-12,-3.881207118227366e-12,-2.99509058771205e-11,-1.5625798487440256e-17,2.606221683240347e-14,5.085396690406871e-14,-5.1800152314988476e-14,2.6072306318672932e-17,2.6551749502583843e-17,-7.572425088571685e-17,-5.5321047606786975e-12,-4.8190340606879545e-12,-1.8866463946665135e-11,2.8633762028107412e-12,3.922298485975429e-13,1.4927886940875244e-12,1.1512613036004652e-11
33.53,79839.907285202,8.858122001298765e-12,-0.4990406363707886,-0.5999999999697732,0.9995202775437642,-6.28067239684213e-13,-2.3884184241398416e-12,-1.843829284111585e-11,1.4390226561418089e-11,-0.49904063636596957,-0.5999999999509067,0.9995202775409008,-1.0202970160852666e-12,-3.881206873985633e-12,-2.995090638315867e-11,3.412427764085927e-17,2.612358276335564e-14,5.076201024234402e-14,-5.183654156095673e-14,6.023770518861446e-17,1.0858199528130101e-17,-1.0497940195489878e-16,-5.5321045601193246e-12,-4.8190340606879545e-12,-1.8866463946665135e-11,2.8633762028107412e-12,3.9222977640105363e-13,1.492788449845791e-12,1.1512613542042822e-11
33.55,79839.928171669,8.858122001298765e-12,-0.4990406363707886,-0.5999999999697732,0.9995202775437642,-6.28067239684213e-13,-2.3884184241398416e-12,-1.843829284111585e-11,1.4390226431688215e-11,-0.49904063636596957,-0.5999999999509067,0.9995202775409008,-1.0202966233351684e-12,-3.881206712723358e-12,-2.995090721528285e-11,-1.0845777854868427e-17,2.607026859466524e-14,5.0894953301866e-14,-5.180330548150095e-14,1.999111657020392e-17,5.057431772527655e-18,-9.433323463016574e-18,-5.53210443038945e-12,-4.8190340606879545e-12,-1.8866463946665135e-11,2.8633762028107412e-12,3.922293836509554e-13,1.492788288583516e-12,1.1512614374167002e-11
33.57,79839.950018989,8.858122001298765e-12,-0.4990406363707886,-0.5999999999697732,0.9995202775437642,-6.28067239684213e-13,-2.3884184241398416e-12,-1.843829284111585e-11,1.4390226206064502e-11,-0.49904063636596957,-0.5999999999509067,0.9995202775409008,-1.0202964290154854e-12,-3.8812065241884815e-12,-2.9950907834995955e-11,-6.841918988376981e-18,2.6097759611530407e-14,5.078601451378123e-14,-5.182753657190759e-14,9.261023097790521e-17,1.2012357453663042e-17,-1.308110778989424e-16,-5.532104204765737e-12,-4.8190340606879545e-12,-1.8866463946665135e-11,2.8633762028107412e-12,3.9222918933127243e-13,1.49278810004864e-12,1.1512614993880106e-11
33.59,79839.968952924,8.858122001298765e-12,-0.4990406363707886,-0.5999999999697732,0.9995202775437642,-6.28067239684213e-13,-2.3884184241398416e-12,-1.843829284111585e-11,1.4390226078871351e-11,-0.49904063636596957,-0.5999999999509067,0.9995202775409008,-1.0202966038229344e-12,-3.881206521967669e-12,-2.995090763867709e-11,-9.283988935313185e-18,2.6058478514210513e-14,5.0839779304831173e-14,-5.1804896268209924e-14,1.9404865683970795e-17,1.3481285722520996e-17,3.398256562371696e-17,-5.532104077572586e-12,-4.8190340606879545e-12,-1.8866463946665135e-11,2.8633762028107412e-12,3.922293641387214e-13,1.4927880978278272e-12,1.151261479756124e-11
33.61,79839.98932804,8.858122001298765e-12,-0.4990406363707886,-0.5999999999697732,0.9995202775437642,-6.28067239684213e-13,-2.3884184241398416e-12,-1.843829284111585e-11,1.4390226030155727e-11,-0.49904063636596957,-0.5999999999509067,0.9995202775409008,-1.020296634400258e-12,-3.881206471811829e-12,-2.9950907379568585e-11,-3.5777608243361773e-17,2.6054797708605135e-14,5.08641179641292e-14,-5.178816460085994e-14,-9.39587229845222e-18,2.1195752348085905e-18,5.312290382324261e-17,-5.532104028856962e-12,-4.8190340606879545e-12,-1.8866463946665135e-11,2.8633762028107412e-12,3.9222939471604506e-13,1.4927880476719876e-12,1.1512614538452736e-11
33.63,79840.009098741,8.858122001298765e-12,-0.4990406363707886,-0.5999999999697732,0.9995202775437642,-6.28067239684213e-13,-2.3884184241398416e-12,-1.843829284111585e-11,1.4390225963976465e-11,-0.49904063636596957,-0.5999999999509067,0.9995202775409008,-1.020296671533356e-12,-3.881206570047722e-12,-2.995090746825401e-11,-3.752870491073869e-17,2.6037601444917505e-14,5.0870925145581547e-14,-5.177847784607838e-14,-3.8260198339963234e-17,-1.2754477539370118e-18,1.8485831993532752e-18,-5.5321039626777e-12,-4.8190340606879545e-12,-1.8866463946665135e-11,2.8633762028107412e-12,3.92229431849143e-13,1.4927881459078804e-12,1.1512614627138162e-11
33.65,79840.029211115,8.858122001298765e-12,-0.4990406363707886,-0.5999999999697732,0.9995202775437642,-6.28067239684213e-13,-2.3884184241398416e-12,-1.843829284111585e-11,1.4390225788036567e-11,-0.49904063636596957,-0.5999999999509067,0.9995202775409008,-1.0202967258817577e-12,-3.881206393016951e-12,-2.9950907383275905e-11,5.583787631634865e-17,2.6086659682126688e-14,5.071502874789917e-14,-5.1755780728569656e-14,1.0126751258360961e-16,-1.5327695223902998e-17,-1.3649093435648652e-16,-5.532103786737802e-12,-4.8190340606879545e-12,-1.8866463946665135e-11,2.8633762028107412e-12,3.922294861975447e-13,1.4927879688771091e-12,1.1512614542160056e-11
33.68,79840.117581851,8.858122001298765e-12,-0.4990406363707886,-0.5999999999697732,0.9995202775437642,-6.28067239684213e-13,-2.3884184241398416e-12,-1.843829284111585e-11,1.439022583164296e-11,-0.49904063636596957,-0.5999999999509067,0.9995202775409008,-1.0202965884830802e-12,-3.881206547340706e-12,-2.995090715882324e-11,2.399631313225611e-17,2.608861511010453e-14,5.082544839651039e-14,-5.179388385783749e-14,2.7711637500551524e-17,-2.5999908769081998e-17,2.0599890134643173e-17,-5.5321038303441954e-12,-4.8190340606879545e-12,-1.8866463946665135e-11,2.8633762028107412e-12,3.9222934879886717e-13,1.4927881232008647e-12,1.1512614317707389e-11
33.7,79840.122130198,8.858122001298765e-12,-0.4990406363707886,-0.5999999999697732,0.9995202775437642,-6.28067239684213e-13,-2.3884184241398416e-12,-1.843829284111585e-11,1.4390226191046443e-11,-0.49904063636596957,-0.5999999999509067,0.9995202775409008,-1.0202964148512295e-12,-3.881206289234088e-12,-2.9950907395262734e-11,3.723839009258711e-17,2.604404285472689e-14,5.079458917392641e-14,-5.1743679386819064e-14,4.493159408745757e-17,-5.87709039210069e-18,-7.144490697929396e-17,-5.5321041897476786e-12,-4.8190340606879545e-12,-1.8866463946665135e-11,2.8633762028107412e-12,3.9222917516701653e-13,1.4927878650942465e-12,1.1512614554146885e-11
33.72,79840.123412554,8.858122001298765e-12,-0.4990406363707886,-0.5999999999697732,0.9995202775437642,-6.28067239684213e-13,-2.3884184241398416e-12,-1.843829284111585e-11,1.43902263782556e-11,-0.49904063636596957,-0.5999999999509067,0.9995202775409008,-1.0202964404004444e-12,-3.881206394379939e-12,-2.995090737190716e-11,1.3186840731474726e-17,2.608585450590049e-14,5.0798148016159394e-14,-5.18070078481867e-14,5.812378995598191e-17,2.0683530959125022e-17,-3.7988218256590556e-17,-5.532104376956835e-12,-4.8190340606879545e-12,-1.8866463946665135e-11,2.8633762028107412e-12,3.9222920071623136e-13,1.4927879702400976e-12,1.1512614530791312e-11
33.74,79840.125416368,8.858122001298765e-12,-0.4990406363707886,-0.5999999999697732,0.9995202775437642,-6.28067239684213e-13,-2.3884184241398416e-12,-1.843829284111585e-11,1.4390226470621577e-11,-0.49904063636596957,-0.5999999999509067,0.9995202775409008,-1.0202969340508292e-12,-3.8812063148305435e-12,-2.9950905965389836e-11,-7.083479588479145e-19,2.6071533871592057e-14,5.091047845254675e-14,-5.1790673877513975e-14,-9.036053172948963e-17,1.6711429007617683e-17,2.036780030754805e-16,-5.532104469322812e-12,-4.8190340606879545e-12,-1.8866463946665135e-11,2.8633762028107412e-12,3.9222969436661615e-13,1.492787890690702e-12,1.1512613124273987e-11
33.76,79840.140630246,8.858122001298765e-12,-0.4990406363707886,-0.5999999999697732,0.9995202775437642,-6.28067239684213e-13,-2.3884184241398416e-12,-1.843829284111585e-11,1.4390226647324156e-11,-0.49904063636596957,-0.5999999999509067,0.9995202775409008,-1.0202973428824985e-12,-3.881206285801791e-12,-2.9950904032279795e-11,-2.0083995948691415e-17,2.6044042854726878e-14,5.0908066082979416e-14,-5.1802510088146384e-14,-8.378769771928454e-17,1.4380629560593367e-17,1.5403761376128413e-16,-5.5321046460253916e-12,-4.8190340606879545e-12,-1.8866463946665135e-11,2.8633762028107412e-12,3.9223010319828545e-13,1.4927878616619494e-12,1.1512611191163946e-11
33.78,79840.160890273,8.858122001298765e-12,-0.4990406363707886,-0.5999999999697732,0.9995202775437642,-6.28067239684213e-13,-2.3884184241398416e-12,-1.843829284111585e-11,1.4390226730025974e-11,-0.49904063636596957,-0.5999999999509067,0.9995202775409008,-1.0202981202690069e-12,-3.881205903660669e-12,-2.9950901432058936e-11,-2.4454397667242683e-19,2.6073374274394737e-14,5.086082185521539e-14,-5.1854276938968256e-14,-3.496912855004685e-17,1.9851637908896405e-17,7.521987963075678e-17,-5.53210472872721e-12,-4.8190340606879545e-12,-1.8866463946665135e-11,2.8633762028107412e-12,3.9223088058479385e-13,1.492787479520827e-12,1.1512608590943087e-11
33.8,79840.180708229,8.858122001298765e-12,-0.4990406363707886,-0.5999999999697732,0.9995202775437642,-6.28067239684213e-13,-2.3884184241398416e-12,-1.843829284111585e-11,1.4390226890391296e-11,-0.49904063636596957,-0.5999999999509067,0.9995202775409008,-1.020298234712777e-12,-3.8812059141880525e-12,-2.995090044483951e-11,-1.0438766197023507e-17,2.6050829340061795e-14,5.088747734469197e-14,-5.176704880109164e-14,-2.7482797788540957e-17,-2.1510684110686832e-17,5.2889485064658246e-17,-5.532104889092531e-12,-4.8190340606879545e-12,-1.8866463946665135e-11,2.8633762028107412e-12,3.9223099502856395e-13,1.492787490048211e-12,1.151260760372366e-11
33.82,79840.2045292,8.858122001298765e-12,-0.4990406363707886,-0.5999999999697732,0.9995202775437642,-6.28067239684213e-13,-2.3884184241398416e-12,-1.843829284111585e-11,1.4390226953083283e-11,-0.49904063636596957,-0.5999999999509067,0.9995202775409008,-1.0202983660275447e-12,-3.881205959130329e-12,-2.9950899564992734e-11,6.890011091626034e-17,2.611610612696967e-14,5.0653119223953563e-14,-5.179184802960866e-14,1.385270133531186e-16,-4.050182815809206e-17,-3.728796198101416e-17,-5.532104951784519e-12,-4.8190340606879545e-12,-1.8866463946665135e-11,2.8633762028107412e-12,3.922311263433317e-13,1.4927875349904878e-12,1.1512606723876885e-11
33.84,79840.22864688,8.858122001298765e-12,-0.4990406363707886,-0.5999999999697732,0.9995202775437642,-6.28067239684213e-13,-2.3884184241398416e-12,-1.843829284111585e-11,1.4390227017005767e-11,-0.49904063636596957,-0.5999999999509067,0.9995202775409008,-1.0202985135820829e-12,-3.881206351841376e-12,-2.995089841819268e-11,-1.6127464019148682e-17,2.6037428907154707e-14,5.088757288408075e-14,-5.1805170868296467e-14,-2.448175158520084e-17,6.593810829223051e-18,-2.0014973849778476e-17,-5.5321050157070026e-12,-4.8190340606879545e-12,-1.8866463946665135e-11,2.8633762028107412e-12,3.9223127389786985e-13,1.492787927701534e-12,1.1512605577076831e-11
33.87,79840.26073671,8.858122001298765e-12,-0.4990406363707886,-0.5999999999697732,0.9995202775437642,-6.28067239684213e-13,-2.3884184241398416e-12,-1.843829284111585e-11,1.4390226762566046e-11,-0.49904063636596957,-0.5999999999509067,0.9995202775409008,-1.0202988425056608e-12,-3.8812062128591265e-12,-2.995089736868251e-11,-4.622478866617516e-19,2.6046343358230227e-14,5.089717459265564e-14,-5.1803305481500775e-14,-4.0916938467255135e-17,-7.803185112005693e-18,5.81025040051283e-17,-5.532104761267282e-12,-4.8190340606879545e-12,-1.8866463946665135e-11,2.8633762028107412e-12,3.922316028214478e-13,1.492787788719285e-12,1.1512604527566658e-11
33.89,79840.281935327,8.858122001298765e-12,-0.4990406363707886,-0.5999999999697732,0.9995202775437642,-6.28067239684213e-13,-2.3884184241398416e-12,-1.843829284111585e-11,1.4390226882694005e-11,-0.49904063636596957,-0.5999999999509067,0.9995202775409008,-1.0202986137832871e-12,-3.881206181597e-12,-2.9950897148866136e-11,3.1114284450481706e-17,2.6071016258303794e-14,5.0771755260002e-14,-5.175947362628685e-14,4.2242284466484944e-17,-1.9172390131698985e-17,9.862627242135221e-18,-5.5321048813952405e-12,-4.8190340606879545e-12,-1.8866463946665135e-11,2.8633762028107412e-12,3.922313740990741e-13,1.4927877574571585e-12,1.1512604307750287e-11
33.91,79840.308689057,8.858122001298765e-12,-0.4990406363707886,-0.5999999999697732,0.9995202775437642,-6.28067239684213e-13,-2.3884184241398416e-12,-1.843829284111585e-11,1.4390226984288738e-11,-0.49904063636596957,-0.5999999999509067,0.9995202775409008,-1.0202987251127935e-12,-3.8812063511583555e-12,-2.995089735286044e-11,2.479140567314201e-17,2.6032540337210087e-14,5.081751862723955e-14,-5.176661322854031e-14,2.0701441718079944e-17,5.40218024376517e-18,-8.241558863032317e-17,-5.532104982989974e-12,-4.8190340606879545e-12,-1.8866463946665135e-11,2.8633762028107412e-12,3.922314854285805e-13,1.492787927018514e-12,1.1512604511744593e-11
33.93,79840.337624041,8.858122001298765e-12,-0.4990406363707886,-0.5999999999697732,0.9995202775437642,-6.28067239684213e-13,-2.3884184241398416e-12,-1.843829284111585e-11,1.4390226942946652e-11,-0.49904063636596957,-0.5999999999509067,0.9995202775409008,-1.0202984581739966e-12,-3.881206285931012e-12,-2.9950897853996824e-11,-4.860320815844391e-17,2.607740015552564e-14,5.084407857732731e-14,-5.1856985063960873e-14,1.3246129521983892e-17,3.8602956932793366e-17,2.9391996705884005e-17,-5.532104941647887e-12,-4.8190340606879545e-12,-1.8866463946665135e-11,2.8633762028107412e-12,3.9223121848978357e-13,1.4927878617911706e-12,1.1512605012880975e-11
33.95,79840.356710328,8.858122001298765e-12,-0.4990406363707886,-0.5999999999697732,0.9995202775437642,-6.28067239684213e-13,-2.3884184241398416e-12,-1.843829284111585e-11,1.4390226983839855e-11,-0.49904063636596957,-0.5999999999509067,0.9995202775409008,-1.020298516472612e-12,-3.88120640299317e-12,-2.995089781772542e-11,-3.4196888548992336e-17,2.605790338833466e-14,5.095645678340906e-14,-5.178128066075599e-14,-6.77355901200315e-17,-5.6072872406972806e-18,7.630916717054368e-17,-5.532104982541091e-12,-4.8190340606879545e-12,-1.8866463946665135e-11,2.8633762028107412e-12,3.92231276788399e-13,1.4927879788533282e-12,1.151260497660957e-11
33.97,79840.378202498,8.858122001298765e-12,-0.4990406363707886,-0.5999999999697732,0.9995202775437642,-6.28067239684213e-13,-2.3884184241398416e-12,-1.843829284111585e-11,1.4390227102879296e-11,-0.49904063636596957,-0.5999999999509067,0.9995202775409008,-1.0202984237061612e-12,-3.881206544225192e-12,-2.995089859421813e-11,-2.2715373643428784e-17,2.603311546308594e-14,5.095285017148167e-14,-5.179683817601121e-14,-6.198474809316937e-17,6.721217872945448e-18,1.717641500945437e-17,-5.532105101580532e-12,-4.8190340606879545e-12,-1.8866463946665135e-11,2.8633762028107412e-12,3.922311840219482e-13,1.4927881200853503e-12,1.151260575310228e-11
33.99,79840.398132119,8.858122001298765e-12,-0.4990406363707886,-0.5999999999697732,0.9995202775437642,-6.28067239684213e-13,-2.3884184241398416e-12,-1.843829284111585e-11,1.4390226842839433e-11,-0.49904063636596957,-0.5999999999509067,0.9995202775409008,-1.0202990096259222e-12,-3.881206457346145e-12,-2.9950898975610676e-11,-5.574957563881586e-17,2.6039154284782264e-14,5.095115434733039e-14,-5.179646888623947e-14,-6.868010543674016e-17,1.2671876268222415e-17,5.732444147671991e-17,-5.532104841540669e-12,-4.8190340606879545e-12,-1.8866463946665135e-11,2.8633762028107412e-12,3.922317699417092e-13,1.4927880332063032e-12,1.1512606134494827e-11
34.01,79840.418230798,8.858122001298765e-12,-0.4990406363707886,-0.5999999999697732,0.9995202775437642,-6.28067239684213e-13,-2.3884184241398416e-12,-1.843829284111585e-11,1.4390226651944222e-11,-0.49904063636596957,-0.5999999999509067,0.9995202775409008,-1.0202988889086425e-12,-3.881206387030013e-12,-2.995089957657249e-11,-2.6463667050350635e-17,2.6044157879902078e-14,5.0888217774955147e-14,-5.181380656757381e-14,-2.162959449582617e-17,4.375429361964092e-18,4.649608301627296e-18,-5.532104650645457e-12,-4.8190340606879545e-12,-1.8866463946665135e-11,2.8633762028107412e-12,3.922316492244295e-13,1.4927879628901713e-12,1.1512606735456638e-11
34.03,79840.438132662,8.858122001298765e-12,-0.4990406363707886,-0.5999999999697732,0.9995202775437642,-6.28067239684213e-13,-2.3884184241398416e-12,-1.843829284111585e-11,1.439022664894642e-11,-0.49904063636596957,-0.5999999999509067,0.9995202775409008,-1.0202991448668628e-12,-3.881206319314485e-12,-2.9950899349442346e-11,1.968009648189211e-17,2.6084071615685404e-14,5.0865145012558765e-14,-5.18264381715607e-14,4.0081841385737636e-17,2.164283105305237e-17,-7.004439442815379e-17,-5.532104647647656e-12,-4.8190340606879545e-12,-1.8866463946665135e-11,2.8633762028107412e-12,3.9223190518264976e-13,1.4927878951746437e-12,1.1512606508326497e-11
34.05,79840.458144463,8.858122001298765e-12,-0.4990406363707886,-0.5999999999697732,0.9995202775437642,-6.28067239684213e-13,-2.3884184241398416e-12,-1.843829284111585e-11,1.4390226797233903e-11,-0.49904063636596957,-0.5999999999509067,0.9995202775409008,-1.020299781899015e-12,-3.88120645395132e-12,-2.995089859579729e-11,3.01677457113757e-17,2.605980130372494e-14,5.0872597084885556e-14,-5.179231200906536e-14,6.2374846677820155e-18,-3.4113893693936016e-18,-4.44461372426125e-17,-5.5321047959351385e-12,-4.8190340606879545e-12,-1.8866463946665135e-11,2.8633762028107412e-12,3.9223254221480195e-13,1.4927880298114788e-12,1.151260575468144e-11
34.07,79840.479867383,8.858122001298765e-12,-0.4990406363707886,-0.5999999999697732,0.9995202775437642,-6.28067239684213e-13,-2.3884184241398416e-12,-1.843829284111585e-11,1.4390226764136168e-11,-0.49904063636596957,-0.5999999999509067,0.9995202775409008,-1.0203006195670034e-12,-3.881206526653343e-12,-2.995089810365905e-11,1.1700774911087124e-17,2.6027134153977226e-14,5.0877182975548186e-14,-5.17420412552674e-14,-5.200917745757524e-17,7.245835111822049e-18,3.4916240657827234e-17,-5.532104762837403e-12,-4.8190340606879545e-12,-1.8866463946665135e-11,2.8633762028107412e-12,3.9223337988279037e-13,1.4927881025135016e-12,1.15126052625432e-11
34.09,79840.49956873,8.858122001298765e-12,-0.4990406363707886,-0.5999999999697732,0.9995202775437642,-6.28067239684213e-13,-2.3884184241398416e-12,-1.843829284111585e-11,1.4390227270291019e-11,-0.49904063636596957,-0.5999999999509067,0.9995202775409008,-1.020300407962225e-12,-3.881206358990735e-12,-2.9950898309831916e-11,7.674691706361603e-17,2.6072856661106538e-14,5.0845869940867376e-14,-5.18110795046441e-14,5.49350814319243e-17,-5.0976590657998066e-18,-5.1059668734273216e-17,-5.532105268992254e-12,-4.8190340606879545e-12,-1.8866463946665135e-11,2.8633762028107412e-12,3.922331682780119e-13,1.4927879348508933e-12,1.1512605468716067e-11
34.11,79840.519846258,8.858122001298765e-12,-0.4990406363707886,-0.5999999999697732,0.9995202775437642,-6.28067239684213e-13,-2.3884184241398416e-12,-1.843829284111585e-11,1.4390227295660984e-11,-0.49904063636596957,-0.5999999999509067,0.9995202775409008,-1.0203010115517115e-12,-3.881206514679711e-12,-2.9950897520318175e-11,1.7578780481047384e-17,2.6074064425445797e-14,5.088372742368131e-14,-5.180010497014572e-14,9.880615175090402e-18,-7.211117085282183e-18,-9.666742221487345e-18,-5.532105294362219e-12,-4.8190340606879545e-12,-1.8866463946665135e-11,2.8633762028107412e-12,3.922337718674985e-13,1.4927880905398692e-12,1.1512604679202326e-11
34.13,79840.5396508,8.858122001298765e-12,-0.4990406363707886,-0.5999999999697732,0.9995202775437642,-6.28067239684213e-13,-2.3884184241398416e-12,-1.843829284111585e-11,1.4390227266926794e-11,-0.49904063636596957,-0.5999999999509067,0.9995202775409008,-1.0203012850602362e-12,-3.881206343464695e-12,-2.9950897202388133e-11,7.572465522537078e-17,2.6111562632550592e-14,5.0730816631899074e-14,-5.181566248540096e-14,1.1038231802910302e-16,4.652727045351543e-18,-1.26220508981141e-16,-5.5321052656280296e-12,-4.8190340606879545e-12,-1.8866463946665135e-11,2.8633762028107412e-12,3.9223404537602317e-13,1.4927879193248537e-12,1.1512604361272284e-11
34.15,79840.559359539,8.858122001298765e-12,-0.4990406363707886,-0.5999999999697732,0.9995202775437642,-6.28067239684213e-13,-2.3884184241398416e-12,-1.843829284111585e-11,1.4390227655303828e-11,-0.49904063636596957,-0.5999999999509067,0.9995202775409008,-1.0203009302132734e-12,-3.881206306604153e-12,-2.99508973974347e-11,5.2127444459037044e-17,2.6062964496042084e-14,5.084314706828641e-14,-5.177315628577786e-14,5.077083902574266e-17,-3.1066212390290966e-17,-1.7914205022916766e-17,-5.532105654005063e-12,-4.8190340606879545e-12,-1.8866463946665135e-11,2.8633762028107412e-12,3.922336905290604e-13,1.4927878824643116e-12,1.1512604556318849e-11
34.17,79840.579385021,8.858122001298765e-12,-0.4990406363707886,-0.5999999999697732,0.9995202775437642,-6.28067239684213e-13,-2.3884184241398416e-12,-1.843829284111585e-11,1.4390227696954258e-11,-0.49904063636596957,-0.5999999999509067,0.9995202775409008,-1.0203011150118028e-12,-3.881206458635798e-12,-2.9950897340311214e-11,-2.9520987177702943e-17,2.604841381138333e-14,5.0942101990241073e-14,-5.181924175549618e-14,-2.5848119391472066e-17,6.054204526354701e-18,-9.666742221499966e-18,-5.532105695655494e-12,-4.8190340606879545e-12,-1.8866463946665135e-11,2.8633762028107412e-12,3.9223387532758983e-13,1.492788034495956e-12,1.1512604499195365e-11
34.19,79840.599574072,8.858122001298765e-12,-0.4990406363707886,-0.5999999999697732,0.9995202775437642,-6.28067239684213e-13,-2.3884184241398416e-12,-1.843829284111585e-11,1.4390227674874233e-11,-0.49904063636596957,-0.5999999999509067,0.9995202775409008,-1.0203011115633113e-12,-3.881206582645387e-12,-2.995089698448952e-11,-5.654466817965916e-17,2.6064862411432368e-14,5.092851151218358e-14,-5.178259684737826e-14,-3.0091496806929477e-18,8.857159488362594e-18,9.630537415141071e-17,-5.532105673575468e-12,-4.8190340606879545e-12,-1.8866463946665135e-11,2.8633762028107412e-12,3.922338718790983e-13,1.4927881585055455e-12,1.1512604143373673e-11
34.21,79840.619390614,8.858122001298765e-12,-0.4990406363707886,-0.5999999999697732,0.9995202775437642,-6.28067239684213e-13,-2.3884184241398416e-12,-1.843829284111585e-11,1.4390227887100413e-11,-0.49904063636596957,-0.5999999999509067,0.9995202775409008,-1.0202999425953261e-12,-3.8812071180972886e-12,-2.995089689678818e-11,3.5903770470479566e-17,2.6058881102323625e-14,5.07083648755299e-14,-5.1739995958070096e-14,1.0404987790082004e-16,-3.42363994195169e-17,-7.836966348239628e-17,-5.532105885801648e-12,-4.8190340606879545e-12,-1.8866463946665135e-11,2.8633762028107412e-12,3.922327029111131e-13,1.492788693957447e-12,1.1512604055672333e-11
34.23,79840.639701217,8.858122001298765e-12,-0.4990406363707886,-0.5999999999697732,0.9995202775437642,-6.28067239684213e-13,-2.3884184241398416e-12,-1.843829284111585e-11,1.439022798206937e-11,-0.49904063636596957,-0.5999999999509067,0.9995202775409008,-1.0202991828211544e-12,-3.881207494912429e-12,-2.9950897098448295e-11,-2.818636755553229e-17,2.606261942051659e-14,5.0818067978725115e-14,-5.1794660313254816e-14,2.0678177794026707e-17,1.1600158194495e-17,-4.0011180830506665e-17,-5.532105980770605e-12,-4.8190340606879545e-12,-1.8866463946665135e-11,2.8633762028107412e-12,3.922319431369414e-13,1.4927890707725877e-12,1.1512604257332446e-11
34.25,79840.661106852,8.858122001298765e-12,-0.4990406363707886,-0.5999999999697732,0.9995202775437642,-6.28067239684213e-13,-2.3884184241398416e-12,-1.843829284111585e-11,1.4390227894081854e-11,-0.49904063636596957,-0.5999999999509067,0.9995202775409008,-1.0202996148919325e-12,-3.881207010815693e-12,-2.995089595577196e-11,-4.626525747277673e-17,2.6066357738709555e-14,5.099061211490675e-14,-5.1848964847636285e-14,-7.460154957335107e-17,4.851822274757312e-17,9.560511787580908e-17,-5.53210589278309e-12,-4.8190340606879545e-12,-1.8866463946665135e-11,2.8633762028107412e-12,3.9223237520771946e-13,1.4927885866758512e-12,1.1512603114656113e-11
34.27,79840.682908886,8.858122001298765e-12,-0.4990406363707886,-0.5999999999697732,0.9995202775437642,-6.28067239684213e-13,-2.3884184241398416e-12,-1.843829284111585e-11,1.4390227889739966e-11,-0.49904063636596957,-0.5999999999509067,0.9995202775409008,-1.0203001971530533e-12,-3.8812065581435275e-12,-2.995089493416217e-11,-6.292926519614923e-18,2.607642244153675e-14,5.0938208760147286e-14,-5.183838800981516e-14,-3.592450036464403e-17,1.955935116147934e-17,1.1194443097295342e-16,-5.532105888441201e-12,-4.8190340606879545e-12,-1.8866463946665135e-11,2.8633762028107412e-12,3.9223295746884026e-13,1.492788134003686e-12,1.1512602093046323e-11
34.29,79840.702840877,8.858122001298765e-12,-0.4990406363707886,-0.5999999999697732,0.9995202775437642,-6.28067239684213e-13,-2.3884184241398416e-12,-1.843829284111585e-11,1.4390227965333275e-11,-0.49904063636596957,-0.5999999999509067,0.9995202775409008,-1.0203006648796726e-12,-3.881206274525521e-12,-2.995089437184269e-11,2.6741275475776886e-17,2.6037889007855445e-14,5.084696864383862e-14,-5.177452928621119e-14,4.4314324635821707e-17,-1.9996788649959338e-17,-3.129688051203473e-17,-5.53210596403451e-12,-4.8190340606879545e-12,-1.8866463946665135e-11,2.8633762028107412e-12,3.922334251954596e-13,1.4927878503856795e-12,1.1512601530726842e-11
34.31,79840.723174642,8.858122001298765e-12,-0.4990406363707886,-0.5999999999697732,0.9995202775437642,-6.28067239684213e-13,-2.3884184241398416e-12,-1.843829284111585e-11,1.4390228105338545e-11,-0.49904063636596957,-0.5999999999509067,0.9995202775409008,-1.0203009695292859e-12,-3.8812059916269906e-12,-2.9950894161518676e-11,1.8212961436281627e-17,2.6080333297492465e-14,5.0880192466295527e-14,-5.180290778482345e-14,2.685087231045356e-17,1.3496274786438592e-17,-3.277519931607001e-17,-5.5321061040397806e-12,-4.8190340606879545e-12,-1.8866463946665135e-11,2.8633762028107412e-12,3.922337298450729e-13,1.492787567487149e-12,1.1512601320402827e-11
34.34,79840.753022136,8.858122001298765e-12,-0.4990406363707886,-0.5999999999697732,0.9995202775437642,-6.28067239684213e-13,-2.3884184241398416e-12,-1.843829284111585e-11,1.439022804280955e-11,-0.49904063636596957,-0.5999999999509067,0.9995202775409008,-1.0203012480337369e-12,-3.881205436863093e-12,-2.995089397036709e-11,4.880509348473802e-17,2.6051461978525296e-14,5.0870638527415034e-14,-5.178038110874782e-14,4.307358201945421e-17,-5.127637193748595e-18,-3.0363205477924456e-17,-5.532106041510786e-12,-4.8190340606879545e-12,-1.8866463946665135e-11,2.8633762028107412e-12,3.9223400834952387e-13,1.4927870127232516e-12,1.1512601129251242e-11
34.36,79840.773710699,8.858122001298765e-12,-0.4990406363707886,-0.5999999999697732,0.9995202775437642,-6.28067239684213e-13,-2.3884184241398416e-12,-1.843829284111585e-11,1.4390227987600675e-11,-0.49904063636596957,-0.5999999999509067,0.9995202775409008,-1.0203013580046302e-12,-3.88120503504133e-12,-2.995089417358334e-11,-3.320794878760044e-18,2.6078147819164293e-14,5.089218265959053e-14,-5.18311915937506e-14,5.721025553720831e-18,1.193741213376425e-17,-2.491676777887634e-17,-5.53210598630191e-12,-4.8190340606879545e-12,-1.8866463946665135e-11,2.8633762028107412e-12,3.922341183204172e-13,1.4927866109014886e-12,1.1512601332467488e-11
34.38,79840.793144456,8.858122001298765e-12,-0.4990406363707886,-0.5999999999697732,0.9995202775437642,-6.28067239684213e-13,-2.3884184241398416e-12,-1.843829284111585e-11,1.4390228104463073e-11,-0.49904063636596957,-0.5999999999509067,0.9995202775409008,-1.0203014124321288e-12,-3.8812046520683146e-12,-2.9950894642430136e-11,-4.059095095273568e-18,2.6065610075070974e-14,5.0902930840831073e-14,-5.1823919425938045e-14,-3.663641410827123e-18,2.798320511146006e-17,-3.909079511123833e-18,-5.5321061031643085e-12,-4.8190340606879545e-12,-1.8866463946665135e-11,2.8633762028107412e-12,3.922341727479158e-13,1.492786227928473e-12,1.1512601801314287e-11
34.4,79840.812749767,8.858122001298765e-12,-0.4990406363707886,-0.5999999999697732,0.9995202775437642,-6.28067239684213e-13,-2.3884184241398416e-12,-1.843829284111585e-11,1.4390227928475853e-11,-0.49904063636596957,-0.5999999999509067,0.9995202775409008,-1.020301796639709e-12,-3.881204489359593e-12,-2.99508947028719e-11,-6.213871212785299e-17,2.606077901771391e-14,5.1100028599935565e-14,-5.185738276063801e-14,-1.1555536148308956e-16,1.3323900550793014e-17,1.226816938653541e-16,-5.5321059271770885e-12,-4.8190340606879545e-12,-1.8866463946665135e-11,2.8633762028107412e-12,3.9223455695549604e-13,1.4927860652197516e-12,1.1512601861756051e-11
34.42,79840.833576065,8.858122001298765e-12,-0.4990406363707886,-0.5999999999697732,0.9995202775437642,-6.28067239684213e-13,-2.3884184241398416e-12,-1.843829284111585e-11,1.4390227844378609e-11,-0.49904063636596957,-0.5999999999509067,0.9995202775409008,-1.020301970482481e-12,-3.881204266829517e-12,-2.995089474347307e-11,1.1738636460691848e-17,2.6070671182778373e-14,5.09116488100595e-14,-5.182102192157525e-14,2.2605981634208117e-17,1.245453484064261e-17,-2.1882323917942223e-17,-5.532105843079844e-12,-4.8190340606879545e-12,-1.8866463946665135e-11,2.8633762028107412e-12,3.9223473079826804e-13,1.4927858426896756e-12,1.1512601902357223e-11
34.44,79840.85525539,8.858122001298765e-12,-0.4990406363707886,-0.5999999999697732,0.9995202775437642,-6.28067239684213e-13,-2.3884184241398416e-12,-1.843829284111585e-11,1.4390227673928639e-11,-0.49904063636596957,-0.5999999999509067,0.9995202775409008,-1.0203022824493742e-12,-3.88120403551585e-12,-2.995089441986317e-11,3.352303232065607e-18,2.6080563347842818e-14,5.0846347637811334e-14,-5.184882281310863e-14,8.978133781259699e-17,8.28008052557088e-18,-7.517960711577291e-17,-5.5321056726298746e-12,-4.8190340606879545e-12,-1.8866463946665135e-11,2.8633762028107412e-12,3.9223504276516123e-13,1.4927856113760086e-12,1.151260157874732e-11
34.46,79840.874750304,8.858122001298765e-12,-0.4990406363707886,-0.5999999999697732,0.9995202775437642,-6.28067239684213e-13,-2.3884184241398416e-12,-1.843829284111585e-11,1.4390227555897984e-11,-0.49904063636596957,-0.5999999999509067,0.9995202775409008,-1.0203020711315174e-12,-3.881203910751944e-12,-2.995089504541174e-11,-1.7916422236023038e-17,2.6025236238586976e-14,5.094019120246492e-14,-5.178220861966945e-14,-2.7251709476237465e-17,-9.63185091614182e-18,-5.4171918848026716e-17,-5.532105554599219e-12,-4.8190340606879545e-12,-1.8866463946665135e-11,2.8633762028107412e-12,3.922348314473044e-13,1.4927854866121024e-12,1.1512602204295892e-11
34.48,79840.893981496,8.858122001298765e-12,-0.4990406363707886,-0.5999999999697732,0.9995202775437642,-6.28067239684213e-13,-2.3884184241398416e-12,-1.843829284111585e-11,1.4390227926953363e-11,-0.49904063636596957,-0.5999999999509067,0.9995202775409008,-1.0203010634430128e-12,-3.881204557115424e-12,-2.9950895194241405e-11,7.817619055973617e-17,2.6099312451395207e-14,5.065889935697613e-14,-5.172424906344468e-14,1.8996199851462508e-16,-8.22988330328002e-17,-2.693973035277983e-17,-5.532105925654598e-12,-4.8190340606879545e-12,-1.8866463946665135e-11,2.8633762028107412e-12,3.9223382375879976e-13,1.4927861329755825e-12,1.1512602353125556e-11
34.5,79840.914103621,8.858122001298765e-12,-0.4990406363707886,-0.5999999999697732,0.9995202775437642,-6.28067239684213e-13,-2.3884184241398416e-12,-1.843829284111585e-11,1.4390228148578667e-11,-0.49904063636596957,-0.5999999999509067,0.9995202775409008,-1.0203001346005994e-12,-3.881205538589407e-12,-2.9950894316728784e-11,5.368923337863015e-17,2.608504932967437e-14,5.074357114030447e-14,-5.1738215791990924e-14,9.77903314012486e-17,-7.17615210633229e-17,1.5620289952650194e-17,-5.532106147279902e-12,-4.8190340606879545e-12,-1.8866463946665135e-11,2.8633762028107412e-12,3.9223289491638635e-13,1.4927871144495654e-12,1.1512601475612935e-11
34.52,79840.935415941,8.858122001298765e-12,-0.4990406363707886,-0.5999999999697732,0.9995202775437642,-6.28067239684213e-13,-2.3884184241398416e-12,-1.843829284111585e-11,1.4390228193068715e-11,-0.49904063636596957,-0.5999999999509067,0.9995202775409008,-1.020299902473938e-12,-3.881205978403583e-12,-2.995089352768189e-11,1.7720761291961366e-17,2.6043927829551788e-14,5.080779749442856e-14,-5.17722283268642e-14,2.2897556149055074e-17,-1.2299904302438543e-17,3.0156769919721837e-18,-5.5321061917699505e-12,-4.8190340606879545e-12,-1.8866463946665135e-11,2.8633762028107412e-12,3.92232662789725e-13,1.4927875542637412e-12,1.151260068656604e-11
34.54,79840.955644315,8.858122001298765e-12,-0.4990406363707886,-0.5999999999697732,0.9995202775437642,-6.28067239684213e-13,-2.3884184241398416e-12,-1.843829284111585e-11,1.4390228530446248e-11,-0.49904063636596957,-0.5999999999509067,0.9995202775409008,-1.0202989696937184e-12,-3.881206398919341e-12,-2.9950894403377556e-11,3.009202261229799e-17,2.6073834375095482e-14,5.0724296068613096e-14,-5.174512813900023e-14,7.220001493867619e-17,-1.5342684287929457e-17,-5.775100647885429e-17,-5.532106529147483e-12,-4.8190340606879545e-12,-1.8866463946665135e-11,2.8633762028107412e-12,3.9223173000950537e-13,1.4927879747794992e-12,1.1512601562261707e-11
34.56,79840.976045512,8.858122001298765e-12,-0.4990406363707886,-0.5999999999697732,0.9995202775437642,-6.28067239684213e-13,-2.3884184241398416e-12,-1.843829284111585e-11,1.4390228645671135e-11,-0.49904063636596957,-0.5999999999509067,0.9995202775409008,-1.0202984122614031e-12,-3.881206781954942e-12,-2.995089467420744e-11,-4.3151145021026803e-17,2.605819095127263e-14,5.086595709736357e-14,-5.179739684515294e-14,-2.848159559470915e-17,2.6341902606956525e-17,7.903238602010561e-17,-5.532106644372371e-12,-4.8190340606879545e-12,-1.8866463946665135e-11,2.8633762028107412e-12,3.922311725771901e-13,1.4927883578151002e-12,1.1512601833091593e-11
34.58,79840.99609877,8.858122001298765e-12,-0.4990406363707886,-0.5999999999697732,0.9995202775437642,-6.28067239684213e-13,-2.3884184241398416e-12,-1.843829284111585e-11,1.4390228747597153e-11,-0.49904063636596957,-0.5999999999509067,0.9995202775409008,-1.020297795934138e-12,-3.8812072657845054e-12,-2.9950895187403775e-11,4.347608038350195e-17,2.606187175687799e-14,5.0745983509871836e-14,-5.176007964027109e-14,9.364470013431227e-17,-2.671938383961468e-17,-1.6202467460410716e-17,-5.532106746298388e-12,-4.8190340606879545e-12,-1.8866463946665135e-11,2.8633762028107412e-12,3.9223055624992503e-13,1.4927888416446639e-12,1.1512602346287926e-11
34.6,79841.015030449,8.858122001298765e-12,-0.4990406363707886,-0.5999999999697732,0.9995202775437642,-6.28067239684213e-13,-2.3884184241398416e-12,-1.843829284111585e-11,1.4390228753799709e-11,-0.49904063636596957,-0.5999999999509067,0.9995202775409008,-1.0202975104834609e-12,-3.881207838551682e-12,-2.995089526667465e-11,-1.2208793639093923e-17,2.604605579529238e-14,5.083414248089154e-14,-5.1746756801583254e-14,2.573265302745532e-17,-3.2819932874574056e-17,5.226703504191386e-17,-5.532106752500944e-12,-4.8190340606879545e-12,-1.8866463946665135e-11,2.8633762028107412e-12,3.9223027079924787e-13,1.4927894144118404e-12,1.1512602425558802e-11
34.62,79841.035793508,8.858122001298765e-12,-0.4990406363707886,-0.5999999999697732,0.9995202775437642,-6.28067239684213e-13,-2.3884184241398416e-12,-1.843829284111585e-11,1.4390228558985832e-11,-0.49904063636596957,-0.5999999999509067,0.9995202775409008,-1.0202974554883175e-12,-3.881208113853389e-12,-2.995089508288261e-11,2.5151090394087126e-17,2.603179267357154e-14,5.0764088224050355e-14,-5.1719931213805955e-14,5.3809107507574587e-17,-6.491642014858366e-18,-6.592066302745801e-17,-5.532106557687067e-12,-4.8190340606879545e-12,-1.8866463946665135e-11,2.8633762028107412e-12,3.9223021580410445e-13,1.4927896897135474e-12,1.151260224176676e-11
34.64,79841.055137204,8.858122001298765e-12,-0.4990406363707886,-0.5999999999697732,0.9995202775437642,-6.28067239684213e-13,-2.3884184241398416e-12,-1.843829284111585e-11,1.4390228825628522e-11,-0.49904063636596957,-0.5999999999509067,0.9995202775409008,-1.0202970702354065e-12,-3.881208346443758e-12,-2.995089534398671e-11,1.6556518642852625e-17,2.6090282975144497e-14,5.077958948988394e-14,-5.179175333992342e-14,3.2911899991410714e-17,3.9832060178108347e-17,-3.753467005447202e-18,-5.532106824329757e-12,-4.8190340606879545e-12,-1.8866463946665135e-11,2.8633762028107412e-12,3.922298305511935e-13,1.4927899223039168e-12,1.1512602502870863e-11
34.66,79841.075290678,8.858122001298765e-12,-0.4990406363707886,-0.5999999999697732,0.9995202775437642,-6.28067239684213e-13,-2.3884184241398416e-12,-1.843829284111585e-11,1.4390228941601176e-11,-0.49904063636596957,-0.5999999999509067,0.9995202775409008,-1.0202966205243655e-12,-3.881208494278465e-12,-2.9950896040338985e-11,3.108588828839294e-17,2.6073604324745122e-14,5.0717990468951996e-14,-5.175632992874274e-14,9.007756511225858e-17,-1.9554611262935593e-17,-1.3283404047292161e-16,-5.532106940302411e-12,-4.8190340606879545e-12,-1.8866463946665135e-11,2.8633762028107412e-12,3.922293808401525e-13,1.4927900701386238e-12,1.1512603199223136e-11
34.68,79841.094903051,8.858122001298765e-12,-0.4990406363707886,-0.5999999999697732,0.9995202775437642,-6.28067239684213e-13,-2.3884184241398416e-12,-1.843829284111585e-11,1.4390228900656637e-11,-0.49904063636596957,-0.5999999999509067,0.9995202775409008,-1.020296469246044e-12,-3.881208597580664e-12,-2.995089612085475e-11,-1.1621939620832059e-17,2.6071648896767263e-14,5.0795234064800766e-14,-5.1789092559773236e-14,2.0198940958458906e-17,1.5534787486053732e-17,4.9777234950898435e-17,-5.5321068993578725e-12,-4.8190340606879545e-12,-1.8866463946665135e-11,2.8633762028107412e-12,3.92229229561831e-13,1.4927901734408225e-12,1.15126032797389e-11
34.7,79841.115053368,8.858122001298765e-12,-0.4990406363707886,-0.5999999999697732,0.9995202775437642,-6.28067239684213e-13,-2.3884184241398416e-12,-1.843829284111585e-11,1.439022876245524e-11,-0.49904063636596957,-0.5999999999509067,0.9995202775409008,-1.0202964638573416e-12,-3.8812084321889e-12,-2.9950896231870575e-11,-4.4618280066652275e-17,2.604657340858062e-14,5.0979338467027776e-14,-5.1832659283868996e-14,-1.1503114772767098e-16,6.814640201358244e-17,5.109994124923184e-17,-5.532106761156475e-12,-4.8190340606879545e-12,-1.8866463946665135e-11,2.8633762028107412e-12,3.9222922417312856e-13,1.4927900080490584e-12,1.1512603390754726e-11
34.72,79841.136140887,8.858122001298765e-12,-0.4990406363707886,-0.5999999999697732,0.9995202775437642,-6.28067239684213e-13,-2.3884184241398416e-12,-1.843829284111585e-11,1.4390228599047519e-11,-0.49904063636596957,-0.5999999999509067,0.9995202775409008,-1.0202971426916642e-12,-3.88120770327578e-12,-2.995089624228293e-11,-7.294818452859572e-17,2.607285666110651e-14,5.098129702449828e-14,-5.1878261836193525e-14,-8.404360088390052e-17,8.156910879689051e-17,9.895078674802704e-17,-5.532106597748754e-12,-4.8190340606879545e-12,-1.8866463946665135e-11,2.8633762028107412e-12,3.9222990300745117e-13,1.4927892791359387e-12,1.1512603401167082e-11
34.74,79841.156997294,8.858122001298765e-12,-0.4990406363707886,-0.5999999999697732,0.9995202775437642,-6.28067239684213e-13,-2.3884184241398416e-12,-1.843829284111585e-11,1.4390228538329786e-11,-0.49904063636596957,-0.5999999999509067,0.9995202775409008,-1.0202980711323825e-12,-3.881206857230622e-12,-2.9950896190294655e-11,-5.6303494021751646e-18,2.60804483226676e-14,5.093505596031671e-14,-5.1774178934376386e-14,-5.17687835756484e-17,9.36678766323798e-18,4.121854713809682e-17,-5.532106537031022e-12,-4.8190340606879545e-12,-1.8866463946665135e-11,2.8633762028107412e-12,3.9223083144816944e-13,1.4927884330907808e-12,1.1512603349178806e-11
34.76,79841.178626354,8.858122001298765e-12,-0.4990406363707886,-0.5999999999697732,0.9995202775437642,-6.28067239684213e-13,-2.3884184241398416e-12,-1.843829284111585e-11,1.4390228410739091e-11,-0.49904063636596957,-0.5999999999509067,0.9995202775409008,-1.0202989034372608e-12,-3.881206191466431e-12,-2.995089603202304e-11,-4.0330459578415695e-17,2.6031735160983918e-14,5.1011774089527046e-14,-5.1779320584275084e-14,-1.0017325489667324e-16,1.7281013438319648e-17,4.0440484609650555e-17,-5.532106409440327e-12,-4.8190340606879545e-12,-1.8866463946665135e-11,2.8633762028107412e-12,3.9223166375304775e-13,1.4927877673265896e-12,1.1512603190907192e-11
34.78,79841.198740101,8.858122001298765e-12,-0.4990406363707886,-0.5999999999697732,0.9995202775437642,-6.28067239684213e-13,-2.3884184241398416e-12,-1.843829284111585e-11,1.439022823631366e-11,-0.49904063636596957,-0.5999999999509067,0.9995202775409008,-1.0202996907109362e-12,-3.881205480742542e-12,-2.995089559481601e-11,4.1800706815279265e-17,2.6075099652022278e-14,5.085090964362683e-14,-5.1820112900598596e-14,4.1083741048460224e-17,4.3849129321521513e-17,-8.078165732061126e-17,-5.532106235014895e-12,-4.8190340606879545e-12,-1.8866463946665135e-11,2.8633762028107412e-12,3.9223245102672323e-13,1.4927870566027007e-12,1.1512602753700162e-11
34.8,79841.218690868,8.858122001298765e-12,-0.4990406363707886,-0.5999999999697732,0.9995202775437642,-6.28067239684213e-13,-2.3884184241398416e-12,-1.843829284111585e-11,1.4390228211176316e-11,-0.49904063636596957,-0.5999999999509067,0.9995202775409008,-1.0202999514212003e-12,-3.881204986910407e-12,-2.995089608716028e-11,1.6689034066353198e-17,2.6083208926871626e-14,5.087157003645588e-14,-5.1843188776847554e-14,3.828893063765271e-18,4.1046174359508887e-17,-9.937735175023714e-17,-5.532106209877551e-12,-4.8190340606879545e-12,-1.8866463946665135e-11,2.8633762028107412e-12,3.9223271173698726e-13,1.4927865627705654e-12,1.1512603246044428e-11
34.83,79841.250281339,8.858122001298765e-12,-0.4990406363707886,-0.5999999999697732,0.9995202775437642,-6.28067239684213e-13,-2.3884184241398416e-12,-1.843829284111585e-11,1.4390227736581147e-11,-0.49904063636596957,-0.5999999999509067,0.9995202775409008,-1.0203005526474583e-12,-3.881204368015803e-12,-2.995089639614728e-11,3.721453340373645e-18,2.6093216117111252e-14,5.08048357733757e-14,-5.1836730940326514e-14,5.724131177010396e-17,3.86928913165356e-17,-1.3493480929975177e-16,-5.532105735282382e-12,-4.8190340606879545e-12,-1.8866463946665135e-11,2.8633762028107412e-12,3.922333129632453e-13,1.4927859438759617e-12,1.1512603555031432e-11
34.85,79841.268715654,8.858122001298765e-12,-0.4990406363707886,-0.5999999999697732,0.9995202775437642,-6.28067239684213e-13,-2.3884184241398416e-12,-1.843829284111585e-11,1.4390227337097198e-11,-0.49904063636596957,-0.5999999999509067,0.9995202775409008,-1.0203004305250374e-12,-3.881204294904211e-12,-2.995089713552641e-11,-3.2923987165269182e-18,2.6057845875747063e-14,5.086113235822898e-14,-5.176475731071299e-14,3.4022364633062215e-17,-4.6587388129165393e-17,-5.510559388228845e-17,-5.532105335798433e-12,-4.8190340606879545e-12,-1.8866463946665135e-11,2.8633762028107412e-12,3.9223319084082443e-13,1.4927858707643698e-12,1.1512604294410558e-11
34.87,79841.290248871,8.858122001298765e-12,-0.4990406363707886,-0.5999999999697732,0.9995202775437642,-6.28067239684213e-13,-2.3884184241398416e-12,-1.843829284111585e-11,1.4390227158601648e-11,-0.49904063636596957,-0.5999999999509067,0.9995202775409008,-1.0203001745450992e-12,-3.881204343533799e-12,-2.995089738682691e-11,5.216984548192799e-18,2.6089075210805187e-14,5.0837414704958164e-14,-5.181296382937664e-14,6.436937810113293e-17,8.197640673710135e-18,-4.685813108088427e-17,-5.532105157302883e-12,-4.8190340606879545e-12,-1.8866463946665135e-11,2.8633762028107412e-12,3.9223293486088623e-13,1.4927859193939577e-12,1.1512604545711059e-11
34.89,79841.309424058,8.858122001298765e-12,-0.4990406363707886,-0.5999999999697732,0.9995202775437642,-6.28067239684213e-13,-2.3884184241398416e-12,-1.843829284111585e-11,1.4390226977181296e-11,-0.49904063636596957,-0.5999999999509067,0.9995202775409008,-1.0203000186899882e-12,-3.881204172168894e-12,-2.995089719509861e-11,-3.270135734106984e-17,2.607970065902898e-14,5.096481647992949e-14,-5.1840868879563607e-14,-5.903022973793573e-17,4.8285892256011033e-17,1.2299291887659376e-16,-5.532104975882531e-12,-4.8190340606879545e-12,-1.8866463946665135e-11,2.8633762028107412e-12,3.922327790057752e-13,1.492785748029052e-12,1.1512604353982762e-11
34.92,79841.339675892,8.858122001298765e-12,-0.4990406363707886,-0.5999999999697732,0.9995202775437642,-6.28067239684213e-13,-2.3884184241398416e-12,-1.843829284111585e-11,1.4390226692083185e-11,-0.49904063636596957,-0.5999999999509067,0.9995202775409008,-1.020300030468897e-12,-3.881204262459368e-12,-2.9950897574967116e-11,8.350027774693025e-18,2.605905364008632e-14,5.082169847549979e-14,-5.174028002712512e-14,1.2994879142179585e-17,-3.625242852326353e-17,8.462114690868838e-18,-5.5321046907844205e-12,-4.8190340606879545e-12,-1.8866463946665135e-11,2.8633762028107412e-12,3.9223279078468396e-13,1.4927858383195261e-12,1.1512604733851267e-11
34.94,79841.360926205,8.858122001298765e-12,-0.4990406363707886,-0.5999999999697732,0.9995202775437642,-6.28067239684213e-13,-2.3884184241398416e-12,-1.843829284111585e-11,1.4390226632785265e-11,-0.49904063636596957,-0.5999999999509067,0.9995202775409008,-1.0202999930798912e-12,-3.8812043965416065e-12,-2.9950897550444455e-11,2.6523571565853825e-17,2.6073834375095415e-14,5.079117364077664e-14,-5.1775987507360957e-14,3.518866269244748e-17,-3.467108227464653e-17,-3.215274929348339e-17,-5.5321046314865e-12,-4.8190340606879545e-12,-1.8866463946665135e-11,2.8633762028107412e-12,3.922327533956782e-13,1.492785972401765e-12,1.1512604709328606e-11
34.96,79841.381305861,8.858122001298765e-12,-0.4990406363707886,-0.5999999999697732,0.9995202775437642,-6.28067239684213e-13,-2.3884184241398416e-12,-1.843829284111585e-11,1.4390226946253226e-11,-0.49904063636596957,-0.5999999999509067,0.9995202775409008,-1.0202995399412983e-12,-3.881204486758349e-12,-2.995089734191e-11,2.9069760774100076e-17,2.6075444727547765e-14,5.0826953141884064e-14,-5.181026517335238e-14,5.254044818234297e-17,1.4845290543501394e-17,-5.62081707382552e-18,-5.532104944954461e-12,-4.8190340606879545e-12,-1.8866463946665135e-11,2.8633762028107412e-12,3.922323002570853e-13,1.4927860626185077e-12,1.151260450079415e-11
34.98,79841.401217041,8.858122001298765e-12,-0.4990406363707886,-0.5999999999697732,0.9995202775437642,-6.28067239684213e-13,-2.3884184241398416e-12,-1.843829284111585e-11,1.4390227459090641e-11,-0.49904063636596957,-0.5999999999509067,0.9995202775409008,-1.0202992012813742e-12,-3.8812047090812076e-12,-2.995089744592326e-11,7.729590953241516e-17,2.6087982471641087e-14,5.067946421041653e-14,-5.1767162428713416e-14,9.351752401614002e-17,4.4728582776730136e-18,-4.6702518575232885e-17,-5.532105457791876e-12,-4.8190340606879545e-12,-1.8866463946665135e-11,2.8633762028107412e-12,3.922319615971612e-13,1.492786284941366e-12,1.1512604604807414e-11
35.0,79841.421499061,8.858122001298765e-12,-0.4990406363707886,-0.5999999999697732,0.9995202775437642,-6.28067239684213e-13,-2.3884184241398416e-12,-1.843829284111585e-11,1.439022763829208e-11,-0.49904063636596957,-0.5999999999509067,0.9995202775409008,-1.0202990994621554e-12,-3.881204803105172e-12,-2.995089713592946e-11,7.592342836068948e-17,2.6046975996693655e-14,5.071295076619263e-14,-5.172207120068819e-14,8.618163329686987e-17,-3.88005693978219e-17,-8.225997612472227e-17,-5.532105636993315e-12,-4.8190340606879545e-12,-1.8866463946665135e-11,2.8633762028107412e-12,3.9223185977794237e-13,1.4927863789653303e-12,1.1512604294813608e-11
35.02,79841.441096365,8.858122001298765e-12,-0.4990406363707886,-0.5999999999697732,0.9995202775437642,-6.28067239684213e-13,-2.3884184241398416e-12,-1.843829284111585e-11,1.4390227627703037e-11,-0.49904063636596957,-0.5999999999509067,0.9995202775409008,-1.0202991258147508e-12,-3.881204934639271e-12,-2.995089657345436e-11,3.142664223452544e-17,2.6062274344991008e-14,5.077636503551187e-14,-5.175042129239493e-14,4.554576168257414e-17,-4.6407519361562594e-17,-5.992958155861742e-17,-5.532105626404272e-12,-4.8190340606879545e-12,-1.8866463946665135e-11,2.8633762028107412e-12,3.922318861305378e-13,1.4927865104994295e-12,1.1512603732338508e-11
35.04,79841.460852453,8.858122001298765e-12,-0.4990406363707886,-0.5999999999697732,0.9995202775437642,-6.28067239684213e-13,-2.3884184241398416e-12,-1.843829284111585e-11,1.4390227528461177e-11,-0.49904063636596957,-0.5999999999509067,0.9995202775409008,-1.0202993476649568e-12,-3.881204966203807e-12,-2.995089605914134e-11,4.9424883138697515e-18,2.6083726540159854e-14,5.086528832164204e-14,-5.181106056670686e-14,1.969644019883432e-17,3.0351477218341474e-17,1.5373581877854431e-18,-5.532105527162412e-12,-4.8190340606879545e-12,-1.8866463946665135e-11,2.8633762028107412e-12,3.922321079807438e-13,1.4927865420639656e-12,1.1512603218025488e-11
35.06,79841.480617914,8.858122001298765e-12,-0.4990406363707886,-0.5999999999697732,0.9995202775437642,-6.28067239684213e-13,-2.3884184241398416e-12,-1.843829284111585e-11,1.4390227642465025e-11,-0.49904063636596957,-0.5999999999509067,0.9995202775409008,-1.0202993832021491e-12,-3.881205211857145e-12,-2.99508956367953e-11,-4.709821156310485e-17,2.603173516098388e-14,5.095330398357854e-14,-5.179823958334985e-14,-7.856262037609413e-17,-1.5425124139802824e-17,1.0400819318275105e-16,-5.53210564116626e-12,-4.8190340606879545e-12,-1.8866463946665135e-11,2.8633762028107412e-12,3.922321435179361e-13,1.4927867877173036e-12,1.1512602795679449e-11
35.09,79841.510745167,8.858122001298765e-12,-0.4990406363707886,-0.5999999999697732,0.9995202775437642,-6.28067239684213e-13,-2.3884184241398416e-12,-1.843829284111585e-11,1.4390227621422826e-11,-0.49904063636596957,-0.5999999999509067,0.9995202775409008,-1.0202995394500261e-12,-3.881205422584746e-12,-2.995089526062043e-11,-7.788457727327581e-18,2.6065667587658458e-14,5.0844508504576965e-14,-5.1809763318021556e-14,1.481101614688893e-17,-7.803185112100356e-18,4.260577037296879e-18,-5.532105620124062e-12,-4.8190340606879545e-12,-1.8866463946665135e-11,2.8633762028107412e-12,3.922322997658131e-13,1.4927869984449041e-12,1.1512602419504583e-11
35.11,79841.531358382,8.858122001298765e-12,-0.4990406363707886,-0.5999999999697732,0.9995202775437642,-6.28067239684213e-13,-2.3884184241398416e-12,-1.843829284111585e-11,1.4390227608798727e-11,-0.49904063636596957,-0.5999999999509067,0.9995202775409008,-1.0202993362218113e-12,-3.88120541384369e-12,-2.99508953138262e-11,4.797213939440201e-17,2.60626194205165e-14,5.075826032133334e-14,-5.1739086937093344e-14,4.487265881319505e-17,-7.45094210885829e-18,-4.4212718484242707e-17,-5.5321056074999624e-12,-4.8190340606879545e-12,-1.8866463946665135e-11,2.8633762028107412e-12,3.922320965375983e-13,1.4927869897038483e-12,1.1512602472710353e-11
35.14,79841.560892504,8.858122001298765e-12,-0.4990406363707886,-0.5999999999697732,0.9995202775437642,-6.28067239684213e-13,-2.3884184241398416e-12,-1.843829284111585e-11,1.4390227720111034e-11,-0.49904063636596957,-0.5999999999509067,0.9995202775409008,-1.0202990376211996e-12,-3.881205492675024e-12,-2.995089558149808e-11,3.545889726320347e-17,2.6076364928949068e-14,5.081477186981142e-14,-5.1771016298895304e-14,4.831882143015471e-17,-6.993775657844373e-18,-4.110046837050183e-17,-5.53210571881227e-12,-4.8190340606879545e-12,-1.8866463946665135e-11,2.8633762028107412e-12,3.922317979369866e-13,1.4927870685351825e-12,1.1512602740382231e-11
35.16,79841.581559519,8.858122001298765e-12,-0.4990406363707886,-0.5999999999697732,0.9995202775437642,-6.28067239684213e-13,-2.3884184241398416e-12,-1.843829284111585e-11,1.4390227811956415e-11,-0.49904063636596957,-0.5999999999509067,0.9995202775409008,-1.0202987678845277e-12,-3.881205669528557e-12,-2.9950896149003195e-11,3.0778069978104013e-18,2.6065437537308095e-14,5.0800823119045906e-14,-5.17514723478991e-14,2.7807795053334644e-17,-2.4815772715748575e-17,-4.6313487311035e-17,-5.53210581065765e-12,-4.8190340606879545e-12,-1.8866463946665135e-11,2.8633762028107412e-12,3.9223152820031464e-13,1.4927872453887158e-12,1.1512603307887346e-11
35.18,79841.601654877,8.858122001298765e-12,-0.4990406363707886,-0.5999999999697732,0.9995202775437642,-6.28067239684213e-13,-2.3884184241398416e-12,-1.843829284111585e-11,1.4390227627819493e-11,-0.49904063636596957,-0.5999999999509067,0.9995202775409008,-1.0202989881527865e-12,-3.881205813458614e-12,-2.995089587090995e-11,1.8137238337255983e-17,2.6039441847720094e-14,5.0800894773587516e-14,-5.1773260444431237e-14,-3.679188360941336e-19,-5.329989557409226e-18,-5.588365641079782e-17,-5.5321056265207286e-12,-4.8190340606879545e-12,-1.8866463946665135e-11,2.8633762028107412e-12,3.922317484685735e-13,1.4927873893187725e-12,1.1512603029794103e-11
35.2,79841.624228273,8.858122001298765e-12,-0.4990406363707886,-0.5999999999697732,0.9995202775437642,-6.28067239684213e-13,-2.3884184241398416e-12,-1.843829284111585e-11,1.439022769156214e-11,-0.49904063636596957,-0.5999999999509067,0.9995202775409008,-1.020298823747408e-12,-3.881205962619851e-12,-2.995089591828025e-11,6.958615828214683e-18,2.605813343868491e-14,5.0809087276177534e-14,-5.1785361786181784e-14,2.868096766960246e-17,-2.112846297963955e-17,-9.199904704665711e-18,-5.532105690263375e-12,-4.8190340606879545e-12,-1.8866463946665135e-11,2.8633762028107412e-12,3.9223158406319496e-13,1.4927875384800098e-12,1.1512603077164404e-11
35.22,79841.643980978,8.858122001298765e-12,-0.4990406363707886,-0.5999999999697732,0.9995202775437642,-6.28067239684213e-13,-2.3884184241398416e-12,-1.843829284111585e-11,1.4390227755976828e-11,-0.49904063636596957,-0.5999999999509067,0.9995202775409008,-1.020298746752347e-12,-3.881206101371185e-12,-2.995089613254497e-11,3.3906573731043493e-17,2.601586168681064e-14,5.079356212549674e-14,-5.1714619122474e-14,6.29797087033968e-18,-3.6432297290924706e-17,3.0792509256923196e-17,-5.532105754678063e-12,-4.8190340606879545e-12,-1.8866463946665135e-11,2.8633762028107412e-12,3.9223150706813403e-13,1.4927876772313431e-12,1.151260329142912e-11
35.24,79841.664632782,8.858122001298765e-12,-0.4990406363707886,-0.5999999999697732,0.9995202775437642,-6.28067239684213e-13,-2.3884184241398416e-12,-1.843829284111585e-11,1.4390227686001944e-11,-0.49904063636596957,-0.5999999999509067,0.9995202775409008,-1.020298829197365e-12,-3.8812060819129474e-12,-2.995089618855178e-11,-1.4878032883348452e-17,2.60894777989182e-14,5.0855471649442316e-14,-5.1821722625244514e-14,-2.024151369375346e-17,3.062877490171157e-17,2.3712140248137927e-17,-5.53210568470318e-12,-4.8190340606879545e-12,-1.8866463946665135e-11,2.8633762028107412e-12,3.9223158951315197e-13,1.4927876577731059e-12,1.151260334743593e-11
35.27,79841.695604851,8.858122001298765e-12,-0.4990406363707886,-0.5999999999697732,0.9995202775437642,-6.28067239684213e-13,-2.3884184241398416e-12,-1.843829284111585e-11,1.4390227711926997e-11,-0.49904063636596957,-0.5999999999509067,0.9995202775409008,-1.0202987511341015e-12,-3.881206149997124e-12,-2.995089593920109e-11,-1.1565147296417872e-17,2.6048758886908682e-14,5.088358411459816e-14,-5.1808390317588176e-14,-3.299324593346717e-17,1.9229591754072646e-17,-1.721394874760543e-17,-5.532105710628232e-12,-4.8190340606879545e-12,-1.8866463946665135e-11,2.8633762028107412e-12,3.9223151144988846e-13,1.4927877258572823e-12,1.1512603098085243e-11
35.29,79841.712930405,8.858122001298765e-12,-0.4990406363707886,-0.5999999999697732,0.9995202775437642,-6.28067239684213e-13,-2.3884184241398416e-12,-1.843829284111585e-11,1.4390227550317698e-11,-0.49904063636596957,-0.5999999999509067,0.9995202775409008,-1.020299198787056e-12,-3.881206308279208e-12,-2.995089540629237e-11,1.674582639075003e-17,2.6022245584032435e-14,5.086872773963901e-14,-5.173012929288671e-14,-1.2069672636705529e-17,-3.793869821971707e-17,-2.5085669601793043e-18,-5.532105549018933e-12,-4.8190340606879545e-12,-1.8866463946665135e-11,2.8633762028107412e-12,3.922319591028429e-13,1.492787884139366e-12,1.1512602565176524e-11
35.31,79841.733550048,8.858122001298765e-12,-0.4990406363707886,-0.5999999999697732,0.9995202775437642,-6.28067239684213e-13,-2.3884184241398416e-12,-1.843829284111585e-11,1.4390227490101632e-11,-0.49904063636596957,-0.5999999999509067,0.9995202775409008,-1.02029931415673e-12,-3.881205969291599e-12,-2.995089528832442e-11,-3.8484709037070355e-17,2.605255471768921e-14,5.093402891188719e-14,-5.1803684240240745e-14,-4.483923606323333e-17,1.910218471034236e-17,2.0522083881514557e-17,-5.532105488802868e-12,-4.8190340606879545e-12,-1.8866463946665135e-11,2.8633762028107412e-12,3.922320744725171e-13,1.492787545151757e-12,1.1512602447208568e-11
35.33,79841.754075775,8.858122001298765e-12,-0.4990406363707886,-0.5999999999697732,0.9995202775437642,-6.28067239684213e-13,-2.3884184241398416e-12,-1.843829284111585e-11,1.4390227219015666e-11,-0.49904063636596957,-0.5999999999509067,0.9995202775409008,-1.0202994118303127e-12,-3.881205896157523e-12,-2.995089535942564e-11,-2.489241274326681e-17,2.6017472039262945e-14,5.0929657984849367e-14,-5.174737228453601e-14,-5.52397610449314e-17,-6.738961570420091e-18,3.841752203553881e-17,-5.532105217716901e-12,-4.8190340606879545e-12,-1.8866463946665135e-11,2.8633762028107412e-12,3.9223217214609974e-13,1.4927874720176818e-12,1.1512602518309789e-11
35.35,79841.774584971,8.858122001298765e-12,-0.4990406363707886,-0.5999999999697732,0.9995202775437642,-6.28067239684213e-13,-2.3884184241398416e-12,-1.843829284111585e-11,1.4390227299947453e-11,-0.49904063636596957,-0.5999999999509067,0.9995202775409008,-1.0202998306096357e-12,-3.881206103176548e-12,-2.995089501091774e-11,1.565730684075923e-17,2.6075329702372476e-14,5.0831037450755505e-14,-5.1783922502968855e-14,-8.755338922734722e-18,-5.383904071966861e-20,1.0951914781770664e-17,-5.532105298648689e-12,-4.8190340606879545e-12,-1.8866463946665135e-11,2.8633762028107412e-12,3.922325909254227e-13,1.4927876790367068e-12,1.1512602169801892e-11
35.37,79841.794402662,8.858122001298765e-12,-0.4990406363707886,-0.5999999999697732,0.9995202775437642,-6.28067239684213e-13,-2.3884184241398416e-12,-1.843829284111585e-11,1.439022758241627e-11,-0.49904063636596957,-0.5999999999509067,0.9995202775409008,-1.0203001839382345e-12,-3.881205838624633e-12,-2.995089439833542e-11,1.372636781295196e-17,2.6061986782052976e-14,5.085566272821995e-14,-5.18108333114627e-14,-1.674106858732816e-17,1.8112906488442558e-17,3.1881796796678546e-17,-5.532105581117505e-12,-4.8190340606879545e-12,-1.8866463946665135e-11,2.8633762028107412e-12,3.922329442540215e-13,1.492787414484791e-12,1.151260155721957e-11
35.39,79841.813940618,8.858122001298765e-12,-0.4990406363707886,-0.5999999999697732,0.9995202775437642,-6.28067239684213e-13,-2.3884184241398416e-12,-1.843829284111585e-11,1.4390227712331438e-11,-0.49904063636596957,-0.5999999999509067,0.9995202775409008,-1.0203006360950844e-12,-3.88120572021609e-12,-2.9950893608277024e-11,3.4919370181913986e-17,2.6066242713534188e-14,5.083784463220783e-14,-5.17874923040956e-14,-6.301770398868782e-18,1.3353878678609273e-17,7.047369820708942e-17,-5.532105711032673e-12,-4.8190340606879545e-12,-1.8866463946665135e-11,2.8633762028107412e-12,3.922333964108714e-13,1.4927872960762484e-12,1.1512600767161175e-11
35.41,79841.834080237,8.858122001298765e-12,-0.4990406363707886,-0.5999999999697732,0.9995202775437642,-6.28067239684213e-13,-2.3884184241398416e-12,-1.843829284111585e-11,1.4390227574802087e-11,-0.49904063636596957,-0.5999999999509067,0.9995202775409008,-1.0203012536816982e-12,-3.88120557454244e-12,-2.995089290886292e-11,-2.044368066938094e-17,2.6034208202249873e-14,5.094597133548775e-14,-5.178369524772473e-14,-7.273113007916761e-17,3.890273821198779e-17,6.852854188601794e-17,-5.532105573503322e-12,-4.8190340606879545e-12,-1.8866463946665135e-11,2.8633762028107412e-12,3.922340139974852e-13,1.4927871504025984e-12,1.1512600067747074e-11
35.43,79841.854101444,8.858122001298765e-12,-0.4990406363707886,-0.5999999999697732,0.9995202775437642,-6.28067239684213e-13,-2.3884184241398416e-12,-1.843829284111585e-11,1.4390227681262023e-11,-0.49904063636596957,-0.5999999999509067,0.9995202775409008,-1.0203017299694412e-12,-3.881205649942494e-12,-2.995089197252877e-11,2.3655559186354746e-17,2.601793213996358e-14,5.0916473549194224e-14,-5.175709691519159e-14,-3.6171097959638635e-17,1.4890257735320447e-17,1.912157133035546e-17,-5.532105679963259e-12,-4.8190340606879545e-12,-1.8866463946665135e-11,2.8633762028107412e-12,3.922344902852282e-13,1.4927872258026525e-12,1.1512599131412922e-11
35.45,79841.874753189,8.858122001298765e-12,-0.4990406363707886,-0.5999999999697732,0.9995202775437642,-6.28067239684213e-13,-2.3884184241398416e-12,-1.843829284111585e-11,1.4390227740243584e-11,-0.49904063636596957,-0.5999999999509067,0.9995202775409008,-1.0203017579225943e-12,-3.881205815786561e-12,-2.995089100802877e-11,-2.026383830894822e-17,2.6058478514210308e-14,5.095956181354523e-14,-5.179384598196309e-14,-1.3268540189770335e-17,1.3383856806539129e-17,5.934740405047193e-17,-5.53210573894482e-12,-4.8190340606879545e-12,-1.8866463946665135e-11,2.8633762028107412e-12,3.9223451823838134e-13,1.4927873916467197e-12,1.1512598166912922e-11
35.47,79841.895279665,8.858122001298765e-12,-0.4990406363707886,-0.5999999999697732,0.9995202775437642,-6.28067239684213e-13,-2.3884184241398416e-12,-1.843829284111585e-11,1.4390228291292768e-11,-0.49904063636596957,-0.5999999999509067,0.9995202775409008,-1.0203010162725704e-12,-3.881205780260049e-12,-2.995089098552907e-11,1.2060459632102449e-17,2.6090973126195272e-14,5.0844317425799323e-14,-5.1762882454948716e-14,3.422088345168439e-17,-6.446674823074023e-18,3.631675320877176e-17,-5.5321062899940035e-12,-4.8190340606879545e-12,-1.8866463946665135e-11,2.8633762028107412e-12,3.922337765883574e-13,1.4927873561202074e-12,1.1512598144413222e-11
35.49,79841.915478463,8.858122001298765e-12,-0.4990406363707886,-0.5999999999697732,0.9995202775437642,-6.28067239684213e-13,-2.3884184241398416e-12,-1.843829284111585e-11,1.4390228632352334e-11,-0.49904063636596957,-0.5999999999509067,0.9995202775409008,-1.020300594465831e-12,-3.8812057732727146e-12,-2.995089098699369e-11,3.6963893858428145e-17,2.6052612230276712e-14,5.083705643225014e-14,-5.172518649132663e-14,1.8209099987466103e-17,-1.3986173998963077e-17,-7.541302587457816e-17,-5.532106631053569e-12,-4.8190340606879545e-12,-1.8866463946665135e-11,2.8633762028107412e-12,3.9223335478161805e-13,1.492787349132873e-12,1.1512598145877842e-11
35.51,79841.935461199,8.858122001298765e-12,-0.4990406363707886,-0.5999999999697732,0.9995202775437642,-6.28067239684213e-13,-2.3884184241398416e-12,-1.843829284111585e-11,1.439022865864044e-11,-0.49904063636596957,-0.5999999999509067,0.9995202775409008,-1.0203005259977738e-12,-3.881206093848887e-12,-2.995089105809491e-11,-2.6908540257581766e-17,2.6064402310731428e-14,5.0903265228691946e-14,-5.178162154362197e-14,-3.93567046271594e-17,2.521772280922249e-17,5.117774750187452e-17,-5.532106657341676e-12,-4.8190340606879545e-12,-1.8866463946665135e-11,2.8633762028107412e-12,3.922332863135608e-13,1.492787669709045e-12,1.1512598216979063e-11
35.53,79841.956363845,8.858122001298765e-12,-0.4990406363707886,-0.5999999999697732,0.9995202775437642,-6.28067239684213e-13,-2.3884184241398416e-12,-1.843829284111585e-11,1.4390228739572228e-11,-0.49904063636596957,-0.5999999999509067,0.9995202775409008,-1.0203005262916723e-12,-3.881206290705325e-12,-2.995089065496702e-11,2.0162831239004067e-17,2.6040247023946127e-14,5.0839850959372707e-14,-5.17032279533614e-14,-1.0497031370458089e-17,-7.268334849748939e-17,-2.810682414572059e-17,-5.532106738273463e-12,-4.8190340606879545e-12,-1.8866463946665135e-11,2.8633762028107412e-12,3.922332866074593e-13,1.4927878665654834e-12,1.151259781385117e-11
35.55,79841.976916363,8.858122001298765e-12,-0.4990406363707886,-0.5999999999697732,0.9995202775437642,-6.28067239684213e-13,-2.3884184241398416e-12,-1.843829284111585e-11,1.439022864267778e-11,-0.49904063636596957,-0.5999999999509067,0.9995202775409008,-1.0203004876076412e-12,-3.881206215068077e-12,-2.995089043787388e-11,-3.722581251401528e-17,2.6057500800221332e-14,5.0967252734344033e-14,-5.17868294763002e-14,-5.885187298682817e-17,1.060338544046285e-17,1.2322633763498248e-16,-5.532106641379016e-12,-4.8190340606879545e-12,-1.8866463946665135e-11,2.8633762028107412e-12,3.922332479234282e-13,1.4927877909282352e-12,1.1512597596758031e-11
35.57,79841.996757039,8.858122001298765e-12,-0.4990406363707886,-0.5999999999697732,0.9995202775437642,-6.28067239684213e-13,-2.3884184241398416e-12,-1.843829284111585e-11,1.4390228608387407e-11,-0.49904063636596957,-0.5999999999509067,0.9995202775409008,-1.0203003404036083e-12,-3.881206298772073e-12,-2.995089032371842e-11,-4.6340980571769244e-17,2.6041512300872973e-14,5.095249189877369e-14,-5.1762266971995823e-14,-2.925240694511839e-17,-4.3706894635276315e-18,5.343412883429295e-17,-5.532106607088643e-12,-4.8190340606879545e-12,-1.8866463946665135e-11,2.8633762028107412e-12,3.922331007193953e-13,1.4927878746322311e-12,1.151259748260257e-11
35.59,79842.016709402,8.858122001298765e-12,-0.4990406363707886,-0.5999999999697732,0.9995202775437642,-6.28067239684213e-13,-2.3884184241398416e-12,-1.843829284111585e-11,1.4390228195945342e-11,-0.49904063636596957,-0.5999999999509067,0.9995202775409008,-1.020300543529457e-12,-3.881205723998995e-12,-2.9950891285000965e-11,-4.279146030005802e-17,2.6052784768039433e-14,5.0964099934513474e-14,-5.182785851683638e-14,-6.270282788237735e-17,2.4183477395421593e-17,4.8830270599150505e-18,-5.532106194646578e-12,-4.8190340606879545e-12,-1.8866463946665135e-11,2.8633762028107412e-12,3.922333038452439e-13,1.4927872998591537e-12,1.1512598443885116e-11
35.61,79842.036351855,8.858122001298765e-12,-0.4990406363707886,-0.5999999999697732,0.9995202775437642,-6.28067239684213e-13,-2.3884184241398416e-12,-1.843829284111585e-11,1.439022773330833e-11,-0.49904063636596957,-0.5999999999509067,0.9995202775409008,-1.0203005693748985e-12,-3.881205187830252e-12,-2.9950893033527196e-11,-8.375311745546847e-18,2.6095861696139865e-14,5.08748900302169e-14,-5.1848178923250114e-14,5.348496349905736e-17,4.096373450754717e-17,-1.3228939670326797e-16,-5.532105732009565e-12,-4.8190340606879545e-12,-1.8866463946665135e-11,2.8633762028107412e-12,3.922333296906855e-13,1.4927867636904105e-12,1.1512600192411347e-11
35.63,79842.057710726,8.858122001298765e-12,-0.4990406363707886,-0.5999999999697732,0.9995202775437642,-6.28067239684213e-13,-2.3884184241398416e-12,-1.843829284111585e-11,1.4390227265096201e-11,-0.49904063636596957,-0.5999999999509067,0.9995202775409008,-1.0203010204957285e-12,-3.881204958989779e-12,-2.995089354664574e-11,-1.8957614848940485e-17,2.6060031354074994e-14,5.0823203220873445e-14,-5.176028795757813e-14,-1.621068878621226e-18,1.3251548442792996e-18,-1.6591498724892594e-17,-5.532105263797437e-12,-4.8190340606879545e-12,-1.8866463946665135e-11,2.8633762028107412e-12,3.922337808115155e-13,1.4927865348499376e-12,1.1512600705529893e-11
35.65,79842.079148221,8.858122001298765e-12,-0.4990406363707886,-0.5999999999697732,0.9995202775437642,-6.28067239684213e-13,-2.3884184241398416e-12,-1.843829284111585e-11,1.4390227048767498e-11,-0.49904063636596957,-0.5999999999509067,0.9995202775409008,-1.0203008200684896e-12,-3.8812050486144544e-12,-2.9950894110571775e-11,1.0877286208219744e-17,2.6081886137356924e-14,5.080471634913969e-14,-5.178154579187392e-14,6.411347493651202e-17,-1.657928206544936e-17,-1.0474598319663627e-16,-5.532105047468733e-12,-4.8190340606879545e-12,-1.8866463946665135e-11,2.8633762028107412e-12,3.922335803842766e-13,1.4927866244746129e-12,1.1512601269455926e-11
35.67,79842.098560616,8.858122001298765e-12,-0.4990406363707886,-0.5999999999697732,0.9995202775437642,-6.28067239684213e-13,-2.3884184241398416e-12,-1.843829284111585e-11,1.4390226871492983e-11,-0.49904063636596957,-0.5999999999509067,0.9995202775409008,-1.0203006121843883e-12,-3.88120530033836e-12,-2.995089447305742e-11,-3.0637902889707566e-17,2.6030814959582297e-14,5.092817712432279e-14,-5.175085686494623e-14,-3.113678479372622e-17,-4.1281259484646955e-17,3.0156769916945047e-18,-5.532104870194218e-12,-4.8190340606879545e-12,-1.8866463946665135e-11,2.8633762028107412e-12,3.9223337250017534e-13,1.4927868761985188e-12,1.1512601631941573e-11
35.69,79842.119927992,8.858122001298765e-12,-0.4990406363707886,-0.5999999999697732,0.9995202775437642,-6.28067239684213e-13,-2.3884184241398416e-12,-1.843829284111585e-11,1.4390226790595042e-11,-0.49904063636596957,-0.5999999999509067,0.9995202775409008,-1.0203002671315377e-12,-3.881205399353684e-12,-2.9950895017376264e-11,-4.061442120006301e-17,2.608228872547e-14,5.08444607348825e-14,-5.183691085072806e-14,1.1822377369716692e-17,1.889983234669593e-17,-7.307883828930248e-17,-5.532104789296277e-12,-4.8190340606879545e-12,-1.8866463946665135e-11,2.8633762028107412e-12,3.922330274473247e-13,1.4927869752138428e-12,1.1512602176260415e-11
35.72,79842.148584642,8.858122001298765e-12,-0.4990406363707886,-0.5999999999697732,0.9995202775437642,-6.28067239684213e-13,-2.3884184241398416e-12,-1.843829284111585e-11,1.4390226611793229e-11,-0.49904063636596957,-0.5999999999509067,0.9995202775409008,-1.0203001033127968e-12,-3.881205594500153e-12,-2.995089496293026e-11,-1.0107477638130078e-17,2.6026213952575548e-14,5.090921255564501e-14,-5.1704468388235673e-14,-3.284280589123123e-17,-4.3177376076604747e-17,5.779127899355416e-17,-5.532104610494464e-12,-4.8190340606879545e-12,-1.8866463946665135e-11,2.8633762028107412e-12,3.922328636285838e-13,1.4927871703603114e-12,1.151260212181441e-11
35.74,79842.170246069,8.858122001298765e-12,-0.4990406363707886,-0.5999999999697732,0.9995202775437642,-6.28067239684213e-13,-2.3884184241398416e-12,-1.843829284111585e-11,1.4390226652307811e-11,-0.49904063636596957,-0.5999999999509067,0.9995202775409008,-1.0202997295398562e-12,-3.88120565010715e-12,-2.995089539069534e-11,9.656251234759136e-18,2.6067220427522964e-14,5.0805719512722115e-14,-5.1772550271793276e-14,5.380910750758366e-17,1.0550923716533538e-17,-1.9859361344322726e-17,-5.5321046510090465e-12,-4.8190340606879545e-12,-1.8866463946665135e-11,2.8633762028107412e-12,3.9223248985564323e-13,1.4927872259673083e-12,1.1512602549579491e-11
35.77,79842.199550288,8.858122001298765e-12,-0.4990406363707886,-0.5999999999697732,0.9995202775437642,-6.28067239684213e-13,-2.3884184241398416e-12,-1.843829284111585e-11,1.4390226576489414e-11,-0.49904063636596957,-0.5999999999509067,0.9995202775409008,-1.0202994271518783e-12,-3.881205804513343e-12,-2.995089572380225e-11,5.709184692619556e-18,2.605151949111252e-14,5.083015371140898e-14,-5.172756320242163e-14,-4.972624871081078e-18,-1.3978679467029522e-17,-4.366807471446285e-17,-5.532104575190649e-12,-4.8190340606879545e-12,-1.8866463946665135e-11,2.8633762028107412e-12,3.922321874676653e-13,1.4927873803735016e-12,1.1512602882686403e-11
35.79,79842.219378648,8.858122001298765e-12,-0.4990406363707886,-0.5999999999697732,0.9995202775437642,-6.28067239684213e-13,-2.3884184241398416e-12,-1.843829284111585e-11,1.439022690038823e-11,-0.49904063636596957,-0.5999999999509067,0.9995202775409008,-1.0202988350144418e-12,-3.881206003198448e-12,-2.99508962546606e-11,2.952409936895603e-17,2.6071993972292432e-14,5.084501008636813e-14,-5.181702601686561e-14,1.5470160661839118e-17,8.542389144824588e-18,-1.534659867942275e-17,-5.532104899089466e-12,-4.8190340606879545e-12,-1.8866463946665135e-11,2.8633762028107412e-12,3.9223159533022874e-13,1.492787579058606e-12,1.1512603413544754e-11
35.81,79842.239341662,8.858122001298765e-12,-0.4990406363707886,-0.5999999999697732,0.9995202775437642,-6.28067239684213e-13,-2.3884184241398416e-12,-1.843829284111585e-11,1.4390227114649462e-11,-0.49904063636596957,-0.5999999999509067,0.9995202775409008,-1.0202987962233968e-12,-3.881206076769838e-12,-2.9950895969564805e-11,1.093407853258581e-17,2.6068485704449795e-14,5.087670527860415e-14,-5.180040797713772e-14,-3.863087019658161e-17,4.8850575366375295e-18,4.1918803413414467e-17,-5.532105113350698e-12,-4.8190340606879545e-12,-1.8866463946665135e-11,2.8633762028107412e-12,3.9223155653918376e-13,1.4927876526299965e-12,1.1512603128448956e-11
35.84,79842.271826664,8.858122001298765e-12,-0.4990406363707886,-0.5999999999697732,0.9995202775437642,-6.28067239684213e-13,-2.3884184241398416e-12,-1.843829284111585e-11,1.4390227365065111e-11,-0.49904063636596957,-0.5999999999509067,0.9995202775409008,-1.0202990931931999e-12,-3.88120609436335e-12,-2.995089606403997e-11,-1.527557915372001e-17,2.603978692324535e-14,5.092351957911858e-14,-5.177412212056527e-14,-5.935747560299453e-17,-3.891039416605767e-18,1.7176415009145136e-17,-5.5321053637663466e-12,-4.8190340606879545e-12,-1.8866463946665135e-11,2.8633762028107412e-12,3.922318535089869e-13,1.4927876702235086e-12,1.1512603222924123e-11
35.87,79842.300522537,8.858122001298765e-12,-0.4990406363707886,-0.5999999999697732,0.9995202775437642,-6.28067239684213e-13,-2.3884184241398416e-12,-1.843829284111585e-11,1.4390227583270043e-11,-0.49904063636596957,-0.5999999999509067,0.9995202775409008,-1.0202993189862518e-12,-3.8812063578749425e-12,-2.9950896013328656e-11,7.233112062625294e-18,2.605594796035646e-14,5.0896744665406006e-14,-5.181766043775554e-14,-3.818420285468783e-17,2.3096770257692962e-17,7.716503595153796e-17,-5.5321055819712785e-12,-4.8190340606879545e-12,-1.8866463946665135e-11,2.8633762028107412e-12,3.9223207930203876e-13,1.492787933735101e-12,1.1512603172212807e-11
35.89,79842.320263267,8.858122001298765e-12,-0.4990406363707886,-0.5999999999697732,0.9995202775437642,-6.28067239684213e-13,-2.3884184241398416e-12,-1.843829284111585e-11,1.4390227564105359e-11,-0.49904063636596957,-0.5999999999509067,0.9995202775409008,-1.0202995801245727e-12,-3.881206338259321e-12,-2.995089609796817e-11,-1.7698718325871208e-17,2.6081541061831348e-14,5.0840161462386323e-14,-5.179573030669578e-14,6.087044625564613e-18,-1.8617794765138652e-17,1.196339606863721e-17,-5.532105562806594e-12,-4.8190340606879545e-12,-1.8866463946665135e-11,2.8633762028107412e-12,3.9223234044035967e-13,1.4927879141194796e-12,1.1512603256852318e-11
35.92,79842.350780379,8.858122001298765e-12,-0.4990406363707886,-0.5999999999697732,0.9995202775437642,-6.28067239684213e-13,-2.3884184241398416e-12,-1.843829284111585e-11,1.4390227193080463e-11,-0.49904063636596957,-0.5999999999509067,0.9995202775409008,-1.0203002181667657e-12,-3.881206140677327e-12,-2.995089557108258e-11,-5.24272246642857e-17,2.6049564063134624e-14,5.100355770208987e-14,-5.181821910689735e-14,-8.736879109575255e-17,3.4713294832853316e-17,1.340414067801773e-16,-5.5321051917816985e-12,-4.8190340606879545e-12,-1.8866463946665135e-11,2.8633762028107412e-12,3.922329784825527e-13,1.4927877165374852e-12,1.1512602729966728e-11
35.94,79842.371601155,8.858122001298765e-12,-0.4990406363707886,-0.5999999999697732,0.9995202775437642,-6.28067239684213e-13,-2.3884184241398416e-12,-1.843829284111585e-11,1.4390227352272072e-11,-0.49904063636596957,-0.5999999999509067,0.9995202775409008,-1.0203002942917508e-12,-3.881206120147371e-12,-2.995089567540706e-11,-1.8929218686726292e-17,2.6084359178622973e-14,5.091912476723355e-14,-5.182333234989055e-14,-3.1260859055357685e-17,1.9342009733713363e-17,4.985504120344645e-17,-5.532105350973307e-12,-4.8190340606879545e-12,-1.8866463946665135e-11,2.8633762028107412e-12,3.9223305460753776e-13,1.4927876960075296e-12,1.1512602834291213e-11
35.96,79842.39313196,8.858122001298765e-12,-0.4990406363707886,-0.5999999999697732,0.9995202775437642,-6.28067239684213e-13,-2.3884184241398416e-12,-1.843829284111585e-11,1.4390227317035158e-11,-0.49904063636596957,-0.5999999999509067,0.9995202775409008,-1.0203003761319064e-12,-3.88120599436421e-12,-2.995089583186175e-11,1.81561691121112e-17,2.6056350548469544e-14,5.0862207176353046e-14,-5.179615641027853e-14,-6.191692158990319e-19,2.0188891847902175e-17,-3.643209320006406e-17,-5.5321053157363935e-12,-4.8190340606879545e-12,-1.8866463946665135e-11,2.8633762028107412e-12,3.922331364476934e-13,1.4927875702243688e-12,1.1512602990745898e-11
35.98,79842.41318488,8.858122001298765e-12,-0.4990406363707886,-0.5999999999697732,0.9995202775437642,-6.28067239684213e-13,-2.3884184241398416e-12,-1.843829284111585e-11,1.4390227331775488e-11,-0.49904063636596957,-0.5999999999509067,0.9995202775409008,-1.0203003204543543e-12,-3.8812058977047994e-12,-2.9950896145718487e-11,4.0125333247156763e-17,2.6089247748567606e-14,5.073781489212908e-14,-5.1784083475433484e-14,7.680782283022522e-17,8.377509441158318e-18,-1.0256740811710033e-16,-5.532105330476723e-12,-4.8190340606879545e-12,-1.8866463946665135e-11,2.8633762028107412e-12,3.9223308077014134e-13,1.4927874735649579e-12,1.1512603304602638e-11
36.0,79842.432927435,8.858122001298765e-12,-0.4990406363707886,-0.5999999999697732,0.9995202775437642,-6.28067239684213e-13,-2.3884184241398416e-12,-1.843829284111585e-11,1.439022721613011e-11,-0.49904063636596957,-0.5999999999509067,0.9995202775409008,-1.0203004911177232e-12,-3.8812058808471655e-12,-2.995089588878853e-11,-1.655340645151592e-17,2.6045825744941662e-14,5.0929801293932497e-14,-5.1778477846078e-14,-3.084831213541354e-17,-1.8220584569984448e-17,-3.643209320008299e-17,-5.532105214831345e-12,-4.8190340606879545e-12,-1.8866463946665135e-11,2.8633762028107412e-12,3.9223325143351015e-13,1.492787456707324e-12,1.1512603047672681e-11
36.02,79842.453056399,8.858122001298765e-12,-0.4990406363707886,-0.5999999999697732,0.9995202775437642,-6.28067239684213e-13,-2.3884184241398416e-12,-1.843829284111585e-11,1.4390227181252885e-11,-0.49904063636596957,-0.5999999999509067,0.9995202775409008,-1.0203005056274302e-12,-3.881205762468601e-12,-2.9950896374052434e-11,-2.2497669733205167e-17,2.604076463723427e-14,5.0917500597623876e-14,-5.179277598852198e-14,-2.6372333146868158e-17,-1.9254829983775878e-17,2.782258233072273e-18,-5.532105179954121e-12,-4.8190340606879545e-12,-1.8866463946665135e-11,2.8633762028107412e-12,3.9223326594321715e-13,1.4927873383287593e-12,1.1512603532936585e-11
36.04,79842.473331795,8.858122001298765e-12,-0.4990406363707886,-0.5999999999697732,0.9995202775437642,-6.28067239684213e-13,-2.3884184241398416e-12,-1.843829284111585e-11,1.4390226859072754e-11,-0.49904063636596957,-0.5999999999509067,0.9995202775409008,-1.020300555972886e-12,-3.8812054733496075e-12,-2.9950897502307215e-11,-3.9544832424804364e-17,2.6090800588432377e-14,5.089934811375095e-14,-5.181686504440107e-14,-1.3139850810610668e-18,2.5157766553272848e-17,-6.794362560172753e-17,-5.53210485777399e-12,-4.8190340606879545e-12,-1.8866463946665135e-11,2.8633762028107412e-12,3.9223331628867293e-13,1.492787049209766e-12,1.1512604661191366e-11
36.06,79842.493469894,8.858122001298765e-12,-0.4990406363707886,-0.5999999999697732,0.9995202775437642,-6.28067239684213e-13,-2.3884184241398416e-12,-1.843829284111585e-11,1.439022689272493e-11,-0.49904063636596957,-0.5999999999509067,0.9995202775409008,-1.0203004912673809e-12,-3.881205231086432e-12,-2.995089788556713e-11,2.939158394551462e-17,2.604410036731414e-14,5.0895168265490773e-14,-5.1734030507911235e-14,3.8552588443784246e-18,-3.5313018813970136e-18,9.933981801190307e-17,-5.532104891426166e-12,-4.8190340606879545e-12,-1.8866463946665135e-11,2.8633762028107412e-12,3.9223325158316785e-13,1.4927868069465904e-12,1.151260504445128e-11
36.08,79842.513045669,8.858122001298765e-12,-0.4990406363707886,-0.5999999999697732,0.9995202775437642,-6.28067239684213e-13,-2.3884184241398416e-12,-1.843829284111585e-11,1.4390227611074839e-11,-0.49904063636596957,-0.5999999999509067,0.9995202775409008,-1.0202991590021583e-12,-3.881205644362471e-12,-2.995089768769212e-11,-2.080336539017065e-17,2.6054222582728926e-14,5.088587705992949e-14,-5.174939864379636e-14,-5.7899640696054654e-18,-2.5647665766119188e-17,1.1241126848963622e-16,-5.532105609776074e-12,-4.8190340606879545e-12,-1.8866463946665135e-11,2.8633762028107412e-12,3.9223191931794525e-13,1.4927872202226294e-12,1.1512604846576274e-11
36.1,79842.532959896,8.858122001298765e-12,-0.4990406363707886,-0.5999999999697732,0.9995202775437642,-6.28067239684213e-13,-2.3884184241398416e-12,-1.843829284111585e-11,1.4390228292651716e-11,-0.49904063636596957,-0.5999999999509067,0.9995202775409008,-1.0202978820600984e-12,-3.881205952894931e-12,-2.995089755727515e-11,8.253026875987687e-17,2.6091893327596465e-14,5.0637737382355986e-14,-5.172952327890243e-14,1.370071036480947e-16,-4.25827148384116e-18,-1.185954962028788e-16,-5.532106291352951e-12,-4.8190340606879545e-12,-1.8866463946665135e-11,2.8633762028107412e-12,3.922306423758854e-13,1.4927875287550897e-12,1.1512604716159302e-11
36.12,79842.553218911,8.858122001298765e-12,-0.4990406363707886,-0.5999999999697732,0.9995202775437642,-6.28067239684213e-13,-2.3884184241398416e-12,-1.843829284111585e-11,1.4390228386295518e-11,-0.49904063636596957,-0.5999999999509067,0.9995202775409008,-1.0202978892912992e-12,-3.8812061882882555e-12,-2.9950896176900734e-11,6.018248912918638e-17,2.6066242713533976e-14,5.0733658928716124e-14,-5.173867977144765e-14,5.643637999775081e-17,-1.6474358617727998e-17,1.9744021352954697e-17,-5.5321063849967534e-12,-4.8190340606879545e-12,-1.8866463946665135e-11,2.8633762028107412e-12,3.922306496070862e-13,1.492787764148414e-12,1.1512603335784885e-11
36.14,79842.573769436,8.858122001298765e-12,-0.4990406363707886,-0.5999999999697732,0.9995202775437642,-6.28067239684213e-13,-2.3884184241398416e-12,-1.843829284111585e-11,1.4390228321157449e-11,-0.49904063636596957,-0.5999999999509067,0.9995202775409008,-1.020298074775339e-12,-3.881206338671104e-12,-2.99508951684402e-11,-7.334119132447962e-18,2.604110971275975e-14,5.088900597491288e-14,-5.1776924935243077e-14,-5.0183734883222235e-17,-9.606774108928321e-19,2.5190459052009123e-17,-5.532106319858684e-12,-4.8190340606879545e-12,-1.8866463946665135e-11,2.8633762028107412e-12,3.9223083509112597e-13,1.4927879145312621e-12,1.1512602327324351e-11
36.16,79842.59352369,8.858122001298765e-12,-0.4990406363707886,-0.5999999999697732,0.9995202775437642,-6.28067239684213e-13,-2.3884184241398416e-12,-1.843829284111585e-11,1.4390228411715536e-11,-0.49904063636596957,-0.5999999999509067,0.9995202775409008,-1.020298133477196e-12,-3.881206588011753e-12,-2.9950894387173915e-11,-8.62141181765018e-18,2.6045595694591296e-14,5.09222297973698e-14,-5.172864266483137e-14,-4.2722218974043426e-17,-4.717196162410523e-17,7.21076295166688e-17,-5.532106410416771e-12,-4.8190340606879545e-12,-1.8866463946665135e-11,2.8633762028107412e-12,3.9223089379298305e-13,1.4927881638719112e-12,1.1512601546058066e-11
36.18,79842.614358093,8.858122001298765e-12,-0.4990406363707886,-0.5999999999697732,0.9995202775437642,-6.28067239684213e-13,-2.3884184241398416e-12,-1.843829284111585e-11,1.4390228479878517e-11,-0.49904063636596957,-0.5999999999509067,0.9995202775409008,-1.020298359257454e-12,-3.881206579338149e-12,-2.9950893525455966e-11,-6.6431458528784184e-18,2.6076767517061846e-14,5.087804283004753e-14,-5.1785589041426e-14,-4.05323082561548e-17,4.2705059139271854e-18,8.727984882115638e-17,-5.532106478579753e-12,-4.8190340606879545e-12,-1.8866463946665135e-11,2.8633762028107412e-12,3.922311195732411e-13,1.4927881551983078e-12,1.1512600684340117e-11
36.2,79842.634223268,8.858122001298765e-12,-0.4990406363707886,-0.5999999999697732,0.9995202775437642,-6.28067239684213e-13,-2.3884184241398416e-12,-1.843829284111585e-11,1.439022843118183e-11,-0.49904063636596957,-0.5999999999509067,0.9995202775409008,-1.020298449640123e-12,-3.881206557406717e-12,-2.9950893735207934e-11,3.1227869099430775e-17,2.608039081007964e-14,5.0752480188310697e-14,-5.1783032419929395e-14,7.072663308176133e-17,-1.0044050175467635e-17,-9.112988894911696e-17,-5.532106429883065e-12,-4.8190340606879545e-12,-1.8866463946665135e-11,2.8633762028107412e-12,3.9223120995591003e-13,1.4927881332668756e-12,1.1512600894092085e-11
36.22,79842.65659577,8.858122001298765e-12,-0.4990406363707886,-0.5999999999697732,0.9995202775437642,-6.28067239684213e-13,-2.3884184241398416e-12,-1.843829284111585e-11,1.4390228311144511e-11,-0.49904063636596957,-0.5999999999509067,0.9995202775409008,-1.020298854789888e-12,-3.881206475968702e-12,-2.995089387353377e-11,2.401524390731643e-17,2.607285666110614e-14,5.075947844854063e-14,-5.180919517991128e-14,3.87744088537666e-17,2.6649178418097127e-17,-1.0630210825361084e-16,-5.532106309845747e-12,-4.8190340606879545e-12,-1.8866463946665135e-11,2.8633762028107412e-12,3.9223161510567503e-13,1.4927880518288602e-12,1.1512601032417919e-11
36.24,79842.674716779,8.858122001298765e-12,-0.4990406363707886,-0.5999999999697732,0.9995202775437642,-6.28067239684213e-13,-2.3884184241398416e-12,-1.843829284111585e-11,1.4390228287180878e-11,-0.49904063636596957,-0.5999999999509067,0.9995202775409008,-1.020298927290354e-12,-3.881206183417214e-12,-2.9950894772726954e-11,-4.754308477037385e-17,2.608959282409309e-14,5.100551625956043e-14,-5.1854646228739734e-14,-8.333327573600912e-17,4.972484239677978e-17,2.4412396523550238e-17,-5.532106285882113e-12,-4.8190340606879545e-12,-1.8866463946665135e-11,2.8633762028107412e-12,3.9223168760614105e-13,1.4927877592773727e-12,1.1512601931611105e-11
36.26,79842.698062046,8.858122001298765e-12,-0.4990406363707886,-0.5999999999697732,0.9995202775437642,-6.28067239684213e-13,-2.3884184241398416e-12,-1.843829284111585e-11,1.439022801890613e-11,-0.49904063636596957,-0.5999999999509067,0.9995202775409008,-1.0202991389478596e-12,-3.881206117455405e-12,-2.9950895525644377e-11,1.1284297866117518e-17,2.6090052924793762e-14,5.0838417868540686e-14,-5.181769831362959e-14,4.0826286955585586e-17,1.3233966166796765e-17,-1.1346028351522811e-16,-5.532106017607365e-12,-4.8190340606879545e-12,-1.8866463946665135e-11,2.8633762028107412e-12,3.922318992636466e-13,1.4927876933155632e-12,1.1512602684528528e-11
36.28,79842.717683087,8.858122001298765e-12,-0.4990406363707886,-0.5999999999697732,0.9995202775437642,-6.28067239684213e-13,-2.3884184241398416e-12,-1.843829284111585e-11,1.4390227848276316e-11,-0.49904063636596957,-0.5999999999509067,0.9995202775409008,-1.02029914520973e-12,-3.88120590493053e-12,-2.9950896156561584e-11,-2.943579869094677e-17,2.603748641974195e-14,5.091253254940608e-14,-5.177092160921032e-14,-3.657123745339932e-17,7.395725751278844e-18,4.2230028424742485e-17,-5.5321058469775515e-12,-4.8190340606879545e-12,-1.8866463946665135e-11,2.8633762028107412e-12,3.9223190552551694e-13,1.4927874807906883e-12,1.1512603315445735e-11
36.3,79842.73765999,8.858122001298765e-12,-0.4990406363707886,-0.5999999999697732,0.9995202775437642,-6.28067239684213e-13,-2.3884184241398416e-12,-1.843829284111585e-11,1.4390227746280025e-11,-0.49904063636596957,-0.5999999999509067,0.9995202775409008,-1.0202994058098784e-12,-3.881205967522431e-12,-2.995089677907573e-11,1.0063262892653755e-17,2.605681064917019e-14,5.0871044569817554e-14,-5.17595588470032e-14,2.6424329368858967e-18,-2.7993454277064256e-17,-2.1337680148440047e-17,-5.532105744981261e-12,-4.8190340606879545e-12,-1.8866463946665135e-11,2.8633762028107412e-12,3.922321661256654e-13,1.4927875433825898e-12,1.1512603937959879e-11
36.32,79842.757768102,8.858122001298765e-12,-0.4990406363707886,-0.5999999999697732,0.9995202775437642,-6.28067239684213e-13,-2.3884184241398416e-12,-1.843829284111585e-11,1.4390227427460107e-11,-0.49904063636596957,-0.5999999999509067,0.9995202775409008,-1.0202998500585456e-12,-3.8812059326104714e-12,-2.9950896985482016e-11,-3.746737311146214e-18,2.6062446882753424e-14,5.093844760861942e-14,-5.179777560389311e-14,-3.316850082801126e-17,-6.983687914150884e-19,1.6929706932348822e-18,-5.532105426161343e-12,-4.8190340606879545e-12,-1.8866463946665135e-11,2.8633762028107412e-12,3.9223261037433256e-13,1.4927875084706299e-12,1.1512604144366167e-11
36.34,79842.779381204,8.858122001298765e-12,-0.4990406363707886,-0.5999999999697732,0.9995202775437642,-6.28067239684213e-13,-2.3884184241398416e-12,-1.843829284111585e-11,1.4390227527351065e-11,-0.49904063636596957,-0.5999999999509067,0.9995202775409008,-1.0202998289496336e-12,-3.881205784905804e-12,-2.995089760900762e-11,-2.606612077966432e-17,2.6050771827473854e-14,5.095509534711868e-14,-5.1807878993288926e-14,-5.120269475690761e-17,-8.312813287130359e-18,-1.2312154818602227e-17,-5.5321055260523e-12,-4.8190340606879545e-12,-1.8866463946665135e-11,2.8633762028107412e-12,3.9223258926542064e-13,1.4927873607659623e-12,1.1512604767891772e-11
36.36,79842.800567737,8.858122001298765e-12,-0.4990406363707886,-0.5999999999697732,0.9995202775437642,-6.28067239684213e-13,-2.3884184241398416e-12,-1.843829284111585e-11,1.4390227330984861e-11,-0.49904063636596957,-0.5999999999509067,0.9995202775409008,-1.020300292051385e-12,-3.881205670237034e-12,-2.995089758502961e-11,-2.3311693048816122e-17,2.6059801303724552e-14,5.098710104236832e-14,-5.1815719299211844e-14,-5.1595079609332994e-17,5.057431772290997e-18,7.210762951665618e-17,-5.5321053296860966e-12,-4.8190340606879545e-12,-1.8866463946665135e-11,2.8633762028107412e-12,3.92233052367172e-13,1.4927872460971928e-12,1.1512604743913764e-11
36.38,79842.820936487,8.858122001298765e-12,-0.4990406363707886,-0.5999999999697732,0.9995202775437642,-6.28067239684213e-13,-2.3884184241398416e-12,-1.843829284111585e-11,1.4390227347741324e-11,-0.49904063636596957,-0.5999999999509067,0.9995202775409008,-1.020300522642622e-12,-3.881205401533148e-12,-2.99508976582316e-11,-2.317917762533606e-17,2.6047781172919496e-14,5.093677566931535e-14,-5.1823427039575696e-14,-1.9718850866588813e-17,4.393156917319451e-17,-1.2078736060074659e-17,-5.532105346442559e-12,-4.8190340606879545e-12,-1.8866463946665135e-11,2.8633762028107412e-12,3.92233282958409e-13,1.4927869773933062e-12,1.1512604817115752e-11
36.4,79842.839808471,8.858122001298765e-12,-0.4990406363707886,-0.5999999999697732,0.9995202775437642,-6.28067239684213e-13,-2.3884184241398416e-12,-1.843829284111585e-11,1.4390227633948966e-11,-0.49904063636596957,-0.5999999999509067,0.9995202775409008,-1.020300573822477e-12,-3.881205269094843e-12,-2.995089790852063e-11,9.249239577016768e-18,2.6092238403121958e-14,5.0888384968885684e-14,-5.184657866757268e-14,1.2030201757977793e-17,5.5270796064957946e-17,-1.4490729898239144e-17,-5.5321056326502015e-12,-4.8190340606879545e-12,-1.8866463946665135e-11,2.8633762028107412e-12,3.92233334138264e-13,1.4927868449550016e-12,1.1512605067404779e-11
36.42,79842.860081828,8.858122001298765e-12,-0.4990406363707886,-0.5999999999697732,0.9995202775437642,-6.28067239684213e-13,-2.3884184241398416e-12,-1.843829284111585e-11,1.4390227527466082e-11,-0.49904063636596957,-0.5999999999509067,0.9995202775409008,-1.0203007478653187e-12,-3.8812049868333475e-12,-2.995089784486141e-11,4.400614207761153e-17,2.6079355583503126e-14,5.0829341626604266e-14,-5.177839262536149e-14,2.7210687669230757e-17,-1.785075929064833e-18,-3.68211244643503e-17,-5.532105526167317e-12,-4.8190340606879545e-12,-1.8866463946665135e-11,2.8633762028107412e-12,3.922335081811057e-13,1.492786562693506e-12,1.151260500374556e-11
36.44,79842.879626211,8.858122001298765e-12,-0.4990406363707886,-0.5999999999697732,0.9995202775437642,-6.28067239684213e-13,-2.3884184241398416e-12,-1.843829284111585e-11,1.4390227412824037e-11,-0.49904063636596957,-0.5999999999509067,0.9995202775409008,-1.0203010447602909e-12,-3.881204822573259e-12,-2.995089753603471e-11,-5.567385253941787e-17,2.6072281535230287e-14,5.1012060707693634e-14,-5.1838672078870215e-14,-8.064551704329771e-17,2.259463661482686e-17,1.0922121212300022e-16,-5.532105411525272e-12,-4.8190340606879545e-12,-1.8866463946665135e-11,2.8633762028107412e-12,3.9223380507607785e-13,1.4927863984334177e-12,1.1512604694918861e-11
36.469,79842.909936638,8.858122001298765e-12,-0.4990406363707886,-0.5999999999697732,0.9995202775437642,-6.28067239684213e-13,-2.3884184241398416e-12,-1.843829284111585e-11,1.4390227464182584e-11,-0.49904063636596957,-0.5999999999509067,0.9995202775409008,-1.0203008809942813e-12,-3.8812051127054286e-12,-2.9950897862605926e-11,-1.4073474954964735e-17,2.6032425312034543e-14,5.090481774376013e-14,-5.1758280536254913e-14,4.064634160902918e-18,-8.740001610189176e-18,-8.110617165105999e-18,-5.532105462883819e-12,-4.8190340606879545e-12,-1.8866463946665135e-11,2.8633762028107412e-12,3.9223364131006833e-13,1.492786688565587e-12,1.1512605021490077e-11
36.49,79842.929708924,8.858122001298765e-12,-0.4990406363707886,-0.5999999999697732,0.9995202775437642,-6.28067239684213e-13,-2.3884184241398416e-12,-1.843829284111585e-11,1.439022780581954e-11,-0.49904063636596957,-0.5999999999509067,0.9995202775409008,-1.0203000237132495e-12,-3.881205286208906e-12,-2.995089805290633e-11,3.02434688107729e-17,2.6052554717688944e-14,5.0777941435427236e-14,-5.17916491812698e-14,5.665040809908559e-17,3.798350399014606e-18,-1.0894752085034076e-16,-5.532105804520775e-12,-4.8190340606879545e-12,-1.8866463946665135e-11,2.8633762028107412e-12,3.922327840290365e-13,1.4927868620690647e-12,1.151260521179048e-11
36.51,79842.950636663,8.858122001298765e-12,-0.4990406363707886,-0.5999999999697732,0.9995202775437642,-6.28067239684213e-13,-2.3884184241398416e-12,-1.843829284111585e-11,1.439022766515714e-11,-0.49904063636596957,-0.5999999999509067,0.9995202775409008,-1.0202999434116098e-12,-3.8812054956336754e-12,-2.9950897929025065e-11,-6.136255036153595e-17,2.6037946520442594e-14,5.09335989846376e-14,-5.1796591982829886e-14,-6.649329657535761e-17,-3.861061288609647e-18,7.872116100831058e-17,-5.5321056638583754e-12,-4.8190340606879545e-12,-1.8866463946665135e-11,2.8633762028107412e-12,3.922327037273968e-13,1.4927870714938339e-12,1.1512605087909216e-11
36.53,79842.971667962,8.858122001298765e-12,-0.4990406363707886,-0.5999999999697732,0.9995202775437642,-6.28067239684213e-13,-2.3884184241398416e-12,-1.843829284111585e-11,1.4390227792970993e-11,-0.49904063636596957,-0.5999999999509067,0.9995202775409008,-1.0202996156578133e-12,-3.881205788637464e-12,-2.995089848314751e-11,-2.487840788087192e-18,2.6059456228199008e-14,5.083564722626537e-14,-5.174634016696894e-14,4.356208675750664e-18,-3.678454029421884e-17,-2.3983092745163654e-17,-5.532105791672228e-12,-4.8190340606879545e-12,-1.8866463946665135e-11,2.8633762028107412e-12,3.9223237597360026e-13,1.4927873644976228e-12,1.151260564203166e-11
36.55,79842.989732646,8.858122001298765e-12,-0.4990406363707886,-0.5999999999697732,0.9995202775437642,-6.28067239684213e-13,-2.3884184241398416e-12,-1.843829284111585e-11,1.439022759491049e-11,-0.49904063636596957,-0.5999999999509067,0.9995202775409008,-1.0202998454689341e-12,-3.881206129298984e-12,-2.9950898131060524e-11,2.7555298791676563e-17,2.6044157879901636e-14,5.082766968730016e-14,-5.176094131640508e-14,6.265401376686369e-18,-1.6954008664605686e-17,-6.476685855375156e-18,-5.532105593611726e-12,-4.8190340606879545e-12,-1.8866463946665135e-11,2.8633762028107412e-12,3.9223260578472113e-13,1.4927877051591425e-12,1.1512605289944675e-11
36.57,79843.010198959,8.858122001298765e-12,-0.4990406363707886,-0.5999999999697732,0.9995202775437642,-6.28067239684213e-13,-2.3884184241398416e-12,-1.843829284111585e-11,1.4390227478403764e-11,-0.49904063636596957,-0.5999999999509067,0.9995202775409008,-1.0203000147147545e-12,-3.8812060922211026e-12,-2.9950898109494485e-11,-1.694148733448748e-17,2.604594077011675e-14,5.0891012302077824e-14,-5.178092083995259e-14,-3.772047530180069e-17,-9.272113381019842e-18,2.3089690225172657e-17,-5.532105477104999e-12,-4.8190340606879545e-12,-1.8866463946665135e-11,2.8633762028107412e-12,3.922327750305415e-13,1.492787668081261e-12,1.1512605268378636e-11
36.59,79843.030971203,8.858122001298765e-12,-0.4990406363707886,-0.5999999999697732,0.9995202775437642,-6.28067239684213e-13,-2.3884184241398416e-12,-1.843829284111585e-11,1.4390227498482581e-11,-0.49904063636596957,-0.5999999999509067,0.9995202775409008,-1.0202998957112506e-12,-3.88120631465638e-12,-2.995089771126839e-11,2.5482378953002643e-17,2.6088672622691677e-14,5.074607904926082e-14,-5.1735801205021864e-14,6.783570278563758e-17,-3.6169988671514805e-17,-1.0972558337878702e-16,-5.5321054971838165e-12,-4.8190340606879545e-12,-1.8866463946665135e-11,2.8633762028107412e-12,3.922326560270376e-13,1.4927878905165384e-12,1.1512604870152544e-11
36.61,79843.050917326,8.858122001298765e-12,-0.4990406363707886,-0.5999999999697732,0.9995202775437642,-6.28067239684213e-13,-2.3884184241398416e-12,-1.843829284111585e-11,1.4390227423178683e-11,-0.49904063636596957,-0.5999999999509067,0.9995202775409008,-1.0202998385820297e-12,-3.881206400331439e-12,-2.9950897693514874e-11,3.251516178468979e-17,2.606618520094631e-14,5.079516241025934e-14,-5.1785740544922126e-14,1.800592838406223e-17,-2.459583807579668e-18,-3.31642305807349e-17,-5.532105421879919e-12,-4.8190340606879545e-12,-1.8866463946665135e-11,2.8633762028107412e-12,3.922325988978167e-13,1.4927879761915975e-12,1.1512604852399025e-11
36.63,79843.070825189,8.858122001298765e-12,-0.4990406363707886,-0.5999999999697732,0.9995202775437642,-6.28067239684213e-13,-2.3884184241398416e-12,-1.843829284111585e-11,1.4390227434095002e-11,-0.49904063636596957,-0.5999999999509067,0.9995202775409008,-1.020299907850361e-12,-3.881206573782455e-12,-2.9950897537266214e-11,3.4455566199893904e-17,2.604369777920095e-14,5.0804907427917455e-14,-5.174616972553587e-14,1.4413978509681064e-17,-2.094859421205095e-17,3.732823449552471e-17,-5.5321054327962376e-12,-4.8190340606879545e-12,-1.8866463946665135e-11,2.8633762028107412e-12,3.92232668166148e-13,1.4927881496426138e-12,1.1512604696150365e-11
36.65,79843.091314021,8.858122001298765e-12,-0.4990406363707886,-0.5999999999697732,0.9995202775437642,-6.28067239684213e-13,-2.3884184241398416e-12,-1.843829284111585e-11,1.439022717713139e-11,-0.49904063636596957,-0.5999999999509067,0.9995202775409008,-1.020300180094879e-12,-3.881206399239869e-12,-2.9950897559349506e-11,9.575602223400175e-19,2.6053532431677806e-14,5.0818211287808535e-14,-5.180944137309247e-14,1.599902720209106e-17,1.1735059770089419e-17,-1.6046854955150604e-17,-5.5321051758326255e-12,-4.8190340606879545e-12,-1.8866463946665135e-11,2.8633762028107412e-12,3.9223294041066593e-13,1.4927879751000276e-12,1.1512604718233657e-11
36.67,79843.11163373,8.858122001298765e-12,-0.4990406363707886,-0.5999999999697732,0.9995202775437642,-6.28067239684213e-13,-2.3884184241398416e-12,-1.843829284111585e-11,1.4390227141799826e-11,-0.49904063636596957,-0.5999999999509067,0.9995202775409008,-1.0203000627214003e-12,-3.881206610628207e-12,-2.9950897707012077e-11,-6.179795818150355e-17,2.6037026319041188e-14,5.0981153715415306e-14,-5.180423344041421e-14,-7.333133931980518e-17,6.196600633936318e-18,1.8251470230159066e-16,-5.532105140501061e-12,-4.8190340606879545e-12,-1.8866463946665135e-11,2.8633762028107412e-12,3.922328230371873e-13,1.4927881864883653e-12,1.1512604865896228e-11
36.69,79843.132006254,8.858122001298765e-12,-0.4990406363707886,-0.5999999999697732,0.9995202775437642,-6.28067239684213e-13,-2.3884184241398416e-12,-1.843829284111585e-11,1.4390227148021308e-11,-0.49904063636596957,-0.5999999999509067,0.9995202775409008,-1.0202999375064286e-12,-3.8812065355755306e-12,-2.995089740977848e-11,2.038053514914643e-17,2.6049276500196582e-14,5.0798816791881176e-14,-5.177292903053361e-14,2.189720741464814e-17,-1.7695967330983206e-17,-7.955004659423057e-18,-5.5321051467225436e-12,-4.8190340606879545e-12,-1.8866463946665135e-11,2.8633762028107412e-12,3.922326978222156e-13,1.492788111435689e-12,1.1512604568662633e-11
36.72,79843.162033039,8.858122001298765e-12,-0.4990406363707886,-0.5999999999697732,0.9995202775437642,-6.28067239684213e-13,-2.3884184241398416e-12,-1.843829284111585e-11,1.4390226900292544e-11,-0.49904063636596957,-0.5999999999509067,0.9995202775409008,-1.020300320534139e-12,-3.88120656695149e-12,-2.995089701391863e-11,5.801491541667735e-17,2.609660935977824e-14,5.072217031721246e-14,-5.178675372455224e-14,1.0138383220394246e-16,3.3037112881420132e-18,-6.693214431485467e-17,-5.5321048989937794e-12,-4.8190340606879545e-12,-1.8866463946665135e-11,2.8633762028107412e-12,3.922330808499259e-13,1.492788142811648e-12,1.1512604172802781e-11
36.74,79843.182130905,8.858122001298765e-12,-0.4990406363707886,-0.5999999999697732,0.9995202775437642,-6.28067239684213e-13,-2.3884184241398416e-12,-1.843829284111585e-11,1.4390226932988714e-11,-0.49904063636596957,-0.5999999999509067,0.9995202775409008,-1.0203002076893707e-12,-3.8812066208197546e-12,-2.995089720748689e-11,-9.36917742148166e-18,2.6073891887682533e-14,5.087102068497048e-14,-5.1792861209238554e-14,9.944203234222774e-18,2.370382734853917e-17,3.1337153026576835e-17,-5.5321049316899495e-12,-4.8190340606879545e-12,-1.8866463946665135e-11,2.8633762028107412e-12,3.922329680051577e-13,1.492788196679913e-12,1.1512604366371039e-11
36.77,79843.212070349,8.858122001298765e-12,-0.4990406363707886,-0.5999999999697732,0.9995202775437642,-6.28067239684213e-13,-2.3884184241398416e-12,-1.843829284111585e-11,1.4390227219079402e-11,-0.49904063636596957,-0.5999999999509067,0.9995202775409008,-1.0202996833992285e-12,-3.881206804911792e-12,-2.995089760696254e-11,-7.22999987106613e-18,2.6087637396115117e-14,5.0854396831318443e-14,-5.183110637303401e-14,9.021400913300992e-18,2.928725367661703e-17,4.64315660782324e-17,-5.532105217780638e-12,-4.8190340606879545e-12,-1.8866463946665135e-11,2.8633762028107412e-12,3.922324437150155e-13,1.4927883807719504e-12,1.151260476584669e-11
36.79,79843.231742343,8.858122001298765e-12,-0.4990406363707886,-0.5999999999697732,0.9995202775437642,-6.28067239684213e-13,-2.3884184241398416e-12,-1.843829284111585e-11,1.4390227268340002e-11,-0.49904063636596957,-0.5999999999509067,0.9995202775409008,-1.0202997020793818e-12,-3.881206867196417e-12,-2.9950897280940655e-11,-8.88644266453063e-18,2.6014078796595127e-14,5.0906083640661885e-14,-5.174745750525264e-14,-3.0640487747146524e-17,-1.6129610146286957e-17,2.822490291284858e-17,-5.532105267041237e-12,-4.8190340606879545e-12,-1.8866463946665135e-11,2.8633762028107412e-12,3.9223246239516884e-13,1.4927884430565753e-12,1.1512604439824806e-11
36.81,79843.252469902,8.858122001298765e-12,-0.4990406363707886,-0.5999999999697732,0.9995202775437642,-6.28067239684213e-13,-2.3884184241398416e-12,-1.843829284111585e-11,1.4390227150243085e-11,-0.49904063636596957,-0.5999999999509067,0.9995202775409008,-1.020299894114542e-12,-3.881206841682597e-12,-2.995089732955588e-11,-2.3018266039632336e-17,2.6020635231579707e-14,5.0910884494949324e-14,-5.179017202218287e-14,-6.836681792605997e-17,-3.876050352476756e-18,7.327472330927509e-17,-5.53210514894432e-12,-4.8190340606879545e-12,-1.8866463946665135e-11,2.8633762028107412e-12,3.9223265443032903e-13,1.4927884175427556e-12,1.1512604488440033e-11
36.83,79843.272057857,8.858122001298765e-12,-0.4990406363707886,-0.5999999999697732,0.9995202775437642,-6.28067239684213e-13,-2.3884184241398416e-12,-1.843829284111585e-11,1.439022724320538e-11,-0.49904063636596957,-0.5999999999509067,0.9995202775409008,-1.0202998007757988e-12,-3.881206978702692e-12,-2.995089699902123e-11,-2.4987066617006466e-17,2.6055085271542546e-14,5.087018471531844e-14,-5.179953683203522e-14,-1.7820514663531366e-17,-1.3791316167275443e-17,5.141116626023169e-17,-5.532105241906616e-12,-4.8190340606879545e-12,-1.8866463946665135e-11,2.8633762028107412e-12,3.9223256109158576e-13,1.4927885545628508e-12,1.1512604157905381e-11
36.85,79843.292390075,8.858122001298765e-12,-0.4990406363707886,-0.5999999999697732,0.9995202775437642,-6.28067239684213e-13,-2.3884184241398416e-12,-1.843829284111585e-11,1.4390227071610098e-11,-0.49904063636596957,-0.5999999999509067,0.9995202775409008,-1.0202999921921386e-12,-3.881206967061251e-12,-2.9950896612543875e-11,-8.848581114960616e-18,2.6046918484105607e-14,5.088633087202646e-14,-5.1781981364425224e-14,-5.896978120241994e-18,-1.1138251844938916e-17,2.5346071557641578e-17,-5.532105070311334e-12,-4.8190340606879545e-12,-1.8866463946665135e-11,2.8633762028107412e-12,3.922327525079256e-13,1.4927885429214097e-12,1.1512603771428026e-11
36.87,79843.314576173,8.858122001298765e-12,-0.4990406363707886,-0.5999999999697732,0.9995202775437642,-6.28067239684213e-13,-2.3884184241398416e-12,-1.843829284111585e-11,1.4390227142991312e-11,-0.49904063636596957,-0.5999999999509067,0.9995202775409008,-1.0203000243700204e-12,-3.881206943675882e-12,-2.9950896682478015e-11,-4.068067891165947e-17,2.6031562623220657e-14,5.0922731379161115e-14,-5.1767219242524474e-14,-6.019497686901046e-17,-1.3204149459201475e-18,4.075170962066934e-17,-5.532105141692547e-12,-4.8190340606879545e-12,-1.8866463946665135e-11,2.8633762028107412e-12,3.922327846858074e-13,1.4927885195360404e-12,1.1512603841362166e-11
36.89,79843.335641578,8.858122001298765e-12,-0.4990406363707886,-0.5999999999697732,0.9995202775437642,-6.28067239684213e-13,-2.3884184241398416e-12,-1.843829284111585e-11,1.4390227109789458e-11,-0.49904063636596957,-0.5999999999509067,0.9995202775409008,-1.0202999663629742e-12,-3.881207016850061e-12,-2.995089685892891e-11,-3.396517977606617e-18,2.607561726531003e-14,5.08715222667617e-14,-5.178169729537002e-14,-1.0548212003347837e-17,-1.3728766698037055e-18,3.0403477992479183e-17,-5.5321051084906935e-12,-4.8190340606879545e-12,-1.8866463946665135e-11,2.8633762028107412e-12,3.9223272667876123e-13,1.4927885927102194e-12,1.1512604017813058e-11
36.91,79843.356466831,8.858122001298765e-12,-0.4990406363707886,-0.5999999999697732,0.9995202775437642,-6.28067239684213e-13,-2.3884184241398416e-12,-1.843829284111585e-11,1.439022720369829e-11,-0.49904063636596957,-0.5999999999509067,0.9995202775409008,-1.020299717670848e-12,-3.881207075679705e-12,-2.9950896886614235e-11,4.6410350475043986e-17,2.604007448618309e-14,5.0782216823076325e-14,-5.1760155392019033e-14,3.8126120836737464e-17,-1.9959315990070685e-17,-9.361968904015131e-17,-5.532105202399526e-12,-4.8190340606879545e-12,-1.8866463946665135e-11,2.8633762028107412e-12,3.92232477986635e-13,1.4927886515398635e-12,1.1512604045498386e-11
36.93,79843.37695393,8.858122001298765e-12,-0.4990406363707886,-0.5999999999697732,0.9995202775437642,-6.28067239684213e-13,-2.3884184241398416e-12,-1.843829284111585e-11,1.439022733340522e-11,-0.49904063636596957,-0.5999999999509067,0.9995202775409008,-1.020299534759794e-12,-3.881206949349443e-12,-2.9950897320526004e-11,-2.0443680669204236e-17,2.6052439692513646e-14,5.086313868539406e-14,-5.1778193777022815e-14,-1.3648517615994902e-17,7.770452350656052e-18,-2.0326198861529323e-17,-5.532105332106456e-12,-4.8190340606879545e-12,-1.8866463946665135e-11,2.8633762028107412e-12,3.922322950755809e-13,1.4927885252096011e-12,1.1512604479410155e-11
36.95,79843.396787173,8.858122001298765e-12,-0.4990406363707886,-0.5999999999697732,0.9995202775437642,-6.28067239684213e-13,-2.3884184241398416e-12,-1.843829284111585e-11,1.439022767059344e-11,-0.49904063636596957,-0.5999999999509067,0.9995202775409008,-1.0202992330553883e-12,-3.8812066951774545e-12,-2.995089808348043e-11,5.046607575377013e-18,2.6066530276471724e-14,5.082501846926089e-14,-5.178812672498553e-14,-1.0737425252342723e-17,2.4568291740226205e-18,-2.0014973850150818e-17,-5.532105669294676e-12,-4.8190340606879545e-12,-1.8866463946665135e-11,2.8633762028107412e-12,3.922319933711753e-13,1.492788271037613e-12,1.151260524236458e-11
36.97,79843.417388774,8.858122001298765e-12,-0.4990406363707886,-0.5999999999697732,0.9995202775437642,-6.28067239684213e-13,-2.3884184241398416e-12,-1.843829284111585e-11,1.439022752198012e-11,-0.49904063636596957,-0.5999999999509067,0.9995202775409008,-1.0202994340673213e-12,-3.881206733067377e-12,-2.9950898094048386e-11,-1.0126408412760469e-17,2.603696880645352e-14,5.0850193098210976e-14,-5.176591252487062e-14,-8.68244529398354e-18,-6.356740439132995e-18,2.2467240202415646e-17,-5.532105520681355e-12,-4.8190340606879545e-12,-1.8866463946665135e-11,2.8633762028107412e-12,3.922321943831083e-13,1.4927883089275354e-12,1.1512605252932537e-11
36.99,79843.436333384,8.858122001298765e-12,-0.4990406363707886,-0.5999999999697732,0.9995202775437642,-6.28067239684213e-13,-2.3884184241398416e-12,-1.843829284111585e-11,1.4390227590048449e-11,-0.49904063636596957,-0.5999999999509067,0.9995202775409008,-1.0202992705180551e-12,-3.8812066386938e-12,-2.995089828808348e-11,8.577197072312695e-18,2.6034265714837056e-14,5.0836483195917484e-14,-5.176402820013795e-14,-9.65022453474939e-18,-2.007922850178853e-17,1.538687119364931e-17,-5.532105588749684e-12,-4.8190340606879545e-12,-1.8866463946665135e-11,2.8633762028107412e-12,3.922320308338421e-13,1.492788214553958e-12,1.1512605446967634e-11
37.01,79843.456360662,8.858122001298765e-12,-0.4990406363707886,-0.5999999999697732,0.9995202775437642,-6.28067239684213e-13,-2.3884184241398416e-12,-1.843829284111585e-11,1.4390227708084555e-11,-0.49904063636596957,-0.5999999999509067,0.9995202775409008,-1.0202993266624315e-12,-3.881206423088671e-12,-2.995089829009275e-11,-1.8181453082692074e-17,2.6039959461007867e-14,5.089428452614446e-14,-5.178329755104749e-14,-5.162920003126212e-17,9.35439181292152e-19,7.638697342299704e-17,-5.5321057067857906e-12,-4.8190340606879545e-12,-1.8866463946665135e-11,2.8633762028107412e-12,3.922320869782185e-13,1.4927879989488297e-12,1.1512605448976901e-11
37.03,79843.476714985,8.858122001298765e-12,-0.4990406363707886,-0.5999999999697732,0.9995202775437642,-6.28067239684213e-13,-2.3884184241398416e-12,-1.843829284111585e-11,1.4390227663297068e-11,-0.49904063636596957,-0.5999999999509067,0.9995202775409008,-1.0202991805393954e-12,-3.881206435954351e-12,-2.995089844491349e-11,-1.6477683352267027e-17,2.6047378584806206e-14,5.0896219198767763e-14,-5.1785001965378564e-14,-1.6007479515359258e-17,2.834294264670983e-17,6.393797296803352e-17,-5.532105661998303e-12,-4.8190340606879545e-12,-1.8866463946665135e-11,2.8633762028107412e-12,3.9223194085518244e-13,1.4927880118145094e-12,1.151260560379764e-11
37.05,79843.497377575,8.858122001298765e-12,-0.4990406363707886,-0.5999999999697732,0.9995202775437642,-6.28067239684213e-13,-2.3884184241398416e-12,-1.843829284111585e-11,1.4390227387686643e-11,-0.49904063636596957,-0.5999999999509067,0.9995202775409008,-1.0202989598818488e-12,-3.8812062072412865e-12,-2.995089886100763e-11,-3.819128202774221e-17,2.602926211971723e-14,5.0867557382126286e-14,-5.175292110008048e-14,5.551974372291644e-18,-6.768939698222151e-18,-5.105966873474653e-17,-5.532105386387878e-12,-4.8190340606879545e-12,-1.8866463946665135e-11,2.8633762028107412e-12,3.9223172019763576e-13,1.492787783101445e-12,1.1512606019891784e-11
37.07,79843.517575272,8.858122001298765e-12,-0.4990406363707886,-0.5999999999697732,0.9995202775437642,-6.28067239684213e-13,-2.3884184241398416e-12,-1.843829284111585e-11,1.4390227408229258e-11,-0.49904063636596957,-0.5999999999509067,0.9995202775409008,-1.020298288560218e-12,-3.8812062891391004e-12,-2.995090029667491e-11,4.4148122888558646e-17,2.6089017698217032e-14,5.069532374895827e-14,-5.1763043427413295e-14,5.971659328980215e-17,-6.873863145990845e-18,-4.9581349930730186e-17,-5.532105406930494e-12,-4.8190340606879545e-12,-1.8866463946665135e-11,2.8633762028107412e-12,3.9223104887600497e-13,1.4927878649992589e-12,1.1512607455559063e-11
37.09,79843.537282816,8.858122001298765e-12,-0.4990406363707886,-0.5999999999697732,0.9995202775437642,-6.28067239684213e-13,-2.3884184241398416e-12,-1.843829284111585e-11,1.4390227448507207e-11,-0.49904063636596957,-0.5999999999509067,0.9995202775409008,-1.0202977504354087e-12,-3.881206188949766e-12,-2.995090105013697e-11,-1.4045078792715043e-17,2.6048126248444778e-14,5.083817902006876e-14,-5.175525993530142e-14,8.09549673584651e-18,-9.594378256166392e-18,-5.113747498759116e-17,-5.532105447208443e-12,-4.8190340606879545e-12,-1.8866463946665135e-11,2.8633762028107412e-12,3.922305107511957e-13,1.4927877648099241e-12,1.151260820902112e-11
37.12,79843.567622793,8.858122001298765e-12,-0.4990406363707886,-0.5999999999697732,0.9995202775437642,-6.28067239684213e-13,-2.3884184241398416e-12,-1.843829284111585e-11,1.4390227689760356e-11,-0.49904063636596957,-0.5999999999509067,0.9995202775409008,-1.020297117892024e-12,-3.881206296447685e-12,-2.9950902142088285e-11,-2.2857354453948335e-17,2.602489116306082e-14,5.088136282380857e-14,-5.1746501139433424e-14,-2.866615605884109e-17,-1.9786941754368308e-17,-2.865146791580337e-17,-5.532105688461591e-12,-4.8190340606879545e-12,-1.8866463946665135e-11,2.8633762028107412e-12,3.92229878207811e-13,1.492787872307843e-12,1.1512609300972436e-11
37.14,79843.587418145,8.858122001298765e-12,-0.4990406363707886,-0.5999999999697732,0.9995202775437642,-6.28067239684213e-13,-2.3884184241398416e-12,-1.843829284111585e-11,1.4390227906103975e-11,-0.49904063636596957,-0.5999999999509067,0.9995202775409008,-1.0202965828054831e-12,-3.88120631964083e-12,-2.9950903111462686e-11,2.9230672359986814e-17,2.6064632361081387e-14,5.0741302079820593e-14,-5.175289269317493e-14,2.1828966570762865e-17,-1.409859197852964e-17,-7.72025696902002e-17,-5.53210590480521e-12,-4.8190340606879545e-12,-1.8866463946665135e-11,2.8633762028107412e-12,3.922293431212701e-13,1.4927878955009882e-12,1.1512610270346837e-11
37.16,79843.608025711,8.858122001298765e-12,-0.4990406363707886,-0.5999999999697732,0.9995202775437642,-6.28067239684213e-13,-2.3884184241398416e-12,-1.843829284111585e-11,1.4390227779185322e-11,-0.49904063636596957,-0.5999999999509067,0.9995202775409008,-1.0202965553703349e-12,-3.881206157674067e-12,-2.995090303729962e-11,9.954217719534196e-19,2.6090858101019706e-14,5.076664390270108e-14,-5.1811638173785676e-14,2.423755817478671e-17,2.9129868505053133e-17,2.915857794693992e-17,-5.532105777886557e-12,-4.8190340606879545e-12,-1.8866463946665135e-11,2.8633762028107412e-12,3.9222931568612185e-13,1.4927877335342252e-12,1.1512610196183769e-11
37.18,79843.628641759,8.858122001298765e-12,-0.4990406363707886,-0.5999999999697732,0.9995202775437642,-6.28067239684213e-13,-2.3884184241398416e-12,-1.843829284111585e-11,1.4390227842795448e-11,-0.49904063636596957,-0.5999999999509067,0.9995202775409008,-1.020296499591972e-12,-3.8812064044815625e-12,-2.995090328260903e-11,1.2902879110122445e-17,2.6044330417664222e-14,5.0730291165260806e-14,-5.17292297408786e-14,2.949516734467947e-18,-3.3794222032428466e-17,-6.662091930348248e-17,-5.5321058414966834e-12,-4.8190340606879545e-12,-1.8866463946665135e-11,2.8633762028107412e-12,3.9222925990775895e-13,1.492787980341721e-12,1.1512610441493181e-11
37.2,79843.648362268,8.858122001298765e-12,-0.4990406363707886,-0.5999999999697732,0.9995202775437642,-6.28067239684213e-13,-2.3884184241398416e-12,-1.843829284111585e-11,1.4390227924635914e-11,-0.49904063636596957,-0.5999999999509067,0.9995202775409008,-1.020296471372054e-12,-3.881206309898137e-12,-2.995090265921165e-11,-5.067612799676048e-17,2.6074984626846506e-14,5.084099743203848e-14,-5.1807206696524913e-14,-1.9838272343385727e-17,3.133326090835663e-17,7.817651723837296e-17,-5.53210592333715e-12,-4.8190340606879545e-12,-1.8866463946665135e-11,2.8633762028107412e-12,3.9222923168784107e-13,1.4927878857582958e-12,1.1512609818095802e-11
37.22,79843.668885867,8.858122001298765e-12,-0.4990406363707886,-0.5999999999697732,0.9995202775437642,-6.28067239684213e-13,-2.3884184241398416e-12,-1.843829284111585e-11,1.4390228025634323e-11,-0.49904063636596957,-0.5999999999509067,0.9995202775409008,-1.0202963685804029e-12,-3.88120632677339e-12,-2.9950902407105696e-11,-4.3775860588551026e-17,2.603921179736923e-14,5.0897126822961345e-14,-5.1790844318946674e-14,-8.136359683249307e-17,6.968537428444064e-18,3.958461582795577e-17,-5.532106024335558e-12,-4.8190340606879545e-12,-1.8866463946665135e-11,2.8633762028107412e-12,3.9222912889618985e-13,1.4927879026335485e-12,1.1512609565989847e-11
37.24,79843.688440789,8.858122001298765e-12,-0.4990406363707886,-0.5999999999697732,0.9995202775437642,-6.28067239684213e-13,-2.3884184241398416e-12,-1.843829284111585e-11,1.439022770218583e-11,-0.49904063636596957,-0.5999999999509067,0.9995202775409008,-1.0202968195569967e-12,-3.881206183782783e-12,-2.9950901987482884e-11,-2.5564455247824156e-17,2.6053762482027983e-14,5.083794017159672e-14,-5.1744181242149463e-14,-2.3298393314779026e-17,2.2919494704462805e-18,1.926389451674098e-18,-5.5321057008870655e-12,-4.8190340606879545e-12,-1.8866463946665135e-11,2.8633762028107412e-12,3.9222957987278366e-13,1.4927877596429413e-12,1.1512609146367035e-11
37.27,79843.718703013,8.858122001298765e-12,-0.4990406363707886,-0.5999999999697732,0.9995202775437642,-6.28067239684213e-13,-2.3884184241398416e-12,-1.843829284111585e-11,1.4390227698238119e-11,-0.49904063636596957,-0.5999999999509067,0.9995202775409008,-1.020296736073238e-12,-3.881206132104339e-12,-2.9950901550307914e-11,1.6916203364014678e-17,2.6072396560405197e-14,5.0767408217811533e-14,-5.1751851106639254e-14,1.2275248424739575e-17,-2.3474251490461556e-17,6.658338556463722e-17,-5.532105696939354e-12,-4.8190340606879545e-12,-1.8866463946665135e-11,2.8633762028107412e-12,3.92229496389025e-13,1.4927877079644972e-12,1.1512608709192065e-11
37.29,79843.738198745,8.858122001298765e-12,-0.4990406363707886,-0.5999999999697732,0.9995202775437642,-6.28067239684213e-13,-2.3884184241398416e-12,-1.843829284111585e-11,1.4390227907974899e-11,-0.49904063636596957,-0.5999999999509067,0.9995202775409008,-1.0202966502037652e-12,-3.881206409054841e-12,-2.995090090582502e-11,-8.091350123610809e-18,2.6000333288162388e-14,5.090309803476168e-14,-5.168617434108215e-14,-5.962578619373855e-17,-5.926064171395728e-17,1.3824294443352837e-16,-5.532105906676134e-12,-4.8190340606879545e-12,-1.8866463946665135e-11,2.8633762028107412e-12,3.922294105195522e-13,1.4927879849149998e-12,1.1512608064709173e-11
37.32,79843.768334296,8.858122001298765e-12,-0.4990406363707886,-0.5999999999697732,0.9995202775437642,-6.28067239684213e-13,-2.3884184241398416e-12,-1.843829284111585e-11,1.4390227524190655e-11,-0.49904063636596957,-0.5999999999509067,0.9995202775409008,-1.0202970452077438e-12,-3.881206366040074e-12,-2.995089953551967e-11,-3.481706464075647e-18,2.6063999722617896e-14,5.078572789561486e-14,-5.177442512755737e-14,4.2887470627060065e-17,-1.19251777031418e-17,-8.74635650757695e-19,-5.5321055228918904e-12,-4.8190340606879545e-12,-1.8866463946665135e-11,2.8633762028107412e-12,3.9222980552353077e-13,1.4927879419002323e-12,1.151260669440382e-11
37.34,79843.789979066,8.858122001298765e-12,-0.4990406363707886,-0.5999999999697732,0.9995202775437642,-6.28067239684213e-13,-2.3884184241398416e-12,-1.843829284111585e-11,1.4390227528216168e-11,-0.49904063636596957,-0.5999999999509067,0.9995202775409008,-1.0202974068043412e-12,-3.881206357463898e-12,-2.995089888045512e-11,6.231220129235889e-17,2.607032610725213e-14,5.072002068096431e-14,-5.17939974854591e-14,3.159516188984887e-17,1.3616187298270033e-17,-5.4249725101451944e-17,-5.532105526917404e-12,-4.8190340606879545e-12,-1.8866463946665135e-11,2.8633762028107412e-12,3.922301671201282e-13,1.4927879333240568e-12,1.1512606039339272e-11
37.37,79843.818750028,8.858122001298765e-12,-0.4990406363707886,-0.5999999999697732,0.9995202775437642,-6.28067239684213e-13,-2.3884184241398416e-12,-1.843829284111585e-11,1.4390227959865585e-11,-0.49904063636596957,-0.5999999999509067,0.9995202775409008,-1.0202977466092319e-12,-3.881206362091872e-12,-2.995089905460388e-11,2.239666266354895e-17,2.6061584193939336e-14,5.080856180953926e-14,-5.178517240681157e-14,6.494901093820862e-19,1.2559458288535944e-17,-2.942953044436954e-17,-5.5321059585668204e-12,-4.8190340606879545e-12,-1.8866463946665135e-11,2.8633762028107412e-12,3.922305069250189e-13,1.4927879379520305e-12,1.151260621348803e-11
37.39,79843.8386625,8.858122001298765e-12,-0.4990406363707886,-0.5999999999697732,0.9995202775437642,-6.28067239684213e-13,-2.3884184241398416e-12,-1.843829284111585e-11,1.4390228121991468e-11,-0.49904063636596957,-0.5999999999509067,0.9995202775409008,-1.020298054343642e-12,-3.881206373271282e-12,-2.995089910150736e-11,2.7640487278291532e-17,2.6066185200946048e-14,5.0824493002622474e-14,-5.177274912013179e-14,-7.3889711164065e-18,-7.788196047957146e-18,1.2819264849688287e-17,-5.5321061206927035e-12,-4.8190340606879545e-12,-1.8866463946665135e-11,2.8633762028107412e-12,3.92230814659429e-13,1.4927879491314403e-12,1.151260626039151e-11
37.41,79843.858662559,8.858122001298765e-12,-0.4990406363707886,-0.5999999999697732,0.9995202775437642,-6.28067239684213e-13,-2.3884184241398416e-12,-1.843829284111585e-11,1.4390227943742017e-11,-0.49904063636596957,-0.5999999999509067,0.9995202775409008,-1.020298490166116e-12,-3.881206272467394e-12,-2.995089908990053e-11,-2.0964276975666115e-17,2.6081541061830973e-14,5.08193816453214e-14,-5.180801155884785e-14,2.420343775284338e-17,3.266238628420598e-18,-1.6526981792165804e-18,-5.532105942443253e-12,-4.8190340606879545e-12,-1.8866463946665135e-11,2.8633762028107412e-12,3.9223125048190293e-13,1.4927878483275524e-12,1.1512606248784679e-11
37.43,79843.879810209,8.858122001298765e-12,-0.4990406363707886,-0.5999999999697732,0.9995202775437642,-6.28067239684213e-13,-2.3884184241398416e-12,-1.843829284111585e-11,1.4390227795393727e-11,-0.49904063636596957,-0.5999999999509067,0.9995202775409008,-1.020299001585486e-12,-3.8812062210524716e-12,-2.995089858570232e-11,4.043276511962528e-18,2.6077400155524914e-14,5.0806388288443936e-14,-5.179105263625374e-14,2.2968898849558445e-17,1.7865586933218466e-17,-4.00111808311062e-17,-5.532105794094963e-12,-4.8190340606879545e-12,-1.8866463946665135e-11,2.8633762028107412e-12,3.9223176190127294e-13,1.49278779691263e-12,1.1512605744586469e-11
37.45,79843.900953337,8.858122001298765e-12,-0.4990406363707886,-0.5999999999697732,0.9995202775437642,-6.28067239684213e-13,-2.3884184241398416e-12,-1.843829284111585e-11,1.4390227770057607e-11,-0.49904063636596957,-0.5999999999509067,0.9995202775409008,-1.0202991387705172e-12,-3.881206035365516e-12,-2.995089870908935e-11,-3.011730658298063e-17,2.6057155724695328e-14,5.089798667746065e-14,-5.1784282323772e-14,-5.397110171964042e-17,9.23938061966389e-18,1.1729977309844585e-17,-5.532105768758842e-12,-4.8190340606879545e-12,-1.8866463946665135e-11,2.8633762028107412e-12,3.922318990863042e-13,1.4927876112256745e-12,1.1512605867973498e-11
37.47,79843.922316858,8.858122001298765e-12,-0.4990406363707886,-0.5999999999697732,0.9995202775437642,-6.28067239684213e-13,-2.3884184241398416e-12,-1.843829284111585e-11,1.4390227766065939e-11,-0.49904063636596957,-0.5999999999509067,0.9995202775409008,-1.0202993715020354e-12,-3.881205999314387e-12,-2.995089844367852e-11,-2.070871151609731e-17,2.605163451628726e-14,5.084775684379649e-14,-5.177676396277831e-14,-3.532739298045179e-17,1.4298189708855684e-17,7.94214172837229e-17,-5.532105764767174e-12,-4.8190340606879545e-12,-1.8866463946665135e-11,2.8633762028107412e-12,3.922321318178224e-13,1.4927875751745456e-12,1.1512605602562673e-11
37.49,79843.94266977,8.858122001298765e-12,-0.4990406363707886,-0.5999999999697732,0.9995202775437642,-6.28067239684213e-13,-2.3884184241398416e-12,-1.843829284111585e-11,1.4390227494052362e-11,-0.49904063636596957,-0.5999999999509067,0.9995202775409008,-1.0202999938717119e-12,-3.881206021937949e-12,-2.995089762576549e-11,1.0366155289310902e-17,2.604013199877045e-14,5.0858337831106635e-14,-5.1774851231140095e-14,-1.4980765000299332e-17,-7.758217919987847e-18,-1.5424404932563987e-17,-5.532105492753597e-12,-4.8190340606879545e-12,-1.8866463946665135e-11,2.8633762028107412e-12,3.9223275418749887e-13,1.4927875977981074e-12,1.1512604784649643e-11
37.51,79843.96530878,8.858122001298765e-12,-0.4990406363707886,-0.5999999999697732,0.9995202775437642,-6.28067239684213e-13,-2.3884184241398416e-12,-1.843829284111585e-11,1.4390227602660943e-11,-0.49904063636596957,-0.5999999999509067,0.9995202775409008,-1.0203000617178422e-12,-3.881206016921676e-12,-2.9950897706359076e-11,-2.925595633037205e-17,2.6027421716914375e-14,5.091511211290393e-14,-5.17338032526669e-14,-4.019885867796157e-17,-1.6052071611307126e-18,6.439152116454168e-18,-5.532105601362179e-12,-4.8190340606879545e-12,-1.8866463946665135e-11,2.8633762028107412e-12,3.922328220336292e-13,1.4927875927818345e-12,1.1512604865243227e-11
37.53,79843.983413968,8.858122001298765e-12,-0.4990406363707886,-0.5999999999697732,0.9995202775437642,-6.28067239684213e-13,-2.3884184241398416e-12,-1.843829284111585e-11,1.4390227661216557e-11,-0.49904063636596957,-0.5999999999509067,0.9995202775409008,-1.0203001501820127e-12,-3.881205979229243e-12,-2.9950897751862036e-11,1.1038197794097016e-17,2.6066070175770832e-14,5.08108547548706e-14,-5.1778080149400606e-14,1.2179090871979529e-17,9.231886087705092e-18,-5.1370893746308053e-17,-5.532105659917792e-12,-4.8190340606879545e-12,-1.8866463946665135e-11,2.8633762028107412e-12,3.9223291049779974e-13,1.4927875550894015e-12,1.1512604910746187e-11
37.55,79844.002856156,8.858122001298765e-12,-0.4990406363707886,-0.5999999999697732,0.9995202775437642,-6.28067239684213e-13,-2.3884184241398416e-12,-1.843829284111585e-11,1.4390227718617393e-11,-0.49904063636596957,-0.5999999999509067,0.9995202775409008,-1.02030019787383e-12,-3.881205891278479e-12,-2.9950897908316715e-11,-1.9364626506530603e-17,2.6068255654099022e-14,5.087658585436837e-14,-5.182047272140162e-14,-2.7929465130358614e-17,3.117587573680062e-17,4.549789104392649e-17,-5.532105717318629e-12,-4.8190340606879545e-12,-1.8866463946665135e-11,2.8633762028107412e-12,3.922329581896171e-13,1.4927874671386377e-12,1.1512605067200866e-11
37.57,79844.023019388,8.858122001298765e-12,-0.4990406363707886,-0.5999999999697732,0.9995202775437642,-6.28067239684213e-13,-2.3884184241398416e-12,-1.843829284111585e-11,1.4390227484720932e-11,-0.49904063636596957,-0.5999999999509067,0.9995202775409008,-1.020300452614572e-12,-3.88120580110184e-12,-2.995089764640717e-11,1.5515326030152904e-17,2.606750799046043e-14,5.076876965410205e-14,-5.180204610868907e-14,4.7285903202091504e-17,3.561263867131854e-17,-1.3898073444815828e-16,-5.532105483422168e-12,-4.8190340606879545e-12,-1.8866463946665135e-11,2.8633762028107412e-12,3.9223321293035896e-13,1.4927873769619987e-12,1.1512604805291321e-11
37.59,79844.044027982,8.858122001298765e-12,-0.4990406363707886,-0.5999999999697732,0.9995202775437642,-6.28067239684213e-13,-2.3884184241398416e-12,-1.843829284111585e-11,1.4390227381039804e-11,-0.49904063636596957,-0.5999999999509067,0.9995202775409008,-1.0203006239696548e-12,-3.881205836046411e-12,-2.9950897760846484e-11,-3.892958224419341e-17,2.6021900508506285e-14,5.0930899996903954e-14,-5.178847707682006e-14,-7.570115771703399e-17,-7.585843684331225e-18,6.907318565548856e-17,-5.5321053797410395e-12,-4.8190340606879545e-12,-1.8866463946665135e-11,2.8633762028107412e-12,3.922333842854418e-13,1.4927874119065693e-12,1.1512604919730635e-11
37.61,79844.06432526,8.858122001298765e-12,-0.4990406363707886,-0.5999999999697732,0.9995202775437642,-6.28067239684213e-13,-2.3884184241398416e-12,-1.843829284111585e-11,1.4390227435070959e-11,-0.49904063636596957,-0.5999999999509067,0.9995202775409008,-1.0203007336815427e-12,-3.8812057255970606e-12,-2.995089776682387e-11,1.4313221831475725e-17,2.6071303821240968e-14,5.082353760873444e-14,-5.1799309576790843e-14,3.3799030962182574e-17,2.141050056168592e-17,-1.6980529989475447e-17,-5.532105433772194e-12,-4.8190340606879545e-12,-1.8866463946665135e-11,2.8633762028107412e-12,3.9223349399732966e-13,1.492787301457219e-12,1.1512604925708023e-11
37.63,79844.085466636,8.858122001298765e-12,-0.4990406363707886,-0.5999999999697732,0.9995202775437642,-6.28067239684213e-13,-2.3884184241398416e-12,-1.843829284111585e-11,1.4390227307006994e-11,-0.49904063636596957,-0.5999999999509067,0.9995202775409008,-1.0203009992539675e-12,-3.881205768246009e-12,-2.995089730720862e-11,1.332882154278945e-17,2.6049679088309363e-14,5.0858505025037046e-14,-5.181866414841696e-14,-1.0999532130024498e-17,1.8472644023974745e-17,4.6587178583719706e-17,-5.532105305708229e-12,-4.8190340606879545e-12,-1.8866463946665135e-11,2.8633762028107412e-12,3.9223375956975447e-13,1.4927873441061675e-12,1.1512604466092773e-11
37.65,79844.105293742,8.858122001298765e-12,-0.4990406363707886,-0.5999999999697732,0.9995202775437642,-6.28067239684213e-13,-2.3884184241398416e-12,-1.843829284111585e-11,1.4390227310805341e-11,-0.49904063636596957,-0.5999999999509067,0.9995202775409008,-1.020300931308573e-12,-3.881205681127138e-12,-2.99508975207731e-11,1.0981405469768815e-17,2.6062619420515767e-14,5.0803235488613414e-14,-5.181260400857318e-14,3.768720813622474e-17,1.4101879116991335e-19,-6.911071939464305e-17,-5.5321053095065764e-12,-4.8190340606879545e-12,-1.8866463946665135e-11,2.8633762028107412e-12,3.9223369162436004e-13,1.4927872569872962e-12,1.151260467965725e-11
37.67,79844.12744085,8.858122001298765e-12,-0.4990406363707886,-0.5999999999697732,0.9995202775437642,-6.28067239684213e-13,-2.3884184241398416e-12,-1.843829284111585e-11,1.439022731330693e-11,-0.49904063636596957,-0.5999999999509067,0.9995202775409008,-1.0203008656926727e-12,-3.881205708981883e-12,-2.995089741393141e-11,4.210359921213363e-17,2.6053302381327147e-14,5.076865022986604e-14,-5.182196881842555e-14,5.960337552608109e-17,3.1513129676107736e-17,-2.802901789325462e-17,-5.532105312008166e-12,-4.8190340606879545e-12,-1.8866463946665135e-11,2.8633762028107412e-12,3.922336260084597e-13,1.492787284842041e-12,1.1512604572815564e-11
37.69,79844.147780333,8.858122001298765e-12,-0.4990406363707886,-0.5999999999697732,0.9995202775437642,-6.28067239684213e-13,-2.3884184241398416e-12,-1.843829284111585e-11,1.4390227261344679e-11,-0.49904063636596957,-0.5999999999509067,0.9995202775409008,-1.020301019576549e-12,-3.881205808664222e-12,-2.995089734599287e-11,1.3470802353667144e-17,2.6054452633078825e-14,5.080920670041372e-14,-5.1736643943218664e-14,7.985380828665842e-18,-2.779859644510052e-17,-6.3988796027451e-18,-5.532105260045914e-12,-4.8190340606879545e-12,-1.8866463946665135e-11,2.8633762028107412e-12,3.922337798923359e-13,1.4927873845243804e-12,1.1512604504877023e-11
37.72,79844.177609569,8.858122001298765e-12,-0.4990406363707886,-0.5999999999697732,0.9995202775437642,-6.28067239684213e-13,-2.3884184241398416e-12,-1.843829284111585e-11,1.4390227433017766e-11,-0.49904063636596957,-0.5999999999509067,0.9995202775409008,-1.0203003567993685e-12,-3.8812059199318905e-12,-2.9950898482371556e-11,3.9879233175197003e-17,2.6056408061056674e-14,5.070160546377222e-14,-5.170609705081852e-14,9.511808199132297e-17,-6.69800096573387e-17,-2.069055931805831e-16,-5.532105431719001e-12,-4.8190340606879545e-12,-1.8866463946665135e-11,2.8633762028107412e-12,3.922331171151555e-13,1.492787495792049e-12,1.1512605641255707e-11
37.74,79844.199415112,8.858122001298765e-12,-0.4990406363707886,-0.5999999999697732,0.9995202775437642,-6.28067239684213e-13,-2.3884184241398416e-12,-1.843829284111585e-11,1.4390227676943527e-11,-0.49904063636596957,-0.5999999999509067,0.9995202775409008,-1.0202994366111341e-12,-3.8812060045052524e-12,-2.995090005544468e-11,1.6769296642018513e-18,2.604847132397007e-14,5.0830918026519644e-14,-5.1769577015682224e-14,3.76872081362275e-17,-3.216531537644437e-18,-2.2971611458429636e-17,-5.532105675644762e-12,-4.8190340606879545e-12,-1.8866463946665135e-11,2.8633762028107412e-12,3.922321969269211e-13,1.4927875803654109e-12,1.1512607214328833e-11
37.77,79844.230948038,8.858122001298765e-12,-0.4990406363707886,-0.5999999999697732,0.9995202775437642,-6.28067239684213e-13,-2.3884184241398416e-12,-1.843829284111585e-11,1.4390227661760399e-11,-0.49904063636596957,-0.5999999999509067,0.9995202775409008,-1.020298785058022e-12,-3.881206011621409e-12,-2.995090127787708e-11,3.0683416107164815e-18,2.607849289468893e-14,5.0795210179953813e-14,-5.179777560389287e-14,2.4705938512487493e-17,3.2137769046096153e-18,-3.176371802977144e-17,-5.532105660461634e-12,-4.8190340606879545e-12,-1.8866463946665135e-11,2.8633762028107412e-12,3.92231545373809e-13,1.4927875874815673e-12,1.1512608436761229e-11
37.79,79844.249894884,8.858122001298765e-12,-0.4990406363707886,-0.5999999999697732,0.9995202775437642,-6.28067239684213e-13,-2.3884184241398416e-12,-1.843829284111585e-11,1.4390227634947682e-11,-0.49904063636596957,-0.5999999999509067,0.9995202775409008,-1.0202984915704348e-12,-3.88120596889265e-12,-2.9950901940305814e-11,2.188060583333941e-18,2.609195084018358e-14,5.071001292998707e-14,-5.1832147959569373e-14,1.0209725920839142e-16,1.9559351161670243e-17,-1.6185577278420075e-16,-5.532105633648917e-12,-4.8190340606879545e-12,-1.8866463946665135e-11,2.8633762028107412e-12,3.9223125188622176e-13,1.4927875447528088e-12,1.1512609099189965e-11
37.81,79844.269936875,8.858122001298765e-12,-0.4990406363707886,-0.5999999999697732,0.9995202775437642,-6.28067239684213e-13,-2.3884184241398416e-12,-1.843829284111585e-11,1.4390227725477372e-11,-0.49904063636596957,-0.5999999999509067,0.9995202775409008,-1.020297826480434e-12,-3.88120635706201e-12,-2.995090265136347e-11,-7.703269240496464e-18,2.6034035664486444e-14,5.0784390344171674e-14,-5.17297694720833e-14,3.743595775641609e-17,-5.867606821908371e-17,-4.047801834828124e-17,-5.532105724178607e-12,-4.8190340606879545e-12,-1.8866463946665135e-11,2.8633762028107412e-12,3.9223058679622093e-13,1.4927879329221682e-12,1.1512609810247622e-11
37.83,79844.289634081,8.858122001298765e-12,-0.4990406363707886,-0.5999999999697732,0.9995202775437642,-6.28067239684213e-13,-2.3884184241398416e-12,-1.843829284111585e-11,1.4390227868416912e-11,-0.49904063636596957,-0.5999999999509067,0.9995202775409008,-1.020297085968791e-12,-3.881206461923069e-12,-2.9950903596617945e-11,-1.728224128041724e-17,2.6055027758954608e-14,5.083256608097654e-14,-5.178099659170036e-14,-1.2227867320220565e-17,1.9348051506451546e-19,1.421977740073379e-17,-5.532105867118147e-12,-4.8190340606879545e-12,-1.8866463946665135e-11,2.8633762028107412e-12,3.922298462845781e-13,1.4927880377832276e-12,1.1512610755502096e-11
37.85,79844.310192569,8.858122001298765e-12,-0.4990406363707886,-0.5999999999697732,0.9995202775437642,-6.28067239684213e-13,-2.3884184241398416e-12,-1.843829284111585e-11,1.4390227738081255e-11,-0.49904063636596957,-0.5999999999509067,0.9995202775409008,-1.0202967204716043e-12,-3.881206462145473e-12,-2.995090389374632e-11,1.7711295904958166e-17,2.6091778302420794e-14,5.07360235285892e-14,-5.179515269961671e-14,7.832618160706875e-17,-2.509307039888359e-17,-1.05679658231182e-16,-5.532105736782491e-12,-4.8190340606879545e-12,-1.8866463946665135e-11,2.8633762028107412e-12,3.922294807873913e-13,1.4927880380056317e-12,1.151261105263047e-11
37.87,79844.329672283,8.858122001298765e-12,-0.4990406363707886,-0.5999999999697732,0.9995202775437642,-6.28067239684213e-13,-2.3884184241398416e-12,-1.843829284111585e-11,1.4390227683695865e-11,-0.49904063636596957,-0.5999999999509067,0.9995202775409008,-1.020296405855721e-12,-3.8812065722602015e-12,-2.9950904256465374e-11,-1.025631653316711e-19,2.6082633800994937e-14,5.075780650923672e-14,-5.178449064107904e-14,6.7167215034379715e-18,1.459047645628537e-17,3.0156769912716752e-18,-5.5321056823971005e-12,-4.8190340606879545e-12,-1.8866463946665135e-11,2.8633762028107412e-12,3.9222916617150795e-13,1.49278814812036e-12,1.1512611415349525e-11
37.89,79844.351370393,8.858122001298765e-12,-0.4990406363707886,-0.5999999999697732,0.9995202775437642,-6.28067239684213e-13,-2.3884184241398416e-12,-1.843829284111585e-11,1.4390227726264436e-11,-0.49904063636596957,-0.5999999999509067,0.9995202775409008,-1.0202960274098337e-12,-3.881206585875332e-12,-2.9950904497106405e-11,6.598931107662419e-18,2.6096091746489603e-14,5.07538655094485e-14,-5.180797368297373e-14,5.767246982936856e-17,2.635689167113129e-17,-1.3401442358723608e-17,-5.532105724965671e-12,-4.8190340606879545e-12,-1.8866463946665135e-11,2.8633762028107412e-12,3.922287877256207e-13,1.4927881617354903e-12,1.1512611655990556e-11
37.91,79844.371397237,8.858122001298765e-12,-0.4990406363707886,-0.5999999999697732,0.9995202775437642,-6.28067239684213e-13,-2.3884184241398416e-12,-1.843829284111585e-11,1.439022760187304e-11,-0.49904063636596957,-0.5999999999509067,0.9995202775409008,-1.0202958143782016e-12,-3.881206676586714e-12,-2.9950904715883896e-11,3.2127080901812105e-17,2.6083496489808696e-14,5.070227423949385e-14,-5.177174540947004e-14,5.4158066368509814e-17,-3.069148579090745e-17,-7.051123194588419e-17,-5.532105600574275e-12,-4.8190340606879545e-12,-1.8866463946665135e-11,2.8633762028107412e-12,3.9222857469398863e-13,1.4927882524468725e-12,1.1512611874768047e-11
37.93,79844.391685047,8.858122001298765e-12,-0.4990406363707886,-0.5999999999697732,0.9995202775437642,-6.28067239684213e-13,-2.3884184241398416e-12,-1.843829284111585e-11,1.4390227476052372e-11,-0.49904063636596957,-0.5999999999509067,0.9995202775409008,-1.020295723928838e-12,-3.881206816851943e-12,-2.995090523444888e-11,-1.846541470430389e-17,2.6058766077147564e-14,5.0952491898773854e-14,-5.1844097797823827e-14,-1.0342244962320312e-16,3.3326806416244226e-17,1.1435642481037322e-16,-5.532105474753607e-12,-4.8190340606879545e-12,-1.8866463946665135e-11,2.8633762028107412e-12,3.92228484244625e-13,1.4927883927121014e-12,1.1512612393333034e-11
37.95,79844.412110448,8.858122001298765e-12,-0.4990406363707886,-0.5999999999697732,0.9995202775437642,-6.28067239684213e-13,-2.3884184241398416e-12,-1.843829284111585e-11,1.4390227421373559e-11,-0.49904063636596957,-0.5999999999509067,0.9995202775409008,-1.0202960901425484e-12,-3.881206503952801e-12,-2.995090579611852e-11,8.706418932050945e-17,2.6096666872365443e-14,5.0669050417036954e-14,-5.176131060617651e-14,9.605639359496091e-17,-2.5677643893616748e-17,-1.690139480458622e-16,-5.532105420074794e-12,-4.8190340606879545e-12,-1.8866463946665135e-11,2.8633762028107412e-12,3.922288504583354e-13,1.4927880798129595e-12,1.1512612955002674e-11
37.97,79844.4326809,8.858122001298765e-12,-0.4990406363707886,-0.5999999999697732,0.9995202775437642,-6.28067239684213e-13,-2.3884184241398416e-12,-1.843829284111585e-11,1.439022719575931e-11,-0.49904063636596957,-0.5999999999509067,0.9995202775409008,-1.0202966923594633e-12,-3.881206230002739e-12,-2.995090570865059e-11,-1.0609143169578969e-17,2.6078262844338553e-14,5.0859675382549916e-14,-5.1843633818366997e-14,-3.2233291080863816e-17,2.010645199651317e-17,3.34379218530662e-17,-5.5321051944605455e-12,-4.8190340606879545e-12,-1.8866463946665135e-11,2.8633762028107412e-12,3.9222945267525025e-13,1.4927878058628971e-12,1.1512612867534741e-11
37.99,79844.451770976,8.858122001298765e-12,-0.4990406363707886,-0.5999999999697732,0.9995202775437642,-6.28067239684213e-13,-2.3884184241398416e-12,-1.843829284111585e-11,1.439022702766622e-11,-0.49904063636596957,-0.5999999999509067,0.9995202775409008,-1.0202973494621782e-12,-3.881206224311959e-12,-2.9950905067668986e-11,-2.776989050987322e-17,2.6044100367313642e-14,5.0896410277545405e-14,-5.175473914203339e-14,-5.959011484348864e-17,-3.210795233586449e-17,6.84507356326432e-17,-5.532105026367456e-12,-4.8190340606879545e-12,-1.8866463946665135e-11,2.8633762028107412e-12,3.922301097779652e-13,1.4927878001721175e-12,1.1512612226553137e-11
38.01,79844.472281567,8.858122001298765e-12,-0.4990406363707886,-0.5999999999697732,0.9995202775437642,-6.28067239684213e-13,-2.3884184241398416e-12,-1.843829284111585e-11,1.4390226952173016e-11,-0.49904063636596957,-0.5999999999509067,0.9995202775409008,-1.0202977908866044e-12,-3.881206218261439e-12,-2.995090418097524e-11,-7.746056700862306e-19,2.6048126248444525e-14,5.086808284876477e-14,-5.179567349288448e-14,-4.801243530451226e-17,3.047888426234155e-17,8.751326757929267e-17,-5.532104950874252e-12,-4.8190340606879545e-12,-1.8866463946665135e-11,2.8633762028107412e-12,3.922305512023914e-13,1.4927877941215974e-12,1.1512611339859393e-11
38.03,79844.492025623,8.858122001298765e-12,-0.4990406363707886,-0.5999999999697732,0.9995202775437642,-6.28067239684213e-13,-2.3884184241398416e-12,-1.843829284111585e-11,1.4390227048703768e-11,-0.49904063636596957,-0.5999999999509067,0.9995202775409008,-1.0202982460879266e-12,-3.881206377712671e-12,-2.995090339418473e-11,1.0735305397648128e-17,2.6045825744941154e-14,5.082064754222314e-14,-5.175999441955415e-14,-1.3419017898599098e-18,-1.2839510605054458e-17,2.760245288975709e-17,-5.532105047405003e-12,-4.8190340606879545e-12,-1.8866463946665135e-11,2.8633762028107412e-12,3.9223100640371364e-13,1.4927879535728291e-12,1.151261055306888e-11
38.05,79844.512022164,8.858122001298765e-12,-0.4990406363707886,-0.5999999999697732,0.9995202775437642,-6.28067239684213e-13,-2.3884184241398416e-12,-1.843829284111585e-11,1.4390227055332263e-11,-0.49904063636596957,-0.5999999999509067,0.9995202775409008,-1.0202984292905508e-12,-3.881206468573945e-12,-2.995090300903009e-11,5.38690757394786e-17,2.6048816399495522e-14,5.077954172018985e-14,-5.173585801883253e-14,2.6084713744937644e-17,-5.633777424006589e-17,4.223002842433859e-17,-5.5321050540334986e-12,-4.8190340606879545e-12,-1.8866463946665135e-11,2.8633762028107412e-12,3.922311896063378e-13,1.4927880444341038e-12,1.1512610167914238e-11
38.07,79844.531754305,8.858122001298765e-12,-0.4990406363707886,-0.5999999999697732,0.9995202775437642,-6.28067239684213e-13,-2.3884184241398416e-12,-1.843829284111585e-11,1.4390226916799578e-11,-0.49904063636596957,-0.5999999999509067,0.9995202775409008,-1.020298857156762e-12,-3.88120650168985e-12,-2.995090216520758e-11,-1.4357436576497665e-17,2.6040131998770346e-14,5.0853560861666414e-14,-5.178634655890612e-14,-2.0896005423805004e-17,9.504282454748054e-19,4.417518474541007e-17,-5.532104915500813e-12,-4.8190340606879545e-12,-1.8866463946665135e-11,2.8633762028107412e-12,3.9223161747254895e-13,1.4927880775500082e-12,1.1512609324091734e-11
38.09,79844.551818501,8.858122001298765e-12,-0.4990406363707886,-0.5999999999697732,0.9995202775437642,-6.28067239684213e-13,-2.3884184241398416e-12,-1.843829284111585e-11,1.4390226971180953e-11,-0.49904063636596957,-0.5999999999509067,0.9995202775409008,-1.0202991445817654e-12,-3.881206435053534e-12,-2.995090183070481e-11,1.7133907274120754e-17,2.6039844435832434e-14,5.081708869999015e-14,-5.1756244708025804e-14,-3.567483857965906e-18,-2.1630596622246905e-17,-9.237478899502225e-17,-5.5321049698821886e-12,-4.8190340606879545e-12,-1.8866463946665135e-11,2.8633762028107412e-12,3.9223190489755235e-13,1.4927880109136928e-12,1.151260898958896e-11
38.12,79844.584477376,8.858122001298765e-12,-0.4990406363707886,-0.5999999999697732,0.9995202775437642,-6.28067239684213e-13,-2.3884184241398416e-12,-1.843829284111585e-11,1.4390226893071931e-11,-0.49904063636596957,-0.5999999999509067,0.9995202775409008,-1.020299520151062e-12,-3.8812061973083426e-12,-2.995090122593516e-11,3.103856135183945e-17,2.6064459823318388e-14,5.0808442385303284e-14,-5.178103446757433e-14,3.99980912592281e-17,-1.8475398656982745e-17,-6.366428169575271e-17,-5.532104891773166e-12,-4.8190340606879545e-12,-1.8866463946665135e-11,2.8633762028107412e-12,3.922322804668489e-13,1.492787773168501e-12,1.1512608384819314e-11
38.14,79844.602246029,8.858122001298765e-12,-0.4990406363707886,-0.5999999999697732,0.9995202775437642,-6.28067239684213e-13,-2.3884184241398416e-12,-1.843829284111585e-11,1.4390226776801834e-11,-0.49904063636596957,-0.5999999999509067,0.9995202775409008,-1.020299922256355e-12,-3.881206064337924e-12,-2.9950900595846416e-11,2.2851001258431724e-17,2.6036451193164962e-14,5.081899948776622e-14,-5.1732733259225605e-14,3.2674570299487652e-18,-3.587770192377746e-17,-4.250098092232357e-17,-5.53210477550307e-12,-4.8190340606879545e-12,-1.8866463946665135e-11,2.8633762028107412e-12,3.9223268257214195e-13,1.4927876401980826e-12,1.1512607754730567e-11
38.16,79844.623308459,8.858122001298765e-12,-0.4990406363707886,-0.5999999999697732,0.9995202775437642,-6.28067239684213e-13,-2.3884184241398416e-12,-1.843829284111585e-11,1.4390226870578155e-11,-0.49904063636596957,-0.5999999999509067,0.9995202775409008,-1.020300019540655e-12,-3.881206023138051e-12,-2.995090083532036e-11,3.451235852442405e-17,2.6066817839409324e-14,5.075498809726692e-14,-5.1763138117098136e-14,1.5349188256824368e-17,-7.73314110821631e-19,-5.565023765286979e-17,-5.53210486927939e-12,-4.8190340606879545e-12,-1.8866463946665135e-11,2.8633762028107412e-12,3.92232779856442e-13,1.4927875989982091e-12,1.1512607994204512e-11
38.18,79844.644034799,8.858122001298765e-12,-0.4990406363707886,-0.5999999999697732,0.9995202775437642,-6.28067239684213e-13,-2.3884184241398416e-12,-1.843829284111585e-11,1.4390226647841385e-11,-0.49904063636596957,-0.5999999999509067,0.9995202775409008,-1.0203003951964172e-12,-3.881206041826983e-12,-2.995090037671661e-11,-3.167909550243884e-17,2.605094436523612e-14,5.0919244191469715e-14,-5.1802604777830833e-14,-4.336740513448188e-17,2.3329100749658946e-17,-1.9236911322083208e-17,-5.53210464654262e-12,-4.8190340606879545e-12,-1.8866463946665135e-11,2.8633762028107412e-12,3.922331555122042e-13,1.4927876176871418e-12,1.1512607535600762e-11
38.2,79844.664475694,8.858122001298765e-12,-0.4990406363707886,-0.5999999999697732,0.9995202775437642,-6.28067239684213e-13,-2.3884184241398416e-12,-1.843829284111585e-11,1.4390226709482713e-11,-0.49904063636596957,-0.5999999999509067,0.9995202775409008,-1.020300538972894e-12,-3.881205969344932e-12,-2.9950900400278204e-11,-8.763392628269916e-18,2.603558850435118e-14,5.084116462596895e-14,-5.1764899345240236e-14,-9.76344229844639e-18,2.644192473876096e-18,-2.2426967688687645e-17,-5.532104708183948e-12,-4.8190340606879545e-12,-1.8866463946665135e-11,2.8633762028107412e-12,3.9223329928868094e-13,1.4927875452050908e-12,1.1512607559162355e-11
38.22,79844.684024221,8.858122001298765e-12,-0.4990406363707886,-0.5999999999697732,0.9995202775437642,-6.28067239684213e-13,-2.3884184241398416e-12,-1.843829284111585e-11,1.4390226778611164e-11,-0.49904063636596957,-0.5999999999509067,0.9995202775409008,-1.0202999827316915e-12,-3.8812058019746136e-12,-2.9950901284065746e-11,-8.881903187647202e-19,2.6069348393263024e-14,5.085258158293113e-14,-5.182183625286637e-14,3.079333197405662e-17,2.510530482985945e-17,-4.273439968087007e-17,-5.5321047773124e-12,-4.8190340606879545e-12,-1.8866463946665135e-11,2.8633762028107412e-12,3.922327430474785e-13,1.492787377834772e-12,1.1512608442949897e-11
38.24,79844.705154318,8.858122001298765e-12,-0.4990406363707886,-0.5999999999697732,0.9995202775437642,-6.28067239684213e-13,-2.3884184241398416e-12,-1.843829284111585e-11,1.4390226727434542e-11,-0.49904063636596957,-0.5999999999509067,0.9995202775409008,-1.0202997337464396e-12,-3.8812057802830064e-12,-2.9950902368982454e-11,-6.302391906543971e-18,2.6072281535229808e-14,5.087856829668605e-14,-5.181888193469251e-14,1.1288858044765096e-17,6.8636139808615414e-18,-3.386448685670888e-17,-5.532104726135777e-12,-4.8190340606879545e-12,-1.8866463946665135e-11,2.8633762028107412e-12,3.922324940622266e-13,1.4927873561431649e-12,1.1512609527866605e-11
38.26,79844.725534692,8.858122001298765e-12,-0.4990406363707886,-0.5999999999697732,0.9995202775437642,-6.28067239684213e-13,-2.3884184241398416e-12,-1.843829284111585e-11,1.4390226933224257e-11,-0.49904063636596957,-0.5999999999509067,0.9995202775409008,-1.0202991941668598e-12,-3.881205827173861e-12,-2.995090378193031e-11,-6.61021021367509e-19,2.6053992532378087e-14,5.08640224247405e-14,-5.178807938014274e-14,1.4046408509643112e-17,-8.47019845834716e-18,1.9899633858189566e-17,-5.532104931925492e-12,-4.8190340606879545e-12,-1.8866463946665135e-11,2.8633762028107412e-12,3.922319544826468e-13,1.4927874030340192e-12,1.1512610940814464e-11
38.28,79844.744921243,-0.0001247663658791926,-0.4990476056793223,-0.599991650976139,0.9995179344820608,9.911214217396665e-06,-1.2870425485492093e-06,1.9201379878713274e-06,1.494343747149353e-11,-0.4990406363654872,-0.5999999999490193,0.9995202775406143,-1.059521846952862e-12,-4.030484807105901e-12,-3.1102165135831164e-11,5.532108670150139e-11,4.82164288431377e-11,1.8871541809916014e-10,-2.86855584736035e-11,-3.922231211956839e-12,-1.4927870613551877e-11,-1.1512615181956069e-10,-0.00012476638082263005,-6.969313835147872e-06,8.348972880267702e-06,-2.343058553511135e-06,9.911215276918512e-06,-1.2870385180644021e-06,1.9201690900364632e-06
38.3,79844.766811851,-0.001193981630666121,-0.4991729303516508,-0.5998415167413778,0.999475800764362,0.0001881382129430023,-2.443102978151313e-05,3.6449281041504626e-05,-6.367967509973879e-05,-0.49904596141841284,-0.5999936207319677,0.9995184872756134,7.572876024258895e-06,-9.833938709578083e-07,1.4671124657207112e-06,-0.005120305258552378,-0.0004628122026193842,0.0005544317777096506,-0.00015559588454360792,0.0006581755601443058,-8.546858272066754e-05,0.00012751278848366273,-0.0011303019555663823,-0.00012696893323793645,0.00015210399058995794,-4.268651125138856e-05,0.0001805653369187434,-2.344763591055532e-05,3.498216857578392e-05
38.32,79844.785527906,-0.003155351984295968,-0.49945669237106943,-0.5995015805352965,0.9993804009632083,0.0005916824802740439,-7.68339958743468e-05,0.00011463068921636655,-0.00036802330301344526,-0.4990827878716407,-0.5999495040250931,0.9995061063498373,5.9944593594099026e-05,-7.784217621083916e-06,1.1613443981129248e-05,-0.019131343310111626,-0.0024129560393106758,0.0028906305658687975,-0.000811227433103408,0.0034315183936021515,-0.000445605998075562,0.0006648116011513222,-0.0027873286812825225,-0.0003739044994287566,0.0004479234897966089,-0.00012570538662892705,0.0005317378866799449,-6.904977825326288e-05,0.0001030172452352373
38.34,79844.805405153,-0.005649590389846457,-0.4998142130923195,-0.5990732841839165,0.9992602037437728,0.001100120634922184,-0.00014285814622232537,0.00021313391207992228,-0.0010165877848257864,-0.4991711837232256,-0.5998436091229301,0.9994763879723259,0.00018565429723723666,-2.410847731847191e-05,3.5968048546593596e-05,-0.036983161447992643,-0.00510054021335621,0.006110255095203208,-0.00171478385208228,0.0072535915038988655,-0.0009419281687063336,0.001405288145104842,-0.0046330026050206705,-0.0006430293690938838,0.0007703249390136335,-0.0002161842285530735,0.0009144663376849473,-0.00011874966890385345,0.00017716586353332868
38.36,79844.825647536,-0.009052537750154613,-0.5002809838510822,-0.5985141104045333,0.9991032770427934,0.0017639256932684548,-0.00022905774507881233,0.00034173743446011925,-0.002044416987811108,-0.49931362835303994,-0.5996729658217431,0.9994284985841951,0.00038822796814590713,-5.041404559286852e-05,7.521403873724773e-05,-0.05645289433044758,-0.00781416933967989,0.009361080502009669,-0.002627096494259071,0.01111270372056415,-0.0014430601194426725,0.0021529405271669662,-0.007008120762343506,-0.0009673554980422772,0.0011588554172098364,-0.0003252215414016879,0.0013756977251225477,-0.0001786436994859438,0.00026652339572287153
38.38,79844.847101858,-0.013837594999193268,-0.5009366158826005,-0.5977286879373671,0.998882855840671,0.002696314560319628,-0.0003501347771193557,0.0005223755465431888,-0.0036109336826790055,-0.49952962118929395,-0.5994142145410757,0.9993558825456578,0.000695396176086358,-9.030192544309591e-05,0.00013472384851203988,-0.08657046195774545,-0.011925728694720108,0.01428657364982405,-0.004009388404439073,0.016959843550604817,-0.0022023509693714816,0.003285747177984367,-0.010226661316514262,-0.0014069946933065736,0.0016855266037085759,-0.00047302670498672317,0.00200091838423327,-0.0002598328516762598,0.0003876516980311489
38.4,79844.865036658,-0.01938197331966937,-0.5016962874669879,-0.5968186300064514,0.9986274569037684,0.0037766603851831435,-0.0004904250258280927,0.0007316783783298539,-0.005820033553875877,-0.49983340127120623,-0.599050297448628,0.9992537527414026,0.0011274085748654665,-0.0001464016720409133,0.00021842058276337902,-0.11864337405185496,-0.016308061308044183,0.019536442958739197,-0.005482713339838904,0.023192056043620627,-0.0030116461218655595,0.00449315660558168,-0.013561939765793493,-0.0018628861957816767,0.0022316674421766214,-0.0006262958376341832,0.0026492518103176767,-0.00034402335378717934,0.0005132577955664749
38.42,79844.888126056,-0.025768108097190694,-0.502571293616303,-0.5957704056129761,0.9983332828884309,0.00502102605525854,-0.0006520143663168639,0.0009727579035437356,-0.008704741440563907,-0.5002295424321727,-0.5985757352642701,0.999120571464583,0.0016907697145105446,-0.00021955794542581785,0.00032756441269234,-0.15285139111153073,-0.02098525418880386,0.025139543760408282,-0.0070551692693129565,0.029843595869658023,-0.0038753937790718188,0.0057818052014000304,-0.017063366656626788,-0.0023417511841303806,0.0028053296512939863,-0.0007872885761520676,0.003330256340747996,-0.0004324564208910461,0.0006451934908513956
38.44,79844.907337196,-0.0330018872575422,-0.5035624410738194,-0.5945830483089032,0.9980000625703797,0.0064305588580632995,-0.000835051781668181,0.0012458363940914278,-0.012297771052551299,-0.5007225665877756,-0.5979851109034823,0.9989548184629428,0.0023919103115730964,-0.00031060581785605386,0.000463401205250263,-0.1886692947360682,-0.025884903769127183,0.031009139308160964,-0.00870241436575351,0.03681149630732662,-0.004780223012272607,0.0071317445142784885,-0.020704116204990904,-0.0028398744860438363,0.0034020625945790917,-0.0009547558925631083,0.004038648546490203,-0.0005244459638121271,0.0007824351888411649
38.46,79844.930441524,-0.0410279341758369,-0.5046621423254944,-0.5932656476501275,0.9976303468453731,0.007994468421434092,-0.00103813606871208,0.0015488233569124388,-0.016622764037767575,-0.5013157451077557,-0.5972745053885544,0.9987553939133788,0.0032354826535954014,-0.0004201494204937689,0.0006268322801033555,-0.2254581365776999,-0.030919107187723453,0.037039925286163955,-0.010394895993717535,0.04397074874602962,-0.005709900603636934,0.008518755766000242,-0.024405170138069327,-0.0033463972177387724,0.004008857738426963,-0.0011250470680056468,0.0047589857678386905,-0.000617986648218311,0.0009219910768090833
38.48,79844.952987742,-0.04985314037281634,-0.5058713416237173,-0.5918170724578713,0.9972238182590516,0.009714097587657301,-0.0012614416046470482,0.001881978950084589,-0.021692620926924023,-0.5020108715572197,-0.5964417700960362,0.998521694825552,0.004224037409342851,-0.0005485199750180693,0.0008183517958467234,-0.26293398764320164,-0.03604867281922019,0.04318495160378524,-0.012119438065379174,0.05126561790517844,-0.006657188948117932,0.009932040977210095,-0.028160519445892315,-0.00386047006649759,0.004624697638164865,-0.0012978765665003777,0.00549006017831445,-0.0007129216296289789,0.0010636271542378657
38.5,79844.971731044,-0.05943281461624476,-0.5071839155300721,-0.5902446583806044,0.9967825354900518,0.01158073807902109,-0.0015038375604201084,0.0022436160590348277,-0.027511861537280843,-0.5028085862688454,-0.595486137931487,0.998253505921844,0.005358485210140138,-0.0006958357330971816,0.001038136175345674,-0.3003188666865594,-0.04116677054786675,0.049316239807675494,-0.013840124668412819,0.058544178305431724,-0.007602359489523595,0.011342166579420538,-0.031920953078963914,-0.004375329261226746,0.005241479550882611,-0.001470970431792229,0.006222252868880953,-0.0008080018273229268,0.0012054798836891537
38.52,79844.992501001,-0.06975394071884268,-0.5085980806114956,-0.5885505419039267,0.9963070981223485,0.013591853635773749,-0.0017649945854629778,0.0026332433167064345,-0.03408476193099311,-0.5037094921786751,-0.5944068866002081,0.9979506244972546,0.006639683504724054,-0.0008622080402810047,0.0012863515380218673,-0.3380805086937451,-0.04633729842108943,0.055510337350510704,-0.01557843810339616,0.06589730077851982,-0.00855721242300874,0.01276673760436419,-0.03566917878784957,-0.004888588432820473,0.005856344696281379,-0.001643526374906057,0.006952170131049695,-0.0009027865451819731,0.0013468917786845671
38.54,79845.014747161,-0.08075111403614871,-0.5101048753493084,-0.5867454585895172,0.9958005189872636,0.01573469988325561,-0.0020432577360997603,0.003048391667687517,-0.041403316189709126,-0.5047125061496601,-0.5932053136595621,0.9976134146986803,0.008066091939856544,-0.0010474368712311225,0.0015626994606425324,-0.3751636381065544,-0.051415512820697576,0.06159384683190236,-0.017285716070775912,0.07311914221165274,-0.009495017621198233,0.014165874649278508,-0.03934779784643958,-0.00539236919964825,0.006459855070044873,-0.0018128957114166289,0.007668607943399065,-0.0009958208648686378,0.0014856922070449845
38.57,79845.045047699,-0.09837985987883266,-0.5125203052696674,-0.5838518645670869,0.994988459873167,0.019169736395534643,-0.0024893205759243106,0.0037138849317554542,-0.05374107018228749,-0.5064032725195924,-0.5911798392618145,0.9970449849424733,0.010470568329651472,-0.0013596744742405847,0.002028535219282031,-0.428948693191155,-0.058781734415343616,0.07041830271267994,-0.019762214076402017,0.08359480947048957,-0.01085535421980152,0.01619539776473374,-0.04463878969654517,-0.006117032750075024,0.007327974694727568,-0.002056525069306314,0.00869916806588317,-0.0011296461016837259,0.0016853497124734232
38.59,79845.064856317,-0.11091782586606726,-0.5142382141019952,-0.5817938745229922,0.9944109049158808,0.021612812683558642,-0.0028065706380556743,0.004187198914728349,-0.06284313706328332,-0.5076505544802844,-0.5896856424745548,0.9966256530978074,0.012244355695664615,-0.0015900128205594177,0.002372183252995614,-0.46381879125112674,-0.06355786861903942,0.07613993150531301,-0.02136793373592659,0.09038705595124308,-0.01173737359355629,0.017511306421608516,-0.04807468880278394,-0.006587659621710817,0.007891767951562545,-0.0022147481819265735,0.009368456987894028,-0.0012165578174962565,0.0018150156617327351
38.61,79845.086270149,-0.12395242396008783,-0.5160241697517685,-0.5796543669558504,0.9938104728559206,0.02415265986131039,-0.0031363870579913878,0.004679260988162998,-0.07262266993749582,-0.5089906323417805,-0.588080279695062,0.9961751235949767,0.0141501101722732,-0.0018374879931924938,0.0027413981832952617,-0.4972063995114529,-0.06813118998319363,0.08161859815951349,-0.022905468426354422,0.09689087779055497,-0.012581939067175828,0.018771336587381574,-0.05132975402259202,-0.007033537409987911,0.008425912739211672,-0.0023646507390561178,0.010002549689037191,-0.001298899064798894,0.001937862804867736
38.64,79845.118923939,-0.08304673277822269,-0.5104189986721883,-0.5863691506568739,0.9956949118168588,0.016181421640519163,-0.002101267594623161,0.0031349381337117048,-0.08849396095628523,-0.511165400522478,-0.5854749893671679,0.9954439741182557,0.01724289628195618,-0.0022391072918931847,0.003340584921170905,-0.5447228178250576,-0.07464018502980391,0.08941612894294744,-0.02509376985713515,0.10614746414563621,-0.01378396972434289,0.020564678767306846,0.005447228178062535,0.0007464018502897352,-0.0008941612897059859,0.0002509376986030709,-0.0010614746414370178,0.00013783969727002368,-0.00020564678745920014
38.66,79845.139120871,-0.08304673277822269,-0.5104189986721883,-0.5863691506568739,0.9956949118168588,0.016181421640519163,-0.002101267594623161,0.0031349381337117048,-0.08745898760740217,-0.511023584170316,-0.5856448800177261,0.9954916522813988,0.01704121610062761,-0.002212917748880743,0.0033015120365300953,0.0490250537302312,0.006717616702118844,-0.008047451314773284,0.0022584392557109694,-0.009553271781858502,0.0012405572584063037,-0.0018508212858334254,0.004412254829179479,0.0006045854981276966,-0.0007242706391478171,0.00020325953545996533,-0.0008597944601084449,0.000111650154257582,-0.00016657390281839051
38.69,79845.169072235,-0.08304673277822269,-0.5104189986721883,-0.5863691506568739,0.9956949118168588,0.016181421640519163,-0.002101267594623161,0.0031349381337117048,-0.08626326654681163,-0.5108597414989458,-0.5858411573551331,0.9955467356148271,0.01680821180185605,-0.002182660557364009,0.0032563705052890846,0.03573926417113629,0.004897142575361259,-0.005866592009023645,0.001646402216264521,-0.006964335129292122,0.0009043662403972686,-0.0013492487140591635,0.003216533768588936,0.00044074282675743426,-0.0005279933017408034,0.00014817620203166904,-0.0006267901613368869,8.139296274084799e-05,-0.00012143237157737985
38.71,79845.189572436,-0.08304673277822269,-0.5104189986721883,-0.5863691506568739,0.9956949118168588,0.016181421640519163,-0.002101267594623161,0.0031349381337117048,-0.08565212512929737,-0.5107760003609153,-0.585941476078302,0.9955748890926702,0.016689121671122374,-0.0021671958946995265,0.003233298352166147,0.028948803985730177,0.0039666854851831265,-0.004751939523153141,0.0013335857922567623,-0.005641111455720695,0.0007325366522590713,-0.0010928914595484157,0.0026053923510746813,0.0003570016887269878,-0.0004276745785718461,0.00012002272418853988,-0.0005077000306032108,6.592830007636549e-05,-9.836021845444206e-05
38.73,79845.213266257,-0.08304673277822269,-0.5104189986721883,-0.5863691506568739,0.9956949118168588,0.016181421640519163,-0.002101267594623161,0.0031349381337117048,-0.08515710058106996,-0.510708170039117,-0.586022734244053,0.9955976934097038,0.016592658665222325,-0.002154669517957379,0.0032146099081383347,0.023448531228938897,0.0032130152428450466,-0.00384907101390917,0.0010802044914131894,-0.004569300279208075,0.0005933546880612465,-0.0008852420818048832,0.0021103678028472628,0.0002891713669286311,-0.0003464164128208491,9.721840715493091e-05,-0.00041123702470316145,5.340192333421791e-05,-7.967177442662994e-05
38.75,79845.233294379,-0.08304673277822269,-0.5104189986721883,-0.5863691506568739,0.9956949118168588,0.016181421640519163,-0.002101267594623161,0.0031349381337117048,-0.08475613069700226,-0.510653227478463,-0.5860885533583174,0.9956161649064977,0.016514523630442635,-0.0021445231527993233,0.0031994722684845654,0.018993310295546437,0.0026025423466139157,-0.003117747521602686,0.0008749656378998233,-0.00370113322618146,0.0004806172972023408,-0.0007170460858335257,0.0017093979187795677,0.00023422880627466114,-0.0002805972985564509,7.874691036102721e-05,-0.0003331019899234719,4.3255558176162265e-05,-6.453413477286061e-05
38.77,79845.259081007,-0.08304673277822269,-0.5104189986721883,-0.5863691506568739,0.9956949118168588,0.016181421640519163,-0.002101267594623161,0.0031349381337117048,-0.0844313450909068,-0.5106087240043348,-0.5861418668408781,0.9956311268188985,0.016451234252270863,-0.00213630459702309,0.003187210780372659,0.015384581339387627,0.0021080593006916276,-0.002525375492830798,0.0007087221666139875,-0.002997917913213299,0.0003893000106607595,-0.0005808073291540196,0.0013846123126841081,0.00018972533214645093,-0.0002272838159957935,6.378499796022563e-05,-0.00026981261175169913,3.503700239992913e-05,-5.2272646660954294e-05
38.79,79845.276806329,-0.08304673277822269,-0.5104189986721883,-0.5863691506568739,0.9956949118168588,0.016181421640519163,-0.002101267594623161,0.0031349381337117048,-0.084168268749961,-0.5105726761902919,-0.5861850507617498,0.9956432459679405,0.016399969855950814,-0.002129647566847114,0.0031772789750044274,0.012461510886512052,0.0017075280334542281,-0.0020455541479073845,0.0005740649545576005,-0.0024283135098610233,0.0003153330082805794,-0.00047045393704115524,0.0011215359717383078,0.00015367751810357877,-0.0001840998951241346,5.166584891824755e-05,-0.00021854821543165065,2.837997222395307e-05,-4.234084129272264e-05
38.82,79845.307960832,-0.08304673277822269,-0.5104189986721883,-0.5863691506568739,0.9956949118168588,0.016181421640519163,-0.002101267594623161,0.0031349381337117048,-0.08386433249939712,-0.5105310295815526,-0.5862349418273511,0.9956572474121796,0.01634074328944382,-0.0021219565947762165,0.003165804603432431,0.009084441436088393,0.0012447879363824505,-0.0014912089740007327,0.0004184933520027236,-0.0017702405485752854,0.000229877763179156,-0.0003429609199119093,0.0008175997211744279,0.00011203090936429128,-0.00013420882952275281,3.766440467911636e-05,-0.00015932164892465753,2.068900015305547e-05,-3.0866469720726344e-05
38.84,79845.328136512,-0.08304673277822269,-0.5104189986721883,-0.5863691506568739,0.9956949118168588,0.016181421640519163,-0.002101267594623161,0.0031349381337117048,-0.08370898855081985,-0.5105097437078394,-0.5862604415007782,0.9956644036484956,0.016310472176061224,-0.002118025685028754,0.003159939971680715,0.007358397562924118,0.0010082782284536898,-0.001207879269364437,0.0003389796151677357,-0.0014338948443200852,0.00018620098821054172,-0.0002777983448316718,0.0006622557725971534,9.074503565109637e-05,-0.00010870915609573206,3.0508168363141408e-05,-0.0001290505355420607,1.6758090405593132e-05,-2.5001837969010343e-05
38.86,79845.348449487,-0.08304673277822269,-0.5104189986721883,-0.5863691506568739,0.9956949118168588,0.016181421640519163,-0.002101267594623161,0.0031349381337117048,-0.08358315995247752,-0.5104925021501328,-0.586281096236261,0.9956702001999123,0.01628595257422174,-0.002114841648132704,0.003155189619966903,0.005960302025719563,0.0008167053650387728,-0.0009783822085216685,0.00027457348831983445,-0.0011614548238782461,0.00015082280047924075,-0.0002250166590729068,0.0005364271742548249,7.350347794443657e-05,-8.805442061288193e-05,2.4711616946504478e-05,-0.00010453093370257557,1.3574053509542855e-05,-2.025148625519821e-05
38.88,79845.367569444,-0.08304673277822269,-0.5104189986721883,-0.5863691506568739,0.9956949118168588,0.016181421640519163,-0.002101267594623161,0.0031349381337117048,-0.08348123878782449,-0.5104785364883897,-0.5862978265720084,0.9956748954065607,0.016266091696732116,-0.0021122625782464123,0.003151341835082832,0.004827844640631095,0.000661531345675289,-0.0007924895891789967,0.00022240452556805806,-0.0009407784073242649,0.00012216646841142583,-0.00018226349365420242,0.00043450600960179275,5.9537816201382654e-05,-7.132408486554276e-05,2.0016410298029363e-05,-8.467005621295293e-05,1.0994983623251273e-05,-1.6403701371127313e-05
38.9,79845.389398853,-0.08304673277822269,-0.5104189986721883,-0.5863691506568739,0.9956949118168588,0.016181421640519163,-0.002101267594623161,0.0031349381337117048,-0.08339868264445897,-0.5104672243023791,-0.5863113781439679,0.9956786985239462,0.016250004385965838,-0.0021101735316381184,0.0031482251293300663,0.003910554158747889,0.0005358403899925918,-0.0006419165674617413,0.000180147665737893,-0.0007620305099188063,9.895483943206252e-05,-0.0001476334297019961,0.00035194986623628133,4.822563019080128e-05,-5.777251290595142e-05,1.6213292912570232e-05,-6.85827454466742e-05,8.905937014957403e-06,-1.3286995618361566e-05
38.92,79845.407802667,-0.08304673277822269,-0.5104189986721883,-0.5863691506568739,0.9956949118168588,0.016181421640519163,-0.002101267594623161,0.0031349381337117048,-0.08333181216833571,-0.5104580614317099,-0.586322354917259,0.9956817790490293,0.016236973664245383,-0.002108481403885078,0.0031457005976730243,0.003167548868453343,0.00043403071589577307,-0.000519952419824117,0.00014591960925957142,-0.0006172447130230378,8.01534199552295e-05,-0.00011958307793106593,0.00028507939011301886,3.9062759521590884e-05,-4.679573961485772e-05,1.3132767829437952e-05,-5.5552023726219285e-05,7.213809261916865e-06,-1.0762463961319548e-05
38.94,79845.427859941,-0.08304673277822269,-0.5104189986721883,-0.5863691506568739,0.9956949118168588,0.016181421640519163,-0.002101267594623161,0.0031349381337117048,-0.08327764708267811,-0.5104506395064675,-0.5863312461036277,0.9956842742743465,0.016226418779652,-0.002107110780404856,0.003143655727033008,0.0025657145833400856,0.00035156487986604814,-0.00042116146020797993,0.00011819488351729683,-0.0004999682175397319,6.49242701761097e-05,-9.686229302047669e-05,0.00023091430445541794,3.1640834279200725e-05,-3.790455324614861e-05,1.0637542512292875e-05,-4.4997139132835207e-05,5.843185781694883e-06,-8.717593321303212e-06
38.97,79845.459343654,-0.08304673277822269,-0.5104189986721883,-0.5863691506568739,0.9956949118168588,0.016181421640519163,-0.002101267594623161,0.0031349381337117048,-0.08321506930398297,-0.5104420648390477,-0.586341518231631,0.9956871570475537,0.016214224554825445,-0.0021055272774563624,0.0031412932556982654,0.0018704059311376118,0.00025629079741598546,-0.00030702670465686905,8.61640701020198e-05,-0.0003644768305765866,4.732979297187295e-05,-7.061261149874157e-05,0.0001683365257602737,2.3066166859431192e-05,-2.7632425242840597e-05,7.754769305035047e-06,-3.2802914306281905e-05,4.259682833201387e-06,-6.355121986560599e-06
38.99,79845.47854415,-0.08304673277822269,-0.5104189986721883,-0.5863691506568739,0.9956949118168588,0.016181421640519163,-0.002101267594623161,0.0031349381337117048,-0.08318308536255635,-0.5104376822664117,-0.5863467683882746,0.9956886304531515,0.01620799200102218,-0.0021047179379971403,0.003140085780037268,0.0015150288041584018,0.00020759554590545965,-0.00024869163086333493,6.979289679542874e-05,-0.0002952262327617353,3.833713231453047e-05,-5.719621525261624e-05,0.00013635258433365716,1.8683594223412037e-05,-2.238226859929693e-05,6.281363707283383e-06,-2.6570360503016394e-05,3.450343373979318e-06,-5.147646325563433e-06
39.01,79845.498750531,-0.08304673277822269,-0.5104189986721883,-0.5863691506568739,0.9956949118168588,0.016181421640519163,-0.002101267594623161,0.0031349381337117048,-0.08315717837000196,-0.510434132382576,-0.5863510210151573,0.9956898239116861,0.01620294363244163,-0.002104062373035046,0.003139107724752907,0.0012271733313173794,0.0001681523921829998,-0.00020144022107329565,5.653224641471224e-05,-0.00023913324853254184,3.1053077180654536e-05,-4.6328934305204086e-05,0.00011044559177926516,1.513371038763811e-05,-1.812964171654663e-05,5.087905172618257e-06,-2.1521991922467815e-05,2.7947784118848365e-06,-4.169591041202139e-06
39.04,79845.530921024,-0.08304673277822269,-0.5104189986721883,-0.5863691506568739,0.9956949118168588,0.016181421640519163,-0.002101267594623161,0.0031349381337117048,-0.08312724761244751,-0.5104300311457312,-0.5863559341421437,0.9956912027331756,0.016197111172509555,-0.0021033049884831333,0.0031379777620413906,0.000894609358475009,0.00012258309390095762,-0.00014684992124324196,4.121200764633394e-05,-0.00017432813817541584,2.2637693271156838e-05,-3.3773793054396665e-05,8.051483422481798e-05,1.1032473542837984e-05,-1.321651473018548e-05,3.7090836831898955e-06,-1.5689531990391997e-05,2.0373938599722863e-06,-3.0396283296858437e-06
39.07,79845.56342864,-0.08304673277822269,-0.5104189986721883,-0.5863691506568739,0.9956949118168588,0.016181421640519163,-0.002101267594623161,0.0031349381337117048,-0.08310542809019171,-0.5104270413440705,-0.5863595158117187,0.9956922078940408,0.016192859309219196,-0.002102752855144635,0.0031371540192260176,0.0006521702222869731,8.936307545341598e-05,-0.0001070535926495216,3.004355358062174e-05,-0.0001270852127263131,1.650287839936252e-05,-2.462109509708314e-05,5.869531196901756e-05,8.042671882146912e-06,-9.634845155148675e-06,2.7039228179814856e-06,-1.1437668700032405e-05,1.4852605214740397e-06,-2.2158855143127737e-06
39.09,79845.584449614,-0.08304673277822269,-0.5104189986721883,-0.5863691506568739,0.9956949118168588,0.016181421640519163,-0.002101267594623161,0.0031349381337117048,-0.08309427597938913,-0.5104255132354797,-0.5863613464281513,0.9956927216388072,0.01619068615208145,-0.002102470655924215,0.0031367329984983336,0.0005282578800309124,7.238409111252097e-05,-8.671341007644141e-05,2.4335278408197673e-05,-0.00010293902230661823,1.3367331506070784e-05,-1.994308700731114e-05,4.754320116644173e-05,6.514563291371012e-06,-7.804228722596562e-06,2.1901780515865e-06,-9.26451156228747e-06,1.2030613010540446e-06,-1.7948647866288664e-06
39.11,79845.605674635,-0.08304673277822269,-0.5104189986721883,-0.5863691506568739,0.9956949118168588,0.016181421640519163,-0.002101267594623161,0.0031349381337117048,-0.08308524276963943,-0.5104242754675214,-0.5863628292274615,0.995693137772067,0.016188925894799883,-0.002102242074555631,0.0031363919717092743,0.0004278888828070714,5.863111379873092e-05,-7.023786218691245e-05,1.971157551320464e-05,-8.33806080668765e-05,1.0827538522036702e-05,-1.6153900458662996e-05,3.85099914167325e-05,5.27679533313119e-06,-6.32142941237035e-06,1.7740447917358182e-06,-7.504254280719935e-06,9.744799324700078e-07,-1.4538379975695577e-06
39.13,79845.625883422,-0.08304673277822269,-0.5104189986721883,-0.5863691506568739,0.9956949118168588,0.016181421640519163,-0.002101267594623161,0.0031349381337117048,-0.08307792586974244,-0.5104232728754754,-0.5863640302949031,0.9956934748400083,0.01618750008640186,-0.002102056923647044,0.003136115740010431,0.00034658999505891754,4.7491202172060244e-05,-5.6892668391765915e-05,1.596637617499959e-05,-6.753829253293127e-05,8.770306204459762e-06,-1.3084659357548953e-05,3.119309151974892e-05,4.274203287080169e-06,-5.120361970756271e-06,1.4369768505106961e-06,-6.078445882694988e-06,7.893290238829634e-07,-1.1776062987262775e-06
39.15,79845.646606085,-0.08304673277822269,-0.5104189986721883,-0.5863691506568739,0.9956949118168588,0.016181421640519163,-0.002101267594623161,0.0031349381337117048,-0.08307199918082617,-0.5104224607759178,-0.5863650031595308,0.9956937478650407,0.016186345181599462,-0.0021019069514110573,0.0031358919923346077,0.0002807378959854837,3.846787375417215e-05,-4.6083061420954e-05,1.2932764703037779e-05,-5.470601695082778e-05,7.1039480269658355e-06,-1.0598574068293156e-05,2.5266402603474347e-05,3.4621037294790824e-06,-4.147497343121032e-06,1.1639518180395214e-06,-4.923541080299049e-06,6.393567878962975e-07,-9.538586229029637e-07
39.17,79845.666996083,-0.08304673277822269,-0.5104189986721883,-0.5863691506568739,0.9956949118168588,0.016181421640519163,-0.002101267594623161,0.0031349381337117048,-0.0830671985628041,-0.5104218029752771,-0.5863657911798803,0.9956939690153175,0.016185409708709544,-0.002101785473899885,0.003135710756717385,0.00022739769573819555,3.115897774234504e-05,-3.732727976729062e-05,1.047553940425164e-05,-4.4311873729340204e-05,5.754197902976841e-06,-8.5848449860746e-06,2.0465784581411017e-05,2.804303088743687e-06,-3.359476993591848e-06,9.428015412815682e-07,-3.988068190380334e-06,5.17879276724139e-07,-7.726230056800433e-07
39.19,79845.686613348,-0.08304673277822269,-0.5104189986721883,-0.5863691506568739,0.9956949118168588,0.016181421640519163,-0.002101267594623161,0.0031349381337117048,-0.08306331006220642,-0.5104212701567578,-0.586366429476364,0.9956941481470413,0.01618465197566872,-0.0021016870771158173,0.003135563955867591,0.00018419213353977596,2.5238771972196418e-05,-3.023509662123959e-05,8.485186912607996e-06,-3.589261772001543e-05,4.660900302295156e-06,-6.9537244312087235e-06,1.6577283983729152e-05,2.2714845694382646e-06,-2.7211805099236486e-06,7.636698174939838e-07,-3.230335149557312e-06,4.194824926562722e-07,-6.258221558860973e-07
39.21,79845.706986018,-0.08304673277822269,-0.5104189986721883,-0.5863691506568739,0.9956949118168588,0.016181421640519163,-0.002101267594623161,0.0031349381337117048,-0.08306016037672252,-0.5104208385737573,-0.5863669464965154,0.995694293243737,0.016184038211905664,-0.0021016073757207073,0.0031354450471793847,0.00014919562816052552,2.0443405301733893e-05,-2.4490428268054142e-05,6.873001405364832e-06,-2.907302035266611e-05,3.7753292455695363e-06,-5.632516783188595e-06,1.342759849982944e-05,1.8399015689896103e-06,-2.204160358454388e-06,6.185731217245305e-07,-2.6165713865010376e-06,3.3978109754626007e-07,-5.069134676799134e-07
39.23,79845.726804779,-0.08304673277822269,-0.5104189986721883,-0.5863691506568739,0.9956949118168588,0.016181421640519163,-0.002101267594623161,0.0031349381337117048,-0.08305760913148065,-0.5104204889915274,-0.5863673652828393,0.9956944107720608,0.01618354106325761,-0.0021015428175906554,0.00313534873114204,0.00012084845880574812,1.6559158298743053e-05,-1.9837246902096838e-05,5.567131137978694e-06,-2.3549146485216902e-05,3.058016689453076e-06,-4.562338589749421e-06,1.087635325795755e-05,1.4903193390480851e-06,-1.7853740346129854e-06,5.010447979847399e-07,-2.119422738446758e-06,2.752229674943957e-07,-4.1059743033540486e-07
39.25,79845.746680741,-0.08304673277822269,-0.5104189986721883,-0.5863691506568739,0.9956949118168588,0.016181421640519163,-0.002101267594623161,0.0031349381337117048,-0.08305554262283485,-0.5104202058299209,-0.5863677044997612,0.9956945059700035,0.016183138372852676,-0.0021014905255053035,0.0031352707151518764,9.788725162830288e-05,1.341291822918003e-05,-1.6068169991223774e-05,4.509376222044308e-06,-1.907480865261799e-05,2.476993518983843e-06,-3.6954942536063424e-06,8.809844612156503e-06,1.2071577325523108e-06,-1.446157112727775e-06,4.0584685523370467e-07,-1.7167323335121054e-06,2.2293088214244555e-07,-3.3258144017164065e-07
39.27,79845.767669701,-0.08304673277822269,-0.5104189986721883,-0.5863691506568739,0.9956949118168588,0.016181421640519163,-0.002101267594623161,0.0031349381337117048,-0.08305386875083177,-0.5104199764690195,-0.5863679792654677,0.9956945830803371,0.01618281219362468,-0.002101448168916162,0.0031352075221999114,7.92886738163052e-05,1.086446377053771e-05,-1.3015217694180667e-05,3.652594742965627e-06,-1.5450595008257115e-05,2.006364750743255e-06,-2.993350342131493e-06,7.135972609081942e-06,9.777968311697194e-07,-1.1713914062072561e-06,3.287365216708693e-07,-1.3905531055166676e-06,1.805742930009735e-07,-2.693884882066719e-07
39.29,79845.786776303,-0.08304673277822269,-0.5104189986721883,-0.5863691506568739,0.9956949118168588,0.016181421640519163,-0.002101267594623161,0.0031349381337117048,-0.08305251291450931,-0.5104197906866889,-0.5863682018256899,0.995694645539707,0.01618254798845001,-0.0021014138600789494,0.0031351563359088746,6.422382578762602e-05,8.800215653624482e-06,-1.0542326338385881e-05,2.9586017365713113e-06,-1.2514981956442696e-05,1.6251554484385376e-06,-2.424613774591357e-06,5.780136286617776e-06,7.920145005391177e-07,-9.488311839556118e-07,2.662771517725204e-07,-1.1263479308479263e-06,1.462654557883407e-07,-2.182021971697777e-07
39.31,79845.806744841,-0.08304673277822269,-0.5104189986721883,-0.5863691506568739,0.9956949118168588,0.016181421640519163,-0.002101267594623161,0.0031349381337117048,-0.08305141468708832,-0.5104196402030011,-0.58636838209947,0.9956946961317964,0.016182333982258545,-0.0021013860699208016,0.003135114875013177,5.2021298886432994e-05,7.1281746812615745e-06,-8.539284331959074e-06,2.3964674085976247e-06,-1.0137135384576247e-05,1.3163759134831878e-06,-1.9639371552158813e-06,4.681908865628026e-06,6.41530812806046e-07,-7.685574039406617e-07,2.156850623658002e-07,-9.123417393820665e-07,1.1847529764056133e-07,-1.76741301472199e-07
39.33,79845.82781404,-0.08304673277822269,-0.5104189986721883,-0.5863691506568739,0.9956949118168588,0.016181421640519163,-0.002101267594623161,0.0031349381337117048,-0.08305052512287728,-0.5104195183112133,-0.5863685281212322,0.9956947371113893,0.016182160637243485,-0.002101363559892697,0.0031350812916876984,4.2137252096734465e-05,5.773821484964447e-06,-6.916820315867598e-06,1.9411386017617178e-06,-8.211079661478736e-06,1.0662644901323989e-06,-1.5907890939933842e-06,3.7923446545851114e-06,5.196390250317151e-07,-6.225356417033368e-07,1.74705469424552e-07,-7.389967243212614e-07,9.59652695360462e-08,-1.4315797599358943e-07
39.35,79845.847844056,-0.08304673277822269,-0.5104189986721883,-0.5863691506568739,0.9956949118168588,0.016181421640519163,-0.002101267594623161,0.0031349381337117048,-0.08304980457586636,-0.5104194195788666,-0.5863686463988597,0.9956947703048595,0.016182020227781268,-0.0021013453267699285,0.00313505408919409,3.4131174197423334e-05,4.676795403912888e-06,-5.602624455219764e-06,1.572322268727638e-06,-6.650974525684461e-06,8.636742371374077e-07,-1.2885391648035761e-06,3.0717976436667183e-06,4.209066782889792e-07,-5.042580142333719e-07,1.4151199922984858e-07,-5.985872621044885e-07,7.773214676749449e-08,-1.1595548238523684e-07
39.37,79845.867860467,-0.08304673277822269,-0.5104189986721883,-0.5863691506568739,0.9956949118168588,0.016181421640519163,-0.002101267594623161,0.0031349381337117048,-0.08304922093278753,-0.5104193396056652,-0.586368742203737,0.9956947971915702,0.01618190649611689,-0.0021013305579404835,0.0031350320551742903,2.7646251099110735e-05,3.7882042809542286e-06,-4.538125811762789e-06,1.273581037002441e-06,-5.387289365969389e-06,6.995761321999979e-07,-1.0437167224438488e-06,2.488154564841971e-06,3.409334768944561e-07,-4.0845313686865836e-07,1.1462528859418342e-07,-4.848555977265967e-07,6.296331732250429e-08,-9.392146258554307e-08
39.39,79845.887628037,-0.08304673277822269,-0.5104189986721883,-0.5863691506568739,0.9956949118168588,0.016181421640519163,-0.002101267594623161,0.0031349381337117048,-0.08304874818189362,-0.5104192748273714,-0.5863688198056884,0.995694818969806,0.016181814373468727,-0.0021013185951886293,0.003135014207618273,2.2393463389240967e-05,3.0684454617752996e-06,-3.675881913359093e-06,1.0316006456914297e-06,-4.363704386571633e-06,5.66656667212177e-07,-8.454105442601138e-07,2.0154036709241208e-06,2.761551830543496e-07,-3.3085118544828873e-07,9.28470527128411e-08,-3.9273294956398974e-07,5.100056546828921e-08,-7.607390656826085e-08
39.41,79845.907436652,-0.08304673277822269,-0.5104189986721883,-0.5863691506568739,0.9956949118168588,0.016181421640519163,-0.002101267594623161,0.0031349381337117048,-0.08304836525366957,-0.5104192223569534,-0.5863688826632696,0.9956948366101763,0.016181739754123712,-0.002101308905359629,0.0031349997510979133,1.8138705343828634e-05,2.485440817204745e-06,-2.9774643475944344e-06,8.355965216437202e-07,-3.5346005528908558e-06,4.5899190054069196e-07,-6.847825402475863e-07,1.6324754468777236e-06,2.2368476504386337e-07,-2.67993604308181e-07,7.520668243721218e-08,-3.181136045485311e-07,4.1310736467910225e-08,-6.16173862085477e-08
39.43,79845.927606923,-0.08304673277822269,-0.5104189986721883,-0.5863691506568739,0.9956949118168588,0.016181421640519163,-0.002101267594623161,0.0031349381337117048,-0.08304805508180826,-0.5104191798559151,-0.5863689335779099,0.9956948508988765,0.016181679312454258,-0.002101301056598135,0.0031349880413164342,1.4692351328585647e-05,2.01320705400819e-06,-2.4117461210625903e-06,6.768331858934294e-07,-2.8630264477666765e-06,3.71783439487248e-07,-5.546738570910829e-07,1.3223035855713938e-06,1.8118372679953865e-07,-2.1707896402656246e-07,6.091798221419253e-08,-2.5767193509440567e-07,3.346197497387793e-08,-4.9907604729448884e-08
39.45,79845.948823218,-0.08304673277822269,-0.5104189986721883,-0.5863691506568739,0.9956949118168588,0.016181421640519163,-0.002101267594623161,0.0031349381337117048,-0.08304780384260046,-0.5104191454300752,-0.5863689748187684,0.995694862472724,0.016181630354701992,-0.0021012946991013273,0.003134978556393446,1.1900804575961849e-05,1.630697718663731e-06,-1.953514357448676e-06,5.482348872051757e-07,-2.319051422642506e-06,3.0114458601872236e-07,-4.4928582371808924e-07,1.0710643777722684e-06,1.467578868430408e-07,-1.75838105520576e-07,4.9344134778195325e-08,-2.0871418282900067e-07,2.710447816623579e-08,-4.042268174136651e-08
