Consolidate compiler generated dependencies of target policy_profile
Consolidate compiler generated dependencies of target navigation_math
[  2%] Built target policy_profile
[  7%] Built target navigation_math
Consolidate compiler generated dependencies of target fixed_envelope_core
Consolidate compiler generated dependencies of target policy_contracts
[  9%] Built target fixed_envelope_core
[ 11%] Building CXX object CMakeFiles/policy_contracts.dir/src/policy_contracts.cpp.o
Consolidate compiler generated dependencies of target policy_sweep
[ 14%] Built target policy_sweep
Consolidate compiler generated dependencies of target policy_path_evidence
[ 16%] Built target policy_path_evidence
Consolidate compiler generated dependencies of target policy_behavior_probe
[ 19%] Built target policy_behavior_probe
Consolidate compiler generated dependencies of target policy_path_evidence_probe
[ 22%] Built target policy_path_evidence_probe
Consolidate compiler generated dependencies of target cmd_vel_body_to_world_cpp
[ 25%] Built target cmd_vel_body_to_world_cpp
Consolidate compiler generated dependencies of target costmap_scan_cpp
[ 28%] Built target costmap_scan_cpp
Consolidate compiler generated dependencies of target envelope_coordinator_cpp
[ 30%] Built target envelope_coordinator_cpp
Consolidate compiler generated dependencies of target final_protection_core
[ 33%] Built target final_protection_core
Consolidate compiler generated dependencies of target navigation_math_test
[ 36%] Built target navigation_math_test
Consolidate compiler generated dependencies of target cmd_vel_body_to_world_core_test
[ 39%] Built target cmd_vel_body_to_world_core_test
Consolidate compiler generated dependencies of target policy_profile_probe
[ 42%] Built target policy_profile_probe
Consolidate compiler generated dependencies of target final_protection_probe
[ 45%] Built target final_protection_probe
Consolidate compiler generated dependencies of target fixed_envelope_cpp
[ 47%] Built target fixed_envelope_cpp
Consolidate compiler generated dependencies of target fixed_envelope_probe
[ 50%] Built target fixed_envelope_probe
Consolidate compiler generated dependencies of target fixed_envelope_core_test
[ 53%] Built target fixed_envelope_core_test
Consolidate compiler generated dependencies of target policy_sweep_probe
[ 56%] Built target policy_sweep_probe
Consolidate compiler generated dependencies of target final_protection_cpp
[ 59%] Built target final_protection_cpp
[ 60%] Linking CXX static library libpolicy_contracts.a
[ 60%] Built target policy_contracts
Consolidate compiler generated dependencies of target policy_fusion
Consolidate compiler generated dependencies of target policy_health
[ 61%] Building CXX object CMakeFiles/policy_health.dir/src/policy_health.cpp.o
[ 63%] Building CXX object CMakeFiles/policy_fusion.dir/src/policy_fusion.cpp.o
[ 64%] Linking CXX static library libpolicy_health.a
[ 64%] Built target policy_health
Consolidate compiler generated dependencies of target policy_envelope
[ 66%] Building CXX object CMakeFiles/policy_envelope.dir/src/policy_envelope.cpp.o
[ 67%] Linking CXX static library libpolicy_fusion.a
[ 67%] Built target policy_fusion
Consolidate compiler generated dependencies of target policy_observation_adapters
[ 69%] Building CXX object CMakeFiles/policy_observation_adapters.dir/src/policy_observation_adapters.cpp.o
[ 70%] Linking CXX static library libpolicy_envelope.a
[ 70%] Built target policy_envelope
Consolidate compiler generated dependencies of target policy_observer_core
[ 71%] Building CXX object CMakeFiles/policy_observer_core.dir/src/policy_observer_core.cpp.o
[ 73%] Linking CXX static library libpolicy_observer_core.a
[ 73%] Built target policy_observer_core
Consolidate compiler generated dependencies of target policy_fusion_probe
[ 74%] Building CXX object CMakeFiles/policy_fusion_probe.dir/test/policy_fusion_probe.cpp.o
[ 76%] Linking CXX static library libpolicy_observation_adapters.a
[ 76%] Built target policy_observation_adapters
Consolidate compiler generated dependencies of target policy_health_probe
[ 77%] Building CXX object CMakeFiles/policy_health_probe.dir/test/policy_health_probe.cpp.o
[ 78%] Linking CXX executable policy_fusion_probe
[ 78%] Built target policy_fusion_probe
Consolidate compiler generated dependencies of target policy_risk
[ 80%] Building CXX object CMakeFiles/policy_risk.dir/src/policy_risk.cpp.o
[ 81%] Linking CXX static library libpolicy_risk.a
[ 81%] Built target policy_risk
Consolidate compiler generated dependencies of target policy_envelope_probe
[ 83%] Building CXX object CMakeFiles/policy_envelope_probe.dir/test/policy_envelope_probe.cpp.o
[ 84%] Linking CXX executable policy_health_probe
[ 84%] Built target policy_health_probe
Consolidate compiler generated dependencies of target policy_observation_adapters_probe
[ 85%] Building CXX object CMakeFiles/policy_observation_adapters_probe.dir/test/policy_observation_adapters_probe.cpp.o
[ 87%] Linking CXX executable policy_envelope_probe
[ 87%] Built target policy_envelope_probe
[ 88%] Building CXX object CMakeFiles/policy_observer_runtime.dir/src/policy_observer_node.cpp.o
[ 90%] Linking CXX executable policy_observation_adapters_probe
[ 90%] Built target policy_observation_adapters_probe
[ 91%] Building CXX object CMakeFiles/policy_observer_core_probe.dir/test/policy_observer_core_probe.cpp.o
/home/yjh/WorkSpace/astribot_sdk_ros2/runs/cpp_migration_20260921/stage6b_stamp/source/ws_robot/src/astribot_s1_navigation_policy_native/src/policy_observer_node.cpp: In member function ‘void astribot::navigation::policy::PolicyObserverNode::process_scan(const Scan&)’:
/home/yjh/WorkSpace/astribot_sdk_ros2/runs/cpp_migration_20260921/stage6b_stamp/source/ws_robot/src/astribot_s1_navigation_policy_native/src/policy_observer_node.cpp:197:20: error: no match for ‘operator>’ (operand types are ‘const boost::multiprecision::number<boost::multiprecision::backends::cpp_int_backend<> >’ and ‘double’)
  197 |     if(age<0 || age>profile_->value("sensor_timeout_s")*1e9){std::ostringstream message;message.imbue(std::locale::classic());message<<"scan capture age "<<std::fixed<<std::setprecision(3)<<age*1e-9<<"s exceeds budget";last_error_=message.str();return;}
      |                 ~~~^~~~~~~~~~~~~~~~~~~~~~~~~~~~~~~~~~~~~~~~
      |                 |                                      |
      |                 |                                      double
      |                 const boost::multiprecision::number<boost::multiprecision::backends::cpp_int_backend<> >
/home/yjh/WorkSpace/astribot_sdk_ros2/runs/cpp_migration_20260921/stage6b_stamp/source/ws_robot/src/astribot_s1_navigation_policy_native/src/policy_observer_node.cpp:197:20: note: candidate: ‘operator>(int, double)’ (built-in)
  197 |     if(age<0 || age>profile_->value("sensor_timeout_s")*1e9){std::ostringstream message;message.imbue(std::locale::classic());message<<"scan capture age "<<std::fixed<<std::setprecision(3)<<age*1e-9<<"s exceeds budget";last_error_=message.str();return;}
      |                 ~~~^~~~~~~~~~~~~~~~~~~~~~~~~~~~~~~~~~~~~~~~
/home/yjh/WorkSpace/astribot_sdk_ros2/runs/cpp_migration_20260921/stage6b_stamp/source/ws_robot/src/astribot_s1_navigation_policy_native/src/policy_observer_node.cpp:197:20: note:   no known conversion for argument 1 from ‘const boost::multiprecision::number<boost::multiprecision::backends::cpp_int_backend<> >’ to ‘int’
In file included from /usr/include/c++/11/bits/stl_algobase.h:67,
                 from /usr/include/c++/11/array:40,
                 from /home/yjh/WorkSpace/astribot_sdk_ros2/runs/cpp_migration_20260921/stage6b_stamp/source/ws_robot/src/astribot_s1_navigation_policy_native/include/astribot_s1_navigation_policy_native/navigation_math.hpp:3,
                 from /home/yjh/WorkSpace/astribot_sdk_ros2/runs/cpp_migration_20260921/stage6b_stamp/source/ws_robot/src/astribot_s1_navigation_policy_native/include/astribot_s1_navigation_policy_native/policy_observer_core.hpp:2,
                 from /home/yjh/WorkSpace/astribot_sdk_ros2/runs/cpp_migration_20260921/stage6b_stamp/source/ws_robot/src/astribot_s1_navigation_policy_native/include/astribot_s1_navigation_policy_native/policy_observer_node.hpp:2,
                 from /home/yjh/WorkSpace/astribot_sdk_ros2/runs/cpp_migration_20260921/stage6b_stamp/source/ws_robot/src/astribot_s1_navigation_policy_native/src/policy_observer_node.cpp:1:
/usr/include/c++/11/bits/stl_iterator.h:1202:5: note: candidate: ‘template<class _IteratorL, class _IteratorR, class _Container> bool __gnu_cxx::operator>(const __gnu_cxx::__normal_iterator<_IteratorL, _Container>&, const __gnu_cxx::__normal_iterator<_IteratorR, _Container>&)’
 1202 |     operator>(const __normal_iterator<_IteratorL, _Container>& __lhs,
      |     ^~~~~~~~
/usr/include/c++/11/bits/stl_iterator.h:1202:5: note:   template argument deduction/substitution failed:
/home/yjh/WorkSpace/astribot_sdk_ros2/runs/cpp_migration_20260921/stage6b_stamp/source/ws_robot/src/astribot_s1_navigation_policy_native/src/policy_observer_node.cpp:197:57: note:   ‘const boost::multiprecision::number<boost::multiprecision::backends::cpp_int_backend<> >’ is not derived from ‘const __gnu_cxx::__normal_iterator<_IteratorL, _Container>’
  197 |     if(age<0 || age>profile_->value("sensor_timeout_s")*1e9){std::ostringstream message;message.imbue(std::locale::classic());message<<"scan capture age "<<std::fixed<<std::setprecision(3)<<age*1e-9<<"s exceeds budget";last_error_=message.str();return;}
      |                                                         ^~~
In file included from /usr/include/c++/11/bits/stl_algobase.h:67,
                 from /usr/include/c++/11/array:40,
                 from /home/yjh/WorkSpace/astribot_sdk_ros2/runs/cpp_migration_20260921/stage6b_stamp/source/ws_robot/src/astribot_s1_navigation_policy_native/include/astribot_s1_navigation_policy_native/navigation_math.hpp:3,
                 from /home/yjh/WorkSpace/astribot_sdk_ros2/runs/cpp_migration_20260921/stage6b_stamp/source/ws_robot/src/astribot_s1_navigation_policy_native/include/astribot_s1_navigation_policy_native/policy_observer_core.hpp:2,
                 from /home/yjh/WorkSpace/astribot_sdk_ros2/runs/cpp_migration_20260921/stage6b_stamp/source/ws_robot/src/astribot_s1_navigation_policy_native/include/astribot_s1_navigation_policy_native/policy_observer_node.hpp:2,
                 from /home/yjh/WorkSpace/astribot_sdk_ros2/runs/cpp_migration_20260921/stage6b_stamp/source/ws_robot/src/astribot_s1_navigation_policy_native/src/policy_observer_node.cpp:1:
/usr/include/c++/11/bits/stl_iterator.h:1210:5: note: candidate: ‘template<class _Iterator, class _Container> bool __gnu_cxx::operator>(const __gnu_cxx::__normal_iterator<_Iterator, _Container>&, const __gnu_cxx::__normal_iterator<_Iterator, _Container>&)’
 1210 |     operator>(const __normal_iterator<_Iterator, _Container>& __lhs,
      |     ^~~~~~~~
/usr/include/c++/11/bits/stl_iterator.h:1210:5: note:   template argument deduction/substitution failed:
/home/yjh/WorkSpace/astribot_sdk_ros2/runs/cpp_migration_20260921/stage6b_stamp/source/ws_robot/src/astribot_s1_navigation_policy_native/src/policy_observer_node.cpp:197:57: note:   ‘const boost::multiprecision::number<boost::multiprecision::backends::cpp_int_backend<> >’ is not derived from ‘const __gnu_cxx::__normal_iterator<_Iterator, _Container>’
  197 |     if(age<0 || age>profile_->value("sensor_timeout_s")*1e9){std::ostringstream message;message.imbue(std::locale::classic());message<<"scan capture age "<<std::fixed<<std::setprecision(3)<<age*1e-9<<"s exceeds budget";last_error_=message.str();return;}
      |                                                         ^~~
In file included from /usr/include/c++/11/utility:70,
                 from /usr/include/c++/11/array:38,
                 from /home/yjh/WorkSpace/astribot_sdk_ros2/runs/cpp_migration_20260921/stage6b_stamp/source/ws_robot/src/astribot_s1_navigation_policy_native/include/astribot_s1_navigation_policy_native/navigation_math.hpp:3,
                 from /home/yjh/WorkSpace/astribot_sdk_ros2/runs/cpp_migration_20260921/stage6b_stamp/source/ws_robot/src/astribot_s1_navigation_policy_native/include/astribot_s1_navigation_policy_native/policy_observer_core.hpp:2,
                 from /home/yjh/WorkSpace/astribot_sdk_ros2/runs/cpp_migration_20260921/stage6b_stamp/source/ws_robot/src/astribot_s1_navigation_policy_native/include/astribot_s1_navigation_policy_native/policy_observer_node.hpp:2,
                 from /home/yjh/WorkSpace/astribot_sdk_ros2/runs/cpp_migration_20260921/stage6b_stamp/source/ws_robot/src/astribot_s1_navigation_policy_native/src/policy_observer_node.cpp:1:
/usr/include/c++/11/bits/stl_pair.h:502:5: note: candidate: ‘template<class _T1, class _T2> constexpr bool std::operator>(const std::pair<_T1, _T2>&, const std::pair<_T1, _T2>&)’
  502 |     operator>(const pair<_T1, _T2>& __x, const pair<_T1, _T2>& __y)
      |     ^~~~~~~~
/usr/include/c++/11/bits/stl_pair.h:502:5: note:   template argument deduction/substitution failed:
/home/yjh/WorkSpace/astribot_sdk_ros2/runs/cpp_migration_20260921/stage6b_stamp/source/ws_robot/src/astribot_s1_navigation_policy_native/src/policy_observer_node.cpp:197:57: note:   ‘const boost::multiprecision::number<boost::multiprecision::backends::cpp_int_backend<> >’ is not derived from ‘const std::pair<_T1, _T2>’
  197 |     if(age<0 || age>profile_->value("sensor_timeout_s")*1e9){std::ostringstream message;message.imbue(std::locale::classic());message<<"scan capture age "<<std::fixed<<std::setprecision(3)<<age*1e-9<<"s exceeds budget";last_error_=message.str();return;}
      |                                                         ^~~
In file included from /usr/include/c++/11/bits/stl_algobase.h:67,
                 from /usr/include/c++/11/array:40,
                 from /home/yjh/WorkSpace/astribot_sdk_ros2/runs/cpp_migration_20260921/stage6b_stamp/source/ws_robot/src/astribot_s1_navigation_policy_native/include/astribot_s1_navigation_policy_native/navigation_math.hpp:3,
                 from /home/yjh/WorkSpace/astribot_sdk_ros2/runs/cpp_migration_20260921/stage6b_stamp/source/ws_robot/src/astribot_s1_navigation_policy_native/include/astribot_s1_navigation_policy_native/policy_observer_core.hpp:2,
                 from /home/yjh/WorkSpace/astribot_sdk_ros2/runs/cpp_migration_20260921/stage6b_stamp/source/ws_robot/src/astribot_s1_navigation_policy_native/include/astribot_s1_navigation_policy_native/policy_observer_node.hpp:2,
                 from /home/yjh/WorkSpace/astribot_sdk_ros2/runs/cpp_migration_20260921/stage6b_stamp/source/ws_robot/src/astribot_s1_navigation_policy_native/src/policy_observer_node.cpp:1:
/usr/include/c++/11/bits/stl_iterator.h:438:5: note: candidate: ‘template<class _Iterator> constexpr bool std::operator>(const std::reverse_iterator<_Iterator>&, const std::reverse_iterator<_Iterator>&)’
  438 |     operator>(const reverse_iterator<_Iterator>& __x,
      |     ^~~~~~~~
/usr/include/c++/11/bits/stl_iterator.h:438:5: note:   template argument deduction/substitution failed:
/home/yjh/WorkSpace/astribot_sdk_ros2/runs/cpp_migration_20260921/stage6b_stamp/source/ws_robot/src/astribot_s1_navigation_policy_native/src/policy_observer_node.cpp:197:57: note:   ‘const boost::multiprecision::number<boost::multiprecision::backends::cpp_int_backend<> >’ is not derived from ‘const std::reverse_iterator<_Iterator>’
  197 |     if(age<0 || age>profile_->value("sensor_timeout_s")*1e9){std::ostringstream message;message.imbue(std::locale::classic());message<<"scan capture age "<<std::fixed<<std::setprecision(3)<<age*1e-9<<"s exceeds budget";last_error_=message.str();return;}
      |                                                         ^~~
In file included from /usr/include/c++/11/bits/stl_algobase.h:67,
                 from /usr/include/c++/11/array:40,
                 from /home/yjh/WorkSpace/astribot_sdk_ros2/runs/cpp_migration_20260921/stage6b_stamp/source/ws_robot/src/astribot_s1_navigation_policy_native/include/astribot_s1_navigation_policy_native/navigation_math.hpp:3,
                 from /home/yjh/WorkSpace/astribot_sdk_ros2/runs/cpp_migration_20260921/stage6b_stamp/source/ws_robot/src/astribot_s1_navigation_policy_native/include/astribot_s1_navigation_policy_native/policy_observer_core.hpp:2,
                 from /home/yjh/WorkSpace/astribot_sdk_ros2/runs/cpp_migration_20260921/stage6b_stamp/source/ws_robot/src/astribot_s1_navigation_policy_native/include/astribot_s1_navigation_policy_native/policy_observer_node.hpp:2,
                 from /home/yjh/WorkSpace/astribot_sdk_ros2/runs/cpp_migration_20260921/stage6b_stamp/source/ws_robot/src/astribot_s1_navigation_policy_native/src/policy_observer_node.cpp:1:
/usr/include/c++/11/bits/stl_iterator.h:477:5: note: candidate: ‘template<class _IteratorL, class _IteratorR> constexpr bool std::operator>(const std::reverse_iterator<_Iterator>&, const std::reverse_iterator<_IteratorR>&)’
  477 |     operator>(const reverse_iterator<_IteratorL>& __x,
      |     ^~~~~~~~
/usr/include/c++/11/bits/stl_iterator.h:477:5: note:   template argument deduction/substitution failed:
/home/yjh/WorkSpace/astribot_sdk_ros2/runs/cpp_migration_20260921/stage6b_stamp/source/ws_robot/src/astribot_s1_navigation_policy_native/src/policy_observer_node.cpp:197:57: note:   ‘const boost::multiprecision::number<boost::multiprecision::backends::cpp_int_backend<> >’ is not derived from ‘const std::reverse_iterator<_Iterator>’
  197 |     if(age<0 || age>profile_->value("sensor_timeout_s")*1e9){std::ostringstream message;message.imbue(std::locale::classic());message<<"scan capture age "<<std::fixed<<std::setprecision(3)<<age*1e-9<<"s exceeds budget";last_error_=message.str();return;}
      |                                                         ^~~
In file included from /usr/include/c++/11/bits/stl_algobase.h:67,
                 from /usr/include/c++/11/array:40,
                 from /home/yjh/WorkSpace/astribot_sdk_ros2/runs/cpp_migration_20260921/stage6b_stamp/source/ws_robot/src/astribot_s1_navigation_policy_native/include/astribot_s1_navigation_policy_native/navigation_math.hpp:3,
                 from /home/yjh/WorkSpace/astribot_sdk_ros2/runs/cpp_migration_20260921/stage6b_stamp/source/ws_robot/src/astribot_s1_navigation_policy_native/include/astribot_s1_navigation_policy_native/policy_observer_core.hpp:2,
                 from /home/yjh/WorkSpace/astribot_sdk_ros2/runs/cpp_migration_20260921/stage6b_stamp/source/ws_robot/src/astribot_s1_navigation_policy_native/include/astribot_s1_navigation_policy_native/policy_observer_node.hpp:2,
                 from /home/yjh/WorkSpace/astribot_sdk_ros2/runs/cpp_migration_20260921/stage6b_stamp/source/ws_robot/src/astribot_s1_navigation_policy_native/src/policy_observer_node.cpp:1:
/usr/include/c++/11/bits/stl_iterator.h:1627:5: note: candidate: ‘template<class _IteratorL, class _IteratorR> constexpr bool std::operator>(const std::move_iterator<_IteratorL>&, const std::move_iterator<_IteratorR>&)’
 1627 |     operator>(const move_iterator<_IteratorL>& __x,
      |     ^~~~~~~~
/usr/include/c++/11/bits/stl_iterator.h:1627:5: note:   template argument deduction/substitution failed:
/home/yjh/WorkSpace/astribot_sdk_ros2/runs/cpp_migration_20260921/stage6b_stamp/source/ws_robot/src/astribot_s1_navigation_policy_native/src/policy_observer_node.cpp:197:57: note:   ‘const boost::multiprecision::number<boost::multiprecision::backends::cpp_int_backend<> >’ is not derived from ‘const std::move_iterator<_IteratorL>’
  197 |     if(age<0 || age>profile_->value("sensor_timeout_s")*1e9){std::ostringstream message;message.imbue(std::locale::classic());message<<"scan capture age "<<std::fixed<<std::setprecision(3)<<age*1e-9<<"s exceeds budget";last_error_=message.str();return;}
      |                                                         ^~~
In file included from /usr/include/c++/11/bits/stl_algobase.h:67,
                 from /usr/include/c++/11/array:40,
                 from /home/yjh/WorkSpace/astribot_sdk_ros2/runs/cpp_migration_20260921/stage6b_stamp/source/ws_robot/src/astribot_s1_navigation_policy_native/include/astribot_s1_navigation_policy_native/navigation_math.hpp:3,
                 from /home/yjh/WorkSpace/astribot_sdk_ros2/runs/cpp_migration_20260921/stage6b_stamp/source/ws_robot/src/astribot_s1_navigation_policy_native/include/astribot_s1_navigation_policy_native/policy_observer_core.hpp:2,
                 from /home/yjh/WorkSpace/astribot_sdk_ros2/runs/cpp_migration_20260921/stage6b_stamp/source/ws_robot/src/astribot_s1_navigation_policy_native/include/astribot_s1_navigation_policy_native/policy_observer_node.hpp:2,
                 from /home/yjh/WorkSpace/astribot_sdk_ros2/runs/cpp_migration_20260921/stage6b_stamp/source/ws_robot/src/astribot_s1_navigation_policy_native/src/policy_observer_node.cpp:1:
/usr/include/c++/11/bits/stl_iterator.h:1679:5: note: candidate: ‘template<class _Iterator> constexpr bool std::operator>(const std::move_iterator<_IteratorL>&, const std::move_iterator<_IteratorL>&)’
 1679 |     operator>(const move_iterator<_Iterator>& __x,
      |     ^~~~~~~~
/usr/include/c++/11/bits/stl_iterator.h:1679:5: note:   template argument deduction/substitution failed:
/home/yjh/WorkSpace/astribot_sdk_ros2/runs/cpp_migration_20260921/stage6b_stamp/source/ws_robot/src/astribot_s1_navigation_policy_native/src/policy_observer_node.cpp:197:57: note:   ‘const boost::multiprecision::number<boost::multiprecision::backends::cpp_int_backend<> >’ is not derived from ‘const std::move_iterator<_IteratorL>’
  197 |     if(age<0 || age>profile_->value("sensor_timeout_s")*1e9){std::ostringstream message;message.imbue(std::locale::classic());message<<"scan capture age "<<std::fixed<<std::setprecision(3)<<age*1e-9<<"s exceeds budget";last_error_=message.str();return;}
      |                                                         ^~~
In file included from /home/yjh/WorkSpace/astribot_sdk_ros2/runs/cpp_migration_20260921/stage6b_stamp/source/ws_robot/src/astribot_s1_navigation_policy_native/include/astribot_s1_navigation_policy_native/navigation_math.hpp:3,
                 from /home/yjh/WorkSpace/astribot_sdk_ros2/runs/cpp_migration_20260921/stage6b_stamp/source/ws_robot/src/astribot_s1_navigation_policy_native/include/astribot_s1_navigation_policy_native/policy_observer_core.hpp:2,
                 from /home/yjh/WorkSpace/astribot_sdk_ros2/runs/cpp_migration_20260921/stage6b_stamp/source/ws_robot/src/astribot_s1_navigation_policy_native/include/astribot_s1_navigation_policy_native/policy_observer_node.hpp:2,
                 from /home/yjh/WorkSpace/astribot_sdk_ros2/runs/cpp_migration_20260921/stage6b_stamp/source/ws_robot/src/astribot_s1_navigation_policy_native/src/policy_observer_node.cpp:1:
/usr/include/c++/11/array:320:5: note: candidate: ‘template<class _Tp, long unsigned int _Nm> bool std::operator>(const std::array<_Tp, _Nm>&, const std::array<_Tp, _Nm>&)’
  320 |     operator>(const array<_Tp, _Nm>& __one, const array<_Tp, _Nm>& __two)
      |     ^~~~~~~~
/usr/include/c++/11/array:320:5: note:   template argument deduction/substitution failed:
/home/yjh/WorkSpace/astribot_sdk_ros2/runs/cpp_migration_20260921/stage6b_stamp/source/ws_robot/src/astribot_s1_navigation_policy_native/src/policy_observer_node.cpp:197:57: note:   ‘const boost::multiprecision::number<boost::multiprecision::backends::cpp_int_backend<> >’ is not derived from ‘const std::array<_Tp, _Nm>’
  197 |     if(age<0 || age>profile_->value("sensor_timeout_s")*1e9){std::ostringstream message;message.imbue(std::locale::classic());message<<"scan capture age "<<std::fixed<<std::setprecision(3)<<age*1e-9<<"s exceeds budget";last_error_=message.str();return;}
      |                                                         ^~~
In file included from /usr/include/c++/11/bits/basic_string.h:48,
                 from /usr/include/c++/11/string:55,
                 from /home/yjh/WorkSpace/astribot_sdk_ros2/runs/cpp_migration_20260921/stage6b_stamp/source/ws_robot/src/astribot_s1_navigation_policy_native/include/astribot_s1_navigation_policy_native/navigation_math.hpp:6,
                 from /home/yjh/WorkSpace/astribot_sdk_ros2/runs/cpp_migration_20260921/stage6b_stamp/source/ws_robot/src/astribot_s1_navigation_policy_native/include/astribot_s1_navigation_policy_native/policy_observer_core.hpp:2,
                 from /home/yjh/WorkSpace/astribot_sdk_ros2/runs/cpp_migration_20260921/stage6b_stamp/source/ws_robot/src/astribot_s1_navigation_policy_native/include/astribot_s1_navigation_policy_native/policy_observer_node.hpp:2,
                 from /home/yjh/WorkSpace/astribot_sdk_ros2/runs/cpp_migration_20260921/stage6b_stamp/source/ws_robot/src/astribot_s1_navigation_policy_native/src/policy_observer_node.cpp:1:
/usr/include/c++/11/string_view:608:5: note: candidate: ‘template<class _CharT, class _Traits> constexpr bool std::operator>(std::basic_string_view<_CharT, _Traits>, std::basic_string_view<_CharT, _Traits>)’
  608 |     operator> (basic_string_view<_CharT, _Traits> __x,
      |     ^~~~~~~~
/usr/include/c++/11/string_view:608:5: note:   template argument deduction/substitution failed:
/home/yjh/WorkSpace/astribot_sdk_ros2/runs/cpp_migration_20260921/stage6b_stamp/source/ws_robot/src/astribot_s1_navigation_policy_native/src/policy_observer_node.cpp:197:57: note:   ‘boost::multiprecision::number<boost::multiprecision::backends::cpp_int_backend<> >’ is not derived from ‘std::basic_string_view<_CharT, _Traits>’
  197 |     if(age<0 || age>profile_->value("sensor_timeout_s")*1e9){std::ostringstream message;message.imbue(std::locale::classic());message<<"scan capture age "<<std::fixed<<std::setprecision(3)<<age*1e-9<<"s exceeds budget";last_error_=message.str();return;}
      |                                                         ^~~
In file included from /usr/include/c++/11/bits/basic_string.h:48,
                 from /usr/include/c++/11/string:55,
                 from /home/yjh/WorkSpace/astribot_sdk_ros2/runs/cpp_migration_20260921/stage6b_stamp/source/ws_robot/src/astribot_s1_navigation_policy_native/include/astribot_s1_navigation_policy_native/navigation_math.hpp:6,
                 from /home/yjh/WorkSpace/astribot_sdk_ros2/runs/cpp_migration_20260921/stage6b_stamp/source/ws_robot/src/astribot_s1_navigation_policy_native/include/astribot_s1_navigation_policy_native/policy_observer_core.hpp:2,
                 from /home/yjh/WorkSpace/astribot_sdk_ros2/runs/cpp_migration_20260921/stage6b_stamp/source/ws_robot/src/astribot_s1_navigation_policy_native/include/astribot_s1_navigation_policy_native/policy_observer_node.hpp:2,
                 from /home/yjh/WorkSpace/astribot_sdk_ros2/runs/cpp_migration_20260921/stage6b_stamp/source/ws_robot/src/astribot_s1_navigation_policy_native/src/policy_observer_node.cpp:1:
/usr/include/c++/11/string_view:614:5: note: candidate: ‘template<class _CharT, class _Traits> constexpr bool std::operator>(std::basic_string_view<_CharT, _Traits>, std::__type_identity_t<std::basic_string_view<_CharT, _Traits> >)’
  614 |     operator> (basic_string_view<_CharT, _Traits> __x,
      |     ^~~~~~~~
/usr/include/c++/11/string_view:614:5: note:   template argument deduction/substitution failed:
/home/yjh/WorkSpace/astribot_sdk_ros2/runs/cpp_migration_20260921/stage6b_stamp/source/ws_robot/src/astribot_s1_navigation_policy_native/src/policy_observer_node.cpp:197:57: note:   ‘boost::multiprecision::number<boost::multiprecision::backends::cpp_int_backend<> >’ is not derived from ‘std::basic_string_view<_CharT, _Traits>’
  197 |     if(age<0 || age>profile_->value("sensor_timeout_s")*1e9){std::ostringstream message;message.imbue(std::locale::classic());message<<"scan capture age "<<std::fixed<<std::setprecision(3)<<age*1e-9<<"s exceeds budget";last_error_=message.str();return;}
      |                                                         ^~~
In file included from /usr/include/c++/11/bits/basic_string.h:48,
                 from /usr/include/c++/11/string:55,
                 from /home/yjh/WorkSpace/astribot_sdk_ros2/runs/cpp_migration_20260921/stage6b_stamp/source/ws_robot/src/astribot_s1_navigation_policy_native/include/astribot_s1_navigation_policy_native/navigation_math.hpp:6,
                 from /home/yjh/WorkSpace/astribot_sdk_ros2/runs/cpp_migration_20260921/stage6b_stamp/source/ws_robot/src/astribot_s1_navigation_policy_native/include/astribot_s1_navigation_policy_native/policy_observer_core.hpp:2,
                 from /home/yjh/WorkSpace/astribot_sdk_ros2/runs/cpp_migration_20260921/stage6b_stamp/source/ws_robot/src/astribot_s1_navigation_policy_native/include/astribot_s1_navigation_policy_native/policy_observer_node.hpp:2,
                 from /home/yjh/WorkSpace/astribot_sdk_ros2/runs/cpp_migration_20260921/stage6b_stamp/source/ws_robot/src/astribot_s1_navigation_policy_native/src/policy_observer_node.cpp:1:
/usr/include/c++/11/string_view:621:5: note: candidate: ‘template<class _CharT, class _Traits> constexpr bool std::operator>(std::__type_identity_t<std::basic_string_view<_CharT, _Traits> >, std::basic_string_view<_CharT, _Traits>)’
  621 |     operator> (__type_identity_t<basic_string_view<_CharT, _Traits>> __x,
      |     ^~~~~~~~
/usr/include/c++/11/string_view:621:5: note:   template argument deduction/substitution failed:
/home/yjh/WorkSpace/astribot_sdk_ros2/runs/cpp_migration_20260921/stage6b_stamp/source/ws_robot/src/astribot_s1_navigation_policy_native/src/policy_observer_node.cpp:197:57: note:   mismatched types ‘std::basic_string_view<_CharT, _Traits>’ and ‘double’
  197 |     if(age<0 || age>profile_->value("sensor_timeout_s")*1e9){std::ostringstream message;message.imbue(std::locale::classic());message<<"scan capture age "<<std::fixed<<std::setprecision(3)<<age*1e-9<<"s exceeds budget";last_error_=message.str();return;}
      |                                                         ^~~
In file included from /usr/include/c++/11/string:55,
                 from /home/yjh/WorkSpace/astribot_sdk_ros2/runs/cpp_migration_20260921/stage6b_stamp/source/ws_robot/src/astribot_s1_navigation_policy_native/include/astribot_s1_navigation_policy_native/navigation_math.hpp:6,
                 from /home/yjh/WorkSpace/astribot_sdk_ros2/runs/cpp_migration_20260921/stage6b_stamp/source/ws_robot/src/astribot_s1_navigation_policy_native/include/astribot_s1_navigation_policy_native/policy_observer_core.hpp:2,
                 from /home/yjh/WorkSpace/astribot_sdk_ros2/runs/cpp_migration_20260921/stage6b_stamp/source/ws_robot/src/astribot_s1_navigation_policy_native/include/astribot_s1_navigation_policy_native/policy_observer_node.hpp:2,
                 from /home/yjh/WorkSpace/astribot_sdk_ros2/runs/cpp_migration_20260921/stage6b_stamp/source/ws_robot/src/astribot_s1_navigation_policy_native/src/policy_observer_node.cpp:1:
/usr/include/c++/11/bits/basic_string.h:6378:5: note: candidate: ‘template<class _CharT, class _Traits, class _Alloc> bool std::operator>(const std::__cxx11::basic_string<_CharT, _Traits, _Allocator>&, const std::__cxx11::basic_string<_CharT, _Traits, _Allocator>&)’
 6378 |     operator>(const basic_string<_CharT, _Traits, _Alloc>& __lhs,
      |     ^~~~~~~~
/usr/include/c++/11/bits/basic_string.h:6378:5: note:   template argument deduction/substitution failed:
/home/yjh/WorkSpace/astribot_sdk_ros2/runs/cpp_migration_20260921/stage6b_stamp/source/ws_robot/src/astribot_s1_navigation_policy_native/src/policy_observer_node.cpp:197:57: note:   ‘const boost::multiprecision::number<boost::multiprecision::backends::cpp_int_backend<> >’ is not derived from ‘const std::__cxx11::basic_string<_CharT, _Traits, _Allocator>’
  197 |     if(age<0 || age>profile_->value("sensor_timeout_s")*1e9){std::ostringstream message;message.imbue(std::locale::classic());message<<"scan capture age "<<std::fixed<<std::setprecision(3)<<age*1e-9<<"s exceeds budget";last_error_=message.str();return;}
      |                                                         ^~~
In file included from /usr/include/c++/11/string:55,
                 from /home/yjh/WorkSpace/astribot_sdk_ros2/runs/cpp_migration_20260921/stage6b_stamp/source/ws_robot/src/astribot_s1_navigation_policy_native/include/astribot_s1_navigation_policy_native/navigation_math.hpp:6,
                 from /home/yjh/WorkSpace/astribot_sdk_ros2/runs/cpp_migration_20260921/stage6b_stamp/source/ws_robot/src/astribot_s1_navigation_policy_native/include/astribot_s1_navigation_policy_native/policy_observer_core.hpp:2,
                 from /home/yjh/WorkSpace/astribot_sdk_ros2/runs/cpp_migration_20260921/stage6b_stamp/source/ws_robot/src/astribot_s1_navigation_policy_native/include/astribot_s1_navigation_policy_native/policy_observer_node.hpp:2,
                 from /home/yjh/WorkSpace/astribot_sdk_ros2/runs/cpp_migration_20260921/stage6b_stamp/source/ws_robot/src/astribot_s1_navigation_policy_native/src/policy_observer_node.cpp:1:
/usr/include/c++/11/bits/basic_string.h:6391:5: note: candidate: ‘template<class _CharT, class _Traits, class _Alloc> bool std::operator>(const std::__cxx11::basic_string<_CharT, _Traits, _Allocator>&, const _CharT*)’
 6391 |     operator>(const basic_string<_CharT, _Traits, _Alloc>& __lhs,
      |     ^~~~~~~~
/usr/include/c++/11/bits/basic_string.h:6391:5: note:   template argument deduction/substitution failed:
/home/yjh/WorkSpace/astribot_sdk_ros2/runs/cpp_migration_20260921/stage6b_stamp/source/ws_robot/src/astribot_s1_navigation_policy_native/src/policy_observer_node.cpp:197:57: note:   ‘const boost::multiprecision::number<boost::multiprecision::backends::cpp_int_backend<> >’ is not derived from ‘const std::__cxx11::basic_string<_CharT, _Traits, _Allocator>’
  197 |     if(age<0 || age>profile_->value("sensor_timeout_s")*1e9){std::ostringstream message;message.imbue(std::locale::classic());message<<"scan capture age "<<std::fixed<<std::setprecision(3)<<age*1e-9<<"s exceeds budget";last_error_=message.str();return;}
      |                                                         ^~~
In file included from /usr/include/c++/11/string:55,
                 from /home/yjh/WorkSpace/astribot_sdk_ros2/runs/cpp_migration_20260921/stage6b_stamp/source/ws_robot/src/astribot_s1_navigation_policy_native/include/astribot_s1_navigation_policy_native/navigation_math.hpp:6,
                 from /home/yjh/WorkSpace/astribot_sdk_ros2/runs/cpp_migration_20260921/stage6b_stamp/source/ws_robot/src/astribot_s1_navigation_policy_native/include/astribot_s1_navigation_policy_native/policy_observer_core.hpp:2,
                 from /home/yjh/WorkSpace/astribot_sdk_ros2/runs/cpp_migration_20260921/stage6b_stamp/source/ws_robot/src/astribot_s1_navigation_policy_native/include/astribot_s1_navigation_policy_native/policy_observer_node.hpp:2,
                 from /home/yjh/WorkSpace/astribot_sdk_ros2/runs/cpp_migration_20260921/stage6b_stamp/source/ws_robot/src/astribot_s1_navigation_policy_native/src/policy_observer_node.cpp:1:
/usr/include/c++/11/bits/basic_string.h:6403:5: note: candidate: ‘template<class _CharT, class _Traits, class _Alloc> bool std::operator>(const _CharT*, const std::__cxx11::basic_string<_CharT, _Traits, _Allocator>&)’
 6403 |     operator>(const _CharT* __lhs,
      |     ^~~~~~~~
/usr/include/c++/11/bits/basic_string.h:6403:5: note:   template argument deduction/substitution failed:
/home/yjh/WorkSpace/astribot_sdk_ros2/runs/cpp_migration_20260921/stage6b_stamp/source/ws_robot/src/astribot_s1_navigation_policy_native/src/policy_observer_node.cpp:197:57: note:   mismatched types ‘const _CharT*’ and ‘boost::multiprecision::number<boost::multiprecision::backends::cpp_int_backend<> >’
  197 |     if(age<0 || age>profile_->value("sensor_timeout_s")*1e9){std::ostringstream message;message.imbue(std::locale::classic());message<<"scan capture age "<<std::fixed<<std::setprecision(3)<<age*1e-9<<"s exceeds budget";last_error_=message.str();return;}
      |                                                         ^~~
In file included from /usr/include/c++/11/vector:67,
                 from /home/yjh/WorkSpace/astribot_sdk_ros2/runs/cpp_migration_20260921/stage6b_stamp/source/ws_robot/src/astribot_s1_navigation_policy_native/include/astribot_s1_navigation_policy_native/navigation_math.hpp:8,
                 from /home/yjh/WorkSpace/astribot_sdk_ros2/runs/cpp_migration_20260921/stage6b_stamp/source/ws_robot/src/astribot_s1_navigation_policy_native/include/astribot_s1_navigation_policy_native/policy_observer_core.hpp:2,
                 from /home/yjh/WorkSpace/astribot_sdk_ros2/runs/cpp_migration_20260921/stage6b_stamp/source/ws_robot/src/astribot_s1_navigation_policy_native/include/astribot_s1_navigation_policy_native/policy_observer_node.hpp:2,
                 from /home/yjh/WorkSpace/astribot_sdk_ros2/runs/cpp_migration_20260921/stage6b_stamp/source/ws_robot/src/astribot_s1_navigation_policy_native/src/policy_observer_node.cpp:1:
/usr/include/c++/11/bits/stl_vector.h:1943:5: note: candidate: ‘template<class _Tp, class _Alloc> bool std::operator>(const std::vector<_Tp, _Alloc>&, const std::vector<_Tp, _Alloc>&)’
 1943 |     operator>(const vector<_Tp, _Alloc>& __x, const vector<_Tp, _Alloc>& __y)
      |     ^~~~~~~~
/usr/include/c++/11/bits/stl_vector.h:1943:5: note:   template argument deduction/substitution failed:
/home/yjh/WorkSpace/astribot_sdk_ros2/runs/cpp_migration_20260921/stage6b_stamp/source/ws_robot/src/astribot_s1_navigation_policy_native/src/policy_observer_node.cpp:197:57: note:   ‘const boost::multiprecision::number<boost::multiprecision::backends::cpp_int_backend<> >’ is not derived from ‘const std::vector<_Tp, _Alloc>’
  197 |     if(age<0 || age>profile_->value("sensor_timeout_s")*1e9){std::ostringstream message;message.imbue(std::locale::classic());message<<"scan capture age "<<std::fixed<<std::setprecision(3)<<age*1e-9<<"s exceeds budget";last_error_=message.str();return;}
      |                                                         ^~~
In file included from /home/yjh/WorkSpace/astribot_sdk_ros2/runs/cpp_migration_20260921/stage6b_stamp/source/ws_robot/src/astribot_s1_navigation_policy_native/include/astribot_s1_navigation_policy_native/navigation_math.hpp:9,
                 from /home/yjh/WorkSpace/astribot_sdk_ros2/runs/cpp_migration_20260921/stage6b_stamp/source/ws_robot/src/astribot_s1_navigation_policy_native/include/astribot_s1_navigation_policy_native/policy_observer_core.hpp:2,
                 from /home/yjh/WorkSpace/astribot_sdk_ros2/runs/cpp_migration_20260921/stage6b_stamp/source/ws_robot/src/astribot_s1_navigation_policy_native/include/astribot_s1_navigation_policy_native/policy_observer_node.hpp:2,
                 from /home/yjh/WorkSpace/astribot_sdk_ros2/runs/cpp_migration_20260921/stage6b_stamp/source/ws_robot/src/astribot_s1_navigation_policy_native/src/policy_observer_node.cpp:1:
/usr/include/c++/11/tuple:1585:5: note: candidate: ‘template<class ... _TElements, class ... _UElements> constexpr bool std::operator>(const std::tuple<_Tps ...>&, const std::tuple<_UTypes ...>&)’
 1585 |     operator>(const tuple<_TElements...>& __t,
      |     ^~~~~~~~
/usr/include/c++/11/tuple:1585:5: note:   template argument deduction/substitution failed:
/home/yjh/WorkSpace/astribot_sdk_ros2/runs/cpp_migration_20260921/stage6b_stamp/source/ws_robot/src/astribot_s1_navigation_policy_native/src/policy_observer_node.cpp:197:57: note:   ‘const boost::multiprecision::number<boost::multiprecision::backends::cpp_int_backend<> >’ is not derived from ‘const std::tuple<_Tps ...>’
  197 |     if(age<0 || age>profile_->value("sensor_timeout_s")*1e9){std::ostringstream message;message.imbue(std::locale::classic());message<<"scan capture age "<<std::fixed<<std::setprecision(3)<<age*1e-9<<"s exceeds budget";last_error_=message.str();return;}
      |                                                         ^~~
In file included from /usr/include/c++/11/bits/locale_conv.h:41,
                 from /usr/include/c++/11/locale:43,
                 from /usr/include/c++/11/iomanip:43,
                 from /usr/include/boost/multiprecision/cpp_int.hpp:10,
                 from /home/yjh/WorkSpace/astribot_sdk_ros2/runs/cpp_migration_20260921/stage6b_stamp/source/ws_robot/src/astribot_s1_navigation_policy_native/include/astribot_s1_navigation_policy_native/policy_integer.hpp:3,
                 from /home/yjh/WorkSpace/astribot_sdk_ros2/runs/cpp_migration_20260921/stage6b_stamp/source/ws_robot/src/astribot_s1_navigation_policy_native/include/astribot_s1_navigation_policy_native/policy_contracts.hpp:5,
                 from /home/yjh/WorkSpace/astribot_sdk_ros2/runs/cpp_migration_20260921/stage6b_stamp/source/ws_robot/src/astribot_s1_navigation_policy_native/include/astribot_s1_navigation_policy_native/policy_observer_core.hpp:3,
                 from /home/yjh/WorkSpace/astribot_sdk_ros2/runs/cpp_migration_20260921/stage6b_stamp/source/ws_robot/src/astribot_s1_navigation_policy_native/include/astribot_s1_navigation_policy_native/policy_observer_node.hpp:2,
                 from /home/yjh/WorkSpace/astribot_sdk_ros2/runs/cpp_migration_20260921/stage6b_stamp/source/ws_robot/src/astribot_s1_navigation_policy_native/src/policy_observer_node.cpp:1:
/usr/include/c++/11/bits/unique_ptr.h:846:5: note: candidate: ‘template<class _Tp, class _Dp, class _Up, class _Ep> bool std::operator>(const std::unique_ptr<_Tp, _Dp>&, const std::unique_ptr<_Up, _Ep>&)’
  846 |     operator>(const unique_ptr<_Tp, _Dp>& __x,
      |     ^~~~~~~~
/usr/include/c++/11/bits/unique_ptr.h:846:5: note:   template argument deduction/substitution failed:
/home/yjh/WorkSpace/astribot_sdk_ros2/runs/cpp_migration_20260921/stage6b_stamp/source/ws_robot/src/astribot_s1_navigation_policy_native/src/policy_observer_node.cpp:197:57: note:   ‘const boost::multiprecision::number<boost::multiprecision::backends::cpp_int_backend<> >’ is not derived from ‘const std::unique_ptr<_Tp, _Dp>’
  197 |     if(age<0 || age>profile_->value("sensor_timeout_s")*1e9){std::ostringstream message;message.imbue(std::locale::classic());message<<"scan capture age "<<std::fixed<<std::setprecision(3)<<age*1e-9<<"s exceeds budget";last_error_=message.str();return;}
      |                                                         ^~~
In file included from /usr/include/c++/11/bits/locale_conv.h:41,
                 from /usr/include/c++/11/locale:43,
                 from /usr/include/c++/11/iomanip:43,
                 from /usr/include/boost/multiprecision/cpp_int.hpp:10,
                 from /home/yjh/WorkSpace/astribot_sdk_ros2/runs/cpp_migration_20260921/stage6b_stamp/source/ws_robot/src/astribot_s1_navigation_policy_native/include/astribot_s1_navigation_policy_native/policy_integer.hpp:3,
                 from /home/yjh/WorkSpace/astribot_sdk_ros2/runs/cpp_migration_20260921/stage6b_stamp/source/ws_robot/src/astribot_s1_navigation_policy_native/include/astribot_s1_navigation_policy_native/policy_contracts.hpp:5,
                 from /home/yjh/WorkSpace/astribot_sdk_ros2/runs/cpp_migration_20260921/stage6b_stamp/source/ws_robot/src/astribot_s1_navigation_policy_native/include/astribot_s1_navigation_policy_native/policy_observer_core.hpp:3,
                 from /home/yjh/WorkSpace/astribot_sdk_ros2/runs/cpp_migration_20260921/stage6b_stamp/source/ws_robot/src/astribot_s1_navigation_policy_native/include/astribot_s1_navigation_policy_native/policy_observer_node.hpp:2,
                 from /home/yjh/WorkSpace/astribot_sdk_ros2/runs/cpp_migration_20260921/stage6b_stamp/source/ws_robot/src/astribot_s1_navigation_policy_native/src/policy_observer_node.cpp:1:
/usr/include/c++/11/bits/unique_ptr.h:853:5: note: candidate: ‘template<class _Tp, class _Dp> bool std::operator>(const std::unique_ptr<_Tp, _Dp>&, std::nullptr_t)’
  853 |     operator>(const unique_ptr<_Tp, _Dp>& __x, nullptr_t)
      |     ^~~~~~~~
/usr/include/c++/11/bits/unique_ptr.h:853:5: note:   template argument deduction/substitution failed:
/home/yjh/WorkSpace/astribot_sdk_ros2/runs/cpp_migration_20260921/stage6b_stamp/source/ws_robot/src/astribot_s1_navigation_policy_native/src/policy_observer_node.cpp:197:57: note:   ‘const boost::multiprecision::number<boost::multiprecision::backends::cpp_int_backend<> >’ is not derived from ‘const std::unique_ptr<_Tp, _Dp>’
  197 |     if(age<0 || age>profile_->value("sensor_timeout_s")*1e9){std::ostringstream message;message.imbue(std::locale::classic());message<<"scan capture age "<<std::fixed<<std::setprecision(3)<<age*1e-9<<"s exceeds budget";last_error_=message.str();return;}
      |                                                         ^~~
In file included from /usr/include/c++/11/bits/locale_conv.h:41,
                 from /usr/include/c++/11/locale:43,
                 from /usr/include/c++/11/iomanip:43,
                 from /usr/include/boost/multiprecision/cpp_int.hpp:10,
                 from /home/yjh/WorkSpace/astribot_sdk_ros2/runs/cpp_migration_20260921/stage6b_stamp/source/ws_robot/src/astribot_s1_navigation_policy_native/include/astribot_s1_navigation_policy_native/policy_integer.hpp:3,
                 from /home/yjh/WorkSpace/astribot_sdk_ros2/runs/cpp_migration_20260921/stage6b_stamp/source/ws_robot/src/astribot_s1_navigation_policy_native/include/astribot_s1_navigation_policy_native/policy_contracts.hpp:5,
                 from /home/yjh/WorkSpace/astribot_sdk_ros2/runs/cpp_migration_20260921/stage6b_stamp/source/ws_robot/src/astribot_s1_navigation_policy_native/include/astribot_s1_navigation_policy_native/policy_observer_core.hpp:3,
                 from /home/yjh/WorkSpace/astribot_sdk_ros2/runs/cpp_migration_20260921/stage6b_stamp/source/ws_robot/src/astribot_s1_navigation_policy_native/include/astribot_s1_navigation_policy_native/policy_observer_node.hpp:2,
                 from /home/yjh/WorkSpace/astribot_sdk_ros2/runs/cpp_migration_20260921/stage6b_stamp/source/ws_robot/src/astribot_s1_navigation_policy_native/src/policy_observer_node.cpp:1:
/usr/include/c++/11/bits/unique_ptr.h:862:5: note: candidate: ‘template<class _Tp, class _Dp> bool std::operator>(std::nullptr_t, const std::unique_ptr<_Tp, _Dp>&)’
  862 |     operator>(nullptr_t, const unique_ptr<_Tp, _Dp>& __x)
      |     ^~~~~~~~
/usr/include/c++/11/bits/unique_ptr.h:862:5: note:   template argument deduction/substitution failed:
/home/yjh/WorkSpace/astribot_sdk_ros2/runs/cpp_migration_20260921/stage6b_stamp/source/ws_robot/src/astribot_s1_navigation_policy_native/src/policy_observer_node.cpp:197:57: note:   mismatched types ‘const std::unique_ptr<_Tp, _Dp>’ and ‘double’
  197 |     if(age<0 || age>profile_->value("sensor_timeout_s")*1e9){std::ostringstream message;message.imbue(std::locale::classic());message<<"scan capture age "<<std::fixed<<std::setprecision(3)<<age*1e-9<<"s exceeds budget";last_error_=message.str();return;}
      |                                                         ^~~
In file included from /usr/include/boost/container_hash/hash.hpp:111,
                 from /usr/include/boost/multiprecision/number.hpp:29,
                 from /usr/include/boost/multiprecision/cpp_int.hpp:12,
                 from /home/yjh/WorkSpace/astribot_sdk_ros2/runs/cpp_migration_20260921/stage6b_stamp/source/ws_robot/src/astribot_s1_navigation_policy_native/include/astribot_s1_navigation_policy_native/policy_integer.hpp:3,
                 from /home/yjh/WorkSpace/astribot_sdk_ros2/runs/cpp_migration_20260921/stage6b_stamp/source/ws_robot/src/astribot_s1_navigation_policy_native/include/astribot_s1_navigation_policy_native/policy_contracts.hpp:5,
                 from /home/yjh/WorkSpace/astribot_sdk_ros2/runs/cpp_migration_20260921/stage6b_stamp/source/ws_robot/src/astribot_s1_navigation_policy_native/include/astribot_s1_navigation_policy_native/policy_observer_core.hpp:3,
                 from /home/yjh/WorkSpace/astribot_sdk_ros2/runs/cpp_migration_20260921/stage6b_stamp/source/ws_robot/src/astribot_s1_navigation_policy_native/include/astribot_s1_navigation_policy_native/policy_observer_node.hpp:2,
                 from /home/yjh/WorkSpace/astribot_sdk_ros2/runs/cpp_migration_20260921/stage6b_stamp/source/ws_robot/src/astribot_s1_navigation_policy_native/src/policy_observer_node.cpp:1:
/usr/include/c++/11/optional:1071:5: note: candidate: ‘template<class _Tp, class _Up> constexpr std::__optional_gt_t<_Tp, _Up> std::operator>(const std::optional<_Tp>&, const std::optional<_Up>&)’
 1071 |     operator>(const optional<_Tp>& __lhs, const optional<_Up>& __rhs)
      |     ^~~~~~~~
/usr/include/c++/11/optional:1071:5: note:   template argument deduction/substitution failed:
/home/yjh/WorkSpace/astribot_sdk_ros2/runs/cpp_migration_20260921/stage6b_stamp/source/ws_robot/src/astribot_s1_navigation_policy_native/src/policy_observer_node.cpp:197:57: note:   ‘const boost::multiprecision::number<boost::multiprecision::backends::cpp_int_backend<> >’ is not derived from ‘const std::optional<_Tp>’
  197 |     if(age<0 || age>profile_->value("sensor_timeout_s")*1e9){std::ostringstream message;message.imbue(std::locale::classic());message<<"scan capture age "<<std::fixed<<std::setprecision(3)<<age*1e-9<<"s exceeds budget";last_error_=message.str();return;}
      |                                                         ^~~
In file included from /usr/include/boost/container_hash/hash.hpp:111,
                 from /usr/include/boost/multiprecision/number.hpp:29,
                 from /usr/include/boost/multiprecision/cpp_int.hpp:12,
                 from /home/yjh/WorkSpace/astribot_sdk_ros2/runs/cpp_migration_20260921/stage6b_stamp/source/ws_robot/src/astribot_s1_navigation_policy_native/include/astribot_s1_navigation_policy_native/policy_integer.hpp:3,
                 from /home/yjh/WorkSpace/astribot_sdk_ros2/runs/cpp_migration_20260921/stage6b_stamp/source/ws_robot/src/astribot_s1_navigation_policy_native/include/astribot_s1_navigation_policy_native/policy_contracts.hpp:5,
                 from /home/yjh/WorkSpace/astribot_sdk_ros2/runs/cpp_migration_20260921/stage6b_stamp/source/ws_robot/src/astribot_s1_navigation_policy_native/include/astribot_s1_navigation_policy_native/policy_observer_core.hpp:3,
                 from /home/yjh/WorkSpace/astribot_sdk_ros2/runs/cpp_migration_20260921/stage6b_stamp/source/ws_robot/src/astribot_s1_navigation_policy_native/include/astribot_s1_navigation_policy_native/policy_observer_node.hpp:2,
                 from /home/yjh/WorkSpace/astribot_sdk_ros2/runs/cpp_migration_20260921/stage6b_stamp/source/ws_robot/src/astribot_s1_navigation_policy_native/src/policy_observer_node.cpp:1:
/usr/include/c++/11/optional:1141:5: note: candidate: ‘template<class _Tp> constexpr bool std::operator>(const std::optional<_Tp>&, std::nullopt_t)’
 1141 |     operator>(const optional<_Tp>& __lhs, nullopt_t) noexcept
      |     ^~~~~~~~
/usr/include/c++/11/optional:1141:5: note:   template argument deduction/substitution failed:
/home/yjh/WorkSpace/astribot_sdk_ros2/runs/cpp_migration_20260921/stage6b_stamp/source/ws_robot/src/astribot_s1_navigation_policy_native/src/policy_observer_node.cpp:197:57: note:   ‘const boost::multiprecision::number<boost::multiprecision::backends::cpp_int_backend<> >’ is not derived from ‘const std::optional<_Tp>’
  197 |     if(age<0 || age>profile_->value("sensor_timeout_s")*1e9){std::ostringstream message;message.imbue(std::locale::classic());message<<"scan capture age "<<std::fixed<<std::setprecision(3)<<age*1e-9<<"s exceeds budget";last_error_=message.str();return;}
      |                                                         ^~~
In file included from /usr/include/boost/container_hash/hash.hpp:111,
                 from /usr/include/boost/multiprecision/number.hpp:29,
                 from /usr/include/boost/multiprecision/cpp_int.hpp:12,
                 from /home/yjh/WorkSpace/astribot_sdk_ros2/runs/cpp_migration_20260921/stage6b_stamp/source/ws_robot/src/astribot_s1_navigation_policy_native/include/astribot_s1_navigation_policy_native/policy_integer.hpp:3,
                 from /home/yjh/WorkSpace/astribot_sdk_ros2/runs/cpp_migration_20260921/stage6b_stamp/source/ws_robot/src/astribot_s1_navigation_policy_native/include/astribot_s1_navigation_policy_native/policy_contracts.hpp:5,
                 from /home/yjh/WorkSpace/astribot_sdk_ros2/runs/cpp_migration_20260921/stage6b_stamp/source/ws_robot/src/astribot_s1_navigation_policy_native/include/astribot_s1_navigation_policy_native/policy_observer_core.hpp:3,
                 from /home/yjh/WorkSpace/astribot_sdk_ros2/runs/cpp_migration_20260921/stage6b_stamp/source/ws_robot/src/astribot_s1_navigation_policy_native/include/astribot_s1_navigation_policy_native/policy_observer_node.hpp:2,
                 from /home/yjh/WorkSpace/astribot_sdk_ros2/runs/cpp_migration_20260921/stage6b_stamp/source/ws_robot/src/astribot_s1_navigation_policy_native/src/policy_observer_node.cpp:1:
/usr/include/c++/11/optional:1146:5: note: candidate: ‘template<class _Tp> constexpr bool std::operator>(std::nullopt_t, const std::optional<_Tp>&)’
 1146 |     operator>(nullopt_t, const optional<_Tp>& /* __rhs */) noexcept
      |     ^~~~~~~~
/usr/include/c++/11/optional:1146:5: note:   template argument deduction/substitution failed:
/home/yjh/WorkSpace/astribot_sdk_ros2/runs/cpp_migration_20260921/stage6b_stamp/source/ws_robot/src/astribot_s1_navigation_policy_native/src/policy_observer_node.cpp:197:57: note:   mismatched types ‘const std::optional<_Tp>’ and ‘double’
  197 |     if(age<0 || age>profile_->value("sensor_timeout_s")*1e9){std::ostringstream message;message.imbue(std::locale::classic());message<<"scan capture age "<<std::fixed<<std::setprecision(3)<<age*1e-9<<"s exceeds budget";last_error_=message.str();return;}
      |                                                         ^~~
In file included from /usr/include/boost/container_hash/hash.hpp:111,
                 from /usr/include/boost/multiprecision/number.hpp:29,
                 from /usr/include/boost/multiprecision/cpp_int.hpp:12,
                 from /home/yjh/WorkSpace/astribot_sdk_ros2/runs/cpp_migration_20260921/stage6b_stamp/source/ws_robot/src/astribot_s1_navigation_policy_native/include/astribot_s1_navigation_policy_native/policy_integer.hpp:3,
                 from /home/yjh/WorkSpace/astribot_sdk_ros2/runs/cpp_migration_20260921/stage6b_stamp/source/ws_robot/src/astribot_s1_navigation_policy_native/include/astribot_s1_navigation_policy_native/policy_contracts.hpp:5,
                 from /home/yjh/WorkSpace/astribot_sdk_ros2/runs/cpp_migration_20260921/stage6b_stamp/source/ws_robot/src/astribot_s1_navigation_policy_native/include/astribot_s1_navigation_policy_native/policy_observer_core.hpp:3,
                 from /home/yjh/WorkSpace/astribot_sdk_ros2/runs/cpp_migration_20260921/stage6b_stamp/source/ws_robot/src/astribot_s1_navigation_policy_native/include/astribot_s1_navigation_policy_native/policy_observer_node.hpp:2,
                 from /home/yjh/WorkSpace/astribot_sdk_ros2/runs/cpp_migration_20260921/stage6b_stamp/source/ws_robot/src/astribot_s1_navigation_policy_native/src/policy_observer_node.cpp:1:
/usr/include/c++/11/optional:1209:5: note: candidate: ‘template<class _Tp, class _Up> constexpr std::__optional_gt_t<_Tp, _Up> std::operator>(const std::optional<_Tp>&, const _Up&)’
 1209 |     operator>(const optional<_Tp>& __lhs, const _Up& __rhs)
      |     ^~~~~~~~
/usr/include/c++/11/optional:1209:5: note:   template argument deduction/substitution failed:
/home/yjh/WorkSpace/astribot_sdk_ros2/runs/cpp_migration_20260921/stage6b_stamp/source/ws_robot/src/astribot_s1_navigation_policy_native/src/policy_observer_node.cpp:197:57: note:   ‘const boost::multiprecision::number<boost::multiprecision::backends::cpp_int_backend<> >’ is not derived from ‘const std::optional<_Tp>’
  197 |     if(age<0 || age>profile_->value("sensor_timeout_s")*1e9){std::ostringstream message;message.imbue(std::locale::classic());message<<"scan capture age "<<std::fixed<<std::setprecision(3)<<age*1e-9<<"s exceeds budget";last_error_=message.str();return;}
      |                                                         ^~~
In file included from /usr/include/boost/container_hash/hash.hpp:111,
                 from /usr/include/boost/multiprecision/number.hpp:29,
                 from /usr/include/boost/multiprecision/cpp_int.hpp:12,
                 from /home/yjh/WorkSpace/astribot_sdk_ros2/runs/cpp_migration_20260921/stage6b_stamp/source/ws_robot/src/astribot_s1_navigation_policy_native/include/astribot_s1_navigation_policy_native/policy_integer.hpp:3,
                 from /home/yjh/WorkSpace/astribot_sdk_ros2/runs/cpp_migration_20260921/stage6b_stamp/source/ws_robot/src/astribot_s1_navigation_policy_native/include/astribot_s1_navigation_policy_native/policy_contracts.hpp:5,
                 from /home/yjh/WorkSpace/astribot_sdk_ros2/runs/cpp_migration_20260921/stage6b_stamp/source/ws_robot/src/astribot_s1_navigation_policy_native/include/astribot_s1_navigation_policy_native/policy_observer_core.hpp:3,
                 from /home/yjh/WorkSpace/astribot_sdk_ros2/runs/cpp_migration_20260921/stage6b_stamp/source/ws_robot/src/astribot_s1_navigation_policy_native/include/astribot_s1_navigation_policy_native/policy_observer_node.hpp:2,
                 from /home/yjh/WorkSpace/astribot_sdk_ros2/runs/cpp_migration_20260921/stage6b_stamp/source/ws_robot/src/astribot_s1_navigation_policy_native/src/policy_observer_node.cpp:1:
/usr/include/c++/11/optional:1215:5: note: candidate: ‘template<class _Tp, class _Up> constexpr std::__optional_gt_t<_Up, _Tp> std::operator>(const _Up&, const std::optional<_Tp>&)’
 1215 |     operator>(const _Up& __lhs, const optional<_Tp>& __rhs)
      |     ^~~~~~~~
/usr/include/c++/11/optional:1215:5: note:   template argument deduction/substitution failed:
/home/yjh/WorkSpace/astribot_sdk_ros2/runs/cpp_migration_20260921/stage6b_stamp/source/ws_robot/src/astribot_s1_navigation_policy_native/src/policy_observer_node.cpp:197:57: note:   mismatched types ‘const std::optional<_Tp>’ and ‘double’
  197 |     if(age<0 || age>profile_->value("sensor_timeout_s")*1e9){std::ostringstream message;message.imbue(std::locale::classic());message<<"scan capture age "<<std::fixed<<std::setprecision(3)<<age*1e-9<<"s exceeds budget";last_error_=message.str();return;}
      |                                                         ^~~
In file included from /usr/include/boost/container_hash/hash.hpp:115,
                 from /usr/include/boost/multiprecision/number.hpp:29,
                 from /usr/include/boost/multiprecision/cpp_int.hpp:12,
                 from /home/yjh/WorkSpace/astribot_sdk_ros2/runs/cpp_migration_20260921/stage6b_stamp/source/ws_robot/src/astribot_s1_navigation_policy_native/include/astribot_s1_navigation_policy_native/policy_integer.hpp:3,
                 from /home/yjh/WorkSpace/astribot_sdk_ros2/runs/cpp_migration_20260921/stage6b_stamp/source/ws_robot/src/astribot_s1_navigation_policy_native/include/astribot_s1_navigation_policy_native/policy_contracts.hpp:5,
                 from /home/yjh/WorkSpace/astribot_sdk_ros2/runs/cpp_migration_20260921/stage6b_stamp/source/ws_robot/src/astribot_s1_navigation_policy_native/include/astribot_s1_navigation_policy_native/policy_observer_core.hpp:3,
                 from /home/yjh/WorkSpace/astribot_sdk_ros2/runs/cpp_migration_20260921/stage6b_stamp/source/ws_robot/src/astribot_s1_navigation_policy_native/include/astribot_s1_navigation_policy_native/policy_observer_node.hpp:2,
                 from /home/yjh/WorkSpace/astribot_sdk_ros2/runs/cpp_migration_20260921/stage6b_stamp/source/ws_robot/src/astribot_s1_navigation_policy_native/src/policy_observer_node.cpp:1:
/usr/include/c++/11/variant:1235:3: note: candidate: ‘template<class ... _Types> constexpr bool std::operator>(const std::variant<_Types ...>&, const std::variant<_Types ...>&)’
 1235 |   _VARIANT_RELATION_FUNCTION_TEMPLATE(>, greater)
      |   ^~~~~~~~~~~~~~~~~~~~~~~~~~~~~~~~~~~
/usr/include/c++/11/variant:1235:3: note:   template argument deduction/substitution failed:
/home/yjh/WorkSpace/astribot_sdk_ros2/runs/cpp_migration_20260921/stage6b_stamp/source/ws_robot/src/astribot_s1_navigation_policy_native/src/policy_observer_node.cpp:197:57: note:   ‘const boost::multiprecision::number<boost::multiprecision::backends::cpp_int_backend<> >’ is not derived from ‘const std::variant<_Types ...>’
  197 |     if(age<0 || age>profile_->value("sensor_timeout_s")*1e9){std::ostringstream message;message.imbue(std::locale::classic());message<<"scan capture age "<<std::fixed<<std::setprecision(3)<<age*1e-9<<"s exceeds budget";last_error_=message.str();return;}
      |                                                         ^~~
In file included from /usr/include/c++/11/deque:67,
                 from /usr/include/boost/detail/container_fwd.hpp:91,
                 from /usr/include/boost/container_hash/extensions.hpp:22,
                 from /usr/include/boost/container_hash/hash.hpp:761,
                 from /usr/include/boost/multiprecision/number.hpp:29,
                 from /usr/include/boost/multiprecision/cpp_int.hpp:12,
                 from /home/yjh/WorkSpace/astribot_sdk_ros2/runs/cpp_migration_20260921/stage6b_stamp/source/ws_robot/src/astribot_s1_navigation_policy_native/include/astribot_s1_navigation_policy_native/policy_integer.hpp:3,
                 from /home/yjh/WorkSpace/astribot_sdk_ros2/runs/cpp_migration_20260921/stage6b_stamp/source/ws_robot/src/astribot_s1_navigation_policy_native/include/astribot_s1_navigation_policy_native/policy_contracts.hpp:5,
                 from /home/yjh/WorkSpace/astribot_sdk_ros2/runs/cpp_migration_20260921/stage6b_stamp/source/ws_robot/src/astribot_s1_navigation_policy_native/include/astribot_s1_navigation_policy_native/policy_observer_core.hpp:3,
                 from /home/yjh/WorkSpace/astribot_sdk_ros2/runs/cpp_migration_20260921/stage6b_stamp/source/ws_robot/src/astribot_s1_navigation_policy_native/include/astribot_s1_navigation_policy_native/policy_observer_node.hpp:2,
                 from /home/yjh/WorkSpace/astribot_sdk_ros2/runs/cpp_migration_20260921/stage6b_stamp/source/ws_robot/src/astribot_s1_navigation_policy_native/src/policy_observer_node.cpp:1:
/usr/include/c++/11/bits/stl_deque.h:2298:5: note: candidate: ‘template<class _Tp, class _Alloc> bool std::operator>(const std::deque<_Tp, _Alloc>&, const std::deque<_Tp, _Alloc>&)’
 2298 |     operator>(const deque<_Tp, _Alloc>& __x, const deque<_Tp, _Alloc>& __y)
      |     ^~~~~~~~
/usr/include/c++/11/bits/stl_deque.h:2298:5: note:   template argument deduction/substitution failed:
/home/yjh/WorkSpace/astribot_sdk_ros2/runs/cpp_migration_20260921/stage6b_stamp/source/ws_robot/src/astribot_s1_navigation_policy_native/src/policy_observer_node.cpp:197:57: note:   ‘const boost::multiprecision::number<boost::multiprecision::backends::cpp_int_backend<> >’ is not derived from ‘const std::deque<_Tp, _Alloc>’
  197 |     if(age<0 || age>profile_->value("sensor_timeout_s")*1e9){std::ostringstream message;message.imbue(std::locale::classic());message<<"scan capture age "<<std::fixed<<std::setprecision(3)<<age*1e-9<<"s exceeds budget";last_error_=message.str();return;}
      |                                                         ^~~
In file included from /usr/include/c++/11/list:63,
                 from /usr/include/boost/detail/container_fwd.hpp:92,
                 from /usr/include/boost/container_hash/extensions.hpp:22,
                 from /usr/include/boost/container_hash/hash.hpp:761,
                 from /usr/include/boost/multiprecision/number.hpp:29,
                 from /usr/include/boost/multiprecision/cpp_int.hpp:12,
                 from /home/yjh/WorkSpace/astribot_sdk_ros2/runs/cpp_migration_20260921/stage6b_stamp/source/ws_robot/src/astribot_s1_navigation_policy_native/include/astribot_s1_navigation_policy_native/policy_integer.hpp:3,
                 from /home/yjh/WorkSpace/astribot_sdk_ros2/runs/cpp_migration_20260921/stage6b_stamp/source/ws_robot/src/astribot_s1_navigation_policy_native/include/astribot_s1_navigation_policy_native/policy_contracts.hpp:5,
                 from /home/yjh/WorkSpace/astribot_sdk_ros2/runs/cpp_migration_20260921/stage6b_stamp/source/ws_robot/src/astribot_s1_navigation_policy_native/include/astribot_s1_navigation_policy_native/policy_observer_core.hpp:3,
                 from /home/yjh/WorkSpace/astribot_sdk_ros2/runs/cpp_migration_20260921/stage6b_stamp/source/ws_robot/src/astribot_s1_navigation_policy_native/include/astribot_s1_navigation_policy_native/policy_observer_node.hpp:2,
                 from /home/yjh/WorkSpace/astribot_sdk_ros2/runs/cpp_migration_20260921/stage6b_stamp/source/ws_robot/src/astribot_s1_navigation_policy_native/src/policy_observer_node.cpp:1:
/usr/include/c++/11/bits/stl_list.h:2098:5: note: candidate: ‘template<class _Tp, class _Alloc> bool std::operator>(const std::__cxx11::list<_Tp, _Alloc>&, const std::__cxx11::list<_Tp, _Alloc>&)’
 2098 |     operator>(const list<_Tp, _Alloc>& __x, const list<_Tp, _Alloc>& __y)
      |     ^~~~~~~~
/usr/include/c++/11/bits/stl_list.h:2098:5: note:   template argument deduction/substitution failed:
/home/yjh/WorkSpace/astribot_sdk_ros2/runs/cpp_migration_20260921/stage6b_stamp/source/ws_robot/src/astribot_s1_navigation_policy_native/src/policy_observer_node.cpp:197:57: note:   ‘const boost::multiprecision::number<boost::multiprecision::backends::cpp_int_backend<> >’ is not derived from ‘const std::__cxx11::list<_Tp, _Alloc>’
  197 |     if(age<0 || age>profile_->value("sensor_timeout_s")*1e9){std::ostringstream message;message.imbue(std::locale::classic());message<<"scan capture age "<<std::fixed<<std::setprecision(3)<<age*1e-9<<"s exceeds budget";last_error_=message.str();return;}
      |                                                         ^~~
In file included from /usr/include/c++/11/map:61,
                 from /usr/include/boost/detail/container_fwd.hpp:94,
                 from /usr/include/boost/container_hash/extensions.hpp:22,
                 from /usr/include/boost/container_hash/hash.hpp:761,
                 from /usr/include/boost/multiprecision/number.hpp:29,
                 from /usr/include/boost/multiprecision/cpp_int.hpp:12,
                 from /home/yjh/WorkSpace/astribot_sdk_ros2/runs/cpp_migration_20260921/stage6b_stamp/source/ws_robot/src/astribot_s1_navigation_policy_native/include/astribot_s1_navigation_policy_native/policy_integer.hpp:3,
                 from /home/yjh/WorkSpace/astribot_sdk_ros2/runs/cpp_migration_20260921/stage6b_stamp/source/ws_robot/src/astribot_s1_navigation_policy_native/include/astribot_s1_navigation_policy_native/policy_contracts.hpp:5,
                 from /home/yjh/WorkSpace/astribot_sdk_ros2/runs/cpp_migration_20260921/stage6b_stamp/source/ws_robot/src/astribot_s1_navigation_policy_native/include/astribot_s1_navigation_policy_native/policy_observer_core.hpp:3,
                 from /home/yjh/WorkSpace/astribot_sdk_ros2/runs/cpp_migration_20260921/stage6b_stamp/source/ws_robot/src/astribot_s1_navigation_policy_native/include/astribot_s1_navigation_policy_native/policy_observer_node.hpp:2,
                 from /home/yjh/WorkSpace/astribot_sdk_ros2/runs/cpp_migration_20260921/stage6b_stamp/source/ws_robot/src/astribot_s1_navigation_policy_native/src/policy_observer_node.cpp:1:
/usr/include/c++/11/bits/stl_map.h:1515:5: note: candidate: ‘template<class _Key, class _Tp, class _Compare, class _Alloc> bool std::operator>(const std::map<_Key, _Tp, _Compare, _Allocator>&, const std::map<_Key, _Tp, _Compare, _Allocator>&)’
 1515 |     operator>(const map<_Key, _Tp, _Compare, _Alloc>& __x,
      |     ^~~~~~~~
/usr/include/c++/11/bits/stl_map.h:1515:5: note:   template argument deduction/substitution failed:
/home/yjh/WorkSpace/astribot_sdk_ros2/runs/cpp_migration_20260921/stage6b_stamp/source/ws_robot/src/astribot_s1_navigation_policy_native/src/policy_observer_node.cpp:197:57: note:   ‘const boost::multiprecision::number<boost::multiprecision::backends::cpp_int_backend<> >’ is not derived from ‘const std::map<_Key, _Tp, _Compare, _Allocator>’
  197 |     if(age<0 || age>profile_->value("sensor_timeout_s")*1e9){std::ostringstream message;message.imbue(std::locale::classic());message<<"scan capture age "<<std::fixed<<std::setprecision(3)<<age*1e-9<<"s exceeds budget";last_error_=message.str();return;}
      |                                                         ^~~
In file included from /usr/include/c++/11/map:62,
                 from /usr/include/boost/detail/container_fwd.hpp:94,
                 from /usr/include/boost/container_hash/extensions.hpp:22,
                 from /usr/include/boost/container_hash/hash.hpp:761,
                 from /usr/include/boost/multiprecision/number.hpp:29,
                 from /usr/include/boost/multiprecision/cpp_int.hpp:12,
                 from /home/yjh/WorkSpace/astribot_sdk_ros2/runs/cpp_migration_20260921/stage6b_stamp/source/ws_robot/src/astribot_s1_navigation_policy_native/include/astribot_s1_navigation_policy_native/policy_integer.hpp:3,
                 from /home/yjh/WorkSpace/astribot_sdk_ros2/runs/cpp_migration_20260921/stage6b_stamp/source/ws_robot/src/astribot_s1_navigation_policy_native/include/astribot_s1_navigation_policy_native/policy_contracts.hpp:5,
                 from /home/yjh/WorkSpace/astribot_sdk_ros2/runs/cpp_migration_20260921/stage6b_stamp/source/ws_robot/src/astribot_s1_navigation_policy_native/include/astribot_s1_navigation_policy_native/policy_observer_core.hpp:3,
                 from /home/yjh/WorkSpace/astribot_sdk_ros2/runs/cpp_migration_20260921/stage6b_stamp/source/ws_robot/src/astribot_s1_navigation_policy_native/include/astribot_s1_navigation_policy_native/policy_observer_node.hpp:2,
                 from /home/yjh/WorkSpace/astribot_sdk_ros2/runs/cpp_migration_20260921/stage6b_stamp/source/ws_robot/src/astribot_s1_navigation_policy_native/src/policy_observer_node.cpp:1:
/usr/include/c++/11/bits/stl_multimap.h:1180:5: note: candidate: ‘template<class _Key, class _Tp, class _Compare, class _Alloc> bool std::operator>(const std::multimap<_Key, _Tp, _Compare, _Allocator>&, const std::multimap<_Key, _Tp, _Compare, _Allocator>&)’
 1180 |     operator>(const multimap<_Key, _Tp, _Compare, _Alloc>& __x,
      |     ^~~~~~~~
/usr/include/c++/11/bits/stl_multimap.h:1180:5: note:   template argument deduction/substitution failed:
/home/yjh/WorkSpace/astribot_sdk_ros2/runs/cpp_migration_20260921/stage6b_stamp/source/ws_robot/src/astribot_s1_navigation_policy_native/src/policy_observer_node.cpp:197:57: note:   ‘const boost::multiprecision::number<boost::multiprecision::backends::cpp_int_backend<> >’ is not derived from ‘const std::multimap<_Key, _Tp, _Compare, _Allocator>’
  197 |     if(age<0 || age>profile_->value("sensor_timeout_s")*1e9){std::ostringstream message;message.imbue(std::locale::classic());message<<"scan capture age "<<std::fixed<<std::setprecision(3)<<age*1e-9<<"s exceeds budget";last_error_=message.str();return;}
      |                                                         ^~~
In file included from /usr/include/c++/11/set:61,
                 from /usr/include/boost/detail/container_fwd.hpp:95,
                 from /usr/include/boost/container_hash/extensions.hpp:22,
                 from /usr/include/boost/container_hash/hash.hpp:761,
                 from /usr/include/boost/multiprecision/number.hpp:29,
                 from /usr/include/boost/multiprecision/cpp_int.hpp:12,
                 from /home/yjh/WorkSpace/astribot_sdk_ros2/runs/cpp_migration_20260921/stage6b_stamp/source/ws_robot/src/astribot_s1_navigation_policy_native/include/astribot_s1_navigation_policy_native/policy_integer.hpp:3,
                 from /home/yjh/WorkSpace/astribot_sdk_ros2/runs/cpp_migration_20260921/stage6b_stamp/source/ws_robot/src/astribot_s1_navigation_policy_native/include/astribot_s1_navigation_policy_native/policy_contracts.hpp:5,
                 from /home/yjh/WorkSpace/astribot_sdk_ros2/runs/cpp_migration_20260921/stage6b_stamp/source/ws_robot/src/astribot_s1_navigation_policy_native/include/astribot_s1_navigation_policy_native/policy_observer_core.hpp:3,
                 from /home/yjh/WorkSpace/astribot_sdk_ros2/runs/cpp_migration_20260921/stage6b_stamp/source/ws_robot/src/astribot_s1_navigation_policy_native/include/astribot_s1_navigation_policy_native/policy_observer_node.hpp:2,
                 from /home/yjh/WorkSpace/astribot_sdk_ros2/runs/cpp_migration_20260921/stage6b_stamp/source/ws_robot/src/astribot_s1_navigation_policy_native/src/policy_observer_node.cpp:1:
/usr/include/c++/11/bits/stl_set.h:1037:5: note: candidate: ‘template<class _Key, class _Compare, class _Alloc> bool std::operator>(const std::set<_Key, _Compare, _Allocator>&, const std::set<_Key, _Compare, _Allocator>&)’
 1037 |     operator>(const set<_Key, _Compare, _Alloc>& __x,
      |     ^~~~~~~~
/usr/include/c++/11/bits/stl_set.h:1037:5: note:   template argument deduction/substitution failed:
/home/yjh/WorkSpace/astribot_sdk_ros2/runs/cpp_migration_20260921/stage6b_stamp/source/ws_robot/src/astribot_s1_navigation_policy_native/src/policy_observer_node.cpp:197:57: note:   ‘const boost::multiprecision::number<boost::multiprecision::backends::cpp_int_backend<> >’ is not derived from ‘const std::set<_Key, _Compare, _Allocator>’
  197 |     if(age<0 || age>profile_->value("sensor_timeout_s")*1e9){std::ostringstream message;message.imbue(std::locale::classic());message<<"scan capture age "<<std::fixed<<std::setprecision(3)<<age*1e-9<<"s exceeds budget";last_error_=message.str();return;}
      |                                                         ^~~
In file included from /usr/include/c++/11/set:62,
                 from /usr/include/boost/detail/container_fwd.hpp:95,
                 from /usr/include/boost/container_hash/extensions.hpp:22,
                 from /usr/include/boost/container_hash/hash.hpp:761,
                 from /usr/include/boost/multiprecision/number.hpp:29,
                 from /usr/include/boost/multiprecision/cpp_int.hpp:12,
                 from /home/yjh/WorkSpace/astribot_sdk_ros2/runs/cpp_migration_20260921/stage6b_stamp/source/ws_robot/src/astribot_s1_navigation_policy_native/include/astribot_s1_navigation_policy_native/policy_integer.hpp:3,
                 from /home/yjh/WorkSpace/astribot_sdk_ros2/runs/cpp_migration_20260921/stage6b_stamp/source/ws_robot/src/astribot_s1_navigation_policy_native/include/astribot_s1_navigation_policy_native/policy_contracts.hpp:5,
                 from /home/yjh/WorkSpace/astribot_sdk_ros2/runs/cpp_migration_20260921/stage6b_stamp/source/ws_robot/src/astribot_s1_navigation_policy_native/include/astribot_s1_navigation_policy_native/policy_observer_core.hpp:3,
                 from /home/yjh/WorkSpace/astribot_sdk_ros2/runs/cpp_migration_20260921/stage6b_stamp/source/ws_robot/src/astribot_s1_navigation_policy_native/include/astribot_s1_navigation_policy_native/policy_observer_node.hpp:2,
                 from /home/yjh/WorkSpace/astribot_sdk_ros2/runs/cpp_migration_20260921/stage6b_stamp/source/ws_robot/src/astribot_s1_navigation_policy_native/src/policy_observer_node.cpp:1:
/usr/include/c++/11/bits/stl_multiset.h:1023:5: note: candidate: ‘template<class _Key, class _Compare, class _Alloc> bool std::operator>(const std::multiset<_Key, _Compare, _Allocator>&, const std::multiset<_Key, _Compare, _Allocator>&)’
 1023 |     operator>(const multiset<_Key,_Compare,_Alloc>& __x,
      |     ^~~~~~~~
/usr/include/c++/11/bits/stl_multiset.h:1023:5: note:   template argument deduction/substitution failed:
/home/yjh/WorkSpace/astribot_sdk_ros2/runs/cpp_migration_20260921/stage6b_stamp/source/ws_robot/src/astribot_s1_navigation_policy_native/src/policy_observer_node.cpp:197:57: note:   ‘const boost::multiprecision::number<boost::multiprecision::backends::cpp_int_backend<> >’ is not derived from ‘const std::multiset<_Key, _Compare, _Allocator>’
  197 |     if(age<0 || age>profile_->value("sensor_timeout_s")*1e9){std::ostringstream message;message.imbue(std::locale::classic());message<<"scan capture age "<<std::fixed<<std::setprecision(3)<<age*1e-9<<"s exceeds budget";last_error_=message.str();return;}
      |                                                         ^~~
In file included from /usr/include/c++/11/bits/shared_ptr.h:53,
                 from /usr/include/c++/11/memory:77,
                 from /usr/include/boost/container_hash/extensions.hpp:35,
                 from /usr/include/boost/container_hash/hash.hpp:761,
                 from /usr/include/boost/multiprecision/number.hpp:29,
                 from /usr/include/boost/multiprecision/cpp_int.hpp:12,
                 from /home/yjh/WorkSpace/astribot_sdk_ros2/runs/cpp_migration_20260921/stage6b_stamp/source/ws_robot/src/astribot_s1_navigation_policy_native/include/astribot_s1_navigation_policy_native/policy_integer.hpp:3,
                 from /home/yjh/WorkSpace/astribot_sdk_ros2/runs/cpp_migration_20260921/stage6b_stamp/source/ws_robot/src/astribot_s1_navigation_policy_native/include/astribot_s1_navigation_policy_native/policy_contracts.hpp:5,
                 from /home/yjh/WorkSpace/astribot_sdk_ros2/runs/cpp_migration_20260921/stage6b_stamp/source/ws_robot/src/astribot_s1_navigation_policy_native/include/astribot_s1_navigation_policy_native/policy_observer_core.hpp:3,
                 from /home/yjh/WorkSpace/astribot_sdk_ros2/runs/cpp_migration_20260921/stage6b_stamp/source/ws_robot/src/astribot_s1_navigation_policy_native/include/astribot_s1_navigation_policy_native/policy_observer_node.hpp:2,
                 from /home/yjh/WorkSpace/astribot_sdk_ros2/runs/cpp_migration_20260921/stage6b_stamp/source/ws_robot/src/astribot_s1_navigation_policy_native/src/policy_observer_node.cpp:1:
/usr/include/c++/11/bits/shared_ptr_base.h:1500:5: note: candidate: ‘template<class _Tp1, class _Tp2, __gnu_cxx::_Lock_policy _Lp> bool std::operator>(const std::__shared_ptr<_Tp1, _Lp>&, const std::__shared_ptr<_Tp2, _Lp>&)’
 1500 |     operator>(const __shared_ptr<_Tp1, _Lp>& __a,
      |     ^~~~~~~~
/usr/include/c++/11/bits/shared_ptr_base.h:1500:5: note:   template argument deduction/substitution failed:
/home/yjh/WorkSpace/astribot_sdk_ros2/runs/cpp_migration_20260921/stage6b_stamp/source/ws_robot/src/astribot_s1_navigation_policy_native/src/policy_observer_node.cpp:197:57: note:   ‘const boost::multiprecision::number<boost::multiprecision::backends::cpp_int_backend<> >’ is not derived from ‘const std::__shared_ptr<_Tp1, _Lp>’
  197 |     if(age<0 || age>profile_->value("sensor_timeout_s")*1e9){std::ostringstream message;message.imbue(std::locale::classic());message<<"scan capture age "<<std::fixed<<std::setprecision(3)<<age*1e-9<<"s exceeds budget";last_error_=message.str();return;}
      |                                                         ^~~
In file included from /usr/include/c++/11/bits/shared_ptr.h:53,
                 from /usr/include/c++/11/memory:77,
                 from /usr/include/boost/container_hash/extensions.hpp:35,
                 from /usr/include/boost/container_hash/hash.hpp:761,
                 from /usr/include/boost/multiprecision/number.hpp:29,
                 from /usr/include/boost/multiprecision/cpp_int.hpp:12,
                 from /home/yjh/WorkSpace/astribot_sdk_ros2/runs/cpp_migration_20260921/stage6b_stamp/source/ws_robot/src/astribot_s1_navigation_policy_native/include/astribot_s1_navigation_policy_native/policy_integer.hpp:3,
                 from /home/yjh/WorkSpace/astribot_sdk_ros2/runs/cpp_migration_20260921/stage6b_stamp/source/ws_robot/src/astribot_s1_navigation_policy_native/include/astribot_s1_navigation_policy_native/policy_contracts.hpp:5,
                 from /home/yjh/WorkSpace/astribot_sdk_ros2/runs/cpp_migration_20260921/stage6b_stamp/source/ws_robot/src/astribot_s1_navigation_policy_native/include/astribot_s1_navigation_policy_native/policy_observer_core.hpp:3,
                 from /home/yjh/WorkSpace/astribot_sdk_ros2/runs/cpp_migration_20260921/stage6b_stamp/source/ws_robot/src/astribot_s1_navigation_policy_native/include/astribot_s1_navigation_policy_native/policy_observer_node.hpp:2,
                 from /home/yjh/WorkSpace/astribot_sdk_ros2/runs/cpp_migration_20260921/stage6b_stamp/source/ws_robot/src/astribot_s1_navigation_policy_native/src/policy_observer_node.cpp:1:
/usr/include/c++/11/bits/shared_ptr_base.h:1506:5: note: candidate: ‘template<class _Tp, __gnu_cxx::_Lock_policy _Lp> bool std::operator>(const std::__shared_ptr<_Tp, _Lp>&, std::nullptr_t)’
 1506 |     operator>(const __shared_ptr<_Tp, _Lp>& __a, nullptr_t) noexcept
      |     ^~~~~~~~
/usr/include/c++/11/bits/shared_ptr_base.h:1506:5: note:   template argument deduction/substitution failed:
/home/yjh/WorkSpace/astribot_sdk_ros2/runs/cpp_migration_20260921/stage6b_stamp/source/ws_robot/src/astribot_s1_navigation_policy_native/src/policy_observer_node.cpp:197:57: note:   ‘const boost::multiprecision::number<boost::multiprecision::backends::cpp_int_backend<> >’ is not derived from ‘const std::__shared_ptr<_Tp, _Lp>’
  197 |     if(age<0 || age>profile_->value("sensor_timeout_s")*1e9){std::ostringstream message;message.imbue(std::locale::classic());message<<"scan capture age "<<std::fixed<<std::setprecision(3)<<age*1e-9<<"s exceeds budget";last_error_=message.str();return;}
      |                                                         ^~~
In file included from /usr/include/c++/11/bits/shared_ptr.h:53,
                 from /usr/include/c++/11/memory:77,
                 from /usr/include/boost/container_hash/extensions.hpp:35,
                 from /usr/include/boost/container_hash/hash.hpp:761,
                 from /usr/include/boost/multiprecision/number.hpp:29,
                 from /usr/include/boost/multiprecision/cpp_int.hpp:12,
                 from /home/yjh/WorkSpace/astribot_sdk_ros2/runs/cpp_migration_20260921/stage6b_stamp/source/ws_robot/src/astribot_s1_navigation_policy_native/include/astribot_s1_navigation_policy_native/policy_integer.hpp:3,
                 from /home/yjh/WorkSpace/astribot_sdk_ros2/runs/cpp_migration_20260921/stage6b_stamp/source/ws_robot/src/astribot_s1_navigation_policy_native/include/astribot_s1_navigation_policy_native/policy_contracts.hpp:5,
                 from /home/yjh/WorkSpace/astribot_sdk_ros2/runs/cpp_migration_20260921/stage6b_stamp/source/ws_robot/src/astribot_s1_navigation_policy_native/include/astribot_s1_navigation_policy_native/policy_observer_core.hpp:3,
                 from /home/yjh/WorkSpace/astribot_sdk_ros2/runs/cpp_migration_20260921/stage6b_stamp/source/ws_robot/src/astribot_s1_navigation_policy_native/include/astribot_s1_navigation_policy_native/policy_observer_node.hpp:2,
                 from /home/yjh/WorkSpace/astribot_sdk_ros2/runs/cpp_migration_20260921/stage6b_stamp/source/ws_robot/src/astribot_s1_navigation_policy_native/src/policy_observer_node.cpp:1:
/usr/include/c++/11/bits/shared_ptr_base.h:1511:5: note: candidate: ‘template<class _Tp, __gnu_cxx::_Lock_policy _Lp> bool std::operator>(std::nullptr_t, const std::__shared_ptr<_Tp, _Lp>&)’
 1511 |     operator>(nullptr_t, const __shared_ptr<_Tp, _Lp>& __a) noexcept
      |     ^~~~~~~~
/usr/include/c++/11/bits/shared_ptr_base.h:1511:5: note:   template argument deduction/substitution failed:
/home/yjh/WorkSpace/astribot_sdk_ros2/runs/cpp_migration_20260921/stage6b_stamp/source/ws_robot/src/astribot_s1_navigation_policy_native/src/policy_observer_node.cpp:197:57: note:   mismatched types ‘const std::__shared_ptr<_Tp, _Lp>’ and ‘double’
  197 |     if(age<0 || age>profile_->value("sensor_timeout_s")*1e9){std::ostringstream message;message.imbue(std::locale::classic());message<<"scan capture age "<<std::fixed<<std::setprecision(3)<<age*1e-9<<"s exceeds budget";last_error_=message.str();return;}
      |                                                         ^~~
In file included from /usr/include/c++/11/memory:77,
                 from /usr/include/boost/container_hash/extensions.hpp:35,
                 from /usr/include/boost/container_hash/hash.hpp:761,
                 from /usr/include/boost/multiprecision/number.hpp:29,
                 from /usr/include/boost/multiprecision/cpp_int.hpp:12,
                 from /home/yjh/WorkSpace/astribot_sdk_ros2/runs/cpp_migration_20260921/stage6b_stamp/source/ws_robot/src/astribot_s1_navigation_policy_native/include/astribot_s1_navigation_policy_native/policy_integer.hpp:3,
                 from /home/yjh/WorkSpace/astribot_sdk_ros2/runs/cpp_migration_20260921/stage6b_stamp/source/ws_robot/src/astribot_s1_navigation_policy_native/include/astribot_s1_navigation_policy_native/policy_contracts.hpp:5,
                 from /home/yjh/WorkSpace/astribot_sdk_ros2/runs/cpp_migration_20260921/stage6b_stamp/source/ws_robot/src/astribot_s1_navigation_policy_native/include/astribot_s1_navigation_policy_native/policy_observer_core.hpp:3,
                 from /home/yjh/WorkSpace/astribot_sdk_ros2/runs/cpp_migration_20260921/stage6b_stamp/source/ws_robot/src/astribot_s1_navigation_policy_native/include/astribot_s1_navigation_policy_native/policy_observer_node.hpp:2,
                 from /home/yjh/WorkSpace/astribot_sdk_ros2/runs/cpp_migration_20260921/stage6b_stamp/source/ws_robot/src/astribot_s1_navigation_policy_native/src/policy_observer_node.cpp:1:
/usr/include/c++/11/bits/shared_ptr.h:535:5: note: candidate: ‘template<class _Tp, class _Up> bool std::operator>(const std::shared_ptr<_Tp>&, const std::shared_ptr<_Tp>&)’
  535 |     operator>(const shared_ptr<_Tp>& __a, const shared_ptr<_Up>& __b) noexcept
      |     ^~~~~~~~
/usr/include/c++/11/bits/shared_ptr.h:535:5: note:   template argument deduction/substitution failed:
/home/yjh/WorkSpace/astribot_sdk_ros2/runs/cpp_migration_20260921/stage6b_stamp/source/ws_robot/src/astribot_s1_navigation_policy_native/src/policy_observer_node.cpp:197:57: note:   ‘const boost::multiprecision::number<boost::multiprecision::backends::cpp_int_backend<> >’ is not derived from ‘const std::shared_ptr<_Tp>’
  197 |     if(age<0 || age>profile_->value("sensor_timeout_s")*1e9){std::ostringstream message;message.imbue(std::locale::classic());message<<"scan capture age "<<std::fixed<<std::setprecision(3)<<age*1e-9<<"s exceeds budget";last_error_=message.str();return;}
      |                                                         ^~~
In file included from /usr/include/c++/11/memory:77,
                 from /usr/include/boost/container_hash/extensions.hpp:35,
                 from /usr/include/boost/container_hash/hash.hpp:761,
                 from /usr/include/boost/multiprecision/number.hpp:29,
                 from /usr/include/boost/multiprecision/cpp_int.hpp:12,
                 from /home/yjh/WorkSpace/astribot_sdk_ros2/runs/cpp_migration_20260921/stage6b_stamp/source/ws_robot/src/astribot_s1_navigation_policy_native/include/astribot_s1_navigation_policy_native/policy_integer.hpp:3,
                 from /home/yjh/WorkSpace/astribot_sdk_ros2/runs/cpp_migration_20260921/stage6b_stamp/source/ws_robot/src/astribot_s1_navigation_policy_native/include/astribot_s1_navigation_policy_native/policy_contracts.hpp:5,
                 from /home/yjh/WorkSpace/astribot_sdk_ros2/runs/cpp_migration_20260921/stage6b_stamp/source/ws_robot/src/astribot_s1_navigation_policy_native/include/astribot_s1_navigation_policy_native/policy_observer_core.hpp:3,
                 from /home/yjh/WorkSpace/astribot_sdk_ros2/runs/cpp_migration_20260921/stage6b_stamp/source/ws_robot/src/astribot_s1_navigation_policy_native/include/astribot_s1_navigation_policy_native/policy_observer_node.hpp:2,
                 from /home/yjh/WorkSpace/astribot_sdk_ros2/runs/cpp_migration_20260921/stage6b_stamp/source/ws_robot/src/astribot_s1_navigation_policy_native/src/policy_observer_node.cpp:1:
/usr/include/c++/11/bits/shared_ptr.h:541:5: note: candidate: ‘template<class _Tp> bool std::operator>(const std::shared_ptr<_Tp>&, std::nullptr_t)’
  541 |     operator>(const shared_ptr<_Tp>& __a, nullptr_t) noexcept
      |     ^~~~~~~~
/usr/include/c++/11/bits/shared_ptr.h:541:5: note:   template argument deduction/substitution failed:
/home/yjh/WorkSpace/astribot_sdk_ros2/runs/cpp_migration_20260921/stage6b_stamp/source/ws_robot/src/astribot_s1_navigation_policy_native/src/policy_observer_node.cpp:197:57: note:   ‘const boost::multiprecision::number<boost::multiprecision::backends::cpp_int_backend<> >’ is not derived from ‘const std::shared_ptr<_Tp>’
  197 |     if(age<0 || age>profile_->value("sensor_timeout_s")*1e9){std::ostringstream message;message.imbue(std::locale::classic());message<<"scan capture age "<<std::fixed<<std::setprecision(3)<<age*1e-9<<"s exceeds budget";last_error_=message.str();return;}
      |                                                         ^~~
In file included from /usr/include/c++/11/memory:77,
                 from /usr/include/boost/container_hash/extensions.hpp:35,
                 from /usr/include/boost/container_hash/hash.hpp:761,
                 from /usr/include/boost/multiprecision/number.hpp:29,
                 from /usr/include/boost/multiprecision/cpp_int.hpp:12,
                 from /home/yjh/WorkSpace/astribot_sdk_ros2/runs/cpp_migration_20260921/stage6b_stamp/source/ws_robot/src/astribot_s1_navigation_policy_native/include/astribot_s1_navigation_policy_native/policy_integer.hpp:3,
                 from /home/yjh/WorkSpace/astribot_sdk_ros2/runs/cpp_migration_20260921/stage6b_stamp/source/ws_robot/src/astribot_s1_navigation_policy_native/include/astribot_s1_navigation_policy_native/policy_contracts.hpp:5,
                 from /home/yjh/WorkSpace/astribot_sdk_ros2/runs/cpp_migration_20260921/stage6b_stamp/source/ws_robot/src/astribot_s1_navigation_policy_native/include/astribot_s1_navigation_policy_native/policy_observer_core.hpp:3,
                 from /home/yjh/WorkSpace/astribot_sdk_ros2/runs/cpp_migration_20260921/stage6b_stamp/source/ws_robot/src/astribot_s1_navigation_policy_native/include/astribot_s1_navigation_policy_native/policy_observer_node.hpp:2,
                 from /home/yjh/WorkSpace/astribot_sdk_ros2/runs/cpp_migration_20260921/stage6b_stamp/source/ws_robot/src/astribot_s1_navigation_policy_native/src/policy_observer_node.cpp:1:
/usr/include/c++/11/bits/shared_ptr.h:547:5: note: candidate: ‘template<class _Tp> bool std::operator>(std::nullptr_t, const std::shared_ptr<_Tp>&)’
  547 |     operator>(nullptr_t, const shared_ptr<_Tp>& __a) noexcept
      |     ^~~~~~~~
/usr/include/c++/11/bits/shared_ptr.h:547:5: note:   template argument deduction/substitution failed:
/home/yjh/WorkSpace/astribot_sdk_ros2/runs/cpp_migration_20260921/stage6b_stamp/source/ws_robot/src/astribot_s1_navigation_policy_native/src/policy_observer_node.cpp:197:57: note:   mismatched types ‘const std::shared_ptr<_Tp>’ and ‘double’
  197 |     if(age<0 || age>profile_->value("sensor_timeout_s")*1e9){std::ostringstream message;message.imbue(std::locale::classic());message<<"scan capture age "<<std::fixed<<std::setprecision(3)<<age*1e-9<<"s exceeds budget";last_error_=message.str();return;}
      |                                                         ^~~
In file included from /usr/include/c++/11/forward_list:38,
                 from /usr/include/nlohmann/detail/conversions/from_json.hpp:5,
                 from /usr/include/nlohmann/adl_serializer.hpp:6,
                 from /usr/include/nlohmann/json.hpp:60,
                 from /home/yjh/WorkSpace/astribot_sdk_ros2/runs/cpp_migration_20260921/stage6b_integer_recovery/geometry_install/include/astribot_s1_robot_geometry/geometry_kernels.hpp:13,
                 from /home/yjh/WorkSpace/astribot_sdk_ros2/runs/cpp_migration_20260921/stage6b_stamp/source/ws_robot/src/astribot_s1_navigation_policy_native/include/astribot_s1_navigation_policy_native/policy_envelope.hpp:4,
                 from /home/yjh/WorkSpace/astribot_sdk_ros2/runs/cpp_migration_20260921/stage6b_stamp/source/ws_robot/src/astribot_s1_navigation_policy_native/include/astribot_s1_navigation_policy_native/policy_observer_node.hpp:3,
                 from /home/yjh/WorkSpace/astribot_sdk_ros2/runs/cpp_migration_20260921/stage6b_stamp/source/ws_robot/src/astribot_s1_navigation_policy_native/src/policy_observer_node.cpp:1:
/usr/include/c++/11/bits/forward_list.h:1483:5: note: candidate: ‘template<class _Tp, class _Alloc> bool std::operator>(const std::forward_list<_Tp, _Alloc>&, const std::forward_list<_Tp, _Alloc>&)’
 1483 |     operator>(const forward_list<_Tp, _Alloc>& __lx,
      |     ^~~~~~~~
/usr/include/c++/11/bits/forward_list.h:1483:5: note:   template argument deduction/substitution failed:
/home/yjh/WorkSpace/astribot_sdk_ros2/runs/cpp_migration_20260921/stage6b_stamp/source/ws_robot/src/astribot_s1_navigation_policy_native/src/policy_observer_node.cpp:197:57: note:   ‘const boost::multiprecision::number<boost::multiprecision::backends::cpp_int_backend<> >’ is not derived from ‘const std::forward_list<_Tp, _Alloc>’
  197 |     if(age<0 || age>profile_->value("sensor_timeout_s")*1e9){std::ostringstream message;message.imbue(std::locale::classic());message<<"scan capture age "<<std::fixed<<std::setprecision(3)<<age*1e-9<<"s exceeds budget";last_error_=message.str();return;}
      |                                                         ^~~
In file included from /usr/include/c++/11/valarray:603,
                 from /usr/include/nlohmann/detail/conversions/from_json.hpp:13,
                 from /usr/include/nlohmann/adl_serializer.hpp:6,
                 from /usr/include/nlohmann/json.hpp:60,
                 from /home/yjh/WorkSpace/astribot_sdk_ros2/runs/cpp_migration_20260921/stage6b_integer_recovery/geometry_install/include/astribot_s1_robot_geometry/geometry_kernels.hpp:13,
                 from /home/yjh/WorkSpace/astribot_sdk_ros2/runs/cpp_migration_20260921/stage6b_stamp/source/ws_robot/src/astribot_s1_navigation_policy_native/include/astribot_s1_navigation_policy_native/policy_envelope.hpp:4,
                 from /home/yjh/WorkSpace/astribot_sdk_ros2/runs/cpp_migration_20260921/stage6b_stamp/source/ws_robot/src/astribot_s1_navigation_policy_native/include/astribot_s1_navigation_policy_native/policy_observer_node.hpp:3,
                 from /home/yjh/WorkSpace/astribot_sdk_ros2/runs/cpp_migration_20260921/stage6b_stamp/source/ws_robot/src/astribot_s1_navigation_policy_native/src/policy_observer_node.cpp:1:
/usr/include/c++/11/bits/valarray_after.h:420:5: note: candidate: ‘template<class _Dom1, class _Dom2> std::_Expr<std::__detail::_BinClos<std::__greater, std::_Expr, std::_Expr, _Dom1, _Dom2>, typename std::__fun<std::__greater, typename _Dom1::value_type>::result_type> std::operator>(const std::_Expr<_Dom1, typename _Dom1::value_type>&, const std::_Expr<_Dom2, typename _Dom2::value_type>&)’
  420 |     _DEFINE_EXPR_BINARY_OPERATOR(>, struct std::__greater)
      |     ^~~~~~~~~~~~~~~~~~~~~~~~~~~~
/usr/include/c++/11/bits/valarray_after.h:420:5: note:   template argument deduction/substitution failed:
/home/yjh/WorkSpace/astribot_sdk_ros2/runs/cpp_migration_20260921/stage6b_stamp/source/ws_robot/src/astribot_s1_navigation_policy_native/src/policy_observer_node.cpp:197:57: note:   ‘const boost::multiprecision::number<boost::multiprecision::backends::cpp_int_backend<> >’ is not derived from ‘const std::_Expr<_Dom1, typename _Dom1::value_type>’
  197 |     if(age<0 || age>profile_->value("sensor_timeout_s")*1e9){std::ostringstream message;message.imbue(std::locale::classic());message<<"scan capture age "<<std::fixed<<std::setprecision(3)<<age*1e-9<<"s exceeds budget";last_error_=message.str();return;}
      |                                                         ^~~
In file included from /usr/include/c++/11/valarray:603,
                 from /usr/include/nlohmann/detail/conversions/from_json.hpp:13,
                 from /usr/include/nlohmann/adl_serializer.hpp:6,
                 from /usr/include/nlohmann/json.hpp:60,
                 from /home/yjh/WorkSpace/astribot_sdk_ros2/runs/cpp_migration_20260921/stage6b_integer_recovery/geometry_install/include/astribot_s1_robot_geometry/geometry_kernels.hpp:13,
                 from /home/yjh/WorkSpace/astribot_sdk_ros2/runs/cpp_migration_20260921/stage6b_stamp/source/ws_robot/src/astribot_s1_navigation_policy_native/include/astribot_s1_navigation_policy_native/policy_envelope.hpp:4,
                 from /home/yjh/WorkSpace/astribot_sdk_ros2/runs/cpp_migration_20260921/stage6b_stamp/source/ws_robot/src/astribot_s1_navigation_policy_native/include/astribot_s1_navigation_policy_native/policy_observer_node.hpp:3,
                 from /home/yjh/WorkSpace/astribot_sdk_ros2/runs/cpp_migration_20260921/stage6b_stamp/source/ws_robot/src/astribot_s1_navigation_policy_native/src/policy_observer_node.cpp:1:
/usr/include/c++/11/bits/valarray_after.h:420:5: note: candidate: ‘template<class _Dom> std::_Expr<std::__detail::_BinClos<std::__greater, std::_Expr, std::_Constant, _Dom, typename _Dom::value_type>, typename std::__fun<std::__greater, typename _Dom1::value_type>::result_type> std::operator>(const std::_Expr<_Dom1, typename _Dom1::value_type>&, const typename _Dom::value_type&)’
  420 |     _DEFINE_EXPR_BINARY_OPERATOR(>, struct std::__greater)
      |     ^~~~~~~~~~~~~~~~~~~~~~~~~~~~
/usr/include/c++/11/bits/valarray_after.h:420:5: note:   template argument deduction/substitution failed:
/home/yjh/WorkSpace/astribot_sdk_ros2/runs/cpp_migration_20260921/stage6b_stamp/source/ws_robot/src/astribot_s1_navigation_policy_native/src/policy_observer_node.cpp:197:57: note:   ‘const boost::multiprecision::number<boost::multiprecision::backends::cpp_int_backend<> >’ is not derived from ‘const std::_Expr<_Dom1, typename _Dom1::value_type>’
  197 |     if(age<0 || age>profile_->value("sensor_timeout_s")*1e9){std::ostringstream message;message.imbue(std::locale::classic());message<<"scan capture age "<<std::fixed<<std::setprecision(3)<<age*1e-9<<"s exceeds budget";last_error_=message.str();return;}
      |                                                         ^~~
In file included from /usr/include/c++/11/valarray:603,
                 from /usr/include/nlohmann/detail/conversions/from_json.hpp:13,
                 from /usr/include/nlohmann/adl_serializer.hpp:6,
                 from /usr/include/nlohmann/json.hpp:60,
                 from /home/yjh/WorkSpace/astribot_sdk_ros2/runs/cpp_migration_20260921/stage6b_integer_recovery/geometry_install/include/astribot_s1_robot_geometry/geometry_kernels.hpp:13,
                 from /home/yjh/WorkSpace/astribot_sdk_ros2/runs/cpp_migration_20260921/stage6b_stamp/source/ws_robot/src/astribot_s1_navigation_policy_native/include/astribot_s1_navigation_policy_native/policy_envelope.hpp:4,
                 from /home/yjh/WorkSpace/astribot_sdk_ros2/runs/cpp_migration_20260921/stage6b_stamp/source/ws_robot/src/astribot_s1_navigation_policy_native/include/astribot_s1_navigation_policy_native/policy_observer_node.hpp:3,
                 from /home/yjh/WorkSpace/astribot_sdk_ros2/runs/cpp_migration_20260921/stage6b_stamp/source/ws_robot/src/astribot_s1_navigation_policy_native/src/policy_observer_node.cpp:1:
/usr/include/c++/11/bits/valarray_after.h:420:5: note: candidate: ‘template<class _Dom> std::_Expr<std::__detail::_BinClos<std::__greater, std::_Constant, std::_Expr, typename _Dom::value_type, _Dom>, typename std::__fun<std::__greater, typename _Dom1::value_type>::result_type> std::operator>(const typename _Dom::value_type&, const std::_Expr<_Dom1, typename _Dom1::value_type>&)’
  420 |     _DEFINE_EXPR_BINARY_OPERATOR(>, struct std::__greater)
      |     ^~~~~~~~~~~~~~~~~~~~~~~~~~~~
/usr/include/c++/11/bits/valarray_after.h:420:5: note:   template argument deduction/substitution failed:
/home/yjh/WorkSpace/astribot_sdk_ros2/runs/cpp_migration_20260921/stage6b_stamp/source/ws_robot/src/astribot_s1_navigation_policy_native/src/policy_observer_node.cpp:197:57: note:   mismatched types ‘const std::_Expr<_Dom1, typename _Dom1::value_type>’ and ‘double’
  197 |     if(age<0 || age>profile_->value("sensor_timeout_s")*1e9){std::ostringstream message;message.imbue(std::locale::classic());message<<"scan capture age "<<std::fixed<<std::setprecision(3)<<age*1e-9<<"s exceeds budget";last_error_=message.str();return;}
      |                                                         ^~~
In file included from /usr/include/c++/11/valarray:603,
                 from /usr/include/nlohmann/detail/conversions/from_json.hpp:13,
                 from /usr/include/nlohmann/adl_serializer.hpp:6,
                 from /usr/include/nlohmann/json.hpp:60,
                 from /home/yjh/WorkSpace/astribot_sdk_ros2/runs/cpp_migration_20260921/stage6b_integer_recovery/geometry_install/include/astribot_s1_robot_geometry/geometry_kernels.hpp:13,
                 from /home/yjh/WorkSpace/astribot_sdk_ros2/runs/cpp_migration_20260921/stage6b_stamp/source/ws_robot/src/astribot_s1_navigation_policy_native/include/astribot_s1_navigation_policy_native/policy_envelope.hpp:4,
                 from /home/yjh/WorkSpace/astribot_sdk_ros2/runs/cpp_migration_20260921/stage6b_stamp/source/ws_robot/src/astribot_s1_navigation_policy_native/include/astribot_s1_navigation_policy_native/policy_observer_node.hpp:3,
                 from /home/yjh/WorkSpace/astribot_sdk_ros2/runs/cpp_migration_20260921/stage6b_stamp/source/ws_robot/src/astribot_s1_navigation_policy_native/src/policy_observer_node.cpp:1:
/usr/include/c++/11/bits/valarray_after.h:420:5: note: candidate: ‘template<class _Dom> std::_Expr<std::__detail::_BinClos<std::__greater, std::_Expr, std::_ValArray, _Dom, typename _Dom::value_type>, typename std::__fun<std::__greater, typename _Dom1::value_type>::result_type> std::operator>(const std::_Expr<_Dom1, typename _Dom1::value_type>&, const std::valarray<typename _Dom::value_type>&)’
  420 |     _DEFINE_EXPR_BINARY_OPERATOR(>, struct std::__greater)
      |     ^~~~~~~~~~~~~~~~~~~~~~~~~~~~
/usr/include/c++/11/bits/valarray_after.h:420:5: note:   template argument deduction/substitution failed:
/home/yjh/WorkSpace/astribot_sdk_ros2/runs/cpp_migration_20260921/stage6b_stamp/source/ws_robot/src/astribot_s1_navigation_policy_native/src/policy_observer_node.cpp:197:57: note:   ‘const boost::multiprecision::number<boost::multiprecision::backends::cpp_int_backend<> >’ is not derived from ‘const std::_Expr<_Dom1, typename _Dom1::value_type>’
  197 |     if(age<0 || age>profile_->value("sensor_timeout_s")*1e9){std::ostringstream message;message.imbue(std::locale::classic());message<<"scan capture age "<<std::fixed<<std::setprecision(3)<<age*1e-9<<"s exceeds budget";last_error_=message.str();return;}
      |                                                         ^~~
In file included from /usr/include/c++/11/valarray:603,
                 from /usr/include/nlohmann/detail/conversions/from_json.hpp:13,
                 from /usr/include/nlohmann/adl_serializer.hpp:6,
                 from /usr/include/nlohmann/json.hpp:60,
                 from /home/yjh/WorkSpace/astribot_sdk_ros2/runs/cpp_migration_20260921/stage6b_integer_recovery/geometry_install/include/astribot_s1_robot_geometry/geometry_kernels.hpp:13,
                 from /home/yjh/WorkSpace/astribot_sdk_ros2/runs/cpp_migration_20260921/stage6b_stamp/source/ws_robot/src/astribot_s1_navigation_policy_native/include/astribot_s1_navigation_policy_native/policy_envelope.hpp:4,
                 from /home/yjh/WorkSpace/astribot_sdk_ros2/runs/cpp_migration_20260921/stage6b_stamp/source/ws_robot/src/astribot_s1_navigation_policy_native/include/astribot_s1_navigation_policy_native/policy_observer_node.hpp:3,
                 from /home/yjh/WorkSpace/astribot_sdk_ros2/runs/cpp_migration_20260921/stage6b_stamp/source/ws_robot/src/astribot_s1_navigation_policy_native/src/policy_observer_node.cpp:1:
/usr/include/c++/11/bits/valarray_after.h:420:5: note: candidate: ‘template<class _Dom> std::_Expr<std::__detail::_BinClos<std::__greater, std::_ValArray, std::_Expr, typename _Dom::value_type, _Dom>, typename std::__fun<std::__greater, typename _Dom1::value_type>::result_type> std::operator>(const std::valarray<typename _Dom::value_type>&, const std::_Expr<_Dom1, typename _Dom1::value_type>&)’
  420 |     _DEFINE_EXPR_BINARY_OPERATOR(>, struct std::__greater)
      |     ^~~~~~~~~~~~~~~~~~~~~~~~~~~~
/usr/include/c++/11/bits/valarray_after.h:420:5: note:   template argument deduction/substitution failed:
/home/yjh/WorkSpace/astribot_sdk_ros2/runs/cpp_migration_20260921/stage6b_stamp/source/ws_robot/src/astribot_s1_navigation_policy_native/src/policy_observer_node.cpp:197:57: note:   mismatched types ‘const std::_Expr<_Dom1, typename _Dom1::value_type>’ and ‘double’
  197 |     if(age<0 || age>profile_->value("sensor_timeout_s")*1e9){std::ostringstream message;message.imbue(std::locale::classic());message<<"scan capture age "<<std::fixed<<std::setprecision(3)<<age*1e-9<<"s exceeds budget";last_error_=message.str();return;}
      |                                                         ^~~
In file included from /usr/include/nlohmann/detail/conversions/from_json.hpp:13,
                 from /usr/include/nlohmann/adl_serializer.hpp:6,
                 from /usr/include/nlohmann/json.hpp:60,
                 from /home/yjh/WorkSpace/astribot_sdk_ros2/runs/cpp_migration_20260921/stage6b_integer_recovery/geometry_install/include/astribot_s1_robot_geometry/geometry_kernels.hpp:13,
                 from /home/yjh/WorkSpace/astribot_sdk_ros2/runs/cpp_migration_20260921/stage6b_stamp/source/ws_robot/src/astribot_s1_navigation_policy_native/include/astribot_s1_navigation_policy_native/policy_envelope.hpp:4,
                 from /home/yjh/WorkSpace/astribot_sdk_ros2/runs/cpp_migration_20260921/stage6b_stamp/source/ws_robot/src/astribot_s1_navigation_policy_native/include/astribot_s1_navigation_policy_native/policy_observer_node.hpp:3,
                 from /home/yjh/WorkSpace/astribot_sdk_ros2/runs/cpp_migration_20260921/stage6b_stamp/source/ws_robot/src/astribot_s1_navigation_policy_native/src/policy_observer_node.cpp:1:
/usr/include/c++/11/valarray:1201:1: note: candidate: ‘template<class _Tp> std::_Expr<std::__detail::_BinClos<std::__greater, std::_ValArray, std::_ValArray, _Tp, _Tp>, typename std::__fun<std::__greater, _Tp>::result_type> std::operator>(const std::valarray<_Tp>&, const std::valarray<_Tp>&)’
 1201 | _DEFINE_BINARY_OPERATOR(>, __greater)
      | ^~~~~~~~~~~~~~~~~~~~~~~
/usr/include/c++/11/valarray:1201:1: note:   template argument deduction/substitution failed:
/home/yjh/WorkSpace/astribot_sdk_ros2/runs/cpp_migration_20260921/stage6b_stamp/source/ws_robot/src/astribot_s1_navigation_policy_native/src/policy_observer_node.cpp:197:57: note:   ‘const boost::multiprecision::number<boost::multiprecision::backends::cpp_int_backend<> >’ is not derived from ‘const std::valarray<_Tp>’
  197 |     if(age<0 || age>profile_->value("sensor_timeout_s")*1e9){std::ostringstream message;message.imbue(std::locale::classic());message<<"scan capture age "<<std::fixed<<std::setprecision(3)<<age*1e-9<<"s exceeds budget";last_error_=message.str();return;}
      |                                                         ^~~
In file included from /usr/include/nlohmann/detail/conversions/from_json.hpp:13,
                 from /usr/include/nlohmann/adl_serializer.hpp:6,
                 from /usr/include/nlohmann/json.hpp:60,
                 from /home/yjh/WorkSpace/astribot_sdk_ros2/runs/cpp_migration_20260921/stage6b_integer_recovery/geometry_install/include/astribot_s1_robot_geometry/geometry_kernels.hpp:13,
                 from /home/yjh/WorkSpace/astribot_sdk_ros2/runs/cpp_migration_20260921/stage6b_stamp/source/ws_robot/src/astribot_s1_navigation_policy_native/include/astribot_s1_navigation_policy_native/policy_envelope.hpp:4,
                 from /home/yjh/WorkSpace/astribot_sdk_ros2/runs/cpp_migration_20260921/stage6b_stamp/source/ws_robot/src/astribot_s1_navigation_policy_native/include/astribot_s1_navigation_policy_native/policy_observer_node.hpp:3,
                 from /home/yjh/WorkSpace/astribot_sdk_ros2/runs/cpp_migration_20260921/stage6b_stamp/source/ws_robot/src/astribot_s1_navigation_policy_native/src/policy_observer_node.cpp:1:
/usr/include/c++/11/valarray:1201:1: note: candidate: ‘template<class _Tp> std::_Expr<std::__detail::_BinClos<std::__greater, std::_ValArray, std::_Constant, _Tp, _Tp>, typename std::__fun<std::__greater, _Tp>::result_type> std::operator>(const std::valarray<_Tp>&, const typename std::valarray<_Tp>::value_type&)’
 1201 | _DEFINE_BINARY_OPERATOR(>, __greater)
      | ^~~~~~~~~~~~~~~~~~~~~~~
/usr/include/c++/11/valarray:1201:1: note:   template argument deduction/substitution failed:
/home/yjh/WorkSpace/astribot_sdk_ros2/runs/cpp_migration_20260921/stage6b_stamp/source/ws_robot/src/astribot_s1_navigation_policy_native/src/policy_observer_node.cpp:197:57: note:   ‘const boost::multiprecision::number<boost::multiprecision::backends::cpp_int_backend<> >’ is not derived from ‘const std::valarray<_Tp>’
  197 |     if(age<0 || age>profile_->value("sensor_timeout_s")*1e9){std::ostringstream message;message.imbue(std::locale::classic());message<<"scan capture age "<<std::fixed<<std::setprecision(3)<<age*1e-9<<"s exceeds budget";last_error_=message.str();return;}
      |                                                         ^~~
In file included from /usr/include/nlohmann/detail/conversions/from_json.hpp:13,
                 from /usr/include/nlohmann/adl_serializer.hpp:6,
                 from /usr/include/nlohmann/json.hpp:60,
                 from /home/yjh/WorkSpace/astribot_sdk_ros2/runs/cpp_migration_20260921/stage6b_integer_recovery/geometry_install/include/astribot_s1_robot_geometry/geometry_kernels.hpp:13,
                 from /home/yjh/WorkSpace/astribot_sdk_ros2/runs/cpp_migration_20260921/stage6b_stamp/source/ws_robot/src/astribot_s1_navigation_policy_native/include/astribot_s1_navigation_policy_native/policy_envelope.hpp:4,
                 from /home/yjh/WorkSpace/astribot_sdk_ros2/runs/cpp_migration_20260921/stage6b_stamp/source/ws_robot/src/astribot_s1_navigation_policy_native/include/astribot_s1_navigation_policy_native/policy_observer_node.hpp:3,
                 from /home/yjh/WorkSpace/astribot_sdk_ros2/runs/cpp_migration_20260921/stage6b_stamp/source/ws_robot/src/astribot_s1_navigation_policy_native/src/policy_observer_node.cpp:1:
/usr/include/c++/11/valarray:1201:1: note: candidate: ‘template<class _Tp> std::_Expr<std::__detail::_BinClos<std::__greater, std::_Constant, std::_ValArray, _Tp, _Tp>, typename std::__fun<std::__greater, _Tp>::result_type> std::operator>(const typename std::valarray<_Tp>::value_type&, const std::valarray<_Tp>&)’
 1201 | _DEFINE_BINARY_OPERATOR(>, __greater)
      | ^~~~~~~~~~~~~~~~~~~~~~~
/usr/include/c++/11/valarray:1201:1: note:   template argument deduction/substitution failed:
/home/yjh/WorkSpace/astribot_sdk_ros2/runs/cpp_migration_20260921/stage6b_stamp/source/ws_robot/src/astribot_s1_navigation_policy_native/src/policy_observer_node.cpp:197:57: note:   mismatched types ‘const std::valarray<_Tp>’ and ‘double’
  197 |     if(age<0 || age>profile_->value("sensor_timeout_s")*1e9){std::ostringstream message;message.imbue(std::locale::classic());message<<"scan capture age "<<std::fixed<<std::setprecision(3)<<age*1e-9<<"s exceeds budget";last_error_=message.str();return;}
      |                                                         ^~~
In file included from /usr/include/boost/multiprecision/number.hpp:27,
                 from /usr/include/boost/multiprecision/cpp_int.hpp:12,
                 from /home/yjh/WorkSpace/astribot_sdk_ros2/runs/cpp_migration_20260921/stage6b_stamp/source/ws_robot/src/astribot_s1_navigation_policy_native/include/astribot_s1_navigation_policy_native/policy_integer.hpp:3,
                 from /home/yjh/WorkSpace/astribot_sdk_ros2/runs/cpp_migration_20260921/stage6b_stamp/source/ws_robot/src/astribot_s1_navigation_policy_native/include/astribot_s1_navigation_policy_native/policy_contracts.hpp:5,
                 from /home/yjh/WorkSpace/astribot_sdk_ros2/runs/cpp_migration_20260921/stage6b_stamp/source/ws_robot/src/astribot_s1_navigation_policy_native/include/astribot_s1_navigation_policy_native/policy_observer_core.hpp:3,
                 from /home/yjh/WorkSpace/astribot_sdk_ros2/runs/cpp_migration_20260921/stage6b_stamp/source/ws_robot/src/astribot_s1_navigation_policy_native/include/astribot_s1_navigation_policy_native/policy_observer_node.hpp:2,
                 from /home/yjh/WorkSpace/astribot_sdk_ros2/runs/cpp_migration_20260921/stage6b_stamp/source/ws_robot/src/astribot_s1_navigation_policy_native/src/policy_observer_node.cpp:1:
/usr/include/boost/multiprecision/detail/number_compare.hpp:355:1: note: candidate: ‘template<class Backend, boost::multiprecision::expression_template_option ExpressionTemplates, class Backend2, boost::multiprecision::expression_template_option ExpressionTemplates2> constexpr typename boost::enable_if_c<((boost::multiprecision::number_category<Num>::value != boost::multiprecision::number_kind_complex) && (boost::multiprecision::number_category<Backend2>::value != boost::multiprecision::number_kind_complex)), bool>::type boost::multiprecision::operator>(const boost::multiprecision::number<Backend, ExpressionTemplates>&, const boost::multiprecision::number<T2, ExpressionTemplates2>&)’
  355 | operator>(const number<Backend, ExpressionTemplates>& a, const number<Backend2, ExpressionTemplates2>& b)
      | ^~~~~~~~
/usr/include/boost/multiprecision/detail/number_compare.hpp:355:1: note:   template argument deduction/substitution failed:
/home/yjh/WorkSpace/astribot_sdk_ros2/runs/cpp_migration_20260921/stage6b_stamp/source/ws_robot/src/astribot_s1_navigation_policy_native/src/policy_observer_node.cpp:197:57: note:   mismatched types ‘const boost::multiprecision::number<T2, ExpressionTemplates2>’ and ‘double’
  197 |     if(age<0 || age>profile_->value("sensor_timeout_s")*1e9){std::ostringstream message;message.imbue(std::locale::classic());message<<"scan capture age "<<std::fixed<<std::setprecision(3)<<age*1e-9<<"s exceeds budget";last_error_=message.str();return;}
      |                                                         ^~~
In file included from /usr/include/boost/multiprecision/number.hpp:27,
                 from /usr/include/boost/multiprecision/cpp_int.hpp:12,
                 from /home/yjh/WorkSpace/astribot_sdk_ros2/runs/cpp_migration_20260921/stage6b_stamp/source/ws_robot/src/astribot_s1_navigation_policy_native/include/astribot_s1_navigation_policy_native/policy_integer.hpp:3,
                 from /home/yjh/WorkSpace/astribot_sdk_ros2/runs/cpp_migration_20260921/stage6b_stamp/source/ws_robot/src/astribot_s1_navigation_policy_native/include/astribot_s1_navigation_policy_native/policy_contracts.hpp:5,
                 from /home/yjh/WorkSpace/astribot_sdk_ros2/runs/cpp_migration_20260921/stage6b_stamp/source/ws_robot/src/astribot_s1_navigation_policy_native/include/astribot_s1_navigation_policy_native/policy_observer_core.hpp:3,
                 from /home/yjh/WorkSpace/astribot_sdk_ros2/runs/cpp_migration_20260921/stage6b_stamp/source/ws_robot/src/astribot_s1_navigation_policy_native/include/astribot_s1_navigation_policy_native/policy_observer_node.hpp:2,
                 from /home/yjh/WorkSpace/astribot_sdk_ros2/runs/cpp_migration_20260921/stage6b_stamp/source/ws_robot/src/astribot_s1_navigation_policy_native/src/policy_observer_node.cpp:1:
/usr/include/boost/multiprecision/detail/number_compare.hpp:364:1: note: candidate: ‘template<class Backend, boost::multiprecision::expression_template_option ExpressionTemplates, class Arithmetic> constexpr typename boost::enable_if_c<(boost::multiprecision::detail::is_valid_mixed_compare<boost::multiprecision::number<Backend, ExpressionTemplates>, Val>::value && (boost::multiprecision::number_category<Num>::value != boost::multiprecision::number_kind_complex)), bool>::type boost::multiprecision::operator>(const boost::multiprecision::number<Backend, ExpressionTemplates>&, const Arithmetic&)’
  364 | operator>(const number<Backend, ExpressionTemplates>& a, const Arithmetic& b)
      | ^~~~~~~~
/usr/include/boost/multiprecision/detail/number_compare.hpp:364:1: note:   template argument deduction/substitution failed:
/usr/include/boost/multiprecision/detail/number_compare.hpp: In substitution of ‘template<class Backend, boost::multiprecision::expression_template_option ExpressionTemplates, class Arithmetic> constexpr typename boost::enable_if_c<(boost::multiprecision::detail::is_valid_mixed_compare<boost::multiprecision::number<Backend, ExpressionTemplates>, Val>::value && (boost::multiprecision::number_category<Num>::value != boost::multiprecision::number_kind_complex)), bool>::type boost::multiprecision::operator>(const boost::multiprecision::number<Backend, ExpressionTemplates>&, const Arithmetic&) [with Backend = boost::multiprecision::backends::cpp_int_backend<>; boost::multiprecision::expression_template_option ExpressionTemplates = boost::multiprecision::et_on; Arithmetic = double]’:
/home/yjh/WorkSpace/astribot_sdk_ros2/runs/cpp_migration_20260921/stage6b_stamp/source/ws_robot/src/astribot_s1_navigation_policy_native/src/policy_observer_node.cpp:197:57:   required from here
/usr/include/boost/multiprecision/detail/number_compare.hpp:364:1: error: no type named ‘type’ in ‘struct boost::enable_if_c<false, bool>’
/usr/include/boost/multiprecision/detail/number_compare.hpp:373:1: note: candidate: ‘template<class Arithmetic, class Backend, boost::multiprecision::expression_template_option ExpressionTemplates> constexpr typename boost::enable_if_c<(boost::multiprecision::detail::is_valid_mixed_compare<boost::multiprecision::number<T2, ExpressionTemplates>, Arithmetic>::value && (boost::multiprecision::number_category<B>::value != boost::multiprecision::number_kind_complex)), bool>::type boost::multiprecision::operator>(const Arithmetic&, const boost::multiprecision::number<T2, ExpressionTemplates>&)’
  373 | operator>(const Arithmetic& a, const number<Backend, ExpressionTemplates>& b)
      | ^~~~~~~~
/usr/include/boost/multiprecision/detail/number_compare.hpp:373:1: note:   template argument deduction/substitution failed:
/home/yjh/WorkSpace/astribot_sdk_ros2/runs/cpp_migration_20260921/stage6b_stamp/source/ws_robot/src/astribot_s1_navigation_policy_native/src/policy_observer_node.cpp:197:57: note:   mismatched types ‘const boost::multiprecision::number<T2, ExpressionTemplates>’ and ‘double’
  197 |     if(age<0 || age>profile_->value("sensor_timeout_s")*1e9){std::ostringstream message;message.imbue(std::locale::classic());message<<"scan capture age "<<std::fixed<<std::setprecision(3)<<age*1e-9<<"s exceeds budget";last_error_=message.str();return;}
      |                                                         ^~~
In file included from /usr/include/boost/multiprecision/number.hpp:27,
                 from /usr/include/boost/multiprecision/cpp_int.hpp:12,
                 from /home/yjh/WorkSpace/astribot_sdk_ros2/runs/cpp_migration_20260921/stage6b_stamp/source/ws_robot/src/astribot_s1_navigation_policy_native/include/astribot_s1_navigation_policy_native/policy_integer.hpp:3,
                 from /home/yjh/WorkSpace/astribot_sdk_ros2/runs/cpp_migration_20260921/stage6b_stamp/source/ws_robot/src/astribot_s1_navigation_policy_native/include/astribot_s1_navigation_policy_native/policy_contracts.hpp:5,
                 from /home/yjh/WorkSpace/astribot_sdk_ros2/runs/cpp_migration_20260921/stage6b_stamp/source/ws_robot/src/astribot_s1_navigation_policy_native/include/astribot_s1_navigation_policy_native/policy_observer_core.hpp:3,
                 from /home/yjh/WorkSpace/astribot_sdk_ros2/runs/cpp_migration_20260921/stage6b_stamp/source/ws_robot/src/astribot_s1_navigation_policy_native/include/astribot_s1_navigation_policy_native/policy_observer_node.hpp:2,
                 from /home/yjh/WorkSpace/astribot_sdk_ros2/runs/cpp_migration_20260921/stage6b_stamp/source/ws_robot/src/astribot_s1_navigation_policy_native/src/policy_observer_node.cpp:1:
/usr/include/boost/multiprecision/detail/number_compare.hpp:382:1: note: candidate: ‘template<class Arithmetic, class Tag, class A1, class A2, class A3, class A4> constexpr typename boost::enable_if_c<(boost::multiprecision::detail::is_valid_mixed_compare<typename boost::multiprecision::detail::expression<tag, A1, A2, A3, A4>::result_type, Arithmetic>::value && (boost::multiprecision::number_category<typename boost::multiprecision::detail::expression<tag, A1, A2, A3, A4>::result_type>::value != boost::multiprecision::number_kind_complex)), bool>::type boost::multiprecision::operator>(const Arithmetic&, const boost::multiprecision::detail::expression<tag, A1, A2, A3, A4>&)’
  382 | operator>(const Arithmetic& a, const detail::expression<Tag, A1, A2, A3, A4>& b)
      | ^~~~~~~~
/usr/include/boost/multiprecision/detail/number_compare.hpp:382:1: note:   template argument deduction/substitution failed:
/home/yjh/WorkSpace/astribot_sdk_ros2/runs/cpp_migration_20260921/stage6b_stamp/source/ws_robot/src/astribot_s1_navigation_policy_native/src/policy_observer_node.cpp:197:57: note:   mismatched types ‘const boost::multiprecision::detail::expression<tag, A1, A2, A3, A4>’ and ‘double’
  197 |     if(age<0 || age>profile_->value("sensor_timeout_s")*1e9){std::ostringstream message;message.imbue(std::locale::classic());message<<"scan capture age "<<std::fixed<<std::setprecision(3)<<age*1e-9<<"s exceeds budget";last_error_=message.str();return;}
      |                                                         ^~~
In file included from /usr/include/boost/multiprecision/number.hpp:27,
                 from /usr/include/boost/multiprecision/cpp_int.hpp:12,
                 from /home/yjh/WorkSpace/astribot_sdk_ros2/runs/cpp_migration_20260921/stage6b_stamp/source/ws_robot/src/astribot_s1_navigation_policy_native/include/astribot_s1_navigation_policy_native/policy_integer.hpp:3,
                 from /home/yjh/WorkSpace/astribot_sdk_ros2/runs/cpp_migration_20260921/stage6b_stamp/source/ws_robot/src/astribot_s1_navigation_policy_native/include/astribot_s1_navigation_policy_native/policy_contracts.hpp:5,
                 from /home/yjh/WorkSpace/astribot_sdk_ros2/runs/cpp_migration_20260921/stage6b_stamp/source/ws_robot/src/astribot_s1_navigation_policy_native/include/astribot_s1_navigation_policy_native/policy_observer_core.hpp:3,
                 from /home/yjh/WorkSpace/astribot_sdk_ros2/runs/cpp_migration_20260921/stage6b_stamp/source/ws_robot/src/astribot_s1_navigation_policy_native/include/astribot_s1_navigation_policy_native/policy_observer_node.hpp:2,
                 from /home/yjh/WorkSpace/astribot_sdk_ros2/runs/cpp_migration_20260921/stage6b_stamp/source/ws_robot/src/astribot_s1_navigation_policy_native/src/policy_observer_node.cpp:1:
/usr/include/boost/multiprecision/detail/number_compare.hpp:393:1: note: candidate: ‘template<class Tag, class A1, class A2, class A3, class A4, class Arithmetic> constexpr typename boost::enable_if_c<(boost::multiprecision::detail::is_valid_mixed_compare<typename boost::multiprecision::detail::expression<tag, Arg1, Arg2, Arg3, Arg4>::result_type, Arithmetic>::value && (boost::multiprecision::number_category<typename boost::multiprecision::detail::expression<tag, Arg1, Arg2, Arg3, Arg4>::result_type>::value != boost::multiprecision::number_kind_complex)), bool>::type boost::multiprecision::operator>(const boost::multiprecision::detail::expression<tag, Arg1, Arg2, Arg3, Arg4>&, const Arithmetic&)’
  393 | operator>(const detail::expression<Tag, A1, A2, A3, A4>& a, const Arithmetic& b)
      | ^~~~~~~~
/usr/include/boost/multiprecision/detail/number_compare.hpp:393:1: note:   template argument deduction/substitution failed:
/home/yjh/WorkSpace/astribot_sdk_ros2/runs/cpp_migration_20260921/stage6b_stamp/source/ws_robot/src/astribot_s1_navigation_policy_native/src/policy_observer_node.cpp:197:57: note:   ‘const boost::multiprecision::number<boost::multiprecision::backends::cpp_int_backend<> >’ is not derived from ‘const boost::multiprecision::detail::expression<tag, Arg1, Arg2, Arg3, Arg4>’
  197 |     if(age<0 || age>profile_->value("sensor_timeout_s")*1e9){std::ostringstream message;message.imbue(std::locale::classic());message<<"scan capture age "<<std::fixed<<std::setprecision(3)<<age*1e-9<<"s exceeds budget";last_error_=message.str();return;}
      |                                                         ^~~
In file included from /usr/include/boost/multiprecision/number.hpp:27,
                 from /usr/include/boost/multiprecision/cpp_int.hpp:12,
                 from /home/yjh/WorkSpace/astribot_sdk_ros2/runs/cpp_migration_20260921/stage6b_stamp/source/ws_robot/src/astribot_s1_navigation_policy_native/include/astribot_s1_navigation_policy_native/policy_integer.hpp:3,
                 from /home/yjh/WorkSpace/astribot_sdk_ros2/runs/cpp_migration_20260921/stage6b_stamp/source/ws_robot/src/astribot_s1_navigation_policy_native/include/astribot_s1_navigation_policy_native/policy_contracts.hpp:5,
                 from /home/yjh/WorkSpace/astribot_sdk_ros2/runs/cpp_migration_20260921/stage6b_stamp/source/ws_robot/src/astribot_s1_navigation_policy_native/include/astribot_s1_navigation_policy_native/policy_observer_core.hpp:3,
                 from /home/yjh/WorkSpace/astribot_sdk_ros2/runs/cpp_migration_20260921/stage6b_stamp/source/ws_robot/src/astribot_s1_navigation_policy_native/include/astribot_s1_navigation_policy_native/policy_observer_node.hpp:2,
                 from /home/yjh/WorkSpace/astribot_sdk_ros2/runs/cpp_migration_20260921/stage6b_stamp/source/ws_robot/src/astribot_s1_navigation_policy_native/src/policy_observer_node.cpp:1:
/usr/include/boost/multiprecision/detail/number_compare.hpp:404:1: note: candidate: ‘template<class Tag, class A1, class A2, class A3, class A4, class Tagb, class A1b, class A2b, class A3b, class A4b> constexpr typename boost::enable_if_c<(boost::is_same<typename boost::multiprecision::detail::expression<tag, Arg1, Arg2, Arg3, Arg4>::result_type, typename boost::multiprecision::detail::expression<tagb, A1b, A2b, A3b, A4b>::result_type>::value && (boost::multiprecision::number_category<typename boost::multiprecision::detail::expression<tag, Arg1, Arg2, Arg3, Arg4>::result_type>::value != boost::multiprecision::number_kind_complex)), bool>::type boost::multiprecision::operator>(const boost::multiprecision::detail::expression<tag, Arg1, Arg2, Arg3, Arg4>&, const boost::multiprecision::detail::expression<tagb, A1b, A2b, A3b, A4b>&)’
  404 | operator>(const detail::expression<Tag, A1, A2, A3, A4>& a, const detail::expression<Tagb, A1b, A2b, A3b, A4b>& b)
      | ^~~~~~~~
/usr/include/boost/multiprecision/detail/number_compare.hpp:404:1: note:   template argument deduction/substitution failed:
/home/yjh/WorkSpace/astribot_sdk_ros2/runs/cpp_migration_20260921/stage6b_stamp/source/ws_robot/src/astribot_s1_navigation_policy_native/src/policy_observer_node.cpp:197:57: note:   ‘const boost::multiprecision::number<boost::multiprecision::backends::cpp_int_backend<> >’ is not derived from ‘const boost::multiprecision::detail::expression<tag, Arg1, Arg2, Arg3, Arg4>’
  197 |     if(age<0 || age>profile_->value("sensor_timeout_s")*1e9){std::ostringstream message;message.imbue(std::locale::classic());message<<"scan capture age "<<std::fixed<<std::setprecision(3)<<age*1e-9<<"s exceeds budget";last_error_=message.str();return;}
      |                                                         ^~~
In file included from /usr/include/boost/container_hash/hash.hpp:115,
                 from /usr/include/boost/multiprecision/number.hpp:29,
                 from /usr/include/boost/multiprecision/cpp_int.hpp:12,
                 from /home/yjh/WorkSpace/astribot_sdk_ros2/runs/cpp_migration_20260921/stage6b_stamp/source/ws_robot/src/astribot_s1_navigation_policy_native/include/astribot_s1_navigation_policy_native/policy_integer.hpp:3,
                 from /home/yjh/WorkSpace/astribot_sdk_ros2/runs/cpp_migration_20260921/stage6b_stamp/source/ws_robot/src/astribot_s1_navigation_policy_native/include/astribot_s1_navigation_policy_native/policy_contracts.hpp:5,
                 from /home/yjh/WorkSpace/astribot_sdk_ros2/runs/cpp_migration_20260921/stage6b_stamp/source/ws_robot/src/astribot_s1_navigation_policy_native/include/astribot_s1_navigation_policy_native/policy_observer_core.hpp:3,
                 from /home/yjh/WorkSpace/astribot_sdk_ros2/runs/cpp_migration_20260921/stage6b_stamp/source/ws_robot/src/astribot_s1_navigation_policy_native/include/astribot_s1_navigation_policy_native/policy_observer_node.hpp:2,
                 from /home/yjh/WorkSpace/astribot_sdk_ros2/runs/cpp_migration_20260921/stage6b_stamp/source/ws_robot/src/astribot_s1_navigation_policy_native/src/policy_observer_node.cpp:1:
/usr/include/c++/11/variant:1273:18: note: candidate: ‘constexpr bool std::operator>(std::monostate, std::monostate)’
 1273 |   constexpr bool operator>(monostate, monostate) noexcept { return false; }
      |                  ^~~~~~~~
/usr/include/c++/11/variant:1273:28: note:   no known conversion for argument 1 from ‘const boost::multiprecision::number<boost::multiprecision::backends::cpp_int_backend<> >’ to ‘std::monostate’
 1273 |   constexpr bool operator>(monostate, monostate) noexcept { return false; }
      |                            ^~~~~~~~~
In file included from /opt/ros/humble/include/rclcpp/rclcpp/executors/multi_threaded_executor.hpp:22,
                 from /opt/ros/humble/include/rclcpp/rclcpp/executors.hpp:21,
                 from /opt/ros/humble/include/rclcpp/rclcpp/rclcpp.hpp:155,
                 from /home/yjh/WorkSpace/astribot_sdk_ros2/runs/cpp_migration_20260921/stage6b_stamp/source/ws_robot/src/astribot_s1_navigation_policy_native/include/astribot_s1_navigation_policy_native/policy_observer_node.hpp:8,
                 from /home/yjh/WorkSpace/astribot_sdk_ros2/runs/cpp_migration_20260921/stage6b_stamp/source/ws_robot/src/astribot_s1_navigation_policy_native/src/policy_observer_node.cpp:1:
/usr/include/c++/11/thread:82:3: note: candidate: ‘bool std::operator>(std::thread::id, std::thread::id)’
   82 |   operator>(thread::id __x, thread::id __y) noexcept
      |   ^~~~~~~~
/usr/include/c++/11/thread:82:24: note:   no known conversion for argument 1 from ‘const boost::multiprecision::number<boost::multiprecision::backends::cpp_int_backend<> >’ to ‘std::thread::id’
   82 |   operator>(thread::id __x, thread::id __y) noexcept
      |             ~~~~~~~~~~~^~~
/home/yjh/WorkSpace/astribot_sdk_ros2/runs/cpp_migration_20260921/stage6b_stamp/source/ws_robot/src/astribot_s1_navigation_policy_native/src/policy_observer_node.cpp:197:194: error: no match for ‘operator*’ (operand types are ‘const boost::multiprecision::number<boost::multiprecision::backends::cpp_int_backend<> >’ and ‘double’)
  197 |     if(age<0 || age>profile_->value("sensor_timeout_s")*1e9){std::ostringstream message;message.imbue(std::locale::classic());message<<"scan capture age "<<std::fixed<<std::setprecision(3)<<age*1e-9<<"s exceeds budget";last_error_=message.str();return;}
      |                                                                                                                                                                                               ~~~^~~~~
      |                                                                                                                                                                                               |   |
      |                                                                                                                                                                                               |   double
      |                                                                                                                                                                                               const boost::multiprecision::number<boost::multiprecision::backends::cpp_int_backend<> >
/home/yjh/WorkSpace/astribot_sdk_ros2/runs/cpp_migration_20260921/stage6b_stamp/source/ws_robot/src/astribot_s1_navigation_policy_native/src/policy_observer_node.cpp:197:194: note: candidate: ‘operator*(int, double)’ (built-in)
  197 |     if(age<0 || age>profile_->value("sensor_timeout_s")*1e9){std::ostringstream message;message.imbue(std::locale::classic());message<<"scan capture age "<<std::fixed<<std::setprecision(3)<<age*1e-9<<"s exceeds budget";last_error_=message.str();return;}
      |                                                                                                                                                                                               ~~~^~~~~
/home/yjh/WorkSpace/astribot_sdk_ros2/runs/cpp_migration_20260921/stage6b_stamp/source/ws_robot/src/astribot_s1_navigation_policy_native/src/policy_observer_node.cpp:197:194: note:   no known conversion for argument 1 from ‘const boost::multiprecision::number<boost::multiprecision::backends::cpp_int_backend<> >’ to ‘int’
In file included from /usr/include/boost/type_traits/is_complex.hpp:12,
                 from /usr/include/boost/multiprecision/number.hpp:21,
                 from /usr/include/boost/multiprecision/cpp_int.hpp:12,
                 from /home/yjh/WorkSpace/astribot_sdk_ros2/runs/cpp_migration_20260921/stage6b_stamp/source/ws_robot/src/astribot_s1_navigation_policy_native/include/astribot_s1_navigation_policy_native/policy_integer.hpp:3,
                 from /home/yjh/WorkSpace/astribot_sdk_ros2/runs/cpp_migration_20260921/stage6b_stamp/source/ws_robot/src/astribot_s1_navigation_policy_native/include/astribot_s1_navigation_policy_native/policy_contracts.hpp:5,
                 from /home/yjh/WorkSpace/astribot_sdk_ros2/runs/cpp_migration_20260921/stage6b_stamp/source/ws_robot/src/astribot_s1_navigation_policy_native/include/astribot_s1_navigation_policy_native/policy_observer_core.hpp:3,
                 from /home/yjh/WorkSpace/astribot_sdk_ros2/runs/cpp_migration_20260921/stage6b_stamp/source/ws_robot/src/astribot_s1_navigation_policy_native/include/astribot_s1_navigation_policy_native/policy_observer_node.hpp:2,
                 from /home/yjh/WorkSpace/astribot_sdk_ros2/runs/cpp_migration_20260921/stage6b_stamp/source/ws_robot/src/astribot_s1_navigation_policy_native/src/policy_observer_node.cpp:1:
/usr/include/c++/11/complex:392:5: note: candidate: ‘template<class _Tp> std::complex<_Tp> std::operator*(const std::complex<_Tp>&, const std::complex<_Tp>&)’
  392 |     operator*(const complex<_Tp>& __x, const complex<_Tp>& __y)
      |     ^~~~~~~~
/usr/include/c++/11/complex:392:5: note:   template argument deduction/substitution failed:
/home/yjh/WorkSpace/astribot_sdk_ros2/runs/cpp_migration_20260921/stage6b_stamp/source/ws_robot/src/astribot_s1_navigation_policy_native/src/policy_observer_node.cpp:197:195: note:   ‘const boost::multiprecision::number<boost::multiprecision::backends::cpp_int_backend<> >’ is not derived from ‘const std::complex<_Tp>’
  197 |     if(age<0 || age>profile_->value("sensor_timeout_s")*1e9){std::ostringstream message;message.imbue(std::locale::classic());message<<"scan capture age "<<std::fixed<<std::setprecision(3)<<age*1e-9<<"s exceeds budget";last_error_=message.str();return;}
      |                                                                                                                                                                                                   ^~~~
In file included from /usr/include/boost/type_traits/is_complex.hpp:12,
                 from /usr/include/boost/multiprecision/number.hpp:21,
                 from /usr/include/boost/multiprecision/cpp_int.hpp:12,
                 from /home/yjh/WorkSpace/astribot_sdk_ros2/runs/cpp_migration_20260921/stage6b_stamp/source/ws_robot/src/astribot_s1_navigation_policy_native/include/astribot_s1_navigation_policy_native/policy_integer.hpp:3,
                 from /home/yjh/WorkSpace/astribot_sdk_ros2/runs/cpp_migration_20260921/stage6b_stamp/source/ws_robot/src/astribot_s1_navigation_policy_native/include/astribot_s1_navigation_policy_native/policy_contracts.hpp:5,
                 from /home/yjh/WorkSpace/astribot_sdk_ros2/runs/cpp_migration_20260921/stage6b_stamp/source/ws_robot/src/astribot_s1_navigation_policy_native/include/astribot_s1_navigation_policy_native/policy_observer_core.hpp:3,
                 from /home/yjh/WorkSpace/astribot_sdk_ros2/runs/cpp_migration_20260921/stage6b_stamp/source/ws_robot/src/astribot_s1_navigation_policy_native/include/astribot_s1_navigation_policy_native/policy_observer_node.hpp:2,
                 from /home/yjh/WorkSpace/astribot_sdk_ros2/runs/cpp_migration_20260921/stage6b_stamp/source/ws_robot/src/astribot_s1_navigation_policy_native/src/policy_observer_node.cpp:1:
/usr/include/c++/11/complex:401:5: note: candidate: ‘template<class _Tp> std::complex<_Tp> std::operator*(const std::complex<_Tp>&, const _Tp&)’
  401 |     operator*(const complex<_Tp>& __x, const _Tp& __y)
      |     ^~~~~~~~
/usr/include/c++/11/complex:401:5: note:   template argument deduction/substitution failed:
/home/yjh/WorkSpace/astribot_sdk_ros2/runs/cpp_migration_20260921/stage6b_stamp/source/ws_robot/src/astribot_s1_navigation_policy_native/src/policy_observer_node.cpp:197:195: note:   ‘const boost::multiprecision::number<boost::multiprecision::backends::cpp_int_backend<> >’ is not derived from ‘const std::complex<_Tp>’
  197 |     if(age<0 || age>profile_->value("sensor_timeout_s")*1e9){std::ostringstream message;message.imbue(std::locale::classic());message<<"scan capture age "<<std::fixed<<std::setprecision(3)<<age*1e-9<<"s exceeds budget";last_error_=message.str();return;}
      |                                                                                                                                                                                                   ^~~~
In file included from /usr/include/boost/type_traits/is_complex.hpp:12,
                 from /usr/include/boost/multiprecision/number.hpp:21,
                 from /usr/include/boost/multiprecision/cpp_int.hpp:12,
                 from /home/yjh/WorkSpace/astribot_sdk_ros2/runs/cpp_migration_20260921/stage6b_stamp/source/ws_robot/src/astribot_s1_navigation_policy_native/include/astribot_s1_navigation_policy_native/policy_integer.hpp:3,
                 from /home/yjh/WorkSpace/astribot_sdk_ros2/runs/cpp_migration_20260921/stage6b_stamp/source/ws_robot/src/astribot_s1_navigation_policy_native/include/astribot_s1_navigation_policy_native/policy_contracts.hpp:5,
                 from /home/yjh/WorkSpace/astribot_sdk_ros2/runs/cpp_migration_20260921/stage6b_stamp/source/ws_robot/src/astribot_s1_navigation_policy_native/include/astribot_s1_navigation_policy_native/policy_observer_core.hpp:3,
                 from /home/yjh/WorkSpace/astribot_sdk_ros2/runs/cpp_migration_20260921/stage6b_stamp/source/ws_robot/src/astribot_s1_navigation_policy_native/include/astribot_s1_navigation_policy_native/policy_observer_node.hpp:2,
                 from /home/yjh/WorkSpace/astribot_sdk_ros2/runs/cpp_migration_20260921/stage6b_stamp/source/ws_robot/src/astribot_s1_navigation_policy_native/src/policy_observer_node.cpp:1:
/usr/include/c++/11/complex:410:5: note: candidate: ‘template<class _Tp> std::complex<_Tp> std::operator*(const _Tp&, const std::complex<_Tp>&)’
  410 |     operator*(const _Tp& __x, const complex<_Tp>& __y)
      |     ^~~~~~~~
/usr/include/c++/11/complex:410:5: note:   template argument deduction/substitution failed:
/home/yjh/WorkSpace/astribot_sdk_ros2/runs/cpp_migration_20260921/stage6b_stamp/source/ws_robot/src/astribot_s1_navigation_policy_native/src/policy_observer_node.cpp:197:195: note:   mismatched types ‘const std::complex<_Tp>’ and ‘double’
  197 |     if(age<0 || age>profile_->value("sensor_timeout_s")*1e9){std::ostringstream message;message.imbue(std::locale::classic());message<<"scan capture age "<<std::fixed<<std::setprecision(3)<<age*1e-9<<"s exceeds budget";last_error_=message.str();return;}
      |                                                                                                                                                                                                   ^~~~
In file included from /usr/include/c++/11/valarray:603,
                 from /usr/include/nlohmann/detail/conversions/from_json.hpp:13,
                 from /usr/include/nlohmann/adl_serializer.hpp:6,
                 from /usr/include/nlohmann/json.hpp:60,
                 from /home/yjh/WorkSpace/astribot_sdk_ros2/runs/cpp_migration_20260921/stage6b_integer_recovery/geometry_install/include/astribot_s1_robot_geometry/geometry_kernels.hpp:13,
                 from /home/yjh/WorkSpace/astribot_sdk_ros2/runs/cpp_migration_20260921/stage6b_stamp/source/ws_robot/src/astribot_s1_navigation_policy_native/include/astribot_s1_navigation_policy_native/policy_envelope.hpp:4,
                 from /home/yjh/WorkSpace/astribot_sdk_ros2/runs/cpp_migration_20260921/stage6b_stamp/source/ws_robot/src/astribot_s1_navigation_policy_native/include/astribot_s1_navigation_policy_native/policy_observer_node.hpp:3,
                 from /home/yjh/WorkSpace/astribot_sdk_ros2/runs/cpp_migration_20260921/stage6b_stamp/source/ws_robot/src/astribot_s1_navigation_policy_native/src/policy_observer_node.cpp:1:
/usr/include/c++/11/bits/valarray_after.h:407:5: note: candidate: ‘template<class _Dom1, class _Dom2> std::_Expr<std::__detail::_BinClos<std::__multiplies, std::_Expr, std::_Expr, _Dom1, _Dom2>, typename std::__fun<std::__multiplies, typename _Dom1::value_type>::result_type> std::operator*(const std::_Expr<_Dom1, typename _Dom1::value_type>&, const std::_Expr<_Dom2, typename _Dom2::value_type>&)’
  407 |     _DEFINE_EXPR_BINARY_OPERATOR(*, struct std::__multiplies)
      |     ^~~~~~~~~~~~~~~~~~~~~~~~~~~~
/usr/include/c++/11/bits/valarray_after.h:407:5: note:   template argument deduction/substitution failed:
/home/yjh/WorkSpace/astribot_sdk_ros2/runs/cpp_migration_20260921/stage6b_stamp/source/ws_robot/src/astribot_s1_navigation_policy_native/src/policy_observer_node.cpp:197:195: note:   ‘const boost::multiprecision::number<boost::multiprecision::backends::cpp_int_backend<> >’ is not derived from ‘const std::_Expr<_Dom1, typename _Dom1::value_type>’
  197 |     if(age<0 || age>profile_->value("sensor_timeout_s")*1e9){std::ostringstream message;message.imbue(std::locale::classic());message<<"scan capture age "<<std::fixed<<std::setprecision(3)<<age*1e-9<<"s exceeds budget";last_error_=message.str();return;}
      |                                                                                                                                                                                                   ^~~~
In file included from /usr/include/c++/11/valarray:603,
                 from /usr/include/nlohmann/detail/conversions/from_json.hpp:13,
                 from /usr/include/nlohmann/adl_serializer.hpp:6,
                 from /usr/include/nlohmann/json.hpp:60,
                 from /home/yjh/WorkSpace/astribot_sdk_ros2/runs/cpp_migration_20260921/stage6b_integer_recovery/geometry_install/include/astribot_s1_robot_geometry/geometry_kernels.hpp:13,
                 from /home/yjh/WorkSpace/astribot_sdk_ros2/runs/cpp_migration_20260921/stage6b_stamp/source/ws_robot/src/astribot_s1_navigation_policy_native/include/astribot_s1_navigation_policy_native/policy_envelope.hpp:4,
                 from /home/yjh/WorkSpace/astribot_sdk_ros2/runs/cpp_migration_20260921/stage6b_stamp/source/ws_robot/src/astribot_s1_navigation_policy_native/include/astribot_s1_navigation_policy_native/policy_observer_node.hpp:3,
                 from /home/yjh/WorkSpace/astribot_sdk_ros2/runs/cpp_migration_20260921/stage6b_stamp/source/ws_robot/src/astribot_s1_navigation_policy_native/src/policy_observer_node.cpp:1:
/usr/include/c++/11/bits/valarray_after.h:407:5: note: candidate: ‘template<class _Dom> std::_Expr<std::__detail::_BinClos<std::__multiplies, std::_Expr, std::_Constant, _Dom, typename _Dom::value_type>, typename std::__fun<std::__multiplies, typename _Dom1::value_type>::result_type> std::operator*(const std::_Expr<_Dom1, typename _Dom1::value_type>&, const typename _Dom::value_type&)’
  407 |     _DEFINE_EXPR_BINARY_OPERATOR(*, struct std::__multiplies)
      |     ^~~~~~~~~~~~~~~~~~~~~~~~~~~~
/usr/include/c++/11/bits/valarray_after.h:407:5: note:   template argument deduction/substitution failed:
/home/yjh/WorkSpace/astribot_sdk_ros2/runs/cpp_migration_20260921/stage6b_stamp/source/ws_robot/src/astribot_s1_navigation_policy_native/src/policy_observer_node.cpp:197:195: note:   ‘const boost::multiprecision::number<boost::multiprecision::backends::cpp_int_backend<> >’ is not derived from ‘const std::_Expr<_Dom1, typename _Dom1::value_type>’
  197 |     if(age<0 || age>profile_->value("sensor_timeout_s")*1e9){std::ostringstream message;message.imbue(std::locale::classic());message<<"scan capture age "<<std::fixed<<std::setprecision(3)<<age*1e-9<<"s exceeds budget";last_error_=message.str();return;}
      |                                                                                                                                                                                                   ^~~~
In file included from /usr/include/c++/11/valarray:603,
                 from /usr/include/nlohmann/detail/conversions/from_json.hpp:13,
                 from /usr/include/nlohmann/adl_serializer.hpp:6,
                 from /usr/include/nlohmann/json.hpp:60,
                 from /home/yjh/WorkSpace/astribot_sdk_ros2/runs/cpp_migration_20260921/stage6b_integer_recovery/geometry_install/include/astribot_s1_robot_geometry/geometry_kernels.hpp:13,
                 from /home/yjh/WorkSpace/astribot_sdk_ros2/runs/cpp_migration_20260921/stage6b_stamp/source/ws_robot/src/astribot_s1_navigation_policy_native/include/astribot_s1_navigation_policy_native/policy_envelope.hpp:4,
                 from /home/yjh/WorkSpace/astribot_sdk_ros2/runs/cpp_migration_20260921/stage6b_stamp/source/ws_robot/src/astribot_s1_navigation_policy_native/include/astribot_s1_navigation_policy_native/policy_observer_node.hpp:3,
                 from /home/yjh/WorkSpace/astribot_sdk_ros2/runs/cpp_migration_20260921/stage6b_stamp/source/ws_robot/src/astribot_s1_navigation_policy_native/src/policy_observer_node.cpp:1:
/usr/include/c++/11/bits/valarray_after.h:407:5: note: candidate: ‘template<class _Dom> std::_Expr<std::__detail::_BinClos<std::__multiplies, std::_Constant, std::_Expr, typename _Dom::value_type, _Dom>, typename std::__fun<std::__multiplies, typename _Dom1::value_type>::result_type> std::operator*(const typename _Dom::value_type&, const std::_Expr<_Dom1, typename _Dom1::value_type>&)’
  407 |     _DEFINE_EXPR_BINARY_OPERATOR(*, struct std::__multiplies)
      |     ^~~~~~~~~~~~~~~~~~~~~~~~~~~~
/usr/include/c++/11/bits/valarray_after.h:407:5: note:   template argument deduction/substitution failed:
/home/yjh/WorkSpace/astribot_sdk_ros2/runs/cpp_migration_20260921/stage6b_stamp/source/ws_robot/src/astribot_s1_navigation_policy_native/src/policy_observer_node.cpp:197:195: note:   mismatched types ‘const std::_Expr<_Dom1, typename _Dom1::value_type>’ and ‘double’
  197 |     if(age<0 || age>profile_->value("sensor_timeout_s")*1e9){std::ostringstream message;message.imbue(std::locale::classic());message<<"scan capture age "<<std::fixed<<std::setprecision(3)<<age*1e-9<<"s exceeds budget";last_error_=message.str();return;}
      |                                                                                                                                                                                                   ^~~~
In file included from /usr/include/c++/11/valarray:603,
                 from /usr/include/nlohmann/detail/conversions/from_json.hpp:13,
                 from /usr/include/nlohmann/adl_serializer.hpp:6,
                 from /usr/include/nlohmann/json.hpp:60,
                 from /home/yjh/WorkSpace/astribot_sdk_ros2/runs/cpp_migration_20260921/stage6b_integer_recovery/geometry_install/include/astribot_s1_robot_geometry/geometry_kernels.hpp:13,
                 from /home/yjh/WorkSpace/astribot_sdk_ros2/runs/cpp_migration_20260921/stage6b_stamp/source/ws_robot/src/astribot_s1_navigation_policy_native/include/astribot_s1_navigation_policy_native/policy_envelope.hpp:4,
                 from /home/yjh/WorkSpace/astribot_sdk_ros2/runs/cpp_migration_20260921/stage6b_stamp/source/ws_robot/src/astribot_s1_navigation_policy_native/include/astribot_s1_navigation_policy_native/policy_observer_node.hpp:3,
                 from /home/yjh/WorkSpace/astribot_sdk_ros2/runs/cpp_migration_20260921/stage6b_stamp/source/ws_robot/src/astribot_s1_navigation_policy_native/src/policy_observer_node.cpp:1:
/usr/include/c++/11/bits/valarray_after.h:407:5: note: candidate: ‘template<class _Dom> std::_Expr<std::__detail::_BinClos<std::__multiplies, std::_Expr, std::_ValArray, _Dom, typename _Dom::value_type>, typename std::__fun<std::__multiplies, typename _Dom1::value_type>::result_type> std::operator*(const std::_Expr<_Dom1, typename _Dom1::value_type>&, const std::valarray<typename _Dom::value_type>&)’
  407 |     _DEFINE_EXPR_BINARY_OPERATOR(*, struct std::__multiplies)
      |     ^~~~~~~~~~~~~~~~~~~~~~~~~~~~
/usr/include/c++/11/bits/valarray_after.h:407:5: note:   template argument deduction/substitution failed:
/home/yjh/WorkSpace/astribot_sdk_ros2/runs/cpp_migration_20260921/stage6b_stamp/source/ws_robot/src/astribot_s1_navigation_policy_native/src/policy_observer_node.cpp:197:195: note:   ‘const boost::multiprecision::number<boost::multiprecision::backends::cpp_int_backend<> >’ is not derived from ‘const std::_Expr<_Dom1, typename _Dom1::value_type>’
  197 |     if(age<0 || age>profile_->value("sensor_timeout_s")*1e9){std::ostringstream message;message.imbue(std::locale::classic());message<<"scan capture age "<<std::fixed<<std::setprecision(3)<<age*1e-9<<"s exceeds budget";last_error_=message.str();return;}
      |                                                                                                                                                                                                   ^~~~
In file included from /usr/include/c++/11/valarray:603,
                 from /usr/include/nlohmann/detail/conversions/from_json.hpp:13,
                 from /usr/include/nlohmann/adl_serializer.hpp:6,
                 from /usr/include/nlohmann/json.hpp:60,
                 from /home/yjh/WorkSpace/astribot_sdk_ros2/runs/cpp_migration_20260921/stage6b_integer_recovery/geometry_install/include/astribot_s1_robot_geometry/geometry_kernels.hpp:13,
                 from /home/yjh/WorkSpace/astribot_sdk_ros2/runs/cpp_migration_20260921/stage6b_stamp/source/ws_robot/src/astribot_s1_navigation_policy_native/include/astribot_s1_navigation_policy_native/policy_envelope.hpp:4,
                 from /home/yjh/WorkSpace/astribot_sdk_ros2/runs/cpp_migration_20260921/stage6b_stamp/source/ws_robot/src/astribot_s1_navigation_policy_native/include/astribot_s1_navigation_policy_native/policy_observer_node.hpp:3,
                 from /home/yjh/WorkSpace/astribot_sdk_ros2/runs/cpp_migration_20260921/stage6b_stamp/source/ws_robot/src/astribot_s1_navigation_policy_native/src/policy_observer_node.cpp:1:
/usr/include/c++/11/bits/valarray_after.h:407:5: note: candidate: ‘template<class _Dom> std::_Expr<std::__detail::_BinClos<std::__multiplies, std::_ValArray, std::_Expr, typename _Dom::value_type, _Dom>, typename std::__fun<std::__multiplies, typename _Dom1::value_type>::result_type> std::operator*(const std::valarray<typename _Dom::value_type>&, const std::_Expr<_Dom1, typename _Dom1::value_type>&)’
  407 |     _DEFINE_EXPR_BINARY_OPERATOR(*, struct std::__multiplies)
      |     ^~~~~~~~~~~~~~~~~~~~~~~~~~~~
/usr/include/c++/11/bits/valarray_after.h:407:5: note:   template argument deduction/substitution failed:
/home/yjh/WorkSpace/astribot_sdk_ros2/runs/cpp_migration_20260921/stage6b_stamp/source/ws_robot/src/astribot_s1_navigation_policy_native/src/policy_observer_node.cpp:197:195: note:   mismatched types ‘const std::_Expr<_Dom1, typename _Dom1::value_type>’ and ‘double’
  197 |     if(age<0 || age>profile_->value("sensor_timeout_s")*1e9){std::ostringstream message;message.imbue(std::locale::classic());message<<"scan capture age "<<std::fixed<<std::setprecision(3)<<age*1e-9<<"s exceeds budget";last_error_=message.str();return;}
      |                                                                                                                                                                                                   ^~~~
In file included from /usr/include/nlohmann/detail/conversions/from_json.hpp:13,
                 from /usr/include/nlohmann/adl_serializer.hpp:6,
                 from /usr/include/nlohmann/json.hpp:60,
                 from /home/yjh/WorkSpace/astribot_sdk_ros2/runs/cpp_migration_20260921/stage6b_integer_recovery/geometry_install/include/astribot_s1_robot_geometry/geometry_kernels.hpp:13,
                 from /home/yjh/WorkSpace/astribot_sdk_ros2/runs/cpp_migration_20260921/stage6b_stamp/source/ws_robot/src/astribot_s1_navigation_policy_native/include/astribot_s1_navigation_policy_native/policy_envelope.hpp:4,
                 from /home/yjh/WorkSpace/astribot_sdk_ros2/runs/cpp_migration_20260921/stage6b_stamp/source/ws_robot/src/astribot_s1_navigation_policy_native/include/astribot_s1_navigation_policy_native/policy_observer_node.hpp:3,
                 from /home/yjh/WorkSpace/astribot_sdk_ros2/runs/cpp_migration_20260921/stage6b_stamp/source/ws_robot/src/astribot_s1_navigation_policy_native/src/policy_observer_node.cpp:1:
/usr/include/c++/11/valarray:1188:1: note: candidate: ‘template<class _Tp> std::_Expr<std::__detail::_BinClos<std::__multiplies, std::_ValArray, std::_ValArray, _Tp, _Tp>, typename std::__fun<std::__multiplies, _Tp>::result_type> std::operator*(const std::valarray<_Tp>&, const std::valarray<_Tp>&)’
 1188 | _DEFINE_BINARY_OPERATOR(*, __multiplies)
      | ^~~~~~~~~~~~~~~~~~~~~~~
/usr/include/c++/11/valarray:1188:1: note:   template argument deduction/substitution failed:
/home/yjh/WorkSpace/astribot_sdk_ros2/runs/cpp_migration_20260921/stage6b_stamp/source/ws_robot/src/astribot_s1_navigation_policy_native/src/policy_observer_node.cpp:197:195: note:   ‘const boost::multiprecision::number<boost::multiprecision::backends::cpp_int_backend<> >’ is not derived from ‘const std::valarray<_Tp>’
  197 |     if(age<0 || age>profile_->value("sensor_timeout_s")*1e9){std::ostringstream message;message.imbue(std::locale::classic());message<<"scan capture age "<<std::fixed<<std::setprecision(3)<<age*1e-9<<"s exceeds budget";last_error_=message.str();return;}
      |                                                                                                                                                                                                   ^~~~
In file included from /usr/include/nlohmann/detail/conversions/from_json.hpp:13,
                 from /usr/include/nlohmann/adl_serializer.hpp:6,
                 from /usr/include/nlohmann/json.hpp:60,
                 from /home/yjh/WorkSpace/astribot_sdk_ros2/runs/cpp_migration_20260921/stage6b_integer_recovery/geometry_install/include/astribot_s1_robot_geometry/geometry_kernels.hpp:13,
                 from /home/yjh/WorkSpace/astribot_sdk_ros2/runs/cpp_migration_20260921/stage6b_stamp/source/ws_robot/src/astribot_s1_navigation_policy_native/include/astribot_s1_navigation_policy_native/policy_envelope.hpp:4,
                 from /home/yjh/WorkSpace/astribot_sdk_ros2/runs/cpp_migration_20260921/stage6b_stamp/source/ws_robot/src/astribot_s1_navigation_policy_native/include/astribot_s1_navigation_policy_native/policy_observer_node.hpp:3,
                 from /home/yjh/WorkSpace/astribot_sdk_ros2/runs/cpp_migration_20260921/stage6b_stamp/source/ws_robot/src/astribot_s1_navigation_policy_native/src/policy_observer_node.cpp:1:
/usr/include/c++/11/valarray:1188:1: note: candidate: ‘template<class _Tp> std::_Expr<std::__detail::_BinClos<std::__multiplies, std::_ValArray, std::_Constant, _Tp, _Tp>, typename std::__fun<std::__multiplies, _Tp>::result_type> std::operator*(const std::valarray<_Tp>&, const typename std::valarray<_Tp>::value_type&)’
 1188 | _DEFINE_BINARY_OPERATOR(*, __multiplies)
      | ^~~~~~~~~~~~~~~~~~~~~~~
/usr/include/c++/11/valarray:1188:1: note:   template argument deduction/substitution failed:
/home/yjh/WorkSpace/astribot_sdk_ros2/runs/cpp_migration_20260921/stage6b_stamp/source/ws_robot/src/astribot_s1_navigation_policy_native/src/policy_observer_node.cpp:197:195: note:   ‘const boost::multiprecision::number<boost::multiprecision::backends::cpp_int_backend<> >’ is not derived from ‘const std::valarray<_Tp>’
  197 |     if(age<0 || age>profile_->value("sensor_timeout_s")*1e9){std::ostringstream message;message.imbue(std::locale::classic());message<<"scan capture age "<<std::fixed<<std::setprecision(3)<<age*1e-9<<"s exceeds budget";last_error_=message.str();return;}
      |                                                                                                                                                                                                   ^~~~
In file included from /usr/include/nlohmann/detail/conversions/from_json.hpp:13,
                 from /usr/include/nlohmann/adl_serializer.hpp:6,
                 from /usr/include/nlohmann/json.hpp:60,
                 from /home/yjh/WorkSpace/astribot_sdk_ros2/runs/cpp_migration_20260921/stage6b_integer_recovery/geometry_install/include/astribot_s1_robot_geometry/geometry_kernels.hpp:13,
                 from /home/yjh/WorkSpace/astribot_sdk_ros2/runs/cpp_migration_20260921/stage6b_stamp/source/ws_robot/src/astribot_s1_navigation_policy_native/include/astribot_s1_navigation_policy_native/policy_envelope.hpp:4,
                 from /home/yjh/WorkSpace/astribot_sdk_ros2/runs/cpp_migration_20260921/stage6b_stamp/source/ws_robot/src/astribot_s1_navigation_policy_native/include/astribot_s1_navigation_policy_native/policy_observer_node.hpp:3,
                 from /home/yjh/WorkSpace/astribot_sdk_ros2/runs/cpp_migration_20260921/stage6b_stamp/source/ws_robot/src/astribot_s1_navigation_policy_native/src/policy_observer_node.cpp:1:
/usr/include/c++/11/valarray:1188:1: note: candidate: ‘template<class _Tp> std::_Expr<std::__detail::_BinClos<std::__multiplies, std::_Constant, std::_ValArray, _Tp, _Tp>, typename std::__fun<std::__multiplies, _Tp>::result_type> std::operator*(const typename std::valarray<_Tp>::value_type&, const std::valarray<_Tp>&)’
 1188 | _DEFINE_BINARY_OPERATOR(*, __multiplies)
      | ^~~~~~~~~~~~~~~~~~~~~~~
/usr/include/c++/11/valarray:1188:1: note:   template argument deduction/substitution failed:
/home/yjh/WorkSpace/astribot_sdk_ros2/runs/cpp_migration_20260921/stage6b_stamp/source/ws_robot/src/astribot_s1_navigation_policy_native/src/policy_observer_node.cpp:197:195: note:   mismatched types ‘const std::valarray<_Tp>’ and ‘double’
  197 |     if(age<0 || age>profile_->value("sensor_timeout_s")*1e9){std::ostringstream message;message.imbue(std::locale::classic());message<<"scan capture age "<<std::fixed<<std::setprecision(3)<<age*1e-9<<"s exceeds budget";last_error_=message.str();return;}
      |                                                                                                                                                                                                   ^~~~
In file included from /usr/include/boost/multiprecision/detail/default_ops.hpp:3699,
                 from /usr/include/boost/multiprecision/detail/generic_interconvert.hpp:9,
                 from /usr/include/boost/multiprecision/number.hpp:26,
                 from /usr/include/boost/multiprecision/cpp_int.hpp:12,
                 from /home/yjh/WorkSpace/astribot_sdk_ros2/runs/cpp_migration_20260921/stage6b_stamp/source/ws_robot/src/astribot_s1_navigation_policy_native/include/astribot_s1_navigation_policy_native/policy_integer.hpp:3,
                 from /home/yjh/WorkSpace/astribot_sdk_ros2/runs/cpp_migration_20260921/stage6b_stamp/source/ws_robot/src/astribot_s1_navigation_policy_native/include/astribot_s1_navigation_policy_native/policy_contracts.hpp:5,
                 from /home/yjh/WorkSpace/astribot_sdk_ros2/runs/cpp_migration_20260921/stage6b_stamp/source/ws_robot/src/astribot_s1_navigation_policy_native/include/astribot_s1_navigation_policy_native/policy_observer_core.hpp:3,
                 from /home/yjh/WorkSpace/astribot_sdk_ros2/runs/cpp_migration_20260921/stage6b_stamp/source/ws_robot/src/astribot_s1_navigation_policy_native/include/astribot_s1_navigation_policy_native/policy_observer_node.hpp:2,
                 from /home/yjh/WorkSpace/astribot_sdk_ros2/runs/cpp_migration_20260921/stage6b_stamp/source/ws_robot/src/astribot_s1_navigation_policy_native/src/policy_observer_node.cpp:1:
/usr/include/boost/multiprecision/detail/no_et_ops.hpp:107:71: note: candidate: ‘template<class B> constexpr boost::multiprecision::number<Backend, boost::multiprecision::et_off> boost::multiprecision::operator*(const boost::multiprecision::number<Backend, boost::multiprecision::et_off>&, const boost::multiprecision::number<Backend, boost::multiprecision::et_off>&)’
  107 |       BOOST_MP_FORCEINLINE BOOST_MP_CXX14_CONSTEXPR number<B, et_off> operator*(const number<B, et_off>& a, const number<B, et_off>& b)
      |                                                                       ^~~~~~~~
/usr/include/boost/multiprecision/detail/no_et_ops.hpp:107:71: note:   template argument deduction/substitution failed:
/home/yjh/WorkSpace/astribot_sdk_ros2/runs/cpp_migration_20260921/stage6b_stamp/source/ws_robot/src/astribot_s1_navigation_policy_native/src/policy_observer_node.cpp:197:195: note:   template argument ‘boost::multiprecision::et_on’ does not match ‘boost::multiprecision::et_off’
  197 |     if(age<0 || age>profile_->value("sensor_timeout_s")*1e9){std::ostringstream message;message.imbue(std::locale::classic());message<<"scan capture age "<<std::fixed<<std::setprecision(3)<<age*1e-9<<"s exceeds budget";last_error_=message.str();return;}
      |                                                                                                                                                                                                   ^~~~
In file included from /usr/include/boost/multiprecision/detail/default_ops.hpp:3699,
                 from /usr/include/boost/multiprecision/detail/generic_interconvert.hpp:9,
                 from /usr/include/boost/multiprecision/number.hpp:26,
                 from /usr/include/boost/multiprecision/cpp_int.hpp:12,
                 from /home/yjh/WorkSpace/astribot_sdk_ros2/runs/cpp_migration_20260921/stage6b_stamp/source/ws_robot/src/astribot_s1_navigation_policy_native/include/astribot_s1_navigation_policy_native/policy_integer.hpp:3,
                 from /home/yjh/WorkSpace/astribot_sdk_ros2/runs/cpp_migration_20260921/stage6b_stamp/source/ws_robot/src/astribot_s1_navigation_policy_native/include/astribot_s1_navigation_policy_native/policy_contracts.hpp:5,
                 from /home/yjh/WorkSpace/astribot_sdk_ros2/runs/cpp_migration_20260921/stage6b_stamp/source/ws_robot/src/astribot_s1_navigation_policy_native/include/astribot_s1_navigation_policy_native/policy_observer_core.hpp:3,
                 from /home/yjh/WorkSpace/astribot_sdk_ros2/runs/cpp_migration_20260921/stage6b_stamp/source/ws_robot/src/astribot_s1_navigation_policy_native/include/astribot_s1_navigation_policy_native/policy_observer_node.hpp:2,
                 from /home/yjh/WorkSpace/astribot_sdk_ros2/runs/cpp_migration_20260921/stage6b_stamp/source/ws_robot/src/astribot_s1_navigation_policy_native/src/policy_observer_node.cpp:1:
/usr/include/boost/multiprecision/detail/no_et_ops.hpp:117:10: note: candidate: ‘template<class B, class V> constexpr typename boost::enable_if<boost::multiprecision::is_compatible_arithmetic_type<Arithmetic, boost::multiprecision::number<Backend, boost::multiprecision::et_off> >, boost::multiprecision::number<Backend, boost::multiprecision::et_off> >::type boost::multiprecision::operator*(const boost::multiprecision::number<Backend, boost::multiprecision::et_off>&, const V&)’
  117 |          operator*(const number<B, et_off>& a, const V& b)
      |          ^~~~~~~~
/usr/include/boost/multiprecision/detail/no_et_ops.hpp:117:10: note:   template argument deduction/substitution failed:
/home/yjh/WorkSpace/astribot_sdk_ros2/runs/cpp_migration_20260921/stage6b_stamp/source/ws_robot/src/astribot_s1_navigation_policy_native/src/policy_observer_node.cpp:197:195: note:   template argument ‘boost::multiprecision::et_on’ does not match ‘boost::multiprecision::et_off’
  197 |     if(age<0 || age>profile_->value("sensor_timeout_s")*1e9){std::ostringstream message;message.imbue(std::locale::classic());message<<"scan capture age "<<std::fixed<<std::setprecision(3)<<age*1e-9<<"s exceeds budget";last_error_=message.str();return;}
      |                                                                                                                                                                                                   ^~~~
In file included from /usr/include/boost/multiprecision/detail/default_ops.hpp:3699,
                 from /usr/include/boost/multiprecision/detail/generic_interconvert.hpp:9,
                 from /usr/include/boost/multiprecision/number.hpp:26,
                 from /usr/include/boost/multiprecision/cpp_int.hpp:12,
                 from /home/yjh/WorkSpace/astribot_sdk_ros2/runs/cpp_migration_20260921/stage6b_stamp/source/ws_robot/src/astribot_s1_navigation_policy_native/include/astribot_s1_navigation_policy_native/policy_integer.hpp:3,
                 from /home/yjh/WorkSpace/astribot_sdk_ros2/runs/cpp_migration_20260921/stage6b_stamp/source/ws_robot/src/astribot_s1_navigation_policy_native/include/astribot_s1_navigation_policy_native/policy_contracts.hpp:5,
                 from /home/yjh/WorkSpace/astribot_sdk_ros2/runs/cpp_migration_20260921/stage6b_stamp/source/ws_robot/src/astribot_s1_navigation_policy_native/include/astribot_s1_navigation_policy_native/policy_observer_core.hpp:3,
                 from /home/yjh/WorkSpace/astribot_sdk_ros2/runs/cpp_migration_20260921/stage6b_stamp/source/ws_robot/src/astribot_s1_navigation_policy_native/include/astribot_s1_navigation_policy_native/policy_observer_node.hpp:2,
                 from /home/yjh/WorkSpace/astribot_sdk_ros2/runs/cpp_migration_20260921/stage6b_stamp/source/ws_robot/src/astribot_s1_navigation_policy_native/src/policy_observer_node.cpp:1:
/usr/include/boost/multiprecision/detail/no_et_ops.hpp:127:10: note: candidate: ‘template<class V, class B> constexpr typename boost::enable_if<boost::multiprecision::is_compatible_arithmetic_type<V, boost::multiprecision::number<Backend, boost::multiprecision::et_off> >, boost::multiprecision::number<Backend, boost::multiprecision::et_off> >::type boost::multiprecision::operator*(const V&, const boost::multiprecision::number<Backend, boost::multiprecision::et_off>&)’
  127 |          operator*(const V& a, const number<B, et_off>& b)
      |          ^~~~~~~~
/usr/include/boost/multiprecision/detail/no_et_ops.hpp:127:10: note:   template argument deduction/substitution failed:
/home/yjh/WorkSpace/astribot_sdk_ros2/runs/cpp_migration_20260921/stage6b_stamp/source/ws_robot/src/astribot_s1_navigation_policy_native/src/policy_observer_node.cpp:197:195: note:   mismatched types ‘const boost::multiprecision::number<Backend, boost::multiprecision::et_off>’ and ‘double’
  197 |     if(age<0 || age>profile_->value("sensor_timeout_s")*1e9){std::ostringstream message;message.imbue(std::locale::classic());message<<"scan capture age "<<std::fixed<<std::setprecision(3)<<age*1e-9<<"s exceeds budget";last_error_=message.str();return;}
      |                                                                                                                                                                                                   ^~~~
In file included from /usr/include/boost/multiprecision/detail/default_ops.hpp:3699,
                 from /usr/include/boost/multiprecision/detail/generic_interconvert.hpp:9,
                 from /usr/include/boost/multiprecision/number.hpp:26,
                 from /usr/include/boost/multiprecision/cpp_int.hpp:12,
                 from /home/yjh/WorkSpace/astribot_sdk_ros2/runs/cpp_migration_20260921/stage6b_stamp/source/ws_robot/src/astribot_s1_navigation_policy_native/include/astribot_s1_navigation_policy_native/policy_integer.hpp:3,
                 from /home/yjh/WorkSpace/astribot_sdk_ros2/runs/cpp_migration_20260921/stage6b_stamp/source/ws_robot/src/astribot_s1_navigation_policy_native/include/astribot_s1_navigation_policy_native/policy_contracts.hpp:5,
                 from /home/yjh/WorkSpace/astribot_sdk_ros2/runs/cpp_migration_20260921/stage6b_stamp/source/ws_robot/src/astribot_s1_navigation_policy_native/include/astribot_s1_navigation_policy_native/policy_observer_core.hpp:3,
                 from /home/yjh/WorkSpace/astribot_sdk_ros2/runs/cpp_migration_20260921/stage6b_stamp/source/ws_robot/src/astribot_s1_navigation_policy_native/include/astribot_s1_navigation_policy_native/policy_observer_node.hpp:2,
                 from /home/yjh/WorkSpace/astribot_sdk_ros2/runs/cpp_migration_20260921/stage6b_stamp/source/ws_robot/src/astribot_s1_navigation_policy_native/src/policy_observer_node.cpp:1:
/usr/include/boost/multiprecision/detail/no_et_ops.hpp:431:71: note: candidate: ‘template<class B> constexpr boost::multiprecision::number<Backend, boost::multiprecision::et_off> boost::multiprecision::operator*(boost::multiprecision::number<Backend, boost::multiprecision::et_off>&&, const boost::multiprecision::number<Backend, boost::multiprecision::et_off>&)’
  431 |       BOOST_MP_FORCEINLINE BOOST_MP_CXX14_CONSTEXPR number<B, et_off> operator*(number<B, et_off>&& a, const number<B, et_off>& b)
      |                                                                       ^~~~~~~~
/usr/include/boost/multiprecision/detail/no_et_ops.hpp:431:71: note:   template argument deduction/substitution failed:
/home/yjh/WorkSpace/astribot_sdk_ros2/runs/cpp_migration_20260921/stage6b_stamp/source/ws_robot/src/astribot_s1_navigation_policy_native/src/policy_observer_node.cpp:197:195: note:   types ‘boost::multiprecision::number<Backend, boost::multiprecision::et_off>’ and ‘const boost::multiprecision::number<boost::multiprecision::backends::cpp_int_backend<> >’ have incompatible cv-qualifiers
  197 |     if(age<0 || age>profile_->value("sensor_timeout_s")*1e9){std::ostringstream message;message.imbue(std::locale::classic());message<<"scan capture age "<<std::fixed<<std::setprecision(3)<<age*1e-9<<"s exceeds budget";last_error_=message.str();return;}
      |                                                                                                                                                                                                   ^~~~
In file included from /usr/include/boost/multiprecision/detail/default_ops.hpp:3699,
                 from /usr/include/boost/multiprecision/detail/generic_interconvert.hpp:9,
                 from /usr/include/boost/multiprecision/number.hpp:26,
                 from /usr/include/boost/multiprecision/cpp_int.hpp:12,
                 from /home/yjh/WorkSpace/astribot_sdk_ros2/runs/cpp_migration_20260921/stage6b_stamp/source/ws_robot/src/astribot_s1_navigation_policy_native/include/astribot_s1_navigation_policy_native/policy_integer.hpp:3,
                 from /home/yjh/WorkSpace/astribot_sdk_ros2/runs/cpp_migration_20260921/stage6b_stamp/source/ws_robot/src/astribot_s1_navigation_policy_native/include/astribot_s1_navigation_policy_native/policy_contracts.hpp:5,
                 from /home/yjh/WorkSpace/astribot_sdk_ros2/runs/cpp_migration_20260921/stage6b_stamp/source/ws_robot/src/astribot_s1_navigation_policy_native/include/astribot_s1_navigation_policy_native/policy_observer_core.hpp:3,
                 from /home/yjh/WorkSpace/astribot_sdk_ros2/runs/cpp_migration_20260921/stage6b_stamp/source/ws_robot/src/astribot_s1_navigation_policy_native/include/astribot_s1_navigation_policy_native/policy_observer_node.hpp:2,
                 from /home/yjh/WorkSpace/astribot_sdk_ros2/runs/cpp_migration_20260921/stage6b_stamp/source/ws_robot/src/astribot_s1_navigation_policy_native/src/policy_observer_node.cpp:1:
/usr/include/boost/multiprecision/detail/no_et_ops.hpp:439:71: note: candidate: ‘template<class B> constexpr boost::multiprecision::number<Backend, boost::multiprecision::et_off> boost::multiprecision::operator*(const boost::multiprecision::number<Backend, boost::multiprecision::et_off>&, boost::multiprecision::number<Backend, boost::multiprecision::et_off>&&)’
  439 |       BOOST_MP_FORCEINLINE BOOST_MP_CXX14_CONSTEXPR number<B, et_off> operator*(const number<B, et_off>& a, number<B, et_off>&& b)
      |                                                                       ^~~~~~~~
/usr/include/boost/multiprecision/detail/no_et_ops.hpp:439:71: note:   template argument deduction/substitution failed:
/home/yjh/WorkSpace/astribot_sdk_ros2/runs/cpp_migration_20260921/stage6b_stamp/source/ws_robot/src/astribot_s1_navigation_policy_native/src/policy_observer_node.cpp:197:195: note:   template argument ‘boost::multiprecision::et_on’ does not match ‘boost::multiprecision::et_off’
  197 |     if(age<0 || age>profile_->value("sensor_timeout_s")*1e9){std::ostringstream message;message.imbue(std::locale::classic());message<<"scan capture age "<<std::fixed<<std::setprecision(3)<<age*1e-9<<"s exceeds budget";last_error_=message.str();return;}
      |                                                                                                                                                                                                   ^~~~
In file included from /usr/include/boost/multiprecision/detail/default_ops.hpp:3699,
                 from /usr/include/boost/multiprecision/detail/generic_interconvert.hpp:9,
                 from /usr/include/boost/multiprecision/number.hpp:26,
                 from /usr/include/boost/multiprecision/cpp_int.hpp:12,
                 from /home/yjh/WorkSpace/astribot_sdk_ros2/runs/cpp_migration_20260921/stage6b_stamp/source/ws_robot/src/astribot_s1_navigation_policy_native/include/astribot_s1_navigation_policy_native/policy_integer.hpp:3,
                 from /home/yjh/WorkSpace/astribot_sdk_ros2/runs/cpp_migration_20260921/stage6b_stamp/source/ws_robot/src/astribot_s1_navigation_policy_native/include/astribot_s1_navigation_policy_native/policy_contracts.hpp:5,
                 from /home/yjh/WorkSpace/astribot_sdk_ros2/runs/cpp_migration_20260921/stage6b_stamp/source/ws_robot/src/astribot_s1_navigation_policy_native/include/astribot_s1_navigation_policy_native/policy_observer_core.hpp:3,
                 from /home/yjh/WorkSpace/astribot_sdk_ros2/runs/cpp_migration_20260921/stage6b_stamp/source/ws_robot/src/astribot_s1_navigation_policy_native/include/astribot_s1_navigation_policy_native/policy_observer_node.hpp:2,
                 from /home/yjh/WorkSpace/astribot_sdk_ros2/runs/cpp_migration_20260921/stage6b_stamp/source/ws_robot/src/astribot_s1_navigation_policy_native/src/policy_observer_node.cpp:1:
/usr/include/boost/multiprecision/detail/no_et_ops.hpp:447:71: note: candidate: ‘template<class B> constexpr boost::multiprecision::number<Backend, boost::multiprecision::et_off> boost::multiprecision::operator*(boost::multiprecision::number<Backend, boost::multiprecision::et_off>&&, boost::multiprecision::number<Backend, boost::multiprecision::et_off>&&)’
  447 |       BOOST_MP_FORCEINLINE BOOST_MP_CXX14_CONSTEXPR number<B, et_off> operator*(number<B, et_off>&& a, number<B, et_off>&& b)
      |                                                                       ^~~~~~~~
/usr/include/boost/multiprecision/detail/no_et_ops.hpp:447:71: note:   template argument deduction/substitution failed:
/home/yjh/WorkSpace/astribot_sdk_ros2/runs/cpp_migration_20260921/stage6b_stamp/source/ws_robot/src/astribot_s1_navigation_policy_native/src/policy_observer_node.cpp:197:195: note:   types ‘boost::multiprecision::number<Backend, boost::multiprecision::et_off>’ and ‘const boost::multiprecision::number<boost::multiprecision::backends::cpp_int_backend<> >’ have incompatible cv-qualifiers
  197 |     if(age<0 || age>profile_->value("sensor_timeout_s")*1e9){std::ostringstream message;message.imbue(std::locale::classic());message<<"scan capture age "<<std::fixed<<std::setprecision(3)<<age*1e-9<<"s exceeds budget";last_error_=message.str();return;}
      |                                                                                                                                                                                                   ^~~~
In file included from /usr/include/boost/multiprecision/detail/default_ops.hpp:3699,
                 from /usr/include/boost/multiprecision/detail/generic_interconvert.hpp:9,
                 from /usr/include/boost/multiprecision/number.hpp:26,
                 from /usr/include/boost/multiprecision/cpp_int.hpp:12,
                 from /home/yjh/WorkSpace/astribot_sdk_ros2/runs/cpp_migration_20260921/stage6b_stamp/source/ws_robot/src/astribot_s1_navigation_policy_native/include/astribot_s1_navigation_policy_native/policy_integer.hpp:3,
                 from /home/yjh/WorkSpace/astribot_sdk_ros2/runs/cpp_migration_20260921/stage6b_stamp/source/ws_robot/src/astribot_s1_navigation_policy_native/include/astribot_s1_navigation_policy_native/policy_contracts.hpp:5,
                 from /home/yjh/WorkSpace/astribot_sdk_ros2/runs/cpp_migration_20260921/stage6b_stamp/source/ws_robot/src/astribot_s1_navigation_policy_native/include/astribot_s1_navigation_policy_native/policy_observer_core.hpp:3,
                 from /home/yjh/WorkSpace/astribot_sdk_ros2/runs/cpp_migration_20260921/stage6b_stamp/source/ws_robot/src/astribot_s1_navigation_policy_native/include/astribot_s1_navigation_policy_native/policy_observer_node.hpp:2,
                 from /home/yjh/WorkSpace/astribot_sdk_ros2/runs/cpp_migration_20260921/stage6b_stamp/source/ws_robot/src/astribot_s1_navigation_policy_native/src/policy_observer_node.cpp:1:
/usr/include/boost/multiprecision/detail/no_et_ops.hpp:456:10: note: candidate: ‘template<class B, class V> constexpr typename boost::enable_if<boost::multiprecision::is_compatible_arithmetic_type<Arithmetic, boost::multiprecision::number<Backend, boost::multiprecision::et_off> >, boost::multiprecision::number<Backend, boost::multiprecision::et_off> >::type boost::multiprecision::operator*(boost::multiprecision::number<Backend, boost::multiprecision::et_off>&&, const V&)’
  456 |          operator*(number<B, et_off>&& a, const V& b)
      |          ^~~~~~~~
/usr/include/boost/multiprecision/detail/no_et_ops.hpp:456:10: note:   template argument deduction/substitution failed:
/home/yjh/WorkSpace/astribot_sdk_ros2/runs/cpp_migration_20260921/stage6b_stamp/source/ws_robot/src/astribot_s1_navigation_policy_native/src/policy_observer_node.cpp:197:195: note:   types ‘boost::multiprecision::number<Backend, boost::multiprecision::et_off>’ and ‘const boost::multiprecision::number<boost::multiprecision::backends::cpp_int_backend<> >’ have incompatible cv-qualifiers
  197 |     if(age<0 || age>profile_->value("sensor_timeout_s")*1e9){std::ostringstream message;message.imbue(std::locale::classic());message<<"scan capture age "<<std::fixed<<std::setprecision(3)<<age*1e-9<<"s exceeds budget";last_error_=message.str();return;}
      |                                                                                                                                                                                                   ^~~~
In file included from /usr/include/boost/multiprecision/detail/default_ops.hpp:3699,
                 from /usr/include/boost/multiprecision/detail/generic_interconvert.hpp:9,
                 from /usr/include/boost/multiprecision/number.hpp:26,
                 from /usr/include/boost/multiprecision/cpp_int.hpp:12,
                 from /home/yjh/WorkSpace/astribot_sdk_ros2/runs/cpp_migration_20260921/stage6b_stamp/source/ws_robot/src/astribot_s1_navigation_policy_native/include/astribot_s1_navigation_policy_native/policy_integer.hpp:3,
                 from /home/yjh/WorkSpace/astribot_sdk_ros2/runs/cpp_migration_20260921/stage6b_stamp/source/ws_robot/src/astribot_s1_navigation_policy_native/include/astribot_s1_navigation_policy_native/policy_contracts.hpp:5,
                 from /home/yjh/WorkSpace/astribot_sdk_ros2/runs/cpp_migration_20260921/stage6b_stamp/source/ws_robot/src/astribot_s1_navigation_policy_native/include/astribot_s1_navigation_policy_native/policy_observer_core.hpp:3,
                 from /home/yjh/WorkSpace/astribot_sdk_ros2/runs/cpp_migration_20260921/stage6b_stamp/source/ws_robot/src/astribot_s1_navigation_policy_native/include/astribot_s1_navigation_policy_native/policy_observer_node.hpp:2,
                 from /home/yjh/WorkSpace/astribot_sdk_ros2/runs/cpp_migration_20260921/stage6b_stamp/source/ws_robot/src/astribot_s1_navigation_policy_native/src/policy_observer_node.cpp:1:
/usr/include/boost/multiprecision/detail/no_et_ops.hpp:465:10: note: candidate: ‘template<class V, class B> constexpr typename boost::enable_if<boost::multiprecision::is_compatible_arithmetic_type<V, boost::multiprecision::number<Backend, boost::multiprecision::et_off> >, boost::multiprecision::number<Backend, boost::multiprecision::et_off> >::type boost::multiprecision::operator*(const V&, boost::multiprecision::number<Backend, boost::multiprecision::et_off>&&)’
  465 |          operator*(const V& a, number<B, et_off>&& b)
      |          ^~~~~~~~
/usr/include/boost/multiprecision/detail/no_et_ops.hpp:465:10: note:   template argument deduction/substitution failed:
/home/yjh/WorkSpace/astribot_sdk_ros2/runs/cpp_migration_20260921/stage6b_stamp/source/ws_robot/src/astribot_s1_navigation_policy_native/src/policy_observer_node.cpp:197:195: note:   mismatched types ‘boost::multiprecision::number<Backend, boost::multiprecision::et_off>’ and ‘double’
  197 |     if(age<0 || age>profile_->value("sensor_timeout_s")*1e9){std::ostringstream message;message.imbue(std::locale::classic());message<<"scan capture age "<<std::fixed<<std::setprecision(3)<<age*1e-9<<"s exceeds budget";last_error_=message.str();return;}
      |                                                                                                                                                                                                   ^~~~
In file included from /usr/include/boost/multiprecision/detail/default_ops.hpp:3700,
                 from /usr/include/boost/multiprecision/detail/generic_interconvert.hpp:9,
                 from /usr/include/boost/multiprecision/number.hpp:26,
                 from /usr/include/boost/multiprecision/cpp_int.hpp:12,
                 from /home/yjh/WorkSpace/astribot_sdk_ros2/runs/cpp_migration_20260921/stage6b_stamp/source/ws_robot/src/astribot_s1_navigation_policy_native/include/astribot_s1_navigation_policy_native/policy_integer.hpp:3,
                 from /home/yjh/WorkSpace/astribot_sdk_ros2/runs/cpp_migration_20260921/stage6b_stamp/source/ws_robot/src/astribot_s1_navigation_policy_native/include/astribot_s1_navigation_policy_native/policy_contracts.hpp:5,
                 from /home/yjh/WorkSpace/astribot_sdk_ros2/runs/cpp_migration_20260921/stage6b_stamp/source/ws_robot/src/astribot_s1_navigation_policy_native/include/astribot_s1_navigation_policy_native/policy_observer_core.hpp:3,
                 from /home/yjh/WorkSpace/astribot_sdk_ros2/runs/cpp_migration_20260921/stage6b_stamp/source/ws_robot/src/astribot_s1_navigation_policy_native/include/astribot_s1_navigation_policy_native/policy_observer_node.hpp:2,
                 from /home/yjh/WorkSpace/astribot_sdk_ros2/runs/cpp_migration_20260921/stage6b_stamp/source/ws_robot/src/astribot_s1_navigation_policy_native/src/policy_observer_node.cpp:1:
/usr/include/boost/multiprecision/detail/et_ops.hpp:564:1: note: candidate: ‘template<class B> constexpr boost::multiprecision::detail::expression<boost::multiprecision::detail::multiply_immediates, boost::multiprecision::number<Backend, boost::multiprecision::et_on>, boost::multiprecision::number<Backend, boost::multiprecision::et_on> > boost::multiprecision::operator*(const boost::multiprecision::number<Backend, boost::multiprecision::et_on>&, const boost::multiprecision::number<Backend, boost::multiprecision::et_on>&)’
  564 | operator*(const number<B, et_on>& a, const number<B, et_on>& b)
      | ^~~~~~~~
/usr/include/boost/multiprecision/detail/et_ops.hpp:564:1: note:   template argument deduction/substitution failed:
/home/yjh/WorkSpace/astribot_sdk_ros2/runs/cpp_migration_20260921/stage6b_stamp/source/ws_robot/src/astribot_s1_navigation_policy_native/src/policy_observer_node.cpp:197:195: note:   mismatched types ‘const boost::multiprecision::number<Backend, boost::multiprecision::et_on>’ and ‘double’
  197 |     if(age<0 || age>profile_->value("sensor_timeout_s")*1e9){std::ostringstream message;message.imbue(std::locale::classic());message<<"scan capture age "<<std::fixed<<std::setprecision(3)<<age*1e-9<<"s exceeds budget";last_error_=message.str();return;}
      |                                                                                                                                                                                                   ^~~~
In file included from /usr/include/boost/multiprecision/detail/default_ops.hpp:3700,
                 from /usr/include/boost/multiprecision/detail/generic_interconvert.hpp:9,
                 from /usr/include/boost/multiprecision/number.hpp:26,
                 from /usr/include/boost/multiprecision/cpp_int.hpp:12,
                 from /home/yjh/WorkSpace/astribot_sdk_ros2/runs/cpp_migration_20260921/stage6b_stamp/source/ws_robot/src/astribot_s1_navigation_policy_native/include/astribot_s1_navigation_policy_native/policy_integer.hpp:3,
                 from /home/yjh/WorkSpace/astribot_sdk_ros2/runs/cpp_migration_20260921/stage6b_stamp/source/ws_robot/src/astribot_s1_navigation_policy_native/include/astribot_s1_navigation_policy_native/policy_contracts.hpp:5,
                 from /home/yjh/WorkSpace/astribot_sdk_ros2/runs/cpp_migration_20260921/stage6b_stamp/source/ws_robot/src/astribot_s1_navigation_policy_native/include/astribot_s1_navigation_policy_native/policy_observer_core.hpp:3,
                 from /home/yjh/WorkSpace/astribot_sdk_ros2/runs/cpp_migration_20260921/stage6b_stamp/source/ws_robot/src/astribot_s1_navigation_policy_native/include/astribot_s1_navigation_policy_native/policy_observer_node.hpp:2,
                 from /home/yjh/WorkSpace/astribot_sdk_ros2/runs/cpp_migration_20260921/stage6b_stamp/source/ws_robot/src/astribot_s1_navigation_policy_native/src/policy_observer_node.cpp:1:
/usr/include/boost/multiprecision/detail/et_ops.hpp:571:1: note: candidate: ‘template<class B> constexpr boost::multiprecision::number<Backend, boost::multiprecision::et_on> boost::multiprecision::operator*(boost::multiprecision::number<Backend, boost::multiprecision::et_on>&&, const boost::multiprecision::number<Backend, boost::multiprecision::et_on>&)’
  571 | operator*(number<B, et_on>&& a, const number<B, et_on>& b)
      | ^~~~~~~~
/usr/include/boost/multiprecision/detail/et_ops.hpp:571:1: note:   template argument deduction/substitution failed:
/home/yjh/WorkSpace/astribot_sdk_ros2/runs/cpp_migration_20260921/stage6b_stamp/source/ws_robot/src/astribot_s1_navigation_policy_native/src/policy_observer_node.cpp:197:195: note:   types ‘boost::multiprecision::number<Backend, boost::multiprecision::et_on>’ and ‘const boost::multiprecision::number<boost::multiprecision::backends::cpp_int_backend<> >’ have incompatible cv-qualifiers
  197 |     if(age<0 || age>profile_->value("sensor_timeout_s")*1e9){std::ostringstream message;message.imbue(std::locale::classic());message<<"scan capture age "<<std::fixed<<std::setprecision(3)<<age*1e-9<<"s exceeds budget";last_error_=message.str();return;}
      |                                                                                                                                                                                                   ^~~~
In file included from /usr/include/boost/multiprecision/detail/default_ops.hpp:3700,
                 from /usr/include/boost/multiprecision/detail/generic_interconvert.hpp:9,
                 from /usr/include/boost/multiprecision/number.hpp:26,
                 from /usr/include/boost/multiprecision/cpp_int.hpp:12,
                 from /home/yjh/WorkSpace/astribot_sdk_ros2/runs/cpp_migration_20260921/stage6b_stamp/source/ws_robot/src/astribot_s1_navigation_policy_native/include/astribot_s1_navigation_policy_native/policy_integer.hpp:3,
                 from /home/yjh/WorkSpace/astribot_sdk_ros2/runs/cpp_migration_20260921/stage6b_stamp/source/ws_robot/src/astribot_s1_navigation_policy_native/include/astribot_s1_navigation_policy_native/policy_contracts.hpp:5,
                 from /home/yjh/WorkSpace/astribot_sdk_ros2/runs/cpp_migration_20260921/stage6b_stamp/source/ws_robot/src/astribot_s1_navigation_policy_native/include/astribot_s1_navigation_policy_native/policy_observer_core.hpp:3,
                 from /home/yjh/WorkSpace/astribot_sdk_ros2/runs/cpp_migration_20260921/stage6b_stamp/source/ws_robot/src/astribot_s1_navigation_policy_native/include/astribot_s1_navigation_policy_native/policy_observer_node.hpp:2,
                 from /home/yjh/WorkSpace/astribot_sdk_ros2/runs/cpp_migration_20260921/stage6b_stamp/source/ws_robot/src/astribot_s1_navigation_policy_native/src/policy_observer_node.cpp:1:
/usr/include/boost/multiprecision/detail/et_ops.hpp:577:1: note: candidate: ‘template<class B> constexpr boost::multiprecision::number<Backend, boost::multiprecision::et_on> boost::multiprecision::operator*(const boost::multiprecision::number<Backend, boost::multiprecision::et_on>&, boost::multiprecision::number<Backend, boost::multiprecision::et_on>&&)’
  577 | operator*(const number<B, et_on>& a, number<B, et_on>&& b)
      | ^~~~~~~~
/usr/include/boost/multiprecision/detail/et_ops.hpp:577:1: note:   template argument deduction/substitution failed:
/home/yjh/WorkSpace/astribot_sdk_ros2/runs/cpp_migration_20260921/stage6b_stamp/source/ws_robot/src/astribot_s1_navigation_policy_native/src/policy_observer_node.cpp:197:195: note:   mismatched types ‘boost::multiprecision::number<Backend, boost::multiprecision::et_on>’ and ‘double’
  197 |     if(age<0 || age>profile_->value("sensor_timeout_s")*1e9){std::ostringstream message;message.imbue(std::locale::classic());message<<"scan capture age "<<std::fixed<<std::setprecision(3)<<age*1e-9<<"s exceeds budget";last_error_=message.str();return;}
      |                                                                                                                                                                                                   ^~~~
In file included from /usr/include/boost/multiprecision/detail/default_ops.hpp:3700,
                 from /usr/include/boost/multiprecision/detail/generic_interconvert.hpp:9,
                 from /usr/include/boost/multiprecision/number.hpp:26,
                 from /usr/include/boost/multiprecision/cpp_int.hpp:12,
                 from /home/yjh/WorkSpace/astribot_sdk_ros2/runs/cpp_migration_20260921/stage6b_stamp/source/ws_robot/src/astribot_s1_navigation_policy_native/include/astribot_s1_navigation_policy_native/policy_integer.hpp:3,
                 from /home/yjh/WorkSpace/astribot_sdk_ros2/runs/cpp_migration_20260921/stage6b_stamp/source/ws_robot/src/astribot_s1_navigation_policy_native/include/astribot_s1_navigation_policy_native/policy_contracts.hpp:5,
                 from /home/yjh/WorkSpace/astribot_sdk_ros2/runs/cpp_migration_20260921/stage6b_stamp/source/ws_robot/src/astribot_s1_navigation_policy_native/include/astribot_s1_navigation_policy_native/policy_observer_core.hpp:3,
                 from /home/yjh/WorkSpace/astribot_sdk_ros2/runs/cpp_migration_20260921/stage6b_stamp/source/ws_robot/src/astribot_s1_navigation_policy_native/include/astribot_s1_navigation_policy_native/policy_observer_node.hpp:2,
                 from /home/yjh/WorkSpace/astribot_sdk_ros2/runs/cpp_migration_20260921/stage6b_stamp/source/ws_robot/src/astribot_s1_navigation_policy_native/src/policy_observer_node.cpp:1:
/usr/include/boost/multiprecision/detail/et_ops.hpp:583:1: note: candidate: ‘template<class B> constexpr boost::multiprecision::number<Backend, boost::multiprecision::et_on> boost::multiprecision::operator*(boost::multiprecision::number<Backend, boost::multiprecision::et_on>&&, boost::multiprecision::number<Backend, boost::multiprecision::et_on>&&)’
  583 | operator*(number<B, et_on>&& a, number<B, et_on>&& b)
      | ^~~~~~~~
/usr/include/boost/multiprecision/detail/et_ops.hpp:583:1: note:   template argument deduction/substitution failed:
/home/yjh/WorkSpace/astribot_sdk_ros2/runs/cpp_migration_20260921/stage6b_stamp/source/ws_robot/src/astribot_s1_navigation_policy_native/src/policy_observer_node.cpp:197:195: note:   types ‘boost::multiprecision::number<Backend, boost::multiprecision::et_on>’ and ‘const boost::multiprecision::number<boost::multiprecision::backends::cpp_int_backend<> >’ have incompatible cv-qualifiers
  197 |     if(age<0 || age>profile_->value("sensor_timeout_s")*1e9){std::ostringstream message;message.imbue(std::locale::classic());message<<"scan capture age "<<std::fixed<<std::setprecision(3)<<age*1e-9<<"s exceeds budget";last_error_=message.str();return;}
      |                                                                                                                                                                                                   ^~~~
In file included from /usr/include/boost/multiprecision/detail/default_ops.hpp:3700,
                 from /usr/include/boost/multiprecision/detail/generic_interconvert.hpp:9,
                 from /usr/include/boost/multiprecision/number.hpp:26,
                 from /usr/include/boost/multiprecision/cpp_int.hpp:12,
                 from /home/yjh/WorkSpace/astribot_sdk_ros2/runs/cpp_migration_20260921/stage6b_stamp/source/ws_robot/src/astribot_s1_navigation_policy_native/include/astribot_s1_navigation_policy_native/policy_integer.hpp:3,
                 from /home/yjh/WorkSpace/astribot_sdk_ros2/runs/cpp_migration_20260921/stage6b_stamp/source/ws_robot/src/astribot_s1_navigation_policy_native/include/astribot_s1_navigation_policy_native/policy_contracts.hpp:5,
                 from /home/yjh/WorkSpace/astribot_sdk_ros2/runs/cpp_migration_20260921/stage6b_stamp/source/ws_robot/src/astribot_s1_navigation_policy_native/include/astribot_s1_navigation_policy_native/policy_observer_core.hpp:3,
                 from /home/yjh/WorkSpace/astribot_sdk_ros2/runs/cpp_migration_20260921/stage6b_stamp/source/ws_robot/src/astribot_s1_navigation_policy_native/include/astribot_s1_navigation_policy_native/policy_observer_node.hpp:2,
                 from /home/yjh/WorkSpace/astribot_sdk_ros2/runs/cpp_migration_20260921/stage6b_stamp/source/ws_robot/src/astribot_s1_navigation_policy_native/src/policy_observer_node.cpp:1:
/usr/include/boost/multiprecision/detail/et_ops.hpp:590:1: note: candidate: ‘template<class B, class V> constexpr typename boost::enable_if<boost::multiprecision::is_compatible_arithmetic_type<Arithmetic, boost::multiprecision::number<Backend, boost::multiprecision::et_on> >, boost::multiprecision::detail::expression<boost::multiprecision::detail::multiply_immediates, boost::multiprecision::number<Backend, boost::multiprecision::et_on>, V> >::type boost::multiprecision::operator*(const boost::multiprecision::number<Backend, boost::multiprecision::et_on>&, const V&)’
  590 | operator*(const number<B, et_on>& a, const V& b)
      | ^~~~~~~~
/usr/include/boost/multiprecision/detail/et_ops.hpp:590:1: note:   template argument deduction/substitution failed:
/usr/include/boost/multiprecision/detail/et_ops.hpp: In substitution of ‘template<class B, class V> constexpr typename boost::enable_if<boost::multiprecision::is_compatible_arithmetic_type<Arithmetic, boost::multiprecision::number<Backend, boost::multiprecision::et_on> >, boost::multiprecision::detail::expression<boost::multiprecision::detail::multiply_immediates, boost::multiprecision::number<Backend, boost::multiprecision::et_on>, V> >::type boost::multiprecision::operator*(const boost::multiprecision::number<Backend, boost::multiprecision::et_on>&, const V&) [with B = boost::multiprecision::backends::cpp_int_backend<>; V = double]’:
/home/yjh/WorkSpace/astribot_sdk_ros2/runs/cpp_migration_20260921/stage6b_stamp/source/ws_robot/src/astribot_s1_navigation_policy_native/src/policy_observer_node.cpp:197:195:   required from here
/usr/include/boost/multiprecision/detail/et_ops.hpp:590:1: error: no type named ‘type’ in ‘struct boost::enable_if<boost::multiprecision::is_compatible_arithmetic_type<double, boost::multiprecision::number<boost::multiprecision::backends::cpp_int_backend<> > >, boost::multiprecision::detail::expression<boost::multiprecision::detail::multiply_immediates, boost::multiprecision::number<boost::multiprecision::backends::cpp_int_backend<> >, double, void, void> >’
/usr/include/boost/multiprecision/detail/et_ops.hpp:597:1: note: candidate: ‘template<class B, class V> constexpr typename boost::enable_if<boost::multiprecision::is_compatible_arithmetic_type<Arithmetic, boost::multiprecision::number<Backend, boost::multiprecision::et_on> >, boost::multiprecision::number<Backend, boost::multiprecision::et_on> >::type boost::multiprecision::operator*(boost::multiprecision::number<Backend, boost::multiprecision::et_on>&&, const V&)’
  597 | operator*(number<B, et_on>&& a, const V& b)
      | ^~~~~~~~
/usr/include/boost/multiprecision/detail/et_ops.hpp:597:1: note:   template argument deduction/substitution failed:
/home/yjh/WorkSpace/astribot_sdk_ros2/runs/cpp_migration_20260921/stage6b_stamp/source/ws_robot/src/astribot_s1_navigation_policy_native/src/policy_observer_node.cpp:197:195: note:   types ‘boost::multiprecision::number<Backend, boost::multiprecision::et_on>’ and ‘const boost::multiprecision::number<boost::multiprecision::backends::cpp_int_backend<> >’ have incompatible cv-qualifiers
  197 |     if(age<0 || age>profile_->value("sensor_timeout_s")*1e9){std::ostringstream message;message.imbue(std::locale::classic());message<<"scan capture age "<<std::fixed<<std::setprecision(3)<<age*1e-9<<"s exceeds budget";last_error_=message.str();return;}
      |                                                                                                                                                                                                   ^~~~
In file included from /usr/include/boost/multiprecision/detail/default_ops.hpp:3700,
                 from /usr/include/boost/multiprecision/detail/generic_interconvert.hpp:9,
                 from /usr/include/boost/multiprecision/number.hpp:26,
                 from /usr/include/boost/multiprecision/cpp_int.hpp:12,
                 from /home/yjh/WorkSpace/astribot_sdk_ros2/runs/cpp_migration_20260921/stage6b_stamp/source/ws_robot/src/astribot_s1_navigation_policy_native/include/astribot_s1_navigation_policy_native/policy_integer.hpp:3,
                 from /home/yjh/WorkSpace/astribot_sdk_ros2/runs/cpp_migration_20260921/stage6b_stamp/source/ws_robot/src/astribot_s1_navigation_policy_native/include/astribot_s1_navigation_policy_native/policy_contracts.hpp:5,
                 from /home/yjh/WorkSpace/astribot_sdk_ros2/runs/cpp_migration_20260921/stage6b_stamp/source/ws_robot/src/astribot_s1_navigation_policy_native/include/astribot_s1_navigation_policy_native/policy_observer_core.hpp:3,
                 from /home/yjh/WorkSpace/astribot_sdk_ros2/runs/cpp_migration_20260921/stage6b_stamp/source/ws_robot/src/astribot_s1_navigation_policy_native/include/astribot_s1_navigation_policy_native/policy_observer_node.hpp:2,
                 from /home/yjh/WorkSpace/astribot_sdk_ros2/runs/cpp_migration_20260921/stage6b_stamp/source/ws_robot/src/astribot_s1_navigation_policy_native/src/policy_observer_node.cpp:1:
/usr/include/boost/multiprecision/detail/et_ops.hpp:604:1: note: candidate: ‘template<class V, class B> constexpr typename boost::enable_if<boost::multiprecision::is_compatible_arithmetic_type<V, boost::multiprecision::number<Backend, boost::multiprecision::et_on> >, boost::multiprecision::detail::expression<boost::multiprecision::detail::multiply_immediates, V, boost::multiprecision::number<Backend, boost::multiprecision::et_on> > >::type boost::multiprecision::operator*(const V&, const boost::multiprecision::number<Backend, boost::multiprecision::et_on>&)’
  604 | operator*(const V& a, const number<B, et_on>& b)
      | ^~~~~~~~
/usr/include/boost/multiprecision/detail/et_ops.hpp:604:1: note:   template argument deduction/substitution failed:
/home/yjh/WorkSpace/astribot_sdk_ros2/runs/cpp_migration_20260921/stage6b_stamp/source/ws_robot/src/astribot_s1_navigation_policy_native/src/policy_observer_node.cpp:197:195: note:   mismatched types ‘const boost::multiprecision::number<Backend, boost::multiprecision::et_on>’ and ‘double’
  197 |     if(age<0 || age>profile_->value("sensor_timeout_s")*1e9){std::ostringstream message;message.imbue(std::locale::classic());message<<"scan capture age "<<std::fixed<<std::setprecision(3)<<age*1e-9<<"s exceeds budget";last_error_=message.str();return;}
      |                                                                                                                                                                                                   ^~~~
In file included from /usr/include/boost/multiprecision/detail/default_ops.hpp:3700,
                 from /usr/include/boost/multiprecision/detail/generic_interconvert.hpp:9,
                 from /usr/include/boost/multiprecision/number.hpp:26,
                 from /usr/include/boost/multiprecision/cpp_int.hpp:12,
                 from /home/yjh/WorkSpace/astribot_sdk_ros2/runs/cpp_migration_20260921/stage6b_stamp/source/ws_robot/src/astribot_s1_navigation_policy_native/include/astribot_s1_navigation_policy_native/policy_integer.hpp:3,
                 from /home/yjh/WorkSpace/astribot_sdk_ros2/runs/cpp_migration_20260921/stage6b_stamp/source/ws_robot/src/astribot_s1_navigation_policy_native/include/astribot_s1_navigation_policy_native/policy_contracts.hpp:5,
                 from /home/yjh/WorkSpace/astribot_sdk_ros2/runs/cpp_migration_20260921/stage6b_stamp/source/ws_robot/src/astribot_s1_navigation_policy_native/include/astribot_s1_navigation_policy_native/policy_observer_core.hpp:3,
                 from /home/yjh/WorkSpace/astribot_sdk_ros2/runs/cpp_migration_20260921/stage6b_stamp/source/ws_robot/src/astribot_s1_navigation_policy_native/include/astribot_s1_navigation_policy_native/policy_observer_node.hpp:2,
                 from /home/yjh/WorkSpace/astribot_sdk_ros2/runs/cpp_migration_20260921/stage6b_stamp/source/ws_robot/src/astribot_s1_navigation_policy_native/src/policy_observer_node.cpp:1:
/usr/include/boost/multiprecision/detail/et_ops.hpp:611:1: note: candidate: ‘template<class V, class B> constexpr typename boost::enable_if<boost::multiprecision::is_compatible_arithmetic_type<V, boost::multiprecision::number<Backend, boost::multiprecision::et_on> >, boost::multiprecision::number<Backend, boost::multiprecision::et_on> >::type boost::multiprecision::operator*(const V&, boost::multiprecision::number<Backend, boost::multiprecision::et_on>&&)’
  611 | operator*(const V& a, number<B, et_on>&& b)
      | ^~~~~~~~
/usr/include/boost/multiprecision/detail/et_ops.hpp:611:1: note:   template argument deduction/substitution failed:
/home/yjh/WorkSpace/astribot_sdk_ros2/runs/cpp_migration_20260921/stage6b_stamp/source/ws_robot/src/astribot_s1_navigation_policy_native/src/policy_observer_node.cpp:197:195: note:   mismatched types ‘boost::multiprecision::number<Backend, boost::multiprecision::et_on>’ and ‘double’
  197 |     if(age<0 || age>profile_->value("sensor_timeout_s")*1e9){std::ostringstream message;message.imbue(std::locale::classic());message<<"scan capture age "<<std::fixed<<std::setprecision(3)<<age*1e-9<<"s exceeds budget";last_error_=message.str();return;}
      |                                                                                                                                                                                                   ^~~~
In file included from /usr/include/boost/multiprecision/detail/default_ops.hpp:3700,
                 from /usr/include/boost/multiprecision/detail/generic_interconvert.hpp:9,
                 from /usr/include/boost/multiprecision/number.hpp:26,
                 from /usr/include/boost/multiprecision/cpp_int.hpp:12,
                 from /home/yjh/WorkSpace/astribot_sdk_ros2/runs/cpp_migration_20260921/stage6b_stamp/source/ws_robot/src/astribot_s1_navigation_policy_native/include/astribot_s1_navigation_policy_native/policy_integer.hpp:3,
                 from /home/yjh/WorkSpace/astribot_sdk_ros2/runs/cpp_migration_20260921/stage6b_stamp/source/ws_robot/src/astribot_s1_navigation_policy_native/include/astribot_s1_navigation_policy_native/policy_contracts.hpp:5,
                 from /home/yjh/WorkSpace/astribot_sdk_ros2/runs/cpp_migration_20260921/stage6b_stamp/source/ws_robot/src/astribot_s1_navigation_policy_native/include/astribot_s1_navigation_policy_native/policy_observer_core.hpp:3,
                 from /home/yjh/WorkSpace/astribot_sdk_ros2/runs/cpp_migration_20260921/stage6b_stamp/source/ws_robot/src/astribot_s1_navigation_policy_native/include/astribot_s1_navigation_policy_native/policy_observer_node.hpp:2,
                 from /home/yjh/WorkSpace/astribot_sdk_ros2/runs/cpp_migration_20260921/stage6b_stamp/source/ws_robot/src/astribot_s1_navigation_policy_native/src/policy_observer_node.cpp:1:
/usr/include/boost/multiprecision/detail/et_ops.hpp:618:1: note: candidate: ‘template<class B, boost::multiprecision::expression_template_option ET, class tag, class Arg1, class Arg2, class Arg3, class Arg4> constexpr boost::multiprecision::detail::expression<boost::multiprecision::detail::multiplies, boost::multiprecision::number<Backend, ExpressionTemplates>, boost::multiprecision::detail::expression<tag, A1, A2, A3, A4> > boost::multiprecision::operator*(const boost::multiprecision::number<Backend, ExpressionTemplates>&, const boost::multiprecision::detail::expression<tag, A1, A2, A3, A4>&)’
  618 | operator*(const number<B, ET>& a, const detail::expression<tag, Arg1, Arg2, Arg3, Arg4>& b)
      | ^~~~~~~~
/usr/include/boost/multiprecision/detail/et_ops.hpp:618:1: note:   template argument deduction/substitution failed:
/home/yjh/WorkSpace/astribot_sdk_ros2/runs/cpp_migration_20260921/stage6b_stamp/source/ws_robot/src/astribot_s1_navigation_policy_native/src/policy_observer_node.cpp:197:195: note:   mismatched types ‘const boost::multiprecision::detail::expression<tag, A1, A2, A3, A4>’ and ‘double’
  197 |     if(age<0 || age>profile_->value("sensor_timeout_s")*1e9){std::ostringstream message;message.imbue(std::locale::classic());message<<"scan capture age "<<std::fixed<<std::setprecision(3)<<age*1e-9<<"s exceeds budget";last_error_=message.str();return;}
      |                                                                                                                                                                                                   ^~~~
In file included from /usr/include/boost/multiprecision/detail/default_ops.hpp:3700,
                 from /usr/include/boost/multiprecision/detail/generic_interconvert.hpp:9,
                 from /usr/include/boost/multiprecision/number.hpp:26,
                 from /usr/include/boost/multiprecision/cpp_int.hpp:12,
                 from /home/yjh/WorkSpace/astribot_sdk_ros2/runs/cpp_migration_20260921/stage6b_stamp/source/ws_robot/src/astribot_s1_navigation_policy_native/include/astribot_s1_navigation_policy_native/policy_integer.hpp:3,
                 from /home/yjh/WorkSpace/astribot_sdk_ros2/runs/cpp_migration_20260921/stage6b_stamp/source/ws_robot/src/astribot_s1_navigation_policy_native/include/astribot_s1_navigation_policy_native/policy_contracts.hpp:5,
                 from /home/yjh/WorkSpace/astribot_sdk_ros2/runs/cpp_migration_20260921/stage6b_stamp/source/ws_robot/src/astribot_s1_navigation_policy_native/include/astribot_s1_navigation_policy_native/policy_observer_core.hpp:3,
                 from /home/yjh/WorkSpace/astribot_sdk_ros2/runs/cpp_migration_20260921/stage6b_stamp/source/ws_robot/src/astribot_s1_navigation_policy_native/include/astribot_s1_navigation_policy_native/policy_observer_node.hpp:2,
                 from /home/yjh/WorkSpace/astribot_sdk_ros2/runs/cpp_migration_20260921/stage6b_stamp/source/ws_robot/src/astribot_s1_navigation_policy_native/src/policy_observer_node.cpp:1:
/usr/include/boost/multiprecision/detail/et_ops.hpp:625:1: note: candidate: ‘template<class B, boost::multiprecision::expression_template_option ET, class tag, class Arg1, class Arg2, class Arg3, class Arg4> constexpr typename boost::multiprecision::detail::expression<boost::multiprecision::detail::multiplies, boost::multiprecision::number<Backend, ExpressionTemplates>, boost::multiprecision::detail::expression<tag, A1, A2, A3, A4> >::result_type boost::multiprecision::operator*(boost::multiprecision::number<Backend, ExpressionTemplates>&&, const boost::multiprecision::detail::expression<tag, A1, A2, A3, A4>&)’
  625 | operator*(number<B, ET>&& a, const detail::expression<tag, Arg1, Arg2, Arg3, Arg4>& b)
      | ^~~~~~~~
/usr/include/boost/multiprecision/detail/et_ops.hpp:625:1: note:   template argument deduction/substitution failed:
/home/yjh/WorkSpace/astribot_sdk_ros2/runs/cpp_migration_20260921/stage6b_stamp/source/ws_robot/src/astribot_s1_navigation_policy_native/src/policy_observer_node.cpp:197:195: note:   types ‘boost::multiprecision::number<Backend, ExpressionTemplates>’ and ‘const boost::multiprecision::number<boost::multiprecision::backends::cpp_int_backend<> >’ have incompatible cv-qualifiers
  197 |     if(age<0 || age>profile_->value("sensor_timeout_s")*1e9){std::ostringstream message;message.imbue(std::locale::classic());message<<"scan capture age "<<std::fixed<<std::setprecision(3)<<age*1e-9<<"s exceeds budget";last_error_=message.str();return;}
      |                                                                                                                                                                                                   ^~~~
In file included from /usr/include/boost/multiprecision/detail/default_ops.hpp:3700,
                 from /usr/include/boost/multiprecision/detail/generic_interconvert.hpp:9,
                 from /usr/include/boost/multiprecision/number.hpp:26,
                 from /usr/include/boost/multiprecision/cpp_int.hpp:12,
                 from /home/yjh/WorkSpace/astribot_sdk_ros2/runs/cpp_migration_20260921/stage6b_stamp/source/ws_robot/src/astribot_s1_navigation_policy_native/include/astribot_s1_navigation_policy_native/policy_integer.hpp:3,
                 from /home/yjh/WorkSpace/astribot_sdk_ros2/runs/cpp_migration_20260921/stage6b_stamp/source/ws_robot/src/astribot_s1_navigation_policy_native/include/astribot_s1_navigation_policy_native/policy_contracts.hpp:5,
                 from /home/yjh/WorkSpace/astribot_sdk_ros2/runs/cpp_migration_20260921/stage6b_stamp/source/ws_robot/src/astribot_s1_navigation_policy_native/include/astribot_s1_navigation_policy_native/policy_observer_core.hpp:3,
                 from /home/yjh/WorkSpace/astribot_sdk_ros2/runs/cpp_migration_20260921/stage6b_stamp/source/ws_robot/src/astribot_s1_navigation_policy_native/include/astribot_s1_navigation_policy_native/policy_observer_node.hpp:2,
                 from /home/yjh/WorkSpace/astribot_sdk_ros2/runs/cpp_migration_20260921/stage6b_stamp/source/ws_robot/src/astribot_s1_navigation_policy_native/src/policy_observer_node.cpp:1:
/usr/include/boost/multiprecision/detail/et_ops.hpp:632:1: note: candidate: ‘template<class tag, class Arg1, class Arg2, class Arg3, class Arg4, class B, boost::multiprecision::expression_template_option ET> constexpr boost::multiprecision::detail::expression<boost::multiprecision::detail::multiplies, boost::multiprecision::detail::expression<tag, Arg1, Arg2, Arg3, Arg4>, boost::multiprecision::number<Backend, ExpressionTemplates> > boost::multiprecision::operator*(const boost::multiprecision::detail::expression<tag, Arg1, Arg2, Arg3, Arg4>&, const boost::multiprecision::number<Backend, ExpressionTemplates>&)’
  632 | operator*(const detail::expression<tag, Arg1, Arg2, Arg3, Arg4>& a, const number<B, ET>& b)
      | ^~~~~~~~
/usr/include/boost/multiprecision/detail/et_ops.hpp:632:1: note:   template argument deduction/substitution failed:
/home/yjh/WorkSpace/astribot_sdk_ros2/runs/cpp_migration_20260921/stage6b_stamp/source/ws_robot/src/astribot_s1_navigation_policy_native/src/policy_observer_node.cpp:197:195: note:   ‘const boost::multiprecision::number<boost::multiprecision::backends::cpp_int_backend<> >’ is not derived from ‘const boost::multiprecision::detail::expression<tag, Arg1, Arg2, Arg3, Arg4>’
  197 |     if(age<0 || age>profile_->value("sensor_timeout_s")*1e9){std::ostringstream message;message.imbue(std::locale::classic());message<<"scan capture age "<<std::fixed<<std::setprecision(3)<<age*1e-9<<"s exceeds budget";last_error_=message.str();return;}
      |                                                                                                                                                                                                   ^~~~
In file included from /usr/include/boost/multiprecision/detail/default_ops.hpp:3700,
                 from /usr/include/boost/multiprecision/detail/generic_interconvert.hpp:9,
                 from /usr/include/boost/multiprecision/number.hpp:26,
                 from /usr/include/boost/multiprecision/cpp_int.hpp:12,
                 from /home/yjh/WorkSpace/astribot_sdk_ros2/runs/cpp_migration_20260921/stage6b_stamp/source/ws_robot/src/astribot_s1_navigation_policy_native/include/astribot_s1_navigation_policy_native/policy_integer.hpp:3,
                 from /home/yjh/WorkSpace/astribot_sdk_ros2/runs/cpp_migration_20260921/stage6b_stamp/source/ws_robot/src/astribot_s1_navigation_policy_native/include/astribot_s1_navigation_policy_native/policy_contracts.hpp:5,
                 from /home/yjh/WorkSpace/astribot_sdk_ros2/runs/cpp_migration_20260921/stage6b_stamp/source/ws_robot/src/astribot_s1_navigation_policy_native/include/astribot_s1_navigation_policy_native/policy_observer_core.hpp:3,
                 from /home/yjh/WorkSpace/astribot_sdk_ros2/runs/cpp_migration_20260921/stage6b_stamp/source/ws_robot/src/astribot_s1_navigation_policy_native/include/astribot_s1_navigation_policy_native/policy_observer_node.hpp:2,
                 from /home/yjh/WorkSpace/astribot_sdk_ros2/runs/cpp_migration_20260921/stage6b_stamp/source/ws_robot/src/astribot_s1_navigation_policy_native/src/policy_observer_node.cpp:1:
/usr/include/boost/multiprecision/detail/et_ops.hpp:639:1: note: candidate: ‘template<class tag, class Arg1, class Arg2, class Arg3, class Arg4, class B, boost::multiprecision::expression_template_option ET> constexpr typename boost::multiprecision::detail::expression<boost::multiprecision::detail::multiplies, boost::multiprecision::detail::expression<tag, Arg1, Arg2, Arg3, Arg4>, boost::multiprecision::number<Backend, ExpressionTemplates> >::result_type boost::multiprecision::operator*(const boost::multiprecision::detail::expression<tag, Arg1, Arg2, Arg3, Arg4>&, boost::multiprecision::number<Backend, ExpressionTemplates>&&)’
  639 | operator*(const detail::expression<tag, Arg1, Arg2, Arg3, Arg4>& a, number<B, ET>&& b)
      | ^~~~~~~~
/usr/include/boost/multiprecision/detail/et_ops.hpp:639:1: note:   template argument deduction/substitution failed:
/home/yjh/WorkSpace/astribot_sdk_ros2/runs/cpp_migration_20260921/stage6b_stamp/source/ws_robot/src/astribot_s1_navigation_policy_native/src/policy_observer_node.cpp:197:195: note:   ‘const boost::multiprecision::number<boost::multiprecision::backends::cpp_int_backend<> >’ is not derived from ‘const boost::multiprecision::detail::expression<tag, Arg1, Arg2, Arg3, Arg4>’
  197 |     if(age<0 || age>profile_->value("sensor_timeout_s")*1e9){std::ostringstream message;message.imbue(std::locale::classic());message<<"scan capture age "<<std::fixed<<std::setprecision(3)<<age*1e-9<<"s exceeds budget";last_error_=message.str();return;}
      |                                                                                                                                                                                                   ^~~~
In file included from /usr/include/boost/multiprecision/detail/default_ops.hpp:3700,
                 from /usr/include/boost/multiprecision/detail/generic_interconvert.hpp:9,
                 from /usr/include/boost/multiprecision/number.hpp:26,
                 from /usr/include/boost/multiprecision/cpp_int.hpp:12,
                 from /home/yjh/WorkSpace/astribot_sdk_ros2/runs/cpp_migration_20260921/stage6b_stamp/source/ws_robot/src/astribot_s1_navigation_policy_native/include/astribot_s1_navigation_policy_native/policy_integer.hpp:3,
                 from /home/yjh/WorkSpace/astribot_sdk_ros2/runs/cpp_migration_20260921/stage6b_stamp/source/ws_robot/src/astribot_s1_navigation_policy_native/include/astribot_s1_navigation_policy_native/policy_contracts.hpp:5,
                 from /home/yjh/WorkSpace/astribot_sdk_ros2/runs/cpp_migration_20260921/stage6b_stamp/source/ws_robot/src/astribot_s1_navigation_policy_native/include/astribot_s1_navigation_policy_native/policy_observer_core.hpp:3,
                 from /home/yjh/WorkSpace/astribot_sdk_ros2/runs/cpp_migration_20260921/stage6b_stamp/source/ws_robot/src/astribot_s1_navigation_policy_native/include/astribot_s1_navigation_policy_native/policy_observer_node.hpp:2,
                 from /home/yjh/WorkSpace/astribot_sdk_ros2/runs/cpp_migration_20260921/stage6b_stamp/source/ws_robot/src/astribot_s1_navigation_policy_native/src/policy_observer_node.cpp:1:
/usr/include/boost/multiprecision/detail/et_ops.hpp:646:1: note: candidate: ‘template<class tag, class Arg1, class Arg2, class Arg3, class Arg4, class tag2, class Arg1b, class Arg2b, class Arg3b, class Arg4b> constexpr boost::multiprecision::detail::expression<boost::multiprecision::detail::multiplies, boost::multiprecision::detail::expression<tag, Arg1, Arg2, Arg3, Arg4>, boost::multiprecision::detail::expression<tagb, A1b, A2b, A3b, A4b> > boost::multiprecision::operator*(const boost::multiprecision::detail::expression<tag, Arg1, Arg2, Arg3, Arg4>&, const boost::multiprecision::detail::expression<tagb, A1b, A2b, A3b, A4b>&)’
  646 | operator*(const detail::expression<tag, Arg1, Arg2, Arg3, Arg4>& a, const detail::expression<tag2, Arg1b, Arg2b, Arg3b, Arg4b>& b)
      | ^~~~~~~~
/usr/include/boost/multiprecision/detail/et_ops.hpp:646:1: note:   template argument deduction/substitution failed:
/home/yjh/WorkSpace/astribot_sdk_ros2/runs/cpp_migration_20260921/stage6b_stamp/source/ws_robot/src/astribot_s1_navigation_policy_native/src/policy_observer_node.cpp:197:195: note:   ‘const boost::multiprecision::number<boost::multiprecision::backends::cpp_int_backend<> >’ is not derived from ‘const boost::multiprecision::detail::expression<tag, Arg1, Arg2, Arg3, Arg4>’
  197 |     if(age<0 || age>profile_->value("sensor_timeout_s")*1e9){std::ostringstream message;message.imbue(std::locale::classic());message<<"scan capture age "<<std::fixed<<std::setprecision(3)<<age*1e-9<<"s exceeds budget";last_error_=message.str();return;}
      |                                                                                                                                                                                                   ^~~~
In file included from /usr/include/boost/multiprecision/detail/default_ops.hpp:3700,
                 from /usr/include/boost/multiprecision/detail/generic_interconvert.hpp:9,
                 from /usr/include/boost/multiprecision/number.hpp:26,
                 from /usr/include/boost/multiprecision/cpp_int.hpp:12,
                 from /home/yjh/WorkSpace/astribot_sdk_ros2/runs/cpp_migration_20260921/stage6b_stamp/source/ws_robot/src/astribot_s1_navigation_policy_native/include/astribot_s1_navigation_policy_native/policy_integer.hpp:3,
                 from /home/yjh/WorkSpace/astribot_sdk_ros2/runs/cpp_migration_20260921/stage6b_stamp/source/ws_robot/src/astribot_s1_navigation_policy_native/include/astribot_s1_navigation_policy_native/policy_contracts.hpp:5,
                 from /home/yjh/WorkSpace/astribot_sdk_ros2/runs/cpp_migration_20260921/stage6b_stamp/source/ws_robot/src/astribot_s1_navigation_policy_native/include/astribot_s1_navigation_policy_native/policy_observer_core.hpp:3,
                 from /home/yjh/WorkSpace/astribot_sdk_ros2/runs/cpp_migration_20260921/stage6b_stamp/source/ws_robot/src/astribot_s1_navigation_policy_native/include/astribot_s1_navigation_policy_native/policy_observer_node.hpp:2,
                 from /home/yjh/WorkSpace/astribot_sdk_ros2/runs/cpp_migration_20260921/stage6b_stamp/source/ws_robot/src/astribot_s1_navigation_policy_native/src/policy_observer_node.cpp:1:
/usr/include/boost/multiprecision/detail/et_ops.hpp:652:1: note: candidate: ‘template<class tag, class Arg1, class Arg2, class Arg3, class Arg4, class V> constexpr typename boost::enable_if<boost::multiprecision::is_compatible_arithmetic_type<Arithmetic, typename boost::multiprecision::detail::expression<tag, Arg1, Arg2, Arg3, Arg4>::result_type>, boost::multiprecision::detail::expression<boost::multiprecision::detail::multiplies, boost::multiprecision::detail::expression<tag, Arg1, Arg2, Arg3, Arg4>, V> >::type boost::multiprecision::operator*(const boost::multiprecision::detail::expression<tag, Arg1, Arg2, Arg3, Arg4>&, const V&)’
  652 | operator*(const detail::expression<tag, Arg1, Arg2, Arg3, Arg4>& a, const V& b)
      | ^~~~~~~~
/usr/include/boost/multiprecision/detail/et_ops.hpp:652:1: note:   template argument deduction/substitution failed:
/home/yjh/WorkSpace/astribot_sdk_ros2/runs/cpp_migration_20260921/stage6b_stamp/source/ws_robot/src/astribot_s1_navigation_policy_native/src/policy_observer_node.cpp:197:195: note:   ‘const boost::multiprecision::number<boost::multiprecision::backends::cpp_int_backend<> >’ is not derived from ‘const boost::multiprecision::detail::expression<tag, Arg1, Arg2, Arg3, Arg4>’
  197 |     if(age<0 || age>profile_->value("sensor_timeout_s")*1e9){std::ostringstream message;message.imbue(std::locale::classic());message<<"scan capture age "<<std::fixed<<std::setprecision(3)<<age*1e-9<<"s exceeds budget";last_error_=message.str();return;}
      |                                                                                                                                                                                                   ^~~~
In file included from /usr/include/boost/multiprecision/detail/default_ops.hpp:3700,
                 from /usr/include/boost/multiprecision/detail/generic_interconvert.hpp:9,
                 from /usr/include/boost/multiprecision/number.hpp:26,
                 from /usr/include/boost/multiprecision/cpp_int.hpp:12,
                 from /home/yjh/WorkSpace/astribot_sdk_ros2/runs/cpp_migration_20260921/stage6b_stamp/source/ws_robot/src/astribot_s1_navigation_policy_native/include/astribot_s1_navigation_policy_native/policy_integer.hpp:3,
                 from /home/yjh/WorkSpace/astribot_sdk_ros2/runs/cpp_migration_20260921/stage6b_stamp/source/ws_robot/src/astribot_s1_navigation_policy_native/include/astribot_s1_navigation_policy_native/policy_contracts.hpp:5,
                 from /home/yjh/WorkSpace/astribot_sdk_ros2/runs/cpp_migration_20260921/stage6b_stamp/source/ws_robot/src/astribot_s1_navigation_policy_native/include/astribot_s1_navigation_policy_native/policy_observer_core.hpp:3,
                 from /home/yjh/WorkSpace/astribot_sdk_ros2/runs/cpp_migration_20260921/stage6b_stamp/source/ws_robot/src/astribot_s1_navigation_policy_native/include/astribot_s1_navigation_policy_native/policy_observer_node.hpp:2,
                 from /home/yjh/WorkSpace/astribot_sdk_ros2/runs/cpp_migration_20260921/stage6b_stamp/source/ws_robot/src/astribot_s1_navigation_policy_native/src/policy_observer_node.cpp:1:
/usr/include/boost/multiprecision/detail/et_ops.hpp:658:1: note: candidate: ‘template<class V, class tag, class Arg1, class Arg2, class Arg3, class Arg4> constexpr typename boost::enable_if<boost::multiprecision::is_compatible_arithmetic_type<V, typename boost::multiprecision::detail::expression<tag, A1, A2, A3, A4>::result_type>, boost::multiprecision::detail::expression<boost::multiprecision::detail::multiplies, V, boost::multiprecision::detail::expression<tag, A1, A2, A3, A4> > >::type boost::multiprecision::operator*(const V&, const boost::multiprecision::detail::expression<tag, A1, A2, A3, A4>&)’
  658 | operator*(const V& a, const detail::expression<tag, Arg1, Arg2, Arg3, Arg4>& b)
      | ^~~~~~~~
/usr/include/boost/multiprecision/detail/et_ops.hpp:658:1: note:   template argument deduction/substitution failed:
/home/yjh/WorkSpace/astribot_sdk_ros2/runs/cpp_migration_20260921/stage6b_stamp/source/ws_robot/src/astribot_s1_navigation_policy_native/src/policy_observer_node.cpp:197:195: note:   mismatched types ‘const boost::multiprecision::detail::expression<tag, A1, A2, A3, A4>’ and ‘double’
  197 |     if(age<0 || age>profile_->value("sensor_timeout_s")*1e9){std::ostringstream message;message.imbue(std::locale::classic());message<<"scan capture age "<<std::fixed<<std::setprecision(3)<<age*1e-9<<"s exceeds budget";last_error_=message.str();return;}
      |                                                                                                                                                                                                   ^~~~
In file included from /usr/include/boost/multiprecision/detail/default_ops.hpp:3700,
                 from /usr/include/boost/multiprecision/detail/generic_interconvert.hpp:9,
                 from /usr/include/boost/multiprecision/number.hpp:26,
                 from /usr/include/boost/multiprecision/cpp_int.hpp:12,
                 from /home/yjh/WorkSpace/astribot_sdk_ros2/runs/cpp_migration_20260921/stage6b_stamp/source/ws_robot/src/astribot_s1_navigation_policy_native/include/astribot_s1_navigation_policy_native/policy_integer.hpp:3,
                 from /home/yjh/WorkSpace/astribot_sdk_ros2/runs/cpp_migration_20260921/stage6b_stamp/source/ws_robot/src/astribot_s1_navigation_policy_native/include/astribot_s1_navigation_policy_native/policy_contracts.hpp:5,
                 from /home/yjh/WorkSpace/astribot_sdk_ros2/runs/cpp_migration_20260921/stage6b_stamp/source/ws_robot/src/astribot_s1_navigation_policy_native/include/astribot_s1_navigation_policy_native/policy_observer_core.hpp:3,
                 from /home/yjh/WorkSpace/astribot_sdk_ros2/runs/cpp_migration_20260921/stage6b_stamp/source/ws_robot/src/astribot_s1_navigation_policy_native/include/astribot_s1_navigation_policy_native/policy_observer_node.hpp:2,
                 from /home/yjh/WorkSpace/astribot_sdk_ros2/runs/cpp_migration_20260921/stage6b_stamp/source/ws_robot/src/astribot_s1_navigation_policy_native/src/policy_observer_node.cpp:1:
/usr/include/boost/multiprecision/detail/et_ops.hpp:667:1: note: candidate: ‘template<class B, boost::multiprecision::expression_template_option ET, class Arg1, class Arg2, class Arg3, class Arg4> constexpr boost::multiprecision::detail::expression<boost::multiprecision::detail::negate, boost::multiprecision::detail::expression<boost::multiprecision::detail::multiplies, boost::multiprecision::number<Backend, ExpressionTemplates>, Arg1> > boost::multiprecision::operator*(const boost::multiprecision::number<Backend, ExpressionTemplates>&, const boost::multiprecision::detail::expression<boost::multiprecision::detail::negate, Arg1, Arg2, Arg3, Arg4>&)’
  667 | operator*(const number<B, ET>& a, const detail::expression<detail::negate, Arg1, Arg2, Arg3, Arg4>& b)
      | ^~~~~~~~
/usr/include/boost/multiprecision/detail/et_ops.hpp:667:1: note:   template argument deduction/substitution failed:
/home/yjh/WorkSpace/astribot_sdk_ros2/runs/cpp_migration_20260921/stage6b_stamp/source/ws_robot/src/astribot_s1_navigation_policy_native/src/policy_observer_node.cpp:197:195: note:   mismatched types ‘const boost::multiprecision::detail::expression<boost::multiprecision::detail::negate, Arg1, Arg2, Arg3, Arg4>’ and ‘double’
  197 |     if(age<0 || age>profile_->value("sensor_timeout_s")*1e9){std::ostringstream message;message.imbue(std::locale::classic());message<<"scan capture age "<<std::fixed<<std::setprecision(3)<<age*1e-9<<"s exceeds budget";last_error_=message.str();return;}
      |                                                                                                                                                                                                   ^~~~
In file included from /usr/include/boost/multiprecision/detail/default_ops.hpp:3700,
                 from /usr/include/boost/multiprecision/detail/generic_interconvert.hpp:9,
                 from /usr/include/boost/multiprecision/number.hpp:26,
                 from /usr/include/boost/multiprecision/cpp_int.hpp:12,
                 from /home/yjh/WorkSpace/astribot_sdk_ros2/runs/cpp_migration_20260921/stage6b_stamp/source/ws_robot/src/astribot_s1_navigation_policy_native/include/astribot_s1_navigation_policy_native/policy_integer.hpp:3,
                 from /home/yjh/WorkSpace/astribot_sdk_ros2/runs/cpp_migration_20260921/stage6b_stamp/source/ws_robot/src/astribot_s1_navigation_policy_native/include/astribot_s1_navigation_policy_native/policy_contracts.hpp:5,
                 from /home/yjh/WorkSpace/astribot_sdk_ros2/runs/cpp_migration_20260921/stage6b_stamp/source/ws_robot/src/astribot_s1_navigation_policy_native/include/astribot_s1_navigation_policy_native/policy_observer_core.hpp:3,
                 from /home/yjh/WorkSpace/astribot_sdk_ros2/runs/cpp_migration_20260921/stage6b_stamp/source/ws_robot/src/astribot_s1_navigation_policy_native/include/astribot_s1_navigation_policy_native/policy_observer_node.hpp:2,
                 from /home/yjh/WorkSpace/astribot_sdk_ros2/runs/cpp_migration_20260921/stage6b_stamp/source/ws_robot/src/astribot_s1_navigation_policy_native/src/policy_observer_node.cpp:1:
/usr/include/boost/multiprecision/detail/et_ops.hpp:675:1: note: candidate: ‘template<class B, boost::multiprecision::expression_template_option ET, class Arg1, class Arg2, class Arg3, class Arg4> constexpr typename boost::multiprecision::detail::expression<boost::multiprecision::detail::negate, boost::multiprecision::detail::expression<boost::multiprecision::detail::multiplies, boost::multiprecision::number<Backend, ExpressionTemplates>, Arg1> >::result_type boost::multiprecision::operator*(boost::multiprecision::number<Backend, ExpressionTemplates>&&, const boost::multiprecision::detail::expression<boost::multiprecision::detail::negate, Arg1, Arg2, Arg3, Arg4>&)’
  675 | operator*(number<B, ET>&& a, const detail::expression<detail::negate, Arg1, Arg2, Arg3, Arg4>& b)
      | ^~~~~~~~
/usr/include/boost/multiprecision/detail/et_ops.hpp:675:1: note:   template argument deduction/substitution failed:
/home/yjh/WorkSpace/astribot_sdk_ros2/runs/cpp_migration_20260921/stage6b_stamp/source/ws_robot/src/astribot_s1_navigation_policy_native/src/policy_observer_node.cpp:197:195: note:   types ‘boost::multiprecision::number<Backend, ExpressionTemplates>’ and ‘const boost::multiprecision::number<boost::multiprecision::backends::cpp_int_backend<> >’ have incompatible cv-qualifiers
  197 |     if(age<0 || age>profile_->value("sensor_timeout_s")*1e9){std::ostringstream message;message.imbue(std::locale::classic());message<<"scan capture age "<<std::fixed<<std::setprecision(3)<<age*1e-9<<"s exceeds budget";last_error_=message.str();return;}
      |                                                                                                                                                                                                   ^~~~
In file included from /usr/include/boost/multiprecision/detail/default_ops.hpp:3700,
                 from /usr/include/boost/multiprecision/detail/generic_interconvert.hpp:9,
                 from /usr/include/boost/multiprecision/number.hpp:26,
                 from /usr/include/boost/multiprecision/cpp_int.hpp:12,
                 from /home/yjh/WorkSpace/astribot_sdk_ros2/runs/cpp_migration_20260921/stage6b_stamp/source/ws_robot/src/astribot_s1_navigation_policy_native/include/astribot_s1_navigation_policy_native/policy_integer.hpp:3,
                 from /home/yjh/WorkSpace/astribot_sdk_ros2/runs/cpp_migration_20260921/stage6b_stamp/source/ws_robot/src/astribot_s1_navigation_policy_native/include/astribot_s1_navigation_policy_native/policy_contracts.hpp:5,
                 from /home/yjh/WorkSpace/astribot_sdk_ros2/runs/cpp_migration_20260921/stage6b_stamp/source/ws_robot/src/astribot_s1_navigation_policy_native/include/astribot_s1_navigation_policy_native/policy_observer_core.hpp:3,
                 from /home/yjh/WorkSpace/astribot_sdk_ros2/runs/cpp_migration_20260921/stage6b_stamp/source/ws_robot/src/astribot_s1_navigation_policy_native/include/astribot_s1_navigation_policy_native/policy_observer_node.hpp:2,
                 from /home/yjh/WorkSpace/astribot_sdk_ros2/runs/cpp_migration_20260921/stage6b_stamp/source/ws_robot/src/astribot_s1_navigation_policy_native/src/policy_observer_node.cpp:1:
/usr/include/boost/multiprecision/detail/et_ops.hpp:683:1: note: candidate: ‘template<class Arg1, class Arg2, class Arg3, class Arg4, class B, boost::multiprecision::expression_template_option ET> constexpr boost::multiprecision::detail::expression<boost::multiprecision::detail::negate, boost::multiprecision::detail::expression<boost::multiprecision::detail::multiplies, boost::multiprecision::number<B, ET>, Arg1> > boost::multiprecision::operator*(const boost::multiprecision::detail::expression<boost::multiprecision::detail::negate, Arg1, Arg2, Arg3, Arg4>&, const boost::multiprecision::number<B, ET>&)’
  683 | operator*(const detail::expression<detail::negate, Arg1, Arg2, Arg3, Arg4>& a, const number<B, ET>& b)
      | ^~~~~~~~
/usr/include/boost/multiprecision/detail/et_ops.hpp:683:1: note:   template argument deduction/substitution failed:
/home/yjh/WorkSpace/astribot_sdk_ros2/runs/cpp_migration_20260921/stage6b_stamp/source/ws_robot/src/astribot_s1_navigation_policy_native/src/policy_observer_node.cpp:197:195: note:   ‘const boost::multiprecision::number<boost::multiprecision::backends::cpp_int_backend<> >’ is not derived from ‘const boost::multiprecision::detail::expression<boost::multiprecision::detail::negate, Arg1, Arg2, Arg3, Arg4>’
  197 |     if(age<0 || age>profile_->value("sensor_timeout_s")*1e9){std::ostringstream message;message.imbue(std::locale::classic());message<<"scan capture age "<<std::fixed<<std::setprecision(3)<<age*1e-9<<"s exceeds budget";last_error_=message.str();return;}
      |                                                                                                                                                                                                   ^~~~
In file included from /usr/include/boost/multiprecision/detail/default_ops.hpp:3700,
                 from /usr/include/boost/multiprecision/detail/generic_interconvert.hpp:9,
                 from /usr/include/boost/multiprecision/number.hpp:26,
                 from /usr/include/boost/multiprecision/cpp_int.hpp:12,
                 from /home/yjh/WorkSpace/astribot_sdk_ros2/runs/cpp_migration_20260921/stage6b_stamp/source/ws_robot/src/astribot_s1_navigation_policy_native/include/astribot_s1_navigation_policy_native/policy_integer.hpp:3,
                 from /home/yjh/WorkSpace/astribot_sdk_ros2/runs/cpp_migration_20260921/stage6b_stamp/source/ws_robot/src/astribot_s1_navigation_policy_native/include/astribot_s1_navigation_policy_native/policy_contracts.hpp:5,
                 from /home/yjh/WorkSpace/astribot_sdk_ros2/runs/cpp_migration_20260921/stage6b_stamp/source/ws_robot/src/astribot_s1_navigation_policy_native/include/astribot_s1_navigation_policy_native/policy_observer_core.hpp:3,
                 from /home/yjh/WorkSpace/astribot_sdk_ros2/runs/cpp_migration_20260921/stage6b_stamp/source/ws_robot/src/astribot_s1_navigation_policy_native/include/astribot_s1_navigation_policy_native/policy_observer_node.hpp:2,
                 from /home/yjh/WorkSpace/astribot_sdk_ros2/runs/cpp_migration_20260921/stage6b_stamp/source/ws_robot/src/astribot_s1_navigation_policy_native/src/policy_observer_node.cpp:1:
/usr/include/boost/multiprecision/detail/et_ops.hpp:691:1: note: candidate: ‘template<class Arg1, class Arg2, class Arg3, class Arg4, class B, boost::multiprecision::expression_template_option ET> constexpr typename boost::multiprecision::detail::expression<boost::multiprecision::detail::negate, boost::multiprecision::detail::expression<boost::multiprecision::detail::multiplies, boost::multiprecision::number<B, ET>, Arg1> >::result_type boost::multiprecision::operator*(const boost::multiprecision::detail::expression<boost::multiprecision::detail::negate, Arg1, Arg2, Arg3, Arg4>&, boost::multiprecision::number<B, ET>&&)’
  691 | operator*(const detail::expression<detail::negate, Arg1, Arg2, Arg3, Arg4>& a, number<B, ET>&& b)
      | ^~~~~~~~
/usr/include/boost/multiprecision/detail/et_ops.hpp:691:1: note:   template argument deduction/substitution failed:
/home/yjh/WorkSpace/astribot_sdk_ros2/runs/cpp_migration_20260921/stage6b_stamp/source/ws_robot/src/astribot_s1_navigation_policy_native/src/policy_observer_node.cpp:197:195: note:   ‘const boost::multiprecision::number<boost::multiprecision::backends::cpp_int_backend<> >’ is not derived from ‘const boost::multiprecision::detail::expression<boost::multiprecision::detail::negate, Arg1, Arg2, Arg3, Arg4>’
  197 |     if(age<0 || age>profile_->value("sensor_timeout_s")*1e9){std::ostringstream message;message.imbue(std::locale::classic());message<<"scan capture age "<<std::fixed<<std::setprecision(3)<<age*1e-9<<"s exceeds budget";last_error_=message.str();return;}
      |                                                                                                                                                                                                   ^~~~
In file included from /usr/include/boost/multiprecision/detail/default_ops.hpp:3700,
                 from /usr/include/boost/multiprecision/detail/generic_interconvert.hpp:9,
                 from /usr/include/boost/multiprecision/number.hpp:26,
                 from /usr/include/boost/multiprecision/cpp_int.hpp:12,
                 from /home/yjh/WorkSpace/astribot_sdk_ros2/runs/cpp_migration_20260921/stage6b_stamp/source/ws_robot/src/astribot_s1_navigation_policy_native/include/astribot_s1_navigation_policy_native/policy_integer.hpp:3,
                 from /home/yjh/WorkSpace/astribot_sdk_ros2/runs/cpp_migration_20260921/stage6b_stamp/source/ws_robot/src/astribot_s1_navigation_policy_native/include/astribot_s1_navigation_policy_native/policy_contracts.hpp:5,
                 from /home/yjh/WorkSpace/astribot_sdk_ros2/runs/cpp_migration_20260921/stage6b_stamp/source/ws_robot/src/astribot_s1_navigation_policy_native/include/astribot_s1_navigation_policy_native/policy_observer_core.hpp:3,
                 from /home/yjh/WorkSpace/astribot_sdk_ros2/runs/cpp_migration_20260921/stage6b_stamp/source/ws_robot/src/astribot_s1_navigation_policy_native/include/astribot_s1_navigation_policy_native/policy_observer_node.hpp:2,
                 from /home/yjh/WorkSpace/astribot_sdk_ros2/runs/cpp_migration_20260921/stage6b_stamp/source/ws_robot/src/astribot_s1_navigation_policy_native/src/policy_observer_node.cpp:1:
/usr/include/boost/multiprecision/detail/et_ops.hpp:699:1: note: candidate: ‘template<class B> constexpr boost::multiprecision::detail::expression<boost::multiprecision::detail::negate, boost::multiprecision::detail::expression<boost::multiprecision::detail::multiply_immediates, boost::multiprecision::number<Backend, boost::multiprecision::et_on>, boost::multiprecision::number<Backend, boost::multiprecision::et_on> > > boost::multiprecision::operator*(const boost::multiprecision::number<Backend, boost::multiprecision::et_on>&, const boost::multiprecision::detail::expression<boost::multiprecision::detail::negate, boost::multiprecision::number<Backend, boost::multiprecision::et_on> >&)’
  699 | operator*(const number<B, et_on>& a, const detail::expression<detail::negate, number<B, et_on> >& b)
      | ^~~~~~~~
/usr/include/boost/multiprecision/detail/et_ops.hpp:699:1: note:   template argument deduction/substitution failed:
/home/yjh/WorkSpace/astribot_sdk_ros2/runs/cpp_migration_20260921/stage6b_stamp/source/ws_robot/src/astribot_s1_navigation_policy_native/src/policy_observer_node.cpp:197:195: note:   mismatched types ‘const boost::multiprecision::detail::expression<boost::multiprecision::detail::negate, boost::multiprecision::number<Backend, boost::multiprecision::et_on> >’ and ‘double’
  197 |     if(age<0 || age>profile_->value("sensor_timeout_s")*1e9){std::ostringstream message;message.imbue(std::locale::classic());message<<"scan capture age "<<std::fixed<<std::setprecision(3)<<age*1e-9<<"s exceeds budget";last_error_=message.str();return;}
      |                                                                                                                                                                                                   ^~~~
In file included from /usr/include/boost/multiprecision/detail/default_ops.hpp:3700,
                 from /usr/include/boost/multiprecision/detail/generic_interconvert.hpp:9,
                 from /usr/include/boost/multiprecision/number.hpp:26,
                 from /usr/include/boost/multiprecision/cpp_int.hpp:12,
                 from /home/yjh/WorkSpace/astribot_sdk_ros2/runs/cpp_migration_20260921/stage6b_stamp/source/ws_robot/src/astribot_s1_navigation_policy_native/include/astribot_s1_navigation_policy_native/policy_integer.hpp:3,
                 from /home/yjh/WorkSpace/astribot_sdk_ros2/runs/cpp_migration_20260921/stage6b_stamp/source/ws_robot/src/astribot_s1_navigation_policy_native/include/astribot_s1_navigation_policy_native/policy_contracts.hpp:5,
                 from /home/yjh/WorkSpace/astribot_sdk_ros2/runs/cpp_migration_20260921/stage6b_stamp/source/ws_robot/src/astribot_s1_navigation_policy_native/include/astribot_s1_navigation_policy_native/policy_observer_core.hpp:3,
                 from /home/yjh/WorkSpace/astribot_sdk_ros2/runs/cpp_migration_20260921/stage6b_stamp/source/ws_robot/src/astribot_s1_navigation_policy_native/include/astribot_s1_navigation_policy_native/policy_observer_node.hpp:2,
                 from /home/yjh/WorkSpace/astribot_sdk_ros2/runs/cpp_migration_20260921/stage6b_stamp/source/ws_robot/src/astribot_s1_navigation_policy_native/src/policy_observer_node.cpp:1:
/usr/include/boost/multiprecision/detail/et_ops.hpp:707:1: note: candidate: ‘template<class B> constexpr typename boost::multiprecision::detail::expression<boost::multiprecision::detail::negate, boost::multiprecision::detail::expression<boost::multiprecision::detail::multiply_immediates, boost::multiprecision::number<Backend, boost::multiprecision::et_on>, boost::multiprecision::number<Backend, boost::multiprecision::et_on> > >::result_type boost::multiprecision::operator*(boost::multiprecision::number<Backend, boost::multiprecision::et_on>&&, const boost::multiprecision::detail::expression<boost::multiprecision::detail::negate, boost::multiprecision::number<Backend, boost::multiprecision::et_on> >&)’
  707 | operator*(number<B, et_on>&& a, const detail::expression<detail::negate, number<B, et_on> >& b)
      | ^~~~~~~~
/usr/include/boost/multiprecision/detail/et_ops.hpp:707:1: note:   template argument deduction/substitution failed:
/home/yjh/WorkSpace/astribot_sdk_ros2/runs/cpp_migration_20260921/stage6b_stamp/source/ws_robot/src/astribot_s1_navigation_policy_native/src/policy_observer_node.cpp:197:195: note:   types ‘boost::multiprecision::number<Backend, boost::multiprecision::et_on>’ and ‘const boost::multiprecision::number<boost::multiprecision::backends::cpp_int_backend<> >’ have incompatible cv-qualifiers
  197 |     if(age<0 || age>profile_->value("sensor_timeout_s")*1e9){std::ostringstream message;message.imbue(std::locale::classic());message<<"scan capture age "<<std::fixed<<std::setprecision(3)<<age*1e-9<<"s exceeds budget";last_error_=message.str();return;}
      |                                                                                                                                                                                                   ^~~~
In file included from /usr/include/boost/multiprecision/detail/default_ops.hpp:3700,
                 from /usr/include/boost/multiprecision/detail/generic_interconvert.hpp:9,
                 from /usr/include/boost/multiprecision/number.hpp:26,
                 from /usr/include/boost/multiprecision/cpp_int.hpp:12,
                 from /home/yjh/WorkSpace/astribot_sdk_ros2/runs/cpp_migration_20260921/stage6b_stamp/source/ws_robot/src/astribot_s1_navigation_policy_native/include/astribot_s1_navigation_policy_native/policy_integer.hpp:3,
                 from /home/yjh/WorkSpace/astribot_sdk_ros2/runs/cpp_migration_20260921/stage6b_stamp/source/ws_robot/src/astribot_s1_navigation_policy_native/include/astribot_s1_navigation_policy_native/policy_contracts.hpp:5,
                 from /home/yjh/WorkSpace/astribot_sdk_ros2/runs/cpp_migration_20260921/stage6b_stamp/source/ws_robot/src/astribot_s1_navigation_policy_native/include/astribot_s1_navigation_policy_native/policy_observer_core.hpp:3,
                 from /home/yjh/WorkSpace/astribot_sdk_ros2/runs/cpp_migration_20260921/stage6b_stamp/source/ws_robot/src/astribot_s1_navigation_policy_native/include/astribot_s1_navigation_policy_native/policy_observer_node.hpp:2,
                 from /home/yjh/WorkSpace/astribot_sdk_ros2/runs/cpp_migration_20260921/stage6b_stamp/source/ws_robot/src/astribot_s1_navigation_policy_native/src/policy_observer_node.cpp:1:
/usr/include/boost/multiprecision/detail/et_ops.hpp:715:1: note: candidate: ‘template<class B> constexpr boost::multiprecision::detail::expression<boost::multiprecision::detail::negate, boost::multiprecision::detail::expression<boost::multiprecision::detail::multiply_immediates, boost::multiprecision::number<Backend, boost::multiprecision::et_on>, boost::multiprecision::number<Backend, boost::multiprecision::et_on> > > boost::multiprecision::operator*(const boost::multiprecision::detail::expression<boost::multiprecision::detail::negate, boost::multiprecision::number<Backend, boost::multiprecision::et_on> >&, const boost::multiprecision::number<Backend, boost::multiprecision::et_on>&)’
  715 | operator*(const detail::expression<detail::negate, number<B, et_on> >& a, const number<B, et_on>& b)
      | ^~~~~~~~
/usr/include/boost/multiprecision/detail/et_ops.hpp:715:1: note:   template argument deduction/substitution failed:
/home/yjh/WorkSpace/astribot_sdk_ros2/runs/cpp_migration_20260921/stage6b_stamp/source/ws_robot/src/astribot_s1_navigation_policy_native/src/policy_observer_node.cpp:197:195: note:   ‘const boost::multiprecision::number<boost::multiprecision::backends::cpp_int_backend<> >’ is not derived from ‘const boost::multiprecision::detail::expression<boost::multiprecision::detail::negate, boost::multiprecision::number<Backend, boost::multiprecision::et_on> >’
  197 |     if(age<0 || age>profile_->value("sensor_timeout_s")*1e9){std::ostringstream message;message.imbue(std::locale::classic());message<<"scan capture age "<<std::fixed<<std::setprecision(3)<<age*1e-9<<"s exceeds budget";last_error_=message.str();return;}
      |                                                                                                                                                                                                   ^~~~
In file included from /usr/include/boost/multiprecision/detail/default_ops.hpp:3700,
                 from /usr/include/boost/multiprecision/detail/generic_interconvert.hpp:9,
                 from /usr/include/boost/multiprecision/number.hpp:26,
                 from /usr/include/boost/multiprecision/cpp_int.hpp:12,
                 from /home/yjh/WorkSpace/astribot_sdk_ros2/runs/cpp_migration_20260921/stage6b_stamp/source/ws_robot/src/astribot_s1_navigation_policy_native/include/astribot_s1_navigation_policy_native/policy_integer.hpp:3,
                 from /home/yjh/WorkSpace/astribot_sdk_ros2/runs/cpp_migration_20260921/stage6b_stamp/source/ws_robot/src/astribot_s1_navigation_policy_native/include/astribot_s1_navigation_policy_native/policy_contracts.hpp:5,
                 from /home/yjh/WorkSpace/astribot_sdk_ros2/runs/cpp_migration_20260921/stage6b_stamp/source/ws_robot/src/astribot_s1_navigation_policy_native/include/astribot_s1_navigation_policy_native/policy_observer_core.hpp:3,
                 from /home/yjh/WorkSpace/astribot_sdk_ros2/runs/cpp_migration_20260921/stage6b_stamp/source/ws_robot/src/astribot_s1_navigation_policy_native/include/astribot_s1_navigation_policy_native/policy_observer_node.hpp:2,
                 from /home/yjh/WorkSpace/astribot_sdk_ros2/runs/cpp_migration_20260921/stage6b_stamp/source/ws_robot/src/astribot_s1_navigation_policy_native/src/policy_observer_node.cpp:1:
/usr/include/boost/multiprecision/detail/et_ops.hpp:723:1: note: candidate: ‘template<class B> constexpr typename boost::multiprecision::detail::expression<boost::multiprecision::detail::negate, boost::multiprecision::detail::expression<boost::multiprecision::detail::multiply_immediates, boost::multiprecision::number<Backend, boost::multiprecision::et_on>, boost::multiprecision::number<Backend, boost::multiprecision::et_on> > >::result_type boost::multiprecision::operator*(const boost::multiprecision::detail::expression<boost::multiprecision::detail::negate, boost::multiprecision::number<Backend, boost::multiprecision::et_on> >&, boost::multiprecision::number<Backend, boost::multiprecision::et_on>&&)’
  723 | operator*(const detail::expression<detail::negate, number<B, et_on> >& a, number<B, et_on>&& b)
      | ^~~~~~~~
/usr/include/boost/multiprecision/detail/et_ops.hpp:723:1: note:   template argument deduction/substitution failed:
/home/yjh/WorkSpace/astribot_sdk_ros2/runs/cpp_migration_20260921/stage6b_stamp/source/ws_robot/src/astribot_s1_navigation_policy_native/src/policy_observer_node.cpp:197:195: note:   ‘const boost::multiprecision::number<boost::multiprecision::backends::cpp_int_backend<> >’ is not derived from ‘const boost::multiprecision::detail::expression<boost::multiprecision::detail::negate, boost::multiprecision::number<Backend, boost::multiprecision::et_on> >’
  197 |     if(age<0 || age>profile_->value("sensor_timeout_s")*1e9){std::ostringstream message;message.imbue(std::locale::classic());message<<"scan capture age "<<std::fixed<<std::setprecision(3)<<age*1e-9<<"s exceeds budget";last_error_=message.str();return;}
      |                                                                                                                                                                                                   ^~~~
In file included from /usr/include/boost/multiprecision/detail/default_ops.hpp:3700,
                 from /usr/include/boost/multiprecision/detail/generic_interconvert.hpp:9,
                 from /usr/include/boost/multiprecision/number.hpp:26,
                 from /usr/include/boost/multiprecision/cpp_int.hpp:12,
                 from /home/yjh/WorkSpace/astribot_sdk_ros2/runs/cpp_migration_20260921/stage6b_stamp/source/ws_robot/src/astribot_s1_navigation_policy_native/include/astribot_s1_navigation_policy_native/policy_integer.hpp:3,
                 from /home/yjh/WorkSpace/astribot_sdk_ros2/runs/cpp_migration_20260921/stage6b_stamp/source/ws_robot/src/astribot_s1_navigation_policy_native/include/astribot_s1_navigation_policy_native/policy_contracts.hpp:5,
                 from /home/yjh/WorkSpace/astribot_sdk_ros2/runs/cpp_migration_20260921/stage6b_stamp/source/ws_robot/src/astribot_s1_navigation_policy_native/include/astribot_s1_navigation_policy_native/policy_observer_core.hpp:3,
                 from /home/yjh/WorkSpace/astribot_sdk_ros2/runs/cpp_migration_20260921/stage6b_stamp/source/ws_robot/src/astribot_s1_navigation_policy_native/include/astribot_s1_navigation_policy_native/policy_observer_node.hpp:2,
                 from /home/yjh/WorkSpace/astribot_sdk_ros2/runs/cpp_migration_20260921/stage6b_stamp/source/ws_robot/src/astribot_s1_navigation_policy_native/src/policy_observer_node.cpp:1:
/usr/include/boost/multiprecision/detail/et_ops.hpp:731:1: note: candidate: ‘template<class B, class V> constexpr typename boost::enable_if<boost::multiprecision::is_compatible_arithmetic_type<Arithmetic, boost::multiprecision::number<Backend, boost::multiprecision::et_on> >, boost::multiprecision::detail::expression<boost::multiprecision::detail::negate, boost::multiprecision::detail::expression<boost::multiprecision::detail::multiply_immediates, boost::multiprecision::number<Backend, boost::multiprecision::et_on>, V> > >::type boost::multiprecision::operator*(const boost::multiprecision::detail::expression<boost::multiprecision::detail::negate, boost::multiprecision::number<Backend, boost::multiprecision::et_on> >&, const V&)’
  731 | operator*(const detail::expression<detail::negate, number<B, et_on> >& a, const V& b)
      | ^~~~~~~~
/usr/include/boost/multiprecision/detail/et_ops.hpp:731:1: note:   template argument deduction/substitution failed:
/home/yjh/WorkSpace/astribot_sdk_ros2/runs/cpp_migration_20260921/stage6b_stamp/source/ws_robot/src/astribot_s1_navigation_policy_native/src/policy_observer_node.cpp:197:195: note:   ‘const boost::multiprecision::number<boost::multiprecision::backends::cpp_int_backend<> >’ is not derived from ‘const boost::multiprecision::detail::expression<boost::multiprecision::detail::negate, boost::multiprecision::number<Backend, boost::multiprecision::et_on> >’
  197 |     if(age<0 || age>profile_->value("sensor_timeout_s")*1e9){std::ostringstream message;message.imbue(std::locale::classic());message<<"scan capture age "<<std::fixed<<std::setprecision(3)<<age*1e-9<<"s exceeds budget";last_error_=message.str();return;}
      |                                                                                                                                                                                                   ^~~~
In file included from /usr/include/boost/multiprecision/detail/default_ops.hpp:3700,
                 from /usr/include/boost/multiprecision/detail/generic_interconvert.hpp:9,
                 from /usr/include/boost/multiprecision/number.hpp:26,
                 from /usr/include/boost/multiprecision/cpp_int.hpp:12,
                 from /home/yjh/WorkSpace/astribot_sdk_ros2/runs/cpp_migration_20260921/stage6b_stamp/source/ws_robot/src/astribot_s1_navigation_policy_native/include/astribot_s1_navigation_policy_native/policy_integer.hpp:3,
                 from /home/yjh/WorkSpace/astribot_sdk_ros2/runs/cpp_migration_20260921/stage6b_stamp/source/ws_robot/src/astribot_s1_navigation_policy_native/include/astribot_s1_navigation_policy_native/policy_contracts.hpp:5,
                 from /home/yjh/WorkSpace/astribot_sdk_ros2/runs/cpp_migration_20260921/stage6b_stamp/source/ws_robot/src/astribot_s1_navigation_policy_native/include/astribot_s1_navigation_policy_native/policy_observer_core.hpp:3,
                 from /home/yjh/WorkSpace/astribot_sdk_ros2/runs/cpp_migration_20260921/stage6b_stamp/source/ws_robot/src/astribot_s1_navigation_policy_native/include/astribot_s1_navigation_policy_native/policy_observer_node.hpp:2,
                 from /home/yjh/WorkSpace/astribot_sdk_ros2/runs/cpp_migration_20260921/stage6b_stamp/source/ws_robot/src/astribot_s1_navigation_policy_native/src/policy_observer_node.cpp:1:
/usr/include/boost/multiprecision/detail/et_ops.hpp:738:1: note: candidate: ‘template<class B, class B2, boost::multiprecision::expression_template_option ET> constexpr typename boost::enable_if<boost::multiprecision::is_compatible_arithmetic_type<boost::multiprecision::number<T2, ExpressionTemplates>, boost::multiprecision::number<Backend, boost::multiprecision::et_on> >, boost::multiprecision::detail::expression<boost::multiprecision::detail::negate, boost::multiprecision::detail::expression<boost::multiprecision::detail::multiply_immediates, boost::multiprecision::number<Backend, boost::multiprecision::et_on>, boost::multiprecision::number<T2, ExpressionTemplates> > > >::type boost::multiprecision::operator*(const boost::multiprecision::detail::expression<boost::multiprecision::detail::negate, boost::multiprecision::number<Backend, boost::multiprecision::et_on> >&, const boost::multiprecision::number<T2, ExpressionTemplates>&)’
  738 | operator*(const detail::expression<detail::negate, number<B, et_on> >& a, const number<B2, ET>& b)
      | ^~~~~~~~
/usr/include/boost/multiprecision/detail/et_ops.hpp:738:1: note:   template argument deduction/substitution failed:
/home/yjh/WorkSpace/astribot_sdk_ros2/runs/cpp_migration_20260921/stage6b_stamp/source/ws_robot/src/astribot_s1_navigation_policy_native/src/policy_observer_node.cpp:197:195: note:   ‘const boost::multiprecision::number<boost::multiprecision::backends::cpp_int_backend<> >’ is not derived from ‘const boost::multiprecision::detail::expression<boost::multiprecision::detail::negate, boost::multiprecision::number<Backend, boost::multiprecision::et_on> >’
  197 |     if(age<0 || age>profile_->value("sensor_timeout_s")*1e9){std::ostringstream message;message.imbue(std::locale::classic());message<<"scan capture age "<<std::fixed<<std::setprecision(3)<<age*1e-9<<"s exceeds budget";last_error_=message.str();return;}
      |                                                                                                                                                                                                   ^~~~
In file included from /usr/include/boost/multiprecision/detail/default_ops.hpp:3700,
                 from /usr/include/boost/multiprecision/detail/generic_interconvert.hpp:9,
                 from /usr/include/boost/multiprecision/number.hpp:26,
                 from /usr/include/boost/multiprecision/cpp_int.hpp:12,
                 from /home/yjh/WorkSpace/astribot_sdk_ros2/runs/cpp_migration_20260921/stage6b_stamp/source/ws_robot/src/astribot_s1_navigation_policy_native/include/astribot_s1_navigation_policy_native/policy_integer.hpp:3,
                 from /home/yjh/WorkSpace/astribot_sdk_ros2/runs/cpp_migration_20260921/stage6b_stamp/source/ws_robot/src/astribot_s1_navigation_policy_native/include/astribot_s1_navigation_policy_native/policy_contracts.hpp:5,
                 from /home/yjh/WorkSpace/astribot_sdk_ros2/runs/cpp_migration_20260921/stage6b_stamp/source/ws_robot/src/astribot_s1_navigation_policy_native/include/astribot_s1_navigation_policy_native/policy_observer_core.hpp:3,
                 from /home/yjh/WorkSpace/astribot_sdk_ros2/runs/cpp_migration_20260921/stage6b_stamp/source/ws_robot/src/astribot_s1_navigation_policy_native/include/astribot_s1_navigation_policy_native/policy_observer_node.hpp:2,
                 from /home/yjh/WorkSpace/astribot_sdk_ros2/runs/cpp_migration_20260921/stage6b_stamp/source/ws_robot/src/astribot_s1_navigation_policy_native/src/policy_observer_node.cpp:1:
/usr/include/boost/multiprecision/detail/et_ops.hpp:746:1: note: candidate: ‘template<class B, class B2, boost::multiprecision::expression_template_option ET> constexpr typename boost::enable_if<boost::multiprecision::is_compatible_arithmetic_type<boost::multiprecision::number<T2, ExpressionTemplates>, boost::multiprecision::number<Backend, boost::multiprecision::et_on> >, typename boost::multiprecision::detail::expression<boost::multiprecision::detail::negate, boost::multiprecision::detail::expression<boost::multiprecision::detail::multiply_immediates, boost::multiprecision::number<Backend, boost::multiprecision::et_on>, boost::multiprecision::number<T2, ExpressionTemplates> > >::result_type>::type boost::multiprecision::operator*(const boost::multiprecision::detail::expression<boost::multiprecision::detail::negate, boost::multiprecision::number<Backend, boost::multiprecision::et_on> >&, boost::multiprecision::number<T2, ExpressionTemplates>&&)’
  746 | operator*(const detail::expression<detail::negate, number<B, et_on> >& a, number<B2, ET>&& b)
      | ^~~~~~~~
/usr/include/boost/multiprecision/detail/et_ops.hpp:746:1: note:   template argument deduction/substitution failed:
/home/yjh/WorkSpace/astribot_sdk_ros2/runs/cpp_migration_20260921/stage6b_stamp/source/ws_robot/src/astribot_s1_navigation_policy_native/src/policy_observer_node.cpp:197:195: note:   ‘const boost::multiprecision::number<boost::multiprecision::backends::cpp_int_backend<> >’ is not derived from ‘const boost::multiprecision::detail::expression<boost::multiprecision::detail::negate, boost::multiprecision::number<Backend, boost::multiprecision::et_on> >’
  197 |     if(age<0 || age>profile_->value("sensor_timeout_s")*1e9){std::ostringstream message;message.imbue(std::locale::classic());message<<"scan capture age "<<std::fixed<<std::setprecision(3)<<age*1e-9<<"s exceeds budget";last_error_=message.str();return;}
      |                                                                                                                                                                                                   ^~~~
In file included from /usr/include/boost/multiprecision/detail/default_ops.hpp:3700,
                 from /usr/include/boost/multiprecision/detail/generic_interconvert.hpp:9,
                 from /usr/include/boost/multiprecision/number.hpp:26,
                 from /usr/include/boost/multiprecision/cpp_int.hpp:12,
                 from /home/yjh/WorkSpace/astribot_sdk_ros2/runs/cpp_migration_20260921/stage6b_stamp/source/ws_robot/src/astribot_s1_navigation_policy_native/include/astribot_s1_navigation_policy_native/policy_integer.hpp:3,
                 from /home/yjh/WorkSpace/astribot_sdk_ros2/runs/cpp_migration_20260921/stage6b_stamp/source/ws_robot/src/astribot_s1_navigation_policy_native/include/astribot_s1_navigation_policy_native/policy_contracts.hpp:5,
                 from /home/yjh/WorkSpace/astribot_sdk_ros2/runs/cpp_migration_20260921/stage6b_stamp/source/ws_robot/src/astribot_s1_navigation_policy_native/include/astribot_s1_navigation_policy_native/policy_observer_core.hpp:3,
                 from /home/yjh/WorkSpace/astribot_sdk_ros2/runs/cpp_migration_20260921/stage6b_stamp/source/ws_robot/src/astribot_s1_navigation_policy_native/include/astribot_s1_navigation_policy_native/policy_observer_node.hpp:2,
                 from /home/yjh/WorkSpace/astribot_sdk_ros2/runs/cpp_migration_20260921/stage6b_stamp/source/ws_robot/src/astribot_s1_navigation_policy_native/src/policy_observer_node.cpp:1:
/usr/include/boost/multiprecision/detail/et_ops.hpp:754:1: note: candidate: ‘template<class V, class B> constexpr typename boost::enable_if<boost::multiprecision::is_compatible_arithmetic_type<V, boost::multiprecision::number<Backend, boost::multiprecision::et_on> >, boost::multiprecision::detail::expression<boost::multiprecision::detail::negate, boost::multiprecision::detail::expression<boost::multiprecision::detail::multiply_immediates, boost::multiprecision::number<Backend, boost::multiprecision::et_on>, V> > >::type boost::multiprecision::operator*(const V&, const boost::multiprecision::detail::expression<boost::multiprecision::detail::negate, boost::multiprecision::number<Backend, boost::multiprecision::et_on> >&)’
  754 | operator*(const V& a, const detail::expression<detail::negate, number<B, et_on> >& b)
      | ^~~~~~~~
/usr/include/boost/multiprecision/detail/et_ops.hpp:754:1: note:   template argument deduction/substitution failed:
/home/yjh/WorkSpace/astribot_sdk_ros2/runs/cpp_migration_20260921/stage6b_stamp/source/ws_robot/src/astribot_s1_navigation_policy_native/src/policy_observer_node.cpp:197:195: note:   mismatched types ‘const boost::multiprecision::detail::expression<boost::multiprecision::detail::negate, boost::multiprecision::number<Backend, boost::multiprecision::et_on> >’ and ‘double’
  197 |     if(age<0 || age>profile_->value("sensor_timeout_s")*1e9){std::ostringstream message;message.imbue(std::locale::classic());message<<"scan capture age "<<std::fixed<<std::setprecision(3)<<age*1e-9<<"s exceeds budget";last_error_=message.str();return;}
      |                                                                                                                                                                                                   ^~~~
In file included from /usr/include/boost/multiprecision/detail/default_ops.hpp:3700,
                 from /usr/include/boost/multiprecision/detail/generic_interconvert.hpp:9,
                 from /usr/include/boost/multiprecision/number.hpp:26,
                 from /usr/include/boost/multiprecision/cpp_int.hpp:12,
                 from /home/yjh/WorkSpace/astribot_sdk_ros2/runs/cpp_migration_20260921/stage6b_stamp/source/ws_robot/src/astribot_s1_navigation_policy_native/include/astribot_s1_navigation_policy_native/policy_integer.hpp:3,
                 from /home/yjh/WorkSpace/astribot_sdk_ros2/runs/cpp_migration_20260921/stage6b_stamp/source/ws_robot/src/astribot_s1_navigation_policy_native/include/astribot_s1_navigation_policy_native/policy_contracts.hpp:5,
                 from /home/yjh/WorkSpace/astribot_sdk_ros2/runs/cpp_migration_20260921/stage6b_stamp/source/ws_robot/src/astribot_s1_navigation_policy_native/include/astribot_s1_navigation_policy_native/policy_observer_core.hpp:3,
                 from /home/yjh/WorkSpace/astribot_sdk_ros2/runs/cpp_migration_20260921/stage6b_stamp/source/ws_robot/src/astribot_s1_navigation_policy_native/include/astribot_s1_navigation_policy_native/policy_observer_node.hpp:2,
                 from /home/yjh/WorkSpace/astribot_sdk_ros2/runs/cpp_migration_20260921/stage6b_stamp/source/ws_robot/src/astribot_s1_navigation_policy_native/src/policy_observer_node.cpp:1:
/usr/include/boost/multiprecision/detail/et_ops.hpp:761:1: note: candidate: ‘template<class B2, boost::multiprecision::expression_template_option ET, class B> constexpr typename boost::enable_if<boost::multiprecision::is_compatible_arithmetic_type<boost::multiprecision::number<Backend, ExpressionTemplates>, boost::multiprecision::number<Backend, boost::multiprecision::et_on> >, boost::multiprecision::detail::expression<boost::multiprecision::detail::negate, boost::multiprecision::detail::expression<boost::multiprecision::detail::multiply_immediates, boost::multiprecision::number<Backend, boost::multiprecision::et_on>, boost::multiprecision::number<Backend, ExpressionTemplates> > > >::type boost::multiprecision::operator*(const boost::multiprecision::number<Backend, ExpressionTemplates>&, const boost::multiprecision::detail::expression<boost::multiprecision::detail::negate, boost::multiprecision::number<Backend, boost::multiprecision::et_on> >&)’
  761 | operator*(const number<B2, ET>& a, const detail::expression<detail::negate, number<B, et_on> >& b)
      | ^~~~~~~~
/usr/include/boost/multiprecision/detail/et_ops.hpp:761:1: note:   template argument deduction/substitution failed:
/home/yjh/WorkSpace/astribot_sdk_ros2/runs/cpp_migration_20260921/stage6b_stamp/source/ws_robot/src/astribot_s1_navigation_policy_native/src/policy_observer_node.cpp:197:195: note:   mismatched types ‘const boost::multiprecision::detail::expression<boost::multiprecision::detail::negate, boost::multiprecision::number<Backend, boost::multiprecision::et_on> >’ and ‘double’
  197 |     if(age<0 || age>profile_->value("sensor_timeout_s")*1e9){std::ostringstream message;message.imbue(std::locale::classic());message<<"scan capture age "<<std::fixed<<std::setprecision(3)<<age*1e-9<<"s exceeds budget";last_error_=message.str();return;}
      |                                                                                                                                                                                                   ^~~~
In file included from /usr/include/boost/multiprecision/detail/default_ops.hpp:3700,
                 from /usr/include/boost/multiprecision/detail/generic_interconvert.hpp:9,
                 from /usr/include/boost/multiprecision/number.hpp:26,
                 from /usr/include/boost/multiprecision/cpp_int.hpp:12,
                 from /home/yjh/WorkSpace/astribot_sdk_ros2/runs/cpp_migration_20260921/stage6b_stamp/source/ws_robot/src/astribot_s1_navigation_policy_native/include/astribot_s1_navigation_policy_native/policy_integer.hpp:3,
                 from /home/yjh/WorkSpace/astribot_sdk_ros2/runs/cpp_migration_20260921/stage6b_stamp/source/ws_robot/src/astribot_s1_navigation_policy_native/include/astribot_s1_navigation_policy_native/policy_contracts.hpp:5,
                 from /home/yjh/WorkSpace/astribot_sdk_ros2/runs/cpp_migration_20260921/stage6b_stamp/source/ws_robot/src/astribot_s1_navigation_policy_native/include/astribot_s1_navigation_policy_native/policy_observer_core.hpp:3,
                 from /home/yjh/WorkSpace/astribot_sdk_ros2/runs/cpp_migration_20260921/stage6b_stamp/source/ws_robot/src/astribot_s1_navigation_policy_native/include/astribot_s1_navigation_policy_native/policy_observer_node.hpp:2,
                 from /home/yjh/WorkSpace/astribot_sdk_ros2/runs/cpp_migration_20260921/stage6b_stamp/source/ws_robot/src/astribot_s1_navigation_policy_native/src/policy_observer_node.cpp:1:
/usr/include/boost/multiprecision/detail/et_ops.hpp:769:1: note: candidate: ‘template<class B2, boost::multiprecision::expression_template_option ET, class B> constexpr typename boost::enable_if<boost::multiprecision::is_compatible_arithmetic_type<boost::multiprecision::number<Backend, ExpressionTemplates>, boost::multiprecision::number<Backend, boost::multiprecision::et_on> >, typename boost::multiprecision::detail::expression<boost::multiprecision::detail::negate, boost::multiprecision::detail::expression<boost::multiprecision::detail::multiply_immediates, boost::multiprecision::number<Backend, boost::multiprecision::et_on>, boost::multiprecision::number<Backend, ExpressionTemplates> > >::result_type>::type boost::multiprecision::operator*(boost::multiprecision::number<Backend, ExpressionTemplates>&&, const boost::multiprecision::detail::expression<boost::multiprecision::detail::negate, boost::multiprecision::number<Backend, boost::multiprecision::et_on> >&)’
  769 | operator*(number<B2, ET>&& a, const detail::expression<detail::negate, number<B, et_on> >& b)
      | ^~~~~~~~
/usr/include/boost/multiprecision/detail/et_ops.hpp:769:1: note:   template argument deduction/substitution failed:
/home/yjh/WorkSpace/astribot_sdk_ros2/runs/cpp_migration_20260921/stage6b_stamp/source/ws_robot/src/astribot_s1_navigation_policy_native/src/policy_observer_node.cpp:197:195: note:   types ‘boost::multiprecision::number<Backend, ExpressionTemplates>’ and ‘const boost::multiprecision::number<boost::multiprecision::backends::cpp_int_backend<> >’ have incompatible cv-qualifiers
  197 |     if(age<0 || age>profile_->value("sensor_timeout_s")*1e9){std::ostringstream message;message.imbue(std::locale::classic());message<<"scan capture age "<<std::fixed<<std::setprecision(3)<<age*1e-9<<"s exceeds budget";last_error_=message.str();return;}
      |                                                                                                                                                                                                   ^~~~
/home/yjh/WorkSpace/astribot_sdk_ros2/runs/cpp_migration_20260921/stage6b_stamp/source/ws_robot/src/astribot_s1_navigation_policy_native/src/policy_observer_node.cpp: In member function ‘virtual void astribot::navigation::policy::PolicyObserverNode::tick()’:
/home/yjh/WorkSpace/astribot_sdk_ros2/runs/cpp_migration_20260921/stage6b_stamp/source/ws_robot/src/astribot_s1_navigation_policy_native/src/policy_observer_node.cpp:308:480: error: no match for ‘operator*’ (operand types are ‘const Integer’ {aka ‘const boost::multiprecision::number<boost::multiprecision::backends::cpp_int_backend<> >’} and ‘double’)
  308 |   if(risk){auto ids=risk->obstacle_ids;ids.insert(ids.end(),risk->immediate_obstacle_ids.begin(),risk->immediate_obstacle_ids.end());for(const auto& id:ids){if(!reported.insert(id).second)continue;const auto& track=*fusion_->tracks().at(id);const auto& o=track.observation;const auto& b=std::get<MetricBox>(o.geometry);blocking.push_back(json{{"id",id},{"center_m",xyz(b.center_m)},{"size_m",xyz(b.size_m)},{"velocity_m_s",xyz(track.velocity)},{"age_s",seconds-o.capture_stamp.ns*1e-9}});}}
      |                                                                                                                                                                                                                                                                                                                                                                                                                                                                              ~~~~~~~~~~~~~~~~~~^~~~~
      |                                                                                                                                                                                                                                                                                                                                                                                                                                                                                              |  |
      |                                                                                                                                                                                                                                                                                                                                                                                                                                                                                              |  double
      |                                                                                                                                                                                                                                                                                                                                                                                                                                                                                              const Integer {aka const boost::multiprecision::number<boost::multiprecision::backends::cpp_int_backend<> >}
/home/yjh/WorkSpace/astribot_sdk_ros2/runs/cpp_migration_20260921/stage6b_stamp/source/ws_robot/src/astribot_s1_navigation_policy_native/src/policy_observer_node.cpp:308:480: note: candidate: ‘operator*(int, double)’ (built-in)
  308 |   if(risk){auto ids=risk->obstacle_ids;ids.insert(ids.end(),risk->immediate_obstacle_ids.begin(),risk->immediate_obstacle_ids.end());for(const auto& id:ids){if(!reported.insert(id).second)continue;const auto& track=*fusion_->tracks().at(id);const auto& o=track.observation;const auto& b=std::get<MetricBox>(o.geometry);blocking.push_back(json{{"id",id},{"center_m",xyz(b.center_m)},{"size_m",xyz(b.size_m)},{"velocity_m_s",xyz(track.velocity)},{"age_s",seconds-o.capture_stamp.ns*1e-9}});}}
      |                                                                                                                                                                                                                                                                                                                                                                                                                                                                              ~~~~~~~~~~~~~~~~~~^~~~~
/home/yjh/WorkSpace/astribot_sdk_ros2/runs/cpp_migration_20260921/stage6b_stamp/source/ws_robot/src/astribot_s1_navigation_policy_native/src/policy_observer_node.cpp:308:480: note:   no known conversion for argument 1 from ‘const Integer’ {aka ‘const boost::multiprecision::number<boost::multiprecision::backends::cpp_int_backend<> >’} to ‘int’
In file included from /usr/include/boost/type_traits/is_complex.hpp:12,
                 from /usr/include/boost/multiprecision/number.hpp:21,
                 from /usr/include/boost/multiprecision/cpp_int.hpp:12,
                 from /home/yjh/WorkSpace/astribot_sdk_ros2/runs/cpp_migration_20260921/stage6b_stamp/source/ws_robot/src/astribot_s1_navigation_policy_native/include/astribot_s1_navigation_policy_native/policy_integer.hpp:3,
                 from /home/yjh/WorkSpace/astribot_sdk_ros2/runs/cpp_migration_20260921/stage6b_stamp/source/ws_robot/src/astribot_s1_navigation_policy_native/include/astribot_s1_navigation_policy_native/policy_contracts.hpp:5,
                 from /home/yjh/WorkSpace/astribot_sdk_ros2/runs/cpp_migration_20260921/stage6b_stamp/source/ws_robot/src/astribot_s1_navigation_policy_native/include/astribot_s1_navigation_policy_native/policy_observer_core.hpp:3,
                 from /home/yjh/WorkSpace/astribot_sdk_ros2/runs/cpp_migration_20260921/stage6b_stamp/source/ws_robot/src/astribot_s1_navigation_policy_native/include/astribot_s1_navigation_policy_native/policy_observer_node.hpp:2,
                 from /home/yjh/WorkSpace/astribot_sdk_ros2/runs/cpp_migration_20260921/stage6b_stamp/source/ws_robot/src/astribot_s1_navigation_policy_native/src/policy_observer_node.cpp:1:
/usr/include/c++/11/complex:392:5: note: candidate: ‘template<class _Tp> std::complex<_Tp> std::operator*(const std::complex<_Tp>&, const std::complex<_Tp>&)’
  392 |     operator*(const complex<_Tp>& __x, const complex<_Tp>& __y)
      |     ^~~~~~~~
/usr/include/c++/11/complex:392:5: note:   template argument deduction/substitution failed:
/home/yjh/WorkSpace/astribot_sdk_ros2/runs/cpp_migration_20260921/stage6b_stamp/source/ws_robot/src/astribot_s1_navigation_policy_native/src/policy_observer_node.cpp:308:481: note:   ‘const Integer’ {aka ‘const boost::multiprecision::number<boost::multiprecision::backends::cpp_int_backend<> >’} is not derived from ‘const std::complex<_Tp>’
  308 |   if(risk){auto ids=risk->obstacle_ids;ids.insert(ids.end(),risk->immediate_obstacle_ids.begin(),risk->immediate_obstacle_ids.end());for(const auto& id:ids){if(!reported.insert(id).second)continue;const auto& track=*fusion_->tracks().at(id);const auto& o=track.observation;const auto& b=std::get<MetricBox>(o.geometry);blocking.push_back(json{{"id",id},{"center_m",xyz(b.center_m)},{"size_m",xyz(b.size_m)},{"velocity_m_s",xyz(track.velocity)},{"age_s",seconds-o.capture_stamp.ns*1e-9}});}}
      |                                                                                                                                                                                                                                                                                                                                                                                                                                                                                                 ^~~~
In file included from /usr/include/boost/type_traits/is_complex.hpp:12,
                 from /usr/include/boost/multiprecision/number.hpp:21,
                 from /usr/include/boost/multiprecision/cpp_int.hpp:12,
                 from /home/yjh/WorkSpace/astribot_sdk_ros2/runs/cpp_migration_20260921/stage6b_stamp/source/ws_robot/src/astribot_s1_navigation_policy_native/include/astribot_s1_navigation_policy_native/policy_integer.hpp:3,
                 from /home/yjh/WorkSpace/astribot_sdk_ros2/runs/cpp_migration_20260921/stage6b_stamp/source/ws_robot/src/astribot_s1_navigation_policy_native/include/astribot_s1_navigation_policy_native/policy_contracts.hpp:5,
                 from /home/yjh/WorkSpace/astribot_sdk_ros2/runs/cpp_migration_20260921/stage6b_stamp/source/ws_robot/src/astribot_s1_navigation_policy_native/include/astribot_s1_navigation_policy_native/policy_observer_core.hpp:3,
                 from /home/yjh/WorkSpace/astribot_sdk_ros2/runs/cpp_migration_20260921/stage6b_stamp/source/ws_robot/src/astribot_s1_navigation_policy_native/include/astribot_s1_navigation_policy_native/policy_observer_node.hpp:2,
                 from /home/yjh/WorkSpace/astribot_sdk_ros2/runs/cpp_migration_20260921/stage6b_stamp/source/ws_robot/src/astribot_s1_navigation_policy_native/src/policy_observer_node.cpp:1:
/usr/include/c++/11/complex:401:5: note: candidate: ‘template<class _Tp> std::complex<_Tp> std::operator*(const std::complex<_Tp>&, const _Tp&)’
  401 |     operator*(const complex<_Tp>& __x, const _Tp& __y)
      |     ^~~~~~~~
/usr/include/c++/11/complex:401:5: note:   template argument deduction/substitution failed:
/home/yjh/WorkSpace/astribot_sdk_ros2/runs/cpp_migration_20260921/stage6b_stamp/source/ws_robot/src/astribot_s1_navigation_policy_native/src/policy_observer_node.cpp:308:481: note:   ‘const Integer’ {aka ‘const boost::multiprecision::number<boost::multiprecision::backends::cpp_int_backend<> >’} is not derived from ‘const std::complex<_Tp>’
  308 |   if(risk){auto ids=risk->obstacle_ids;ids.insert(ids.end(),risk->immediate_obstacle_ids.begin(),risk->immediate_obstacle_ids.end());for(const auto& id:ids){if(!reported.insert(id).second)continue;const auto& track=*fusion_->tracks().at(id);const auto& o=track.observation;const auto& b=std::get<MetricBox>(o.geometry);blocking.push_back(json{{"id",id},{"center_m",xyz(b.center_m)},{"size_m",xyz(b.size_m)},{"velocity_m_s",xyz(track.velocity)},{"age_s",seconds-o.capture_stamp.ns*1e-9}});}}
      |                                                                                                                                                                                                                                                                                                                                                                                                                                                                                                 ^~~~
In file included from /usr/include/boost/type_traits/is_complex.hpp:12,
                 from /usr/include/boost/multiprecision/number.hpp:21,
                 from /usr/include/boost/multiprecision/cpp_int.hpp:12,
                 from /home/yjh/WorkSpace/astribot_sdk_ros2/runs/cpp_migration_20260921/stage6b_stamp/source/ws_robot/src/astribot_s1_navigation_policy_native/include/astribot_s1_navigation_policy_native/policy_integer.hpp:3,
                 from /home/yjh/WorkSpace/astribot_sdk_ros2/runs/cpp_migration_20260921/stage6b_stamp/source/ws_robot/src/astribot_s1_navigation_policy_native/include/astribot_s1_navigation_policy_native/policy_contracts.hpp:5,
                 from /home/yjh/WorkSpace/astribot_sdk_ros2/runs/cpp_migration_20260921/stage6b_stamp/source/ws_robot/src/astribot_s1_navigation_policy_native/include/astribot_s1_navigation_policy_native/policy_observer_core.hpp:3,
                 from /home/yjh/WorkSpace/astribot_sdk_ros2/runs/cpp_migration_20260921/stage6b_stamp/source/ws_robot/src/astribot_s1_navigation_policy_native/include/astribot_s1_navigation_policy_native/policy_observer_node.hpp:2,
                 from /home/yjh/WorkSpace/astribot_sdk_ros2/runs/cpp_migration_20260921/stage6b_stamp/source/ws_robot/src/astribot_s1_navigation_policy_native/src/policy_observer_node.cpp:1:
/usr/include/c++/11/complex:410:5: note: candidate: ‘template<class _Tp> std::complex<_Tp> std::operator*(const _Tp&, const std::complex<_Tp>&)’
  410 |     operator*(const _Tp& __x, const complex<_Tp>& __y)
      |     ^~~~~~~~
/usr/include/c++/11/complex:410:5: note:   template argument deduction/substitution failed:
/home/yjh/WorkSpace/astribot_sdk_ros2/runs/cpp_migration_20260921/stage6b_stamp/source/ws_robot/src/astribot_s1_navigation_policy_native/src/policy_observer_node.cpp:308:481: note:   mismatched types ‘const std::complex<_Tp>’ and ‘double’
  308 |   if(risk){auto ids=risk->obstacle_ids;ids.insert(ids.end(),risk->immediate_obstacle_ids.begin(),risk->immediate_obstacle_ids.end());for(const auto& id:ids){if(!reported.insert(id).second)continue;const auto& track=*fusion_->tracks().at(id);const auto& o=track.observation;const auto& b=std::get<MetricBox>(o.geometry);blocking.push_back(json{{"id",id},{"center_m",xyz(b.center_m)},{"size_m",xyz(b.size_m)},{"velocity_m_s",xyz(track.velocity)},{"age_s",seconds-o.capture_stamp.ns*1e-9}});}}
      |                                                                                                                                                                                                                                                                                                                                                                                                                                                                                                 ^~~~
In file included from /usr/include/c++/11/valarray:603,
                 from /usr/include/nlohmann/detail/conversions/from_json.hpp:13,
                 from /usr/include/nlohmann/adl_serializer.hpp:6,
                 from /usr/include/nlohmann/json.hpp:60,
                 from /home/yjh/WorkSpace/astribot_sdk_ros2/runs/cpp_migration_20260921/stage6b_integer_recovery/geometry_install/include/astribot_s1_robot_geometry/geometry_kernels.hpp:13,
                 from /home/yjh/WorkSpace/astribot_sdk_ros2/runs/cpp_migration_20260921/stage6b_stamp/source/ws_robot/src/astribot_s1_navigation_policy_native/include/astribot_s1_navigation_policy_native/policy_envelope.hpp:4,
                 from /home/yjh/WorkSpace/astribot_sdk_ros2/runs/cpp_migration_20260921/stage6b_stamp/source/ws_robot/src/astribot_s1_navigation_policy_native/include/astribot_s1_navigation_policy_native/policy_observer_node.hpp:3,
                 from /home/yjh/WorkSpace/astribot_sdk_ros2/runs/cpp_migration_20260921/stage6b_stamp/source/ws_robot/src/astribot_s1_navigation_policy_native/src/policy_observer_node.cpp:1:
/usr/include/c++/11/bits/valarray_after.h:407:5: note: candidate: ‘template<class _Dom1, class _Dom2> std::_Expr<std::__detail::_BinClos<std::__multiplies, std::_Expr, std::_Expr, _Dom1, _Dom2>, typename std::__fun<std::__multiplies, typename _Dom1::value_type>::result_type> std::operator*(const std::_Expr<_Dom1, typename _Dom1::value_type>&, const std::_Expr<_Dom2, typename _Dom2::value_type>&)’
  407 |     _DEFINE_EXPR_BINARY_OPERATOR(*, struct std::__multiplies)
      |     ^~~~~~~~~~~~~~~~~~~~~~~~~~~~
/usr/include/c++/11/bits/valarray_after.h:407:5: note:   template argument deduction/substitution failed:
/home/yjh/WorkSpace/astribot_sdk_ros2/runs/cpp_migration_20260921/stage6b_stamp/source/ws_robot/src/astribot_s1_navigation_policy_native/src/policy_observer_node.cpp:308:481: note:   ‘const Integer’ {aka ‘const boost::multiprecision::number<boost::multiprecision::backends::cpp_int_backend<> >’} is not derived from ‘const std::_Expr<_Dom1, typename _Dom1::value_type>’
  308 |   if(risk){auto ids=risk->obstacle_ids;ids.insert(ids.end(),risk->immediate_obstacle_ids.begin(),risk->immediate_obstacle_ids.end());for(const auto& id:ids){if(!reported.insert(id).second)continue;const auto& track=*fusion_->tracks().at(id);const auto& o=track.observation;const auto& b=std::get<MetricBox>(o.geometry);blocking.push_back(json{{"id",id},{"center_m",xyz(b.center_m)},{"size_m",xyz(b.size_m)},{"velocity_m_s",xyz(track.velocity)},{"age_s",seconds-o.capture_stamp.ns*1e-9}});}}
      |                                                                                                                                                                                                                                                                                                                                                                                                                                                                                                 ^~~~
In file included from /usr/include/c++/11/valarray:603,
                 from /usr/include/nlohmann/detail/conversions/from_json.hpp:13,
                 from /usr/include/nlohmann/adl_serializer.hpp:6,
                 from /usr/include/nlohmann/json.hpp:60,
                 from /home/yjh/WorkSpace/astribot_sdk_ros2/runs/cpp_migration_20260921/stage6b_integer_recovery/geometry_install/include/astribot_s1_robot_geometry/geometry_kernels.hpp:13,
                 from /home/yjh/WorkSpace/astribot_sdk_ros2/runs/cpp_migration_20260921/stage6b_stamp/source/ws_robot/src/astribot_s1_navigation_policy_native/include/astribot_s1_navigation_policy_native/policy_envelope.hpp:4,
                 from /home/yjh/WorkSpace/astribot_sdk_ros2/runs/cpp_migration_20260921/stage6b_stamp/source/ws_robot/src/astribot_s1_navigation_policy_native/include/astribot_s1_navigation_policy_native/policy_observer_node.hpp:3,
                 from /home/yjh/WorkSpace/astribot_sdk_ros2/runs/cpp_migration_20260921/stage6b_stamp/source/ws_robot/src/astribot_s1_navigation_policy_native/src/policy_observer_node.cpp:1:
/usr/include/c++/11/bits/valarray_after.h:407:5: note: candidate: ‘template<class _Dom> std::_Expr<std::__detail::_BinClos<std::__multiplies, std::_Expr, std::_Constant, _Dom, typename _Dom::value_type>, typename std::__fun<std::__multiplies, typename _Dom1::value_type>::result_type> std::operator*(const std::_Expr<_Dom1, typename _Dom1::value_type>&, const typename _Dom::value_type&)’
  407 |     _DEFINE_EXPR_BINARY_OPERATOR(*, struct std::__multiplies)
      |     ^~~~~~~~~~~~~~~~~~~~~~~~~~~~
/usr/include/c++/11/bits/valarray_after.h:407:5: note:   template argument deduction/substitution failed:
/home/yjh/WorkSpace/astribot_sdk_ros2/runs/cpp_migration_20260921/stage6b_stamp/source/ws_robot/src/astribot_s1_navigation_policy_native/src/policy_observer_node.cpp:308:481: note:   ‘const Integer’ {aka ‘const boost::multiprecision::number<boost::multiprecision::backends::cpp_int_backend<> >’} is not derived from ‘const std::_Expr<_Dom1, typename _Dom1::value_type>’
  308 |   if(risk){auto ids=risk->obstacle_ids;ids.insert(ids.end(),risk->immediate_obstacle_ids.begin(),risk->immediate_obstacle_ids.end());for(const auto& id:ids){if(!reported.insert(id).second)continue;const auto& track=*fusion_->tracks().at(id);const auto& o=track.observation;const auto& b=std::get<MetricBox>(o.geometry);blocking.push_back(json{{"id",id},{"center_m",xyz(b.center_m)},{"size_m",xyz(b.size_m)},{"velocity_m_s",xyz(track.velocity)},{"age_s",seconds-o.capture_stamp.ns*1e-9}});}}
      |                                                                                                                                                                                                                                                                                                                                                                                                                                                                                                 ^~~~
In file included from /usr/include/c++/11/valarray:603,
                 from /usr/include/nlohmann/detail/conversions/from_json.hpp:13,
                 from /usr/include/nlohmann/adl_serializer.hpp:6,
                 from /usr/include/nlohmann/json.hpp:60,
                 from /home/yjh/WorkSpace/astribot_sdk_ros2/runs/cpp_migration_20260921/stage6b_integer_recovery/geometry_install/include/astribot_s1_robot_geometry/geometry_kernels.hpp:13,
                 from /home/yjh/WorkSpace/astribot_sdk_ros2/runs/cpp_migration_20260921/stage6b_stamp/source/ws_robot/src/astribot_s1_navigation_policy_native/include/astribot_s1_navigation_policy_native/policy_envelope.hpp:4,
                 from /home/yjh/WorkSpace/astribot_sdk_ros2/runs/cpp_migration_20260921/stage6b_stamp/source/ws_robot/src/astribot_s1_navigation_policy_native/include/astribot_s1_navigation_policy_native/policy_observer_node.hpp:3,
                 from /home/yjh/WorkSpace/astribot_sdk_ros2/runs/cpp_migration_20260921/stage6b_stamp/source/ws_robot/src/astribot_s1_navigation_policy_native/src/policy_observer_node.cpp:1:
/usr/include/c++/11/bits/valarray_after.h:407:5: note: candidate: ‘template<class _Dom> std::_Expr<std::__detail::_BinClos<std::__multiplies, std::_Constant, std::_Expr, typename _Dom::value_type, _Dom>, typename std::__fun<std::__multiplies, typename _Dom1::value_type>::result_type> std::operator*(const typename _Dom::value_type&, const std::_Expr<_Dom1, typename _Dom1::value_type>&)’
  407 |     _DEFINE_EXPR_BINARY_OPERATOR(*, struct std::__multiplies)
      |     ^~~~~~~~~~~~~~~~~~~~~~~~~~~~
/usr/include/c++/11/bits/valarray_after.h:407:5: note:   template argument deduction/substitution failed:
/home/yjh/WorkSpace/astribot_sdk_ros2/runs/cpp_migration_20260921/stage6b_stamp/source/ws_robot/src/astribot_s1_navigation_policy_native/src/policy_observer_node.cpp:308:481: note:   mismatched types ‘const std::_Expr<_Dom1, typename _Dom1::value_type>’ and ‘double’
  308 |   if(risk){auto ids=risk->obstacle_ids;ids.insert(ids.end(),risk->immediate_obstacle_ids.begin(),risk->immediate_obstacle_ids.end());for(const auto& id:ids){if(!reported.insert(id).second)continue;const auto& track=*fusion_->tracks().at(id);const auto& o=track.observation;const auto& b=std::get<MetricBox>(o.geometry);blocking.push_back(json{{"id",id},{"center_m",xyz(b.center_m)},{"size_m",xyz(b.size_m)},{"velocity_m_s",xyz(track.velocity)},{"age_s",seconds-o.capture_stamp.ns*1e-9}});}}
      |                                                                                                                                                                                                                                                                                                                                                                                                                                                                                                 ^~~~
In file included from /usr/include/c++/11/valarray:603,
                 from /usr/include/nlohmann/detail/conversions/from_json.hpp:13,
                 from /usr/include/nlohmann/adl_serializer.hpp:6,
                 from /usr/include/nlohmann/json.hpp:60,
                 from /home/yjh/WorkSpace/astribot_sdk_ros2/runs/cpp_migration_20260921/stage6b_integer_recovery/geometry_install/include/astribot_s1_robot_geometry/geometry_kernels.hpp:13,
                 from /home/yjh/WorkSpace/astribot_sdk_ros2/runs/cpp_migration_20260921/stage6b_stamp/source/ws_robot/src/astribot_s1_navigation_policy_native/include/astribot_s1_navigation_policy_native/policy_envelope.hpp:4,
                 from /home/yjh/WorkSpace/astribot_sdk_ros2/runs/cpp_migration_20260921/stage6b_stamp/source/ws_robot/src/astribot_s1_navigation_policy_native/include/astribot_s1_navigation_policy_native/policy_observer_node.hpp:3,
                 from /home/yjh/WorkSpace/astribot_sdk_ros2/runs/cpp_migration_20260921/stage6b_stamp/source/ws_robot/src/astribot_s1_navigation_policy_native/src/policy_observer_node.cpp:1:
/usr/include/c++/11/bits/valarray_after.h:407:5: note: candidate: ‘template<class _Dom> std::_Expr<std::__detail::_BinClos<std::__multiplies, std::_Expr, std::_ValArray, _Dom, typename _Dom::value_type>, typename std::__fun<std::__multiplies, typename _Dom1::value_type>::result_type> std::operator*(const std::_Expr<_Dom1, typename _Dom1::value_type>&, const std::valarray<typename _Dom::value_type>&)’
  407 |     _DEFINE_EXPR_BINARY_OPERATOR(*, struct std::__multiplies)
      |     ^~~~~~~~~~~~~~~~~~~~~~~~~~~~
/usr/include/c++/11/bits/valarray_after.h:407:5: note:   template argument deduction/substitution failed:
/home/yjh/WorkSpace/astribot_sdk_ros2/runs/cpp_migration_20260921/stage6b_stamp/source/ws_robot/src/astribot_s1_navigation_policy_native/src/policy_observer_node.cpp:308:481: note:   ‘const Integer’ {aka ‘const boost::multiprecision::number<boost::multiprecision::backends::cpp_int_backend<> >’} is not derived from ‘const std::_Expr<_Dom1, typename _Dom1::value_type>’
  308 |   if(risk){auto ids=risk->obstacle_ids;ids.insert(ids.end(),risk->immediate_obstacle_ids.begin(),risk->immediate_obstacle_ids.end());for(const auto& id:ids){if(!reported.insert(id).second)continue;const auto& track=*fusion_->tracks().at(id);const auto& o=track.observation;const auto& b=std::get<MetricBox>(o.geometry);blocking.push_back(json{{"id",id},{"center_m",xyz(b.center_m)},{"size_m",xyz(b.size_m)},{"velocity_m_s",xyz(track.velocity)},{"age_s",seconds-o.capture_stamp.ns*1e-9}});}}
      |                                                                                                                                                                                                                                                                                                                                                                                                                                                                                                 ^~~~
In file included from /usr/include/c++/11/valarray:603,
                 from /usr/include/nlohmann/detail/conversions/from_json.hpp:13,
                 from /usr/include/nlohmann/adl_serializer.hpp:6,
                 from /usr/include/nlohmann/json.hpp:60,
                 from /home/yjh/WorkSpace/astribot_sdk_ros2/runs/cpp_migration_20260921/stage6b_integer_recovery/geometry_install/include/astribot_s1_robot_geometry/geometry_kernels.hpp:13,
                 from /home/yjh/WorkSpace/astribot_sdk_ros2/runs/cpp_migration_20260921/stage6b_stamp/source/ws_robot/src/astribot_s1_navigation_policy_native/include/astribot_s1_navigation_policy_native/policy_envelope.hpp:4,
                 from /home/yjh/WorkSpace/astribot_sdk_ros2/runs/cpp_migration_20260921/stage6b_stamp/source/ws_robot/src/astribot_s1_navigation_policy_native/include/astribot_s1_navigation_policy_native/policy_observer_node.hpp:3,
                 from /home/yjh/WorkSpace/astribot_sdk_ros2/runs/cpp_migration_20260921/stage6b_stamp/source/ws_robot/src/astribot_s1_navigation_policy_native/src/policy_observer_node.cpp:1:
/usr/include/c++/11/bits/valarray_after.h:407:5: note: candidate: ‘template<class _Dom> std::_Expr<std::__detail::_BinClos<std::__multiplies, std::_ValArray, std::_Expr, typename _Dom::value_type, _Dom>, typename std::__fun<std::__multiplies, typename _Dom1::value_type>::result_type> std::operator*(const std::valarray<typename _Dom::value_type>&, const std::_Expr<_Dom1, typename _Dom1::value_type>&)’
  407 |     _DEFINE_EXPR_BINARY_OPERATOR(*, struct std::__multiplies)
      |     ^~~~~~~~~~~~~~~~~~~~~~~~~~~~
/usr/include/c++/11/bits/valarray_after.h:407:5: note:   template argument deduction/substitution failed:
/home/yjh/WorkSpace/astribot_sdk_ros2/runs/cpp_migration_20260921/stage6b_stamp/source/ws_robot/src/astribot_s1_navigation_policy_native/src/policy_observer_node.cpp:308:481: note:   mismatched types ‘const std::_Expr<_Dom1, typename _Dom1::value_type>’ and ‘double’
  308 |   if(risk){auto ids=risk->obstacle_ids;ids.insert(ids.end(),risk->immediate_obstacle_ids.begin(),risk->immediate_obstacle_ids.end());for(const auto& id:ids){if(!reported.insert(id).second)continue;const auto& track=*fusion_->tracks().at(id);const auto& o=track.observation;const auto& b=std::get<MetricBox>(o.geometry);blocking.push_back(json{{"id",id},{"center_m",xyz(b.center_m)},{"size_m",xyz(b.size_m)},{"velocity_m_s",xyz(track.velocity)},{"age_s",seconds-o.capture_stamp.ns*1e-9}});}}
      |                                                                                                                                                                                                                                                                                                                                                                                                                                                                                                 ^~~~
In file included from /usr/include/nlohmann/detail/conversions/from_json.hpp:13,
                 from /usr/include/nlohmann/adl_serializer.hpp:6,
                 from /usr/include/nlohmann/json.hpp:60,
                 from /home/yjh/WorkSpace/astribot_sdk_ros2/runs/cpp_migration_20260921/stage6b_integer_recovery/geometry_install/include/astribot_s1_robot_geometry/geometry_kernels.hpp:13,
                 from /home/yjh/WorkSpace/astribot_sdk_ros2/runs/cpp_migration_20260921/stage6b_stamp/source/ws_robot/src/astribot_s1_navigation_policy_native/include/astribot_s1_navigation_policy_native/policy_envelope.hpp:4,
                 from /home/yjh/WorkSpace/astribot_sdk_ros2/runs/cpp_migration_20260921/stage6b_stamp/source/ws_robot/src/astribot_s1_navigation_policy_native/include/astribot_s1_navigation_policy_native/policy_observer_node.hpp:3,
                 from /home/yjh/WorkSpace/astribot_sdk_ros2/runs/cpp_migration_20260921/stage6b_stamp/source/ws_robot/src/astribot_s1_navigation_policy_native/src/policy_observer_node.cpp:1:
/usr/include/c++/11/valarray:1188:1: note: candidate: ‘template<class _Tp> std::_Expr<std::__detail::_BinClos<std::__multiplies, std::_ValArray, std::_ValArray, _Tp, _Tp>, typename std::__fun<std::__multiplies, _Tp>::result_type> std::operator*(const std::valarray<_Tp>&, const std::valarray<_Tp>&)’
 1188 | _DEFINE_BINARY_OPERATOR(*, __multiplies)
      | ^~~~~~~~~~~~~~~~~~~~~~~
/usr/include/c++/11/valarray:1188:1: note:   template argument deduction/substitution failed:
/home/yjh/WorkSpace/astribot_sdk_ros2/runs/cpp_migration_20260921/stage6b_stamp/source/ws_robot/src/astribot_s1_navigation_policy_native/src/policy_observer_node.cpp:308:481: note:   ‘const Integer’ {aka ‘const boost::multiprecision::number<boost::multiprecision::backends::cpp_int_backend<> >’} is not derived from ‘const std::valarray<_Tp>’
  308 |   if(risk){auto ids=risk->obstacle_ids;ids.insert(ids.end(),risk->immediate_obstacle_ids.begin(),risk->immediate_obstacle_ids.end());for(const auto& id:ids){if(!reported.insert(id).second)continue;const auto& track=*fusion_->tracks().at(id);const auto& o=track.observation;const auto& b=std::get<MetricBox>(o.geometry);blocking.push_back(json{{"id",id},{"center_m",xyz(b.center_m)},{"size_m",xyz(b.size_m)},{"velocity_m_s",xyz(track.velocity)},{"age_s",seconds-o.capture_stamp.ns*1e-9}});}}
      |                                                                                                                                                                                                                                                                                                                                                                                                                                                                                                 ^~~~
In file included from /usr/include/nlohmann/detail/conversions/from_json.hpp:13,
                 from /usr/include/nlohmann/adl_serializer.hpp:6,
                 from /usr/include/nlohmann/json.hpp:60,
                 from /home/yjh/WorkSpace/astribot_sdk_ros2/runs/cpp_migration_20260921/stage6b_integer_recovery/geometry_install/include/astribot_s1_robot_geometry/geometry_kernels.hpp:13,
                 from /home/yjh/WorkSpace/astribot_sdk_ros2/runs/cpp_migration_20260921/stage6b_stamp/source/ws_robot/src/astribot_s1_navigation_policy_native/include/astribot_s1_navigation_policy_native/policy_envelope.hpp:4,
                 from /home/yjh/WorkSpace/astribot_sdk_ros2/runs/cpp_migration_20260921/stage6b_stamp/source/ws_robot/src/astribot_s1_navigation_policy_native/include/astribot_s1_navigation_policy_native/policy_observer_node.hpp:3,
                 from /home/yjh/WorkSpace/astribot_sdk_ros2/runs/cpp_migration_20260921/stage6b_stamp/source/ws_robot/src/astribot_s1_navigation_policy_native/src/policy_observer_node.cpp:1:
/usr/include/c++/11/valarray:1188:1: note: candidate: ‘template<class _Tp> std::_Expr<std::__detail::_BinClos<std::__multiplies, std::_ValArray, std::_Constant, _Tp, _Tp>, typename std::__fun<std::__multiplies, _Tp>::result_type> std::operator*(const std::valarray<_Tp>&, const typename std::valarray<_Tp>::value_type&)’
 1188 | _DEFINE_BINARY_OPERATOR(*, __multiplies)
      | ^~~~~~~~~~~~~~~~~~~~~~~
/usr/include/c++/11/valarray:1188:1: note:   template argument deduction/substitution failed:
/home/yjh/WorkSpace/astribot_sdk_ros2/runs/cpp_migration_20260921/stage6b_stamp/source/ws_robot/src/astribot_s1_navigation_policy_native/src/policy_observer_node.cpp:308:481: note:   ‘const Integer’ {aka ‘const boost::multiprecision::number<boost::multiprecision::backends::cpp_int_backend<> >’} is not derived from ‘const std::valarray<_Tp>’
  308 |   if(risk){auto ids=risk->obstacle_ids;ids.insert(ids.end(),risk->immediate_obstacle_ids.begin(),risk->immediate_obstacle_ids.end());for(const auto& id:ids){if(!reported.insert(id).second)continue;const auto& track=*fusion_->tracks().at(id);const auto& o=track.observation;const auto& b=std::get<MetricBox>(o.geometry);blocking.push_back(json{{"id",id},{"center_m",xyz(b.center_m)},{"size_m",xyz(b.size_m)},{"velocity_m_s",xyz(track.velocity)},{"age_s",seconds-o.capture_stamp.ns*1e-9}});}}
      |                                                                                                                                                                                                                                                                                                                                                                                                                                                                                                 ^~~~
In file included from /usr/include/nlohmann/detail/conversions/from_json.hpp:13,
                 from /usr/include/nlohmann/adl_serializer.hpp:6,
                 from /usr/include/nlohmann/json.hpp:60,
                 from /home/yjh/WorkSpace/astribot_sdk_ros2/runs/cpp_migration_20260921/stage6b_integer_recovery/geometry_install/include/astribot_s1_robot_geometry/geometry_kernels.hpp:13,
                 from /home/yjh/WorkSpace/astribot_sdk_ros2/runs/cpp_migration_20260921/stage6b_stamp/source/ws_robot/src/astribot_s1_navigation_policy_native/include/astribot_s1_navigation_policy_native/policy_envelope.hpp:4,
                 from /home/yjh/WorkSpace/astribot_sdk_ros2/runs/cpp_migration_20260921/stage6b_stamp/source/ws_robot/src/astribot_s1_navigation_policy_native/include/astribot_s1_navigation_policy_native/policy_observer_node.hpp:3,
                 from /home/yjh/WorkSpace/astribot_sdk_ros2/runs/cpp_migration_20260921/stage6b_stamp/source/ws_robot/src/astribot_s1_navigation_policy_native/src/policy_observer_node.cpp:1:
/usr/include/c++/11/valarray:1188:1: note: candidate: ‘template<class _Tp> std::_Expr<std::__detail::_BinClos<std::__multiplies, std::_Constant, std::_ValArray, _Tp, _Tp>, typename std::__fun<std::__multiplies, _Tp>::result_type> std::operator*(const typename std::valarray<_Tp>::value_type&, const std::valarray<_Tp>&)’
 1188 | _DEFINE_BINARY_OPERATOR(*, __multiplies)
      | ^~~~~~~~~~~~~~~~~~~~~~~
/usr/include/c++/11/valarray:1188:1: note:   template argument deduction/substitution failed:
/home/yjh/WorkSpace/astribot_sdk_ros2/runs/cpp_migration_20260921/stage6b_stamp/source/ws_robot/src/astribot_s1_navigation_policy_native/src/policy_observer_node.cpp:308:481: note:   mismatched types ‘const std::valarray<_Tp>’ and ‘double’
  308 |   if(risk){auto ids=risk->obstacle_ids;ids.insert(ids.end(),risk->immediate_obstacle_ids.begin(),risk->immediate_obstacle_ids.end());for(const auto& id:ids){if(!reported.insert(id).second)continue;const auto& track=*fusion_->tracks().at(id);const auto& o=track.observation;const auto& b=std::get<MetricBox>(o.geometry);blocking.push_back(json{{"id",id},{"center_m",xyz(b.center_m)},{"size_m",xyz(b.size_m)},{"velocity_m_s",xyz(track.velocity)},{"age_s",seconds-o.capture_stamp.ns*1e-9}});}}
      |                                                                                                                                                                                                                                                                                                                                                                                                                                                                                                 ^~~~
In file included from /usr/include/boost/multiprecision/detail/default_ops.hpp:3699,
                 from /usr/include/boost/multiprecision/detail/generic_interconvert.hpp:9,
                 from /usr/include/boost/multiprecision/number.hpp:26,
                 from /usr/include/boost/multiprecision/cpp_int.hpp:12,
                 from /home/yjh/WorkSpace/astribot_sdk_ros2/runs/cpp_migration_20260921/stage6b_stamp/source/ws_robot/src/astribot_s1_navigation_policy_native/include/astribot_s1_navigation_policy_native/policy_integer.hpp:3,
                 from /home/yjh/WorkSpace/astribot_sdk_ros2/runs/cpp_migration_20260921/stage6b_stamp/source/ws_robot/src/astribot_s1_navigation_policy_native/include/astribot_s1_navigation_policy_native/policy_contracts.hpp:5,
                 from /home/yjh/WorkSpace/astribot_sdk_ros2/runs/cpp_migration_20260921/stage6b_stamp/source/ws_robot/src/astribot_s1_navigation_policy_native/include/astribot_s1_navigation_policy_native/policy_observer_core.hpp:3,
                 from /home/yjh/WorkSpace/astribot_sdk_ros2/runs/cpp_migration_20260921/stage6b_stamp/source/ws_robot/src/astribot_s1_navigation_policy_native/include/astribot_s1_navigation_policy_native/policy_observer_node.hpp:2,
                 from /home/yjh/WorkSpace/astribot_sdk_ros2/runs/cpp_migration_20260921/stage6b_stamp/source/ws_robot/src/astribot_s1_navigation_policy_native/src/policy_observer_node.cpp:1:
/usr/include/boost/multiprecision/detail/no_et_ops.hpp:107:71: note: candidate: ‘template<class B> constexpr boost::multiprecision::number<Backend, boost::multiprecision::et_off> boost::multiprecision::operator*(const boost::multiprecision::number<Backend, boost::multiprecision::et_off>&, const boost::multiprecision::number<Backend, boost::multiprecision::et_off>&)’
  107 |       BOOST_MP_FORCEINLINE BOOST_MP_CXX14_CONSTEXPR number<B, et_off> operator*(const number<B, et_off>& a, const number<B, et_off>& b)
      |                                                                       ^~~~~~~~
/usr/include/boost/multiprecision/detail/no_et_ops.hpp:107:71: note:   template argument deduction/substitution failed:
/home/yjh/WorkSpace/astribot_sdk_ros2/runs/cpp_migration_20260921/stage6b_stamp/source/ws_robot/src/astribot_s1_navigation_policy_native/src/policy_observer_node.cpp:308:481: note:   template argument ‘boost::multiprecision::et_on’ does not match ‘boost::multiprecision::et_off’
  308 |   if(risk){auto ids=risk->obstacle_ids;ids.insert(ids.end(),risk->immediate_obstacle_ids.begin(),risk->immediate_obstacle_ids.end());for(const auto& id:ids){if(!reported.insert(id).second)continue;const auto& track=*fusion_->tracks().at(id);const auto& o=track.observation;const auto& b=std::get<MetricBox>(o.geometry);blocking.push_back(json{{"id",id},{"center_m",xyz(b.center_m)},{"size_m",xyz(b.size_m)},{"velocity_m_s",xyz(track.velocity)},{"age_s",seconds-o.capture_stamp.ns*1e-9}});}}
      |                                                                                                                                                                                                                                                                                                                                                                                                                                                                                                 ^~~~
In file included from /usr/include/boost/multiprecision/detail/default_ops.hpp:3699,
                 from /usr/include/boost/multiprecision/detail/generic_interconvert.hpp:9,
                 from /usr/include/boost/multiprecision/number.hpp:26,
                 from /usr/include/boost/multiprecision/cpp_int.hpp:12,
                 from /home/yjh/WorkSpace/astribot_sdk_ros2/runs/cpp_migration_20260921/stage6b_stamp/source/ws_robot/src/astribot_s1_navigation_policy_native/include/astribot_s1_navigation_policy_native/policy_integer.hpp:3,
                 from /home/yjh/WorkSpace/astribot_sdk_ros2/runs/cpp_migration_20260921/stage6b_stamp/source/ws_robot/src/astribot_s1_navigation_policy_native/include/astribot_s1_navigation_policy_native/policy_contracts.hpp:5,
                 from /home/yjh/WorkSpace/astribot_sdk_ros2/runs/cpp_migration_20260921/stage6b_stamp/source/ws_robot/src/astribot_s1_navigation_policy_native/include/astribot_s1_navigation_policy_native/policy_observer_core.hpp:3,
                 from /home/yjh/WorkSpace/astribot_sdk_ros2/runs/cpp_migration_20260921/stage6b_stamp/source/ws_robot/src/astribot_s1_navigation_policy_native/include/astribot_s1_navigation_policy_native/policy_observer_node.hpp:2,
                 from /home/yjh/WorkSpace/astribot_sdk_ros2/runs/cpp_migration_20260921/stage6b_stamp/source/ws_robot/src/astribot_s1_navigation_policy_native/src/policy_observer_node.cpp:1:
/usr/include/boost/multiprecision/detail/no_et_ops.hpp:117:10: note: candidate: ‘template<class B, class V> constexpr typename boost::enable_if<boost::multiprecision::is_compatible_arithmetic_type<Arithmetic, boost::multiprecision::number<Backend, boost::multiprecision::et_off> >, boost::multiprecision::number<Backend, boost::multiprecision::et_off> >::type boost::multiprecision::operator*(const boost::multiprecision::number<Backend, boost::multiprecision::et_off>&, const V&)’
  117 |          operator*(const number<B, et_off>& a, const V& b)
      |          ^~~~~~~~
/usr/include/boost/multiprecision/detail/no_et_ops.hpp:117:10: note:   template argument deduction/substitution failed:
/home/yjh/WorkSpace/astribot_sdk_ros2/runs/cpp_migration_20260921/stage6b_stamp/source/ws_robot/src/astribot_s1_navigation_policy_native/src/policy_observer_node.cpp:308:481: note:   template argument ‘boost::multiprecision::et_on’ does not match ‘boost::multiprecision::et_off’
  308 |   if(risk){auto ids=risk->obstacle_ids;ids.insert(ids.end(),risk->immediate_obstacle_ids.begin(),risk->immediate_obstacle_ids.end());for(const auto& id:ids){if(!reported.insert(id).second)continue;const auto& track=*fusion_->tracks().at(id);const auto& o=track.observation;const auto& b=std::get<MetricBox>(o.geometry);blocking.push_back(json{{"id",id},{"center_m",xyz(b.center_m)},{"size_m",xyz(b.size_m)},{"velocity_m_s",xyz(track.velocity)},{"age_s",seconds-o.capture_stamp.ns*1e-9}});}}
      |                                                                                                                                                                                                                                                                                                                                                                                                                                                                                                 ^~~~
In file included from /usr/include/boost/multiprecision/detail/default_ops.hpp:3699,
                 from /usr/include/boost/multiprecision/detail/generic_interconvert.hpp:9,
                 from /usr/include/boost/multiprecision/number.hpp:26,
                 from /usr/include/boost/multiprecision/cpp_int.hpp:12,
                 from /home/yjh/WorkSpace/astribot_sdk_ros2/runs/cpp_migration_20260921/stage6b_stamp/source/ws_robot/src/astribot_s1_navigation_policy_native/include/astribot_s1_navigation_policy_native/policy_integer.hpp:3,
                 from /home/yjh/WorkSpace/astribot_sdk_ros2/runs/cpp_migration_20260921/stage6b_stamp/source/ws_robot/src/astribot_s1_navigation_policy_native/include/astribot_s1_navigation_policy_native/policy_contracts.hpp:5,
                 from /home/yjh/WorkSpace/astribot_sdk_ros2/runs/cpp_migration_20260921/stage6b_stamp/source/ws_robot/src/astribot_s1_navigation_policy_native/include/astribot_s1_navigation_policy_native/policy_observer_core.hpp:3,
                 from /home/yjh/WorkSpace/astribot_sdk_ros2/runs/cpp_migration_20260921/stage6b_stamp/source/ws_robot/src/astribot_s1_navigation_policy_native/include/astribot_s1_navigation_policy_native/policy_observer_node.hpp:2,
                 from /home/yjh/WorkSpace/astribot_sdk_ros2/runs/cpp_migration_20260921/stage6b_stamp/source/ws_robot/src/astribot_s1_navigation_policy_native/src/policy_observer_node.cpp:1:
/usr/include/boost/multiprecision/detail/no_et_ops.hpp:127:10: note: candidate: ‘template<class V, class B> constexpr typename boost::enable_if<boost::multiprecision::is_compatible_arithmetic_type<V, boost::multiprecision::number<Backend, boost::multiprecision::et_off> >, boost::multiprecision::number<Backend, boost::multiprecision::et_off> >::type boost::multiprecision::operator*(const V&, const boost::multiprecision::number<Backend, boost::multiprecision::et_off>&)’
  127 |          operator*(const V& a, const number<B, et_off>& b)
      |          ^~~~~~~~
/usr/include/boost/multiprecision/detail/no_et_ops.hpp:127:10: note:   template argument deduction/substitution failed:
/home/yjh/WorkSpace/astribot_sdk_ros2/runs/cpp_migration_20260921/stage6b_stamp/source/ws_robot/src/astribot_s1_navigation_policy_native/src/policy_observer_node.cpp:308:481: note:   mismatched types ‘const boost::multiprecision::number<Backend, boost::multiprecision::et_off>’ and ‘double’
  308 |   if(risk){auto ids=risk->obstacle_ids;ids.insert(ids.end(),risk->immediate_obstacle_ids.begin(),risk->immediate_obstacle_ids.end());for(const auto& id:ids){if(!reported.insert(id).second)continue;const auto& track=*fusion_->tracks().at(id);const auto& o=track.observation;const auto& b=std::get<MetricBox>(o.geometry);blocking.push_back(json{{"id",id},{"center_m",xyz(b.center_m)},{"size_m",xyz(b.size_m)},{"velocity_m_s",xyz(track.velocity)},{"age_s",seconds-o.capture_stamp.ns*1e-9}});}}
      |                                                                                                                                                                                                                                                                                                                                                                                                                                                                                                 ^~~~
In file included from /usr/include/boost/multiprecision/detail/default_ops.hpp:3699,
                 from /usr/include/boost/multiprecision/detail/generic_interconvert.hpp:9,
                 from /usr/include/boost/multiprecision/number.hpp:26,
                 from /usr/include/boost/multiprecision/cpp_int.hpp:12,
                 from /home/yjh/WorkSpace/astribot_sdk_ros2/runs/cpp_migration_20260921/stage6b_stamp/source/ws_robot/src/astribot_s1_navigation_policy_native/include/astribot_s1_navigation_policy_native/policy_integer.hpp:3,
                 from /home/yjh/WorkSpace/astribot_sdk_ros2/runs/cpp_migration_20260921/stage6b_stamp/source/ws_robot/src/astribot_s1_navigation_policy_native/include/astribot_s1_navigation_policy_native/policy_contracts.hpp:5,
                 from /home/yjh/WorkSpace/astribot_sdk_ros2/runs/cpp_migration_20260921/stage6b_stamp/source/ws_robot/src/astribot_s1_navigation_policy_native/include/astribot_s1_navigation_policy_native/policy_observer_core.hpp:3,
                 from /home/yjh/WorkSpace/astribot_sdk_ros2/runs/cpp_migration_20260921/stage6b_stamp/source/ws_robot/src/astribot_s1_navigation_policy_native/include/astribot_s1_navigation_policy_native/policy_observer_node.hpp:2,
                 from /home/yjh/WorkSpace/astribot_sdk_ros2/runs/cpp_migration_20260921/stage6b_stamp/source/ws_robot/src/astribot_s1_navigation_policy_native/src/policy_observer_node.cpp:1:
/usr/include/boost/multiprecision/detail/no_et_ops.hpp:431:71: note: candidate: ‘template<class B> constexpr boost::multiprecision::number<Backend, boost::multiprecision::et_off> boost::multiprecision::operator*(boost::multiprecision::number<Backend, boost::multiprecision::et_off>&&, const boost::multiprecision::number<Backend, boost::multiprecision::et_off>&)’
  431 |       BOOST_MP_FORCEINLINE BOOST_MP_CXX14_CONSTEXPR number<B, et_off> operator*(number<B, et_off>&& a, const number<B, et_off>& b)
      |                                                                       ^~~~~~~~
/usr/include/boost/multiprecision/detail/no_et_ops.hpp:431:71: note:   template argument deduction/substitution failed:
/home/yjh/WorkSpace/astribot_sdk_ros2/runs/cpp_migration_20260921/stage6b_stamp/source/ws_robot/src/astribot_s1_navigation_policy_native/src/policy_observer_node.cpp:308:481: note:   types ‘boost::multiprecision::number<Backend, boost::multiprecision::et_off>’ and ‘const Integer’ {aka ‘const boost::multiprecision::number<boost::multiprecision::backends::cpp_int_backend<> >’} have incompatible cv-qualifiers
  308 |   if(risk){auto ids=risk->obstacle_ids;ids.insert(ids.end(),risk->immediate_obstacle_ids.begin(),risk->immediate_obstacle_ids.end());for(const auto& id:ids){if(!reported.insert(id).second)continue;const auto& track=*fusion_->tracks().at(id);const auto& o=track.observation;const auto& b=std::get<MetricBox>(o.geometry);blocking.push_back(json{{"id",id},{"center_m",xyz(b.center_m)},{"size_m",xyz(b.size_m)},{"velocity_m_s",xyz(track.velocity)},{"age_s",seconds-o.capture_stamp.ns*1e-9}});}}
      |                                                                                                                                                                                                                                                                                                                                                                                                                                                                                                 ^~~~
In file included from /usr/include/boost/multiprecision/detail/default_ops.hpp:3699,
                 from /usr/include/boost/multiprecision/detail/generic_interconvert.hpp:9,
                 from /usr/include/boost/multiprecision/number.hpp:26,
                 from /usr/include/boost/multiprecision/cpp_int.hpp:12,
                 from /home/yjh/WorkSpace/astribot_sdk_ros2/runs/cpp_migration_20260921/stage6b_stamp/source/ws_robot/src/astribot_s1_navigation_policy_native/include/astribot_s1_navigation_policy_native/policy_integer.hpp:3,
                 from /home/yjh/WorkSpace/astribot_sdk_ros2/runs/cpp_migration_20260921/stage6b_stamp/source/ws_robot/src/astribot_s1_navigation_policy_native/include/astribot_s1_navigation_policy_native/policy_contracts.hpp:5,
                 from /home/yjh/WorkSpace/astribot_sdk_ros2/runs/cpp_migration_20260921/stage6b_stamp/source/ws_robot/src/astribot_s1_navigation_policy_native/include/astribot_s1_navigation_policy_native/policy_observer_core.hpp:3,
                 from /home/yjh/WorkSpace/astribot_sdk_ros2/runs/cpp_migration_20260921/stage6b_stamp/source/ws_robot/src/astribot_s1_navigation_policy_native/include/astribot_s1_navigation_policy_native/policy_observer_node.hpp:2,
                 from /home/yjh/WorkSpace/astribot_sdk_ros2/runs/cpp_migration_20260921/stage6b_stamp/source/ws_robot/src/astribot_s1_navigation_policy_native/src/policy_observer_node.cpp:1:
/usr/include/boost/multiprecision/detail/no_et_ops.hpp:439:71: note: candidate: ‘template<class B> constexpr boost::multiprecision::number<Backend, boost::multiprecision::et_off> boost::multiprecision::operator*(const boost::multiprecision::number<Backend, boost::multiprecision::et_off>&, boost::multiprecision::number<Backend, boost::multiprecision::et_off>&&)’
  439 |       BOOST_MP_FORCEINLINE BOOST_MP_CXX14_CONSTEXPR number<B, et_off> operator*(const number<B, et_off>& a, number<B, et_off>&& b)
      |                                                                       ^~~~~~~~
/usr/include/boost/multiprecision/detail/no_et_ops.hpp:439:71: note:   template argument deduction/substitution failed:
/home/yjh/WorkSpace/astribot_sdk_ros2/runs/cpp_migration_20260921/stage6b_stamp/source/ws_robot/src/astribot_s1_navigation_policy_native/src/policy_observer_node.cpp:308:481: note:   template argument ‘boost::multiprecision::et_on’ does not match ‘boost::multiprecision::et_off’
  308 |   if(risk){auto ids=risk->obstacle_ids;ids.insert(ids.end(),risk->immediate_obstacle_ids.begin(),risk->immediate_obstacle_ids.end());for(const auto& id:ids){if(!reported.insert(id).second)continue;const auto& track=*fusion_->tracks().at(id);const auto& o=track.observation;const auto& b=std::get<MetricBox>(o.geometry);blocking.push_back(json{{"id",id},{"center_m",xyz(b.center_m)},{"size_m",xyz(b.size_m)},{"velocity_m_s",xyz(track.velocity)},{"age_s",seconds-o.capture_stamp.ns*1e-9}});}}
      |                                                                                                                                                                                                                                                                                                                                                                                                                                                                                                 ^~~~
In file included from /usr/include/boost/multiprecision/detail/default_ops.hpp:3699,
                 from /usr/include/boost/multiprecision/detail/generic_interconvert.hpp:9,
                 from /usr/include/boost/multiprecision/number.hpp:26,
                 from /usr/include/boost/multiprecision/cpp_int.hpp:12,
                 from /home/yjh/WorkSpace/astribot_sdk_ros2/runs/cpp_migration_20260921/stage6b_stamp/source/ws_robot/src/astribot_s1_navigation_policy_native/include/astribot_s1_navigation_policy_native/policy_integer.hpp:3,
                 from /home/yjh/WorkSpace/astribot_sdk_ros2/runs/cpp_migration_20260921/stage6b_stamp/source/ws_robot/src/astribot_s1_navigation_policy_native/include/astribot_s1_navigation_policy_native/policy_contracts.hpp:5,
                 from /home/yjh/WorkSpace/astribot_sdk_ros2/runs/cpp_migration_20260921/stage6b_stamp/source/ws_robot/src/astribot_s1_navigation_policy_native/include/astribot_s1_navigation_policy_native/policy_observer_core.hpp:3,
                 from /home/yjh/WorkSpace/astribot_sdk_ros2/runs/cpp_migration_20260921/stage6b_stamp/source/ws_robot/src/astribot_s1_navigation_policy_native/include/astribot_s1_navigation_policy_native/policy_observer_node.hpp:2,
                 from /home/yjh/WorkSpace/astribot_sdk_ros2/runs/cpp_migration_20260921/stage6b_stamp/source/ws_robot/src/astribot_s1_navigation_policy_native/src/policy_observer_node.cpp:1:
/usr/include/boost/multiprecision/detail/no_et_ops.hpp:447:71: note: candidate: ‘template<class B> constexpr boost::multiprecision::number<Backend, boost::multiprecision::et_off> boost::multiprecision::operator*(boost::multiprecision::number<Backend, boost::multiprecision::et_off>&&, boost::multiprecision::number<Backend, boost::multiprecision::et_off>&&)’
  447 |       BOOST_MP_FORCEINLINE BOOST_MP_CXX14_CONSTEXPR number<B, et_off> operator*(number<B, et_off>&& a, number<B, et_off>&& b)
      |                                                                       ^~~~~~~~
/usr/include/boost/multiprecision/detail/no_et_ops.hpp:447:71: note:   template argument deduction/substitution failed:
/home/yjh/WorkSpace/astribot_sdk_ros2/runs/cpp_migration_20260921/stage6b_stamp/source/ws_robot/src/astribot_s1_navigation_policy_native/src/policy_observer_node.cpp:308:481: note:   types ‘boost::multiprecision::number<Backend, boost::multiprecision::et_off>’ and ‘const Integer’ {aka ‘const boost::multiprecision::number<boost::multiprecision::backends::cpp_int_backend<> >’} have incompatible cv-qualifiers
  308 |   if(risk){auto ids=risk->obstacle_ids;ids.insert(ids.end(),risk->immediate_obstacle_ids.begin(),risk->immediate_obstacle_ids.end());for(const auto& id:ids){if(!reported.insert(id).second)continue;const auto& track=*fusion_->tracks().at(id);const auto& o=track.observation;const auto& b=std::get<MetricBox>(o.geometry);blocking.push_back(json{{"id",id},{"center_m",xyz(b.center_m)},{"size_m",xyz(b.size_m)},{"velocity_m_s",xyz(track.velocity)},{"age_s",seconds-o.capture_stamp.ns*1e-9}});}}
      |                                                                                                                                                                                                                                                                                                                                                                                                                                                                                                 ^~~~
In file included from /usr/include/boost/multiprecision/detail/default_ops.hpp:3699,
                 from /usr/include/boost/multiprecision/detail/generic_interconvert.hpp:9,
                 from /usr/include/boost/multiprecision/number.hpp:26,
                 from /usr/include/boost/multiprecision/cpp_int.hpp:12,
                 from /home/yjh/WorkSpace/astribot_sdk_ros2/runs/cpp_migration_20260921/stage6b_stamp/source/ws_robot/src/astribot_s1_navigation_policy_native/include/astribot_s1_navigation_policy_native/policy_integer.hpp:3,
                 from /home/yjh/WorkSpace/astribot_sdk_ros2/runs/cpp_migration_20260921/stage6b_stamp/source/ws_robot/src/astribot_s1_navigation_policy_native/include/astribot_s1_navigation_policy_native/policy_contracts.hpp:5,
                 from /home/yjh/WorkSpace/astribot_sdk_ros2/runs/cpp_migration_20260921/stage6b_stamp/source/ws_robot/src/astribot_s1_navigation_policy_native/include/astribot_s1_navigation_policy_native/policy_observer_core.hpp:3,
                 from /home/yjh/WorkSpace/astribot_sdk_ros2/runs/cpp_migration_20260921/stage6b_stamp/source/ws_robot/src/astribot_s1_navigation_policy_native/include/astribot_s1_navigation_policy_native/policy_observer_node.hpp:2,
                 from /home/yjh/WorkSpace/astribot_sdk_ros2/runs/cpp_migration_20260921/stage6b_stamp/source/ws_robot/src/astribot_s1_navigation_policy_native/src/policy_observer_node.cpp:1:
/usr/include/boost/multiprecision/detail/no_et_ops.hpp:456:10: note: candidate: ‘template<class B, class V> constexpr typename boost::enable_if<boost::multiprecision::is_compatible_arithmetic_type<Arithmetic, boost::multiprecision::number<Backend, boost::multiprecision::et_off> >, boost::multiprecision::number<Backend, boost::multiprecision::et_off> >::type boost::multiprecision::operator*(boost::multiprecision::number<Backend, boost::multiprecision::et_off>&&, const V&)’
  456 |          operator*(number<B, et_off>&& a, const V& b)
      |          ^~~~~~~~
/usr/include/boost/multiprecision/detail/no_et_ops.hpp:456:10: note:   template argument deduction/substitution failed:
/home/yjh/WorkSpace/astribot_sdk_ros2/runs/cpp_migration_20260921/stage6b_stamp/source/ws_robot/src/astribot_s1_navigation_policy_native/src/policy_observer_node.cpp:308:481: note:   types ‘boost::multiprecision::number<Backend, boost::multiprecision::et_off>’ and ‘const Integer’ {aka ‘const boost::multiprecision::number<boost::multiprecision::backends::cpp_int_backend<> >’} have incompatible cv-qualifiers
  308 |   if(risk){auto ids=risk->obstacle_ids;ids.insert(ids.end(),risk->immediate_obstacle_ids.begin(),risk->immediate_obstacle_ids.end());for(const auto& id:ids){if(!reported.insert(id).second)continue;const auto& track=*fusion_->tracks().at(id);const auto& o=track.observation;const auto& b=std::get<MetricBox>(o.geometry);blocking.push_back(json{{"id",id},{"center_m",xyz(b.center_m)},{"size_m",xyz(b.size_m)},{"velocity_m_s",xyz(track.velocity)},{"age_s",seconds-o.capture_stamp.ns*1e-9}});}}
      |                                                                                                                                                                                                                                                                                                                                                                                                                                                                                                 ^~~~
In file included from /usr/include/boost/multiprecision/detail/default_ops.hpp:3699,
                 from /usr/include/boost/multiprecision/detail/generic_interconvert.hpp:9,
                 from /usr/include/boost/multiprecision/number.hpp:26,
                 from /usr/include/boost/multiprecision/cpp_int.hpp:12,
                 from /home/yjh/WorkSpace/astribot_sdk_ros2/runs/cpp_migration_20260921/stage6b_stamp/source/ws_robot/src/astribot_s1_navigation_policy_native/include/astribot_s1_navigation_policy_native/policy_integer.hpp:3,
                 from /home/yjh/WorkSpace/astribot_sdk_ros2/runs/cpp_migration_20260921/stage6b_stamp/source/ws_robot/src/astribot_s1_navigation_policy_native/include/astribot_s1_navigation_policy_native/policy_contracts.hpp:5,
                 from /home/yjh/WorkSpace/astribot_sdk_ros2/runs/cpp_migration_20260921/stage6b_stamp/source/ws_robot/src/astribot_s1_navigation_policy_native/include/astribot_s1_navigation_policy_native/policy_observer_core.hpp:3,
                 from /home/yjh/WorkSpace/astribot_sdk_ros2/runs/cpp_migration_20260921/stage6b_stamp/source/ws_robot/src/astribot_s1_navigation_policy_native/include/astribot_s1_navigation_policy_native/policy_observer_node.hpp:2,
                 from /home/yjh/WorkSpace/astribot_sdk_ros2/runs/cpp_migration_20260921/stage6b_stamp/source/ws_robot/src/astribot_s1_navigation_policy_native/src/policy_observer_node.cpp:1:
/usr/include/boost/multiprecision/detail/no_et_ops.hpp:465:10: note: candidate: ‘template<class V, class B> constexpr typename boost::enable_if<boost::multiprecision::is_compatible_arithmetic_type<V, boost::multiprecision::number<Backend, boost::multiprecision::et_off> >, boost::multiprecision::number<Backend, boost::multiprecision::et_off> >::type boost::multiprecision::operator*(const V&, boost::multiprecision::number<Backend, boost::multiprecision::et_off>&&)’
  465 |          operator*(const V& a, number<B, et_off>&& b)
      |          ^~~~~~~~
/usr/include/boost/multiprecision/detail/no_et_ops.hpp:465:10: note:   template argument deduction/substitution failed:
/home/yjh/WorkSpace/astribot_sdk_ros2/runs/cpp_migration_20260921/stage6b_stamp/source/ws_robot/src/astribot_s1_navigation_policy_native/src/policy_observer_node.cpp:308:481: note:   mismatched types ‘boost::multiprecision::number<Backend, boost::multiprecision::et_off>’ and ‘double’
  308 |   if(risk){auto ids=risk->obstacle_ids;ids.insert(ids.end(),risk->immediate_obstacle_ids.begin(),risk->immediate_obstacle_ids.end());for(const auto& id:ids){if(!reported.insert(id).second)continue;const auto& track=*fusion_->tracks().at(id);const auto& o=track.observation;const auto& b=std::get<MetricBox>(o.geometry);blocking.push_back(json{{"id",id},{"center_m",xyz(b.center_m)},{"size_m",xyz(b.size_m)},{"velocity_m_s",xyz(track.velocity)},{"age_s",seconds-o.capture_stamp.ns*1e-9}});}}
      |                                                                                                                                                                                                                                                                                                                                                                                                                                                                                                 ^~~~
In file included from /usr/include/boost/multiprecision/detail/default_ops.hpp:3700,
                 from /usr/include/boost/multiprecision/detail/generic_interconvert.hpp:9,
                 from /usr/include/boost/multiprecision/number.hpp:26,
                 from /usr/include/boost/multiprecision/cpp_int.hpp:12,
                 from /home/yjh/WorkSpace/astribot_sdk_ros2/runs/cpp_migration_20260921/stage6b_stamp/source/ws_robot/src/astribot_s1_navigation_policy_native/include/astribot_s1_navigation_policy_native/policy_integer.hpp:3,
                 from /home/yjh/WorkSpace/astribot_sdk_ros2/runs/cpp_migration_20260921/stage6b_stamp/source/ws_robot/src/astribot_s1_navigation_policy_native/include/astribot_s1_navigation_policy_native/policy_contracts.hpp:5,
                 from /home/yjh/WorkSpace/astribot_sdk_ros2/runs/cpp_migration_20260921/stage6b_stamp/source/ws_robot/src/astribot_s1_navigation_policy_native/include/astribot_s1_navigation_policy_native/policy_observer_core.hpp:3,
                 from /home/yjh/WorkSpace/astribot_sdk_ros2/runs/cpp_migration_20260921/stage6b_stamp/source/ws_robot/src/astribot_s1_navigation_policy_native/include/astribot_s1_navigation_policy_native/policy_observer_node.hpp:2,
                 from /home/yjh/WorkSpace/astribot_sdk_ros2/runs/cpp_migration_20260921/stage6b_stamp/source/ws_robot/src/astribot_s1_navigation_policy_native/src/policy_observer_node.cpp:1:
/usr/include/boost/multiprecision/detail/et_ops.hpp:564:1: note: candidate: ‘template<class B> constexpr boost::multiprecision::detail::expression<boost::multiprecision::detail::multiply_immediates, boost::multiprecision::number<Backend, boost::multiprecision::et_on>, boost::multiprecision::number<Backend, boost::multiprecision::et_on> > boost::multiprecision::operator*(const boost::multiprecision::number<Backend, boost::multiprecision::et_on>&, const boost::multiprecision::number<Backend, boost::multiprecision::et_on>&)’
  564 | operator*(const number<B, et_on>& a, const number<B, et_on>& b)
      | ^~~~~~~~
/usr/include/boost/multiprecision/detail/et_ops.hpp:564:1: note:   template argument deduction/substitution failed:
/home/yjh/WorkSpace/astribot_sdk_ros2/runs/cpp_migration_20260921/stage6b_stamp/source/ws_robot/src/astribot_s1_navigation_policy_native/src/policy_observer_node.cpp:308:481: note:   mismatched types ‘const boost::multiprecision::number<Backend, boost::multiprecision::et_on>’ and ‘double’
  308 |   if(risk){auto ids=risk->obstacle_ids;ids.insert(ids.end(),risk->immediate_obstacle_ids.begin(),risk->immediate_obstacle_ids.end());for(const auto& id:ids){if(!reported.insert(id).second)continue;const auto& track=*fusion_->tracks().at(id);const auto& o=track.observation;const auto& b=std::get<MetricBox>(o.geometry);blocking.push_back(json{{"id",id},{"center_m",xyz(b.center_m)},{"size_m",xyz(b.size_m)},{"velocity_m_s",xyz(track.velocity)},{"age_s",seconds-o.capture_stamp.ns*1e-9}});}}
      |                                                                                                                                                                                                                                                                                                                                                                                                                                                                                                 ^~~~
In file included from /usr/include/boost/multiprecision/detail/default_ops.hpp:3700,
                 from /usr/include/boost/multiprecision/detail/generic_interconvert.hpp:9,
                 from /usr/include/boost/multiprecision/number.hpp:26,
                 from /usr/include/boost/multiprecision/cpp_int.hpp:12,
                 from /home/yjh/WorkSpace/astribot_sdk_ros2/runs/cpp_migration_20260921/stage6b_stamp/source/ws_robot/src/astribot_s1_navigation_policy_native/include/astribot_s1_navigation_policy_native/policy_integer.hpp:3,
                 from /home/yjh/WorkSpace/astribot_sdk_ros2/runs/cpp_migration_20260921/stage6b_stamp/source/ws_robot/src/astribot_s1_navigation_policy_native/include/astribot_s1_navigation_policy_native/policy_contracts.hpp:5,
                 from /home/yjh/WorkSpace/astribot_sdk_ros2/runs/cpp_migration_20260921/stage6b_stamp/source/ws_robot/src/astribot_s1_navigation_policy_native/include/astribot_s1_navigation_policy_native/policy_observer_core.hpp:3,
                 from /home/yjh/WorkSpace/astribot_sdk_ros2/runs/cpp_migration_20260921/stage6b_stamp/source/ws_robot/src/astribot_s1_navigation_policy_native/include/astribot_s1_navigation_policy_native/policy_observer_node.hpp:2,
                 from /home/yjh/WorkSpace/astribot_sdk_ros2/runs/cpp_migration_20260921/stage6b_stamp/source/ws_robot/src/astribot_s1_navigation_policy_native/src/policy_observer_node.cpp:1:
/usr/include/boost/multiprecision/detail/et_ops.hpp:571:1: note: candidate: ‘template<class B> constexpr boost::multiprecision::number<Backend, boost::multiprecision::et_on> boost::multiprecision::operator*(boost::multiprecision::number<Backend, boost::multiprecision::et_on>&&, const boost::multiprecision::number<Backend, boost::multiprecision::et_on>&)’
  571 | operator*(number<B, et_on>&& a, const number<B, et_on>& b)
      | ^~~~~~~~
/usr/include/boost/multiprecision/detail/et_ops.hpp:571:1: note:   template argument deduction/substitution failed:
/home/yjh/WorkSpace/astribot_sdk_ros2/runs/cpp_migration_20260921/stage6b_stamp/source/ws_robot/src/astribot_s1_navigation_policy_native/src/policy_observer_node.cpp:308:481: note:   types ‘boost::multiprecision::number<Backend, boost::multiprecision::et_on>’ and ‘const Integer’ {aka ‘const boost::multiprecision::number<boost::multiprecision::backends::cpp_int_backend<> >’} have incompatible cv-qualifiers
  308 |   if(risk){auto ids=risk->obstacle_ids;ids.insert(ids.end(),risk->immediate_obstacle_ids.begin(),risk->immediate_obstacle_ids.end());for(const auto& id:ids){if(!reported.insert(id).second)continue;const auto& track=*fusion_->tracks().at(id);const auto& o=track.observation;const auto& b=std::get<MetricBox>(o.geometry);blocking.push_back(json{{"id",id},{"center_m",xyz(b.center_m)},{"size_m",xyz(b.size_m)},{"velocity_m_s",xyz(track.velocity)},{"age_s",seconds-o.capture_stamp.ns*1e-9}});}}
      |                                                                                                                                                                                                                                                                                                                                                                                                                                                                                                 ^~~~
In file included from /usr/include/boost/multiprecision/detail/default_ops.hpp:3700,
                 from /usr/include/boost/multiprecision/detail/generic_interconvert.hpp:9,
                 from /usr/include/boost/multiprecision/number.hpp:26,
                 from /usr/include/boost/multiprecision/cpp_int.hpp:12,
                 from /home/yjh/WorkSpace/astribot_sdk_ros2/runs/cpp_migration_20260921/stage6b_stamp/source/ws_robot/src/astribot_s1_navigation_policy_native/include/astribot_s1_navigation_policy_native/policy_integer.hpp:3,
                 from /home/yjh/WorkSpace/astribot_sdk_ros2/runs/cpp_migration_20260921/stage6b_stamp/source/ws_robot/src/astribot_s1_navigation_policy_native/include/astribot_s1_navigation_policy_native/policy_contracts.hpp:5,
                 from /home/yjh/WorkSpace/astribot_sdk_ros2/runs/cpp_migration_20260921/stage6b_stamp/source/ws_robot/src/astribot_s1_navigation_policy_native/include/astribot_s1_navigation_policy_native/policy_observer_core.hpp:3,
                 from /home/yjh/WorkSpace/astribot_sdk_ros2/runs/cpp_migration_20260921/stage6b_stamp/source/ws_robot/src/astribot_s1_navigation_policy_native/include/astribot_s1_navigation_policy_native/policy_observer_node.hpp:2,
                 from /home/yjh/WorkSpace/astribot_sdk_ros2/runs/cpp_migration_20260921/stage6b_stamp/source/ws_robot/src/astribot_s1_navigation_policy_native/src/policy_observer_node.cpp:1:
/usr/include/boost/multiprecision/detail/et_ops.hpp:577:1: note: candidate: ‘template<class B> constexpr boost::multiprecision::number<Backend, boost::multiprecision::et_on> boost::multiprecision::operator*(const boost::multiprecision::number<Backend, boost::multiprecision::et_on>&, boost::multiprecision::number<Backend, boost::multiprecision::et_on>&&)’
  577 | operator*(const number<B, et_on>& a, number<B, et_on>&& b)
      | ^~~~~~~~
/usr/include/boost/multiprecision/detail/et_ops.hpp:577:1: note:   template argument deduction/substitution failed:
/home/yjh/WorkSpace/astribot_sdk_ros2/runs/cpp_migration_20260921/stage6b_stamp/source/ws_robot/src/astribot_s1_navigation_policy_native/src/policy_observer_node.cpp:308:481: note:   mismatched types ‘boost::multiprecision::number<Backend, boost::multiprecision::et_on>’ and ‘double’
  308 |   if(risk){auto ids=risk->obstacle_ids;ids.insert(ids.end(),risk->immediate_obstacle_ids.begin(),risk->immediate_obstacle_ids.end());for(const auto& id:ids){if(!reported.insert(id).second)continue;const auto& track=*fusion_->tracks().at(id);const auto& o=track.observation;const auto& b=std::get<MetricBox>(o.geometry);blocking.push_back(json{{"id",id},{"center_m",xyz(b.center_m)},{"size_m",xyz(b.size_m)},{"velocity_m_s",xyz(track.velocity)},{"age_s",seconds-o.capture_stamp.ns*1e-9}});}}
      |                                                                                                                                                                                                                                                                                                                                                                                                                                                                                                 ^~~~
In file included from /usr/include/boost/multiprecision/detail/default_ops.hpp:3700,
                 from /usr/include/boost/multiprecision/detail/generic_interconvert.hpp:9,
                 from /usr/include/boost/multiprecision/number.hpp:26,
                 from /usr/include/boost/multiprecision/cpp_int.hpp:12,
                 from /home/yjh/WorkSpace/astribot_sdk_ros2/runs/cpp_migration_20260921/stage6b_stamp/source/ws_robot/src/astribot_s1_navigation_policy_native/include/astribot_s1_navigation_policy_native/policy_integer.hpp:3,
                 from /home/yjh/WorkSpace/astribot_sdk_ros2/runs/cpp_migration_20260921/stage6b_stamp/source/ws_robot/src/astribot_s1_navigation_policy_native/include/astribot_s1_navigation_policy_native/policy_contracts.hpp:5,
                 from /home/yjh/WorkSpace/astribot_sdk_ros2/runs/cpp_migration_20260921/stage6b_stamp/source/ws_robot/src/astribot_s1_navigation_policy_native/include/astribot_s1_navigation_policy_native/policy_observer_core.hpp:3,
                 from /home/yjh/WorkSpace/astribot_sdk_ros2/runs/cpp_migration_20260921/stage6b_stamp/source/ws_robot/src/astribot_s1_navigation_policy_native/include/astribot_s1_navigation_policy_native/policy_observer_node.hpp:2,
                 from /home/yjh/WorkSpace/astribot_sdk_ros2/runs/cpp_migration_20260921/stage6b_stamp/source/ws_robot/src/astribot_s1_navigation_policy_native/src/policy_observer_node.cpp:1:
/usr/include/boost/multiprecision/detail/et_ops.hpp:583:1: note: candidate: ‘template<class B> constexpr boost::multiprecision::number<Backend, boost::multiprecision::et_on> boost::multiprecision::operator*(boost::multiprecision::number<Backend, boost::multiprecision::et_on>&&, boost::multiprecision::number<Backend, boost::multiprecision::et_on>&&)’
  583 | operator*(number<B, et_on>&& a, number<B, et_on>&& b)
      | ^~~~~~~~
/usr/include/boost/multiprecision/detail/et_ops.hpp:583:1: note:   template argument deduction/substitution failed:
/home/yjh/WorkSpace/astribot_sdk_ros2/runs/cpp_migration_20260921/stage6b_stamp/source/ws_robot/src/astribot_s1_navigation_policy_native/src/policy_observer_node.cpp:308:481: note:   types ‘boost::multiprecision::number<Backend, boost::multiprecision::et_on>’ and ‘const Integer’ {aka ‘const boost::multiprecision::number<boost::multiprecision::backends::cpp_int_backend<> >’} have incompatible cv-qualifiers
  308 |   if(risk){auto ids=risk->obstacle_ids;ids.insert(ids.end(),risk->immediate_obstacle_ids.begin(),risk->immediate_obstacle_ids.end());for(const auto& id:ids){if(!reported.insert(id).second)continue;const auto& track=*fusion_->tracks().at(id);const auto& o=track.observation;const auto& b=std::get<MetricBox>(o.geometry);blocking.push_back(json{{"id",id},{"center_m",xyz(b.center_m)},{"size_m",xyz(b.size_m)},{"velocity_m_s",xyz(track.velocity)},{"age_s",seconds-o.capture_stamp.ns*1e-9}});}}
      |                                                                                                                                                                                                                                                                                                                                                                                                                                                                                                 ^~~~
In file included from /usr/include/boost/multiprecision/detail/default_ops.hpp:3700,
                 from /usr/include/boost/multiprecision/detail/generic_interconvert.hpp:9,
                 from /usr/include/boost/multiprecision/number.hpp:26,
                 from /usr/include/boost/multiprecision/cpp_int.hpp:12,
                 from /home/yjh/WorkSpace/astribot_sdk_ros2/runs/cpp_migration_20260921/stage6b_stamp/source/ws_robot/src/astribot_s1_navigation_policy_native/include/astribot_s1_navigation_policy_native/policy_integer.hpp:3,
                 from /home/yjh/WorkSpace/astribot_sdk_ros2/runs/cpp_migration_20260921/stage6b_stamp/source/ws_robot/src/astribot_s1_navigation_policy_native/include/astribot_s1_navigation_policy_native/policy_contracts.hpp:5,
                 from /home/yjh/WorkSpace/astribot_sdk_ros2/runs/cpp_migration_20260921/stage6b_stamp/source/ws_robot/src/astribot_s1_navigation_policy_native/include/astribot_s1_navigation_policy_native/policy_observer_core.hpp:3,
                 from /home/yjh/WorkSpace/astribot_sdk_ros2/runs/cpp_migration_20260921/stage6b_stamp/source/ws_robot/src/astribot_s1_navigation_policy_native/include/astribot_s1_navigation_policy_native/policy_observer_node.hpp:2,
                 from /home/yjh/WorkSpace/astribot_sdk_ros2/runs/cpp_migration_20260921/stage6b_stamp/source/ws_robot/src/astribot_s1_navigation_policy_native/src/policy_observer_node.cpp:1:
/usr/include/boost/multiprecision/detail/et_ops.hpp:590:1: note: candidate: ‘template<class B, class V> constexpr typename boost::enable_if<boost::multiprecision::is_compatible_arithmetic_type<Arithmetic, boost::multiprecision::number<Backend, boost::multiprecision::et_on> >, boost::multiprecision::detail::expression<boost::multiprecision::detail::multiply_immediates, boost::multiprecision::number<Backend, boost::multiprecision::et_on>, V> >::type boost::multiprecision::operator*(const boost::multiprecision::number<Backend, boost::multiprecision::et_on>&, const V&)’
  590 | operator*(const number<B, et_on>& a, const V& b)
      | ^~~~~~~~
/usr/include/boost/multiprecision/detail/et_ops.hpp:590:1: note:   template argument deduction/substitution failed:
/usr/include/boost/multiprecision/detail/et_ops.hpp: In substitution of ‘template<class B, class V> constexpr typename boost::enable_if<boost::multiprecision::is_compatible_arithmetic_type<Arithmetic, boost::multiprecision::number<Backend, boost::multiprecision::et_on> >, boost::multiprecision::detail::expression<boost::multiprecision::detail::multiply_immediates, boost::multiprecision::number<Backend, boost::multiprecision::et_on>, V> >::type boost::multiprecision::operator*(const boost::multiprecision::number<Backend, boost::multiprecision::et_on>&, const V&) [with B = boost::multiprecision::backends::cpp_int_backend<>; V = double]’:
/home/yjh/WorkSpace/astribot_sdk_ros2/runs/cpp_migration_20260921/stage6b_stamp/source/ws_robot/src/astribot_s1_navigation_policy_native/src/policy_observer_node.cpp:308:481:   required from here
/usr/include/boost/multiprecision/detail/et_ops.hpp:590:1: error: no type named ‘type’ in ‘struct boost::enable_if<boost::multiprecision::is_compatible_arithmetic_type<double, boost::multiprecision::number<boost::multiprecision::backends::cpp_int_backend<> > >, boost::multiprecision::detail::expression<boost::multiprecision::detail::multiply_immediates, boost::multiprecision::number<boost::multiprecision::backends::cpp_int_backend<> >, double, void, void> >’
/usr/include/boost/multiprecision/detail/et_ops.hpp:597:1: note: candidate: ‘template<class B, class V> constexpr typename boost::enable_if<boost::multiprecision::is_compatible_arithmetic_type<Arithmetic, boost::multiprecision::number<Backend, boost::multiprecision::et_on> >, boost::multiprecision::number<Backend, boost::multiprecision::et_on> >::type boost::multiprecision::operator*(boost::multiprecision::number<Backend, boost::multiprecision::et_on>&&, const V&)’
  597 | operator*(number<B, et_on>&& a, const V& b)
      | ^~~~~~~~
/usr/include/boost/multiprecision/detail/et_ops.hpp:597:1: note:   template argument deduction/substitution failed:
/home/yjh/WorkSpace/astribot_sdk_ros2/runs/cpp_migration_20260921/stage6b_stamp/source/ws_robot/src/astribot_s1_navigation_policy_native/src/policy_observer_node.cpp:308:481: note:   types ‘boost::multiprecision::number<Backend, boost::multiprecision::et_on>’ and ‘const Integer’ {aka ‘const boost::multiprecision::number<boost::multiprecision::backends::cpp_int_backend<> >’} have incompatible cv-qualifiers
  308 |   if(risk){auto ids=risk->obstacle_ids;ids.insert(ids.end(),risk->immediate_obstacle_ids.begin(),risk->immediate_obstacle_ids.end());for(const auto& id:ids){if(!reported.insert(id).second)continue;const auto& track=*fusion_->tracks().at(id);const auto& o=track.observation;const auto& b=std::get<MetricBox>(o.geometry);blocking.push_back(json{{"id",id},{"center_m",xyz(b.center_m)},{"size_m",xyz(b.size_m)},{"velocity_m_s",xyz(track.velocity)},{"age_s",seconds-o.capture_stamp.ns*1e-9}});}}
      |                                                                                                                                                                                                                                                                                                                                                                                                                                                                                                 ^~~~
In file included from /usr/include/boost/multiprecision/detail/default_ops.hpp:3700,
                 from /usr/include/boost/multiprecision/detail/generic_interconvert.hpp:9,
                 from /usr/include/boost/multiprecision/number.hpp:26,
                 from /usr/include/boost/multiprecision/cpp_int.hpp:12,
                 from /home/yjh/WorkSpace/astribot_sdk_ros2/runs/cpp_migration_20260921/stage6b_stamp/source/ws_robot/src/astribot_s1_navigation_policy_native/include/astribot_s1_navigation_policy_native/policy_integer.hpp:3,
                 from /home/yjh/WorkSpace/astribot_sdk_ros2/runs/cpp_migration_20260921/stage6b_stamp/source/ws_robot/src/astribot_s1_navigation_policy_native/include/astribot_s1_navigation_policy_native/policy_contracts.hpp:5,
                 from /home/yjh/WorkSpace/astribot_sdk_ros2/runs/cpp_migration_20260921/stage6b_stamp/source/ws_robot/src/astribot_s1_navigation_policy_native/include/astribot_s1_navigation_policy_native/policy_observer_core.hpp:3,
                 from /home/yjh/WorkSpace/astribot_sdk_ros2/runs/cpp_migration_20260921/stage6b_stamp/source/ws_robot/src/astribot_s1_navigation_policy_native/include/astribot_s1_navigation_policy_native/policy_observer_node.hpp:2,
                 from /home/yjh/WorkSpace/astribot_sdk_ros2/runs/cpp_migration_20260921/stage6b_stamp/source/ws_robot/src/astribot_s1_navigation_policy_native/src/policy_observer_node.cpp:1:
/usr/include/boost/multiprecision/detail/et_ops.hpp:604:1: note: candidate: ‘template<class V, class B> constexpr typename boost::enable_if<boost::multiprecision::is_compatible_arithmetic_type<V, boost::multiprecision::number<Backend, boost::multiprecision::et_on> >, boost::multiprecision::detail::expression<boost::multiprecision::detail::multiply_immediates, V, boost::multiprecision::number<Backend, boost::multiprecision::et_on> > >::type boost::multiprecision::operator*(const V&, const boost::multiprecision::number<Backend, boost::multiprecision::et_on>&)’
  604 | operator*(const V& a, const number<B, et_on>& b)
      | ^~~~~~~~
/usr/include/boost/multiprecision/detail/et_ops.hpp:604:1: note:   template argument deduction/substitution failed:
/home/yjh/WorkSpace/astribot_sdk_ros2/runs/cpp_migration_20260921/stage6b_stamp/source/ws_robot/src/astribot_s1_navigation_policy_native/src/policy_observer_node.cpp:308:481: note:   mismatched types ‘const boost::multiprecision::number<Backend, boost::multiprecision::et_on>’ and ‘double’
  308 |   if(risk){auto ids=risk->obstacle_ids;ids.insert(ids.end(),risk->immediate_obstacle_ids.begin(),risk->immediate_obstacle_ids.end());for(const auto& id:ids){if(!reported.insert(id).second)continue;const auto& track=*fusion_->tracks().at(id);const auto& o=track.observation;const auto& b=std::get<MetricBox>(o.geometry);blocking.push_back(json{{"id",id},{"center_m",xyz(b.center_m)},{"size_m",xyz(b.size_m)},{"velocity_m_s",xyz(track.velocity)},{"age_s",seconds-o.capture_stamp.ns*1e-9}});}}
      |                                                                                                                                                                                                                                                                                                                                                                                                                                                                                                 ^~~~
In file included from /usr/include/boost/multiprecision/detail/default_ops.hpp:3700,
                 from /usr/include/boost/multiprecision/detail/generic_interconvert.hpp:9,
                 from /usr/include/boost/multiprecision/number.hpp:26,
                 from /usr/include/boost/multiprecision/cpp_int.hpp:12,
                 from /home/yjh/WorkSpace/astribot_sdk_ros2/runs/cpp_migration_20260921/stage6b_stamp/source/ws_robot/src/astribot_s1_navigation_policy_native/include/astribot_s1_navigation_policy_native/policy_integer.hpp:3,
                 from /home/yjh/WorkSpace/astribot_sdk_ros2/runs/cpp_migration_20260921/stage6b_stamp/source/ws_robot/src/astribot_s1_navigation_policy_native/include/astribot_s1_navigation_policy_native/policy_contracts.hpp:5,
                 from /home/yjh/WorkSpace/astribot_sdk_ros2/runs/cpp_migration_20260921/stage6b_stamp/source/ws_robot/src/astribot_s1_navigation_policy_native/include/astribot_s1_navigation_policy_native/policy_observer_core.hpp:3,
                 from /home/yjh/WorkSpace/astribot_sdk_ros2/runs/cpp_migration_20260921/stage6b_stamp/source/ws_robot/src/astribot_s1_navigation_policy_native/include/astribot_s1_navigation_policy_native/policy_observer_node.hpp:2,
                 from /home/yjh/WorkSpace/astribot_sdk_ros2/runs/cpp_migration_20260921/stage6b_stamp/source/ws_robot/src/astribot_s1_navigation_policy_native/src/policy_observer_node.cpp:1:
/usr/include/boost/multiprecision/detail/et_ops.hpp:611:1: note: candidate: ‘template<class V, class B> constexpr typename boost::enable_if<boost::multiprecision::is_compatible_arithmetic_type<V, boost::multiprecision::number<Backend, boost::multiprecision::et_on> >, boost::multiprecision::number<Backend, boost::multiprecision::et_on> >::type boost::multiprecision::operator*(const V&, boost::multiprecision::number<Backend, boost::multiprecision::et_on>&&)’
  611 | operator*(const V& a, number<B, et_on>&& b)
      | ^~~~~~~~
/usr/include/boost/multiprecision/detail/et_ops.hpp:611:1: note:   template argument deduction/substitution failed:
/home/yjh/WorkSpace/astribot_sdk_ros2/runs/cpp_migration_20260921/stage6b_stamp/source/ws_robot/src/astribot_s1_navigation_policy_native/src/policy_observer_node.cpp:308:481: note:   mismatched types ‘boost::multiprecision::number<Backend, boost::multiprecision::et_on>’ and ‘double’
  308 |   if(risk){auto ids=risk->obstacle_ids;ids.insert(ids.end(),risk->immediate_obstacle_ids.begin(),risk->immediate_obstacle_ids.end());for(const auto& id:ids){if(!reported.insert(id).second)continue;const auto& track=*fusion_->tracks().at(id);const auto& o=track.observation;const auto& b=std::get<MetricBox>(o.geometry);blocking.push_back(json{{"id",id},{"center_m",xyz(b.center_m)},{"size_m",xyz(b.size_m)},{"velocity_m_s",xyz(track.velocity)},{"age_s",seconds-o.capture_stamp.ns*1e-9}});}}
      |                                                                                                                                                                                                                                                                                                                                                                                                                                                                                                 ^~~~
In file included from /usr/include/boost/multiprecision/detail/default_ops.hpp:3700,
                 from /usr/include/boost/multiprecision/detail/generic_interconvert.hpp:9,
                 from /usr/include/boost/multiprecision/number.hpp:26,
                 from /usr/include/boost/multiprecision/cpp_int.hpp:12,
                 from /home/yjh/WorkSpace/astribot_sdk_ros2/runs/cpp_migration_20260921/stage6b_stamp/source/ws_robot/src/astribot_s1_navigation_policy_native/include/astribot_s1_navigation_policy_native/policy_integer.hpp:3,
                 from /home/yjh/WorkSpace/astribot_sdk_ros2/runs/cpp_migration_20260921/stage6b_stamp/source/ws_robot/src/astribot_s1_navigation_policy_native/include/astribot_s1_navigation_policy_native/policy_contracts.hpp:5,
                 from /home/yjh/WorkSpace/astribot_sdk_ros2/runs/cpp_migration_20260921/stage6b_stamp/source/ws_robot/src/astribot_s1_navigation_policy_native/include/astribot_s1_navigation_policy_native/policy_observer_core.hpp:3,
                 from /home/yjh/WorkSpace/astribot_sdk_ros2/runs/cpp_migration_20260921/stage6b_stamp/source/ws_robot/src/astribot_s1_navigation_policy_native/include/astribot_s1_navigation_policy_native/policy_observer_node.hpp:2,
                 from /home/yjh/WorkSpace/astribot_sdk_ros2/runs/cpp_migration_20260921/stage6b_stamp/source/ws_robot/src/astribot_s1_navigation_policy_native/src/policy_observer_node.cpp:1:
/usr/include/boost/multiprecision/detail/et_ops.hpp:618:1: note: candidate: ‘template<class B, boost::multiprecision::expression_template_option ET, class tag, class Arg1, class Arg2, class Arg3, class Arg4> constexpr boost::multiprecision::detail::expression<boost::multiprecision::detail::multiplies, boost::multiprecision::number<Backend, ExpressionTemplates>, boost::multiprecision::detail::expression<tag, A1, A2, A3, A4> > boost::multiprecision::operator*(const boost::multiprecision::number<Backend, ExpressionTemplates>&, const boost::multiprecision::detail::expression<tag, A1, A2, A3, A4>&)’
  618 | operator*(const number<B, ET>& a, const detail::expression<tag, Arg1, Arg2, Arg3, Arg4>& b)
      | ^~~~~~~~
/usr/include/boost/multiprecision/detail/et_ops.hpp:618:1: note:   template argument deduction/substitution failed:
/home/yjh/WorkSpace/astribot_sdk_ros2/runs/cpp_migration_20260921/stage6b_stamp/source/ws_robot/src/astribot_s1_navigation_policy_native/src/policy_observer_node.cpp:308:481: note:   mismatched types ‘const boost::multiprecision::detail::expression<tag, A1, A2, A3, A4>’ and ‘double’
  308 |   if(risk){auto ids=risk->obstacle_ids;ids.insert(ids.end(),risk->immediate_obstacle_ids.begin(),risk->immediate_obstacle_ids.end());for(const auto& id:ids){if(!reported.insert(id).second)continue;const auto& track=*fusion_->tracks().at(id);const auto& o=track.observation;const auto& b=std::get<MetricBox>(o.geometry);blocking.push_back(json{{"id",id},{"center_m",xyz(b.center_m)},{"size_m",xyz(b.size_m)},{"velocity_m_s",xyz(track.velocity)},{"age_s",seconds-o.capture_stamp.ns*1e-9}});}}
      |                                                                                                                                                                                                                                                                                                                                                                                                                                                                                                 ^~~~
In file included from /usr/include/boost/multiprecision/detail/default_ops.hpp:3700,
                 from /usr/include/boost/multiprecision/detail/generic_interconvert.hpp:9,
                 from /usr/include/boost/multiprecision/number.hpp:26,
                 from /usr/include/boost/multiprecision/cpp_int.hpp:12,
                 from /home/yjh/WorkSpace/astribot_sdk_ros2/runs/cpp_migration_20260921/stage6b_stamp/source/ws_robot/src/astribot_s1_navigation_policy_native/include/astribot_s1_navigation_policy_native/policy_integer.hpp:3,
                 from /home/yjh/WorkSpace/astribot_sdk_ros2/runs/cpp_migration_20260921/stage6b_stamp/source/ws_robot/src/astribot_s1_navigation_policy_native/include/astribot_s1_navigation_policy_native/policy_contracts.hpp:5,
                 from /home/yjh/WorkSpace/astribot_sdk_ros2/runs/cpp_migration_20260921/stage6b_stamp/source/ws_robot/src/astribot_s1_navigation_policy_native/include/astribot_s1_navigation_policy_native/policy_observer_core.hpp:3,
                 from /home/yjh/WorkSpace/astribot_sdk_ros2/runs/cpp_migration_20260921/stage6b_stamp/source/ws_robot/src/astribot_s1_navigation_policy_native/include/astribot_s1_navigation_policy_native/policy_observer_node.hpp:2,
                 from /home/yjh/WorkSpace/astribot_sdk_ros2/runs/cpp_migration_20260921/stage6b_stamp/source/ws_robot/src/astribot_s1_navigation_policy_native/src/policy_observer_node.cpp:1:
/usr/include/boost/multiprecision/detail/et_ops.hpp:625:1: note: candidate: ‘template<class B, boost::multiprecision::expression_template_option ET, class tag, class Arg1, class Arg2, class Arg3, class Arg4> constexpr typename boost::multiprecision::detail::expression<boost::multiprecision::detail::multiplies, boost::multiprecision::number<Backend, ExpressionTemplates>, boost::multiprecision::detail::expression<tag, A1, A2, A3, A4> >::result_type boost::multiprecision::operator*(boost::multiprecision::number<Backend, ExpressionTemplates>&&, const boost::multiprecision::detail::expression<tag, A1, A2, A3, A4>&)’
  625 | operator*(number<B, ET>&& a, const detail::expression<tag, Arg1, Arg2, Arg3, Arg4>& b)
      | ^~~~~~~~
/usr/include/boost/multiprecision/detail/et_ops.hpp:625:1: note:   template argument deduction/substitution failed:
/home/yjh/WorkSpace/astribot_sdk_ros2/runs/cpp_migration_20260921/stage6b_stamp/source/ws_robot/src/astribot_s1_navigation_policy_native/src/policy_observer_node.cpp:308:481: note:   types ‘boost::multiprecision::number<Backend, ExpressionTemplates>’ and ‘const Integer’ {aka ‘const boost::multiprecision::number<boost::multiprecision::backends::cpp_int_backend<> >’} have incompatible cv-qualifiers
  308 |   if(risk){auto ids=risk->obstacle_ids;ids.insert(ids.end(),risk->immediate_obstacle_ids.begin(),risk->immediate_obstacle_ids.end());for(const auto& id:ids){if(!reported.insert(id).second)continue;const auto& track=*fusion_->tracks().at(id);const auto& o=track.observation;const auto& b=std::get<MetricBox>(o.geometry);blocking.push_back(json{{"id",id},{"center_m",xyz(b.center_m)},{"size_m",xyz(b.size_m)},{"velocity_m_s",xyz(track.velocity)},{"age_s",seconds-o.capture_stamp.ns*1e-9}});}}
      |                                                                                                                                                                                                                                                                                                                                                                                                                                                                                                 ^~~~
In file included from /usr/include/boost/multiprecision/detail/default_ops.hpp:3700,
                 from /usr/include/boost/multiprecision/detail/generic_interconvert.hpp:9,
                 from /usr/include/boost/multiprecision/number.hpp:26,
                 from /usr/include/boost/multiprecision/cpp_int.hpp:12,
                 from /home/yjh/WorkSpace/astribot_sdk_ros2/runs/cpp_migration_20260921/stage6b_stamp/source/ws_robot/src/astribot_s1_navigation_policy_native/include/astribot_s1_navigation_policy_native/policy_integer.hpp:3,
                 from /home/yjh/WorkSpace/astribot_sdk_ros2/runs/cpp_migration_20260921/stage6b_stamp/source/ws_robot/src/astribot_s1_navigation_policy_native/include/astribot_s1_navigation_policy_native/policy_contracts.hpp:5,
                 from /home/yjh/WorkSpace/astribot_sdk_ros2/runs/cpp_migration_20260921/stage6b_stamp/source/ws_robot/src/astribot_s1_navigation_policy_native/include/astribot_s1_navigation_policy_native/policy_observer_core.hpp:3,
                 from /home/yjh/WorkSpace/astribot_sdk_ros2/runs/cpp_migration_20260921/stage6b_stamp/source/ws_robot/src/astribot_s1_navigation_policy_native/include/astribot_s1_navigation_policy_native/policy_observer_node.hpp:2,
                 from /home/yjh/WorkSpace/astribot_sdk_ros2/runs/cpp_migration_20260921/stage6b_stamp/source/ws_robot/src/astribot_s1_navigation_policy_native/src/policy_observer_node.cpp:1:
/usr/include/boost/multiprecision/detail/et_ops.hpp:632:1: note: candidate: ‘template<class tag, class Arg1, class Arg2, class Arg3, class Arg4, class B, boost::multiprecision::expression_template_option ET> constexpr boost::multiprecision::detail::expression<boost::multiprecision::detail::multiplies, boost::multiprecision::detail::expression<tag, Arg1, Arg2, Arg3, Arg4>, boost::multiprecision::number<Backend, ExpressionTemplates> > boost::multiprecision::operator*(const boost::multiprecision::detail::expression<tag, Arg1, Arg2, Arg3, Arg4>&, const boost::multiprecision::number<Backend, ExpressionTemplates>&)’
  632 | operator*(const detail::expression<tag, Arg1, Arg2, Arg3, Arg4>& a, const number<B, ET>& b)
      | ^~~~~~~~
/usr/include/boost/multiprecision/detail/et_ops.hpp:632:1: note:   template argument deduction/substitution failed:
/home/yjh/WorkSpace/astribot_sdk_ros2/runs/cpp_migration_20260921/stage6b_stamp/source/ws_robot/src/astribot_s1_navigation_policy_native/src/policy_observer_node.cpp:308:481: note:   ‘const Integer’ {aka ‘const boost::multiprecision::number<boost::multiprecision::backends::cpp_int_backend<> >’} is not derived from ‘const boost::multiprecision::detail::expression<tag, Arg1, Arg2, Arg3, Arg4>’
  308 |   if(risk){auto ids=risk->obstacle_ids;ids.insert(ids.end(),risk->immediate_obstacle_ids.begin(),risk->immediate_obstacle_ids.end());for(const auto& id:ids){if(!reported.insert(id).second)continue;const auto& track=*fusion_->tracks().at(id);const auto& o=track.observation;const auto& b=std::get<MetricBox>(o.geometry);blocking.push_back(json{{"id",id},{"center_m",xyz(b.center_m)},{"size_m",xyz(b.size_m)},{"velocity_m_s",xyz(track.velocity)},{"age_s",seconds-o.capture_stamp.ns*1e-9}});}}
      |                                                                                                                                                                                                                                                                                                                                                                                                                                                                                                 ^~~~
In file included from /usr/include/boost/multiprecision/detail/default_ops.hpp:3700,
                 from /usr/include/boost/multiprecision/detail/generic_interconvert.hpp:9,
                 from /usr/include/boost/multiprecision/number.hpp:26,
                 from /usr/include/boost/multiprecision/cpp_int.hpp:12,
                 from /home/yjh/WorkSpace/astribot_sdk_ros2/runs/cpp_migration_20260921/stage6b_stamp/source/ws_robot/src/astribot_s1_navigation_policy_native/include/astribot_s1_navigation_policy_native/policy_integer.hpp:3,
                 from /home/yjh/WorkSpace/astribot_sdk_ros2/runs/cpp_migration_20260921/stage6b_stamp/source/ws_robot/src/astribot_s1_navigation_policy_native/include/astribot_s1_navigation_policy_native/policy_contracts.hpp:5,
                 from /home/yjh/WorkSpace/astribot_sdk_ros2/runs/cpp_migration_20260921/stage6b_stamp/source/ws_robot/src/astribot_s1_navigation_policy_native/include/astribot_s1_navigation_policy_native/policy_observer_core.hpp:3,
                 from /home/yjh/WorkSpace/astribot_sdk_ros2/runs/cpp_migration_20260921/stage6b_stamp/source/ws_robot/src/astribot_s1_navigation_policy_native/include/astribot_s1_navigation_policy_native/policy_observer_node.hpp:2,
                 from /home/yjh/WorkSpace/astribot_sdk_ros2/runs/cpp_migration_20260921/stage6b_stamp/source/ws_robot/src/astribot_s1_navigation_policy_native/src/policy_observer_node.cpp:1:
/usr/include/boost/multiprecision/detail/et_ops.hpp:639:1: note: candidate: ‘template<class tag, class Arg1, class Arg2, class Arg3, class Arg4, class B, boost::multiprecision::expression_template_option ET> constexpr typename boost::multiprecision::detail::expression<boost::multiprecision::detail::multiplies, boost::multiprecision::detail::expression<tag, Arg1, Arg2, Arg3, Arg4>, boost::multiprecision::number<Backend, ExpressionTemplates> >::result_type boost::multiprecision::operator*(const boost::multiprecision::detail::expression<tag, Arg1, Arg2, Arg3, Arg4>&, boost::multiprecision::number<Backend, ExpressionTemplates>&&)’
  639 | operator*(const detail::expression<tag, Arg1, Arg2, Arg3, Arg4>& a, number<B, ET>&& b)
      | ^~~~~~~~
/usr/include/boost/multiprecision/detail/et_ops.hpp:639:1: note:   template argument deduction/substitution failed:
/home/yjh/WorkSpace/astribot_sdk_ros2/runs/cpp_migration_20260921/stage6b_stamp/source/ws_robot/src/astribot_s1_navigation_policy_native/src/policy_observer_node.cpp:308:481: note:   ‘const Integer’ {aka ‘const boost::multiprecision::number<boost::multiprecision::backends::cpp_int_backend<> >’} is not derived from ‘const boost::multiprecision::detail::expression<tag, Arg1, Arg2, Arg3, Arg4>’
  308 |   if(risk){auto ids=risk->obstacle_ids;ids.insert(ids.end(),risk->immediate_obstacle_ids.begin(),risk->immediate_obstacle_ids.end());for(const auto& id:ids){if(!reported.insert(id).second)continue;const auto& track=*fusion_->tracks().at(id);const auto& o=track.observation;const auto& b=std::get<MetricBox>(o.geometry);blocking.push_back(json{{"id",id},{"center_m",xyz(b.center_m)},{"size_m",xyz(b.size_m)},{"velocity_m_s",xyz(track.velocity)},{"age_s",seconds-o.capture_stamp.ns*1e-9}});}}
      |                                                                                                                                                                                                                                                                                                                                                                                                                                                                                                 ^~~~
In file included from /usr/include/boost/multiprecision/detail/default_ops.hpp:3700,
                 from /usr/include/boost/multiprecision/detail/generic_interconvert.hpp:9,
                 from /usr/include/boost/multiprecision/number.hpp:26,
                 from /usr/include/boost/multiprecision/cpp_int.hpp:12,
                 from /home/yjh/WorkSpace/astribot_sdk_ros2/runs/cpp_migration_20260921/stage6b_stamp/source/ws_robot/src/astribot_s1_navigation_policy_native/include/astribot_s1_navigation_policy_native/policy_integer.hpp:3,
                 from /home/yjh/WorkSpace/astribot_sdk_ros2/runs/cpp_migration_20260921/stage6b_stamp/source/ws_robot/src/astribot_s1_navigation_policy_native/include/astribot_s1_navigation_policy_native/policy_contracts.hpp:5,
                 from /home/yjh/WorkSpace/astribot_sdk_ros2/runs/cpp_migration_20260921/stage6b_stamp/source/ws_robot/src/astribot_s1_navigation_policy_native/include/astribot_s1_navigation_policy_native/policy_observer_core.hpp:3,
                 from /home/yjh/WorkSpace/astribot_sdk_ros2/runs/cpp_migration_20260921/stage6b_stamp/source/ws_robot/src/astribot_s1_navigation_policy_native/include/astribot_s1_navigation_policy_native/policy_observer_node.hpp:2,
                 from /home/yjh/WorkSpace/astribot_sdk_ros2/runs/cpp_migration_20260921/stage6b_stamp/source/ws_robot/src/astribot_s1_navigation_policy_native/src/policy_observer_node.cpp:1:
/usr/include/boost/multiprecision/detail/et_ops.hpp:646:1: note: candidate: ‘template<class tag, class Arg1, class Arg2, class Arg3, class Arg4, class tag2, class Arg1b, class Arg2b, class Arg3b, class Arg4b> constexpr boost::multiprecision::detail::expression<boost::multiprecision::detail::multiplies, boost::multiprecision::detail::expression<tag, Arg1, Arg2, Arg3, Arg4>, boost::multiprecision::detail::expression<tagb, A1b, A2b, A3b, A4b> > boost::multiprecision::operator*(const boost::multiprecision::detail::expression<tag, Arg1, Arg2, Arg3, Arg4>&, const boost::multiprecision::detail::expression<tagb, A1b, A2b, A3b, A4b>&)’
  646 | operator*(const detail::expression<tag, Arg1, Arg2, Arg3, Arg4>& a, const detail::expression<tag2, Arg1b, Arg2b, Arg3b, Arg4b>& b)
      | ^~~~~~~~
/usr/include/boost/multiprecision/detail/et_ops.hpp:646:1: note:   template argument deduction/substitution failed:
/home/yjh/WorkSpace/astribot_sdk_ros2/runs/cpp_migration_20260921/stage6b_stamp/source/ws_robot/src/astribot_s1_navigation_policy_native/src/policy_observer_node.cpp:308:481: note:   ‘const Integer’ {aka ‘const boost::multiprecision::number<boost::multiprecision::backends::cpp_int_backend<> >’} is not derived from ‘const boost::multiprecision::detail::expression<tag, Arg1, Arg2, Arg3, Arg4>’
  308 |   if(risk){auto ids=risk->obstacle_ids;ids.insert(ids.end(),risk->immediate_obstacle_ids.begin(),risk->immediate_obstacle_ids.end());for(const auto& id:ids){if(!reported.insert(id).second)continue;const auto& track=*fusion_->tracks().at(id);const auto& o=track.observation;const auto& b=std::get<MetricBox>(o.geometry);blocking.push_back(json{{"id",id},{"center_m",xyz(b.center_m)},{"size_m",xyz(b.size_m)},{"velocity_m_s",xyz(track.velocity)},{"age_s",seconds-o.capture_stamp.ns*1e-9}});}}
      |                                                                                                                                                                                                                                                                                                                                                                                                                                                                                                 ^~~~
In file included from /usr/include/boost/multiprecision/detail/default_ops.hpp:3700,
                 from /usr/include/boost/multiprecision/detail/generic_interconvert.hpp:9,
                 from /usr/include/boost/multiprecision/number.hpp:26,
                 from /usr/include/boost/multiprecision/cpp_int.hpp:12,
                 from /home/yjh/WorkSpace/astribot_sdk_ros2/runs/cpp_migration_20260921/stage6b_stamp/source/ws_robot/src/astribot_s1_navigation_policy_native/include/astribot_s1_navigation_policy_native/policy_integer.hpp:3,
                 from /home/yjh/WorkSpace/astribot_sdk_ros2/runs/cpp_migration_20260921/stage6b_stamp/source/ws_robot/src/astribot_s1_navigation_policy_native/include/astribot_s1_navigation_policy_native/policy_contracts.hpp:5,
                 from /home/yjh/WorkSpace/astribot_sdk_ros2/runs/cpp_migration_20260921/stage6b_stamp/source/ws_robot/src/astribot_s1_navigation_policy_native/include/astribot_s1_navigation_policy_native/policy_observer_core.hpp:3,
                 from /home/yjh/WorkSpace/astribot_sdk_ros2/runs/cpp_migration_20260921/stage6b_stamp/source/ws_robot/src/astribot_s1_navigation_policy_native/include/astribot_s1_navigation_policy_native/policy_observer_node.hpp:2,
                 from /home/yjh/WorkSpace/astribot_sdk_ros2/runs/cpp_migration_20260921/stage6b_stamp/source/ws_robot/src/astribot_s1_navigation_policy_native/src/policy_observer_node.cpp:1:
/usr/include/boost/multiprecision/detail/et_ops.hpp:652:1: note: candidate: ‘template<class tag, class Arg1, class Arg2, class Arg3, class Arg4, class V> constexpr typename boost::enable_if<boost::multiprecision::is_compatible_arithmetic_type<Arithmetic, typename boost::multiprecision::detail::expression<tag, Arg1, Arg2, Arg3, Arg4>::result_type>, boost::multiprecision::detail::expression<boost::multiprecision::detail::multiplies, boost::multiprecision::detail::expression<tag, Arg1, Arg2, Arg3, Arg4>, V> >::type boost::multiprecision::operator*(const boost::multiprecision::detail::expression<tag, Arg1, Arg2, Arg3, Arg4>&, const V&)’
  652 | operator*(const detail::expression<tag, Arg1, Arg2, Arg3, Arg4>& a, const V& b)
      | ^~~~~~~~
/usr/include/boost/multiprecision/detail/et_ops.hpp:652:1: note:   template argument deduction/substitution failed:
/home/yjh/WorkSpace/astribot_sdk_ros2/runs/cpp_migration_20260921/stage6b_stamp/source/ws_robot/src/astribot_s1_navigation_policy_native/src/policy_observer_node.cpp:308:481: note:   ‘const Integer’ {aka ‘const boost::multiprecision::number<boost::multiprecision::backends::cpp_int_backend<> >’} is not derived from ‘const boost::multiprecision::detail::expression<tag, Arg1, Arg2, Arg3, Arg4>’
  308 |   if(risk){auto ids=risk->obstacle_ids;ids.insert(ids.end(),risk->immediate_obstacle_ids.begin(),risk->immediate_obstacle_ids.end());for(const auto& id:ids){if(!reported.insert(id).second)continue;const auto& track=*fusion_->tracks().at(id);const auto& o=track.observation;const auto& b=std::get<MetricBox>(o.geometry);blocking.push_back(json{{"id",id},{"center_m",xyz(b.center_m)},{"size_m",xyz(b.size_m)},{"velocity_m_s",xyz(track.velocity)},{"age_s",seconds-o.capture_stamp.ns*1e-9}});}}
      |                                                                                                                                                                                                                                                                                                                                                                                                                                                                                                 ^~~~
In file included from /usr/include/boost/multiprecision/detail/default_ops.hpp:3700,
                 from /usr/include/boost/multiprecision/detail/generic_interconvert.hpp:9,
                 from /usr/include/boost/multiprecision/number.hpp:26,
                 from /usr/include/boost/multiprecision/cpp_int.hpp:12,
                 from /home/yjh/WorkSpace/astribot_sdk_ros2/runs/cpp_migration_20260921/stage6b_stamp/source/ws_robot/src/astribot_s1_navigation_policy_native/include/astribot_s1_navigation_policy_native/policy_integer.hpp:3,
                 from /home/yjh/WorkSpace/astribot_sdk_ros2/runs/cpp_migration_20260921/stage6b_stamp/source/ws_robot/src/astribot_s1_navigation_policy_native/include/astribot_s1_navigation_policy_native/policy_contracts.hpp:5,
                 from /home/yjh/WorkSpace/astribot_sdk_ros2/runs/cpp_migration_20260921/stage6b_stamp/source/ws_robot/src/astribot_s1_navigation_policy_native/include/astribot_s1_navigation_policy_native/policy_observer_core.hpp:3,
                 from /home/yjh/WorkSpace/astribot_sdk_ros2/runs/cpp_migration_20260921/stage6b_stamp/source/ws_robot/src/astribot_s1_navigation_policy_native/include/astribot_s1_navigation_policy_native/policy_observer_node.hpp:2,
                 from /home/yjh/WorkSpace/astribot_sdk_ros2/runs/cpp_migration_20260921/stage6b_stamp/source/ws_robot/src/astribot_s1_navigation_policy_native/src/policy_observer_node.cpp:1:
/usr/include/boost/multiprecision/detail/et_ops.hpp:658:1: note: candidate: ‘template<class V, class tag, class Arg1, class Arg2, class Arg3, class Arg4> constexpr typename boost::enable_if<boost::multiprecision::is_compatible_arithmetic_type<V, typename boost::multiprecision::detail::expression<tag, A1, A2, A3, A4>::result_type>, boost::multiprecision::detail::expression<boost::multiprecision::detail::multiplies, V, boost::multiprecision::detail::expression<tag, A1, A2, A3, A4> > >::type boost::multiprecision::operator*(const V&, const boost::multiprecision::detail::expression<tag, A1, A2, A3, A4>&)’
  658 | operator*(const V& a, const detail::expression<tag, Arg1, Arg2, Arg3, Arg4>& b)
      | ^~~~~~~~
/usr/include/boost/multiprecision/detail/et_ops.hpp:658:1: note:   template argument deduction/substitution failed:
/home/yjh/WorkSpace/astribot_sdk_ros2/runs/cpp_migration_20260921/stage6b_stamp/source/ws_robot/src/astribot_s1_navigation_policy_native/src/policy_observer_node.cpp:308:481: note:   mismatched types ‘const boost::multiprecision::detail::expression<tag, A1, A2, A3, A4>’ and ‘double’
  308 |   if(risk){auto ids=risk->obstacle_ids;ids.insert(ids.end(),risk->immediate_obstacle_ids.begin(),risk->immediate_obstacle_ids.end());for(const auto& id:ids){if(!reported.insert(id).second)continue;const auto& track=*fusion_->tracks().at(id);const auto& o=track.observation;const auto& b=std::get<MetricBox>(o.geometry);blocking.push_back(json{{"id",id},{"center_m",xyz(b.center_m)},{"size_m",xyz(b.size_m)},{"velocity_m_s",xyz(track.velocity)},{"age_s",seconds-o.capture_stamp.ns*1e-9}});}}
      |                                                                                                                                                                                                                                                                                                                                                                                                                                                                                                 ^~~~
In file included from /usr/include/boost/multiprecision/detail/default_ops.hpp:3700,
                 from /usr/include/boost/multiprecision/detail/generic_interconvert.hpp:9,
                 from /usr/include/boost/multiprecision/number.hpp:26,
                 from /usr/include/boost/multiprecision/cpp_int.hpp:12,
                 from /home/yjh/WorkSpace/astribot_sdk_ros2/runs/cpp_migration_20260921/stage6b_stamp/source/ws_robot/src/astribot_s1_navigation_policy_native/include/astribot_s1_navigation_policy_native/policy_integer.hpp:3,
                 from /home/yjh/WorkSpace/astribot_sdk_ros2/runs/cpp_migration_20260921/stage6b_stamp/source/ws_robot/src/astribot_s1_navigation_policy_native/include/astribot_s1_navigation_policy_native/policy_contracts.hpp:5,
                 from /home/yjh/WorkSpace/astribot_sdk_ros2/runs/cpp_migration_20260921/stage6b_stamp/source/ws_robot/src/astribot_s1_navigation_policy_native/include/astribot_s1_navigation_policy_native/policy_observer_core.hpp:3,
                 from /home/yjh/WorkSpace/astribot_sdk_ros2/runs/cpp_migration_20260921/stage6b_stamp/source/ws_robot/src/astribot_s1_navigation_policy_native/include/astribot_s1_navigation_policy_native/policy_observer_node.hpp:2,
                 from /home/yjh/WorkSpace/astribot_sdk_ros2/runs/cpp_migration_20260921/stage6b_stamp/source/ws_robot/src/astribot_s1_navigation_policy_native/src/policy_observer_node.cpp:1:
/usr/include/boost/multiprecision/detail/et_ops.hpp:667:1: note: candidate: ‘template<class B, boost::multiprecision::expression_template_option ET, class Arg1, class Arg2, class Arg3, class Arg4> constexpr boost::multiprecision::detail::expression<boost::multiprecision::detail::negate, boost::multiprecision::detail::expression<boost::multiprecision::detail::multiplies, boost::multiprecision::number<Backend, ExpressionTemplates>, Arg1> > boost::multiprecision::operator*(const boost::multiprecision::number<Backend, ExpressionTemplates>&, const boost::multiprecision::detail::expression<boost::multiprecision::detail::negate, Arg1, Arg2, Arg3, Arg4>&)’
  667 | operator*(const number<B, ET>& a, const detail::expression<detail::negate, Arg1, Arg2, Arg3, Arg4>& b)
      | ^~~~~~~~
/usr/include/boost/multiprecision/detail/et_ops.hpp:667:1: note:   template argument deduction/substitution failed:
/home/yjh/WorkSpace/astribot_sdk_ros2/runs/cpp_migration_20260921/stage6b_stamp/source/ws_robot/src/astribot_s1_navigation_policy_native/src/policy_observer_node.cpp:308:481: note:   mismatched types ‘const boost::multiprecision::detail::expression<boost::multiprecision::detail::negate, Arg1, Arg2, Arg3, Arg4>’ and ‘double’
  308 |   if(risk){auto ids=risk->obstacle_ids;ids.insert(ids.end(),risk->immediate_obstacle_ids.begin(),risk->immediate_obstacle_ids.end());for(const auto& id:ids){if(!reported.insert(id).second)continue;const auto& track=*fusion_->tracks().at(id);const auto& o=track.observation;const auto& b=std::get<MetricBox>(o.geometry);blocking.push_back(json{{"id",id},{"center_m",xyz(b.center_m)},{"size_m",xyz(b.size_m)},{"velocity_m_s",xyz(track.velocity)},{"age_s",seconds-o.capture_stamp.ns*1e-9}});}}
      |                                                                                                                                                                                                                                                                                                                                                                                                                                                                                                 ^~~~
In file included from /usr/include/boost/multiprecision/detail/default_ops.hpp:3700,
                 from /usr/include/boost/multiprecision/detail/generic_interconvert.hpp:9,
                 from /usr/include/boost/multiprecision/number.hpp:26,
                 from /usr/include/boost/multiprecision/cpp_int.hpp:12,
                 from /home/yjh/WorkSpace/astribot_sdk_ros2/runs/cpp_migration_20260921/stage6b_stamp/source/ws_robot/src/astribot_s1_navigation_policy_native/include/astribot_s1_navigation_policy_native/policy_integer.hpp:3,
                 from /home/yjh/WorkSpace/astribot_sdk_ros2/runs/cpp_migration_20260921/stage6b_stamp/source/ws_robot/src/astribot_s1_navigation_policy_native/include/astribot_s1_navigation_policy_native/policy_contracts.hpp:5,
                 from /home/yjh/WorkSpace/astribot_sdk_ros2/runs/cpp_migration_20260921/stage6b_stamp/source/ws_robot/src/astribot_s1_navigation_policy_native/include/astribot_s1_navigation_policy_native/policy_observer_core.hpp:3,
                 from /home/yjh/WorkSpace/astribot_sdk_ros2/runs/cpp_migration_20260921/stage6b_stamp/source/ws_robot/src/astribot_s1_navigation_policy_native/include/astribot_s1_navigation_policy_native/policy_observer_node.hpp:2,
                 from /home/yjh/WorkSpace/astribot_sdk_ros2/runs/cpp_migration_20260921/stage6b_stamp/source/ws_robot/src/astribot_s1_navigation_policy_native/src/policy_observer_node.cpp:1:
/usr/include/boost/multiprecision/detail/et_ops.hpp:675:1: note: candidate: ‘template<class B, boost::multiprecision::expression_template_option ET, class Arg1, class Arg2, class Arg3, class Arg4> constexpr typename boost::multiprecision::detail::expression<boost::multiprecision::detail::negate, boost::multiprecision::detail::expression<boost::multiprecision::detail::multiplies, boost::multiprecision::number<Backend, ExpressionTemplates>, Arg1> >::result_type boost::multiprecision::operator*(boost::multiprecision::number<Backend, ExpressionTemplates>&&, const boost::multiprecision::detail::expression<boost::multiprecision::detail::negate, Arg1, Arg2, Arg3, Arg4>&)’
  675 | operator*(number<B, ET>&& a, const detail::expression<detail::negate, Arg1, Arg2, Arg3, Arg4>& b)
      | ^~~~~~~~
/usr/include/boost/multiprecision/detail/et_ops.hpp:675:1: note:   template argument deduction/substitution failed:
/home/yjh/WorkSpace/astribot_sdk_ros2/runs/cpp_migration_20260921/stage6b_stamp/source/ws_robot/src/astribot_s1_navigation_policy_native/src/policy_observer_node.cpp:308:481: note:   types ‘boost::multiprecision::number<Backend, ExpressionTemplates>’ and ‘const Integer’ {aka ‘const boost::multiprecision::number<boost::multiprecision::backends::cpp_int_backend<> >’} have incompatible cv-qualifiers
  308 |   if(risk){auto ids=risk->obstacle_ids;ids.insert(ids.end(),risk->immediate_obstacle_ids.begin(),risk->immediate_obstacle_ids.end());for(const auto& id:ids){if(!reported.insert(id).second)continue;const auto& track=*fusion_->tracks().at(id);const auto& o=track.observation;const auto& b=std::get<MetricBox>(o.geometry);blocking.push_back(json{{"id",id},{"center_m",xyz(b.center_m)},{"size_m",xyz(b.size_m)},{"velocity_m_s",xyz(track.velocity)},{"age_s",seconds-o.capture_stamp.ns*1e-9}});}}
      |                                                                                                                                                                                                                                                                                                                                                                                                                                                                                                 ^~~~
In file included from /usr/include/boost/multiprecision/detail/default_ops.hpp:3700,
                 from /usr/include/boost/multiprecision/detail/generic_interconvert.hpp:9,
                 from /usr/include/boost/multiprecision/number.hpp:26,
                 from /usr/include/boost/multiprecision/cpp_int.hpp:12,
                 from /home/yjh/WorkSpace/astribot_sdk_ros2/runs/cpp_migration_20260921/stage6b_stamp/source/ws_robot/src/astribot_s1_navigation_policy_native/include/astribot_s1_navigation_policy_native/policy_integer.hpp:3,
                 from /home/yjh/WorkSpace/astribot_sdk_ros2/runs/cpp_migration_20260921/stage6b_stamp/source/ws_robot/src/astribot_s1_navigation_policy_native/include/astribot_s1_navigation_policy_native/policy_contracts.hpp:5,
                 from /home/yjh/WorkSpace/astribot_sdk_ros2/runs/cpp_migration_20260921/stage6b_stamp/source/ws_robot/src/astribot_s1_navigation_policy_native/include/astribot_s1_navigation_policy_native/policy_observer_core.hpp:3,
                 from /home/yjh/WorkSpace/astribot_sdk_ros2/runs/cpp_migration_20260921/stage6b_stamp/source/ws_robot/src/astribot_s1_navigation_policy_native/include/astribot_s1_navigation_policy_native/policy_observer_node.hpp:2,
                 from /home/yjh/WorkSpace/astribot_sdk_ros2/runs/cpp_migration_20260921/stage6b_stamp/source/ws_robot/src/astribot_s1_navigation_policy_native/src/policy_observer_node.cpp:1:
/usr/include/boost/multiprecision/detail/et_ops.hpp:683:1: note: candidate: ‘template<class Arg1, class Arg2, class Arg3, class Arg4, class B, boost::multiprecision::expression_template_option ET> constexpr boost::multiprecision::detail::expression<boost::multiprecision::detail::negate, boost::multiprecision::detail::expression<boost::multiprecision::detail::multiplies, boost::multiprecision::number<B, ET>, Arg1> > boost::multiprecision::operator*(const boost::multiprecision::detail::expression<boost::multiprecision::detail::negate, Arg1, Arg2, Arg3, Arg4>&, const boost::multiprecision::number<B, ET>&)’
  683 | operator*(const detail::expression<detail::negate, Arg1, Arg2, Arg3, Arg4>& a, const number<B, ET>& b)
      | ^~~~~~~~
/usr/include/boost/multiprecision/detail/et_ops.hpp:683:1: note:   template argument deduction/substitution failed:
/home/yjh/WorkSpace/astribot_sdk_ros2/runs/cpp_migration_20260921/stage6b_stamp/source/ws_robot/src/astribot_s1_navigation_policy_native/src/policy_observer_node.cpp:308:481: note:   ‘const Integer’ {aka ‘const boost::multiprecision::number<boost::multiprecision::backends::cpp_int_backend<> >’} is not derived from ‘const boost::multiprecision::detail::expression<boost::multiprecision::detail::negate, Arg1, Arg2, Arg3, Arg4>’
  308 |   if(risk){auto ids=risk->obstacle_ids;ids.insert(ids.end(),risk->immediate_obstacle_ids.begin(),risk->immediate_obstacle_ids.end());for(const auto& id:ids){if(!reported.insert(id).second)continue;const auto& track=*fusion_->tracks().at(id);const auto& o=track.observation;const auto& b=std::get<MetricBox>(o.geometry);blocking.push_back(json{{"id",id},{"center_m",xyz(b.center_m)},{"size_m",xyz(b.size_m)},{"velocity_m_s",xyz(track.velocity)},{"age_s",seconds-o.capture_stamp.ns*1e-9}});}}
      |                                                                                                                                                                                                                                                                                                                                                                                                                                                                                                 ^~~~
In file included from /usr/include/boost/multiprecision/detail/default_ops.hpp:3700,
                 from /usr/include/boost/multiprecision/detail/generic_interconvert.hpp:9,
                 from /usr/include/boost/multiprecision/number.hpp:26,
                 from /usr/include/boost/multiprecision/cpp_int.hpp:12,
                 from /home/yjh/WorkSpace/astribot_sdk_ros2/runs/cpp_migration_20260921/stage6b_stamp/source/ws_robot/src/astribot_s1_navigation_policy_native/include/astribot_s1_navigation_policy_native/policy_integer.hpp:3,
                 from /home/yjh/WorkSpace/astribot_sdk_ros2/runs/cpp_migration_20260921/stage6b_stamp/source/ws_robot/src/astribot_s1_navigation_policy_native/include/astribot_s1_navigation_policy_native/policy_contracts.hpp:5,
                 from /home/yjh/WorkSpace/astribot_sdk_ros2/runs/cpp_migration_20260921/stage6b_stamp/source/ws_robot/src/astribot_s1_navigation_policy_native/include/astribot_s1_navigation_policy_native/policy_observer_core.hpp:3,
                 from /home/yjh/WorkSpace/astribot_sdk_ros2/runs/cpp_migration_20260921/stage6b_stamp/source/ws_robot/src/astribot_s1_navigation_policy_native/include/astribot_s1_navigation_policy_native/policy_observer_node.hpp:2,
                 from /home/yjh/WorkSpace/astribot_sdk_ros2/runs/cpp_migration_20260921/stage6b_stamp/source/ws_robot/src/astribot_s1_navigation_policy_native/src/policy_observer_node.cpp:1:
/usr/include/boost/multiprecision/detail/et_ops.hpp:691:1: note: candidate: ‘template<class Arg1, class Arg2, class Arg3, class Arg4, class B, boost::multiprecision::expression_template_option ET> constexpr typename boost::multiprecision::detail::expression<boost::multiprecision::detail::negate, boost::multiprecision::detail::expression<boost::multiprecision::detail::multiplies, boost::multiprecision::number<B, ET>, Arg1> >::result_type boost::multiprecision::operator*(const boost::multiprecision::detail::expression<boost::multiprecision::detail::negate, Arg1, Arg2, Arg3, Arg4>&, boost::multiprecision::number<B, ET>&&)’
  691 | operator*(const detail::expression<detail::negate, Arg1, Arg2, Arg3, Arg4>& a, number<B, ET>&& b)
      | ^~~~~~~~
/usr/include/boost/multiprecision/detail/et_ops.hpp:691:1: note:   template argument deduction/substitution failed:
/home/yjh/WorkSpace/astribot_sdk_ros2/runs/cpp_migration_20260921/stage6b_stamp/source/ws_robot/src/astribot_s1_navigation_policy_native/src/policy_observer_node.cpp:308:481: note:   ‘const Integer’ {aka ‘const boost::multiprecision::number<boost::multiprecision::backends::cpp_int_backend<> >’} is not derived from ‘const boost::multiprecision::detail::expression<boost::multiprecision::detail::negate, Arg1, Arg2, Arg3, Arg4>’
  308 |   if(risk){auto ids=risk->obstacle_ids;ids.insert(ids.end(),risk->immediate_obstacle_ids.begin(),risk->immediate_obstacle_ids.end());for(const auto& id:ids){if(!reported.insert(id).second)continue;const auto& track=*fusion_->tracks().at(id);const auto& o=track.observation;const auto& b=std::get<MetricBox>(o.geometry);blocking.push_back(json{{"id",id},{"center_m",xyz(b.center_m)},{"size_m",xyz(b.size_m)},{"velocity_m_s",xyz(track.velocity)},{"age_s",seconds-o.capture_stamp.ns*1e-9}});}}
      |                                                                                                                                                                                                                                                                                                                                                                                                                                                                                                 ^~~~
In file included from /usr/include/boost/multiprecision/detail/default_ops.hpp:3700,
                 from /usr/include/boost/multiprecision/detail/generic_interconvert.hpp:9,
                 from /usr/include/boost/multiprecision/number.hpp:26,
                 from /usr/include/boost/multiprecision/cpp_int.hpp:12,
                 from /home/yjh/WorkSpace/astribot_sdk_ros2/runs/cpp_migration_20260921/stage6b_stamp/source/ws_robot/src/astribot_s1_navigation_policy_native/include/astribot_s1_navigation_policy_native/policy_integer.hpp:3,
                 from /home/yjh/WorkSpace/astribot_sdk_ros2/runs/cpp_migration_20260921/stage6b_stamp/source/ws_robot/src/astribot_s1_navigation_policy_native/include/astribot_s1_navigation_policy_native/policy_contracts.hpp:5,
                 from /home/yjh/WorkSpace/astribot_sdk_ros2/runs/cpp_migration_20260921/stage6b_stamp/source/ws_robot/src/astribot_s1_navigation_policy_native/include/astribot_s1_navigation_policy_native/policy_observer_core.hpp:3,
                 from /home/yjh/WorkSpace/astribot_sdk_ros2/runs/cpp_migration_20260921/stage6b_stamp/source/ws_robot/src/astribot_s1_navigation_policy_native/include/astribot_s1_navigation_policy_native/policy_observer_node.hpp:2,
                 from /home/yjh/WorkSpace/astribot_sdk_ros2/runs/cpp_migration_20260921/stage6b_stamp/source/ws_robot/src/astribot_s1_navigation_policy_native/src/policy_observer_node.cpp:1:
/usr/include/boost/multiprecision/detail/et_ops.hpp:699:1: note: candidate: ‘template<class B> constexpr boost::multiprecision::detail::expression<boost::multiprecision::detail::negate, boost::multiprecision::detail::expression<boost::multiprecision::detail::multiply_immediates, boost::multiprecision::number<Backend, boost::multiprecision::et_on>, boost::multiprecision::number<Backend, boost::multiprecision::et_on> > > boost::multiprecision::operator*(const boost::multiprecision::number<Backend, boost::multiprecision::et_on>&, const boost::multiprecision::detail::expression<boost::multiprecision::detail::negate, boost::multiprecision::number<Backend, boost::multiprecision::et_on> >&)’
  699 | operator*(const number<B, et_on>& a, const detail::expression<detail::negate, number<B, et_on> >& b)
      | ^~~~~~~~
/usr/include/boost/multiprecision/detail/et_ops.hpp:699:1: note:   template argument deduction/substitution failed:
/home/yjh/WorkSpace/astribot_sdk_ros2/runs/cpp_migration_20260921/stage6b_stamp/source/ws_robot/src/astribot_s1_navigation_policy_native/src/policy_observer_node.cpp:308:481: note:   mismatched types ‘const boost::multiprecision::detail::expression<boost::multiprecision::detail::negate, boost::multiprecision::number<Backend, boost::multiprecision::et_on> >’ and ‘double’
  308 |   if(risk){auto ids=risk->obstacle_ids;ids.insert(ids.end(),risk->immediate_obstacle_ids.begin(),risk->immediate_obstacle_ids.end());for(const auto& id:ids){if(!reported.insert(id).second)continue;const auto& track=*fusion_->tracks().at(id);const auto& o=track.observation;const auto& b=std::get<MetricBox>(o.geometry);blocking.push_back(json{{"id",id},{"center_m",xyz(b.center_m)},{"size_m",xyz(b.size_m)},{"velocity_m_s",xyz(track.velocity)},{"age_s",seconds-o.capture_stamp.ns*1e-9}});}}
      |                                                                                                                                                                                                                                                                                                                                                                                                                                                                                                 ^~~~
In file included from /usr/include/boost/multiprecision/detail/default_ops.hpp:3700,
                 from /usr/include/boost/multiprecision/detail/generic_interconvert.hpp:9,
                 from /usr/include/boost/multiprecision/number.hpp:26,
                 from /usr/include/boost/multiprecision/cpp_int.hpp:12,
                 from /home/yjh/WorkSpace/astribot_sdk_ros2/runs/cpp_migration_20260921/stage6b_stamp/source/ws_robot/src/astribot_s1_navigation_policy_native/include/astribot_s1_navigation_policy_native/policy_integer.hpp:3,
                 from /home/yjh/WorkSpace/astribot_sdk_ros2/runs/cpp_migration_20260921/stage6b_stamp/source/ws_robot/src/astribot_s1_navigation_policy_native/include/astribot_s1_navigation_policy_native/policy_contracts.hpp:5,
                 from /home/yjh/WorkSpace/astribot_sdk_ros2/runs/cpp_migration_20260921/stage6b_stamp/source/ws_robot/src/astribot_s1_navigation_policy_native/include/astribot_s1_navigation_policy_native/policy_observer_core.hpp:3,
                 from /home/yjh/WorkSpace/astribot_sdk_ros2/runs/cpp_migration_20260921/stage6b_stamp/source/ws_robot/src/astribot_s1_navigation_policy_native/include/astribot_s1_navigation_policy_native/policy_observer_node.hpp:2,
                 from /home/yjh/WorkSpace/astribot_sdk_ros2/runs/cpp_migration_20260921/stage6b_stamp/source/ws_robot/src/astribot_s1_navigation_policy_native/src/policy_observer_node.cpp:1:
/usr/include/boost/multiprecision/detail/et_ops.hpp:707:1: note: candidate: ‘template<class B> constexpr typename boost::multiprecision::detail::expression<boost::multiprecision::detail::negate, boost::multiprecision::detail::expression<boost::multiprecision::detail::multiply_immediates, boost::multiprecision::number<Backend, boost::multiprecision::et_on>, boost::multiprecision::number<Backend, boost::multiprecision::et_on> > >::result_type boost::multiprecision::operator*(boost::multiprecision::number<Backend, boost::multiprecision::et_on>&&, const boost::multiprecision::detail::expression<boost::multiprecision::detail::negate, boost::multiprecision::number<Backend, boost::multiprecision::et_on> >&)’
  707 | operator*(number<B, et_on>&& a, const detail::expression<detail::negate, number<B, et_on> >& b)
      | ^~~~~~~~
/usr/include/boost/multiprecision/detail/et_ops.hpp:707:1: note:   template argument deduction/substitution failed:
/home/yjh/WorkSpace/astribot_sdk_ros2/runs/cpp_migration_20260921/stage6b_stamp/source/ws_robot/src/astribot_s1_navigation_policy_native/src/policy_observer_node.cpp:308:481: note:   types ‘boost::multiprecision::number<Backend, boost::multiprecision::et_on>’ and ‘const Integer’ {aka ‘const boost::multiprecision::number<boost::multiprecision::backends::cpp_int_backend<> >’} have incompatible cv-qualifiers
  308 |   if(risk){auto ids=risk->obstacle_ids;ids.insert(ids.end(),risk->immediate_obstacle_ids.begin(),risk->immediate_obstacle_ids.end());for(const auto& id:ids){if(!reported.insert(id).second)continue;const auto& track=*fusion_->tracks().at(id);const auto& o=track.observation;const auto& b=std::get<MetricBox>(o.geometry);blocking.push_back(json{{"id",id},{"center_m",xyz(b.center_m)},{"size_m",xyz(b.size_m)},{"velocity_m_s",xyz(track.velocity)},{"age_s",seconds-o.capture_stamp.ns*1e-9}});}}
      |                                                                                                                                                                                                                                                                                                                                                                                                                                                                                                 ^~~~
In file included from /usr/include/boost/multiprecision/detail/default_ops.hpp:3700,
                 from /usr/include/boost/multiprecision/detail/generic_interconvert.hpp:9,
                 from /usr/include/boost/multiprecision/number.hpp:26,
                 from /usr/include/boost/multiprecision/cpp_int.hpp:12,
                 from /home/yjh/WorkSpace/astribot_sdk_ros2/runs/cpp_migration_20260921/stage6b_stamp/source/ws_robot/src/astribot_s1_navigation_policy_native/include/astribot_s1_navigation_policy_native/policy_integer.hpp:3,
                 from /home/yjh/WorkSpace/astribot_sdk_ros2/runs/cpp_migration_20260921/stage6b_stamp/source/ws_robot/src/astribot_s1_navigation_policy_native/include/astribot_s1_navigation_policy_native/policy_contracts.hpp:5,
                 from /home/yjh/WorkSpace/astribot_sdk_ros2/runs/cpp_migration_20260921/stage6b_stamp/source/ws_robot/src/astribot_s1_navigation_policy_native/include/astribot_s1_navigation_policy_native/policy_observer_core.hpp:3,
                 from /home/yjh/WorkSpace/astribot_sdk_ros2/runs/cpp_migration_20260921/stage6b_stamp/source/ws_robot/src/astribot_s1_navigation_policy_native/include/astribot_s1_navigation_policy_native/policy_observer_node.hpp:2,
                 from /home/yjh/WorkSpace/astribot_sdk_ros2/runs/cpp_migration_20260921/stage6b_stamp/source/ws_robot/src/astribot_s1_navigation_policy_native/src/policy_observer_node.cpp:1:
/usr/include/boost/multiprecision/detail/et_ops.hpp:715:1: note: candidate: ‘template<class B> constexpr boost::multiprecision::detail::expression<boost::multiprecision::detail::negate, boost::multiprecision::detail::expression<boost::multiprecision::detail::multiply_immediates, boost::multiprecision::number<Backend, boost::multiprecision::et_on>, boost::multiprecision::number<Backend, boost::multiprecision::et_on> > > boost::multiprecision::operator*(const boost::multiprecision::detail::expression<boost::multiprecision::detail::negate, boost::multiprecision::number<Backend, boost::multiprecision::et_on> >&, const boost::multiprecision::number<Backend, boost::multiprecision::et_on>&)’
  715 | operator*(const detail::expression<detail::negate, number<B, et_on> >& a, const number<B, et_on>& b)
      | ^~~~~~~~
/usr/include/boost/multiprecision/detail/et_ops.hpp:715:1: note:   template argument deduction/substitution failed:
/home/yjh/WorkSpace/astribot_sdk_ros2/runs/cpp_migration_20260921/stage6b_stamp/source/ws_robot/src/astribot_s1_navigation_policy_native/src/policy_observer_node.cpp:308:481: note:   ‘const Integer’ {aka ‘const boost::multiprecision::number<boost::multiprecision::backends::cpp_int_backend<> >’} is not derived from ‘const boost::multiprecision::detail::expression<boost::multiprecision::detail::negate, boost::multiprecision::number<Backend, boost::multiprecision::et_on> >’
  308 |   if(risk){auto ids=risk->obstacle_ids;ids.insert(ids.end(),risk->immediate_obstacle_ids.begin(),risk->immediate_obstacle_ids.end());for(const auto& id:ids){if(!reported.insert(id).second)continue;const auto& track=*fusion_->tracks().at(id);const auto& o=track.observation;const auto& b=std::get<MetricBox>(o.geometry);blocking.push_back(json{{"id",id},{"center_m",xyz(b.center_m)},{"size_m",xyz(b.size_m)},{"velocity_m_s",xyz(track.velocity)},{"age_s",seconds-o.capture_stamp.ns*1e-9}});}}
      |                                                                                                                                                                                                                                                                                                                                                                                                                                                                                                 ^~~~
In file included from /usr/include/boost/multiprecision/detail/default_ops.hpp:3700,
                 from /usr/include/boost/multiprecision/detail/generic_interconvert.hpp:9,
                 from /usr/include/boost/multiprecision/number.hpp:26,
                 from /usr/include/boost/multiprecision/cpp_int.hpp:12,
                 from /home/yjh/WorkSpace/astribot_sdk_ros2/runs/cpp_migration_20260921/stage6b_stamp/source/ws_robot/src/astribot_s1_navigation_policy_native/include/astribot_s1_navigation_policy_native/policy_integer.hpp:3,
                 from /home/yjh/WorkSpace/astribot_sdk_ros2/runs/cpp_migration_20260921/stage6b_stamp/source/ws_robot/src/astribot_s1_navigation_policy_native/include/astribot_s1_navigation_policy_native/policy_contracts.hpp:5,
                 from /home/yjh/WorkSpace/astribot_sdk_ros2/runs/cpp_migration_20260921/stage6b_stamp/source/ws_robot/src/astribot_s1_navigation_policy_native/include/astribot_s1_navigation_policy_native/policy_observer_core.hpp:3,
                 from /home/yjh/WorkSpace/astribot_sdk_ros2/runs/cpp_migration_20260921/stage6b_stamp/source/ws_robot/src/astribot_s1_navigation_policy_native/include/astribot_s1_navigation_policy_native/policy_observer_node.hpp:2,
                 from /home/yjh/WorkSpace/astribot_sdk_ros2/runs/cpp_migration_20260921/stage6b_stamp/source/ws_robot/src/astribot_s1_navigation_policy_native/src/policy_observer_node.cpp:1:
/usr/include/boost/multiprecision/detail/et_ops.hpp:723:1: note: candidate: ‘template<class B> constexpr typename boost::multiprecision::detail::expression<boost::multiprecision::detail::negate, boost::multiprecision::detail::expression<boost::multiprecision::detail::multiply_immediates, boost::multiprecision::number<Backend, boost::multiprecision::et_on>, boost::multiprecision::number<Backend, boost::multiprecision::et_on> > >::result_type boost::multiprecision::operator*(const boost::multiprecision::detail::expression<boost::multiprecision::detail::negate, boost::multiprecision::number<Backend, boost::multiprecision::et_on> >&, boost::multiprecision::number<Backend, boost::multiprecision::et_on>&&)’
  723 | operator*(const detail::expression<detail::negate, number<B, et_on> >& a, number<B, et_on>&& b)
      | ^~~~~~~~
/usr/include/boost/multiprecision/detail/et_ops.hpp:723:1: note:   template argument deduction/substitution failed:
/home/yjh/WorkSpace/astribot_sdk_ros2/runs/cpp_migration_20260921/stage6b_stamp/source/ws_robot/src/astribot_s1_navigation_policy_native/src/policy_observer_node.cpp:308:481: note:   ‘const Integer’ {aka ‘const boost::multiprecision::number<boost::multiprecision::backends::cpp_int_backend<> >’} is not derived from ‘const boost::multiprecision::detail::expression<boost::multiprecision::detail::negate, boost::multiprecision::number<Backend, boost::multiprecision::et_on> >’
  308 |   if(risk){auto ids=risk->obstacle_ids;ids.insert(ids.end(),risk->immediate_obstacle_ids.begin(),risk->immediate_obstacle_ids.end());for(const auto& id:ids){if(!reported.insert(id).second)continue;const auto& track=*fusion_->tracks().at(id);const auto& o=track.observation;const auto& b=std::get<MetricBox>(o.geometry);blocking.push_back(json{{"id",id},{"center_m",xyz(b.center_m)},{"size_m",xyz(b.size_m)},{"velocity_m_s",xyz(track.velocity)},{"age_s",seconds-o.capture_stamp.ns*1e-9}});}}
      |                                                                                                                                                                                                                                                                                                                                                                                                                                                                                                 ^~~~
In file included from /usr/include/boost/multiprecision/detail/default_ops.hpp:3700,
                 from /usr/include/boost/multiprecision/detail/generic_interconvert.hpp:9,
                 from /usr/include/boost/multiprecision/number.hpp:26,
                 from /usr/include/boost/multiprecision/cpp_int.hpp:12,
                 from /home/yjh/WorkSpace/astribot_sdk_ros2/runs/cpp_migration_20260921/stage6b_stamp/source/ws_robot/src/astribot_s1_navigation_policy_native/include/astribot_s1_navigation_policy_native/policy_integer.hpp:3,
                 from /home/yjh/WorkSpace/astribot_sdk_ros2/runs/cpp_migration_20260921/stage6b_stamp/source/ws_robot/src/astribot_s1_navigation_policy_native/include/astribot_s1_navigation_policy_native/policy_contracts.hpp:5,
                 from /home/yjh/WorkSpace/astribot_sdk_ros2/runs/cpp_migration_20260921/stage6b_stamp/source/ws_robot/src/astribot_s1_navigation_policy_native/include/astribot_s1_navigation_policy_native/policy_observer_core.hpp:3,
                 from /home/yjh/WorkSpace/astribot_sdk_ros2/runs/cpp_migration_20260921/stage6b_stamp/source/ws_robot/src/astribot_s1_navigation_policy_native/include/astribot_s1_navigation_policy_native/policy_observer_node.hpp:2,
                 from /home/yjh/WorkSpace/astribot_sdk_ros2/runs/cpp_migration_20260921/stage6b_stamp/source/ws_robot/src/astribot_s1_navigation_policy_native/src/policy_observer_node.cpp:1:
/usr/include/boost/multiprecision/detail/et_ops.hpp:731:1: note: candidate: ‘template<class B, class V> constexpr typename boost::enable_if<boost::multiprecision::is_compatible_arithmetic_type<Arithmetic, boost::multiprecision::number<Backend, boost::multiprecision::et_on> >, boost::multiprecision::detail::expression<boost::multiprecision::detail::negate, boost::multiprecision::detail::expression<boost::multiprecision::detail::multiply_immediates, boost::multiprecision::number<Backend, boost::multiprecision::et_on>, V> > >::type boost::multiprecision::operator*(const boost::multiprecision::detail::expression<boost::multiprecision::detail::negate, boost::multiprecision::number<Backend, boost::multiprecision::et_on> >&, const V&)’
  731 | operator*(const detail::expression<detail::negate, number<B, et_on> >& a, const V& b)
      | ^~~~~~~~
/usr/include/boost/multiprecision/detail/et_ops.hpp:731:1: note:   template argument deduction/substitution failed:
/home/yjh/WorkSpace/astribot_sdk_ros2/runs/cpp_migration_20260921/stage6b_stamp/source/ws_robot/src/astribot_s1_navigation_policy_native/src/policy_observer_node.cpp:308:481: note:   ‘const Integer’ {aka ‘const boost::multiprecision::number<boost::multiprecision::backends::cpp_int_backend<> >’} is not derived from ‘const boost::multiprecision::detail::expression<boost::multiprecision::detail::negate, boost::multiprecision::number<Backend, boost::multiprecision::et_on> >’
  308 |   if(risk){auto ids=risk->obstacle_ids;ids.insert(ids.end(),risk->immediate_obstacle_ids.begin(),risk->immediate_obstacle_ids.end());for(const auto& id:ids){if(!reported.insert(id).second)continue;const auto& track=*fusion_->tracks().at(id);const auto& o=track.observation;const auto& b=std::get<MetricBox>(o.geometry);blocking.push_back(json{{"id",id},{"center_m",xyz(b.center_m)},{"size_m",xyz(b.size_m)},{"velocity_m_s",xyz(track.velocity)},{"age_s",seconds-o.capture_stamp.ns*1e-9}});}}
      |                                                                                                                                                                                                                                                                                                                                                                                                                                                                                                 ^~~~
In file included from /usr/include/boost/multiprecision/detail/default_ops.hpp:3700,
                 from /usr/include/boost/multiprecision/detail/generic_interconvert.hpp:9,
                 from /usr/include/boost/multiprecision/number.hpp:26,
                 from /usr/include/boost/multiprecision/cpp_int.hpp:12,
                 from /home/yjh/WorkSpace/astribot_sdk_ros2/runs/cpp_migration_20260921/stage6b_stamp/source/ws_robot/src/astribot_s1_navigation_policy_native/include/astribot_s1_navigation_policy_native/policy_integer.hpp:3,
                 from /home/yjh/WorkSpace/astribot_sdk_ros2/runs/cpp_migration_20260921/stage6b_stamp/source/ws_robot/src/astribot_s1_navigation_policy_native/include/astribot_s1_navigation_policy_native/policy_contracts.hpp:5,
                 from /home/yjh/WorkSpace/astribot_sdk_ros2/runs/cpp_migration_20260921/stage6b_stamp/source/ws_robot/src/astribot_s1_navigation_policy_native/include/astribot_s1_navigation_policy_native/policy_observer_core.hpp:3,
                 from /home/yjh/WorkSpace/astribot_sdk_ros2/runs/cpp_migration_20260921/stage6b_stamp/source/ws_robot/src/astribot_s1_navigation_policy_native/include/astribot_s1_navigation_policy_native/policy_observer_node.hpp:2,
                 from /home/yjh/WorkSpace/astribot_sdk_ros2/runs/cpp_migration_20260921/stage6b_stamp/source/ws_robot/src/astribot_s1_navigation_policy_native/src/policy_observer_node.cpp:1:
/usr/include/boost/multiprecision/detail/et_ops.hpp:738:1: note: candidate: ‘template<class B, class B2, boost::multiprecision::expression_template_option ET> constexpr typename boost::enable_if<boost::multiprecision::is_compatible_arithmetic_type<boost::multiprecision::number<T2, ExpressionTemplates>, boost::multiprecision::number<Backend, boost::multiprecision::et_on> >, boost::multiprecision::detail::expression<boost::multiprecision::detail::negate, boost::multiprecision::detail::expression<boost::multiprecision::detail::multiply_immediates, boost::multiprecision::number<Backend, boost::multiprecision::et_on>, boost::multiprecision::number<T2, ExpressionTemplates> > > >::type boost::multiprecision::operator*(const boost::multiprecision::detail::expression<boost::multiprecision::detail::negate, boost::multiprecision::number<Backend, boost::multiprecision::et_on> >&, const boost::multiprecision::number<T2, ExpressionTemplates>&)’
  738 | operator*(const detail::expression<detail::negate, number<B, et_on> >& a, const number<B2, ET>& b)
      | ^~~~~~~~
/usr/include/boost/multiprecision/detail/et_ops.hpp:738:1: note:   template argument deduction/substitution failed:
/home/yjh/WorkSpace/astribot_sdk_ros2/runs/cpp_migration_20260921/stage6b_stamp/source/ws_robot/src/astribot_s1_navigation_policy_native/src/policy_observer_node.cpp:308:481: note:   ‘const Integer’ {aka ‘const boost::multiprecision::number<boost::multiprecision::backends::cpp_int_backend<> >’} is not derived from ‘const boost::multiprecision::detail::expression<boost::multiprecision::detail::negate, boost::multiprecision::number<Backend, boost::multiprecision::et_on> >’
  308 |   if(risk){auto ids=risk->obstacle_ids;ids.insert(ids.end(),risk->immediate_obstacle_ids.begin(),risk->immediate_obstacle_ids.end());for(const auto& id:ids){if(!reported.insert(id).second)continue;const auto& track=*fusion_->tracks().at(id);const auto& o=track.observation;const auto& b=std::get<MetricBox>(o.geometry);blocking.push_back(json{{"id",id},{"center_m",xyz(b.center_m)},{"size_m",xyz(b.size_m)},{"velocity_m_s",xyz(track.velocity)},{"age_s",seconds-o.capture_stamp.ns*1e-9}});}}
      |                                                                                                                                                                                                                                                                                                                                                                                                                                                                                                 ^~~~
In file included from /usr/include/boost/multiprecision/detail/default_ops.hpp:3700,
                 from /usr/include/boost/multiprecision/detail/generic_interconvert.hpp:9,
                 from /usr/include/boost/multiprecision/number.hpp:26,
                 from /usr/include/boost/multiprecision/cpp_int.hpp:12,
                 from /home/yjh/WorkSpace/astribot_sdk_ros2/runs/cpp_migration_20260921/stage6b_stamp/source/ws_robot/src/astribot_s1_navigation_policy_native/include/astribot_s1_navigation_policy_native/policy_integer.hpp:3,
                 from /home/yjh/WorkSpace/astribot_sdk_ros2/runs/cpp_migration_20260921/stage6b_stamp/source/ws_robot/src/astribot_s1_navigation_policy_native/include/astribot_s1_navigation_policy_native/policy_contracts.hpp:5,
                 from /home/yjh/WorkSpace/astribot_sdk_ros2/runs/cpp_migration_20260921/stage6b_stamp/source/ws_robot/src/astribot_s1_navigation_policy_native/include/astribot_s1_navigation_policy_native/policy_observer_core.hpp:3,
                 from /home/yjh/WorkSpace/astribot_sdk_ros2/runs/cpp_migration_20260921/stage6b_stamp/source/ws_robot/src/astribot_s1_navigation_policy_native/include/astribot_s1_navigation_policy_native/policy_observer_node.hpp:2,
                 from /home/yjh/WorkSpace/astribot_sdk_ros2/runs/cpp_migration_20260921/stage6b_stamp/source/ws_robot/src/astribot_s1_navigation_policy_native/src/policy_observer_node.cpp:1:
/usr/include/boost/multiprecision/detail/et_ops.hpp:746:1: note: candidate: ‘template<class B, class B2, boost::multiprecision::expression_template_option ET> constexpr typename boost::enable_if<boost::multiprecision::is_compatible_arithmetic_type<boost::multiprecision::number<T2, ExpressionTemplates>, boost::multiprecision::number<Backend, boost::multiprecision::et_on> >, typename boost::multiprecision::detail::expression<boost::multiprecision::detail::negate, boost::multiprecision::detail::expression<boost::multiprecision::detail::multiply_immediates, boost::multiprecision::number<Backend, boost::multiprecision::et_on>, boost::multiprecision::number<T2, ExpressionTemplates> > >::result_type>::type boost::multiprecision::operator*(const boost::multiprecision::detail::expression<boost::multiprecision::detail::negate, boost::multiprecision::number<Backend, boost::multiprecision::et_on> >&, boost::multiprecision::number<T2, ExpressionTemplates>&&)’
  746 | operator*(const detail::expression<detail::negate, number<B, et_on> >& a, number<B2, ET>&& b)
      | ^~~~~~~~
/usr/include/boost/multiprecision/detail/et_ops.hpp:746:1: note:   template argument deduction/substitution failed:
/home/yjh/WorkSpace/astribot_sdk_ros2/runs/cpp_migration_20260921/stage6b_stamp/source/ws_robot/src/astribot_s1_navigation_policy_native/src/policy_observer_node.cpp:308:481: note:   ‘const Integer’ {aka ‘const boost::multiprecision::number<boost::multiprecision::backends::cpp_int_backend<> >’} is not derived from ‘const boost::multiprecision::detail::expression<boost::multiprecision::detail::negate, boost::multiprecision::number<Backend, boost::multiprecision::et_on> >’
  308 |   if(risk){auto ids=risk->obstacle_ids;ids.insert(ids.end(),risk->immediate_obstacle_ids.begin(),risk->immediate_obstacle_ids.end());for(const auto& id:ids){if(!reported.insert(id).second)continue;const auto& track=*fusion_->tracks().at(id);const auto& o=track.observation;const auto& b=std::get<MetricBox>(o.geometry);blocking.push_back(json{{"id",id},{"center_m",xyz(b.center_m)},{"size_m",xyz(b.size_m)},{"velocity_m_s",xyz(track.velocity)},{"age_s",seconds-o.capture_stamp.ns*1e-9}});}}
      |                                                                                                                                                                                                                                                                                                                                                                                                                                                                                                 ^~~~
In file included from /usr/include/boost/multiprecision/detail/default_ops.hpp:3700,
                 from /usr/include/boost/multiprecision/detail/generic_interconvert.hpp:9,
                 from /usr/include/boost/multiprecision/number.hpp:26,
                 from /usr/include/boost/multiprecision/cpp_int.hpp:12,
                 from /home/yjh/WorkSpace/astribot_sdk_ros2/runs/cpp_migration_20260921/stage6b_stamp/source/ws_robot/src/astribot_s1_navigation_policy_native/include/astribot_s1_navigation_policy_native/policy_integer.hpp:3,
                 from /home/yjh/WorkSpace/astribot_sdk_ros2/runs/cpp_migration_20260921/stage6b_stamp/source/ws_robot/src/astribot_s1_navigation_policy_native/include/astribot_s1_navigation_policy_native/policy_contracts.hpp:5,
                 from /home/yjh/WorkSpace/astribot_sdk_ros2/runs/cpp_migration_20260921/stage6b_stamp/source/ws_robot/src/astribot_s1_navigation_policy_native/include/astribot_s1_navigation_policy_native/policy_observer_core.hpp:3,
                 from /home/yjh/WorkSpace/astribot_sdk_ros2/runs/cpp_migration_20260921/stage6b_stamp/source/ws_robot/src/astribot_s1_navigation_policy_native/include/astribot_s1_navigation_policy_native/policy_observer_node.hpp:2,
                 from /home/yjh/WorkSpace/astribot_sdk_ros2/runs/cpp_migration_20260921/stage6b_stamp/source/ws_robot/src/astribot_s1_navigation_policy_native/src/policy_observer_node.cpp:1:
/usr/include/boost/multiprecision/detail/et_ops.hpp:754:1: note: candidate: ‘template<class V, class B> constexpr typename boost::enable_if<boost::multiprecision::is_compatible_arithmetic_type<V, boost::multiprecision::number<Backend, boost::multiprecision::et_on> >, boost::multiprecision::detail::expression<boost::multiprecision::detail::negate, boost::multiprecision::detail::expression<boost::multiprecision::detail::multiply_immediates, boost::multiprecision::number<Backend, boost::multiprecision::et_on>, V> > >::type boost::multiprecision::operator*(const V&, const boost::multiprecision::detail::expression<boost::multiprecision::detail::negate, boost::multiprecision::number<Backend, boost::multiprecision::et_on> >&)’
  754 | operator*(const V& a, const detail::expression<detail::negate, number<B, et_on> >& b)
      | ^~~~~~~~
/usr/include/boost/multiprecision/detail/et_ops.hpp:754:1: note:   template argument deduction/substitution failed:
/home/yjh/WorkSpace/astribot_sdk_ros2/runs/cpp_migration_20260921/stage6b_stamp/source/ws_robot/src/astribot_s1_navigation_policy_native/src/policy_observer_node.cpp:308:481: note:   mismatched types ‘const boost::multiprecision::detail::expression<boost::multiprecision::detail::negate, boost::multiprecision::number<Backend, boost::multiprecision::et_on> >’ and ‘double’
  308 |   if(risk){auto ids=risk->obstacle_ids;ids.insert(ids.end(),risk->immediate_obstacle_ids.begin(),risk->immediate_obstacle_ids.end());for(const auto& id:ids){if(!reported.insert(id).second)continue;const auto& track=*fusion_->tracks().at(id);const auto& o=track.observation;const auto& b=std::get<MetricBox>(o.geometry);blocking.push_back(json{{"id",id},{"center_m",xyz(b.center_m)},{"size_m",xyz(b.size_m)},{"velocity_m_s",xyz(track.velocity)},{"age_s",seconds-o.capture_stamp.ns*1e-9}});}}
      |                                                                                                                                                                                                                                                                                                                                                                                                                                                                                                 ^~~~
In file included from /usr/include/boost/multiprecision/detail/default_ops.hpp:3700,
                 from /usr/include/boost/multiprecision/detail/generic_interconvert.hpp:9,
                 from /usr/include/boost/multiprecision/number.hpp:26,
                 from /usr/include/boost/multiprecision/cpp_int.hpp:12,
                 from /home/yjh/WorkSpace/astribot_sdk_ros2/runs/cpp_migration_20260921/stage6b_stamp/source/ws_robot/src/astribot_s1_navigation_policy_native/include/astribot_s1_navigation_policy_native/policy_integer.hpp:3,
                 from /home/yjh/WorkSpace/astribot_sdk_ros2/runs/cpp_migration_20260921/stage6b_stamp/source/ws_robot/src/astribot_s1_navigation_policy_native/include/astribot_s1_navigation_policy_native/policy_contracts.hpp:5,
                 from /home/yjh/WorkSpace/astribot_sdk_ros2/runs/cpp_migration_20260921/stage6b_stamp/source/ws_robot/src/astribot_s1_navigation_policy_native/include/astribot_s1_navigation_policy_native/policy_observer_core.hpp:3,
                 from /home/yjh/WorkSpace/astribot_sdk_ros2/runs/cpp_migration_20260921/stage6b_stamp/source/ws_robot/src/astribot_s1_navigation_policy_native/include/astribot_s1_navigation_policy_native/policy_observer_node.hpp:2,
                 from /home/yjh/WorkSpace/astribot_sdk_ros2/runs/cpp_migration_20260921/stage6b_stamp/source/ws_robot/src/astribot_s1_navigation_policy_native/src/policy_observer_node.cpp:1:
/usr/include/boost/multiprecision/detail/et_ops.hpp:761:1: note: candidate: ‘template<class B2, boost::multiprecision::expression_template_option ET, class B> constexpr typename boost::enable_if<boost::multiprecision::is_compatible_arithmetic_type<boost::multiprecision::number<Backend, ExpressionTemplates>, boost::multiprecision::number<Backend, boost::multiprecision::et_on> >, boost::multiprecision::detail::expression<boost::multiprecision::detail::negate, boost::multiprecision::detail::expression<boost::multiprecision::detail::multiply_immediates, boost::multiprecision::number<Backend, boost::multiprecision::et_on>, boost::multiprecision::number<Backend, ExpressionTemplates> > > >::type boost::multiprecision::operator*(const boost::multiprecision::number<Backend, ExpressionTemplates>&, const boost::multiprecision::detail::expression<boost::multiprecision::detail::negate, boost::multiprecision::number<Backend, boost::multiprecision::et_on> >&)’
  761 | operator*(const number<B2, ET>& a, const detail::expression<detail::negate, number<B, et_on> >& b)
      | ^~~~~~~~
/usr/include/boost/multiprecision/detail/et_ops.hpp:761:1: note:   template argument deduction/substitution failed:
/home/yjh/WorkSpace/astribot_sdk_ros2/runs/cpp_migration_20260921/stage6b_stamp/source/ws_robot/src/astribot_s1_navigation_policy_native/src/policy_observer_node.cpp:308:481: note:   mismatched types ‘const boost::multiprecision::detail::expression<boost::multiprecision::detail::negate, boost::multiprecision::number<Backend, boost::multiprecision::et_on> >’ and ‘double’
  308 |   if(risk){auto ids=risk->obstacle_ids;ids.insert(ids.end(),risk->immediate_obstacle_ids.begin(),risk->immediate_obstacle_ids.end());for(const auto& id:ids){if(!reported.insert(id).second)continue;const auto& track=*fusion_->tracks().at(id);const auto& o=track.observation;const auto& b=std::get<MetricBox>(o.geometry);blocking.push_back(json{{"id",id},{"center_m",xyz(b.center_m)},{"size_m",xyz(b.size_m)},{"velocity_m_s",xyz(track.velocity)},{"age_s",seconds-o.capture_stamp.ns*1e-9}});}}
      |                                                                                                                                                                                                                                                                                                                                                                                                                                                                                                 ^~~~
In file included from /usr/include/boost/multiprecision/detail/default_ops.hpp:3700,
                 from /usr/include/boost/multiprecision/detail/generic_interconvert.hpp:9,
                 from /usr/include/boost/multiprecision/number.hpp:26,
                 from /usr/include/boost/multiprecision/cpp_int.hpp:12,
                 from /home/yjh/WorkSpace/astribot_sdk_ros2/runs/cpp_migration_20260921/stage6b_stamp/source/ws_robot/src/astribot_s1_navigation_policy_native/include/astribot_s1_navigation_policy_native/policy_integer.hpp:3,
                 from /home/yjh/WorkSpace/astribot_sdk_ros2/runs/cpp_migration_20260921/stage6b_stamp/source/ws_robot/src/astribot_s1_navigation_policy_native/include/astribot_s1_navigation_policy_native/policy_contracts.hpp:5,
                 from /home/yjh/WorkSpace/astribot_sdk_ros2/runs/cpp_migration_20260921/stage6b_stamp/source/ws_robot/src/astribot_s1_navigation_policy_native/include/astribot_s1_navigation_policy_native/policy_observer_core.hpp:3,
                 from /home/yjh/WorkSpace/astribot_sdk_ros2/runs/cpp_migration_20260921/stage6b_stamp/source/ws_robot/src/astribot_s1_navigation_policy_native/include/astribot_s1_navigation_policy_native/policy_observer_node.hpp:2,
                 from /home/yjh/WorkSpace/astribot_sdk_ros2/runs/cpp_migration_20260921/stage6b_stamp/source/ws_robot/src/astribot_s1_navigation_policy_native/src/policy_observer_node.cpp:1:
/usr/include/boost/multiprecision/detail/et_ops.hpp:769:1: note: candidate: ‘template<class B2, boost::multiprecision::expression_template_option ET, class B> constexpr typename boost::enable_if<boost::multiprecision::is_compatible_arithmetic_type<boost::multiprecision::number<Backend, ExpressionTemplates>, boost::multiprecision::number<Backend, boost::multiprecision::et_on> >, typename boost::multiprecision::detail::expression<boost::multiprecision::detail::negate, boost::multiprecision::detail::expression<boost::multiprecision::detail::multiply_immediates, boost::multiprecision::number<Backend, boost::multiprecision::et_on>, boost::multiprecision::number<Backend, ExpressionTemplates> > >::result_type>::type boost::multiprecision::operator*(boost::multiprecision::number<Backend, ExpressionTemplates>&&, const boost::multiprecision::detail::expression<boost::multiprecision::detail::negate, boost::multiprecision::number<Backend, boost::multiprecision::et_on> >&)’
  769 | operator*(number<B2, ET>&& a, const detail::expression<detail::negate, number<B, et_on> >& b)
      | ^~~~~~~~
/usr/include/boost/multiprecision/detail/et_ops.hpp:769:1: note:   template argument deduction/substitution failed:
/home/yjh/WorkSpace/astribot_sdk_ros2/runs/cpp_migration_20260921/stage6b_stamp/source/ws_robot/src/astribot_s1_navigation_policy_native/src/policy_observer_node.cpp:308:481: note:   types ‘boost::multiprecision::number<Backend, ExpressionTemplates>’ and ‘const Integer’ {aka ‘const boost::multiprecision::number<boost::multiprecision::backends::cpp_int_backend<> >’} have incompatible cv-qualifiers
  308 |   if(risk){auto ids=risk->obstacle_ids;ids.insert(ids.end(),risk->immediate_obstacle_ids.begin(),risk->immediate_obstacle_ids.end());for(const auto& id:ids){if(!reported.insert(id).second)continue;const auto& track=*fusion_->tracks().at(id);const auto& o=track.observation;const auto& b=std::get<MetricBox>(o.geometry);blocking.push_back(json{{"id",id},{"center_m",xyz(b.center_m)},{"size_m",xyz(b.size_m)},{"velocity_m_s",xyz(track.velocity)},{"age_s",seconds-o.capture_stamp.ns*1e-9}});}}
      |                                                                                                                                                                                                                                                                                                                                                                                                                                                                                                 ^~~~
/home/yjh/WorkSpace/astribot_sdk_ros2/runs/cpp_migration_20260921/stage6b_stamp/source/ws_robot/src/astribot_s1_navigation_policy_native/src/policy_observer_node.cpp:308:486: error: no matching function for call to ‘nlohmann::basic_json<>::basic_json(<brace-enclosed initializer list>)’
  308 |   if(risk){auto ids=risk->obstacle_ids;ids.insert(ids.end(),risk->immediate_obstacle_ids.begin(),risk->immediate_obstacle_ids.end());for(const auto& id:ids){if(!reported.insert(id).second)continue;const auto& track=*fusion_->tracks().at(id);const auto& o=track.observation;const auto& b=std::get<MetricBox>(o.geometry);blocking.push_back(json{{"id",id},{"center_m",xyz(b.center_m)},{"size_m",xyz(b.size_m)},{"velocity_m_s",xyz(track.velocity)},{"age_s",seconds-o.capture_stamp.ns*1e-9}});}}
      |                                                                                                                                                                                                                                                                                                                                                                                                                                                                                                      ^
In file included from /home/yjh/WorkSpace/astribot_sdk_ros2/runs/cpp_migration_20260921/stage6b_integer_recovery/geometry_install/include/astribot_s1_robot_geometry/geometry_kernels.hpp:13,
                 from /home/yjh/WorkSpace/astribot_sdk_ros2/runs/cpp_migration_20260921/stage6b_stamp/source/ws_robot/src/astribot_s1_navigation_policy_native/include/astribot_s1_navigation_policy_native/policy_envelope.hpp:4,
                 from /home/yjh/WorkSpace/astribot_sdk_ros2/runs/cpp_migration_20260921/stage6b_stamp/source/ws_robot/src/astribot_s1_navigation_policy_native/include/astribot_s1_navigation_policy_native/policy_observer_node.hpp:3,
                 from /home/yjh/WorkSpace/astribot_sdk_ros2/runs/cpp_migration_20260921/stage6b_stamp/source/ws_robot/src/astribot_s1_navigation_policy_native/src/policy_observer_node.cpp:1:
/usr/include/nlohmann/json.hpp:1135:5: note: candidate: ‘template<class JsonRef, typename std::enable_if<nlohmann::detail::conjunction<nlohmann::detail::is_json_ref<JsonRef>, std::is_same<typename JsonRef::value_type, nlohmann::basic_json<std::map, std::vector, std::__cxx11::basic_string<char, std::char_traits<char>, std::allocator<char> >, bool, long int, long unsigned int, double, std::allocator, nlohmann::adl_serializer, std::vector<unsigned char, std::allocator<unsigned char> > > > >::value, int>::type <anonymous> > nlohmann::basic_json<ObjectType, ArrayType, StringType, BooleanType, NumberIntegerType, NumberUnsignedType, NumberFloatType, AllocatorType, JSONSerializer, BinaryType>::basic_json(const JsonRef&) [with JsonRef = JsonRef; typename std::enable_if<nlohmann::detail::conjunction<nlohmann::detail::is_json_ref<JsonRef>, std::is_same<typename JsonRef::value_type, nlohmann::basic_json<ObjectType, ArrayType, StringType, BooleanType, NumberIntegerType, NumberUnsignedType, NumberFloatType, AllocatorType, JSONSerializer, BinaryType> > >::value, int>::type <anonymous> = <anonymous>; ObjectType = std::map; ArrayType = std::vector; StringType = std::__cxx11::basic_string<char>; BooleanType = bool; NumberIntegerType = long int; NumberUnsignedType = long unsigned int; NumberFloatType = double; AllocatorType = std::allocator; JSONSerializer = nlohmann::adl_serializer; BinaryType = std::vector<unsigned char>]’
 1135 |     basic_json(const JsonRef& ref) : basic_json(ref.moved_or_copied()) {}
      |     ^~~~~~~~~~
/usr/include/nlohmann/json.hpp:1135:5: note:   template argument deduction/substitution failed:
/home/yjh/WorkSpace/astribot_sdk_ros2/runs/cpp_migration_20260921/stage6b_stamp/source/ws_robot/src/astribot_s1_navigation_policy_native/src/policy_observer_node.cpp:308:486: note:   candidate expects 1 argument, 5 provided
  308 |   if(risk){auto ids=risk->obstacle_ids;ids.insert(ids.end(),risk->immediate_obstacle_ids.begin(),risk->immediate_obstacle_ids.end());for(const auto& id:ids){if(!reported.insert(id).second)continue;const auto& track=*fusion_->tracks().at(id);const auto& o=track.observation;const auto& b=std::get<MetricBox>(o.geometry);blocking.push_back(json{{"id",id},{"center_m",xyz(b.center_m)},{"size_m",xyz(b.size_m)},{"velocity_m_s",xyz(track.velocity)},{"age_s",seconds-o.capture_stamp.ns*1e-9}});}}
      |                                                                                                                                                                                                                                                                                                                                                                                                                                                                                                      ^
In file included from /home/yjh/WorkSpace/astribot_sdk_ros2/runs/cpp_migration_20260921/stage6b_integer_recovery/geometry_install/include/astribot_s1_robot_geometry/geometry_kernels.hpp:13,
                 from /home/yjh/WorkSpace/astribot_sdk_ros2/runs/cpp_migration_20260921/stage6b_stamp/source/ws_robot/src/astribot_s1_navigation_policy_native/include/astribot_s1_navigation_policy_native/policy_envelope.hpp:4,
                 from /home/yjh/WorkSpace/astribot_sdk_ros2/runs/cpp_migration_20260921/stage6b_stamp/source/ws_robot/src/astribot_s1_navigation_policy_native/include/astribot_s1_navigation_policy_native/policy_observer_node.hpp:3,
                 from /home/yjh/WorkSpace/astribot_sdk_ros2/runs/cpp_migration_20260921/stage6b_stamp/source/ws_robot/src/astribot_s1_navigation_policy_native/src/policy_observer_node.cpp:1:
/usr/include/nlohmann/json.hpp:1025:5: note: candidate: ‘template<class InputIT, typename std::enable_if<(std::is_same<IterImpl, nlohmann::detail::iter_impl<nlohmann::basic_json<> > >::value || std::is_same<IterImpl, nlohmann::detail::iter_impl<const nlohmann::basic_json<> > >::value), int>::type <anonymous> > nlohmann::basic_json<ObjectType, ArrayType, StringType, BooleanType, NumberIntegerType, NumberUnsignedType, NumberFloatType, AllocatorType, JSONSerializer, BinaryType>::basic_json(InputIT, InputIT) [with InputIT = InputIT; typename std::enable_if<(std::is_same<InputIT, nlohmann::detail::iter_impl<nlohmann::basic_json<ObjectType, ArrayType, StringType, BooleanType, NumberIntegerType, NumberUnsignedType, NumberFloatType, AllocatorType, JSONSerializer, BinaryType> > >::value || std::is_same<InputIT, nlohmann::detail::iter_impl<const nlohmann::basic_json<ObjectType, ArrayType, StringType, BooleanType, NumberIntegerType, NumberUnsignedType, NumberFloatType, AllocatorType, JSONSerializer, BinaryType> > >::value), int>::type <anonymous> = <anonymous>; ObjectType = std::map; ArrayType = std::vector; StringType = std::__cxx11::basic_string<char>; BooleanType = bool; NumberIntegerType = long int; NumberUnsignedType = long unsigned int; NumberFloatType = double; AllocatorType = std::allocator; JSONSerializer = nlohmann::adl_serializer; BinaryType = std::vector<unsigned char>]’
 1025 |     basic_json(InputIT first, InputIT last)
      |     ^~~~~~~~~~
/usr/include/nlohmann/json.hpp:1025:5: note:   template argument deduction/substitution failed:
/home/yjh/WorkSpace/astribot_sdk_ros2/runs/cpp_migration_20260921/stage6b_stamp/source/ws_robot/src/astribot_s1_navigation_policy_native/src/policy_observer_node.cpp:308:486: note:   candidate expects 2 arguments, 5 provided
  308 |   if(risk){auto ids=risk->obstacle_ids;ids.insert(ids.end(),risk->immediate_obstacle_ids.begin(),risk->immediate_obstacle_ids.end());for(const auto& id:ids){if(!reported.insert(id).second)continue;const auto& track=*fusion_->tracks().at(id);const auto& o=track.observation;const auto& b=std::get<MetricBox>(o.geometry);blocking.push_back(json{{"id",id},{"center_m",xyz(b.center_m)},{"size_m",xyz(b.size_m)},{"velocity_m_s",xyz(track.velocity)},{"age_s",seconds-o.capture_stamp.ns*1e-9}});}}
      |                                                                                                                                                                                                                                                                                                                                                                                                                                                                                                      ^
In file included from /home/yjh/WorkSpace/astribot_sdk_ros2/runs/cpp_migration_20260921/stage6b_integer_recovery/geometry_install/include/astribot_s1_robot_geometry/geometry_kernels.hpp:13,
                 from /home/yjh/WorkSpace/astribot_sdk_ros2/runs/cpp_migration_20260921/stage6b_stamp/source/ws_robot/src/astribot_s1_navigation_policy_native/include/astribot_s1_navigation_policy_native/policy_envelope.hpp:4,
                 from /home/yjh/WorkSpace/astribot_sdk_ros2/runs/cpp_migration_20260921/stage6b_stamp/source/ws_robot/src/astribot_s1_navigation_policy_native/include/astribot_s1_navigation_policy_native/policy_observer_node.hpp:3,
                 from /home/yjh/WorkSpace/astribot_sdk_ros2/runs/cpp_migration_20260921/stage6b_stamp/source/ws_robot/src/astribot_s1_navigation_policy_native/src/policy_observer_node.cpp:1:
/usr/include/nlohmann/json.hpp:845:5: note: candidate: ‘template<class BasicJsonType, typename std::enable_if<(nlohmann::detail::is_basic_json<BasicJsonType>::value && (! std::is_same<nlohmann::basic_json<>, BasicJsonType>::value)), int>::type <anonymous> > nlohmann::basic_json<ObjectType, ArrayType, StringType, BooleanType, NumberIntegerType, NumberUnsignedType, NumberFloatType, AllocatorType, JSONSerializer, BinaryType>::basic_json(const BasicJsonType&) [with BasicJsonType = BasicJsonType; typename std::enable_if<(nlohmann::detail::is_basic_json<BasicJsonType>::value && (! std::is_same<nlohmann::basic_json<ObjectType, ArrayType, StringType, BooleanType, NumberIntegerType, NumberUnsignedType, NumberFloatType, AllocatorType, JSONSerializer, BinaryType>, BasicJsonType>::value)), int>::type <anonymous> = <anonymous>; ObjectType = std::map; ArrayType = std::vector; StringType = std::__cxx11::basic_string<char>; BooleanType = bool; NumberIntegerType = long int; NumberUnsignedType = long unsigned int; NumberFloatType = double; AllocatorType = std::allocator; JSONSerializer = nlohmann::adl_serializer; BinaryType = std::vector<unsigned char>]’
  845 |     basic_json(const BasicJsonType& val)
      |     ^~~~~~~~~~
/usr/include/nlohmann/json.hpp:845:5: note:   template argument deduction/substitution failed:
/home/yjh/WorkSpace/astribot_sdk_ros2/runs/cpp_migration_20260921/stage6b_stamp/source/ws_robot/src/astribot_s1_navigation_policy_native/src/policy_observer_node.cpp:308:486: note:   candidate expects 1 argument, 5 provided
  308 |   if(risk){auto ids=risk->obstacle_ids;ids.insert(ids.end(),risk->immediate_obstacle_ids.begin(),risk->immediate_obstacle_ids.end());for(const auto& id:ids){if(!reported.insert(id).second)continue;const auto& track=*fusion_->tracks().at(id);const auto& o=track.observation;const auto& b=std::get<MetricBox>(o.geometry);blocking.push_back(json{{"id",id},{"center_m",xyz(b.center_m)},{"size_m",xyz(b.size_m)},{"velocity_m_s",xyz(track.velocity)},{"age_s",seconds-o.capture_stamp.ns*1e-9}});}}
      |                                                                                                                                                                                                                                                                                                                                                                                                                                                                                                      ^
In file included from /home/yjh/WorkSpace/astribot_sdk_ros2/runs/cpp_migration_20260921/stage6b_integer_recovery/geometry_install/include/astribot_s1_robot_geometry/geometry_kernels.hpp:13,
                 from /home/yjh/WorkSpace/astribot_sdk_ros2/runs/cpp_migration_20260921/stage6b_stamp/source/ws_robot/src/astribot_s1_navigation_policy_native/include/astribot_s1_navigation_policy_native/policy_envelope.hpp:4,
                 from /home/yjh/WorkSpace/astribot_sdk_ros2/runs/cpp_migration_20260921/stage6b_stamp/source/ws_robot/src/astribot_s1_navigation_policy_native/include/astribot_s1_navigation_policy_native/policy_observer_node.hpp:3,
                 from /home/yjh/WorkSpace/astribot_sdk_ros2/runs/cpp_migration_20260921/stage6b_stamp/source/ws_robot/src/astribot_s1_navigation_policy_native/src/policy_observer_node.cpp:1:
/usr/include/nlohmann/json.hpp:831:5: note: candidate: ‘template<class CompatibleType, class U, typename std::enable_if<((! nlohmann::detail::is_basic_json<T>::value) && nlohmann::detail::is_compatible_type<nlohmann::basic_json<>, U>::value), int>::type <anonymous> > nlohmann::basic_json<ObjectType, ArrayType, StringType, BooleanType, NumberIntegerType, NumberUnsignedType, NumberFloatType, AllocatorType, JSONSerializer, BinaryType>::basic_json(CompatibleType&&) [with CompatibleType = CompatibleType; U = U; typename std::enable_if<((! nlohmann::detail::is_basic_json<U>::value) && nlohmann::detail::is_compatible_type<nlohmann::basic_json<ObjectType, ArrayType, StringType, BooleanType, NumberIntegerType, NumberUnsignedType, NumberFloatType, AllocatorType, JSONSerializer, BinaryType>, U>::value), int>::type <anonymous> = <anonymous>; ObjectType = std::map; ArrayType = std::vector; StringType = std::__cxx11::basic_string<char>; BooleanType = bool; NumberIntegerType = long int; NumberUnsignedType = long unsigned int; NumberFloatType = double; AllocatorType = std::allocator; JSONSerializer = nlohmann::adl_serializer; BinaryType = std::vector<unsigned char>]’
  831 |     basic_json(CompatibleType && val) noexcept(noexcept( // NOLINT(bugprone-forwarding-reference-overload,bugprone-exception-escape)
      |     ^~~~~~~~~~
/usr/include/nlohmann/json.hpp:831:5: note:   template argument deduction/substitution failed:
/home/yjh/WorkSpace/astribot_sdk_ros2/runs/cpp_migration_20260921/stage6b_stamp/source/ws_robot/src/astribot_s1_navigation_policy_native/src/policy_observer_node.cpp:308:486: note:   candidate expects 1 argument, 5 provided
  308 |   if(risk){auto ids=risk->obstacle_ids;ids.insert(ids.end(),risk->immediate_obstacle_ids.begin(),risk->immediate_obstacle_ids.end());for(const auto& id:ids){if(!reported.insert(id).second)continue;const auto& track=*fusion_->tracks().at(id);const auto& o=track.observation;const auto& b=std::get<MetricBox>(o.geometry);blocking.push_back(json{{"id",id},{"center_m",xyz(b.center_m)},{"size_m",xyz(b.size_m)},{"velocity_m_s",xyz(track.velocity)},{"age_s",seconds-o.capture_stamp.ns*1e-9}});}}
      |                                                                                                                                                                                                                                                                                                                                                                                                                                                                                                      ^
In file included from /home/yjh/WorkSpace/astribot_sdk_ros2/runs/cpp_migration_20260921/stage6b_integer_recovery/geometry_install/include/astribot_s1_robot_geometry/geometry_kernels.hpp:13,
                 from /home/yjh/WorkSpace/astribot_sdk_ros2/runs/cpp_migration_20260921/stage6b_stamp/source/ws_robot/src/astribot_s1_navigation_policy_native/include/astribot_s1_navigation_policy_native/policy_envelope.hpp:4,
                 from /home/yjh/WorkSpace/astribot_sdk_ros2/runs/cpp_migration_20260921/stage6b_stamp/source/ws_robot/src/astribot_s1_navigation_policy_native/include/astribot_s1_navigation_policy_native/policy_observer_node.hpp:3,
                 from /home/yjh/WorkSpace/astribot_sdk_ros2/runs/cpp_migration_20260921/stage6b_stamp/source/ws_robot/src/astribot_s1_navigation_policy_native/src/policy_observer_node.cpp:1:
/usr/include/nlohmann/json.hpp:1207:5: note: candidate: ‘nlohmann::basic_json<ObjectType, ArrayType, StringType, BooleanType, NumberIntegerType, NumberUnsignedType, NumberFloatType, AllocatorType, JSONSerializer, BinaryType>::basic_json(nlohmann::basic_json<ObjectType, ArrayType, StringType, BooleanType, NumberIntegerType, NumberUnsignedType, NumberFloatType, AllocatorType, JSONSerializer, BinaryType>&&) [with ObjectType = std::map; ArrayType = std::vector; StringType = std::__cxx11::basic_string<char>; BooleanType = bool; NumberIntegerType = long int; NumberUnsignedType = long unsigned int; NumberFloatType = double; AllocatorType = std::allocator; JSONSerializer = nlohmann::adl_serializer; BinaryType = std::vector<unsigned char>]’
 1207 |     basic_json(basic_json&& other) noexcept
      |     ^~~~~~~~~~
/usr/include/nlohmann/json.hpp:1207:5: note:   candidate expects 1 argument, 5 provided
/usr/include/nlohmann/json.hpp:1139:5: note: candidate: ‘nlohmann::basic_json<ObjectType, ArrayType, StringType, BooleanType, NumberIntegerType, NumberUnsignedType, NumberFloatType, AllocatorType, JSONSerializer, BinaryType>::basic_json(const nlohmann::basic_json<ObjectType, ArrayType, StringType, BooleanType, NumberIntegerType, NumberUnsignedType, NumberFloatType, AllocatorType, JSONSerializer, BinaryType>&) [with ObjectType = std::map; ArrayType = std::vector; StringType = std::__cxx11::basic_string<char>; BooleanType = bool; NumberIntegerType = long int; NumberUnsignedType = long unsigned int; NumberFloatType = double; AllocatorType = std::allocator; JSONSerializer = nlohmann::adl_serializer; BinaryType = std::vector<unsigned char>]’
 1139 |     basic_json(const basic_json& other)
      |     ^~~~~~~~~~
/usr/include/nlohmann/json.hpp:1139:5: note:   candidate expects 1 argument, 5 provided
/usr/include/nlohmann/json.hpp:1012:5: note: candidate: ‘nlohmann::basic_json<ObjectType, ArrayType, StringType, BooleanType, NumberIntegerType, NumberUnsignedType, NumberFloatType, AllocatorType, JSONSerializer, BinaryType>::basic_json(nlohmann::basic_json<ObjectType, ArrayType, StringType, BooleanType, NumberIntegerType, NumberUnsignedType, NumberFloatType, AllocatorType, JSONSerializer, BinaryType>::size_type, const nlohmann::basic_json<ObjectType, ArrayType, StringType, BooleanType, NumberIntegerType, NumberUnsignedType, NumberFloatType, AllocatorType, JSONSerializer, BinaryType>&) [with ObjectType = std::map; ArrayType = std::vector; StringType = std::__cxx11::basic_string<char>; BooleanType = bool; NumberIntegerType = long int; NumberUnsignedType = long unsigned int; NumberFloatType = double; AllocatorType = std::allocator; JSONSerializer = nlohmann::adl_serializer; BinaryType = std::vector<unsigned char>; nlohmann::basic_json<ObjectType, ArrayType, StringType, BooleanType, NumberIntegerType, NumberUnsignedType, NumberFloatType, AllocatorType, JSONSerializer, BinaryType>::size_type = long unsigned int]’
 1012 |     basic_json(size_type cnt, const basic_json& val)
      |     ^~~~~~~~~~
/usr/include/nlohmann/json.hpp:1012:5: note:   candidate expects 2 arguments, 5 provided
/usr/include/nlohmann/json.hpp:897:5: note: candidate: ‘nlohmann::basic_json<ObjectType, ArrayType, StringType, BooleanType, NumberIntegerType, NumberUnsignedType, NumberFloatType, AllocatorType, JSONSerializer, BinaryType>::basic_json(nlohmann::basic_json<ObjectType, ArrayType, StringType, BooleanType, NumberIntegerType, NumberUnsignedType, NumberFloatType, AllocatorType, JSONSerializer, BinaryType>::initializer_list_t, bool, nlohmann::basic_json<ObjectType, ArrayType, StringType, BooleanType, NumberIntegerType, NumberUnsignedType, NumberFloatType, AllocatorType, JSONSerializer, BinaryType>::value_t) [with ObjectType = std::map; ArrayType = std::vector; StringType = std::__cxx11::basic_string<char>; BooleanType = bool; NumberIntegerType = long int; NumberUnsignedType = long unsigned int; NumberFloatType = double; AllocatorType = std::allocator; JSONSerializer = nlohmann::adl_serializer; BinaryType = std::vector<unsigned char>; nlohmann::basic_json<ObjectType, ArrayType, StringType, BooleanType, NumberIntegerType, NumberUnsignedType, NumberFloatType, AllocatorType, JSONSerializer, BinaryType>::initializer_list_t = std::initializer_list<nlohmann::detail::json_ref<nlohmann::basic_json<> > >; nlohmann::basic_json<ObjectType, ArrayType, StringType, BooleanType, NumberIntegerType, NumberUnsignedType, NumberFloatType, AllocatorType, JSONSerializer, BinaryType>::value_t = nlohmann::detail::value_t]’
  897 |     basic_json(initializer_list_t init,
      |     ^~~~~~~~~~
/usr/include/nlohmann/json.hpp:897:5: note:   candidate expects 3 arguments, 5 provided
/usr/include/nlohmann/json.hpp:819:5: note: candidate: ‘nlohmann::basic_json<ObjectType, ArrayType, StringType, BooleanType, NumberIntegerType, NumberUnsignedType, NumberFloatType, AllocatorType, JSONSerializer, BinaryType>::basic_json(std::nullptr_t) [with ObjectType = std::map; ArrayType = std::vector; StringType = std::__cxx11::basic_string<char>; BooleanType = bool; NumberIntegerType = long int; NumberUnsignedType = long unsigned int; NumberFloatType = double; AllocatorType = std::allocator; JSONSerializer = nlohmann::adl_serializer; BinaryType = std::vector<unsigned char>; std::nullptr_t = std::nullptr_t]’
  819 |     basic_json(std::nullptr_t = nullptr) noexcept
      |     ^~~~~~~~~~
/usr/include/nlohmann/json.hpp:819:5: note:   candidate expects 1 argument, 5 provided
/usr/include/nlohmann/json.hpp:811:5: note: candidate: ‘nlohmann::basic_json<ObjectType, ArrayType, StringType, BooleanType, NumberIntegerType, NumberUnsignedType, NumberFloatType, AllocatorType, JSONSerializer, BinaryType>::basic_json(nlohmann::basic_json<ObjectType, ArrayType, StringType, BooleanType, NumberIntegerType, NumberUnsignedType, NumberFloatType, AllocatorType, JSONSerializer, BinaryType>::value_t) [with ObjectType = std::map; ArrayType = std::vector; StringType = std::__cxx11::basic_string<char>; BooleanType = bool; NumberIntegerType = long int; NumberUnsignedType = long unsigned int; NumberFloatType = double; AllocatorType = std::allocator; JSONSerializer = nlohmann::adl_serializer; BinaryType = std::vector<unsigned char>; nlohmann::basic_json<ObjectType, ArrayType, StringType, BooleanType, NumberIntegerType, NumberUnsignedType, NumberFloatType, AllocatorType, JSONSerializer, BinaryType>::value_t = nlohmann::detail::value_t]’
  811 |     basic_json(const value_t v)
      |     ^~~~~~~~~~
/usr/include/nlohmann/json.hpp:811:5: note:   candidate expects 1 argument, 5 provided
[ 92%] Linking CXX executable policy_observer_core_probe
[ 92%] Built target policy_observer_core_probe
Consolidate compiler generated dependencies of target policy_risk_probe
[ 94%] Building CXX object CMakeFiles/policy_risk_probe.dir/test/policy_risk_probe.cpp.o
gmake[2]: *** [CMakeFiles/policy_observer_runtime.dir/build.make:76：CMakeFiles/policy_observer_runtime.dir/src/policy_observer_node.cpp.o] 错误 1
gmake[1]: *** [CMakeFiles/Makefile2:992：CMakeFiles/policy_observer_runtime.dir/all] 错误 2
gmake[1]: *** 正在等待未完成的任务....
[ 95%] Linking CXX executable policy_risk_probe
[ 95%] Built target policy_risk_probe
gmake: *** [Makefile:146：all] 错误 2
