-2 -1 0.5 0.20000000000000001 0.29999999999999999 1 0.01 0 0 0 0.02 0 0 0 0.029999999999999999 0.12 -0.29999999999999999 0 0 1
-1.8 -0.82999999999999996 0.5 0.21000000000000002 0.29999999999999999 1 0.01 0 0 0 0.02 0 0 0 0.029999999999999999 0 0 0 0.01 1
-1.6000000000000001 -0.65999999999999992 0.5 0.22 0.29999999999999999 1 0.01 0 0 0 0.02 0 0 0 0.029999999999999999 0 0 0 0.01 1
-1.3999999999999999 -0.48999999999999999 0.5 0.20000000000000001 0.29999999999999999 1 0.01 0 0 0 0.02 0 0 0 0.029999999999999999 0 0 0 0.00040000000000000002 1
-1.2 -0.31999999999999995 0.5 0.21000000000000002 0.29999999999999999 1 0.01 0 0 0 0.02 0 0 0 0.029999999999999999 0 0 0 0.01 1
-1 -0.14999999999999991 0.5 0.22 0.29999999999999999 1 0.01 0 0 0 0.02 0 0 0 0.029999999999999999 0 0 0 0.0030000000000000001 1
-0.79999999999999982 0.020000000000000018 0.5 0.20000000000000001 0.29999999999999999 1 0.01 0 0 0 0.02 0 0 0 0.029999999999999999 0 0 0 0.00040000000000000002 1
-0.59999999999999987 0.19000000000000017 0.5 0.21000000000000002 0.29999999999999999 1 0.01 0 0 0 0.02 0 0 0 0.029999999999999999 0.12 0 0 0.01 1
-0.39999999999999991 0.3600000000000001 0.5 0.22 0.29999999999999999 1 0.01 0 0 0 0.02 0 0 0 0.029999999999999999 0 0 0 0.00040000000000000002 1
-0.19999999999999996 0.53000000000000003 0.5 0.20000000000000001 0.29999999999999999 1 0.01 0 0 0 0.02 0 0 0 0.029999999999999999 0 -0.29999999999999999 0 0.00040000000000000002 1
0 0.70000000000000018 0.5 0.21000000000000002 0.29999999999999999 1 0.01 0 0 0 0.02 0 0 0 0.029999999999999999 0 0 0 0.0030000000000000001 1
0.20000000000000018 0.87000000000000011 0.5 0.22 0.29999999999999999 1 0.01 0 0 0 0.02 0 0 0 0.029999999999999999 0 0 0 0 1
0.40000000000000036 1.04 0.5 0.20000000000000001 0.29999999999999999 1 0.01 0 0 0 0.02 0 0 0 0.029999999999999999 0 0 0 0.00040000000000000002 1
0.60000000000000009 1.21 0.5 0.21000000000000002 0.29999999999999999 1 0.01 0 0 0 0.02 0 0 0 0.029999999999999999 0 0 0 0.01 1
0.80000000000000027 1.3800000000000003 0.5 0.22 0.29999999999999999 1 0.01 0 0 0 0.02 0 0 0 0.029999999999999999 0.12 0 0 0.01 1
1 1.5500000000000003 0.5 0.20000000000000001 0.29999999999999999 1 0.01 0 0 0 0.02 0 0 0 0.029999999999999999 0 0 0 0.01 1
1.2000000000000002 1.7200000000000002 0.5 0.21000000000000002 0.29999999999999999 1 0.01 0 0 0 0.02 0 0 0 0.029999999999999999 0 0 0 0.01 1
1.4000000000000004 -1 0.5 0.22 0.29999999999999999 1 0.01 0 0 0 0.02 0 0 0 0.029999999999999999 0 0 0 0.00040000000000000002 1
1.6000000000000001 -0.82999999999999996 0.5 0.20000000000000001 0.29999999999999999 1 0.01 0 0 0 0.02 0 0 0 0.029999999999999999 0 -0.29999999999999999 0 0.00040000000000000002 1
-2 -0.65999999999999992 0.5 0.21000000000000002 0.29999999999999999 1 0.01 0 0 0 0.02 0 0 0 0.029999999999999999 0 0 0 0.00040000000000000002 1
-1.8 -0.48999999999999999 0.5 0.22 0.29999999999999999 1 0.01 0 0 0 0.02 0 0 0 0.029999999999999999 0 0 0 0.0030000000000000001 1
-1.6000000000000001 -0.31999999999999995 0.5 0.20000000000000001 0.29999999999999999 1 0.01 0 0 0 0.02 0 0 0 0.029999999999999999 0.12 0 0 0.00040000000000000002 1
-1.3999999999999999 -0.14999999999999991 0.5 0.21000000000000002 0.29999999999999999 1 0.01 0 0 0 0.02 0 0 0 0.029999999999999999 0 0 0 0 1
-1.2 0.020000000000000018 0.5 0.22 0.29999999999999999 1 0.01 0 0 0 0.02 0 0 0 0.029999999999999999 0 0 0 0.00040000000000000002 1
-1 0.19000000000000017 0.5 0.20000000000000001 0.29999999999999999 1 0.01 0 0 0 0.02 0 0 0 0.029999999999999999 0 0 0 0.00040000000000000002 1
-0.79999999999999982 0.3600000000000001 0.5 0.21000000000000002 0.29999999999999999 1 0.01 0 0 0 0.02 0 0 0 0.029999999999999999 0 0 0 0.01 1
-0.59999999999999987 0.53000000000000003 0.5 0.22 0.29999999999999999 1 0.01 0 0 0 0.02 0 0 0 0.029999999999999999 0 0 0 0.01 1
-0.39999999999999991 0.70000000000000018 0.5 0.20000000000000001 0.29999999999999999 1 0.01 0 0 0 0.02 0 0 0 0.029999999999999999 0 -0.29999999999999999 0 0.00040000000000000002 1
-0.19999999999999996 0.87000000000000011 0.5 0.21000000000000002 0.29999999999999999 1 0.01 0 0 0 0.02 0 0 0 0.029999999999999999 0.12 0 0 0.01 1
0 1.04 0.5 0.22 0.29999999999999999 1 0.01 0 0 0 0.02 0 0 0 0.029999999999999999 0 0 0 0.00040000000000000002 1
0.20000000000000018 1.21 0.5 0.20000000000000001 0.29999999999999999 1 0.01 0 0 0 0.02 0 0 0 0.029999999999999999 0 0 0 0.0030000000000000001 1
0.40000000000000036 1.3800000000000003 0.5 0.21000000000000002 0.29999999999999999 1 0.01 0 0 0 0.02 0 0 0 0.029999999999999999 0 0 0 0.00040000000000000002 1
0.60000000000000009 1.5500000000000003 0.5 0.22 0.29999999999999999 1 0.01 0 0 0 0.02 0 0 0 0.029999999999999999 0 0 0 0.00040000000000000002 1
0.80000000000000027 1.7200000000000002 0.5 0.20000000000000001 0.29999999999999999 1 0.01 0 0 0 0.02 0 0 0 0.029999999999999999 0 0 0 0 1
1 -1 0.5 0.21000000000000002 0.29999999999999999 1 0.01 0 0 0 0.02 0 0 0 0.029999999999999999 0 0 0 0.00040000000000000002 1
1.2000000000000002 -0.82999999999999996 0.5 0.22 0.29999999999999999 1 0.01 0 0 0 0.02 0 0 0 0.029999999999999999 0.12 0 0 0.01 1
1.4000000000000004 -0.65999999999999992 0.5 0.20000000000000001 0.29999999999999999 1 0.01 0 0 0 0.02 0 0 0 0.029999999999999999 0 -0.29999999999999999 0 0.00040000000000000002 1
1.6000000000000001 -0.48999999999999999 0.5 0.21000000000000002 0.29999999999999999 1 0.01 0 0 0 0.02 0 0 0 0.029999999999999999 0 0 0 0.01 1
-2 -0.31999999999999995 0.5 0.22 0.29999999999999999 1 0.01 0 0 0 0.02 0 0 0 0.029999999999999999 0 0 0 0.01 1
-1.8 -0.14999999999999991 0.5 0.20000000000000001 0.29999999999999999 1 0.01 0 0 0 0.02 0 0 0 0.029999999999999999 0 0 0 0.00040000000000000002 1
-1.6000000000000001 0.020000000000000018 0.5 0.21000000000000002 0.29999999999999999 1 0.01 0 0 0 0.02 0 0 0 0.029999999999999999 0 0 0 0.01 1
-1.3999999999999999 0.19000000000000017 0.5 0.22 0.29999999999999999 1 0.01 0 0 0 0.02 0 0 0 0.029999999999999999 0 0 0 0.00040000000000000002 1
-1.2 0.3600000000000001 0.5 0.20000000000000001 0.29999999999999999 1 0.01 0 0 0 0.02 0 0 0 0.029999999999999999 0.12 0 0 0.00040000000000000002 1
-1 0.53000000000000003 0.5 0.21000000000000002 0.29999999999999999 1 0.01 0 0 0 0.02 0 0 0 0.029999999999999999 0 0 0 0.00040000000000000002 1
-0.79999999999999982 0.70000000000000018 0.5 0.22 0.29999999999999999 1 0.01 0 0 0 0.02 0 0 0 0.029999999999999999 0 0 0 0 1
-0.59999999999999987 0.87000000000000011 0.5 0.20000000000000001 0.29999999999999999 1 0.01 0 0 0 0.02 0 0 0 0.029999999999999999 0 -0.29999999999999999 0 0.01 1
-0.39999999999999991 1.04 0.5 0.21000000000000002 0.29999999999999999 1 0.01 0 0 0 0.02 0 0 0 0.029999999999999999 0 0 0 0.00040000000000000002 1
-0.19999999999999996 1.21 0.5 0.22 0.29999999999999999 1 0.01 0 0 0 0.02 0 0 0 0.029999999999999999 0 0 0 0.00040000000000000002 1
0 1.3800000000000003 0.5 0.20000000000000001 0.29999999999999999 1 0.01 0 0 0 0.02 0 0 0 0.029999999999999999 0 0 0 0.00040000000000000002 1
0.20000000000000018 1.5500000000000003 0.5 0.21000000000000002 0.29999999999999999 1 0.01 0 0 0 0.02 0 0 0 0.029999999999999999 0.12 0 0 0.01 1
0.40000000000000036 1.7200000000000002 0.5 0.22 0.29999999999999999 1 0.01 0 0 0 0.02 0 0 0 0.029999999999999999 0 0 0 0.01 1
0.60000000000000009 -1 0.5 0.20000000000000001 0.29999999999999999 1 0.01 0 0 0 0.02 0 0 0 0.029999999999999999 0 0 0 0.00040000000000000002 1
0.80000000000000027 -0.82999999999999996 0.5 0.21000000000000002 0.29999999999999999 1 0.01 0 0 0 0.02 0 0 0 0.029999999999999999 0 0 0 0.01 1
1 -0.65999999999999992 0.5 0.22 0.29999999999999999 1 0.01 0 0 0 0.02 0 0 0 0.029999999999999999 0 0 0 0.00040000000000000002 1
1.2000000000000002 -0.48999999999999999 0.5 0.20000000000000001 0.29999999999999999 1 0.01 0 0 0 0.02 0 0 0 0.029999999999999999 0 -0.29999999999999999 0 0.00040000000000000002 1
1.4000000000000004 -0.31999999999999995 0.5 0.21000000000000002 0.29999999999999999 1 0.01 0 0 0 0.02 0 0 0 0.029999999999999999 0 0 0 0 1
1.6000000000000001 -0.14999999999999991 0.5 0.22 0.29999999999999999 1 0.01 0 0 0 0.02 0 0 0 0.029999999999999999 0.12 0 0 0.01 1
-2 0.020000000000000018 0.5 0.20000000000000001 0.29999999999999999 1 0.01 0 0 0 0.02 0 0 0 0.029999999999999999 0 0 0 0.00040000000000000002 1
-1.8 0.19000000000000017 0.5 0.21000000000000002 0.29999999999999999 1 0.01 0 0 0 0.02 0 0 0 0.029999999999999999 0 0 0 0.00040000000000000002 1
-1.6000000000000001 0.3600000000000001 0.5 0.22 0.29999999999999999 1 0.01 0 0 0 0.02 0 0 0 0.029999999999999999 0 0 0 0.00040000000000000002 1
-1.3999999999999999 0.53000000000000003 0.5 0.20000000000000001 0.29999999999999999 1 0.01 0 0 0 0.02 0 0 0 0.029999999999999999 0 0 0 0.01 1
-1.2 0.70000000000000018 0.5 0.21000000000000002 0.29999999999999999 1 0.01 0 0 0 0.02 0 0 0 0.029999999999999999 0 0 0 0.01 1
-1 0.87000000000000011 0.5 0.22 0.29999999999999999 1 0.01 0 0 0 0.02 0 0 0 0.029999999999999999 0 0 0 0.01 1
-0.79999999999999982 1.04 0.5 0.20000000000000001 0.29999999999999999 1 0.01 0 0 0 0.02 0 0 0 0.029999999999999999 0.12 -0.29999999999999999 0 0.00040000000000000002 1
-0.59999999999999987 1.21 0.5 0.21000000000000002 0.29999999999999999 1 0.01 0 0 0 0.02 0 0 0 0.029999999999999999 0 0 0 0.01 1
-0.39999999999999991 1.3800000000000003 0.5 0.22 0.29999999999999999 1 0.01 0 0 0 0.02 0 0 0 0.029999999999999999 0 0 0 0.0030000000000000001 1
-0.19999999999999996 1.5500000000000003 0.5 0.20000000000000001 0.29999999999999999 1 0.01 0 0 0 0.02 0 0 0 0.029999999999999999 0 0 0 0 1
0 1.7200000000000002 0.5 0.21000000000000002 0.29999999999999999 1 0.01 0 0 0 0.02 0 0 0 0.029999999999999999 0 0 0 0.00040000000000000002 1
0.20000000000000018 -1 0.5 0.22 0.29999999999999999 1 0.01 0 0 0 0.02 0 0 0 0.029999999999999999 0 0 0 0.00040000000000000002 1
0.40000000000000036 -0.82999999999999996 0.5 0.20000000000000001 0.29999999999999999 1 0.01 0 0 0 0.02 0 0 0 0.029999999999999999 0 0 0 0.00040000000000000002 1
0.60000000000000009 -0.65999999999999992 0.5 0.21000000000000002 0.29999999999999999 1 0.01 0 0 0 0.02 0 0 0 0.029999999999999999 0.12 0 0 0.01 1
0.80000000000000027 -0.48999999999999999 0.5 0.22 0.29999999999999999 1 0.01 0 0 0 0.02 0 0 0 0.029999999999999999 0 0 0 0.00040000000000000002 1
1 -0.31999999999999995 0.5 0.20000000000000001 0.29999999999999999 1 0.01 0 0 0 0.02 0 0 0 0.029999999999999999 0 -0.29999999999999999 0 0.00040000000000000002 1
1.2000000000000002 -0.14999999999999991 0.5 0.21000000000000002 0.29999999999999999 1 0.01 0 0 0 0.02 0 0 0 0.029999999999999999 0 0 0 0.01 1
1.4000000000000004 0.020000000000000018 0.5 0.22 0.29999999999999999 1 0.01 0 0 0 0.02 0 0 0 0.029999999999999999 0 0 0 0.01 1
1.6000000000000001 0.19000000000000017 0.5 0.20000000000000001 0.29999999999999999 1 0.01 0 0 0 0.02 0 0 0 0.029999999999999999 0 0 0 0.01 1
-2 0.3600000000000001 0.5 0.21000000000000002 0.29999999999999999 1 0.01 0 0 0 0.02 0 0 0 0.029999999999999999 0 0 0 0.01 1
-1.8 0.53000000000000003 0.5 0.22 0.29999999999999999 1 0.01 0 0 0 0.02 0 0 0 0.029999999999999999 0.12 0 0 0 1
-1.6000000000000001 0.70000000000000018 0.5 0.20000000000000001 0.29999999999999999 1 0.01 0 0 0 0.02 0 0 0 0.029999999999999999 0 0 0 0.00040000000000000002 1
-1.3999999999999999 0.87000000000000011 0.5 0.21000000000000002 0.29999999999999999 1 0.01 0 0 0 0.02 0 0 0 0.029999999999999999 0 0 0 0.00040000000000000002 1
-1.2 1.04 0.5 0.22 0.29999999999999999 1 0.01 0 0 0 0.02 0 0 0 0.029999999999999999 0 0 0 0.0030000000000000001 1
-1 1.21 0.5 0.20000000000000001 0.29999999999999999 1 0.01 0 0 0 0.02 0 0 0 0.029999999999999999 0 -0.29999999999999999 0 0.00040000000000000002 1
-0.79999999999999982 1.3800000000000003 0.5 0.21000000000000002 0.29999999999999999 1 0.01 0 0 0 0.02 0 0 0 0.029999999999999999 0 0 0 0.00040000000000000002 1
-0.59999999999999987 1.5500000000000003 0.5 0.22 0.29999999999999999 1 0.01 0 0 0 0.02 0 0 0 0.029999999999999999 0 0 0 0.00040000000000000002 1
-0.39999999999999991 1.7200000000000002 0.5 0.20000000000000001 0.29999999999999999 1 0.01 0 0 0 0.02 0 0 0 0.029999999999999999 0.12 0 0 0.00040000000000000002 1
-0.19999999999999996 -1 0.5 0.21000000000000002 0.29999999999999999 1 0.01 0 0 0 0.02 0 0 0 0.029999999999999999 0 0 0 0.01 1
0 -0.82999999999999996 0.5 0.22 0.29999999999999999 1 0.01 0 0 0 0.02 0 0 0 0.029999999999999999 0 0 0 0.01 1
0.20000000000000018 -0.65999999999999992 0.5 0.20000000000000001 0.29999999999999999 1 0.01 0 0 0 0.02 0 0 0 0.029999999999999999 0 0 0 0.00040000000000000002 1
0.40000000000000036 -0.48999999999999999 0.5 0.21000000000000002 0.29999999999999999 1 0.01 0 0 0 0.02 0 0 0 0.029999999999999999 0 0 0 0 1
0.60000000000000009 -0.31999999999999995 0.5 0.22 0.29999999999999999 1 0.01 0 0 0 0.02 0 0 0 0.029999999999999999 0 0 0 0.00040000000000000002 1
0.80000000000000027 -0.14999999999999991 0.5 0.20000000000000001 0.29999999999999999 1 0.01 0 0 0 0.02 0 0 0 0.029999999999999999 0 -0.29999999999999999 0 0.01 1
1 0.020000000000000018 0.5 0.21000000000000002 0.29999999999999999 1 0.01 0 0 0 0.02 0 0 0 0.029999999999999999 0.12 0 0 0.01 1
1.2000000000000002 0.19000000000000017 0.5 0.22 0.29999999999999999 1 0.01 0 0 0 0.02 0 0 0 0.029999999999999999 0 0 0 0.00040000000000000002 1
1.4000000000000004 0.3600000000000001 0.5 0.20000000000000001 0.29999999999999999 1 0.01 0 0 0 0.02 0 0 0 0.029999999999999999 0 0 0 0.00040000000000000002 1
1.6000000000000001 0.53000000000000003 0.5 0.21000000000000002 0.29999999999999999 1 0.01 0 0 0 0.02 0 0 0 0.029999999999999999 0 0 0 0.00040000000000000002 1
-2 0.70000000000000018 0.5 0.22 0.29999999999999999 1 0.01 0 0 0 0.02 0 0 0 0.029999999999999999 0 0 0 0.0030000000000000001 1
-1.8 0.87000000000000011 0.5 0.20000000000000001 0.29999999999999999 1 0.01 0 0 0 0.02 0 0 0 0.029999999999999999 0 0 0 0.00040000000000000002 1
-1.6000000000000001 1.04 0.5 0.21000000000000002 0.29999999999999999 1 0.01 0 0 0 0.02 0 0 0 0.029999999999999999 0 0 0 0.01 1
-1.3999999999999999 1.21 0.5 0.22 0.29999999999999999 1 0.01 0 0 0 0.02 0 0 0 0.029999999999999999 0.12 0 0 0.01 1
-1.2 1.3800000000000003 0.5 0.20000000000000001 0.29999999999999999 1 0.01 0 0 0 0.02 0 0 0 0.029999999999999999 0 -0.29999999999999999 0 0 1
-1 1.5500000000000003 0.5 0.21000000000000002 0.29999999999999999 1 0.01 0 0 0 0.02 0 0 0 0.029999999999999999 0 0 0 0.01 1
-0.79999999999999982 1.7200000000000002 0.5 0.22 0.29999999999999999 1 0.01 0 0 0 0.02 0 0 0 0.029999999999999999 0 0 0 0.00040000000000000002 1
-0.59999999999999987 -1 0.5 0.20000000000000001 0.29999999999999999 1 0.01 0 0 0 0.02 0 0 0 0.029999999999999999 0 0 0 0.00040000000000000002 1
-0.39999999999999991 -0.82999999999999996 0.5 0.21000000000000002 0.29999999999999999 1 0.01 0 0 0 0.02 0 0 0 0.029999999999999999 0 0 0 0.00040000000000000002 1
-0.19999999999999996 -0.65999999999999992 0.5 0.22 0.29999999999999999 1 0.01 0 0 0 0.02 0 0 0 0.029999999999999999 0 0 0 0.00040000000000000002 1
0 -0.48999999999999999 0.5 0.20000000000000001 0.29999999999999999 1 0.01 0 0 0 0.02 0 0 0 0.029999999999999999 0.12 0 0 0.01 1
0.20000000000000018 -0.31999999999999995 0.5 0.21000000000000002 0.29999999999999999 1 0.01 0 0 0 0.02 0 0 0 0.029999999999999999 0 0 0 0.00040000000000000002 1
0.40000000000000036 -0.14999999999999991 0.5 0.22 0.29999999999999999 1 0.01 0 0 0 0.02 0 0 0 0.029999999999999999 0 0 0 0.00040000000000000002 1
0.60000000000000009 0.020000000000000018 0.5 0.20000000000000001 0.29999999999999999 1 0.01 0 0 0 0.02 0 0 0 0.029999999999999999 0 -0.29999999999999999 0 0.00040000000000000002 1
0.80000000000000027 0.19000000000000017 0.5 0.21000000000000002 0.29999999999999999 1 0.01 0 0 0 0.02 0 0 0 0.029999999999999999 0 0 0 0.01 1
1 0.3600000000000001 0.5 0.22 0.29999999999999999 1 0.01 0 0 0 0.02 0 0 0 0.029999999999999999 0 0 0 0 1
1.2000000000000002 0.53000000000000003 0.5 0.20000000000000001 0.29999999999999999 1 0.01 0 0 0 0.02 0 0 0 0.029999999999999999 0 0 0 0.00040000000000000002 1
1.4000000000000004 0.70000000000000018 0.5 0.21000000000000002 0.29999999999999999 1 0.01 0 0 0 0.02 0 0 0 0.029999999999999999 0.12 0 0 0.01 1
1.6000000000000001 0.87000000000000011 0.5 0.22 0.29999999999999999 1 0.01 0 0 0 0.02 0 0 0 0.029999999999999999 0 0 0 0.00040000000000000002 1
-2 1.04 0.5 0.20000000000000001 0.29999999999999999 1 0.01 0 0 0 0.02 0 0 0 0.029999999999999999 0 0 0 0.00040000000000000002 1
-1.8 1.21 0.5 0.21000000000000002 0.29999999999999999 1 0.01 0 0 0 0.02 0 0 0 0.029999999999999999 0 0 0 0.0030000000000000001 1
-1.6000000000000001 1.3800000000000003 0.5 0.22 0.29999999999999999 1 0.01 0 0 0 0.02 0 0 0 0.029999999999999999 0 0 0 0.00040000000000000002 1
-1.3999999999999999 1.5500000000000003 0.5 0.20000000000000001 0.29999999999999999 1 0.01 0 0 0 0.02 0 0 0 0.029999999999999999 0 -0.29999999999999999 0 0.00040000000000000002 1
-1.2 1.7200000000000002 0.5 0.21000000000000002 0.29999999999999999 1 0.01 0 0 0 0.02 0 0 0 0.029999999999999999 0 0 0 0.00040000000000000002 1
-1 -1 0.5 0.22 0.29999999999999999 1 0.01 0 0 0 0.02 0 0 0 0.029999999999999999 0.12 0 0 0.01 1
-0.79999999999999982 -0.82999999999999996 0.5 0.20000000000000001 0.29999999999999999 1 0.01 0 0 0 0.02 0 0 0 0.029999999999999999 0 0 0 0.01 1
-0.59999999999999987 -0.65999999999999992 0.5 0.21000000000000002 0.29999999999999999 1 0.01 0 0 0 0.02 0 0 0 0.029999999999999999 0 0 0 0 1
-0.39999999999999991 -0.48999999999999999 0.5 0.22 0.29999999999999999 1 0.01 0 0 0 0.02 0 0 0 0.029999999999999999 0 0 0 0.01 1
-0.19999999999999996 -0.31999999999999995 0.5 0.20000000000000001 0.29999999999999999 1 0.01 0 0 0 0.02 0 0 0 0.029999999999999999 0 0 0 0.00040000000000000002 1
0 -0.14999999999999991 0.5 0.21000000000000002 0.29999999999999999 1 0.01 0 0 0 0.02 0 0 0 0.029999999999999999 0 0 0 0.01 1
0.20000000000000018 0.020000000000000018 0.5 0.22 0.29999999999999999 1 0.01 0 0 0 0.02 0 0 0 0.029999999999999999 0 0 0 0.0030000000000000001 1
0.40000000000000036 0.19000000000000017 0.5 0.20000000000000001 0.29999999999999999 1 0.01 0 0 0 0.02 0 0 0 0.029999999999999999 0.12 -0.29999999999999999 0 0.00040000000000000002 1
0.60000000000000009 0.3600000000000001 0.5 0.21000000000000002 0.29999999999999999 1 0.01 0 0 0 0.02 0 0 0 0.029999999999999999 0 0 0 0.00040000000000000002 1
0.80000000000000027 0.53000000000000003 0.5 0.22 0.29999999999999999 1 0.01 0 0 0 0.02 0 0 0 0.029999999999999999 0 0 0 0.00040000000000000002 1
1 0.70000000000000018 0.5 0.20000000000000001 0.29999999999999999 1 0.01 0 0 0 0.02 0 0 0 0.029999999999999999 0 0 0 0.00040000000000000002 1
1.2000000000000002 0.87000000000000011 0.5 0.21000000000000002 0.29999999999999999 1 0.01 0 0 0 0.02 0 0 0 0.029999999999999999 0 0 0 0.0030000000000000001 1
1.4000000000000004 1.04 0.5 0.22 0.29999999999999999 1 0.01 0 0 0 0.02 0 0 0 0.029999999999999999 0 0 0 0.00040000000000000002 1
1.6000000000000001 1.21 0.5 0.20000000000000001 0.29999999999999999 1 0.01 0 0 0 0.02 0 0 0 0.029999999999999999 0 0 0 0 1
-2 1.3800000000000003 0.5 0.21000000000000002 0.29999999999999999 1 0.01 0 0 0 0.02 0 0 0 0.029999999999999999 0.12 0 0 0.01 1
-1.8 1.5500000000000003 0.5 0.22 0.29999999999999999 1 0.01 0 0 0 0.02 0 0 0 0.029999999999999999 0 0 0 0.01 1
-1.6000000000000001 1.7200000000000002 0.5 0.20000000000000001 0.29999999999999999 1 0.01 0 0 0 0.02 0 0 0 0.029999999999999999 0 -0.29999999999999999 0 0.01 1
-1.3999999999999999 -1 0.5 0.21000000000000002 0.29999999999999999 1 0.01 0 0 0 0.02 0 0 0 0.029999999999999999 0 0 0 0.01 1
-1.2 -0.82999999999999996 0.5 0.22 0.29999999999999999 1 0.01 0 0 0 0.02 0 0 0 0.029999999999999999 0 0 0 0.00040000000000000002 1
-1 -0.65999999999999992 0.5 0.20000000000000001 0.29999999999999999 1 0.01 0 0 0 0.02 0 0 0 0.029999999999999999 0 0 0 0.00040000000000000002 1
-0.79999999999999982 -0.48999999999999999 0.5 0.21000000000000002 0.29999999999999999 1 0.01 0 0 0 0.02 0 0 0 0.029999999999999999 0 0 0 0.00040000000000000002 1
-0.59999999999999987 -0.31999999999999995 0.5 0.22 0.29999999999999999 1 0.01 0 0 0 0.02 0 0 0 0.029999999999999999 0.12 0 0 0.01 1
-0.39999999999999991 -0.14999999999999991 0.5 0.20000000000000001 0.29999999999999999 1 0.01 0 0 0 0.02 0 0 0 0.029999999999999999 0 0 0 0.00040000000000000002 1
-0.19999999999999996 0.020000000000000018 0.5 0.21000000000000002 0.29999999999999999 1 0.01 0 0 0 0.02 0 0 0 0.029999999999999999 0 0 0 0.00040000000000000002 1
0 0.19000000000000017 0.5 0.22 0.29999999999999999 1 0.01 0 0 0 0.02 0 0 0 0.029999999999999999 0 0 0 0 1
0.20000000000000018 0.3600000000000001 0.5 0.20000000000000001 0.29999999999999999 1 0.01 0 0 0 0.02 0 0 0 0.029999999999999999 0 -0.29999999999999999 0 0.00040000000000000002 1
0.40000000000000036 0.53000000000000003 0.5 0.21000000000000002 0.29999999999999999 1 0.01 0 0 0 0.02 0 0 0 0.029999999999999999 0 0 0 0.01 1
0.60000000000000009 0.70000000000000018 0.5 0.22 0.29999999999999999 1 0.01 0 0 0 0.02 0 0 0 0.029999999999999999 0 0 0 0.01 1
0.80000000000000027 0.87000000000000011 0.5 0.20000000000000001 0.29999999999999999 1 0.01 0 0 0 0.02 0 0 0 0.029999999999999999 0.12 0 0 0.00040000000000000002 1
1 1.04 0.5 0.21000000000000002 0.29999999999999999 1 0.01 0 0 0 0.02 0 0 0 0.029999999999999999 0 0 0 0.01 1
1.2000000000000002 1.21 0.5 0.22 0.29999999999999999 1 0.01 0 0 0 0.02 0 0 0 0.029999999999999999 0 0 0 0.00040000000000000002 1
1.4000000000000004 1.3800000000000003 0.5 0.20000000000000001 0.29999999999999999 1 0.01 0 0 0 0.02 0 0 0 0.029999999999999999 0 0 0 0.0030000000000000001 1
1.6000000000000001 1.5500000000000003 0.5 0.21000000000000002 0.29999999999999999 1 0.01 0 0 0 0.02 0 0 0 0.029999999999999999 0 0 0 0.00040000000000000002 1
-2 1.7200000000000002 0.5 0.22 0.29999999999999999 1 0.01 0 0 0 0.02 0 0 0 0.029999999999999999 0 0 0 0.00040000000000000002 1
-1.8 -1 0.5 0.20000000000000001 0.29999999999999999 1 0.01 0 0 0 0.02 0 0 0 0.029999999999999999 0 -0.29999999999999999 0 0.00040000000000000002 1
-1.6000000000000001 -0.82999999999999996 0.5 0.21000000000000002 0.29999999999999999 1 0.01 0 0 0 0.02 0 0 0 0.029999999999999999 0.12 0 0 0 1
-1.3999999999999999 -0.65999999999999992 0.5 0.22 0.29999999999999999 1 0.01 0 0 0 0.02 0 0 0 0.029999999999999999 0 0 0 0.0030000000000000001 1
-1.2 -0.48999999999999999 0.5 0.20000000000000001 0.29999999999999999 1 0.01 0 0 0 0.02 0 0 0 0.029999999999999999 0 0 0 0.00040000000000000002 1
-1 -0.31999999999999995 0.5 0.21000000000000002 0.29999999999999999 1 0.01 0 0 0 0.02 0 0 0 0.029999999999999999 0 0 0 0.01 1
-0.79999999999999982 -0.14999999999999991 0.5 0.22 0.29999999999999999 1 0.01 0 0 0 0.02 0 0 0 0.029999999999999999 0 0 0 0.01 1
-0.59999999999999987 0.020000000000000018 0.5 0.20000000000000001 0.29999999999999999 1 0.01 0 0 0 0.02 0 0 0 0.029999999999999999 0 0 0 0.00040000000000000002 1
-0.39999999999999991 0.19000000000000017 0.5 0.21000000000000002 0.29999999999999999 1 0.01 0 0 0 0.02 0 0 0 0.029999999999999999 0 0 0 0.01 1
-0.19999999999999996 0.3600000000000001 0.5 0.22 0.29999999999999999 1 0.01 0 0 0 0.02 0 0 0 0.029999999999999999 0.12 0 0 0.01 1
0 0.53000000000000003 0.5 0.20000000000000001 0.29999999999999999 1 0.01 0 0 0 0.02 0 0 0 0.029999999999999999 0 -0.29999999999999999 0 0.00040000000000000002 1
0.20000000000000018 0.70000000000000018 0.5 0.21000000000000002 0.29999999999999999 1 0.01 0 0 0 0.02 0 0 0 0.029999999999999999 0 0 0 0.00040000000000000002 1
0.40000000000000036 0.87000000000000011 0.5 0.22 0.29999999999999999 1 0.01 0 0 0 0.02 0 0 0 0.029999999999999999 0 0 0 0.00040000000000000002 1
0.60000000000000009 1.04 0.5 0.20000000000000001 0.29999999999999999 1 0.01 0 0 0 0.02 0 0 0 0.029999999999999999 0 0 0 0 1
0.80000000000000027 1.21 0.5 0.21000000000000002 0.29999999999999999 1 0.01 0 0 0 0.02 0 0 0 0.029999999999999999 0 0 0 0.00040000000000000002 1
1 1.3800000000000003 0.5 0.22 0.29999999999999999 1 0.01 0 0 0 0.02 0 0 0 0.029999999999999999 0 0 0 0.00040000000000000002 1
1.2000000000000002 1.5500000000000003 0.5 0.20000000000000001 0.29999999999999999 1 0.01 0 0 0 0.02 0 0 0 0.029999999999999999 0.12 0 0 0.00040000000000000002 1
1.4000000000000004 1.7200000000000002 0.5 0.21000000000000002 0.29999999999999999 1 0.01 0 0 0 0.02 0 0 0 0.029999999999999999 0 0 0 0.01 1
1.6000000000000001 -1 0.5 0.22 0.29999999999999999 1 0.01 0 0 0 0.02 0 0 0 0.029999999999999999 0 0 0 0.01 1
-2 -0.82999999999999996 0.5 0.20000000000000001 0.29999999999999999 1 0.01 0 0 0 0.02 0 0 0 0.029999999999999999 0 -0.29999999999999999 0 0.00040000000000000002 1
-1.8 -0.65999999999999992 0.5 0.21000000000000002 0.29999999999999999 1 0.01 0 0 0 0.02 0 0 0 0.029999999999999999 0 0 0 0.01 1
-1.6000000000000001 -0.48999999999999999 0.5 0.22 0.29999999999999999 1 0.01 0 0 0 0.02 0 0 0 0.029999999999999999 0 0 0 0.00040000000000000002 1
-1.3999999999999999 -0.31999999999999995 0.5 0.20000000000000001 0.29999999999999999 1 0.01 0 0 0 0.02 0 0 0 0.029999999999999999 0 0 0 0.00040000000000000002 1
-1.2 -0.14999999999999991 0.5 0.21000000000000002 0.29999999999999999 1 0.01 0 0 0 0.02 0 0 0 0.029999999999999999 0.12 0 0 0.01 1
-1 0.020000000000000018 0.5 0.22 0.29999999999999999 1 0.01 0 0 0 0.02 0 0 0 0.029999999999999999 0 0 0 0 1
-0.79999999999999982 0.19000000000000017 0.5 0.20000000000000001 0.29999999999999999 1 0.01 0 0 0 0.02 0 0 0 0.029999999999999999 0 0 0 0.00040000000000000002 1
-0.59999999999999987 0.3600000000000001 0.5 0.21000000000000002 0.29999999999999999 1 0.01 0 0 0 0.02 0 0 0 0.029999999999999999 0 0 0 0.00040000000000000002 1
-0.39999999999999991 0.53000000000000003 0.5 0.22 0.29999999999999999 1 0.01 0 0 0 0.02 0 0 0 0.029999999999999999 0 0 0 0.00040000000000000002 1
-0.19999999999999996 0.70000000000000018 0.5 0.20000000000000001 0.29999999999999999 1 0.01 0 0 0 0.02 0 0 0 0.029999999999999999 0 -0.29999999999999999 0 0.01 1
0 0.87000000000000011 0.5 0.21000000000000002 0.29999999999999999 1 0.01 0 0 0 0.02 0 0 0 0.029999999999999999 0 0 0 0.01 1
0.20000000000000018 1.04 0.5 0.22 0.29999999999999999 1 0.01 0 0 0 0.02 0 0 0 0.029999999999999999 0.12 0 0 0.01 1
0.40000000000000036 1.21 0.5 0.20000000000000001 0.29999999999999999 1 0.01 0 0 0 0.02 0 0 0 0.029999999999999999 0 0 0 0.00040000000000000002 1
0.60000000000000009 1.3800000000000003 0.5 0.21000000000000002 0.29999999999999999 1 0.01 0 0 0 0.02 0 0 0 0.029999999999999999 0 0 0 0.01 1
0.80000000000000027 1.5500000000000003 0.5 0.22 0.29999999999999999 1 0.01 0 0 0 0.02 0 0 0 0.029999999999999999 0 0 0 0.0030000000000000001 1
1 1.7200000000000002 0.5 0.20000000000000001 0.29999999999999999 1 0.01 0 0 0 0.02 0 0 0 0.029999999999999999 0 0 0 0.00040000000000000002 1
1.2000000000000002 -1 0.5 0.21000000000000002 0.29999999999999999 1 0.01 0 0 0 0.02 0 0 0 0.029999999999999999 0 0 0 0 1
1.4000000000000004 -0.82999999999999996 0.5 0.22 0.29999999999999999 1 0.01 0 0 0 0.02 0 0 0 0.029999999999999999 0 0 0 0.00040000000000000002 1
1.6000000000000001 -0.65999999999999992 0.5 0.20000000000000001 0.29999999999999999 1 0.01 0 0 0 0.02 0 0 0 0.029999999999999999 0.12 -0.29999999999999999 0 0.00040000000000000002 1
-2 -0.48999999999999999 0.5 0.21000000000000002 0.29999999999999999 1 0.01 0 0 0 0.02 0 0 0 0.029999999999999999 0 0 0 0.0030000000000000001 1
-1.8 -0.31999999999999995 0.5 0.22 0.29999999999999999 1 0.01 0 0 0 0.02 0 0 0 0.029999999999999999 0 0 0 0.00040000000000000002 1
-1.6000000000000001 -0.14999999999999991 0.5 0.20000000000000001 0.29999999999999999 1 0.01 0 0 0 0.02 0 0 0 0.029999999999999999 0 0 0 0.00040000000000000002 1
-1.3999999999999999 0.020000000000000018 0.5 0.21000000000000002 0.29999999999999999 1 0.01 0 0 0 0.02 0 0 0 0.029999999999999999 0 0 0 0.01 1
-1.2 0.19000000000000017 0.5 0.22 0.29999999999999999 1 0.01 0 0 0 0.02 0 0 0 0.029999999999999999 0 0 0 0.01 1
-1 0.3600000000000001 0.5 0.20000000000000001 0.29999999999999999 1 0.01 0 0 0 0.02 0 0 0 0.029999999999999999 0 0 0 0.01 1
-0.79999999999999982 0.53000000000000003 0.5 0.21000000000000002 0.29999999999999999 1 0.01 0 0 0 0.02 0 0 0 0.029999999999999999 0.12 0 0 0.01 1
-0.59999999999999987 0.70000000000000018 0.5 0.22 0.29999999999999999 1 0.01 0 0 0 0.02 0 0 0 0.029999999999999999 0 0 0 0.00040000000000000002 1
-0.39999999999999991 0.87000000000000011 0.5 0.20000000000000001 0.29999999999999999 1 0.01 0 0 0 0.02 0 0 0 0.029999999999999999 0 -0.29999999999999999 0 0 1
-0.19999999999999996 1.04 0.5 0.21000000000000002 0.29999999999999999 1 0.01 0 0 0 0.02 0 0 0 0.029999999999999999 0 0 0 0.00040000000000000002 1
0 1.21 0.5 0.22 0.29999999999999999 1 0.01 0 0 0 0.02 0 0 0 0.029999999999999999 0 0 0 0.0030000000000000001 1
0.20000000000000018 1.3800000000000003 0.5 0.20000000000000001 0.29999999999999999 1 0.01 0 0 0 0.02 0 0 0 0.029999999999999999 0 0 0 0.00040000000000000002 1
0.40000000000000036 1.5500000000000003 0.5 0.21000000000000002 0.29999999999999999 1 0.01 0 0 0 0.02 0 0 0 0.029999999999999999 0 0 0 0.00040000000000000002 1
0.60000000000000009 1.7200000000000002 0.5 0.22 0.29999999999999999 1 0.01 0 0 0 0.02 0 0 0 0.029999999999999999 0.12 0 0 0.01 1
0.80000000000000027 -1 0.5 0.20000000000000001 0.29999999999999999 1 0.01 0 0 0 0.02 0 0 0 0.029999999999999999 0 0 0 0.00040000000000000002 1
1 -0.82999999999999996 0.5 0.21000000000000002 0.29999999999999999 1 0.01 0 0 0 0.02 0 0 0 0.029999999999999999 0 0 0 0.01 1
1.2000000000000002 -0.65999999999999992 0.5 0.22 0.29999999999999999 1 0.01 0 0 0 0.02 0 0 0 0.029999999999999999 0 0 0 0.01 1
1.4000000000000004 -0.48999999999999999 0.5 0.20000000000000001 0.29999999999999999 1 0.01 0 0 0 0.02 0 0 0 0.029999999999999999 0 -0.29999999999999999 0 0.00040000000000000002 1
1.6000000000000001 -0.31999999999999995 0.5 0.21000000000000002 0.29999999999999999 1 0.01 0 0 0 0.02 0 0 0 0.029999999999999999 0 0 0 0.01 1
-2 -0.14999999999999991 0.5 0.22 0.29999999999999999 1 0.01 0 0 0 0.02 0 0 0 0.029999999999999999 0 0 0 0 1
-1.8 0.020000000000000018 0.5 0.20000000000000001 0.29999999999999999 1 0.01 0 0 0 0.02 0 0 0 0.029999999999999999 0.12 0 0 0.01 1
-1.6000000000000001 0.19000000000000017 0.5 0.21000000000000002 0.29999999999999999 1 0.01 0 0 0 0.02 0 0 0 0.029999999999999999 0 0 0 0.00040000000000000002 1
-1.3999999999999999 0.3600000000000001 0.5 0.22 0.29999999999999999 1 0.01 0 0 0 0.02 0 0 0 0.029999999999999999 0 0 0 0.00040000000000000002 1
-1.2 0.53000000000000003 0.5 0.20000000000000001 0.29999999999999999 1 0.01 0 0 0 0.02 0 0 0 0.029999999999999999 0 0 0 0.00040000000000000002 1
-1 0.70000000000000018 0.5 0.21000000000000002 0.29999999999999999 1 0.01 0 0 0 0.02 0 0 0 0.029999999999999999 0 0 0 0.00040000000000000002 1
-0.79999999999999982 0.87000000000000011 0.5 0.22 0.29999999999999999 1 0.01 0 0 0 0.02 0 0 0 0.029999999999999999 0 0 0 0.0030000000000000001 1
-0.59999999999999987 1.04 0.5 0.20000000000000001 0.29999999999999999 1 0.01 0 0 0 0.02 0 0 0 0.029999999999999999 0 -0.29999999999999999 0 0.00040000000000000002 1
-0.39999999999999991 1.21 0.5 0.21000000000000002 0.29999999999999999 1 0.01 0 0 0 0.02 0 0 0 0.029999999999999999 0.12 0 0 0.01 1
-0.19999999999999996 1.3800000000000003 0.5 0.22 0.29999999999999999 1 0.01 0 0 0 0.02 0 0 0 0.029999999999999999 0 0 0 0.01 1
0 1.5500000000000003 0.5 0.20000000000000001 0.29999999999999999 1 0.01 0 0 0 0.02 0 0 0 0.029999999999999999 0 0 0 0.00040000000000000002 1
0.20000000000000018 1.7200000000000002 0.5 0.21000000000000002 0.29999999999999999 1 0.01 0 0 0 0.02 0 0 0 0.029999999999999999 0 0 0 0 1
0.40000000000000036 -1 0.5 0.22 0.29999999999999999 1 0.01 0 0 0 0.02 0 0 0 0.029999999999999999 0 0 0 0.00040000000000000002 1
0.60000000000000009 -0.82999999999999996 0.5 0.20000000000000001 0.29999999999999999 1 0.01 0 0 0 0.02 0 0 0 0.029999999999999999 0 0 0 0.00040000000000000002 1
0.80000000000000027 -0.65999999999999992 0.5 0.21000000000000002 0.29999999999999999 1 0.01 0 0 0 0.02 0 0 0 0.029999999999999999 0 0 0 0.00040000000000000002 1
1 -0.48999999999999999 0.5 0.22 0.29999999999999999 1 0.01 0 0 0 0.02 0 0 0 0.029999999999999999 0.12 0 0 0.01 1
1.2000000000000002 -0.31999999999999995 0.5 0.20000000000000001 0.29999999999999999 1 0.01 0 0 0 0.02 0 0 0 0.029999999999999999 0 -0.29999999999999999 0 0.01 1
1.4000000000000004 -0.14999999999999991 0.5 0.21000000000000002 0.29999999999999999 1 0.01 0 0 0 0.02 0 0 0 0.029999999999999999 0 0 0 0.00040000000000000002 1
1.6000000000000001 0.020000000000000018 0.5 0.22 0.29999999999999999 1 0.01 0 0 0 0.02 0 0 0 0.029999999999999999 0 0 0 0.00040000000000000002 1
-2 0.19000000000000017 0.5 0.20000000000000001 0.29999999999999999 1 0.01 0 0 0 0.02 0 0 0 0.029999999999999999 0 0 0 0.00040000000000000002 1
-1.8 0.3600000000000001 0.5 0.21000000000000002 0.29999999999999999 1 0.01 0 0 0 0.02 0 0 0 0.029999999999999999 0 0 0 0.01 1
-1.6000000000000001 0.53000000000000003 0.5 0.22 0.29999999999999999 1 0.01 0 0 0 0.02 0 0 0 0.029999999999999999 0 0 0 0.01 1
-1.3999999999999999 0.70000000000000018 0.5 0.20000000000000001 0.29999999999999999 1 0.01 0 0 0 0.02 0 0 0 0.029999999999999999 0.12 0 0 0 1
-1.2 0.87000000000000011 0.5 0.21000000000000002 0.29999999999999999 1 0.01 0 0 0 0.02 0 0 0 0.029999999999999999 0 0 0 0.01 1
-1 1.04 0.5 0.22 0.29999999999999999 1 0.01 0 0 0 0.02 0 0 0 0.029999999999999999 0 0 0 0.00040000000000000002 1
-0.79999999999999982 1.21 0.5 0.20000000000000001 0.29999999999999999 1 0.01 0 0 0 0.02 0 0 0 0.029999999999999999 0 -0.29999999999999999 0 0.00040000000000000002 1
-0.59999999999999987 1.3800000000000003 0.5 0.21000000000000002 0.29999999999999999 1 0.01 0 0 0 0.02 0 0 0 0.029999999999999999 0 0 0 0.0030000000000000001 1
-0.39999999999999991 1.5500000000000003 0.5 0.22 0.29999999999999999 1 0.01 0 0 0 0.02 0 0 0 0.029999999999999999 0 0 0 0.00040000000000000002 1
-0.19999999999999996 1.7200000000000002 0.5 0.20000000000000001 0.29999999999999999 1 0.01 0 0 0 0.02 0 0 0 0.029999999999999999 0 0 0 0.00040000000000000002 1
0 -1 0.5 0.21000000000000002 0.29999999999999999 1 0.01 0 0 0 0.02 0 0 0 0.029999999999999999 0.12 0 0 0.01 1
0.20000000000000018 -0.82999999999999996 0.5 0.22 0.29999999999999999 1 0.01 0 0 0 0.02 0 0 0 0.029999999999999999 0 0 0 0.00040000000000000002 1
0.40000000000000036 -0.65999999999999992 0.5 0.20000000000000001 0.29999999999999999 1 0.01 0 0 0 0.02 0 0 0 0.029999999999999999 0 0 0 0.01 1
0.60000000000000009 -0.48999999999999999 0.5 0.21000000000000002 0.29999999999999999 1 0.01 0 0 0 0.02 0 0 0 0.029999999999999999 0 0 0 0.01 1
0.80000000000000027 -0.31999999999999995 0.5 0.22 0.29999999999999999 1 0.01 0 0 0 0.02 0 0 0 0.029999999999999999 0 0 0 0 1
1 -0.14999999999999991 0.5 0.20000000000000001 0.29999999999999999 1 0.01 0 0 0 0.02 0 0 0 0.029999999999999999 0 -0.29999999999999999 0 0.00040000000000000002 1
1.2000000000000002 0.020000000000000018 0.5 0.21000000000000002 0.29999999999999999 1 0.01 0 0 0 0.02 0 0 0 0.029999999999999999 0 0 0 0.01 1
1.4000000000000004 0.19000000000000017 0.5 0.22 0.29999999999999999 1 0.01 0 0 0 0.02 0 0 0 0.029999999999999999 0.12 0 0 0.01 1
1.6000000000000001 0.3600000000000001 0.5 0.20000000000000001 0.29999999999999999 1 0.01 0 0 0 0.02 0 0 0 0.029999999999999999 0 0 0 0.00040000000000000002 1
-2 0.53000000000000003 0.5 0.21000000000000002 0.29999999999999999 1 0.01 0 0 0 0.02 0 0 0 0.029999999999999999 0 0 0 0.00040000000000000002 1
-1.8 0.70000000000000018 0.5 0.22 0.29999999999999999 1 0.01 0 0 0 0.02 0 0 0 0.029999999999999999 0 0 0 0.00040000000000000002 1
-1.6000000000000001 0.87000000000000011 0.5 0.20000000000000001 0.29999999999999999 1 0.01 0 0 0 0.02 0 0 0 0.029999999999999999 0 0 0 0.00040000000000000002 1
-2 -1 0.5 0.20000000000000001 0.29999999999999999 1 0.01 0 0 0 0.02 0 0 0 0.029999999999999999 0.12 -0.29999999999999999 0 0 1
-1.8 -0.82999999999999996 0.5 0.21000000000000002 0.29999999999999999 1 0.013576040000000001 0 0 0 0.023576039999999999 0 0 0 0.033576040000000001 0 0 0 0.01 1
-1.6000000000000001 -0.65999999999999992 0.5 0.22 0.29999999999999999 1 0.013552160000000001 0 0 0 0.023552160000000003 0 0 0 0.033552159999999998 0 0 0 0.01 1
-1.3999999999999999 -0.48999999999999999 0.5 0.20000000000000001 0.29999999999999999 1 0.0100352836 0 0 0 0.020035283600000002 0 0 0 0.0300352836 0 0 0 0.00040000000000000002 1
-1.2 -0.31999999999999995 0.5 0.21000000000000002 0.29999999999999999 1 0.013504640000000002 0 0 0 0.02350464 0 0 0 0.033504640000000002 0 0 0 0.01 1
-1 -0.14999999999999991 0.5 0.22 0.29999999999999999 1 0.013481000000000002 0 0 0 0.023481000000000002 0 0 0 0.033480999999999997 0 0 0 0.0030000000000000001 1
-0.79999999999999982 0.020000000000000018 0.5 0.20000000000000001 0.29999999999999999 1 0.010034574399999999 0 0 0 0.020034574400000001 0 0 0 0.0300345744 0 0 0 0.00040000000000000002 1
-0.5648399999999999 0.19000000000000017 0.5 0.21000000000000002 0.29999999999999999 1 0.013433960000000002 0 0 0 0.02343396 0 0 0 0.033433959999999999 0.12 0 0 0.01 1
-0.39999999999999991 0.3600000000000001 0.5 0.22 0.29999999999999999 1 0.013410560000000002 0 0 0 0.02341056 0 0 0 0.033410559999999999 0 0 0 0.00040000000000000002 1
-0.19999999999999996 0.44270000000000004 0.5 0.20000000000000001 0.29999999999999999 1 0.010033872399999999 0 0 0 0.0200338724 0 0 0 0.030033872399999998 0 -0.29999999999999999 0 0.00040000000000000002 1
0 0.70000000000000018 0.5 0.21000000000000002 0.29999999999999999 1 0.013364000000000001 0 0 0 0.023364000000000003 0 0 0 0.033363999999999998 0 0 0 0.0030000000000000001 1
0.20000000000000018 0.87000000000000011 0.5 0.22 0.29999999999999999 1 0.01 0 0 0 0.02 0 0 0 0.029999999999999999 0 0 0 0 1
0.40000000000000036 1.04 0.5 0.20000000000000001 0.29999999999999999 1 0.0100331776 0 0 0 0.0200331776 0 0 0 0.030033177599999999 0 0 0 0.00040000000000000002 1
0.60000000000000009 1.21 0.5 0.21000000000000002 0.29999999999999999 1 0.013294760000000001 0 0 0 0.023294760000000001 0 0 0 0.03329476 0 0 0 0.01 1
0.83432000000000028 1.3800000000000003 0.5 0.22 0.29999999999999999 1 0.013271840000000002 0 0 0 0.023271840000000002 0 0 0 0.033271839999999997 0.12 0 0 0.01 1
1 1.5500000000000003 0.5 0.20000000000000001 0.29999999999999999 1 0.013249 0 0 0 0.023249000000000002 0 0 0 0.033249000000000001 0 0 0 0.01 0
1.2000000000000002 1.7200000000000002 0.5 0.21000000000000002 0.29999999999999999 1 0.01322624 0 0 0 0.023226240000000002 0 0 0 0.033226239999999997 0 0 0 0.01 0
1.4000000000000004 -1 0.5 0.22 0.29999999999999999 1 0.013203560000000001 0 0 0 0.023203560000000002 0 0 0 0.03320356 0 0 0 0.00040000000000000002 1
1.6000000000000001 -0.91459999999999997 0.5 0.20000000000000001 0.29999999999999999 1 0.0100318096 0 0 0 0.020031809599999999 0 0 0 0.030031809599999997 0 -0.29999999999999999 0 0.00040000000000000002 1
-2 -0.65999999999999992 0.5 0.21000000000000002 0.29999999999999999 1 0.01315844 0 0 0 0.023158440000000002 0 0 0 0.033158439999999997 0 0 0 0.00040000000000000002 0
-1.8 -0.48999999999999999 0.5 0.22 0.29999999999999999 1 0.013136 0 0 0 0.023136 0 0 0 0.033135999999999999 0 0 0 0.0030000000000000001 0
-1.5665200000000001 -0.31999999999999995 0.5 0.20000000000000001 0.29999999999999999 1 0.0100311364 0 0 0 0.0200311364 0 0 0 0.030031136399999998 0.12 0 0 0.00040000000000000002 1
-1.3999999999999999 -0.14999999999999991 0.5 0.21000000000000002 0.29999999999999999 1 0.01 0 0 0 0.02 0 0 0 0.029999999999999999 0 0 0 0 0
-1.2 0.020000000000000018 0.5 0.22 0.29999999999999999 1 0.013069160000000002 0 0 0 0.023069160000000002 0 0 0 0.03306916 0 0 0 0.00040000000000000002 1
-1 0.19000000000000017 0.5 0.20000000000000001 0.29999999999999999 1 0.0100304704 0 0 0 0.0200304704 0 0 0 0.030030470399999998 0 0 0 0.00040000000000000002 1
-0.79999999999999982 0.3600000000000001 0.5 0.21000000000000002 0.29999999999999999 1 0.013025 0 0 0 0.023025 0 0 0 0.033024999999999999 0 0 0 0.01 1
-0.59999999999999987 0.53000000000000003 0.5 0.22 0.29999999999999999 1 0.01300304 0 0 0 0.023003040000000002 0 0 0 0.033003039999999997 0 0 0 0.01 1
-0.39999999999999991 0.6181000000000002 0.5 0.20000000000000001 0.29999999999999999 1 0.010029811600000001 0 0 0 0.020029811599999999 0 0 0 0.030029811599999998 0 -0.29999999999999999 0 0.00040000000000000002 1
-0.16735999999999995 0.87000000000000011 0.5 0.21000000000000002 0.29999999999999999 1 0.01295936 0 0 0 0.022959360000000002 0 0 0 0.03295936 0.12 0 0 0.01 1
0 1.04 0.5 0.22 0.29999999999999999 1 0.01293764 0 0 0 0.022937640000000002 0 0 0 0.032937639999999997 0 0 0 0.00040000000000000002 1
0.20000000000000018 1.21 0.5 0.20000000000000001 0.29999999999999999 1 0.012916 0 0 0 0.022915999999999999 0 0 0 0.032916000000000001 0 0 0 0.0030000000000000001 1
0.40000000000000036 1.3800000000000003 0.5 0.21000000000000002 0.29999999999999999 1 0.01289444 0 0 0 0.022894440000000002 0 0 0 0.032894439999999997 0 0 0 0.00040000000000000002 0
0.60000000000000009 1.5500000000000003 0.5 0.22 0.29999999999999999 1 0.012872960000000001 0 0 0 0.022872960000000001 0 0 0 0.03287296 0 0 0 0.00040000000000000002 0
0.80000000000000027 1.7200000000000002 0.5 0.20000000000000001 0.29999999999999999 1 0.01 0 0 0 0.02 0 0 0 0.029999999999999999 0 0 0 0 0
1 -1 0.5 0.21000000000000002 0.29999999999999999 1 0.012830240000000001 0 0 0 0.022830240000000002 0 0 0 0.032830239999999997 0 0 0 0.00040000000000000002 1
1.2318000000000002 -0.82999999999999996 0.5 0.22 0.29999999999999999 1 0.012809000000000001 0 0 0 0.022808999999999999 0 0 0 0.032808999999999998 0.12 0 0 0.01 1
1.4000000000000004 -0.73919999999999997 0.5 0.20000000000000001 0.29999999999999999 1 0.010027878400000001 0 0 0 0.020027878400000001 0 0 0 0.030027878399999999 0 -0.29999999999999999 0 0.00040000000000000002 1
1.6000000000000001 -0.48999999999999999 0.5 0.21000000000000002 0.29999999999999999 1 0.01276676 0 0 0 0.02276676 0 0 0 0.032766759999999999 0 0 0 0.01 1
-2 -0.31999999999999995 0.5 0.22 0.29999999999999999 1 0.01274576 0 0 0 0.02274576 0 0 0 0.032745759999999999 0 0 0 0.01 0
-1.8 -0.14999999999999991 0.5 0.20000000000000001 0.29999999999999999 1 0.010027248400000001 0 0 0 0.020027248399999999 0 0 0 0.030027248399999998 0 0 0 0.00040000000000000002 0
-1.6000000000000001 0.020000000000000018 0.5 0.21000000000000002 0.29999999999999999 1 0.012704 0 0 0 0.022704000000000002 0 0 0 0.032703999999999997 0 0 0 0.01 1
-1.3999999999999999 0.19000000000000017 0.5 0.22 0.29999999999999999 1 0.01268324 0 0 0 0.02268324 0 0 0 0.032683240000000002 0 0 0 0.00040000000000000002 0
-1.1690399999999999 0.3600000000000001 0.5 0.20000000000000001 0.29999999999999999 1 0.0100266256 0 0 0 0.0200266256 0 0 0 0.030026625599999999 0.12 0 0 0.00040000000000000002 1
-1 0.53000000000000003 0.5 0.21000000000000002 0.29999999999999999 1 0.012641960000000001 0 0 0 0.022641959999999999 0 0 0 0.032641959999999998 0 0 0 0.00040000000000000002 1
-0.79999999999999982 0.70000000000000018 0.5 0.22 0.29999999999999999 1 0.01 0 0 0 0.02 0 0 0 0.029999999999999999 0 0 0 0 1
-0.59999999999999987 0.79350000000000009 0.5 0.20000000000000001 0.29999999999999999 1 0.012601000000000001 0 0 0 0.022601 0 0 0 0.032600999999999998 0 -0.29999999999999999 0 0.01 1
-0.39999999999999991 1.04 0.5 0.21000000000000002 0.29999999999999999 1 0.012580640000000001 0 0 0 0.022580639999999999 0 0 0 0.032580640000000001 0 0 0 0.00040000000000000002 1
-0.19999999999999996 1.21 0.5 0.22 0.29999999999999999 1 0.01256036 0 0 0 0.022560360000000002 0 0 0 0.032560359999999997 0 0 0 0.00040000000000000002 0
0 1.3800000000000003 0.5 0.20000000000000001 0.29999999999999999 1 0.010025401600000001 0 0 0 0.020025401599999999 0 0 0 0.030025401599999998 0 0 0 0.00040000000000000002 0
0.23012000000000019 1.5500000000000003 0.5 0.21000000000000002 0.29999999999999999 1 0.01252004 0 0 0 0.022520040000000002 0 0 0 0.03252004 0.12 0 0 0.01 1
0.40000000000000036 1.7200000000000002 0.5 0.22 0.29999999999999999 1 0.012500000000000001 0 0 0 0.022499999999999999 0 0 0 0.032500000000000001 0 0 0 0.01 0
0.60000000000000009 -1 0.5 0.20000000000000001 0.29999999999999999 1 0.010024800400000001 0 0 0 0.020024800400000001 0 0 0 0.030024800399999999 0 0 0 0.00040000000000000002 1
0.80000000000000027 -0.82999999999999996 0.5 0.21000000000000002 0.29999999999999999 1 0.012460160000000001 0 0 0 0.02246016 0 0 0 0.032460160000000002 0 0 0 0.01 1
1 -0.65999999999999992 0.5 0.22 0.29999999999999999 1 0.012440360000000001 0 0 0 0.022440359999999999 0 0 0 0.032440360000000001 0 0 0 0.00040000000000000002 1
1.2000000000000002 -0.56379999999999997 0.5 0.20000000000000001 0.29999999999999999 1 0.010024206400000001 0 0 0 0.020024206400000001 0 0 0 0.0300242064 0 -0.29999999999999999 0 0.00040000000000000002 1
1.4000000000000004 -0.31999999999999995 0.5 0.21000000000000002 0.29999999999999999 1 0.01 0 0 0 0.02 0 0 0 0.029999999999999999 0 0 0 0 1
1.6292800000000001 -0.14999999999999991 0.5 0.22 0.29999999999999999 1 0.012381440000000001 0 0 0 0.022381440000000002 0 0 0 0.032381439999999997 0.12 0 0 0.01 1
-2 0.020000000000000018 0.5 0.20000000000000001 0.29999999999999999 1 0.0100236196 0 0 0 0.020023619600000001 0 0 0 0.030023619599999999 0 0 0 0.00040000000000000002 0
-1.8 0.19000000000000017 0.5 0.21000000000000002 0.29999999999999999 1 0.012342560000000001 0 0 0 0.022342560000000001 0 0 0 0.032342559999999999 0 0 0 0.00040000000000000002 0
-1.6000000000000001 0.3600000000000001 0.5 0.22 0.29999999999999999 1 0.012323240000000001 0 0 0 0.022323240000000001 0 0 0 0.032323239999999996 0 0 0 0.00040000000000000002 0
-1.3999999999999999 0.53000000000000003 0.5 0.20000000000000001 0.29999999999999999 1 0.012304000000000001 0 0 0 0.022304000000000001 0 0 0 0.032303999999999999 0 0 0 0.01 1
-1.2 0.70000000000000018 0.5 0.21000000000000002 0.29999999999999999 1 0.012284840000000002 0 0 0 0.02228484 0 0 0 0.032284840000000002 0 0 0 0.01 1
-1 0.87000000000000011 0.5 0.22 0.29999999999999999 1 0.012265760000000001 0 0 0 0.022265760000000002 0 0 0 0.032265759999999997 0 0 0 0.01 1
-0.7715599999999998 0.96890000000000009 0.5 0.20000000000000001 0.29999999999999999 1 0.0100224676 0 0 0 0.0200224676 0 0 0 0.030022467599999998 0.12 -0.29999999999999999 0 0.00040000000000000002 1
-0.59999999999999987 1.21 0.5 0.21000000000000002 0.29999999999999999 1 0.01222784 0 0 0 0.022227840000000002 0 0 0 0.032227840000000001 0 0 0 0.01 1
-0.39999999999999991 1.3800000000000003 0.5 0.22 0.29999999999999999 1 0.012209000000000001 0 0 0 0.022209 0 0 0 0.032209000000000002 0 0 0 0.0030000000000000001 0
-0.19999999999999996 1.5500000000000003 0.5 0.20000000000000001 0.29999999999999999 1 0.01 0 0 0 0.02 0 0 0 0.029999999999999999 0 0 0 0 0
0 1.7200000000000002 0.5 0.21000000000000002 0.29999999999999999 1 0.012171560000000001 0 0 0 0.02217156 0 0 0 0.032171560000000002 0 0 0 0.00040000000000000002 0
0.20000000000000018 -1 0.5 0.22 0.29999999999999999 1 0.012152960000000001 0 0 0 0.022152959999999999 0 0 0 0.032152960000000001 0 0 0 0.00040000000000000002 1
0.40000000000000036 -0.82999999999999996 0.5 0.20000000000000001 0.29999999999999999 1 0.0100213444 0 0 0 0.020021344400000002 0 0 0 0.0300213444 0 0 0 0.00040000000000000002 1
0.62760000000000005 -0.65999999999999992 0.5 0.21000000000000002 0.29999999999999999 1 0.012116 0 0 0 0.022116 0 0 0 0.032115999999999999 0.12 0 0 0.01 1
0.80000000000000027 -0.48999999999999999 0.5 0.22 0.29999999999999999 1 0.01209764 0 0 0 0.022097640000000002 0 0 0 0.032097639999999997 0 0 0 0.00040000000000000002 1
1 -0.38839999999999997 0.5 0.20000000000000001 0.29999999999999999 1 0.010020793599999999 0 0 0 0.0200207936 0 0 0 0.030020793599999998 0 -0.29999999999999999 0 0.00040000000000000002 1
1.2000000000000002 -0.14999999999999991 0.5 0.21000000000000002 0.29999999999999999 1 0.012061160000000001 0 0 0 0.02206116 0 0 0 0.032061159999999998 0 0 0 0.01 1
1.4000000000000004 0.020000000000000018 0.5 0.22 0.29999999999999999 1 0.012043040000000001 0 0 0 0.02204304 0 0 0 0.032043040000000002 0 0 0 0.01 1
1.6000000000000001 0.19000000000000017 0.5 0.20000000000000001 0.29999999999999999 1 0.012025000000000001 0 0 0 0.022024999999999999 0 0 0 0.032024999999999998 0 0 0 0.01 1
-2 0.3600000000000001 0.5 0.21000000000000002 0.29999999999999999 1 0.01200704 0 0 0 0.022007040000000002 0 0 0 0.03200704 0 0 0 0.01 0
-1.8 0.53000000000000003 0.5 0.22 0.29999999999999999 1 0.01 0 0 0 0.02 0 0 0 0.029999999999999999 0.12 0 0 0 0
-1.6000000000000001 0.70000000000000018 0.5 0.20000000000000001 0.29999999999999999 1 0.010019713600000001 0 0 0 0.020019713599999999 0 0 0 0.030019713599999998 0 0 0 0.00040000000000000002 0
-1.3999999999999999 0.87000000000000011 0.5 0.21000000000000002 0.29999999999999999 1 0.01195364 0 0 0 0.02195364 0 0 0 0.031953639999999998 0 0 0 0.00040000000000000002 0
-1.2 1.04 0.5 0.22 0.29999999999999999 1 0.011936 0 0 0 0.021936000000000001 0 0 0 0.031935999999999999 0 0 0 0.0030000000000000001 0
-1 1.1442999999999999 0.5 0.20000000000000001 0.29999999999999999 1 0.010019184400000001 0 0 0 0.020019184400000001 0 0 0 0.030019184399999999 0 -0.29999999999999999 0 0.00040000000000000002 1
-0.79999999999999982 1.3800000000000003 0.5 0.21000000000000002 0.29999999999999999 1 0.01190096 0 0 0 0.021900960000000001 0 0 0 0.031900959999999999 0 0 0 0.00040000000000000002 0
-0.59999999999999987 1.5500000000000003 0.5 0.22 0.29999999999999999 1 0.011883560000000001 0 0 0 0.02188356 0 0 0 0.031883559999999998 0 0 0 0.00040000000000000002 0
-0.37407999999999991 1.7200000000000002 0.5 0.20000000000000001 0.29999999999999999 1 0.010018662399999999 0 0 0 0.020018662400000001 0 0 0 0.0300186624 0.12 0 0 0.00040000000000000002 0
-0.19999999999999996 -1 0.5 0.21000000000000002 0.29999999999999999 1 0.011849 0 0 0 0.021849 0 0 0 0.031849000000000002 0 0 0 0.01 1
0 -0.82999999999999996 0.5 0.22 0.29999999999999999 1 0.01183184 0 0 0 0.021831840000000002 0 0 0 0.03183184 0 0 0 0.01 1
0.20000000000000018 -0.65999999999999992 0.5 0.20000000000000001 0.29999999999999999 1 0.010018147600000001 0 0 0 0.020018147600000001 0 0 0 0.0300181476 0 0 0 0.00040000000000000002 1
0.40000000000000036 -0.48999999999999999 0.5 0.21000000000000002 0.29999999999999999 1 0.01 0 0 0 0.02 0 0 0 0.029999999999999999 0 0 0 0 1
0.60000000000000009 -0.31999999999999995 0.5 0.22 0.29999999999999999 1 0.011780840000000001 0 0 0 0.021780840000000003 0 0 0 0.031780839999999998 0 0 0 0.00040000000000000002 1
0.80000000000000027 -0.21299999999999991 0.5 0.20000000000000001 0.29999999999999999 1 0.011764 0 0 0 0.021764000000000002 0 0 0 0.031764000000000001 0 -0.29999999999999999 0 0.01 1
1.02508 0.020000000000000018 0.5 0.21000000000000002 0.29999999999999999 1 0.011747240000000001 0 0 0 0.021747240000000001 0 0 0 0.031747239999999996 0.12 0 0 0.01 1
1.2000000000000002 0.19000000000000017 0.5 0.22 0.29999999999999999 1 0.011730560000000001 0 0 0 0.021730559999999999 0 0 0 0.031730559999999998 0 0 0 0.00040000000000000002 1
1.4000000000000004 0.3600000000000001 0.5 0.20000000000000001 0.29999999999999999 1 0.010017139600000001 0 0 0 0.020017139600000001 0 0 0 0.030017139599999999 0 0 0 0.00040000000000000002 1
1.6000000000000001 0.53000000000000003 0.5 0.21000000000000002 0.29999999999999999 1 0.01169744 0 0 0 0.021697440000000002 0 0 0 0.03169744 0 0 0 0.00040000000000000002 0
-2 0.70000000000000018 0.5 0.22 0.29999999999999999 1 0.011681 0 0 0 0.021680999999999999 0 0 0 0.031681000000000001 0 0 0 0.0030000000000000001 0
-1.8 0.87000000000000011 0.5 0.20000000000000001 0.29999999999999999 1 0.010016646400000001 0 0 0 0.020016646400000001 0 0 0 0.030016646399999999 0 0 0 0.00040000000000000002 0
-1.6000000000000001 1.04 0.5 0.21000000000000002 0.29999999999999999 1 0.01164836 0 0 0 0.021648360000000002 0 0 0 0.03164836 0 0 0 0.01 0
-1.3757599999999999 1.21 0.5 0.22 0.29999999999999999 1 0.011632160000000001 0 0 0 0.021632160000000001 0 0 0 0.031632159999999999 0.12 0 0 0.01 1
-1.2 1.3800000000000003 0.5 0.20000000000000001 0.29999999999999999 1 0.01 0 0 0 0.02 0 0 0 0.029999999999999999 0 -0.29999999999999999 0 0 1
-1 1.5500000000000003 0.5 0.21000000000000002 0.29999999999999999 1 0.011600000000000001 0 0 0 0.021600000000000001 0 0 0 0.031599999999999996 0 0 0 0.01 0
-0.79999999999999982 1.7200000000000002 0.5 0.22 0.29999999999999999 1 0.01158404 0 0 0 0.021584039999999999 0 0 0 0.031584040000000001 0 0 0 0.00040000000000000002 0
-0.59999999999999987 -1 0.5 0.20000000000000001 0.29999999999999999 1 0.0100156816 0 0 0 0.020015681600000002 0 0 0 0.0300156816 0 0 0 0.00040000000000000002 1
-0.39999999999999991 -0.82999999999999996 0.5 0.21000000000000002 0.29999999999999999 1 0.011552360000000001 0 0 0 0.02155236 0 0 0 0.031552360000000002 0 0 0 0.00040000000000000002 1
-0.19999999999999996 -0.65999999999999992 0.5 0.22 0.29999999999999999 1 0.011536640000000001 0 0 0 0.021536639999999999 0 0 0 0.031536639999999998 0 0 0 0.00040000000000000002 1
0.023400000000000001 -0.48999999999999999 0.5 0.20000000000000001 0.29999999999999999 1 0.011521 0 0 0 0.021521000000000002 0 0 0 0.031521 0.12 0 0 0.01 1
0.20000000000000018 -0.31999999999999995 0.5 0.21000000000000002 0.29999999999999999 1 0.01150544 0 0 0 0.021505440000000001 0 0 0 0.031505439999999996 0 0 0 0.00040000000000000002 1
0.40000000000000036 -0.14999999999999991 0.5 0.22 0.29999999999999999 1 0.01148996 0 0 0 0.021489960000000002 0 0 0 0.031489959999999997 0 0 0 0.00040000000000000002 1
0.60000000000000009 -0.037599999999999981 0.5 0.20000000000000001 0.29999999999999999 1 0.0100147456 0 0 0 0.020014745600000002 0 0 0 0.0300147456 0 -0.29999999999999999 0 0.00040000000000000002 1
0.80000000000000027 0.19000000000000017 0.5 0.21000000000000002 0.29999999999999999 1 0.011459240000000001 0 0 0 0.021459240000000001 0 0 0 0.031459239999999999 0 0 0 0.01 1
1 0.3600000000000001 0.5 0.22 0.29999999999999999 1 0.01 0 0 0 0.02 0 0 0 0.029999999999999999 0 0 0 0 1
1.2000000000000002 0.53000000000000003 0.5 0.20000000000000001 0.29999999999999999 1 0.0100142884 0 0 0 0.0200142884 0 0 0 0.030014288399999998 0 0 0 0.00040000000000000002 1
1.4225600000000003 0.70000000000000018 0.5 0.21000000000000002 0.29999999999999999 1 0.01141376 0 0 0 0.02141376 0 0 0 0.031413759999999999 0.12 0 0 0.01 1
1.6000000000000001 0.87000000000000011 0.5 0.22 0.29999999999999999 1 0.011398760000000001 0 0 0 0.021398759999999999 0 0 0 0.031398759999999998 0 0 0 0.00040000000000000002 0
-2 1.04 0.5 0.20000000000000001 0.29999999999999999 1 0.010013838400000001 0 0 0 0.020013838400000001 0 0 0 0.030013838399999999 0 0 0 0.00040000000000000002 0
-1.8 1.21 0.5 0.21000000000000002 0.29999999999999999 1 0.011369000000000001 0 0 0 0.021368999999999999 0 0 0 0.031369000000000001 0 0 0 0.0030000000000000001 0
-1.6000000000000001 1.3800000000000003 0.5 0.22 0.29999999999999999 1 0.011354240000000002 0 0 0 0.02135424 0 0 0 0.031354239999999999 0 0 0 0.00040000000000000002 0
-1.3999999999999999 1.4951000000000003 0.5 0.20000000000000001 0.29999999999999999 1 0.010013395600000001 0 0 0 0.020013395600000001 0 0 0 0.030013395599999999 0 -0.29999999999999999 0 0.00040000000000000002 0
-1.2 1.7200000000000002 0.5 0.21000000000000002 0.29999999999999999 1 0.01132496 0 0 0 0.02132496 0 0 0 0.031324959999999999 0 0 0 0.00040000000000000002 0
-0.97828000000000004 -1 0.5 0.22 0.29999999999999999 1 0.01131044 0 0 0 0.02131044 0 0 0 0.031310440000000002 0.12 0 0 0.01 1
-0.79999999999999982 -0.82999999999999996 0.5 0.20000000000000001 0.29999999999999999 1 0.011296 0 0 0 0.021296000000000002 0 0 0 0.031295999999999997 0 0 0 0.01 1
-0.59999999999999987 -0.65999999999999992 0.5 0.21000000000000002 0.29999999999999999 1 0.01 0 0 0 0.02 0 0 0 0.029999999999999999 0 0 0 0 1
-0.39999999999999991 -0.48999999999999999 0.5 0.22 0.29999999999999999 1 0.011267360000000001 0 0 0 0.021267359999999999 0 0 0 0.031267360000000001 0 0 0 0.01 1
-0.19999999999999996 -0.31999999999999995 0.5 0.20000000000000001 0.29999999999999999 1 0.010012531600000001 0 0 0 0.020012531600000001 0 0 0 0.0300125316 0 0 0 0.00040000000000000002 1
0 -0.14999999999999991 0.5 0.21000000000000002 0.29999999999999999 1 0.01123904 0 0 0 0.021239040000000001 0 0 0 0.031239039999999999 0 0 0 0.01 1
0.20000000000000018 0.020000000000000018 0.5 0.22 0.29999999999999999 1 0.011225000000000001 0 0 0 0.021225000000000001 0 0 0 0.031224999999999999 0 0 0 0.0030000000000000001 1
0.42088000000000036 0.13780000000000017 0.5 0.20000000000000001 0.29999999999999999 1 0.0100121104 0 0 0 0.020012110400000001 0 0 0 0.0300121104 0.12 -0.29999999999999999 0 0.00040000000000000002 1
0.60000000000000009 0.3600000000000001 0.5 0.21000000000000002 0.29999999999999999 1 0.011197160000000001 0 0 0 0.02119716 0 0 0 0.031197159999999998 0 0 0 0.00040000000000000002 1
0.80000000000000027 0.53000000000000003 0.5 0.22 0.29999999999999999 1 0.01118336 0 0 0 0.021183360000000002 0 0 0 0.03118336 0 0 0 0.00040000000000000002 1
1 0.70000000000000018 0.5 0.20000000000000001 0.29999999999999999 1 0.010011696400000001 0 0 0 0.020011696400000001 0 0 0 0.030011696399999999 0 0 0 0.00040000000000000002 1
1.2000000000000002 0.87000000000000011 0.5 0.21000000000000002 0.29999999999999999 1 0.011156000000000001 0 0 0 0.021156000000000001 0 0 0 0.031156 0 0 0 0.0030000000000000001 1
1.4000000000000004 1.04 0.5 0.22 0.29999999999999999 1 0.01114244 0 0 0 0.021142440000000002 0 0 0 0.03114244 0 0 0 0.00040000000000000002 0
1.6000000000000001 1.21 0.5 0.20000000000000001 0.29999999999999999 1 0.01 0 0 0 0.02 0 0 0 0.029999999999999999 0 0 0 0 0
-1.9799599999999999 1.3800000000000003 0.5 0.21000000000000002 0.29999999999999999 1 0.01111556 0 0 0 0.021115560000000002 0 0 0 0.03111556 0.12 0 0 0.01 0
-1.8 1.5500000000000003 0.5 0.22 0.29999999999999999 1 0.011102240000000001 0 0 0 0.021102240000000001 0 0 0 0.03110224 0 0 0 0.01 0
-1.6000000000000001 1.6705000000000001 0.5 0.20000000000000001 0.29999999999999999 1 0.011089 0 0 0 0.021089 0 0 0 0.031088999999999999 0 -0.29999999999999999 0 0.01 1
-1.3999999999999999 -1 0.5 0.21000000000000002 0.29999999999999999 1 0.01107584 0 0 0 0.021075840000000002 0 0 0 0.03107584 0 0 0 0.01 1
-1.2 -0.82999999999999996 0.5 0.22 0.29999999999999999 1 0.01106276 0 0 0 0.02106276 0 0 0 0.031062759999999998 0 0 0 0.00040000000000000002 1
-1 -0.65999999999999992 0.5 0.20000000000000001 0.29999999999999999 1 0.010010497599999999 0 0 0 0.0200104976 0 0 0 0.030010497599999998 0 0 0 0.00040000000000000002 1
-0.79999999999999982 -0.48999999999999999 0.5 0.21000000000000002 0.29999999999999999 1 0.011036840000000001 0 0 0 0.021036840000000001 0 0 0 0.03103684 0 0 0 0.00040000000000000002 1
-0.58079999999999987 -0.31999999999999995 0.5 0.22 0.29999999999999999 1 0.011024000000000001 0 0 0 0.021024000000000001 0 0 0 0.031023999999999999 0.12 0 0 0.01 1
-0.39999999999999991 -0.14999999999999991 0.5 0.20000000000000001 0.29999999999999999 1 0.0100101124 0 0 0 0.020010112400000002 0 0 0 0.0300101124 0 0 0 0.00040000000000000002 1
-0.19999999999999996 0.020000000000000018 0.5 0.21000000000000002 0.29999999999999999 1 0.010998560000000001 0 0 0 0.020998559999999999 0 0 0 0.030998559999999998 0 0 0 0.00040000000000000002 1
0 0.19000000000000017 0.5 0.22 0.29999999999999999 1 0.01 0 0 0 0.02 0 0 0 0.029999999999999999 0 0 0 0 1
0.20000000000000018 0.31320000000000009 0.5 0.20000000000000001 0.29999999999999999 1 0.010009734399999999 0 0 0 0.0200097344 0 0 0 0.030009734399999998 0 -0.29999999999999999 0 0.00040000000000000002 1
0.40000000000000036 0.53000000000000003 0.5 0.21000000000000002 0.29999999999999999 1 0.010961 0 0 0 0.020961 0 0 0 0.030960999999999999 0 0 0 0.01 1
0.60000000000000009 0.70000000000000018 0.5 0.22 0.29999999999999999 1 0.010948640000000001 0 0 0 0.020948640000000001 0 0 0 0.030948639999999999 0 0 0 0.01 1
0.81836000000000031 0.87000000000000011 0.5 0.20000000000000001 0.29999999999999999 1 0.0100093636 0 0 0 0.0200093636 0 0 0 0.030009363599999998 0.12 0 0 0.00040000000000000002 1
1 1.04 0.5 0.21000000000000002 0.29999999999999999 1 0.01092416 0 0 0 0.020924160000000001 0 0 0 0.030924159999999999 0 0 0 0.01 1
1.2000000000000002 1.21 0.5 0.22 0.29999999999999999 1 0.010912040000000001 0 0 0 0.02091204 0 0 0 0.030912039999999998 0 0 0 0.00040000000000000002 0
1.4000000000000004 1.3800000000000003 0.5 0.20000000000000001 0.29999999999999999 1 0.0109 0 0 0 0.020900000000000002 0 0 0 0.0309 0 0 0 0.0030000000000000001 0
1.6000000000000001 1.5500000000000003 0.5 0.21000000000000002 0.29999999999999999 1 0.01088804 0 0 0 0.02088804 0 0 0 0.030888039999999999 0 0 0 0.00040000000000000002 0
-2 1.7200000000000002 0.5 0.22 0.29999999999999999 1 0.010876160000000001 0 0 0 0.020876160000000001 0 0 0 0.03087616 0 0 0 0.00040000000000000002 0
-1.8 -1.0441 0.5 0.20000000000000001 0.29999999999999999 1 0.0100086436 0 0 0 0.020008643600000001 0 0 0 0.030008643599999999 0 -0.29999999999999999 0 0.00040000000000000002 1
-1.6000000000000001 -0.82999999999999996 0.5 0.21000000000000002 0.29999999999999999 1 0.01 0 0 0 0.02 0 0 0 0.029999999999999999 0.12 0 0 0 1
-1.3999999999999999 -0.65999999999999992 0.5 0.22 0.29999999999999999 1 0.010841 0 0 0 0.020841000000000002 0 0 0 0.030841 0 0 0 0.0030000000000000001 1
-1.2 -0.48999999999999999 0.5 0.20000000000000001 0.29999999999999999 1 0.010008294400000001 0 0 0 0.020008294400000001 0 0 0 0.0300082944 0 0 0 0.00040000000000000002 1
-1 -0.31999999999999995 0.5 0.21000000000000002 0.29999999999999999 1 0.01081796 0 0 0 0.02081796 0 0 0 0.030817959999999998 0 0 0 0.01 1
-0.79999999999999982 -0.14999999999999991 0.5 0.22 0.29999999999999999 1 0.01080656 0 0 0 0.020806560000000002 0 0 0 0.03080656 0 0 0 0.01 1
-0.59999999999999987 0.020000000000000018 0.5 0.20000000000000001 0.29999999999999999 1 0.010007952400000001 0 0 0 0.020007952400000001 0 0 0 0.030007952399999999 0 0 0 0.00040000000000000002 1
-0.39999999999999991 0.19000000000000017 0.5 0.21000000000000002 0.29999999999999999 1 0.010784 0 0 0 0.020784 0 0 0 0.030783999999999999 0 0 0 0.01 1
-0.18331999999999996 0.3600000000000001 0.5 0.22 0.29999999999999999 1 0.010772840000000001 0 0 0 0.020772840000000001 0 0 0 0.030772839999999999 0.12 0 0 0.01 1
0 0.48860000000000003 0.5 0.20000000000000001 0.29999999999999999 1 0.010007617600000001 0 0 0 0.020007617599999999 0 0 0 0.030007617599999998 0 -0.29999999999999999 0 0.00040000000000000002 1
0.20000000000000018 0.70000000000000018 0.5 0.21000000000000002 0.29999999999999999 1 0.01075076 0 0 0 0.02075076 0 0 0 0.030750759999999999 0 0 0 0.00040000000000000002 1
0.40000000000000036 0.87000000000000011 0.5 0.22 0.29999999999999999 1 0.01073984 0 0 0 0.020739839999999999 0 0 0 0.030739839999999997 0 0 0 0.00040000000000000002 1
0.60000000000000009 1.04 0.5 0.20000000000000001 0.29999999999999999 1 0.01 0 0 0 0.02 0 0 0 0.029999999999999999 0 0 0 0 1
0.80000000000000027 1.21 0.5 0.21000000000000002 0.29999999999999999 1 0.01071824 0 0 0 0.020718239999999999 0 0 0 0.030718239999999997 0 0 0 0.00040000000000000002 0
1 1.3800000000000003 0.5 0.22 0.29999999999999999 1 0.01070756 0 0 0 0.02070756 0 0 0 0.030707559999999998 0 0 0 0.00040000000000000002 0
1.2158400000000003 1.5500000000000003 0.5 0.20000000000000001 0.29999999999999999 1 0.0100069696 0 0 0 0.020006969600000001 0 0 0 0.030006969599999999 0.12 0 0 0.00040000000000000002 0
1.4000000000000004 1.7200000000000002 0.5 0.21000000000000002 0.29999999999999999 1 0.01068644 0 0 0 0.02068644 0 0 0 0.030686439999999999 0 0 0 0.01 0
1.6000000000000001 -1 0.5 0.22 0.29999999999999999 1 0.010676 0 0 0 0.020676 0 0 0 0.030675999999999998 0 0 0 0.01 1
-2 -0.86869999999999992 0.5 0.20000000000000001 0.29999999999999999 1 0.010006656400000001 0 0 0 0.0200066564 0 0 0 0.030006656399999998 0 -0.29999999999999999 0 0.00040000000000000002 1
-1.8 -0.65999999999999992 0.5 0.21000000000000002 0.29999999999999999 1 0.010655360000000001 0 0 0 0.020655360000000001 0 0 0 0.03065536 0 0 0 0.01 1
-1.6000000000000001 -0.48999999999999999 0.5 0.22 0.29999999999999999 1 0.010645160000000001 0 0 0 0.020645159999999999 0 0 0 0.030645159999999998 0 0 0 0.00040000000000000002 0
-1.3999999999999999 -0.31999999999999995 0.5 0.20000000000000001 0.29999999999999999 1 0.010006350400000001 0 0 0 0.020006350400000001 0 0 0 0.030006350399999999 0 0 0 0.00040000000000000002 1
-1.1850000000000001 -0.14999999999999991 0.5 0.21000000000000002 0.29999999999999999 1 0.010625000000000001 0 0 0 0.020625000000000001 0 0 0 0.030624999999999999 0.12 0 0 0.01 1
-1 0.020000000000000018 0.5 0.22 0.29999999999999999 1 0.01 0 0 0 0.02 0 0 0 0.029999999999999999 0 0 0 0 1
-0.79999999999999982 0.19000000000000017 0.5 0.20000000000000001 0.29999999999999999 1 0.0100060516 0 0 0 0.020006051600000001 0 0 0 0.0300060516 0 0 0 0.00040000000000000002 1
-0.59999999999999987 0.3600000000000001 0.5 0.21000000000000002 0.29999999999999999 1 0.01059536 0 0 0 0.02059536 0 0 0 0.030595359999999999 0 0 0 0.00040000000000000002 1
-0.39999999999999991 0.53000000000000003 0.5 0.22 0.29999999999999999 1 0.01058564 0 0 0 0.020585640000000002 0 0 0 0.030585639999999997 0 0 0 0.00040000000000000002 1
-0.19999999999999996 0.66400000000000015 0.5 0.20000000000000001 0.29999999999999999 1 0.010576 0 0 0 0.020576000000000001 0 0 0 0.030575999999999999 0 -0.29999999999999999 0 0.01 1
0 0.87000000000000011 0.5 0.21000000000000002 0.29999999999999999 1 0.01056644 0 0 0 0.020566440000000002 0 0 0 0.03056644 0 0 0 0.01 1
0.21416000000000018 1.04 0.5 0.22 0.29999999999999999 1 0.010556960000000001 0 0 0 0.020556959999999999 0 0 0 0.030556959999999998 0.12 0 0 0.01 1
0.40000000000000036 1.21 0.5 0.20000000000000001 0.29999999999999999 1 0.010005475600000001 0 0 0 0.020005475599999999 0 0 0 0.030005475599999998 0 0 0 0.00040000000000000002 0
0.60000000000000009 1.3800000000000003 0.5 0.21000000000000002 0.29999999999999999 1 0.010538240000000001 0 0 0 0.020538239999999999 0 0 0 0.030538239999999998 0 0 0 0.01 1
0.80000000000000027 1.5500000000000003 0.5 0.22 0.29999999999999999 1 0.010529 0 0 0 0.020529000000000002 0 0 0 0.030529000000000001 0 0 0 0.0030000000000000001 0
1 1.7200000000000002 0.5 0.20000000000000001 0.29999999999999999 1 0.0100051984 0 0 0 0.0200051984 0 0 0 0.030005198399999999 0 0 0 0.00040000000000000002 0
1.2000000000000002 -1 0.5 0.21000000000000002 0.29999999999999999 1 0.01 0 0 0 0.02 0 0 0 0.029999999999999999 0 0 0 0 1
1.4000000000000004 -0.82999999999999996 0.5 0.22 0.29999999999999999 1 0.010501760000000001 0 0 0 0.020501760000000001 0 0 0 0.030501759999999999 0 0 0 0.00040000000000000002 1
1.6133200000000001 -0.69329999999999992 0.5 0.20000000000000001 0.29999999999999999 1 0.0100049284 0 0 0 0.0200049284 0 0 0 0.030004928399999999 0.12 -0.29999999999999999 0 0.00040000000000000002 1
-2 -0.48999999999999999 0.5 0.21000000000000002 0.29999999999999999 1 0.010484 0 0 0 0.020483999999999999 0 0 0 0.030483999999999997 0 0 0 0.0030000000000000001 0
-1.8 -0.31999999999999995 0.5 0.22 0.29999999999999999 1 0.01047524 0 0 0 0.020475240000000002 0 0 0 0.030475240000000001 0 0 0 0.00040000000000000002 0
-1.6000000000000001 -0.14999999999999991 0.5 0.20000000000000001 0.29999999999999999 1 0.0100046656 0 0 0 0.020004665599999999 0 0 0 0.030004665599999997 0 0 0 0.00040000000000000002 0
-1.3999999999999999 0.020000000000000018 0.5 0.21000000000000002 0.29999999999999999 1 0.010457960000000001 0 0 0 0.020457960000000001 0 0 0 0.030457959999999999 0 0 0 0.01 1
-1.2 0.19000000000000017 0.5 0.22 0.29999999999999999 1 0.010449440000000001 0 0 0 0.020449439999999999 0 0 0 0.030449439999999998 0 0 0 0.01 1
-1 0.3600000000000001 0.5 0.20000000000000001 0.29999999999999999 1 0.010441000000000001 0 0 0 0.020441000000000001 0 0 0 0.030440999999999999 0 0 0 0.01 1
-0.78751999999999978 0.53000000000000003 0.5 0.21000000000000002 0.29999999999999999 1 0.01043264 0 0 0 0.020432640000000002 0 0 0 0.03043264 0.12 0 0 0.01 1
-0.59999999999999987 0.70000000000000018 0.5 0.22 0.29999999999999999 1 0.010424360000000001 0 0 0 0.020424359999999999 0 0 0 0.030424359999999998 0 0 0 0.00040000000000000002 1
-0.39999999999999991 0.87000000000000011 0.5 0.20000000000000001 0.29999999999999999 1 0.01 0 0 0 0.02 0 0 0 0.029999999999999999 0 -0.29999999999999999 0 0 1
-0.19999999999999996 1.04 0.5 0.21000000000000002 0.29999999999999999 1 0.01040804 0 0 0 0.020408039999999999 0 0 0 0.030408039999999997 0 0 0 0.00040000000000000002 1
0 1.21 0.5 0.22 0.29999999999999999 1 0.0104 0 0 0 0.020400000000000001 0 0 0 0.0304 0 0 0 0.0030000000000000001 1
0.20000000000000018 1.3800000000000003 0.5 0.20000000000000001 0.29999999999999999 1 0.0100039204 0 0 0 0.0200039204 0 0 0 0.030003920399999998 0 0 0 0.00040000000000000002 0
0.40000000000000036 1.5500000000000003 0.5 0.21000000000000002 0.29999999999999999 1 0.01038416 0 0 0 0.020384160000000002 0 0 0 0.03038416 0 0 0 0.00040000000000000002 0
0.61164000000000007 1.7200000000000002 0.5 0.22 0.29999999999999999 1 0.010376360000000001 0 0 0 0.02037636 0 0 0 0.030376359999999998 0.12 0 0 0.01 1
0.80000000000000027 -1 0.5 0.20000000000000001 0.29999999999999999 1 0.0100036864 0 0 0 0.020003686400000002 0 0 0 0.0300036864 0 0 0 0.00040000000000000002 1
1 -0.82999999999999996 0.5 0.21000000000000002 0.29999999999999999 1 0.010361 0 0 0 0.020361000000000001 0 0 0 0.030360999999999999 0 0 0 0.01 1
1.2000000000000002 -0.65999999999999992 0.5 0.22 0.29999999999999999 1 0.01035344 0 0 0 0.02035344 0 0 0 0.030353439999999999 0 0 0 0.01 1
1.4000000000000004 -0.51790000000000003 0.5 0.20000000000000001 0.29999999999999999 1 0.0100034596 0 0 0 0.020003459599999999 0 0 0 0.030003459599999997 0 -0.29999999999999999 0 0.00040000000000000002 1
1.6000000000000001 -0.31999999999999995 0.5 0.21000000000000002 0.29999999999999999 1 0.01033856 0 0 0 0.020338560000000002 0 0 0 0.030338560000000001 0 0 0 0.01 1
-2 -0.14999999999999991 0.5 0.22 0.29999999999999999 1 0.01 0 0 0 0.02 0 0 0 0.029999999999999999 0 0 0 0 0
-1.7892000000000001 0.020000000000000018 0.5 0.20000000000000001 0.29999999999999999 1 0.010324 0 0 0 0.020324000000000002 0 0 0 0.030324 0.12 0 0 0.01 1
-1.6000000000000001 0.19000000000000017 0.5 0.21000000000000002 0.29999999999999999 1 0.010316840000000001 0 0 0 0.020316839999999999 0 0 0 0.030316839999999998 0 0 0 0.00040000000000000002 0
-1.3999999999999999 0.3600000000000001 0.5 0.22 0.29999999999999999 1 0.010309760000000001 0 0 0 0.02030976 0 0 0 0.030309759999999998 0 0 0 0.00040000000000000002 0
-1.2 0.53000000000000003 0.5 0.20000000000000001 0.29999999999999999 1 0.0100030276 0 0 0 0.020003027600000001 0 0 0 0.030003027599999999 0 0 0 0.00040000000000000002 0
-1 0.70000000000000018 0.5 0.21000000000000002 0.29999999999999999 1 0.010295840000000001 0 0 0 0.020295839999999999 0 0 0 0.030295839999999997 0 0 0 0.00040000000000000002 0
-0.79999999999999982 0.87000000000000011 0.5 0.22 0.29999999999999999 1 0.010289 0 0 0 0.020289000000000001 0 0 0 0.030289 0 0 0 0.0030000000000000001 1
-0.59999999999999987 1.0148000000000001 0.5 0.20000000000000001 0.29999999999999999 1 0.0100028224 0 0 0 0.020002822400000002 0 0 0 0.0300028224 0 -0.29999999999999999 0 0.00040000000000000002 1
-0.39003999999999989 1.21 0.5 0.21000000000000002 0.29999999999999999 1 0.01027556 0 0 0 0.020275560000000001 0 0 0 0.03027556 0.12 0 0 0.01 1
-0.19999999999999996 1.3800000000000003 0.5 0.22 0.29999999999999999 1 0.010268960000000001 0 0 0 0.020268959999999999 0 0 0 0.030268959999999998 0 0 0 0.01 1
0 1.5500000000000003 0.5 0.20000000000000001 0.29999999999999999 1 0.0100026244 0 0 0 0.020002624400000002 0 0 0 0.0300026244 0 0 0 0.00040000000000000002 0
0.20000000000000018 1.7200000000000002 0.5 0.21000000000000002 0.29999999999999999 1 0.01 0 0 0 0.02 0 0 0 0.029999999999999999 0 0 0 0 0
0.40000000000000036 -1 0.5 0.22 0.29999999999999999 1 0.010249640000000001 0 0 0 0.020249639999999999 0 0 0 0.030249639999999998 0 0 0 0.00040000000000000002 1
0.60000000000000009 -0.82999999999999996 0.5 0.20000000000000001 0.29999999999999999 1 0.010002433600000001 0 0 0 0.020002433600000001 0 0 0 0.0300024336 0 0 0 0.00040000000000000002 1
0.80000000000000027 -0.65999999999999992 0.5 0.21000000000000002 0.29999999999999999 1 0.01023716 0 0 0 0.020237160000000001 0 0 0 0.030237159999999999 0 0 0 0.00040000000000000002 1
1.00912 -0.48999999999999999 0.5 0.22 0.29999999999999999 1 0.01023104 0 0 0 0.020231039999999999 0 0 0 0.030231039999999997 0.12 0 0 0.01 1
1.2000000000000002 -0.34249999999999997 0.5 0.20000000000000001 0.29999999999999999 1 0.010225 0 0 0 0.020225 0 0 0 0.030224999999999998 0 -0.29999999999999999 0 0.01 1
1.4000000000000004 -0.14999999999999991 0.5 0.21000000000000002 0.29999999999999999 1 0.01021904 0 0 0 0.020219040000000001 0 0 0 0.030219039999999999 0 0 0 0.00040000000000000002 1
1.6000000000000001 0.020000000000000018 0.5 0.22 0.29999999999999999 1 0.010213160000000001 0 0 0 0.020213160000000001 0 0 0 0.030213159999999999 0 0 0 0.00040000000000000002 1
-2 0.19000000000000017 0.5 0.20000000000000001 0.29999999999999999 1 0.0100020736 0 0 0 0.0200020736 0 0 0 0.030002073599999998 0 0 0 0.00040000000000000002 0
-1.8 0.3600000000000001 0.5 0.21000000000000002 0.29999999999999999 1 0.01020164 0 0 0 0.02020164 0 0 0 0.030201639999999998 0 0 0 0.01 0
-1.6000000000000001 0.53000000000000003 0.5 0.22 0.29999999999999999 1 0.010196 0 0 0 0.020196000000000002 0 0 0 0.030196000000000001 0 0 0 0.01 1
-1.3999999999999999 0.70000000000000018 0.5 0.20000000000000001 0.29999999999999999 1 0.01 0 0 0 0.02 0 0 0 0.029999999999999999 0.12 0 0 0 0
-1.2 0.87000000000000011 0.5 0.21000000000000002 0.29999999999999999 1 0.01018496 0 0 0 0.020184960000000002 0 0 0 0.03018496 0 0 0 0.01 1
-1 1.04 0.5 0.22 0.29999999999999999 1 0.010179560000000001 0 0 0 0.020179559999999999 0 0 0 0.030179559999999998 0 0 0 0.00040000000000000002 0
-0.79999999999999982 1.1901999999999999 0.5 0.20000000000000001 0.29999999999999999 1 0.010001742399999999 0 0 0 0.020001742400000001 0 0 0 0.0300017424 0 -0.29999999999999999 0 0.00040000000000000002 1
-0.59999999999999987 1.3800000000000003 0.5 0.21000000000000002 0.29999999999999999 1 0.010169000000000001 0 0 0 0.020168999999999999 0 0 0 0.030168999999999998 0 0 0 0.0030000000000000001 0
-0.39999999999999991 1.5500000000000003 0.5 0.22 0.29999999999999999 1 0.01016384 0 0 0 0.020163839999999999 0 0 0 0.030163839999999997 0 0 0 0.00040000000000000002 0
-0.19999999999999996 1.7200000000000002 0.5 0.20000000000000001 0.29999999999999999 1 0.0100015876 0 0 0 0.020001587599999999 0 0 0 0.030001587599999997 0 0 0 0.00040000000000000002 0
0.0074400000000000004 -1 0.5 0.21000000000000002 0.29999999999999999 1 0.01015376 0 0 0 0.02015376 0 0 0 0.030153759999999998 0.12 0 0 0.01 1
0.20000000000000018 -0.82999999999999996 0.5 0.22 0.29999999999999999 1 0.010148840000000001 0 0 0 0.020148840000000001 0 0 0 0.03014884 0 0 0 0.00040000000000000002 1
0.40000000000000036 -0.65999999999999992 0.5 0.20000000000000001 0.29999999999999999 1 0.010144 0 0 0 0.020144000000000002 0 0 0 0.030143999999999997 0 0 0 0.01 1
0.60000000000000009 -0.48999999999999999 0.5 0.21000000000000002 0.29999999999999999 1 0.010139240000000001 0 0 0 0.020139239999999999 0 0 0 0.030139239999999998 0 0 0 0.01 1
0.80000000000000027 -0.31999999999999995 0.5 0.22 0.29999999999999999 1 0.01 0 0 0 0.02 0 0 0 0.029999999999999999 0 0 0 0 1
1 -0.16709999999999992 0.5 0.20000000000000001 0.29999999999999999 1 0.010001299600000001 0 0 0 0.020001299600000001 0 0 0 0.0300012996 0 -0.29999999999999999 0 0.00040000000000000002 1
1.2000000000000002 0.020000000000000018 0.5 0.21000000000000002 0.29999999999999999 1 0.010125439999999999 0 0 0 0.020125440000000001 0 0 0 0.03012544 0 0 0 0.01 1
1.4066000000000003 0.19000000000000017 0.5 0.22 0.29999999999999999 1 0.010121 0 0 0 0.020121 0 0 0 0.030120999999999998 0.12 0 0 0.01 1
1.6000000000000001 0.3600000000000001 0.5 0.20000000000000001 0.29999999999999999 1 0.010001166400000001 0 0 0 0.020001166399999999 0 0 0 0.030001166399999998 0 0 0 0.00040000000000000002 1
-2 0.53000000000000003 0.5 0.21000000000000002 0.29999999999999999 1 0.010112360000000001 0 0 0 0.020112359999999999 0 0 0 0.030112359999999998 0 0 0 0.00040000000000000002 0
-1.8 0.70000000000000018 0.5 0.22 0.29999999999999999 1 0.01010816 0 0 0 0.02010816 0 0 0 0.030108159999999998 0 0 0 0.00040000000000000002 0
-1.6000000000000001 0.87000000000000011 0.5 0.20000000000000001 0.29999999999999999 1 0.010001040399999999 0 0 0 0.0200010404 0 0 0 0.030001040399999998 0 0 0 0.00040000000000000002 0
-2 -1 0.5 0.20000000000000001 0.29999999999999999 1 0.01 0 0 0 0.02 0 0 0 0.029999999999999999 0.12 -0.29999999999999999 0 0 1
-1.8 -0.82999999999999996 0.5 0.21000000000000002 0.29999999999999999 1 0.024352040000000005 0 0 0 0.03435204 0 0 0 0.044352040000000002 0 0 0 0.01 1
-1.6000000000000001 -0.65999999999999992 0.5 0.22 0.29999999999999999 1 0.024304160000000005 0 0 0 0.03430416 0 0 0 0.044304160000000002 0 0 0 0.01 1
-1.3999999999999999 -0.48999999999999999 0.5 0.20000000000000001 0.29999999999999999 1 0.0101425636 0 0 0 0.0201425636 0 0 0 0.030142563599999998 0 0 0 0.00040000000000000002 1
-1.2 -0.31999999999999995 0.5 0.21000000000000002 0.29999999999999999 1 0.024208640000000003 0 0 0 0.034208640000000005 0 0 0 0.04420864 0 0 0 0.01 1
-1 -0.14999999999999991 0.5 0.22 0.29999999999999999 1 0.024161000000000002 0 0 0 0.034161000000000004 0 0 0 0.044161000000000006 0 0 0 0.0030000000000000001 1
-0.79999999999999982 0.020000000000000018 0.5 0.20000000000000001 0.29999999999999999 1 0.0101411344 0 0 0 0.0201411344 0 0 0 0.030141134399999998 0 0 0 0.00040000000000000002 1
-0.52883999999999987 0.19000000000000017 0.5 0.21000000000000002 0.29999999999999999 1 0.024065960000000004 0 0 0 0.034065960000000006 0 0 0 0.044065960000000001 0.12 0 0 0.01 1
-0.39999999999999991 0.3600000000000001 0.5 0.22 0.29999999999999999 1 0.024018560000000005 0 0 0 0.034018560000000003 0 0 0 0.044018560000000005 0 0 0 0.00040000000000000002 1
-0.19999999999999996 0.35270000000000001 0.5 0.20000000000000001 0.29999999999999999 1 0.010139712400000001 0 0 0 0.020139712399999999 0 0 0 0.030139712399999997 0 -0.29999999999999999 0 0.00040000000000000002 1
0 0.70000000000000018 0.5 0.21000000000000002 0.29999999999999999 1 0.023924000000000004 0 0 0 0.033924000000000003 0 0 0 0.043924000000000005 0 0 0 0.0030000000000000001 1
0.20000000000000018 0.87000000000000011 0.5 0.22 0.29999999999999999 1 0.01 0 0 0 0.02 0 0 0 0.029999999999999999 0 0 0 0 1
0.40000000000000036 1.04 0.5 0.20000000000000001 0.29999999999999999 1 0.0101382976 0 0 0 0.020138297600000001 0 0 0 0.030138297599999999 0 0 0 0.00040000000000000002 1
0.60000000000000009 1.21 0.5 0.21000000000000002 0.29999999999999999 1 0.023782760000000003 0 0 0 0.033782760000000002 0 0 0 0.043782760000000004 0 0 0 0.01 1
0.87032000000000032 1.3800000000000003 0.5 0.22 0.29999999999999999 1 0.023735840000000005 0 0 0 0.033735840000000003 0 0 0 0.043735840000000005 0.12 0 0 0.01 1
1 1.5500000000000003 0.5 0.20000000000000001 0.29999999999999999 1 0.023689000000000005 0 0 0 0.033689000000000004 0 0 0 0.043689000000000006 0 0 0 0.01 1
1.2000000000000002 1.7200000000000002 0.5 0.21000000000000002 0.29999999999999999 1 0.023642240000000002 0 0 0 0.033642240000000004 0 0 0 0.043642239999999999 0 0 0 0.01 1
1.4000000000000004 -1 0.5 0.22 0.29999999999999999 1 0.023595560000000005 0 0 0 0.033595560000000003 0 0 0 0.043595560000000005 0 0 0 0.00040000000000000002 1
1.6000000000000001 -1.0045999999999999 0.5 0.20000000000000001 0.29999999999999999 1 0.0101354896 0 0 0 0.020135489600000001 0 0 0 0.030135489599999999 0 -0.29999999999999999 0 0.00040000000000000002 1
-2 -0.65999999999999992 0.5 0.21000000000000002 0.29999999999999999 1 0.023502440000000006 0 0 0 0.033502440000000008 0 0 0 0.043502440000000003 0 0 0 0.00040000000000000002 1
-1.8 -0.48999999999999999 0.5 0.22 0.29999999999999999 1 0.023456000000000005 0 0 0 0.033456000000000007 0 0 0 0.043456000000000002 0 0 0 0.0030000000000000001 1
-1.5305200000000001 -0.31999999999999995 0.5 0.20000000000000001 0.29999999999999999 1 0.010134096400000001 0 0 0 0.020134096399999999 0 0 0 0.030134096399999998 0.12 0 0 0.00040000000000000002 1
-1.3999999999999999 -0.14999999999999991 0.5 0.21000000000000002 0.29999999999999999 1 0.01 0 0 0 0.02 0 0 0 0.029999999999999999 0 0 0 0 1
-1.2 0.020000000000000018 0.5 0.22 0.29999999999999999 1 0.023317160000000003 0 0 0 0.033317160000000005 0 0 0 0.04331716 0 0 0 0.00040000000000000002 1
-1 0.19000000000000017 0.5 0.20000000000000001 0.29999999999999999 1 0.0101327104 0 0 0 0.0201327104 0 0 0 0.030132710399999998 0 0 0 0.00040000000000000002 1
-0.79999999999999982 0.3600000000000001 0.5 0.21000000000000002 0.29999999999999999 1 0.023225000000000003 0 0 0 0.033225000000000005 0 0 0 0.043225 0 0 0 0.01 1
-0.59999999999999987 0.53000000000000003 0.5 0.22 0.29999999999999999 1 0.023179040000000005 0 0 0 0.033179040000000007 0 0 0 0.043179040000000002 0 0 0 0.01 1
-0.39999999999999991 0.52810000000000012 0.5 0.20000000000000001 0.29999999999999999 1 0.0101313316 0 0 0 0.0201313316 0 0 0 0.030131331599999998 0 -0.29999999999999999 0 0.00040000000000000002 1
-0.13135999999999995 0.87000000000000011 0.5 0.21000000000000002 0.29999999999999999 1 0.023087360000000005 0 0 0 0.033087360000000003 0 0 0 0.043087360000000005 0.12 0 0 0.01 1
0 1.04 0.5 0.22 0.29999999999999999 1 0.023041640000000002 0 0 0 0.033041640000000004 0 0 0 0.043041640000000006 0 0 0 0.00040000000000000002 1
0.20000000000000018 1.21 0.5 0.20000000000000001 0.29999999999999999 1 0.022996000000000003 0 0 0 0.032996000000000004 0 0 0 0.042996000000000006 0 0 0 0.0030000000000000001 1
0.40000000000000036 1.3800000000000003 0.5 0.21000000000000002 0.29999999999999999 1 0.022950440000000003 0 0 0 0.032950440000000004 0 0 0 0.042950440000000006 0 0 0 0.00040000000000000002 1
0.60000000000000009 1.5500000000000003 0.5 0.22 0.29999999999999999 1 0.022904960000000002 0 0 0 0.032904960000000004 0 0 0 0.042904960000000006 0 0 0 0.00040000000000000002 1
0.80000000000000027 1.7200000000000002 0.5 0.20000000000000001 0.29999999999999999 1 0.01 0 0 0 0.02 0 0 0 0.029999999999999999 0 0 0 0 1
1 -1 0.5 0.21000000000000002 0.29999999999999999 1 0.022814240000000006 0 0 0 0.032814240000000008 0 0 0 0.042814240000000003 0 0 0 0.00040000000000000002 1
1.2678000000000003 -0.82999999999999996 0.5 0.22 0.29999999999999999 1 0.022769000000000005 0 0 0 0.032769000000000006 0 0 0 0.042769000000000001 0.12 0 0 0.01 1
1.4000000000000004 -0.82919999999999994 0.5 0.20000000000000001 0.29999999999999999 1 0.0101272384 0 0 0 0.020127238400000001 0 0 0 0.030127238399999999 0 -0.29999999999999999 0 0.00040000000000000002 1
1.6000000000000001 -0.48999999999999999 0.5 0.21000000000000002 0.29999999999999999 1 0.022678760000000003 0 0 0 0.032678760000000001 0 0 0 0.042678760000000003 0 0 0 0.01 1
-2 -0.31999999999999995 0.5 0.22 0.29999999999999999 1 0.022633760000000003 0 0 0 0.032633760000000005 0 0 0 0.04263376 0 0 0 0.01 1
-1.8 -0.14999999999999991 0.5 0.20000000000000001 0.29999999999999999 1 0.0101258884 0 0 0 0.0201258884 0 0 0 0.030125888399999998 0 0 0 0.00040000000000000002 1
-1.6000000000000001 0.020000000000000018 0.5 0.21000000000000002 0.29999999999999999 1 0.022544000000000002 0 0 0 0.032544000000000003 0 0 0 0.042543999999999998 0 0 0 0.01 1
-1.3999999999999999 0.19000000000000017 0.5 0.22 0.29999999999999999 1 0.022499240000000004 0 0 0 0.032499240000000006 0 0 0 0.042499240000000001 0 0 0 0.00040000000000000002 1
-1.13304 0.3600000000000001 0.5 0.20000000000000001 0.29999999999999999 1 0.0101245456 0 0 0 0.020124545600000002 0 0 0 0.0301245456 0.12 0 0 0.00040000000000000002 1
-1 0.53000000000000003 0.5 0.21000000000000002 0.29999999999999999 1 0.022409960000000003 0 0 0 0.032409960000000002 0 0 0 0.042409960000000003 0 0 0 0.00040000000000000002 1
-0.79999999999999982 0.70000000000000018 0.5 0.22 0.29999999999999999 1 0.01 0 0 0 0.02 0 0 0 0.029999999999999999 0 0 0 0 1
-0.59999999999999987 0.70350000000000013 0.5 0.20000000000000001 0.29999999999999999 1 0.022321000000000001 0 0 0 0.032321000000000003 0 0 0 0.042320999999999998 0 -0.29999999999999999 0 0.01 1
-0.39999999999999991 1.04 0.5 0.21000000000000002 0.29999999999999999 1 0.022276640000000004 0 0 0 0.032276640000000002 0 0 0 0.042276640000000004 0 0 0 0.00040000000000000002 1
-0.19999999999999996 1.21 0.5 0.22 0.29999999999999999 1 0.022232360000000003 0 0 0 0.032232360000000002 0 0 0 0.042232360000000004 0 0 0 0.00040000000000000002 1
0 1.3800000000000003 0.5 0.20000000000000001 0.29999999999999999 1 0.0101218816 0 0 0 0.020121881599999999 0 0 0 0.030121881599999997 0 0 0 0.00040000000000000002 1
0.26612000000000019 1.5500000000000003 0.5 0.21000000000000002 0.29999999999999999 1 0.022144040000000004 0 0 0 0.032144040000000006 0 0 0 0.042144040000000001 0.12 0 0 0.01 1
0.40000000000000036 1.7200000000000002 0.5 0.22 0.29999999999999999 1 0.022100000000000002 0 0 0 0.032100000000000004 0 0 0 0.042099999999999999 0 0 0 0.01 1
0.60000000000000009 -1 0.5 0.20000000000000001 0.29999999999999999 1 0.010120560400000001 0 0 0 0.020120560400000001 0 0 0 0.030120560399999999 0 0 0 0.00040000000000000002 1
0.80000000000000027 -0.82999999999999996 0.5 0.21000000000000002 0.29999999999999999 1 0.022012160000000003 0 0 0 0.032012160000000005 0 0 0 0.04201216 0 0 0 0.01 1
1 -0.65999999999999992 0.5 0.22 0.29999999999999999 1 0.021968360000000003 0 0 0 0.031968360000000001 0 0 0 0.041968360000000003 0 0 0 0.00040000000000000002 1
1.2000000000000002 -0.65379999999999994 0.5 0.20000000000000001 0.29999999999999999 1 0.0101192464 0 0 0 0.020119246399999999 0 0 0 0.030119246399999997 0 -0.29999999999999999 0 0.00040000000000000002 1
1.4000000000000004 -0.31999999999999995 0.5 0.21000000000000002 0.29999999999999999 1 0.01 0 0 0 0.02 0 0 0 0.029999999999999999 0 0 0 0 1
1.6652800000000001 -0.14999999999999991 0.5 0.22 0.29999999999999999 1 0.02183744 0 0 0 0.031837440000000002 0 0 0 0.041837440000000004 0.12 0 0 0.01 1
-2 0.020000000000000018 0.5 0.20000000000000001 0.29999999999999999 1 0.0101179396 0 0 0 0.020117939599999999 0 0 0 0.030117939599999997 0 0 0 0.00040000000000000002 1
-1.8 0.19000000000000017 0.5 0.21000000000000002 0.29999999999999999 1 0.021750560000000002 0 0 0 0.031750560000000004 0 0 0 0.041750559999999999 0 0 0 0.00040000000000000002 1
-1.6000000000000001 0.3600000000000001 0.5 0.22 0.29999999999999999 1 0.021707240000000003 0 0 0 0.031707239999999998 0 0 0 0.04170724 0 0 0 0.00040000000000000002 1
-1.3999999999999999 0.53000000000000003 0.5 0.20000000000000001 0.29999999999999999 1 0.021664000000000003 0 0 0 0.031663999999999998 0 0 0 0.041664 0 0 0 0.01 1
-1.2 0.70000000000000018 0.5 0.21000000000000002 0.29999999999999999 1 0.021620840000000002 0 0 0 0.031620840000000004 0 0 0 0.041620839999999999 0 0 0 0.01 1
-1 0.87000000000000011 0.5 0.22 0.29999999999999999 1 0.021577760000000001 0 0 0 0.031577760000000003 0 0 0 0.041577759999999998 0 0 0 0.01 1
-0.73555999999999977 0.87890000000000001 0.5 0.20000000000000001 0.29999999999999999 1 0.0101153476 0 0 0 0.0201153476 0 0 0 0.030115347599999998 0.12 -0.29999999999999999 0 0.00040000000000000002 1
-0.59999999999999987 1.21 0.5 0.21000000000000002 0.29999999999999999 1 0.021491840000000002 0 0 0 0.03149184 0 0 0 0.041491840000000002 0 0 0 0.01 1
-0.39999999999999991 1.3800000000000003 0.5 0.22 0.29999999999999999 1 0.021449000000000003 0 0 0 0.031449000000000005 0 0 0 0.041449 0 0 0 0.0030000000000000001 1
-0.19999999999999996 1.5500000000000003 0.5 0.20000000000000001 0.29999999999999999 1 0.01 0 0 0 0.02 0 0 0 0.029999999999999999 0 0 0 0 1
0 1.7200000000000002 0.5 0.21000000000000002 0.29999999999999999 1 0.021363560000000004 0 0 0 0.031363559999999999 0 0 0 0.041363560000000001 0 0 0 0.00040000000000000002 1
0.20000000000000018 -1 0.5 0.22 0.29999999999999999 1 0.021320960000000003 0 0 0 0.031320960000000002 0 0 0 0.041320960000000004 0 0 0 0.00040000000000000002 1
0.40000000000000036 -0.82999999999999996 0.5 0.20000000000000001 0.29999999999999999 1 0.0101127844 0 0 0 0.0201127844 0 0 0 0.030112784399999998 0 0 0 0.00040000000000000002 1
0.66360000000000008 -0.65999999999999992 0.5 0.21000000000000002 0.29999999999999999 1 0.021236000000000001 0 0 0 0.031236 0 0 0 0.041236000000000002 0.12 0 0 0.01 1
0.80000000000000027 -0.48999999999999999 0.5 0.22 0.29999999999999999 1 0.02119364 0 0 0 0.031193640000000002 0 0 0 0.041193640000000004 0 0 0 0.00040000000000000002 1
1 -0.47839999999999994 0.5 0.20000000000000001 0.29999999999999999 1 0.0101115136 0 0 0 0.020111513600000002 0 0 0 0.030111513600000001 0 -0.29999999999999999 0 0.00040000000000000002 1
1.2000000000000002 -0.14999999999999991 0.5 0.21000000000000002 0.29999999999999999 1 0.021109160000000002 0 0 0 0.03110916 0 0 0 0.041109159999999999 0 0 0 0.01 1
1.4000000000000004 0.020000000000000018 0.5 0.22 0.29999999999999999 1 0.021067040000000002 0 0 0 0.031067040000000004 0 0 0 0.041067039999999999 0 0 0 0.01 1
1.6000000000000001 0.19000000000000017 0.5 0.20000000000000001 0.29999999999999999 1 0.021025000000000002 0 0 0 0.031025 0 0 0 0.041024999999999999 0 0 0 0.01 1
-2 0.3600000000000001 0.5 0.21000000000000002 0.29999999999999999 1 0.020983040000000001 0 0 0 0.030983040000000003 0 0 0 0.040983039999999998 0 0 0 0.01 1
-1.8 0.53000000000000003 0.5 0.22 0.29999999999999999 1 0.01 0 0 0 0.02 0 0 0 0.029999999999999999 0.12 0 0 0 1
-1.6000000000000001 0.70000000000000018 0.5 0.20000000000000001 0.29999999999999999 1 0.010108993599999999 0 0 0 0.0201089936 0 0 0 0.030108993599999998 0 0 0 0.00040000000000000002 1
-1.3999999999999999 0.87000000000000011 0.5 0.21000000000000002 0.29999999999999999 1 0.020857640000000004 0 0 0 0.030857640000000002 0 0 0 0.040857640000000001 0 0 0 0.00040000000000000002 1
-1.2 1.04 0.5 0.22 0.29999999999999999 1 0.020816000000000001 0 0 0 0.030816000000000003 0 0 0 0.040815999999999998 0 0 0 0.0030000000000000001 1
-1 1.0543 0.5 0.20000000000000001 0.29999999999999999 1 0.0101077444 0 0 0 0.020107744399999999 0 0 0 0.030107744399999997 0 -0.29999999999999999 0 0.00040000000000000002 1
-0.79999999999999982 1.3800000000000003 0.5 0.21000000000000002 0.29999999999999999 1 0.020732960000000002 0 0 0 0.03073296 0 0 0 0.040732959999999999 0 0 0 0.00040000000000000002 1
-0.59999999999999987 1.5500000000000003 0.5 0.22 0.29999999999999999 1 0.020691560000000001 0 0 0 0.03069156 0 0 0 0.040691560000000002 0 0 0 0.00040000000000000002 1
-0.33807999999999994 1.7200000000000002 0.5 0.20000000000000001 0.29999999999999999 1 0.0101065024 0 0 0 0.0201065024 0 0 0 0.030106502399999999 0.12 0 0 0.00040000000000000002 1
-0.19999999999999996 -1 0.5 0.21000000000000002 0.29999999999999999 1 0.020609000000000002 0 0 0 0.030609000000000001 0 0 0 0.040608999999999999 0 0 0 0.01 1
0 -0.82999999999999996 0.5 0.22 0.29999999999999999 1 0.02056784 0 0 0 0.030567839999999999 0 0 0 0.040567840000000001 0 0 0 0.01 1
0.20000000000000018 -0.65999999999999992 0.5 0.20000000000000001 0.29999999999999999 1 0.0101052676 0 0 0 0.020105267600000001 0 0 0 0.030105267599999999 0 0 0 0.00040000000000000002 1
0.40000000000000036 -0.48999999999999999 0.5 0.21000000000000002 0.29999999999999999 1 0.01 0 0 0 0.02 0 0 0 0.029999999999999999 0 0 0 0 1
0.60000000000000009 -0.31999999999999995 0.5 0.22 0.29999999999999999 1 0.020444839999999999 0 0 0 0.030444840000000001 0 0 0 0.040444839999999996 0 0 0 0.00040000000000000002 1
0.80000000000000027 -0.30299999999999994 0.5 0.20000000000000001 0.29999999999999999 1 0.020403999999999999 0 0 0 0.030404 0 0 0 0.040403999999999995 0 -0.29999999999999999 0 0.01 1
1.06108 0.020000000000000018 0.5 0.21000000000000002 0.29999999999999999 1 0.020363240000000001 0 0 0 0.03036324 0 0 0 0.040363240000000002 0.12 0 0 0.01 1
1.2000000000000002 0.19000000000000017 0.5 0.22 0.29999999999999999 1 0.020322560000000003 0 0 0 0.030322560000000002 0 0 0 0.04032256 0 0 0 0.00040000000000000002 1
1.4000000000000004 0.3600000000000001 0.5 0.20000000000000001 0.29999999999999999 1 0.0101028196 0 0 0 0.020102819600000002 0 0 0 0.0301028196 0 0 0 0.00040000000000000002 1
1.6000000000000001 0.53000000000000003 0.5 0.21000000000000002 0.29999999999999999 1 0.020241439999999999 0 0 0 0.030241440000000001 0 0 0 0.040241439999999996 0 0 0 0.00040000000000000002 1
-2 0.70000000000000018 0.5 0.22 0.29999999999999999 1 0.020201 0 0 0 0.030200999999999999 0 0 0 0.040201000000000001 0 0 0 0.0030000000000000001 1
-1.8 0.87000000000000011 0.5 0.20000000000000001 0.29999999999999999 1 0.010101606400000001 0 0 0 0.020101606399999999 0 0 0 0.030101606399999998 0 0 0 0.00040000000000000002 1
-1.6000000000000001 1.04 0.5 0.21000000000000002 0.29999999999999999 1 0.02012036 0 0 0 0.030120359999999999 0 0 0 0.040120360000000001 0 0 0 0.01 1
-1.3397599999999998 1.21 0.5 0.22 0.29999999999999999 1 0.02008016 0 0 0 0.030080160000000002 0 0 0 0.040080160000000004 0.12 0 0 0.01 1
-1.2 1.3800000000000003 0.5 0.20000000000000001 0.29999999999999999 1 0.01 0 0 0 0.02 0 0 0 0.029999999999999999 0 -0.29999999999999999 0 0 1
-1 1.5500000000000003 0.5 0.21000000000000002 0.29999999999999999 1 0.02 0 0 0 0.029999999999999999 0 0 0 0.040000000000000001 0 0 0 0.01 1
-0.79999999999999982 1.7200000000000002 0.5 0.22 0.29999999999999999 1 0.019960040000000002 0 0 0 0.02996004 0 0 0 0.039960040000000002 0 0 0 0.00040000000000000002 1
-0.59999999999999987 -1 0.5 0.20000000000000001 0.29999999999999999 1 0.0100992016 0 0 0 0.020099201600000002 0 0 0 0.0300992016 0 0 0 0.00040000000000000002 1
-0.39999999999999991 -0.82999999999999996 0.5 0.21000000000000002 0.29999999999999999 1 0.019880360000000003 0 0 0 0.029880360000000002 0 0 0 0.039880360000000004 0 0 0 0.00040000000000000002 1
-0.19999999999999996 -0.65999999999999992 0.5 0.22 0.29999999999999999 1 0.01984064 0 0 0 0.029840640000000002 0 0 0 0.039840639999999997 0 0 0 0.00040000000000000002 1
0.059400000000000001 -0.48999999999999999 0.5 0.20000000000000001 0.29999999999999999 1 0.019801000000000003 0 0 0 0.029801000000000001 0 0 0 0.039801000000000003 0.12 0 0 0.01 1
0.20000000000000018 -0.31999999999999995 0.5 0.21000000000000002 0.29999999999999999 1 0.019761440000000005 0 0 0 0.029761440000000004 0 0 0 0.039761440000000002 0 0 0 0.00040000000000000002 1
0.40000000000000036 -0.14999999999999991 0.5 0.22 0.29999999999999999 1 0.019721960000000004 0 0 0 0.029721960000000002 0 0 0 0.039721960000000001 0 0 0 0.00040000000000000002 1
0.60000000000000009 -0.12759999999999999 0.5 0.20000000000000001 0.29999999999999999 1 0.0100968256 0 0 0 0.0200968256 0 0 0 0.030096825599999998 0 -0.29999999999999999 0 0.00040000000000000002 1
0.80000000000000027 0.19000000000000017 0.5 0.21000000000000002 0.29999999999999999 1 0.019643240000000003 0 0 0 0.029643240000000001 0 0 0 0.039643240000000003 0 0 0 0.01 1
1 0.3600000000000001 0.5 0.22 0.29999999999999999 1 0.01 0 0 0 0.02 0 0 0 0.029999999999999999 0 0 0 0 1
1.2000000000000002 0.53000000000000003 0.5 0.20000000000000001 0.29999999999999999 1 0.010095648400000001 0 0 0 0.020095648399999999 0 0 0 0.030095648399999998 0 0 0 0.00040000000000000002 1
1.4585600000000003 0.70000000000000018 0.5 0.21000000000000002 0.29999999999999999 1 0.019525760000000003 0 0 0 0.029525760000000005 0 0 0 0.03952576 0.12 0 0 0.01 1
1.6000000000000001 0.87000000000000011 0.5 0.22 0.29999999999999999 1 0.019486760000000002 0 0 0 0.029486760000000001 0 0 0 0.039486760000000003 0 0 0 0.00040000000000000002 1
-2 1.04 0.5 0.20000000000000001 0.29999999999999999 1 0.010094478400000001 0 0 0 0.020094478400000001 0 0 0 0.030094478399999999 0 0 0 0.00040000000000000002 1
-1.8 1.21 0.5 0.21000000000000002 0.29999999999999999 1 0.019409000000000003 0 0 0 0.029409000000000005 0 0 0 0.039409 0 0 0 0.0030000000000000001 1
-1.6000000000000001 1.3800000000000003 0.5 0.22 0.29999999999999999 1 0.019370240000000004 0 0 0 0.029370240000000002 0 0 0 0.039370240000000001 0 0 0 0.00040000000000000002 1
-1.3999999999999999 1.4051000000000002 0.5 0.20000000000000001 0.29999999999999999 1 0.0100933156 0 0 0 0.020093315600000002 0 0 0 0.0300933156 0 -0.29999999999999999 0 0.00040000000000000002 1
-1.2 1.7200000000000002 0.5 0.21000000000000002 0.29999999999999999 1 0.019292960000000001 0 0 0 0.02929296 0 0 0 0.039292960000000002 0 0 0 0.00040000000000000002 1
-0.94228000000000001 -1 0.5 0.22 0.29999999999999999 1 0.019254440000000001 0 0 0 0.02925444 0 0 0 0.039254440000000002 0.12 0 0 0.01 1
-0.79999999999999982 -0.82999999999999996 0.5 0.20000000000000001 0.29999999999999999 1 0.019216000000000004 0 0 0 0.029216000000000002 0 0 0 0.039216000000000001 0 0 0 0.01 1
-0.59999999999999987 -0.65999999999999992 0.5 0.21000000000000002 0.29999999999999999 1 0.01 0 0 0 0.02 0 0 0 0.029999999999999999 0 0 0 0 1
-0.39999999999999991 -0.48999999999999999 0.5 0.22 0.29999999999999999 1 0.019139360000000001 0 0 0 0.029139360000000003 0 0 0 0.039139359999999998 0 0 0 0.01 1
-0.19999999999999996 -0.31999999999999995 0.5 0.20000000000000001 0.29999999999999999 1 0.0100910116 0 0 0 0.0200910116 0 0 0 0.030091011599999998 0 0 0 0.00040000000000000002 1
0 -0.14999999999999991 0.5 0.21000000000000002 0.29999999999999999 1 0.019063040000000003 0 0 0 0.029063040000000002 0 0 0 0.03906304 0 0 0 0.01 1
0.20000000000000018 0.020000000000000018 0.5 0.22 0.29999999999999999 1 0.019025 0 0 0 0.029025000000000002 0 0 0 0.039025000000000004 0 0 0 0.0030000000000000001 1
0.45688000000000034 0.047800000000000176 0.5 0.20000000000000001 0.29999999999999999 1 0.010089870400000001 0 0 0 0.020089870400000001 0 0 0 0.0300898704 0.12 -0.29999999999999999 0 0.00040000000000000002 1
0.60000000000000009 0.3600000000000001 0.5 0.21000000000000002 0.29999999999999999 1 0.01894916 0 0 0 0.028949160000000002 0 0 0 0.038949159999999997 0 0 0 0.00040000000000000002 1
0.80000000000000027 0.53000000000000003 0.5 0.22 0.29999999999999999 1 0.018911360000000002 0 0 0 0.028911360000000004 0 0 0 0.038911359999999999 0 0 0 0.00040000000000000002 1
1 0.70000000000000018 0.5 0.20000000000000001 0.29999999999999999 1 0.010088736400000001 0 0 0 0.020088736400000001 0 0 0 0.0300887364 0 0 0 0.00040000000000000002 1
1.2000000000000002 0.87000000000000011 0.5 0.21000000000000002 0.29999999999999999 1 0.018836000000000002 0 0 0 0.028836000000000001 0 0 0 0.038836000000000002 0 0 0 0.0030000000000000001 1
1.4000000000000004 1.04 0.5 0.22 0.29999999999999999 1 0.01879844 0 0 0 0.028798440000000002 0 0 0 0.038798440000000003 0 0 0 0.00040000000000000002 1
1.6000000000000001 1.21 0.5 0.20000000000000001 0.29999999999999999 1 0.01 0 0 0 0.02 0 0 0 0.029999999999999999 0 0 0 0 1
-1.9439599999999999 1.3800000000000003 0.5 0.21000000000000002 0.29999999999999999 1 0.01872356 0 0 0 0.028723560000000002 0 0 0 0.038723560000000004 0.12 0 0 0.01 1
-1.8 1.5500000000000003 0.5 0.22 0.29999999999999999 1 0.01868624 0 0 0 0.028686240000000002 0 0 0 0.038686239999999997 0 0 0 0.01 1
-1.6000000000000001 1.5805000000000002 0.5 0.20000000000000001 0.29999999999999999 1 0.018649000000000002 0 0 0 0.028649000000000001 0 0 0 0.038649000000000003 0 -0.29999999999999999 0 0.01 1
-1.3999999999999999 -1 0.5 0.21000000000000002 0.29999999999999999 1 0.018611840000000001 0 0 0 0.028611839999999999 0 0 0 0.038611840000000001 0 0 0 0.01 1
-1.2 -0.82999999999999996 0.5 0.22 0.29999999999999999 1 0.018574760000000003 0 0 0 0.028574760000000001 0 0 0 0.03857476 0 0 0 0.00040000000000000002 1
-1 -0.65999999999999992 0.5 0.20000000000000001 0.29999999999999999 1 0.010085377600000001 0 0 0 0.020085377599999999 0 0 0 0.030085377599999998 0 0 0 0.00040000000000000002 1
-0.79999999999999982 -0.48999999999999999 0.5 0.21000000000000002 0.29999999999999999 1 0.018500840000000001 0 0 0 0.02850084 0 0 0 0.038500840000000001 0 0 0 0.00040000000000000002 1
-0.54479999999999984 -0.31999999999999995 0.5 0.22 0.29999999999999999 1 0.018464000000000001 0 0 0 0.028464000000000003 0 0 0 0.038463999999999998 0.12 0 0 0.01 1
-0.39999999999999991 -0.14999999999999991 0.5 0.20000000000000001 0.29999999999999999 1 0.0100842724 0 0 0 0.020084272400000002 0 0 0 0.030084272400000001 0 0 0 0.00040000000000000002 1
-0.19999999999999996 0.020000000000000018 0.5 0.21000000000000002 0.29999999999999999 1 0.01839056 0 0 0 0.028390560000000002 0 0 0 0.038390559999999997 0 0 0 0.00040000000000000002 1
0 0.19000000000000017 0.5 0.22 0.29999999999999999 1 0.01 0 0 0 0.02 0 0 0 0.029999999999999999 0 0 0 0 1
0.20000000000000018 0.22320000000000009 0.5 0.20000000000000001 0.29999999999999999 1 0.0100831744 0 0 0 0.020083174400000001 0 0 0 0.030083174399999999 0 -0.29999999999999999 0 0.00040000000000000002 1
0.40000000000000036 0.53000000000000003 0.5 0.21000000000000002 0.29999999999999999 1 0.018280999999999999 0 0 0 0.028281000000000001 0 0 0 0.038280999999999996 0 0 0 0.01 1
0.60000000000000009 0.70000000000000018 0.5 0.22 0.29999999999999999 1 0.018244639999999999 0 0 0 0.028244640000000001 0 0 0 0.038244639999999996 0 0 0 0.01 1
0.85436000000000023 0.87000000000000011 0.5 0.20000000000000001 0.29999999999999999 1 0.0100820836 0 0 0 0.020082083600000002 0 0 0 0.0300820836 0.12 0 0 0.00040000000000000002 1
1 1.04 0.5 0.21000000000000002 0.29999999999999999 1 0.01817216 0 0 0 0.028172160000000002 0 0 0 0.038172159999999997 0 0 0 0.01 1
1.2000000000000002 1.21 0.5 0.22 0.29999999999999999 1 0.018136039999999999 0 0 0 0.028136040000000001 0 0 0 0.038136039999999996 0 0 0 0.00040000000000000002 1
1.4000000000000004 1.3800000000000003 0.5 0.20000000000000001 0.29999999999999999 1 0.018100000000000002 0 0 0 0.0281 0 0 0 0.038100000000000002 0 0 0 0.0030000000000000001 1
1.6000000000000001 1.5500000000000003 0.5 0.21000000000000002 0.29999999999999999 1 0.01806404 0 0 0 0.028064039999999998 0 0 0 0.03806404 0 0 0 0.00040000000000000002 1
-2 1.7200000000000002 0.5 0.22 0.29999999999999999 1 0.018028160000000001 0 0 0 0.028028160000000003 0 0 0 0.038028159999999998 0 0 0 0.00040000000000000002 1
-1.8 -1.1341000000000001 0.5 0.20000000000000001 0.29999999999999999 1 0.0100799236 0 0 0 0.020079923600000001 0 0 0 0.030079923599999999 0 -0.29999999999999999 0 0.00040000000000000002 1
-1.6000000000000001 -0.82999999999999996 0.5 0.21000000000000002 0.29999999999999999 1 0.01 0 0 0 0.02 0 0 0 0.029999999999999999 0.12 0 0 0 1
-1.3999999999999999 -0.65999999999999992 0.5 0.22 0.29999999999999999 1 0.017920999999999999 0 0 0 0.027921000000000001 0 0 0 0.037920999999999996 0 0 0 0.0030000000000000001 1
-1.2 -0.48999999999999999 0.5 0.20000000000000001 0.29999999999999999 1 0.0100788544 0 0 0 0.020078854400000002 0 0 0 0.0300788544 0 0 0 0.00040000000000000002 1
-1 -0.31999999999999995 0.5 0.21000000000000002 0.29999999999999999 1 0.017849959999999998 0 0 0 0.02784996 0 0 0 0.037849960000000002 0 0 0 0.01 1
-0.79999999999999982 -0.14999999999999991 0.5 0.22 0.29999999999999999 1 0.01781456 0 0 0 0.027814560000000002 0 0 0 0.037814559999999997 0 0 0 0.01 1
-0.59999999999999987 0.020000000000000018 0.5 0.20000000000000001 0.29999999999999999 1 0.0100777924 0 0 0 0.020077792399999999 0 0 0 0.030077792399999997 0 0 0 0.00040000000000000002 1
-0.39999999999999991 0.19000000000000017 0.5 0.21000000000000002 0.29999999999999999 1 0.017743999999999999 0 0 0 0.027744000000000001 0 0 0 0.037744 0 0 0 0.01 1
-0.14731999999999995 0.3600000000000001 0.5 0.22 0.29999999999999999 1 0.01770884 0 0 0 0.027708840000000002 0 0 0 0.03770884 0.12 0 0 0.01 1
0 0.39860000000000007 0.5 0.20000000000000001 0.29999999999999999 1 0.0100767376 0 0 0 0.020076737600000002 0 0 0 0.0300767376 0 -0.29999999999999999 0 0.00040000000000000002 1
0.20000000000000018 0.70000000000000018 0.5 0.21000000000000002 0.29999999999999999 1 0.01763876 0 0 0 0.027638760000000002 0 0 0 0.03763876 0 0 0 0.00040000000000000002 1
0.40000000000000036 0.87000000000000011 0.5 0.22 0.29999999999999999 1 0.017603840000000003 0 0 0 0.027603840000000001 0 0 0 0.037603839999999999 0 0 0 0.00040000000000000002 1
0.60000000000000009 1.04 0.5 0.20000000000000001 0.29999999999999999 1 0.01 0 0 0 0.02 0 0 0 0.029999999999999999 0 0 0 0 1
0.80000000000000027 1.21 0.5 0.21000000000000002 0.29999999999999999 1 0.017534240000000003 0 0 0 0.027534240000000001 0 0 0 0.037534240000000003 0 0 0 0.00040000000000000002 1
1 1.3800000000000003 0.5 0.22 0.29999999999999999 1 0.017499560000000004 0 0 0 0.027499560000000003 0 0 0 0.037499560000000001 0 0 0 0.00040000000000000002 1
1.2518400000000003 1.5500000000000003 0.5 0.20000000000000001 0.29999999999999999 1 0.010074649600000001 0 0 0 0.020074649600000001 0 0 0 0.0300746496 0.12 0 0 0.00040000000000000002 1
1.4000000000000004 1.7200000000000002 0.5 0.21000000000000002 0.29999999999999999 1 0.017430440000000002 0 0 0 0.02743044 0 0 0 0.037430440000000002 0 0 0 0.01 1
1.6000000000000001 -1 0.5 0.22 0.29999999999999999 1 0.017396000000000002 0 0 0 0.027396000000000004 0 0 0 0.037395999999999999 0 0 0 0.01 1
-2 -0.9587 0.5 0.20000000000000001 0.29999999999999999 1 0.010073616400000001 0 0 0 0.020073616400000001 0 0 0 0.030073616399999999 0 -0.29999999999999999 0 0.00040000000000000002 1
-1.8 -0.65999999999999992 0.5 0.21000000000000002 0.29999999999999999 1 0.01732736 0 0 0 0.027327360000000002 0 0 0 0.037327360000000004 0 0 0 0.01 1
-1.6000000000000001 -0.48999999999999999 0.5 0.22 0.29999999999999999 1 0.017293160000000002 0 0 0 0.027293160000000004 0 0 0 0.037293159999999999 0 0 0 0.00040000000000000002 1
-1.3999999999999999 -0.31999999999999995 0.5 0.20000000000000001 0.29999999999999999 1 0.010072590399999999 0 0 0 0.0200725904 0 0 0 0.030072590399999998 0 0 0 0.00040000000000000002 1
-1.149 -0.14999999999999991 0.5 0.21000000000000002 0.29999999999999999 1 0.017225000000000001 0 0 0 0.027225000000000003 0 0 0 0.037225000000000001 0.12 0 0 0.01 1
-1 0.020000000000000018 0.5 0.22 0.29999999999999999 1 0.01 0 0 0 0.02 0 0 0 0.029999999999999999 0 0 0 0 1
-0.79999999999999982 0.19000000000000017 0.5 0.20000000000000001 0.29999999999999999 1 0.010071571600000001 0 0 0 0.020071571600000001 0 0 0 0.030071571599999999 0 0 0 0.00040000000000000002 1
-0.59999999999999987 0.3600000000000001 0.5 0.21000000000000002 0.29999999999999999 1 0.017123360000000004 0 0 0 0.027123360000000003 0 0 0 0.037123360000000001 0 0 0 0.00040000000000000002 1
-0.39999999999999991 0.53000000000000003 0.5 0.22 0.29999999999999999 1 0.017089640000000003 0 0 0 0.027089640000000002 0 0 0 0.03708964 0 0 0 0.00040000000000000002 1
-0.19999999999999996 0.57400000000000018 0.5 0.20000000000000001 0.29999999999999999 1 0.017056000000000002 0 0 0 0.027056000000000004 0 0 0 0.037055999999999999 0 -0.29999999999999999 0 0.01 1
0 0.87000000000000011 0.5 0.21000000000000002 0.29999999999999999 1 0.01702244 0 0 0 0.027022440000000002 0 0 0 0.037022440000000004 0 0 0 0.01 1
0.25016000000000016 1.04 0.5 0.22 0.29999999999999999 1 0.016988960000000001 0 0 0 0.026988959999999999 0 0 0 0.036988960000000001 0.12 0 0 0.01 1
0.40000000000000036 1.21 0.5 0.20000000000000001 0.29999999999999999 1 0.0100695556 0 0 0 0.0200695556 0 0 0 0.030069555599999999 0 0 0 0.00040000000000000002 1
0.60000000000000009 1.3800000000000003 0.5 0.21000000000000002 0.29999999999999999 1 0.016922240000000002 0 0 0 0.026922240000000004 0 0 0 0.036922240000000002 0 0 0 0.01 1
0.80000000000000027 1.5500000000000003 0.5 0.22 0.29999999999999999 1 0.016889000000000001 0 0 0 0.026889000000000003 0 0 0 0.036888999999999998 0 0 0 0.0030000000000000001 1
1 1.7200000000000002 0.5 0.20000000000000001 0.29999999999999999 1 0.0100685584 0 0 0 0.020068558400000002 0 0 0 0.030068558400000001 0 0 0 0.00040000000000000002 1
1.2000000000000002 -1 0.5 0.21000000000000002 0.29999999999999999 1 0.01 0 0 0 0.02 0 0 0 0.029999999999999999 0 0 0 0 1
1.4000000000000004 -0.82999999999999996 0.5 0.22 0.29999999999999999 1 0.016789760000000001 0 0 0 0.026789760000000003 0 0 0 0.036789759999999998 0 0 0 0.00040000000000000002 1
1.6493200000000001 -0.78329999999999989 0.5 0.20000000000000001 0.29999999999999999 1 0.010067568400000001 0 0 0 0.020067568399999999 0 0 0 0.030067568399999998 0.12 -0.29999999999999999 0 0.00040000000000000002 1
-2 -0.48999999999999999 0.5 0.21000000000000002 0.29999999999999999 1 0.016724000000000003 0 0 0 0.026724000000000001 0 0 0 0.036724 0 0 0 0.0030000000000000001 1
-1.8 -0.31999999999999995 0.5 0.22 0.29999999999999999 1 0.016691240000000003 0 0 0 0.026691240000000001 0 0 0 0.03669124 0 0 0 0.00040000000000000002 1
-1.6000000000000001 -0.14999999999999991 0.5 0.20000000000000001 0.29999999999999999 1 0.0100665856 0 0 0 0.020066585599999999 0 0 0 0.030066585599999997 0 0 0 0.00040000000000000002 1
-1.3999999999999999 0.020000000000000018 0.5 0.21000000000000002 0.29999999999999999 1 0.016625960000000002 0 0 0 0.026625960000000001 0 0 0 0.036625959999999999 0 0 0 0.01 1
-1.2 0.19000000000000017 0.5 0.22 0.29999999999999999 1 0.016593440000000001 0 0 0 0.026593440000000003 0 0 0 0.036593439999999998 0 0 0 0.01 1
-1 0.3600000000000001 0.5 0.20000000000000001 0.29999999999999999 1 0.016561000000000003 0 0 0 0.026561000000000001 0 0 0 0.036561000000000003 0 0 0 0.01 1
-0.75151999999999985 0.53000000000000003 0.5 0.21000000000000002 0.29999999999999999 1 0.016528640000000001 0 0 0 0.026528640000000003 0 0 0 0.036528640000000001 0.12 0 0 0.01 1
-0.59999999999999987 0.70000000000000018 0.5 0.22 0.29999999999999999 1 0.016496360000000002 0 0 0 0.026496360000000004 0 0 0 0.036496359999999999 0 0 0 0.00040000000000000002 1
-0.39999999999999991 0.87000000000000011 0.5 0.20000000000000001 0.29999999999999999 1 0.01 0 0 0 0.02 0 0 0 0.029999999999999999 0 -0.29999999999999999 0 0 1
-0.19999999999999996 1.04 0.5 0.21000000000000002 0.29999999999999999 1 0.016432040000000002 0 0 0 0.02643204 0 0 0 0.036432039999999999 0 0 0 0.00040000000000000002 1
0 1.21 0.5 0.22 0.29999999999999999 1 0.016400000000000001 0 0 0 0.0264 0 0 0 0.036400000000000002 0 0 0 0.0030000000000000001 1
0.20000000000000018 1.3800000000000003 0.5 0.20000000000000001 0.29999999999999999 1 0.0100636804 0 0 0 0.020063680399999999 0 0 0 0.030063680399999997 0 0 0 0.00040000000000000002 1
0.40000000000000036 1.5500000000000003 0.5 0.21000000000000002 0.29999999999999999 1 0.016336160000000002 0 0 0 0.026336160000000001 0 0 0 0.036336159999999999 0 0 0 0.00040000000000000002 1
0.6476400000000001 1.7200000000000002 0.5 0.22 0.29999999999999999 1 0.01630436 0 0 0 0.026304360000000002 0 0 0 0.036304360000000001 0.12 0 0 0.01 1
0.80000000000000027 -1 0.5 0.20000000000000001 0.29999999999999999 1 0.010062726399999999 0 0 0 0.020062726400000001 0 0 0 0.0300627264 0 0 0 0.00040000000000000002 1
1 -0.82999999999999996 0.5 0.21000000000000002 0.29999999999999999 1 0.016241000000000002 0 0 0 0.026241 0 0 0 0.036241000000000002 0 0 0 0.01 1
1.2000000000000002 -0.65999999999999992 0.5 0.22 0.29999999999999999 1 0.016209440000000002 0 0 0 0.026209440000000001 0 0 0 0.036209440000000002 0 0 0 0.01 1
1.4000000000000004 -0.6079 0.5 0.20000000000000001 0.29999999999999999 1 0.010061779600000001 0 0 0 0.020061779599999999 0 0 0 0.030061779599999998 0 -0.29999999999999999 0 0.00040000000000000002 1
1.6000000000000001 -0.31999999999999995 0.5 0.21000000000000002 0.29999999999999999 1 0.016146560000000001 0 0 0 0.026146560000000003 0 0 0 0.036146560000000001 0 0 0 0.01 1
-2 -0.14999999999999991 0.5 0.22 0.29999999999999999 1 0.01 0 0 0 0.02 0 0 0 0.029999999999999999 0 0 0 0 1
-1.7532000000000001 0.020000000000000018 0.5 0.20000000000000001 0.29999999999999999 1 0.016084000000000001 0 0 0 0.026084000000000003 0 0 0 0.036083999999999998 0.12 0 0 0.01 1
-1.6000000000000001 0.19000000000000017 0.5 0.21000000000000002 0.29999999999999999 1 0.016052839999999999 0 0 0 0.026052840000000001 0 0 0 0.036052840000000003 0 0 0 0.00040000000000000002 1
-1.3999999999999999 0.3600000000000001 0.5 0.22 0.29999999999999999 1 0.016021760000000003 0 0 0 0.026021760000000001 0 0 0 0.03602176 0 0 0 0.00040000000000000002 1
-1.2 0.53000000000000003 0.5 0.20000000000000001 0.29999999999999999 1 0.010059907600000001 0 0 0 0.020059907599999999 0 0 0 0.030059907599999998 0 0 0 0.00040000000000000002 1
-1 0.70000000000000018 0.5 0.21000000000000002 0.29999999999999999 1 0.015959840000000003 0 0 0 0.025959840000000001 0 0 0 0.03595984 0 0 0 0.00040000000000000002 1
-0.79999999999999982 0.87000000000000011 0.5 0.22 0.29999999999999999 1 0.015928999999999999 0 0 0 0.025929000000000001 0 0 0 0.035929000000000003 0 0 0 0.0030000000000000001 1
-0.59999999999999987 0.92480000000000007 0.5 0.20000000000000001 0.29999999999999999 1 0.010058982399999999 0 0 0 0.020058982400000001 0 0 0 0.0300589824 0 -0.29999999999999999 0 0.00040000000000000002 1
-0.35403999999999991 1.21 0.5 0.21000000000000002 0.29999999999999999 1 0.015867560000000003 0 0 0 0.025867560000000001 0 0 0 0.03586756 0.12 0 0 0.01 1
-0.19999999999999996 1.3800000000000003 0.5 0.22 0.29999999999999999 1 0.015836960000000001 0 0 0 0.025836959999999999 0 0 0 0.035836960000000001 0 0 0 0.01 1
0 1.5500000000000003 0.5 0.20000000000000001 0.29999999999999999 1 0.0100580644 0 0 0 0.020058064399999999 0 0 0 0.030058064399999997 0 0 0 0.00040000000000000002 1
0.20000000000000018 1.7200000000000002 0.5 0.21000000000000002 0.29999999999999999 1 0.01 0 0 0 0.02 0 0 0 0.029999999999999999 0 0 0 0 1
0.40000000000000036 -1 0.5 0.22 0.29999999999999999 1 0.015745639999999998 0 0 0 0.02574564 0 0 0 0.035745639999999995 0 0 0 0.00040000000000000002 1
0.60000000000000009 -0.82999999999999996 0.5 0.20000000000000001 0.29999999999999999 1 0.0100571536 0 0 0 0.020057153599999999 0 0 0 0.030057153599999997 0 0 0 0.00040000000000000002 1
0.80000000000000027 -0.65999999999999992 0.5 0.21000000000000002 0.29999999999999999 1 0.01568516 0 0 0 0.025685160000000002 0 0 0 0.03568516 0 0 0 0.00040000000000000002 1
1.04512 -0.48999999999999999 0.5 0.22 0.29999999999999999 1 0.015655040000000002 0 0 0 0.02565504 0 0 0 0.035655039999999999 0.12 0 0 0.01 1
1.2000000000000002 -0.43249999999999994 0.5 0.20000000000000001 0.29999999999999999 1 0.015625 0 0 0 0.025625000000000002 0 0 0 0.035624999999999997 0 -0.29999999999999999 0 0.01 1
1.4000000000000004 -0.14999999999999991 0.5 0.21000000000000002 0.29999999999999999 1 0.015595040000000001 0 0 0 0.025595039999999999 0 0 0 0.035595040000000001 0 0 0 0.00040000000000000002 1
1.6000000000000001 0.020000000000000018 0.5 0.22 0.29999999999999999 1 0.015565160000000001 0 0 0 0.02556516 0 0 0 0.035565159999999998 0 0 0 0.00040000000000000002 1
-2 0.19000000000000017 0.5 0.20000000000000001 0.29999999999999999 1 0.010055353600000001 0 0 0 0.020055353599999999 0 0 0 0.030055353599999998 0 0 0 0.00040000000000000002 1
-1.8 0.3600000000000001 0.5 0.21000000000000002 0.29999999999999999 1 0.015505639999999999 0 0 0 0.02550564 0 0 0 0.035505639999999998 0 0 0 0.01 1
-1.6000000000000001 0.53000000000000003 0.5 0.22 0.29999999999999999 1 0.015476 0 0 0 0.025475999999999999 0 0 0 0.035476000000000001 0 0 0 0.01 1
-1.3999999999999999 0.70000000000000018 0.5 0.20000000000000001 0.29999999999999999 1 0.01 0 0 0 0.02 0 0 0 0.029999999999999999 0.12 0 0 0 1
-1.2 0.87000000000000011 0.5 0.21000000000000002 0.29999999999999999 1 0.015416960000000002 0 0 0 0.025416960000000002 0 0 0 0.035416959999999997 0 0 0 0.01 1
-1 1.04 0.5 0.22 0.29999999999999999 1 0.015387560000000002 0 0 0 0.025387560000000003 0 0 0 0.035387559999999998 0 0 0 0.00040000000000000002 1
-0.79999999999999982 1.1002000000000001 0.5 0.20000000000000001 0.29999999999999999 1 0.0100535824 0 0 0 0.020053582399999999 0 0 0 0.030053582399999997 0 -0.29999999999999999 0 0.00040000000000000002 1
-0.59999999999999987 1.3800000000000003 0.5 0.21000000000000002 0.29999999999999999 1 0.015329000000000002 0 0 0 0.025329000000000001 0 0 0 0.035328999999999999 0 0 0 0.0030000000000000001 1
-0.39999999999999991 1.5500000000000003 0.5 0.22 0.29999999999999999 1 0.015299840000000002 0 0 0 0.025299840000000001 0 0 0 0.035299839999999999 0 0 0 0.00040000000000000002 1
-0.19999999999999996 1.7200000000000002 0.5 0.20000000000000001 0.29999999999999999 1 0.0100527076 0 0 0 0.020052707600000001 0 0 0 0.030052707599999999 0 0 0 0.00040000000000000002 1
0.043440000000000006 -1 0.5 0.21000000000000002 0.29999999999999999 1 0.01524176 0 0 0 0.025241760000000002 0 0 0 0.035241759999999997 0.12 0 0 0.01 1
0.20000000000000018 -0.82999999999999996 0.5 0.22 0.29999999999999999 1 0.015212840000000002 0 0 0 0.02521284 0 0 0 0.035212840000000002 0 0 0 0.00040000000000000002 1
0.40000000000000036 -0.65999999999999992 0.5 0.20000000000000001 0.29999999999999999 1 0.015184000000000001 0 0 0 0.025184000000000002 0 0 0 0.035184 0 0 0 0.01 1
0.60000000000000009 -0.48999999999999999 0.5 0.21000000000000002 0.29999999999999999 1 0.01515524 0 0 0 0.025155240000000002 0 0 0 0.035155239999999997 0 0 0 0.01 1
0.80000000000000027 -0.31999999999999995 0.5 0.22 0.29999999999999999 1 0.01 0 0 0 0.02 0 0 0 0.029999999999999999 0 0 0 0 1
1 -0.25709999999999994 0.5 0.20000000000000001 0.29999999999999999 1 0.010050979600000001 0 0 0 0.020050979600000001 0 0 0 0.0300509796 0 -0.29999999999999999 0 0.00040000000000000002 1
1.2000000000000002 0.020000000000000018 0.5 0.21000000000000002 0.29999999999999999 1 0.01506944 0 0 0 0.025069440000000002 0 0 0 0.03506944 0 0 0 0.01 1
1.4426000000000003 0.19000000000000017 0.5 0.22 0.29999999999999999 1 0.015041000000000002 0 0 0 0.025041000000000001 0 0 0 0.035041000000000003 0.12 0 0 0.01 1
1.6000000000000001 0.3600000000000001 0.5 0.20000000000000001 0.29999999999999999 1 0.0100501264 0 0 0 0.0200501264 0 0 0 0.030050126399999998 0 0 0 0.00040000000000000002 1
-2 0.53000000000000003 0.5 0.21000000000000002 0.29999999999999999 1 0.014984360000000002 0 0 0 0.024984360000000001 0 0 0 0.034984359999999999 0 0 0 0.00040000000000000002 1
-1.8 0.70000000000000018 0.5 0.22 0.29999999999999999 1 0.014956160000000001 0 0 0 0.024956160000000002 0 0 0 0.03495616 0 0 0 0.00040000000000000002 1
-1.6000000000000001 0.87000000000000011 0.5 0.20000000000000001 0.29999999999999999 1 0.010049280400000001 0 0 0 0.020049280400000001 0 0 0 0.0300492804 0 0 0 0.00040000000000000002 1
-2 -1 0.5 0.20000000000000001 0.29999999999999999 1 0.01 0 0 0 0.02 0 0 0 0.029999999999999999 0.12 -0.29999999999999999 0 0 1
-1.8 -0.82999999999999996 0.5 0.21000000000000002 0.29999999999999999 1 0.042328040000000004 0 0 0 0.052328040000000006 0 0 0 0.062328040000000001 0 0 0 0.01 1
-1.6000000000000001 -0.65999999999999992 0.5 0.22 0.29999999999999999 1 0.042256160000000001 0 0 0 0.052256159999999996 0 0 0 0.062256159999999998 0 0 0 0.01 1
-1.3999999999999999 -0.48999999999999999 0.5 0.20000000000000001 0.29999999999999999 1 0.0103218436 0 0 0 0.0203218436 0 0 0 0.030321843599999999 0 0 0 0.00040000000000000002 1
-1.2 -0.31999999999999995 0.5 0.21000000000000002 0.29999999999999999 1 0.042112640000000007 0 0 0 0.052112640000000002 0 0 0 0.062112640000000004 0 0 0 0.01 1
-1 -0.14999999999999991 0.5 0.22 0.29999999999999999 1 0.042041000000000002 0 0 0 0.052041000000000004 0 0 0 0.062040999999999999 0 0 0 0.0030000000000000001 1
-0.79999999999999982 0.020000000000000018 0.5 0.20000000000000001 0.29999999999999999 1 0.010319694400000001 0 0 0 0.020319694400000001 0 0 0 0.0303196944 0 0 0 0.00040000000000000002 1
-0.49283999999999989 0.19000000000000017 0.5 0.21000000000000002 0.29999999999999999 1 0.041897960000000005 0 0 0 0.051897960000000007 0 0 0 0.061897960000000002 0.12 0 0 0.01 1
-0.39999999999999991 0.3600000000000001 0.5 0.22 0.29999999999999999 1 0.041826560000000006 0 0 0 0.051826560000000008 0 0 0 0.061826560000000003 0 0 0 0.00040000000000000002 1
-0.19999999999999996 0.26270000000000004 0.5 0.20000000000000001 0.29999999999999999 1 0.010317552400000001 0 0 0 0.020317552400000001 0 0 0 0.030317552399999999 0 -0.29999999999999999 0 0.00040000000000000002 1
0 0.70000000000000018 0.5 0.21000000000000002 0.29999999999999999 1 0.041684000000000006 0 0 0 0.051684000000000008 0 0 0 0.061684000000000003 0 0 0 0.0030000000000000001 1
0.20000000000000018 0.87000000000000011 0.5 0.22 0.29999999999999999 1 0.01 0 0 0 0.02 0 0 0 0.029999999999999999 0 0 0 0 1
0.40000000000000036 1.04 0.5 0.20000000000000001 0.29999999999999999 1 0.0103154176 0 0 0 0.0203154176 0 0 0 0.030315417599999998 0 0 0 0.00040000000000000002 1
0.60000000000000009 1.21 0.5 0.21000000000000002 0.29999999999999999 1 0.041470760000000002 0 0 0 0.051470760000000004 0 0 0 0.061470759999999999 0 0 0 0.01 1
0.90632000000000024 1.3800000000000003 0.5 0.22 0.29999999999999999 1 0.04139984 0 0 0 0.051399840000000002 0 0 0 0.061399839999999997 0.12 0 0 0.01 1
1 1.5500000000000003 0.5 0.20000000000000001 0.29999999999999999 1 0.041329000000000005 0 0 0 0.051329 0 0 0 0.061329000000000002 0 0 0 0.01 1
1.2000000000000002 1.7200000000000002 0.5 0.21000000000000002 0.29999999999999999 1 0.041258240000000002 0 0 0 0.051258239999999997 0 0 0 0.061258239999999999 0 0 0 0.01 1
1.4000000000000004 -1 0.5 0.22 0.29999999999999999 1 0.041187559999999998 0 0 0 0.05118756 0 0 0 0.061187560000000002 0 0 0 0.00040000000000000002 1
1.6000000000000001 -1.0946 0.5 0.20000000000000001 0.29999999999999999 1 0.0103111696 0 0 0 0.020311169600000002 0 0 0 0.0303111696 0 -0.29999999999999999 0 0.00040000000000000002 1
-2 -0.65999999999999992 0.5 0.21000000000000002 0.29999999999999999 1 0.041046440000000003 0 0 0 0.051046439999999998 0 0 0 0.06104644 0 0 0 0.00040000000000000002 1
-1.8 -0.48999999999999999 0.5 0.22 0.29999999999999999 1 0.040975999999999999 0 0 0 0.050976 0 0 0 0.060976000000000002 0 0 0 0.0030000000000000001 1
-1.4945200000000001 -0.31999999999999995 0.5 0.20000000000000001 0.29999999999999999 1 0.010309056400000001 0 0 0 0.020309056400000001 0 0 0 0.030309056399999999 0.12 0 0 0.00040000000000000002 1
-1.3999999999999999 -0.14999999999999991 0.5 0.21000000000000002 0.29999999999999999 1 0.01 0 0 0 0.02 0 0 0 0.029999999999999999 0 0 0 0 1
-1.2 0.020000000000000018 0.5 0.22 0.29999999999999999 1 0.040765160000000002 0 0 0 0.050765160000000004 0 0 0 0.060765159999999999 0 0 0 0.00040000000000000002 1
-1 0.19000000000000017 0.5 0.20000000000000001 0.29999999999999999 1 0.010306950400000001 0 0 0 0.020306950399999999 0 0 0 0.030306950399999998 0 0 0 0.00040000000000000002 1
-0.79999999999999982 0.3600000000000001 0.5 0.21000000000000002 0.29999999999999999 1 0.040625000000000001 0 0 0 0.050625000000000003 0 0 0 0.060624999999999998 0 0 0 0.01 1
-0.59999999999999987 0.53000000000000003 0.5 0.22 0.29999999999999999 1 0.040555040000000001 0 0 0 0.050555040000000002 0 0 0 0.060555040000000004 0 0 0 0.01 1
-0.39999999999999991 0.43810000000000016 0.5 0.20000000000000001 0.29999999999999999 1 0.0103048516 0 0 0 0.0203048516 0 0 0 0.030304851599999998 0 -0.29999999999999999 0 0.00040000000000000002 1
-0.095359999999999945 0.87000000000000011 0.5 0.21000000000000002 0.29999999999999999 1 0.040415360000000004 0 0 0 0.050415360000000006 0 0 0 0.060415360000000001 0.12 0 0 0.01 1
0 1.04 0.5 0.22 0.29999999999999999 1 0.040345640000000009 0 0 0 0.050345640000000011 0 0 0 0.060345640000000006 0 0 0 0.00040000000000000002 1
0.20000000000000018 1.21 0.5 0.20000000000000001 0.29999999999999999 1 0.040276000000000013 0 0 0 0.050276000000000015 0 0 0 0.06027600000000001 0 0 0 0.0030000000000000001 1
0.40000000000000036 1.3800000000000003 0.5 0.21000000000000002 0.29999999999999999 1 0.04020644000000001 0 0 0 0.050206440000000005 0 0 0 0.060206440000000007 0 0 0 0.00040000000000000002 1
0.60000000000000009 1.5500000000000003 0.5 0.22 0.29999999999999999 1 0.040136960000000006 0 0 0 0.050136960000000008 0 0 0 0.060136960000000003 0 0 0 0.00040000000000000002 1
0.80000000000000027 1.7200000000000002 0.5 0.20000000000000001 0.29999999999999999 1 0.01 0 0 0 0.02 0 0 0 0.029999999999999999 0 0 0 0 0
1 -1 0.5 0.21000000000000002 0.29999999999999999 1 0.039998240000000011 0 0 0 0.049998240000000013 0 0 0 0.059998240000000008 0 0 0 0.00040000000000000002 1
1.3038000000000003 -0.82999999999999996 0.5 0.22 0.29999999999999999 1 0.039929000000000006 0 0 0 0.049929000000000008 0 0 0 0.05992900000000001 0.12 0 0 0.01 1
1.4000000000000004 -0.91920000000000002 0.5 0.20000000000000001 0.29999999999999999 1 0.010298598400000001 0 0 0 0.020298598399999999 0 0 0 0.030298598399999998 0 -0.29999999999999999 0 0.00040000000000000002 1
1.6000000000000001 -0.48999999999999999 0.5 0.21000000000000002 0.29999999999999999 1 0.039790760000000008 0 0 0 0.049790760000000003 0 0 0 0.059790760000000005 0 0 0 0.01 1
-2 -0.31999999999999995 0.5 0.22 0.29999999999999999 1 0.039721760000000009 0 0 0 0.049721760000000004 0 0 0 0.059721760000000006 0 0 0 0.01 1
-1.8 -0.14999999999999991 0.5 0.20000000000000001 0.29999999999999999 1 0.010296528400000001 0 0 0 0.0202965284 0 0 0 0.030296528399999998 0 0 0 0.00040000000000000002 1
-1.6000000000000001 0.020000000000000018 0.5 0.21000000000000002 0.29999999999999999 1 0.039584000000000008 0 0 0 0.049584000000000003 0 0 0 0.059584000000000005 0 0 0 0.01 1
-1.3999999999999999 0.19000000000000017 0.5 0.22 0.29999999999999999 1 0.039515240000000007 0 0 0 0.049515240000000002 0 0 0 0.059515240000000004 0 0 0 0.00040000000000000002 1
-1.09704 0.3600000000000001 0.5 0.20000000000000001 0.29999999999999999 1 0.0102944656 0 0 0 0.020294465600000002 0 0 0 0.030294465600000001 0.12 0 0 0.00040000000000000002 1
-1 0.53000000000000003 0.5 0.21000000000000002 0.29999999999999999 1 0.039377960000000004 0 0 0 0.049377960000000005 0 0 0 0.059377960000000007 0 0 0 0.00040000000000000002 1
-0.79999999999999982 0.70000000000000018 0.5 0.22 0.29999999999999999 1 0.01 0 0 0 0.02 0 0 0 0.029999999999999999 0 0 0 0 1
-0.59999999999999987 0.61350000000000016 0.5 0.20000000000000001 0.29999999999999999 1 0.039241000000000005 0 0 0 0.049241000000000007 0 0 0 0.059241000000000002 0 -0.29999999999999999 0 0.01 1
-0.39999999999999991 1.04 0.5 0.21000000000000002 0.29999999999999999 1 0.039172640000000009 0 0 0 0.049172640000000004 0 0 0 0.059172640000000006 0 0 0 0.00040000000000000002 1
-0.19999999999999996 1.21 0.5 0.22 0.29999999999999999 1 0.039104360000000005 0 0 0 0.049104360000000007 0 0 0 0.059104360000000009 0 0 0 0.00040000000000000002 1
0 1.3800000000000003 0.5 0.20000000000000001 0.29999999999999999 1 0.010290361600000001 0 0 0 0.020290361600000001 0 0 0 0.030290361599999999 0 0 0 0.00040000000000000002 1
0.30212000000000017 1.5500000000000003 0.5 0.21000000000000002 0.29999999999999999 1 0.038968040000000009 0 0 0 0.048968040000000004 0 0 0 0.058968040000000006 0.12 0 0 0.01 1
0.40000000000000036 1.7200000000000002 0.5 0.22 0.29999999999999999 1 0.038900000000000004 0 0 0 0.048900000000000006 0 0 0 0.058900000000000008 0 0 0 0.01 1
0.60000000000000009 -1 0.5 0.20000000000000001 0.29999999999999999 1 0.0102883204 0 0 0 0.0202883204 0 0 0 0.030288320399999999 0 0 0 0.00040000000000000002 1
0.80000000000000027 -0.82999999999999996 0.5 0.21000000000000002 0.29999999999999999 1 0.038764160000000006 0 0 0 0.048764160000000008 0 0 0 0.05876416000000001 0 0 0 0.01 1
1 -0.65999999999999992 0.5 0.22 0.29999999999999999 1 0.038696360000000006 0 0 0 0.048696360000000008 0 0 0 0.058696360000000003 0 0 0 0.00040000000000000002 1
1.2000000000000002 -0.74380000000000002 0.5 0.20000000000000001 0.29999999999999999 1 0.010286286400000001 0 0 0 0.020286286399999999 0 0 0 0.030286286399999997 0 -0.29999999999999999 0 0.00040000000000000002 1
1.4000000000000004 -0.31999999999999995 0.5 0.21000000000000002 0.29999999999999999 1 0.01 0 0 0 0.02 0 0 0 0.029999999999999999 0 0 0 0 1
1.7012800000000001 -0.14999999999999991 0.5 0.22 0.29999999999999999 1 0.038493440000000011 0 0 0 0.048493440000000013 0 0 0 0.058493440000000008 0.12 0 0 0.01 1
-2 0.020000000000000018 0.5 0.20000000000000001 0.29999999999999999 1 0.0102842596 0 0 0 0.0202842596 0 0 0 0.030284259599999998 0 0 0 0.00040000000000000002 0
-1.8 0.19000000000000017 0.5 0.21000000000000002 0.29999999999999999 1 0.038358560000000007 0 0 0 0.048358560000000009 0 0 0 0.058358560000000004 0 0 0 0.00040000000000000002 1
-1.6000000000000001 0.3600000000000001 0.5 0.22 0.29999999999999999 1 0.038291240000000004 0 0 0 0.048291240000000006 0 0 0 0.058291240000000008 0 0 0 0.00040000000000000002 1
-1.3999999999999999 0.53000000000000003 0.5 0.20000000000000001 0.29999999999999999 1 0.038224000000000008 0 0 0 0.048224000000000003 0 0 0 0.058224000000000005 0 0 0 0.01 1
-1.2 0.70000000000000018 0.5 0.21000000000000002 0.29999999999999999 1 0.038156840000000004 0 0 0 0.048156840000000006 0 0 0 0.058156840000000001 0 0 0 0.01 1
-1 0.87000000000000011 0.5 0.22 0.29999999999999999 1 0.038089760000000007 0 0 0 0.048089760000000009 0 0 0 0.058089760000000004 0 0 0 0.01 1
-0.69955999999999985 0.78890000000000005 0.5 0.20000000000000001 0.29999999999999999 1 0.0102802276 0 0 0 0.020280227599999999 0 0 0 0.030280227599999997 0.12 -0.29999999999999999 0 0.00040000000000000002 1
-0.59999999999999987 1.21 0.5 0.21000000000000002 0.29999999999999999 1 0.037955840000000005 0 0 0 0.04795584 0 0 0 0.057955840000000002 0 0 0 0.01 1
-0.39999999999999991 1.3800000000000003 0.5 0.22 0.29999999999999999 1 0.037889000000000006 0 0 0 0.047889000000000001 0 0 0 0.057889000000000003 0 0 0 0.0030000000000000001 1
-0.19999999999999996 1.5500000000000003 0.5 0.20000000000000001 0.29999999999999999 1 0.01 0 0 0 0.02 0 0 0 0.029999999999999999 0 0 0 0 1
0 1.7200000000000002 0.5 0.21000000000000002 0.29999999999999999 1 0.037755560000000007 0 0 0 0.047755560000000002 0 0 0 0.057755560000000004 0 0 0 0.00040000000000000002 1
0.20000000000000018 -1 0.5 0.22 0.29999999999999999 1 0.037688960000000007 0 0 0 0.047688960000000009 0 0 0 0.057688960000000011 0 0 0 0.00040000000000000002 1
0.40000000000000036 -0.82999999999999996 0.5 0.20000000000000001 0.29999999999999999 1 0.010276224400000001 0 0 0 0.020276224400000001 0 0 0 0.030276224399999999 0 0 0 0.00040000000000000002 1
0.69960000000000011 -0.65999999999999992 0.5 0.21000000000000002 0.29999999999999999 1 0.037556000000000006 0 0 0 0.047556000000000001 0 0 0 0.057556000000000003 0.12 0 0 0.01 1
0.80000000000000027 -0.48999999999999999 0.5 0.22 0.29999999999999999 1 0.037489640000000005 0 0 0 0.047489640000000007 0 0 0 0.057489640000000009 0 0 0 0.00040000000000000002 1
1 -0.56840000000000002 0.5 0.20000000000000001 0.29999999999999999 1 0.0102742336 0 0 0 0.0202742336 0 0 0 0.030274233599999999 0 -0.29999999999999999 0 0.00040000000000000002 1
1.2000000000000002 -0.14999999999999991 0.5 0.21000000000000002 0.29999999999999999 1 0.037357160000000007 0 0 0 0.047357160000000009 0 0 0 0.057357160000000004 0 0 0 0.01 1
1.4000000000000004 0.020000000000000018 0.5 0.22 0.29999999999999999 1 0.037291040000000004 0 0 0 0.047291040000000006 0 0 0 0.057291040000000001 0 0 0 0.01 1
1.6000000000000001 0.19000000000000017 0.5 0.20000000000000001 0.29999999999999999 1 0.037225000000000008 0 0 0 0.047225000000000003 0 0 0 0.057225000000000005 0 0 0 0.01 1
-2 0.3600000000000001 0.5 0.21000000000000002 0.29999999999999999 1 0.037159040000000004 0 0 0 0.047159040000000006 0 0 0 0.057159040000000008 0 0 0 0.01 1
-1.8 0.53000000000000003 0.5 0.22 0.29999999999999999 1 0.01 0 0 0 0.02 0 0 0 0.029999999999999999 0.12 0 0 0 1
-1.6000000000000001 0.70000000000000018 0.5 0.20000000000000001 0.29999999999999999 1 0.010270273600000001 0 0 0 0.020270273599999999 0 0 0 0.030270273599999998 0 0 0 0.00040000000000000002 1
-1.3999999999999999 0.87000000000000011 0.5 0.21000000000000002 0.29999999999999999 1 0.036961640000000004 0 0 0 0.046961640000000006 0 0 0 0.056961640000000008 0 0 0 0.00040000000000000002 1
-1.2 1.04 0.5 0.22 0.29999999999999999 1 0.036896000000000005 0 0 0 0.046896000000000007 0 0 0 0.056896000000000002 0 0 0 0.0030000000000000001 1
-1 0.96429999999999993 0.5 0.20000000000000001 0.29999999999999999 1 0.010268304400000001 0 0 0 0.020268304399999999 0 0 0 0.030268304399999998 0 -0.29999999999999999 0 0.00040000000000000002 1
-0.79999999999999982 1.3800000000000003 0.5 0.21000000000000002 0.29999999999999999 1 0.036764960000000006 0 0 0 0.046764960000000008 0 0 0 0.056764960000000003 0 0 0 0.00040000000000000002 1
-0.59999999999999987 1.5500000000000003 0.5 0.22 0.29999999999999999 1 0.036699560000000006 0 0 0 0.046699560000000001 0 0 0 0.056699560000000003 0 0 0 0.00040000000000000002 1
-0.3020799999999999 1.7200000000000002 0.5 0.20000000000000001 0.29999999999999999 1 0.0102663424 0 0 0 0.020266342400000002 0 0 0 0.0302663424 0.12 0 0 0.00040000000000000002 1
-0.19999999999999996 -1 0.5 0.21000000000000002 0.29999999999999999 1 0.036569000000000004 0 0 0 0.046568999999999999 0 0 0 0.056569000000000001 0 0 0 0.01 1
0 -0.82999999999999996 0.5 0.22 0.29999999999999999 1 0.036503840000000003 0 0 0 0.046503840000000005 0 0 0 0.05650384 0 0 0 0.01 1
0.20000000000000018 -0.65999999999999992 0.5 0.20000000000000001 0.29999999999999999 1 0.010264387600000001 0 0 0 0.020264387599999999 0 0 0 0.030264387599999998 0 0 0 0.00040000000000000002 1
0.40000000000000036 -0.48999999999999999 0.5 0.21000000000000002 0.29999999999999999 1 0.01 0 0 0 0.02 0 0 0 0.029999999999999999 0 0 0 0 1
0.60000000000000009 -0.31999999999999995 0.5 0.22 0.29999999999999999 1 0.036308840000000002 0 0 0 0.046308840000000004 0 0 0 0.056308839999999999 0 0 0 0.00040000000000000002 1
0.80000000000000027 -0.3929999999999999 0.5 0.20000000000000001 0.29999999999999999 1 0.036244000000000005 0 0 0 0.046244000000000007 0 0 0 0.056244000000000002 0 -0.29999999999999999 0 0.01 1
1.0970800000000001 0.020000000000000018 0.5 0.21000000000000002 0.29999999999999999 1 0.036179240000000001 0 0 0 0.046179240000000003 0 0 0 0.056179240000000005 0.12 0 0 0.01 1
1.2000000000000002 0.19000000000000017 0.5 0.22 0.29999999999999999 1 0.036114560000000004 0 0 0 0.046114560000000006 0 0 0 0.056114560000000008 0 0 0 0.00040000000000000002 1
1.4000000000000004 0.3600000000000001 0.5 0.20000000000000001 0.29999999999999999 1 0.0102604996 0 0 0 0.020260499599999999 0 0 0 0.030260499599999997 0 0 0 0.00040000000000000002 1
1.6000000000000001 0.53000000000000003 0.5 0.21000000000000002 0.29999999999999999 1 0.035985440000000007 0 0 0 0.045985440000000002 0 0 0 0.055985440000000004 0 0 0 0.00040000000000000002 1
-2 0.70000000000000018 0.5 0.22 0.29999999999999999 1 0.035921000000000002 0 0 0 0.045921000000000003 0 0 0 0.055920999999999998 0 0 0 0.0030000000000000001 1
-1.8 0.87000000000000011 0.5 0.20000000000000001 0.29999999999999999 1 0.0102585664 0 0 0 0.020258566400000001 0 0 0 0.030258566399999999 0 0 0 0.00040000000000000002 0
-1.6000000000000001 1.04 0.5 0.21000000000000002 0.29999999999999999 1 0.035792360000000002 0 0 0 0.045792360000000004 0 0 0 0.055792359999999999 0 0 0 0.01 1
-1.3037599999999998 1.21 0.5 0.22 0.29999999999999999 1 0.035728160000000002 0 0 0 0.045728160000000004 0 0 0 0.055728159999999999 0.12 0 0 0.01 1
-1.2 1.3800000000000003 0.5 0.20000000000000001 0.29999999999999999 1 0.01 0 0 0 0.02 0 0 0 0.029999999999999999 0 -0.29999999999999999 0 0 1
-1 1.5500000000000003 0.5 0.21000000000000002 0.29999999999999999 1 0.035600000000000007 0 0 0 0.045600000000000002 0 0 0 0.055600000000000004 0 0 0 0.01 1
-0.79999999999999982 1.7200000000000002 0.5 0.22 0.29999999999999999 1 0.035536040000000005 0 0 0 0.045536040000000007 0 0 0 0.055536040000000009 0 0 0 0.00040000000000000002 1
-0.59999999999999987 -1 0.5 0.20000000000000001 0.29999999999999999 1 0.010254721600000001 0 0 0 0.020254721600000001 0 0 0 0.030254721599999999 0 0 0 0.00040000000000000002 1
-0.39999999999999991 -0.82999999999999996 0.5 0.21000000000000002 0.29999999999999999 1 0.03540836 0 0 0 0.045408360000000002 0 0 0 0.055408360000000004 0 0 0 0.00040000000000000002 1
-0.19999999999999996 -0.65999999999999992 0.5 0.22 0.29999999999999999 1 0.035344640000000004 0 0 0 0.045344640000000005 0 0 0 0.055344640000000001 0 0 0 0.00040000000000000002 1
0.095399999999999999 -0.48999999999999999 0.5 0.20000000000000001 0.29999999999999999 1 0.035281 0 0 0 0.045281000000000002 0 0 0 0.055280999999999997 0.12 0 0 0.01 1
0.20000000000000018 -0.31999999999999995 0.5 0.21000000000000002 0.29999999999999999 1 0.035217440000000003 0 0 0 0.045217440000000005 0 0 0 0.055217440000000007 0 0 0 0.00040000000000000002 1
0.40000000000000036 -0.14999999999999991 0.5 0.22 0.29999999999999999 1 0.035153960000000005 0 0 0 0.045153960000000007 0 0 0 0.055153960000000002 0 0 0 0.00040000000000000002 1
0.60000000000000009 -0.21759999999999999 0.5 0.20000000000000001 0.29999999999999999 1 0.0102509056 0 0 0 0.020250905600000001 0 0 0 0.030250905599999999 0 -0.29999999999999999 0 0.00040000000000000002 1
0.80000000000000027 0.19000000000000017 0.5 0.21000000000000002 0.29999999999999999 1 0.035027240000000001 0 0 0 0.045027240000000003 0 0 0 0.055027240000000005 0 0 0 0.01 1
1 0.3600000000000001 0.5 0.22 0.29999999999999999 1 0.01 0 0 0 0.02 0 0 0 0.029999999999999999 0 0 0 0 1
1.2000000000000002 0.53000000000000003 0.5 0.20000000000000001 0.29999999999999999 1 0.010249008400000001 0 0 0 0.020249008400000001 0 0 0 0.030249008399999999 0 0 0 0.00040000000000000002 1
1.4945600000000003 0.70000000000000018 0.5 0.21000000000000002 0.29999999999999999 1 0.034837760000000002 0 0 0 0.044837760000000004 0 0 0 0.054837759999999999 0.12 0 0 0.01 1
1.6000000000000001 0.87000000000000011 0.5 0.22 0.29999999999999999 1 0.034774760000000002 0 0 0 0.044774760000000004 0 0 0 0.054774760000000006 0 0 0 0.00040000000000000002 1
-2 1.04 0.5 0.20000000000000001 0.29999999999999999 1 0.0102471184 0 0 0 0.0202471184 0 0 0 0.030247118399999998 0 0 0 0.00040000000000000002 0
-1.8 1.21 0.5 0.21000000000000002 0.29999999999999999 1 0.034648999999999999 0 0 0 0.044649000000000001 0 0 0 0.054649000000000003 0 0 0 0.0030000000000000001 0
-1.6000000000000001 1.3800000000000003 0.5 0.22 0.29999999999999999 1 0.034586240000000004 0 0 0 0.044586240000000006 0 0 0 0.054586240000000008 0 0 0 0.00040000000000000002 0
-1.3999999999999999 1.3151000000000002 0.5 0.20000000000000001 0.29999999999999999 1 0.010245235599999999 0 0 0 0.020245235600000001 0 0 0 0.0302452356 0 -0.29999999999999999 0 0.00040000000000000002 1
-1.2 1.7200000000000002 0.5 0.21000000000000002 0.29999999999999999 1 0.034460960000000006 0 0 0 0.044460960000000008 0 0 0 0.054460960000000003 0 0 0 0.00040000000000000002 0
-0.90627999999999997 -1 0.5 0.22 0.29999999999999999 1 0.034398440000000002 0 0 0 0.044398440000000004 0 0 0 0.054398440000000006 0.12 0 0 0.01 1
-0.79999999999999982 -0.82999999999999996 0.5 0.20000000000000001 0.29999999999999999 1 0.034336000000000005 0 0 0 0.044336 0 0 0 0.054336000000000002 0 0 0 0.01 1
-0.59999999999999987 -0.65999999999999992 0.5 0.21000000000000002 0.29999999999999999 1 0.01 0 0 0 0.02 0 0 0 0.029999999999999999 0 0 0 0 1
-0.39999999999999991 -0.48999999999999999 0.5 0.22 0.29999999999999999 1 0.034211360000000003 0 0 0 0.044211360000000005 0 0 0 0.05421136 0 0 0 0.01 1
-0.19999999999999996 -0.31999999999999995 0.5 0.20000000000000001 0.29999999999999999 1 0.010241491599999999 0 0 0 0.020241491600000001 0 0 0 0.0302414916 0 0 0 0.00040000000000000002 1
0 -0.14999999999999991 0.5 0.21000000000000002 0.29999999999999999 1 0.034087040000000006 0 0 0 0.044087040000000008 0 0 0 0.054087040000000003 0 0 0 0.01 1
0.20000000000000018 0.020000000000000018 0.5 0.22 0.29999999999999999 1 0.034025000000000007 0 0 0 0.044025000000000009 0 0 0 0.054025000000000004 0 0 0 0.0030000000000000001 1
0.49288000000000037 -0.042199999999999821 0.5 0.20000000000000001 0.29999999999999999 1 0.0102396304 0 0 0 0.0202396304 0 0 0 0.030239630399999998 0.12 -0.29999999999999999 0 0.00040000000000000002 1
0.60000000000000009 0.3600000000000001 0.5 0.21000000000000002 0.29999999999999999 1 0.03390116 0 0 0 0.043901160000000002 0 0 0 0.053901160000000004 0 0 0 0.00040000000000000002 1
0.80000000000000027 0.53000000000000003 0.5 0.22 0.29999999999999999 1 0.033839360000000006 0 0 0 0.043839360000000008 0 0 0 0.053839360000000003 0 0 0 0.00040000000000000002 1
1 0.70000000000000018 0.5 0.20000000000000001 0.29999999999999999 1 0.010237776400000001 0 0 0 0.020237776400000001 0 0 0 0.030237776399999999 0 0 0 0.00040000000000000002 1
1.2000000000000002 0.87000000000000011 0.5 0.21000000000000002 0.29999999999999999 1 0.033716000000000003 0 0 0 0.043716000000000005 0 0 0 0.053716 0 0 0 0.0030000000000000001 1
1.4000000000000004 1.04 0.5 0.22 0.29999999999999999 1 0.033654440000000001 0 0 0 0.043654440000000003 0 0 0 0.053654439999999998 0 0 0 0.00040000000000000002 1
1.6000000000000001 1.21 0.5 0.20000000000000001 0.29999999999999999 1 0.01 0 0 0 0.02 0 0 0 0.029999999999999999 0 0 0 0 1
-1.9079600000000001 1.3800000000000003 0.5 0.21000000000000002 0.29999999999999999 1 0.033531560000000002 0 0 0 0.043531560000000004 0 0 0 0.053531560000000006 0.12 0 0 0.01 1
-1.8 1.5500000000000003 0.5 0.22 0.29999999999999999 1 0.033470240000000005 0 0 0 0.043470240000000007 0 0 0 0.053470240000000002 0 0 0 0.01 0
-1.6000000000000001 1.4905000000000002 0.5 0.20000000000000001 0.29999999999999999 1 0.033409000000000001 0 0 0 0.043409000000000003 0 0 0 0.053408999999999998 0 -0.29999999999999999 0 0.01 1
-1.3999999999999999 -1 0.5 0.21000000000000002 0.29999999999999999 1 0.033347840000000004 0 0 0 0.043347839999999999 0 0 0 0.053347840000000001 0 0 0 0.01 1
-1.2 -0.82999999999999996 0.5 0.22 0.29999999999999999 1 0.033286760000000006 0 0 0 0.043286760000000007 0 0 0 0.053286760000000002 0 0 0 0.00040000000000000002 1
-1 -0.65999999999999992 0.5 0.20000000000000001 0.29999999999999999 1 0.010232257600000001 0 0 0 0.020232257600000001 0 0 0 0.0302322576 0 0 0 0.00040000000000000002 1
-0.79999999999999982 -0.48999999999999999 0.5 0.21000000000000002 0.29999999999999999 1 0.033164840000000001 0 0 0 0.043164839999999996 0 0 0 0.053164839999999998 0 0 0 0.00040000000000000002 1
-0.50879999999999992 -0.31999999999999995 0.5 0.22 0.29999999999999999 1 0.033104000000000001 0 0 0 0.043104000000000003 0 0 0 0.053103999999999998 0.12 0 0 0.01 1
-0.39999999999999991 -0.14999999999999991 0.5 0.20000000000000001 0.29999999999999999 1 0.0102304324 0 0 0 0.020230432400000001 0 0 0 0.0302304324 0 0 0 0.00040000000000000002 1
-0.19999999999999996 0.020000000000000018 0.5 0.21000000000000002 0.29999999999999999 1 0.032982560000000001 0 0 0 0.042982560000000003 0 0 0 0.052982559999999998 0 0 0 0.00040000000000000002 1
0 0.19000000000000017 0.5 0.22 0.29999999999999999 1 0.01 0 0 0 0.02 0 0 0 0.029999999999999999 0 0 0 0 1
0.20000000000000018 0.1332000000000001 0.5 0.20000000000000001 0.29999999999999999 1 0.010228614400000001 0 0 0 0.020228614400000001 0 0 0 0.030228614399999999 0 -0.29999999999999999 0 0.00040000000000000002 1
0.40000000000000036 0.53000000000000003 0.5 0.21000000000000002 0.29999999999999999 1 0.032801000000000004 0 0 0 0.042801000000000006 0 0 0 0.052801000000000001 0 0 0 0.01 1
0.60000000000000009 0.70000000000000018 0.5 0.22 0.29999999999999999 1 0.032740640000000001 0 0 0 0.042740640000000003 0 0 0 0.052740640000000005 0 0 0 0.01 1
0.89036000000000026 0.87000000000000011 0.5 0.20000000000000001 0.29999999999999999 1 0.010226803600000001 0 0 0 0.020226803599999999 0 0 0 0.030226803599999998 0.12 0 0 0.00040000000000000002 1
1 1.04 0.5 0.21000000000000002 0.29999999999999999 1 0.032620160000000002 0 0 0 0.042620160000000004 0 0 0 0.052620159999999999 0 0 0 0.01 1
1.2000000000000002 1.21 0.5 0.22 0.29999999999999999 1 0.032560039999999998 0 0 0 0.04256004 0 0 0 0.052560040000000002 0 0 0 0.00040000000000000002 1
1.4000000000000004 1.3800000000000003 0.5 0.20000000000000001 0.29999999999999999 1 0.032500000000000001 0 0 0 0.042499999999999996 0 0 0 0.052499999999999998 0 0 0 0.0030000000000000001 1
1.6000000000000001 1.5500000000000003 0.5 0.21000000000000002 0.29999999999999999 1 0.032440039999999996 0 0 0 0.042440039999999998 0 0 0 0.052440039999999993 0 0 0 0.00040000000000000002 0
-2 1.7200000000000002 0.5 0.22 0.29999999999999999 1 0.032380159999999998 0 0 0 0.04238016 0 0 0 0.052380159999999995 0 0 0 0.00040000000000000002 0
-1.8 -1.2241 0.5 0.20000000000000001 0.29999999999999999 1 0.010223203599999999 0 0 0 0.0202232036 0 0 0 0.030223203599999998 0 -0.29999999999999999 0 0.00040000000000000002 1
-1.6000000000000001 -0.82999999999999996 0.5 0.21000000000000002 0.29999999999999999 1 0.01 0 0 0 0.02 0 0 0 0.029999999999999999 0.12 0 0 0 1
-1.3999999999999999 -0.65999999999999992 0.5 0.22 0.29999999999999999 1 0.032201 0 0 0 0.042201000000000002 0 0 0 0.052200999999999997 0 0 0 0.0030000000000000001 1
-1.2 -0.48999999999999999 0.5 0.20000000000000001 0.29999999999999999 1 0.0102214144 0 0 0 0.020221414400000002 0 0 0 0.0302214144 0 0 0 0.00040000000000000002 1
-1 -0.31999999999999995 0.5 0.21000000000000002 0.29999999999999999 1 0.03208196 0 0 0 0.042081960000000002 0 0 0 0.052081959999999997 0 0 0 0.01 1
-0.79999999999999982 -0.14999999999999991 0.5 0.22 0.29999999999999999 1 0.032022559999999999 0 0 0 0.04202256 0 0 0 0.052022559999999995 0 0 0 0.01 1
-0.59999999999999987 0.020000000000000018 0.5 0.20000000000000001 0.29999999999999999 1 0.010219632399999999 0 0 0 0.0202196324 0 0 0 0.030219632399999998 0 0 0 0.00040000000000000002 1
-0.39999999999999991 0.19000000000000017 0.5 0.21000000000000002 0.29999999999999999 1 0.031904000000000002 0 0 0 0.041903999999999997 0 0 0 0.051903999999999999 0 0 0 0.01 1
-0.11131999999999995 0.3600000000000001 0.5 0.22 0.29999999999999999 1 0.031844840000000006 0 0 0 0.041844840000000008 0 0 0 0.051844840000000003 0.12 0 0 0.01 1
0 0.30859999999999999 0.5 0.20000000000000001 0.29999999999999999 1 0.0102178576 0 0 0 0.0202178576 0 0 0 0.030217857599999998 0 -0.29999999999999999 0 0.00040000000000000002 1
0.20000000000000018 0.70000000000000018 0.5 0.21000000000000002 0.29999999999999999 1 0.031726760000000007 0 0 0 0.041726760000000002 0 0 0 0.051726760000000004 0 0 0 0.00040000000000000002 1
0.40000000000000036 0.87000000000000011 0.5 0.22 0.29999999999999999 1 0.03166784000000001 0 0 0 0.041667840000000012 0 0 0 0.051667840000000007 0 0 0 0.00040000000000000002 1
0.60000000000000009 1.04 0.5 0.20000000000000001 0.29999999999999999 1 0.01 0 0 0 0.02 0 0 0 0.029999999999999999 0 0 0 0 1
0.80000000000000027 1.21 0.5 0.21000000000000002 0.29999999999999999 1 0.031550240000000007 0 0 0 0.041550240000000002 0 0 0 0.051550240000000004 0 0 0 0.00040000000000000002 1
1 1.3800000000000003 0.5 0.22 0.29999999999999999 1 0.031491560000000009 0 0 0 0.041491560000000011 0 0 0 0.051491560000000006 0 0 0 0.00040000000000000002 1
1.2878400000000001 1.5500000000000003 0.5 0.20000000000000001 0.29999999999999999 1 0.0102143296 0 0 0 0.020214329600000001 0 0 0 0.030214329599999999 0.12 0 0 0.00040000000000000002 1
1.4000000000000004 1.7200000000000002 0.5 0.21000000000000002 0.29999999999999999 1 0.031374440000000003 0 0 0 0.041374440000000005 0 0 0 0.051374440000000007 0 0 0 0.01 1
1.6000000000000001 -1 0.5 0.22 0.29999999999999999 1 0.031316000000000004 0 0 0 0.041316000000000005 0 0 0 0.051316000000000001 0 0 0 0.01 1
-2 -1.0487 0.5 0.20000000000000001 0.29999999999999999 1 0.010212576400000001 0 0 0 0.020212576400000001 0 0 0 0.0302125764 0 -0.29999999999999999 0 0.00040000000000000002 1
-1.8 -0.65999999999999992 0.5 0.21000000000000002 0.29999999999999999 1 0.031199360000000002 0 0 0 0.041199360000000004 0 0 0 0.051199359999999999 0 0 0 0.01 1
-1.6000000000000001 -0.48999999999999999 0.5 0.22 0.29999999999999999 1 0.031141160000000008 0 0 0 0.04114116000000001 0 0 0 0.051141160000000005 0 0 0 0.00040000000000000002 1
-1.3999999999999999 -0.31999999999999995 0.5 0.20000000000000001 0.29999999999999999 1 0.010210830400000001 0 0 0 0.020210830400000001 0 0 0 0.030210830399999999 0 0 0 0.00040000000000000002 1
-1.113 -0.14999999999999991 0.5 0.21000000000000002 0.29999999999999999 1 0.031025000000000004 0 0 0 0.041025000000000006 0 0 0 0.051025000000000001 0.12 0 0 0.01 1
-1 0.020000000000000018 0.5 0.22 0.29999999999999999 1 0.01 0 0 0 0.02 0 0 0 0.029999999999999999 0 0 0 0 1
-0.79999999999999982 0.19000000000000017 0.5 0.20000000000000001 0.29999999999999999 1 0.010209091600000001 0 0 0 0.0202090916 0 0 0 0.030209091599999998 0 0 0 0.00040000000000000002 1
-0.59999999999999987 0.3600000000000001 0.5 0.21000000000000002 0.29999999999999999 1 0.030851360000000001 0 0 0 0.040851360000000003 0 0 0 0.050851359999999998 0 0 0 0.00040000000000000002 1
-0.39999999999999991 0.53000000000000003 0.5 0.22 0.29999999999999999 1 0.030793640000000004 0 0 0 0.040793640000000006 0 0 0 0.050793640000000001 0 0 0 0.00040000000000000002 1
-0.19999999999999996 0.48400000000000015 0.5 0.20000000000000001 0.29999999999999999 1 0.030736000000000006 0 0 0 0.040736000000000008 0 0 0 0.050736000000000003 0 -0.29999999999999999 0 0.01 1
0 0.87000000000000011 0.5 0.21000000000000002 0.29999999999999999 1 0.030678440000000008 0 0 0 0.04067844000000001 0 0 0 0.050678440000000005 0 0 0 0.01 1
0.28616000000000019 1.04 0.5 0.22 0.29999999999999999 1 0.030620960000000003 0 0 0 0.040620960000000005 0 0 0 0.050620960000000007 0.12 0 0 0.01 1
0.40000000000000036 1.21 0.5 0.20000000000000001 0.29999999999999999 1 0.0102056356 0 0 0 0.020205635600000001 0 0 0 0.030205635599999999 0 0 0 0.00040000000000000002 1
0.60000000000000009 1.3800000000000003 0.5 0.21000000000000002 0.29999999999999999 1 0.030506240000000004 0 0 0 0.040506240000000006 0 0 0 0.050506240000000008 0 0 0 0.01 1
0.80000000000000027 1.5500000000000003 0.5 0.22 0.29999999999999999 1 0.030449000000000004 0 0 0 0.040449000000000006 0 0 0 0.050449000000000008 0 0 0 0.0030000000000000001 1
1 1.7200000000000002 0.5 0.20000000000000001 0.29999999999999999 1 0.010203918399999999 0 0 0 0.0202039184 0 0 0 0.030203918399999998 0 0 0 0.00040000000000000002 0
1.2000000000000002 -1 0.5 0.21000000000000002 0.29999999999999999 1 0.01 0 0 0 0.02 0 0 0 0.029999999999999999 0 0 0 0 1
1.4000000000000004 -0.82999999999999996 0.5 0.22 0.29999999999999999 1 0.030277760000000001 0 0 0 0.040277760000000003 0 0 0 0.050277760000000005 0 0 0 0.00040000000000000002 1
1.6853200000000002 -0.87329999999999997 0.5 0.20000000000000001 0.29999999999999999 1 0.010202208400000001 0 0 0 0.020202208400000001 0 0 0 0.0302022084 0.12 -0.29999999999999999 0 0.00040000000000000002 1
-2 -0.48999999999999999 0.5 0.21000000000000002 0.29999999999999999 1 0.030164000000000003 0 0 0 0.040164000000000005 0 0 0 0.050164 0 0 0 0.0030000000000000001 1
-1.8 -0.31999999999999995 0.5 0.22 0.29999999999999999 1 0.030107240000000007 0 0 0 0.040107240000000002 0 0 0 0.050107240000000004 0 0 0 0.00040000000000000002 1
-1.6000000000000001 -0.14999999999999991 0.5 0.20000000000000001 0.29999999999999999 1 0.0102005056 0 0 0 0.020200505600000002 0 0 0 0.0302005056 0 0 0 0.00040000000000000002 1
-1.3999999999999999 0.020000000000000018 0.5 0.21000000000000002 0.29999999999999999 1 0.029993960000000007 0 0 0 0.039993960000000009 0 0 0 0.049993960000000004 0 0 0 0.01 1
-1.2 0.19000000000000017 0.5 0.22 0.29999999999999999 1 0.029937440000000003 0 0 0 0.039937440000000005 0 0 0 0.04993744 0 0 0 0.01 1
-1 0.3600000000000001 0.5 0.20000000000000001 0.29999999999999999 1 0.029881000000000005 0 0 0 0.039881000000000007 0 0 0 0.049881000000000009 0 0 0 0.01 1
-0.71551999999999982 0.53000000000000003 0.5 0.21000000000000002 0.29999999999999999 1 0.029824640000000006 0 0 0 0.039824640000000008 0 0 0 0.049824640000000003 0.12 0 0 0.01 1
-0.59999999999999987 0.70000000000000018 0.5 0.22 0.29999999999999999 1 0.029768360000000008 0 0 0 0.039768360000000003 0 0 0 0.049768360000000005 0 0 0 0.00040000000000000002 1
-0.39999999999999991 0.87000000000000011 0.5 0.20000000000000001 0.29999999999999999 1 0.01 0 0 0 0.02 0 0 0 0.029999999999999999 0 -0.29999999999999999 0 0 1
-0.19999999999999996 1.04 0.5 0.21000000000000002 0.29999999999999999 1 0.029656040000000002 0 0 0 0.039656040000000004 0 0 0 0.049656039999999999 0 0 0 0.00040000000000000002 1
0 1.21 0.5 0.22 0.29999999999999999 1 0.029600000000000001 0 0 0 0.039600000000000003 0 0 0 0.049600000000000005 0 0 0 0.0030000000000000001 1
0.20000000000000018 1.3800000000000003 0.5 0.20000000000000001 0.29999999999999999 1 0.0101954404 0 0 0 0.0201954404 0 0 0 0.030195440399999999 0 0 0 0.00040000000000000002 1
0.40000000000000036 1.5500000000000003 0.5 0.21000000000000002 0.29999999999999999 1 0.029488160000000006 0 0 0 0.039488160000000008 0 0 0 0.049488160000000003 0 0 0 0.00040000000000000002 1
0.68364000000000014 1.7200000000000002 0.5 0.22 0.29999999999999999 1 0.029432360000000005 0 0 0 0.039432360000000007 0 0 0 0.049432360000000009 0.12 0 0 0.01 1
0.80000000000000027 -1 0.5 0.20000000000000001 0.29999999999999999 1 0.0101937664 0 0 0 0.0201937664 0 0 0 0.030193766399999999 0 0 0 0.00040000000000000002 1
1 -0.82999999999999996 0.5 0.21000000000000002 0.29999999999999999 1 0.029321000000000007 0 0 0 0.039321000000000009 0 0 0 0.049321000000000004 0 0 0 0.01 1
1.2000000000000002 -0.65999999999999992 0.5 0.22 0.29999999999999999 1 0.029265440000000004 0 0 0 0.039265439999999999 0 0 0 0.049265440000000001 0 0 0 0.01 1
1.4000000000000004 -0.69789999999999996 0.5 0.20000000000000001 0.29999999999999999 1 0.010192099600000001 0 0 0 0.020192099599999999 0 0 0 0.030192099599999998 0 -0.29999999999999999 0 0.00040000000000000002 1
1.6000000000000001 -0.31999999999999995 0.5 0.21000000000000002 0.29999999999999999 1 0.029154560000000003 0 0 0 0.039154560000000005 0 0 0 0.04915456 0 0 0 0.01 1
-2 -0.14999999999999991 0.5 0.22 0.29999999999999999 1 0.01 0 0 0 0.02 0 0 0 0.029999999999999999 0 0 0 0 0
-1.7172000000000001 0.020000000000000018 0.5 0.20000000000000001 0.29999999999999999 1 0.029044 0 0 0 0.039044000000000002 0 0 0 0.049044000000000004 0.12 0 0 0.01 1
-1.6000000000000001 0.19000000000000017 0.5 0.21000000000000002 0.29999999999999999 1 0.028988840000000002 0 0 0 0.038988840000000004 0 0 0 0.048988840000000006 0 0 0 0.00040000000000000002 1
-1.3999999999999999 0.3600000000000001 0.5 0.22 0.29999999999999999 1 0.028933760000000003 0 0 0 0.038933760000000005 0 0 0 0.048933760000000007 0 0 0 0.00040000000000000002 1
-1.2 0.53000000000000003 0.5 0.20000000000000001 0.29999999999999999 1 0.010188787600000001 0 0 0 0.020188787600000001 0 0 0 0.030188787599999999 0 0 0 0.00040000000000000002 1
-1 0.70000000000000018 0.5 0.21000000000000002 0.29999999999999999 1 0.028823840000000003 0 0 0 0.038823840000000005 0 0 0 0.048823840000000007 0 0 0 0.00040000000000000002 1
-0.79999999999999982 0.87000000000000011 0.5 0.22 0.29999999999999999 1 0.028769000000000003 0 0 0 0.038769000000000005 0 0 0 0.048769000000000007 0 0 0 0.0030000000000000001 1
-0.59999999999999987 0.83479999999999999 0.5 0.20000000000000001 0.29999999999999999 1 0.0101871424 0 0 0 0.0201871424 0 0 0 0.030187142399999999 0 -0.29999999999999999 0 0.00040000000000000002 1
-0.31803999999999988 1.21 0.5 0.21000000000000002 0.29999999999999999 1 0.028659560000000008 0 0 0 0.038659560000000009 0 0 0 0.048659560000000004 0.12 0 0 0.01 1
-0.19999999999999996 1.3800000000000003 0.5 0.22 0.29999999999999999 1 0.028604960000000006 0 0 0 0.038604960000000008 0 0 0 0.048604960000000003 0 0 0 0.01 1
0 1.5500000000000003 0.5 0.20000000000000001 0.29999999999999999 1 0.0101855044 0 0 0 0.020185504400000002 0 0 0 0.0301855044 0 0 0 0.00040000000000000002 1
0.20000000000000018 1.7200000000000002 0.5 0.21000000000000002 0.29999999999999999 1 0.01 0 0 0 0.02 0 0 0 0.029999999999999999 0 0 0 0 1
0.40000000000000036 -1 0.5 0.22 0.29999999999999999 1 0.028441640000000004 0 0 0 0.038441640000000006 0 0 0 0.048441640000000008 0 0 0 0.00040000000000000002 1
0.60000000000000009 -0.82999999999999996 0.5 0.20000000000000001 0.29999999999999999 1 0.010183873600000001 0 0 0 0.020183873599999999 0 0 0 0.030183873599999998 0 0 0 0.00040000000000000002 1
0.80000000000000027 -0.65999999999999992 0.5 0.21000000000000002 0.29999999999999999 1 0.028333160000000003 0 0 0 0.038333160000000005 0 0 0 0.04833316 0 0 0 0.00040000000000000002 1
1.0811200000000001 -0.48999999999999999 0.5 0.22 0.29999999999999999 1 0.028279040000000005 0 0 0 0.03827904 0 0 0 0.048279040000000002 0.12 0 0 0.01 1
1.2000000000000002 -0.52249999999999996 0.5 0.20000000000000001 0.29999999999999999 1 0.028225 0 0 0 0.038225000000000002 0 0 0 0.048225000000000004 0 -0.29999999999999999 0 0.01 1
1.4000000000000004 -0.14999999999999991 0.5 0.21000000000000002 0.29999999999999999 1 0.028171040000000001 0 0 0 0.038171040000000003 0 0 0 0.048171039999999998 0 0 0 0.00040000000000000002 1
1.6000000000000001 0.020000000000000018 0.5 0.22 0.29999999999999999 1 0.028117160000000002 0 0 0 0.038117160000000004 0 0 0 0.048117160000000006 0 0 0 0.00040000000000000002 1
-2 0.19000000000000017 0.5 0.20000000000000001 0.29999999999999999 1 0.010180633600000001 0 0 0 0.020180633600000001 0 0 0 0.030180633599999999 0 0 0 0.00040000000000000002 0
-1.8 0.3600000000000001 0.5 0.21000000000000002 0.29999999999999999 1 0.028009640000000002 0 0 0 0.038009640000000004 0 0 0 0.048009640000000006 0 0 0 0.01 1
-1.6000000000000001 0.53000000000000003 0.5 0.22 0.29999999999999999 1 0.027956000000000002 0 0 0 0.037956000000000004 0 0 0 0.047955999999999999 0 0 0 0.01 1
-1.3999999999999999 0.70000000000000018 0.5 0.20000000000000001 0.29999999999999999 1 0.01 0 0 0 0.02 0 0 0 0.029999999999999999 0.12 0 0 0 1
-1.2 0.87000000000000011 0.5 0.21000000000000002 0.29999999999999999 1 0.027848960000000006 0 0 0 0.037848960000000001 0 0 0 0.047848960000000003 0 0 0 0.01 1
-1 1.04 0.5 0.22 0.29999999999999999 1 0.027795560000000004 0 0 0 0.037795560000000006 0 0 0 0.047795560000000001 0 0 0 0.00040000000000000002 1
-0.79999999999999982 1.0102 0.5 0.20000000000000001 0.29999999999999999 1 0.0101774224 0 0 0 0.020177422399999999 0 0 0 0.030177422399999997 0 -0.29999999999999999 0 0.00040000000000000002 1
-0.59999999999999987 1.3800000000000003 0.5 0.21000000000000002 0.29999999999999999 1 0.027689000000000005 0 0 0 0.037689 0 0 0 0.047689000000000002 0 0 0 0.0030000000000000001 1
-0.39999999999999991 1.5500000000000003 0.5 0.22 0.29999999999999999 1 0.027635840000000002 0 0 0 0.037635840000000004 0 0 0 0.047635839999999999 0 0 0 0.00040000000000000002 1
-0.19999999999999996 1.7200000000000002 0.5 0.20000000000000001 0.29999999999999999 1 0.010175827599999999 0 0 0 0.020175827600000001 0 0 0 0.0301758276 0 0 0 0.00040000000000000002 1
0.079439999999999997 -1 0.5 0.21000000000000002 0.29999999999999999 1 0.02752976 0 0 0 0.037529760000000002 0 0 0 0.047529760000000004 0.12 0 0 0.01 1
0.20000000000000018 -0.82999999999999996 0.5 0.22 0.29999999999999999 1 0.027476840000000002 0 0 0 0.037476840000000004 0 0 0 0.047476840000000006 0 0 0 0.00040000000000000002 1
0.40000000000000036 -0.65999999999999992 0.5 0.20000000000000001 0.29999999999999999 1 0.027424000000000004 0 0 0 0.037423999999999999 0 0 0 0.047424000000000001 0 0 0 0.01 1
0.60000000000000009 -0.48999999999999999 0.5 0.21000000000000002 0.29999999999999999 1 0.027371240000000005 0 0 0 0.03737124 0 0 0 0.047371240000000002 0 0 0 0.01 1
0.80000000000000027 -0.31999999999999995 0.5 0.22 0.29999999999999999 1 0.01 0 0 0 0.02 0 0 0 0.029999999999999999 0 0 0 0 1
1 -0.34709999999999991 0.5 0.20000000000000001 0.29999999999999999 1 0.0101726596 0 0 0 0.0201726596 0 0 0 0.030172659599999999 0 -0.29999999999999999 0 0.00040000000000000002 1
1.2000000000000002 0.020000000000000018 0.5 0.21000000000000002 0.29999999999999999 1 0.027213440000000005 0 0 0 0.03721344 0 0 0 0.047213440000000002 0 0 0 0.01 1
1.4786000000000004 0.19000000000000017 0.5 0.22 0.29999999999999999 1 0.027161000000000005 0 0 0 0.037161 0 0 0 0.047161000000000002 0.12 0 0 0.01 1
1.6000000000000001 0.3600000000000001 0.5 0.20000000000000001 0.29999999999999999 1 0.010171086399999999 0 0 0 0.0201710864 0 0 0 0.030171086399999998 0 0 0 0.00040000000000000002 1
-2 0.53000000000000003 0.5 0.21000000000000002 0.29999999999999999 1 0.027056360000000002 0 0 0 0.037056360000000003 0 0 0 0.047056360000000005 0 0 0 0.00040000000000000002 0
-1.8 0.70000000000000018 0.5 0.22 0.29999999999999999 1 0.027004159999999999 0 0 0 0.037004160000000001 0 0 0 0.047004160000000003 0 0 0 0.00040000000000000002 1
-1.6000000000000001 0.87000000000000011 0.5 0.20000000000000001 0.29999999999999999 1 0.0101695204 0 0 0 0.020169520400000002 0 0 0 0.0301695204 0 0 0 0.00040000000000000002 1
-2 -1 0.5 0.20000000000000001 0.29999999999999999 1 0.01 0 0 0 0.02 0 0 0 0.029999999999999999 0 0 0 0 1
-1.8 -0.82999999999999996 0.5 0.21000000000000002 0.29999999999999999 1 0.067504040000000001 0 0 0 0.07750404000000001 0 0 0 0.087504040000000005 0 0 0 0.01 1
-1.6000000000000001 -0.65999999999999992 0.5 0.22 0.29999999999999999 1 0.067408160000000009 0 0 0 0.077408160000000018 0 0 0 0.087408160000000013 0 0 0 0.01 1
-1.3999999999999999 -0.48999999999999999 0.5 0.20000000000000001 0.29999999999999999 1 0.0105731236 0 0 0 0.0205731236 0 0 0 0.030573123599999998 0 0 0 0.00040000000000000002 1
-1.2 -0.31999999999999995 0.5 0.21000000000000002 0.29999999999999999 1 0.067216640000000008 0 0 0 0.077216640000000017 0 0 0 0.087216640000000012 0 0 0 0.01 1
-1 -0.14999999999999991 0.5 0.22 0.29999999999999999 1 0.067121 0 0 0 0.077121000000000009 0 0 0 0.087121000000000004 0 0 0 0.0030000000000000001 1
-0.79999999999999982 0.020000000000000018 0.5 0.20000000000000001 0.29999999999999999 1 0.0105702544 0 0 0 0.020570254400000001 0 0 0 0.0305702544 0 0 0 0.00040000000000000002 1
-0.47999999999999987 0.19000000000000017 0.5 0.21000000000000002 0.29999999999999999 1 0.066929960000000011 0 0 0 0.076929960000000006 0 0 0 0.086929960000000001 0 0 0 0.01 1
-0.39999999999999991 0.3600000000000001 0.5 0.22 0.29999999999999999 1 0.066834560000000015 0 0 0 0.07683456000000001 0 0 0 0.086834560000000005 0 0 0 0.00040000000000000002 1
-0.19999999999999996 0.23000000000000004 0.5 0.20000000000000001 0.29999999999999999 1 0.0105673924 0 0 0 0.020567392400000002 0 0 0 0.030567392399999997 0 0 0 0.00040000000000000002 1
0 0.70000000000000018 0.5 0.21000000000000002 0.29999999999999999 1 0.066644000000000009 0 0 0 0.076644000000000018 0 0 0 0.086644000000000013 0 0 0 0.0030000000000000001 1
0.20000000000000018 0.87000000000000011 0.5 0.22 0.29999999999999999 1 0.01 0 0 0 0.02 0 0 0 0.029999999999999999 0 0 0 0 1
0.40000000000000036 1.04 0.5 0.20000000000000001 0.29999999999999999 1 0.0105645376 0 0 0 0.020564537600000002 0 0 0 0.0305645376 0 0 0 0.00040000000000000002 1
0.60000000000000009 1.21 0.5 0.21000000000000002 0.29999999999999999 1 0.066358760000000003 0 0 0 0.076358760000000012 0 0 0 0.086358760000000007 0 0 0 0.01 1
0.92000000000000026 1.3800000000000003 0.5 0.22 0.29999999999999999 1 0.066263840000000018 0 0 0 0.076263840000000013 0 0 0 0.086263840000000008 0 0 0 0.01 1
1 1.5500000000000003 0.5 0.20000000000000001 0.29999999999999999 1 0.066169000000000006 0 0 0 0.076169000000000001 0 0 0 0.086168999999999996 0 0 0 0.01 1
1.2000000000000002 1.7200000000000002 0.5 0.21000000000000002 0.29999999999999999 1 0.06607424000000002 0 0 0 0.076074240000000015 0 0 0 0.086074240000000024 0 0 0 0.01 1
1.4000000000000004 -1 0.5 0.22 0.29999999999999999 1 0.065979560000000007 0 0 0 0.075979560000000015 0 0 0 0.08597956000000001 0 0 0 0.00040000000000000002 1
1.6000000000000001 -1.1299999999999999 0.5 0.20000000000000001 0.29999999999999999 1 0.0105588496 0 0 0 0.020558849600000002 0 0 0 0.0305588496 0 0 0 0.00040000000000000002 1
-2 -0.65999999999999992 0.5 0.21000000000000002 0.29999999999999999 1 0.065790440000000006 0 0 0 0.075790440000000001 0 0 0 0.085790439999999996 0 0 0 0.00040000000000000002 1
-1.8 -0.48999999999999999 0.5 0.22 0.29999999999999999 1 0.065696000000000018 0 0 0 0.075696000000000013 0 0 0 0.085696000000000022 0 0 0 0.0030000000000000001 1
-1.48 -0.31999999999999995 0.5 0.20000000000000001 0.29999999999999999 1 0.0105560164 0 0 0 0.020556016400000002 0 0 0 0.0305560164 0 0 0 0.00040000000000000002 1
-1.3999999999999999 -0.14999999999999991 0.5 0.21000000000000002 0.29999999999999999 1 0.01 0 0 0 0.02 0 0 0 0.029999999999999999 0 0 0 0 1
-1.2 0.020000000000000018 0.5 0.22 0.29999999999999999 1 0.065413159999999998 0 0 0 0.075413160000000007 0 0 0 0.085413160000000002 0 0 0 0.00040000000000000002 1
-1 0.19000000000000017 0.5 0.20000000000000001 0.29999999999999999 1 0.010553190400000001 0 0 0 0.020553190400000001 0 0 0 0.030553190399999999 0 0 0 0.00040000000000000002 1
-0.79999999999999982 0.3600000000000001 0.5 0.21000000000000002 0.29999999999999999 1 0.065225000000000005 0 0 0 0.075225000000000014 0 0 0 0.085225000000000009 0 0 0 0.01 1
-0.59999999999999987 0.53000000000000003 0.5 0.22 0.29999999999999999 1 0.065131040000000015 0 0 0 0.07513104000000001 0 0 0 0.085131040000000019 0 0 0 0.01 1
-0.39999999999999991 0.40000000000000019 0.5 0.20000000000000001 0.29999999999999999 1 0.0105503716 0 0 0 0.020550371599999999 0 0 0 0.030550371599999997 0 0 0 0.00040000000000000002 1
-0.07999999999999996 0.87000000000000011 0.5 0.21000000000000002 0.29999999999999999 1 0.064943360000000019 0 0 0 0.074943360000000014 0 0 0 0.084943360000000023 0 0 0 0.01 1
0 1.04 0.5 0.22 0.29999999999999999 1 0.06484964 0 0 0 0.074849640000000009 0 0 0 0.084849640000000004 0 0 0 0.00040000000000000002 1
0.20000000000000018 1.21 0.5 0.20000000000000001 0.29999999999999999 1 0.064756000000000022 0 0 0 0.074756000000000017 0 0 0 0.084756000000000026 0 0 0 0.0030000000000000001 1
0.40000000000000036 1.3800000000000003 0.5 0.21000000000000002 0.29999999999999999 1 0.064662440000000002 0 0 0 0.07466244000000001 0 0 0 0.084662440000000005 0 0 0 0.00040000000000000002 1
0.60000000000000009 1.5500000000000003 0.5 0.22 0.29999999999999999 1 0.064568960000000009 0 0 0 0.074568960000000017 0 0 0 0.084568960000000012 0 0 0 0.00040000000000000002 1
0.80000000000000027 1.7200000000000002 0.5 0.20000000000000001 0.29999999999999999 1 0.01 0 0 0 0.02 0 0 0 0.029999999999999999 0 0 0 0 1
1 -1 0.5 0.21000000000000002 0.29999999999999999 1 0.064382240000000021 0 0 0 0.074382240000000016 0 0 0 0.084382240000000025 0 0 0 0.00040000000000000002 1
1.3200000000000003 -0.82999999999999996 0.5 0.22 0.29999999999999999 1 0.064288999999999999 0 0 0 0.074289000000000008 0 0 0 0.084289000000000003 0 0 0 0.01 1
1.4000000000000004 -0.95999999999999996 0.5 0.20000000000000001 0.29999999999999999 1 0.010541958400000001 0 0 0 0.020541958400000001 0 0 0 0.030541958399999999 0 0 0 0.00040000000000000002 1
1.6000000000000001 -0.48999999999999999 0.5 0.21000000000000002 0.29999999999999999 1 0.064102760000000009 0 0 0 0.074102760000000004 0 0 0 0.084102759999999999 0 0 0 0.01 1
-2 -0.31999999999999995 0.5 0.22 0.29999999999999999 1 0.064009760000000013 0 0 0 0.074009760000000022 0 0 0 0.084009760000000017 0 0 0 0.01 1
-1.8 -0.14999999999999991 0.5 0.20000000000000001 0.29999999999999999 1 0.0105391684 0 0 0 0.020539168400000002 0 0 0 0.0305391684 0 0 0 0.00040000000000000002 1
-1.6000000000000001 0.020000000000000018 0.5 0.21000000000000002 0.29999999999999999 1 0.06382400000000002 0 0 0 0.073824000000000015 0 0 0 0.08382400000000001 0 0 0 0.01 1
-1.3999999999999999 0.19000000000000017 0.5 0.22 0.29999999999999999 1 0.063731240000000008 0 0 0 0.073731240000000003 0 0 0 0.083731240000000012 0 0 0 0.00040000000000000002 1
-1.0800000000000001 0.3600000000000001 0.5 0.20000000000000001 0.29999999999999999 1 0.0105363856 0 0 0 0.020536385600000002 0 0 0 0.0305363856 0 0 0 0.00040000000000000002 1
-1 0.53000000000000003 0.5 0.21000000000000002 0.29999999999999999 1 0.063545959999999999 0 0 0 0.073545960000000007 0 0 0 0.083545960000000002 0 0 0 0.00040000000000000002 1
-0.79999999999999982 0.70000000000000018 0.5 0.22 0.29999999999999999 1 0.01 0 0 0 0.02 0 0 0 0.029999999999999999 0 0 0 0 1
-0.59999999999999987 0.57000000000000006 0.5 0.20000000000000001 0.29999999999999999 1 0.063361000000000001 0 0 0 0.073360999999999996 0 0 0 0.083360999999999991 0 0 0 0.01 1
-0.39999999999999991 1.04 0.5 0.21000000000000002 0.29999999999999999 1 0.063268640000000015 0 0 0 0.07326864000000001 0 0 0 0.083268640000000005 0 0 0 0.00040000000000000002 1
-0.19999999999999996 1.21 0.5 0.22 0.29999999999999999 1 0.063176360000000001 0 0 0 0.07317636000000001 0 0 0 0.083176360000000005 0 0 0 0.00040000000000000002 1
0 1.3800000000000003 0.5 0.20000000000000001 0.29999999999999999 1 0.0105308416 0 0 0 0.020530841600000002 0 0 0 0.030530841600000001 0 0 0 0.00040000000000000002 1
0.32000000000000017 1.5500000000000003 0.5 0.21000000000000002 0.29999999999999999 1 0.062992039999999999 0 0 0 0.072992040000000008 0 0 0 0.082992040000000003 0 0 0 0.01 1
0.40000000000000036 1.7200000000000002 0.5 0.22 0.29999999999999999 1 0.062900000000000011 0 0 0 0.072900000000000006 0 0 0 0.082900000000000001 0 0 0 0.01 1
0.60000000000000009 -1 0.5 0.20000000000000001 0.29999999999999999 1 0.010528080400000001 0 0 0 0.020528080399999999 0 0 0 0.030528080399999998 0 0 0 0.00040000000000000002 1
0.80000000000000027 -0.82999999999999996 0.5 0.21000000000000002 0.29999999999999999 1 0.062716160000000021 0 0 0 0.072716160000000016 0 0 0 0.082716160000000011 0 0 0 0.01 1
1 -0.65999999999999992 0.5 0.22 0.29999999999999999 1 0.062624360000000004 0 0 0 0.072624359999999999 0 0 0 0.082624360000000008 0 0 0 0.00040000000000000002 1
1.2000000000000002 -0.79000000000000004 0.5 0.20000000000000001 0.29999999999999999 1 0.0105253264 0 0 0 0.020525326400000002 0 0 0 0.0305253264 0 0 0 0.00040000000000000002 1
1.4000000000000004 -0.31999999999999995 0.5 0.21000000000000002 0.29999999999999999 1 0.01 0 0 0 0.02 0 0 0 0.029999999999999999 0 0 0 0 1
1.7200000000000002 -0.14999999999999991 0.5 0.22 0.29999999999999999 1 0.06234944000000002 0 0 0 0.072349440000000015 0 0 0 0.082349440000000024 0 0 0 0.01 1
-2 0.020000000000000018 0.5 0.20000000000000001 0.29999999999999999 1 0.0105225796 0 0 0 0.0205225796 0 0 0 0.030522579599999999 0 0 0 0.00040000000000000002 1
-1.8 0.19000000000000017 0.5 0.21000000000000002 0.29999999999999999 1 0.062166560000000017 0 0 0 0.072166560000000018 0 0 0 0.082166560000000013 0 0 0 0.00040000000000000002 1
-1.6000000000000001 0.3600000000000001 0.5 0.22 0.29999999999999999 1 0.062075240000000004 0 0 0 0.072075239999999999 0 0 0 0.082075239999999994 0 0 0 0.00040000000000000002 1
-1.3999999999999999 0.53000000000000003 0.5 0.20000000000000001 0.29999999999999999 1 0.061984000000000018 0 0 0 0.07198400000000002 0 0 0 0.081984000000000015 0 0 0 0.01 1
-1.2 0.70000000000000018 0.5 0.21000000000000002 0.29999999999999999 1 0.061892839999999998 0 0 0 0.07189284 0 0 0 0.081892839999999995 0 0 0 0.01 1
-1 0.87000000000000011 0.5 0.22 0.29999999999999999 1 0.061801760000000018 0 0 0 0.07180176000000002 0 0 0 0.081801760000000015 0 0 0 0.01 1
-0.67999999999999983 0.73999999999999999 0.5 0.20000000000000001 0.29999999999999999 1 0.010517107600000001 0 0 0 0.020517107600000001 0 0 0 0.030517107599999999 0 0 0 0.00040000000000000002 1
-0.59999999999999987 1.21 0.5 0.21000000000000002 0.29999999999999999 1 0.061619840000000016 0 0 0 0.071619840000000018 0 0 0 0.081619840000000013 0 0 0 0.01 1
-0.39999999999999991 1.3800000000000003 0.5 0.22 0.29999999999999999 1 0.061529 0 0 0 0.071528999999999995 0 0 0 0.08152899999999999 0 0 0 0.0030000000000000001 1
-0.19999999999999996 1.5500000000000003 0.5 0.20000000000000001 0.29999999999999999 1 0.01 0 0 0 0.02 0 0 0 0.029999999999999999 0 0 0 0 1
0 1.7200000000000002 0.5 0.21000000000000002 0.29999999999999999 1 0.061347560000000009 0 0 0 0.071347560000000004 0 0 0 0.081347560000000013 0 0 0 0.00040000000000000002 1
0.20000000000000018 -1 0.5 0.22 0.29999999999999999 1 0.06125696000000002 0 0 0 0.071256960000000022 0 0 0 0.081256960000000017 0 0 0 0.00040000000000000002 1
0.40000000000000036 -0.82999999999999996 0.5 0.20000000000000001 0.29999999999999999 1 0.010511664400000001 0 0 0 0.020511664400000001 0 0 0 0.030511664399999999 0 0 0 0.00040000000000000002 1
0.72000000000000008 -0.65999999999999992 0.5 0.21000000000000002 0.29999999999999999 1 0.061076000000000019 0 0 0 0.071076000000000014 0 0 0 0.081076000000000009 0 0 0 0.01 1
0.80000000000000027 -0.48999999999999999 0.5 0.22 0.29999999999999999 1 0.060985640000000001 0 0 0 0.070985640000000003 0 0 0 0.080985639999999998 0 0 0 0.00040000000000000002 1
1 -0.61999999999999988 0.5 0.20000000000000001 0.29999999999999999 1 0.010508953600000001 0 0 0 0.020508953600000001 0 0 0 0.030508953599999999 0 0 0 0.00040000000000000002 1
1.2000000000000002 -0.14999999999999991 0.5 0.21000000000000002 0.29999999999999999 1 0.060805160000000004 0 0 0 0.070805160000000006 0 0 0 0.080805160000000001 0 0 0 0.01 1
1.4000000000000004 0.020000000000000018 0.5 0.22 0.29999999999999999 1 0.060715040000000012 0 0 0 0.070715040000000007 0 0 0 0.080715040000000016 0 0 0 0.01 1
1.6000000000000001 0.19000000000000017 0.5 0.20000000000000001 0.29999999999999999 1 0.060625000000000005 0 0 0 0.070625000000000007 0 0 0 0.080625000000000002 0 0 0 0.01 1
-2 0.3600000000000001 0.5 0.21000000000000002 0.29999999999999999 1 0.060535040000000012 0 0 0 0.070535040000000007 0 0 0 0.080535040000000002 0 0 0 0.01 1
-1.8 0.53000000000000003 0.5 0.22 0.29999999999999999 1 0.01 0 0 0 0.02 0 0 0 0.029999999999999999 0 0 0 0 1
-1.6000000000000001 0.70000000000000018 0.5 0.20000000000000001 0.29999999999999999 1 0.0105035536 0 0 0 0.020503553600000002 0 0 0 0.0305035536 0 0 0 0.00040000000000000002 1
-1.3999999999999999 0.87000000000000011 0.5 0.21000000000000002 0.29999999999999999 1 0.060265640000000002 0 0 0 0.070265640000000004 0 0 0 0.080265639999999999 0 0 0 0.00040000000000000002 1
-1.2 1.04 0.5 0.22 0.29999999999999999 1 0.060176000000000007 0 0 0 0.070176000000000002 0 0 0 0.080175999999999997 0 0 0 0.0030000000000000001 1
-1 0.90999999999999992 0.5 0.20000000000000001 0.29999999999999999 1 0.010500864400000001 0 0 0 0.020500864399999999 0 0 0 0.030500864399999997 0 0 0 0.00040000000000000002 1
-0.79999999999999982 1.3800000000000003 0.5 0.21000000000000002 0.29999999999999999 1 0.059996960000000016 0 0 0 0.069996960000000011 0 0 0 0.079996960000000006 0 0 0 0.00040000000000000002 1
-0.59999999999999987 1.5500000000000003 0.5 0.22 0.29999999999999999 1 0.059907560000000006 0 0 0 0.069907560000000007 0 0 0 0.079907560000000002 0 0 0 0.00040000000000000002 1
-0.27999999999999992 1.7200000000000002 0.5 0.20000000000000001 0.29999999999999999 1 0.0104981824 0 0 0 0.020498182400000002 0 0 0 0.030498182400000001 0 0 0 0.00040000000000000002 1
-0.19999999999999996 -1 0.5 0.21000000000000002 0.29999999999999999 1 0.059729000000000004 0 0 0 0.069728999999999999 0 0 0 0.079728999999999994 0 0 0 0.01 1
0 -0.82999999999999996 0.5 0.22 0.29999999999999999 1 0.059639840000000013 0 0 0 0.069639840000000008 0 0 0 0.079639840000000017 0 0 0 0.01 1
0.20000000000000018 -0.65999999999999992 0.5 0.20000000000000001 0.29999999999999999 1 0.0104955076 0 0 0 0.020495507600000001 0 0 0 0.030495507599999999 0 0 0 0.00040000000000000002 1
0.40000000000000036 -0.48999999999999999 0.5 0.21000000000000002 0.29999999999999999 1 0.01 0 0 0 0.02 0 0 0 0.029999999999999999 0 0 0 0 1
0.60000000000000009 -0.31999999999999995 0.5 0.22 0.29999999999999999 1 0.059372840000000003 0 0 0 0.069372840000000005 0 0 0 0.07937284 0 0 0 0.00040000000000000002 1
0.80000000000000027 -0.4499999999999999 0.5 0.20000000000000001 0.29999999999999999 1 0.05928400000000001 0 0 0 0.069284000000000012 0 0 0 0.079284000000000007 0 0 0 0.01 1
1.1200000000000001 0.020000000000000018 0.5 0.21000000000000002 0.29999999999999999 1 0.059195240000000003 0 0 0 0.069195240000000005 0 0 0 0.07919524 0 0 0 0.01 1
1.2000000000000002 0.19000000000000017 0.5 0.22 0.29999999999999999 1 0.059106560000000016 0 0 0 0.069106560000000011 0 0 0 0.07910656000000002 0 0 0 0.00040000000000000002 1
1.4000000000000004 0.3600000000000001 0.5 0.20000000000000001 0.29999999999999999 1 0.0104901796 0 0 0 0.020490179600000002 0 0 0 0.0304901796 0 0 0 0.00040000000000000002 1
1.6000000000000001 0.53000000000000003 0.5 0.21000000000000002 0.29999999999999999 1 0.058929440000000013 0 0 0 0.068929440000000008 0 0 0 0.078929440000000017 0 0 0 0.00040000000000000002 1
-2 0.70000000000000018 0.5 0.22 0.29999999999999999 1 0.058841000000000004 0 0 0 0.068840999999999999 0 0 0 0.078840999999999994 0 0 0 0.0030000000000000001 1
-1.8 0.87000000000000011 0.5 0.20000000000000001 0.29999999999999999 1 0.010487526400000001 0 0 0 0.020487526400000001 0 0 0 0.030487526399999999 0 0 0 0.00040000000000000002 1
-1.6000000000000001 1.04 0.5 0.21000000000000002 0.29999999999999999 1 0.058664360000000006 0 0 0 0.068664360000000008 0 0 0 0.078664360000000003 0 0 0 0.01 1
-1.2799999999999998 1.21 0.5 0.22 0.29999999999999999 1 0.058576160000000016 0 0 0 0.068576160000000011 0 0 0 0.078576160000000006 0 0 0 0.01 1
-1.2 1.3800000000000003 0.5 0.20000000000000001 0.29999999999999999 1 0.01 0 0 0 0.02 0 0 0 0.029999999999999999 0 0 0 0 1
-1 1.5500000000000003 0.5 0.21000000000000002 0.29999999999999999 1 0.058400000000000007 0 0 0 0.068400000000000002 0 0 0 0.078399999999999997 0 0 0 0.01 1
-0.79999999999999982 1.7200000000000002 0.5 0.22 0.29999999999999999 1 0.058312040000000002 0 0 0 0.068312040000000004 0 0 0 0.078312039999999999 0 0 0 0.00040000000000000002 1
-0.59999999999999987 -1 0.5 0.20000000000000001 0.29999999999999999 1 0.010482241600000001 0 0 0 0.020482241599999999 0 0 0 0.030482241599999998 0 0 0 0.00040000000000000002 1
-0.39999999999999991 -0.82999999999999996 0.5 0.21000000000000002 0.29999999999999999 1 0.058136359999999998 0 0 0 0.068136359999999993 0 0 0 0.078136359999999988 0 0 0 0.00040000000000000002 1
-0.19999999999999996 -0.65999999999999992 0.5 0.22 0.29999999999999999 1 0.058048640000000012 0 0 0 0.068048640000000007 0 0 0 0.078048640000000002 0 0 0 0.00040000000000000002 1
0.12 -0.48999999999999999 0.5 0.20000000000000001 0.29999999999999999 1 0.057961000000000006 0 0 0 0.067961000000000008 0 0 0 0.077961000000000003 0 0 0 0.01 1
0.20000000000000018 -0.31999999999999995 0.5 0.21000000000000002 0.29999999999999999 1 0.057873440000000012 0 0 0 0.067873440000000007 0 0 0 0.077873440000000016 0 0 0 0.00040000000000000002 1
0.40000000000000036 -0.14999999999999991 0.5 0.22 0.29999999999999999 1 0.057785959999999997 0 0 0 0.067785959999999992 0 0 0 0.077785959999999987 0 0 0 0.00040000000000000002 1
0.60000000000000009 -0.27999999999999997 0.5 0.20000000000000001 0.29999999999999999 1 0.0104769856 0 0 0 0.020476985600000001 0 0 0 0.030476985599999999 0 0 0 0.00040000000000000002 1
0.80000000000000027 0.19000000000000017 0.5 0.21000000000000002 0.29999999999999999 1 0.057611240000000001 0 0 0 0.067611240000000003 0 0 0 0.077611239999999998 0 0 0 0.01 1
1 0.3600000000000001 0.5 0.22 0.29999999999999999 1 0.01 0 0 0 0.02 0 0 0 0.029999999999999999 0 0 0 0 1
1.2000000000000002 0.53000000000000003 0.5 0.20000000000000001 0.29999999999999999 1 0.0104743684 0 0 0 0.020474368400000002 0 0 0 0.0304743684 0 0 0 0.00040000000000000002 1
1.5200000000000005 0.70000000000000018 0.5 0.21000000000000002 0.29999999999999999 1 0.057349760000000007 0 0 0 0.067349760000000009 0 0 0 0.077349760000000004 0 0 0 0.01 1
1.6000000000000001 0.87000000000000011 0.5 0.22 0.29999999999999999 1 0.057262759999999996 0 0 0 0.067262759999999991 0 0 0 0.077262759999999986 0 0 0 0.00040000000000000002 1
-2 1.04 0.5 0.20000000000000001 0.29999999999999999 1 0.0104717584 0 0 0 0.020471758400000001 0 0 0 0.0304717584 0 0 0 0.00040000000000000002 1
-1.8 1.21 0.5 0.21000000000000002 0.29999999999999999 1 0.057089000000000001 0 0 0 0.067088999999999996 0 0 0 0.077088999999999991 0 0 0 0.0030000000000000001 1
-1.6000000000000001 1.3800000000000003 0.5 0.22 0.29999999999999999 1 0.05700224000000001 0 0 0 0.067002240000000005 0 0 0 0.07700224 0 0 0 0.00040000000000000002 1
-1.3999999999999999 1.2500000000000002 0.5 0.20000000000000001 0.29999999999999999 1 0.0104691556 0 0 0 0.0204691556 0 0 0 0.030469155599999999 0 0 0 0.00040000000000000002 1
-1.2 1.7200000000000002 0.5 0.21000000000000002 0.29999999999999999 1 0.056828960000000005 0 0 0 0.066828960000000007 0 0 0 0.076828960000000002 0 0 0 0.00040000000000000002 1
-0.88 -1 0.5 0.22 0.29999999999999999 1 0.056742439999999998 0 0 0 0.06674244 0 0 0 0.076742439999999995 0 0 0 0.01 1
-0.79999999999999982 -0.82999999999999996 0.5 0.20000000000000001 0.29999999999999999 1 0.056656000000000005 0 0 0 0.066656000000000007 0 0 0 0.076656000000000002 0 0 0 0.01 1
-0.59999999999999987 -0.65999999999999992 0.5 0.21000000000000002 0.29999999999999999 1 0.01 0 0 0 0.02 0 0 0 0.029999999999999999 0 0 0 0 1
-0.39999999999999991 -0.48999999999999999 0.5 0.22 0.29999999999999999 1 0.05648336000000001 0 0 0 0.066483360000000005 0 0 0 0.07648336 0 0 0 0.01 1
-0.19999999999999996 -0.31999999999999995 0.5 0.20000000000000001 0.29999999999999999 1 0.0104639716 0 0 0 0.020463971600000002 0 0 0 0.0304639716 0 0 0 0.00040000000000000002 1
0 -0.14999999999999991 0.5 0.21000000000000002 0.29999999999999999 1 0.056311040000000007 0 0 0 0.066311040000000002 0 0 0 0.076311039999999997 0 0 0 0.01 1
0.20000000000000018 0.020000000000000018 0.5 0.22 0.29999999999999999 1 0.056225000000000018 0 0 0 0.06622500000000002 0 0 0 0.076225000000000015 0 0 0 0.0030000000000000001 1
0.52000000000000035 -0.10999999999999982 0.5 0.20000000000000001 0.29999999999999999 1 0.010461390400000001 0 0 0 0.020461390400000001 0 0 0 0.0304613904 0 0 0 0.00040000000000000002 1
0.60000000000000009 0.3600000000000001 0.5 0.21000000000000002 0.29999999999999999 1 0.056053160000000012 0 0 0 0.066053160000000014 0 0 0 0.076053160000000009 0 0 0 0.00040000000000000002 1
0.80000000000000027 0.53000000000000003 0.5 0.22 0.29999999999999999 1 0.055967360000000008 0 0 0 0.065967360000000003 0 0 0 0.075967360000000012 0 0 0 0.00040000000000000002 1
1 0.70000000000000018 0.5 0.20000000000000001 0.29999999999999999 1 0.010458816400000001 0 0 0 0.0204588164 0 0 0 0.030458816399999998 0 0 0 0.00040000000000000002 1
1.2000000000000002 0.87000000000000011 0.5 0.21000000000000002 0.29999999999999999 1 0.055796000000000005 0 0 0 0.065796000000000007 0 0 0 0.075796000000000002 0 0 0 0.0030000000000000001 1
1.4000000000000004 1.04 0.5 0.22 0.29999999999999999 1 0.055710440000000014 0 0 0 0.065710440000000009 0 0 0 0.075710440000000018 0 0 0 0.00040000000000000002 1
1.6000000000000001 1.21 0.5 0.20000000000000001 0.29999999999999999 1 0.01 0 0 0 0.02 0 0 0 0.029999999999999999 0 0 0 0 1
-1.8799999999999999 1.3800000000000003 0.5 0.21000000000000002 0.29999999999999999 1 0.055539560000000016 0 0 0 0.065539560000000011 0 0 0 0.075539560000000006 0 0 0 0.01 1
-1.8 1.5500000000000003 0.5 0.22 0.29999999999999999 1 0.055454240000000009 0 0 0 0.065454240000000011 0 0 0 0.075454240000000006 0 0 0 0.01 1
-1.6000000000000001 1.4200000000000002 0.5 0.20000000000000001 0.29999999999999999 1 0.055369000000000015 0 0 0 0.06536900000000001 0 0 0 0.075369000000000019 0 0 0 0.01 1
-1.3999999999999999 -1 0.5 0.21000000000000002 0.29999999999999999 1 0.055283840000000015 0 0 0 0.06528384000000001 0 0 0 0.075283840000000019 0 0 0 0.01 1
-1.2 -0.82999999999999996 0.5 0.22 0.29999999999999999 1 0.05519876000000002 0 0 0 0.065198760000000022 0 0 0 0.075198760000000017 0 0 0 0.00040000000000000002 1
-1 -0.65999999999999992 0.5 0.20000000000000001 0.29999999999999999 1 0.0104511376 0 0 0 0.020451137599999999 0 0 0 0.030451137599999997 0 0 0 0.00040000000000000002 1
-0.79999999999999982 -0.48999999999999999 0.5 0.21000000000000002 0.29999999999999999 1 0.055028840000000016 0 0 0 0.065028840000000018 0 0 0 0.075028840000000013 0 0 0 0.00040000000000000002 1
-0.47999999999999987 -0.31999999999999995 0.5 0.22 0.29999999999999999 1 0.054944000000000007 0 0 0 0.064944000000000002 0 0 0 0.074944000000000011 0 0 0 0.01 1
-0.39999999999999991 -0.14999999999999991 0.5 0.20000000000000001 0.29999999999999999 1 0.0104485924 0 0 0 0.0204485924 0 0 0 0.030448592399999998 0 0 0 0.00040000000000000002 1
-0.19999999999999996 0.020000000000000018 0.5 0.21000000000000002 0.29999999999999999 1 0.054774560000000007 0 0 0 0.064774560000000009 0 0 0 0.074774560000000004 0 0 0 0.00040000000000000002 1
0 0.19000000000000017 0.5 0.22 0.29999999999999999 1 0.01 0 0 0 0.02 0 0 0 0.029999999999999999 0 0 0 0 1
0.20000000000000018 0.060000000000000109 0.5 0.20000000000000001 0.29999999999999999 1 0.0104460544 0 0 0 0.0204460544 0 0 0 0.030446054399999999 0 0 0 0.00040000000000000002 1
0.40000000000000036 0.53000000000000003 0.5 0.21000000000000002 0.29999999999999999 1 0.054521000000000021 0 0 0 0.064521000000000023 0 0 0 0.074521000000000018 0 0 0 0.01 1
0.60000000000000009 0.70000000000000018 0.5 0.22 0.29999999999999999 1 0.054436640000000001 0 0 0 0.064436640000000003 0 0 0 0.074436639999999998 0 0 0 0.01 1
0.92000000000000026 0.87000000000000011 0.5 0.20000000000000001 0.29999999999999999 1 0.010443523600000001 0 0 0 0.020443523599999999 0 0 0 0.030443523599999998 0 0 0 0.00040000000000000002 1
1 1.04 0.5 0.21000000000000002 0.29999999999999999 1 0.05426816000000001 0 0 0 0.064268160000000005 0 0 0 0.07426816 0 0 0 0.01 1
1.2000000000000002 1.21 0.5 0.22 0.29999999999999999 1 0.054184040000000017 0 0 0 0.064184040000000012 0 0 0 0.074184040000000007 0 0 0 0.00040000000000000002 1
1.4000000000000004 1.3800000000000003 0.5 0.20000000000000001 0.29999999999999999 1 0.054100000000000002 0 0 0 0.064100000000000004 0 0 0 0.074099999999999999 0 0 0 0.0030000000000000001 1
1.6000000000000001 1.5500000000000003 0.5 0.21000000000000002 0.29999999999999999 1 0.054016040000000022 0 0 0 0.064016040000000024 0 0 0 0.074016040000000019 0 0 0 0.00040000000000000002 1
-2 1.7200000000000002 0.5 0.22 0.29999999999999999 1 0.053932160000000007 0 0 0 0.063932160000000002 0 0 0 0.073932159999999997 0 0 0 0.00040000000000000002 1
-1.8 -1.3 0.5 0.20000000000000001 0.29999999999999999 1 0.010438483599999999 0 0 0 0.020438483600000001 0 0 0 0.0304384836 0 0 0 0.00040000000000000002 1
-1.6000000000000001 -0.82999999999999996 0.5 0.21000000000000002 0.29999999999999999 1 0.01 0 0 0 0.02 0 0 0 0.029999999999999999 0 0 0 0 1
-1.3999999999999999 -0.65999999999999992 0.5 0.22 0.29999999999999999 1 0.053681000000000013 0 0 0 0.063681000000000015 0 0 0 0.07368100000000001 0 0 0 0.0030000000000000001 1
-1.2 -0.48999999999999999 0.5 0.20000000000000001 0.29999999999999999 1 0.010435974400000001 0 0 0 0.020435974400000001 0 0 0 0.030435974399999999 0 0 0 0.00040000000000000002 1
-1 -0.31999999999999995 0.5 0.21000000000000002 0.29999999999999999 1 0.053513960000000013 0 0 0 0.063513960000000008 0 0 0 0.073513960000000017 0 0 0 0.01 1
-0.79999999999999982 -0.14999999999999991 0.5 0.22 0.29999999999999999 1 0.053430560000000009 0 0 0 0.063430560000000011 0 0 0 0.073430560000000006 0 0 0 0.01 1
-0.59999999999999987 0.020000000000000018 0.5 0.20000000000000001 0.29999999999999999 1 0.010433472400000001 0 0 0 0.0204334724 0 0 0 0.030433472399999998 0 0 0 0.00040000000000000002 1
-0.39999999999999991 0.19000000000000017 0.5 0.21000000000000002 0.29999999999999999 1 0.053264000000000006 0 0 0 0.063264000000000001 0 0 0 0.073263999999999996 0 0 0 0.01 1
-0.07999999999999996 0.3600000000000001 0.5 0.22 0.29999999999999999 1 0.053180840000000021 0 0 0 0.063180840000000016 0 0 0 0.073180840000000025 0 0 0 0.01 1
0 0.23000000000000004 0.5 0.20000000000000001 0.29999999999999999 1 0.0104309776 0 0 0 0.020430977600000001 0 0 0 0.030430977599999999 0 0 0 0.00040000000000000002 1
0.20000000000000018 0.70000000000000018 0.5 0.21000000000000002 0.29999999999999999 1 0.053014760000000015 0 0 0 0.063014760000000017 0 0 0 0.073014760000000012 0 0 0 0.00040000000000000002 1
0.40000000000000036 0.87000000000000011 0.5 0.22 0.29999999999999999 1 0.052931840000000001 0 0 0 0.062931840000000003 0 0 0 0.072931839999999998 0 0 0 0.00040000000000000002 1
0.60000000000000009 1.04 0.5 0.20000000000000001 0.29999999999999999 1 0.01 0 0 0 0.02 0 0 0 0.029999999999999999 0 0 0 0 1
0.80000000000000027 1.21 0.5 0.21000000000000002 0.29999999999999999 1 0.052766240000000006 0 0 0 0.062766240000000001 0 0 0 0.07276624000000001 0 0 0 0.00040000000000000002 1
1 1.3800000000000003 0.5 0.22 0.29999999999999999 1 0.052683560000000018 0 0 0 0.062683560000000013 0 0 0 0.072683560000000008 0 0 0 0.00040000000000000002 1
1.3200000000000003 1.5500000000000003 0.5 0.20000000000000001 0.29999999999999999 1 0.010426009600000001 0 0 0 0.0204260096 0 0 0 0.030426009599999998 0 0 0 0.00040000000000000002 1
1.4000000000000004 1.7200000000000002 0.5 0.21000000000000002 0.29999999999999999 1 0.052518440000000013 0 0 0 0.062518440000000008 0 0 0 0.072518440000000017 0 0 0 0.01 1
1.6000000000000001 -1 0.5 0.22 0.29999999999999999 1 0.052436000000000003 0 0 0 0.062436000000000005 0 0 0 0.072436 0 0 0 0.01 1
-2 -1.1299999999999999 0.5 0.20000000000000001 0.29999999999999999 1 0.010423536400000001 0 0 0 0.020423536400000001 0 0 0 0.030423536399999999 0 0 0 0.00040000000000000002 1
-1.8 -0.65999999999999992 0.5 0.21000000000000002 0.29999999999999999 1 0.052271360000000003 0 0 0 0.062271359999999998 0 0 0 0.072271360000000007 0 0 0 0.01 1
-1.6000000000000001 -0.48999999999999999 0.5 0.22 0.29999999999999999 1 0.052189160000000012 0 0 0 0.062189160000000007 0 0 0 0.072189160000000002 0 0 0 0.00040000000000000002 1
-1.3999999999999999 -0.31999999999999995 0.5 0.20000000000000001 0.29999999999999999 1 0.010421070399999999 0 0 0 0.020421070400000001 0 0 0 0.0304210704 0 0 0 0.00040000000000000002 1
-1.0800000000000001 -0.14999999999999991 0.5 0.21000000000000002 0.29999999999999999 1 0.052025000000000016 0 0 0 0.062025000000000011 0 0 0 0.072025000000000006 0 0 0 0.01 1
-1 0.020000000000000018 0.5 0.22 0.29999999999999999 1 0.01 0 0 0 0.02 0 0 0 0.029999999999999999 0 0 0 0 1
-0.79999999999999982 0.19000000000000017 0.5 0.20000000000000001 0.29999999999999999 1 0.010418611600000001 0 0 0 0.020418611600000001 0 0 0 0.030418611599999999 0 0 0 0.00040000000000000002 1
-0.59999999999999987 0.3600000000000001 0.5 0.21000000000000002 0.29999999999999999 1 0.051779360000000003 0 0 0 0.061779360000000005 0 0 0 0.07177936 0 0 0 0.00040000000000000002 1
-0.39999999999999991 0.53000000000000003 0.5 0.22 0.29999999999999999 1 0.05169764000000001 0 0 0 0.061697640000000012 0 0 0 0.071697640000000007 0 0 0 0.00040000000000000002 1
-0.19999999999999996 0.40000000000000019 0.5 0.20000000000000001 0.29999999999999999 1 0.051616000000000002 0 0 0 0.061616000000000004 0 0 0 0.071615999999999999 0 0 0 0.01 1
0 0.87000000000000011 0.5 0.21000000000000002 0.29999999999999999 1 0.051534440000000015 0 0 0 0.06153444000000001 0 0 0 0.071534440000000005 0 0 0 0.01 1
0.32000000000000017 1.04 0.5 0.22 0.29999999999999999 1 0.051452960000000006 0 0 0 0.061452960000000001 0 0 0 0.07145296000000001 0 0 0 0.01 1
0.40000000000000036 1.21 0.5 0.20000000000000001 0.29999999999999999 1 0.0104137156 0 0 0 0.0204137156 0 0 0 0.030413715599999998 0 0 0 0.00040000000000000002 1
0.60000000000000009 1.3800000000000003 0.5 0.21000000000000002 0.29999999999999999 1 0.051290240000000008 0 0 0 0.06129024000000001 0 0 0 0.071290240000000005 0 0 0 0.01 1
0.80000000000000027 1.5500000000000003 0.5 0.22 0.29999999999999999 1 0.051209000000000011 0 0 0 0.061209000000000013 0 0 0 0.071209000000000008 0 0 0 0.0030000000000000001 1
1 1.7200000000000002 0.5 0.20000000000000001 0.29999999999999999 1 0.0104112784 0 0 0 0.0204112784 0 0 0 0.030411278399999998 0 0 0 0.00040000000000000002 1
1.2000000000000002 -1 0.5 0.21000000000000002 0.29999999999999999 1 0.01 0 0 0 0.02 0 0 0 0.029999999999999999 0 0 0 0 1
1.4000000000000004 -0.82999999999999996 0.5 0.22 0.29999999999999999 1 0.050965759999999999 0 0 0 0.060965759999999994 0 0 0 0.070965759999999989 0 0 0 0.00040000000000000002 1
1.7200000000000002 -0.95999999999999996 0.5 0.20000000000000001 0.29999999999999999 1 0.0104088484 0 0 0 0.020408848400000002 0 0 0 0.030408848400000001 0 0 0 0.00040000000000000002 1
-2 -0.48999999999999999 0.5 0.21000000000000002 0.29999999999999999 1 0.050804000000000002 0 0 0 0.060803999999999997 0 0 0 0.070804000000000006 0 0 0 0.0030000000000000001 1
-1.8 -0.31999999999999995 0.5 0.22 0.29999999999999999 1 0.05072324000000001 0 0 0 0.060723240000000012 0 0 0 0.070723240000000007 0 0 0 0.00040000000000000002 1
-1.6000000000000001 -0.14999999999999991 0.5 0.20000000000000001 0.29999999999999999 1 0.0104064256 0 0 0 0.0204064256 0 0 0 0.030406425599999998 0 0 0 0.00040000000000000002 1
-1.3999999999999999 0.020000000000000018 0.5 0.21000000000000002 0.29999999999999999 1 0.05056196000000001 0 0 0 0.060561960000000012 0 0 0 0.070561960000000007 0 0 0 0.01 1
-1.2 0.19000000000000017 0.5 0.22 0.29999999999999999 1 0.050481440000000002 0 0 0 0.060481439999999997 0 0 0 0.070481440000000006 0 0 0 0.01 1
-1 0.3600000000000001 0.5 0.20000000000000001 0.29999999999999999 1 0.050401000000000008 0 0 0 0.06040100000000001 0 0 0 0.070401000000000005 0 0 0 0.01 1
-0.67999999999999983 0.53000000000000003 0.5 0.21000000000000002 0.29999999999999999 1 0.050320640000000007 0 0 0 0.060320640000000009 0 0 0 0.070320640000000004 0 0 0 0.01 1
-0.59999999999999987 0.70000000000000018 0.5 0.22 0.29999999999999999 1 0.050240360000000012 0 0 0 0.060240360000000007 0 0 0 0.070240360000000002 0 0 0 0.00040000000000000002 1
-0.39999999999999991 0.87000000000000011 0.5 0.20000000000000001 0.29999999999999999 1 0.01 0 0 0 0.02 0 0 0 0.029999999999999999 0 0 0 0 1
-0.19999999999999996 1.04 0.5 0.21000000000000002 0.29999999999999999 1 0.050080040000000006 0 0 0 0.060080040000000001 0 0 0 0.07008004000000001 0 0 0 0.00040000000000000002 1
0 1.21 0.5 0.22 0.29999999999999999 1 0.050000000000000003 0 0 0 0.059999999999999998 0 0 0 0.070000000000000007 0 0 0 0.0030000000000000001 1
0.20000000000000018 1.3800000000000003 0.5 0.20000000000000001 0.29999999999999999 1 0.010399200400000001 0 0 0 0.020399200400000001 0 0 0 0.0303992004 0 0 0 0.00040000000000000002 1
0.40000000000000036 1.5500000000000003 0.5 0.21000000000000002 0.29999999999999999 1 0.049840160000000008 0 0 0 0.059840160000000003 0 0 0 0.069840160000000012 0 0 0 0.00040000000000000002 1
0.71964000000000006 1.7200000000000002 0.5 0.22 0.29999999999999999 1 0.04976036000000001 0 0 0 0.059760360000000012 0 0 0 0.069760360000000007 0.12 0 0 0.01 1
0.80000000000000027 -1 0.5 0.20000000000000001 0.29999999999999999 1 0.0103968064 0 0 0 0.020396806400000002 0 0 0 0.0303968064 0 0 0 0.00040000000000000002 1
1 -0.82999999999999996 0.5 0.21000000000000002 0.29999999999999999 1 0.049601000000000013 0 0 0 0.059601000000000015 0 0 0 0.06960100000000001 0 0 0 0.01 1
1.2000000000000002 -0.65999999999999992 0.5 0.22 0.29999999999999999 1 0.049521440000000014 0 0 0 0.059521440000000009 0 0 0 0.069521440000000018 0 0 0 0.01 1
1.4000000000000004 -0.78790000000000004 0.5 0.20000000000000001 0.29999999999999999 1 0.0103944196 0 0 0 0.020394419600000002 0 0 0 0.0303944196 0 -0.29999999999999999 0 0.00040000000000000002 1
1.6000000000000001 -0.31999999999999995 0.5 0.21000000000000002 0.29999999999999999 1 0.049362560000000007 0 0 0 0.059362560000000009 0 0 0 0.069362560000000004 0 0 0 0.01 1
-2 -0.14999999999999991 0.5 0.22 0.29999999999999999 1 0.01 0 0 0 0.02 0 0 0 0.029999999999999999 0 0 0 0 1
-1.6812 0.020000000000000018 0.5 0.20000000000000001 0.29999999999999999 1 0.049204000000000012 0 0 0 0.059204000000000007 0 0 0 0.069204000000000016 0.12 0 0 0.01 1
-1.6000000000000001 0.19000000000000017 0.5 0.21000000000000002 0.29999999999999999 1 0.04912484000000001 0 0 0 0.059124840000000012 0 0 0 0.069124840000000007 0 0 0 0.00040000000000000002 1
-1.3999999999999999 0.3600000000000001 0.5 0.22 0.29999999999999999 1 0.049045760000000015 0 0 0 0.059045760000000017 0 0 0 0.069045760000000012 0 0 0 0.00040000000000000002 1
-1.2 0.53000000000000003 0.5 0.20000000000000001 0.29999999999999999 1 0.010389667600000001 0 0 0 0.020389667600000001 0 0 0 0.0303896676 0 0 0 0.00040000000000000002 1
-1 0.70000000000000018 0.5 0.21000000000000002 0.29999999999999999 1 0.048887840000000009 0 0 0 0.058887840000000011 0 0 0 0.068887840000000006 0 0 0 0.00040000000000000002 1
-0.79999999999999982 0.87000000000000011 0.5 0.22 0.29999999999999999 1 0.048809000000000012 0 0 0 0.058809000000000014 0 0 0 0.068809000000000009 0 0 0 0.0030000000000000001 1
-0.59999999999999987 0.74480000000000002 0.5 0.20000000000000001 0.29999999999999999 1 0.010387302399999999 0 0 0 0.020387302400000001 0 0 0 0.0303873024 0 -0.29999999999999999 0 0.00040000000000000002 1
-0.2820399999999999 1.21 0.5 0.21000000000000002 0.29999999999999999 1 0.04865156000000001 0 0 0 0.058651560000000005 0 0 0 0.06865156 0.12 0 0 0.01 1
-0.19999999999999996 1.3800000000000003 0.5 0.22 0.29999999999999999 1 0.048572960000000012 0 0 0 0.058572960000000007 0 0 0 0.068572960000000016 0 0 0 0.01 1
0 1.5500000000000003 0.5 0.20000000000000001 0.29999999999999999 1 0.0103849444 0 0 0 0.0203849444 0 0 0 0.030384944399999999 0 0 0 0.00040000000000000002 1
0.20000000000000018 1.7200000000000002 0.5 0.21000000000000002 0.29999999999999999 1 0.01 0 0 0 0.02 0 0 0 0.029999999999999999 0 0 0 0 1
0.40000000000000036 -1 0.5 0.22 0.29999999999999999 1 0.048337640000000008 0 0 0 0.05833764000000001 0 0 0 0.068337640000000005 0 0 0 0.00040000000000000002 1
0.60000000000000009 -0.82999999999999996 0.5 0.20000000000000001 0.29999999999999999 1 0.0103825936 0 0 0 0.020382593600000002 0 0 0 0.0303825936 0 0 0 0.00040000000000000002 1
0.80000000000000027 -0.65999999999999992 0.5 0.21000000000000002 0.29999999999999999 1 0.048181160000000008 0 0 0 0.05818116000000001 0 0 0 0.068181160000000005 0 0 0 0.00040000000000000002 1
1.1171199999999999 -0.48999999999999999 0.5 0.22 0.29999999999999999 1 0.048103040000000014 0 0 0 0.058103040000000009 0 0 0 0.068103040000000004 0.12 0 0 0.01 1
1.2000000000000002 -0.61250000000000004 0.5 0.20000000000000001 0.29999999999999999 1 0.048025000000000012 0 0 0 0.058025000000000007 0 0 0 0.068025000000000002 0 -0.29999999999999999 0 0.01 1
1.4000000000000004 -0.14999999999999991 0.5 0.21000000000000002 0.29999999999999999 1 0.04794704000000001 0 0 0 0.057947040000000005 0 0 0 0.067947040000000014 0 0 0 0.00040000000000000002 1
1.6000000000000001 0.020000000000000018 0.5 0.22 0.29999999999999999 1 0.047869160000000008 0 0 0 0.057869160000000003 0 0 0 0.067869160000000012 0 0 0 0.00040000000000000002 1
-2 0.19000000000000017 0.5 0.20000000000000001 0.29999999999999999 1 0.0103779136 0 0 0 0.020377913600000002 0 0 0 0.030377913600000001 0 0 0 0.00040000000000000002 1
-1.8 0.3600000000000001 0.5 0.21000000000000002 0.29999999999999999 1 0.047713640000000009 0 0 0 0.05771364000000001 0 0 0 0.067713640000000005 0 0 0 0.01 1
-1.6000000000000001 0.53000000000000003 0.5 0.22 0.29999999999999999 1 0.047636000000000012 0 0 0 0.057636000000000007 0 0 0 0.067636000000000002 0 0 0 0.01 1
-1.3999999999999999 0.70000000000000018 0.5 0.20000000000000001 0.29999999999999999 1 0.01 0 0 0 0.02 0 0 0 0.029999999999999999 0.12 0 0 0 1
-1.2 0.87000000000000011 0.5 0.21000000000000002 0.29999999999999999 1 0.04748096000000001 0 0 0 0.057480960000000011 0 0 0 0.067480960000000006 0 0 0 0.01 1
-1 1.04 0.5 0.22 0.29999999999999999 1 0.047403560000000011 0 0 0 0.057403560000000006 0 0 0 0.067403560000000001 0 0 0 0.00040000000000000002 1
-0.79999999999999982 0.92019999999999991 0.5 0.20000000000000001 0.29999999999999999 1 0.0103732624 0 0 0 0.020373262400000001 0 0 0 0.0303732624 0 -0.29999999999999999 0 0.00040000000000000002 1
-0.59999999999999987 1.3800000000000003 0.5 0.21000000000000002 0.29999999999999999 1 0.047249000000000013 0 0 0 0.057249000000000008 0 0 0 0.067249000000000003 0 0 0 0.0030000000000000001 1
-0.39999999999999991 1.5500000000000003 0.5 0.22 0.29999999999999999 1 0.047171840000000007 0 0 0 0.057171840000000002 0 0 0 0.06717184000000001 0 0 0 0.00040000000000000002 1
-0.19999999999999996 1.7200000000000002 0.5 0.20000000000000001 0.29999999999999999 1 0.010370947599999999 0 0 0 0.020370947600000001 0 0 0 0.0303709476 0 0 0 0.00040000000000000002 1
0.11544 -1 0.5 0.21000000000000002 0.29999999999999999 1 0.047017760000000006 0 0 0 0.057017760000000001 0 0 0 0.06701776000000001 0.12 0 0 0.01 1
0.20000000000000018 -0.82999999999999996 0.5 0.22 0.29999999999999999 1 0.046940840000000011 0 0 0 0.056940840000000006 0 0 0 0.066940840000000001 0 0 0 0.00040000000000000002 1
0.40000000000000036 -0.65999999999999992 0.5 0.20000000000000001 0.29999999999999999 1 0.04686400000000001 0 0 0 0.056864000000000012 0 0 0 0.066864000000000007 0 0 0 0.01 1
0.60000000000000009 -0.48999999999999999 0.5 0.21000000000000002 0.29999999999999999 1 0.046787240000000008 0 0 0 0.056787240000000003 0 0 0 0.066787239999999998 0 0 0 0.01 1
0.80000000000000027 -0.31999999999999995 0.5 0.22 0.29999999999999999 1 0.01 0 0 0 0.02 0 0 0 0.029999999999999999 0 0 0 0 1
1 -0.43709999999999993 0.5 0.20000000000000001 0.29999999999999999 1 0.0103663396 0 0 0 0.020366339600000002 0 0 0 0.0303663396 0 -0.29999999999999999 0 0.00040000000000000002 1
1.2000000000000002 0.020000000000000018 0.5 0.21000000000000002 0.29999999999999999 1 0.046557440000000012 0 0 0 0.056557440000000014 0 0 0 0.066557440000000009 0 0 0 0.01 1
1.5146000000000004 0.19000000000000017 0.5 0.22 0.29999999999999999 1 0.046481000000000008 0 0 0 0.056481000000000003 0 0 0 0.066481000000000012 0.12 0 0 0.01 1
1.6000000000000001 0.3600000000000001 0.5 0.20000000000000001 0.29999999999999999 1 0.0103640464 0 0 0 0.020364046400000002 0 0 0 0.030364046400000001 0 0 0 0.00040000000000000002 1
-2 0.53000000000000003 0.5 0.21000000000000002 0.29999999999999999 1 0.046328360000000006 0 0 0 0.056328360000000008 0 0 0 0.066328360000000003 0 0 0 0.00040000000000000002 1
-1.8 0.70000000000000018 0.5 0.22 0.29999999999999999 1 0.046252160000000007 0 0 0 0.056252160000000009 0 0 0 0.066252160000000004 0 0 0 0.00040000000000000002 1
-1.6000000000000001 0.87000000000000011 0.5 0.20000000000000001 0.29999999999999999 1 0.0103617604 0 0 0 0.020361760400000001 0 0 0 0.0303617604 0 0 0 0.00040000000000000002 1
-2 -1 0.5 0.20000000000000001 0.29999999999999999 1 0.01 0 0 0 0.02 0 0 0 0.029999999999999999 0 0 0 0 1
-1.8 -0.82999999999999996 0.5 0.21000000000000002 0.29999999999999999 1 0.099880040000000017 0 0 0 0.10988004000000003 0 0 0 0.11988004000000002 0 0 0 0.01 1
-1.6000000000000001 -0.65999999999999992 0.5 0.22 0.29999999999999999 1 0.099760159999999987 0 0 0 0.10976016 0 0 0 0.11976015999999999 0 0 0 0.01 1
-1.3999999999999999 -0.48999999999999999 0.5 0.20000000000000001 0.29999999999999999 1 0.0108964036 0 0 0 0.020896403600000002 0 0 0 0.0308964036 0 0 0 0.00040000000000000002 1
-1.2 -0.31999999999999995 0.5 0.21000000000000002 0.29999999999999999 1 0.099520639999999994 0 0 0 0.10952064 0 0 0 0.11952064 0 0 0 0.01 1
-1 -0.14999999999999991 0.5 0.22 0.29999999999999999 1 0.099401000000000003 0 0 0 0.10940100000000001 0 0 0 0.11940100000000001 0 0 0 0.0030000000000000001 1
-0.79999999999999982 0.020000000000000018 0.5 0.20000000000000001 0.29999999999999999 1 0.010892814400000001 0 0 0 0.020892814400000001 0 0 0 0.030892814399999999 0 0 0 0.00040000000000000002 1
-0.47999999999999987 0.19000000000000017 0.5 0.21000000000000002 0.29999999999999999 1 0.099161960000000007 0 0 0 0.10916196000000002 0 0 0 0.11916196000000001 0 0 0 0.01 1
-0.39999999999999991 0.3600000000000001 0.5 0.22 0.29999999999999999 1 0.099042560000000002 0 0 0 0.10904256000000001 0 0 0 0.11904256000000001 0 0 0 0.00040000000000000002 1
-0.19999999999999996 0.23000000000000004 0.5 0.20000000000000001 0.29999999999999999 1 0.010889232400000001 0 0 0 0.020889232399999999 0 0 0 0.030889232399999998 0 0 0 0.00040000000000000002 1
0 0.70000000000000018 0.5 0.21000000000000002 0.29999999999999999 1 0.098803999999999989 0 0 0 0.108804 0 0 0 0.11880399999999999 0 0 0 0.0030000000000000001 1
0.20000000000000018 0.87000000000000011 0.5 0.22 0.29999999999999999 1 0.01 0 0 0 0.02 0 0 0 0.029999999999999999 0 0 0 0 1
0.40000000000000036 1.04 0.5 0.20000000000000001 0.29999999999999999 1 0.010885657600000001 0 0 0 0.0208856576 0 0 0 0.030885657599999998 0 0 0 0.00040000000000000002 1
0.60000000000000009 1.21 0.5 0.21000000000000002 0.29999999999999999 1 0.098446760000000008 0 0 0 0.10844676000000002 0 0 0 0.11844676000000001 0 0 0 0.01 1
0.92000000000000026 1.3800000000000003 0.5 0.22 0.29999999999999999 1 0.09832784 0 0 0 0.10832784000000001 0 0 0 0.11832784 0 0 0 0.01 1
1 1.5500000000000003 0.5 0.20000000000000001 0.29999999999999999 1 0.098209000000000019 0 0 0 0.10820900000000003 0 0 0 0.11820900000000002 0 0 0 0.01 1
1.2000000000000002 1.7200000000000002 0.5 0.21000000000000002 0.29999999999999999 1 0.098090239999999981 0 0 0 0.10809023999999999 0 0 0 0.11809023999999999 0 0 0 0.01 1
1.4000000000000004 -1 0.5 0.22 0.29999999999999999 1 0.097971560000000013 0 0 0 0.10797156000000002 0 0 0 0.11797156000000002 0 0 0 0.00040000000000000002 1
1.6000000000000001 -1.1299999999999999 0.5 0.20000000000000001 0.29999999999999999 1 0.010878529600000001 0 0 0 0.020878529600000001 0 0 0 0.030878529599999999 0 0 0 0.00040000000000000002 1
-2 -0.65999999999999992 0.5 0.21000000000000002 0.29999999999999999 1 0.097734440000000006 0 0 0 0.10773444000000001 0 0 0 0.11773444000000001 0 0 0 0.00040000000000000002 1
-1.8 -0.48999999999999999 0.5 0.22 0.29999999999999999 1 0.097615999999999994 0 0 0 0.107616 0 0 0 0.117616 0 0 0 0.0030000000000000001 1
-1.48 -0.31999999999999995 0.5 0.20000000000000001 0.29999999999999999 1 0.0108749764 0 0 0 0.020874976400000002 0 0 0 0.0308749764 0 0 0 0.00040000000000000002 1
-1.3999999999999999 -0.14999999999999991 0.5 0.21000000000000002 0.29999999999999999 1 0.01 0 0 0 0.02 0 0 0 0.029999999999999999 0 0 0 0 1
-1.2 0.020000000000000018 0.5 0.22 0.29999999999999999 1 0.097261160000000013 0 0 0 0.10726116000000002 0 0 0 0.11726116000000002 0 0 0 0.00040000000000000002 1
-1 0.19000000000000017 0.5 0.20000000000000001 0.29999999999999999 1 0.0108714304 0 0 0 0.020871430400000002 0 0 0 0.0308714304 0 0 0 0.00040000000000000002 1
-0.79999999999999982 0.3600000000000001 0.5 0.21000000000000002 0.29999999999999999 1 0.097025 0 0 0 0.10702500000000001 0 0 0 0.117025 0 0 0 0.01 1
-0.59999999999999987 0.53000000000000003 0.5 0.22 0.29999999999999999 1 0.096907040000000014 0 0 0 0.10690704000000002 0 0 0 0.11690704000000002 0 0 0 0.01 1
-0.39999999999999991 0.40000000000000019 0.5 0.20000000000000001 0.29999999999999999 1 0.0108678916 0 0 0 0.020867891600000001 0 0 0 0.030867891599999999 0 0 0 0.00040000000000000002 1
-0.07999999999999996 0.87000000000000011 0.5 0.21000000000000002 0.29999999999999999 1 0.096671360000000026 0 0 0 0.10667136000000003 0 0 0 0.11667136000000003 0 0 0 0.01 1
0 1.04 0.5 0.22 0.29999999999999999 1 0.096553639999999996 0 0 0 0.10655364000000001 0 0 0 0.11655364 0 0 0 0.00040000000000000002 1
0.20000000000000018 1.21 0.5 0.20000000000000001 0.29999999999999999 1 0.096436000000000022 0 0 0 0.10643600000000003 0 0 0 0.11643600000000003 0 0 0 0.0030000000000000001 1
0.40000000000000036 1.3800000000000003 0.5 0.21000000000000002 0.29999999999999999 1 0.096318440000000005 0 0 0 0.10631844000000001 0 0 0 0.11631844000000001 0 0 0 0.00040000000000000002 1
0.60000000000000009 1.5500000000000003 0.5 0.22 0.29999999999999999 1 0.096200960000000016 0 0 0 0.10620096000000002 0 0 0 0.11620096000000002 0 0 0 0.00040000000000000002 1
0.80000000000000027 1.7200000000000002 0.5 0.20000000000000001 0.29999999999999999 1 0.01 0 0 0 0.02 0 0 0 0.029999999999999999 0 0 0 0 1
1 -1 0.5 0.21000000000000002 0.29999999999999999 1 0.095966240000000022 0 0 0 0.10596624000000003 0 0 0 0.11596624000000003 0 0 0 0.00040000000000000002 1
1.3200000000000003 -0.82999999999999996 0.5 0.22 0.29999999999999999 1 0.095849000000000004 0 0 0 0.10584900000000001 0 0 0 0.11584900000000001 0 0 0 0.01 1
1.4000000000000004 -0.95999999999999996 0.5 0.20000000000000001 0.29999999999999999 1 0.010857318400000001 0 0 0 0.020857318400000002 0 0 0 0.0308573184 0 0 0 0.00040000000000000002 1
1.6000000000000001 -0.48999999999999999 0.5 0.21000000000000002 0.29999999999999999 1 0.095614760000000007 0 0 0 0.10561476000000002 0 0 0 0.11561476000000001 0 0 0 0.01 1
-2 -0.31999999999999995 0.5 0.22 0.29999999999999999 1 0.095497760000000015 0 0 0 0.10549776000000002 0 0 0 0.11549776000000002 0 0 0 0.01 1
-1.8 -0.14999999999999991 0.5 0.20000000000000001 0.29999999999999999 1 0.0108538084 0 0 0 0.0208538084 0 0 0 0.030853808399999998 0 0 0 0.00040000000000000002 1
-1.6000000000000001 0.020000000000000018 0.5 0.21000000000000002 0.29999999999999999 1 0.095264000000000015 0 0 0 0.10526400000000002 0 0 0 0.11526400000000002 0 0 0 0.01 1
-1.3999999999999999 0.19000000000000017 0.5 0.22 0.29999999999999999 1 0.095147240000000008 0 0 0 0.10514724000000002 0 0 0 0.11514724000000001 0 0 0 0.00040000000000000002 1
-1.0800000000000001 0.3600000000000001 0.5 0.20000000000000001 0.29999999999999999 1 0.0108503056 0 0 0 0.020850305600000001 0 0 0 0.030850305599999999 0 0 0 0.00040000000000000002 1
-1 0.53000000000000003 0.5 0.21000000000000002 0.29999999999999999 1 0.094913960000000019 0 0 0 0.10491396000000003 0 0 0 0.11491396000000002 0 0 0 0.00040000000000000002 1
-0.79999999999999982 0.70000000000000018 0.5 0.22 0.29999999999999999 1 0.01 0 0 0 0.02 0 0 0 0.029999999999999999 0 0 0 0 1
-0.59999999999999987 0.57000000000000006 0.5 0.20000000000000001 0.29999999999999999 1 0.094681000000000015 0 0 0 0.10468100000000002 0 0 0 0.11468100000000002 0 0 0 0.01 1
-0.39999999999999991 1.04 0.5 0.21000000000000002 0.29999999999999999 1 0.094564640000000019 0 0 0 0.10456464000000003 0 0 0 0.11456464000000002 0 0 0 0.00040000000000000002 1
-0.19999999999999996 1.21 0.5 0.22 0.29999999999999999 1 0.094448359999999995 0 0 0 0.10444836 0 0 0 0.11444836 0 0 0 0.00040000000000000002 1
0 1.3800000000000003 0.5 0.20000000000000001 0.29999999999999999 1 0.010843321600000001 0 0 0 0.020843321599999999 0 0 0 0.030843321599999998 0 0 0 0.00040000000000000002 1
0.32000000000000017 1.5500000000000003 0.5 0.21000000000000002 0.29999999999999999 1 0.094216040000000001 0 0 0 0.10421604000000001 0 0 0 0.11421604 0 0 0 0.01 1
0.40000000000000036 1.7200000000000002 0.5 0.22 0.29999999999999999 1 0.094100000000000017 0 0 0 0.10410000000000003 0 0 0 0.11410000000000002 0 0 0 0.01 1
0.60000000000000009 -1 0.5 0.20000000000000001 0.29999999999999999 1 0.0108398404 0 0 0 0.0208398404 0 0 0 0.030839840399999999 0 0 0 0.00040000000000000002 1
0.80000000000000027 -0.82999999999999996 0.5 0.21000000000000002 0.29999999999999999 1 0.093868160000000006 0 0 0 0.10386816000000001 0 0 0 0.11386816000000001 0 0 0 0.01 1
1 -0.65999999999999992 0.5 0.22 0.29999999999999999 1 0.093752360000000007 0 0 0 0.10375236000000002 0 0 0 0.11375236000000001 0 0 0 0.00040000000000000002 1
1.2000000000000002 -0.79000000000000004 0.5 0.20000000000000001 0.29999999999999999 1 0.0108363664 0 0 0 0.0208363664 0 0 0 0.030836366399999999 0 0 0 0.00040000000000000002 1
1.4000000000000004 -0.31999999999999995 0.5 0.21000000000000002 0.29999999999999999 1 0.01 0 0 0 0.02 0 0 0 0.029999999999999999 0 0 0 0 1
1.7200000000000002 -0.14999999999999991 0.5 0.22 0.29999999999999999 1 0.093405440000000006 0 0 0 0.10340544000000002 0 0 0 0.11340544000000001 0 0 0 0.01 1
-2 0.020000000000000018 0.5 0.20000000000000001 0.29999999999999999 1 0.010832899600000001 0 0 0 0.0208328996 0 0 0 0.030832899599999998 0 0 0 0.00040000000000000002 1
-1.8 0.19000000000000017 0.5 0.21000000000000002 0.29999999999999999 1 0.093174560000000017 0 0 0 0.10317456000000003 0 0 0 0.11317456000000002 0 0 0 0.00040000000000000002 1
-1.6000000000000001 0.3600000000000001 0.5 0.22 0.29999999999999999 1 0.093059240000000001 0 0 0 0.10305924000000001 0 0 0 0.11305924000000001 0 0 0 0.00040000000000000002 1
-1.3999999999999999 0.53000000000000003 0.5 0.20000000000000001 0.29999999999999999 1 0.092944000000000013 0 0 0 0.10294400000000002 0 0 0 0.11294400000000002 0 0 0 0.01 1
-1.2 0.70000000000000018 0.5 0.21000000000000002 0.29999999999999999 1 0.09282884000000001 0 0 0 0.10282884000000002 0 0 0 0.11282884000000001 0 0 0 0.01 1
-1 0.87000000000000011 0.5 0.22 0.29999999999999999 1 0.09271376000000002 0 0 0 0.10271376000000003 0 0 0 0.11271376000000002 0 0 0 0.01 1
-0.67999999999999983 0.73999999999999999 0.5 0.20000000000000001 0.29999999999999999 1 0.0108259876 0 0 0 0.020825987600000002 0 0 0 0.0308259876 0 0 0 0.00040000000000000002 1
-0.59999999999999987 1.21 0.5 0.21000000000000002 0.29999999999999999 1 0.092483840000000012 0 0 0 0.10248384000000002 0 0 0 0.11248384000000002 0 0 0 0.01 1
-0.39999999999999991 1.3800000000000003 0.5 0.22 0.29999999999999999 1 0.092369000000000007 0 0 0 0.10236900000000002 0 0 0 0.11236900000000001 0 0 0 0.0030000000000000001 1
-0.19999999999999996 1.5500000000000003 0.5 0.20000000000000001 0.29999999999999999 1 0.01 0 0 0 0.02 0 0 0 0.029999999999999999 0 0 0 0 1
0 1.7200000000000002 0.5 0.21000000000000002 0.29999999999999999 1 0.092139560000000009 0 0 0 0.10213956000000002 0 0 0 0.11213956000000001 0 0 0 0.00040000000000000002 1
0.20000000000000018 -1 0.5 0.22 0.29999999999999999 1 0.092024960000000017 0 0 0 0.10202496000000003 0 0 0 0.11202496000000002 0 0 0 0.00040000000000000002 1
0.40000000000000036 -0.82999999999999996 0.5 0.20000000000000001 0.29999999999999999 1 0.0108191044 0 0 0 0.0208191044 0 0 0 0.030819104399999998 0 0 0 0.00040000000000000002 1
0.72000000000000008 -0.65999999999999992 0.5 0.21000000000000002 0.29999999999999999 1 0.091796000000000016 0 0 0 0.10179600000000003 0 0 0 0.11179600000000002 0 0 0 0.01 1
0.80000000000000027 -0.48999999999999999 0.5 0.22 0.29999999999999999 1 0.091681640000000009 0 0 0 0.10168164000000002 0 0 0 0.11168164000000001 0 0 0 0.00040000000000000002 1
1 -0.61999999999999988 0.5 0.20000000000000001 0.29999999999999999 1 0.010815673600000001 0 0 0 0.020815673600000001 0 0 0 0.030815673599999999 0 0 0 0.00040000000000000002 1
1.2000000000000002 -0.14999999999999991 0.5 0.21000000000000002 0.29999999999999999 1 0.091453160000000006 0 0 0 0.10145316000000001 0 0 0 0.11145316000000001 0 0 0 0.01 1
1.4000000000000004 0.020000000000000018 0.5 0.22 0.29999999999999999 1 0.09133904000000001 0 0 0 0.10133904000000002 0 0 0 0.11133904000000001 0 0 0 0.01 1
1.6000000000000001 0.19000000000000017 0.5 0.20000000000000001 0.29999999999999999 1 0.091225000000000001 0 0 0 0.10122500000000001 0 0 0 0.111225 0 0 0 0.01 1
-2 0.3600000000000001 0.5 0.21000000000000002 0.29999999999999999 1 0.091111040000000004 0 0 0 0.10111104000000001 0 0 0 0.11111104000000001 0 0 0 0.01 1
-1.8 0.53000000000000003 0.5 0.22 0.29999999999999999 1 0.01 0 0 0 0.02 0 0 0 0.029999999999999999 0 0 0 0 1
-1.6000000000000001 0.70000000000000018 0.5 0.20000000000000001 0.29999999999999999 1 0.0108088336 0 0 0 0.0208088336 0 0 0 0.030808833599999998 0 0 0 0.00040000000000000002 1
-1.3999999999999999 0.87000000000000011 0.5 0.21000000000000002 0.29999999999999999 1 0.090769639999999999 0 0 0 0.10076964000000001 0 0 0 0.11076964 0 0 0 0.00040000000000000002 1
-1.2 1.04 0.5 0.22 0.29999999999999999 1 0.090656000000000014 0 0 0 0.10065600000000002 0 0 0 0.11065600000000002 0 0 0 0.0030000000000000001 1
-1 0.90999999999999992 0.5 0.20000000000000001 0.29999999999999999 1 0.010805424400000001 0 0 0 0.020805424400000001 0 0 0 0.0308054244 0 0 0 0.00040000000000000002 1
-0.79999999999999982 1.3800000000000003 0.5 0.21000000000000002 0.29999999999999999 1 0.090428960000000017 0 0 0 0.10042896000000003 0 0 0 0.11042896000000002 0 0 0 0.00040000000000000002 1
-0.59999999999999987 1.5500000000000003 0.5 0.22 0.29999999999999999 1 0.090315560000000003 0 0 0 0.10031556000000001 0 0 0 0.11031556000000001 0 0 0 0.00040000000000000002 1
-0.27999999999999992 1.7200000000000002 0.5 0.20000000000000001 0.29999999999999999 1 0.0108020224 0 0 0 0.020802022400000002 0 0 0 0.0308020224 0 0 0 0.00040000000000000002 1
-0.19999999999999996 -1 0.5 0.21000000000000002 0.29999999999999999 1 0.090089000000000002 0 0 0 0.10008900000000001 0 0 0 0.11008900000000001 0 0 0 0.01 1
0 -0.82999999999999996 0.5 0.22 0.29999999999999999 1 0.089975840000000015 0 0 0 0.099975840000000024 0 0 0 0.10997584000000002 0 0 0 0.01 1
0.20000000000000018 -0.65999999999999992 0.5 0.20000000000000001 0.29999999999999999 1 0.010798627600000001 0 0 0 0.020798627600000001 0 0 0 0.0307986276 0 0 0 0.00040000000000000002 1
0.40000000000000036 -0.48999999999999999 0.5 0.21000000000000002 0.29999999999999999 1 0.01 0 0 0 0.02 0 0 0 0.029999999999999999 0 0 0 0 1
0.60000000000000009 -0.31999999999999995 0.5 0.22 0.29999999999999999 1 0.089636840000000009 0 0 0 0.099636840000000018 0 0 0 0.10963684000000001 0 0 0 0.00040000000000000002 1
0.80000000000000027 -0.4499999999999999 0.5 0.20000000000000001 0.29999999999999999 1 0.08952400000000002 0 0 0 0.099524000000000029 0 0 0 0.10952400000000002 0 0 0 0.01 1
1.1200000000000001 0.020000000000000018 0.5 0.21000000000000002 0.29999999999999999 1 0.089411240000000003 0 0 0 0.099411240000000012 0 0 0 0.10941124000000001 0 0 0 0.01 1
1.2000000000000002 0.19000000000000017 0.5 0.22 0.29999999999999999 1 0.089298560000000013 0 0 0 0.099298560000000022 0 0 0 0.10929856000000002 0 0 0 0.00040000000000000002 1
1.4000000000000004 0.3600000000000001 0.5 0.20000000000000001 0.29999999999999999 1 0.0107918596 0 0 0 0.0207918596 0 0 0 0.030791859599999999 0 0 0 0.00040000000000000002 1
1.6000000000000001 0.53000000000000003 0.5 0.21000000000000002 0.29999999999999999 1 0.089073440000000018 0 0 0 0.099073440000000026 0 0 0 0.10907344000000002 0 0 0 0.00040000000000000002 1
-2 0.70000000000000018 0.5 0.22 0.29999999999999999 1 0.088960999999999998 0 0 0 0.098961000000000007 0 0 0 0.108961 0 0 0 0.0030000000000000001 1
-1.8 0.87000000000000011 0.5 0.20000000000000001 0.29999999999999999 1 0.0107884864 0 0 0 0.0207884864 0 0 0 0.030788486399999999 0 0 0 0.00040000000000000002 1
-1.6000000000000001 1.04 0.5 0.21000000000000002 0.29999999999999999 1 0.08873636 0 0 0 0.098736360000000009 0 0 0 0.10873636 0 0 0 0.01 1
-1.2799999999999998 1.21 0.5 0.22 0.29999999999999999 1 0.088624160000000007 0 0 0 0.098624160000000016 0 0 0 0.10862416000000001 0 0 0 0.01 1
-1.2 1.3800000000000003 0.5 0.20000000000000001 0.29999999999999999 1 0.01 0 0 0 0.02 0 0 0 0.029999999999999999 0 0 0 0 1
-1 1.5500000000000003 0.5 0.21000000000000002 0.29999999999999999 1 0.088400000000000006 0 0 0 0.098400000000000015 0 0 0 0.10840000000000001 0 0 0 0.01 1
-0.79999999999999982 1.7200000000000002 0.5 0.22 0.29999999999999999 1 0.088288039999999998 0 0 0 0.098288040000000007 0 0 0 0.10828804 0 0 0 0.00040000000000000002 1
-0.59999999999999987 -1 0.5 0.20000000000000001 0.29999999999999999 1 0.0107817616 0 0 0 0.0207817616 0 0 0 0.030781761599999999 0 0 0 0.00040000000000000002 1
-0.39999999999999991 -0.82999999999999996 0.5 0.21000000000000002 0.29999999999999999 1 0.088064360000000008 0 0 0 0.098064360000000017 0 0 0 0.10806436000000001 0 0 0 0.00040000000000000002 1
-0.19999999999999996 -0.65999999999999992 0.5 0.22 0.29999999999999999 1 0.087952640000000012 0 0 0 0.097952640000000021 0 0 0 0.10795264000000002 0 0 0 0.00040000000000000002 1
0.12 -0.48999999999999999 0.5 0.20000000000000001 0.29999999999999999 1 0.087841000000000002 0 0 0 0.097841000000000011 0 0 0 0.10784100000000001 0 0 0 0.01 1
0.20000000000000018 -0.31999999999999995 0.5 0.21000000000000002 0.29999999999999999 1 0.08772944000000002 0 0 0 0.097729440000000029 0 0 0 0.10772944000000002 0 0 0 0.00040000000000000002 1
0.40000000000000036 -0.14999999999999991 0.5 0.22 0.29999999999999999 1 0.087617959999999995 0 0 0 0.097617960000000004 0 0 0 0.10761796 0 0 0 0.00040000000000000002 1
0.60000000000000009 -0.27999999999999997 0.5 0.20000000000000001 0.29999999999999999 1 0.0107750656 0 0 0 0.0207750656 0 0 0 0.030775065599999998 0 0 0 0.00040000000000000002 1
0.80000000000000027 0.19000000000000017 0.5 0.21000000000000002 0.29999999999999999 1 0.087395239999999999 0 0 0 0.097395240000000008 0 0 0 0.10739524 0 0 0 0.01 1
1 0.3600000000000001 0.5 0.22 0.29999999999999999 1 0.01 0 0 0 0.02 0 0 0 0.029999999999999999 0 0 0 0 1
1.2000000000000002 0.53000000000000003 0.5 0.20000000000000001 0.29999999999999999 1 0.0107717284 0 0 0 0.020771728400000002 0 0 0 0.0307717284 0 0 0 0.00040000000000000002 1
1.5200000000000005 0.70000000000000018 0.5 0.21000000000000002 0.29999999999999999 1 0.087061760000000002 0 0 0 0.097061760000000011 0 0 0 0.10706176000000001 0 0 0 0.01 1
1.6000000000000001 0.87000000000000011 0.5 0.22 0.29999999999999999 1 0.086950760000000002 0 0 0 0.096950760000000011 0 0 0 0.10695076000000001 0 0 0 0.00040000000000000002 1
-2 1.04 0.5 0.20000000000000001 0.29999999999999999 1 0.0107683984 0 0 0 0.020768398399999999 0 0 0 0.030768398400000001 0 0 0 0.00040000000000000002 1
-1.8 1.21 0.5 0.21000000000000002 0.29999999999999999 1 0.086729000000000001 0 0 0 0.096729000000000009 0 0 0 0.106729 0 0 0 0.0030000000000000001 1
-1.6000000000000001 1.3800000000000003 0.5 0.22 0.29999999999999999 1 0.086618240000000013 0 0 0 0.096618240000000022 0 0 0 0.10661824000000002 0 0 0 0.00040000000000000002 1
-1.3999999999999999 1.2500000000000002 0.5 0.20000000000000001 0.29999999999999999 1 0.0107650756 0 0 0 0.020765075600000002 0 0 0 0.0307650756 0 0 0 0.00040000000000000002 1
-1.2 1.7200000000000002 0.5 0.21000000000000002 0.29999999999999999 1 0.086396960000000009 0 0 0 0.096396960000000018 0 0 0 0.10639696000000001 0 0 0 0.00040000000000000002 1
-0.88 -1 0.5 0.22 0.29999999999999999 1 0.086286440000000006 0 0 0 0.096286440000000015 0 0 0 0.10628644000000001 0 0 0 0.01 1
-0.79999999999999982 -0.82999999999999996 0.5 0.20000000000000001 0.29999999999999999 1 0.086176000000000003 0 0 0 0.096176000000000011 0 0 0 0.10617600000000001 0 0 0 0.01 1
-0.59999999999999987 -0.65999999999999992 0.5 0.21000000000000002 0.29999999999999999 1 0.01 0 0 0 0.02 0 0 0 0.029999999999999999 0 0 0 0 1
-0.39999999999999991 -0.48999999999999999 0.5 0.22 0.29999999999999999 1 0.085955360000000008 0 0 0 0.095955360000000017 0 0 0 0.10595536000000001 0 0 0 0.01 1
-0.19999999999999996 -0.31999999999999995 0.5 0.20000000000000001 0.29999999999999999 1 0.0107584516 0 0 0 0.020758451600000002 0 0 0 0.0307584516 0 0 0 0.00040000000000000002 1
0 -0.14999999999999991 0.5 0.21000000000000002 0.29999999999999999 1 0.085735040000000012 0 0 0 0.095735040000000021 0 0 0 0.10573504000000002 0 0 0 0.01 1
0.20000000000000018 0.020000000000000018 0.5 0.22 0.29999999999999999 1 0.085624999999999993 0 0 0 0.095625000000000002 0 0 0 0.105625 0 0 0 0.0030000000000000001 1
0.52000000000000035 -0.10999999999999982 0.5 0.20000000000000001 0.29999999999999999 1 0.0107551504 0 0 0 0.020755150400000002 0 0 0 0.0307551504 0 0 0 0.00040000000000000002 1
0.60000000000000009 0.3600000000000001 0.5 0.21000000000000002 0.29999999999999999 1 0.085405159999999994 0 0 0 0.095405160000000003 0 0 0 0.10540516 0 0 0 0.00040000000000000002 1
0.80000000000000027 0.53000000000000003 0.5 0.22 0.29999999999999999 1 0.085295360000000014 0 0 0 0.095295360000000023 0 0 0 0.10529536000000002 0 0 0 0.00040000000000000002 1
1 0.70000000000000018 0.5 0.20000000000000001 0.29999999999999999 1 0.010751856400000001 0 0 0 0.020751856400000001 0 0 0 0.030751856399999999 0 0 0 0.00040000000000000002 1
1.2000000000000002 0.87000000000000011 0.5 0.21000000000000002 0.29999999999999999 1 0.085076000000000013 0 0 0 0.095076000000000022 0 0 0 0.10507600000000002 0 0 0 0.0030000000000000001 1
1.4000000000000004 1.04 0.5 0.22 0.29999999999999999 1 0.08496643999999999 0 0 0 0.094966439999999999 0 0 0 0.10496643999999999 0 0 0 0.00040000000000000002 1
1.6000000000000001 1.21 0.5 0.20000000000000001 0.29999999999999999 1 0.01 0 0 0 0.02 0 0 0 0.029999999999999999 0 0 0 0 1
-1.8799999999999999 1.3800000000000003 0.5 0.21000000000000002 0.29999999999999999 1 0.08474756 0 0 0 0.094747560000000008 0 0 0 0.10474756 0 0 0 0.01 1
-1.8 1.5500000000000003 0.5 0.22 0.29999999999999999 1 0.084638240000000017 0 0 0 0.094638240000000026 0 0 0 0.10463824000000002 0 0 0 0.01 1
-1.6000000000000001 1.4200000000000002 0.5 0.20000000000000001 0.29999999999999999 1 0.084528999999999993 0 0 0 0.094529000000000002 0 0 0 0.104529 0 0 0 0.01 1
-1.3999999999999999 -1 0.5 0.21000000000000002 0.29999999999999999 1 0.08441984000000001 0 0 0 0.094419840000000019 0 0 0 0.10441984000000001 0 0 0 0.01 1
-1.2 -0.82999999999999996 0.5 0.22 0.29999999999999999 1 0.084310759999999998 0 0 0 0.094310760000000007 0 0 0 0.10431076 0 0 0 0.00040000000000000002 1
-1 -0.65999999999999992 0.5 0.20000000000000001 0.29999999999999999 1 0.010742017600000001 0 0 0 0.020742017599999999 0 0 0 0.030742017599999998 0 0 0 0.00040000000000000002 1
-0.79999999999999982 -0.48999999999999999 0.5 0.21000000000000002 0.29999999999999999 1 0.084092839999999988 0 0 0 0.094092839999999997 0 0 0 0.10409283999999999 0 0 0 0.00040000000000000002 1
-0.47999999999999987 -0.31999999999999995 0.5 0.22 0.29999999999999999 1 0.083984000000000017 0 0 0 0.093984000000000026 0 0 0 0.10398400000000002 0 0 0 0.01 1
-0.39999999999999991 -0.14999999999999991 0.5 0.20000000000000001 0.29999999999999999 1 0.010738752400000001 0 0 0 0.020738752400000001 0 0 0 0.0307387524 0 0 0 0.00040000000000000002 1
-0.19999999999999996 0.020000000000000018 0.5 0.21000000000000002 0.29999999999999999 1 0.083766560000000018 0 0 0 0.093766560000000027 0 0 0 0.10376656000000002 0 0 0 0.00040000000000000002 1
0 0.19000000000000017 0.5 0.22 0.29999999999999999 1 0.01 0 0 0 0.02 0 0 0 0.029999999999999999 0 0 0 0 1
0.20000000000000018 0.060000000000000109 0.5 0.20000000000000001 0.29999999999999999 1 0.0107354944 0 0 0 0.020735494400000002 0 0 0 0.0307354944 0 0 0 0.00040000000000000002 1
0.40000000000000036 0.53000000000000003 0.5 0.21000000000000002 0.29999999999999999 1 0.083441000000000001 0 0 0 0.09344100000000001 0 0 0 0.10344100000000001 0 0 0 0.01 1
0.60000000000000009 0.70000000000000018 0.5 0.22 0.29999999999999999 1 0.083332639999999999 0 0 0 0.093332640000000008 0 0 0 0.10333264 0 0 0 0.01 1
0.92000000000000026 0.87000000000000011 0.5 0.20000000000000001 0.29999999999999999 1 0.0107322436 0 0 0 0.020732243600000002 0 0 0 0.0307322436 0 0 0 0.00040000000000000002 1
1 1.04 0.5 0.21000000000000002 0.29999999999999999 1 0.083116160000000008 0 0 0 0.093116160000000017 0 0 0 0.10311616000000001 0 0 0 0.01 1
1.2000000000000002 1.21 0.5 0.22 0.29999999999999999 1 0.083008039999999991 0 0 0 0.09300804 0 0 0 0.10300804 0 0 0 0.00040000000000000002 1
1.4000000000000004 1.3800000000000003 0.5 0.20000000000000001 0.29999999999999999 1 0.082900000000000001 0 0 0 0.09290000000000001 0 0 0 0.10290000000000001 0 0 0 0.0030000000000000001 1
1.6000000000000001 1.5500000000000003 0.5 0.21000000000000002 0.29999999999999999 1 0.082792039999999997 0 0 0 0.092792040000000006 0 0 0 0.10279204 0 0 0 0.00040000000000000002 1
-2 1.7200000000000002 0.5 0.22 0.29999999999999999 1 0.082684160000000007 0 0 0 0.092684160000000015 0 0 0 0.10268416000000001 0 0 0 0.00040000000000000002 1
-1.8 -1.3 0.5 0.20000000000000001 0.29999999999999999 1 0.0107257636 0 0 0 0.020725763599999999 0 0 0 0.030725763599999997 0 0 0 0.00040000000000000002 1
-1.6000000000000001 -0.82999999999999996 0.5 0.21000000000000002 0.29999999999999999 1 0.01 0 0 0 0.02 0 0 0 0.029999999999999999 0 0 0 0 1
-1.3999999999999999 -0.65999999999999992 0.5 0.22 0.29999999999999999 1 0.08236099999999999 0 0 0 0.092360999999999999 0 0 0 0.10236099999999999 0 0 0 0.0030000000000000001 1
-1.2 -0.48999999999999999 0.5 0.20000000000000001 0.29999999999999999 1 0.010722534400000001 0 0 0 0.020722534399999999 0 0 0 0.030722534399999998 0 0 0 0.00040000000000000002 1
-1 -0.31999999999999995 0.5 0.21000000000000002 0.29999999999999999 1 0.082145960000000018 0 0 0 0.092145960000000027 0 0 0 0.10214596000000002 0 0 0 0.01 1
-0.79999999999999982 -0.14999999999999991 0.5 0.22 0.29999999999999999 1 0.08203856000000001 0 0 0 0.092038560000000019 0 0 0 0.10203856000000001 0 0 0 0.01 1
-0.59999999999999987 0.020000000000000018 0.5 0.20000000000000001 0.29999999999999999 1 0.0107193124 0 0 0 0.020719312400000002 0 0 0 0.0307193124 0 0 0 0.00040000000000000002 1
-0.39999999999999991 0.19000000000000017 0.5 0.21000000000000002 0.29999999999999999 1 0.081824000000000008 0 0 0 0.091824000000000017 0 0 0 0.10182400000000001 0 0 0 0.01 1
-0.07999999999999996 0.3600000000000001 0.5 0.22 0.29999999999999999 1 0.081716840000000013 0 0 0 0.091716840000000022 0 0 0 0.10171684000000002 0 0 0 0.01 1
0 0.23000000000000004 0.5 0.20000000000000001 0.29999999999999999 1 0.0107160976 0 0 0 0.0207160976 0 0 0 0.030716097599999999 0 0 0 0.00040000000000000002 1
0.20000000000000018 0.70000000000000018 0.5 0.21000000000000002 0.29999999999999999 1 0.081502760000000007 0 0 0 0.091502760000000016 0 0 0 0.10150276000000001 0 0 0 0.00040000000000000002 1
0.40000000000000036 0.87000000000000011 0.5 0.22 0.29999999999999999 1 0.081395840000000011 0 0 0 0.09139584000000002 0 0 0 0.10139584000000001 0 0 0 0.00040000000000000002 1
0.60000000000000009 1.04 0.5 0.20000000000000001 0.29999999999999999 1 0.01 0 0 0 0.02 0 0 0 0.029999999999999999 0 0 0 0 1
0.80000000000000027 1.21 0.5 0.21000000000000002 0.29999999999999999 1 0.081182240000000003 0 0 0 0.091182240000000012 0 0 0 0.10118224000000001 0 0 0 0.00040000000000000002 1
1 1.3800000000000003 0.5 0.22 0.29999999999999999 1 0.081075560000000019 0 0 0 0.091075560000000028 0 0 0 0.10107556000000002 0 0 0 0.00040000000000000002 1
1.3200000000000003 1.5500000000000003 0.5 0.20000000000000001 0.29999999999999999 1 0.010709689600000001 0 0 0 0.020709689600000001 0 0 0 0.030709689599999999 0 0 0 0.00040000000000000002 1
1.4000000000000004 1.7200000000000002 0.5 0.21000000000000002 0.29999999999999999 1 0.080862440000000008 0 0 0 0.090862440000000017 0 0 0 0.10086244000000001 0 0 0 0.01 1
1.6000000000000001 -1 0.5 0.22 0.29999999999999999 1 0.080756000000000008 0 0 0 0.090756000000000017 0 0 0 0.10075600000000001 0 0 0 0.01 1
-2 -1.1299999999999999 0.5 0.20000000000000001 0.29999999999999999 1 0.010706496400000001 0 0 0 0.0207064964 0 0 0 0.030706496399999998 0 0 0 0.00040000000000000002 1
-1.8 -0.65999999999999992 0.5 0.21000000000000002 0.29999999999999999 1 0.080543360000000008 0 0 0 0.090543360000000017 0 0 0 0.10054336000000001 0 0 0 0.01 1
-1.6000000000000001 -0.48999999999999999 0.5 0.22 0.29999999999999999 1 0.080437160000000008 0 0 0 0.090437160000000016 0 0 0 0.10043716000000001 0 0 0 0.00040000000000000002 1
-1.3999999999999999 -0.31999999999999995 0.5 0.20000000000000001 0.29999999999999999 1 0.010703310400000001 0 0 0 0.020703310400000001 0 0 0 0.030703310399999999 0 0 0 0.00040000000000000002 1
-1.0800000000000001 -0.14999999999999991 0.5 0.21000000000000002 0.29999999999999999 1 0.080225000000000019 0 0 0 0.090225000000000027 0 0 0 0.10022500000000002 0 0 0 0.01 1
-1 0.020000000000000018 0.5 0.22 0.29999999999999999 1 0.01 0 0 0 0.02 0 0 0 0.029999999999999999 0 0 0 0 1
-0.79999999999999982 0.19000000000000017 0.5 0.20000000000000001 0.29999999999999999 1 0.010700131600000001 0 0 0 0.020700131600000001 0 0 0 0.0307001316 0 0 0 0.00040000000000000002 1
-0.59999999999999987 0.3600000000000001 0.5 0.21000000000000002 0.29999999999999999 1 0.079907360000000011 0 0 0 0.089907360000000019 0 0 0 0.099907360000000014 0 0 0 0.00040000000000000002 1
-0.39999999999999991 0.53000000000000003 0.5 0.22 0.29999999999999999 1 0.079801640000000021 0 0 0 0.08980164000000003 0 0 0 0.099801640000000025 0 0 0 0.00040000000000000002 1
-0.19999999999999996 0.40000000000000019 0.5 0.20000000000000001 0.29999999999999999 1 0.079696000000000003 0 0 0 0.089696000000000012 0 0 0 0.099696000000000007 0 0 0 0.01 1
0 0.87000000000000011 0.5 0.21000000000000002 0.29999999999999999 1 0.079590440000000012 0 0 0 0.089590440000000021 0 0 0 0.099590440000000016 0 0 0 0.01 1
0.32000000000000017 1.04 0.5 0.22 0.29999999999999999 1 0.079484960000000007 0 0 0 0.089484960000000016 0 0 0 0.099484960000000011 0 0 0 0.01 1
0.40000000000000036 1.21 0.5 0.20000000000000001 0.29999999999999999 1 0.0106937956 0 0 0 0.020693795600000002 0 0 0 0.0306937956 0 0 0 0.00040000000000000002 1
0.60000000000000009 1.3800000000000003 0.5 0.21000000000000002 0.29999999999999999 1 0.079274239999999996 0 0 0 0.089274240000000005 0 0 0 0.09927424 0 0 0 0.01 1
0.80000000000000027 1.5500000000000003 0.5 0.22 0.29999999999999999 1 0.079169000000000017 0 0 0 0.089169000000000026 0 0 0 0.099169000000000021 0 0 0 0.0030000000000000001 1
1 1.7200000000000002 0.5 0.20000000000000001 0.29999999999999999 1 0.010690638400000001 0 0 0 0.020690638399999999 0 0 0 0.030690638399999998 0 0 0 0.00040000000000000002 1
1.2000000000000002 -1 0.5 0.21000000000000002 0.29999999999999999 1 0.01 0 0 0 0.02 0 0 0 0.029999999999999999 0 0 0 0 1
1.4000000000000004 -0.82999999999999996 0.5 0.22 0.29999999999999999 1 0.078853760000000009 0 0 0 0.088853760000000018 0 0 0 0.098853760000000013 0 0 0 0.00040000000000000002 1
1.7200000000000002 -0.95999999999999996 0.5 0.20000000000000001 0.29999999999999999 1 0.0106874884 0 0 0 0.020687488400000002 0 0 0 0.030687488400000001 0 0 0 0.00040000000000000002 1
-2 -0.48999999999999999 0.5 0.21000000000000002 0.29999999999999999 1 0.078644000000000006 0 0 0 0.088644000000000014 0 0 0 0.098644000000000009 0 0 0 0.0030000000000000001 1
-1.8 -0.31999999999999995 0.5 0.22 0.29999999999999999 1 0.07853924000000001 0 0 0 0.088539240000000019 0 0 0 0.098539240000000014 0 0 0 0.00040000000000000002 1
-1.6000000000000001 -0.14999999999999991 0.5 0.20000000000000001 0.29999999999999999 1 0.010684345600000001 0 0 0 0.020684345600000001 0 0 0 0.030684345599999999 0 0 0 0.00040000000000000002 1
-1.3999999999999999 0.020000000000000018 0.5 0.21000000000000002 0.29999999999999999 1 0.078329960000000004 0 0 0 0.088329960000000013 0 0 0 0.098329960000000008 0 0 0 0.01 1
-1.2 0.19000000000000017 0.5 0.22 0.29999999999999999 1 0.078225440000000007 0 0 0 0.088225440000000016 0 0 0 0.098225440000000011 0 0 0 0.01 1
-1 0.3600000000000001 0.5 0.20000000000000001 0.29999999999999999 1 0.07812100000000001 0 0 0 0.088121000000000019 0 0 0 0.098121000000000014 0 0 0 0.01 1
-0.67999999999999983 0.53000000000000003 0.5 0.21000000000000002 0.29999999999999999 1 0.078016639999999998 0 0 0 0.088016640000000007 0 0 0 0.098016640000000002 0 0 0 0.01 1
-0.59999999999999987 0.70000000000000018 0.5 0.22 0.29999999999999999 1 0.077912360000000014 0 0 0 0.087912360000000023 0 0 0 0.097912360000000018 0 0 0 0.00040000000000000002 1
-0.39999999999999991 0.87000000000000011 0.5 0.20000000000000001 0.29999999999999999 1 0.01 0 0 0 0.02 0 0 0 0.029999999999999999 0 0 0 0 1
-0.19999999999999996 1.04 0.5 0.21000000000000002 0.29999999999999999 1 0.077704040000000016 0 0 0 0.087704040000000025 0 0 0 0.09770404000000002 0 0 0 0.00040000000000000002 1
0 1.21 0.5 0.22 0.29999999999999999 1 0.077600000000000002 0 0 0 0.087600000000000011 0 0 0 0.097600000000000006 0 0 0 0.0030000000000000001 1
0.20000000000000018 1.3800000000000003 0.5 0.20000000000000001 0.29999999999999999 1 0.010674960400000001 0 0 0 0.020674960400000001 0 0 0 0.0306749604 0 0 0 0.00040000000000000002 1
0.40000000000000036 1.5500000000000003 0.5 0.21000000000000002 0.29999999999999999 1 0.077392160000000002 0 0 0 0.08739216000000001 0 0 0 0.097392160000000005 0 0 0 0.00040000000000000002 1
0.72000000000000008 1.7200000000000002 0.5 0.22 0.29999999999999999 1 0.077288360000000014 0 0 0 0.087288360000000023 0 0 0 0.097288360000000018 0 0 0 0.01 1
0.80000000000000027 -1 0.5 0.20000000000000001 0.29999999999999999 1 0.010671846400000001 0 0 0 0.020671846399999999 0 0 0 0.030671846399999998 0 0 0 0.00040000000000000002 1
1 -0.82999999999999996 0.5 0.21000000000000002 0.29999999999999999 1 0.077081000000000011 0 0 0 0.08708100000000002 0 0 0 0.097081000000000015 0 0 0 0.01 1
1.2000000000000002 -0.65999999999999992 0.5 0.22 0.29999999999999999 1 0.076977439999999994 0 0 0 0.086977440000000003 0 0 0 0.096977439999999998 0 0 0 0.01 1
1.4000000000000004 -0.79000000000000004 0.5 0.20000000000000001 0.29999999999999999 1 0.010668739600000001 0 0 0 0.0206687396 0 0 0 0.030668739599999998 0 0 0 0.00040000000000000002 1
1.6000000000000001 -0.31999999999999995 0.5 0.21000000000000002 0.29999999999999999 1 0.076770560000000002 0 0 0 0.08677056000000001 0 0 0 0.096770560000000005 0 0 0 0.01 1
-2 -0.14999999999999991 0.5 0.22 0.29999999999999999 1 0.01 0 0 0 0.02 0 0 0 0.029999999999999999 0 0 0 0 1
-1.6800000000000002 0.020000000000000018 0.5 0.20000000000000001 0.29999999999999999 1 0.076564000000000007 0 0 0 0.086564000000000016 0 0 0 0.096564000000000011 0 0 0 0.01 1
-1.6000000000000001 0.19000000000000017 0.5 0.21000000000000002 0.29999999999999999 1 0.076460840000000016 0 0 0 0.086460840000000025 0 0 0 0.09646084000000002 0 0 0 0.00040000000000000002 1
-1.3999999999999999 0.3600000000000001 0.5 0.22 0.29999999999999999 1 0.076357760000000011 0 0 0 0.08635776000000002 0 0 0 0.096357760000000015 0 0 0 0.00040000000000000002 1
-1.2 0.53000000000000003 0.5 0.20000000000000001 0.29999999999999999 1 0.010662547600000001 0 0 0 0.020662547600000001 0 0 0 0.030662547599999999 0 0 0 0.00040000000000000002 1
-1 0.70000000000000018 0.5 0.21000000000000002 0.29999999999999999 1 0.076151839999999998 0 0 0 0.086151840000000007 0 0 0 0.096151840000000002 0 0 0 0.00040000000000000002 1
-0.79999999999999982 0.87000000000000011 0.5 0.22 0.29999999999999999 1 0.076049000000000005 0 0 0 0.086049000000000014 0 0 0 0.096049000000000009 0 0 0 0.0030000000000000001 1
-0.59999999999999987 0.73999999999999999 0.5 0.20000000000000001 0.29999999999999999 1 0.0106594624 0 0 0 0.020659462400000002 0 0 0 0.0306594624 0 0 0 0.00040000000000000002 1
-0.27999999999999992 1.21 0.5 0.21000000000000002 0.29999999999999999 1 0.075843560000000004 0 0 0 0.085843560000000013 0 0 0 0.095843560000000008 0 0 0 0.01 1
-0.19999999999999996 1.3800000000000003 0.5 0.22 0.29999999999999999 1 0.075740959999999996 0 0 0 0.085740960000000005 0 0 0 0.09574096 0 0 0 0.01 1
0 1.5500000000000003 0.5 0.20000000000000001 0.29999999999999999 1 0.0106563844 0 0 0 0.020656384400000002 0 0 0 0.0306563844 0 0 0 0.00040000000000000002 1
0.20000000000000018 1.7200000000000002 0.5 0.21000000000000002 0.29999999999999999 1 0.01 0 0 0 0.02 0 0 0 0.029999999999999999 0 0 0 0 1
0.40000000000000036 -1 0.5 0.22 0.29999999999999999 1 0.07543364000000001 0 0 0 0.085433640000000019 0 0 0 0.095433640000000014 0 0 0 0.00040000000000000002 1
0.60000000000000009 -0.82999999999999996 0.5 0.20000000000000001 0.29999999999999999 1 0.0106533136 0 0 0 0.020653313600000001 0 0 0 0.030653313599999999 0 0 0 0.00040000000000000002 1
0.80000000000000027 -0.65999999999999992 0.5 0.21000000000000002 0.29999999999999999 1 0.075229160000000003 0 0 0 0.085229160000000012 0 0 0 0.095229160000000007 0 0 0 0.00040000000000000002 1
1.1200000000000001 -0.48999999999999999 0.5 0.22 0.29999999999999999 1 0.075127039999999992 0 0 0 0.085127040000000001 0 0 0 0.095127039999999996 0 0 0 0.01 1
1.2000000000000002 -0.61999999999999988 0.5 0.20000000000000001 0.29999999999999999 1 0.075025000000000008 0 0 0 0.085025000000000017 0 0 0 0.095025000000000012 0 0 0 0.01 1
1.4000000000000004 -0.14999999999999991 0.5 0.21000000000000002 0.29999999999999999 1 0.074923039999999996 0 0 0 0.084923040000000005 0 0 0 0.09492304 0 0 0 0.00040000000000000002 1
1.6000000000000001 0.020000000000000018 0.5 0.22 0.29999999999999999 1 0.074821160000000012 0 0 0 0.08482116000000002 0 0 0 0.094821160000000015 0 0 0 0.00040000000000000002 1
-2 0.19000000000000017 0.5 0.20000000000000001 0.29999999999999999 1 0.0106471936 0 0 0 0.020647193600000002 0 0 0 0.030647193599999997 0 0 0 0.00040000000000000002 1
-1.8 0.3600000000000001 0.5 0.21000000000000002 0.29999999999999999 1 0.074617640000000013 0 0 0 0.084617640000000022 0 0 0 0.094617640000000017 0 0 0 0.01 1
-1.6000000000000001 0.53000000000000003 0.5 0.22 0.29999999999999999 1 0.074515999999999999 0 0 0 0.084516000000000008 0 0 0 0.094516000000000003 0 0 0 0.01 1
-1.3999999999999999 0.70000000000000018 0.5 0.20000000000000001 0.29999999999999999 1 0.01 0 0 0 0.02 0 0 0 0.029999999999999999 0 0 0 0 1
-1.2 0.87000000000000011 0.5 0.21000000000000002 0.29999999999999999 1 0.074312959999999997 0 0 0 0.084312960000000006 0 0 0 0.094312960000000001 0 0 0 0.01 1
-1 1.04 0.5 0.22 0.29999999999999999 1 0.07421156000000001 0 0 0 0.084211560000000019 0 0 0 0.094211560000000014 0 0 0 0.00040000000000000002 1
-0.79999999999999982 0.90999999999999992 0.5 0.20000000000000001 0.29999999999999999 1 0.0106411024 0 0 0 0.0206411024 0 0 0 0.030641102399999998 0 0 0 0.00040000000000000002 1
-0.59999999999999987 1.3800000000000003 0.5 0.21000000000000002 0.29999999999999999 1 0.074009000000000005 0 0 0 0.084009000000000014 0 0 0 0.094009000000000009 0 0 0 0.0030000000000000001 1
-0.39999999999999991 1.5500000000000003 0.5 0.22 0.29999999999999999 1 0.073907840000000002 0 0 0 0.083907840000000011 0 0 0 0.093907840000000006 0 0 0 0.00040000000000000002 1
-0.19999999999999996 1.7200000000000002 0.5 0.20000000000000001 0.29999999999999999 1 0.0106380676 0 0 0 0.020638067600000001 0 0 0 0.030638067599999999 0 0 0 0.00040000000000000002 1
0.12 -1 0.5 0.21000000000000002 0.29999999999999999 1 0.073705759999999995 0 0 0 0.083705760000000004 0 0 0 0.093705759999999999 0 0 0 0.01 1
0.20000000000000018 -0.82999999999999996 0.5 0.22 0.29999999999999999 1 0.073604840000000005 0 0 0 0.083604840000000014 0 0 0 0.093604840000000009 0 0 0 0.00040000000000000002 1
0.40000000000000036 -0.65999999999999992 0.5 0.20000000000000001 0.29999999999999999 1 0.073504 0 0 0 0.083504000000000009 0 0 0 0.093504000000000004 0 0 0 0.01 1
0.60000000000000009 -0.48999999999999999 0.5 0.21000000000000002 0.29999999999999999 1 0.073403240000000008 0 0 0 0.083403240000000017 0 0 0 0.093403240000000012 0 0 0 0.01 1
0.80000000000000027 -0.31999999999999995 0.5 0.22 0.29999999999999999 1 0.01 0 0 0 0.02 0 0 0 0.029999999999999999 0 0 0 0 1
1 -0.4499999999999999 0.5 0.20000000000000001 0.29999999999999999 1 0.010632019600000001 0 0 0 0.020632019599999999 0 0 0 0.030632019599999998 0 0 0 0.00040000000000000002 1
1.2000000000000002 0.020000000000000018 0.5 0.21000000000000002 0.29999999999999999 1 0.073101440000000004 0 0 0 0.083101440000000013 0 0 0 0.093101440000000008 0 0 0 0.01 1
1.5200000000000005 0.19000000000000017 0.5 0.22 0.29999999999999999 1 0.07300100000000001 0 0 0 0.083001000000000019 0 0 0 0.093001000000000014 0 0 0 0.01 1
1.6000000000000001 0.3600000000000001 0.5 0.20000000000000001 0.29999999999999999 1 0.0106290064 0 0 0 0.0206290064 0 0 0 0.030629006399999999 0 0 0 0.00040000000000000002 1
-2 0.53000000000000003 0.5 0.21000000000000002 0.29999999999999999 1 0.072800360000000008 0 0 0 0.082800360000000017 0 0 0 0.092800360000000012 0 0 0 0.00040000000000000002 1
-1.8 0.70000000000000018 0.5 0.22 0.29999999999999999 1 0.07270016 0 0 0 0.082700160000000009 0 0 0 0.092700160000000004 0 0 0 0.00040000000000000002 1
-1.6000000000000001 0.87000000000000011 0.5 0.20000000000000001 0.29999999999999999 1 0.0106260004 0 0 0 0.0206260004 0 0 0 0.030626000399999999 0 0 0 0.00040000000000000002 1
-2 -1 0.5 0.20000000000000001 0.29999999999999999 1 0.01 0 0 0 0.02 0 0 0 0.029999999999999999 0 0 0 0 1
-1.8 -0.82999999999999996 0.5 0.21000000000000002 0.29999999999999999 1 0.13945604000000003 0 0 0 0.14945604000000001 0 0 0 0.15945604000000002 0 0 0 0.01 1
-1.6000000000000001 -0.65999999999999992 0.5 0.22 0.29999999999999999 1 0.13931216000000002 0 0 0 0.14931216 0 0 0 0.15931216000000001 0 0 0 0.01 1
-1.3999999999999999 -0.48999999999999999 0.5 0.20000000000000001 0.29999999999999999 1 0.011291683600000001 0 0 0 0.0212916836 0 0 0 0.031291683600000002 0 0 0 0.00040000000000000002 1
-1.2 -0.31999999999999995 0.5 0.21000000000000002 0.29999999999999999 1 0.13902464 0 0 0 0.14902463999999999 0 0 0 0.15902463999999999 0 0 0 0.01 1
-1 -0.14999999999999991 0.5 0.22 0.29999999999999999 1 0.13888100000000003 0 0 0 0.14888100000000001 0 0 0 0.15888100000000002 0 0 0 0.0030000000000000001 1
-0.79999999999999982 0.020000000000000018 0.5 0.20000000000000001 0.29999999999999999 1 0.011287374400000001 0 0 0 0.0212873744 0 0 0 0.031287374399999998 0 0 0 0.00040000000000000002 1
-0.47999999999999987 0.19000000000000017 0.5 0.21000000000000002 0.29999999999999999 1 0.13859396000000004 0 0 0 0.14859396000000002 0 0 0 0.15859396000000003 0 0 0 0.01 1
-0.39999999999999991 0.3600000000000001 0.5 0.22 0.29999999999999999 1 0.13845056000000003 0 0 0 0.14845056000000001 0 0 0 0.15845056000000002 0 0 0 0.00040000000000000002 1
-0.19999999999999996 0.23000000000000004 0.5 0.20000000000000001 0.29999999999999999 1 0.0112830724 0 0 0 0.021283072400000002 0 0 0 0.0312830724 0 0 0 0.00040000000000000002 1
0 0.70000000000000018 0.5 0.21000000000000002 0.29999999999999999 1 0.13816400000000001 0 0 0 0.14816399999999999 0 0 0 0.158164 0 0 0 0.0030000000000000001 1
0.20000000000000018 0.87000000000000011 0.5 0.22 0.29999999999999999 1 0.01 0 0 0 0.02 0 0 0 0.029999999999999999 0 0 0 0 1
0.40000000000000036 1.04 0.5 0.20000000000000001 0.29999999999999999 1 0.011278777600000001 0 0 0 0.0212787776 0 0 0 0.031278777600000002 0 0 0 0.00040000000000000002 1
0.60000000000000009 1.21 0.5 0.21000000000000002 0.29999999999999999 1 0.13773476000000004 0 0 0 0.14773476000000002 0 0 0 0.15773476000000003 0 0 0 0.01 1
0.92000000000000026 1.3800000000000003 0.5 0.22 0.29999999999999999 1 0.13759184000000002 0 0 0 0.14759184 0 0 0 0.15759184000000001 0 0 0 0.01 1
1 1.5500000000000003 0.5 0.20000000000000001 0.29999999999999999 1 0.13744900000000002 0 0 0 0.147449 0 0 0 0.15744900000000001 0 0 0 0.01 1
1.2000000000000002 1.7200000000000002 0.5 0.21000000000000002 0.29999999999999999 1 0.13730624000000002 0 0 0 0.14730624 0 0 0 0.15730624000000001 0 0 0 0.01 1
1.4000000000000004 -1 0.5 0.22 0.29999999999999999 1 0.13716356000000005 0 0 0 0.14716356000000003 0 0 0 0.15716356000000004 0 0 0 0.00040000000000000002 1
1.6000000000000001 -1.1299999999999999 0.5 0.20000000000000001 0.29999999999999999 1 0.011270209600000001 0 0 0 0.021270209599999999 0 0 0 0.031270209600000001 0 0 0 0.00040000000000000002 1
-2 -0.65999999999999992 0.5 0.21000000000000002 0.29999999999999999 1 0.13687844000000002 0 0 0 0.14687844 0 0 0 0.15687844000000001 0 0 0 0.00040000000000000002 1
-1.8 -0.48999999999999999 0.5 0.22 0.29999999999999999 1 0.13673600000000002 0 0 0 0.14673600000000001 0 0 0 0.15673600000000001 0 0 0 0.0030000000000000001 1
-1.48 -0.31999999999999995 0.5 0.20000000000000001 0.29999999999999999 1 0.011265936400000001 0 0 0 0.021265936400000001 0 0 0 0.0312659364 0 0 0 0.00040000000000000002 1
-1.3999999999999999 -0.14999999999999991 0.5 0.21000000000000002 0.29999999999999999 1 0.01 0 0 0 0.02 0 0 0 0.029999999999999999 0 0 0 0 1
-1.2 0.020000000000000018 0.5 0.22 0.29999999999999999 1 0.13630916000000004 0 0 0 0.14630916000000002 0 0 0 0.15630916000000003 0 0 0 0.00040000000000000002 1
-1 0.19000000000000017 0.5 0.20000000000000001 0.29999999999999999 1 0.0112616704 0 0 0 0.021261670400000002 0 0 0 0.031261670399999997 0 0 0 0.00040000000000000002 1
-0.79999999999999982 0.3600000000000001 0.5 0.21000000000000002 0.29999999999999999 1 0.13602500000000003 0 0 0 0.14602500000000002 0 0 0 0.15602500000000002 0 0 0 0.01 1
-0.59999999999999987 0.53000000000000003 0.5 0.22 0.29999999999999999 1 0.13588304000000001 0 0 0 0.14588303999999999 0 0 0 0.15588304 0 0 0 0.01 1
-0.39999999999999991 0.40000000000000019 0.5 0.20000000000000001 0.29999999999999999 1 0.011257411599999999 0 0 0 0.021257411600000001 0 0 0 0.0312574116 0 0 0 0.00040000000000000002 1
-0.07999999999999996 0.87000000000000011 0.5 0.21000000000000002 0.29999999999999999 1 0.13559936 0 0 0 0.14559935999999998 0 0 0 0.15559935999999999 0 0 0 0.01 1
0 1.04 0.5 0.22 0.29999999999999999 1 0.13545764000000002 0 0 0 0.14545764 0 0 0 0.15545764000000001 0 0 0 0.00040000000000000002 1
0.20000000000000018 1.21 0.5 0.20000000000000001 0.29999999999999999 1 0.13531600000000002 0 0 0 0.145316 0 0 0 0.15531600000000001 0 0 0 0.0030000000000000001 1
0.40000000000000036 1.3800000000000003 0.5 0.21000000000000002 0.29999999999999999 1 0.13517444000000003 0 0 0 0.14517444000000002 0 0 0 0.15517444000000002 0 0 0 0.00040000000000000002 1
0.60000000000000009 1.5500000000000003 0.5 0.22 0.29999999999999999 1 0.13503296000000001 0 0 0 0.14503295999999999 0 0 0 0.15503296 0 0 0 0.00040000000000000002 1
0.80000000000000027 1.7200000000000002 0.5 0.20000000000000001 0.29999999999999999 1 0.01 0 0 0 0.02 0 0 0 0.029999999999999999 0 0 0 0 1
1 -1 0.5 0.21000000000000002 0.29999999999999999 1 0.13475023999999999 0 0 0 0.14475024 0 0 0 0.15475023999999998 0 0 0 0.00040000000000000002 1
1.3200000000000003 -0.82999999999999996 0.5 0.22 0.29999999999999999 1 0.13460900000000003 0 0 0 0.14460900000000002 0 0 0 0.15460900000000002 0 0 0 0.01 1
1.4000000000000004 -0.95999999999999996 0.5 0.20000000000000001 0.29999999999999999 1 0.011244678399999999 0 0 0 0.021244678400000001 0 0 0 0.0312446784 0 0 0 0.00040000000000000002 1
1.6000000000000001 -0.48999999999999999 0.5 0.21000000000000002 0.29999999999999999 1 0.13432676000000002 0 0 0 0.14432676000000003 0 0 0 0.15432676000000001 0 0 0 0.01 1
-2 -0.31999999999999995 0.5 0.22 0.29999999999999999 1 0.13418576000000002 0 0 0 0.14418576 0 0 0 0.15418576000000001 0 0 0 0.01 1
-1.8 -0.14999999999999991 0.5 0.20000000000000001 0.29999999999999999 1 0.0112404484 0 0 0 0.0212404484 0 0 0 0.031240448399999999 0 0 0 0.00040000000000000002 1
-1.6000000000000001 0.020000000000000018 0.5 0.21000000000000002 0.29999999999999999 1 0.133904 0 0 0 0.143904 0 0 0 0.15390399999999999 0 0 0 0.01 1
-1.3999999999999999 0.19000000000000017 0.5 0.22 0.29999999999999999 1 0.13376324000000003 0 0 0 0.14376324000000001 0 0 0 0.15376324000000002 0 0 0 0.00040000000000000002 1
-1.0800000000000001 0.3600000000000001 0.5 0.20000000000000001 0.29999999999999999 1 0.0112362256 0 0 0 0.021236225600000002 0 0 0 0.0312362256 0 0 0 0.00040000000000000002 1
-1 0.53000000000000003 0.5 0.21000000000000002 0.29999999999999999 1 0.13348196000000001 0 0 0 0.14348196000000002 0 0 0 0.15348196000000003 0 0 0 0.00040000000000000002 1
-0.79999999999999982 0.70000000000000018 0.5 0.22 0.29999999999999999 1 0.01 0 0 0 0.02 0 0 0 0.029999999999999999 0 0 0 0 1
-0.59999999999999987 0.57000000000000006 0.5 0.20000000000000001 0.29999999999999999 1 0.13320100000000001 0 0 0 0.14320100000000002 0 0 0 0.15320100000000003 0 0 0 0.01 1
-0.39999999999999991 1.04 0.5 0.21000000000000002 0.29999999999999999 1 0.13306064000000001 0 0 0 0.14306063999999999 0 0 0 0.15306064 0 0 0 0.00040000000000000002 1
-0.19999999999999996 1.21 0.5 0.22 0.29999999999999999 1 0.13292036000000002 0 0 0 0.14292036000000002 0 0 0 0.15292036000000003 0 0 0 0.00040000000000000002 1
0 1.3800000000000003 0.5 0.20000000000000001 0.29999999999999999 1 0.0112278016 0 0 0 0.021227801599999999 0 0 0 0.031227801600000001 0 0 0 0.00040000000000000002 1
0.32000000000000017 1.5500000000000003 0.5 0.21000000000000002 0.29999999999999999 1 0.13264004000000001 0 0 0 0.14264004000000002 0 0 0 0.15264004000000003 0 0 0 0.01 1
0.40000000000000036 1.7200000000000002 0.5 0.22 0.29999999999999999 1 0.13250000000000001 0 0 0 0.14249999999999999 0 0 0 0.1525 0 0 0 0.01 1
0.60000000000000009 -1 0.5 0.20000000000000001 0.29999999999999999 1 0.0112236004 0 0 0 0.021223600400000001 0 0 0 0.031223600399999999 0 0 0 0.00040000000000000002 1
0.80000000000000027 -0.82999999999999996 0.5 0.21000000000000002 0.29999999999999999 1 0.13222016 0 0 0 0.14222016000000001 0 0 0 0.15222015999999999 0 0 0 0.01 1
1 -0.65999999999999992 0.5 0.22 0.29999999999999999 1 0.13208036000000001 0 0 0 0.14208036000000002 0 0 0 0.15208036000000003 0 0 0 0.00040000000000000002 1
1.2000000000000002 -0.79000000000000004 0.5 0.20000000000000001 0.29999999999999999 1 0.0112194064 0 0 0 0.021219406400000002 0 0 0 0.0312194064 0 0 0 0.00040000000000000002 1
1.4000000000000004 -0.31999999999999995 0.5 0.21000000000000002 0.29999999999999999 1 0.01 0 0 0 0.02 0 0 0 0.029999999999999999 0 0 0 0 1
1.7200000000000002 -0.14999999999999991 0.5 0.22 0.29999999999999999 1 0.13166144000000002 0 0 0 0.14166144000000003 0 0 0 0.15166144000000004 0 0 0 0.01 1
-2 0.020000000000000018 0.5 0.20000000000000001 0.29999999999999999 1 0.0112152196 0 0 0 0.021215219600000002 0 0 0 0.0312152196 0 0 0 0.00040000000000000002 1
-1.8 0.19000000000000017 0.5 0.21000000000000002 0.29999999999999999 1 0.13138256000000004 0 0 0 0.14138256000000005 0 0 0 0.15138256000000005 0 0 0 0.00040000000000000002 1
-1.6000000000000001 0.3600000000000001 0.5 0.22 0.29999999999999999 1 0.13124324000000001 0 0 0 0.14124324000000002 0 0 0 0.15124324 0 0 0 0.00040000000000000002 1
-1.3999999999999999 0.53000000000000003 0.5 0.20000000000000001 0.29999999999999999 1 0.13110400000000005 0 0 0 0.14110400000000003 0 0 0 0.15110400000000004 0 0 0 0.01 1
-1.2 0.70000000000000018 0.5 0.21000000000000002 0.29999999999999999 1 0.13096484000000003 0 0 0 0.14096484000000001 0 0 0 0.15096484000000002 0 0 0 0.01 1
-1 0.87000000000000011 0.5 0.22 0.29999999999999999 1 0.13082576000000004 0 0 0 0.14082576000000002 0 0 0 0.15082576000000003 0 0 0 0.01 1
-0.67999999999999983 0.73999999999999999 0.5 0.20000000000000001 0.29999999999999999 1 0.0112068676 0 0 0 0.021206867600000002 0 0 0 0.0312068676 0 0 0 0.00040000000000000002 1
-0.59999999999999987 1.21 0.5 0.21000000000000002 0.29999999999999999 1 0.13054784000000003 0 0 0 0.14054784000000003 0 0 0 0.15054784000000004 0 0 0 0.01 1
-0.39999999999999991 1.3800000000000003 0.5 0.22 0.29999999999999999 1 0.130409 0 0 0 0.14040900000000001 0 0 0 0.15040900000000001 0 0 0 0.0030000000000000001 1
-0.19999999999999996 1.5500000000000003 0.5 0.20000000000000001 0.29999999999999999 1 0.01 0 0 0 0.02 0 0 0 0.029999999999999999 0 0 0 0 1
0 1.7200000000000002 0.5 0.21000000000000002 0.29999999999999999 1 0.13013156000000003 0 0 0 0.14013156000000002 0 0 0 0.15013156000000002 0 0 0 0.00040000000000000002 1
0.20000000000000018 -1 0.5 0.22 0.29999999999999999 1 0.12999296000000005 0 0 0 0.13999296000000003 0 0 0 0.14999296000000004 0 0 0 0.00040000000000000002 1
0.40000000000000036 -0.82999999999999996 0.5 0.20000000000000001 0.29999999999999999 1 0.0111985444 0 0 0 0.021198544400000002 0 0 0 0.0311985444 0 0 0 0.00040000000000000002 1
0.72000000000000008 -0.65999999999999992 0.5 0.21000000000000002 0.29999999999999999 1 0.12971600000000003 0 0 0 0.13971600000000003 0 0 0 0.14971600000000002 0 0 0 0.01 1
0.80000000000000027 -0.48999999999999999 0.5 0.22 0.29999999999999999 1 0.12957764000000002 0 0 0 0.13957764 0 0 0 0.14957764000000001 0 0 0 0.00040000000000000002 1
1 -0.61999999999999988 0.5 0.20000000000000001 0.29999999999999999 1 0.011194393600000001 0 0 0 0.0211943936 0 0 0 0.031194393599999998 0 0 0 0.00040000000000000002 1
1.2000000000000002 -0.14999999999999991 0.5 0.21000000000000002 0.29999999999999999 1 0.12930116000000003 0 0 0 0.13930116000000001 0 0 0 0.14930116000000002 0 0 0 0.01 1
1.4000000000000004 0.020000000000000018 0.5 0.22 0.29999999999999999 1 0.12916304000000003 0 0 0 0.13916304000000002 0 0 0 0.14916304000000002 0 0 0 0.01 1
1.6000000000000001 0.19000000000000017 0.5 0.20000000000000001 0.29999999999999999 1 0.12902500000000003 0 0 0 0.13902500000000001 0 0 0 0.14902500000000002 0 0 0 0.01 1
-2 0.3600000000000001 0.5 0.21000000000000002 0.29999999999999999 1 0.12888704000000004 0 0 0 0.13888704000000002 0 0 0 0.14888704000000003 0 0 0 0.01 1
-1.8 0.53000000000000003 0.5 0.22 0.29999999999999999 1 0.01 0 0 0 0.02 0 0 0 0.029999999999999999 0 0 0 0 1
-1.6000000000000001 0.70000000000000018 0.5 0.20000000000000001 0.29999999999999999 1 0.0111861136 0 0 0 0.021186113600000001 0 0 0 0.031186113599999999 0 0 0 0.00040000000000000002 1
-1.3999999999999999 0.87000000000000011 0.5 0.21000000000000002 0.29999999999999999 1 0.12847364 0 0 0 0.13847364000000001 0 0 0 0.14847364000000002 0 0 0 0.00040000000000000002 1
-1.2 1.04 0.5 0.22 0.29999999999999999 1 0.12833600000000003 0 0 0 0.13833600000000001 0 0 0 0.14833600000000002 0 0 0 0.0030000000000000001 1
-1 0.90999999999999992 0.5 0.20000000000000001 0.29999999999999999 1 0.011181984400000001 0 0 0 0.021181984399999999 0 0 0 0.031181984399999998 0 0 0 0.00040000000000000002 1
-0.79999999999999982 1.3800000000000003 0.5 0.21000000000000002 0.29999999999999999 1 0.12806096000000003 0 0 0 0.13806096000000001 0 0 0 0.14806096000000002 0 0 0 0.00040000000000000002 1
-0.59999999999999987 1.5500000000000003 0.5 0.22 0.29999999999999999 1 0.12792356000000002 0 0 0 0.13792356000000003 0 0 0 0.14792356000000001 0 0 0 0.00040000000000000002 1
-0.27999999999999992 1.7200000000000002 0.5 0.20000000000000001 0.29999999999999999 1 0.0111778624 0 0 0 0.021177862400000001 0 0 0 0.031177862399999999 0 0 0 0.00040000000000000002 1
-0.19999999999999996 -1 0.5 0.21000000000000002 0.29999999999999999 1 0.12764900000000001 0 0 0 0.13764899999999999 0 0 0 0.147649 0 0 0 0.01 1
0 -0.82999999999999996 0.5 0.22 0.29999999999999999 1 0.12751184000000002 0 0 0 0.13751184000000002 0 0 0 0.14751184000000001 0 0 0 0.01 1
0.20000000000000018 -0.65999999999999992 0.5 0.20000000000000001 0.29999999999999999 1 0.011173747600000001 0 0 0 0.021173747600000001 0 0 0 0.031173747599999999 0 0 0 0.00040000000000000002 1
0.40000000000000036 -0.48999999999999999 0.5 0.21000000000000002 0.29999999999999999 1 0.01 0 0 0 0.02 0 0 0 0.029999999999999999 0 0 0 0 1
0.60000000000000009 -0.31999999999999995 0.5 0.22 0.29999999999999999 1 0.12710083999999999 0 0 0 0.13710084 0 0 0 0.14710084000000001 0 0 0 0.00040000000000000002 1
0.80000000000000027 -0.4499999999999999 0.5 0.20000000000000001 0.29999999999999999 1 0.12696400000000002 0 0 0 0.13696400000000003 0 0 0 0.14696400000000004 0 0 0 0.01 1
1.1200000000000001 0.020000000000000018 0.5 0.21000000000000002 0.29999999999999999 1 0.12682724000000001 0 0 0 0.13682723999999999 0 0 0 0.14682724 0 0 0 0.01 1
1.2000000000000002 0.19000000000000017 0.5 0.22 0.29999999999999999 1 0.12669056000000004 0 0 0 0.13669056000000002 0 0 0 0.14669056000000003 0 0 0 0.00040000000000000002 1
1.4000000000000004 0.3600000000000001 0.5 0.20000000000000001 0.29999999999999999 1 0.0111655396 0 0 0 0.021165539600000002 0 0 0 0.0311655396 0 0 0 0.00040000000000000002 1
1.6000000000000001 0.53000000000000003 0.5 0.21000000000000002 0.29999999999999999 1 0.12641744000000002 0 0 0 0.13641744000000003 0 0 0 0.14641744000000001 0 0 0 0.00040000000000000002 1
-2 0.70000000000000018 0.5 0.22 0.29999999999999999 1 0.12628100000000003 0 0 0 0.13628100000000001 0 0 0 0.14628100000000002 0 0 0 0.0030000000000000001 1
-1.8 0.87000000000000011 0.5 0.20000000000000001 0.29999999999999999 1 0.0111614464 0 0 0 0.021161446399999999 0 0 0 0.031161446400000001 0 0 0 0.00040000000000000002 1
-1.6000000000000001 1.04 0.5 0.21000000000000002 0.29999999999999999 1 0.12600836000000001 0 0 0 0.13600836000000002 0 0 0 0.14600836 0 0 0 0.01 1
-1.2799999999999998 1.21 0.5 0.22 0.29999999999999999 1 0.12587216000000004 0 0 0 0.13587216000000002 0 0 0 0.14587216000000003 0 0 0 0.01 1
-1.2 1.3800000000000003 0.5 0.20000000000000001 0.29999999999999999 1 0.01 0 0 0 0.02 0 0 0 0.029999999999999999 0 0 0 0 1
-1 1.5500000000000003 0.5 0.21000000000000002 0.29999999999999999 1 0.12560000000000002 0 0 0 0.13560000000000003 0 0 0 0.14560000000000001 0 0 0 0.01 1
-0.79999999999999982 1.7200000000000002 0.5 0.22 0.29999999999999999 1 0.12546404 0 0 0 0.13546404000000001 0 0 0 0.14546404000000002 0 0 0 0.00040000000000000002 1
-0.59999999999999987 -1 0.5 0.20000000000000001 0.29999999999999999 1 0.0111532816 0 0 0 0.021153281600000001 0 0 0 0.031153281599999999 0 0 0 0.00040000000000000002 1
-0.39999999999999991 -0.82999999999999996 0.5 0.21000000000000002 0.29999999999999999 1 0.12519236 0 0 0 0.13519236000000001 0 0 0 0.14519236000000002 0 0 0 0.00040000000000000002 1
-0.19999999999999996 -0.65999999999999992 0.5 0.22 0.29999999999999999 1 0.12505664000000002 0 0 0 0.13505664000000003 0 0 0 0.14505664000000001 0 0 0 0.00040000000000000002 1
0.12 -0.48999999999999999 0.5 0.20000000000000001 0.29999999999999999 1 0.124921 0 0 0 0.13492100000000001 0 0 0 0.14492100000000002 0 0 0 0.01 1
0.20000000000000018 -0.31999999999999995 0.5 0.21000000000000002 0.29999999999999999 1 0.12478544000000003 0 0 0 0.13478544000000003 0 0 0 0.14478544000000004 0 0 0 0.00040000000000000002 1
0.40000000000000036 -0.14999999999999991 0.5 0.22 0.29999999999999999 1 0.12464996 0 0 0 0.13464996000000001 0 0 0 0.14464996000000002 0 0 0 0.00040000000000000002 1
0.60000000000000009 -0.27999999999999997 0.5 0.20000000000000001 0.29999999999999999 1 0.0111451456 0 0 0 0.021145145600000002 0 0 0 0.0311451456 0 0 0 0.00040000000000000002 1
0.80000000000000027 0.19000000000000017 0.5 0.21000000000000002 0.29999999999999999 1 0.12437924 0 0 0 0.13437924000000001 0 0 0 0.14437924000000002 0 0 0 0.01 1
1 0.3600000000000001 0.5 0.22 0.29999999999999999 1 0.01 0 0 0 0.02 0 0 0 0.029999999999999999 0 0 0 0 1
1.2000000000000002 0.53000000000000003 0.5 0.20000000000000001 0.29999999999999999 1 0.011141088400000001 0 0 0 0.021141088400000001 0 0 0 0.031141088399999999 0 0 0 0.00040000000000000002 1
1.5200000000000005 0.70000000000000018 0.5 0.21000000000000002 0.29999999999999999 1 0.12397376000000003 0 0 0 0.13397376000000003 0 0 0 0.14397376000000003 0 0 0 0.01 1
1.6000000000000001 0.87000000000000011 0.5 0.22 0.29999999999999999 1 0.12383876000000001 0 0 0 0.13383876 0 0 0 0.14383876000000001 0 0 0 0.00040000000000000002 1
-2 1.04 0.5 0.20000000000000001 0.29999999999999999 1 0.0111370384 0 0 0 0.021137038400000002 0 0 0 0.031137038400000001 0 0 0 0.00040000000000000002 1
-1.8 1.21 0.5 0.21000000000000002 0.29999999999999999 1 0.12356900000000001 0 0 0 0.13356900000000002 0 0 0 0.143569 0 0 0 0.0030000000000000001 1
-1.6000000000000001 1.3800000000000003 0.5 0.22 0.29999999999999999 1 0.12343424000000001 0 0 0 0.13343424000000001 0 0 0 0.14343424000000002 0 0 0 0.00040000000000000002 1
-1.3999999999999999 1.2500000000000002 0.5 0.20000000000000001 0.29999999999999999 1 0.011132995600000001 0 0 0 0.021132995599999999 0 0 0 0.031132995599999998 0 0 0 0.00040000000000000002 1
-1.2 1.7200000000000002 0.5 0.21000000000000002 0.29999999999999999 1 0.12316496000000002 0 0 0 0.13316496000000003 0 0 0 0.14316496000000001 0 0 0 0.00040000000000000002 1
-0.88 -1 0.5 0.22 0.29999999999999999 1 0.12303043999999999 0 0 0 0.13303044 0 0 0 0.14303043999999998 0 0 0 0.01 1
-0.79999999999999982 -0.82999999999999996 0.5 0.20000000000000001 0.29999999999999999 1 0.12289600000000002 0 0 0 0.13289600000000001 0 0 0 0.14289600000000002 0 0 0 0.01 1
-0.59999999999999987 -0.65999999999999992 0.5 0.21000000000000002 0.29999999999999999 1 0.01 0 0 0 0.02 0 0 0 0.029999999999999999 0 0 0 0 1
-0.39999999999999991 -0.48999999999999999 0.5 0.22 0.29999999999999999 1 0.12262736000000002 0 0 0 0.13262736000000003 0 0 0 0.14262736000000004 0 0 0 0.01 1
-0.19999999999999996 -0.31999999999999995 0.5 0.20000000000000001 0.29999999999999999 1 0.0111249316 0 0 0 0.021124931600000001 0 0 0 0.031124931599999999 0 0 0 0.00040000000000000002 1
0 -0.14999999999999991 0.5 0.21000000000000002 0.29999999999999999 1 0.12235904000000002 0 0 0 0.13235904000000001 0 0 0 0.14235904000000002 0 0 0 0.01 1
0.20000000000000018 0.020000000000000018 0.5 0.22 0.29999999999999999 1 0.122225 0 0 0 0.13222500000000001 0 0 0 0.14222499999999999 0 0 0 0.0030000000000000001 1
0.52000000000000035 -0.10999999999999982 0.5 0.20000000000000001 0.29999999999999999 1 0.0111209104 0 0 0 0.021120910400000002 0 0 0 0.0311209104 0 0 0 0.00040000000000000002 1
0.60000000000000009 0.3600000000000001 0.5 0.21000000000000002 0.29999999999999999 1 0.12195716000000001 0 0 0 0.13195716000000002 0 0 0 0.14195716000000003 0 0 0 0.00040000000000000002 1
0.80000000000000027 0.53000000000000003 0.5 0.22 0.29999999999999999 1 0.12182336000000001 0 0 0 0.13182336 0 0 0 0.14182336000000001 0 0 0 0.00040000000000000002 1
1 0.70000000000000018 0.5 0.20000000000000001 0.29999999999999999 1 0.0111168964 0 0 0 0.021116896400000001 0 0 0 0.0311168964 0 0 0 0.00040000000000000002 1
1.2000000000000002 0.87000000000000011 0.5 0.21000000000000002 0.29999999999999999 1 0.12155600000000001 0 0 0 0.13155600000000001 0 0 0 0.14155600000000002 0 0 0 0.0030000000000000001 1
1.4000000000000004 1.04 0.5 0.22 0.29999999999999999 1 0.12142243999999999 0 0 0 0.13142244 0 0 0 0.14142243999999998 0 0 0 0.00040000000000000002 1
1.6000000000000001 1.21 0.5 0.20000000000000001 0.29999999999999999 1 0.01 0 0 0 0.02 0 0 0 0.029999999999999999 0 0 0 0 1
-1.8799999999999999 1.3800000000000003 0.5 0.21000000000000002 0.29999999999999999 1 0.12115556 0 0 0 0.13115556 0 0 0 0.14115556000000001 0 0 0 0.01 1
-1.8 1.5500000000000003 0.5 0.22 0.29999999999999999 1 0.12102224000000002 0 0 0 0.13102224000000001 0 0 0 0.14102224000000002 0 0 0 0.01 1
-1.6000000000000001 1.4200000000000002 0.5 0.20000000000000001 0.29999999999999999 1 0.12088900000000001 0 0 0 0.13088900000000001 0 0 0 0.14088900000000001 0 0 0 0.01 1
-1.3999999999999999 -1 0.5 0.21000000000000002 0.29999999999999999 1 0.12075584000000003 0 0 0 0.13075584000000004 0 0 0 0.14075584000000002 0 0 0 0.01 1
-1.2 -0.82999999999999996 0.5 0.22 0.29999999999999999 1 0.12062276000000001 0 0 0 0.13062276 0 0 0 0.14062276000000001 0 0 0 0.00040000000000000002 1
-1 -0.65999999999999992 0.5 0.20000000000000001 0.29999999999999999 1 0.0111048976 0 0 0 0.021104897600000002 0 0 0 0.0311048976 0 0 0 0.00040000000000000002 1
-0.79999999999999982 -0.48999999999999999 0.5 0.21000000000000002 0.29999999999999999 1 0.12035683999999999 0 0 0 0.13035684 0 0 0 0.14035683999999998 0 0 0 0.00040000000000000002 1
-0.47999999999999987 -0.31999999999999995 0.5 0.22 0.29999999999999999 1 0.12022400000000001 0 0 0 0.13022400000000001 0 0 0 0.14022400000000002 0 0 0 0.01 1
-0.39999999999999991 -0.14999999999999991 0.5 0.20000000000000001 0.29999999999999999 1 0.011100912399999999 0 0 0 0.021100912400000001 0 0 0 0.0311009124 0 0 0 0.00040000000000000002 1
-0.19999999999999996 0.020000000000000018 0.5 0.21000000000000002 0.29999999999999999 1 0.11995856000000002 0 0 0 0.12995856000000003 0 0 0 0.13995856000000001 0 0 0 0.00040000000000000002 1
0 0.19000000000000017 0.5 0.22 0.29999999999999999 1 0.01 0 0 0 0.02 0 0 0 0.029999999999999999 0 0 0 0 1
0.20000000000000018 0.060000000000000109 0.5 0.20000000000000001 0.29999999999999999 1 0.011096934400000001 0 0 0 0.0210969344 0 0 0 0.031096934399999998 0 0 0 0.00040000000000000002 1
0.40000000000000036 0.53000000000000003 0.5 0.21000000000000002 0.29999999999999999 1 0.11956100000000001 0 0 0 0.12956100000000001 0 0 0 0.13956100000000002 0 0 0 0.01 1
0.60000000000000009 0.70000000000000018 0.5 0.22 0.29999999999999999 1 0.11942864000000002 0 0 0 0.12942864000000001 0 0 0 0.13942864000000002 0 0 0 0.01 1
0.92000000000000026 0.87000000000000011 0.5 0.20000000000000001 0.29999999999999999 1 0.0110929636 0 0 0 0.0210929636 0 0 0 0.031092963599999999 0 0 0 0.00040000000000000002 1
1 1.04 0.5 0.21000000000000002 0.29999999999999999 1 0.11916416000000002 0 0 0 0.12916416000000003 0 0 0 0.13916416000000004 0 0 0 0.01 1
1.2000000000000002 1.21 0.5 0.22 0.29999999999999999 1 0.11903204000000001 0 0 0 0.12903204000000001 0 0 0 0.13903204000000002 0 0 0 0.00040000000000000002 1
1.4000000000000004 1.3800000000000003 0.5 0.20000000000000001 0.29999999999999999 1 0.11890000000000002 0 0 0 0.12890000000000001 0 0 0 0.13890000000000002 0 0 0 0.0030000000000000001 1
1.6000000000000001 1.5500000000000003 0.5 0.21000000000000002 0.29999999999999999 1 0.11876803999999999 0 0 0 0.12876804 0 0 0 0.13876803999999998 0 0 0 0.00040000000000000002 1
-2 1.7200000000000002 0.5 0.22 0.29999999999999999 1 0.11863616000000002 0 0 0 0.12863616000000003 0 0 0 0.13863616000000001 0 0 0 0.00040000000000000002 1
-1.8 -1.3 0.5 0.20000000000000001 0.29999999999999999 1 0.0110850436 0 0 0 0.021085043599999999 0 0 0 0.031085043600000001 0 0 0 0.00040000000000000002 1
-1.6000000000000001 -0.82999999999999996 0.5 0.21000000000000002 0.29999999999999999 1 0.01 0 0 0 0.02 0 0 0 0.029999999999999999 0 0 0 0 1
-1.3999999999999999 -0.65999999999999992 0.5 0.22 0.29999999999999999 1 0.118241 0 0 0 0.12824099999999999 0 0 0 0.138241 0 0 0 0.0030000000000000001 1
-1.2 -0.48999999999999999 0.5 0.20000000000000001 0.29999999999999999 1 0.0110810944 0 0 0 0.0210810944 0 0 0 0.031081094399999998 0 0 0 0.00040000000000000002 1
-1 -0.31999999999999995 0.5 0.21000000000000002 0.29999999999999999 1 0.11797795999999999 0 0 0 0.12797796 0 0 0 0.13797796000000001 0 0 0 0.01 1
-0.79999999999999982 -0.14999999999999991 0.5 0.22 0.29999999999999999 1 0.11784656000000002 0 0 0 0.12784656000000003 0 0 0 0.13784656000000001 0 0 0 0.01 1
-0.59999999999999987 0.020000000000000018 0.5 0.20000000000000001 0.29999999999999999 1 0.0110771524 0 0 0 0.0210771524 0 0 0 0.031077152399999999 0 0 0 0.00040000000000000002 1
-0.39999999999999991 0.19000000000000017 0.5 0.21000000000000002 0.29999999999999999 1 0.11758400000000001 0 0 0 0.127584 0 0 0 0.13758400000000001 0 0 0 0.01 1
-0.07999999999999996 0.3600000000000001 0.5 0.22 0.29999999999999999 1 0.11745283999999999 0 0 0 0.12745283999999998 0 0 0 0.13745283999999999 0 0 0 0.01 1
0 0.23000000000000004 0.5 0.20000000000000001 0.29999999999999999 1 0.011073217600000001 0 0 0 0.021073217599999999 0 0 0 0.031073217599999998 0 0 0 0.00040000000000000002 1
0.20000000000000018 0.70000000000000018 0.5 0.21000000000000002 0.29999999999999999 1 0.11719075999999999 0 0 0 0.12719075999999999 0 0 0 0.13719075999999999 0 0 0 0.00040000000000000002 1
0.40000000000000036 0.87000000000000011 0.5 0.22 0.29999999999999999 1 0.11705984000000001 0 0 0 0.12705984000000001 0 0 0 0.13705984000000002 0 0 0 0.00040000000000000002 1
0.60000000000000009 1.04 0.5 0.20000000000000001 0.29999999999999999 1 0.01 0 0 0 0.02 0 0 0 0.029999999999999999 0 0 0 0 1
0.80000000000000027 1.21 0.5 0.21000000000000002 0.29999999999999999 1 0.11679824000000001 0 0 0 0.12679824000000001 0 0 0 0.13679824000000002 0 0 0 0.00040000000000000002 1
1 1.3800000000000003 0.5 0.22 0.29999999999999999 1 0.11666755999999999 0 0 0 0.12666755999999998 0 0 0 0.13666755999999999 0 0 0 0.00040000000000000002 1
1.3200000000000003 1.5500000000000003 0.5 0.20000000000000001 0.29999999999999999 1 0.0110653696 0 0 0 0.021065369600000002 0 0 0 0.0310653696 0 0 0 0.00040000000000000002 1
1.4000000000000004 1.7200000000000002 0.5 0.21000000000000002 0.29999999999999999 1 0.11640644 0 0 0 0.12640644000000001 0 0 0 0.13640644000000002 0 0 0 0.01 1
1.6000000000000001 -1 0.5 0.22 0.29999999999999999 1 0.116276 0 0 0 0.126276 0 0 0 0.13627600000000001 0 0 0 0.01 1
-2 -1.1299999999999999 0.5 0.20000000000000001 0.29999999999999999 1 0.011061456400000001 0 0 0 0.021061456400000001 0 0 0 0.0310614564 0 0 0 0.00040000000000000002 1
-1.8 -0.65999999999999992 0.5 0.21000000000000002 0.29999999999999999 1 0.11601536000000001 0 0 0 0.12601536000000002 0 0 0 0.13601536000000003 0 0 0 0.01 1
-1.6000000000000001 -0.48999999999999999 0.5 0.22 0.29999999999999999 1 0.11588516 0 0 0 0.12588516 0 0 0 0.13588516 0 0 0 0.00040000000000000002 1
-1.3999999999999999 -0.31999999999999995 0.5 0.20000000000000001 0.29999999999999999 1 0.011057550400000001 0 0 0 0.0210575504 0 0 0 0.031057550399999998 0 0 0 0.00040000000000000002 1
-1.0800000000000001 -0.14999999999999991 0.5 0.21000000000000002 0.29999999999999999 1 0.11562499999999999 0 0 0 0.12562499999999999 0 0 0 0.135625 0 0 0 0.01 1
-1 0.020000000000000018 0.5 0.22 0.29999999999999999 1 0.01 0 0 0 0.02 0 0 0 0.029999999999999999 0 0 0 0 1
-0.79999999999999982 0.19000000000000017 0.5 0.20000000000000001 0.29999999999999999 1 0.0110536516 0 0 0 0.021053651600000001 0 0 0 0.031053651599999999 0 0 0 0.00040000000000000002 1
-0.59999999999999987 0.3600000000000001 0.5 0.21000000000000002 0.29999999999999999 1 0.11523536000000001 0 0 0 0.12523536000000002 0 0 0 0.13523536000000003 0 0 0 0.00040000000000000002 1
-0.39999999999999991 0.53000000000000003 0.5 0.22 0.29999999999999999 1 0.11510564 0 0 0 0.12510563999999999 0 0 0 0.13510564 0 0 0 0.00040000000000000002 1
-0.19999999999999996 0.40000000000000019 0.5 0.20000000000000001 0.29999999999999999 1 0.11497600000000002 0 0 0 0.12497600000000003 0 0 0 0.13497600000000004 0 0 0 0.01 1
0 0.87000000000000011 0.5 0.21000000000000002 0.29999999999999999 1 0.11484643999999999 0 0 0 0.12484644 0 0 0 0.13484644000000001 0 0 0 0.01 1
0.32000000000000017 1.04 0.5 0.22 0.29999999999999999 1 0.11471696000000001 0 0 0 0.12471696000000002 0 0 0 0.13471696 0 0 0 0.01 1
0.40000000000000036 1.21 0.5 0.20000000000000001 0.29999999999999999 1 0.011045875599999999 0 0 0 0.0210458756 0 0 0 0.031045875599999998 0 0 0 0.00040000000000000002 1
0.60000000000000009 1.3800000000000003 0.5 0.21000000000000002 0.29999999999999999 1 0.11445824000000002 0 0 0 0.12445824000000003 0 0 0 0.13445824000000001 0 0 0 0.01 1
0.80000000000000027 1.5500000000000003 0.5 0.22 0.29999999999999999 1 0.114329 0 0 0 0.12432900000000001 0 0 0 0.134329 0 0 0 0.0030000000000000001 1
1 1.7200000000000002 0.5 0.20000000000000001 0.29999999999999999 1 0.011041998400000001 0 0 0 0.021041998400000001 0 0 0 0.0310419984 0 0 0 0.00040000000000000002 1
1.2000000000000002 -1 0.5 0.21000000000000002 0.29999999999999999 1 0.01 0 0 0 0.02 0 0 0 0.029999999999999999 0 0 0 0 1
1.4000000000000004 -0.82999999999999996 0.5 0.22 0.29999999999999999 1 0.11394176000000002 0 0 0 0.12394176000000003 0 0 0 0.13394176000000002 0 0 0 0.00040000000000000002 1
1.7200000000000002 -0.95999999999999996 0.5 0.20000000000000001 0.29999999999999999 1 0.0110381284 0 0 0 0.021038128400000002 0 0 0 0.0310381284 0 0 0 0.00040000000000000002 1
-2 -0.48999999999999999 0.5 0.21000000000000002 0.29999999999999999 1 0.11368400000000001 0 0 0 0.12368400000000002 0 0 0 0.13368400000000003 0 0 0 0.0030000000000000001 1
-1.8 -0.31999999999999995 0.5 0.22 0.29999999999999999 1 0.11355524000000003 0 0 0 0.12355524000000004 0 0 0 0.13355524000000002 0 0 0 0.00040000000000000002 1
-1.6000000000000001 -0.14999999999999991 0.5 0.20000000000000001 0.29999999999999999 1 0.011034265600000001 0 0 0 0.021034265600000001 0 0 0 0.031034265599999999 0 0 0 0.00040000000000000002 1
-1.3999999999999999 0.020000000000000018 0.5 0.21000000000000002 0.29999999999999999 1 0.11329796000000003 0 0 0 0.12329796000000004 0 0 0 0.13329796000000005 0 0 0 0.01 1
-1.2 0.19000000000000017 0.5 0.22 0.29999999999999999 1 0.11316944000000001 0 0 0 0.12316944000000002 0 0 0 0.13316944000000003 0 0 0 0.01 1
-1 0.3600000000000001 0.5 0.20000000000000001 0.29999999999999999 1 0.11304100000000002 0 0 0 0.12304100000000003 0 0 0 0.13304100000000002 0 0 0 0.01 1
-0.67999999999999983 0.53000000000000003 0.5 0.21000000000000002 0.29999999999999999 1 0.11291264000000001 0 0 0 0.12291264000000002 0 0 0 0.13291264000000003 0 0 0 0.01 1
-0.59999999999999987 0.70000000000000018 0.5 0.22 0.29999999999999999 1 0.11278436000000003 0 0 0 0.12278436000000004 0 0 0 0.13278436000000005 0 0 0 0.00040000000000000002 1
-0.39999999999999991 0.87000000000000011 0.5 0.20000000000000001 0.29999999999999999 1 0.01 0 0 0 0.02 0 0 0 0.029999999999999999 0 0 0 0 1
-0.19999999999999996 1.04 0.5 0.21000000000000002 0.29999999999999999 1 0.11252804000000002 0 0 0 0.12252804000000003 0 0 0 0.13252804000000001 0 0 0 0.00040000000000000002 1
0 1.21 0.5 0.22 0.29999999999999999 1 0.11240000000000001 0 0 0 0.12240000000000002 0 0 0 0.13240000000000002 0 0 0 0.0030000000000000001 1
0.20000000000000018 1.3800000000000003 0.5 0.20000000000000001 0.29999999999999999 1 0.0110227204 0 0 0 0.0210227204 0 0 0 0.031022720399999999 0 0 0 0.00040000000000000002 1
0.40000000000000036 1.5500000000000003 0.5 0.21000000000000002 0.29999999999999999 1 0.11214416000000002 0 0 0 0.12214416000000003 0 0 0 0.13214416000000001 0 0 0 0.00040000000000000002 1
0.72000000000000008 1.7200000000000002 0.5 0.22 0.29999999999999999 1 0.11201636000000002 0 0 0 0.12201636000000003 0 0 0 0.13201636000000003 0 0 0 0.01 1
0.80000000000000027 -1 0.5 0.20000000000000001 0.29999999999999999 1 0.0110188864 0 0 0 0.021018886399999999 0 0 0 0.031018886399999997 0 0 0 0.00040000000000000002 1
1 -0.82999999999999996 0.5 0.21000000000000002 0.29999999999999999 1 0.11176100000000001 0 0 0 0.12176100000000002 0 0 0 0.13176100000000002 0 0 0 0.01 1
1.2000000000000002 -0.65999999999999992 0.5 0.22 0.29999999999999999 1 0.11163344 0 0 0 0.12163344000000001 0 0 0 0.13163343999999999 0 0 0 0.01 1
1.4000000000000004 -0.79000000000000004 0.5 0.20000000000000001 0.29999999999999999 1 0.0110150596 0 0 0 0.0210150596 0 0 0 0.031015059599999999 0 0 0 0.00040000000000000002 1
1.6000000000000001 -0.31999999999999995 0.5 0.21000000000000002 0.29999999999999999 1 0.11137856 0 0 0 0.12137856000000001 0 0 0 0.13137856000000001 0 0 0 0.01 1
-2 -0.14999999999999991 0.5 0.22 0.29999999999999999 1 0.01 0 0 0 0.02 0 0 0 0.029999999999999999 0 0 0 0 1
-1.6800000000000002 0.020000000000000018 0.5 0.20000000000000001 0.29999999999999999 1 0.111124 0 0 0 0.12112400000000001 0 0 0 0.13112400000000002 0 0 0 0.01 1
-1.6000000000000001 0.19000000000000017 0.5 0.21000000000000002 0.29999999999999999 1 0.11099684000000001 0 0 0 0.12099684000000002 0 0 0 0.13099684 0 0 0 0.00040000000000000002 1
-1.3999999999999999 0.3600000000000001 0.5 0.22 0.29999999999999999 1 0.11086976000000001 0 0 0 0.12086976000000002 0 0 0 0.13086976 0 0 0 0.00040000000000000002 1
-1.2 0.53000000000000003 0.5 0.20000000000000001 0.29999999999999999 1 0.011007427600000001 0 0 0 0.0210074276 0 0 0 0.031007427599999998 0 0 0 0.00040000000000000002 1
-1 0.70000000000000018 0.5 0.21000000000000002 0.29999999999999999 1 0.11061584000000001 0 0 0 0.12061584000000002 0 0 0 0.13061584000000001 0 0 0 0.00040000000000000002 1
-0.79999999999999982 0.87000000000000011 0.5 0.22 0.29999999999999999 1 0.11048900000000002 0 0 0 0.12048900000000003 0 0 0 0.13048900000000002 0 0 0 0.0030000000000000001 1
-0.59999999999999987 0.73999999999999999 0.5 0.20000000000000001 0.29999999999999999 1 0.011003622399999999 0 0 0 0.021003622400000001 0 0 0 0.0310036224 0 0 0 0.00040000000000000002 1
-0.27999999999999992 1.21 0.5 0.21000000000000002 0.29999999999999999 1 0.11023556000000002 0 0 0 0.12023556000000003 0 0 0 0.13023556000000003 0 0 0 0.01 1
-0.19999999999999996 1.3800000000000003 0.5 0.22 0.29999999999999999 1 0.11010896000000001 0 0 0 0.12010896000000001 0 0 0 0.13010896 0 0 0 0.01 1
0 1.5500000000000003 0.5 0.20000000000000001 0.29999999999999999 1 0.0109998244 0 0 0 0.020999824400000002 0 0 0 0.030999824400000001 0 0 0 0.00040000000000000002 1
0.20000000000000018 1.7200000000000002 0.5 0.21000000000000002 0.29999999999999999 1 0.01 0 0 0 0.02 0 0 0 0.029999999999999999 0 0 0 0 1
0.40000000000000036 -1 0.5 0.22 0.29999999999999999 1 0.10972964000000003 0 0 0 0.11972964000000004 0 0 0 0.12972964000000003 0 0 0 0.00040000000000000002 1
0.60000000000000009 -0.82999999999999996 0.5 0.20000000000000001 0.29999999999999999 1 0.0109960336 0 0 0 0.020996033600000002 0 0 0 0.0309960336 0 0 0 0.00040000000000000002 1
0.80000000000000027 -0.65999999999999992 0.5 0.21000000000000002 0.29999999999999999 1 0.10947716000000002 0 0 0 0.11947716000000003 0 0 0 0.12947716000000004 0 0 0 0.00040000000000000002 1
1.1200000000000001 -0.48999999999999999 0.5 0.22 0.29999999999999999 1 0.10935104000000001 0 0 0 0.11935104000000002 0 0 0 0.12935104000000003 0 0 0 0.01 1
1.2000000000000002 -0.61999999999999988 0.5 0.20000000000000001 0.29999999999999999 1 0.10922500000000003 0 0 0 0.11922500000000004 0 0 0 0.12922500000000003 0 0 0 0.01 1
1.4000000000000004 -0.14999999999999991 0.5 0.21000000000000002 0.29999999999999999 1 0.10909904000000001 0 0 0 0.11909904000000002 0 0 0 0.12909904 0 0 0 0.00040000000000000002 1
1.6000000000000001 0.020000000000000018 0.5 0.22 0.29999999999999999 1 0.10897316000000001 0 0 0 0.11897316000000002 0 0 0 0.12897316000000003 0 0 0 0.00040000000000000002 1
-2 0.19000000000000017 0.5 0.20000000000000001 0.29999999999999999 1 0.0109884736 0 0 0 0.020988473600000002 0 0 0 0.0309884736 0 0 0 0.00040000000000000002 1
-1.8 0.3600000000000001 0.5 0.21000000000000002 0.29999999999999999 1 0.10872164000000001 0 0 0 0.11872164000000002 0 0 0 0.12872164000000003 0 0 0 0.01 1
-1.6000000000000001 0.53000000000000003 0.5 0.22 0.29999999999999999 1 0.108596 0 0 0 0.11859600000000001 0 0 0 0.12859599999999999 0 0 0 0.01 1
-1.3999999999999999 0.70000000000000018 0.5 0.20000000000000001 0.29999999999999999 1 0.01 0 0 0 0.02 0 0 0 0.029999999999999999 0 0 0 0 1
-1.2 0.87000000000000011 0.5 0.21000000000000002 0.29999999999999999 1 0.10834496000000002 0 0 0 0.11834496000000003 0 0 0 0.12834496000000001 0 0 0 0.01 1
-1 1.04 0.5 0.22 0.29999999999999999 1 0.10821956000000002 0 0 0 0.11821956000000003 0 0 0 0.12821956000000001 0 0 0 0.00040000000000000002 1
-0.79999999999999982 0.90999999999999992 0.5 0.20000000000000001 0.29999999999999999 1 0.010980942400000001 0 0 0 0.020980942400000001 0 0 0 0.030980942399999999 0 0 0 0.00040000000000000002 1
-0.59999999999999987 1.3800000000000003 0.5 0.21000000000000002 0.29999999999999999 1 0.10796900000000002 0 0 0 0.11796900000000003 0 0 0 0.12796900000000003 0 0 0 0.0030000000000000001 1
-0.39999999999999991 1.5500000000000003 0.5 0.22 0.29999999999999999 1 0.10784384000000001 0 0 0 0.11784384000000002 0 0 0 0.12784384000000001 0 0 0 0.00040000000000000002 1
-0.19999999999999996 1.7200000000000002 0.5 0.20000000000000001 0.29999999999999999 1 0.0109771876 0 0 0 0.020977187600000002 0 0 0 0.030977187599999997 0 0 0 0.00040000000000000002 1
0.12 -1 0.5 0.21000000000000002 0.29999999999999999 1 0.10759376000000001 0 0 0 0.11759376000000002 0 0 0 0.12759376 0 0 0 0.01 1
0.20000000000000018 -0.82999999999999996 0.5 0.22 0.29999999999999999 1 0.10746884000000001 0 0 0 0.11746884000000002 0 0 0 0.12746884000000003 0 0 0 0.00040000000000000002 1
0.40000000000000036 -0.65999999999999992 0.5 0.20000000000000001 0.29999999999999999 1 0.10734400000000001 0 0 0 0.11734400000000002 0 0 0 0.12734400000000001 0 0 0 0.01 1
0.60000000000000009 -0.48999999999999999 0.5 0.21000000000000002 0.29999999999999999 1 0.10721924000000001 0 0 0 0.11721924000000002 0 0 0 0.12721924000000001 0 0 0 0.01 1
0.80000000000000027 -0.31999999999999995 0.5 0.22 0.29999999999999999 1 0.01 0 0 0 0.02 0 0 0 0.029999999999999999 0 0 0 0 1
1 -0.4499999999999999 0.5 0.20000000000000001 0.29999999999999999 1 0.0109696996 0 0 0 0.020969699600000002 0 0 0 0.030969699599999997 0 0 0 0.00040000000000000002 1
1.2000000000000002 0.020000000000000018 0.5 0.21000000000000002 0.29999999999999999 1 0.10684544 0 0 0 0.11684544000000001 0 0 0 0.12684544 0 0 0 0.01 1
1.5200000000000005 0.19000000000000017 0.5 0.22 0.29999999999999999 1 0.10672100000000002 0 0 0 0.11672100000000003 0 0 0 0.12672100000000003 0 0 0 0.01 1
1.6000000000000001 0.3600000000000001 0.5 0.20000000000000001 0.29999999999999999 1 0.010965966400000001 0 0 0 0.020965966400000001 0 0 0 0.030965966399999999 0 0 0 0.00040000000000000002 1
-2 0.53000000000000003 0.5 0.21000000000000002 0.29999999999999999 1 0.10647236000000002 0 0 0 0.11647236000000002 0 0 0 0.12647236000000001 0 0 0 0.00040000000000000002 1
-1.8 0.70000000000000018 0.5 0.22 0.29999999999999999 1 0.10634816000000001 0 0 0 0.11634816000000002 0 0 0 0.12634816000000001 0 0 0 0.00040000000000000002 1
-1.6000000000000001 0.87000000000000011 0.5 0.20000000000000001 0.29999999999999999 1 0.0109622404 0 0 0 0.020962240400000002 0 0 0 0.0309622404 0 0 0 0.00040000000000000002 1
-2 -1 0.5 0.20000000000000001 0.29999999999999999 1 0.01 0 0 0 0.02 0 0 0 0.029999999999999999 0 0 0 0 1
-1.8 -0.82999999999999996 0.5 0.21000000000000002 0.29999999999999999 1 0.18623204000000007 0 0 0 0.19623204000000005 0 0 0 0.20623204000000006 0 0 0 0.01 1
-1.6000000000000001 -0.65999999999999992 0.5 0.22 0.29999999999999999 1 0.18606416000000009 0 0 0 0.19606416000000007 0 0 0 0.20606416000000008 0 0 0 0.01 1
-1.3999999999999999 -0.48999999999999999 0.5 0.20000000000000001 0.29999999999999999 1 0.0117589636 0 0 0 0.0217589636 0 0 0 0.031758963599999995 0 0 0 0.00040000000000000002 1
-1.2 -0.31999999999999995 0.5 0.21000000000000002 0.29999999999999999 1 0.18572864000000003 0 0 0 0.19572864000000001 0 0 0 0.20572864000000002 0 0 0 0.01 1
-1 -0.14999999999999991 0.5 0.22 0.29999999999999999 1 0.18556100000000006 0 0 0 0.19556100000000004 0 0 0 0.20556100000000005 0 0 0 0.0030000000000000001 1
-0.79999999999999982 0.020000000000000018 0.5 0.20000000000000001 0.29999999999999999 1 0.011753934400000001 0 0 0 0.021753934400000001 0 0 0 0.031753934399999996 0 0 0 0.00040000000000000002 1
-0.47999999999999987 0.19000000000000017 0.5 0.21000000000000002 0.29999999999999999 1 0.18522596000000002 0 0 0 0.19522596 0 0 0 0.20522596000000001 0 0 0 0.01 1
-0.39999999999999991 0.3600000000000001 0.5 0.22 0.29999999999999999 1 0.18505856000000004 0 0 0 0.19505856000000002 0 0 0 0.20505856000000003 0 0 0 0.00040000000000000002 1
-0.19999999999999996 0.23000000000000004 0.5 0.20000000000000001 0.29999999999999999 1 0.0117489124 0 0 0 0.021748912400000001 0 0 0 0.031748912400000003 0 0 0 0.00040000000000000002 1
0 0.70000000000000018 0.5 0.21000000000000002 0.29999999999999999 1 0.18472400000000005 0 0 0 0.19472400000000004 0 0 0 0.20472400000000004 0 0 0 0.0030000000000000001 1
0.20000000000000018 0.87000000000000011 0.5 0.22 0.29999999999999999 1 0.01 0 0 0 0.02 0 0 0 0.029999999999999999 0 0 0 0 1
0.40000000000000036 1.04 0.5 0.20000000000000001 0.29999999999999999 1 0.011743897600000001 0 0 0 0.021743897599999999 0 0 0 0.031743897600000001 0 0 0 0.00040000000000000002 1
0.60000000000000009 1.21 0.5 0.21000000000000002 0.29999999999999999 1 0.18422276000000004 0 0 0 0.19422276000000002 0 0 0 0.20422276000000003 0 0 0 0.01 1
0.92000000000000026 1.3800000000000003 0.5 0.22 0.29999999999999999 1 0.18405584000000005 0 0 0 0.19405584000000003 0 0 0 0.20405584000000004 0 0 0 0.01 1
1 1.5500000000000003 0.5 0.20000000000000001 0.29999999999999999 1 0.183889 0 0 0 0.19388899999999998 0 0 0 0.20388899999999999 0 0 0 0.01 1
1.2000000000000002 1.7200000000000002 0.5 0.21000000000000002 0.29999999999999999 1 0.18372224000000004 0 0 0 0.19372224000000002 0 0 0 0.20372224000000003 0 0 0 0.01 1
1.4000000000000004 -1 0.5 0.22 0.29999999999999999 1 0.18355556000000003 0 0 0 0.19355556000000002 0 0 0 0.20355556000000002 0 0 0 0.00040000000000000002 1
1.6000000000000001 -1.1299999999999999 0.5 0.20000000000000001 0.29999999999999999 1 0.0117338896 0 0 0 0.0217338896 0 0 0 0.031733889600000002 0 0 0 0.00040000000000000002 1
-2 -0.65999999999999992 0.5 0.21000000000000002 0.29999999999999999 1 0.18322243999999999 0 0 0 0.19322243999999997 0 0 0 0.20322243999999998 0 0 0 0.00040000000000000002 1
-1.8 -0.48999999999999999 0.5 0.22 0.29999999999999999 1 0.18305600000000002 0 0 0 0.19305600000000001 0 0 0 0.20305600000000001 0 0 0 0.0030000000000000001 1
-1.48 -0.31999999999999995 0.5 0.20000000000000001 0.29999999999999999 1 0.011728896400000001 0 0 0 0.021728896399999999 0 0 0 0.031728896399999998 0 0 0 0.00040000000000000002 1
-1.3999999999999999 -0.14999999999999991 0.5 0.21000000000000002 0.29999999999999999 1 0.01 0 0 0 0.02 0 0 0 0.029999999999999999 0 0 0 0 1
-1.2 0.020000000000000018 0.5 0.22 0.29999999999999999 1 0.18255716 0 0 0 0.19255715999999998 0 0 0 0.20255715999999999 0 0 0 0.00040000000000000002 1
-1 0.19000000000000017 0.5 0.20000000000000001 0.29999999999999999 1 0.011723910400000001 0 0 0 0.021723910400000001 0 0 0 0.031723910399999999 0 0 0 0.00040000000000000002 1
-0.79999999999999982 0.3600000000000001 0.5 0.21000000000000002 0.29999999999999999 1 0.18222500000000005 0 0 0 0.19222500000000003 0 0 0 0.20222500000000004 0 0 0 0.01 1
-0.59999999999999987 0.53000000000000003 0.5 0.22 0.29999999999999999 1 0.18205904000000006 0 0 0 0.19205904000000004 0 0 0 0.20205904000000005 0 0 0 0.01 1
-0.39999999999999991 0.40000000000000019 0.5 0.20000000000000001 0.29999999999999999 1 0.011718931599999999 0 0 0 0.021718931600000001 0 0 0 0.0317189316 0 0 0 0.00040000000000000002 1
-0.07999999999999996 0.87000000000000011 0.5 0.21000000000000002 0.29999999999999999 1 0.18172736 0 0 0 0.19172735999999999 0 0 0 0.20172735999999999 0 0 0 0.01 1
0 1.04 0.5 0.22 0.29999999999999999 1 0.18156164000000005 0 0 0 0.19156164000000003 0 0 0 0.20156164000000004 0 0 0 0.00040000000000000002 1
0.20000000000000018 1.21 0.5 0.20000000000000001 0.29999999999999999 1 0.18139600000000006 0 0 0 0.19139600000000004 0 0 0 0.20139600000000005 0 0 0 0.0030000000000000001 1
0.40000000000000036 1.3800000000000003 0.5 0.21000000000000002 0.29999999999999999 1 0.18123044000000002 0 0 0 0.19123044 0 0 0 0.20123044000000001 0 0 0 0.00040000000000000002 1
0.60000000000000009 1.5500000000000003 0.5 0.22 0.29999999999999999 1 0.18106496000000002 0 0 0 0.19106496000000001 0 0 0 0.20106496000000001 0 0 0 0.00040000000000000002 1
0.80000000000000027 1.7200000000000002 0.5 0.20000000000000001 0.29999999999999999 1 0.01 0 0 0 0.02 0 0 0 0.029999999999999999 0 0 0 0 1
1 -1 0.5 0.21000000000000002 0.29999999999999999 1 0.18073424000000007 0 0 0 0.19073424000000005 0 0 0 0.20073424000000006 0 0 0 0.00040000000000000002 1
1.3200000000000003 -0.82999999999999996 0.5 0.22 0.29999999999999999 1 0.18056900000000001 0 0 0 0.19056899999999999 0 0 0 0.200569 0 0 0 0.01 1
1.4000000000000004 -0.95999999999999996 0.5 0.20000000000000001 0.29999999999999999 1 0.0117040384 0 0 0 0.0217040384 0 0 0 0.031704038400000002 0 0 0 0.00040000000000000002 1
1.6000000000000001 -0.48999999999999999 0.5 0.21000000000000002 0.29999999999999999 1 0.18023876000000003 0 0 0 0.19023876000000001 0 0 0 0.20023876000000002 0 0 0 0.01 1
-2 -0.31999999999999995 0.5 0.22 0.29999999999999999 1 0.18007376000000005 0 0 0 0.19007376000000004 0 0 0 0.20007376000000004 0 0 0 0.01 1
-1.8 -0.14999999999999991 0.5 0.20000000000000001 0.29999999999999999 1 0.0116990884 0 0 0 0.0216990884 0 0 0 0.031699088399999999 0 0 0 0.00040000000000000002 1
-1.6000000000000001 0.020000000000000018 0.5 0.21000000000000002 0.29999999999999999 1 0.17974400000000001 0 0 0 0.189744 0 0 0 0.199744 0 0 0 0.01 1
-1.3999999999999999 0.19000000000000017 0.5 0.22 0.29999999999999999 1 0.17957924000000003 0 0 0 0.18957924000000001 0 0 0 0.19957924000000002 0 0 0 0.00040000000000000002 1
-1.0800000000000001 0.3600000000000001 0.5 0.20000000000000001 0.29999999999999999 1 0.011694145600000001 0 0 0 0.021694145600000003 0 0 0 0.031694145600000001 0 0 0 0.00040000000000000002 1
-1 0.53000000000000003 0.5 0.21000000000000002 0.29999999999999999 1 0.17924996000000001 0 0 0 0.18924995999999999 0 0 0 0.19924996 0 0 0 0.00040000000000000002 1
-0.79999999999999982 0.70000000000000018 0.5 0.22 0.29999999999999999 1 0.01 0 0 0 0.02 0 0 0 0.029999999999999999 0 0 0 0 1
-0.59999999999999987 0.57000000000000006 0.5 0.20000000000000001 0.29999999999999999 1 0.17892100000000005 0 0 0 0.18892100000000003 0 0 0 0.19892100000000004 0 0 0 0.01 1
-0.39999999999999991 1.04 0.5 0.21000000000000002 0.29999999999999999 1 0.17875664000000005 0 0 0 0.18875664000000003 0 0 0 0.19875664000000004 0 0 0 0.00040000000000000002 1
-0.19999999999999996 1.21 0.5 0.22 0.29999999999999999 1 0.17859236000000001 0 0 0 0.18859235999999999 0 0 0 0.19859236 0 0 0 0.00040000000000000002 1
0 1.3800000000000003 0.5 0.20000000000000001 0.29999999999999999 1 0.011684281600000001 0 0 0 0.021684281600000001 0 0 0 0.031684281599999996 0 0 0 0.00040000000000000002 1
0.32000000000000017 1.5500000000000003 0.5 0.21000000000000002 0.29999999999999999 1 0.17826404000000004 0 0 0 0.18826404000000002 0 0 0 0.19826404000000003 0 0 0 0.01 1
0.40000000000000036 1.7200000000000002 0.5 0.22 0.29999999999999999 1 0.17810000000000006 0 0 0 0.18810000000000004 0 0 0 0.19810000000000005 0 0 0 0.01 1
0.60000000000000009 -1 0.5 0.20000000000000001 0.29999999999999999 1 0.0116793604 0 0 0 0.0216793604 0 0 0 0.031679360400000002 0 0 0 0.00040000000000000002 1
0.80000000000000027 -0.82999999999999996 0.5 0.21000000000000002 0.29999999999999999 1 0.17777216000000001 0 0 0 0.18777215999999999 0 0 0 0.19777216 0 0 0 0.01 1
1 -0.65999999999999992 0.5 0.22 0.29999999999999999 1 0.17760836000000002 0 0 0 0.18760836 0 0 0 0.19760836000000001 0 0 0 0.00040000000000000002 1
1.2000000000000002 -0.79000000000000004 0.5 0.20000000000000001 0.29999999999999999 1 0.0116744464 0 0 0 0.021674446400000002 0 0 0 0.0316744464 0 0 0 0.00040000000000000002 1
1.4000000000000004 -0.31999999999999995 0.5 0.21000000000000002 0.29999999999999999 1 0.01 0 0 0 0.02 0 0 0 0.029999999999999999 0 0 0 0 1
1.7200000000000002 -0.14999999999999991 0.5 0.22 0.29999999999999999 1 0.17711744000000001 0 0 0 0.18711744 0 0 0 0.19711744 0 0 0 0.01 1
-2 0.020000000000000018 0.5 0.20000000000000001 0.29999999999999999 1 0.011669539600000001 0 0 0 0.021669539599999999 0 0 0 0.031669539599999998 0 0 0 0.00040000000000000002 1
-1.8 0.19000000000000017 0.5 0.21000000000000002 0.29999999999999999 1 0.17679056000000004 0 0 0 0.18679056000000002 0 0 0 0.19679056000000003 0 0 0 0.00040000000000000002 1
-1.6000000000000001 0.3600000000000001 0.5 0.22 0.29999999999999999 1 0.17662723999999999 0 0 0 0.18662723999999997 0 0 0 0.19662723999999998 0 0 0 0.00040000000000000002 1
-1.3999999999999999 0.53000000000000003 0.5 0.20000000000000001 0.29999999999999999 1 0.17646400000000001 0 0 0 0.18646399999999999 0 0 0 0.196464 0 0 0 0.01 1
-1.2 0.70000000000000018 0.5 0.21000000000000002 0.29999999999999999 1 0.17630084000000004 0 0 0 0.18630084000000002 0 0 0 0.19630084000000003 0 0 0 0.01 1
-1 0.87000000000000011 0.5 0.22 0.29999999999999999 1 0.17613776000000006 0 0 0 0.18613776000000004 0 0 0 0.19613776000000005 0 0 0 0.01 1
-0.67999999999999983 0.73999999999999999 0.5 0.20000000000000001 0.29999999999999999 1 0.011659747600000001 0 0 0 0.021659747600000001 0 0 0 0.031659747599999996 0 0 0 0.00040000000000000002 1
-0.59999999999999987 1.21 0.5 0.21000000000000002 0.29999999999999999 1 0.17581184000000002 0 0 0 0.18581184000000001 0 0 0 0.19581184000000001 0 0 0 0.01 1
-0.39999999999999991 1.3800000000000003 0.5 0.22 0.29999999999999999 1 0.17564900000000003 0 0 0 0.18564900000000001 0 0 0 0.19564900000000002 0 0 0 0.0030000000000000001 1
-0.19999999999999996 1.5500000000000003 0.5 0.20000000000000001 0.29999999999999999 1 0.01 0 0 0 0.02 0 0 0 0.029999999999999999 0 0 0 0 1
0 1.7200000000000002 0.5 0.21000000000000002 0.29999999999999999 1 0.17532356000000002 0 0 0 0.18532356 0 0 0 0.19532356000000001 0 0 0 0.00040000000000000002 1
0.20000000000000018 -1 0.5 0.22 0.29999999999999999 1 0.17516096000000003 0 0 0 0.18516096000000001 0 0 0 0.19516096000000002 0 0 0 0.00040000000000000002 1
0.40000000000000036 -0.82999999999999996 0.5 0.20000000000000001 0.29999999999999999 1 0.011649984400000001 0 0 0 0.021649984400000002 0 0 0 0.031649984399999997 0 0 0 0.00040000000000000002 1
0.72000000000000008 -0.65999999999999992 0.5 0.21000000000000002 0.29999999999999999 1 0.17483600000000005 0 0 0 0.18483600000000003 0 0 0 0.19483600000000004 0 0 0 0.01 1
0.80000000000000027 -0.48999999999999999 0.5 0.22 0.29999999999999999 1 0.17467364000000002 0 0 0 0.18467364 0 0 0 0.19467364000000001 0 0 0 0.00040000000000000002 1
1 -0.61999999999999988 0.5 0.20000000000000001 0.29999999999999999 1 0.0116451136 0 0 0 0.021645113600000002 0 0 0 0.031645113599999997 0 0 0 0.00040000000000000002 1
1.2000000000000002 -0.14999999999999991 0.5 0.21000000000000002 0.29999999999999999 1 0.17434916000000003 0 0 0 0.18434916000000001 0 0 0 0.19434916000000002 0 0 0 0.01 1
1.4000000000000004 0.020000000000000018 0.5 0.22 0.29999999999999999 1 0.17418704000000007 0 0 0 0.18418704000000005 0 0 0 0.19418704000000006 0 0 0 0.01 1
1.6000000000000001 0.19000000000000017 0.5 0.20000000000000001 0.29999999999999999 1 0.17402500000000001 0 0 0 0.18402499999999999 0 0 0 0.194025 0 0 0 0.01 1
-2 0.3600000000000001 0.5 0.21000000000000002 0.29999999999999999 1 0.17386304 0 0 0 0.18386303999999998 0 0 0 0.19386303999999999 0 0 0 0.01 1
-1.8 0.53000000000000003 0.5 0.22 0.29999999999999999 1 0.01 0 0 0 0.02 0 0 0 0.029999999999999999 0 0 0 0 1
-1.6000000000000001 0.70000000000000018 0.5 0.20000000000000001 0.29999999999999999 1 0.0116353936 0 0 0 0.0216353936 0 0 0 0.031635393599999999 0 0 0 0.00040000000000000002 1
-1.3999999999999999 0.87000000000000011 0.5 0.21000000000000002 0.29999999999999999 1 0.17337764 0 0 0 0.18337763999999998 0 0 0 0.19337763999999999 0 0 0 0.00040000000000000002 1
-1.2 1.04 0.5 0.22 0.29999999999999999 1 0.17321600000000001 0 0 0 0.18321599999999999 0 0 0 0.193216 0 0 0 0.0030000000000000001 1
-1 0.90999999999999992 0.5 0.20000000000000001 0.29999999999999999 1 0.0116305444 0 0 0 0.0216305444 0 0 0 0.031630544400000002 0 0 0 0.00040000000000000002 1
-0.79999999999999982 1.3800000000000003 0.5 0.21000000000000002 0.29999999999999999 1 0.17289296000000004 0 0 0 0.18289296000000002 0 0 0 0.19289296000000003 0 0 0 0.00040000000000000002 1
-0.59999999999999987 1.5500000000000003 0.5 0.22 0.29999999999999999 1 0.17273156000000001 0 0 0 0.18273155999999999 0 0 0 0.19273156 0 0 0 0.00040000000000000002 1
-0.27999999999999992 1.7200000000000002 0.5 0.20000000000000001 0.29999999999999999 1 0.0116257024 0 0 0 0.021625702400000002 0 0 0 0.031625702399999997 0 0 0 0.00040000000000000002 1
-0.19999999999999996 -1 0.5 0.21000000000000002 0.29999999999999999 1 0.17240900000000003 0 0 0 0.18240900000000002 0 0 0 0.19240900000000002 0 0 0 0.01 1
0 -0.82999999999999996 0.5 0.22 0.29999999999999999 1 0.17224784000000004 0 0 0 0.18224784000000002 0 0 0 0.19224784000000003 0 0 0 0.01 1
0.20000000000000018 -0.65999999999999992 0.5 0.20000000000000001 0.29999999999999999 1 0.011620867600000001 0 0 0 0.0216208676 0 0 0 0.031620867599999998 0 0 0 0.00040000000000000002 1
0.40000000000000036 -0.48999999999999999 0.5 0.21000000000000002 0.29999999999999999 1 0.01 0 0 0 0.02 0 0 0 0.029999999999999999 0 0 0 0 1
0.60000000000000009 -0.31999999999999995 0.5 0.22 0.29999999999999999 1 0.17176484000000003 0 0 0 0.18176484000000001 0 0 0 0.19176484000000002 0 0 0 0.00040000000000000002 1
0.80000000000000027 -0.4499999999999999 0.5 0.20000000000000001 0.29999999999999999 1 0.17160400000000003 0 0 0 0.18160400000000002 0 0 0 0.19160400000000002 0 0 0 0.01 1
1.1200000000000001 0.020000000000000018 0.5 0.21000000000000002 0.29999999999999999 1 0.17144324000000005 0 0 0 0.18144324000000003 0 0 0 0.19144324000000004 0 0 0 0.01 1
1.2000000000000002 0.19000000000000017 0.5 0.22 0.29999999999999999 1 0.17128256000000003 0 0 0 0.18128256000000001 0 0 0 0.19128256000000002 0 0 0 0.00040000000000000002 1
1.4000000000000004 0.3600000000000001 0.5 0.20000000000000001 0.29999999999999999 1 0.0116112196 0 0 0 0.021611219600000002 0 0 0 0.031611219599999997 0 0 0 0.00040000000000000002 1
1.6000000000000001 0.53000000000000003 0.5 0.21000000000000002 0.29999999999999999 1 0.17096144000000005 0 0 0 0.18096144000000003 0 0 0 0.19096144000000004 0 0 0 0.00040000000000000002 1
-2 0.70000000000000018 0.5 0.22 0.29999999999999999 1 0.17080100000000006 0 0 0 0.18080100000000005 0 0 0 0.19080100000000005 0 0 0 0.0030000000000000001 1
-1.8 0.87000000000000011 0.5 0.20000000000000001 0.29999999999999999 1 0.0116064064 0 0 0 0.0216064064 0 0 0 0.031606406400000002 0 0 0 0.00040000000000000002 1
-1.6000000000000001 1.04 0.5 0.21000000000000002 0.29999999999999999 1 0.17048036000000005 0 0 0 0.18048036000000003 0 0 0 0.19048036000000004 0 0 0 0.01 1
-1.2799999999999998 1.21 0.5 0.22 0.29999999999999999 1 0.17032016000000003 0 0 0 0.18032016000000001 0 0 0 0.19032016000000002 0 0 0 0.01 1
-1.2 1.3800000000000003 0.5 0.20000000000000001 0.29999999999999999 1 0.01 0 0 0 0.02 0 0 0 0.029999999999999999 0 0 0 0 1
-1 1.5500000000000003 0.5 0.21000000000000002 0.29999999999999999 1 0.17000000000000001 0 0 0 0.17999999999999999 0 0 0 0.19 0 0 0 0.01 1
-0.79999999999999982 1.7200000000000002 0.5 0.22 0.29999999999999999 1 0.16984004000000003 0 0 0 0.17984004000000001 0 0 0 0.18984004000000002 0 0 0 0.00040000000000000002 1
-0.59999999999999987 -1 0.5 0.20000000000000001 0.29999999999999999 1 0.011596801600000001 0 0 0 0.0215968016 0 0 0 0.031596801600000002 0 0 0 0.00040000000000000002 1
-0.39999999999999991 -0.82999999999999996 0.5 0.21000000000000002 0.29999999999999999 1 0.16952036000000004 0 0 0 0.17952036000000002 0 0 0 0.18952036000000003 0 0 0 0.00040000000000000002 1
-0.19999999999999996 -0.65999999999999992 0.5 0.22 0.29999999999999999 1 0.16936064000000003 0 0 0 0.17936064000000002 0 0 0 0.18936064000000002 0 0 0 0.00040000000000000002 1
0.12 -0.48999999999999999 0.5 0.20000000000000001 0.29999999999999999 1 0.16920100000000002 0 0 0 0.179201 0 0 0 0.18920100000000001 0 0 0 0.01 1
0.20000000000000018 -0.31999999999999995 0.5 0.21000000000000002 0.29999999999999999 1 0.16904144000000004 0 0 0 0.17904144000000002 0 0 0 0.18904144000000003 0 0 0 0.00040000000000000002 1
0.40000000000000036 -0.14999999999999991 0.5 0.22 0.29999999999999999 1 0.16888196000000003 0 0 0 0.17888196000000001 0 0 0 0.18888196000000002 0 0 0 0.00040000000000000002 1
0.60000000000000009 -0.27999999999999997 0.5 0.20000000000000001 0.29999999999999999 1 0.011587225600000001 0 0 0 0.021587225600000003 0 0 0 0.031587225599999998 0 0 0 0.00040000000000000002 1
0.80000000000000027 0.19000000000000017 0.5 0.21000000000000002 0.29999999999999999 1 0.16856324000000003 0 0 0 0.17856324000000001 0 0 0 0.18856324000000002 0 0 0 0.01 1
1 0.3600000000000001 0.5 0.22 0.29999999999999999 1 0.01 0 0 0 0.02 0 0 0 0.029999999999999999 0 0 0 0 1
1.2000000000000002 0.53000000000000003 0.5 0.20000000000000001 0.29999999999999999 1 0.011582448400000001 0 0 0 0.021582448400000002 0 0 0 0.031582448399999997 0 0 0 0.00040000000000000002 1
1.5200000000000005 0.70000000000000018 0.5 0.21000000000000002 0.29999999999999999 1 0.16808576000000006 0 0 0 0.17808576000000004 0 0 0 0.18808576000000005 0 0 0 0.01 1
1.6000000000000001 0.87000000000000011 0.5 0.22 0.29999999999999999 1 0.16792676000000004 0 0 0 0.17792676000000002 0 0 0 0.18792676000000003 0 0 0 0.00040000000000000002 1
-2 1.04 0.5 0.20000000000000001 0.29999999999999999 1 0.011577678400000001 0 0 0 0.021577678400000001 0 0 0 0.031577678399999996 0 0 0 0.00040000000000000002 1
-1.8 1.21 0.5 0.21000000000000002 0.29999999999999999 1 0.16760900000000004 0 0 0 0.17760900000000002 0 0 0 0.18760900000000003 0 0 0 0.0030000000000000001 1
-1.6000000000000001 1.3800000000000003 0.5 0.22 0.29999999999999999 1 0.16745024000000003 0 0 0 0.17745024000000001 0 0 0 0.18745024000000002 0 0 0 0.00040000000000000002 1
-1.3999999999999999 1.2500000000000002 0.5 0.20000000000000001 0.29999999999999999 1 0.011572915600000001 0 0 0 0.021572915599999999 0 0 0 0.031572915600000001 0 0 0 0.00040000000000000002 1
-1.2 1.7200000000000002 0.5 0.21000000000000002 0.29999999999999999 1 0.16713296000000005 0 0 0 0.17713296000000003 0 0 0 0.18713296000000004 0 0 0 0.00040000000000000002 1
-0.88 -1 0.5 0.22 0.29999999999999999 1 0.16697444000000003 0 0 0 0.17697444000000001 0 0 0 0.18697444000000002 0 0 0 0.01 1
-0.79999999999999982 -0.82999999999999996 0.5 0.20000000000000001 0.29999999999999999 1 0.16681600000000005 0 0 0 0.17681600000000003 0 0 0 0.18681600000000004 0 0 0 0.01 1
-0.59999999999999987 -0.65999999999999992 0.5 0.21000000000000002 0.29999999999999999 1 0.01 0 0 0 0.02 0 0 0 0.029999999999999999 0 0 0 0 1
-0.39999999999999991 -0.48999999999999999 0.5 0.22 0.29999999999999999 1 0.16649936000000004 0 0 0 0.17649936000000002 0 0 0 0.18649936000000003 0 0 0 0.01 1
-0.19999999999999996 -0.31999999999999995 0.5 0.20000000000000001 0.29999999999999999 1 0.0115634116 0 0 0 0.021563411600000002 0 0 0 0.031563411600000001 0 0 0 0.00040000000000000002 1
0 -0.14999999999999991 0.5 0.21000000000000002 0.29999999999999999 1 0.16618304000000006 0 0 0 0.17618304000000004 0 0 0 0.18618304000000005 0 0 0 0.01 1
0.20000000000000018 0.020000000000000018 0.5 0.22 0.29999999999999999 1 0.16602500000000003 0 0 0 0.17602500000000001 0 0 0 0.18602500000000002 0 0 0 0.0030000000000000001 1
0.52000000000000035 -0.10999999999999982 0.5 0.20000000000000001 0.29999999999999999 1 0.0115586704 0 0 0 0.0215586704 0 0 0 0.031558670400000002 0 0 0 0.00040000000000000002 1
0.60000000000000009 0.3600000000000001 0.5 0.21000000000000002 0.29999999999999999 1 0.16570916000000002 0 0 0 0.17570916 0 0 0 0.18570916000000001 0 0 0 0.00040000000000000002 1
0.80000000000000027 0.53000000000000003 0.5 0.22 0.29999999999999999 1 0.16555136000000004 0 0 0 0.17555136000000002 0 0 0 0.18555136000000003 0 0 0 0.00040000000000000002 1
1 0.70000000000000018 0.5 0.20000000000000001 0.29999999999999999 1 0.011553936400000001 0 0 0 0.021553936400000001 0 0 0 0.031553936399999996 0 0 0 0.00040000000000000002 1
1.2000000000000002 0.87000000000000011 0.5 0.21000000000000002 0.29999999999999999 1 0.16523600000000005 0 0 0 0.17523600000000003 0 0 0 0.18523600000000004 0 0 0 0.0030000000000000001 1
1.4000000000000004 1.04 0.5 0.22 0.29999999999999999 1 0.16507844000000002 0 0 0 0.17507844 0 0 0 0.18507844000000001 0 0 0 0.00040000000000000002 1
1.6000000000000001 1.21 0.5 0.20000000000000001 0.29999999999999999 1 0.01 0 0 0 0.02 0 0 0 0.029999999999999999 0 0 0 0 1
-1.8799999999999999 1.3800000000000003 0.5 0.21000000000000002 0.29999999999999999 1 0.16476356000000003 0 0 0 0.17476356000000001 0 0 0 0.18476356000000002 0 0 0 0.01 1
-1.8 1.5500000000000003 0.5 0.22 0.29999999999999999 1 0.16460624000000004 0 0 0 0.17460624000000002 0 0 0 0.18460624000000003 0 0 0 0.01 1
-1.6000000000000001 1.4200000000000002 0.5 0.20000000000000001 0.29999999999999999 1 0.16444900000000001 0 0 0 0.17444899999999999 0 0 0 0.184449 0 0 0 0.01 1
-1.3999999999999999 -1 0.5 0.21000000000000002 0.29999999999999999 1 0.16429184000000005 0 0 0 0.17429184000000003 0 0 0 0.18429184000000004 0 0 0 0.01 1
-1.2 -0.82999999999999996 0.5 0.22 0.29999999999999999 1 0.16413476000000002 0 0 0 0.17413476 0 0 0 0.18413476000000001 0 0 0 0.00040000000000000002 1
-1 -0.65999999999999992 0.5 0.20000000000000001 0.29999999999999999 1 0.0115397776 0 0 0 0.021539777600000001 0 0 0 0.031539777599999999 0 0 0 0.00040000000000000002 1
-0.79999999999999982 -0.48999999999999999 0.5 0.21000000000000002 0.29999999999999999 1 0.16382084000000002 0 0 0 0.17382084 0 0 0 0.18382084000000001 0 0 0 0.00040000000000000002 1
-0.47999999999999987 -0.31999999999999995 0.5 0.22 0.29999999999999999 1 0.16366400000000003 0 0 0 0.17366400000000001 0 0 0 0.18366400000000002 0 0 0 0.01 1
-0.39999999999999991 -0.14999999999999991 0.5 0.20000000000000001 0.29999999999999999 1 0.011535072400000001 0 0 0 0.021535072400000001 0 0 0 0.031535072400000003 0 0 0 0.00040000000000000002 1
-0.19999999999999996 0.020000000000000018 0.5 0.21000000000000002 0.29999999999999999 1 0.16335056000000003 0 0 0 0.17335056000000001 0 0 0 0.18335056000000002 0 0 0 0.00040000000000000002 1
0 0.19000000000000017 0.5 0.22 0.29999999999999999 1 0.01 0 0 0 0.02 0 0 0 0.029999999999999999 0 0 0 0 1
0.20000000000000018 0.060000000000000109 0.5 0.20000000000000001 0.29999999999999999 1 0.011530374400000001 0 0 0 0.0215303744 0 0 0 0.031530374399999998 0 0 0 0.00040000000000000002 1
0.40000000000000036 0.53000000000000003 0.5 0.21000000000000002 0.29999999999999999 1 0.16288100000000003 0 0 0 0.17288100000000001 0 0 0 0.18288100000000002 0 0 0 0.01 1
0.60000000000000009 0.70000000000000018 0.5 0.22 0.29999999999999999 1 0.16272464000000003 0 0 0 0.17272464000000001 0 0 0 0.18272464000000002 0 0 0 0.01 1
0.92000000000000026 0.87000000000000011 0.5 0.20000000000000001 0.29999999999999999 1 0.011525683600000001 0 0 0 0.021525683600000001 0 0 0 0.0315256836 0 0 0 0.00040000000000000002 1
1 1.04 0.5 0.21000000000000002 0.29999999999999999 1 0.16241216000000006 0 0 0 0.17241216000000004 0 0 0 0.18241216000000005 0 0 0 0.01 1
1.2000000000000002 1.21 0.5 0.22 0.29999999999999999 1 0.16225604000000002 0 0 0 0.17225604 0 0 0 0.18225604000000001 0 0 0 0.00040000000000000002 1
1.4000000000000004 1.3800000000000003 0.5 0.20000000000000001 0.29999999999999999 1 0.16210000000000005 0 0 0 0.17210000000000003 0 0 0 0.18210000000000004 0 0 0 0.0030000000000000001 1
1.6000000000000001 1.5500000000000003 0.5 0.21000000000000002 0.29999999999999999 1 0.16194404000000001 0 0 0 0.17194403999999999 0 0 0 0.18194404 0 0 0 0.00040000000000000002 1
-2 1.7200000000000002 0.5 0.22 0.29999999999999999 1 0.16178816000000004 0 0 0 0.17178816000000002 0 0 0 0.18178816000000003 0 0 0 0.00040000000000000002 1
-1.8 -1.3 0.5 0.20000000000000001 0.29999999999999999 1 0.0115163236 0 0 0 0.021516323600000001 0 0 0 0.0315163236 0 0 0 0.00040000000000000002 1
-1.6000000000000001 -0.82999999999999996 0.5 0.21000000000000002 0.29999999999999999 1 0.01 0 0 0 0.02 0 0 0 0.029999999999999999 0 0 0 0 1
-1.3999999999999999 -0.65999999999999992 0.5 0.22 0.29999999999999999 1 0.16132100000000002 0 0 0 0.171321 0 0 0 0.18132100000000001 0 0 0 0.0030000000000000001 1
-1.2 -0.48999999999999999 0.5 0.20000000000000001 0.29999999999999999 1 0.011511654400000002 0 0 0 0.0215116544 0 0 0 0.031511654399999998 0 0 0 0.00040000000000000002 1
-1 -0.31999999999999995 0.5 0.21000000000000002 0.29999999999999999 1 0.16100996000000001 0 0 0 0.17100995999999999 0 0 0 0.18100996 0 0 0 0.01 1
-0.79999999999999982 -0.14999999999999991 0.5 0.22 0.29999999999999999 1 0.16085456000000004 0 0 0 0.17085456000000002 0 0 0 0.18085456000000003 0 0 0 0.01 1
-0.59999999999999987 0.020000000000000018 0.5 0.20000000000000001 0.29999999999999999 1 0.011506992400000001 0 0 0 0.021506992400000001 0 0 0 0.031506992399999996 0 0 0 0.00040000000000000002 1
-0.39999999999999991 0.19000000000000017 0.5 0.21000000000000002 0.29999999999999999 1 0.16054400000000005 0 0 0 0.17054400000000003 0 0 0 0.18054400000000004 0 0 0 0.01 1
-0.07999999999999996 0.3600000000000001 0.5 0.22 0.29999999999999999 1 0.16038884000000003 0 0 0 0.17038884000000001 0 0 0 0.18038884000000002 0 0 0 0.01 1
0 0.23000000000000004 0.5 0.20000000000000001 0.29999999999999999 1 0.011502337600000001 0 0 0 0.021502337600000001 0 0 0 0.031502337599999999 0 0 0 0.00040000000000000002 1
0.20000000000000018 0.70000000000000018 0.5 0.21000000000000002 0.29999999999999999 1 0.16007876000000001 0 0 0 0.17007876 0 0 0 0.18007876 0 0 0 0.00040000000000000002 1
0.40000000000000036 0.87000000000000011 0.5 0.22 0.29999999999999999 1 0.15992384000000004 0 0 0 0.16992384000000002 0 0 0 0.17992384000000003 0 0 0 0.00040000000000000002 1
0.60000000000000009 1.04 0.5 0.20000000000000001 0.29999999999999999 1 0.01 0 0 0 0.02 0 0 0 0.029999999999999999 0 0 0 0 1
0.80000000000000027 1.21 0.5 0.21000000000000002 0.29999999999999999 1 0.15961424000000005 0 0 0 0.16961424000000003 0 0 0 0.17961424000000004 0 0 0 0.00040000000000000002 1
1 1.3800000000000003 0.5 0.22 0.29999999999999999 1 0.15945956000000003 0 0 0 0.16945956000000001 0 0 0 0.17945956000000002 0 0 0 0.00040000000000000002 1
1.3200000000000003 1.5500000000000003 0.5 0.20000000000000001 0.29999999999999999 1 0.011493049600000001 0 0 0 0.021493049600000001 0 0 0 0.031493049599999996 0 0 0 0.00040000000000000002 1
1.4000000000000004 1.7200000000000002 0.5 0.21000000000000002 0.29999999999999999 1 0.15915044 0 0 0 0.16915043999999999 0 0 0 0.17915043999999999 0 0 0 0.01 1
1.6000000000000001 -1 0.5 0.22 0.29999999999999999 1 0.15899600000000005 0 0 0 0.16899600000000004 0 0 0 0.17899600000000004 0 0 0 0.01 1
-2 -1.1299999999999999 0.5 0.20000000000000001 0.29999999999999999 1 0.0114884164 0 0 0 0.021488416400000002 0 0 0 0.031488416399999997 0 0 0 0.00040000000000000002 1
-1.8 -0.65999999999999992 0.5 0.21000000000000002 0.29999999999999999 1 0.15868736000000003 0 0 0 0.16868736000000001 0 0 0 0.17868736000000002 0 0 0 0.01 1
-1.6000000000000001 -0.48999999999999999 0.5 0.22 0.29999999999999999 1 0.15853316000000003 0 0 0 0.16853316000000002 0 0 0 0.17853316000000002 0 0 0 0.00040000000000000002 1
-1.3999999999999999 -0.31999999999999995 0.5 0.20000000000000001 0.29999999999999999 1 0.011483790400000001 0 0 0 0.021483790400000001 0 0 0 0.031483790399999996 0 0 0 0.00040000000000000002 1
-1.0800000000000001 -0.14999999999999991 0.5 0.21000000000000002 0.29999999999999999 1 0.15822500000000003 0 0 0 0.16822500000000001 0 0 0 0.17822500000000002 0 0 0 0.01 1
-1 0.020000000000000018 0.5 0.22 0.29999999999999999 1 0.01 0 0 0 0.02 0 0 0 0.029999999999999999 0 0 0 0 1
-0.79999999999999982 0.19000000000000017 0.5 0.20000000000000001 0.29999999999999999 1 0.011479171600000001 0 0 0 0.021479171599999999 0 0 0 0.031479171600000001 0 0 0 0.00040000000000000002 1
-0.59999999999999987 0.3600000000000001 0.5 0.21000000000000002 0.29999999999999999 1 0.15776336000000005 0 0 0 0.16776336000000003 0 0 0 0.17776336000000004 0 0 0 0.00040000000000000002 1
-0.39999999999999991 0.53000000000000003 0.5 0.22 0.29999999999999999 1 0.15760964000000002 0 0 0 0.16760964 0 0 0 0.17760964000000001 0 0 0 0.00040000000000000002 1
-0.19999999999999996 0.40000000000000019 0.5 0.20000000000000001 0.29999999999999999 1 0.15745600000000004 0 0 0 0.16745600000000002 0 0 0 0.17745600000000003 0 0 0 0.01 1
0 0.87000000000000011 0.5 0.21000000000000002 0.29999999999999999 1 0.15730244000000002 0 0 0 0.16730244 0 0 0 0.17730244000000001 0 0 0 0.01 1
0.32000000000000017 1.04 0.5 0.22 0.29999999999999999 1 0.15714896000000003 0 0 0 0.16714896000000001 0 0 0 0.17714896000000002 0 0 0 0.01 1
0.40000000000000036 1.21 0.5 0.20000000000000001 0.29999999999999999 1 0.0114699556 0 0 0 0.0214699556 0 0 0 0.031469955600000002 0 0 0 0.00040000000000000002 1
0.60000000000000009 1.3800000000000003 0.5 0.21000000000000002 0.29999999999999999 1 0.15684224000000002 0 0 0 0.16684224 0 0 0 0.17684224000000001 0 0 0 0.01 1
0.80000000000000027 1.5500000000000003 0.5 0.22 0.29999999999999999 1 0.15668900000000002 0 0 0 0.166689 0 0 0 0.17668900000000001 0 0 0 0.0030000000000000001 1
1 1.7200000000000002 0.5 0.20000000000000001 0.29999999999999999 1 0.0114653584 0 0 0 0.021465358400000002 0 0 0 0.031465358399999997 0 0 0 0.00040000000000000002 1
1.2000000000000002 -1 0.5 0.21000000000000002 0.29999999999999999 1 0.01 0 0 0 0.02 0 0 0 0.029999999999999999 0 0 0 0 1
1.4000000000000004 -0.82999999999999996 0.5 0.22 0.29999999999999999 1 0.15622976000000005 0 0 0 0.16622976000000003 0 0 0 0.17622976000000004 0 0 0 0.00040000000000000002 1
1.7200000000000002 -0.95999999999999996 0.5 0.20000000000000001 0.29999999999999999 1 0.0114607684 0 0 0 0.0214607684 0 0 0 0.031460768399999998 0 0 0 0.00040000000000000002 1
-2 -0.48999999999999999 0.5 0.21000000000000002 0.29999999999999999 1 0.15592400000000003 0 0 0 0.16592400000000002 0 0 0 0.17592400000000002 0 0 0 0.0030000000000000001 1
-1.8 -0.31999999999999995 0.5 0.22 0.29999999999999999 1 0.15577124000000003 0 0 0 0.16577124000000001 0 0 0 0.17577124000000002 0 0 0 0.00040000000000000002 1
-1.6000000000000001 -0.14999999999999991 0.5 0.20000000000000001 0.29999999999999999 1 0.0114561856 0 0 0 0.0214561856 0 0 0 0.031456185599999999 0 0 0 0.00040000000000000002 1
-1.3999999999999999 0.020000000000000018 0.5 0.21000000000000002 0.29999999999999999 1 0.15546596000000001 0 0 0 0.16546596 0 0 0 0.17546596 0 0 0 0.01 1
-1.2 0.19000000000000017 0.5 0.22 0.29999999999999999 1 0.15531344000000002 0 0 0 0.16531344000000001 0 0 0 0.17531344000000001 0 0 0 0.01 1
-1 0.3600000000000001 0.5 0.20000000000000001 0.29999999999999999 1 0.15516100000000002 0 0 0 0.165161 0 0 0 0.17516100000000001 0 0 0 0.01 1
-0.67999999999999983 0.53000000000000003 0.5 0.21000000000000002 0.29999999999999999 1 0.15500864000000003 0 0 0 0.16500864000000001 0 0 0 0.17500864000000002 0 0 0 0.01 1
-0.59999999999999987 0.70000000000000018 0.5 0.22 0.29999999999999999 1 0.15485636 0 0 0 0.16485635999999998 0 0 0 0.17485635999999999 0 0 0 0.00040000000000000002 1
-0.39999999999999991 0.87000000000000011 0.5 0.20000000000000001 0.29999999999999999 1 0.01 0 0 0 0.02 0 0 0 0.029999999999999999 0 0 0 0 1
-0.19999999999999996 1.04 0.5 0.21000000000000002 0.29999999999999999 1 0.15455204 0 0 0 0.16455203999999998 0 0 0 0.17455203999999999 0 0 0 0.00040000000000000002 1
0 1.21 0.5 0.22 0.29999999999999999 1 0.15440000000000004 0 0 0 0.16440000000000002 0 0 0 0.17440000000000003 0 0 0 0.0030000000000000001 1
0.20000000000000018 1.3800000000000003 0.5 0.20000000000000001 0.29999999999999999 1 0.0114424804 0 0 0 0.021442480400000002 0 0 0 0.0314424804 0 0 0 0.00040000000000000002 1
0.40000000000000036 1.5500000000000003 0.5 0.21000000000000002 0.29999999999999999 1 0.15409616000000004 0 0 0 0.16409616000000002 0 0 0 0.17409616000000003 0 0 0 0.00040000000000000002 1
0.72000000000000008 1.7200000000000002 0.5 0.22 0.29999999999999999 1 0.15394436000000003 0 0 0 0.16394436000000001 0 0 0 0.17394436000000002 0 0 0 0.01 1
0.80000000000000027 -1 0.5 0.20000000000000001 0.29999999999999999 1 0.011437926400000001 0 0 0 0.021437926400000001 0 0 0 0.031437926399999996 0 0 0 0.00040000000000000002 1
1 -0.82999999999999996 0.5 0.21000000000000002 0.29999999999999999 1 0.15364100000000003 0 0 0 0.16364100000000001 0 0 0 0.17364100000000002 0 0 0 0.01 1
1.2000000000000002 -0.65999999999999992 0.5 0.22 0.29999999999999999 1 0.15348944000000003 0 0 0 0.16348944000000001 0 0 0 0.17348944000000002 0 0 0 0.01 1
1.4000000000000004 -0.79000000000000004 0.5 0.20000000000000001 0.29999999999999999 1 0.0114333796 0 0 0 0.0214333796 0 0 0 0.031433379599999998 0 0 0 0.00040000000000000002 1
1.6000000000000001 -0.31999999999999995 0.5 0.21000000000000002 0.29999999999999999 1 0.15318656000000003 0 0 0 0.16318656000000001 0 0 0 0.17318656000000002 0 0 0 0.01 1
-2 -0.14999999999999991 0.5 0.22 0.29999999999999999 1 0.01 0 0 0 0.02 0 0 0 0.029999999999999999 0 0 0 0 1
-1.6800000000000002 0.020000000000000018 0.5 0.20000000000000001 0.29999999999999999 1 0.15288400000000002 0 0 0 0.162884 0 0 0 0.17288400000000001 0 0 0 0.01 1
-1.6000000000000001 0.19000000000000017 0.5 0.21000000000000002 0.29999999999999999 1 0.15273284000000001 0 0 0 0.16273283999999999 0 0 0 0.17273284 0 0 0 0.00040000000000000002 1
-1.3999999999999999 0.3600000000000001 0.5 0.22 0.29999999999999999 1 0.15258176000000004 0 0 0 0.16258176000000002 0 0 0 0.17258176000000003 0 0 0 0.00040000000000000002 1
-1.2 0.53000000000000003 0.5 0.20000000000000001 0.29999999999999999 1 0.011424307600000001 0 0 0 0.021424307600000001 0 0 0 0.0314243076 0 0 0 0.00040000000000000002 1
-1 0.70000000000000018 0.5 0.21000000000000002 0.29999999999999999 1 0.15227984000000003 0 0 0 0.16227984000000001 0 0 0 0.17227984000000002 0 0 0 0.00040000000000000002 1
-0.79999999999999982 0.87000000000000011 0.5 0.22 0.29999999999999999 1 0.15212900000000001 0 0 0 0.162129 0 0 0 0.172129 0 0 0 0.0030000000000000001 1
-0.59999999999999987 0.73999999999999999 0.5 0.20000000000000001 0.29999999999999999 1 0.0114197824 0 0 0 0.0214197824 0 0 0 0.031419782399999999 0 0 0 0.00040000000000000002 1
-0.27999999999999992 1.21 0.5 0.21000000000000002 0.29999999999999999 1 0.15182756 0 0 0 0.16182755999999998 0 0 0 0.17182755999999999 0 0 0 0.01 1
-0.19999999999999996 1.3800000000000003 0.5 0.22 0.29999999999999999 1 0.15167696000000003 0 0 0 0.16167696000000001 0 0 0 0.17167696000000002 0 0 0 0.01 1
0 1.5500000000000003 0.5 0.20000000000000001 0.29999999999999999 1 0.0114152644 0 0 0 0.021415264400000002 0 0 0 0.031415264399999997 0 0 0 0.00040000000000000002 1
0.20000000000000018 1.7200000000000002 0.5 0.21000000000000002 0.29999999999999999 1 0.01 0 0 0 0.02 0 0 0 0.029999999999999999 0 0 0 0 1
0.40000000000000036 -1 0.5 0.22 0.29999999999999999 1 0.15122564000000005 0 0 0 0.16122564000000003 0 0 0 0.17122564000000004 0 0 0 0.00040000000000000002 1
0.60000000000000009 -0.82999999999999996 0.5 0.20000000000000001 0.29999999999999999 1 0.0114107536 0 0 0 0.021410753600000002 0 0 0 0.031410753600000001 0 0 0 0.00040000000000000002 1
0.80000000000000027 -0.65999999999999992 0.5 0.21000000000000002 0.29999999999999999 1 0.15092516000000006 0 0 0 0.16092516000000004 0 0 0 0.17092516000000005 0 0 0 0.00040000000000000002 1
1.1200000000000001 -0.48999999999999999 0.5 0.22 0.29999999999999999 1 0.15077504000000003 0 0 0 0.16077504000000001 0 0 0 0.17077504000000002 0 0 0 0.01 1
1.2000000000000002 -0.61999999999999988 0.5 0.20000000000000001 0.29999999999999999 1 0.15062500000000004 0 0 0 0.16062500000000002 0 0 0 0.17062500000000003 0 0 0 0.01 1
1.4000000000000004 -0.14999999999999991 0.5 0.21000000000000002 0.29999999999999999 1 0.15047504000000003 0 0 0 0.16047504000000001 0 0 0 0.17047504000000002 0 0 0 0.00040000000000000002 1
1.6000000000000001 0.020000000000000018 0.5 0.22 0.29999999999999999 1 0.15032516000000004 0 0 0 0.16032516000000002 0 0 0 0.17032516000000003 0 0 0 0.00040000000000000002 1
-2 0.19000000000000017 0.5 0.20000000000000001 0.29999999999999999 1 0.0114017536 0 0 0 0.0214017536 0 0 0 0.031401753599999999 0 0 0 0.00040000000000000002 1
-1.8 0.3600000000000001 0.5 0.21000000000000002 0.29999999999999999 1 0.15002564000000004 0 0 0 0.16002564000000002 0 0 0 0.17002564000000003 0 0 0 0.01 1
-1.6000000000000001 0.53000000000000003 0.5 0.22 0.29999999999999999 1 0.14987600000000004 0 0 0 0.15987600000000002 0 0 0 0.16987600000000003 0 0 0 0.01 1
-1.3999999999999999 0.70000000000000018 0.5 0.20000000000000001 0.29999999999999999 1 0.01 0 0 0 0.02 0 0 0 0.029999999999999999 0 0 0 0 1
-1.2 0.87000000000000011 0.5 0.21000000000000002 0.29999999999999999 1 0.14957696000000004 0 0 0 0.15957696000000002 0 0 0 0.16957696000000003 0 0 0 0.01 1
-1 1.04 0.5 0.22 0.29999999999999999 1 0.14942756000000004 0 0 0 0.15942756000000002 0 0 0 0.16942756000000003 0 0 0 0.00040000000000000002 1
-0.79999999999999982 0.90999999999999992 0.5 0.20000000000000001 0.29999999999999999 1 0.011392782400000001 0 0 0 0.021392782400000001 0 0 0 0.031392782399999999 0 0 0 0.00040000000000000002 1
-0.59999999999999987 1.3800000000000003 0.5 0.21000000000000002 0.29999999999999999 1 0.14912900000000004 0 0 0 0.15912900000000002 0 0 0 0.16912900000000003 0 0 0 0.0030000000000000001 1
-0.39999999999999991 1.5500000000000003 0.5 0.22 0.29999999999999999 1 0.14897984000000003 0 0 0 0.15897984000000001 0 0 0 0.16897984000000002 0 0 0 0.00040000000000000002 1
-0.19999999999999996 1.7200000000000002 0.5 0.20000000000000001 0.29999999999999999 1 0.011388307600000001 0 0 0 0.0213883076 0 0 0 0.031388307599999998 0 0 0 0.00040000000000000002 1
0.12 -1 0.5 0.21000000000000002 0.29999999999999999 1 0.14868176000000002 0 0 0 0.15868176000000001 0 0 0 0.16868176000000001 0 0 0 0.01 1
0.20000000000000018 -0.82999999999999996 0.5 0.22 0.29999999999999999 1 0.14853284000000005 0 0 0 0.15853284000000004 0 0 0 0.16853284000000004 0 0 0 0.00040000000000000002 1
0.40000000000000036 -0.65999999999999992 0.5 0.20000000000000001 0.29999999999999999 1 0.14838400000000004 0 0 0 0.15838400000000002 0 0 0 0.16838400000000003 0 0 0 0.01 1
0.60000000000000009 -0.48999999999999999 0.5 0.21000000000000002 0.29999999999999999 1 0.14823524000000005 0 0 0 0.15823524000000003 0 0 0 0.16823524000000004 0 0 0 0.01 1
0.80000000000000027 -0.31999999999999995 0.5 0.22 0.29999999999999999 1 0.01 0 0 0 0.02 0 0 0 0.029999999999999999 0 0 0 0 1
1 -0.4499999999999999 0.5 0.20000000000000001 0.29999999999999999 1 0.011379379600000001 0 0 0 0.021379379600000002 0 0 0 0.0313793796 0 0 0 0.00040000000000000002 1
1.2000000000000002 0.020000000000000018 0.5 0.21000000000000002 0.29999999999999999 1 0.14778944000000002 0 0 0 0.15778944 0 0 0 0.16778944000000001 0 0 0 0.01 1
1.5200000000000005 0.19000000000000017 0.5 0.22 0.29999999999999999 1 0.14764100000000005 0 0 0 0.15764100000000003 0 0 0 0.16764100000000004 0 0 0 0.01 1
1.6000000000000001 0.3600000000000001 0.5 0.20000000000000001 0.29999999999999999 1 0.011374926400000001 0 0 0 0.021374926400000001 0 0 0 0.031374926399999996 0 0 0 0.00040000000000000002 1
-2 0.53000000000000003 0.5 0.21000000000000002 0.29999999999999999 1 0.14734436000000004 0 0 0 0.15734436000000002 0 0 0 0.16734436000000003 0 0 0 0.00040000000000000002 1
-1.8 0.70000000000000018 0.5 0.22 0.29999999999999999 1 0.14719616000000002 0 0 0 0.15719616 0 0 0 0.16719616000000001 0 0 0 0.00040000000000000002 1
-1.6000000000000001 0.87000000000000011 0.5 0.20000000000000001 0.29999999999999999 1 0.011370480400000001 0 0 0 0.021370480400000003 0 0 0 0.031370480399999998 0 0 0 0.00040000000000000002 1
-2 -1 0.5 0.20000000000000001 0.29999999999999999 1 0.01 0 0 0 0.02 0 0 0 0.029999999999999999 0 0 0 0 1
-1.8 -0.82999999999999996 0.5 0.21000000000000002 0.29999999999999999 1 0.24020804000000004 0 0 0 0.25020804000000002 0 0 0 0.26020804000000003 0 0 0 0.01 1
-1.6000000000000001 -0.65999999999999992 0.5 0.22 0.29999999999999999 1 0.24001616000000003 0 0 0 0.25001616000000004 0 0 0 0.26001616000000005 0 0 0 0.01 1
-1.3999999999999999 -0.48999999999999999 0.5 0.20000000000000001 0.29999999999999999 1 0.012298243600000001 0 0 0 0.0222982436 0 0 0 0.032298243599999998 0 0 0 0.00040000000000000002 1
-1.2 -0.31999999999999995 0.5 0.21000000000000002 0.29999999999999999 1 0.23963264000000006 0 0 0 0.24963264000000004 0 0 0 0.25963264000000008 0 0 0 0.01 1
-1 -0.14999999999999991 0.5 0.22 0.29999999999999999 1 0.23944100000000001 0 0 0 0.249441 0 0 0 0.25944100000000003 0 0 0 0.0030000000000000001 1
-0.79999999999999982 0.020000000000000018 0.5 0.20000000000000001 0.29999999999999999 1 0.012292494400000001 0 0 0 0.022292494400000001 0 0 0 0.032292494399999996 0 0 0 0.00040000000000000002 1
-0.47999999999999987 0.19000000000000017 0.5 0.21000000000000002 0.29999999999999999 1 0.23905796000000007 0 0 0 0.24905796000000005 0 0 0 0.25905796000000003 0 0 0 0.01 1
-0.39999999999999991 0.3600000000000001 0.5 0.22 0.29999999999999999 1 0.23886656000000006 0 0 0 0.24886656000000004 0 0 0 0.25886656000000008 0 0 0 0.00040000000000000002 1
-0.19999999999999996 0.23000000000000004 0.5 0.20000000000000001 0.29999999999999999 1 0.0122867524 0 0 0 0.022286752400000002 0 0 0 0.0322867524 0 0 0 0.00040000000000000002 1
0 0.70000000000000018 0.5 0.21000000000000002 0.29999999999999999 1 0.23848400000000003 0 0 0 0.24848400000000001 0 0 0 0.25848400000000005 0 0 0 0.0030000000000000001 1
0.20000000000000018 0.87000000000000011 0.5 0.22 0.29999999999999999 1 0.01 0 0 0 0.02 0 0 0 0.029999999999999999 0 0 0 0 1
0.40000000000000036 1.04 0.5 0.20000000000000001 0.29999999999999999 1 0.012281017600000001 0 0 0 0.022281017600000001 0 0 0 0.032281017600000003 0 0 0 0.00040000000000000002 1
0.60000000000000009 1.21 0.5 0.21000000000000002 0.29999999999999999 1 0.23791076000000003 0 0 0 0.24791076000000001 0 0 0 0.25791076000000002 0 0 0 0.01 1
0.92000000000000026 1.3800000000000003 0.5 0.22 0.29999999999999999 1 0.23771984000000004 0 0 0 0.24771984000000002 0 0 0 0.25771984000000003 0 0 0 0.01 1
1 1.5500000000000003 0.5 0.20000000000000001 0.29999999999999999 1 0.23752900000000005 0 0 0 0.24752900000000003 0 0 0 0.25752900000000001 0 0 0 0.01 1
1.2000000000000002 1.7200000000000002 0.5 0.21000000000000002 0.29999999999999999 1 0.23733824000000006 0 0 0 0.24733824000000004 0 0 0 0.25733824000000005 0 0 0 0.01 1
1.4000000000000004 -1 0.5 0.22 0.29999999999999999 1 0.23714756000000003 0 0 0 0.24714756000000002 0 0 0 0.25714756000000005 0 0 0 0.00040000000000000002 1
1.6000000000000001 -1.1299999999999999 0.5 0.20000000000000001 0.29999999999999999 1 0.0122695696 0 0 0 0.022269569600000001 0 0 0 0.032269569599999999 0 0 0 0.00040000000000000002 1
-2 -0.65999999999999992 0.5 0.21000000000000002 0.29999999999999999 1 0.23676644000000005 0 0 0 0.24676644000000003 0 0 0 0.25676644000000004 0 0 0 0.00040000000000000002 1
-1.8 -0.48999999999999999 0.5 0.22 0.29999999999999999 1 0.23657600000000006 0 0 0 0.24657600000000005 0 0 0 0.25657600000000003 0 0 0 0.0030000000000000001 1
-1.48 -0.31999999999999995 0.5 0.20000000000000001 0.29999999999999999 1 0.0122638564 0 0 0 0.0222638564 0 0 0 0.032263856399999999 0 0 0 0.00040000000000000002 1
-1.3999999999999999 -0.14999999999999991 0.5 0.21000000000000002 0.29999999999999999 1 0.01 0 0 0 0.02 0 0 0 0.029999999999999999 0 0 0 0 1
-1.2 0.020000000000000018 0.5 0.22 0.29999999999999999 1 0.23600516000000005 0 0 0 0.24600516000000003 0 0 0 0.25600516000000006 0 0 0 0.00040000000000000002 1
-1 0.19000000000000017 0.5 0.20000000000000001 0.29999999999999999 1 0.012258150400000001 0 0 0 0.022258150400000003 0 0 0 0.032258150399999998 0 0 0 0.00040000000000000002 1
-0.79999999999999982 0.3600000000000001 0.5 0.21000000000000002 0.29999999999999999 1 0.235625 0 0 0 0.24562499999999998 0 0 0 0.25562499999999999 0 0 0 0.01 1
-0.59999999999999987 0.53000000000000003 0.5 0.22 0.29999999999999999 1 0.23543504000000004 0 0 0 0.24543504000000002 0 0 0 0.25543504000000006 0 0 0 0.01 1
-0.39999999999999991 0.40000000000000019 0.5 0.20000000000000001 0.29999999999999999 1 0.0122524516 0 0 0 0.022252451600000001 0 0 0 0.032252451600000002 0 0 0 0.00040000000000000002 1
-0.07999999999999996 0.87000000000000011 0.5 0.21000000000000002 0.29999999999999999 1 0.23505536000000007 0 0 0 0.24505536000000006 0 0 0 0.25505536000000006 0 0 0 0.01 1
0 1.04 0.5 0.22 0.29999999999999999 1 0.23486564000000001 0 0 0 0.24486564 0 0 0 0.25486564 0 0 0 0.00040000000000000002 1
0.20000000000000018 1.21 0.5 0.20000000000000001 0.29999999999999999 1 0.23467600000000002 0 0 0 0.244676 0 0 0 0.25467600000000001 0 0 0 0.0030000000000000001 1
0.40000000000000036 1.3800000000000003 0.5 0.21000000000000002 0.29999999999999999 1 0.23448644000000007 0 0 0 0.24448644000000005 0 0 0 0.25448644000000009 0 0 0 0.00040000000000000002 1
0.60000000000000009 1.5500000000000003 0.5 0.22 0.29999999999999999 1 0.23429696000000008 0 0 0 0.24429696000000006 0 0 0 0.25429696000000007 0 0 0 0.00040000000000000002 1
0.80000000000000027 1.7200000000000002 0.5 0.20000000000000001 0.29999999999999999 1 0.01 0 0 0 0.02 0 0 0 0.029999999999999999 0 0 0 0 1
1 -1 0.5 0.21000000000000002 0.29999999999999999 1 0.23391824000000006 0 0 0 0.24391824000000004 0 0 0 0.25391824000000007 0 0 0 0.00040000000000000002 1
1.3200000000000003 -0.82999999999999996 0.5 0.22 0.29999999999999999 1 0.23372900000000008 0 0 0 0.24372900000000006 0 0 0 0.25372900000000009 0 0 0 0.01 1
1.4000000000000004 -0.95999999999999996 0.5 0.20000000000000001 0.29999999999999999 1 0.012235398400000002 0 0 0 0.022235398400000002 0 0 0 0.032235398399999997 0 0 0 0.00040000000000000002 1
1.6000000000000001 -0.48999999999999999 0.5 0.21000000000000002 0.29999999999999999 1 0.23335076000000002 0 0 0 0.24335076 0 0 0 0.25335076000000001 0 0 0 0.01 1
-2 -0.31999999999999995 0.5 0.22 0.29999999999999999 1 0.23316176000000002 0 0 0 0.24316176 0 0 0 0.25316176000000001 0 0 0 0.01 1
-1.8 -0.14999999999999991 0.5 0.20000000000000001 0.29999999999999999 1 0.012229728400000001 0 0 0 0.022229728400000003 0 0 0 0.032229728399999998 0 0 0 0.00040000000000000002 1
-1.6000000000000001 0.020000000000000018 0.5 0.21000000000000002 0.29999999999999999 1 0.23278400000000007 0 0 0 0.24278400000000006 0 0 0 0.25278400000000006 0 0 0 0.01 1
-1.3999999999999999 0.19000000000000017 0.5 0.22 0.29999999999999999 1 0.23259524000000001 0 0 0 0.24259523999999999 0 0 0 0.25259524 0 0 0 0.00040000000000000002 1
-1.0800000000000001 0.3600000000000001 0.5 0.20000000000000001 0.29999999999999999 1 0.0122240656 0 0 0 0.022224065600000002 0 0 0 0.032224065599999997 0 0 0 0.00040000000000000002 1
-1 0.53000000000000003 0.5 0.21000000000000002 0.29999999999999999 1 0.23221796000000006 0 0 0 0.24221796000000004 0 0 0 0.25221796000000007 0 0 0 0.00040000000000000002 1
-0.79999999999999982 0.70000000000000018 0.5 0.22 0.29999999999999999 1 0.01 0 0 0 0.02 0 0 0 0.029999999999999999 0 0 0 0 1
-0.59999999999999987 0.57000000000000006 0.5 0.20000000000000001 0.29999999999999999 1 0.23184100000000002 0 0 0 0.241841 0 0 0 0.25184099999999998 0 0 0 0.01 1
-0.39999999999999991 1.04 0.5 0.21000000000000002 0.29999999999999999 1 0.23165264000000002 0 0 0 0.24165264 0 0 0 0.25165263999999998 0 0 0 0.00040000000000000002 1
-0.19999999999999996 1.21 0.5 0.22 0.29999999999999999 1 0.23146436000000006 0 0 0 0.24146436000000004 0 0 0 0.25146436000000005 0 0 0 0.00040000000000000002 1
0 1.3800000000000003 0.5 0.20000000000000001 0.29999999999999999 1 0.0122127616 0 0 0 0.022212761600000002 0 0 0 0.032212761600000001 0 0 0 0.00040000000000000002 1
0.32000000000000017 1.5500000000000003 0.5 0.21000000000000002 0.29999999999999999 1 0.23108803999999999 0 0 0 0.24108803999999998 0 0 0 0.25108803999999996 0 0 0 0.01 1
0.40000000000000036 1.7200000000000002 0.5 0.22 0.29999999999999999 1 0.23090000000000005 0 0 0 0.24090000000000003 0 0 0 0.25090000000000001 0 0 0 0.01 1
0.60000000000000009 -1 0.5 0.20000000000000001 0.29999999999999999 1 0.0122071204 0 0 0 0.022207120400000002 0 0 0 0.032207120399999997 0 0 0 0.00040000000000000002 1
0.80000000000000027 -0.82999999999999996 0.5 0.21000000000000002 0.29999999999999999 1 0.23052416000000006 0 0 0 0.24052416000000004 0 0 0 0.25052416000000005 0 0 0 0.01 1
1 -0.65999999999999992 0.5 0.22 0.29999999999999999 1 0.23033635999999999 0 0 0 0.24033635999999997 0 0 0 0.25033635999999998 0 0 0 0.00040000000000000002 1
1.2000000000000002 -0.79000000000000004 0.5 0.20000000000000001 0.29999999999999999 1 0.012201486400000001 0 0 0 0.022201486400000001 0 0 0 0.0322014864 0 0 0 0.00040000000000000002 1
1.4000000000000004 -0.31999999999999995 0.5 0.21000000000000002 0.29999999999999999 1 0.01 0 0 0 0.02 0 0 0 0.029999999999999999 0 0 0 0 1
1.7200000000000002 -0.14999999999999991 0.5 0.22 0.29999999999999999 1 0.22977344000000008 0 0 0 0.23977344000000006 0 0 0 0.24977344000000007 0 0 0 0.01 1
-2 0.020000000000000018 0.5 0.20000000000000001 0.29999999999999999 1 0.012195859600000001 0 0 0 0.022195859599999999 0 0 0 0.032195859600000001 0 0 0 0.00040000000000000002 1
-1.8 0.19000000000000017 0.5 0.21000000000000002 0.29999999999999999 1 0.22939856000000003 0 0 0 0.23939856000000001 0 0 0 0.24939856000000002 0 0 0 0.00040000000000000002 1
-1.6000000000000001 0.3600000000000001 0.5 0.22 0.29999999999999999 1 0.22921124000000004 0 0 0 0.23921124000000002 0 0 0 0.24921124000000003 0 0 0 0.00040000000000000002 1
-1.3999999999999999 0.53000000000000003 0.5 0.20000000000000001 0.29999999999999999 1 0.22902400000000009 0 0 0 0.23902400000000007 0 0 0 0.24902400000000008 0 0 0 0.01 1
-1.2 0.70000000000000018 0.5 0.21000000000000002 0.29999999999999999 1 0.22883684000000001 0 0 0 0.23883683999999999 0 0 0 0.24883684 0 0 0 0.01 1
-1 0.87000000000000011 0.5 0.22 0.29999999999999999 1 0.22864976000000004 0 0 0 0.23864976000000002 0 0 0 0.24864976000000003 0 0 0 0.01 1
-0.67999999999999983 0.73999999999999999 0.5 0.20000000000000001 0.29999999999999999 1 0.012184627600000001 0 0 0 0.0221846276 0 0 0 0.032184627600000001 0 0 0 0.00040000000000000002 1
-0.59999999999999987 1.21 0.5 0.21000000000000002 0.29999999999999999 1 0.22827584000000006 0 0 0 0.23827584000000004 0 0 0 0.24827584000000005 0 0 0 0.01 1
-0.39999999999999991 1.3800000000000003 0.5 0.22 0.29999999999999999 1 0.22808899999999999 0 0 0 0.23808899999999997 0 0 0 0.24808899999999998 0 0 0 0.0030000000000000001 1
-0.19999999999999996 1.5500000000000003 0.5 0.20000000000000001 0.29999999999999999 1 0.01 0 0 0 0.02 0 0 0 0.029999999999999999 0 0 0 0 1
0 1.7200000000000002 0.5 0.21000000000000002 0.29999999999999999 1 0.22771556000000004 0 0 0 0.23771556000000002 0 0 0 0.24771556000000003 0 0 0 0.00040000000000000002 1
0.20000000000000018 -1 0.5 0.22 0.29999999999999999 1 0.22752896000000009 0 0 0 0.23752896000000007 0 0 0 0.24752896000000008 0 0 0 0.00040000000000000002 1
0.40000000000000036 -0.82999999999999996 0.5 0.20000000000000001 0.29999999999999999 1 0.012173424400000001 0 0 0 0.022173424400000002 0 0 0 0.032173424399999997 0 0 0 0.00040000000000000002 1
0.72000000000000008 -0.65999999999999992 0.5 0.21000000000000002 0.29999999999999999 1 0.22715600000000002 0 0 0 0.23715600000000001 0 0 0 0.24715600000000001 0 0 0 0.01 1
0.80000000000000027 -0.48999999999999999 0.5 0.22 0.29999999999999999 1 0.22696964000000006 0 0 0 0.23696964000000004 0 0 0 0.24696964000000005 0 0 0 0.00040000000000000002 1
1 -0.61999999999999988 0.5 0.20000000000000001 0.29999999999999999 1 0.0121678336 0 0 0 0.022167833600000002 0 0 0 0.032167833600000001 0 0 0 0.00040000000000000002 1
1.2000000000000002 -0.14999999999999991 0.5 0.21000000000000002 0.29999999999999999 1 0.22659716000000002 0 0 0 0.23659716 0 0 0 0.24659716000000001 0 0 0 0.01 1
1.4000000000000004 0.020000000000000018 0.5 0.22 0.29999999999999999 1 0.22641104000000004 0 0 0 0.23641104000000002 0 0 0 0.24641104000000003 0 0 0 0.01 1
1.6000000000000001 0.19000000000000017 0.5 0.20000000000000001 0.29999999999999999 1 0.22622500000000004 0 0 0 0.23622500000000002 0 0 0 0.24622500000000003 0 0 0 0.01 1
-2 0.3600000000000001 0.5 0.21000000000000002 0.29999999999999999 1 0.22603904000000008 0 0 0 0.23603904000000006 0 0 0 0.24603904000000007 0 0 0 0.01 1
-1.8 0.53000000000000003 0.5 0.22 0.29999999999999999 1 0.01 0 0 0 0.02 0 0 0 0.029999999999999999 0 0 0 0 1
-1.6000000000000001 0.70000000000000018 0.5 0.20000000000000001 0.29999999999999999 1 0.012156673600000001 0 0 0 0.022156673599999999 0 0 0 0.032156673599999998 0 0 0 0.00040000000000000002 1
-1.3999999999999999 0.87000000000000011 0.5 0.21000000000000002 0.29999999999999999 1 0.22548164000000004 0 0 0 0.23548164000000002 0 0 0 0.24548164000000003 0 0 0 0.00040000000000000002 1
-1.2 1.04 0.5 0.22 0.29999999999999999 1 0.22529600000000008 0 0 0 0.23529600000000006 0 0 0 0.24529600000000007 0 0 0 0.0030000000000000001 1
-1 0.90999999999999992 0.5 0.20000000000000001 0.29999999999999999 1 0.0121511044 0 0 0 0.0221511044 0 0 0 0.032151104399999998 0 0 0 0.00040000000000000002 1
-0.79999999999999982 1.3800000000000003 0.5 0.21000000000000002 0.29999999999999999 1 0.22492496000000003 0 0 0 0.23492496000000002 0 0 0 0.24492496000000002 0 0 0 0.00040000000000000002 1
-0.59999999999999987 1.5500000000000003 0.5 0.22 0.29999999999999999 1 0.22473956000000006 0 0 0 0.23473956000000004 0 0 0 0.24473956000000005 0 0 0 0.00040000000000000002 1
-0.27999999999999992 1.7200000000000002 0.5 0.20000000000000001 0.29999999999999999 1 0.012145542400000001 0 0 0 0.022145542400000003 0 0 0 0.032145542399999998 0 0 0 0.00040000000000000002 1
-0.19999999999999996 -1 0.5 0.21000000000000002 0.29999999999999999 1 0.22436899999999999 0 0 0 0.23436899999999997 0 0 0 0.24436899999999998 0 0 0 0.01 1
0 -0.82999999999999996 0.5 0.22 0.29999999999999999 1 0.22418384000000002 0 0 0 0.23418384 0 0 0 0.24418384000000001 0 0 0 0.01 1
0.20000000000000018 -0.65999999999999992 0.5 0.20000000000000001 0.29999999999999999 1 0.012139987600000001 0 0 0 0.022139987600000001 0 0 0 0.032139987600000003 0 0 0 0.00040000000000000002 1
0.40000000000000036 -0.48999999999999999 0.5 0.21000000000000002 0.29999999999999999 1 0.01 0 0 0 0.02 0 0 0 0.029999999999999999 0 0 0 0 1
0.60000000000000009 -0.31999999999999995 0.5 0.22 0.29999999999999999 1 0.22362884 0 0 0 0.23362883999999998 0 0 0 0.24362883999999999 0 0 0 0.00040000000000000002 1
0.80000000000000027 -0.4499999999999999 0.5 0.20000000000000001 0.29999999999999999 1 0.223444 0 0 0 0.23344399999999998 0 0 0 0.24344399999999999 0 0 0 0.01 1
1.1200000000000001 0.020000000000000018 0.5 0.21000000000000002 0.29999999999999999 1 0.22325924000000005 0 0 0 0.23325924000000003 0 0 0 0.24325924000000004 0 0 0 0.01 1
1.2000000000000002 0.19000000000000017 0.5 0.22 0.29999999999999999 1 0.22307456000000006 0 0 0 0.23307456000000004 0 0 0 0.24307456000000005 0 0 0 0.00040000000000000002 1
1.4000000000000004 0.3600000000000001 0.5 0.20000000000000001 0.29999999999999999 1 0.0121288996 0 0 0 0.022128899600000002 0 0 0 0.032128899599999997 0 0 0 0.00040000000000000002 1
1.6000000000000001 0.53000000000000003 0.5 0.21000000000000002 0.29999999999999999 1 0.22270544000000003 0 0 0 0.23270544000000001 0 0 0 0.24270544000000002 0 0 0 0.00040000000000000002 1
-2 0.70000000000000018 0.5 0.22 0.29999999999999999 1 0.22252100000000002 0 0 0 0.23252100000000001 0 0 0 0.24252100000000001 0 0 0 0.0030000000000000001 1
-1.8 0.87000000000000011 0.5 0.20000000000000001 0.29999999999999999 1 0.0121233664 0 0 0 0.0221233664 0 0 0 0.032123366399999999 0 0 0 0.00040000000000000002 1
-1.6000000000000001 1.04 0.5 0.21000000000000002 0.29999999999999999 1 0.22215235999999999 0 0 0 0.23215235999999997 0 0 0 0.24215235999999998 0 0 0 0.01 1
-1.2799999999999998 1.21 0.5 0.22 0.29999999999999999 1 0.22196816000000003 0 0 0 0.23196816000000001 0 0 0 0.24196816000000002 0 0 0 0.01 1
-1.2 1.3800000000000003 0.5 0.20000000000000001 0.29999999999999999 1 0.01 0 0 0 0.02 0 0 0 0.029999999999999999 0 0 0 0 1
-1 1.5500000000000003 0.5 0.21000000000000002 0.29999999999999999 1 0.22160000000000005 0 0 0 0.23160000000000003 0 0 0 0.24160000000000004 0 0 0 0.01 1
-0.79999999999999982 1.7200000000000002 0.5 0.22 0.29999999999999999 1 0.22141603999999998 0 0 0 0.23141603999999996 0 0 0 0.24141603999999997 0 0 0 0.00040000000000000002 1
-0.59999999999999987 -1 0.5 0.20000000000000001 0.29999999999999999 1 0.0121123216 0 0 0 0.022112321600000002 0 0 0 0.0321123216 0 0 0 0.00040000000000000002 1
-0.39999999999999991 -0.82999999999999996 0.5 0.21000000000000002 0.29999999999999999 1 0.22104836000000003 0 0 0 0.23104836000000001 0 0 0 0.24104836000000002 0 0 0 0.00040000000000000002 1
-0.19999999999999996 -0.65999999999999992 0.5 0.22 0.29999999999999999 1 0.22086464000000008 0 0 0 0.23086464000000007 0 0 0 0.24086464000000007 0 0 0 0.00040000000000000002 1
0.12 -0.48999999999999999 0.5 0.20000000000000001 0.29999999999999999 1 0.22068099999999999 0 0 0 0.23068099999999997 0 0 0 0.24068099999999998 0 0 0 0.01 1
0.20000000000000018 -0.31999999999999995 0.5 0.21000000000000002 0.29999999999999999 1 0.22049744000000002 0 0 0 0.23049744 0 0 0 0.24049744000000001 0 0 0 0.00040000000000000002 1
0.40000000000000036 -0.14999999999999991 0.5 0.22 0.29999999999999999 1 0.22031396000000006 0 0 0 0.23031396000000004 0 0 0 0.24031396000000005 0 0 0 0.00040000000000000002 1
0.60000000000000009 -0.27999999999999997 0.5 0.20000000000000001 0.29999999999999999 1 0.012101305600000001 0 0 0 0.022101305600000003 0 0 0 0.032101305599999998 0 0 0 0.00040000000000000002 1
0.80000000000000027 0.19000000000000017 0.5 0.21000000000000002 0.29999999999999999 1 0.21994723999999999 0 0 0 0.22994723999999997 0 0 0 0.23994723999999998 0 0 0 0.01 1
1 0.3600000000000001 0.5 0.22 0.29999999999999999 1 0.01 0 0 0 0.02 0 0 0 0.029999999999999999 0 0 0 0 1
1.2000000000000002 0.53000000000000003 0.5 0.20000000000000001 0.29999999999999999 1 0.012095808400000001 0 0 0 0.0220958084 0 0 0 0.032095808400000002 0 0 0 0.00040000000000000002 1
1.5200000000000005 0.70000000000000018 0.5 0.21000000000000002 0.29999999999999999 1 0.21939776000000008 0 0 0 0.22939776000000006 0 0 0 0.23939776000000007 0 0 0 0.01 1
1.6000000000000001 0.87000000000000011 0.5 0.22 0.29999999999999999 1 0.21921476000000001 0 0 0 0.22921475999999999 0 0 0 0.23921476 0 0 0 0.00040000000000000002 1
-2 1.04 0.5 0.20000000000000001 0.29999999999999999 1 0.012090318400000001 0 0 0 0.0220903184 0 0 0 0.032090318399999998 0 0 0 0.00040000000000000002 1
-1.8 1.21 0.5 0.21000000000000002 0.29999999999999999 1 0.21884900000000004 0 0 0 0.22884900000000002 0 0 0 0.23884900000000003 0 0 0 0.0030000000000000001 1
-1.6000000000000001 1.3800000000000003 0.5 0.22 0.29999999999999999 1 0.21866624000000007 0 0 0 0.22866624000000005 0 0 0 0.23866624000000006 0 0 0 0.00040000000000000002 1
-1.3999999999999999 1.2500000000000002 0.5 0.20000000000000001 0.29999999999999999 1 0.012084835600000001 0 0 0 0.022084835600000002 0 0 0 0.0320848356 0 0 0 0.00040000000000000002 1
-1.2 1.7200000000000002 0.5 0.21000000000000002 0.29999999999999999 1 0.21830096000000002 0 0 0 0.22830096 0 0 0 0.23830096000000001 0 0 0 0.00040000000000000002 1
-0.88 -1 0.5 0.22 0.29999999999999999 1 0.21811844000000005 0 0 0 0.22811844000000003 0 0 0 0.23811844000000004 0 0 0 0.01 1
-0.79999999999999982 -0.82999999999999996 0.5 0.20000000000000001 0.29999999999999999 1 0.21793600000000007 0 0 0 0.22793600000000006 0 0 0 0.23793600000000006 0 0 0 0.01 1
-0.59999999999999987 -0.65999999999999992 0.5 0.21000000000000002 0.29999999999999999 1 0.01 0 0 0 0.02 0 0 0 0.029999999999999999 0 0 0 0 1
-0.39999999999999991 -0.48999999999999999 0.5 0.22 0.29999999999999999 1 0.21757135999999999 0 0 0 0.22757135999999997 0 0 0 0.23757135999999998 0 0 0 0.01 1
-0.19999999999999996 -0.31999999999999995 0.5 0.20000000000000001 0.29999999999999999 1 0.012073891600000001 0 0 0 0.022073891599999999 0 0 0 0.032073891600000001 0 0 0 0.00040000000000000002 1
0 -0.14999999999999991 0.5 0.21000000000000002 0.29999999999999999 1 0.21720704000000007 0 0 0 0.22720704000000005 0 0 0 0.23720704000000006 0 0 0 0.01 1
0.20000000000000018 0.020000000000000018 0.5 0.22 0.29999999999999999 1 0.21702500000000008 0 0 0 0.22702500000000006 0 0 0 0.23702500000000007 0 0 0 0.0030000000000000001 1
0.52000000000000035 -0.10999999999999982 0.5 0.20000000000000001 0.29999999999999999 1 0.0120684304 0 0 0 0.022068430400000002 0 0 0 0.0320684304 0 0 0 0.00040000000000000002 1
0.60000000000000009 0.3600000000000001 0.5 0.21000000000000002 0.29999999999999999 1 0.21666116000000005 0 0 0 0.22666116000000003 0 0 0 0.23666116000000004 0 0 0 0.00040000000000000002 1
0.80000000000000027 0.53000000000000003 0.5 0.22 0.29999999999999999 1 0.21647936000000007 0 0 0 0.22647936000000005 0 0 0 0.23647936000000006 0 0 0 0.00040000000000000002 1
1 0.70000000000000018 0.5 0.20000000000000001 0.29999999999999999 1 0.012062976400000001 0 0 0 0.0220629764 0 0 0 0.032062976399999998 0 0 0 0.00040000000000000002 1
1.2000000000000002 0.87000000000000011 0.5 0.21000000000000002 0.29999999999999999 1 0.216116 0 0 0 0.22611599999999998 0 0 0 0.23611599999999999 0 0 0 0.0030000000000000001 1
1.4000000000000004 1.04 0.5 0.22 0.29999999999999999 1 0.21593444000000003 0 0 0 0.22593444000000001 0 0 0 0.23593444000000002 0 0 0 0.00040000000000000002 1
1.6000000000000001 1.21 0.5 0.20000000000000001 0.29999999999999999 1 0.01 0 0 0 0.02 0 0 0 0.029999999999999999 0 0 0 0 1
-1.8799999999999999 1.3800000000000003 0.5 0.21000000000000002 0.29999999999999999 1 0.21557156000000008 0 0 0 0.22557156000000006 0 0 0 0.23557156000000007 0 0 0 0.01 1
-1.8 1.5500000000000003 0.5 0.22 0.29999999999999999 1 0.21539024000000004 0 0 0 0.22539024000000002 0 0 0 0.23539024000000003 0 0 0 0.01 1
-1.6000000000000001 1.4200000000000002 0.5 0.20000000000000001 0.29999999999999999 1 0.21520900000000001 0 0 0 0.22520899999999999 0 0 0 0.235209 0 0 0 0.01 1
-1.3999999999999999 -1 0.5 0.21000000000000002 0.29999999999999999 1 0.21502784000000008 0 0 0 0.22502784000000006 0 0 0 0.23502784000000007 0 0 0 0.01 1
-1.2 -0.82999999999999996 0.5 0.22 0.29999999999999999 1 0.21484676000000008 0 0 0 0.22484676000000006 0 0 0 0.23484676000000007 0 0 0 0.00040000000000000002 1
-1 -0.65999999999999992 0.5 0.20000000000000001 0.29999999999999999 1 0.0120466576 0 0 0 0.022046657600000002 0 0 0 0.0320466576 0 0 0 0.00040000000000000002 1
-0.79999999999999982 -0.48999999999999999 0.5 0.21000000000000002 0.29999999999999999 1 0.21448484000000001 0 0 0 0.22448483999999999 0 0 0 0.23448484 0 0 0 0.00040000000000000002 1
-0.47999999999999987 -0.31999999999999995 0.5 0.22 0.29999999999999999 1 0.21430400000000008 0 0 0 0.22430400000000006 0 0 0 0.23430400000000007 0 0 0 0.01 1
-0.39999999999999991 -0.14999999999999991 0.5 0.20000000000000001 0.29999999999999999 1 0.012041232400000001 0 0 0 0.022041232399999999 0 0 0 0.032041232400000001 0 0 0 0.00040000000000000002 1
-0.19999999999999996 0.020000000000000018 0.5 0.21000000000000002 0.29999999999999999 1 0.21394256 0 0 0 0.22394255999999998 0 0 0 0.23394255999999999 0 0 0 0.00040000000000000002 1
0 0.19000000000000017 0.5 0.22 0.29999999999999999 1 0.01 0 0 0 0.02 0 0 0 0.029999999999999999 0 0 0 0 1
0.20000000000000018 0.060000000000000109 0.5 0.20000000000000001 0.29999999999999999 1 0.012035814400000001 0 0 0 0.022035814399999999 0 0 0 0.032035814400000001 0 0 0 0.00040000000000000002 1
0.40000000000000036 0.53000000000000003 0.5 0.21000000000000002 0.29999999999999999 1 0.21340100000000009 0 0 0 0.22340100000000007 0 0 0 0.23340100000000008 0 0 0 0.01 1
0.60000000000000009 0.70000000000000018 0.5 0.22 0.29999999999999999 1 0.21322064000000002 0 0 0 0.22322064 0 0 0 0.23322064000000001 0 0 0 0.01 1
0.92000000000000026 0.87000000000000011 0.5 0.20000000000000001 0.29999999999999999 1 0.0120304036 0 0 0 0.022030403600000002 0 0 0 0.0320304036 0 0 0 0.00040000000000000002 1
1 1.04 0.5 0.21000000000000002 0.29999999999999999 1 0.21286016000000005 0 0 0 0.22286016000000003 0 0 0 0.23286016000000004 0 0 0 0.01 1
1.2000000000000002 1.21 0.5 0.22 0.29999999999999999 1 0.21268004000000007 0 0 0 0.22268004000000005 0 0 0 0.23268004000000006 0 0 0 0.00040000000000000002 1
1.4000000000000004 1.3800000000000003 0.5 0.20000000000000001 0.29999999999999999 1 0.21250000000000002 0 0 0 0.2225 0 0 0 0.23250000000000001 0 0 0 0.0030000000000000001 1
1.6000000000000001 1.5500000000000003 0.5 0.21000000000000002 0.29999999999999999 1 0.21232004000000004 0 0 0 0.22232004000000002 0 0 0 0.23232004000000003 0 0 0 0.00040000000000000002 1
-2 1.7200000000000002 0.5 0.22 0.29999999999999999 1 0.21214016000000005 0 0 0 0.22214016000000003 0 0 0 0.23214016000000004 0 0 0 0.00040000000000000002 1
-1.8 -1.3 0.5 0.20000000000000001 0.29999999999999999 1 0.012019603600000001 0 0 0 0.0220196036 0 0 0 0.032019603600000002 0 0 0 0.00040000000000000002 1
-1.6000000000000001 -0.82999999999999996 0.5 0.21000000000000002 0.29999999999999999 1 0.01 0 0 0 0.02 0 0 0 0.029999999999999999 0 0 0 0 1
-1.3999999999999999 -0.65999999999999992 0.5 0.22 0.29999999999999999 1 0.21160100000000004 0 0 0 0.22160100000000002 0 0 0 0.23160100000000003 0 0 0 0.0030000000000000001 1
-1.2 -0.48999999999999999 0.5 0.20000000000000001 0.29999999999999999 1 0.012014214400000001 0 0 0 0.022014214400000003 0 0 0 0.032014214399999998 0 0 0 0.00040000000000000002 1
-1 -0.31999999999999995 0.5 0.21000000000000002 0.29999999999999999 1 0.21124196000000006 0 0 0 0.22124196000000004 0 0 0 0.23124196000000005 0 0 0 0.01 1
-0.79999999999999982 -0.14999999999999991 0.5 0.22 0.29999999999999999 1 0.21106256000000001 0 0 0 0.22106255999999999 0 0 0 0.23106256 0 0 0 0.01 1
-0.59999999999999987 0.020000000000000018 0.5 0.20000000000000001 0.29999999999999999 1 0.012008832400000001 0 0 0 0.022008832400000001 0 0 0 0.032008832399999999 0 0 0 0.00040000000000000002 1
-0.39999999999999991 0.19000000000000017 0.5 0.21000000000000002 0.29999999999999999 1 0.21070400000000003 0 0 0 0.22070400000000001 0 0 0 0.23070400000000002 0 0 0 0.01 1
-0.07999999999999996 0.3600000000000001 0.5 0.22 0.29999999999999999 1 0.21052484000000007 0 0 0 0.22052484000000006 0 0 0 0.23052484000000006 0 0 0 0.01 1
0 0.23000000000000004 0.5 0.20000000000000001 0.29999999999999999 1 0.0120034576 0 0 0 0.022003457600000002 0 0 0 0.0320034576 0 0 0 0.00040000000000000002 1
0.20000000000000018 0.70000000000000018 0.5 0.21000000000000002 0.29999999999999999 1 0.21016676000000001 0 0 0 0.22016675999999999 0 0 0 0.23016676 0 0 0 0.00040000000000000002 1
0.40000000000000036 0.87000000000000011 0.5 0.22 0.29999999999999999 1 0.20998784000000006 0 0 0 0.21998784000000005 0 0 0 0.22998784000000005 0 0 0 0.00040000000000000002 1
0.60000000000000009 1.04 0.5 0.20000000000000001 0.29999999999999999 1 0.01 0 0 0 0.02 0 0 0 0.029999999999999999 0 0 0 0 1
0.80000000000000027 1.21 0.5 0.21000000000000002 0.29999999999999999 1 0.20963024000000002 0 0 0 0.21963024 0 0 0 0.22963024000000001 0 0 0 0.00040000000000000002 1
1 1.3800000000000003 0.5 0.22 0.29999999999999999 1 0.20945156000000001 0 0 0 0.21945155999999999 0 0 0 0.22945156 0 0 0 0.00040000000000000002 1
1.3200000000000003 1.5500000000000003 0.5 0.20000000000000001 0.29999999999999999 1 0.011992729600000002 0 0 0 0.0219927296 0 0 0 0.031992729599999999 0 0 0 0.00040000000000000002 1
1.4000000000000004 1.7200000000000002 0.5 0.21000000000000002 0.29999999999999999 1 0.20909444000000005 0 0 0 0.21909444000000003 0 0 0 0.22909444000000004 0 0 0 0.01 1
1.6000000000000001 -1 0.5 0.22 0.29999999999999999 1 0.20891600000000002 0 0 0 0.218916 0 0 0 0.22891600000000001 0 0 0 0.01 1
-2 -1.1299999999999999 0.5 0.20000000000000001 0.29999999999999999 1 0.011987376399999999 0 0 0 0.021987376400000001 0 0 0 0.031987376399999996 0 0 0 0.00040000000000000002 1
-1.8 -0.65999999999999992 0.5 0.21000000000000002 0.29999999999999999 1 0.20855936000000005 0 0 0 0.21855936000000004 0 0 0 0.22855936000000004 0 0 0 0.01 1
-1.6000000000000001 -0.48999999999999999 0.5 0.22 0.29999999999999999 1 0.20838116000000007 0 0 0 0.21838116000000005 0 0 0 0.22838116000000006 0 0 0 0.00040000000000000002 1
-1.3999999999999999 -0.31999999999999995 0.5 0.20000000000000001 0.29999999999999999 1 0.0119820304 0 0 0 0.021982030400000001 0 0 0 0.0319820304 0 0 0 0.00040000000000000002 1
-1.0800000000000001 -0.14999999999999991 0.5 0.21000000000000002 0.29999999999999999 1 0.20802500000000004 0 0 0 0.21802500000000002 0 0 0 0.22802500000000003 0 0 0 0.01 1
-1 0.020000000000000018 0.5 0.22 0.29999999999999999 1 0.01 0 0 0 0.02 0 0 0 0.029999999999999999 0 0 0 0 1
-0.79999999999999982 0.19000000000000017 0.5 0.20000000000000001 0.29999999999999999 1 0.0119766916 0 0 0 0.021976691600000001 0 0 0 0.031976691600000003 0 0 0 0.00040000000000000002 1
-0.59999999999999987 0.3600000000000001 0.5 0.21000000000000002 0.29999999999999999 1 0.20749136000000001 0 0 0 0.21749135999999999 0 0 0 0.22749136 0 0 0 0.00040000000000000002 1
-0.39999999999999991 0.53000000000000003 0.5 0.22 0.29999999999999999 1 0.20731364000000005 0 0 0 0.21731364000000003 0 0 0 0.22731364000000004 0 0 0 0.00040000000000000002 1
-0.19999999999999996 0.40000000000000019 0.5 0.20000000000000001 0.29999999999999999 1 0.20713600000000004 0 0 0 0.21713600000000002 0 0 0 0.22713600000000003 0 0 0 0.01 1
0 0.87000000000000011 0.5 0.21000000000000002 0.29999999999999999 1 0.20695844000000005 0 0 0 0.21695844000000003 0 0 0 0.22695844000000004 0 0 0 0.01 1
0.32000000000000017 1.04 0.5 0.22 0.29999999999999999 1 0.20678096000000001 0 0 0 0.21678095999999999 0 0 0 0.22678096 0 0 0 0.01 1
0.40000000000000036 1.21 0.5 0.20000000000000001 0.29999999999999999 1 0.011966035600000001 0 0 0 0.021966035599999999 0 0 0 0.031966035599999998 0 0 0 0.00040000000000000002 1
0.60000000000000009 1.3800000000000003 0.5 0.21000000000000002 0.29999999999999999 1 0.20642624000000007 0 0 0 0.21642624000000005 0 0 0 0.22642624000000006 0 0 0 0.01 1
0.80000000000000027 1.5500000000000003 0.5 0.22 0.29999999999999999 1 0.20624900000000004 0 0 0 0.21624900000000002 0 0 0 0.22624900000000003 0 0 0 0.0030000000000000001 1
1 1.7200000000000002 0.5 0.20000000000000001 0.29999999999999999 1 0.011960718400000001 0 0 0 0.021960718400000002 0 0 0 0.031960718399999997 0 0 0 0.00040000000000000002 1
1.2000000000000002 -1 0.5 0.21000000000000002 0.29999999999999999 1 0.01 0 0 0 0.02 0 0 0 0.029999999999999999 0 0 0 0 1
1.4000000000000004 -0.82999999999999996 0.5 0.22 0.29999999999999999 1 0.20571776000000006 0 0 0 0.21571776000000004 0 0 0 0.22571776000000005 0 0 0 0.00040000000000000002 1
1.7200000000000002 -0.95999999999999996 0.5 0.20000000000000001 0.29999999999999999 1 0.011955408400000001 0 0 0 0.021955408400000001 0 0 0 0.031955408399999996 0 0 0 0.00040000000000000002 1
-2 -0.48999999999999999 0.5 0.21000000000000002 0.29999999999999999 1 0.20536400000000002 0 0 0 0.215364 0 0 0 0.22536400000000001 0 0 0 0.0030000000000000001 1
-1.8 -0.31999999999999995 0.5 0.22 0.29999999999999999 1 0.20518724000000005 0 0 0 0.21518724000000003 0 0 0 0.22518724000000004 0 0 0 0.00040000000000000002 1
-1.6000000000000001 -0.14999999999999991 0.5 0.20000000000000001 0.29999999999999999 1 0.0119501056 0 0 0 0.021950105600000002 0 0 0 0.031950105600000001 0 0 0 0.00040000000000000002 1
-1.3999999999999999 0.020000000000000018 0.5 0.21000000000000002 0.29999999999999999 1 0.20483396000000006 0 0 0 0.21483396000000005 0 0 0 0.22483396000000005 0 0 0 0.01 1
-1.2 0.19000000000000017 0.5 0.22 0.29999999999999999 1 0.20465744000000002 0 0 0 0.21465744 0 0 0 0.22465744000000001 0 0 0 0.01 1
-1 0.3600000000000001 0.5 0.20000000000000001 0.29999999999999999 1 0.20448100000000002 0 0 0 0.214481 0 0 0 0.22448100000000001 0 0 0 0.01 1
-0.67999999999999983 0.53000000000000003 0.5 0.21000000000000002 0.29999999999999999 1 0.20430464000000007 0 0 0 0.21430464000000005 0 0 0 0.22430464000000006 0 0 0 0.01 1
-0.59999999999999987 0.70000000000000018 0.5 0.22 0.29999999999999999 1 0.20412836000000006 0 0 0 0.21412836000000005 0 0 0 0.22412836000000005 0 0 0 0.00040000000000000002 1
-0.39999999999999991 0.87000000000000011 0.5 0.20000000000000001 0.29999999999999999 1 0.01 0 0 0 0.02 0 0 0 0.029999999999999999 0 0 0 0 1
-0.19999999999999996 1.04 0.5 0.21000000000000002 0.29999999999999999 1 0.20377604000000002 0 0 0 0.21377604 0 0 0 0.22377604000000001 0 0 0 0.00040000000000000002 1
0 1.21 0.5 0.22 0.29999999999999999 1 0.20360000000000003 0 0 0 0.21360000000000001 0 0 0 0.22360000000000002 0 0 0 0.0030000000000000001 1
0.20000000000000018 1.3800000000000003 0.5 0.20000000000000001 0.29999999999999999 1 0.011934240400000001 0 0 0 0.021934240400000003 0 0 0 0.031934240400000001 0 0 0 0.00040000000000000002 1
0.40000000000000036 1.5500000000000003 0.5 0.21000000000000002 0.29999999999999999 1 0.20324816000000001 0 0 0 0.21324815999999999 0 0 0 0.22324816 0 0 0 0.00040000000000000002 1
0.72000000000000008 1.7200000000000002 0.5 0.22 0.29999999999999999 1 0.20307236000000001 0 0 0 0.21307235999999999 0 0 0 0.22307236 0 0 0 0.01 1
0.80000000000000027 -1 0.5 0.20000000000000001 0.29999999999999999 1 0.011928966400000001 0 0 0 0.0219289664 0 0 0 0.031928966400000001 0 0 0 0.00040000000000000002 1
1 -0.82999999999999996 0.5 0.21000000000000002 0.29999999999999999 1 0.20272100000000007 0 0 0 0.21272100000000005 0 0 0 0.22272100000000006 0 0 0 0.01 1
1.2000000000000002 -0.65999999999999992 0.5 0.22 0.29999999999999999 1 0.20254543999999999 0 0 0 0.21254543999999997 0 0 0 0.22254543999999998 0 0 0 0.01 1
1.4000000000000004 -0.79000000000000004 0.5 0.20000000000000001 0.29999999999999999 1 0.0119236996 0 0 0 0.021923699599999999 0 0 0 0.031923699600000001 0 0 0 0.00040000000000000002 1
1.6000000000000001 -0.31999999999999995 0.5 0.21000000000000002 0.29999999999999999 1 0.20219456000000005 0 0 0 0.21219456000000003 0 0 0 0.22219456000000004 0 0 0 0.01 1
-2 -0.14999999999999991 0.5 0.22 0.29999999999999999 1 0.01 0 0 0 0.02 0 0 0 0.029999999999999999 0 0 0 0 1
-1.6800000000000002 0.020000000000000018 0.5 0.20000000000000001 0.29999999999999999 1 0.20184400000000002 0 0 0 0.211844 0 0 0 0.22184400000000001 0 0 0 0.01 1
-1.6000000000000001 0.19000000000000017 0.5 0.21000000000000002 0.29999999999999999 1 0.20166884000000002 0 0 0 0.21166884 0 0 0 0.22166884000000001 0 0 0 0.00040000000000000002 1
-1.3999999999999999 0.3600000000000001 0.5 0.22 0.29999999999999999 1 0.20149376000000005 0 0 0 0.21149376000000003 0 0 0 0.22149376000000004 0 0 0 0.00040000000000000002 1
-1.2 0.53000000000000003 0.5 0.20000000000000001 0.29999999999999999 1 0.011913187600000002 0 0 0 0.021913187600000002 0 0 0 0.031913187599999997 0 0 0 0.00040000000000000002 1
-1 0.70000000000000018 0.5 0.21000000000000002 0.29999999999999999 1 0.20114383999999999 0 0 0 0.21114383999999997 0 0 0 0.22114383999999998 0 0 0 0.00040000000000000002 1
-0.79999999999999982 0.87000000000000011 0.5 0.22 0.29999999999999999 1 0.20096900000000004 0 0 0 0.21096900000000002 0 0 0 0.22096900000000003 0 0 0 0.0030000000000000001 1
-0.59999999999999987 0.73999999999999999 0.5 0.20000000000000001 0.29999999999999999 1 0.011907942400000001 0 0 0 0.021907942400000002 0 0 0 0.0319079424 0 0 0 0.00040000000000000002 1
-0.27999999999999992 1.21 0.5 0.21000000000000002 0.29999999999999999 1 0.20061956000000006 0 0 0 0.21061956000000004 0 0 0 0.22061956000000005 0 0 0 0.01 1
-0.19999999999999996 1.3800000000000003 0.5 0.22 0.29999999999999999 1 0.20044496000000001 0 0 0 0.21044495999999999 0 0 0 0.22044496 0 0 0 0.01 1
0 1.5500000000000003 0.5 0.20000000000000001 0.29999999999999999 1 0.0119027044 0 0 0 0.0219027044 0 0 0 0.031902704399999995 0 0 0 0.00040000000000000002 1
0.20000000000000018 1.7200000000000002 0.5 0.21000000000000002 0.29999999999999999 1 0.01 0 0 0 0.02 0 0 0 0.029999999999999999 0 0 0 0 1
0.40000000000000036 -1 0.5 0.22 0.29999999999999999 1 0.19992164000000007 0 0 0 0.20992164000000005 0 0 0 0.21992164000000006 0 0 0 0.00040000000000000002 1
0.60000000000000009 -0.82999999999999996 0.5 0.20000000000000001 0.29999999999999999 1 0.0118974736 0 0 0 0.021897473600000002 0 0 0 0.031897473599999997 0 0 0 0.00040000000000000002 1
0.80000000000000027 -0.65999999999999992 0.5 0.21000000000000002 0.29999999999999999 1 0.19957316000000003 0 0 0 0.20957316000000001 0 0 0 0.21957316000000002 0 0 0 0.00040000000000000002 1
1.1200000000000001 -0.48999999999999999 0.5 0.22 0.29999999999999999 1 0.19939904000000003 0 0 0 0.20939904000000001 0 0 0 0.21939904000000002 0 0 0 0.01 1
1.2000000000000002 -0.61999999999999988 0.5 0.20000000000000001 0.29999999999999999 1 0.19922500000000004 0 0 0 0.20922500000000002 0 0 0 0.21922500000000003 0 0 0 0.01 1
1.4000000000000004 -0.14999999999999991 0.5 0.21000000000000002 0.29999999999999999 1 0.19905103999999998 0 0 0 0.20905103999999997 0 0 0 0.21905103999999997 0 0 0 0.00040000000000000002 1
1.6000000000000001 0.020000000000000018 0.5 0.22 0.29999999999999999 1 0.19887716000000003 0 0 0 0.20887716000000001 0 0 0 0.21887716000000002 0 0 0 0.00040000000000000002 1
-2 0.19000000000000017 0.5 0.20000000000000001 0.29999999999999999 1 0.011887033600000001 0 0 0 0.021887033600000001 0 0 0 0.031887033599999996 0 0 0 0.00040000000000000002 1
-1.8 0.3600000000000001 0.5 0.21000000000000002 0.29999999999999999 1 0.19852964000000006 0 0 0 0.20852964000000004 0 0 0 0.21852964000000005 0 0 0 0.01 1
-1.6000000000000001 0.53000000000000003 0.5 0.22 0.29999999999999999 1 0.198356 0 0 0 0.20835599999999999 0 0 0 0.21835599999999999 0 0 0 0.01 1
-1.3999999999999999 0.70000000000000018 0.5 0.20000000000000001 0.29999999999999999 1 0.01 0 0 0 0.02 0 0 0 0.029999999999999999 0 0 0 0 1
-1.2 0.87000000000000011 0.5 0.21000000000000002 0.29999999999999999 1 0.19800896000000004 0 0 0 0.20800896000000002 0 0 0 0.21800896000000003 0 0 0 0.01 1
-1 1.04 0.5 0.22 0.29999999999999999 1 0.19783556000000005 0 0 0 0.20783556000000003 0 0 0 0.21783556000000004 0 0 0 0.00040000000000000002 1
-0.79999999999999982 0.90999999999999992 0.5 0.20000000000000001 0.29999999999999999 1 0.0118766224 0 0 0 0.0218766224 0 0 0 0.031876622399999999 0 0 0 0.00040000000000000002 1
-0.59999999999999987 1.3800000000000003 0.5 0.21000000000000002 0.29999999999999999 1 0.197489 0 0 0 0.20748899999999998 0 0 0 0.21748899999999999 0 0 0 0.0030000000000000001 1
-0.39999999999999991 1.5500000000000003 0.5 0.22 0.29999999999999999 1 0.19731584000000002 0 0 0 0.20731584 0 0 0 0.21731584000000001 0 0 0 0.00040000000000000002 1
-0.19999999999999996 1.7200000000000002 0.5 0.20000000000000001 0.29999999999999999 1 0.011871427600000001 0 0 0 0.0218714276 0 0 0 0.031871427600000002 0 0 0 0.00040000000000000002 1
0.12 -1 0.5 0.21000000000000002 0.29999999999999999 1 0.19696975999999999 0 0 0 0.20696975999999997 0 0 0 0.21696975999999998 0 0 0 0.01 1
0.20000000000000018 -0.82999999999999996 0.5 0.22 0.29999999999999999 1 0.19679684000000003 0 0 0 0.20679684000000001 0 0 0 0.21679684000000002 0 0 0 0.00040000000000000002 1
0.40000000000000036 -0.65999999999999992 0.5 0.20000000000000001 0.29999999999999999 1 0.19662400000000002 0 0 0 0.206624 0 0 0 0.21662400000000001 0 0 0 0.01 1
0.60000000000000009 -0.48999999999999999 0.5 0.21000000000000002 0.29999999999999999 1 0.19645124000000003 0 0 0 0.20645124000000001 0 0 0 0.21645124000000002 0 0 0 0.01 1
0.80000000000000027 -0.31999999999999995 0.5 0.22 0.29999999999999999 1 0.01 0 0 0 0.02 0 0 0 0.029999999999999999 0 0 0 0 1
1 -0.4499999999999999 0.5 0.20000000000000001 0.29999999999999999 1 0.011861059600000001 0 0 0 0.0218610596 0 0 0 0.031861059599999998 0 0 0 0.00040000000000000002 1
1.2000000000000002 0.020000000000000018 0.5 0.21000000000000002 0.29999999999999999 1 0.19593344000000004 0 0 0 0.20593344000000002 0 0 0 0.21593344000000003 0 0 0 0.01 1
1.5200000000000005 0.19000000000000017 0.5 0.22 0.29999999999999999 1 0.19576100000000005 0 0 0 0.20576100000000003 0 0 0 0.21576100000000004 0 0 0 0.01 1
1.6000000000000001 0.3600000000000001 0.5 0.20000000000000001 0.29999999999999999 1 0.0118558864 0 0 0 0.0218558864 0 0 0 0.031855886399999998 0 0 0 0.00040000000000000002 1
-2 0.53000000000000003 0.5 0.21000000000000002 0.29999999999999999 1 0.19541636000000001 0 0 0 0.20541635999999999 0 0 0 0.21541636 0 0 0 0.00040000000000000002 1
-1.8 0.70000000000000018 0.5 0.22 0.29999999999999999 1 0.19524416000000003 0 0 0 0.20524416000000001 0 0 0 0.21524416000000002 0 0 0 0.00040000000000000002 1
-1.6000000000000001 0.87000000000000011 0.5 0.20000000000000001 0.29999999999999999 1 0.0118507204 0 0 0 0.021850720400000002 0 0 0 0.031850720399999997 0 0 0 0.00040000000000000002 1
-2 -1 0.5 0.20000000000000001 0.29999999999999999 1 0.01 0 0 0 0.02 0 0 0 0.029999999999999999 0 0 0 0 1
-1.8 -0.82999999999999996 0.5 0.21000000000000002 0.29999999999999999 1 0.30138404000000008 0 0 0 0.31138404000000008 0 0 0 0.32138404000000009 0 0 0 0.01 1
-1.6000000000000001 -0.65999999999999992 0.5 0.22 0.29999999999999999 1 0.30116816000000002 0 0 0 0.31116816000000003 0 0 0 0.32116816000000004 0 0 0 0.01 1
-1.3999999999999999 -0.48999999999999999 0.5 0.20000000000000001 0.29999999999999999 1 0.0129095236 0 0 0 0.022909523600000002 0 0 0 0.032909523599999997 0 0 0 0.00040000000000000002 1
-1.2 -0.31999999999999995 0.5 0.21000000000000002 0.29999999999999999 1 0.30073664000000006 0 0 0 0.31073664000000006 0 0 0 0.32073664000000002 0 0 0 0.01 1
-1 -0.14999999999999991 0.5 0.22 0.29999999999999999 1 0.30052100000000009 0 0 0 0.3105210000000001 0 0 0 0.32052100000000006 0 0 0 0.0030000000000000001 1
-0.79999999999999982 0.020000000000000018 0.5 0.20000000000000001 0.29999999999999999 1 0.012903054400000001 0 0 0 0.022903054400000001 0 0 0 0.032903054399999999 0 0 0 0.00040000000000000002 1
-0.47999999999999987 0.19000000000000017 0.5 0.21000000000000002 0.29999999999999999 1 0.30008995999999999 0 0 0 0.31008996 0 0 0 0.32008996000000001 0 0 0 0.01 1
-0.39999999999999991 0.3600000000000001 0.5 0.22 0.29999999999999999 1 0.29987456000000007 0 0 0 0.30987456000000008 0 0 0 0.31987456000000003 0 0 0 0.00040000000000000002 1
-0.19999999999999996 0.23000000000000004 0.5 0.20000000000000001 0.29999999999999999 1 0.0128965924 0 0 0 0.022896592400000002 0 0 0 0.032896592400000001 0 0 0 0.00040000000000000002 1
0 0.70000000000000018 0.5 0.21000000000000002 0.29999999999999999 1 0.29944399999999999 0 0 0 0.309444 0 0 0 0.31944399999999995 0 0 0 0.0030000000000000001 1
0.20000000000000018 0.87000000000000011 0.5 0.22 0.29999999999999999 1 0.01 0 0 0 0.02 0 0 0 0.029999999999999999 0 0 0 0 1
0.40000000000000036 1.04 0.5 0.20000000000000001 0.29999999999999999 1 0.012890137600000001 0 0 0 0.022890137599999999 0 0 0 0.032890137600000001 0 0 0 0.00040000000000000002 1
0.60000000000000009 1.21 0.5 0.21000000000000002 0.29999999999999999 1 0.29879876000000011 0 0 0 0.30879876000000012 0 0 0 0.31879876000000007 0 0 0 0.01 1
0.92000000000000026 1.3800000000000003 0.5 0.22 0.29999999999999999 1 0.2985838400000001 0 0 0 0.30858384000000011 0 0 0 0.31858384000000006 0 0 0 0.01 1
1 1.5500000000000003 0.5 0.20000000000000001 0.29999999999999999 1 0.298369 0 0 0 0.308369 0 0 0 0.31836900000000001 0 0 0 0.01 1
1.2000000000000002 1.7200000000000002 0.5 0.21000000000000002 0.29999999999999999 1 0.29815424000000007 0 0 0 0.30815424000000008 0 0 0 0.31815424000000003 0 0 0 0.01 1
1.4000000000000004 -1 0.5 0.22 0.29999999999999999 1 0.29793956000000005 0 0 0 0.30793956000000006 0 0 0 0.31793956000000001 0 0 0 0.00040000000000000002 1
1.6000000000000001 -1.1299999999999999 0.5 0.20000000000000001 0.29999999999999999 1 0.012877249600000001 0 0 0 0.0228772496 0 0 0 0.032877249599999998 0 0 0 0.00040000000000000002 1
-2 -0.65999999999999992 0.5 0.21000000000000002 0.29999999999999999 1 0.29751044000000004 0 0 0 0.30751044000000005 0 0 0 0.31751044000000006 0 0 0 0.00040000000000000002 1
-1.8 -0.48999999999999999 0.5 0.22 0.29999999999999999 1 0.29729600000000006 0 0 0 0.30729600000000007 0 0 0 0.31729600000000002 0 0 0 0.0030000000000000001 1
-1.48 -0.31999999999999995 0.5 0.20000000000000001 0.29999999999999999 1 0.012870816400000002 0 0 0 0.022870816400000001 0 0 0 0.032870816400000002 0 0 0 0.00040000000000000002 1
-1.3999999999999999 -0.14999999999999991 0.5 0.21000000000000002 0.29999999999999999 1 0.01 0 0 0 0.02 0 0 0 0.029999999999999999 0 0 0 0 1
-1.2 0.020000000000000018 0.5 0.22 0.29999999999999999 1 0.29665316000000003 0 0 0 0.30665316000000004 0 0 0 0.31665315999999999 0 0 0 0.00040000000000000002 1
-1 0.19000000000000017 0.5 0.20000000000000001 0.29999999999999999 1 0.0128643904 0 0 0 0.0228643904 0 0 0 0.032864390399999999 0 0 0 0.00040000000000000002 1
-0.79999999999999982 0.3600000000000001 0.5 0.21000000000000002 0.29999999999999999 1 0.29622500000000007 0 0 0 0.30622500000000008 0 0 0 0.31622500000000009 0 0 0 0.01 1
-0.59999999999999987 0.53000000000000003 0.5 0.22 0.29999999999999999 1 0.29601104000000006 0 0 0 0.30601104000000007 0 0 0 0.31601104000000002 0 0 0 0.01 1
-0.39999999999999991 0.40000000000000019 0.5 0.20000000000000001 0.29999999999999999 1 0.0128579716 0 0 0 0.022857971599999999 0 0 0 0.032857971600000001 0 0 0 0.00040000000000000002 1
-0.07999999999999996 0.87000000000000011 0.5 0.21000000000000002 0.29999999999999999 1 0.29558336000000007 0 0 0 0.30558336000000008 0 0 0 0.31558336000000009 0 0 0 0.01 1
0 1.04 0.5 0.22 0.29999999999999999 1 0.29536964000000004 0 0 0 0.30536964000000005 0 0 0 0.31536964000000001 0 0 0 0.00040000000000000002 1
0.20000000000000018 1.21 0.5 0.20000000000000001 0.29999999999999999 1 0.29515600000000008 0 0 0 0.30515600000000009 0 0 0 0.3151560000000001 0 0 0 0.0030000000000000001 1
0.40000000000000036 1.3800000000000003 0.5 0.21000000000000002 0.29999999999999999 1 0.29494244000000003 0 0 0 0.30494244000000004 0 0 0 0.31494244000000005 0 0 0 0.00040000000000000002 1
0.60000000000000009 1.5500000000000003 0.5 0.22 0.29999999999999999 1 0.29472896000000004 0 0 0 0.30472896000000005 0 0 0 0.31472896000000006 0 0 0 0.00040000000000000002 1
0.80000000000000027 1.7200000000000002 0.5 0.20000000000000001 0.29999999999999999 1 0.01 0 0 0 0.02 0 0 0 0.029999999999999999 0 0 0 0 1
1 -1 0.5 0.21000000000000002 0.29999999999999999 1 0.2943022400000001 0 0 0 0.30430224000000011 0 0 0 0.31430224000000007 0 0 0 0.00040000000000000002 1
1.3200000000000003 -0.82999999999999996 0.5 0.22 0.29999999999999999 1 0.29408899999999999 0 0 0 0.304089 0 0 0 0.31408899999999995 0 0 0 0.01 1
1.4000000000000004 -0.95999999999999996 0.5 0.20000000000000001 0.29999999999999999 1 0.012838758400000001 0 0 0 0.022838758399999999 0 0 0 0.032838758400000001 0 0 0 0.00040000000000000002 1
1.6000000000000001 -0.48999999999999999 0.5 0.21000000000000002 0.29999999999999999 1 0.29366276000000008 0 0 0 0.30366276000000009 0 0 0 0.31366276000000004 0 0 0 0.01 1
-2 -0.31999999999999995 0.5 0.22 0.29999999999999999 1 0.29344976000000006 0 0 0 0.30344976000000007 0 0 0 0.31344976000000002 0 0 0 0.01 1
-1.8 -0.14999999999999991 0.5 0.20000000000000001 0.29999999999999999 1 0.0128323684 0 0 0 0.022832368400000001 0 0 0 0.032832368399999999 0 0 0 0.00040000000000000002 1
-1.6000000000000001 0.020000000000000018 0.5 0.21000000000000002 0.29999999999999999 1 0.29302400000000006 0 0 0 0.30302400000000007 0 0 0 0.31302400000000008 0 0 0 0.01 1
-1.3999999999999999 0.19000000000000017 0.5 0.22 0.29999999999999999 1 0.29281124000000008 0 0 0 0.30281124000000009 0 0 0 0.31281124000000005 0 0 0 0.00040000000000000002 1
-1.0800000000000001 0.3600000000000001 0.5 0.20000000000000001 0.29999999999999999 1 0.012825985600000001 0 0 0 0.022825985600000001 0 0 0 0.032825985599999996 0 0 0 0.00040000000000000002 1
-1 0.53000000000000003 0.5 0.21000000000000002 0.29999999999999999 1 0.29238596 0 0 0 0.30238596000000001 0 0 0 0.31238595999999996 0 0 0 0.00040000000000000002 1
-0.79999999999999982 0.70000000000000018 0.5 0.22 0.29999999999999999 1 0.01 0 0 0 0.02 0 0 0 0.029999999999999999 0 0 0 0 1
-0.59999999999999987 0.57000000000000006 0.5 0.20000000000000001 0.29999999999999999 1 0.29196100000000008 0 0 0 0.30196100000000009 0 0 0 0.31196100000000004 0 0 0 0.01 1
-0.39999999999999991 1.04 0.5 0.21000000000000002 0.29999999999999999 1 0.29174864000000006 0 0 0 0.30174864000000007 0 0 0 0.31174864000000002 0 0 0 0.00040000000000000002 1
-0.19999999999999996 1.21 0.5 0.22 0.29999999999999999 1 0.29153635999999999 0 0 0 0.30153636 0 0 0 0.31153635999999996 0 0 0 0.00040000000000000002 1
0 1.3800000000000003 0.5 0.20000000000000001 0.29999999999999999 1 0.012813241600000001 0 0 0 0.022813241599999999 0 0 0 0.032813241600000001 0 0 0 0.00040000000000000002 1
0.32000000000000017 1.5500000000000003 0.5 0.21000000000000002 0.29999999999999999 1 0.29111204000000007 0 0 0 0.30111204000000008 0 0 0 0.31111204000000003 0 0 0 0.01 1
0.40000000000000036 1.7200000000000002 0.5 0.22 0.29999999999999999 1 0.2909000000000001 0 0 0 0.30090000000000011 0 0 0 0.31090000000000007 0 0 0 0.01 1
0.60000000000000009 -1 0.5 0.20000000000000001 0.29999999999999999 1 0.0128068804 0 0 0 0.0228068804 0 0 0 0.032806880400000002 0 0 0 0.00040000000000000002 1
0.80000000000000027 -0.82999999999999996 0.5 0.21000000000000002 0.29999999999999999 1 0.29047616000000004 0 0 0 0.30047616000000005 0 0 0 0.31047616 0 0 0 0.01 1
1 -0.65999999999999992 0.5 0.22 0.29999999999999999 1 0.29026436000000005 0 0 0 0.30026436000000006 0 0 0 0.31026436000000002 0 0 0 0.00040000000000000002 1
1.2000000000000002 -0.79000000000000004 0.5 0.20000000000000001 0.29999999999999999 1 0.012800526400000001 0 0 0 0.0228005264 0 0 0 0.032800526400000002 0 0 0 0.00040000000000000002 1
1.4000000000000004 -0.31999999999999995 0.5 0.21000000000000002 0.29999999999999999 1 0.01 0 0 0 0.02 0 0 0 0.029999999999999999 0 0 0 0 1
1.7200000000000002 -0.14999999999999991 0.5 0.22 0.29999999999999999 1 0.28962944000000007 0 0 0 0.29962944000000008 0 0 0 0.30962944000000003 0 0 0 0.01 1
-2 0.020000000000000018 0.5 0.20000000000000001 0.29999999999999999 1 0.0127941796 0 0 0 0.022794179600000002 0 0 0 0.032794179600000001 0 0 0 0.00040000000000000002 1
-1.8 0.19000000000000017 0.5 0.21000000000000002 0.29999999999999999 1 0.28920656000000011 0 0 0 0.29920656000000012 0 0 0 0.30920656000000013 0 0 0 0.00040000000000000002 1
-1.6000000000000001 0.3600000000000001 0.5 0.22 0.29999999999999999 1 0.28899523999999999 0 0 0 0.29899524 0 0 0 0.30899524 0 0 0 0.00040000000000000002 1
-1.3999999999999999 0.53000000000000003 0.5 0.20000000000000001 0.29999999999999999 1 0.28878400000000004 0 0 0 0.29878400000000005 0 0 0 0.30878400000000006 0 0 0 0.01 1
-1.2 0.70000000000000018 0.5 0.21000000000000002 0.29999999999999999 1 0.28857284000000005 0 0 0 0.29857284000000006 0 0 0 0.30857284000000007 0 0 0 0.01 1
-1 0.87000000000000011 0.5 0.22 0.29999999999999999 1 0.28836176000000008 0 0 0 0.29836176000000009 0 0 0 0.30836176000000004 0 0 0 0.01 1
-0.67999999999999983 0.73999999999999999 0.5 0.20000000000000001 0.29999999999999999 1 0.0127815076 0 0 0 0.022781507600000001 0 0 0 0.032781507599999996 0 0 0 0.00040000000000000002 1
-0.59999999999999987 1.21 0.5 0.21000000000000002 0.29999999999999999 1 0.28793984000000006 0 0 0 0.29793984000000007 0 0 0 0.30793984000000008 0 0 0 0.01 1
-0.39999999999999991 1.3800000000000003 0.5 0.22 0.29999999999999999 1 0.28772900000000007 0 0 0 0.29772900000000008 0 0 0 0.30772900000000003 0 0 0 0.0030000000000000001 1
-0.19999999999999996 1.5500000000000003 0.5 0.20000000000000001 0.29999999999999999 1 0.01 0 0 0 0.02 0 0 0 0.029999999999999999 0 0 0 0 1
0 1.7200000000000002 0.5 0.21000000000000002 0.29999999999999999 1 0.28730756000000002 0 0 0 0.29730756000000003 0 0 0 0.30730756000000004 0 0 0 0.00040000000000000002 1
0.20000000000000018 -1 0.5 0.22 0.29999999999999999 1 0.28709696000000001 0 0 0 0.29709696000000002 0 0 0 0.30709695999999997 0 0 0 0.00040000000000000002 1
0.40000000000000036 -0.82999999999999996 0.5 0.20000000000000001 0.29999999999999999 1 0.0127688644 0 0 0 0.022768864400000002 0 0 0 0.0327688644 0 0 0 0.00040000000000000002 1
0.72000000000000008 -0.65999999999999992 0.5 0.21000000000000002 0.29999999999999999 1 0.2866760000000001 0 0 0 0.29667600000000011 0 0 0 0.30667600000000006 0 0 0 0.01 1
0.80000000000000027 -0.48999999999999999 0.5 0.22 0.29999999999999999 1 0.28646564000000002 0 0 0 0.29646564000000003 0 0 0 0.30646563999999998 0 0 0 0.00040000000000000002 1
1 -0.61999999999999988 0.5 0.20000000000000001 0.29999999999999999 1 0.0127625536 0 0 0 0.022762553600000002 0 0 0 0.032762553600000001 0 0 0 0.00040000000000000002 1
1.2000000000000002 -0.14999999999999991 0.5 0.21000000000000002 0.29999999999999999 1 0.28604516000000008 0 0 0 0.29604516000000008 0 0 0 0.30604516000000004 0 0 0 0.01 1
1.4000000000000004 0.020000000000000018 0.5 0.22 0.29999999999999999 1 0.2858350400000001 0 0 0 0.2958350400000001 0 0 0 0.30583504000000006 0 0 0 0.01 1
1.6000000000000001 0.19000000000000017 0.5 0.20000000000000001 0.29999999999999999 1 0.28562500000000002 0 0 0 0.29562500000000003 0 0 0 0.30562500000000004 0 0 0 0.01 1
-2 0.3600000000000001 0.5 0.21000000000000002 0.29999999999999999 1 0.28541504000000006 0 0 0 0.29541504000000007 0 0 0 0.30541504000000008 0 0 0 0.01 1
-1.8 0.53000000000000003 0.5 0.22 0.29999999999999999 1 0.01 0 0 0 0.02 0 0 0 0.029999999999999999 0 0 0 0 1
-1.6000000000000001 0.70000000000000018 0.5 0.20000000000000001 0.29999999999999999 1 0.012749953600000001 0 0 0 0.022749953600000001 0 0 0 0.032749953599999999 0 0 0 0.00040000000000000002 1
-1.3999999999999999 0.87000000000000011 0.5 0.21000000000000002 0.29999999999999999 1 0.28478564000000001 0 0 0 0.29478564000000002 0 0 0 0.30478563999999997 0 0 0 0.00040000000000000002 1
-1.2 1.04 0.5 0.22 0.29999999999999999 1 0.28457600000000005 0 0 0 0.29457600000000006 0 0 0 0.30457600000000007 0 0 0 0.0030000000000000001 1
-1 0.90999999999999992 0.5 0.20000000000000001 0.29999999999999999 1 0.0127436644 0 0 0 0.022743664400000002 0 0 0 0.032743664399999997 0 0 0 0.00040000000000000002 1
-0.79999999999999982 1.3800000000000003 0.5 0.21000000000000002 0.29999999999999999 1 0.28415696000000007 0 0 0 0.29415696000000008 0 0 0 0.30415696000000003 0 0 0 0.00040000000000000002 1
-0.59999999999999987 1.5500000000000003 0.5 0.22 0.29999999999999999 1 0.28394756000000004 0 0 0 0.29394756000000005 0 0 0 0.30394756000000001 0 0 0 0.00040000000000000002 1
-0.27999999999999992 1.7200000000000002 0.5 0.20000000000000001 0.29999999999999999 1 0.0127373824 0 0 0 0.022737382400000002 0 0 0 0.032737382400000001 0 0 0 0.00040000000000000002 1
-0.19999999999999996 -1 0.5 0.21000000000000002 0.29999999999999999 1 0.28352900000000009 0 0 0 0.2935290000000001 0 0 0 0.30352900000000005 0 0 0 0.01 1
0 -0.82999999999999996 0.5 0.22 0.29999999999999999 1 0.28331984000000004 0 0 0 0.29331984000000005 0 0 0 0.30331984000000001 0 0 0 0.01 1
0.20000000000000018 -0.65999999999999992 0.5 0.20000000000000001 0.29999999999999999 1 0.0127311076 0 0 0 0.022731107600000001 0 0 0 0.032731107599999996 0 0 0 0.00040000000000000002 1
0.40000000000000036 -0.48999999999999999 0.5 0.21000000000000002 0.29999999999999999 1 0.01 0 0 0 0.02 0 0 0 0.029999999999999999 0 0 0 0 1
0.60000000000000009 -0.31999999999999995 0.5 0.22 0.29999999999999999 1 0.28269284000000006 0 0 0 0.29269284000000007 0 0 0 0.30269284000000007 0 0 0 0.00040000000000000002 1
0.80000000000000027 -0.4499999999999999 0.5 0.20000000000000001 0.29999999999999999 1 0.28248400000000007 0 0 0 0.29248400000000008 0 0 0 0.30248400000000009 0 0 0 0.01 1
1.1200000000000001 0.020000000000000018 0.5 0.21000000000000002 0.29999999999999999 1 0.28227523999999998 0 0 0 0.29227523999999999 0 0 0 0.30227523999999995 0 0 0 0.01 1
1.2000000000000002 0.19000000000000017 0.5 0.22 0.29999999999999999 1 0.28206656000000002 0 0 0 0.29206656000000003 0 0 0 0.30206655999999998 0 0 0 0.00040000000000000002 1
1.4000000000000004 0.3600000000000001 0.5 0.20000000000000001 0.29999999999999999 1 0.012718579600000002 0 0 0 0.0227185796 0 0 0 0.032718579599999999 0 0 0 0.00040000000000000002 1
1.6000000000000001 0.53000000000000003 0.5 0.21000000000000002 0.29999999999999999 1 0.28164944000000008 0 0 0 0.29164944000000009 0 0 0 0.30164944000000005 0 0 0 0.00040000000000000002 1
-2 0.70000000000000018 0.5 0.22 0.29999999999999999 1 0.281441 0 0 0 0.29144100000000001 0 0 0 0.30144099999999996 0 0 0 0.0030000000000000001 1
-1.8 0.87000000000000011 0.5 0.20000000000000001 0.29999999999999999 1 0.012712326400000001 0 0 0 0.0227123264 0 0 0 0.032712326399999998 0 0 0 0.00040000000000000002 1
-1.6000000000000001 1.04 0.5 0.21000000000000002 0.29999999999999999 1 0.28102436000000008 0 0 0 0.29102436000000009 0 0 0 0.3010243600000001 0 0 0 0.01 1
-1.2799999999999998 1.21 0.5 0.22 0.29999999999999999 1 0.28081616000000009 0 0 0 0.2908161600000001 0 0 0 0.30081616000000011 0 0 0 0.01 1
-1.2 1.3800000000000003 0.5 0.20000000000000001 0.29999999999999999 1 0.01 0 0 0 0.02 0 0 0 0.029999999999999999 0 0 0 0 1
-1 1.5500000000000003 0.5 0.21000000000000002 0.29999999999999999 1 0.28040000000000004 0 0 0 0.29040000000000005 0 0 0 0.3004 0 0 0 0.01 1
-0.79999999999999982 1.7200000000000002 0.5 0.22 0.29999999999999999 1 0.28019204000000009 0 0 0 0.2901920400000001 0 0 0 0.3001920400000001 0 0 0 0.00040000000000000002 1
-0.59999999999999987 -1 0.5 0.20000000000000001 0.29999999999999999 1 0.012699841600000001 0 0 0 0.022699841599999999 0 0 0 0.032699841600000001 0 0 0 0.00040000000000000002 1
-0.39999999999999991 -0.82999999999999996 0.5 0.21000000000000002 0.29999999999999999 1 0.27977636 0 0 0 0.28977636000000001 0 0 0 0.29977635999999996 0 0 0 0.00040000000000000002 1
-0.19999999999999996 -0.65999999999999992 0.5 0.22 0.29999999999999999 1 0.27956864000000003 0 0 0 0.28956864000000004 0 0 0 0.29956864000000005 0 0 0 0.00040000000000000002 1
0.12 -0.48999999999999999 0.5 0.20000000000000001 0.29999999999999999 1 0.27936100000000003 0 0 0 0.28936100000000003 0 0 0 0.29936099999999999 0 0 0 0.01 1
0.20000000000000018 -0.31999999999999995 0.5 0.21000000000000002 0.29999999999999999 1 0.27915344000000009 0 0 0 0.28915344000000009 0 0 0 0.2991534400000001 0 0 0 0.00040000000000000002 1
0.40000000000000036 -0.14999999999999991 0.5 0.22 0.29999999999999999 1 0.27894595999999999 0 0 0 0.28894596 0 0 0 0.29894595999999996 0 0 0 0.00040000000000000002 1
0.60000000000000009 -0.27999999999999997 0.5 0.20000000000000001 0.29999999999999999 1 0.0126873856 0 0 0 0.022687385600000002 0 0 0 0.0326873856 0 0 0 0.00040000000000000002 1
0.80000000000000027 0.19000000000000017 0.5 0.21000000000000002 0.29999999999999999 1 0.27853124000000007 0 0 0 0.28853124000000008 0 0 0 0.29853124000000009 0 0 0 0.01 1
1 0.3600000000000001 0.5 0.22 0.29999999999999999 1 0.01 0 0 0 0.02 0 0 0 0.029999999999999999 0 0 0 0 1
1.2000000000000002 0.53000000000000003 0.5 0.20000000000000001 0.29999999999999999 1 0.0126811684 0 0 0 0.0226811684 0 0 0 0.032681168400000002 0 0 0 0.00040000000000000002 1
1.5200000000000005 0.70000000000000018 0.5 0.21000000000000002 0.29999999999999999 1 0.27790976000000001 0 0 0 0.28790976000000001 0 0 0 0.29790976000000002 0 0 0 0.01 1
1.6000000000000001 0.87000000000000011 0.5 0.22 0.29999999999999999 1 0.27770276000000005 0 0 0 0.28770276000000006 0 0 0 0.29770276000000007 0 0 0 0.00040000000000000002 1
-2 1.04 0.5 0.20000000000000001 0.29999999999999999 1 0.012674958400000002 0 0 0 0.0226749584 0 0 0 0.032674958400000002 0 0 0 0.00040000000000000002 1
-1.8 1.21 0.5 0.21000000000000002 0.29999999999999999 1 0.27728900000000001 0 0 0 0.28728900000000002 0 0 0 0.29728900000000003 0 0 0 0.0030000000000000001 1
-1.6000000000000001 1.3800000000000003 0.5 0.22 0.29999999999999999 1 0.27708224000000004 0 0 0 0.28708224000000004 0 0 0 0.29708224000000005 0 0 0 0.00040000000000000002 1
-1.3999999999999999 1.2500000000000002 0.5 0.20000000000000001 0.29999999999999999 1 0.012668755600000001 0 0 0 0.0226687556 0 0 0 0.032668755600000002 0 0 0 0.00040000000000000002 1
-1.2 1.7200000000000002 0.5 0.21000000000000002 0.29999999999999999 1 0.27666896000000007 0 0 0 0.28666896000000008 0 0 0 0.29666896000000009 0 0 0 0.00040000000000000002 1
-0.88 -1 0.5 0.22 0.29999999999999999 1 0.27646244000000003 0 0 0 0.28646244000000004 0 0 0 0.29646243999999999 0 0 0 0.01 1
-0.79999999999999982 -0.82999999999999996 0.5 0.20000000000000001 0.29999999999999999 1 0.27625600000000006 0 0 0 0.28625600000000007 0 0 0 0.29625600000000007 0 0 0 0.01 1
-0.59999999999999987 -0.65999999999999992 0.5 0.21000000000000002 0.29999999999999999 1 0.01 0 0 0 0.02 0 0 0 0.029999999999999999 0 0 0 0 1
-0.39999999999999991 -0.48999999999999999 0.5 0.22 0.29999999999999999 1 0.27584336000000009 0 0 0 0.2858433600000001 0 0 0 0.29584336000000011 0 0 0 0.01 1
-0.19999999999999996 -0.31999999999999995 0.5 0.20000000000000001 0.29999999999999999 1 0.012656371600000001 0 0 0 0.022656371599999999 0 0 0 0.032656371599999998 0 0 0 0.00040000000000000002 1
0 -0.14999999999999991 0.5 0.21000000000000002 0.29999999999999999 1 0.27543104000000007 0 0 0 0.28543104000000008 0 0 0 0.29543104000000009 0 0 0 0.01 1
0.20000000000000018 0.020000000000000018 0.5 0.22 0.29999999999999999 1 0.27522500000000005 0 0 0 0.28522500000000006 0 0 0 0.29522500000000007 0 0 0 0.0030000000000000001 1
0.52000000000000035 -0.10999999999999982 0.5 0.20000000000000001 0.29999999999999999 1 0.012650190400000001 0 0 0 0.022650190400000002 0 0 0 0.032650190400000001 0 0 0 0.00040000000000000002 1
0.60000000000000009 0.3600000000000001 0.5 0.21000000000000002 0.29999999999999999 1 0.27481316 0 0 0 0.28481316000000001 0 0 0 0.29481316000000002 0 0 0 0.00040000000000000002 1
0.80000000000000027 0.53000000000000003 0.5 0.22 0.29999999999999999 1 0.27460736000000002 0 0 0 0.28460736000000003 0 0 0 0.29460735999999998 0 0 0 0.00040000000000000002 1
1 0.70000000000000018 0.5 0.20000000000000001 0.29999999999999999 1 0.012644016400000001 0 0 0 0.022644016400000001 0 0 0 0.032644016399999996 0 0 0 0.00040000000000000002 1
1.2000000000000002 0.87000000000000011 0.5 0.21000000000000002 0.29999999999999999 1 0.27419600000000005 0 0 0 0.28419600000000006 0 0 0 0.29419600000000001 0 0 0 0.0030000000000000001 1
1.4000000000000004 1.04 0.5 0.22 0.29999999999999999 1 0.27399044 0 0 0 0.28399044000000001 0 0 0 0.29399043999999996 0 0 0 0.00040000000000000002 1
1.6000000000000001 1.21 0.5 0.20000000000000001 0.29999999999999999 1 0.01 0 0 0 0.02 0 0 0 0.029999999999999999 0 0 0 0 1
-1.8799999999999999 1.3800000000000003 0.5 0.21000000000000002 0.29999999999999999 1 0.27357956000000005 0 0 0 0.28357956000000006 0 0 0 0.29357956000000007 0 0 0 0.01 1
-1.8 1.5500000000000003 0.5 0.22 0.29999999999999999 1 0.27337424000000005 0 0 0 0.28337424000000005 0 0 0 0.29337424000000001 0 0 0 0.01 1
-1.6000000000000001 1.4200000000000002 0.5 0.20000000000000001 0.29999999999999999 1 0.273169 0 0 0 0.283169 0 0 0 0.29316900000000001 0 0 0 0.01 1
-1.3999999999999999 -1 0.5 0.21000000000000002 0.29999999999999999 1 0.27296384000000001 0 0 0 0.28296384000000002 0 0 0 0.29296383999999998 0 0 0 0.01 1
-1.2 -0.82999999999999996 0.5 0.22 0.29999999999999999 1 0.27275876000000004 0 0 0 0.28275876000000005 0 0 0 0.29275876000000001 0 0 0 0.00040000000000000002 1
-1 -0.65999999999999992 0.5 0.20000000000000001 0.29999999999999999 1 0.0126255376 0 0 0 0.022625537600000002 0 0 0 0.032625537599999997 0 0 0 0.00040000000000000002 1
-0.79999999999999982 -0.48999999999999999 0.5 0.21000000000000002 0.29999999999999999 1 0.27234883999999998 0 0 0 0.28234883999999999 0 0 0 0.29234883999999994 0 0 0 0.00040000000000000002 1
-0.47999999999999987 -0.31999999999999995 0.5 0.22 0.29999999999999999 1 0.27214400000000005 0 0 0 0.28214400000000006 0 0 0 0.29214400000000007 0 0 0 0.01 1
-0.39999999999999991 -0.14999999999999991 0.5 0.20000000000000001 0.29999999999999999 1 0.0126193924 0 0 0 0.0226193924 0 0 0 0.032619392400000002 0 0 0 0.00040000000000000002 1
-0.19999999999999996 0.020000000000000018 0.5 0.21000000000000002 0.29999999999999999 1 0.27173456000000007 0 0 0 0.28173456000000008 0 0 0 0.29173456000000009 0 0 0 0.00040000000000000002 1
0 0.19000000000000017 0.5 0.22 0.29999999999999999 1 0.01 0 0 0 0.02 0 0 0 0.029999999999999999 0 0 0 0 1
0.20000000000000018 0.060000000000000109 0.5 0.20000000000000001 0.29999999999999999 1 0.012613254399999999 0 0 0 0.022613254400000001 0 0 0 0.0326132544 0 0 0 0.00040000000000000002 1
0.40000000000000036 0.53000000000000003 0.5 0.21000000000000002 0.29999999999999999 1 0.27112100000000006 0 0 0 0.28112100000000007 0 0 0 0.29112100000000007 0 0 0 0.01 1
0.60000000000000009 0.70000000000000018 0.5 0.22 0.29999999999999999 1 0.27091664000000004 0 0 0 0.28091664000000005 0 0 0 0.29091664000000006 0 0 0 0.01 1
0.92000000000000026 0.87000000000000011 0.5 0.20000000000000001 0.29999999999999999 1 0.012607123600000001 0 0 0 0.022607123600000001 0 0 0 0.032607123600000003 0 0 0 0.00040000000000000002 1
1 1.04 0.5 0.21000000000000002 0.29999999999999999 1 0.27050816 0 0 0 0.28050816000000001 0 0 0 0.29050816000000002 0 0 0 0.01 1
1.2000000000000002 1.21 0.5 0.22 0.29999999999999999 1 0.27030404000000008 0 0 0 0.28030404000000009 0 0 0 0.2903040400000001 0 0 0 0.00040000000000000002 1
1.4000000000000004 1.3800000000000003 0.5 0.20000000000000001 0.29999999999999999 1 0.27010000000000006 0 0 0 0.28010000000000007 0 0 0 0.29010000000000002 0 0 0 0.0030000000000000001 1
1.6000000000000001 1.5500000000000003 0.5 0.21000000000000002 0.29999999999999999 1 0.26989604000000006 0 0 0 0.27989604000000007 0 0 0 0.28989604000000002 0 0 0 0.00040000000000000002 1
-2 1.7200000000000002 0.5 0.22 0.29999999999999999 1 0.26969216000000001 0 0 0 0.27969216000000002 0 0 0 0.28969215999999998 0 0 0 0.00040000000000000002 1
-1.8 -1.3 0.5 0.20000000000000001 0.29999999999999999 1 0.0125948836 0 0 0 0.022594883600000001 0 0 0 0.032594883599999999 0 0 0 0.00040000000000000002 1
-1.6000000000000001 -0.82999999999999996 0.5 0.21000000000000002 0.29999999999999999 1 0.01 0 0 0 0.02 0 0 0 0.029999999999999999 0 0 0 0 1
-1.3999999999999999 -0.65999999999999992 0.5 0.22 0.29999999999999999 1 0.26908100000000007 0 0 0 0.27908100000000008 0 0 0 0.28908100000000003 0 0 0 0.0030000000000000001 1
-1.2 -0.48999999999999999 0.5 0.20000000000000001 0.29999999999999999 1 0.012588774400000001 0 0 0 0.022588774400000001 0 0 0 0.032588774399999999 0 0 0 0.00040000000000000002 1
-1 -0.31999999999999995 0.5 0.21000000000000002 0.29999999999999999 1 0.26867396000000004 0 0 0 0.27867396000000005 0 0 0 0.28867396000000001 0 0 0 0.01 1
-0.79999999999999982 -0.14999999999999991 0.5 0.22 0.29999999999999999 1 0.26847056000000008 0 0 0 0.27847056000000009 0 0 0 0.28847056000000004 0 0 0 0.01 1
-0.59999999999999987 0.020000000000000018 0.5 0.20000000000000001 0.29999999999999999 1 0.012582672400000001 0 0 0 0.0225826724 0 0 0 0.032582672399999998 0 0 0 0.00040000000000000002 1
-0.39999999999999991 0.19000000000000017 0.5 0.21000000000000002 0.29999999999999999 1 0.26806400000000002 0 0 0 0.27806400000000003 0 0 0 0.28806399999999999 0 0 0 0.01 1
-0.07999999999999996 0.3600000000000001 0.5 0.22 0.29999999999999999 1 0.26786084000000004 0 0 0 0.27786084000000005 0 0 0 0.28786084000000001 0 0 0 0.01 1
0 0.23000000000000004 0.5 0.20000000000000001 0.29999999999999999 1 0.012576577600000001 0 0 0 0.022576577600000002 0 0 0 0.032576577599999997 0 0 0 0.00040000000000000002 1
0.20000000000000018 0.70000000000000018 0.5 0.21000000000000002 0.29999999999999999 1 0.26745476000000007 0 0 0 0.27745476000000008 0 0 0 0.28745476000000003 0 0 0 0.00040000000000000002 1
0.40000000000000036 0.87000000000000011 0.5 0.22 0.29999999999999999 1 0.26725184000000002 0 0 0 0.27725184000000003 0 0 0 0.28725184000000004 0 0 0 0.00040000000000000002 1
0.60000000000000009 1.04 0.5 0.20000000000000001 0.29999999999999999 1 0.01 0 0 0 0.02 0 0 0 0.029999999999999999 0 0 0 0 1
0.80000000000000027 1.21 0.5 0.21000000000000002 0.29999999999999999 1 0.26684624000000007 0 0 0 0.27684624000000008 0 0 0 0.28684624000000003 0 0 0 0.00040000000000000002 1
1 1.3800000000000003 0.5 0.22 0.29999999999999999 1 0.26664356000000011 0 0 0 0.27664356000000012 0 0 0 0.28664356000000013 0 0 0 0.00040000000000000002 1
1.3200000000000003 1.5500000000000003 0.5 0.20000000000000001 0.29999999999999999 1 0.0125644096 0 0 0 0.022564409600000002 0 0 0 0.032564409599999997 0 0 0 0.00040000000000000002 1
1.4000000000000004 1.7200000000000002 0.5 0.21000000000000002 0.29999999999999999 1 0.26623844000000002 0 0 0 0.27623844000000003 0 0 0 0.28623843999999998 0 0 0 0.01 1
1.6000000000000001 -1 0.5 0.22 0.29999999999999999 1 0.26603600000000005 0 0 0 0.27603600000000006 0 0 0 0.28603600000000007 0 0 0 0.01 1
-2 -1.1299999999999999 0.5 0.20000000000000001 0.29999999999999999 1 0.012558336400000002 0 0 0 0.0225583364 0 0 0 0.032558336399999999 0 0 0 0.00040000000000000002 1
-1.8 -0.65999999999999992 0.5 0.21000000000000002 0.29999999999999999 1 0.26563136000000004 0 0 0 0.27563136000000005 0 0 0 0.28563136 0 0 0 0.01 1
-1.6000000000000001 -0.48999999999999999 0.5 0.22 0.29999999999999999 1 0.26542916000000005 0 0 0 0.27542916000000006 0 0 0 0.28542916000000007 0 0 0 0.00040000000000000002 1
-1.3999999999999999 -0.31999999999999995 0.5 0.20000000000000001 0.29999999999999999 1 0.012552270400000001 0 0 0 0.022552270400000001 0 0 0 0.0325522704 0 0 0 0.00040000000000000002 1
-1.0800000000000001 -0.14999999999999991 0.5 0.21000000000000002 0.29999999999999999 1 0.26502500000000012 0 0 0 0.27502500000000013 0 0 0 0.28502500000000008 0 0 0 0.01 1
-1 0.020000000000000018 0.5 0.22 0.29999999999999999 1 0.01 0 0 0 0.02 0 0 0 0.029999999999999999 0 0 0 0 1
-0.79999999999999982 0.19000000000000017 0.5 0.20000000000000001 0.29999999999999999 1 0.012546211600000001 0 0 0 0.022546211600000001 0 0 0 0.0325462116 0 0 0 0.00040000000000000002 1
-0.59999999999999987 0.3600000000000001 0.5 0.21000000000000002 0.29999999999999999 1 0.26441936000000005 0 0 0 0.27441936000000006 0 0 0 0.28441936000000001 0 0 0 0.00040000000000000002 1
-0.39999999999999991 0.53000000000000003 0.5 0.22 0.29999999999999999 1 0.26421764000000009 0 0 0 0.2742176400000001 0 0 0 0.28421764000000005 0 0 0 0.00040000000000000002 1
-0.19999999999999996 0.40000000000000019 0.5 0.20000000000000001 0.29999999999999999 1 0.26401600000000003 0 0 0 0.27401600000000004 0 0 0 0.28401600000000005 0 0 0 0.01 1
0 0.87000000000000011 0.5 0.21000000000000002 0.29999999999999999 1 0.26381444000000004 0 0 0 0.27381444000000005 0 0 0 0.28381444 0 0 0 0.01 1
0.32000000000000017 1.04 0.5 0.22 0.29999999999999999 1 0.26361296000000006 0 0 0 0.27361296000000007 0 0 0 0.28361296000000003 0 0 0 0.01 1
0.40000000000000036 1.21 0.5 0.20000000000000001 0.29999999999999999 1 0.012534115600000001 0 0 0 0.022534115600000001 0 0 0 0.032534115599999996 0 0 0 0.00040000000000000002 1
0.60000000000000009 1.3800000000000003 0.5 0.21000000000000002 0.29999999999999999 1 0.26321024000000004 0 0 0 0.27321024000000005 0 0 0 0.28321024000000006 0 0 0 0.01 1
0.80000000000000027 1.5500000000000003 0.5 0.22 0.29999999999999999 1 0.26300900000000005 0 0 0 0.27300900000000006 0 0 0 0.28300900000000007 0 0 0 0.0030000000000000001 1
1 1.7200000000000002 0.5 0.20000000000000001 0.29999999999999999 1 0.0125280784 0 0 0 0.022528078400000002 0 0 0 0.0325280784 0 0 0 0.00040000000000000002 1
1.2000000000000002 -1 0.5 0.21000000000000002 0.29999999999999999 1 0.01 0 0 0 0.02 0 0 0 0.029999999999999999 0 0 0 0 1
1.4000000000000004 -0.82999999999999996 0.5 0.22 0.29999999999999999 1 0.26240576000000004 0 0 0 0.27240576000000005 0 0 0 0.28240576000000006 0 0 0 0.00040000000000000002 1
1.7200000000000002 -0.95999999999999996 0.5 0.20000000000000001 0.29999999999999999 1 0.012522048400000001 0 0 0 0.022522048400000001 0 0 0 0.032522048399999996 0 0 0 0.00040000000000000002 1
-2 -0.48999999999999999 0.5 0.21000000000000002 0.29999999999999999 1 0.26200400000000007 0 0 0 0.27200400000000008 0 0 0 0.28200400000000003 0 0 0 0.0030000000000000001 1
-1.8 -0.31999999999999995 0.5 0.22 0.29999999999999999 1 0.26180324000000005 0 0 0 0.27180324000000006 0 0 0 0.28180324000000001 0 0 0 0.00040000000000000002 1
-1.6000000000000001 -0.14999999999999991 0.5 0.20000000000000001 0.29999999999999999 1 0.012516025600000001 0 0 0 0.0225160256 0 0 0 0.032516025599999998 0 0 0 0.00040000000000000002 1
-1.3999999999999999 0.020000000000000018 0.5 0.21000000000000002 0.29999999999999999 1 0.26140196000000004 0 0 0 0.27140196000000005 0 0 0 0.28140196000000006 0 0 0 0.01 1
-1.2 0.19000000000000017 0.5 0.22 0.29999999999999999 1 0.26120144000000006 0 0 0 0.27120144000000007 0 0 0 0.28120144000000002 0 0 0 0.01 1
-1 0.3600000000000001 0.5 0.20000000000000001 0.29999999999999999 1 0.26100100000000009 0 0 0 0.2710010000000001 0 0 0 0.28100100000000006 0 0 0 0.01 1
-0.67999999999999983 0.53000000000000003 0.5 0.21000000000000002 0.29999999999999999 1 0.26080064000000003 0 0 0 0.27080064000000004 0 0 0 0.28080064000000005 0 0 0 0.01 1
-0.59999999999999987 0.70000000000000018 0.5 0.22 0.29999999999999999 1 0.26060036000000003 0 0 0 0.27060036000000004 0 0 0 0.28060035999999999 0 0 0 0.00040000000000000002 1
-0.39999999999999991 0.87000000000000011 0.5 0.20000000000000001 0.29999999999999999 1 0.01 0 0 0 0.02 0 0 0 0.029999999999999999 0 0 0 0 1
-0.19999999999999996 1.04 0.5 0.21000000000000002 0.29999999999999999 1 0.26020004000000008 0 0 0 0.27020004000000009 0 0 0 0.28020004000000009 0 0 0 0.00040000000000000002 1
0 1.21 0.5 0.22 0.29999999999999999 1 0.26000000000000001 0 0 0 0.27000000000000002 0 0 0 0.28000000000000003 0 0 0 0.0030000000000000001 1
0.20000000000000018 1.3800000000000003 0.5 0.20000000000000001 0.29999999999999999 1 0.012498000400000001 0 0 0 0.022498000400000003 0 0 0 0.032498000399999998 0 0 0 0.00040000000000000002 1
0.40000000000000036 1.5500000000000003 0.5 0.21000000000000002 0.29999999999999999 1 0.25960016000000002 0 0 0 0.26960016000000003 0 0 0 0.27960016000000004 0 0 0 0.00040000000000000002 1
0.72000000000000008 1.7200000000000002 0.5 0.22 0.29999999999999999 1 0.25940036000000005 0 0 0 0.26940036000000006 0 0 0 0.27940036000000007 0 0 0 0.01 1
0.80000000000000027 -1 0.5 0.20000000000000001 0.29999999999999999 1 0.0124920064 0 0 0 0.0224920064 0 0 0 0.032492006400000002 0 0 0 0.00040000000000000002 1
1 -0.82999999999999996 0.5 0.21000000000000002 0.29999999999999999 1 0.25900100000000004 0 0 0 0.26900100000000005 0 0 0 0.27900100000000005 0 0 0 0.01 1
1.2000000000000002 -0.65999999999999992 0.5 0.22 0.29999999999999999 1 0.25880144000000005 0 0 0 0.26880144000000006 0 0 0 0.27880144000000007 0 0 0 0.01 1
1.4000000000000004 -0.79000000000000004 0.5 0.20000000000000001 0.29999999999999999 1 0.0124860196 0 0 0 0.022486019600000001 0 0 0 0.032486019599999999 0 0 0 0.00040000000000000002 1
1.6000000000000001 -0.31999999999999995 0.5 0.21000000000000002 0.29999999999999999 1 0.25840256 0 0 0 0.26840256000000001 0 0 0 0.27840255999999997 0 0 0 0.01 1
-2 -0.14999999999999991 0.5 0.22 0.29999999999999999 1 0.01 0 0 0 0.02 0 0 0 0.029999999999999999 0 0 0 0 1
-1.6800000000000002 0.020000000000000018 0.5 0.20000000000000001 0.29999999999999999 1 0.25800400000000001 0 0 0 0.26800400000000002 0 0 0 0.27800400000000003 0 0 0 0.01 1
-1.6000000000000001 0.19000000000000017 0.5 0.21000000000000002 0.29999999999999999 1 0.25780484000000004 0 0 0 0.26780484000000004 0 0 0 0.27780484000000005 0 0 0 0.00040000000000000002 1
-1.3999999999999999 0.3600000000000001 0.5 0.22 0.29999999999999999 1 0.25760576000000002 0 0 0 0.26760576000000003 0 0 0 0.27760576000000003 0 0 0 0.00040000000000000002 1
-1.2 0.53000000000000003 0.5 0.20000000000000001 0.29999999999999999 1 0.012474067599999999 0 0 0 0.022474067600000001 0 0 0 0.032474067599999996 0 0 0 0.00040000000000000002 1
-1 0.70000000000000018 0.5 0.21000000000000002 0.29999999999999999 1 0.25720784000000008 0 0 0 0.26720784000000009 0 0 0 0.27720784000000009 0 0 0 0.00040000000000000002 1
-0.79999999999999982 0.87000000000000011 0.5 0.22 0.29999999999999999 1 0.2570090000000001 0 0 0 0.26700900000000011 0 0 0 0.27700900000000006 0 0 0 0.0030000000000000001 1
-0.59999999999999987 0.73999999999999999 0.5 0.20000000000000001 0.29999999999999999 1 0.0124681024 0 0 0 0.022468102400000002 0 0 0 0.032468102399999997 0 0 0 0.00040000000000000002 1
-0.27999999999999992 1.21 0.5 0.21000000000000002 0.29999999999999999 1 0.25661156000000002 0 0 0 0.26661156000000003 0 0 0 0.27661156000000003 0 0 0 0.01 1
-0.19999999999999996 1.3800000000000003 0.5 0.22 0.29999999999999999 1 0.25641296000000002 0 0 0 0.26641296000000003 0 0 0 0.27641296000000004 0 0 0 0.01 1
0 1.5500000000000003 0.5 0.20000000000000001 0.29999999999999999 1 0.012462144400000002 0 0 0 0.022462144400000002 0 0 0 0.032462144399999997 0 0 0 0.00040000000000000002 1
0.20000000000000018 1.7200000000000002 0.5 0.21000000000000002 0.29999999999999999 1 0.01 0 0 0 0.02 0 0 0 0.029999999999999999 0 0 0 0 1
0.40000000000000036 -1 0.5 0.22 0.29999999999999999 1 0.25581764000000001 0 0 0 0.26581764000000002 0 0 0 0.27581764000000003 0 0 0 0.00040000000000000002 1
0.60000000000000009 -0.82999999999999996 0.5 0.20000000000000001 0.29999999999999999 1 0.0124561936 0 0 0 0.0224561936 0 0 0 0.032456193600000002 0 0 0 0.00040000000000000002 1
0.80000000000000027 -0.65999999999999992 0.5 0.21000000000000002 0.29999999999999999 1 0.25542116000000009 0 0 0 0.2654211600000001 0 0 0 0.27542116000000005 0 0 0 0.00040000000000000002 1
1.1200000000000001 -0.48999999999999999 0.5 0.22 0.29999999999999999 1 0.25522303999999996 0 0 0 0.26522303999999997 0 0 0 0.27522303999999997 0 0 0 0.01 1
1.2000000000000002 -0.61999999999999988 0.5 0.20000000000000001 0.29999999999999999 1 0.255025 0 0 0 0.26502500000000001 0 0 0 0.27502500000000002 0 0 0 0.01 1
1.4000000000000004 -0.14999999999999991 0.5 0.21000000000000002 0.29999999999999999 1 0.25482704000000006 0 0 0 0.26482704000000007 0 0 0 0.27482704000000002 0 0 0 0.00040000000000000002 1
1.6000000000000001 0.020000000000000018 0.5 0.22 0.29999999999999999 1 0.25462916000000008 0 0 0 0.26462916000000009 0 0 0 0.27462916000000004 0 0 0 0.00040000000000000002 1
-2 0.19000000000000017 0.5 0.20000000000000001 0.29999999999999999 1 0.0124443136 0 0 0 0.022444313600000002 0 0 0 0.032444313599999997 0 0 0 0.00040000000000000002 1
-1.8 0.3600000000000001 0.5 0.21000000000000002 0.29999999999999999 1 0.25423364000000004 0 0 0 0.26423364000000005 0 0 0 0.27423364000000006 0 0 0 0.01 1
-1.6000000000000001 0.53000000000000003 0.5 0.22 0.29999999999999999 1 0.25403600000000004 0 0 0 0.26403600000000005 0 0 0 0.27403600000000006 0 0 0 0.01 1
-1.3999999999999999 0.70000000000000018 0.5 0.20000000000000001 0.29999999999999999 1 0.01 0 0 0 0.02 0 0 0 0.029999999999999999 0 0 0 0 1
-1.2 0.87000000000000011 0.5 0.21000000000000002 0.29999999999999999 1 0.25364096000000003 0 0 0 0.26364096000000004 0 0 0 0.27364096000000004 0 0 0 0.01 1
-1 1.04 0.5 0.22 0.29999999999999999 1 0.25344356000000001 0 0 0 0.26344356000000002 0 0 0 0.27344356000000003 0 0 0 0.00040000000000000002 1
-0.79999999999999982 0.90999999999999992 0.5 0.20000000000000001 0.29999999999999999 1 0.0124324624 0 0 0 0.022432462400000002 0 0 0 0.032432462400000001 0 0 0 0.00040000000000000002 1
-0.59999999999999987 1.3800000000000003 0.5 0.21000000000000002 0.29999999999999999 1 0.25304900000000008 0 0 0 0.26304900000000009 0 0 0 0.2730490000000001 0 0 0 0.0030000000000000001 1
-0.39999999999999991 1.5500000000000003 0.5 0.22 0.29999999999999999 1 0.25285183999999999 0 0 0 0.26285184 0 0 0 0.27285184000000001 0 0 0 0.00040000000000000002 1
-0.19999999999999996 1.7200000000000002 0.5 0.20000000000000001 0.29999999999999999 1 0.012426547600000001 0 0 0 0.022426547599999999 0 0 0 0.032426547600000001 0 0 0 0.00040000000000000002 1
0.12 -1 0.5 0.21000000000000002 0.29999999999999999 1 0.25245776000000003 0 0 0 0.26245776000000004 0 0 0 0.27245775999999999 0 0 0 0.01 1
0.20000000000000018 -0.82999999999999996 0.5 0.22 0.29999999999999999 1 0.2522608400000001 0 0 0 0.26226084000000011 0 0 0 0.27226084000000006 0 0 0 0.00040000000000000002 1
0.40000000000000036 -0.65999999999999992 0.5 0.20000000000000001 0.29999999999999999 1 0.25206400000000001 0 0 0 0.26206400000000002 0 0 0 0.27206399999999997 0 0 0 0.01 1
0.60000000000000009 -0.48999999999999999 0.5 0.21000000000000002 0.29999999999999999 1 0.25186723999999999 0 0 0 0.26186724 0 0 0 0.27186724000000001 0 0 0 0.01 1
0.80000000000000027 -0.31999999999999995 0.5 0.22 0.29999999999999999 1 0.01 0 0 0 0.02 0 0 0 0.029999999999999999 0 0 0 0 1
1 -0.4499999999999999 0.5 0.20000000000000001 0.29999999999999999 1 0.0124147396 0 0 0 0.022414739600000001 0 0 0 0.032414739599999999 0 0 0 0.00040000000000000002 1
1.2000000000000002 0.020000000000000018 0.5 0.21000000000000002 0.29999999999999999 1 0.25127744000000002 0 0 0 0.26127744000000003 0 0 0 0.27127743999999998 0 0 0 0.01 1
1.5200000000000005 0.19000000000000017 0.5 0.22 0.29999999999999999 1 0.251081 0 0 0 0.26108100000000001 0 0 0 0.27108100000000002 0 0 0 0.01 1
1.6000000000000001 0.3600000000000001 0.5 0.20000000000000001 0.29999999999999999 1 0.0124088464 0 0 0 0.022408846400000001 0 0 0 0.032408846399999997 0 0 0 0.00040000000000000002 1
-2 0.53000000000000003 0.5 0.21000000000000002 0.29999999999999999 1 0.25068836000000005 0 0 0 0.26068836000000006 0 0 0 0.27068836000000007 0 0 0 0.00040000000000000002 1
-1.8 0.70000000000000018 0.5 0.22 0.29999999999999999 1 0.25049215999999996 0 0 0 0.26049215999999997 0 0 0 0.27049215999999998 0 0 0 0.00040000000000000002 1
-1.6000000000000001 0.87000000000000011 0.5 0.20000000000000001 0.29999999999999999 1 0.012402960400000001 0 0 0 0.022402960400000001 0 0 0 0.0324029604 0 0 0 0.00040000000000000002 1
-2 -1 0.5 0.20000000000000001 0.29999999999999999 1 0.01 0 0 0 0.02 0 0 0 0.029999999999999999 0 0 0 0 1
-1.8 -0.82999999999999996 0.5 0.21000000000000002 0.29999999999999999 1 0.36976004000000007 0 0 0 0.37976004000000008 0 0 0 0.38976004000000009 0 0 0 0.01 1
-1.6000000000000001 -0.65999999999999992 0.5 0.22 0.29999999999999999 1 0.3695201600000001 0 0 0 0.37952016000000011 0 0 0 0.38952016000000012 0 0 0 0.01 1
-1.3999999999999999 -0.48999999999999999 0.5 0.20000000000000001 0.29999999999999999 1 0.013592803600000002 0 0 0 0.0235928036 0 0 0 0.033592803599999999 0 0 0 0.00040000000000000002 1
-1.2 -0.31999999999999995 0.5 0.21000000000000002 0.29999999999999999 1 0.36904063999999998 0 0 0 0.37904063999999998 0 0 0 0.38904063999999994 0 0 0 0.01 1
-1 -0.14999999999999991 0.5 0.22 0.29999999999999999 1 0.3688010000000001 0 0 0 0.37880100000000011 0 0 0 0.38880100000000006 0 0 0 0.0030000000000000001 1
-0.79999999999999982 0.020000000000000018 0.5 0.20000000000000001 0.29999999999999999 1 0.013585614400000001 0 0 0 0.023585614400000003 0 0 0 0.033585614399999998 0 0 0 0.00040000000000000002 1
-0.47999999999999987 0.19000000000000017 0.5 0.21000000000000002 0.29999999999999999 1 0.36832196000000011 0 0 0 0.37832196000000012 0 0 0 0.38832196000000008 0 0 0 0.01 1
-0.39999999999999991 0.3600000000000001 0.5 0.22 0.29999999999999999 1 0.36808256 0 0 0 0.37808256000000001 0 0 0 0.38808255999999997 0 0 0 0.00040000000000000002 1
-0.19999999999999996 0.23000000000000004 0.5 0.20000000000000001 0.29999999999999999 1 0.013578432400000002 0 0 0 0.023578432400000002 0 0 0 0.033578432399999997 0 0 0 0.00040000000000000002 1
0 0.70000000000000018 0.5 0.21000000000000002 0.29999999999999999 1 0.36760400000000004 0 0 0 0.37760400000000005 0 0 0 0.38760400000000006 0 0 0 0.0030000000000000001 1
0.20000000000000018 0.87000000000000011 0.5 0.22 0.29999999999999999 1 0.01 0 0 0 0.02 0 0 0 0.029999999999999999 0 0 0 0 1
0.40000000000000036 1.04 0.5 0.20000000000000001 0.29999999999999999 1 0.013571257600000001 0 0 0 0.023571257599999999 0 0 0 0.033571257600000001 0 0 0 0.00040000000000000002 1
0.60000000000000009 1.21 0.5 0.21000000000000002 0.29999999999999999 1 0.36688676000000003 0 0 0 0.37688676000000004 0 0 0 0.38688676 0 0 0 0.01 1
0.92000000000000026 1.3800000000000003 0.5 0.22 0.29999999999999999 1 0.36664784000000006 0 0 0 0.37664784000000007 0 0 0 0.38664784000000008 0 0 0 0.01 1
1 1.5500000000000003 0.5 0.20000000000000001 0.29999999999999999 1 0.3664090000000001 0 0 0 0.3764090000000001 0 0 0 0.38640900000000011 0 0 0 0.01 1
1.2000000000000002 1.7200000000000002 0.5 0.21000000000000002 0.29999999999999999 1 0.36617024000000004 0 0 0 0.37617024000000004 0 0 0 0.38617024 0 0 0 0.01 1
1.4000000000000004 -1 0.5 0.22 0.29999999999999999 1 0.36593156000000004 0 0 0 0.37593156000000005 0 0 0 0.38593156000000006 0 0 0 0.00040000000000000002 1
1.6000000000000001 -1.1299999999999999 0.5 0.20000000000000001 0.29999999999999999 1 0.013556929600000002 0 0 0 0.023556929600000002 0 0 0 0.0335569296 0 0 0 0.00040000000000000002 1
-2 -0.65999999999999992 0.5 0.21000000000000002 0.29999999999999999 1 0.3654544400000001 0 0 0 0.37545444000000011 0 0 0 0.38545444000000006 0 0 0 0.00040000000000000002 1
-1.8 -0.48999999999999999 0.5 0.22 0.29999999999999999 1 0.36521599999999999 0 0 0 0.37521599999999999 0 0 0 0.385216 0 0 0 0.0030000000000000001 1
-1.48 -0.31999999999999995 0.5 0.20000000000000001 0.29999999999999999 1 0.013549776400000001 0 0 0 0.0235497764 0 0 0 0.033549776400000002 0 0 0 0.00040000000000000002 1
-1.3999999999999999 -0.14999999999999991 0.5 0.21000000000000002 0.29999999999999999 1 0.01 0 0 0 0.02 0 0 0 0.029999999999999999 0 0 0 0 1
-1.2 0.020000000000000018 0.5 0.22 0.29999999999999999 1 0.3645011600000001 0 0 0 0.37450116000000011 0 0 0 0.38450116000000012 0 0 0 0.00040000000000000002 1
-1 0.19000000000000017 0.5 0.20000000000000001 0.29999999999999999 1 0.0135426304 0 0 0 0.0235426304 0 0 0 0.033542630400000002 0 0 0 0.00040000000000000002 1
-0.79999999999999982 0.3600000000000001 0.5 0.21000000000000002 0.29999999999999999 1 0.36402500000000004 0 0 0 0.37402500000000005 0 0 0 0.38402500000000006 0 0 0 0.01 1
-0.59999999999999987 0.53000000000000003 0.5 0.22 0.29999999999999999 1 0.36378704000000006 0 0 0 0.37378704000000007 0 0 0 0.38378704000000008 0 0 0 0.01 1
-0.39999999999999991 0.40000000000000019 0.5 0.20000000000000001 0.29999999999999999 1 0.013535491600000001 0 0 0 0.0235354916 0 0 0 0.033535491600000002 0 0 0 0.00040000000000000002 1
-0.07999999999999996 0.87000000000000011 0.5 0.21000000000000002 0.29999999999999999 1 0.36331136000000003 0 0 0 0.37331136000000004 0 0 0 0.38331135999999999 0 0 0 0.01 1
0 1.04 0.5 0.22 0.29999999999999999 1 0.36307364000000003 0 0 0 0.37307364000000004 0 0 0 0.38307363999999999 0 0 0 0.00040000000000000002 1
0.20000000000000018 1.21 0.5 0.20000000000000001 0.29999999999999999 1 0.3628360000000001 0 0 0 0.37283600000000011 0 0 0 0.38283600000000007 0 0 0 0.0030000000000000001 1
0.40000000000000036 1.3800000000000003 0.5 0.21000000000000002 0.29999999999999999 1 0.36259844000000008 0 0 0 0.37259844000000009 0 0 0 0.3825984400000001 0 0 0 0.00040000000000000002 1
0.60000000000000009 1.5500000000000003 0.5 0.22 0.29999999999999999 1 0.36236095999999995 0 0 0 0.37236095999999996 0 0 0 0.38236095999999997 0 0 0 0.00040000000000000002 1
0.80000000000000027 1.7200000000000002 0.5 0.20000000000000001 0.29999999999999999 1 0.01 0 0 0 0.02 0 0 0 0.029999999999999999 0 0 0 0 1
1 -1 0.5 0.21000000000000002 0.29999999999999999 1 0.36188624000000008 0 0 0 0.37188624000000009 0 0 0 0.38188624000000004 0 0 0 0.00040000000000000002 1
1.3200000000000003 -0.82999999999999996 0.5 0.22 0.29999999999999999 1 0.36164900000000011 0 0 0 0.37164900000000012 0 0 0 0.38164900000000013 0 0 0 0.01 1
1.4000000000000004 -0.95999999999999996 0.5 0.20000000000000001 0.29999999999999999 1 0.0135141184 0 0 0 0.023514118399999999 0 0 0 0.033514118400000001 0 0 0 0.00040000000000000002 1
1.6000000000000001 -0.48999999999999999 0.5 0.21000000000000002 0.29999999999999999 1 0.36117476000000004 0 0 0 0.37117476000000005 0 0 0 0.38117476000000006 0 0 0 0.01 1
-2 -0.31999999999999995 0.5 0.22 0.29999999999999999 1 0.36093776000000005 0 0 0 0.37093776000000006 0 0 0 0.38093776000000001 0 0 0 0.01 1
-1.8 -0.14999999999999991 0.5 0.20000000000000001 0.29999999999999999 1 0.013507008400000001 0 0 0 0.023507008400000001 0 0 0 0.033507008399999996 0 0 0 0.00040000000000000002 1
-1.6000000000000001 0.020000000000000018 0.5 0.21000000000000002 0.29999999999999999 1 0.36046400000000001 0 0 0 0.37046400000000002 0 0 0 0.38046400000000002 0 0 0 0.01 1
-1.3999999999999999 0.19000000000000017 0.5 0.22 0.29999999999999999 1 0.36022724000000006 0 0 0 0.37022724000000007 0 0 0 0.38022724000000008 0 0 0 0.00040000000000000002 1
-1.0800000000000001 0.3600000000000001 0.5 0.20000000000000001 0.29999999999999999 1 0.013499905600000001 0 0 0 0.023499905600000003 0 0 0 0.033499905599999998 0 0 0 0.00040000000000000002 1
-1 0.53000000000000003 0.5 0.21000000000000002 0.29999999999999999 1 0.35975396000000004 0 0 0 0.36975396000000005 0 0 0 0.37975396000000006 0 0 0 0.00040000000000000002 1
-0.79999999999999982 0.70000000000000018 0.5 0.22 0.29999999999999999 1 0.01 0 0 0 0.02 0 0 0 0.029999999999999999 0 0 0 0 1
-0.59999999999999987 0.57000000000000006 0.5 0.20000000000000001 0.29999999999999999 1 0.35928100000000002 0 0 0 0.36928100000000003 0 0 0 0.37928099999999998 0 0 0 0.01 1
-0.39999999999999991 1.04 0.5 0.21000000000000002 0.29999999999999999 1 0.35904464000000008 0 0 0 0.36904464000000009 0 0 0 0.37904464000000004 0 0 0 0.00040000000000000002 1
-0.19999999999999996 1.21 0.5 0.22 0.29999999999999999 1 0.3588083600000001 0 0 0 0.36880836000000011 0 0 0 0.37880836000000007 0 0 0 0.00040000000000000002 1
0 1.3800000000000003 0.5 0.20000000000000001 0.29999999999999999 1 0.0134857216 0 0 0 0.023485721600000002 0 0 0 0.033485721599999997 0 0 0 0.00040000000000000002 1
0.32000000000000017 1.5500000000000003 0.5 0.21000000000000002 0.29999999999999999 1 0.35833604000000002 0 0 0 0.36833604000000003 0 0 0 0.37833603999999998 0 0 0 0.01 1
0.40000000000000036 1.7200000000000002 0.5 0.22 0.29999999999999999 1 0.35810000000000003 0 0 0 0.36810000000000004 0 0 0 0.37809999999999999 0 0 0 0.01 1
0.60000000000000009 -1 0.5 0.20000000000000001 0.29999999999999999 1 0.0134786404 0 0 0 0.0234786404 0 0 0 0.033478640400000002 0 0 0 0.00040000000000000002 1
0.80000000000000027 -0.82999999999999996 0.5 0.21000000000000002 0.29999999999999999 1 0.35762816000000008 0 0 0 0.36762816000000009 0 0 0 0.3776281600000001 0 0 0 0.01 1
1 -0.65999999999999992 0.5 0.22 0.29999999999999999 1 0.35739236000000002 0 0 0 0.36739236000000003 0 0 0 0.37739235999999998 0 0 0 0.00040000000000000002 1
1.2000000000000002 -0.79000000000000004 0.5 0.20000000000000001 0.29999999999999999 1 0.013471566400000001 0 0 0 0.023471566400000001 0 0 0 0.0334715664 0 0 0 0.00040000000000000002 1
1.4000000000000004 -0.31999999999999995 0.5 0.21000000000000002 0.29999999999999999 1 0.01 0 0 0 0.02 0 0 0 0.029999999999999999 0 0 0 0 1
1.7200000000000002 -0.14999999999999991 0.5 0.22 0.29999999999999999 1 0.35668544000000013 0 0 0 0.36668544000000014 0 0 0 0.37668544000000015 0 0 0 0.01 1
-2 0.020000000000000018 0.5 0.20000000000000001 0.29999999999999999 1 0.013464499600000001 0 0 0 0.023464499600000001 0 0 0 0.033464499599999996 0 0 0 0.00040000000000000002 1
-1.8 0.19000000000000017 0.5 0.21000000000000002 0.29999999999999999 1 0.35621456000000001 0 0 0 0.36621456000000002 0 0 0 0.37621455999999998 0 0 0 0.00040000000000000002 1
-1.6000000000000001 0.3600000000000001 0.5 0.22 0.29999999999999999 1 0.35597924000000009 0 0 0 0.36597924000000009 0 0 0 0.37597924000000005 0 0 0 0.00040000000000000002 1
-1.3999999999999999 0.53000000000000003 0.5 0.20000000000000001 0.29999999999999999 1 0.35574400000000012 0 0 0 0.36574400000000012 0 0 0 0.37574400000000008 0 0 0 0.01 1
-1.2 0.70000000000000018 0.5 0.21000000000000002 0.29999999999999999 1 0.35550884000000005 0 0 0 0.36550884000000006 0 0 0 0.37550884000000007 0 0 0 0.01 1
-1 0.87000000000000011 0.5 0.22 0.29999999999999999 1 0.35527376000000005 0 0 0 0.36527376000000006 0 0 0 0.37527376000000001 0 0 0 0.01 1
-0.67999999999999983 0.73999999999999999 0.5 0.20000000000000001 0.29999999999999999 1 0.0134503876 0 0 0 0.023450387600000001 0 0 0 0.033450387599999999 0 0 0 0.00040000000000000002 1
-0.59999999999999987 1.21 0.5 0.21000000000000002 0.29999999999999999 1 0.35480384000000009 0 0 0 0.3648038400000001 0 0 0 0.37480384000000011 0 0 0 0.01 1
-0.39999999999999991 1.3800000000000003 0.5 0.22 0.29999999999999999 1 0.35456900000000008 0 0 0 0.36456900000000009 0 0 0 0.37456900000000004 0 0 0 0.0030000000000000001 1
-0.19999999999999996 1.5500000000000003 0.5 0.20000000000000001 0.29999999999999999 1 0.01 0 0 0 0.02 0 0 0 0.029999999999999999 0 0 0 0 1
0 1.7200000000000002 0.5 0.21000000000000002 0.29999999999999999 1 0.35409956000000009 0 0 0 0.3640995600000001 0 0 0 0.37409956000000011 0 0 0 0.00040000000000000002 1
0.20000000000000018 -1 0.5 0.22 0.29999999999999999 1 0.35386496000000012 0 0 0 0.36386496000000013 0 0 0 0.37386496000000013 0 0 0 0.00040000000000000002 1
0.40000000000000036 -0.82999999999999996 0.5 0.20000000000000001 0.29999999999999999 1 0.013436304400000001 0 0 0 0.0234363044 0 0 0 0.033436304399999998 0 0 0 0.00040000000000000002 1
0.72000000000000008 -0.65999999999999992 0.5 0.21000000000000002 0.29999999999999999 1 0.35339600000000004 0 0 0 0.36339600000000005 0 0 0 0.37339600000000006 0 0 0 0.01 1
0.80000000000000027 -0.48999999999999999 0.5 0.22 0.29999999999999999 1 0.35316164000000011 0 0 0 0.36316164000000012 0 0 0 0.37316164000000007 0 0 0 0.00040000000000000002 1
1 -0.61999999999999988 0.5 0.20000000000000001 0.29999999999999999 1 0.013429273600000001 0 0 0 0.023429273600000002 0 0 0 0.033429273600000003 0 0 0 0.00040000000000000002 1
1.2000000000000002 -0.14999999999999991 0.5 0.21000000000000002 0.29999999999999999 1 0.35269316000000006 0 0 0 0.36269316000000007 0 0 0 0.37269316000000008 0 0 0 0.01 1
1.4000000000000004 0.020000000000000018 0.5 0.22 0.29999999999999999 1 0.35245904000000006 0 0 0 0.36245904000000007 0 0 0 0.37245904000000007 0 0 0 0.01 1
1.6000000000000001 0.19000000000000017 0.5 0.20000000000000001 0.29999999999999999 1 0.35222500000000007 0 0 0 0.36222500000000007 0 0 0 0.37222500000000003 0 0 0 0.01 1
-2 0.3600000000000001 0.5 0.21000000000000002 0.29999999999999999 1 0.35199104000000009 0 0 0 0.3619910400000001 0 0 0 0.37199104000000005 0 0 0 0.01 1
-1.8 0.53000000000000003 0.5 0.22 0.29999999999999999 1 0.01 0 0 0 0.02 0 0 0 0.029999999999999999 0 0 0 0 1
-1.6000000000000001 0.70000000000000018 0.5 0.20000000000000001 0.29999999999999999 1 0.013415233600000001 0 0 0 0.023415233600000002 0 0 0 0.033415233599999997 0 0 0 0.00040000000000000002 1
-1.3999999999999999 0.87000000000000011 0.5 0.21000000000000002 0.29999999999999999 1 0.35128964000000007 0 0 0 0.36128964000000008 0 0 0 0.37128964000000009 0 0 0 0.00040000000000000002 1
-1.2 1.04 0.5 0.22 0.29999999999999999 1 0.35105600000000009 0 0 0 0.3610560000000001 0 0 0 0.37105600000000005 0 0 0 0.0030000000000000001 1
-1 0.90999999999999992 0.5 0.20000000000000001 0.29999999999999999 1 0.013408224400000002 0 0 0 0.0234082244 0 0 0 0.033408224399999999 0 0 0 0.00040000000000000002 1
-0.79999999999999982 1.3800000000000003 0.5 0.21000000000000002 0.29999999999999999 1 0.35058896000000006 0 0 0 0.36058896000000007 0 0 0 0.37058896000000008 0 0 0 0.00040000000000000002 1
-0.59999999999999987 1.5500000000000003 0.5 0.22 0.29999999999999999 1 0.35035556000000007 0 0 0 0.36035556000000007 0 0 0 0.37035556000000003 0 0 0 0.00040000000000000002 1
-0.27999999999999992 1.7200000000000002 0.5 0.20000000000000001 0.29999999999999999 1 0.013401222400000001 0 0 0 0.023401222400000001 0 0 0 0.0334012224 0 0 0 0.00040000000000000002 1
-0.19999999999999996 -1 0.5 0.21000000000000002 0.29999999999999999 1 0.34988900000000001 0 0 0 0.35988900000000001 0 0 0 0.36988900000000002 0 0 0 0.01 1
0 -0.82999999999999996 0.5 0.22 0.29999999999999999 1 0.34965584000000011 0 0 0 0.35965584000000012 0 0 0 0.36965584000000007 0 0 0 0.01 1
0.20000000000000018 -0.65999999999999992 0.5 0.20000000000000001 0.29999999999999999 1 0.013394227600000001 0 0 0 0.023394227600000001 0 0 0 0.0333942276 0 0 0 0.00040000000000000002 1
0.40000000000000036 -0.48999999999999999 0.5 0.21000000000000002 0.29999999999999999 1 0.01 0 0 0 0.02 0 0 0 0.029999999999999999 0 0 0 0 1
0.60000000000000009 -0.31999999999999995 0.5 0.22 0.29999999999999999 1 0.34895684000000005 0 0 0 0.35895684000000005 0 0 0 0.36895684000000006 0 0 0 0.00040000000000000002 1
0.80000000000000027 -0.4499999999999999 0.5 0.20000000000000001 0.29999999999999999 1 0.34872400000000009 0 0 0 0.3587240000000001 0 0 0 0.36872400000000005 0 0 0 0.01 1
1.1200000000000001 0.020000000000000018 0.5 0.21000000000000002 0.29999999999999999 1 0.34849124000000004 0 0 0 0.35849124000000004 0 0 0 0.36849124 0 0 0 0.01 1
1.2000000000000002 0.19000000000000017 0.5 0.22 0.29999999999999999 1 0.34825856000000011 0 0 0 0.35825856000000011 0 0 0 0.36825856000000012 0 0 0 0.00040000000000000002 1
1.4000000000000004 0.3600000000000001 0.5 0.20000000000000001 0.29999999999999999 1 0.0133802596 0 0 0 0.023380259600000002 0 0 0 0.033380259599999997 0 0 0 0.00040000000000000002 1
1.6000000000000001 0.53000000000000003 0.5 0.21000000000000002 0.29999999999999999 1 0.34779344000000001 0 0 0 0.35779344000000002 0 0 0 0.36779344000000003 0 0 0 0.00040000000000000002 1
-2 0.70000000000000018 0.5 0.22 0.29999999999999999 1 0.34756100000000006 0 0 0 0.35756100000000007 0 0 0 0.36756100000000003 0 0 0 0.0030000000000000001 1
-1.8 0.87000000000000011 0.5 0.20000000000000001 0.29999999999999999 1 0.0133732864 0 0 0 0.023373286400000002 0 0 0 0.0333732864 0 0 0 0.00040000000000000002 1
-1.6000000000000001 1.04 0.5 0.21000000000000002 0.29999999999999999 1 0.34709636000000005 0 0 0 0.35709636000000006 0 0 0 0.36709636000000001 0 0 0 0.01 1
-1.2799999999999998 1.21 0.5 0.22 0.29999999999999999 1 0.34686416000000003 0 0 0 0.35686416000000004 0 0 0 0.36686415999999999 0 0 0 0.01 1
-1.2 1.3800000000000003 0.5 0.20000000000000001 0.29999999999999999 1 0.01 0 0 0 0.02 0 0 0 0.029999999999999999 0 0 0 0 1
-1 1.5500000000000003 0.5 0.21000000000000002 0.29999999999999999 1 0.3464000000000001 0 0 0 0.35640000000000011 0 0 0 0.36640000000000006 0 0 0 0.01 1
-0.79999999999999982 1.7200000000000002 0.5 0.22 0.29999999999999999 1 0.34616804000000001 0 0 0 0.35616804000000002 0 0 0 0.36616804000000003 0 0 0 0.00040000000000000002 1
-0.59999999999999987 -1 0.5 0.20000000000000001 0.29999999999999999 1 0.013359361600000001 0 0 0 0.0233593616 0 0 0 0.033359361599999998 0 0 0 0.00040000000000000002 1
-0.39999999999999991 -0.82999999999999996 0.5 0.21000000000000002 0.29999999999999999 1 0.3457043600000001 0 0 0 0.35570436000000011 0 0 0 0.36570436000000006 0 0 0 0.00040000000000000002 1
-0.19999999999999996 -0.65999999999999992 0.5 0.22 0.29999999999999999 1 0.34547264000000005 0 0 0 0.35547264000000006 0 0 0 0.36547264000000002 0 0 0 0.00040000000000000002 1
0.12 -0.48999999999999999 0.5 0.20000000000000001 0.29999999999999999 1 0.34524099999999996 0 0 0 0.35524099999999997 0 0 0 0.36524099999999993 0 0 0 0.01 1
0.20000000000000018 -0.31999999999999995 0.5 0.21000000000000002 0.29999999999999999 1 0.34500944000000006 0 0 0 0.35500944000000006 0 0 0 0.36500944000000002 0 0 0 0.00040000000000000002 1
0.40000000000000036 -0.14999999999999991 0.5 0.22 0.29999999999999999 1 0.34477796000000005 0 0 0 0.35477796000000006 0 0 0 0.36477796000000007 0 0 0 0.00040000000000000002 1
0.60000000000000009 -0.27999999999999997 0.5 0.20000000000000001 0.29999999999999999 1 0.013345465600000002 0 0 0 0.0233454656 0 0 0 0.033345465599999999 0 0 0 0.00040000000000000002 1
0.80000000000000027 0.19000000000000017 0.5 0.21000000000000002 0.29999999999999999 1 0.34431524000000002 0 0 0 0.35431524000000003 0 0 0 0.36431524000000004 0 0 0 0.01 1
1 0.3600000000000001 0.5 0.22 0.29999999999999999 1 0.01 0 0 0 0.02 0 0 0 0.029999999999999999 0 0 0 0 1
1.2000000000000002 0.53000000000000003 0.5 0.20000000000000001 0.29999999999999999 1 0.013338528400000001 0 0 0 0.023338528400000003 0 0 0 0.033338528399999998 0 0 0 0.00040000000000000002 1
1.5200000000000005 0.70000000000000018 0.5 0.21000000000000002 0.29999999999999999 1 0.34362176000000005 0 0 0 0.35362176000000006 0 0 0 0.36362176000000002 0 0 0 0.01 1
1.6000000000000001 0.87000000000000011 0.5 0.22 0.29999999999999999 1 0.34339076000000002 0 0 0 0.35339076000000003 0 0 0 0.36339076000000003 0 0 0 0.00040000000000000002 1
-2 1.04 0.5 0.20000000000000001 0.29999999999999999 1 0.0133315984 0 0 0 0.0233315984 0 0 0 0.033331598399999995 0 0 0 0.00040000000000000002 1
-1.8 1.21 0.5 0.21000000000000002 0.29999999999999999 1 0.34292900000000004 0 0 0 0.35292900000000005 0 0 0 0.36292900000000006 0 0 0 0.0030000000000000001 1
-1.6000000000000001 1.3800000000000003 0.5 0.22 0.29999999999999999 1 0.3426982400000001 0 0 0 0.35269824000000011 0 0 0 0.36269824000000006 0 0 0 0.00040000000000000002 1
-1.3999999999999999 1.2500000000000002 0.5 0.20000000000000001 0.29999999999999999 1 0.0133246756 0 0 0 0.023324675600000001 0 0 0 0.033324675599999999 0 0 0 0.00040000000000000002 1
-1.2 1.7200000000000002 0.5 0.21000000000000002 0.29999999999999999 1 0.34223696000000003 0 0 0 0.35223696000000004 0 0 0 0.36223696000000005 0 0 0 0.00040000000000000002 1
-0.88 -1 0.5 0.22 0.29999999999999999 1 0.34200644000000008 0 0 0 0.35200644000000009 0 0 0 0.36200644000000004 0 0 0 0.01 1
-0.79999999999999982 -0.82999999999999996 0.5 0.20000000000000001 0.29999999999999999 1 0.34177600000000008 0 0 0 0.35177600000000009 0 0 0 0.3617760000000001 0 0 0 0.01 1
-0.59999999999999987 -0.65999999999999992 0.5 0.21000000000000002 0.29999999999999999 1 0.01 0 0 0 0.02 0 0 0 0.029999999999999999 0 0 0 0 1
-0.39999999999999991 -0.48999999999999999 0.5 0.22 0.29999999999999999 1 0.34131536000000007 0 0 0 0.35131536000000008 0 0 0 0.36131536000000009 0 0 0 0.01 1
-0.19999999999999996 -0.31999999999999995 0.5 0.20000000000000001 0.29999999999999999 1 0.0133108516 0 0 0 0.023310851600000002 0 0 0 0.033310851599999997 0 0 0 0.00040000000000000002 1
0 -0.14999999999999991 0.5 0.21000000000000002 0.29999999999999999 1 0.34085504000000011 0 0 0 0.35085504000000012 0 0 0 0.36085504000000013 0 0 0 0.01 1
0.20000000000000018 0.020000000000000018 0.5 0.22 0.29999999999999999 1 0.34062500000000001 0 0 0 0.35062500000000002 0 0 0 0.36062499999999997 0 0 0 0.0030000000000000001 1
0.52000000000000035 -0.10999999999999982 0.5 0.20000000000000001 0.29999999999999999 1 0.0133039504 0 0 0 0.023303950400000002 0 0 0 0.033303950399999997 0 0 0 0.00040000000000000002 1
0.60000000000000009 0.3600000000000001 0.5 0.21000000000000002 0.29999999999999999 1 0.34016516000000002 0 0 0 0.35016516000000003 0 0 0 0.36016515999999998 0 0 0 0.00040000000000000002 1
0.80000000000000027 0.53000000000000003 0.5 0.22 0.29999999999999999 1 0.33993536000000008 0 0 0 0.34993536000000008 0 0 0 0.35993536000000004 0 0 0 0.00040000000000000002 1
1 0.70000000000000018 0.5 0.20000000000000001 0.29999999999999999 1 0.0132970564 0 0 0 0.023297056400000002 0 0 0 0.033297056399999997 0 0 0 0.00040000000000000002 1
1.2000000000000002 0.87000000000000011 0.5 0.21000000000000002 0.29999999999999999 1 0.33947600000000006 0 0 0 0.34947600000000006 0 0 0 0.35947600000000002 0 0 0 0.0030000000000000001 1
1.4000000000000004 1.04 0.5 0.22 0.29999999999999999 1 0.33924644000000009 0 0 0 0.3492464400000001 0 0 0 0.35924644000000006 0 0 0 0.00040000000000000002 1
1.6000000000000001 1.21 0.5 0.20000000000000001 0.29999999999999999 1 0.01 0 0 0 0.02 0 0 0 0.029999999999999999 0 0 0 0 1
-1.8799999999999999 1.3800000000000003 0.5 0.21000000000000002 0.29999999999999999 1 0.33878756000000004 0 0 0 0.34878756000000005 0 0 0 0.35878756000000001 0 0 0 0.01 1
-1.8 1.5500000000000003 0.5 0.22 0.29999999999999999 1 0.33855824000000007 0 0 0 0.34855824000000007 0 0 0 0.35855824000000003 0 0 0 0.01 1
-1.6000000000000001 1.4200000000000002 0.5 0.20000000000000001 0.29999999999999999 1 0.33832900000000005 0 0 0 0.34832900000000006 0 0 0 0.35832900000000001 0 0 0 0.01 1
-1.3999999999999999 -1 0.5 0.21000000000000002 0.29999999999999999 1 0.3380998400000001 0 0 0 0.3480998400000001 0 0 0 0.35809984000000006 0 0 0 0.01 1
-1.2 -0.82999999999999996 0.5 0.22 0.29999999999999999 1 0.33787075999999999 0 0 0 0.34787076 0 0 0 0.35787075999999995 0 0 0 0.00040000000000000002 1
-1 -0.65999999999999992 0.5 0.20000000000000001 0.29999999999999999 1 0.0132764176 0 0 0 0.023276417600000002 0 0 0 0.033276417599999997 0 0 0 0.00040000000000000002 1
-0.79999999999999982 -0.48999999999999999 0.5 0.21000000000000002 0.29999999999999999 1 0.3374128400000001 0 0 0 0.34741284000000011 0 0 0 0.35741284000000006 0 0 0 0.00040000000000000002 1
-0.47999999999999987 -0.31999999999999995 0.5 0.22 0.29999999999999999 1 0.33718400000000009 0 0 0 0.3471840000000001 0 0 0 0.35718400000000006 0 0 0 0.01 1
-0.39999999999999991 -0.14999999999999991 0.5 0.20000000000000001 0.29999999999999999 1 0.013269552400000001 0 0 0 0.023269552400000001 0 0 0 0.033269552399999999 0 0 0 0.00040000000000000002 1
-0.19999999999999996 0.020000000000000018 0.5 0.21000000000000002 0.29999999999999999 1 0.33672656000000006 0 0 0 0.34672656000000007 0 0 0 0.35672656000000003 0 0 0 0.00040000000000000002 1
0 0.19000000000000017 0.5 0.22 0.29999999999999999 1 0.01 0 0 0 0.02 0 0 0 0.029999999999999999 0 0 0 0 1
0.20000000000000018 0.060000000000000109 0.5 0.20000000000000001 0.29999999999999999 1 0.0132626944 0 0 0 0.023262694400000002 0 0 0 0.033262694400000001 0 0 0 0.00040000000000000002 1
0.40000000000000036 0.53000000000000003 0.5 0.21000000000000002 0.29999999999999999 1 0.33604100000000003 0 0 0 0.34604100000000004 0 0 0 0.35604100000000005 0 0 0 0.01 1
0.60000000000000009 0.70000000000000018 0.5 0.22 0.29999999999999999 1 0.33581264000000005 0 0 0 0.34581264000000006 0 0 0 0.35581264000000001 0 0 0 0.01 1
0.92000000000000026 0.87000000000000011 0.5 0.20000000000000001 0.29999999999999999 1 0.013255843600000001 0 0 0 0.023255843600000003 0 0 0 0.033255843600000001 0 0 0 0.00040000000000000002 1
1 1.04 0.5 0.21000000000000002 0.29999999999999999 1 0.33535616000000007 0 0 0 0.34535616000000008 0 0 0 0.35535616000000003 0 0 0 0.01 1
1.2000000000000002 1.21 0.5 0.22 0.29999999999999999 1 0.33512804000000002 0 0 0 0.34512804000000002 0 0 0 0.35512803999999998 0 0 0 0.00040000000000000002 1
1.4000000000000004 1.3800000000000003 0.5 0.20000000000000001 0.29999999999999999 1 0.33490000000000003 0 0 0 0.34490000000000004 0 0 0 0.35489999999999999 0 0 0 0.0030000000000000001 1
1.6000000000000001 1.5500000000000003 0.5 0.21000000000000002 0.29999999999999999 1 0.33467204000000006 0 0 0 0.34467204000000007 0 0 0 0.35467204000000008 0 0 0 0.00040000000000000002 1
-2 1.7200000000000002 0.5 0.22 0.29999999999999999 1 0.33444416000000005 0 0 0 0.34444416000000005 0 0 0 0.35444416000000001 0 0 0 0.00040000000000000002 1
-1.8 -1.3 0.5 0.20000000000000001 0.29999999999999999 1 0.013242163600000001 0 0 0 0.023242163600000001 0 0 0 0.033242163599999999 0 0 0 0.00040000000000000002 1
-1.6000000000000001 -0.82999999999999996 0.5 0.21000000000000002 0.29999999999999999 1 0.01 0 0 0 0.02 0 0 0 0.029999999999999999 0 0 0 0 1
-1.3999999999999999 -0.65999999999999992 0.5 0.22 0.29999999999999999 1 0.33376100000000003 0 0 0 0.34376100000000004 0 0 0 0.35376099999999999 0 0 0 0.0030000000000000001 1
-1.2 -0.48999999999999999 0.5 0.20000000000000001 0.29999999999999999 1 0.013235334400000002 0 0 0 0.023235334400000002 0 0 0 0.033235334399999997 0 0 0 0.00040000000000000002 1
-1 -0.31999999999999995 0.5 0.21000000000000002 0.29999999999999999 1 0.33330596000000001 0 0 0 0.34330596000000002 0 0 0 0.35330596000000003 0 0 0 0.01 1
-0.79999999999999982 -0.14999999999999991 0.5 0.22 0.29999999999999999 1 0.33307856000000002 0 0 0 0.34307856000000003 0 0 0 0.35307856000000004 0 0 0 0.01 1
-0.59999999999999987 0.020000000000000018 0.5 0.20000000000000001 0.29999999999999999 1 0.0132285124 0 0 0 0.023228512400000002 0 0 0 0.0332285124 0 0 0 0.00040000000000000002 1
-0.39999999999999991 0.19000000000000017 0.5 0.21000000000000002 0.29999999999999999 1 0.33262400000000009 0 0 0 0.3426240000000001 0 0 0 0.35262400000000005 0 0 0 0.01 1
-0.07999999999999996 0.3600000000000001 0.5 0.22 0.29999999999999999 1 0.33239683999999997 0 0 0 0.34239683999999998 0 0 0 0.35239683999999993 0 0 0 0.01 1
0 0.23000000000000004 0.5 0.20000000000000001 0.29999999999999999 1 0.0132216976 0 0 0 0.023221697600000001 0 0 0 0.033221697600000002 0 0 0 0.00040000000000000002 1
0.20000000000000018 0.70000000000000018 0.5 0.21000000000000002 0.29999999999999999 1 0.33194276000000006 0 0 0 0.34194276000000007 0 0 0 0.35194276000000002 0 0 0 0.00040000000000000002 1
0.40000000000000036 0.87000000000000011 0.5 0.22 0.29999999999999999 1 0.3317158400000001 0 0 0 0.3417158400000001 0 0 0 0.35171584000000011 0 0 0 0.00040000000000000002 1
0.60000000000000009 1.04 0.5 0.20000000000000001 0.29999999999999999 1 0.01 0 0 0 0.02 0 0 0 0.029999999999999999 0 0 0 0 1
0.80000000000000027 1.21 0.5 0.21000000000000002 0.29999999999999999 1 0.33126224000000004 0 0 0 0.34126224000000005 0 0 0 0.35126224000000006 0 0 0 0.00040000000000000002 1
1 1.3800000000000003 0.5 0.22 0.29999999999999999 1 0.33103556000000006 0 0 0 0.34103556000000007 0 0 0 0.35103556000000002 0 0 0 0.00040000000000000002 1
1.3200000000000003 1.5500000000000003 0.5 0.20000000000000001 0.29999999999999999 1 0.0132080896 0 0 0 0.023208089600000002 0 0 0 0.033208089599999997 0 0 0 0.00040000000000000002 1
1.4000000000000004 1.7200000000000002 0.5 0.21000000000000002 0.29999999999999999 1 0.33058244000000003 0 0 0 0.34058244000000004 0 0 0 0.35058244000000005 0 0 0 0.01 1
1.6000000000000001 -1 0.5 0.22 0.29999999999999999 1 0.33035600000000004 0 0 0 0.34035600000000005 0 0 0 0.350356 0 0 0 0.01 1
-2 -1.1299999999999999 0.5 0.20000000000000001 0.29999999999999999 1 0.0132012964 0 0 0 0.023201296400000002 0 0 0 0.033201296399999997 0 0 0 0.00040000000000000002 1
-1.8 -0.65999999999999992 0.5 0.21000000000000002 0.29999999999999999 1 0.32990336000000009 0 0 0 0.3399033600000001 0 0 0 0.34990336000000011 0 0 0 0.01 1
-1.6000000000000001 -0.48999999999999999 0.5 0.22 0.29999999999999999 1 0.32967716000000002 0 0 0 0.33967716000000003 0 0 0 0.34967716000000004 0 0 0 0.00040000000000000002 1
-1.3999999999999999 -0.31999999999999995 0.5 0.20000000000000001 0.29999999999999999 1 0.013194510400000001 0 0 0 0.0231945104 0 0 0 0.033194510400000002 0 0 0 0.00040000000000000002 1
-1.0800000000000001 -0.14999999999999991 0.5 0.21000000000000002 0.29999999999999999 1 0.32922500000000005 0 0 0 0.33922500000000005 0 0 0 0.34922500000000001 0 0 0 0.01 1
-1 0.020000000000000018 0.5 0.22 0.29999999999999999 1 0.01 0 0 0 0.02 0 0 0 0.029999999999999999 0 0 0 0 1
-0.79999999999999982 0.19000000000000017 0.5 0.20000000000000001 0.29999999999999999 1 0.0131877316 0 0 0 0.023187731600000001 0 0 0 0.033187731599999999 0 0 0 0.00040000000000000002 1
-0.59999999999999987 0.3600000000000001 0.5 0.21000000000000002 0.29999999999999999 1 0.32854736000000007 0 0 0 0.33854736000000007 0 0 0 0.34854736000000008 0 0 0 0.00040000000000000002 1
-0.39999999999999991 0.53000000000000003 0.5 0.22 0.29999999999999999 1 0.32832164000000003 0 0 0 0.33832164000000003 0 0 0 0.34832163999999999 0 0 0 0.00040000000000000002 1
-0.19999999999999996 0.40000000000000019 0.5 0.20000000000000001 0.29999999999999999 1 0.32809600000000011 0 0 0 0.33809600000000012 0 0 0 0.34809600000000007 0 0 0 0.01 1
0 0.87000000000000011 0.5 0.21000000000000002 0.29999999999999999 1 0.3278704400000001 0 0 0 0.33787044000000011 0 0 0 0.34787044000000011 0 0 0 0.01 1
0.32000000000000017 1.04 0.5 0.22 0.29999999999999999 1 0.32764496000000004 0 0 0 0.33764496000000005 0 0 0 0.34764496 0 0 0 0.01 1
0.40000000000000036 1.21 0.5 0.20000000000000001 0.29999999999999999 1 0.013174195600000001 0 0 0 0.023174195600000003 0 0 0 0.033174195599999998 0 0 0 0.00040000000000000002 1
0.60000000000000009 1.3800000000000003 0.5 0.21000000000000002 0.29999999999999999 1 0.32719424000000008 0 0 0 0.33719424000000009 0 0 0 0.3471942400000001 0 0 0 0.01 1
0.80000000000000027 1.5500000000000003 0.5 0.22 0.29999999999999999 1 0.32696900000000012 0 0 0 0.33696900000000013 0 0 0 0.34696900000000008 0 0 0 0.0030000000000000001 1
1 1.7200000000000002 0.5 0.20000000000000001 0.29999999999999999 1 0.0131674384 0 0 0 0.0231674384 0 0 0 0.033167438399999999 0 0 0 0.00040000000000000002 1
1.2000000000000002 -1 0.5 0.21000000000000002 0.29999999999999999 1 0.01 0 0 0 0.02 0 0 0 0.029999999999999999 0 0 0 0 1
1.4000000000000004 -0.82999999999999996 0.5 0.22 0.29999999999999999 1 0.3262937600000001 0 0 0 0.33629376000000011 0 0 0 0.34629376000000012 0 0 0 0.00040000000000000002 1
1.7200000000000002 -0.95999999999999996 0.5 0.20000000000000001 0.29999999999999999 1 0.013160688400000002 0 0 0 0.023160688400000001 0 0 0 0.033160688399999999 0 0 0 0.00040000000000000002 1
-2 -0.48999999999999999 0.5 0.21000000000000002 0.29999999999999999 1 0.32584400000000002 0 0 0 0.33584400000000003 0 0 0 0.34584400000000004 0 0 0 0.0030000000000000001 1
-1.8 -0.31999999999999995 0.5 0.22 0.29999999999999999 1 0.32561924000000009 0 0 0 0.3356192400000001 0 0 0 0.34561924000000011 0 0 0 0.00040000000000000002 1
-1.6000000000000001 -0.14999999999999991 0.5 0.20000000000000001 0.29999999999999999 1 0.013153945600000001 0 0 0 0.0231539456 0 0 0 0.033153945599999998 0 0 0 0.00040000000000000002 1
-1.3999999999999999 0.020000000000000018 0.5 0.21000000000000002 0.29999999999999999 1 0.32516996000000009 0 0 0 0.3351699600000001 0 0 0 0.34516996000000011 0 0 0 0.01 1
-1.2 0.19000000000000017 0.5 0.22 0.29999999999999999 1 0.32494544000000003 0 0 0 0.33494544000000004 0 0 0 0.34494544000000005 0 0 0 0.01 1
-1 0.3600000000000001 0.5 0.20000000000000001 0.29999999999999999 1 0.32472100000000004 0 0 0 0.33472100000000005 0 0 0 0.34472100000000006 0 0 0 0.01 1
-0.67999999999999983 0.53000000000000003 0.5 0.21000000000000002 0.29999999999999999 1 0.32449664000000006 0 0 0 0.33449664000000007 0 0 0 0.34449664000000002 0 0 0 0.01 1
-0.59999999999999987 0.70000000000000018 0.5 0.22 0.29999999999999999 1 0.32427236000000009 0 0 0 0.3342723600000001 0 0 0 0.34427236000000006 0 0 0 0.00040000000000000002 1
-0.39999999999999991 0.87000000000000011 0.5 0.20000000000000001 0.29999999999999999 1 0.01 0 0 0 0.02 0 0 0 0.029999999999999999 0 0 0 0 1
-0.19999999999999996 1.04 0.5 0.21000000000000002 0.29999999999999999 1 0.32382404000000004 0 0 0 0.33382404000000004 0 0 0 0.34382404 0 0 0 0.00040000000000000002 1
0 1.21 0.5 0.22 0.29999999999999999 1 0.32360000000000005 0 0 0 0.33360000000000006 0 0 0 0.34360000000000002 0 0 0 0.0030000000000000001 1
0.20000000000000018 1.3800000000000003 0.5 0.20000000000000001 0.29999999999999999 1 0.013133760400000001 0 0 0 0.023133760400000002 0 0 0 0.033133760400000004 0 0 0 0.00040000000000000002 1
0.40000000000000036 1.5500000000000003 0.5 0.21000000000000002 0.29999999999999999 1 0.32315216000000002 0 0 0 0.33315216000000003 0 0 0 0.34315216000000004 0 0 0 0.00040000000000000002 1
0.72000000000000008 1.7200000000000002 0.5 0.22 0.29999999999999999 1 0.32292836000000008 0 0 0 0.33292836000000009 0 0 0 0.34292836000000004 0 0 0 0.01 1
0.80000000000000027 -1 0.5 0.20000000000000001 0.29999999999999999 1 0.013127046400000002 0 0 0 0.0231270464 0 0 0 0.033127046399999999 0 0 0 0.00040000000000000002 1
1 -0.82999999999999996 0.5 0.21000000000000002 0.29999999999999999 1 0.32248100000000007 0 0 0 0.33248100000000008 0 0 0 0.34248100000000004 0 0 0 0.01 1
1.2000000000000002 -0.65999999999999992 0.5 0.22 0.29999999999999999 1 0.32225744000000006 0 0 0 0.33225744000000007 0 0 0 0.34225744000000002 0 0 0 0.01 1
1.4000000000000004 -0.79000000000000004 0.5 0.20000000000000001 0.29999999999999999 1 0.013120339600000001 0 0 0 0.023120339600000001 0 0 0 0.0331203396 0 0 0 0.00040000000000000002 1
1.6000000000000001 -0.31999999999999995 0.5 0.21000000000000002 0.29999999999999999 1 0.32181056000000008 0 0 0 0.33181056000000009 0 0 0 0.3418105600000001 0 0 0 0.01 1
-2 -0.14999999999999991 0.5 0.22 0.29999999999999999 1 0.01 0 0 0 0.02 0 0 0 0.029999999999999999 0 0 0 0 1
-1.6800000000000002 0.020000000000000018 0.5 0.20000000000000001 0.29999999999999999 1 0.32136400000000004 0 0 0 0.33136400000000005 0 0 0 0.341364 0 0 0 0.01 1
-1.6000000000000001 0.19000000000000017 0.5 0.21000000000000002 0.29999999999999999 1 0.32114084000000004 0 0 0 0.33114084000000005 0 0 0 0.34114084 0 0 0 0.00040000000000000002 1
-1.3999999999999999 0.3600000000000001 0.5 0.22 0.29999999999999999 1 0.32091776000000011 0 0 0 0.33091776000000012 0 0 0 0.34091776000000007 0 0 0 0.00040000000000000002 1
-1.2 0.53000000000000003 0.5 0.20000000000000001 0.29999999999999999 1 0.013106947600000002 0 0 0 0.0231069476 0 0 0 0.033106947599999999 0 0 0 0.00040000000000000002 1
-1 0.70000000000000018 0.5 0.21000000000000002 0.29999999999999999 1 0.32047184000000001 0 0 0 0.33047184000000002 0 0 0 0.34047183999999997 0 0 0 0.00040000000000000002 1
-0.79999999999999982 0.87000000000000011 0.5 0.22 0.29999999999999999 1 0.32024900000000006 0 0 0 0.33024900000000007 0 0 0 0.34024900000000002 0 0 0 0.0030000000000000001 1
-0.59999999999999987 0.73999999999999999 0.5 0.20000000000000001 0.29999999999999999 1 0.0131002624 0 0 0 0.023100262400000002 0 0 0 0.033100262399999997 0 0 0 0.00040000000000000002 1
-0.27999999999999992 1.21 0.5 0.21000000000000002 0.29999999999999999 1 0.3198035600000001 0 0 0 0.32980356000000011 0 0 0 0.33980356000000012 0 0 0 0.01 1
-0.19999999999999996 1.3800000000000003 0.5 0.22 0.29999999999999999 1 0.31958096000000003 0 0 0 0.32958096000000003 0 0 0 0.33958096000000004 0 0 0 0.01 1
0 1.5500000000000003 0.5 0.20000000000000001 0.29999999999999999 1 0.0130935844 0 0 0 0.023093584400000002 0 0 0 0.033093584400000001 0 0 0 0.00040000000000000002 1
0.20000000000000018 1.7200000000000002 0.5 0.21000000000000002 0.29999999999999999 1 0.01 0 0 0 0.02 0 0 0 0.029999999999999999 0 0 0 0 1
0.40000000000000036 -1 0.5 0.22 0.29999999999999999 1 0.31891364000000005 0 0 0 0.32891364000000006 0 0 0 0.33891364000000002 0 0 0 0.00040000000000000002 1
0.60000000000000009 -0.82999999999999996 0.5 0.20000000000000001 0.29999999999999999 1 0.0130869136 0 0 0 0.023086913600000002 0 0 0 0.033086913599999997 0 0 0 0.00040000000000000002 1
0.80000000000000027 -0.65999999999999992 0.5 0.21000000000000002 0.29999999999999999 1 0.31846916000000003 0 0 0 0.32846916000000004 0 0 0 0.33846916000000005 0 0 0 0.00040000000000000002 1
1.1200000000000001 -0.48999999999999999 0.5 0.22 0.29999999999999999 1 0.31824704000000004 0 0 0 0.32824704000000005 0 0 0 0.33824704000000005 0 0 0 0.01 1
1.2000000000000002 -0.61999999999999988 0.5 0.20000000000000001 0.29999999999999999 1 0.31802500000000011 0 0 0 0.32802500000000012 0 0 0 0.33802500000000013 0 0 0 0.01 1
1.4000000000000004 -0.14999999999999991 0.5 0.21000000000000002 0.29999999999999999 1 0.31780304000000004 0 0 0 0.32780304000000005 0 0 0 0.33780304000000005 0 0 0 0.00040000000000000002 1
1.6000000000000001 0.020000000000000018 0.5 0.22 0.29999999999999999 1 0.31758116000000008 0 0 0 0.32758116000000009 0 0 0 0.33758116000000005 0 0 0 0.00040000000000000002 1
-2 0.19000000000000017 0.5 0.20000000000000001 0.29999999999999999 1 0.013073593600000001 0 0 0 0.023073593600000001 0 0 0 0.033073593599999999 0 0 0 0.00040000000000000002 1
-1.8 0.3600000000000001 0.5 0.21000000000000002 0.29999999999999999 1 0.31713764000000011 0 0 0 0.32713764000000012 0 0 0 0.33713764000000013 0 0 0 0.01 1
-1.6000000000000001 0.53000000000000003 0.5 0.22 0.29999999999999999 1 0.31691600000000003 0 0 0 0.32691600000000004 0 0 0 0.33691599999999999 0 0 0 0.01 1
-1.3999999999999999 0.70000000000000018 0.5 0.20000000000000001 0.29999999999999999 1 0.01 0 0 0 0.02 0 0 0 0.029999999999999999 0 0 0 0 1
-1.2 0.87000000000000011 0.5 0.21000000000000002 0.29999999999999999 1 0.31647296000000008 0 0 0 0.32647296000000009 0 0 0 0.33647296000000004 0 0 0 0.01 1
-1 1.04 0.5 0.22 0.29999999999999999 1 0.3162515600000001 0 0 0 0.32625156000000011 0 0 0 0.33625156000000012 0 0 0 0.00040000000000000002 1
-0.79999999999999982 0.90999999999999992 0.5 0.20000000000000001 0.29999999999999999 1 0.013060302400000001 0 0 0 0.0230603024 0 0 0 0.033060302399999998 0 0 0 0.00040000000000000002 1
-0.59999999999999987 1.3800000000000003 0.5 0.21000000000000002 0.29999999999999999 1 0.31580900000000006 0 0 0 0.32580900000000007 0 0 0 0.33580900000000002 0 0 0 0.0030000000000000001 1
-0.39999999999999991 1.5500000000000003 0.5 0.22 0.29999999999999999 1 0.31558784000000006 0 0 0 0.32558784000000007 0 0 0 0.33558784000000008 0 0 0 0.00040000000000000002 1
-0.19999999999999996 1.7200000000000002 0.5 0.20000000000000001 0.29999999999999999 1 0.013053667600000001 0 0 0 0.023053667600000001 0 0 0 0.033053667600000003 0 0 0 0.00040000000000000002 1
0.12 -1 0.5 0.21000000000000002 0.29999999999999999 1 0.31514576000000005 0 0 0 0.32514576000000006 0 0 0 0.33514576000000007 0 0 0 0.01 1
0.20000000000000018 -0.82999999999999996 0.5 0.22 0.29999999999999999 1 0.31492484000000004 0 0 0 0.32492484000000005 0 0 0 0.33492484 0 0 0 0.00040000000000000002 1
0.40000000000000036 -0.65999999999999992 0.5 0.20000000000000001 0.29999999999999999 1 0.31470400000000004 0 0 0 0.32470400000000005 0 0 0 0.334704 0 0 0 0.01 1
0.60000000000000009 -0.48999999999999999 0.5 0.21000000000000002 0.29999999999999999 1 0.31448324000000011 0 0 0 0.32448324000000012 0 0 0 0.33448324000000007 0 0 0 0.01 1
0.80000000000000027 -0.31999999999999995 0.5 0.22 0.29999999999999999 1 0.01 0 0 0 0.02 0 0 0 0.029999999999999999 0 0 0 0 1
1 -0.4499999999999999 0.5 0.20000000000000001 0.29999999999999999 1 0.0130404196 0 0 0 0.023040419600000001 0 0 0 0.033040419600000002 0 0 0 0.00040000000000000002 1
1.2000000000000002 0.020000000000000018 0.5 0.21000000000000002 0.29999999999999999 1 0.31382144000000006 0 0 0 0.32382144000000007 0 0 0 0.33382144000000002 0 0 0 0.01 1
1.5200000000000005 0.19000000000000017 0.5 0.22 0.29999999999999999 1 0.31360100000000007 0 0 0 0.32360100000000008 0 0 0 0.33360100000000004 0 0 0 0.01 1
1.6000000000000001 0.3600000000000001 0.5 0.20000000000000001 0.29999999999999999 1 0.0130338064 0 0 0 0.023033806400000002 0 0 0 0.033033806399999997 0 0 0 0.00040000000000000002 1
-2 0.53000000000000003 0.5 0.21000000000000002 0.29999999999999999 1 0.31316036000000008 0 0 0 0.32316036000000009 0 0 0 0.33316036000000004 0 0 0 0.00040000000000000002 1
-1.8 0.70000000000000018 0.5 0.22 0.29999999999999999 1 0.31294016000000008 0 0 0 0.32294016000000009 0 0 0 0.33294016000000004 0 0 0 0.00040000000000000002 1
-1.6000000000000001 0.87000000000000011 0.5 0.20000000000000001 0.29999999999999999 1 0.013027200400000001 0 0 0 0.023027200400000003 0 0 0 0.033027200399999998 0 0 0 0.00040000000000000002 1
-2 -1 0.5 0.20000000000000001 0.29999999999999999 1 0.01 0 0 0 0.02 0 0 0 0.029999999999999999 0 0 0 0 1
-1.8 -0.82999999999999996 0.5 0.21000000000000002 0.29999999999999999 1 0.37 0 0 0 0.38 0 0 0 0.39000000000000001 0 0 0 0.01 1
-1.6000000000000001 -0.65999999999999992 0.5 0.22 0.29999999999999999 1 0.37 0 0 0 0.38 0 0 0 0.39000000000000001 0 0 0 0.01 1
-1.3999999999999999 -0.48999999999999999 0.5 0.20000000000000001 0.29999999999999999 1 0.013600000000000001 0 0 0 0.023599999999999999 0 0 0 0.033599999999999998 0 0 0 0.00040000000000000002 1
-1.2 -0.31999999999999995 0.5 0.21000000000000002 0.29999999999999999 1 0.37 0 0 0 0.38 0 0 0 0.39000000000000001 0 0 0 0.01 1
-1 -0.14999999999999991 0.5 0.22 0.29999999999999999 1 0.37 0 0 0 0.38 0 0 0 0.39000000000000001 0 0 0 0.0030000000000000001 1
-0.79999999999999982 0.020000000000000018 0.5 0.20000000000000001 0.29999999999999999 1 0.013600000000000001 0 0 0 0.023599999999999999 0 0 0 0.033599999999999998 0 0 0 0.00040000000000000002 1
-0.47999999999999987 0.19000000000000017 0.5 0.21000000000000002 0.29999999999999999 1 0.37 0 0 0 0.38 0 0 0 0.39000000000000001 0 0 0 0.01 1
-0.39999999999999991 0.3600000000000001 0.5 0.22 0.29999999999999999 1 0.37 0 0 0 0.38 0 0 0 0.39000000000000001 0 0 0 0.00040000000000000002 1
-0.19999999999999996 0.23000000000000004 0.5 0.20000000000000001 0.29999999999999999 1 0.013600000000000001 0 0 0 0.023599999999999999 0 0 0 0.033599999999999998 0 0 0 0.00040000000000000002 1
0 0.70000000000000018 0.5 0.21000000000000002 0.29999999999999999 1 0.37 0 0 0 0.38 0 0 0 0.39000000000000001 0 0 0 0.0030000000000000001 1
0.20000000000000018 0.87000000000000011 0.5 0.22 0.29999999999999999 1 0.01 0 0 0 0.02 0 0 0 0.029999999999999999 0 0 0 0 1
0.40000000000000036 1.04 0.5 0.20000000000000001 0.29999999999999999 1 0.013600000000000001 0 0 0 0.023599999999999999 0 0 0 0.033599999999999998 0 0 0 0.00040000000000000002 1
0.60000000000000009 1.21 0.5 0.21000000000000002 0.29999999999999999 1 0.37 0 0 0 0.38 0 0 0 0.39000000000000001 0 0 0 0.01 1
0.92000000000000026 1.3800000000000003 0.5 0.22 0.29999999999999999 1 0.37 0 0 0 0.38 0 0 0 0.39000000000000001 0 0 0 0.01 1
1 1.5500000000000003 0.5 0.20000000000000001 0.29999999999999999 1 0.37 0 0 0 0.38 0 0 0 0.39000000000000001 0 0 0 0.01 1
1.2000000000000002 1.7200000000000002 0.5 0.21000000000000002 0.29999999999999999 1 0.37 0 0 0 0.38 0 0 0 0.39000000000000001 0 0 0 0.01 1
1.4000000000000004 -1 0.5 0.22 0.29999999999999999 1 0.37 0 0 0 0.38 0 0 0 0.39000000000000001 0 0 0 0.00040000000000000002 1
1.6000000000000001 -1.1299999999999999 0.5 0.20000000000000001 0.29999999999999999 1 0.013600000000000001 0 0 0 0.023599999999999999 0 0 0 0.033599999999999998 0 0 0 0.00040000000000000002 1
-2 -0.65999999999999992 0.5 0.21000000000000002 0.29999999999999999 1 0.37 0 0 0 0.38 0 0 0 0.39000000000000001 0 0 0 0.00040000000000000002 1
-1.8 -0.48999999999999999 0.5 0.22 0.29999999999999999 1 0.37 0 0 0 0.38 0 0 0 0.39000000000000001 0 0 0 0.0030000000000000001 1
-1.48 -0.31999999999999995 0.5 0.20000000000000001 0.29999999999999999 1 0.013600000000000001 0 0 0 0.023599999999999999 0 0 0 0.033599999999999998 0 0 0 0.00040000000000000002 1
-1.3999999999999999 -0.14999999999999991 0.5 0.21000000000000002 0.29999999999999999 1 0.01 0 0 0 0.02 0 0 0 0.029999999999999999 0 0 0 0 1
-1.2 0.020000000000000018 0.5 0.22 0.29999999999999999 1 0.37 0 0 0 0.38 0 0 0 0.39000000000000001 0 0 0 0.00040000000000000002 1
-1 0.19000000000000017 0.5 0.20000000000000001 0.29999999999999999 1 0.013600000000000001 0 0 0 0.023599999999999999 0 0 0 0.033599999999999998 0 0 0 0.00040000000000000002 1
-0.79999999999999982 0.3600000000000001 0.5 0.21000000000000002 0.29999999999999999 1 0.37 0 0 0 0.38 0 0 0 0.39000000000000001 0 0 0 0.01 1
-0.59999999999999987 0.53000000000000003 0.5 0.22 0.29999999999999999 1 0.37 0 0 0 0.38 0 0 0 0.39000000000000001 0 0 0 0.01 1
-0.39999999999999991 0.40000000000000019 0.5 0.20000000000000001 0.29999999999999999 1 0.013600000000000001 0 0 0 0.023599999999999999 0 0 0 0.033599999999999998 0 0 0 0.00040000000000000002 1
-0.07999999999999996 0.87000000000000011 0.5 0.21000000000000002 0.29999999999999999 1 0.37 0 0 0 0.38 0 0 0 0.39000000000000001 0 0 0 0.01 1
0 1.04 0.5 0.22 0.29999999999999999 1 0.37 0 0 0 0.38 0 0 0 0.39000000000000001 0 0 0 0.00040000000000000002 1
0.20000000000000018 1.21 0.5 0.20000000000000001 0.29999999999999999 1 0.37 0 0 0 0.38 0 0 0 0.39000000000000001 0 0 0 0.0030000000000000001 1
0.40000000000000036 1.3800000000000003 0.5 0.21000000000000002 0.29999999999999999 1 0.37 0 0 0 0.38 0 0 0 0.39000000000000001 0 0 0 0.00040000000000000002 1
0.60000000000000009 1.5500000000000003 0.5 0.22 0.29999999999999999 1 0.37 0 0 0 0.38 0 0 0 0.39000000000000001 0 0 0 0.00040000000000000002 1
0.80000000000000027 1.7200000000000002 0.5 0.20000000000000001 0.29999999999999999 1 0.01 0 0 0 0.02 0 0 0 0.029999999999999999 0 0 0 0 1
1 -1 0.5 0.21000000000000002 0.29999999999999999 1 0.37 0 0 0 0.38 0 0 0 0.39000000000000001 0 0 0 0.00040000000000000002 1
1.3200000000000003 -0.82999999999999996 0.5 0.22 0.29999999999999999 1 0.37 0 0 0 0.38 0 0 0 0.39000000000000001 0 0 0 0.01 1
1.4000000000000004 -0.95999999999999996 0.5 0.20000000000000001 0.29999999999999999 1 0.013600000000000001 0 0 0 0.023599999999999999 0 0 0 0.033599999999999998 0 0 0 0.00040000000000000002 1
1.6000000000000001 -0.48999999999999999 0.5 0.21000000000000002 0.29999999999999999 1 0.37 0 0 0 0.38 0 0 0 0.39000000000000001 0 0 0 0.01 1
-2 -0.31999999999999995 0.5 0.22 0.29999999999999999 1 0.37 0 0 0 0.38 0 0 0 0.39000000000000001 0 0 0 0.01 1
-1.8 -0.14999999999999991 0.5 0.20000000000000001 0.29999999999999999 1 0.013600000000000001 0 0 0 0.023599999999999999 0 0 0 0.033599999999999998 0 0 0 0.00040000000000000002 1
-1.6000000000000001 0.020000000000000018 0.5 0.21000000000000002 0.29999999999999999 1 0.37 0 0 0 0.38 0 0 0 0.39000000000000001 0 0 0 0.01 1
-1.3999999999999999 0.19000000000000017 0.5 0.22 0.29999999999999999 1 0.37 0 0 0 0.38 0 0 0 0.39000000000000001 0 0 0 0.00040000000000000002 1
-1.0800000000000001 0.3600000000000001 0.5 0.20000000000000001 0.29999999999999999 1 0.013600000000000001 0 0 0 0.023599999999999999 0 0 0 0.033599999999999998 0 0 0 0.00040000000000000002 1
-1 0.53000000000000003 0.5 0.21000000000000002 0.29999999999999999 1 0.37 0 0 0 0.38 0 0 0 0.39000000000000001 0 0 0 0.00040000000000000002 1
-0.79999999999999982 0.70000000000000018 0.5 0.22 0.29999999999999999 1 0.01 0 0 0 0.02 0 0 0 0.029999999999999999 0 0 0 0 1
-0.59999999999999987 0.57000000000000006 0.5 0.20000000000000001 0.29999999999999999 1 0.37 0 0 0 0.38 0 0 0 0.39000000000000001 0 0 0 0.01 1
-0.39999999999999991 1.04 0.5 0.21000000000000002 0.29999999999999999 1 0.37 0 0 0 0.38 0 0 0 0.39000000000000001 0 0 0 0.00040000000000000002 1
-0.19999999999999996 1.21 0.5 0.22 0.29999999999999999 1 0.37 0 0 0 0.38 0 0 0 0.39000000000000001 0 0 0 0.00040000000000000002 1
0 1.3800000000000003 0.5 0.20000000000000001 0.29999999999999999 1 0.013600000000000001 0 0 0 0.023599999999999999 0 0 0 0.033599999999999998 0 0 0 0.00040000000000000002 1
0.32000000000000017 1.5500000000000003 0.5 0.21000000000000002 0.29999999999999999 1 0.37 0 0 0 0.38 0 0 0 0.39000000000000001 0 0 0 0.01 1
0.40000000000000036 1.7200000000000002 0.5 0.22 0.29999999999999999 1 0.37 0 0 0 0.38 0 0 0 0.39000000000000001 0 0 0 0.01 1
0.60000000000000009 -1 0.5 0.20000000000000001 0.29999999999999999 1 0.013600000000000001 0 0 0 0.023599999999999999 0 0 0 0.033599999999999998 0 0 0 0.00040000000000000002 1
0.80000000000000027 -0.82999999999999996 0.5 0.21000000000000002 0.29999999999999999 1 0.37 0 0 0 0.38 0 0 0 0.39000000000000001 0 0 0 0.01 1
1 -0.65999999999999992 0.5 0.22 0.29999999999999999 1 0.37 0 0 0 0.38 0 0 0 0.39000000000000001 0 0 0 0.00040000000000000002 1
1.2000000000000002 -0.79000000000000004 0.5 0.20000000000000001 0.29999999999999999 1 0.013600000000000001 0 0 0 0.023599999999999999 0 0 0 0.033599999999999998 0 0 0 0.00040000000000000002 1
1.4000000000000004 -0.31999999999999995 0.5 0.21000000000000002 0.29999999999999999 1 0.01 0 0 0 0.02 0 0 0 0.029999999999999999 0 0 0 0 1
1.7200000000000002 -0.14999999999999991 0.5 0.22 0.29999999999999999 1 0.37 0 0 0 0.38 0 0 0 0.39000000000000001 0 0 0 0.01 1
-2 0.020000000000000018 0.5 0.20000000000000001 0.29999999999999999 1 0.013600000000000001 0 0 0 0.023599999999999999 0 0 0 0.033599999999999998 0 0 0 0.00040000000000000002 1
-1.8 0.19000000000000017 0.5 0.21000000000000002 0.29999999999999999 1 0.37 0 0 0 0.38 0 0 0 0.39000000000000001 0 0 0 0.00040000000000000002 1
-1.6000000000000001 0.3600000000000001 0.5 0.22 0.29999999999999999 1 0.37 0 0 0 0.38 0 0 0 0.39000000000000001 0 0 0 0.00040000000000000002 1
-1.3999999999999999 0.53000000000000003 0.5 0.20000000000000001 0.29999999999999999 1 0.37 0 0 0 0.38 0 0 0 0.39000000000000001 0 0 0 0.01 1
-1.2 0.70000000000000018 0.5 0.21000000000000002 0.29999999999999999 1 0.37 0 0 0 0.38 0 0 0 0.39000000000000001 0 0 0 0.01 1
-1 0.87000000000000011 0.5 0.22 0.29999999999999999 1 0.37 0 0 0 0.38 0 0 0 0.39000000000000001 0 0 0 0.01 1
-0.67999999999999983 0.73999999999999999 0.5 0.20000000000000001 0.29999999999999999 1 0.013600000000000001 0 0 0 0.023599999999999999 0 0 0 0.033599999999999998 0 0 0 0.00040000000000000002 1
-0.59999999999999987 1.21 0.5 0.21000000000000002 0.29999999999999999 1 0.37 0 0 0 0.38 0 0 0 0.39000000000000001 0 0 0 0.01 1
-0.39999999999999991 1.3800000000000003 0.5 0.22 0.29999999999999999 1 0.37 0 0 0 0.38 0 0 0 0.39000000000000001 0 0 0 0.0030000000000000001 1
-0.19999999999999996 1.5500000000000003 0.5 0.20000000000000001 0.29999999999999999 1 0.01 0 0 0 0.02 0 0 0 0.029999999999999999 0 0 0 0 1
0 1.7200000000000002 0.5 0.21000000000000002 0.29999999999999999 1 0.37 0 0 0 0.38 0 0 0 0.39000000000000001 0 0 0 0.00040000000000000002 1
0.20000000000000018 -1 0.5 0.22 0.29999999999999999 1 0.37 0 0 0 0.38 0 0 0 0.39000000000000001 0 0 0 0.00040000000000000002 1
0.40000000000000036 -0.82999999999999996 0.5 0.20000000000000001 0.29999999999999999 1 0.013600000000000001 0 0 0 0.023599999999999999 0 0 0 0.033599999999999998 0 0 0 0.00040000000000000002 1
0.72000000000000008 -0.65999999999999992 0.5 0.21000000000000002 0.29999999999999999 1 0.37 0 0 0 0.38 0 0 0 0.39000000000000001 0 0 0 0.01 1
0.80000000000000027 -0.48999999999999999 0.5 0.22 0.29999999999999999 1 0.37 0 0 0 0.38 0 0 0 0.39000000000000001 0 0 0 0.00040000000000000002 1
1 -0.61999999999999988 0.5 0.20000000000000001 0.29999999999999999 1 0.013600000000000001 0 0 0 0.023599999999999999 0 0 0 0.033599999999999998 0 0 0 0.00040000000000000002 1
1.2000000000000002 -0.14999999999999991 0.5 0.21000000000000002 0.29999999999999999 1 0.37 0 0 0 0.38 0 0 0 0.39000000000000001 0 0 0 0.01 1
1.4000000000000004 0.020000000000000018 0.5 0.22 0.29999999999999999 1 0.37 0 0 0 0.38 0 0 0 0.39000000000000001 0 0 0 0.01 1
1.6000000000000001 0.19000000000000017 0.5 0.20000000000000001 0.29999999999999999 1 0.37 0 0 0 0.38 0 0 0 0.39000000000000001 0 0 0 0.01 1
-2 0.3600000000000001 0.5 0.21000000000000002 0.29999999999999999 1 0.37 0 0 0 0.38 0 0 0 0.39000000000000001 0 0 0 0.01 1
-1.8 0.53000000000000003 0.5 0.22 0.29999999999999999 1 0.01 0 0 0 0.02 0 0 0 0.029999999999999999 0 0 0 0 1
-1.6000000000000001 0.70000000000000018 0.5 0.20000000000000001 0.29999999999999999 1 0.013600000000000001 0 0 0 0.023599999999999999 0 0 0 0.033599999999999998 0 0 0 0.00040000000000000002 1
-1.3999999999999999 0.87000000000000011 0.5 0.21000000000000002 0.29999999999999999 1 0.37 0 0 0 0.38 0 0 0 0.39000000000000001 0 0 0 0.00040000000000000002 1
-1.2 1.04 0.5 0.22 0.29999999999999999 1 0.37 0 0 0 0.38 0 0 0 0.39000000000000001 0 0 0 0.0030000000000000001 1
-1 0.90999999999999992 0.5 0.20000000000000001 0.29999999999999999 1 0.013600000000000001 0 0 0 0.023599999999999999 0 0 0 0.033599999999999998 0 0 0 0.00040000000000000002 1
-0.79999999999999982 1.3800000000000003 0.5 0.21000000000000002 0.29999999999999999 1 0.37 0 0 0 0.38 0 0 0 0.39000000000000001 0 0 0 0.00040000000000000002 1
-0.59999999999999987 1.5500000000000003 0.5 0.22 0.29999999999999999 1 0.37 0 0 0 0.38 0 0 0 0.39000000000000001 0 0 0 0.00040000000000000002 1
-0.27999999999999992 1.7200000000000002 0.5 0.20000000000000001 0.29999999999999999 1 0.013600000000000001 0 0 0 0.023599999999999999 0 0 0 0.033599999999999998 0 0 0 0.00040000000000000002 1
-0.19999999999999996 -1 0.5 0.21000000000000002 0.29999999999999999 1 0.37 0 0 0 0.38 0 0 0 0.39000000000000001 0 0 0 0.01 1
0 -0.82999999999999996 0.5 0.22 0.29999999999999999 1 0.37 0 0 0 0.38 0 0 0 0.39000000000000001 0 0 0 0.01 1
0.20000000000000018 -0.65999999999999992 0.5 0.20000000000000001 0.29999999999999999 1 0.013600000000000001 0 0 0 0.023599999999999999 0 0 0 0.033599999999999998 0 0 0 0.00040000000000000002 1
0.40000000000000036 -0.48999999999999999 0.5 0.21000000000000002 0.29999999999999999 1 0.01 0 0 0 0.02 0 0 0 0.029999999999999999 0 0 0 0 1
0.60000000000000009 -0.31999999999999995 0.5 0.22 0.29999999999999999 1 0.37 0 0 0 0.38 0 0 0 0.39000000000000001 0 0 0 0.00040000000000000002 1
0.80000000000000027 -0.4499999999999999 0.5 0.20000000000000001 0.29999999999999999 1 0.37 0 0 0 0.38 0 0 0 0.39000000000000001 0 0 0 0.01 1
1.1200000000000001 0.020000000000000018 0.5 0.21000000000000002 0.29999999999999999 1 0.37 0 0 0 0.38 0 0 0 0.39000000000000001 0 0 0 0.01 1
1.2000000000000002 0.19000000000000017 0.5 0.22 0.29999999999999999 1 0.37 0 0 0 0.38 0 0 0 0.39000000000000001 0 0 0 0.00040000000000000002 1
1.4000000000000004 0.3600000000000001 0.5 0.20000000000000001 0.29999999999999999 1 0.013600000000000001 0 0 0 0.023599999999999999 0 0 0 0.033599999999999998 0 0 0 0.00040000000000000002 1
1.6000000000000001 0.53000000000000003 0.5 0.21000000000000002 0.29999999999999999 1 0.37 0 0 0 0.38 0 0 0 0.39000000000000001 0 0 0 0.00040000000000000002 1
-2 0.70000000000000018 0.5 0.22 0.29999999999999999 1 0.37 0 0 0 0.38 0 0 0 0.39000000000000001 0 0 0 0.0030000000000000001 1
-1.8 0.87000000000000011 0.5 0.20000000000000001 0.29999999999999999 1 0.013600000000000001 0 0 0 0.023599999999999999 0 0 0 0.033599999999999998 0 0 0 0.00040000000000000002 1
-1.6000000000000001 1.04 0.5 0.21000000000000002 0.29999999999999999 1 0.37 0 0 0 0.38 0 0 0 0.39000000000000001 0 0 0 0.01 1
-1.2799999999999998 1.21 0.5 0.22 0.29999999999999999 1 0.37 0 0 0 0.38 0 0 0 0.39000000000000001 0 0 0 0.01 1
-1.2 1.3800000000000003 0.5 0.20000000000000001 0.29999999999999999 1 0.01 0 0 0 0.02 0 0 0 0.029999999999999999 0 0 0 0 1
-1 1.5500000000000003 0.5 0.21000000000000002 0.29999999999999999 1 0.37 0 0 0 0.38 0 0 0 0.39000000000000001 0 0 0 0.01 1
-0.79999999999999982 1.7200000000000002 0.5 0.22 0.29999999999999999 1 0.37 0 0 0 0.38 0 0 0 0.39000000000000001 0 0 0 0.00040000000000000002 1
-0.59999999999999987 -1 0.5 0.20000000000000001 0.29999999999999999 1 0.013600000000000001 0 0 0 0.023599999999999999 0 0 0 0.033599999999999998 0 0 0 0.00040000000000000002 1
-0.39999999999999991 -0.82999999999999996 0.5 0.21000000000000002 0.29999999999999999 1 0.37 0 0 0 0.38 0 0 0 0.39000000000000001 0 0 0 0.00040000000000000002 1
-0.19999999999999996 -0.65999999999999992 0.5 0.22 0.29999999999999999 1 0.37 0 0 0 0.38 0 0 0 0.39000000000000001 0 0 0 0.00040000000000000002 1
0.12 -0.48999999999999999 0.5 0.20000000000000001 0.29999999999999999 1 0.37 0 0 0 0.38 0 0 0 0.39000000000000001 0 0 0 0.01 1
0.20000000000000018 -0.31999999999999995 0.5 0.21000000000000002 0.29999999999999999 1 0.37 0 0 0 0.38 0 0 0 0.39000000000000001 0 0 0 0.00040000000000000002 1
0.40000000000000036 -0.14999999999999991 0.5 0.22 0.29999999999999999 1 0.37 0 0 0 0.38 0 0 0 0.39000000000000001 0 0 0 0.00040000000000000002 1
0.60000000000000009 -0.27999999999999997 0.5 0.20000000000000001 0.29999999999999999 1 0.013600000000000001 0 0 0 0.023599999999999999 0 0 0 0.033599999999999998 0 0 0 0.00040000000000000002 1
0.80000000000000027 0.19000000000000017 0.5 0.21000000000000002 0.29999999999999999 1 0.37 0 0 0 0.38 0 0 0 0.39000000000000001 0 0 0 0.01 1
1 0.3600000000000001 0.5 0.22 0.29999999999999999 1 0.01 0 0 0 0.02 0 0 0 0.029999999999999999 0 0 0 0 1
1.2000000000000002 0.53000000000000003 0.5 0.20000000000000001 0.29999999999999999 1 0.013600000000000001 0 0 0 0.023599999999999999 0 0 0 0.033599999999999998 0 0 0 0.00040000000000000002 1
1.5200000000000005 0.70000000000000018 0.5 0.21000000000000002 0.29999999999999999 1 0.37 0 0 0 0.38 0 0 0 0.39000000000000001 0 0 0 0.01 1
1.6000000000000001 0.87000000000000011 0.5 0.22 0.29999999999999999 1 0.37 0 0 0 0.38 0 0 0 0.39000000000000001 0 0 0 0.00040000000000000002 1
-2 1.04 0.5 0.20000000000000001 0.29999999999999999 1 0.013600000000000001 0 0 0 0.023599999999999999 0 0 0 0.033599999999999998 0 0 0 0.00040000000000000002 1
-1.8 1.21 0.5 0.21000000000000002 0.29999999999999999 1 0.37 0 0 0 0.38 0 0 0 0.39000000000000001 0 0 0 0.0030000000000000001 1
-1.6000000000000001 1.3800000000000003 0.5 0.22 0.29999999999999999 1 0.37 0 0 0 0.38 0 0 0 0.39000000000000001 0 0 0 0.00040000000000000002 1
-1.3999999999999999 1.2500000000000002 0.5 0.20000000000000001 0.29999999999999999 1 0.013600000000000001 0 0 0 0.023599999999999999 0 0 0 0.033599999999999998 0 0 0 0.00040000000000000002 1
-1.2 1.7200000000000002 0.5 0.21000000000000002 0.29999999999999999 1 0.37 0 0 0 0.38 0 0 0 0.39000000000000001 0 0 0 0.00040000000000000002 1
-0.88 -1 0.5 0.22 0.29999999999999999 1 0.37 0 0 0 0.38 0 0 0 0.39000000000000001 0 0 0 0.01 1
-0.79999999999999982 -0.82999999999999996 0.5 0.20000000000000001 0.29999999999999999 1 0.37 0 0 0 0.38 0 0 0 0.39000000000000001 0 0 0 0.01 1
-0.59999999999999987 -0.65999999999999992 0.5 0.21000000000000002 0.29999999999999999 1 0.01 0 0 0 0.02 0 0 0 0.029999999999999999 0 0 0 0 1
-0.39999999999999991 -0.48999999999999999 0.5 0.22 0.29999999999999999 1 0.37 0 0 0 0.38 0 0 0 0.39000000000000001 0 0 0 0.01 1
-0.19999999999999996 -0.31999999999999995 0.5 0.20000000000000001 0.29999999999999999 1 0.013600000000000001 0 0 0 0.023599999999999999 0 0 0 0.033599999999999998 0 0 0 0.00040000000000000002 1
0 -0.14999999999999991 0.5 0.21000000000000002 0.29999999999999999 1 0.37 0 0 0 0.38 0 0 0 0.39000000000000001 0 0 0 0.01 1
0.20000000000000018 0.020000000000000018 0.5 0.22 0.29999999999999999 1 0.37 0 0 0 0.38 0 0 0 0.39000000000000001 0 0 0 0.0030000000000000001 1
0.52000000000000035 -0.10999999999999982 0.5 0.20000000000000001 0.29999999999999999 1 0.013600000000000001 0 0 0 0.023599999999999999 0 0 0 0.033599999999999998 0 0 0 0.00040000000000000002 1
0.60000000000000009 0.3600000000000001 0.5 0.21000000000000002 0.29999999999999999 1 0.37 0 0 0 0.38 0 0 0 0.39000000000000001 0 0 0 0.00040000000000000002 1
0.80000000000000027 0.53000000000000003 0.5 0.22 0.29999999999999999 1 0.37 0 0 0 0.38 0 0 0 0.39000000000000001 0 0 0 0.00040000000000000002 1
1 0.70000000000000018 0.5 0.20000000000000001 0.29999999999999999 1 0.013600000000000001 0 0 0 0.023599999999999999 0 0 0 0.033599999999999998 0 0 0 0.00040000000000000002 1
1.2000000000000002 0.87000000000000011 0.5 0.21000000000000002 0.29999999999999999 1 0.37 0 0 0 0.38 0 0 0 0.39000000000000001 0 0 0 0.0030000000000000001 1
1.4000000000000004 1.04 0.5 0.22 0.29999999999999999 1 0.37 0 0 0 0.38 0 0 0 0.39000000000000001 0 0 0 0.00040000000000000002 1
1.6000000000000001 1.21 0.5 0.20000000000000001 0.29999999999999999 1 0.01 0 0 0 0.02 0 0 0 0.029999999999999999 0 0 0 0 1
-1.8799999999999999 1.3800000000000003 0.5 0.21000000000000002 0.29999999999999999 1 0.37 0 0 0 0.38 0 0 0 0.39000000000000001 0 0 0 0.01 1
-1.8 1.5500000000000003 0.5 0.22 0.29999999999999999 1 0.37 0 0 0 0.38 0 0 0 0.39000000000000001 0 0 0 0.01 1
-1.6000000000000001 1.4200000000000002 0.5 0.20000000000000001 0.29999999999999999 1 0.37 0 0 0 0.38 0 0 0 0.39000000000000001 0 0 0 0.01 1
-1.3999999999999999 -1 0.5 0.21000000000000002 0.29999999999999999 1 0.37 0 0 0 0.38 0 0 0 0.39000000000000001 0 0 0 0.01 1
-1.2 -0.82999999999999996 0.5 0.22 0.29999999999999999 1 0.37 0 0 0 0.38 0 0 0 0.39000000000000001 0 0 0 0.00040000000000000002 1
-1 -0.65999999999999992 0.5 0.20000000000000001 0.29999999999999999 1 0.013600000000000001 0 0 0 0.023599999999999999 0 0 0 0.033599999999999998 0 0 0 0.00040000000000000002 1
-0.79999999999999982 -0.48999999999999999 0.5 0.21000000000000002 0.29999999999999999 1 0.37 0 0 0 0.38 0 0 0 0.39000000000000001 0 0 0 0.00040000000000000002 1
-0.47999999999999987 -0.31999999999999995 0.5 0.22 0.29999999999999999 1 0.37 0 0 0 0.38 0 0 0 0.39000000000000001 0 0 0 0.01 1
-0.39999999999999991 -0.14999999999999991 0.5 0.20000000000000001 0.29999999999999999 1 0.013600000000000001 0 0 0 0.023599999999999999 0 0 0 0.033599999999999998 0 0 0 0.00040000000000000002 1
-0.19999999999999996 0.020000000000000018 0.5 0.21000000000000002 0.29999999999999999 1 0.37 0 0 0 0.38 0 0 0 0.39000000000000001 0 0 0 0.00040000000000000002 1
0 0.19000000000000017 0.5 0.22 0.29999999999999999 1 0.01 0 0 0 0.02 0 0 0 0.029999999999999999 0 0 0 0 1
0.20000000000000018 0.060000000000000109 0.5 0.20000000000000001 0.29999999999999999 1 0.013600000000000001 0 0 0 0.023599999999999999 0 0 0 0.033599999999999998 0 0 0 0.00040000000000000002 1
0.40000000000000036 0.53000000000000003 0.5 0.21000000000000002 0.29999999999999999 1 0.37 0 0 0 0.38 0 0 0 0.39000000000000001 0 0 0 0.01 1
0.60000000000000009 0.70000000000000018 0.5 0.22 0.29999999999999999 1 0.37 0 0 0 0.38 0 0 0 0.39000000000000001 0 0 0 0.01 1
0.92000000000000026 0.87000000000000011 0.5 0.20000000000000001 0.29999999999999999 1 0.013600000000000001 0 0 0 0.023599999999999999 0 0 0 0.033599999999999998 0 0 0 0.00040000000000000002 1
1 1.04 0.5 0.21000000000000002 0.29999999999999999 1 0.37 0 0 0 0.38 0 0 0 0.39000000000000001 0 0 0 0.01 1
1.2000000000000002 1.21 0.5 0.22 0.29999999999999999 1 0.37 0 0 0 0.38 0 0 0 0.39000000000000001 0 0 0 0.00040000000000000002 1
1.4000000000000004 1.3800000000000003 0.5 0.20000000000000001 0.29999999999999999 1 0.37 0 0 0 0.38 0 0 0 0.39000000000000001 0 0 0 0.0030000000000000001 1
1.6000000000000001 1.5500000000000003 0.5 0.21000000000000002 0.29999999999999999 1 0.37 0 0 0 0.38 0 0 0 0.39000000000000001 0 0 0 0.00040000000000000002 1
-2 1.7200000000000002 0.5 0.22 0.29999999999999999 1 0.37 0 0 0 0.38 0 0 0 0.39000000000000001 0 0 0 0.00040000000000000002 1
-1.8 -1.3 0.5 0.20000000000000001 0.29999999999999999 1 0.013600000000000001 0 0 0 0.023599999999999999 0 0 0 0.033599999999999998 0 0 0 0.00040000000000000002 1
-1.6000000000000001 -0.82999999999999996 0.5 0.21000000000000002 0.29999999999999999 1 0.01 0 0 0 0.02 0 0 0 0.029999999999999999 0 0 0 0 1
-1.3999999999999999 -0.65999999999999992 0.5 0.22 0.29999999999999999 1 0.37 0 0 0 0.38 0 0 0 0.39000000000000001 0 0 0 0.0030000000000000001 1
-1.2 -0.48999999999999999 0.5 0.20000000000000001 0.29999999999999999 1 0.013600000000000001 0 0 0 0.023599999999999999 0 0 0 0.033599999999999998 0 0 0 0.00040000000000000002 1
-1 -0.31999999999999995 0.5 0.21000000000000002 0.29999999999999999 1 0.37 0 0 0 0.38 0 0 0 0.39000000000000001 0 0 0 0.01 1
-0.79999999999999982 -0.14999999999999991 0.5 0.22 0.29999999999999999 1 0.37 0 0 0 0.38 0 0 0 0.39000000000000001 0 0 0 0.01 1
-0.59999999999999987 0.020000000000000018 0.5 0.20000000000000001 0.29999999999999999 1 0.013600000000000001 0 0 0 0.023599999999999999 0 0 0 0.033599999999999998 0 0 0 0.00040000000000000002 1
-0.39999999999999991 0.19000000000000017 0.5 0.21000000000000002 0.29999999999999999 1 0.37 0 0 0 0.38 0 0 0 0.39000000000000001 0 0 0 0.01 1
-0.07999999999999996 0.3600000000000001 0.5 0.22 0.29999999999999999 1 0.37 0 0 0 0.38 0 0 0 0.39000000000000001 0 0 0 0.01 1
0 0.23000000000000004 0.5 0.20000000000000001 0.29999999999999999 1 0.013600000000000001 0 0 0 0.023599999999999999 0 0 0 0.033599999999999998 0 0 0 0.00040000000000000002 1
0.20000000000000018 0.70000000000000018 0.5 0.21000000000000002 0.29999999999999999 1 0.37 0 0 0 0.38 0 0 0 0.39000000000000001 0 0 0 0.00040000000000000002 1
0.40000000000000036 0.87000000000000011 0.5 0.22 0.29999999999999999 1 0.37 0 0 0 0.38 0 0 0 0.39000000000000001 0 0 0 0.00040000000000000002 1
0.60000000000000009 1.04 0.5 0.20000000000000001 0.29999999999999999 1 0.01 0 0 0 0.02 0 0 0 0.029999999999999999 0 0 0 0 1
0.80000000000000027 1.21 0.5 0.21000000000000002 0.29999999999999999 1 0.37 0 0 0 0.38 0 0 0 0.39000000000000001 0 0 0 0.00040000000000000002 1
1 1.3800000000000003 0.5 0.22 0.29999999999999999 1 0.37 0 0 0 0.38 0 0 0 0.39000000000000001 0 0 0 0.00040000000000000002 1
1.3200000000000003 1.5500000000000003 0.5 0.20000000000000001 0.29999999999999999 1 0.013600000000000001 0 0 0 0.023599999999999999 0 0 0 0.033599999999999998 0 0 0 0.00040000000000000002 1
1.4000000000000004 1.7200000000000002 0.5 0.21000000000000002 0.29999999999999999 1 0.37 0 0 0 0.38 0 0 0 0.39000000000000001 0 0 0 0.01 1
1.6000000000000001 -1 0.5 0.22 0.29999999999999999 1 0.37 0 0 0 0.38 0 0 0 0.39000000000000001 0 0 0 0.01 1
-2 -1.1299999999999999 0.5 0.20000000000000001 0.29999999999999999 1 0.013600000000000001 0 0 0 0.023599999999999999 0 0 0 0.033599999999999998 0 0 0 0.00040000000000000002 1
-1.8 -0.65999999999999992 0.5 0.21000000000000002 0.29999999999999999 1 0.37 0 0 0 0.38 0 0 0 0.39000000000000001 0 0 0 0.01 1
-1.6000000000000001 -0.48999999999999999 0.5 0.22 0.29999999999999999 1 0.37 0 0 0 0.38 0 0 0 0.39000000000000001 0 0 0 0.00040000000000000002 1
-1.3999999999999999 -0.31999999999999995 0.5 0.20000000000000001 0.29999999999999999 1 0.013600000000000001 0 0 0 0.023599999999999999 0 0 0 0.033599999999999998 0 0 0 0.00040000000000000002 1
-1.0800000000000001 -0.14999999999999991 0.5 0.21000000000000002 0.29999999999999999 1 0.37 0 0 0 0.38 0 0 0 0.39000000000000001 0 0 0 0.01 1
-1 0.020000000000000018 0.5 0.22 0.29999999999999999 1 0.01 0 0 0 0.02 0 0 0 0.029999999999999999 0 0 0 0 1
-0.79999999999999982 0.19000000000000017 0.5 0.20000000000000001 0.29999999999999999 1 0.013600000000000001 0 0 0 0.023599999999999999 0 0 0 0.033599999999999998 0 0 0 0.00040000000000000002 1
-0.59999999999999987 0.3600000000000001 0.5 0.21000000000000002 0.29999999999999999 1 0.37 0 0 0 0.38 0 0 0 0.39000000000000001 0 0 0 0.00040000000000000002 1
-0.39999999999999991 0.53000000000000003 0.5 0.22 0.29999999999999999 1 0.37 0 0 0 0.38 0 0 0 0.39000000000000001 0 0 0 0.00040000000000000002 1
-0.19999999999999996 0.40000000000000019 0.5 0.20000000000000001 0.29999999999999999 1 0.37 0 0 0 0.38 0 0 0 0.39000000000000001 0 0 0 0.01 1
0 0.87000000000000011 0.5 0.21000000000000002 0.29999999999999999 1 0.37 0 0 0 0.38 0 0 0 0.39000000000000001 0 0 0 0.01 1
0.32000000000000017 1.04 0.5 0.22 0.29999999999999999 1 0.37 0 0 0 0.38 0 0 0 0.39000000000000001 0 0 0 0.01 1
0.40000000000000036 1.21 0.5 0.20000000000000001 0.29999999999999999 1 0.013600000000000001 0 0 0 0.023599999999999999 0 0 0 0.033599999999999998 0 0 0 0.00040000000000000002 1
0.60000000000000009 1.3800000000000003 0.5 0.21000000000000002 0.29999999999999999 1 0.37 0 0 0 0.38 0 0 0 0.39000000000000001 0 0 0 0.01 1
0.80000000000000027 1.5500000000000003 0.5 0.22 0.29999999999999999 1 0.37 0 0 0 0.38 0 0 0 0.39000000000000001 0 0 0 0.0030000000000000001 1
1 1.7200000000000002 0.5 0.20000000000000001 0.29999999999999999 1 0.013600000000000001 0 0 0 0.023599999999999999 0 0 0 0.033599999999999998 0 0 0 0.00040000000000000002 1
1.2000000000000002 -1 0.5 0.21000000000000002 0.29999999999999999 1 0.01 0 0 0 0.02 0 0 0 0.029999999999999999 0 0 0 0 1
1.4000000000000004 -0.82999999999999996 0.5 0.22 0.29999999999999999 1 0.37 0 0 0 0.38 0 0 0 0.39000000000000001 0 0 0 0.00040000000000000002 1
1.7200000000000002 -0.95999999999999996 0.5 0.20000000000000001 0.29999999999999999 1 0.013600000000000001 0 0 0 0.023599999999999999 0 0 0 0.033599999999999998 0 0 0 0.00040000000000000002 1
-2 -0.48999999999999999 0.5 0.21000000000000002 0.29999999999999999 1 0.37 0 0 0 0.38 0 0 0 0.39000000000000001 0 0 0 0.0030000000000000001 1
-1.8 -0.31999999999999995 0.5 0.22 0.29999999999999999 1 0.37 0 0 0 0.38 0 0 0 0.39000000000000001 0 0 0 0.00040000000000000002 1
-1.6000000000000001 -0.14999999999999991 0.5 0.20000000000000001 0.29999999999999999 1 0.013600000000000001 0 0 0 0.023599999999999999 0 0 0 0.033599999999999998 0 0 0 0.00040000000000000002 1
-1.3999999999999999 0.020000000000000018 0.5 0.21000000000000002 0.29999999999999999 1 0.37 0 0 0 0.38 0 0 0 0.39000000000000001 0 0 0 0.01 1
-1.2 0.19000000000000017 0.5 0.22 0.29999999999999999 1 0.37 0 0 0 0.38 0 0 0 0.39000000000000001 0 0 0 0.01 1
-1 0.3600000000000001 0.5 0.20000000000000001 0.29999999999999999 1 0.37 0 0 0 0.38 0 0 0 0.39000000000000001 0 0 0 0.01 1
-0.67999999999999983 0.53000000000000003 0.5 0.21000000000000002 0.29999999999999999 1 0.37 0 0 0 0.38 0 0 0 0.39000000000000001 0 0 0 0.01 1
-0.59999999999999987 0.70000000000000018 0.5 0.22 0.29999999999999999 1 0.37 0 0 0 0.38 0 0 0 0.39000000000000001 0 0 0 0.00040000000000000002 1
-0.39999999999999991 0.87000000000000011 0.5 0.20000000000000001 0.29999999999999999 1 0.01 0 0 0 0.02 0 0 0 0.029999999999999999 0 0 0 0 1
-0.19999999999999996 1.04 0.5 0.21000000000000002 0.29999999999999999 1 0.37 0 0 0 0.38 0 0 0 0.39000000000000001 0 0 0 0.00040000000000000002 1
0 1.21 0.5 0.22 0.29999999999999999 1 0.37 0 0 0 0.38 0 0 0 0.39000000000000001 0 0 0 0.0030000000000000001 1
0.20000000000000018 1.3800000000000003 0.5 0.20000000000000001 0.29999999999999999 1 0.013600000000000001 0 0 0 0.023599999999999999 0 0 0 0.033599999999999998 0 0 0 0.00040000000000000002 1
0.40000000000000036 1.5500000000000003 0.5 0.21000000000000002 0.29999999999999999 1 0.37 0 0 0 0.38 0 0 0 0.39000000000000001 0 0 0 0.00040000000000000002 1
0.72000000000000008 1.7200000000000002 0.5 0.22 0.29999999999999999 1 0.37 0 0 0 0.38 0 0 0 0.39000000000000001 0 0 0 0.01 1
0.80000000000000027 -1 0.5 0.20000000000000001 0.29999999999999999 1 0.013600000000000001 0 0 0 0.023599999999999999 0 0 0 0.033599999999999998 0 0 0 0.00040000000000000002 1
1 -0.82999999999999996 0.5 0.21000000000000002 0.29999999999999999 1 0.37 0 0 0 0.38 0 0 0 0.39000000000000001 0 0 0 0.01 1
1.2000000000000002 -0.65999999999999992 0.5 0.22 0.29999999999999999 1 0.37 0 0 0 0.38 0 0 0 0.39000000000000001 0 0 0 0.01 1
1.4000000000000004 -0.79000000000000004 0.5 0.20000000000000001 0.29999999999999999 1 0.013600000000000001 0 0 0 0.023599999999999999 0 0 0 0.033599999999999998 0 0 0 0.00040000000000000002 1
1.6000000000000001 -0.31999999999999995 0.5 0.21000000000000002 0.29999999999999999 1 0.37 0 0 0 0.38 0 0 0 0.39000000000000001 0 0 0 0.01 1
-2 -0.14999999999999991 0.5 0.22 0.29999999999999999 1 0.01 0 0 0 0.02 0 0 0 0.029999999999999999 0 0 0 0 1
-1.6800000000000002 0.020000000000000018 0.5 0.20000000000000001 0.29999999999999999 1 0.37 0 0 0 0.38 0 0 0 0.39000000000000001 0 0 0 0.01 1
-1.6000000000000001 0.19000000000000017 0.5 0.21000000000000002 0.29999999999999999 1 0.37 0 0 0 0.38 0 0 0 0.39000000000000001 0 0 0 0.00040000000000000002 1
-1.3999999999999999 0.3600000000000001 0.5 0.22 0.29999999999999999 1 0.37 0 0 0 0.38 0 0 0 0.39000000000000001 0 0 0 0.00040000000000000002 1
-1.2 0.53000000000000003 0.5 0.20000000000000001 0.29999999999999999 1 0.013600000000000001 0 0 0 0.023599999999999999 0 0 0 0.033599999999999998 0 0 0 0.00040000000000000002 1
-1 0.70000000000000018 0.5 0.21000000000000002 0.29999999999999999 1 0.37 0 0 0 0.38 0 0 0 0.39000000000000001 0 0 0 0.00040000000000000002 1
-0.79999999999999982 0.87000000000000011 0.5 0.22 0.29999999999999999 1 0.37 0 0 0 0.38 0 0 0 0.39000000000000001 0 0 0 0.0030000000000000001 1
-0.59999999999999987 0.73999999999999999 0.5 0.20000000000000001 0.29999999999999999 1 0.013600000000000001 0 0 0 0.023599999999999999 0 0 0 0.033599999999999998 0 0 0 0.00040000000000000002 1
-0.27999999999999992 1.21 0.5 0.21000000000000002 0.29999999999999999 1 0.37 0 0 0 0.38 0 0 0 0.39000000000000001 0 0 0 0.01 1
-0.19999999999999996 1.3800000000000003 0.5 0.22 0.29999999999999999 1 0.37 0 0 0 0.38 0 0 0 0.39000000000000001 0 0 0 0.01 1
0 1.5500000000000003 0.5 0.20000000000000001 0.29999999999999999 1 0.013600000000000001 0 0 0 0.023599999999999999 0 0 0 0.033599999999999998 0 0 0 0.00040000000000000002 1
0.20000000000000018 1.7200000000000002 0.5 0.21000000000000002 0.29999999999999999 1 0.01 0 0 0 0.02 0 0 0 0.029999999999999999 0 0 0 0 1
0.40000000000000036 -1 0.5 0.22 0.29999999999999999 1 0.37 0 0 0 0.38 0 0 0 0.39000000000000001 0 0 0 0.00040000000000000002 1
0.60000000000000009 -0.82999999999999996 0.5 0.20000000000000001 0.29999999999999999 1 0.013600000000000001 0 0 0 0.023599999999999999 0 0 0 0.033599999999999998 0 0 0 0.00040000000000000002 1
0.80000000000000027 -0.65999999999999992 0.5 0.21000000000000002 0.29999999999999999 1 0.37 0 0 0 0.38 0 0 0 0.39000000000000001 0 0 0 0.00040000000000000002 1
1.1200000000000001 -0.48999999999999999 0.5 0.22 0.29999999999999999 1 0.37 0 0 0 0.38 0 0 0 0.39000000000000001 0 0 0 0.01 1
1.2000000000000002 -0.61999999999999988 0.5 0.20000000000000001 0.29999999999999999 1 0.37 0 0 0 0.38 0 0 0 0.39000000000000001 0 0 0 0.01 1
1.4000000000000004 -0.14999999999999991 0.5 0.21000000000000002 0.29999999999999999 1 0.37 0 0 0 0.38 0 0 0 0.39000000000000001 0 0 0 0.00040000000000000002 1
1.6000000000000001 0.020000000000000018 0.5 0.22 0.29999999999999999 1 0.37 0 0 0 0.38 0 0 0 0.39000000000000001 0 0 0 0.00040000000000000002 1
-2 0.19000000000000017 0.5 0.20000000000000001 0.29999999999999999 1 0.013600000000000001 0 0 0 0.023599999999999999 0 0 0 0.033599999999999998 0 0 0 0.00040000000000000002 1
-1.8 0.3600000000000001 0.5 0.21000000000000002 0.29999999999999999 1 0.37 0 0 0 0.38 0 0 0 0.39000000000000001 0 0 0 0.01 1
-1.6000000000000001 0.53000000000000003 0.5 0.22 0.29999999999999999 1 0.37 0 0 0 0.38 0 0 0 0.39000000000000001 0 0 0 0.01 1
-1.3999999999999999 0.70000000000000018 0.5 0.20000000000000001 0.29999999999999999 1 0.01 0 0 0 0.02 0 0 0 0.029999999999999999 0 0 0 0 1
-1.2 0.87000000000000011 0.5 0.21000000000000002 0.29999999999999999 1 0.37 0 0 0 0.38 0 0 0 0.39000000000000001 0 0 0 0.01 1
-1 1.04 0.5 0.22 0.29999999999999999 1 0.37 0 0 0 0.38 0 0 0 0.39000000000000001 0 0 0 0.00040000000000000002 1
-0.79999999999999982 0.90999999999999992 0.5 0.20000000000000001 0.29999999999999999 1 0.013600000000000001 0 0 0 0.023599999999999999 0 0 0 0.033599999999999998 0 0 0 0.00040000000000000002 1
-0.59999999999999987 1.3800000000000003 0.5 0.21000000000000002 0.29999999999999999 1 0.37 0 0 0 0.38 0 0 0 0.39000000000000001 0 0 0 0.0030000000000000001 1
-0.39999999999999991 1.5500000000000003 0.5 0.22 0.29999999999999999 1 0.37 0 0 0 0.38 0 0 0 0.39000000000000001 0 0 0 0.00040000000000000002 1
-0.19999999999999996 1.7200000000000002 0.5 0.20000000000000001 0.29999999999999999 1 0.013600000000000001 0 0 0 0.023599999999999999 0 0 0 0.033599999999999998 0 0 0 0.00040000000000000002 1
0.12 -1 0.5 0.21000000000000002 0.29999999999999999 1 0.37 0 0 0 0.38 0 0 0 0.39000000000000001 0 0 0 0.01 1
0.20000000000000018 -0.82999999999999996 0.5 0.22 0.29999999999999999 1 0.37 0 0 0 0.38 0 0 0 0.39000000000000001 0 0 0 0.00040000000000000002 1
0.40000000000000036 -0.65999999999999992 0.5 0.20000000000000001 0.29999999999999999 1 0.37 0 0 0 0.38 0 0 0 0.39000000000000001 0 0 0 0.01 1
0.60000000000000009 -0.48999999999999999 0.5 0.21000000000000002 0.29999999999999999 1 0.37 0 0 0 0.38 0 0 0 0.39000000000000001 0 0 0 0.01 1
0.80000000000000027 -0.31999999999999995 0.5 0.22 0.29999999999999999 1 0.01 0 0 0 0.02 0 0 0 0.029999999999999999 0 0 0 0 1
1 -0.4499999999999999 0.5 0.20000000000000001 0.29999999999999999 1 0.013600000000000001 0 0 0 0.023599999999999999 0 0 0 0.033599999999999998 0 0 0 0.00040000000000000002 1
1.2000000000000002 0.020000000000000018 0.5 0.21000000000000002 0.29999999999999999 1 0.37 0 0 0 0.38 0 0 0 0.39000000000000001 0 0 0 0.01 1
1.5200000000000005 0.19000000000000017 0.5 0.22 0.29999999999999999 1 0.37 0 0 0 0.38 0 0 0 0.39000000000000001 0 0 0 0.01 1
1.6000000000000001 0.3600000000000001 0.5 0.20000000000000001 0.29999999999999999 1 0.013600000000000001 0 0 0 0.023599999999999999 0 0 0 0.033599999999999998 0 0 0 0.00040000000000000002 1
-2 0.53000000000000003 0.5 0.21000000000000002 0.29999999999999999 1 0.37 0 0 0 0.38 0 0 0 0.39000000000000001 0 0 0 0.00040000000000000002 1
-1.8 0.70000000000000018 0.5 0.22 0.29999999999999999 1 0.37 0 0 0 0.38 0 0 0 0.39000000000000001 0 0 0 0.00040000000000000002 1
-1.6000000000000001 0.87000000000000011 0.5 0.20000000000000001 0.29999999999999999 1 0.013600000000000001 0 0 0 0.023599999999999999 0 0 0 0.033599999999999998 0 0 0 0.00040000000000000002 1
