####
#
# OBJ File Generated by Meshlab
#
####
# Object astribot_gripper_L2_Link.obj
#
# Vertices: 861
# Faces: 1728
#
####
vn -2.424176 -4.980581 0.046141
v -0.015139 -0.007500 0.004564
vn -1.746779 -4.980577 -1.681526
v -0.014197 -0.007500 0.002162
vn -2.955899 -3.511191 0.893884
v -0.005025 -0.007500 0.001520
vn -0.967039 -5.411556 -1.942775
v -0.007022 -0.007500 -0.000971
vn -3.079202 -3.511192 -0.234272
v -0.005235 -0.007500 -0.000398
vn -1.200626 -5.440597 -1.767862
v -0.005186 -0.007500 -0.002008
vn -2.925146 -3.340964 -1.102441
v -0.004737 -0.007500 -0.002262
vn -3.930802 -2.685026 -3.185557
v -0.004670 -0.007500 -0.002400
vn -1.681528 -4.980578 1.746777
v -0.013637 -0.007500 0.008002
vn -2.506449 -3.425900 1.831503
v -0.004137 -0.007500 0.003232
vn 0.046139 -4.980586 2.424173
v -0.011235 -0.007500 0.008944
vn 0.755269 -5.416415 2.028655
v -0.004671 -0.007500 0.006077
vn -1.503832 -3.425900 2.715729
v -0.002690 -0.007500 0.004509
vn 0.389192 -5.469663 2.065406
v -0.002442 -0.007500 0.005392
vn -0.763737 -3.353894 3.029112
v -0.000880 -0.007500 0.005176
vn -0.096346 -2.633923 5.142495
v -0.000594 -0.007500 0.005216
vn -2.925146 3.340964 -1.102441
v -0.004737 0.007500 -0.002262
vn -4.131318 2.461271 -3.122089
v -0.004670 0.007500 -0.002400
vn -1.186684 5.424949 -1.798710
v -0.005186 0.007500 -0.002008
vn -0.032242 2.713339 5.174546
v -0.000594 0.007500 0.005216
vn -0.763737 3.353894 3.029112
v -0.000880 0.007500 0.005176
vn 0.411640 5.459382 2.073790
v -0.002442 0.007500 0.005392
vn -1.503832 3.425899 2.715729
v -0.002690 0.007500 0.004509
vn 0.755268 5.416414 2.028654
v -0.004671 0.007500 0.006077
vn -2.506449 3.425900 1.831503
v -0.004137 0.007500 0.003232
vn 0.046138 4.980585 2.424173
v -0.011235 0.007500 0.008944
vn -3.079202 3.511192 -0.234272
v -0.005235 0.007500 -0.000398
vn -0.966681 5.411287 -1.943286
v -0.007022 0.007500 -0.000971
vn -2.955900 3.511192 0.893884
v -0.005025 0.007500 0.001520
vn -1.681528 4.980578 1.746777
v -0.013637 0.007500 0.008002
vn -2.424176 4.980580 0.046141
v -0.015139 0.007500 0.004564
vn -1.746779 4.980577 -1.681525
v -0.014197 0.007500 0.002162
vn 1.946196 2.866134 -2.428145
v 0.003473 -0.004000 -0.003938
vn 1.989825 -2.850235 -2.378781
v 0.003473 -0.008000 -0.003938
vn 1.075032 -2.780774 -2.896317
v 0.001816 -0.008000 -0.004926
vn -0.290672 3.171443 5.082168
v 0.000224 0.007500 0.005245
vn 0.712831 2.863288 3.019927
v 0.001050 0.008000 0.005144
vn -0.599468 2.866969 3.042164
v -0.000880 0.008000 0.005176
vn -1.469097 2.864393 2.742805
v -0.002690 0.008000 0.004509
vn -2.042005 2.574485 2.315416
v -0.003473 0.008000 0.003938
vn -2.537655 2.864393 1.800425
v -0.004137 0.008000 0.003232
vn -2.955899 2.771994 0.893884
v -0.005025 0.008000 0.001520
vn -3.079203 2.771993 -0.234272
v -0.005235 0.008000 -0.000398
vn -2.839776 2.873374 -1.250612
v -0.004737 0.008000 -0.002262
vn -3.578952 -3.199493 -3.097632
v -0.004304 -0.007280 -0.003007
vn -4.487339 -0.247646 -4.375379
v -0.003836 -0.007200 -0.003584
vn -2.066756 -2.865191 -2.311297
v -0.003600 -0.008000 -0.003821
vn -4.486933 0.246867 -4.375934
v -0.003836 0.007200 -0.003584
vn -2.060047 2.868509 -2.319931
v -0.003600 0.008000 -0.003821
vn -3.572335 3.056578 -3.138451
v -0.004301 0.007279 -0.003011
vn -2.815011 -2.838168 -1.289215
v -0.004737 -0.008000 -0.002262
vn -3.079202 -2.771993 -0.234272
v -0.005235 -0.008000 -0.000398
vn -2.955900 -2.771993 0.893884
v -0.005025 -0.008000 0.001520
vn -2.537655 -2.864393 1.800425
v -0.004137 -0.008000 0.003232
vn -2.042005 -2.574484 2.315416
v -0.003473 -0.008000 0.003938
vn -1.469097 -2.864393 2.742805
v -0.002690 -0.008000 0.004509
vn -0.631789 -2.884388 3.040676
v -0.000880 -0.008000 0.005176
vn 3.084658 -2.814602 -0.282615
v 0.005219 -0.008000 -0.000570
vn 2.983725 -3.511192 0.796085
v 0.005073 -0.007500 0.001353
vn 2.983725 -2.771994 0.796085
v 0.005073 -0.008000 0.001353
vn 2.494662 -3.511192 1.820173
v 0.004241 -0.007500 0.003094
vn 2.494662 -2.771993 1.820174
v 0.004241 -0.008000 0.003094
vn 1.668681 -3.511191 2.598437
v 0.002837 -0.007500 0.004418
vn 1.668681 -2.771994 2.598437
v 0.002837 -0.008000 0.004418
vn 0.782574 -3.405696 3.014312
v 0.001050 -0.007500 0.005144
vn 0.725656 -2.866967 3.019182
v 0.001050 -0.008000 0.005144
vn -0.164601 -2.901234 5.161580
v 0.000224 -0.007500 0.005245
vn 2.753342 -2.955436 -1.455418
v 0.004660 -0.008000 -0.002417
vn 4.512680 -2.719868 -2.462501
v 0.004856 -0.007500 -0.001996
vn 3.088443 -3.466990 -0.268638
v 0.005219 -0.007500 -0.000570
vn 2.282754 3.141592 -2.158387
v 0.004126 -0.004000 -0.003247
vn 4.718969 -0.377893 -4.100319
v 0.004126 -0.007200 -0.003247
vn 4.089170 -2.609794 -2.920584
v 0.004660 -0.007341 -0.002417
vn 1.087123 -2.779948 -2.894156
v 0.001816 0.004000 -0.004926
vn 1.339846 -0.523574 -5.861892
v 0.000095 0.004000 -0.005249
vn -0.051399 2.775375 -3.087768
v -0.000086 0.008000 -0.005249
vn -0.058316 -2.783561 -3.088906
v -0.000086 -0.008000 -0.005249
vn 1.332070 0.533607 -5.863401
v 0.000095 -0.004000 -0.005249
vn 1.094782 2.789319 -2.892752
v 0.001816 -0.004000 -0.004926
vn 1.067992 2.771993 -2.897544
v 0.001816 0.008000 -0.004926
vn 2.005003 2.841706 -2.360400
v 0.003473 0.008000 -0.003938
vn 1.946196 -2.866134 -2.428145
v 0.003473 0.004000 -0.003938
vn 2.282754 -3.141592 -2.158388
v 0.004126 0.004000 -0.003247
vn 4.747810 0.603617 -4.002650
v 0.004126 0.007200 -0.003247
vn 4.013025 2.697151 -3.028081
v 0.004660 0.007341 -0.002417
vn 2.714222 2.869670 -1.496682
v 0.004660 0.008000 -0.002417
vn 4.437637 2.924459 -2.340839
v 0.004856 0.007500 -0.001996
vn 3.072905 3.510239 -0.324742
v 0.005219 0.007500 -0.000570
vn 3.069820 2.771994 -0.335519
v 0.005219 0.008000 -0.000570
vn 2.983725 2.771994 0.796085
v 0.005073 0.008000 0.001353
vn 2.983725 3.511192 0.796085
v 0.005073 0.007500 0.001353
vn 2.494662 2.771993 1.820173
v 0.004241 0.008000 0.003094
vn 2.494662 3.511192 1.820174
v 0.004241 0.007500 0.003094
vn 1.668681 2.771994 2.598437
v 0.002837 0.008000 0.004418
vn 1.668681 3.511191 2.598437
v 0.002837 0.007500 0.004418
vn 0.782574 3.405696 3.014312
v 0.001050 0.007500 0.005144
vn -1.162807 2.771994 -2.860812
v -0.001977 0.008000 -0.004864
vn -1.162807 -2.771994 -2.860812
v -0.001977 -0.008000 -0.004864
vn 2.275506 2.958080 -2.146815
v 0.039307 -0.008750 0.027999
vn 3.819272 -2.121277 -3.613716
v 0.039307 -0.013700 0.027999
vn 4.684666 0.785398 -3.632660
v 0.033832 -0.008750 0.023171
vn 1.485087 -1.818494 -4.335210
v 0.019807 -0.013700 0.010802
vn 2.606698 2.356195 -1.276466
v 0.033832 -0.004000 0.023171
vn 3.503936 -0.675511 -4.994367
v 0.019807 -0.007200 0.010802
vn 2.180361 3.232251 -2.257291
v 0.005370 -0.004000 -0.001931
vn 3.692552 -2.298174 -3.902636
v 0.005370 -0.007200 -0.001931
vn 1.485089 1.818497 -4.335213
v 0.019807 0.013700 0.010802
vn 3.819271 2.121276 -3.613714
v 0.039307 0.013700 0.027999
vn 4.684666 -0.785398 -3.632660
v 0.033832 0.008750 0.023171
vn 2.275506 -2.958080 -2.146815
v 0.039307 0.008750 0.027999
vn 2.180361 -3.232251 -2.257291
v 0.005370 0.004000 -0.001931
vn 3.704996 2.290098 -3.901983
v 0.005370 0.007200 -0.001931
vn 3.503936 0.675510 -4.994366
v 0.019807 0.007200 0.010802
vn 2.606698 -2.356195 -1.276466
v 0.033832 0.004000 0.023171
vn 2.745811 -2.356194 0.940615
v 0.033965 0.004000 0.025288
vn 2.745811 -3.926991 0.940615
v 0.033965 0.008750 0.025288
vn 4.941155 -0.261799 3.815620
v 0.032973 0.004000 0.026413
vn 2.047143 -3.403393 2.347480
v 0.031650 0.008750 0.027913
vn 4.941155 0.261798 3.815620
v 0.032973 -0.004000 0.026413
vn 2.047142 3.403393 2.347480
v 0.031650 -0.008750 0.027913
vn 2.745811 2.356194 0.940615
v 0.033965 -0.004000 0.025288
vn 2.745811 3.926991 0.940616
v 0.033965 -0.008750 0.025288
vn 1.878930 2.274334 5.078281
v -0.004551 0.007200 0.006352
vn 0.087203 1.818500 4.581692
v -0.011229 0.007200 0.009268
vn 1.090251 3.028146 2.940958
v -0.004551 0.001250 0.006352
vn 1.807488 0.675512 5.827028
v -0.011229 0.003750 0.009268
vn 1.341028 2.349621 4.942840
v -0.011101 0.001250 0.009212
vn 0.051155 2.623340 3.949871
v -0.017175 -0.000888 0.011865
vn 1.086425 2.943699 3.345680
v -0.017644 -0.001025 0.012070
vn 1.627398 -2.113710 4.990942
v -0.017644 -0.003750 0.012070
vn 0.087203 -1.818500 4.581692
v -0.011229 -0.007200 0.009268
vn 1.878930 -2.274334 5.078282
v -0.004551 -0.007200 0.006352
vn 1.807487 -0.675510 5.827026
v -0.011229 -0.003750 0.009268
vn 1.090250 -3.028146 2.940958
v -0.004551 -0.001250 0.006352
vn -0.946774 1.532076 4.388352
v -0.016831 -0.000513 0.011715
vn 1.642622 2.136836 4.987428
v -0.017644 0.003750 0.012070
vn 2.260499 0.154674 5.846833
v -0.012121 0.001050 0.009658
vn 1.527994 2.293351 5.004211
v -0.011235 0.001202 0.009271
vn 1.466792 -0.000000 3.358891
v -0.016705 -0.000000 0.011660
vn 2.260499 -0.154676 5.846833
v -0.012121 -0.001050 0.009658
vn -0.956890 -1.526353 4.379306
v -0.016831 0.000513 0.011715
vn 0.074770 -2.633393 3.949914
v -0.017175 0.000888 0.011865
vn 1.168605 -3.042265 3.339339
v -0.017644 0.001025 0.012070
vn 1.527994 -2.293351 5.004211
v -0.011235 -0.001202 0.009271
vn 1.341028 -2.349621 4.942840
v -0.011101 -0.001250 0.009212
vn -4.493844 0.511757 4.227481
v 0.015478 0.007200 0.016317
vn -3.342822 2.274334 4.259680
v 0.006066 0.007200 0.008016
vn -1.937925 3.028148 2.466238
v 0.006066 0.001250 0.008016
vn -2.869379 2.357654 4.261519
v 0.013425 0.001250 0.014506
vn -3.053560 2.295891 4.260111
v 0.013681 0.001148 0.014732
vn -3.987351 0.125301 4.843582
v 0.014260 0.001050 0.015243
vn -4.052528 -2.317378 3.652351
v 0.029993 -0.013700 0.029118
vn -2.313626 3.365509 2.096078
v 0.029993 -0.008750 0.029118
vn -3.815619 0.261801 4.941154
v 0.028827 -0.008750 0.028090
vn -4.114419 -1.938527 2.630307
v 0.015478 -0.013700 0.016317
vn -2.976225 1.668724 4.831304
v 0.017165 -0.010972 0.017804
vn -2.447252 0.963441 5.297805
v 0.016698 -0.010350 0.017393
vn -4.421375 -1.668733 3.556788
v 0.026840 -0.002028 0.026337
vn -4.950336 -0.963427 3.090324
v 0.027306 -0.002650 0.026749
vn -3.815622 -0.261792 4.941158
v 0.028827 0.008750 0.028090
vn -5.178676 -0.258150 2.736265
v 0.027477 -0.003500 0.026899
vn -5.178679 0.258154 2.736263
v 0.027477 -0.009500 0.026899
vn -4.493848 -0.511760 4.227483
v 0.015478 -0.007200 0.016317
vn -2.067426 0.258153 5.480089
v 0.016527 -0.009500 0.017242
vn -3.987351 -0.125301 4.843582
v 0.014260 -0.001050 0.015243
vn -2.067428 -0.258154 5.480089
v 0.016527 -0.003500 0.017242
vn -3.816672 -2.074157 3.937407
v 0.026202 0.011200 0.025775
vn -4.052529 2.317381 3.652352
v 0.029993 0.013700 0.029118
vn -3.429444 -2.074161 4.278911
v 0.017802 0.011200 0.018367
vn -4.114421 1.938529 2.630311
v 0.015478 0.013700 0.016317
vn -2.976225 -1.668725 4.831303
v 0.017165 0.010972 0.017804
vn -1.937925 -3.028147 2.466238
v 0.006066 -0.001250 0.008016
vn -3.342822 -2.274334 4.259679
v 0.006066 -0.007200 0.008016
vn -2.869379 -2.357654 4.261518
v 0.013425 -0.001250 0.014506
vn -3.053560 -2.295891 4.260111
v 0.013681 -0.001148 0.014732
vn -4.421377 -1.668734 3.556787
v 0.026840 0.010972 0.026337
vn -4.950345 -0.963428 3.090316
v 0.027306 0.010350 0.026749
vn -2.313627 -3.365508 2.096078
v 0.029993 0.008750 0.029118
vn -5.178678 -0.258153 2.736264
v 0.027477 0.009500 0.026899
vn -5.178681 0.258152 2.736260
v 0.027477 0.003500 0.026899
vn -2.067426 0.258154 5.480089
v 0.016527 0.003500 0.017242
vn -2.067426 -0.258154 5.480089
v 0.016527 0.009500 0.017242
vn -2.447251 -0.963440 5.297805
v 0.016698 0.010350 0.017393
vn -4.950353 0.963444 3.090313
v 0.027306 -0.010350 0.026749
vn -4.421381 1.668729 3.556785
v 0.026840 -0.010972 0.026337
vn -3.816672 2.074161 3.937409
v 0.026202 -0.011200 0.025775
vn -3.429445 2.074162 4.278912
v 0.017802 -0.011200 0.018367
vn -2.447253 0.963441 5.297806
v 0.016698 0.002650 0.017393
vn -2.447251 -0.963441 5.297805
v 0.016698 -0.002650 0.017393
vn -2.976225 1.668721 4.831306
v 0.017165 0.002028 0.017804
vn -2.976226 -1.668722 4.831306
v 0.017165 -0.002028 0.017804
vn -3.429446 -2.074158 4.278913
v 0.017802 -0.001800 0.018367
vn -4.950317 0.963423 3.090345
v 0.027306 0.002650 0.026749
vn -4.421380 1.668728 3.556789
v 0.026840 0.002028 0.026337
vn -3.816674 -2.074155 3.937408
v 0.026202 -0.001800 0.025775
vn -3.816675 2.074159 3.937410
v 0.026202 0.001800 0.025775
vn -3.429447 2.074159 4.278913
v 0.017802 0.001800 0.018367
vn 1.023542 2.340076 5.341157
v -0.002386 0.007200 0.005687
vn 0.573670 2.914700 3.068229
v -0.002386 0.001250 0.005687
vn -0.242617 2.388340 5.389883
v -0.000128 0.007200 0.005525
vn -0.131234 2.914700 3.118638
v -0.000128 0.001250 0.005525
vn -1.447798 2.327226 5.252749
v 0.002109 0.007200 0.005876
vn -0.829412 2.914700 3.009186
v 0.002109 0.001250 0.005876
vn -2.592302 2.327226 4.792439
v 0.004209 0.007200 0.006721
vn -1.485074 2.914700 2.745484
v 0.004209 0.001250 0.006721
vn -5.339467 2.217221 0.844675
v 0.031006 0.013700 0.031511
vn -3.102756 -3.181999 0.488347
v 0.031006 0.008750 0.031511
vn -2.932600 -2.774567 0.969946
v 0.031253 0.008750 0.033319
vn -4.851479 2.021119 1.604607
v 0.031253 0.013700 0.033319
vn -2.389233 -2.774570 1.957681
v 0.032132 0.008750 0.034918
vn -3.952579 2.021113 3.238648
v 0.032132 0.013700 0.034918
vn -1.527617 -2.774568 2.684647
v 0.033527 0.008750 0.036095
vn -2.527179 2.021116 4.441288
v 0.033527 0.013700 0.036095
vn -0.462523 -2.774570 3.054017
v 0.035251 0.008750 0.036693
vn -0.765168 2.021109 5.052356
v 0.035251 0.013700 0.036693
vn 0.664179 -2.774570 3.016589
v 0.037075 0.008750 0.036632
vn 1.098771 2.021115 4.990430
v 0.037075 0.013700 0.036632
vn 1.702414 -2.774568 2.577349
v 0.038756 0.008750 0.035921
vn 2.816354 2.021110 4.263788
v 0.038756 0.013700 0.035921
vn 2.513885 -2.774570 1.794805
v 0.040069 0.008750 0.034654
vn 4.158800 2.021108 2.969203
v 0.040069 0.013700 0.034654
vn 2.990505 -2.774568 0.773190
v 0.040841 0.008750 0.033001
vn 4.947275 2.021117 1.279109
v 0.040841 0.013700 0.033001
vn 3.068787 -2.774570 -0.351415
v 0.040968 0.008750 0.031180
vn 5.076780 2.021117 -0.581355
v 0.040968 0.013700 0.031180
vn 2.738305 -2.774571 -1.429208
v 0.040433 0.008750 0.029436
vn 4.530056 2.021117 -2.364378
v 0.040433 0.013700 0.029436
vn -2.683502 -4.153884 -0.590479
v 0.014669 -0.007500 0.013604
vn -4.608671 -2.268185 2.318415
v 0.015316 -0.007500 0.015774
vn -1.339834 -5.416414 1.700209
v 0.006264 -0.007500 0.007791
vn 1.479561 -5.373323 -1.643036
v 0.005171 -0.007500 -0.001706
vn 0.787258 -2.331331 -4.909147
v 0.019384 -0.007500 0.010828
vn -1.276465 -3.926991 -2.606698
v 0.016984 -0.007500 0.010979
vn -0.576829 -5.462421 2.030148
v 0.002188 -0.007500 0.005586
vn -0.999743 -5.469794 1.848245
v 0.004352 -0.007500 0.006457
vn -1.276465 3.926991 -2.606698
v 0.016984 0.007500 0.010979
vn 0.787257 2.331329 -4.909146
v 0.019384 0.007500 0.010828
vn 1.486884 5.383385 -1.622376
v 0.005171 0.007500 -0.001706
vn -1.339835 5.416415 1.700210
v 0.006264 0.007500 0.007791
vn -4.608671 2.268185 2.318415
v 0.015316 0.007500 0.015774
vn -2.683502 4.153884 -0.590479
v 0.014669 0.007500 0.013604
vn -0.999743 5.469795 1.848245
v 0.004352 0.007500 0.006457
vn -0.560474 5.469702 2.025517
v 0.002188 0.007500 0.005586
vn -2.417946 -2.268996 -4.839862
v -0.007142 -0.007200 -0.001246
vn -3.301412 -1.818499 -3.178090
v -0.014431 -0.007200 0.001937
vn -2.417236 2.269338 -4.839876
v -0.007142 0.007200 -0.001246
vn -3.045606 -0.675511 -5.286355
v -0.014431 -0.003750 0.001937
vn -3.301411 1.818497 -3.178087
v -0.014431 0.007200 0.001937
vn -3.045607 0.675511 -5.286354
v -0.014431 0.003750 0.001937
vn -2.554738 2.113715 -4.585977
v -0.020846 0.003750 0.004738
vn -2.554738 -2.113714 -4.585976
v -0.020846 -0.003750 0.004738
vn -3.102756 3.181999 0.488347
v 0.031006 -0.008750 0.031511
vn -5.339466 -2.217222 0.844675
v 0.031006 -0.013700 0.031511
vn -4.851480 -2.021119 1.604606
v 0.031253 -0.013700 0.033319
vn -2.932600 2.774567 0.969946
v 0.031253 -0.008750 0.033319
vn -3.952579 -2.021113 3.238649
v 0.032132 -0.013700 0.034918
vn -2.389233 2.774570 1.957681
v 0.032132 -0.008750 0.034918
vn -2.527181 -2.021116 4.441287
v 0.033527 -0.013700 0.036095
vn -1.527617 2.774569 2.684647
v 0.033527 -0.008750 0.036095
vn -0.765165 -2.021109 5.052356
v 0.035251 -0.013700 0.036693
vn -0.462523 2.774570 3.054017
v 0.035251 -0.008750 0.036693
vn 1.098769 -2.021116 4.990430
v 0.037075 -0.013700 0.036632
vn 0.664179 2.774570 3.016589
v 0.037075 -0.008750 0.036632
vn 2.816355 -2.021109 4.263788
v 0.038756 -0.013700 0.035921
vn 1.702414 2.774568 2.577349
v 0.038756 -0.008750 0.035921
vn 4.158801 -2.021109 2.969201
v 0.040069 -0.013700 0.034654
vn 2.513885 2.774570 1.794805
v 0.040069 -0.008750 0.034654
vn 4.947273 -2.021119 1.279111
v 0.040841 -0.013700 0.033001
vn 2.990505 2.774568 0.773190
v 0.040841 -0.008750 0.033001
vn 5.076780 -2.021118 -0.581355
v 0.040968 -0.013700 0.031180
vn 3.068787 2.774570 -0.351415
v 0.040968 -0.008750 0.031180
vn 4.530056 -2.021117 -2.364378
v 0.040433 -0.013700 0.029436
vn 2.738305 2.774570 -1.429208
v 0.040433 -0.008750 0.029436
vn 2.085026 -3.503237 2.268213
v 0.002707 -0.008000 0.002945
vn 0.982200 -3.503237 2.920172
v 0.001275 -0.008000 0.003791
vn -0.290456 -3.503237 3.067207
v -0.000377 -0.008000 0.003982
vn -1.399648 -3.427135 2.772668
v -0.001964 -0.008000 0.003485
vn -2.066585 -3.351033 2.343287
v -0.002646 -0.008000 0.003000
vn -2.575965 -3.427134 1.735254
v -0.003212 -0.008000 0.002384
vn -3.006843 -3.503237 0.671579
v -0.003904 -0.008000 0.000872
vn -3.020043 -3.503237 -0.609476
v -0.003921 -0.008000 -0.000791
vn -2.511051 -3.503236 -1.785146
v -0.003260 -0.008000 -0.002318
vn -1.567875 -3.503237 -2.652148
v -0.002036 -0.008000 -0.003443
vn -0.353599 -3.503237 -3.060570
v -0.000459 -0.008000 -0.003974
vn 0.921817 -3.503237 -2.939792
v 0.001197 -0.008000 -0.003817
vn 2.037843 -3.503237 -2.310696
v 0.002646 -0.008000 -0.003000
vn 2.801507 -3.503237 -1.282061
v 0.003637 -0.008000 -0.001665
vn 3.080765 -3.503237 -0.031746
v 0.004000 -0.008000 -0.000041
vn 2.827331 -3.503237 1.224059
v 0.003671 -0.008000 0.001589
vn -2.504541 3.560472 -1.780518
v -0.003260 0.008000 -0.002318
vn -3.012214 3.560472 -0.607895
v -0.003921 0.008000 -0.000791
vn -2.999048 3.560472 0.669838
v -0.003904 0.008000 0.000872
vn -2.584772 3.455752 1.716692
v -0.003212 0.008000 0.002384
vn -2.066585 3.351033 2.343287
v -0.002646 0.008000 0.003000
vn -1.380131 3.455752 2.779086
v -0.001964 0.008000 0.003485
vn -0.289703 3.560471 3.059255
v -0.000377 0.008000 0.003982
vn 0.979654 3.560472 2.912601
v 0.001275 0.008000 0.003791
vn 2.079620 3.560472 2.262333
v 0.002707 0.008000 0.002945
vn 2.820001 3.560472 1.220886
v 0.003671 0.008000 0.001589
vn 3.072778 3.560472 -0.031663
v 0.004000 0.008000 -0.000041
vn 2.794244 3.560471 -1.278737
v 0.003637 0.008000 -0.001665
vn 2.032560 3.560472 -2.304706
v 0.002646 0.008000 -0.003000
vn 0.919427 3.560471 -2.932170
v 0.001197 0.008000 -0.003817
vn -0.352682 3.560472 -3.052636
v -0.000459 0.008000 -0.003974
vn -1.563811 3.560472 -2.645272
v -0.002036 0.008000 -0.003443
vn -1.975581 5.188824 1.300418
v -0.002971 0.012500 0.002206
vn 1.274509 5.592065 -1.445157
v -0.001521 0.012500 0.001725
vn -2.345332 5.125830 0.523831
v -0.003611 0.012500 0.000807
vn 1.826336 5.592065 -0.614288
v -0.002180 0.012500 0.000733
vn -2.355628 5.125829 -0.475390
v -0.003627 0.012500 -0.000732
vn 1.888797 5.592065 0.381178
v -0.002255 0.012500 -0.000455
vn -1.958615 5.125830 -1.392411
v -0.003016 0.012500 -0.002144
vn 1.445157 5.592065 1.274509
v -0.001725 0.012500 -0.001521
vn -1.222940 5.125830 -2.068671
v -0.001883 0.012500 -0.003185
vn 0.614288 5.592064 1.826336
v -0.000733 0.012500 -0.002180
vn -1.888797 5.592065 -0.381178
v 0.002255 0.012500 0.000455
vn 2.402991 5.125831 -0.024762
v 0.003700 0.012500 -0.000038
vn -1.826336 5.592064 0.614288
v 0.002180 0.012500 -0.000733
vn 2.185171 5.125830 -1.000005
v 0.003364 0.012500 -0.001540
vn -1.274509 5.592065 1.445157
v 0.001521 0.012500 -0.001725
vn 1.589513 5.125831 -1.802339
v 0.002447 0.012500 -0.002775
vn -0.381178 5.592065 1.888797
v 0.000455 0.012500 -0.002255
vn 0.719016 5.125830 -2.293032
v 0.001107 0.012500 -0.003531
vn -0.275807 5.125829 -2.387239
v -0.000425 0.012500 -0.003676
vn -1.534316 5.251821 1.739751
v -0.002447 0.012500 0.002775
vn -1.043270 5.188826 2.122637
v -0.001817 0.012500 0.003223
vn 0.381178 5.592064 -1.888797
v -0.000455 0.012500 0.002255
vn -0.226556 5.125829 2.392416
v -0.000349 0.012500 0.003684
vn -0.614288 5.592064 -1.826336
v 0.000733 0.012500 0.002180
vn 0.766115 5.125830 2.277729
v 0.001180 0.012500 0.003507
vn -1.445157 5.592065 -1.274509
v 0.001725 0.012500 0.001521
vn 1.626316 5.125830 1.769202
v 0.002504 0.012500 0.002724
vn 2.205313 5.125829 0.954764
v 0.003395 0.012500 0.001470
vn -2.299494 2.050706 4.614922
v -0.001964 0.012200 0.003485
vn -3.462878 2.110995 3.926533
v -0.002646 0.012200 0.003000
vn -4.291289 2.050705 2.858325
v -0.003212 0.012200 0.002384
vn -4.941603 1.990416 1.103708
v -0.003904 0.012200 0.000872
vn -4.963298 1.990416 -1.001644
v -0.003921 0.012200 -0.000791
vn -4.126793 1.990416 -2.933802
v -0.003260 0.012200 -0.002318
vn -2.576728 1.990416 -4.358679
v -0.002036 0.012200 -0.003443
vn -0.581123 1.990416 -5.029902
v -0.000459 0.012200 -0.003974
vn 1.514962 1.990416 -4.831408
v 0.001197 0.012200 -0.003817
vn 3.349097 1.990417 -3.797518
v 0.002646 0.012200 -0.003000
vn 4.604144 1.990416 -2.107006
v 0.003637 0.012200 -0.001665
vn 5.063090 1.990416 -0.052172
v 0.004000 0.012200 -0.000041
vn 4.646584 1.990416 2.011683
v 0.003671 0.012200 0.001589
vn 3.426640 1.990416 3.727700
v 0.002707 0.012200 0.002945
vn 1.614199 1.990416 4.799163
v 0.001275 0.012200 0.003791
vn -0.477351 1.990416 5.040809
v -0.000377 0.012200 0.003982
vn 2.570777 -2.102862 -4.560606
v 0.001964 -0.012200 -0.003485
vn 1.512455 -2.266952 -4.823411
v 0.001197 -0.012200 -0.003817
vn 0.493558 -2.102861 -5.211951
v 0.000377 -0.012200 -0.003982
vn -0.580161 -2.266952 -5.021575
v -0.000459 -0.012200 -0.003974
vn -1.669004 -2.102861 -4.962101
v -0.001275 -0.012200 -0.003791
vn -2.572463 -2.266952 -4.351464
v -0.002036 -0.012200 -0.003443
vn -3.542980 -2.102861 -3.854260
v -0.002707 -0.012200 -0.002945
vn -4.119963 -2.266952 -2.928947
v -0.003260 -0.012200 -0.002318
vn -4.804341 -2.102861 -2.079983
v -0.003671 -0.012200 -0.001589
vn -4.955082 -2.266953 -0.999986
v -0.003921 -0.012200 -0.000791
vn -5.234988 -2.102862 0.053943
v -0.004000 -0.012200 0.000041
vn -4.933422 -2.266953 1.101881
v -0.003904 -0.012200 0.000872
vn -4.760460 -2.102861 2.178542
v -0.003637 -0.012200 0.001665
vn -4.058732 -2.266953 3.013222
v -0.003212 -0.012200 0.002384
vn -3.462877 -2.110995 3.926533
v -0.002646 -0.012200 0.003000
vn -2.482247 -2.266953 4.403550
v -0.001964 -0.012200 0.003485
vn -1.566397 -2.102861 4.995440
v -0.001197 -0.012200 0.003817
vn -0.476561 -2.266952 5.032465
v -0.000377 -0.012200 0.003982
vn 0.600852 -2.102861 5.200673
v 0.000459 -0.012200 0.003974
vn 1.611528 -2.266952 4.791220
v 0.001275 -0.012200 0.003791
vn 2.664212 -2.102861 4.506662
v 0.002036 -0.012200 0.003443
vn 3.420969 -2.266952 3.721529
v 0.002707 -0.012200 0.002945
vn 4.266903 -2.102861 3.033409
v 0.003260 -0.012200 0.002318
vn 4.638892 -2.266952 2.008353
v 0.003671 -0.012200 0.001589
vn 5.131808 -2.102861 1.035651
v 0.003921 -0.012200 0.000791
vn 5.054709 -2.266952 -0.052085
v 0.004000 -0.012200 -0.000041
vn 5.109376 -2.102861 -1.141181
v 0.003904 -0.012200 -0.000872
vn 4.596523 -2.266952 -2.103519
v 0.003637 -0.012200 -0.001665
vn 4.203490 -2.102861 -3.120690
v 0.003212 -0.012200 -0.002384
vn 3.343554 -2.266952 -3.791233
v 0.002646 -0.012200 -0.003000
vn 1.888797 -5.592064 0.381178
v -0.002255 -0.012500 -0.000455
vn -2.127059 -5.243331 -0.920885
v -0.003395 -0.012500 -0.001470
vn 1.445157 -5.592065 1.274509
v -0.001725 -0.012500 -0.001521
vn -1.568607 -5.243331 -1.706422
v -0.002504 -0.012500 -0.002724
vn 0.614288 -5.592065 1.826336
v -0.000733 -0.012500 -0.002180
vn -0.738929 -5.243332 -2.196903
v -0.001180 -0.012500 -0.003507
vn -0.381178 -5.592064 1.888797
v 0.000455 -0.012500 -0.002255
vn 0.218516 -5.243331 -2.307522
v 0.000349 -0.012500 -0.003684
vn -1.274509 -5.592065 1.445157
v 0.001521 -0.012500 -0.001725
vn -0.614288 -5.592065 -1.826336
v 0.000733 -0.012500 0.002180
vn 0.266019 -5.243331 2.302529
v 0.000425 -0.012500 0.003676
vn 0.381178 -5.592064 -1.888797
v -0.000455 -0.012500 0.002255
vn -0.693501 -5.243331 2.211664
v -0.001107 -0.012500 0.003531
vn 1.274509 -5.592065 -1.445157
v -0.001521 -0.012500 0.001725
vn -1.533110 -5.243333 1.738383
v -0.002447 -0.012500 0.002775
vn 1.826336 -5.592064 -0.614288
v -0.002180 -0.012500 0.000733
vn -2.107630 -5.243331 0.964520
v -0.003364 -0.012500 0.001540
vn -2.317721 -5.243332 0.023883
v -0.003700 -0.012500 0.000038
vn 1.138177 -5.243332 -2.019147
v 0.001817 -0.012500 -0.003223
vn 1.861039 -5.243331 -1.381644
v 0.002971 -0.012500 -0.002206
vn -1.826336 -5.592064 0.614288
v 0.002180 -0.012500 -0.000733
vn 2.262108 -5.243331 -0.505243
v 0.003611 -0.012500 -0.000807
vn -1.888797 -5.592064 -0.381178
v 0.002255 -0.012500 0.000455
vn 2.272039 -5.243331 0.458521
v 0.003627 -0.012500 0.000732
vn -1.445157 -5.592065 -1.274509
v 0.001725 -0.012500 0.001521
vn 1.889114 -5.243332 1.343001
v 0.003016 -0.012500 0.002144
vn 1.179544 -5.243331 1.995264
v 0.001883 -0.012500 0.003185
vn 3.231712 -0.817790 2.156987
v -0.018601 0.000266 0.012352
vn 2.943580 -1.717470 2.451962
v -0.018498 0.000513 0.012334
vn 0.080568 2.032168 5.089604
v -0.019169 0.003750 0.012403
vn 0.092622 -2.021496 5.087055
v -0.019169 -0.003750 0.012403
vn 1.831057 2.714579 2.896257
v -0.017891 -0.000990 0.012168
vn 2.379105 2.435204 2.763108
v -0.018127 -0.000888 0.012245
vn 2.943612 1.717529 2.452013
v -0.018498 -0.000513 0.012334
vn 3.231761 0.818234 2.157341
v -0.018601 -0.000266 0.012352
vn 0.311653 -0.000001 3.397703
v -0.018637 -0.000000 0.012358
vn 1.764583 -2.869487 2.911721
v -0.017892 0.000990 0.012168
vn 2.382526 -2.431575 2.747922
v -0.018127 0.000888 0.012245
vn -1.856999 2.005984 4.736163
v -0.020705 0.003750 0.012128
vn -1.856999 -2.005983 4.736162
v -0.020705 -0.003750 0.012128
vn -3.528098 2.005980 3.665005
v -0.022019 0.003750 0.011286
vn -3.528098 -2.005980 3.665005
v -0.022019 -0.003750 0.011286
vn -4.662070 2.005982 2.035875
v -0.022911 0.003750 0.010005
vn -4.662071 -2.005982 2.035875
v -0.022911 -0.003750 0.010005
vn -5.086286 2.005985 0.096807
v -0.023244 0.003750 0.008480
vn -5.086286 -2.005985 0.096807
v -0.023244 -0.003750 0.008480
vn -4.736163 2.005984 -1.856998
v -0.022969 0.003750 0.006944
vn -4.736163 -2.005984 -1.856998
v -0.022969 -0.003750 0.006944
vn -3.664999 2.005983 -3.528095
v -0.022127 0.003750 0.005630
vn -3.664999 -2.005983 -3.528096
v -0.022127 -0.003750 0.005630
vn -4.581696 1.818499 0.087202
v -0.015463 0.007200 0.004570
vn -2.901927 3.926991 0.055232
v -0.015463 0.003950 0.004570
vn -3.178087 1.818497 3.301411
v -0.013862 0.007200 0.008236
vn -2.012918 3.926990 2.091028
v -0.013862 0.003950 0.008236
vn -4.116486 2.331331 -2.788192
v -0.014534 0.003950 0.002200
vn -1.141620 5.252764 -2.019406
v -0.020766 0.003950 0.004922
vn 1.888797 5.592064 0.381179
v -0.021402 0.003950 0.007969
vn 1.445159 5.592062 1.274511
v -0.020895 0.003950 0.006949
vn -1.724428 5.142492 -1.660012
v -0.021983 0.003950 0.005769
vn 0.614287 5.592065 1.826334
v -0.019946 0.003950 0.006319
vn -0.752786 2.331329 4.914547
v -0.011493 0.003950 0.009165
vn 0.705294 5.252759 2.209951
v -0.017724 0.003950 0.011887
vn -1.888788 5.592072 -0.381177
v -0.017089 0.003950 0.008839
vn -2.228422 5.142492 -0.873741
v -0.022783 0.003950 0.007017
vn -2.393158 5.142493 0.045548
v -0.023044 0.003950 0.008476
vn 1.826338 5.592062 -0.614290
v -0.021330 0.003950 0.009105
vn -2.193562 5.142490 0.957905
v -0.022727 0.003950 0.009925
vn 1.274510 5.592064 -1.445159
v -0.020700 0.003950 0.010054
vn -1.660016 5.142486 1.724431
v -0.021880 0.003950 0.011142
vn 0.381178 5.592069 -1.888792
v -0.019680 0.003950 0.010561
vn -0.381177 5.592058 1.888805
v -0.018810 0.003950 0.006248
vn -1.274507 5.592069 1.445151
v -0.017790 0.003950 0.006754
vn -1.826340 5.592060 0.614291
v -0.017160 0.003950 0.007703
vn -1.445153 5.592069 -1.274505
v -0.017595 0.003950 0.009859
vn -0.614289 5.592066 -1.826334
v -0.018544 0.003950 0.010489
vn 0.045549 5.142487 2.393164
v -0.019173 0.003950 0.012203
vn -0.873741 5.142492 2.228423
v -0.020632 0.003950 0.011942
vn -3.178088 -1.818497 3.301411
v -0.013862 -0.007200 0.008236
vn -2.012918 -3.926990 2.091028
v -0.013862 -0.003950 0.008236
vn -4.581696 -1.818498 0.087203
v -0.015463 -0.007200 0.004570
vn -2.901928 -3.926991 0.055232
v -0.015463 -0.003950 0.004570
vn -0.752786 -2.331330 4.914547
v -0.011493 -0.003950 0.009165
vn 0.705294 -5.252757 2.209949
v -0.017724 -0.003950 0.011887
vn 1.826337 -5.592062 -0.614290
v -0.021330 -0.003950 0.009105
vn 1.274510 -5.592063 -1.445159
v -0.020700 -0.003950 0.010054
vn -1.660015 -5.142485 1.724431
v -0.021880 -0.003950 0.011142
vn -0.873742 -5.142492 2.228422
v -0.020632 -0.003950 0.011942
vn 0.381177 -5.592069 -1.888792
v -0.019680 -0.003950 0.010561
vn 0.045550 -5.142487 2.393164
v -0.019173 -0.003950 0.012203
vn -0.614288 -5.592066 -1.826334
v -0.018544 -0.003950 0.010489
vn -1.445154 -5.592069 -1.274505
v -0.017595 -0.003950 0.009859
vn -2.193562 -5.142489 0.957905
v -0.022727 -0.003950 0.009925
vn -2.393159 -5.142494 0.045548
v -0.023044 -0.003950 0.008476
vn 1.888798 -5.592064 0.381179
v -0.021402 -0.003950 0.007969
vn -2.228423 -5.142492 -0.873741
v -0.022783 -0.003950 0.007017
vn 1.445158 -5.592062 1.274512
v -0.020895 -0.003950 0.006949
vn -1.724428 -5.142491 -1.660012
v -0.021983 -0.003950 0.005769
vn 0.614288 -5.592065 1.826334
v -0.019946 -0.003950 0.006319
vn -1.141620 -5.252765 -2.019407
v -0.020766 -0.003950 0.004922
vn -0.381179 -5.592059 1.888804
v -0.018810 -0.003950 0.006248
vn -4.116486 -2.331330 -2.788192
v -0.014534 -0.003950 0.002200
vn -1.274504 -5.592069 1.445153
v -0.017790 -0.003950 0.006754
vn -1.826341 -5.592060 0.614288
v -0.017160 -0.003950 0.007703
vn -1.888787 -5.592073 -0.381175
v -0.017089 -0.003950 0.008839
vn 1.608573 5.576475 1.104987
v 0.033486 0.014000 0.030022
vn -1.817119 5.562480 0.768756
v 0.031048 0.014000 0.030083
vn 1.937850 5.576463 0.230876
v 0.032971 0.014000 0.031388
vn -2.197271 5.360519 0.341730
v 0.031305 0.014000 0.031525
vn 1.823172 5.576464 -0.696131
v 0.033151 0.014000 0.032837
vn -2.263399 5.158567 0.748615
v 0.031538 0.014000 0.033225
vn 1.290831 5.576464 -1.463664
v 0.033983 0.014000 0.034037
vn -1.844031 5.158556 1.510956
v 0.032365 0.014000 0.034728
vn -1.179026 5.158563 2.072031
v 0.033676 0.014000 0.035834
vn 0.462775 5.576466 -1.895886
v 0.035277 0.014000 0.034712
vn -0.356981 5.158549 2.357124
v 0.035296 0.014000 0.036396
vn -0.471304 5.576453 -1.893801
v 0.036737 0.014000 0.034709
vn 0.512621 5.158562 2.328226
v 0.037011 0.014000 0.036339
vn -1.297393 5.576472 -1.457837
v 0.038028 0.014000 0.034027
vn -1.066318 4.980579 -2.177551
v 0.017127 0.014000 0.011270
vn -2.348770 4.879032 -0.516825
v 0.015004 0.014000 0.013677
vn 0.785762 4.980580 -2.293765
v 0.019702 0.014000 0.011109
vn -2.028291 5.087432 1.296666
v 0.015740 0.014000 0.016148
vn 1.313941 5.158550 1.989226
v 0.038590 0.014000 0.035671
vn 1.940245 5.158549 1.385250
v 0.039825 0.014000 0.034480
vn -1.826298 5.576454 -0.687923
v 0.038854 0.014000 0.032824
vn 2.308093 5.158566 0.596748
v 0.040550 0.014000 0.032926
vn -1.936781 5.576471 0.239588
v 0.039027 0.014000 0.031375
vn 2.368512 5.158563 -0.271226
v 0.040669 0.014000 0.031214
vn -1.603591 5.576472 1.112210
v 0.038506 0.014000 0.030011
vn 2.113443 5.158563 -1.103075
v 0.040167 0.014000 0.029574
vn -0.903040 5.576469 1.730042
v 0.037411 0.014000 0.029045
vn 1.689032 5.260796 -1.580705
v 0.039109 0.014000 0.028224
vn 0.004387 5.576459 1.951553
v 0.035993 0.014000 0.028699
vn 0.910819 5.576461 1.725971
v 0.034577 0.014000 0.029052
vn -1.555699 5.462754 1.424335
v 0.030192 0.014000 0.028893
vn -2.015342 1.818498 -4.115574
v 0.016984 0.013700 0.010979
vn -4.129770 1.693160 -0.908717
v 0.014669 0.013700 0.013604
vn -4.129770 -1.693161 -0.908716
v 0.014669 -0.013700 0.013604
vn -2.015342 -1.818497 -4.115574
v 0.016984 -0.013700 0.010979
vn 1.373693 -5.488356 1.543566
v 0.033972 -0.014000 0.029471
vn -1.066318 -4.980577 -2.177551
v 0.017127 -0.014000 0.011270
vn 0.478653 -5.492430 2.001939
v 0.035263 -0.014000 0.028789
vn 0.785760 -4.980584 -2.293762
v 0.019702 -0.014000 0.011109
vn -0.409530 -5.532406 1.967953
v 0.036723 -0.014000 0.028786
vn -2.051809 -5.488346 -0.244449
v 0.039029 -0.014000 0.032110
vn 2.308094 -5.158565 0.596751
v 0.040550 -0.014000 0.032926
vn -1.703172 -5.488357 -1.169971
v 0.038514 -0.014000 0.033476
vn 1.940248 -5.158548 1.385248
v 0.039825 -0.014000 0.034480
vn -0.964380 -5.488348 -1.827467
v 0.037423 -0.014000 0.034446
vn -1.366741 -5.488348 1.549738
v 0.038017 -0.014000 0.029462
vn 1.689032 -5.260796 -1.580705
v 0.039109 -0.014000 0.028224
vn -1.930379 -5.488357 0.737064
v 0.038849 -0.014000 0.030661
vn 2.113444 -5.158562 -1.103075
v 0.040167 -0.014000 0.029574
vn 2.368513 -5.158563 -0.271226
v 0.040669 -0.014000 0.031214
vn 1.313941 -5.158551 1.989225
v 0.038590 -0.014000 0.035671
vn 0.512618 -5.158562 2.328228
v 0.037011 -0.014000 0.036339
vn -0.004644 -5.488351 -2.066308
v 0.036007 -0.014000 0.034799
vn -0.356977 -5.158549 2.357124
v 0.035296 -0.014000 0.036396
vn 0.922784 -5.482330 -1.864285
v 0.034589 -0.014000 0.034453
vn -1.179029 -5.158563 2.072029
v 0.033676 -0.014000 0.035834
vn 1.384430 -5.476311 -1.569793
v 0.033983 -0.014000 0.034037
vn -1.844030 -5.158556 1.510958
v 0.032365 -0.014000 0.034728
vn 1.738522 -5.486421 -1.128397
v 0.033494 -0.014000 0.033487
vn -2.263399 -5.158566 0.748613
v 0.031538 -0.014000 0.033225
vn 1.985294 -5.532401 -0.314932
v 0.032973 -0.014000 0.032123
vn -2.197272 -5.360518 0.341730
v 0.031305 -0.014000 0.031525
vn 1.933691 -5.488339 0.728384
v 0.033146 -0.014000 0.030674
vn -1.817118 -5.562480 0.768758
v 0.031048 -0.014000 0.030083
vn -1.555699 -5.462753 1.424333
v 0.030192 -0.014000 0.028893
vn -2.028289 -5.087427 1.296663
v 0.015740 -0.014000 0.016148
vn -2.348771 -4.879032 -0.516823
v 0.015004 -0.014000 0.013677
vn -0.600296 -3.665192 2.974577
v 0.029754 0.008750 0.028550
vn -2.821086 -3.589426 1.193501
v 0.030772 0.008750 0.030199
vn 0.967414 -3.665189 2.876209
v 0.030788 0.008750 0.028485
vn 1.919470 -5.492430 0.743310
v 0.033146 0.008750 0.030674
vn 1.985294 -5.532402 -0.314932
v 0.032973 0.008750 0.032123
vn 1.386952 -5.532414 1.454949
v 0.033972 0.008750 0.029471
vn 0.499015 -5.488340 2.005165
v 0.035263 0.008750 0.028789
vn -0.489992 -5.488347 2.007381
v 0.036723 0.008750 0.028786
vn 1.738522 -5.486421 -1.128397
v 0.033494 0.008750 0.033487
vn -1.992734 -5.536494 -0.187225
v 0.039029 0.008750 0.032110
vn -1.694838 -5.532417 -1.080752
v 0.038514 0.008750 0.033476
vn -0.943837 -5.492439 -1.829208
v 0.037423 0.008750 0.034446
vn -1.366741 -5.488348 1.549738
v 0.038017 0.008750 0.029462
vn -1.929631 -5.492446 0.716463
v 0.038849 0.008750 0.030661
vn -0.054337 -5.536502 -2.000764
v 0.036007 0.008750 0.034799
vn 0.835225 -5.526388 -1.845259
v 0.034589 0.008750 0.034453
vn 1.384430 -5.476311 -1.569793
v 0.033983 0.008750 0.034037
vn 1.823172 5.576465 -0.696131
v 0.033151 -0.008750 0.032837
vn 1.608573 5.576475 1.104987
v 0.033486 -0.008750 0.030022
vn 0.967415 3.665189 2.876209
v 0.030788 -0.008750 0.028485
vn 1.937850 5.576462 0.230876
v 0.032971 -0.008750 0.031388
vn 0.910819 5.576461 1.725971
v 0.034577 -0.008750 0.029052
vn 0.004387 5.576459 1.951553
v 0.035993 -0.008750 0.028699
vn 1.290831 5.576464 -1.463664
v 0.033983 -0.008750 0.034037
vn 0.462775 5.576466 -1.895886
v 0.035277 -0.008750 0.034712
vn -0.471304 5.576453 -1.893801
v 0.036737 -0.008750 0.034709
vn -1.297393 5.576472 -1.457837
v 0.038028 -0.008750 0.034027
vn -2.821087 3.589425 1.193501
v 0.030772 -0.008750 0.030199
vn -0.600296 3.665191 2.974577
v 0.029754 -0.008750 0.028550
vn -1.826298 5.576454 -0.687923
v 0.038854 -0.008750 0.032824
vn -1.936781 5.576471 0.239588
v 0.039027 -0.008750 0.031375
vn -1.726377 5.526396 1.059324
v 0.038506 -0.008750 0.030011
vn -1.384428 5.476309 1.569797
v 0.038017 -0.008750 0.029462
vn -0.835221 5.526395 1.845252
v 0.037411 -0.008750 0.029045
vn 3.626951 2.376204 -4.112573
v 0.034181 -0.009050 0.033812
vn 1.300302 2.376206 -5.327028
v 0.035348 -0.009050 0.034421
vn 2.522887 -2.338371 -4.833342
v 0.034727 -0.013700 0.034187
vn -1.324249 2.376190 -5.321140
v 0.036664 -0.009050 0.034418
vn -0.012251 -2.338374 -5.452150
v 0.036006 -0.013700 0.034499
vn 1.349625 -2.039088 -5.529122
v 0.035348 -0.013700 0.034421
vn -3.645399 2.376212 -4.096218
v 0.037828 -0.009050 0.033803
vn -2.544612 -2.338370 -4.821941
v 0.037283 -0.013700 0.034181
vn -1.374475 -2.039083 -5.523003
v 0.036664 -0.013700 0.034418
vn -5.131468 2.376193 -1.932919
v 0.038573 -0.009050 0.032718
vn -4.493984 -2.338381 -3.087088
v 0.038267 -0.013700 0.033306
vn -3.783705 -2.039098 -4.251608
v 0.037828 -0.013700 0.033803
vn -5.441946 2.376210 0.673194
v 0.038729 -0.009050 0.031411
vn -5.413889 -2.338367 -0.645005
v 0.038731 -0.013700 0.032074
vn -5.326128 -2.039087 -2.006256
v 0.038573 -0.013700 0.032718
vn -4.679399 2.354882 2.847336
v 0.038260 -0.009050 0.030182
vn -5.093500 -2.338380 1.944822
v 0.038569 -0.013700 0.030768
vn -5.648391 -2.039099 0.698739
v 0.038729 -0.013700 0.031411
vn 0.012336 2.376197 5.483424
v 0.035994 -0.009050 0.028999
vn -1.176194 -2.265215 5.375858
v 0.036652 -0.013700 0.029077
vn -2.240090 2.354878 4.998613
v 0.037273 -0.009050 0.029311
vn -2.633615 -2.039088 5.045466
v 0.037273 -0.013700 0.029311
vn -3.606308 2.333541 4.089171
v 0.037819 -0.009050 0.029687
vn -3.606312 -2.333539 4.089170
v 0.037819 -0.013700 0.029687
vn -4.676691 -2.039093 3.243636
v 0.038260 -0.013700 0.030182
vn 2.559197 2.376197 4.849597
v 0.034717 -0.009050 0.029317
vn 1.316696 -2.338360 5.290801
v 0.035336 -0.013700 0.029080
vn -0.245281 -1.411975 6.017025
v 0.035994 -0.013700 0.028999
vn 4.519757 2.376216 3.104784
v 0.033733 -0.009050 0.030192
vn 3.624628 -2.338380 4.072855
v 0.034172 -0.013700 0.029695
vn 2.656280 -2.039084 5.033575
v 0.034717 -0.013700 0.029317
vn 5.444924 2.376203 0.648714
v 0.033269 -0.009050 0.031424
vn 5.102210 -2.338360 1.921913
v 0.033427 -0.013700 0.030780
vn 4.691230 -2.039092 3.222570
v 0.033733 -0.013700 0.030192
vn 5.122714 2.376204 -1.955975
v 0.033431 -0.009050 0.032730
vn 5.443602 -2.265211 -0.806546
v 0.033271 -0.013700 0.032087
vn 5.651495 -2.039075 0.673326
v 0.033269 -0.013700 0.031424
vn 3.606312 -2.333539 -4.089168
v 0.034181 -0.013700 0.033812
vn 4.480069 -2.338370 -3.107271
v 0.033740 -0.013700 0.033316
vn 5.712984 -1.411996 -1.904329
v 0.033431 -0.013700 0.032730
vn 3.626951 2.376204 -4.112573
v 0.034181 0.013700 0.033812
vn 1.300302 2.376206 -5.327028
v 0.035348 0.013700 0.034421
vn 2.428537 -2.265217 -4.938162
v 0.034727 0.009050 0.034187
vn -1.324249 2.376190 -5.321140
v 0.036664 0.013700 0.034418
vn -0.144511 -2.265219 -5.501119
v 0.036006 0.009050 0.034499
vn 1.678118 -1.411999 -5.783473
v 0.035348 0.009050 0.034421
vn -3.645399 2.376212 -4.096218
v 0.037828 0.013700 0.033803
vn -2.544612 -2.338370 -4.821941
v 0.037283 0.009050 0.034181
vn -1.201801 -1.411955 -5.900893
v 0.036664 0.009050 0.034418
vn -5.131468 2.376193 -1.932919
v 0.038573 0.013700 0.032718
vn -4.609418 -2.265226 -3.006058
v 0.038267 0.009050 0.033306
vn -3.783705 -2.039098 -4.251608
v 0.037828 0.009050 0.033803
vn -5.441946 2.376210 0.673194
v 0.038729 0.013700 0.031411
vn -5.478437 -2.265219 -0.519623
v 0.038731 0.009050 0.032074
vn -5.539039 -1.411949 -2.363034
v 0.038573 0.009050 0.032718
vn -4.505754 2.376216 3.125077
v 0.038260 0.013700 0.030182
vn -5.093500 -2.338380 1.944822
v 0.038569 0.009050 0.030768
vn -6.002687 -1.412050 0.481799
v 0.038729 0.009050 0.031411
vn -2.537355 2.376213 4.861048
v 0.037273 0.013700 0.029311
vn -3.606275 -2.338369 4.089128
v 0.037819 0.009050 0.029687
vn -4.676691 -2.039093 3.243636
v 0.038260 0.009050 0.030182
vn 0.012336 2.376197 5.483424
v 0.035994 0.013700 0.028999
vn -1.292889 -2.338368 5.296662
v 0.036652 0.009050 0.029077
vn -2.633615 -2.039088 5.045466
v 0.037273 0.009050 0.029311
vn 2.559197 2.376197 4.849597
v 0.034717 0.013700 0.029317
vn 1.316696 -2.338360 5.290801
v 0.035336 0.009050 0.029080
vn 0.012801 -2.039076 5.691450
v 0.035994 0.009050 0.028999
vn 4.519757 2.376216 3.104784
v 0.033733 0.013700 0.030192
vn 3.756094 -2.265228 4.021805
v 0.034172 0.009050 0.029695
vn 2.656280 -2.039084 5.033575
v 0.034717 0.009050 0.029317
vn 5.444924 2.376203 0.648714
v 0.033269 0.013700 0.031424
vn 5.102210 -2.338360 1.921913
v 0.033427 0.009050 0.030780
vn 4.812571 -1.412003 3.619914
v 0.033733 0.009050 0.030192
vn 5.122714 2.376204 -1.955975
v 0.033431 0.013700 0.032730
vn 5.443602 -2.265211 -0.806546
v 0.033271 0.009050 0.032087
vn 5.651495 -2.039075 0.673326
v 0.033269 0.009050 0.031424
vn 3.606312 -2.333539 -4.089168
v 0.034181 0.009050 0.033812
vn 4.480069 -2.338370 -3.107271
v 0.033740 0.009050 0.033316
vn 5.712984 -1.411996 -1.904329
v 0.033431 0.009050 0.032730
vn -5.632444 0.826857 -0.535337
v -0.017643 -0.000268 0.009601
vn -5.366470 -2.431162 -1.079105
v -0.017285 -0.003750 0.008800
vn -5.195885 1.706477 -1.015623
v -0.017714 -0.000513 0.009691
vn -4.114909 -2.409456 -3.615091
v -0.017745 -0.003750 0.009727
vn -3.959765 2.597445 -1.914275
v -0.018002 -0.000888 0.009971
vn -4.734828 -1.934145 -1.300724
v -0.017745 0.000580 0.009727
vn -4.122756 2.398464 -3.609610
v -0.017745 0.003750 0.009727
vn -5.261684 -1.484025 -0.751817
v -0.017715 0.000513 0.009692
vn -5.366462 2.431190 -1.079132
v -0.017285 0.003750 0.008800
vn -5.633306 -0.825147 -0.534639
v -0.017643 0.000267 0.009601
vn -5.842292 0.000965 -0.246794
v -0.017618 -0.000000 0.009568
vn -1.753978 -2.386956 -5.193246
v -0.018607 -0.003750 0.010300
vn -1.496922 3.300079 -3.009166
v -0.018445 -0.001025 0.010237
vn -2.573033 3.216587 -2.536965
v -0.018207 -0.000990 0.010114
vn 1.084378 2.428746 -5.364764
v -0.019641 0.003750 0.010365
vn -1.724599 2.403617 -5.200235
v -0.018607 0.003750 0.010300
vn -0.235895 -3.245534 -3.540689
v -0.018607 0.001010 0.010300
vn 1.237918 -2.732877 -4.210125
v -0.018941 0.000888 0.010381
vn 2.535043 -1.630446 -4.534460
v -0.019341 0.000513 0.010402
vn 3.064646 -0.748999 -4.563406
v -0.019456 0.000268 0.010393
vn 0.544334 -0.000001 -3.403152
v -0.019497 -0.000000 0.010388
vn 3.064727 0.748232 -4.563741
v -0.019456 -0.000267 0.010393
vn 1.103471 -2.408026 -5.365737
v -0.019641 -0.003750 0.010365
vn 2.535239 1.629893 -4.534886
v -0.019341 -0.000513 0.010402
vn 1.261413 2.656874 -4.225153
v -0.018941 -0.000888 0.010381
vn -0.335029 3.152598 -3.538778
v -0.018607 -0.001010 0.010300
vn -3.871102 -2.649801 -1.924308
v -0.018002 0.000888 0.009971
vn -2.594061 -3.161968 -2.582182
v -0.018207 0.000990 0.010114
vn -1.511214 -3.238356 -3.049041
v -0.018444 0.001025 0.010237
vn -5.187334 -2.438340 1.744758
v -0.017349 -0.003750 0.007766
vn -5.187332 2.438340 1.744763
v -0.017349 0.003750 0.007766
vn -3.619974 -2.438350 4.104670
v -0.017922 -0.003750 0.006904
vn -3.619977 2.438351 4.104666
v -0.017922 0.003750 0.006904
vn -1.082664 -2.438337 5.364743
v -0.018849 -0.003750 0.006444
vn -1.082660 2.438338 5.364744
v -0.018849 0.003750 0.006444
vn 1.744759 -2.438346 5.187328
v -0.019883 -0.003750 0.006508
vn 1.744756 2.438345 5.187329
v -0.019883 0.003750 0.006508
vn 4.104672 -2.438342 3.619982
v -0.020745 -0.003750 0.007081
vn 4.104673 2.438342 3.619981
v -0.020745 0.003750 0.007081
vn 5.364739 -2.438344 1.082659
v -0.021206 -0.003750 0.008008
vn 5.364739 2.438344 1.082660
v -0.021206 0.003750 0.008008
vn 5.187332 -2.438341 -1.744760
v -0.021141 -0.003750 0.009042
vn 5.187332 2.438341 -1.744761
v -0.021141 0.003750 0.009042
vn 3.619980 -2.438344 -4.104671
v -0.020568 -0.003750 0.009904
vn 3.619980 2.438343 -4.104672
v -0.020568 0.003750 0.009904
vn 0.573670 -2.914700 3.068229
v -0.002386 -0.001250 0.005687
vn 1.001382 -2.327225 5.355813
v -0.002386 -0.007200 0.005687
vn -0.131234 -2.914700 3.118638
v -0.000128 -0.001250 0.005525
vn -0.224170 -2.388636 5.390320
v -0.000128 -0.007200 0.005525
vn -0.829412 -2.914700 3.009186
v 0.002109 -0.001250 0.005876
vn -1.462854 -2.336415 5.241007
v 0.002109 -0.007200 0.005876
vn -1.485074 -2.914700 2.745484
v 0.004209 -0.001250 0.006721
vn -2.592302 -2.327226 4.792438
v 0.004209 -0.007200 0.006721
vn -0.321323 5.426316 2.129251
v -0.010236 0.001250 0.009282
vn -0.546697 5.399386 2.114013
v 0.012961 0.001250 0.014367
vn -0.321323 -5.426316 2.129251
v -0.010236 -0.001250 0.009282
vn -0.546697 -5.399385 2.114012
v 0.012961 -0.001250 0.014367
vn -1.451984 -2.306057 5.196987
v 0.012918 -0.001050 0.014562
vn -1.451984 2.306056 5.196986
v 0.012918 0.001050 0.014562
vn -0.756352 -2.304334 5.368437
v -0.010278 -0.001050 0.009477
vn -0.756352 2.304334 5.368437
v -0.010278 0.001050 0.009477
vn 0.146809 -2.333853 5.391664
v -0.011214 -0.001050 0.009422
vn 0.146810 2.333853 5.391670
v -0.011214 0.001050 0.009422
vn 0.964850 -2.292429 5.345422
v -0.011220 -0.001050 0.009422
vn 0.964849 2.292429 5.345415
v -0.011220 0.001050 0.009422
vn -2.759581 -2.280050 4.664964
v 0.013636 -0.001050 0.014819
vn -2.759574 2.280050 4.664950
v 0.013636 0.001050 0.014819
vn -2.170387 -2.314424 4.931926
v 0.013632 -0.001050 0.014817
vn -2.170395 2.314424 4.931941
v 0.013632 0.001050 0.014817
vn 2.522408 0.733230 5.331064
v 0.016809 -0.009500 0.017225
vn 0.411248 0.406551 4.202412
v 0.020315 -0.009500 0.013250
vn 2.522408 -0.733230 5.331065
v 0.016809 -0.003500 0.017225
vn 0.411248 -0.406551 4.202412
v 0.020315 -0.003500 0.013250
vn -0.991157 -5.417962 2.232404
v 0.017934 -0.002000 0.018217
vn -1.599890 -3.088069 2.428753
v 0.021440 -0.002000 0.014242
vn -2.091000 -5.417964 1.262437
v 0.026334 -0.002000 0.025625
vn -2.209718 -3.088070 1.890939
v 0.029840 -0.002000 0.021650
vn -5.604552 -0.733224 -1.836191
v 0.027459 -0.003500 0.026617
vn -4.220856 -0.406551 0.117280
v 0.030965 -0.003500 0.022642
vn -5.604553 0.733223 -1.836191
v 0.027459 -0.009500 0.026617
vn -4.220856 0.406551 0.117281
v 0.030965 -0.009500 0.022642
vn -2.090998 5.417966 1.262437
v 0.026334 -0.011000 0.025625
vn -2.209718 3.088069 1.890939
v 0.029840 -0.011000 0.021650
vn -0.991157 5.417966 2.232403
v 0.017934 -0.011000 0.018217
vn -1.599891 3.088069 2.428755
v 0.021440 -0.011000 0.014242
vn -3.702649 -1.517279 0.225229
v 0.030814 -0.002750 0.022509
vn -2.869594 -2.627993 0.959912
v 0.030403 -0.002201 0.022146
vn -3.702642 1.517275 0.225235
v 0.030814 -0.010250 0.022509
vn -2.869591 2.627985 0.959914
v 0.030403 -0.010799 0.022146
vn 0.239350 1.517268 3.701744
v 0.020466 -0.010250 0.013382
vn -0.593686 2.627995 2.967077
v 0.020878 -0.010799 0.013746
vn 0.239353 -1.517270 3.701747
v 0.020466 -0.002750 0.013382
vn -0.593685 -2.627998 2.967078
v 0.020878 -0.002201 0.013746
vn 2.522408 0.733230 5.331064
v 0.016809 0.003500 0.017225
vn 0.411248 0.406551 4.202412
v 0.020315 0.003500 0.013250
vn 2.522408 -0.733230 5.331065
v 0.016809 0.009500 0.017225
vn 0.411248 -0.406551 4.202412
v 0.020315 0.009500 0.013250
vn -0.991154 -5.417964 2.232402
v 0.017934 0.011000 0.018217
vn -1.599891 -3.088069 2.428754
v 0.021440 0.011000 0.014242
vn -2.090998 -5.417966 1.262434
v 0.026334 0.011000 0.025625
vn -2.209718 -3.088070 1.890939
v 0.029840 0.011000 0.021650
vn -5.604552 -0.733224 -1.836192
v 0.027459 0.009500 0.026617
vn -4.220857 -0.406550 0.117281
v 0.030965 0.009500 0.022642
vn -5.604552 0.733224 -1.836191
v 0.027459 0.003500 0.026617
vn -4.220856 0.406551 0.117281
v 0.030965 0.003500 0.022642
vn -2.091000 5.417964 1.262440
v 0.026334 0.002000 0.025625
vn -2.209718 3.088069 1.890938
v 0.029840 0.002000 0.021650
vn -0.991159 5.417964 2.232405
v 0.017934 0.002000 0.018217
vn -1.599891 3.088069 2.428754
v 0.021440 0.002000 0.014242
vn -3.702648 -1.517279 0.225229
v 0.030814 0.010250 0.022509
vn -2.869593 -2.627993 0.959912
v 0.030403 0.010799 0.022146
vn -3.702642 1.517275 0.225235
v 0.030814 0.002750 0.022509
vn -2.869591 2.627984 0.959914
v 0.030403 0.002201 0.022146
vn 0.239350 1.517268 3.701744
v 0.020466 0.002750 0.013382
vn -0.593686 2.627995 2.967077
v 0.020878 0.002201 0.013746
vn 0.239353 -1.517270 3.701747
v 0.020466 0.010250 0.013382
vn -0.593685 -2.627999 2.967078
v 0.020878 0.010799 0.013746
vn -5.167565 2.736440 -1.306202
v 0.027309 -0.010250 0.026484
vn -3.665149 4.739670 0.018754
v 0.026897 -0.010799 0.026121
vn -3.665146 -4.739671 0.018765
v 0.026897 -0.002201 0.026121
vn -5.167570 -2.736432 -1.306200
v 0.027309 -0.002750 0.026484
vn -5.167566 2.736439 -1.306201
v 0.027309 0.002750 0.026484
vn -3.665150 4.739667 0.018757
v 0.026897 0.002201 0.026121
vn -3.665144 -4.739673 0.018763
v 0.026897 0.010799 0.026121
vn -5.167570 -2.736433 -1.306200
v 0.027309 0.010250 0.026484
vn 0.439523 4.739664 3.638750
v 0.017372 -0.010799 0.017721
vn 1.941947 2.736450 4.963750
v 0.016960 -0.010250 0.017357
vn 1.941945 -2.736446 4.963752
v 0.016960 -0.002750 0.017357
vn 0.439519 -4.739663 3.638751
v 0.017372 -0.002201 0.017721
vn 0.439521 4.739661 3.638752
v 0.017372 0.002201 0.017721
vn 1.941946 2.736449 4.963751
v 0.016960 0.002750 0.017357
vn 1.941946 -2.736448 4.963751
v 0.016960 0.010250 0.017357
vn 0.439521 -4.739665 3.638748
v 0.017372 0.010799 0.017721
vn 2.974576 3.665191 0.600302
v 0.033433 -0.004000 0.025485
vn 2.876208 3.665194 -0.967414
v 0.033369 -0.004000 0.024452
vn 2.347478 3.403391 -2.047145
v 0.032796 -0.004000 0.023590
vn 2.974577 -3.665191 0.600302
v 0.033433 0.004000 0.025485
vn 2.876208 -3.665194 -0.967414
v 0.033369 0.004000 0.024452
vn 2.347478 -3.403391 -2.047145
v 0.032796 0.004000 0.023590
vn -5.043684 -2.413329 2.133805
v 0.030772 -0.013700 0.030199
vn -5.043684 2.413329 2.133803
v 0.030772 0.013700 0.030199
vn -3.279252 2.304745 -4.260406
v -0.005360 0.007200 -0.002253
vn -3.305827 -2.289542 -4.258693
v -0.005360 -0.007200 -0.002253
vn -2.893809 2.267321 -4.573727
v -0.005370 0.007200 -0.002246
vn -2.893471 -2.266963 -4.574412
v -0.005370 -0.007200 -0.002246
vn -2.007163 -2.617994 2.275909
v 0.001323 -0.010500 -0.001500
vn -3.619979 -2.438345 4.104671
v 0.001323 -0.012200 -0.001500
vn -2.876209 -2.617994 0.967413
v 0.001896 -0.010500 -0.000638
vn -5.187330 -2.438345 1.744759
v 0.001896 -0.012200 -0.000638
vn -2.974577 -2.617994 -0.600300
v 0.001960 -0.010500 0.000396
vn -5.364738 -2.438345 -1.082658
v 0.001960 -0.012200 0.000396
vn -2.275909 -2.617994 -2.007163
v 0.001500 -0.010500 0.001323
vn -4.104671 -2.438345 -3.619979
v 0.001500 -0.012200 0.001323
vn -0.967413 -2.617994 -2.876209
v 0.000638 -0.010500 0.001896
vn -1.744759 -2.438345 -5.187330
v 0.000638 -0.012200 0.001896
vn 0.600300 -2.617994 -2.974577
v -0.000396 -0.010500 0.001960
vn 1.082658 -2.438345 -5.364738
v -0.000396 -0.012200 0.001960
vn 2.007163 -2.617994 -2.275909
v -0.001323 -0.010500 0.001500
vn 3.619979 -2.438345 -4.104671
v -0.001323 -0.012200 0.001500
vn 2.876209 -2.617994 -0.967413
v -0.001896 -0.010500 0.000638
vn 5.187329 -2.438345 -1.744759
v -0.001896 -0.012200 0.000638
vn 2.974577 -2.617994 0.600300
v -0.001960 -0.010500 -0.000396
vn 5.364738 -2.438345 1.082658
v -0.001960 -0.012200 -0.000396
vn 2.275909 -2.617994 2.007163
v -0.001500 -0.010500 -0.001323
vn 4.104671 -2.438345 3.619979
v -0.001500 -0.012200 -0.001323
vn 0.967413 -2.617994 2.876209
v -0.000638 -0.010500 -0.001896
vn 1.744759 -2.438345 5.187330
v -0.000638 -0.012200 -0.001896
vn -0.600300 -2.617994 2.974577
v 0.000396 -0.010500 -0.001960
vn -1.082658 -2.438345 5.364738
v 0.000396 -0.012200 -0.001960
vn 0.000000 -6.283185 0.000000
v 0.000000 -0.010500 0.000000
vn 2.007163 2.617994 -2.275909
v -0.001323 0.010500 0.001500
vn 3.619979 2.438345 -4.104671
v -0.001323 0.012200 0.001500
vn 0.600300 2.617994 -2.974577
v -0.000396 0.010500 0.001960
vn 1.082659 2.438345 -5.364738
v -0.000396 0.012200 0.001960
vn -0.967413 2.617994 -2.876209
v 0.000638 0.010500 0.001896
vn -1.744759 2.438345 -5.187329
v 0.000638 0.012200 0.001896
vn -2.275909 2.617994 -2.007163
v 0.001500 0.010500 0.001323
vn -4.104671 2.438345 -3.619979
v 0.001500 0.012200 0.001323
vn -2.974577 2.617994 -0.600300
v 0.001960 0.010500 0.000396
vn -5.364738 2.438345 -1.082659
v 0.001960 0.012200 0.000396
vn -2.876209 2.617994 0.967413
v 0.001896 0.010500 -0.000638
vn -5.187329 2.438345 1.744759
v 0.001896 0.012200 -0.000638
vn -2.007163 2.617994 2.275909
v 0.001323 0.010500 -0.001500
vn -3.619979 2.438345 4.104671
v 0.001323 0.012200 -0.001500
vn -0.600300 2.617994 2.974577
v 0.000396 0.010500 -0.001960
vn -1.082659 2.438345 5.364738
v 0.000396 0.012200 -0.001960
vn 0.967413 2.617994 2.876209
v -0.000638 0.010500 -0.001896
vn 1.744759 2.438345 5.187329
v -0.000638 0.012200 -0.001896
vn 2.275909 2.617994 2.007163
v -0.001500 0.010500 -0.001323
vn 4.104671 2.438345 3.619979
v -0.001500 0.012200 -0.001323
vn 2.974577 2.617994 0.600300
v -0.001960 0.010500 -0.000396
vn 5.364738 2.438345 1.082659
v -0.001960 0.012200 -0.000396
vn 2.876209 2.617994 -0.967413
v -0.001896 0.010500 0.000638
vn 5.187329 2.438345 -1.744759
v -0.001896 0.012200 0.000638
vn 0.000000 6.283185 0.000000
v -0.000000 0.010500 0.000000
vn -2.805894 0.000001 1.176352
v -0.016705 -0.000000 0.011660
vn 2.714868 -0.000214 -1.185355
v -0.019497 -0.000000 0.010388
vn 2.916187 0.000296 -1.273325
v -0.018637 -0.000000 0.012358
# 861 vertices, 0 vertices normals

f 1//1 2//2 3//3
f 3//3 2//2 4//4
f 3//3 4//4 5//5
f 5//5 4//4 6//6
f 5//5 6//6 7//7
f 7//7 6//6 8//8
f 1//1 3//3 9//9
f 9//9 3//3 10//10
f 9//9 10//10 11//11
f 11//11 10//10 12//12
f 12//12 10//10 13//13
f 12//12 13//13 14//14
f 14//14 13//13 15//15
f 14//14 15//15 16//16
f 17//17 18//18 19//19
f 20//20 21//21 22//22
f 22//22 21//21 23//23
f 22//22 23//23 24//24
f 24//24 23//23 25//25
f 24//24 25//25 26//26
f 17//17 19//19 27//27
f 27//27 19//19 28//28
f 27//27 28//28 29//29
f 26//26 25//25 30//30
f 30//30 25//25 29//29
f 30//30 29//29 31//31
f 31//31 29//29 28//28
f 31//31 28//28 32//32
f 33//33 34//34 35//35
f 36//36 37//37 20//20
f 20//20 37//37 38//38
f 20//20 38//38 21//21
f 21//21 38//38 39//39
f 21//21 39//39 23//23
f 23//23 39//39 40//40
f 23//23 40//40 25//25
f 40//40 41//41 25//25
f 25//25 41//41 42//42
f 25//25 42//42 29//29
f 29//29 42//42 43//43
f 29//29 43//43 27//27
f 27//27 43//43 44//44
f 27//27 44//44 17//17
f 45//45 46//46 47//47
f 46//46 48//48 49//49
f 49//49 48//48 50//50
f 49//49 50//50 44//44
f 44//44 50//50 18//18
f 44//44 18//18 17//17
f 45//45 47//47 8//8
f 8//8 47//47 51//51
f 8//8 51//51 7//7
f 7//7 51//51 52//52
f 7//7 52//52 5//5
f 5//5 52//52 53//53
f 5//5 53//53 3//3
f 3//3 53//53 54//54
f 3//3 54//54 10//10
f 10//10 54//54 55//55
f 10//10 55//55 13//13
f 55//55 56//56 13//13
f 13//13 56//56 57//57
f 13//13 57//57 15//15
f 58//58 59//59 60//60
f 60//60 59//59 61//61
f 60//60 61//61 62//62
f 62//62 61//61 63//63
f 62//62 63//63 64//64
f 64//64 63//63 65//65
f 64//64 65//65 66//66
f 66//66 65//65 67//67
f 66//66 67//67 57//57
f 57//57 67//67 16//16
f 57//57 16//16 15//15
f 68//68 69//69 58//58
f 58//58 69//69 70//70
f 58//58 70//70 59//59
f 33//33 71//71 34//34
f 34//34 71//71 72//72
f 34//34 72//72 68//68
f 68//68 72//72 73//73
f 68//68 73//73 69//69
f 74//74 75//75 76//76
f 77//77 78//78 35//35
f 35//35 78//78 79//79
f 35//35 79//79 33//33
f 76//76 80//80 74//74
f 74//74 80//80 81//81
f 74//74 81//81 82//82
f 83//83 82//82 84//84
f 84//84 82//82 81//81
f 84//84 81//81 85//85
f 85//85 81//81 86//86
f 85//85 86//86 87//87
f 87//87 86//86 88//88
f 86//86 89//89 88//88
f 88//88 89//89 90//90
f 88//88 90//90 91//91
f 91//91 90//90 92//92
f 91//91 92//92 93//93
f 93//93 92//92 94//94
f 93//93 94//94 95//95
f 95//95 94//94 37//37
f 95//95 37//37 96//96
f 96//96 37//37 36//36
f 46//46 49//49 47//47
f 47//47 49//49 97//97
f 47//47 97//97 98//98
f 98//98 97//97 76//76
f 98//98 76//76 77//77
f 77//77 76//76 75//75
f 77//77 75//75 78//78
f 99//99 100//100 101//101
f 101//101 100//100 102//102
f 101//101 102//102 103//103
f 103//103 102//102 104//104
f 103//103 104//104 105//105
f 105//105 104//104 106//106
f 107//107 108//108 109//109
f 109//109 108//108 110//110
f 111//111 112//112 113//113
f 107//107 109//109 113//113
f 113//113 109//109 114//114
f 113//113 114//114 111//111
f 115//115 116//116 117//117
f 117//117 116//116 118//118
f 117//117 118//118 119//119
f 119//119 118//118 120//120
f 119//119 120//120 121//121
f 121//121 120//120 122//122
f 123//123 124//124 125//125
f 125//125 124//124 126//126
f 125//125 126//126 127//127
f 128//128 129//129 130//130
f 131//131 132//132 133//133
f 133//133 132//132 134//134
f 128//128 130//130 135//135
f 136//136 137//137 126//126
f 126//126 137//137 138//138
f 126//126 138//138 127//127
f 139//139 140//140 141//141
f 141//141 140//140 137//137
f 141//141 137//137 142//142
f 142//142 137//137 136//136
f 142//142 136//136 143//143
f 139//139 135//135 140//140
f 140//140 135//135 130//130
f 140//140 130//130 144//144
f 144//144 130//130 133//133
f 144//144 133//133 145//145
f 145//145 133//133 134//134
f 146//146 147//147 148//148
f 148//148 149//149 146//146
f 146//146 149//149 150//150
f 146//146 150//150 151//151
f 152//152 153//153 154//154
f 155//155 156//156 157//157
f 158//158 159//159 160//160
f 160//160 159//159 161//161
f 160//160 161//161 154//154
f 154//154 161//161 162//162
f 155//155 157//157 163//163
f 163//163 157//157 164//164
f 163//163 164//164 165//165
f 166//166 146//146 164//164
f 164//164 146//146 151//151
f 164//164 151//151 165//165
f 167//167 168//168 169//169
f 169//169 168//168 170//170
f 169//169 170//170 171//171
f 172//172 173//173 174//174
f 174//174 173//173 163//163
f 174//174 163//163 175//175
f 175//175 163//163 165//165
f 167//167 176//176 168//168
f 168//168 176//176 177//177
f 168//168 177//177 178//178
f 178//178 177//177 179//179
f 178//178 179//179 160//160
f 160//160 179//179 180//180
f 160//160 180//180 158//158
f 181//181 182//182 170//170
f 170//170 182//182 183//183
f 170//170 183//183 171//171
f 162//162 184//184 154//154
f 154//154 184//184 185//185
f 154//154 185//185 152//152
f 152//152 185//185 186//186
f 152//152 186//186 155//155
f 155//155 186//186 187//187
f 155//155 187//187 156//156
f 170//170 146//146 181//181
f 181//181 146//146 166//166
f 181//181 166//166 188//188
f 188//188 166//166 189//189
f 188//188 189//189 190//190
f 190//190 189//189 191//191
f 190//190 191//191 192//192
f 180//180 193//193 158//158
f 158//158 193//193 194//194
f 158//158 194//194 195//195
f 195//195 194//194 196//196
f 195//195 196//196 192//192
f 192//192 196//196 197//197
f 192//192 197//197 190//190
f 123//123 125//125 198//198
f 198//198 125//125 199//199
f 198//198 199//199 200//200
f 200//200 199//199 201//201
f 200//200 201//201 202//202
f 202//202 201//201 203//203
f 202//202 203//203 204//204
f 204//204 203//203 205//205
f 204//204 205//205 147//147
f 147//147 205//205 148//148
f 206//206 207//207 208//208
f 206//206 208//208 209//209
f 209//209 208//208 210//210
f 209//209 210//210 211//211
f 211//211 210//210 212//212
f 211//211 212//212 213//213
f 213//213 212//212 214//214
f 213//213 214//214 215//215
f 215//215 214//214 216//216
f 215//215 216//216 217//217
f 217//217 216//216 218//218
f 217//217 218//218 219//219
f 219//219 218//218 220//220
f 219//219 220//220 221//221
f 221//221 220//220 222//222
f 221//221 222//222 223//223
f 223//223 222//222 224//224
f 223//223 224//224 225//225
f 225//225 224//224 226//226
f 225//225 226//226 227//227
f 227//227 226//226 110//110
f 227//227 110//110 108//108
f 228//228 229//229 230//230
f 231//231 232//232 233//233
f 63//63 234//234 65//65
f 65//65 234//234 67//67
f 233//233 228//228 61//61
f 61//61 228//228 230//230
f 61//61 230//230 63//63
f 63//63 230//230 235//235
f 63//63 235//235 234//234
f 61//61 59//59 233//233
f 233//233 59//59 70//70
f 233//233 70//70 231//231
f 231//231 70//70 69//69
f 236//236 237//237 238//238
f 239//239 240//240 241//241
f 236//236 91//91 93//93
f 91//91 236//236 88//88
f 88//88 236//236 238//238
f 88//88 238//238 87//87
f 241//241 236//236 239//239
f 239//239 236//236 93//93
f 239//239 93//93 242//242
f 242//242 93//93 95//95
f 242//242 95//95 243//243
f 243//243 95//95 96//96
f 243//243 96//96 36//36
f 244//244 245//245 246//246
f 246//246 245//245 247//247
f 248//248 246//246 249//249
f 249//249 246//246 247//247
f 249//249 247//247 250//250
f 250//250 247//247 251//251
f 252//252 253//253 254//254
f 252//252 254//254 255//255
f 255//255 254//254 256//256
f 255//255 256//256 257//257
f 257//257 256//256 258//258
f 257//257 258//258 259//259
f 259//259 258//258 260//260
f 259//259 260//260 261//261
f 261//261 260//260 262//262
f 261//261 262//262 263//263
f 263//263 262//262 264//264
f 263//263 264//264 265//265
f 265//265 264//264 266//266
f 265//265 266//266 267//267
f 267//267 266//266 268//268
f 267//267 268//268 269//269
f 269//269 268//268 270//270
f 269//269 270//270 271//271
f 271//271 270//270 272//272
f 271//271 272//272 273//273
f 273//273 272//272 100//100
f 273//273 100//100 99//99
f 274//274 64//64 275//275
f 275//275 64//64 66//66
f 275//275 66//66 276//276
f 276//276 66//66 57//57
f 276//276 57//57 277//277
f 277//277 57//57 56//56
f 277//277 56//56 278//278
f 278//278 56//56 55//55
f 278//278 55//55 279//279
f 279//279 55//55 54//54
f 279//279 54//54 280//280
f 280//280 54//54 53//53
f 280//280 53//53 281//281
f 281//281 53//53 52//52
f 281//281 52//52 282//282
f 52//52 51//51 282//282
f 282//282 51//51 47//47
f 282//282 47//47 283//283
f 283//283 47//47 98//98
f 283//283 98//98 284//284
f 284//284 98//98 77//77
f 284//284 77//77 285//285
f 285//285 77//77 35//35
f 285//285 35//35 286//286
f 286//286 35//35 34//34
f 286//286 34//34 287//287
f 287//287 34//34 68//68
f 287//287 68//68 288//288
f 288//288 68//68 58//58
f 288//288 58//58 289//289
f 289//289 58//58 60//60
f 289//289 60//60 274//274
f 274//274 60//60 62//62
f 274//274 62//62 64//64
f 290//290 44//44 291//291
f 291//291 44//44 43//43
f 291//291 43//43 292//292
f 292//292 43//43 42//42
f 292//292 42//42 293//293
f 293//293 42//42 41//41
f 293//293 41//41 294//294
f 294//294 41//41 40//40
f 294//294 40//40 295//295
f 295//295 40//40 39//39
f 295//295 39//39 296//296
f 296//296 39//39 38//38
f 296//296 38//38 297//297
f 297//297 38//38 37//37
f 297//297 37//37 298//298
f 37//37 94//94 298//298
f 298//298 94//94 92//92
f 298//298 92//92 299//299
f 299//299 92//92 90//90
f 299//299 90//90 300//300
f 300//300 90//90 89//89
f 300//300 89//89 301//301
f 301//301 89//89 86//86
f 301//301 86//86 302//302
f 302//302 86//86 81//81
f 302//302 81//81 303//303
f 303//303 81//81 80//80
f 303//303 80//80 304//304
f 304//304 80//80 76//76
f 304//304 76//76 305//305
f 305//305 76//76 97//97
f 305//305 97//97 290//290
f 290//290 97//97 49//49
f 290//290 49//49 44//44
f 306//306 307//307 308//308
f 308//308 307//307 309//309
f 308//308 309//309 310//310
f 310//310 309//309 311//311
f 310//310 311//311 312//312
f 312//312 311//311 313//313
f 312//312 313//313 314//314
f 314//314 313//313 315//315
f 316//316 317//317 318//318
f 318//318 317//317 319//319
f 318//318 319//319 320//320
f 320//320 319//319 321//321
f 320//320 321//321 322//322
f 322//322 321//321 323//323
f 322//322 323//323 315//315
f 315//315 323//323 324//324
f 315//315 324//324 314//314
f 306//306 325//325 307//307
f 307//307 325//325 326//326
f 307//307 326//326 327//327
f 327//327 326//326 328//328
f 327//327 328//328 329//329
f 329//329 328//328 330//330
f 329//329 330//330 331//331
f 331//331 330//330 332//332
f 331//331 332//332 316//316
f 316//316 332//332 333//333
f 316//316 333//333 317//317
f 334//334 335//335 294//294
f 294//294 335//335 293//293
f 335//335 336//336 293//293
f 293//293 336//336 337//337
f 293//293 337//337 292//292
f 292//292 337//337 338//338
f 292//292 338//338 291//291
f 291//291 338//338 339//339
f 291//291 339//339 290//290
f 290//290 339//339 340//340
f 290//290 340//340 305//305
f 305//305 340//340 341//341
f 305//305 341//341 304//304
f 304//304 341//341 342//342
f 304//304 342//342 303//303
f 303//303 342//342 343//343
f 303//303 343//343 302//302
f 302//302 343//343 344//344
f 302//302 344//344 301//301
f 301//301 344//344 345//345
f 301//301 345//345 300//300
f 300//300 345//345 346//346
f 300//300 346//346 299//299
f 299//299 346//346 347//347
f 299//299 347//347 298//298
f 298//298 347//347 348//348
f 298//298 348//348 297//297
f 297//297 348//348 349//349
f 297//297 349//349 296//296
f 296//296 349//349 334//334
f 296//296 334//334 295//295
f 295//295 334//334 294//294
f 350//350 285//285 286//286
f 350//350 351//351 285//285
f 285//285 351//351 352//352
f 285//285 352//352 284//284
f 352//352 353//353 284//284
f 284//284 353//353 354//354
f 284//284 354//354 283//283
f 354//354 355//355 283//283
f 283//283 355//355 356//356
f 283//283 356//356 282//282
f 356//356 357//357 282//282
f 282//282 357//357 358//358
f 282//282 358//358 281//281
f 358//358 359//359 281//281
f 281//281 359//359 360//360
f 281//281 360//360 280//280
f 360//360 361//361 280//280
f 280//280 361//361 362//362
f 280//280 362//362 279//279
f 279//279 362//362 363//363
f 279//279 363//363 278//278
f 278//278 363//363 364//364
f 278//278 364//364 277//277
f 364//364 365//365 277//277
f 277//277 365//365 366//366
f 277//277 366//366 276//276
f 366//366 367//367 276//276
f 276//276 367//367 368//368
f 276//276 368//368 275//275
f 368//368 369//369 275//275
f 275//275 369//369 370//370
f 275//275 370//370 274//274
f 370//370 371//371 274//274
f 274//274 371//371 372//372
f 274//274 372//372 289//289
f 372//372 373//373 289//289
f 289//289 373//373 374//374
f 289//289 374//374 288//288
f 374//374 375//375 288//288
f 288//288 375//375 376//376
f 288//288 376//376 287//287
f 376//376 377//377 287//287
f 287//287 377//377 378//378
f 287//287 378//378 286//286
f 286//286 378//378 379//379
f 286//286 379//379 350//350
f 380//380 381//381 382//382
f 382//382 381//381 383//383
f 382//382 383//383 384//384
f 384//384 383//383 385//385
f 384//384 385//385 386//386
f 386//386 385//385 387//387
f 386//386 387//387 388//388
f 389//389 390//390 391//391
f 391//391 390//390 392//392
f 391//391 392//392 393//393
f 393//393 392//392 394//394
f 393//393 394//394 395//395
f 395//395 394//394 396//396
f 395//395 396//396 380//380
f 380//380 396//396 397//397
f 380//380 397//397 381//381
f 387//387 398//398 388//388
f 388//388 398//398 399//399
f 388//388 399//399 400//400
f 400//400 399//399 401//401
f 400//400 401//401 402//402
f 402//402 401//401 403//403
f 402//402 403//403 404//404
f 404//404 403//403 405//405
f 404//404 405//405 389//389
f 389//389 405//405 406//406
f 389//389 406//406 390//390
f 407//407 408//408 409//409
f 130//130 129//129 410//410
f 410//410 129//129 411//411
f 410//410 411//411 412//412
f 412//412 413//413 410//410
f 410//410 413//413 414//414
f 410//410 414//414 415//415
f 407//407 409//409 415//415
f 143//143 136//136 416//416
f 416//416 136//136 409//409
f 416//416 409//409 417//417
f 417//417 409//409 408//408
f 415//415 409//409 410//410
f 410//410 409//409 418//418
f 410//410 418//418 419//419
f 419//419 418//418 420//420
f 419//419 420//420 421//421
f 421//421 420//420 422//422
f 421//421 422//422 423//423
f 423//423 422//422 424//424
f 423//423 424//424 425//425
f 425//425 424//424 426//426
f 425//425 426//426 427//427
f 427//427 426//426 428//428
f 427//427 428//428 429//429
f 429//429 428//428 250//250
f 429//429 250//250 251//251
f 430//430 431//431 432//432
f 432//432 431//431 433//433
f 431//431 434//434 435//435
f 436//436 437//437 438//438
f 438//438 437//437 435//435
f 435//435 437//437 439//439
f 435//435 439//439 431//431
f 440//440 433//433 441//441
f 441//441 433//433 442//442
f 438//438 443//443 436//436
f 436//436 443//443 444//444
f 436//436 444//444 445//445
f 445//445 444//444 446//446
f 445//445 446//446 447//447
f 447//447 446//446 448//448
f 447//447 448//448 449//449
f 439//439 450//450 431//431
f 431//431 450//450 451//451
f 431//431 451//451 433//433
f 433//433 451//451 452//452
f 433//433 452//452 442//442
f 442//442 453//453 441//441
f 441//441 453//453 454//454
f 441//441 454//454 455//455
f 455//455 454//454 449//449
f 455//455 449//449 456//456
f 456//456 449//449 448//448
f 457//457 458//458 459//459
f 459//459 458//458 460//460
f 458//458 461//461 462//462
f 463//463 464//464 465//465
f 465//465 464//464 466//466
f 466//466 464//464 467//467
f 466//466 467//467 468//468
f 468//468 467//467 469//469
f 468//468 469//469 462//462
f 462//462 469//469 470//470
f 462//462 470//470 458//458
f 465//465 471//471 463//463
f 463//463 471//471 472//472
f 463//463 472//472 473//473
f 473//473 472//472 474//474
f 473//473 474//474 475//475
f 475//475 474//474 476//476
f 475//475 476//476 477//477
f 477//477 476//476 478//478
f 477//477 478//478 479//479
f 479//479 478//478 480//480
f 479//479 480//480 481//481
f 481//481 480//480 460//460
f 481//481 460//460 482//482
f 482//482 460//460 458//458
f 482//482 458//458 483//483
f 483//483 458//458 470//470
f 459//459 460//460 245//245
f 245//245 460//460 480//480
f 245//245 480//480 247//247
f 458//458 457//457 461//461
f 461//461 457//457 131//131
f 461//461 131//131 133//133
f 431//431 430//430 434//434
f 434//434 430//430 248//248
f 434//434 248//248 249//249
f 432//432 433//433 124//124
f 124//124 433//433 440//440
f 124//124 440//440 126//126
f 484//484 485//485 486//486
f 486//486 485//485 487//487
f 486//486 487//487 488//488
f 488//488 487//487 489//489
f 488//488 489//489 490//490
f 489//489 491//491 490//490
f 490//490 491//491 492//492
f 490//490 492//492 493//493
f 493//493 492//492 494//494
f 493//493 494//494 495//495
f 495//495 494//494 496//496
f 495//495 496//496 497//497
f 498//498 499//499 500//500
f 500//500 499//499 501//501
f 496//496 502//502 497//497
f 497//497 502//502 503//503
f 497//497 503//503 504//504
f 504//504 503//503 505//505
f 504//504 505//505 506//506
f 506//506 505//505 507//507
f 506//506 507//507 508//508
f 508//508 507//507 509//509
f 508//508 509//509 510//510
f 510//510 509//509 511//511
f 510//510 511//511 512//512
f 512//512 511//511 500//500
f 512//512 500//500 513//513
f 513//513 500//500 501//501
f 513//513 501//501 484//484
f 484//484 501//501 514//514
f 484//484 514//514 485//485
f 515//515 236//236 516//516
f 516//516 236//236 241//241
f 517//517 228//228 518//518
f 518//518 228//228 233//233
f 519//519 520//520 521//521
f 521//521 520//520 522//522
f 521//521 522//522 523//523
f 524//524 525//525 526//526
f 526//526 525//525 527//527
f 526//526 527//527 528//528
f 523//523 522//522 529//529
f 529//529 522//522 530//530
f 529//529 530//530 531//531
f 531//531 530//530 532//532
f 531//531 532//532 524//524
f 524//524 532//532 533//533
f 524//524 533//533 525//525
f 527//527 534//534 528//528
f 528//528 534//534 535//535
f 528//528 535//535 536//536
f 536//536 535//535 537//537
f 536//536 537//537 538//538
f 538//538 537//537 539//539
f 538//538 539//539 540//540
f 540//540 539//539 541//541
f 540//540 541//541 542//542
f 542//542 541//541 543//543
f 542//542 543//543 544//544
f 544//544 543//543 545//545
f 544//544 545//545 546//546
f 546//546 545//545 547//547
f 546//546 547//547 519//519
f 519//519 547//547 548//548
f 519//519 548//548 520//520
f 520//520 548//548 549//549
f 520//520 549//549 550//550
f 116//116 109//109 110//110
f 178//178 160//160 551//551
f 210//210 208//208 212//212
f 212//212 208//208 207//207
f 212//212 207//207 552//552
f 553//553 554//554 555//555
f 554//554 553//553 556//556
f 556//556 553//553 118//118
f 556//556 118//118 557//557
f 557//557 118//118 116//116
f 557//557 116//116 558//558
f 178//178 551//551 552//552
f 552//552 551//551 553//553
f 552//552 553//553 212//212
f 212//212 553//553 555//555
f 212//212 555//555 559//559
f 560//560 222//222 561//561
f 561//561 222//222 220//220
f 561//561 220//220 562//562
f 558//558 116//116 563//563
f 563//563 116//116 110//110
f 563//563 110//110 564//564
f 564//564 110//110 226//226
f 564//564 226//226 560//560
f 560//560 226//226 224//224
f 560//560 224//224 222//222
f 220//220 218//218 562//562
f 562//562 218//218 216//216
f 562//562 216//216 565//565
f 565//565 216//216 214//214
f 565//565 214//214 566//566
f 566//566 214//214 212//212
f 566//566 212//212 567//567
f 567//567 212//212 559//559
f 252//252 255//255 568//568
f 569//569 570//570 571//571
f 571//571 570//570 568//568
f 572//572 573//573 122//122
f 122//122 573//573 99//99
f 122//122 99//99 101//101
f 568//568 255//255 574//574
f 572//572 122//122 569//569
f 569//569 122//122 120//120
f 569//569 120//120 570//570
f 255//255 257//257 574//574
f 574//574 257//257 259//259
f 574//574 259//259 575//575
f 575//575 259//259 261//261
f 575//575 261//261 576//576
f 576//576 261//261 263//263
f 576//576 263//263 577//577
f 252//252 568//568 578//578
f 578//578 568//568 570//570
f 578//578 570//570 153//153
f 153//153 570//570 579//579
f 153//153 579//579 154//154
f 263//263 265//265 577//577
f 577//577 265//265 267//267
f 577//577 267//267 580//580
f 580//580 267//267 269//269
f 580//580 269//269 581//581
f 581//581 269//269 271//271
f 581//581 271//271 582//582
f 582//582 271//271 273//273
f 582//582 273//273 583//583
f 583//583 273//273 99//99
f 583//583 99//99 584//584
f 584//584 99//99 573//573
f 585//585 586//586 587//587
f 588//588 589//589 586//586
f 586//586 589//589 590//590
f 586//586 590//590 587//587
f 591//591 592//592 588//588
f 588//588 592//592 593//593
f 588//588 593//593 589//589
f 594//594 595//595 591//591
f 591//591 595//595 596//596
f 591//591 596//596 592//592
f 597//597 598//598 594//594
f 594//594 598//598 599//599
f 594//594 599//599 595//595
f 600//600 601//601 597//597
f 597//597 601//601 602//602
f 597//597 602//602 598//598
f 603//603 604//604 605//605
f 605//605 604//604 606//606
f 605//605 606//606 607//607
f 607//607 606//606 608//608
f 607//607 608//608 600//600
f 600//600 608//608 609//609
f 600//600 609//609 601//601
f 610//610 611//611 603//603
f 603//603 611//611 612//612
f 603//603 612//612 604//604
f 613//613 614//614 610//610
f 610//610 614//614 615//615
f 610//610 615//615 611//611
f 616//616 617//617 613//613
f 613//613 617//617 618//618
f 613//613 618//618 614//614
f 619//619 620//620 616//616
f 616//616 620//620 621//621
f 616//616 621//621 617//617
f 587//587 622//622 585//585
f 585//585 622//622 623//623
f 585//585 623//623 619//619
f 619//619 623//623 624//624
f 619//619 624//624 620//620
f 625//625 626//626 627//627
f 628//628 629//629 626//626
f 626//626 629//629 630//630
f 626//626 630//630 627//627
f 631//631 632//632 628//628
f 628//628 632//632 633//633
f 628//628 633//633 629//629
f 634//634 635//635 631//631
f 631//631 635//635 636//636
f 631//631 636//636 632//632
f 637//637 638//638 634//634
f 634//634 638//638 639//639
f 634//634 639//639 635//635
f 640//640 641//641 637//637
f 637//637 641//641 642//642
f 637//637 642//642 638//638
f 643//643 644//644 640//640
f 640//640 644//644 645//645
f 640//640 645//645 641//641
f 646//646 647//647 643//643
f 643//643 647//647 648//648
f 643//643 648//648 644//644
f 649//649 650//650 646//646
f 646//646 650//650 651//651
f 646//646 651//651 647//647
f 652//652 653//653 649//649
f 649//649 653//653 654//654
f 649//649 654//654 650//650
f 655//655 656//656 652//652
f 652//652 656//656 657//657
f 652//652 657//657 653//653
f 658//658 659//659 655//655
f 655//655 659//659 660//660
f 655//655 660//660 656//656
f 627//627 661//661 625//625
f 625//625 661//661 662//662
f 625//625 662//662 658//658
f 658//658 662//662 663//663
f 658//658 663//663 659//659
f 664//664 665//665 666//666
f 666//666 665//665 667//667
f 666//666 667//667 668//668
f 669//669 670//670 671//671
f 671//671 670//670 672//672
f 671//671 672//672 673//673
f 673//673 672//672 674//674
f 675//675 676//676 667//667
f 667//667 676//676 677//677
f 667//667 677//677 668//668
f 678//678 679//679 680//680
f 680//680 681//681 678//678
f 678//678 681//681 682//682
f 678//678 682//682 683//683
f 684//684 685//685 686//686
f 685//685 687//687 686//686
f 686//686 687//687 688//688
f 686//686 688//688 675//675
f 675//675 688//688 689//689
f 675//675 689//689 676//676
f 669//669 690//690 670//670
f 670//670 690//690 691//691
f 670//670 691//691 679//679
f 679//679 691//691 692//692
f 679//679 692//692 680//680
f 664//664 674//674 665//665
f 665//665 674//674 672//672
f 665//665 672//672 693//693
f 693//693 672//672 694//694
f 693//693 694//694 695//695
f 695//695 694//694 696//696
f 695//695 696//696 697//697
f 697//697 696//696 698//698
f 697//697 698//698 699//699
f 699//699 698//698 700//700
f 699//699 700//700 701//701
f 701//701 700//700 702//702
f 701//701 702//702 703//703
f 703//703 702//702 704//704
f 703//703 704//704 705//705
f 705//705 704//704 706//706
f 705//705 706//706 707//707
f 707//707 706//706 708//708
f 707//707 708//708 686//686
f 686//686 708//708 678//678
f 686//686 678//678 684//684
f 684//684 678//678 683//683
f 228//228 517//517 229//229
f 229//229 517//517 155//155
f 229//229 155//155 163//163
f 516//516 241//241 170//170
f 170//170 241//241 240//240
f 170//170 240//240 146//146
f 518//518 233//233 102//102
f 102//102 233//233 232//232
f 102//102 232//232 104//104
f 236//236 515//515 237//237
f 237//237 515//515 107//107
f 237//237 107//107 113//113
f 134//134 132//132 709//709
f 709//709 132//132 710//710
f 709//709 710//710 711//711
f 711//711 710//710 712//712
f 711//711 712//712 713//713
f 713//713 712//712 714//714
f 713//713 714//714 715//715
f 715//715 714//714 716//716
f 715//715 716//716 172//172
f 172//172 716//716 173//173
f 125//125 127//127 717//717
f 125//125 717//717 148//148
f 148//148 717//717 718//718
f 148//148 718//718 149//149
f 148//148 205//205 125//125
f 125//125 205//205 203//203
f 125//125 203//203 199//199
f 199//199 203//203 201//201
f 719//719 145//145 134//134
f 172//172 174//174 720//720
f 711//711 713//713 709//709
f 709//709 713//713 134//134
f 720//720 719//719 172//172
f 172//172 719//719 134//134
f 172//172 134//134 715//715
f 715//715 134//134 713//713
f 721//721 722//722 723//723
f 723//723 722//722 724//724
f 723//723 724//724 725//725
f 725//725 724//724 726//726
f 725//725 726//726 727//727
f 727//727 726//726 728//728
f 727//727 728//728 140//140
f 140//140 728//728 137//137
f 165//165 151//151 729//729
f 729//729 151//151 730//730
f 729//729 730//730 731//731
f 731//731 730//730 732//732
f 731//731 732//732 721//721
f 721//721 732//732 722//722
f 733//733 734//734 735//735
f 735//735 734//734 736//736
f 737//737 738//738 739//739
f 739//739 738//738 740//740
f 741//741 742//742 743//743
f 743//743 742//742 744//744
f 745//745 746//746 747//747
f 747//747 746//746 748//748
f 746//746 740//740 748//748
f 748//748 740//740 738//738
f 749//749 750//750 742//742
f 742//742 750//750 740//740
f 742//742 740//740 744//744
f 744//744 740//740 746//746
f 744//744 746//746 751//751
f 751//751 746//746 752//752
f 753//753 754//754 734//734
f 734//734 754//754 748//748
f 734//734 748//748 736//736
f 736//736 748//748 738//738
f 736//736 738//738 755//755
f 755//755 738//738 756//756
f 757//757 758//758 759//759
f 759//759 758//758 760//760
f 761//761 762//762 763//763
f 763//763 762//762 764//764
f 765//765 766//766 767//767
f 767//767 766//766 768//768
f 769//769 770//770 771//771
f 771//771 770//770 772//772
f 770//770 764//764 772//772
f 772//772 764//764 762//762
f 773//773 774//774 766//766
f 766//766 774//774 764//764
f 766//766 764//764 768//768
f 768//768 764//764 770//770
f 768//768 770//770 775//775
f 775//775 770//770 776//776
f 777//777 778//778 758//758
f 758//758 778//778 772//772
f 758//758 772//772 760//760
f 760//760 772//772 762//762
f 760//760 762//762 779//779
f 779//779 762//762 780//780
f 743//743 744//744 781//781
f 781//781 744//744 751//751
f 781//781 751//751 782//782
f 782//782 751//751 752//752
f 782//782 752//752 745//745
f 745//745 752//752 746//746
f 739//739 740//740 783//783
f 783//783 740//740 750//750
f 783//783 750//750 784//784
f 784//784 750//750 749//749
f 784//784 749//749 741//741
f 741//741 749//749 742//742
f 767//767 768//768 785//785
f 785//785 768//768 775//775
f 785//785 775//775 786//786
f 786//786 775//775 776//776
f 786//786 776//776 769//769
f 769//769 776//776 770//770
f 763//763 764//764 787//787
f 787//787 764//764 774//774
f 787//787 774//774 788//788
f 788//788 774//774 773//773
f 788//788 773//773 765//765
f 765//765 773//773 766//766
f 747//747 748//748 789//789
f 789//789 748//748 754//754
f 789//789 754//754 790//790
f 790//790 754//754 753//753
f 790//790 753//753 733//733
f 733//733 753//753 734//734
f 735//735 736//736 791//791
f 791//791 736//736 755//755
f 791//791 755//755 792//792
f 792//792 755//755 756//756
f 792//792 756//756 737//737
f 737//737 756//756 738//738
f 771//771 772//772 793//793
f 793//793 772//772 778//778
f 793//793 778//778 794//794
f 794//794 778//778 777//777
f 794//794 777//777 757//757
f 757//757 777//777 758//758
f 759//759 760//760 795//795
f 795//795 760//760 779//779
f 795//795 779//779 796//796
f 796//796 779//779 780//780
f 796//796 780//780 761//761
f 761//761 780//780 762//762
f 797//797 119//119 121//121
f 33//33 79//79 78//78
f 797//797 121//121 798//798
f 798//798 121//121 103//103
f 798//798 103//103 799//799
f 799//799 103//103 105//105
f 799//799 105//105 78//78
f 78//78 105//105 71//71
f 78//78 71//71 33//33
f 115//115 117//117 800//800
f 115//115 800//800 114//114
f 800//800 801//801 114//114
f 114//114 801//801 802//802
f 114//114 802//802 111//111
f 111//111 802//802 75//75
f 74//74 82//82 75//75
f 75//75 82//82 83//83
f 75//75 83//83 111//111
f 799//799 78//78 802//802
f 802//802 78//78 75//75
f 160//160 154//154 579//579
f 160//160 579//579 551//551
f 551//551 579//579 570//570
f 551//551 570//570 553//553
f 553//553 570//570 120//120
f 553//553 120//120 118//118
f 799//799 802//802 801//801
f 799//799 801//801 798//798
f 798//798 801//801 800//800
f 798//798 800//800 797//797
f 797//797 800//800 117//117
f 797//797 117//117 119//119
f 122//122 101//101 121//121
f 121//121 101//101 103//103
f 115//115 114//114 116//116
f 116//116 114//114 109//109
f 153//153 152//152 578//578
f 578//578 152//152 803//803
f 578//578 803//803 252//252
f 252//252 803//803 253//253
f 168//168 178//178 804//804
f 804//804 178//178 552//552
f 804//804 552//552 206//206
f 206//206 552//552 207//207
f 112//112 111//111 84//84
f 84//84 111//111 83//83
f 48//48 46//46 805//805
f 805//805 46//46 806//806
f 805//805 806//806 807//807
f 807//807 806//806 808//808
f 807//807 808//808 246//246
f 246//246 808//808 244//244
f 105//105 106//106 71//71
f 71//71 106//106 72//72
f 165//165 729//729 175//175
f 175//175 729//729 731//731
f 175//175 731//731 174//174
f 174//174 731//731 721//721
f 174//174 721//721 720//720
f 723//723 719//719 721//721
f 721//721 719//719 720//720
f 719//719 723//723 145//145
f 145//145 723//723 725//725
f 145//145 725//725 144//144
f 144//144 725//725 727//727
f 144//144 727//727 140//140
f 718//718 722//722 149//149
f 149//149 722//722 732//732
f 149//149 732//732 150//150
f 150//150 732//732 730//730
f 150//150 730//730 151//151
f 717//717 724//724 718//718
f 718//718 724//724 722//722
f 137//137 728//728 138//138
f 138//138 728//728 726//726
f 138//138 726//726 127//127
f 127//127 726//726 724//724
f 127//127 724//724 717//717
f 161//161 741//741 162//162
f 162//162 741//741 743//743
f 741//741 161//161 784//784
f 784//784 161//161 159//159
f 784//784 159//159 783//783
f 783//783 159//159 158//158
f 783//783 158//158 739//739
f 739//739 158//158 195//195
f 745//745 186//186 782//782
f 782//782 186//186 185//185
f 782//782 185//185 781//781
f 781//781 185//185 184//184
f 781//781 184//184 743//743
f 743//743 184//184 162//162
f 192//192 737//737 195//195
f 195//195 737//737 739//739
f 747//747 187//187 745//745
f 745//745 187//187 186//186
f 737//737 192//192 792//792
f 792//792 192//192 191//191
f 792//792 191//191 791//791
f 791//791 191//191 189//189
f 791//791 189//189 735//735
f 735//735 189//189 166//166
f 733//733 164//164 790//790
f 790//790 164//164 157//157
f 790//790 157//157 789//789
f 789//789 157//157 156//156
f 789//789 156//156 747//747
f 747//747 156//156 187//187
f 164//164 733//733 166//166
f 166//166 733//733 735//735
f 769//769 196//196 786//786
f 786//786 196//196 194//194
f 786//786 194//194 785//785
f 785//785 194//194 193//193
f 785//785 193//193 767//767
f 767//767 193//193 180//180
f 771//771 197//197 769//769
f 769//769 197//197 196//196
f 179//179 765//765 180//180
f 180//180 765//765 767//767
f 757//757 181//181 794//794
f 794//794 181//181 188//188
f 794//794 188//188 793//793
f 793//793 188//188 190//190
f 793//793 190//190 771//771
f 771//771 190//190 197//197
f 765//765 179//179 788//788
f 788//788 179//179 177//177
f 788//788 177//177 787//787
f 787//787 177//177 176//176
f 787//787 176//176 763//763
f 763//763 176//176 167//167
f 759//759 182//182 757//757
f 757//757 182//182 181//181
f 169//169 761//761 167//167
f 167//167 761//761 763//763
f 761//761 169//169 796//796
f 796//796 169//169 171//171
f 796//796 171//171 795//795
f 795//795 171//171 183//183
f 795//795 183//183 759//759
f 759//759 183//183 182//182
f 441//441 136//136 440//440
f 440//440 136//136 126//126
f 435//435 250//250 428//428
f 435//435 428//428 438//438
f 438//438 428//428 426//426
f 438//438 426//426 443//443
f 443//443 426//426 424//424
f 443//443 424//424 444//444
f 444//444 424//424 422//422
f 444//444 422//422 446//446
f 446//446 422//422 420//420
f 446//446 420//420 448//448
f 448//448 420//420 418//418
f 448//448 418//418 456//456
f 456//456 418//418 409//409
f 456//456 409//409 455//455
f 455//455 409//409 136//136
f 455//455 136//136 441//441
f 434//434 249//249 435//435
f 435//435 249//249 250//250
f 678//678 449//449 679//679
f 679//679 449//449 454//454
f 679//679 454//454 670//670
f 670//670 454//454 453//453
f 670//670 453//453 672//672
f 672//672 453//453 442//442
f 672//672 442//442 694//694
f 694//694 442//442 452//452
f 694//694 452//452 696//696
f 696//696 452//452 451//451
f 696//696 451//451 698//698
f 698//698 451//451 450//450
f 698//698 450//450 700//700
f 700//700 450//450 439//439
f 700//700 439//439 702//702
f 702//702 439//439 437//437
f 702//702 437//437 704//704
f 704//704 437//437 436//436
f 704//704 436//436 706//706
f 706//706 436//436 445//445
f 706//706 445//445 708//708
f 708//708 445//445 447//447
f 708//708 447//447 678//678
f 678//678 447//447 449//449
f 693//693 482//482 665//665
f 665//665 482//482 483//483
f 665//665 483//483 667//667
f 667//667 483//483 470//470
f 667//667 470//470 675//675
f 675//675 470//470 469//469
f 675//675 469//469 686//686
f 686//686 469//469 467//467
f 686//686 467//467 707//707
f 707//707 467//467 464//464
f 707//707 464//464 705//705
f 705//705 464//464 463//463
f 705//705 463//463 703//703
f 703//703 463//463 473//473
f 703//703 473//473 701//701
f 701//701 473//473 475//475
f 701//701 475//475 699//699
f 699//699 475//475 477//477
f 699//699 477//477 697//697
f 697//697 477//477 479//479
f 697//697 479//479 695//695
f 695//695 479//479 481//481
f 695//695 481//481 693//693
f 693//693 481//481 482//482
f 478//478 251//251 480//480
f 480//480 251//251 247//247
f 462//462 130//130 410//410
f 462//462 410//410 468//468
f 468//468 410//410 419//419
f 468//468 419//419 466//466
f 466//466 419//419 421//421
f 466//466 421//421 465//465
f 465//465 421//421 423//423
f 465//465 423//423 471//471
f 471//471 423//423 425//425
f 471//471 425//425 472//472
f 472//472 425//425 427//427
f 472//472 427//427 474//474
f 474//474 427//427 429//429
f 474//474 429//429 476//476
f 476//476 429//429 251//251
f 476//476 251//251 478//478
f 461//461 133//133 462//462
f 462//462 133//133 130//130
f 809//809 810//810 811//811
f 811//811 810//810 812//812
f 811//811 812//812 813//813
f 813//813 812//812 814//814
f 813//813 814//814 815//815
f 815//815 814//814 816//816
f 815//815 816//816 817//817
f 817//817 816//816 818//818
f 817//817 818//818 819//819
f 819//819 818//818 820//820
f 819//819 820//820 821//821
f 821//821 820//820 822//822
f 821//821 822//822 823//823
f 823//823 822//822 824//824
f 823//823 824//824 825//825
f 825//825 824//824 826//826
f 825//825 826//826 827//827
f 827//827 826//826 828//828
f 827//827 828//828 829//829
f 829//829 828//828 830//830
f 829//829 830//830 831//831
f 831//831 830//830 832//832
f 831//831 832//832 809//809
f 809//809 832//832 810//810
f 829//829 831//831 833//833
f 833//833 831//831 809//809
f 833//833 809//809 811//811
f 823//823 825//825 833//833
f 833//833 825//825 827//827
f 833//833 827//827 829//829
f 817//817 819//819 833//833
f 833//833 819//819 821//821
f 833//833 821//821 823//823
f 811//811 813//813 833//833
f 833//833 813//813 815//815
f 833//833 815//815 817//817
f 834//834 835//835 836//836
f 836//836 835//835 837//837
f 836//836 837//837 838//838
f 838//838 837//837 839//839
f 838//838 839//839 840//840
f 840//840 839//839 841//841
f 840//840 841//841 842//842
f 842//842 841//841 843//843
f 842//842 843//843 844//844
f 844//844 843//843 845//845
f 844//844 845//845 846//846
f 846//846 845//845 847//847
f 846//846 847//847 848//848
f 848//848 847//847 849//849
f 848//848 849//849 850//850
f 850//850 849//849 851//851
f 850//850 851//851 852//852
f 852//852 851//851 853//853
f 852//852 853//853 854//854
f 854//854 853//853 855//855
f 854//854 855//855 856//856
f 856//856 855//855 857//857
f 856//856 857//857 834//834
f 834//834 857//857 835//835
f 854//854 856//856 858//858
f 858//858 856//856 834//834
f 858//858 834//834 836//836
f 848//848 850//850 858//858
f 858//858 850//850 852//852
f 858//858 852//852 854//854
f 842//842 844//844 858//858
f 858//858 844//844 846//846
f 858//858 846//846 848//848
f 836//836 838//838 858//858
f 858//858 838//838 840//840
f 858//858 840//840 842//842
f 326//326 325//325 335//335
f 335//335 325//325 336//336
f 325//325 306//306 336//336
f 336//336 306//306 308//308
f 336//336 308//308 337//337
f 337//337 308//308 310//310
f 337//337 310//310 338//338
f 338//338 310//310 312//312
f 338//338 312//312 339//339
f 339//339 312//312 314//314
f 339//339 314//314 340//340
f 340//340 314//314 324//324
f 340//340 324//324 341//341
f 341//341 324//324 323//323
f 341//341 323//323 342//342
f 342//342 323//323 321//321
f 342//342 321//321 343//343
f 343//343 321//321 319//319
f 343//343 319//319 344//344
f 344//344 319//319 317//317
f 344//344 317//317 345//345
f 345//345 317//317 333//333
f 345//345 333//333 346//346
f 346//346 333//333 332//332
f 346//346 332//332 347//347
f 347//347 332//332 330//330
f 347//347 330//330 348//348
f 348//348 330//330 328//328
f 348//348 328//328 349//349
f 349//349 328//328 326//326
f 349//349 326//326 334//334
f 334//334 326//326 335//335
f 837//837 327//327 839//839
f 839//839 327//327 329//329
f 839//839 329//329 841//841
f 841//841 329//329 331//331
f 841//841 331//331 843//843
f 843//843 331//331 316//316
f 843//843 316//316 845//845
f 845//845 316//316 318//318
f 845//845 318//318 847//847
f 847//847 318//318 320//320
f 847//847 320//320 849//849
f 849//849 320//320 322//322
f 849//849 322//322 851//851
f 851//851 322//322 315//315
f 851//851 315//315 853//853
f 853//853 315//315 313//313
f 853//853 313//313 855//855
f 855//855 313//313 311//311
f 855//855 311//311 857//857
f 857//857 311//311 309//309
f 857//857 309//309 835//835
f 835//835 309//309 307//307
f 835//835 307//307 837//837
f 837//837 307//307 327//327
f 396//396 394//394 363//363
f 363//363 362//362 396//396
f 396//396 362//362 361//361
f 396//396 361//361 397//397
f 361//361 360//360 397//397
f 397//397 360//360 359//359
f 397//397 359//359 381//381
f 359//359 358//358 381//381
f 381//381 358//358 357//357
f 381//381 357//357 383//383
f 357//357 356//356 383//383
f 383//383 356//356 355//355
f 383//383 355//355 385//385
f 355//355 354//354 385//385
f 385//385 354//354 353//353
f 385//385 353//353 387//387
f 353//353 352//352 387//387
f 387//387 352//352 351//351
f 387//387 351//351 398//398
f 351//351 350//350 398//398
f 398//398 350//350 379//379
f 398//398 379//379 399//399
f 379//379 378//378 399//399
f 399//399 378//378 377//377
f 399//399 377//377 401//401
f 377//377 376//376 401//401
f 401//401 376//376 375//375
f 401//401 375//375 403//403
f 375//375 374//374 403//403
f 403//403 374//374 373//373
f 403//403 373//373 405//405
f 373//373 372//372 405//405
f 405//405 372//372 371//371
f 405//405 371//371 406//406
f 371//371 370//370 406//406
f 406//406 370//370 369//369
f 406//406 369//369 390//390
f 369//369 368//368 390//390
f 390//390 368//368 367//367
f 390//390 367//367 392//392
f 367//367 366//366 392//392
f 392//392 366//366 365//365
f 392//392 365//365 394//394
f 394//394 365//365 364//364
f 394//394 364//364 363//363
f 812//812 400//400 814//814
f 814//814 400//400 402//402
f 814//814 402//402 816//816
f 816//816 402//402 404//404
f 816//816 404//404 818//818
f 818//818 404//404 389//389
f 818//818 389//389 820//820
f 820//820 389//389 391//391
f 820//820 391//391 822//822
f 822//822 391//391 393//393
f 822//822 393//393 824//824
f 824//824 393//393 395//395
f 824//824 395//395 826//826
f 826//826 395//395 380//380
f 826//826 380//380 828//828
f 828//828 380//380 382//382
f 828//828 382//382 830//830
f 830//830 382//382 384//384
f 830//830 384//384 832//832
f 832//832 384//384 386//386
f 832//832 386//386 810//810
f 810//810 386//386 388//388
f 810//810 388//388 812//812
f 812//812 388//388 400//400
f 530//530 100//100 272//272
f 530//530 272//272 532//532
f 532//532 272//272 270//270
f 532//532 270//270 533//533
f 533//533 270//270 268//268
f 533//533 268//268 525//525
f 525//525 268//268 266//266
f 525//525 266//266 527//527
f 527//527 266//266 264//264
f 527//527 264//264 534//534
f 534//534 264//264 262//262
f 534//534 262//262 535//535
f 535//535 262//262 260//260
f 535//535 260//260 537//537
f 537//537 260//260 258//258
f 537//537 258//258 539//539
f 539//539 258//258 256//256
f 539//539 256//256 541//541
f 541//541 256//256 254//254
f 541//541 254//254 543//543
f 543//543 254//254 253//253
f 543//543 253//253 545//545
f 522//522 102//102 530//530
f 530//530 102//102 100//100
f 152//152 548//548 803//803
f 803//803 548//548 547//547
f 803//803 547//547 253//253
f 253//253 547//547 545//545
f 520//520 518//518 522//522
f 522//522 518//518 102//102
f 155//155 549//549 152//152
f 152//152 549//549 548//548
f 550//550 517//517 520//520
f 520//520 517//517 518//518
f 517//517 550//550 155//155
f 155//155 550//550 549//549
f 529//529 606//606 523//523
f 523//523 606//606 604//604
f 523//523 604//604 521//521
f 521//521 604//604 612//612
f 612//612 611//611 521//521
f 521//521 611//611 615//615
f 521//521 615//615 519//519
f 615//615 614//614 519//519
f 519//519 614//614 618//618
f 519//519 618//618 546//546
f 618//618 617//617 546//546
f 546//546 617//617 621//621
f 546//546 621//621 544//544
f 544//544 621//621 620//620
f 544//544 620//620 542//542
f 620//620 624//624 542//542
f 542//542 624//624 623//623
f 542//542 623//623 540//540
f 540//540 623//623 622//622
f 540//540 622//622 538//538
f 622//622 587//587 538//538
f 538//538 587//587 590//590
f 538//538 590//590 536//536
f 590//590 589//589 536//536
f 536//536 589//589 593//593
f 536//536 593//593 528//528
f 593//593 592//592 528//528
f 528//528 592//592 596//596
f 528//528 596//596 526//526
f 596//596 595//595 526//526
f 526//526 595//595 599//599
f 526//526 599//599 524//524
f 599//599 598//598 524//524
f 524//524 598//598 602//602
f 524//524 602//602 531//531
f 602//602 601//601 531//531
f 531//531 601//601 609//609
f 531//531 609//609 529//529
f 529//529 609//609 608//608
f 529//529 608//608 606//606
f 499//499 516//516 501//501
f 501//501 516//516 170//170
f 498//498 515//515 499//499
f 499//499 515//515 516//516
f 168//168 514//514 170//170
f 170//170 514//514 501//501
f 500//500 107//107 498//498
f 498//498 107//107 515//515
f 206//206 487//487 804//804
f 804//804 487//487 485//485
f 804//804 485//485 168//168
f 168//168 485//485 514//514
f 511//511 108//108 500//500
f 500//500 108//108 107//107
f 487//487 206//206 209//209
f 487//487 209//209 489//489
f 489//489 209//209 211//211
f 489//489 211//211 491//491
f 491//491 211//211 213//213
f 491//491 213//213 492//492
f 492//492 213//213 215//215
f 492//492 215//215 494//494
f 494//494 215//215 217//217
f 494//494 217//217 496//496
f 496//496 217//217 219//219
f 496//496 219//219 502//502
f 502//502 219//219 221//221
f 502//502 221//221 503//503
f 503//503 221//221 223//223
f 503//503 223//223 505//505
f 505//505 223//223 225//225
f 505//505 225//225 507//507
f 507//507 225//225 227//227
f 507//507 227//227 509//509
f 509//509 227//227 108//108
f 509//509 108//108 511//511
f 626//626 493//493 628//628
f 628//628 493//493 495//495
f 628//628 495//495 631//631
f 631//631 495//495 497//497
f 631//631 497//497 634//634
f 634//634 497//497 504//504
f 634//634 504//504 637//637
f 637//637 504//504 506//506
f 637//637 506//506 640//640
f 640//640 506//506 508//508
f 640//640 508//508 643//643
f 643//643 508//508 510//510
f 643//643 510//510 646//646
f 646//646 510//510 512//512
f 646//646 512//512 649//649
f 649//649 512//512 513//513
f 649//649 513//513 652//652
f 652//652 513//513 484//484
f 652//652 484//484 655//655
f 655//655 484//484 486//486
f 655//655 486//486 658//658
f 658//658 486//486 488//488
f 658//658 488//488 625//625
f 625//625 488//488 490//490
f 625//625 490//490 626//626
f 626//626 490//490 493//493
f 239//239 147//147 240//240
f 240//240 147//147 146//146
f 24//24 123//123 22//22
f 22//22 123//123 198//198
f 22//22 198//198 20//20
f 20//20 198//198 200//200
f 147//147 239//239 204//204
f 204//204 239//239 242//242
f 204//204 242//242 202//202
f 202//202 242//242 243//243
f 202//202 243//243 200//200
f 200//200 243//243 36//36
f 200//200 36//36 20//20
f 26//26 124//124 24//24
f 24//24 124//124 123//123
f 50//50 48//48 805//805
f 246//246 28//28 807//807
f 807//807 28//28 19//19
f 807//807 19//19 805//805
f 805//805 19//19 18//18
f 805//805 18//18 50//50
f 30//30 432//432 26//26
f 26//26 432//432 124//124
f 248//248 32//32 246//246
f 246//246 32//32 28//28
f 31//31 430//430 30//30
f 30//30 430//430 432//432
f 430//430 31//31 248//248
f 248//248 31//31 32//32
f 173//173 230//230 163//163
f 163//163 230//230 229//229
f 712//712 67//67 714//714
f 714//714 67//67 234//234
f 714//714 234//234 716//716
f 716//716 234//234 235//235
f 716//716 235//235 173//173
f 173//173 235//235 230//230
f 132//132 12//12 710//710
f 710//710 12//12 14//14
f 710//710 14//14 712//712
f 712//712 14//14 16//16
f 712//712 16//16 67//67
f 131//131 11//11 132//132
f 132//132 11//11 12//12
f 457//457 9//9 131//131
f 131//131 9//9 11//11
f 459//459 1//1 457//457
f 457//457 1//1 9//9
f 245//245 2//2 459//459
f 459//459 2//2 1//1
f 244//244 4//4 245//245
f 245//245 4//4 2//2
f 45//45 8//8 6//6
f 6//6 4//4 244//244
f 46//46 45//45 806//806
f 806//806 45//45 6//6
f 806//806 6//6 808//808
f 808//808 6//6 244//244
f 231//231 106//106 232//232
f 232//232 106//106 104//104
f 231//231 69//69 106//106
f 106//106 69//69 73//73
f 106//106 73//73 72//72
f 112//112 238//238 113//113
f 113//113 238//238 237//237
f 87//87 238//238 85//85
f 85//85 238//238 112//112
f 85//85 112//112 84//84
f 586//586 575//575 588//588
f 588//588 575//575 576//576
f 588//588 576//576 591//591
f 591//591 576//576 577//577
f 591//591 577//577 594//594
f 594//594 577//577 580//580
f 594//594 580//580 597//597
f 597//597 580//580 581//581
f 597//597 581//581 600//600
f 600//600 581//581 582//582
f 600//600 582//582 607//607
f 607//607 582//582 583//583
f 607//607 583//583 605//605
f 605//605 583//583 584//584
f 605//605 584//584 603//603
f 603//603 584//584 573//573
f 603//603 573//573 610//610
f 610//610 573//573 572//572
f 610//610 572//572 613//613
f 613//613 572//572 569//569
f 613//613 569//569 616//616
f 616//616 569//569 571//571
f 616//616 571//571 619//619
f 619//619 571//571 568//568
f 619//619 568//568 585//585
f 585//585 568//568 574//574
f 585//585 574//574 586//586
f 586//586 574//574 575//575
f 558//558 563//563 648//648
f 648//648 647//647 558//558
f 558//558 647//647 651//651
f 558//558 651//651 557//557
f 651//651 650//650 557//557
f 557//557 650//650 654//654
f 557//557 654//654 556//556
f 556//556 654//654 653//653
f 556//556 653//653 554//554
f 554//554 653//653 657//657
f 657//657 656//656 554//554
f 554//554 656//656 660//660
f 554//554 660//660 555//555
f 555//555 660//660 659//659
f 555//555 659//659 559//559
f 659//659 663//663 559//559
f 559//559 663//663 662//662
f 559//559 662//662 567//567
f 567//567 662//662 661//661
f 567//567 661//661 566//566
f 566//566 661//661 627//627
f 566//566 627//627 565//565
f 627//627 630//630 565//565
f 565//565 630//630 629//629
f 565//565 629//629 562//562
f 562//562 629//629 633//633
f 633//633 632//632 562//562
f 562//562 632//632 636//636
f 562//562 636//636 561//561
f 561//561 636//636 635//635
f 561//561 635//635 560//560
f 635//635 639//639 560//560
f 560//560 639//639 638//638
f 560//560 638//638 564//564
f 564//564 638//638 642//642
f 642//642 641//641 564//564
f 564//564 641//641 645//645
f 564//564 645//645 563//563
f 563//563 645//645 644//644
f 563//563 644//644 648//648
f 673//673 859//859 141//141
f 691//691 690//690 142//142
f 142//142 690//690 669//669
f 142//142 669//669 141//141
f 141//141 669//669 671//671
f 141//141 671//671 673//673
f 691//691 142//142 692//692
f 692//692 142//142 143//143
f 692//692 143//143 680//680
f 680//680 143//143 416//416
f 680//680 416//416 681//681
f 416//416 417//417 681//681
f 681//681 417//417 408//408
f 681//681 408//408 682//682
f 682//682 408//408 683//683
f 683//683 408//408 407//407
f 683//683 407//407 860//860
f 860//860 407//407 861//861
f 860//860 861//861 685//685
f 685//685 861//861 414//414
f 685//685 414//414 687//687
f 687//687 414//414 413//413
f 687//687 413//413 412//412
f 135//135 668//668 128//128
f 128//128 668//668 677//677
f 128//128 677//677 129//129
f 129//129 677//677 676//676
f 129//129 676//676 411//411
f 411//411 676//676 689//689
f 411//411 689//689 412//412
f 412//412 689//689 688//688
f 412//412 688//688 687//687
f 673//673 674//674 859//859
f 859//859 674//674 664//664
f 859//859 664//664 135//135
f 135//135 664//664 666//666
f 135//135 666//666 668//668
# 1728 faces, 0 coords texture

# End of File
