####
#
# OBJ File Generated by Meshlab
#
####
# Object astribot_gripper_R11_Link.obj
#
# Vertices: 3738
# Faces: 7548
#
####
vn 6.269404 -0.132568 -0.207594
v -0.018000 0.010750 0.028858
vn 5.410247 2.282427 -0.363845
v -0.018000 0.013700 0.028858
vn 3.005221 -3.406725 -0.815977
v -0.017825 0.010750 0.030169
vn 5.266757 2.343420 -1.430027
v -0.017825 0.013700 0.030169
vn 2.686395 -3.406727 -1.574945
v -0.017314 0.010750 0.031387
vn 4.708008 2.343414 -2.760152
v -0.017314 0.013700 0.031387
vn 2.506183 -3.110117 -1.893728
v -0.016500 0.010750 0.032429
vn 4.274109 2.193613 -3.232497
v -0.016500 0.013700 0.032429
vn 5.410246 -2.282427 -0.363844
v -0.018000 -0.013700 0.028858
vn 6.269403 0.132568 -0.207594
v -0.018000 -0.010750 0.028858
vn 5.266757 -2.343420 -1.430029
v -0.017825 -0.013700 0.030169
vn 3.005221 3.406725 -0.815977
v -0.017825 -0.010750 0.030169
vn 4.708009 -2.343413 -2.760151
v -0.017314 -0.013700 0.031387
vn 2.686395 3.406726 -1.574945
v -0.017314 -0.010750 0.031387
vn 4.274109 -2.193613 -3.232498
v -0.016500 -0.013700 0.032429
vn 2.506183 3.110118 -1.893728
v -0.016500 -0.010750 0.032429
vn -0.410840 -2.289293 -5.413422
v -0.006245 -0.007650 -0.002000
vn -0.233583 0.149277 -6.265718
v -0.006245 -0.003950 -0.002000
vn -1.607094 -2.357147 -5.222108
v -0.005363 -0.007650 -0.002133
vn -0.913775 3.440147 -2.969228
v -0.005363 -0.003950 -0.002133
vn -3.072027 -2.357147 -4.518387
v -0.004558 -0.007650 -0.002519
vn -1.746718 3.440147 -2.569101
v -0.004558 -0.003950 -0.002519
vn -3.607930 -2.198058 -3.973714
v -0.003903 -0.007650 -0.003125
vn -2.111067 3.122652 -2.326395
v -0.003903 -0.003950 -0.003125
vn -0.233583 -0.149277 -6.265718
v -0.006245 0.003950 -0.002000
vn -0.410840 2.289293 -5.413422
v -0.006245 0.007650 -0.002000
vn -0.913775 -3.440147 -2.969228
v -0.005363 0.003950 -0.002133
vn -1.607094 2.357147 -5.222108
v -0.005363 0.007650 -0.002133
vn -1.746718 -3.440145 -2.569101
v -0.004558 0.003950 -0.002519
vn -3.072026 2.357147 -4.518387
v -0.004558 0.007650 -0.002519
vn -2.111067 -3.122647 -2.326395
v -0.003903 0.003950 -0.003125
vn -3.607930 2.198059 -3.973713
v -0.003903 0.007650 -0.003125
vn 5.209687 -2.329895 0.326701
v -0.018000 0.008300 0.028800
vn 5.451653 -2.113713 0.199537
v -0.018000 0.008300 0.022800
vn 5.209673 0.326675 2.329926
v -0.018000 -0.010000 0.030500
vn 2.681510 3.926991 1.110737
v -0.018000 -0.010750 0.030500
vn 2.681510 -3.926984 1.110737
v -0.018000 0.010750 0.030500
vn 5.209674 -0.326675 2.329926
v -0.018000 0.010000 0.030500
vn 5.513118 1.889925 0.758847
v -0.018000 -0.008125 0.021920
vn 5.451653 2.113734 0.199543
v -0.018000 -0.008300 0.022800
vn 5.209685 2.329895 0.326702
v -0.018000 -0.008300 0.028800
vn 5.451640 0.199491 2.113691
v -0.018000 -0.006000 0.020500
vn 5.505125 0.744423 1.908278
v -0.018000 -0.006880 0.020675
vn 3.665198 2.627995 -1.517255
v -0.018000 -0.001083 0.019125
vn 5.056328 -1.219172 2.111700
v -0.018000 0.009150 0.030272
vn 5.056327 -2.111673 1.219204
v -0.018000 0.008528 0.029650
vn 3.665205 1.517273 -2.627985
v -0.018000 -0.000625 0.019582
vn 3.665192 -0.000000 0.000016
v -0.018000 0.000000 0.019750
vn 5.451641 -0.199503 2.113738
v -0.018000 0.006000 0.020500
vn 5.056327 2.111674 1.219201
v -0.018000 -0.008528 0.029650
vn 5.056330 1.219170 2.111700
v -0.018000 -0.009150 0.030272
vn 5.517347 1.462623 1.414939
v -0.018000 -0.007626 0.021174
vn 5.221823 -2.262226 -0.606136
v -0.018000 -0.013540 0.021405
vn 5.139406 2.339663 0.602631
v -0.018000 0.001000 0.016973
vn 5.477554 2.074157 -0.258126
v -0.018000 0.001700 0.015800
vn 5.592069 1.668721 -0.963412
v -0.018000 0.001971 0.016812
vn 3.665195 -2.628151 -1.517412
v -0.018000 0.001083 0.019125
vn 5.592084 0.963439 -1.668694
v -0.018000 0.002713 0.017554
vn 3.665209 -1.517274 -2.627984
v -0.018000 0.000625 0.019582
vn 5.592072 0.000000 -1.926850
v -0.018000 0.003725 0.017825
vn 5.292436 -1.722441 -1.504387
v -0.018000 -0.012323 0.019298
vn 5.424092 -1.618293 -1.424473
v -0.018000 -0.009202 0.016177
vn 5.592069 1.668723 -0.963411
v -0.018000 -0.005479 0.016812
vn 5.485131 -1.802826 -1.040833
v -0.018000 -0.008360 0.015079
vn 5.477554 2.074158 -0.258128
v -0.018000 -0.005750 0.015800
vn 5.292431 -2.281731 -0.154142
v -0.018000 -0.013700 0.022621
vn 3.571726 2.735174 1.398536
v -0.018000 -0.001083 0.017875
vn 3.665192 3.034545 0.000022
v -0.018000 -0.001250 0.018500
vn 5.592072 -0.963439 -1.668692
v -0.018000 -0.002713 0.017554
vn 5.592072 0.000001 -1.926849
v -0.018000 -0.003725 0.017825
vn 5.592072 0.963439 -1.668694
v -0.018000 -0.004738 0.017554
vn 3.144397 1.728298 3.104452
v -0.018000 -0.000843 0.017577
vn 5.592068 -1.668722 -0.963413
v -0.018000 -0.001971 0.016812
vn 5.127347 -2.354308 0.586971
v -0.018000 -0.001000 0.016973
vn 5.477554 -2.074158 -0.258126
v -0.018000 -0.001700 0.015800
vn 3.117129 -2.964887 0.276156
v -0.018000 -0.001000 0.008000
vn 5.421394 -2.155054 0.130990
v -0.018000 -0.001700 0.008500
vn 5.479863 -2.103473 0.947196
v -0.018000 -0.001763 0.008000
vn 5.485126 -2.010792 -0.538760
v -0.018000 -0.007831 0.013801
vn 5.424075 -2.151586 -0.137005
v -0.018000 -0.007650 0.012429
vn 5.421392 2.155053 0.130989
v -0.018000 -0.005750 0.008500
vn 5.423440 -2.273371 0.519702
v -0.018000 -0.007650 0.008000
vn 5.501439 2.013867 0.846828
v -0.018000 -0.005687 0.008000
vn 3.665192 -3.034545 0.000022
v -0.018000 0.001250 0.018500
vn 3.556958 -2.741468 1.390821
v -0.018000 0.001083 0.017875
vn 3.093227 -1.889385 2.936095
v -0.018000 0.000843 0.017577
vn 5.513117 -0.758820 1.889955
v -0.018000 0.006880 0.020675
vn 5.592072 -0.963440 -1.668694
v -0.018000 0.004738 0.017554
vn 5.517346 -1.414912 1.462650
v -0.018000 0.007626 0.021174
vn 5.592068 -1.668724 -0.963411
v -0.018000 0.005479 0.016812
vn 5.221828 -2.028256 -1.170987
v -0.018000 -0.013070 0.020271
vn 5.421392 2.155056 0.130988
v -0.018000 0.001700 0.008500
vn 3.123470 3.013349 0.235326
v -0.018000 0.001000 0.008000
vn 5.501438 2.013868 0.846828
v -0.018000 0.001763 0.008000
vn 5.292432 2.281730 -0.154141
v -0.018000 0.013700 0.022621
vn 5.221825 2.262225 -0.606137
v -0.018000 0.013540 0.021405
vn 5.505127 -1.908246 0.744449
v -0.018000 0.008125 0.021920
vn 5.424074 2.151586 -0.137004
v -0.018000 0.007650 0.012429
vn 5.485125 2.010792 -0.538761
v -0.018000 0.007831 0.013801
vn 5.477553 -2.074159 -0.258128
v -0.018000 0.005750 0.015800
vn 5.485130 1.802826 -1.040834
v -0.018000 0.008360 0.015079
vn 5.424092 1.618292 -1.424473
v -0.018000 0.009202 0.016177
vn 5.292437 1.722441 -1.504387
v -0.018000 0.012323 0.019298
vn 5.221827 2.028256 -1.170987
v -0.018000 0.013070 0.020271
vn 5.418923 2.307520 0.544532
v -0.018000 0.007650 0.008000
vn 5.421393 -2.155052 0.130990
v -0.018000 0.005750 0.008500
vn 5.483291 -2.099838 0.922331
v -0.018000 0.005687 0.008000
vn 1.570772 -1.570797 4.712397
v -0.005300 0.003950 0.005000
vn 0.262978 -2.973373 3.119421
v -0.000000 0.003950 0.005000
vn 0.436100 2.130206 5.249631
v -0.000000 0.007650 0.005000
vn 0.698103 -2.295622 5.152839
v -0.007708 -0.001000 0.005000
vn 0.279491 -2.960052 3.116522
v -0.015000 -0.001000 0.005000
vn 0.544478 -2.307517 5.418934
v -0.015000 -0.007650 0.005000
vn 0.574223 -2.295393 5.203146
v -0.007485 -0.000929 0.005000
vn 1.570772 1.570796 4.712397
v -0.005300 -0.003950 0.005000
vn 0.262978 2.973374 3.119421
v -0.000000 -0.003950 0.005000
vn 0.436100 -2.130206 5.249631
v -0.000000 -0.007650 0.005000
vn 0.541449 2.303116 5.419531
v -0.015000 0.007650 0.005000
vn 0.276125 2.964878 3.117131
v -0.015000 0.001000 0.005000
vn 0.691167 2.320458 5.126431
v -0.007708 0.001000 0.005000
vn 0.611933 2.313669 5.170500
v -0.007485 0.000929 0.005000
vn 0.246592 0.143253 6.265866
v -0.006595 0.000800 0.005000
vn 0.246592 -0.143253 6.265866
v -0.006595 -0.000800 0.005000
vn 2.767107 2.813510 -1.396249
v -0.015536 -0.010750 0.033747
vn 4.591793 -2.043818 -2.316963
v -0.015536 -0.013700 0.033747
vn 3.069426 2.813509 -0.430135
v -0.015049 -0.010750 0.035306
vn 5.093463 -2.043818 -0.713775
v -0.015049 -0.013700 0.035306
vn 3.044311 2.813512 0.581862
v -0.015089 -0.010750 0.036939
vn 5.051794 -2.043816 0.965554
v -0.015089 -0.013700 0.036939
vn 2.694439 2.813506 1.531792
v -0.015653 -0.010750 0.038471
vn 4.471195 -2.043823 2.541883
v -0.015653 -0.013700 0.038471
vn 2.057135 2.813512 2.318317
v -0.016682 -0.010750 0.039740
vn 3.413657 -2.043812 3.847064
v -0.016682 -0.013700 0.039740
vn 1.200386 2.813511 2.857528
v -0.018064 -0.010750 0.040610
vn 1.991943 -2.043818 4.741838
v -0.018064 -0.013700 0.040610
vn 0.215582 2.813509 3.091911
v -0.019652 -0.010750 0.040988
vn 0.357741 -2.043820 5.130774
v -0.019652 -0.013700 0.040988
vn -0.792219 2.813511 2.996462
v -0.021278 -0.010750 0.040834
vn -1.314622 -2.043821 4.972386
v -0.021278 -0.013700 0.040834
vn -1.715509 2.813509 2.581359
v -0.022768 -0.010750 0.040164
vn -2.846745 -2.043824 4.283550
v -0.022768 -0.013700 0.040164
vn -2.455796 2.813510 1.890887
v -0.023962 -0.010750 0.039050
vn -4.075198 -2.043815 3.137779
v -0.023962 -0.013700 0.039050
vn -2.934106 2.813511 0.998705
v -0.024734 -0.010750 0.037611
vn -4.868918 -2.043814 1.657271
v -0.024734 -0.013700 0.037611
vn -3.120506 2.977551 0.256506
v -0.025000 -0.010750 0.036000
vn -5.253139 -2.132626 0.425651
v -0.025000 -0.013700 0.036000
vn -0.000010 -5.576464 1.951552
v -0.020000 -0.007950 -0.002300
vn 0.900191 -5.552419 1.764262
v -0.021069 -0.007950 -0.002037
vn -0.781958 -5.194365 -2.227832
v -0.021557 -0.007950 -0.004435
vn -1.421115 -5.194364 -1.885505
v -0.022829 -0.007950 -0.003753
vn 1.636614 -5.530694 1.164415
v -0.021893 -0.007950 -0.001307
vn -1.926257 -5.194364 -1.365369
v -0.023834 -0.007950 -0.002718
vn 2.113708 -5.451657 0.199517
v -0.018300 -0.007950 0.008000
vn 2.281733 -5.409893 -0.359186
v -0.018300 -0.007950 0.012429
vn -2.281729 -5.409894 -0.359207
v -0.024700 -0.007950 0.012429
vn 0.427342 -5.541513 -1.951595
v -0.020550 -0.007950 0.002233
vn -0.511906 -5.542135 -1.926205
v -0.019450 -0.007950 0.002233
vn 1.853288 -5.540267 0.767670
v -0.018049 -0.007950 0.006737
vn -1.879338 -5.537912 -0.674840
v -0.017849 -0.007950 0.000816
vn 0.201418 -5.270202 2.296833
v -0.000000 -0.007950 0.004700
vn 0.199497 -5.451652 2.113715
v -0.015000 -0.007950 0.004700
vn -2.249754 -5.194356 -0.716473
v -0.024478 -0.007950 -0.001426
vn 2.008738 -5.516623 0.273156
v -0.022283 -0.007950 -0.000277
vn -2.291255 -5.278701 -0.183452
v -0.024700 -0.007950 -0.000000
vn 1.915096 -5.508030 -0.700069
v -0.022151 -0.007950 0.000815
vn 1.368817 -5.503193 -1.520579
v -0.021525 -0.007950 0.001721
vn -1.351215 -5.539027 -1.469314
v -0.018475 -0.007950 0.001721
vn 0.767647 -5.540274 1.853289
v -0.016263 -0.007950 0.004951
vn 1.418438 -5.540273 1.418451
v -0.017333 -0.007950 0.005666
vn -0.154959 -5.432000 -2.141134
v -0.006245 -0.007950 -0.001700
vn -1.975560 -5.539798 0.270805
v -0.017717 -0.007950 -0.000277
vn 0.154981 -5.432001 -2.141132
v -0.013755 -0.007950 -0.001700
vn 0.606179 -5.500968 -1.969654
v -0.014726 -0.007950 -0.001846
vn -0.069059 -5.194364 -2.360070
v -0.020137 -0.007950 -0.004698
vn 0.650352 -5.194363 -2.269746
v -0.018705 -0.007950 -0.004518
vn -0.906136 -5.557901 1.752214
v -0.018931 -0.007950 -0.002037
vn 1.308434 -5.194363 -1.965378
v -0.017395 -0.007950 -0.003912
vn -1.621829 -5.545984 1.147041
v -0.018107 -0.007950 -0.001307
vn 1.514425 -5.347666 -1.646008
v -0.016331 -0.007950 -0.002938
vn 1.158717 -5.500967 -1.704221
v -0.015610 -0.007950 -0.002271
vn 0.800774 -5.528846 1.850687
v -0.001241 -0.007950 -0.002786
vn -0.524131 -5.177372 -2.313594
v -0.001038 -0.007950 -0.004584
vn -0.000010 -5.550887 1.990419
v 0.000000 -0.007950 -0.003050
vn 0.269033 -5.177373 -2.356915
v 0.000533 -0.007950 -0.004670
vn -0.806462 -5.533114 1.841618
v 0.001241 -0.007950 -0.002786
vn 1.032032 -5.177371 -2.135965
v 0.002045 -0.007950 -0.004232
vn -1.488216 -5.521420 1.371582
v 0.002267 -0.007950 -0.002041
vn 1.679312 -5.177374 -1.675511
v 0.003327 -0.007950 -0.003320
vn -1.922042 -5.514921 0.658261
v 0.002901 -0.007950 -0.000942
vn 1.946566 -5.496737 0.664906
v -0.002901 -0.007950 -0.000943
vn -1.158699 -5.500968 -1.704233
v -0.004390 -0.007950 -0.002271
vn 1.497367 -5.509480 1.386402
v -0.002267 -0.007950 -0.002041
vn -1.507514 -5.339170 -1.663550
v -0.003669 -0.007950 -0.002938
vn -1.258526 -5.177372 -2.010857
v -0.002493 -0.007950 -0.003984
vn 2.059180 -5.488695 -0.187455
v -0.003033 -0.007950 0.000319
vn -0.606159 -5.500968 -1.969661
v -0.005274 -0.007950 -0.001846
vn 2.138294 -5.177376 -1.027188
v 0.004237 -0.007950 -0.002035
vn 2.357520 -5.177371 -0.263694
v 0.004671 -0.007950 -0.000522
vn -2.027588 -5.512305 -0.175197
v 0.003033 -0.007950 0.000319
vn 2.312402 -5.177371 0.529370
v 0.004581 -0.007950 0.001049
vn -1.782730 -5.512403 -0.982562
v 0.002641 -0.007950 0.001525
vn 2.008001 -5.177371 1.263079
v 0.003978 -0.007950 0.002502
vn -1.228197 -5.514312 -1.621146
v 0.001793 -0.007950 0.002468
vn 1.478446 -5.177375 1.855160
v 0.002929 -0.007950 0.003676
vn -0.479600 -5.513027 -1.981516
v 0.000634 -0.007950 0.002983
vn 0.783122 -5.177372 2.239230
v 0.001552 -0.007950 0.004437
vn 0.437524 -5.479790 -2.033692
v -0.000634 -0.007950 0.002983
vn 1.233671 -5.481036 -1.672668
v -0.001793 -0.007950 0.002467
vn 1.807989 -5.483802 -1.017122
v -0.002641 -0.007950 0.001525
vn -2.281728 5.409894 -0.359209
v -0.024700 0.007950 0.012429
vn 2.281733 5.409892 -0.359185
v -0.018300 0.007950 0.012429
vn 0.000011 5.576463 -1.951552
v -0.020000 0.007950 0.002300
vn 2.113706 5.451658 0.199519
v -0.018300 0.007950 0.008000
vn 1.853288 5.540268 0.767667
v -0.018049 0.007950 0.006737
vn -0.906118 5.557899 -1.752225
v -0.018931 0.007950 0.002036
vn 1.418438 5.540272 1.418452
v -0.017333 0.007950 0.005666
vn -1.621818 5.545984 -1.147058
v -0.018107 0.007950 0.001306
vn 0.767646 5.540275 1.853289
v -0.016263 0.007950 0.004951
vn 0.199497 5.451653 2.113714
v -0.015000 0.007950 0.004700
vn 0.900209 5.552419 -1.764254
v -0.021069 0.007950 0.002036
vn 1.636630 5.530690 -1.164402
v -0.021893 0.007950 0.001306
vn -2.291255 5.278704 -0.183450
v -0.024700 0.007950 -0.000000
vn 2.008737 5.516625 -0.273135
v -0.022283 0.007950 0.000277
vn -2.249753 5.194356 -0.716476
v -0.024478 0.007950 -0.001426
vn 1.915084 5.508035 0.700089
v -0.022151 0.007950 -0.000816
vn -1.926258 5.194363 -1.365369
v -0.023834 0.007950 -0.002718
vn 1.368803 5.503191 1.520595
v -0.021525 0.007950 -0.001722
vn -0.154959 5.432000 -2.141134
v -0.006245 0.007950 -0.001700
vn 0.154981 5.432001 -2.141131
v -0.013755 0.007950 -0.001700
vn 2.059178 5.488695 0.187476
v -0.003033 0.007950 -0.000319
vn -1.879347 5.537913 0.674823
v -0.017849 0.007950 -0.000816
vn 1.158716 5.500967 -1.704222
v -0.015610 0.007950 -0.002271
vn 1.514426 5.347666 -1.646009
v -0.016331 0.007950 -0.002938
vn -1.975562 5.539792 -0.270824
v -0.017717 0.007950 0.000277
vn 1.497381 5.509478 -1.386386
v -0.002267 0.007950 0.002041
vn 1.946572 5.496738 -0.664886
v -0.002901 0.007950 0.000942
vn -1.351230 5.539026 1.469301
v -0.018475 0.007950 -0.001722
vn 1.308434 5.194362 -1.965377
v -0.017395 0.007950 -0.003912
vn -0.594119 5.526389 1.936389
v -0.019450 0.007950 -0.002233
vn 0.650352 5.194363 -2.269746
v -0.018705 0.007950 -0.004518
vn -0.000010 5.476310 2.093060
v -0.020000 0.007950 -0.002300
vn -0.069059 5.194364 -2.360070
v -0.020137 0.007950 -0.004698
vn 0.554394 5.491437 1.993149
v -0.020550 0.007950 -0.002233
vn -0.781958 5.194365 -2.227832
v -0.021557 0.007950 -0.004435
vn -1.421115 5.194364 -1.885505
v -0.022829 0.007950 -0.003753
vn 1.233654 5.481036 1.672681
v -0.001793 0.007950 -0.002468
vn -1.258527 5.177372 -2.010857
v -0.002493 0.007950 -0.003984
vn -1.507514 5.339169 -1.663549
v -0.003669 0.007950 -0.002938
vn 0.800793 5.528846 -1.850678
v -0.001241 0.007950 0.002786
vn 0.201418 5.270203 2.296834
v -0.000000 0.007950 0.004700
vn 0.000010 5.550887 -1.990419
v -0.000000 0.007950 0.003050
vn 0.606179 5.500968 -1.969654
v -0.014726 0.007950 -0.001846
vn 1.807978 5.483803 1.017140
v -0.002641 0.007950 -0.001525
vn -1.158699 5.500968 -1.704233
v -0.004390 0.007950 -0.002271
vn -0.606159 5.500968 -1.969660
v -0.005274 0.007950 -0.001846
vn 0.269032 5.177374 -2.356915
v 0.000533 0.007950 -0.004670
vn -0.524779 5.506457 1.984976
v 0.000634 0.007950 -0.002983
vn 1.032033 5.177371 -2.135965
v 0.002045 0.007950 -0.004232
vn -1.228213 5.514313 1.621134
v 0.001793 0.007950 -0.002467
vn -0.806442 5.533114 -1.841626
v 0.001241 0.007950 0.002786
vn 0.783122 5.177372 2.239230
v 0.001552 0.007950 0.004437
vn -1.488201 5.521420 -1.371597
v 0.002267 0.007950 0.002041
vn -0.524131 5.177372 -2.313594
v -0.001038 0.007950 -0.004584
vn 0.482662 5.473221 2.037160
v -0.000634 0.007950 -0.002983
vn -0.000011 5.462027 2.110998
v 0.000000 0.007950 -0.003050
vn 1.478447 5.177374 1.855160
v 0.002929 0.007950 0.003676
vn 2.008001 5.177371 1.263079
v 0.003978 0.007950 0.002502
vn -1.922037 5.514920 -0.658280
v 0.002901 0.007950 0.000943
vn 2.312402 5.177371 0.529370
v 0.004581 0.007950 0.001049
vn -2.027589 5.512306 0.175176
v 0.003033 0.007950 -0.000319
vn 2.357519 5.177372 -0.263693
v 0.004671 0.007950 -0.000522
vn -1.782740 5.512403 0.982544
v 0.002641 0.007950 -0.001525
vn 2.138294 5.177376 -1.027190
v 0.004237 0.007950 -0.002035
vn 1.679312 5.177373 -1.675511
v 0.003327 0.007950 -0.003320
vn -1.643172 2.805154 -2.625438
v -0.002653 -0.003950 -0.004238
vn -2.724902 -2.038971 -4.353813
v -0.002653 -0.007650 -0.004238
vn -0.684322 2.805155 -3.020703
v -0.001105 -0.003950 -0.004876
vn -1.134822 -2.038972 -5.009287
v -0.001105 -0.007650 -0.004876
vn 0.351259 2.805155 -3.077265
v 0.000567 -0.003950 -0.004968
vn 0.582500 -2.038972 -5.103083
v 0.000567 -0.007650 -0.004968
vn 1.347454 2.805155 -2.788783
v 0.002175 -0.003950 -0.004502
vn 2.234508 -2.038971 -4.624690
v 0.002175 -0.007650 -0.004502
vn 2.192564 2.805155 -2.187603
v 0.003540 -0.003950 -0.003532
vn 3.635968 -2.038972 -3.627741
v 0.003540 -0.007650 -0.003532
vn 2.791828 2.805154 -1.341132
v 0.004507 -0.003950 -0.002165
vn 4.629737 -2.038974 -2.224022
v 0.004507 -0.007650 -0.002165
vn 3.078053 2.805156 -0.344287
v 0.004969 -0.003950 -0.000556
vn 5.104393 -2.038972 -0.570937
v 0.004969 -0.007650 -0.000556
vn 3.019145 2.805154 0.691162
v 0.004874 -0.003950 0.001116
vn 5.006703 -2.038970 1.146167
v 0.004874 -0.007650 0.001116
vn 2.621709 2.805154 1.649115
v 0.004232 -0.003950 0.002662
vn 4.347630 -2.038970 2.734758
v 0.004232 -0.007650 0.002662
vn 1.930310 2.805154 2.422158
v 0.003116 -0.003950 0.003910
vn 3.201066 -2.038973 4.016706
v 0.003116 -0.007650 0.003910
vn 1.022470 2.805155 2.923611
v 0.001651 -0.003950 0.004720
vn 1.695581 -2.038971 4.848276
v 0.001651 -0.007650 0.004720
vn -2.724902 2.038971 -4.353812
v -0.002653 0.007650 -0.004238
vn -1.643172 -2.805156 -2.625439
v -0.002653 0.003950 -0.004238
vn -1.134822 2.038971 -5.009286
v -0.001105 0.007650 -0.004876
vn -0.684322 -2.805207 -3.020703
v -0.001105 0.003950 -0.004876
vn 0.582500 2.038972 -5.103083
v 0.000567 0.007650 -0.004968
vn 0.351259 -2.805154 -3.077265
v 0.000567 0.003950 -0.004968
vn 2.234509 2.038971 -4.624689
v 0.002175 0.007650 -0.004502
vn 1.347455 -2.805155 -2.788783
v 0.002175 0.003950 -0.004502
vn 3.635968 2.038972 -3.627740
v 0.003540 0.007650 -0.003532
vn 2.192564 -2.805155 -2.187603
v 0.003540 0.003950 -0.003532
vn 4.629736 2.038974 -2.224023
v 0.004507 0.007650 -0.002165
vn 2.791829 -2.805154 -1.341132
v 0.004507 0.003950 -0.002165
vn 5.104393 2.038971 -0.570937
v 0.004969 0.007650 -0.000556
vn 3.078053 -2.805156 -0.344286
v 0.004969 0.003950 -0.000556
vn 5.006703 2.038971 1.146167
v 0.004874 0.007650 0.001116
vn 3.019145 -2.805154 0.691162
v 0.004874 0.003950 0.001116
vn 4.347629 2.038970 2.734758
v 0.004232 0.007650 0.002662
vn 2.621710 -2.805154 1.649115
v 0.004232 0.003950 0.002662
vn 3.201066 2.038973 4.016706
v 0.003116 0.007650 0.003910
vn 1.930309 -2.805154 2.422158
v 0.003116 0.003950 0.003910
vn 1.695580 2.038971 4.848277
v 0.001651 0.007650 0.004720
vn 1.022470 -2.805155 2.923611
v 0.001651 0.003950 0.004720
vn 4.591792 2.043818 -2.316963
v -0.015536 0.013700 0.033747
vn 2.767107 -2.813512 -1.396249
v -0.015536 0.010750 0.033747
vn 5.093463 2.043818 -0.713776
v -0.015049 0.013700 0.035306
vn 3.069426 -2.813509 -0.430135
v -0.015049 0.010750 0.035306
vn 5.051793 2.043817 0.965555
v -0.015089 0.013700 0.036939
vn 3.044311 -2.813512 0.581862
v -0.015089 0.010750 0.036939
vn 4.471198 2.043822 2.541881
v -0.015653 0.013700 0.038471
vn 2.694439 -2.813507 1.531792
v -0.015653 0.010750 0.038471
vn 3.413654 2.043812 3.847066
v -0.016682 0.013700 0.039740
vn 2.057135 -2.813512 2.318317
v -0.016682 0.010750 0.039740
vn 1.991943 2.043819 4.741837
v -0.018064 0.013700 0.040610
vn 1.200386 -2.813510 2.857528
v -0.018064 0.010750 0.040610
vn 0.357741 2.043820 5.130774
v -0.019652 0.013700 0.040988
vn 0.215582 -2.813509 3.091911
v -0.019652 0.010750 0.040988
vn -1.314623 2.043821 4.972384
v -0.021278 0.013700 0.040834
vn -0.792219 -2.813511 2.996462
v -0.021278 0.010750 0.040834
vn -2.846743 2.043824 4.283553
v -0.022768 0.013700 0.040164
vn -1.715509 -2.813509 2.581359
v -0.022768 0.010750 0.040164
vn -4.075200 2.043814 3.137779
v -0.023962 0.013700 0.039050
vn -2.455796 -2.813510 1.890887
v -0.023962 0.010750 0.039050
vn -4.868919 2.043814 1.657271
v -0.024734 0.013700 0.037611
vn -2.934106 -2.813511 0.998705
v -0.024734 0.010750 0.037611
vn -5.253139 2.132627 0.425651
v -0.025000 0.013700 0.036000
vn -3.120507 -2.977551 0.256506
v -0.025000 0.010750 0.036000
vn -3.301071 0.833673 2.206933
v -0.024852 -0.000324 -0.001207
vn -3.281077 -0.000000 -0.936183
v -0.024841 0.000000 -0.001250
vn -4.916212 -2.057908 -1.565988
v -0.024764 -0.007650 -0.001517
vn -3.308802 1.586439 1.942953
v -0.024881 -0.000625 -0.001083
vn -5.261293 -2.138336 -0.400891
v -0.025000 -0.007650 -0.000000
vn -3.511099 3.004802 -0.281176
v -0.025000 -0.001250 -0.000000
vn -3.389145 2.884982 0.537978
v -0.024990 -0.001207 -0.000324
vn -3.365643 2.644646 1.057231
v -0.024961 -0.001083 -0.000625
vn -3.334093 2.208585 1.538025
v -0.024921 -0.000884 -0.000884
vn -3.301022 -0.833147 2.207042
v -0.024852 0.000324 -0.001207
vn -4.915279 2.064979 -1.571766
v -0.024764 0.007650 -0.001517
vn -3.308992 -1.586598 1.942768
v -0.024881 0.000625 -0.001083
vn -3.334104 -2.208995 1.537688
v -0.024921 0.000884 -0.000884
vn -3.533854 -3.042575 -0.260251
v -0.025000 0.001250 -0.000000
vn -5.262206 2.147644 -0.394843
v -0.025000 0.007650 -0.000000
vn -3.389054 -2.929075 0.516302
v -0.024989 0.001207 -0.000325
vn -3.365071 -2.644660 1.057694
v -0.024961 0.001083 -0.000625
vn -4.209367 2.055225 -2.983680
v -0.024079 0.007650 -0.002892
vn -4.209367 -2.055224 -2.983680
v -0.024079 -0.007650 -0.002892
vn -3.105503 2.055225 -4.120312
v -0.023009 0.007650 -0.003993
vn -3.105503 -2.055225 -4.120312
v -0.023009 -0.007650 -0.003993
vn -1.708778 2.055225 -4.868386
v -0.021656 0.007650 -0.004718
vn -1.708778 -2.055226 -4.868386
v -0.021656 -0.007650 -0.004718
vn -0.150911 2.055225 -5.157358
v -0.020146 0.007650 -0.004998
vn -0.150911 -2.055225 -5.157358
v -0.020146 -0.007650 -0.004998
vn 1.421188 2.055224 -4.959975
v -0.018623 0.007650 -0.004807
vn 1.421187 -2.055224 -4.959975
v -0.018623 -0.007650 -0.004807
vn 2.859263 2.055224 -4.294852
v -0.017229 0.007650 -0.004162
vn 2.859263 -2.055224 -4.294852
v -0.017229 -0.007650 -0.004162
vn 3.639121 2.206186 -3.953442
v -0.016097 0.007650 -0.003125
vn 3.639120 -2.206185 -3.953442
v -0.016097 -0.007650 -0.003125
vn 1.332732 3.538753 -2.766106
v -0.001193 -0.003950 0.002478
vn 0.000016 3.537797 -3.070559
v -0.000000 -0.003950 0.002750
vn -1.332704 3.538753 -2.766119
v 0.001193 -0.003950 0.002478
vn 2.400967 3.541617 -1.913227
v -0.002150 -0.003950 0.001715
vn 2.992796 3.546387 -0.681296
v -0.002681 -0.003950 0.000612
vn 1.570804 4.712389 -1.570789
v -0.005300 -0.003950 -0.002000
vn 2.990963 3.553065 0.685084
v -0.002681 -0.003950 -0.000612
vn -2.990969 3.553067 0.685055
v 0.002681 -0.003950 -0.000612
vn -2.396175 3.561649 1.914679
v 0.002150 -0.003950 -0.001715
vn -1.326857 3.572134 2.763642
v 0.001193 -0.003950 -0.002478
vn -0.000015 3.578638 3.064797
v 0.000000 -0.003950 -0.002750
vn -2.400946 3.541615 -1.913254
v 0.002150 -0.003950 0.001715
vn -2.992788 3.546388 -0.681327
v 0.002681 -0.003950 0.000612
vn 1.326829 3.572135 2.763655
v -0.001193 -0.003950 -0.002478
vn 2.396157 3.561650 1.914703
v -0.002150 -0.003950 -0.001715
vn 1.570804 -4.712395 -1.570788
v -0.005300 0.003950 -0.002000
vn 1.332704 -3.538753 2.766119
v -0.001193 0.003950 -0.002478
vn -0.000016 -3.537797 3.070559
v 0.000000 0.003950 -0.002750
vn -1.332732 -3.538753 2.766106
v 0.001193 0.003950 -0.002478
vn -2.400966 -3.541615 1.913229
v 0.002150 0.003950 -0.001715
vn 2.400948 -3.541616 1.913252
v -0.002150 0.003950 -0.001715
vn 2.992789 -3.546387 0.681326
v -0.002681 0.003950 -0.000612
vn 2.990970 -3.553065 -0.685053
v -0.002681 0.003950 0.000612
vn -2.396156 -3.561648 -1.914705
v 0.002150 0.003950 0.001715
vn -1.326828 -3.572134 -2.763655
v 0.001193 0.003950 0.002478
vn 0.000015 -3.578638 -3.064797
v -0.000000 0.003950 0.002750
vn 1.326857 -3.572135 -2.763641
v -0.001193 0.003950 0.002478
vn 2.396176 -3.561650 -1.914679
v -0.002150 0.003950 0.001715
vn -2.992795 -3.546388 0.681297
v 0.002681 0.003950 -0.000612
vn -2.990963 -3.553068 -0.685085
v 0.002681 0.003950 0.000612
vn 0.410895 2.289294 -5.413417
v -0.013755 0.007650 -0.002000
vn 0.410895 -2.289294 -5.413417
v -0.013755 -0.007650 -0.002000
vn -5.292422 -2.281737 -0.154196
v -0.025000 -0.013700 0.022621
vn -4.712389 1.570796 1.570772
v -0.025000 -0.010750 0.030800
vn -4.712397 -1.570796 1.570772
v -0.025000 0.010750 0.030800
vn -5.292424 2.281738 -0.154195
v -0.025000 0.013700 0.022621
vn -5.424070 -1.618297 -1.424531
v -0.025000 -0.009202 0.016176
vn -5.292426 -1.722439 -1.504441
v -0.025000 -0.012323 0.019298
vn -3.665192 3.034546 -0.000017
v -0.025000 -0.001250 0.018500
vn -3.665179 1.517273 -2.628015
v -0.025000 -0.000625 0.019582
vn -3.665185 2.627994 -1.517290
v -0.025000 -0.001083 0.019125
vn -5.221819 -2.262225 -0.606189
v -0.025000 -0.013540 0.021404
vn -3.631529 2.630636 -1.524306
v -0.025000 -0.001083 0.000625
vn -5.424071 -2.151581 -0.137055
v -0.025000 -0.007650 0.012429
vn -3.632679 1.522746 -2.631121
v -0.025000 -0.000625 0.001082
vn -5.485122 -2.010790 -0.538819
v -0.025000 -0.007831 0.013801
vn -5.424073 2.151580 -0.137056
v -0.025000 0.007650 0.012429
vn -3.662228 -2.627907 -1.517591
v -0.025000 0.001083 0.000625
vn -5.485123 2.010808 -0.538825
v -0.025000 0.007831 0.013801
vn -3.644825 -1.529168 -2.624780
v -0.025000 0.000625 0.001082
vn -5.485110 1.802833 -1.040895
v -0.025000 0.008360 0.015079
vn -5.221812 -2.028256 -1.171043
v -0.025000 -0.013070 0.020271
vn -3.665191 -3.034547 -0.000017
v -0.025000 0.001250 0.018500
vn -5.424071 1.618297 -1.424530
v -0.025000 0.009202 0.016176
vn -3.656249 -2.632143 1.513063
v -0.025000 0.001083 0.017875
vn -3.646993 -1.518862 2.630548
v -0.025000 0.000625 0.017417
vn -3.646925 -0.000000 3.037570
v -0.025000 0.000000 0.017250
vn -3.665191 -0.000000 -0.000019
v -0.025000 0.000000 0.001250
vn -3.655520 1.523044 2.626418
v -0.025000 -0.000625 0.017417
vn -3.665198 2.627991 1.517254
v -0.025000 -0.001083 0.017875
vn -5.485111 -1.802832 -1.040894
v -0.025000 -0.008360 0.015079
vn -3.665185 -2.627994 -1.517290
v -0.025000 0.001083 0.019125
vn -3.665179 -1.517275 -2.628011
v -0.025000 0.000625 0.019582
vn -3.665192 0.000004 -0.000014
v -0.025000 0.000000 0.019750
vn -5.221819 2.262224 -0.606191
v -0.025000 0.013540 0.021404
vn -5.221812 2.028257 -1.171040
v -0.025000 0.013070 0.020271
vn -5.292428 1.722437 -1.504442
v -0.025000 0.012323 0.019298
vn 1.807972 5.483807 1.017140
v -0.022642 0.014000 0.034475
vn -2.151579 5.279743 -0.342074
v -0.024700 0.014000 0.022621
vn 2.059181 5.488693 0.187474
v -0.023033 0.014000 0.035681
vn -2.295197 5.272740 0.196052
v -0.024700 0.014000 0.036000
vn 1.946568 5.496741 -0.664886
v -0.022901 0.014000 0.036942
vn -2.242593 5.182446 0.763332
v -0.024450 0.014000 0.037514
vn 1.497383 5.509478 -1.386390
v -0.022267 0.014000 0.038041
vn -1.782736 5.512406 0.982543
v -0.017359 0.014000 0.034475
vn 1.796136 5.334505 -1.354212
v -0.016710 0.014000 0.032643
vn -1.228213 5.514314 1.621132
v -0.018207 0.014000 0.033532
vn 1.794235 5.486566 -1.051903
v -0.017572 0.014000 0.031539
vn -0.524775 5.506449 1.984985
v -0.019366 0.014000 0.033017
vn 1.233654 5.481038 1.672678
v -0.021793 0.014000 0.033532
vn 0.482659 5.473222 2.037158
v -0.020634 0.014000 0.033017
vn 2.151590 5.279735 -0.342053
v -0.018300 0.014000 0.022621
vn -0.000014 5.462029 2.110994
v -0.020000 0.014000 0.032950
vn 2.150647 5.424799 -0.138661
v -0.018300 0.014000 0.028858
vn 2.007170 5.486572 -0.544986
v -0.018115 0.014000 0.030247
vn -1.488199 5.521420 -1.371598
v -0.017734 0.014000 0.038041
vn 2.059404 5.182462 1.170767
v -0.015914 0.014000 0.038323
vn -1.922040 5.514916 -0.658282
v -0.017099 0.014000 0.036942
vn 2.326824 5.182448 0.444731
v -0.015384 0.014000 0.036882
vn -2.027590 5.512304 0.175174
v -0.016967 0.014000 0.035681
vn 2.346016 5.182453 -0.328758
v -0.015346 0.014000 0.035348
vn 2.114950 5.182451 -1.067178
v -0.015804 0.014000 0.033883
vn -1.877012 5.182446 1.445242
v -0.023724 0.014000 0.038867
vn -1.311188 5.182464 1.972973
v -0.022602 0.014000 0.039914
vn 0.800792 5.528856 -1.850666
v -0.021241 0.014000 0.038786
vn -0.605509 5.182455 2.290246
v -0.021202 0.014000 0.040544
vn 0.000009 5.550894 -1.990411
v -0.020000 0.014000 0.039050
vn 0.164773 5.182455 2.363200
v -0.019673 0.014000 0.040689
vn -0.806444 5.533116 -1.841622
v -0.018760 0.014000 0.038786
vn 0.917476 5.182453 2.184059
v -0.018180 0.014000 0.040333
vn 1.572308 5.182442 1.771939
v -0.016881 0.014000 0.039515
vn -2.151579 -5.279742 -0.342075
v -0.024700 -0.014000 0.022621
vn 2.151590 -5.279736 -0.342053
v -0.018300 -0.014000 0.022621
vn -0.000008 -5.550889 1.990416
v -0.020000 -0.014000 0.032950
vn 0.800775 -5.528842 1.850692
v -0.021241 -0.014000 0.033214
vn 1.497369 -5.509480 1.386400
v -0.022267 -0.014000 0.033959
vn -2.295196 -5.272740 0.196052
v -0.024700 -0.014000 0.036000
vn -1.228202 -5.514302 -1.621158
v -0.018207 -0.014000 0.038467
vn 0.917474 -5.182455 2.184059
v -0.018180 -0.014000 0.040333
vn -0.479602 -5.513028 -1.981515
v -0.019366 -0.014000 0.038983
vn 0.164772 -5.182456 2.363200
v -0.019673 -0.014000 0.040689
vn 0.437529 -5.479784 -2.033697
v -0.020634 -0.014000 0.038983
vn -0.605507 -5.182455 2.290246
v -0.021202 -0.014000 0.040544
vn 1.233672 -5.481033 -1.672671
v -0.021793 -0.014000 0.038467
vn -1.311191 -5.182463 1.972971
v -0.022602 -0.014000 0.039914
vn 1.807992 -5.483799 -1.017124
v -0.022642 -0.014000 0.037525
vn 1.946570 -5.496733 0.664910
v -0.022901 -0.014000 0.035057
vn 2.059176 -5.488698 -0.187456
v -0.023033 -0.014000 0.036319
vn -2.242594 -5.182446 0.763332
v -0.024450 -0.014000 0.037514
vn -1.877012 -5.182446 1.445245
v -0.023724 -0.014000 0.038867
vn -1.922050 -5.514915 0.658260
v -0.017099 -0.014000 0.035057
vn 2.346016 -5.182454 -0.328756
v -0.015346 -0.014000 0.035348
vn -2.027586 -5.512307 -0.175198
v -0.016967 -0.014000 0.036319
vn 2.326824 -5.182449 0.444729
v -0.015384 -0.014000 0.036882
vn -1.782736 -5.512398 -0.982563
v -0.017359 -0.014000 0.037525
vn 2.059402 -5.182461 1.170772
v -0.015914 -0.014000 0.038323
vn 1.572313 -5.182441 1.771936
v -0.016881 -0.014000 0.039515
vn 2.150647 -5.424798 -0.138661
v -0.018300 -0.014000 0.028858
vn 2.007170 -5.486572 -0.544988
v -0.018115 -0.014000 0.030247
vn -0.806462 -5.533111 1.841619
v -0.018760 -0.014000 0.033214
vn 1.794235 -5.486566 -1.051901
v -0.017572 -0.014000 0.031539
vn -1.488216 -5.521421 1.371579
v -0.017734 -0.014000 0.033959
vn 1.796135 -5.334505 -1.354213
v -0.016710 -0.014000 0.032643
vn 2.114950 -5.182452 -1.067177
v -0.015804 -0.014000 0.033883
vn 2.091175 -0.653610 5.165114
v -0.018300 0.010000 0.030800
vn 1.110706 -3.926990 2.681524
v -0.018300 0.010750 0.030800
vn 0.130131 -0.188090 6.271227
v -0.024300 0.010000 0.030800
vn 0.130133 0.188090 6.271228
v -0.024300 -0.010000 0.030800
vn 2.091175 0.653610 5.165113
v -0.018300 -0.010000 0.030800
vn 1.110706 3.926989 2.681524
v -0.018300 -0.010750 0.030800
vn 1.807969 5.483809 1.017138
v -0.022642 -0.010750 0.034475
vn 2.059177 5.488696 0.187473
v -0.023033 -0.010750 0.035681
vn 1.946565 5.496744 -0.664885
v -0.022901 -0.010750 0.036942
vn 1.497380 5.509480 -1.386387
v -0.022267 -0.010750 0.038041
vn -0.524774 5.506453 1.984982
v -0.019366 -0.010750 0.033017
vn -1.228211 5.514317 1.621129
v -0.018207 -0.010750 0.033532
vn -1.782733 5.512408 0.982542
v -0.017359 -0.010750 0.034475
vn 0.800791 5.528859 -1.850663
v -0.021241 -0.010750 0.038786
vn 0.000009 5.550896 -1.990408
v -0.020000 -0.010750 0.039050
vn -0.806442 5.533119 -1.841619
v -0.018760 -0.010750 0.038786
vn -1.488196 5.521424 -1.371596
v -0.017734 -0.010750 0.038041
vn -1.922036 5.514919 -0.658281
v -0.017099 -0.010750 0.036942
vn -2.027586 5.512308 0.175174
v -0.016967 -0.010750 0.035681
vn 1.233652 5.481040 1.672676
v -0.021793 -0.010750 0.033532
vn 0.482658 5.473226 2.037155
v -0.020634 -0.010750 0.033017
vn -0.000014 5.462032 2.110991
v -0.020000 -0.010750 0.032950
vn 0.800774 -5.528845 1.850689
v -0.021241 0.010750 0.033214
vn 1.497366 -5.509482 1.386398
v -0.022267 0.010750 0.033959
vn 1.946567 -5.496736 0.664909
v -0.022901 0.010750 0.035057
vn 2.059173 -5.488701 -0.187455
v -0.023033 0.010750 0.036319
vn 1.807989 -5.483802 -1.017122
v -0.022642 0.010750 0.037525
vn -0.000008 -5.550893 1.990412
v -0.020000 0.010750 0.032950
vn -0.806460 -5.533113 1.841615
v -0.018760 0.010750 0.033214
vn -1.488214 -5.521423 1.371577
v -0.017734 0.010750 0.033959
vn -1.922046 -5.514918 0.658259
v -0.017099 0.010750 0.035057
vn -2.027582 -5.512309 -0.175198
v -0.016967 0.010750 0.036319
vn -1.782733 -5.512401 -0.982561
v -0.017359 0.010750 0.037525
vn -1.228199 -5.514305 -1.621155
v -0.018207 0.010750 0.038467
vn -0.524763 -5.506461 -1.984976
v -0.019366 0.010750 0.038983
vn 1.233670 -5.481036 -1.672668
v -0.021793 0.010750 0.038467
vn 0.482694 -5.473214 -2.037160
v -0.020634 0.010750 0.038983
vn 0.000009 -5.462036 -2.110987
v -0.020000 0.010750 0.039050
vn -1.269943 2.278568 5.338165
v -0.019428 0.013700 0.033310
vn -0.000024 -2.341530 5.484691
v -0.020000 0.011050 0.033250
vn -1.734081 -2.289693 5.173016
v -0.018882 0.011050 0.033488
vn -2.277932 1.831739 5.337455
v -0.018807 0.013700 0.033522
vn -2.841353 -2.237849 4.702309
v -0.018807 0.011050 0.033522
vn -3.380055 2.280316 4.316001
v -0.018384 0.013700 0.033775
vn -3.739263 -2.287702 3.980330
v -0.017957 0.011050 0.034160
vn -4.273760 1.936386 3.823093
v -0.017850 0.013700 0.034285
vn -4.616743 -2.181092 3.070901
v -0.017850 0.011050 0.034285
vn -4.868986 2.282083 2.507860
v -0.017619 0.013700 0.034625
vn -5.064510 -2.285765 2.057498
v -0.017385 0.011050 0.035150
vn -5.427748 2.029727 1.629039
v -0.017319 0.013700 0.035388
vn -5.542425 -2.111511 0.822494
v -0.017319 0.011050 0.035388
vn -5.466214 2.283891 0.245350
v -0.017265 0.013700 0.035712
vn -5.466206 -2.283900 -0.245402
v -0.017265 0.011050 0.036287
vn -5.542428 2.111500 -0.822554
v -0.017319 0.013700 0.036612
vn -5.427721 -2.029742 -1.629094
v -0.017319 0.011050 0.036612
vn -5.064487 2.285760 -2.057553
v -0.017385 0.013700 0.036850
vn -4.868965 -2.282080 -2.507899
v -0.017619 0.011050 0.037375
vn -4.616694 2.181095 -3.071003
v -0.017850 0.013700 0.037715
vn -4.273741 -1.936356 -3.823154
v -0.017850 0.011050 0.037715
vn -3.739160 2.287689 -3.980417
v -0.017957 0.013700 0.037840
vn -3.379991 -2.280305 -4.316074
v -0.018384 0.011050 0.038225
vn -2.841336 2.237840 -4.702308
v -0.018807 0.013700 0.038478
vn -2.277863 -1.831748 -5.337470
v -0.018807 0.011050 0.038478
vn -1.734095 2.289702 -5.173013
v -0.018882 0.013700 0.038512
vn -1.269922 -2.278582 -5.338153
v -0.019428 0.011050 0.038690
vn 0.000025 2.341533 -5.484694
v -0.020000 0.013700 0.038750
vn -0.000023 2.319663 5.444047
v -0.020000 0.013700 0.033250
vn 1.170363 2.331344 5.321041
v -0.020572 0.013700 0.033310
vn 1.734056 -2.289690 5.173036
v -0.021119 0.011050 0.033488
vn 2.346992 2.125588 5.092224
v -0.021193 0.013700 0.033522
vn 2.820228 -2.251102 4.702721
v -0.021193 0.011050 0.033522
vn 3.298140 2.324692 4.337362
v -0.021617 0.013700 0.033775
vn 3.745676 -2.296919 3.964363
v -0.022044 0.011050 0.034160
vn 4.254549 2.136747 3.632875
v -0.022150 0.013700 0.034285
vn 4.569841 -2.217864 3.089526
v -0.022150 0.011050 0.034285
vn 4.816043 2.317925 2.550679
v -0.022382 0.013700 0.034625
vn 5.063086 -2.304023 2.023206
v -0.022616 0.011050 0.035150
vn 5.366331 2.157377 1.508220
v -0.022681 0.013700 0.035388
vn 5.476862 -2.185409 0.882039
v -0.022681 0.011050 0.035388
vn 5.443165 2.311031 0.291235
v -0.022735 0.013700 0.035712
vn 5.443157 -2.311039 -0.291181
v -0.022735 0.011050 0.036287
vn 5.476868 2.185410 -0.881973
v -0.022681 0.013700 0.036612
vn 5.366339 -2.157386 -1.508164
v -0.022681 0.011050 0.036612
vn 5.063109 2.304030 -2.023142
v -0.022616 0.013700 0.036850
vn 4.816076 -2.317919 -2.550622
v -0.022382 0.011050 0.037375
vn 4.569873 2.217860 -3.089488
v -0.022150 0.013700 0.037714
vn 4.254593 -2.136739 -3.632841
v -0.022150 0.011050 0.037714
vn 3.745710 2.296912 -3.964344
v -0.022044 0.013700 0.037840
vn 3.298167 -2.324691 -4.337340
v -0.021617 0.011050 0.038225
vn 2.820242 2.251122 -4.702698
v -0.021193 0.013700 0.038478
vn 2.347054 -2.125587 -5.092191
v -0.021193 0.011050 0.038478
vn 1.734093 2.289700 -5.173001
v -0.021119 0.013700 0.038512
vn 1.170452 -2.331340 -5.321030
v -0.020572 0.011050 0.038690
vn 0.000016 -2.319675 -5.444045
v -0.020000 0.011050 0.038750
vn -1.269942 2.278571 5.338161
v -0.019428 -0.011050 0.033310
vn -0.000023 -2.341525 5.484694
v -0.020000 -0.013700 0.033250
vn -1.734082 -2.289689 5.173019
v -0.018882 -0.013700 0.033488
vn -2.277932 1.831742 5.337453
v -0.018807 -0.011050 0.033522
vn -2.841354 -2.237845 4.702311
v -0.018807 -0.013700 0.033522
vn -3.380053 2.280320 4.315999
v -0.018384 -0.011050 0.033775
vn -3.739265 -2.287699 3.980332
v -0.017957 -0.013700 0.034160
vn -4.273758 1.936390 3.823092
v -0.017850 -0.011050 0.034285
vn -4.616746 -2.181088 3.070903
v -0.017850 -0.013700 0.034285
vn -4.868983 2.282087 2.507859
v -0.017619 -0.011050 0.034625
vn -5.064513 -2.285762 2.057499
v -0.017385 -0.013700 0.035150
vn -5.427745 2.029731 1.629038
v -0.017319 -0.011050 0.035388
vn -5.542428 -2.111507 0.822494
v -0.017319 -0.013700 0.035388
vn -5.466210 2.283895 0.245350
v -0.017265 -0.011050 0.035712
vn -5.466209 -2.283896 -0.245403
v -0.017265 -0.013700 0.036287
vn -5.542425 2.111504 -0.822554
v -0.017319 -0.011050 0.036612
vn -5.427723 -2.029738 -1.629094
v -0.017319 -0.013700 0.036612
vn -5.064484 2.285764 -2.057552
v -0.017385 -0.011050 0.036850
vn -4.868968 -2.282076 -2.507900
v -0.017619 -0.013700 0.037375
vn -4.616692 2.181099 -3.071002
v -0.017850 -0.011050 0.037715
vn -4.273743 -1.936352 -3.823156
v -0.017850 -0.013700 0.037715
vn -3.739158 2.287693 -3.980415
v -0.017957 -0.011050 0.037840
vn -3.379993 -2.280301 -4.316077
v -0.018384 -0.013700 0.038225
vn -2.841334 2.237844 -4.702305
v -0.018807 -0.011050 0.038478
vn -2.277864 -1.831744 -5.337472
v -0.018807 -0.013700 0.038478
vn -1.734094 2.289706 -5.173010
v -0.018882 -0.011050 0.038512
vn -1.269923 -2.278578 -5.338156
v -0.019428 -0.013700 0.038690
vn 0.000025 2.341537 -5.484690
v -0.020000 -0.011050 0.038750
vn -0.000023 2.319667 5.444044
v -0.020000 -0.011050 0.033250
vn 1.170362 2.331348 5.321038
v -0.020572 -0.011050 0.033310
vn 1.734057 -2.289686 5.173038
v -0.021119 -0.013700 0.033488
vn 2.346990 2.125592 5.092221
v -0.021193 -0.011050 0.033522
vn 2.820230 -2.251099 4.702724
v -0.021193 -0.013700 0.033522
vn 3.298138 2.324696 4.337359
v -0.021617 -0.011050 0.033775
vn 3.745678 -2.296915 3.964366
v -0.022044 -0.013700 0.034160
vn 4.254546 2.136750 3.632874
v -0.022150 -0.011050 0.034285
vn 4.569844 -2.217860 3.089528
v -0.022150 -0.013700 0.034285
vn 4.816040 2.317929 2.550678
v -0.022382 -0.011050 0.034625
vn 5.063089 -2.304019 2.023207
v -0.022616 -0.013700 0.035150
vn 5.366327 2.157381 1.508219
v -0.022681 -0.011050 0.035388
vn 5.476865 -2.185405 0.882039
v -0.022681 -0.013700 0.035388
vn 5.443161 2.311035 0.291235
v -0.022735 -0.011050 0.035712
vn 5.443160 -2.311036 -0.291182
v -0.022735 -0.013700 0.036287
vn 5.476864 2.185414 -0.881972
v -0.022681 -0.011050 0.036612
vn 5.366342 -2.157382 -1.508165
v -0.022681 -0.013700 0.036612
vn 5.063106 2.304034 -2.023140
v -0.022616 -0.011050 0.036850
vn 4.816080 -2.317915 -2.550624
v -0.022382 -0.013700 0.037375
vn 4.569871 2.217864 -3.089486
v -0.022150 -0.011050 0.037714
vn 4.254595 -2.136735 -3.632843
v -0.022150 -0.013700 0.037714
vn 3.745708 2.296916 -3.964341
v -0.022044 -0.011050 0.037840
vn 3.298169 -2.324687 -4.337343
v -0.021617 -0.013700 0.038225
vn 2.820240 2.251125 -4.702695
v -0.021193 -0.011050 0.038478
vn 2.347055 -2.125583 -5.092194
v -0.021193 -0.013700 0.038478
vn 1.734092 2.289704 -5.172997
v -0.021119 -0.011050 0.038512
vn 1.170448 -2.331333 -5.321037
v -0.020572 -0.013700 0.038690
vn 0.000022 -2.125129 -5.611075
v -0.020000 -0.013700 0.038750
vn -1.273043 2.279425 5.337182
v 0.000572 0.007650 -0.002690
vn -3.384737 2.287283 4.311609
v 0.001616 0.007650 -0.002225
vn -2.274857 1.836735 5.338513
v 0.001193 0.007650 -0.002478
vn -4.872579 2.294767 2.498892
v 0.002382 0.007650 -0.001375
vn -4.269101 1.946159 3.827615
v 0.002150 0.007650 -0.001715
vn -5.465540 2.301892 0.232486
v 0.002735 0.007650 -0.000287
vn -5.424261 2.044124 1.638093
v 0.002681 0.007650 -0.000612
vn -5.056997 2.308666 -2.071795
v 0.002615 0.007650 0.000850
vn -5.543312 2.130292 -0.809671
v 0.002681 0.007650 0.000612
vn -3.723912 2.315089 -3.992140
v 0.002044 0.007650 0.001840
vn -4.624489 2.204070 -3.056894
v 0.002150 0.007650 0.001715
vn -1.712181 2.321181 -5.178009
v 0.001119 0.007650 0.002512
vn -2.856844 2.264830 -4.691002
v 0.001193 0.007650 0.002478
vn 1.712241 2.321179 -5.177992
v -0.001119 0.007650 0.002512
vn 0.000028 2.403115 -5.476061
v -0.000000 0.007650 0.002750
vn 3.730414 2.324310 -3.976091
v -0.002044 0.007650 0.001840
vn 2.835798 2.278092 -4.691364
v -0.001193 0.007650 0.002478
vn 5.055630 2.326928 -2.037375
v -0.002615 0.007650 0.000850
vn 4.577648 2.240846 -3.075417
v -0.002150 0.007650 0.001715
vn 5.442494 2.329030 0.278381
v -0.002735 0.007650 -0.000287
vn 5.477759 2.204190 -0.869086
v -0.002681 0.007650 0.000612
vn 4.819642 2.330606 2.541704
v -0.002382 0.007650 -0.001375
vn 5.362842 2.171767 1.517287
v -0.002681 0.007650 -0.000612
vn 3.302824 2.331661 4.332961
v -0.001616 0.007650 -0.002225
vn 4.249891 2.146534 3.637386
v -0.002150 0.007650 -0.001715
vn -0.000027 2.319666 5.444053
v 0.000000 0.007650 -0.002750
vn 1.173461 2.332190 5.320072
v -0.000572 0.007650 -0.002690
vn 2.343930 2.130584 5.093277
v -0.001193 0.007650 -0.002478
vn -1.712240 -2.321182 5.177990
v 0.001119 -0.007650 -0.002512
vn -2.856897 -2.264828 4.690969
v 0.001193 -0.007650 -0.002478
vn -3.723951 -2.315089 3.992102
v 0.002044 -0.007650 -0.001840
vn -4.624519 -2.204071 3.056847
v 0.002150 -0.007650 -0.001715
vn -5.057018 -2.308667 2.071742
v 0.002615 -0.007650 -0.000850
vn -5.543318 -2.130294 0.809615
v 0.002681 -0.007650 -0.000612
vn -5.465538 -2.301892 -0.232541
v 0.002735 -0.007650 0.000287
vn -5.424245 -2.044123 -1.638148
v 0.002681 -0.007650 0.000612
vn -4.872554 -2.294768 -2.498942
v 0.002382 -0.007650 0.001375
vn -4.269062 -1.946159 -3.827659
v 0.002150 -0.007650 0.001715
vn -3.384693 -2.287283 -4.311644
v 0.001616 -0.007650 0.002225
vn -2.274802 -1.836735 -5.338537
v 0.001193 -0.007650 0.002478
vn -1.272989 -2.279425 -5.337193
v 0.000572 -0.007650 0.002690
vn 0.000028 -2.125136 -5.611069
v -0.000000 -0.007650 0.002750
vn 1.173515 -2.332189 -5.320062
v -0.000572 -0.007650 0.002690
vn 2.343982 -2.130584 -5.093254
v -0.001193 -0.007650 0.002478
vn 3.302868 -2.331661 -4.332928
v -0.001616 -0.007650 0.002225
vn 4.249928 -2.146533 -3.637342
v -0.002150 -0.007650 0.001715
vn 4.819668 -2.330606 -2.541655
v -0.002382 -0.007650 0.001375
vn 5.362856 -2.171767 -1.517233
v -0.002681 -0.007650 0.000612
vn 5.442497 -2.329031 -0.278327
v -0.002735 -0.007650 0.000287
vn 5.477752 -2.204189 0.869142
v -0.002681 -0.007650 -0.000612
vn 5.055609 -2.326926 2.037428
v -0.002615 -0.007650 -0.000850
vn 4.577616 -2.240846 3.075463
v -0.002150 -0.007650 -0.001715
vn 3.730374 -2.324310 3.976129
v -0.002044 -0.007650 -0.001840
vn 2.835745 -2.278093 4.691398
v -0.001193 -0.007650 -0.002478
vn 1.712182 -2.321179 5.178010
v -0.001119 -0.007650 -0.002512
vn -0.000027 -2.403116 5.476060
v 0.000000 -0.007650 -0.002750
vn 3.209043 2.675017 -2.971013
v -0.021900 -0.001083 0.000625
vn 2.909187 2.004894 -4.106581
v -0.021732 -0.000750 0.001000
vn 4.711132 -2.192383 -3.002032
v -0.021732 -0.007650 0.001000
vn 3.195823 -2.682999 2.961952
v -0.021900 0.001083 -0.000625
vn 2.898871 -2.001978 4.109848
v -0.021732 0.000750 -0.001000
vn 4.711098 2.192389 3.002079
v -0.021732 0.007650 -0.001000
vn 3.728896 2.371321 3.981046
v -0.021326 0.007650 -0.001497
vn 2.675052 -1.452590 4.709843
v -0.021682 0.000625 -0.001083
vn 2.704268 2.181811 4.905251
v -0.021000 0.007650 -0.001732
vn 2.586842 -0.772586 5.135146
v -0.021595 0.000329 -0.001206
vn 2.311548 -0.000569 5.499435
v -0.021561 0.000000 -0.001250
vn 3.240011 -2.287705 4.438591
v -0.021000 -0.007650 -0.001732
vn 2.587115 0.772171 5.135538
v -0.021595 -0.000328 -0.001206
vn 2.674854 1.446440 4.710126
v -0.021682 -0.000627 -0.001082
vn 2.923975 1.976079 4.067807
v -0.021732 -0.000750 -0.001000
vn 5.013086 -2.240568 2.337066
v -0.021732 -0.007650 -0.001000
vn 4.185239 -2.339355 3.508922
v -0.021646 -0.007650 -0.001136
vn 3.327999 -3.169038 1.479234
v -0.021973 0.001207 -0.000327
vn 5.192060 2.357614 1.678969
v -0.021870 0.007650 -0.000709
vn 3.431854 -3.286949 -0.016050
v -0.022000 0.001250 -0.000000
vn 2.947576 -1.983409 -4.059451
v -0.021732 0.000750 0.001000
vn 3.228802 -2.662365 -2.985049
v -0.021900 0.001083 0.000625
vn 5.013115 2.240560 -2.337011
v -0.021732 0.007650 0.001000
vn 3.371025 -3.154822 -1.464869
v -0.021973 0.001207 0.000326
vn 5.358937 2.334826 -1.046307
v -0.021985 0.007650 0.000241
vn 5.550054 2.207287 0.374571
v -0.022000 0.007650 -0.000000
vn 3.728937 -2.371324 -3.981007
v -0.021326 -0.007650 0.001497
vn 2.674764 1.452877 -4.709698
v -0.021682 -0.000625 0.001082
vn 2.704325 -2.181811 -4.905225
v -0.021000 -0.007650 0.001732
vn 2.589078 0.772521 -5.135089
v -0.021595 -0.000329 0.001206
vn 2.311671 0.000010 -2.589001
v -0.021561 0.000000 0.001250
vn 3.240049 2.287704 -4.438561
v -0.021000 0.007650 0.001732
vn 2.589332 -0.772223 -5.135451
v -0.021595 0.000328 0.001206
vn 2.674525 -1.446840 -4.709888
v -0.021682 0.000627 0.001081
vn 4.185284 2.339351 -3.508878
v -0.021646 0.007650 0.001136
vn 3.331108 3.168989 -1.479263
v -0.021973 -0.001207 0.000327
vn 5.192084 -2.357605 -1.678908
v -0.021870 -0.007650 0.000709
vn 3.392285 3.291536 -0.014684
v -0.022000 -0.001250 -0.000000
vn 3.195887 2.683031 2.961898
v -0.021900 -0.001083 -0.000625
vn 3.327246 3.152275 1.488603
v -0.021973 -0.001207 -0.000327
vn 5.358933 -2.334826 1.046364
v -0.021985 -0.007650 -0.000241
vn 5.550061 -2.207280 -0.374520
v -0.022000 -0.007650 -0.000000
vn -1.471284 2.280590 5.299243
v -0.019521 0.007650 -0.001942
vn -0.000027 -2.413656 5.477455
v -0.020000 -0.007650 -0.002000
vn -1.977164 -2.327529 5.094605
v -0.019071 -0.007650 -0.001771
vn -2.624936 1.874275 5.161457
v -0.019000 0.007650 -0.001732
vn -3.264321 -2.261825 4.439293
v -0.019000 -0.007650 -0.001732
vn -3.827648 2.290486 3.939571
v -0.018674 0.007650 -0.001497
vn -4.183264 -2.318630 3.527326
v -0.018354 -0.007650 -0.001136
vn -4.739707 1.995311 3.189045
v -0.018268 0.007650 -0.001000
vn -5.071352 -2.189499 2.303185
v -0.018268 -0.007650 -0.001000
vn -5.241426 2.300118 1.619439
v -0.018130 0.007650 -0.000709
vn -5.369225 -2.309500 1.090888
v -0.018015 -0.007650 -0.000241
vn -5.618632 2.100521 0.469652
v -0.018000 0.007650 -0.000000
vn -5.618625 -2.100527 -0.469704
v -0.018000 -0.007650 -0.000000
vn -5.369222 2.309495 -1.090935
v -0.018015 0.007650 0.000241
vn -5.241407 -2.300121 -1.619484
v -0.018130 -0.007650 0.000709
vn -5.071329 2.189498 -2.303242
v -0.018268 0.007650 0.001000
vn -4.739678 -1.995312 -3.189090
v -0.018268 -0.007650 0.001000
vn -4.183224 2.318628 -3.527374
v -0.018354 0.007650 0.001136
vn -3.827608 -2.290486 -3.939609
v -0.018674 -0.007650 0.001497
vn -3.264284 2.261821 -4.439323
v -0.019000 0.007650 0.001732
vn -2.624886 -1.874276 -5.161482
v -0.019000 -0.007650 0.001732
vn -1.977119 2.327528 -5.094626
v -0.019071 0.007650 0.001771
vn -1.471231 -2.280587 -5.299261
v -0.019521 -0.007650 0.001942
vn 0.000029 2.413656 -5.477455
v -0.020000 0.007650 0.002000
vn 0.216492 -1.737659 -5.865417
v -0.020000 -0.007650 0.002000
vn 1.251513 -2.269376 -5.362522
v -0.020479 -0.007650 0.001942
vn 1.977165 2.327526 -5.094607
v -0.020929 0.007650 0.001771
vn -0.000027 2.333538 5.452228
v -0.020000 0.007650 -0.002000
vn 1.360036 2.341216 5.284688
v -0.020479 0.007650 -0.001942
vn 1.977120 -2.327528 5.094625
v -0.020929 -0.007650 -0.001771
vn -0.000500 0.000149 3.180279
v -0.024841 0.000000 -0.001250
vn 0.036902 0.000001 -3.040783
v -0.025000 0.000000 0.001250
vn 0.000015 0.000498 -2.910395
v -0.021561 0.000000 0.001250
vn 2.307516 5.418929 0.544519
v -0.018300 -0.008000 0.022800
vn 2.892640 3.090319 0.397957
v -0.024000 -0.008000 0.022800
vn 2.074155 5.162228 0.664714
v -0.018300 -0.008000 0.028800
vn 3.403390 3.088068 0.406566
v -0.024000 -0.008000 0.028800
vn 2.074155 -5.162228 0.664714
v -0.018300 0.008000 0.028800
vn 3.403390 -3.088067 0.406566
v -0.024000 0.008000 0.028800
vn 2.307516 -5.418929 0.544518
v -0.018300 0.008000 0.022800
vn 2.892639 -3.090319 0.397957
v -0.024000 0.008000 0.022800
vn 3.649578 -2.645194 1.499821
v -0.024000 0.008268 0.029800
vn 3.653520 2.643239 1.501830
v -0.024000 -0.008268 0.029800
vn 2.525826 -2.179302 4.572273
v -0.024000 0.008946 0.030500
vn 2.530327 2.179978 4.571044
v -0.024000 -0.008946 0.030500
vn 2.649337 -1.517395 2.633989
v -0.024000 0.007000 0.021068
vn 2.649344 -2.633972 1.517405
v -0.024000 0.007732 0.021800
vn 2.892626 -0.397941 3.090332
v -0.024000 0.006000 0.020800
vn 2.892626 0.397941 3.090332
v -0.024000 -0.006000 0.020800
vn 2.649337 1.517394 2.633987
v -0.024000 -0.007000 0.021068
vn 2.649344 2.633970 1.517404
v -0.024000 -0.007732 0.021800
vn 2.307490 -0.544505 5.418944
v -0.018300 0.006000 0.020800
vn 2.307490 0.544503 5.418942
v -0.018300 -0.006000 0.020800
vn 4.381500 2.280798 3.191943
v -0.017305 0.000800 0.016166
vn 4.385217 -2.278660 3.190042
v -0.017305 -0.000800 0.016166
vn 3.899649 2.288326 3.775799
v -0.008900 0.000800 0.006079
vn 3.899649 -2.288325 3.775800
v -0.008900 -0.000800 0.006079
vn 1.204853 -5.467889 1.722717
v -0.008355 -0.001000 0.005327
vn 1.548180 -5.430979 1.488875
v -0.009053 -0.001000 0.005951
vn 1.740911 -5.424763 1.270419
v -0.017458 -0.001000 0.016037
vn 1.903937 -5.437459 0.976563
v -0.017909 -0.001000 0.016752
vn 2.877271 -2.815892 1.121279
v -0.017815 -0.001000 0.006962
vn 2.160998 -2.741703 2.185750
v -0.017121 -0.001000 0.005879
vn 1.116683 -2.748775 2.871745
v -0.016038 -0.001000 0.005185
vn 1.172726 5.484355 1.721148
v -0.008355 0.001000 0.005327
vn 1.906640 5.436064 0.974838
v -0.017909 0.001000 0.016752
vn 1.740589 5.423178 1.273850
v -0.017458 0.001000 0.016037
vn 1.548181 5.430978 1.488875
v -0.009053 0.001000 0.005951
vn 2.158122 2.736876 2.187603
v -0.017121 0.001000 0.005879
vn 2.872457 2.832183 1.145613
v -0.017815 0.001000 0.006962
vn 1.122938 2.749011 2.869320
v -0.016038 0.001000 0.005185
vn 4.463727 0.617439 4.192808
v -0.017711 0.003064 0.006714
vn 5.312408 1.730469 2.201329
v -0.017948 0.002033 0.007443
vn 4.908404 1.100566 3.338228
v -0.017829 0.002482 0.007001
vn 5.061555 2.367671 2.092178
v -0.017772 0.007650 0.006852
vn 5.306361 -1.724782 2.237250
v -0.017948 0.005416 0.007442
vn 4.295288 0.019371 4.452125
v -0.017660 0.003726 0.006614
vn 3.863752 2.387610 3.879874
v -0.017121 0.007650 0.005879
vn 4.488492 -0.619892 4.150764
v -0.017711 0.004386 0.006714
vn 4.929941 -1.107181 3.312822
v -0.017829 0.004967 0.007001
vn 2.101300 2.394788 5.055354
v -0.016148 0.007650 0.005228
vn 4.488963 0.603402 4.153696
v -0.017711 -0.004386 0.006714
vn 5.057058 -2.347000 2.113291
v -0.017772 -0.007650 0.006852
vn 3.866873 -2.382369 3.877800
v -0.017121 -0.007650 0.005879
vn 5.310213 1.708879 2.213393
v -0.017948 -0.005417 0.007443
vn 4.908900 1.103300 3.336738
v -0.017829 -0.004968 0.007001
vn 5.307819 -1.758868 2.219578
v -0.017948 -0.002034 0.007442
vn 4.295287 0.013756 4.452127
v -0.017660 -0.003724 0.006614
vn 4.463223 -0.633959 4.189939
v -0.017711 -0.003064 0.006714
vn 4.929412 -1.104478 3.314390
v -0.017829 -0.002483 0.007001
vn 2.095161 -2.393716 5.058060
v -0.016148 -0.007650 0.005228
vn 2.281760 4.079353 -3.571362
v -0.018300 0.009414 0.015964
vn -2.281716 4.079360 -3.571390
v -0.024700 0.009414 0.015964
vn 2.151603 3.975214 -3.491453
v -0.018300 0.012536 0.019085
vn -2.151574 3.975209 -3.491471
v -0.024700 0.012536 0.019085
vn -2.281716 -4.079359 -3.571389
v -0.024700 -0.009414 0.015964
vn 2.281760 -4.079354 -3.571362
v -0.018300 -0.009414 0.015964
vn -2.151575 -3.975209 -3.491470
v -0.024700 -0.012536 0.019085
vn 2.151604 -3.975214 -3.491453
v -0.018300 -0.012536 0.019085
vn -2.081713 4.500256 -2.598234
v -0.024700 0.013330 0.020121
vn 2.081741 4.500253 -2.598212
v -0.018300 0.013330 0.020121
vn -2.081724 5.019377 -1.344951
v -0.024700 0.013830 0.021327
vn 2.081735 5.019380 -1.344931
v -0.018300 0.013830 0.021327
vn 2.081741 -4.500253 -2.598212
v -0.018300 -0.013330 0.020121
vn -2.081713 -4.500255 -2.598236
v -0.024700 -0.013330 0.020121
vn 2.081736 -5.019380 -1.344930
v -0.018300 -0.013830 0.021327
vn -2.081724 -5.019378 -1.344949
v -0.024700 -0.013830 0.021327
vn -2.342010 4.725681 -2.728386
v -0.024700 0.008620 0.014929
vn 2.342048 4.725674 -2.728357
v -0.018300 0.008620 0.014929
vn -2.342026 5.270805 -1.412317
v -0.024700 0.008120 0.013723
vn 2.342038 5.270806 -1.412295
v -0.018300 0.008120 0.013723
vn -2.342025 -5.270804 -1.412320
v -0.024700 -0.008120 0.013723
vn 2.342037 -5.270807 -1.412295
v -0.018300 -0.008120 0.013723
vn -2.342009 -4.725683 -2.728384
v -0.024700 -0.008620 0.014929
vn 2.342048 -4.725674 -2.728357
v -0.018300 -0.008620 0.014929
vn 2.467986 0.683220 5.265584
v -0.024232 -0.009482 0.030732
vn 1.944375 2.491735 4.293694
v -0.018300 -0.009000 0.030532
vn 2.343307 1.303962 5.073112
v -0.024032 -0.009000 0.030532
vn 1.926857 4.296722 2.480720
v -0.018300 -0.008268 0.029800
vn 1.930598 -4.298587 2.478849
v -0.018300 0.008268 0.029800
vn 1.948056 -2.489860 4.295544
v -0.018300 0.009000 0.030532
vn 2.343169 -1.305699 5.072337
v -0.024031 0.008998 0.030531
vn 2.468432 -0.683686 5.265368
v -0.024232 0.009482 0.030732
vn 2.340612 -5.172834 1.745482
v -0.018300 0.007848 0.022035
vn 2.227706 -4.677428 2.928933
v -0.018300 0.007732 0.021800
vn 2.306920 -3.833731 3.921711
v -0.018300 0.007414 0.021386
vn 2.120264 -3.049105 4.700506
v -0.018300 0.007000 0.021068
vn 2.340597 -1.745463 5.172844
v -0.018300 0.006765 0.020952
vn 2.340598 1.745465 5.172843
v -0.018300 -0.006765 0.020952
vn 2.227700 2.928921 4.677437
v -0.018300 -0.007000 0.021068
vn 2.306919 3.921703 3.833739
v -0.018300 -0.007414 0.021386
vn 2.120269 4.700497 3.049116
v -0.018300 -0.007732 0.021800
vn 2.340612 5.172834 1.745482
v -0.018300 -0.007848 0.022035
vn 1.339897 -2.338443 5.266135
v -0.007448 -0.000800 0.005124
vn 1.363381 2.323011 5.273960
v -0.007448 0.000800 0.005124
vn 2.341794 -2.239032 4.948376
v -0.007867 -0.000800 0.005283
vn 2.419147 2.158984 4.985798
v -0.007867 0.000800 0.005283
vn 3.167401 -2.322883 4.431961
v -0.008245 -0.000800 0.005494
vn 3.145301 2.300927 4.468584
v -0.008245 0.000800 0.005494
vn 2.519085 0.004485 2.732456
v -0.017950 0.000800 0.017539
vn 3.186352 -1.652555 3.758212
v -0.017925 0.000625 0.017417
vn 4.957429 2.483568 2.081726
v -0.017727 0.000800 0.016836
vn 3.217683 -0.830155 4.078187
v -0.017893 0.000324 0.017293
vn 4.786699 2.336895 2.550948
v -0.017718 0.000800 0.016815
vn 3.201531 -0.000004 1.182029
v -0.017881 0.000000 0.017250
vn 3.217784 0.830235 4.078173
v -0.017893 -0.000324 0.017293
vn 4.786685 -2.334417 2.555483
v -0.017718 -0.000800 0.016815
vn 4.961996 -2.481480 2.074542
v -0.017727 -0.000800 0.016836
vn 3.208241 1.674934 3.742360
v -0.017925 -0.000625 0.017418
vn 2.933867 -0.027334 2.894145
v -0.017950 -0.000800 0.017539
vn 3.072074 -2.357147 -4.518355
v -0.015442 -0.007650 -0.002519
vn 3.072074 2.357147 -4.518356
v -0.015442 0.007650 -0.002519
vn 1.607145 -2.357148 -5.222092
v -0.014637 -0.007650 -0.002133
vn 1.607145 2.357148 -5.222092
v -0.014637 0.007650 -0.002133
vn 2.286905 5.407851 0.347257
v -0.018300 -0.005450 0.008500
vn 2.973292 3.119401 0.263131
v -0.023000 -0.005450 0.008500
vn 2.329899 5.417962 -0.733217
v -0.018300 -0.005450 0.015800
vn 2.879796 3.088069 -0.406537
v -0.023000 -0.005450 0.015800
vn 2.879796 -3.088069 -0.406537
v -0.023000 -0.002000 0.015800
vn 2.329900 -5.417961 -0.733216
v -0.018300 -0.002000 0.015800
vn 2.618001 -2.627995 -1.517260
v -0.023000 -0.002231 0.016662
vn 2.438359 -4.739665 -2.736435
v -0.018300 -0.002231 0.016662
vn 2.618007 -1.517273 -2.627979
v -0.023000 -0.002863 0.017294
vn 2.438368 -2.736448 -4.739653
v -0.018300 -0.002863 0.017294
vn 2.618011 -0.000000 -3.034529
v -0.023000 -0.003725 0.017525
vn 2.438369 0.000001 -5.472885
v -0.018300 -0.003725 0.017525
vn 2.618007 1.517274 -2.627981
v -0.023000 -0.004587 0.017294
vn 2.438368 2.736448 -4.739654
v -0.018300 -0.004587 0.017294
vn 2.618001 2.627999 -1.517262
v -0.023000 -0.005219 0.016662
vn 2.438360 4.739666 -2.736435
v -0.018300 -0.005219 0.016662
vn 2.279149 -5.408535 0.341975
v -0.018300 -0.002000 0.008500
vn 2.979177 -3.120055 0.259219
v -0.023000 -0.002000 0.008500
vn 2.285554 -5.320454 1.159049
v -0.018300 -0.002053 0.008074
vn 2.748866 -2.864838 1.123198
v -0.023000 -0.002097 0.007930
vn 2.158207 -5.077134 2.233956
v -0.018296 -0.002097 0.007929
vn 2.077648 -4.439384 3.470110
v -0.018243 -0.002284 0.007551
vn 2.673140 -2.054281 2.254925
v -0.023000 -0.002561 0.007227
vn 1.871364 -3.747838 4.360309
v -0.018146 -0.002562 0.007226
vn 1.895522 -2.794808 5.030607
v -0.018112 -0.002667 0.007138
vn 2.672203 -0.749511 2.956693
v -0.023000 -0.003304 0.006827
vn 1.801669 -1.873426 5.511666
v -0.017982 -0.003162 0.006869
vn 2.664939 0.754477 2.954047
v -0.023000 -0.004146 0.006827
vn 1.737851 0.030450 5.877836
v -0.017927 -0.003724 0.006775
vn 1.679613 -0.975759 5.796967
v -0.017958 -0.003303 0.006827
vn 2.649958 2.055193 2.248766
v -0.023000 -0.004889 0.007227
vn 1.985180 3.616696 4.413502
v -0.018146 -0.004888 0.007226
vn 1.950100 2.815389 5.009922
v -0.018112 -0.004784 0.007138
vn 1.805364 1.865791 5.511926
v -0.017982 -0.004288 0.006869
vn 1.628601 0.944219 5.828382
v -0.017958 -0.004147 0.006827
vn 2.727020 2.859573 1.128455
v -0.023000 -0.005353 0.007930
vn 2.293661 5.321082 1.153854
v -0.018300 -0.005397 0.008074
vn 2.146326 5.081029 2.303299
v -0.018296 -0.005353 0.007929
vn 2.131517 4.488698 3.382445
v -0.018243 -0.005166 0.007552
vn 2.286905 5.407850 0.347255
v -0.018300 0.002000 0.008500
vn 2.973292 3.119401 0.263131
v -0.023000 0.002000 0.008500
vn 2.329900 5.417962 -0.733217
v -0.018300 0.002000 0.015800
vn 2.879796 3.088069 -0.406537
v -0.023000 0.002000 0.015800
vn 2.879796 -3.088069 -0.406537
v -0.023000 0.005450 0.015800
vn 2.329899 -5.417962 -0.733216
v -0.018300 0.005450 0.015800
vn 2.618001 -2.628001 -1.517263
v -0.023000 0.005219 0.016662
vn 2.438360 -4.739665 -2.736435
v -0.018300 0.005219 0.016662
vn 2.618007 -1.517275 -2.627983
v -0.023000 0.004587 0.017294
vn 2.438368 -2.736448 -4.739653
v -0.018300 0.004587 0.017294
vn 2.618010 0.000001 -3.034529
v -0.023000 0.003725 0.017525
vn 2.438369 0.000001 -5.472885
v -0.018300 0.003725 0.017525
vn 2.618007 1.517273 -2.627981
v -0.023000 0.002863 0.017294
vn 2.438368 2.736448 -4.739654
v -0.018300 0.002863 0.017294
vn 2.618001 2.628001 -1.517263
v -0.023000 0.002231 0.016662
vn 2.438359 4.739666 -2.736434
v -0.018300 0.002231 0.016662
vn 2.279149 -5.408535 0.341976
v -0.018300 0.005450 0.008500
vn 2.979177 -3.120055 0.259219
v -0.023000 0.005450 0.008500
vn 2.285554 -5.320453 1.159050
v -0.018300 0.005397 0.008074
vn 2.748865 -2.864838 1.123199
v -0.023000 0.005353 0.007930
vn 2.158207 -5.077133 2.233955
v -0.018296 0.005353 0.007929
vn 2.077649 -4.439385 3.470109
v -0.018243 0.005166 0.007551
vn 2.673141 -2.054280 2.254926
v -0.023000 0.004889 0.007227
vn 1.871365 -3.747836 4.360311
v -0.018146 0.004888 0.007226
vn 1.895522 -2.794805 5.030608
v -0.018112 0.004783 0.007138
vn 2.672203 -0.749511 2.956694
v -0.023000 0.004146 0.006827
vn 1.801669 -1.873427 5.511664
v -0.017982 0.004288 0.006869
vn 2.664939 0.754478 2.954049
v -0.023000 0.003304 0.006827
vn 1.737850 0.030450 5.877836
v -0.017927 0.003726 0.006775
vn 1.679614 -0.975760 5.796967
v -0.017958 0.004147 0.006827
vn 2.649957 2.055193 2.248766
v -0.023000 0.002561 0.007227
vn 1.985179 3.616694 4.413504
v -0.018146 0.002562 0.007226
vn 1.950099 2.815387 5.009923
v -0.018112 0.002666 0.007138
vn 1.805364 1.865792 5.511926
v -0.017982 0.003162 0.006869
vn 1.628602 0.944220 5.828381
v -0.017958 0.003303 0.006827
vn 2.727020 2.859573 1.128454
v -0.023000 0.002097 0.007930
vn 2.293660 5.321084 1.153849
v -0.018300 0.002053 0.008074
vn 2.146325 5.081032 2.303297
v -0.018296 0.002097 0.007929
vn 2.131515 4.488699 3.382446
v -0.018243 0.002284 0.007552
vn -0.000015 -0.000044 3.041593
v -0.017881 0.000000 0.017250
vn 0.000015 0.000000 -3.034543
v -0.018000 0.000000 0.019750
vn 0.000015 0.000000 -3.034542
v -0.025000 0.000000 0.019750
vn -2.357430 -1.883045 -5.126530
v 0.000150 0.010477 0.062291
vn 3.576961 -1.513854 -2.649207
v 0.000800 0.010550 0.062252
vn 3.613088 -0.000000 -3.046457
v 0.000800 0.010000 0.062400
vn -2.298906 -3.105790 -4.505358
v 0.000150 0.010550 0.062252
vn -2.362575 -4.058298 -3.667074
v 0.000150 0.010860 0.061985
vn 3.540437 -2.644572 -1.533844
v 0.000800 0.010953 0.061850
vn -2.276489 -4.874749 -2.528690
v 0.000150 0.010953 0.061850
vn -2.359117 -5.308095 -1.357174
v 0.000150 0.011072 0.061544
vn 3.528411 -3.059119 0.000014
v 0.000800 0.011100 0.061300
vn -2.315108 -5.458673 -0.000016
v 0.000150 0.011100 0.061300
vn -2.388144 -5.293730 1.317445
v 0.000150 0.011072 0.061055
vn 3.540420 -2.644573 1.533878
v 0.000800 0.010953 0.060750
vn -2.315434 -4.828239 2.545799
v 0.000150 0.010953 0.060750
vn -2.377556 -4.060883 3.645731
v 0.000150 0.010860 0.060614
vn 3.576935 -1.513845 2.649246
v 0.000800 0.010550 0.060347
vn -2.316316 -3.082561 4.503247
v 0.000150 0.010550 0.060347
vn -2.357490 -1.883028 5.126512
v 0.000150 0.010477 0.060309
vn 3.613039 -0.000000 3.046499
v 0.000800 0.010000 0.060200
vn -2.413684 -0.000003 5.476471
v 0.000150 0.010000 0.060200
vn -2.357493 1.883030 5.126509
v 0.000150 0.009523 0.060309
vn 3.576937 1.513847 2.649245
v 0.000800 0.009450 0.060347
vn -2.298955 3.105795 4.505332
v 0.000150 0.009450 0.060347
vn -2.362615 4.058299 3.667048
v 0.000150 0.009140 0.060614
vn 3.540417 2.644573 1.533879
v 0.000800 0.009047 0.060750
vn -2.276518 4.874743 2.528673
v 0.000150 0.009047 0.060750
vn -2.359136 5.308094 1.357151
v 0.000150 0.008928 0.061055
vn 3.528412 3.059118 0.000014
v 0.000800 0.008900 0.061300
vn -2.315108 5.458674 -0.000016
v 0.000150 0.008900 0.061300
vn -2.388128 5.293728 -1.317481
v 0.000150 0.008928 0.061544
vn 3.540434 2.644572 -1.533845
v 0.000800 0.009047 0.061850
vn -2.315403 4.828237 -2.545829
v 0.000150 0.009047 0.061850
vn -2.377514 4.060887 -3.645754
v 0.000150 0.009140 0.061985
vn 3.576962 1.513855 -2.649206
v 0.000800 0.009450 0.062252
vn -2.316267 3.082565 -4.503269
v 0.000150 0.009450 0.062252
vn -2.357432 1.883046 -5.126527
v 0.000150 0.009523 0.062291
vn -2.413626 -0.000002 -5.476500
v 0.000150 0.010000 0.062400
vn -2.357431 -1.883047 -5.126528
v 0.000150 -0.009523 0.037291
vn 3.576958 -1.513852 -2.649209
v 0.000800 -0.009450 0.037252
vn 3.613088 -0.000000 -3.046457
v 0.000800 -0.010000 0.037400
vn -2.298905 -3.105776 -4.505364
v 0.000150 -0.009450 0.037252
vn -2.362586 -4.058290 -3.667082
v 0.000150 -0.009140 0.036985
vn 3.540425 -2.644574 -1.533844
v 0.000800 -0.009047 0.036850
vn -2.276497 -4.874743 -2.528697
v 0.000150 -0.009047 0.036850
vn -2.359123 -5.308095 -1.357177
v 0.000150 -0.008928 0.036544
vn 3.528411 -3.059118 0.000016
v 0.000800 -0.008900 0.036300
vn -2.315106 -5.458674 -0.000012
v 0.000150 -0.008900 0.036300
vn -2.388143 -5.293728 1.317462
v 0.000150 -0.008928 0.036055
vn 3.540427 -2.644566 1.533886
v 0.000800 -0.009047 0.035750
vn -2.315422 -4.828232 2.545813
v 0.000150 -0.009047 0.035750
vn -2.377549 -4.060884 3.645730
v 0.000150 -0.009140 0.035614
vn 3.576930 -1.513852 2.649246
v 0.000800 -0.009450 0.035347
vn -2.316319 -3.082564 4.503244
v 0.000150 -0.009450 0.035347
vn -2.357491 -1.883045 5.126501
v 0.000150 -0.009523 0.035309
vn 3.613053 0.000000 3.046494
v 0.000800 -0.010000 0.035200
vn -2.413689 0.000002 5.476472
v 0.000150 -0.010000 0.035200
vn -2.357489 1.883043 5.126503
v 0.000150 -0.010477 0.035309
vn 3.576929 1.513851 2.649247
v 0.000800 -0.010550 0.035347
vn -2.298958 3.105788 4.505332
v 0.000150 -0.010550 0.035347
vn -2.362610 4.058295 3.667051
v 0.000150 -0.010860 0.035614
vn 3.540430 2.644566 1.533884
v 0.000800 -0.010953 0.035750
vn -2.276509 4.874741 2.528676
v 0.000150 -0.010953 0.035750
vn -2.359134 5.308095 1.357154
v 0.000150 -0.011072 0.036055
vn 3.528409 3.059119 0.000016
v 0.000800 -0.011100 0.036300
vn -2.250114 5.513711 -0.056118
v 0.000150 -0.011100 0.036300
vn -2.345864 5.339026 -1.274770
v 0.000150 -0.011072 0.036544
vn 3.540428 2.644574 -1.533842
v 0.000800 -0.010953 0.036850
vn -2.315413 4.828240 -2.545823
v 0.000150 -0.010953 0.036850
vn -2.377525 4.060874 -3.645770
v 0.000150 -0.010860 0.036985
vn 3.576957 1.513851 -2.649210
v 0.000800 -0.010550 0.037252
vn -2.316262 3.082547 -4.503280
v 0.000150 -0.010550 0.037252
vn -2.357432 1.883047 -5.126527
v 0.000150 -0.010477 0.037291
vn -2.413629 -0.000000 -5.476498
v 0.000150 -0.010000 0.037400
vn -2.113684 -0.505946 -5.225140
v -0.000700 -0.012000 0.031300
vn -1.110701 -3.926983 -2.681529
v -0.000700 -0.008000 0.031300
vn 2.945256 -0.306448 -3.111395
v 0.005000 -0.012000 0.031300
vn 1.110727 -2.681514 -3.926986
v 0.004700 -0.008000 0.031300
vn 5.823116 -1.110722 -0.785369
v 0.005000 -0.007700 0.031300
vn 2.748909 -1.179136 -2.846670
v 0.005000 -0.012765 0.031452
vn -2.005962 -1.946779 -4.699971
v -0.000700 -0.012765 0.031452
vn 2.748904 -2.178757 -2.178740
v 0.005000 -0.013414 0.031885
vn -2.005968 -3.597197 -3.597204
v -0.000700 -0.013414 0.031885
vn 2.748902 -2.846684 -1.179120
v 0.005000 -0.013848 0.032534
vn -2.005971 -4.699972 -1.946801
v -0.000700 -0.013848 0.032534
vn 2.945244 -3.111404 -0.306434
v 0.005000 -0.014000 0.033300
vn -2.113709 -5.225121 -0.505965
v -0.000700 -0.014000 0.033300
vn -3.437214 2.212188 4.146656
v -0.002500 0.007700 0.030330
vn -2.003145 -3.155018 2.420035
v -0.002500 0.004000 0.030330
vn -2.369895 -3.490279 1.988946
v -0.001702 0.004000 0.030999
vn -4.168443 2.396368 3.521031
v -0.001698 0.007700 0.031004
vn -2.907320 -3.489529 1.058489
v -0.001181 0.004000 0.031902
vn -5.074651 2.428094 1.941609
v -0.001177 0.007700 0.031914
vn -6.259420 -0.173775 0.272174
v -0.001000 0.004000 0.032928
vn -6.258992 0.171966 0.285084
v -0.001000 0.007700 0.032928
vn -2.003366 3.155401 2.419849
v -0.002500 -0.004000 0.030330
vn -3.437435 -2.212570 4.146471
v -0.002500 -0.007700 0.030330
vn -4.164086 -2.399385 3.525291
v -0.001698 -0.007700 0.031004
vn -2.370107 3.491813 1.988380
v -0.001702 -0.004000 0.030999
vn -5.059745 -2.476818 1.868275
v -0.001177 -0.007700 0.031914
vn -2.906985 3.491441 1.058682
v -0.001181 -0.004000 0.031902
vn -6.258897 -0.172734 0.285597
v -0.001000 -0.007700 0.032928
vn -6.259323 0.174532 0.272733
v -0.001000 -0.004000 0.032928
vn -4.712382 1.570796 -1.570820
v -0.001000 -0.003000 0.040000
vn -2.681522 3.926991 1.110708
v -0.001000 -0.003000 0.043000
vn -5.452146 -0.200596 2.112989
v -0.001000 0.009750 0.043000
vn -4.712382 -1.570796 -1.570820
v -0.001000 -0.008000 0.040000
vn -5.561561 -0.856217 -1.778447
v -0.001000 -0.009024 0.038327
vn -5.562850 -0.000000 -1.972496
v -0.001000 -0.010000 0.038550
vn -2.353584 -4.889874 1.014721
v -0.001000 0.010750 0.043469
vn -6.238067 -0.229007 -0.373470
v -0.001000 0.010750 0.042017
vn -5.456570 -1.406795 1.579809
v -0.001000 0.010674 0.043385
vn -5.519331 -0.760544 1.882730
v -0.001000 0.010250 0.043100
vn -5.252751 0.238060 -2.307556
v -0.001000 0.012000 0.031600
vn -4.745874 2.921297 0.692249
v -0.001000 0.007981 0.031600
vn -5.052908 2.325144 0.887402
v -0.001000 0.007888 0.031850
vn -3.389575 0.397562 -3.090430
v -0.001000 -0.003000 0.029000
vn -3.641856 1.522006 -2.629737
v -0.001000 -0.003500 0.028866
vn -3.654605 2.632158 -1.513151
v -0.001000 -0.003866 0.028500
vn -0.261797 6.229662 -0.406553
v -0.001000 -0.004000 0.028000
vn -0.261797 -6.229662 -0.406553
v -0.001000 0.004000 0.028000
vn -3.654001 -2.632453 -1.512850
v -0.001000 0.003866 0.028500
vn -3.641254 -1.521706 -2.630033
v -0.001000 0.003500 0.028866
vn -3.389575 -0.397562 -3.090430
v -0.001000 0.003000 0.029000
vn -6.238067 0.229007 -0.373470
v -0.001000 -0.010750 0.042017
vn -5.418275 -2.304189 -0.519021
v -0.001000 -0.013700 0.042017
vn -5.556889 0.854233 -1.785813
v -0.001000 -0.010976 0.038327
vn -5.142488 0.915983 -2.211416
v -0.001000 0.012651 0.031729
vn -5.142489 1.692522 -1.692550
v -0.001000 0.013202 0.032098
vn -5.252760 2.307517 -0.238085
v -0.001000 0.013700 0.033300
vn -5.142480 2.211397 -0.916016
v -0.001000 0.013571 0.032649
vn -4.580064 2.772688 0.311959
v -0.001000 0.007750 0.032379
vn -5.418274 2.304188 -0.519022
v -0.001000 0.013700 0.042017
vn -2.681522 -3.926991 1.110708
v -0.001000 -0.008000 0.043000
vn -5.452144 0.200596 2.112988
v -0.001000 -0.009750 0.043000
vn -5.529289 0.771030 1.864306
v -0.001000 -0.010250 0.043100
vn -5.497736 1.380090 1.540087
v -0.001000 -0.010674 0.043385
vn -2.395989 4.835374 1.008888
v -0.001000 -0.010750 0.043469
vn -5.556910 -0.854230 1.785750
v -0.001000 -0.009024 0.034272
vn -5.548567 -1.553576 1.243068
v -0.001000 -0.008241 0.034897
vn -5.544368 -1.944501 0.444930
v -0.001000 -0.007806 0.035799
vn -5.552867 -1.932639 -0.450705
v -0.001000 -0.007806 0.036800
vn -5.560817 -1.543555 -1.231442
v -0.001000 -0.008241 0.037702
vn -4.843015 -2.835407 0.728032
v -0.001000 -0.007981 0.031600
vn -5.252755 -0.238056 -2.307551
v -0.001000 -0.012000 0.031600
vn -5.176956 -2.267185 0.760828
v -0.001000 -0.007892 0.031837
vn -5.142489 -0.915987 -2.211410
v -0.001000 -0.012651 0.031729
vn -4.576173 -2.774674 0.311728
v -0.001000 -0.007749 0.032381
vn -5.561584 0.856213 1.778384
v -0.001000 -0.010976 0.034272
vn -5.562867 0.000001 1.972444
v -0.001000 -0.010000 0.034050
vn -5.548555 1.553573 -1.243124
v -0.001000 -0.011759 0.037702
vn -5.554349 1.934880 -0.433222
v -0.001000 -0.012194 0.036800
vn -5.252761 -2.307518 -0.238084
v -0.001000 -0.013700 0.033300
vn -5.560607 1.925194 0.439855
v -0.001000 -0.012194 0.035799
vn -5.560830 1.543556 1.231386
v -0.001000 -0.011759 0.034897
vn -5.142479 -2.211396 -0.916020
v -0.001000 -0.013571 0.032649
vn -5.142486 -1.692525 -1.692550
v -0.001000 -0.013202 0.032098
vn -5.207229 2.314016 1.605597
v 0.000040 -0.011050 0.047947
vn -5.207233 -2.314013 1.605599
v 0.000040 -0.013700 0.047947
vn -5.474822 2.393597 -0.000025
v 0.000250 -0.011050 0.049000
vn -5.474825 -2.393594 -0.000025
v 0.000250 -0.013700 0.049000
vn -5.207214 2.314017 -1.605644
v 0.000040 -0.011050 0.050052
vn -5.207216 -2.314014 -1.605645
v 0.000040 -0.013700 0.050052
vn -4.779471 2.280666 -2.662271
v 0.000012 -0.011050 0.050118
vn -4.779767 -2.269795 -2.679924
v 0.000012 -0.013700 0.050118
vn -4.148497 2.315520 -3.531065
v -0.000556 -0.011050 0.050944
vn -4.162003 -2.307607 -3.525000
v -0.000556 -0.013700 0.050944
vn -3.350098 2.251769 -4.358096
v -0.000660 -0.011050 0.051043
vn -3.337012 -2.222777 -4.397333
v -0.000660 -0.013700 0.051043
vn -2.415831 2.316785 -4.881585
v -0.001448 -0.011050 0.051540
vn -2.445293 -2.301095 -4.880877
v -0.001448 -0.013700 0.051540
vn -1.361361 2.223148 -5.351632
v -0.001650 -0.011050 0.051615
vn -1.317416 -2.166607 -5.408186
v -0.001650 -0.013700 0.051615
vn -0.291126 2.317831 -5.437919
v -0.002500 -0.011050 0.051750
vn -0.332087 -2.294492 -5.454005
v -0.002500 -0.013700 0.051750
vn 0.862947 2.197199 -5.476821
v -0.002788 -0.011050 0.051735
vn 0.954419 -2.101764 -5.535355
v -0.002788 -0.013700 0.051735
vn 1.880302 2.318626 -5.110028
v -0.003553 -0.011050 0.051540
vn 1.838471 -2.287766 -5.150781
v -0.003553 -0.013700 0.051540
vn 2.959071 2.175936 -4.709916
v -0.003875 -0.011050 0.051381
vn 3.107488 -2.028664 -4.743832
v -0.003875 -0.013700 0.051381
vn 3.745526 2.319206 -3.951367
v -0.004445 -0.011050 0.050944
vn 3.717209 -2.280946 -4.018288
v -0.004445 -0.013700 0.050944
vn 4.583046 2.160932 -3.173949
v -0.004725 -0.011050 0.050616
vn 4.783756 -1.947693 -3.148924
v -0.004725 -0.013700 0.050616
vn 5.001447 2.319551 -2.150435
v -0.005041 -0.011050 0.050052
vn 5.001258 -2.274012 -2.237229
v -0.005041 -0.013700 0.050052
vn 5.467844 2.153183 -1.119004
v -0.005190 -0.011050 0.049571
vn 5.697257 -1.859009 -1.000509
v -0.005190 -0.013700 0.049571
vn 5.482918 2.266972 0.093028
v -0.005250 -0.011050 0.049000
vn 5.482923 -2.266968 -0.092970
v -0.005250 -0.013700 0.049000
vn 5.697242 1.859017 1.000564
v -0.005190 -0.011050 0.048428
vn 5.467836 -2.153179 1.119056
v -0.005190 -0.013700 0.048428
vn 5.001233 2.274018 2.237277
v -0.005041 -0.011050 0.047947
vn 5.001429 -2.319550 2.150483
v -0.005041 -0.013700 0.047947
vn 4.783717 1.947695 3.148988
v -0.004725 -0.011050 0.047383
vn 4.583007 -2.160931 3.174015
v -0.004725 -0.013700 0.047383
vn 3.717150 2.280951 4.018327
v -0.004445 -0.011050 0.047055
vn 3.745473 -2.319204 3.951412
v -0.004445 -0.013700 0.047055
vn 3.107441 2.028676 4.743854
v -0.003875 -0.011050 0.046618
vn 2.959027 -2.175941 4.709942
v -0.003875 -0.013700 0.046618
vn 1.838412 2.287778 5.150789
v -0.003553 -0.011050 0.046459
vn 1.880247 -2.318632 5.110042
v -0.003553 -0.013700 0.046459
vn 0.954387 2.101755 5.535362
v -0.002788 -0.011050 0.046265
vn 0.862911 -2.197188 5.476830
v -0.002788 -0.013700 0.046265
vn -0.332110 2.294486 5.454015
v -0.002500 -0.011050 0.046250
vn -0.291151 -2.317817 5.437937
v -0.002500 -0.013700 0.046250
vn -1.317520 2.166626 5.408160
v -0.001650 -0.011050 0.046384
vn -1.361463 -2.223157 5.351614
v -0.001650 -0.013700 0.046384
vn -2.445393 2.301104 4.880803
v -0.001448 -0.011050 0.046459
vn -2.415929 -2.316788 4.881516
v -0.001448 -0.013700 0.046459
vn -3.337044 2.222775 4.397306
v -0.000660 -0.011050 0.046956
vn -3.350136 -2.251764 4.358070
v -0.000660 -0.013700 0.046956
vn -4.162028 2.307609 3.524972
v -0.000556 -0.011050 0.047055
vn -4.148527 -2.315515 3.531043
v -0.000556 -0.013700 0.047055
vn -4.779788 2.269797 2.679882
v 0.000012 -0.011050 0.047881
vn -4.779499 -2.280659 2.662232
v 0.000012 -0.013700 0.047881
vn 0.615171 0.494484 -6.214522
v 0.002500 -0.003000 0.029000
vn 0.615171 -0.494485 -6.214522
v 0.002500 0.003000 0.029000
vn 3.317697 -2.102083 1.474633
v 0.004921 0.006884 0.025116
vn 3.298006 -1.550898 1.892925
v 0.004881 0.006625 0.024917
vn 4.869007 2.124807 -1.701599
v 0.004743 0.007700 0.024416
vn 3.287268 -0.822356 2.156497
v 0.004852 0.006324 0.024792
vn 3.275393 -0.000022 2.223119
v 0.004841 0.006000 0.024750
vn 5.264689 2.217963 -0.344148
v 0.005000 0.007700 0.026000
vn 3.512820 -3.046267 -0.247118
v 0.005000 0.007250 0.026000
vn 3.357319 -2.715985 0.354320
v 0.004989 0.007207 0.025676
vn 3.329892 -2.352161 0.973120
v 0.004961 0.007083 0.025375
vn 3.288617 0.823449 2.161254
v 0.004852 0.005676 0.024792
vn 2.898354 -2.932202 -1.170902
v 0.004743 0.004000 0.024416
vn 3.533858 3.042576 -0.260215
v 0.005000 0.004750 0.026000
vn 5.360111 -2.173736 -0.095469
v 0.005000 0.004200 0.026000
vn 3.391145 2.932173 0.537955
v 0.004989 0.004793 0.025675
vn 5.313660 -2.087260 -0.510248
v 0.004950 0.004150 0.025293
vn 3.356729 2.641229 1.006427
v 0.004961 0.004917 0.025375
vn 3.030416 -2.981001 -0.785083
v 0.004800 0.004000 0.024600
vn 3.322692 2.157516 1.486770
v 0.004921 0.005116 0.025116
vn 3.300276 1.557801 1.900061
v 0.004881 0.005375 0.024917
vn 2.479010 -2.819380 -1.862834
v 0.003997 0.004000 0.022996
vn 4.115645 2.047211 -3.092673
v 0.003997 0.007700 0.022996
vn 1.761530 -2.819377 -2.551990
v 0.002840 0.004000 0.021885
vn 2.924485 2.047213 -4.236803
v 0.002840 0.007700 0.021885
vn 0.862742 -2.819379 -2.978476
v 0.001391 0.004000 0.021197
vn 1.432323 2.047210 -4.944859
v 0.001391 0.007700 0.021197
vn -0.124845 -2.819378 -3.098395
v -0.000201 0.004000 0.021004
vn -0.207267 2.047211 -5.143946
v -0.000201 0.007700 0.021004
vn -1.099583 -2.819377 -2.899406
v -0.001773 0.004000 0.021325
vn -1.825524 2.047209 -4.813588
v -0.001773 0.007700 0.021325
vn -1.961144 -2.819378 -2.401989
v -0.003162 0.004000 0.022127
vn -3.255885 2.047212 -3.987774
v -0.003162 0.007700 0.022127
vn -2.620850 -2.819378 -1.657343
v -0.004226 0.004000 0.023327
vn -4.351130 2.047208 -2.751519
v -0.004226 0.007700 0.023327
vn -3.010799 -2.819380 -0.742112
v -0.004855 0.004000 0.024803
vn -4.998523 2.047208 -1.232052
v -0.004855 0.007700 0.024803
vn -3.090856 -2.819378 0.249504
v -0.004984 0.004000 0.026402
vn -5.131431 2.047209 0.414225
v -0.004984 0.007700 0.026402
vn -2.852779 -2.819378 1.215439
v -0.004600 0.004000 0.027959
vn -4.736177 2.047209 2.017869
v -0.004600 0.007700 0.027959
vn -2.321075 -2.819379 2.056271
v -0.003743 0.004000 0.029315
vn -3.853447 2.047208 3.413818
v -0.003743 0.007700 0.029315
vn -1.736840 -3.588396 2.512572
v 0.001136 0.004000 0.024354
vn -2.525868 0.804613 5.199706
v 0.001595 0.005672 0.024793
vn -2.405009 -0.001077 5.415665
v 0.001561 0.006000 0.024750
vn -4.605621 2.274348 2.991190
v 0.001771 0.007700 0.025070
vn -3.673928 2.537121 4.012139
v 0.001247 0.007700 0.024436
vn -2.615546 -1.539035 4.807448
v 0.001682 0.006625 0.024917
vn -2.792738 2.320162 4.764771
v 0.001136 0.007700 0.024354
vn -2.512398 -0.812844 5.213366
v 0.001595 0.006328 0.024793
vn -3.287311 3.555569 1.431613
v 0.001973 0.004793 0.025673
vn -3.188598 2.791130 2.824741
v 0.001900 0.004917 0.025375
vn -2.692481 -3.567614 1.445620
v 0.001771 0.004000 0.025070
vn -2.792519 2.233001 4.175168
v 0.001771 0.005164 0.025070
vn -2.632159 1.624357 4.779138
v 0.001682 0.005375 0.024917
vn -3.409814 3.409553 0.130566
v 0.002000 0.004750 0.026000
vn -3.062993 -3.547318 0.060988
v 0.002000 0.004000 0.026000
vn -3.349768 3.268996 -1.530345
v 0.001973 0.004793 0.026326
vn -2.700504 -3.512995 -1.457355
v 0.001771 0.004000 0.026929
vn -3.227763 2.767334 -2.853455
v 0.001900 0.004917 0.026625
vn -4.622849 2.380333 -2.913250
v 0.001771 0.007700 0.026929
vn -2.821011 -2.212401 -4.143942
v 0.001771 0.006836 0.026929
vn -3.666386 2.559337 -4.005385
v 0.001247 0.007700 0.027563
vn -2.616297 -1.610510 -4.798845
v 0.001682 0.006625 0.027082
vn -2.816125 2.359098 -4.716543
v 0.001136 0.007700 0.027646
vn -2.514775 -0.813849 -5.212928
v 0.001595 0.006328 0.027206
vn -2.405149 -0.001768 -5.415652
v 0.001561 0.006000 0.027250
vn -2.527884 0.804043 -5.199963
v 0.001595 0.005672 0.027206
vn -1.725391 -3.575809 -2.525226
v 0.001136 0.004000 0.027646
vn -2.630805 1.541991 -4.788885
v 0.001682 0.005375 0.027082
vn -2.993751 2.097504 -3.909851
v 0.001771 0.005164 0.026929
vn -2.963531 -2.089154 3.920508
v 0.001771 0.006836 0.025070
vn -3.188117 -2.791977 2.824927
v 0.001900 0.007083 0.025375
vn -5.104371 2.304065 1.940661
v 0.001802 0.007700 0.025132
vn -3.300359 -3.323214 1.559507
v 0.001973 0.007206 0.025672
vn -5.491496 2.320711 -0.081960
v 0.002000 0.007700 0.026000
vn -3.369139 -3.409482 -0.171173
v 0.002000 0.007250 0.026000
vn -5.031235 2.704214 -1.976521
v 0.001802 0.007700 0.026867
vn -3.261067 -3.689450 -1.434295
v 0.001973 0.007207 0.026326
vn -3.192950 -2.828919 -2.821063
v 0.001900 0.007083 0.026625
vn -1.587108 2.332941 -5.219144
v 0.000445 0.007700 0.027949
vn -0.641942 -3.427660 -3.040318
v 0.000241 0.004000 0.027985
vn -0.308806 2.219366 -5.525621
v 0.000241 0.007700 0.027985
vn 0.180166 -3.265444 -3.927541
v -0.000000 0.004000 0.028000
vn 0.936999 2.322704 -5.373621
v -0.000445 0.007700 0.027949
vn 1.171824 -3.531732 -2.844248
v -0.000709 0.004000 0.027870
vn 2.216981 2.206303 -5.092400
v -0.000709 0.007700 0.027870
vn 3.246793 2.336416 -4.380947
v -0.001247 0.007700 0.027563
vn 2.287700 -3.581689 -2.027871
v -0.001497 0.004000 0.027326
vn 4.274133 2.188929 -3.569555
v -0.001497 0.007700 0.027326
vn 4.869772 2.337290 -2.452268
v -0.001802 0.007700 0.026867
vn 2.968469 -3.579797 -0.731944
v -0.001942 0.004000 0.026478
vn 5.426965 2.179839 -1.281473
v -0.001942 0.007700 0.026478
vn 5.495077 2.277086 0.103374
v -0.002000 0.007700 0.026000
vn 2.968462 -3.579797 0.731975
v -0.001942 0.004000 0.025521
vn 5.654105 1.896135 1.159562
v -0.001942 0.007700 0.025521
vn 4.863873 2.286326 2.545969
v -0.001802 0.007700 0.025132
vn 2.287682 -3.581686 2.027893
v -0.001497 0.004000 0.024673
vn 4.468585 1.992446 3.552966
v -0.001497 0.007700 0.024673
vn 3.209301 2.295200 4.446569
v -0.001247 0.007700 0.024436
vn 1.082479 -3.585468 2.858427
v -0.000709 0.004000 0.024130
vn 2.349787 2.078675 5.136267
v -0.000709 0.007700 0.024130
vn 0.882390 2.303706 5.406034
v -0.000445 0.007700 0.024050
vn -0.370382 -3.591129 3.033144
v 0.000241 0.004000 0.024014
vn -0.231937 2.154603 5.586324
v 0.000241 0.007700 0.024014
vn -1.625035 2.311862 5.224458
v 0.000445 0.007700 0.024050
vn 3.321628 -2.126655 1.487305
v 0.004921 -0.005116 0.025116
vn 2.906046 2.913170 -1.142707
v 0.004743 -0.004000 0.024416
vn 3.348484 -2.501083 0.997097
v 0.004961 -0.004917 0.025375
vn 3.015476 2.840551 -0.801178
v 0.004800 -0.004000 0.024600
vn 3.380749 -2.840758 0.484978
v 0.004989 -0.004793 0.025676
vn 5.289416 1.922453 -0.580418
v 0.004950 -0.004150 0.025293
vn 3.511055 -3.013421 -0.284870
v 0.005000 -0.004750 0.026000
vn 5.358844 2.150611 -0.116341
v 0.005000 -0.004200 0.026000
vn 3.299987 -1.557717 1.900211
v 0.004881 -0.005375 0.024917
vn 3.288584 -0.823861 2.161193
v 0.004852 -0.005676 0.024792
vn 3.275393 -0.000341 2.223118
v 0.004841 -0.006000 0.024750
vn 3.287302 0.821946 2.156560
v 0.004852 -0.006324 0.024792
vn 4.868451 -2.125743 -1.704483
v 0.004743 -0.007700 0.024416
vn 3.298295 1.550981 1.892776
v 0.004881 -0.006625 0.024917
vn 3.317690 2.102406 1.474282
v 0.004921 -0.006884 0.025116
vn 3.334481 2.419815 0.956474
v 0.004961 -0.007083 0.025375
vn 5.265600 -2.223921 -0.335143
v 0.005000 -0.007700 0.026000
vn 3.377612 2.814979 0.449983
v 0.004989 -0.007207 0.025675
vn 3.533856 3.042577 -0.260216
v 0.005000 -0.007250 0.026000
vn 4.115645 -2.047212 -3.092672
v 0.003997 -0.007700 0.022996
vn 2.479010 2.819379 -1.862834
v 0.003997 -0.004000 0.022996
vn 2.924486 -2.047212 -4.236803
v 0.002840 -0.007700 0.021885
vn 1.761530 2.819377 -2.551990
v 0.002840 -0.004000 0.021885
vn 1.432322 -2.047210 -4.944859
v 0.001391 -0.007700 0.021197
vn 0.862742 2.819379 -2.978476
v 0.001391 -0.004000 0.021197
vn -0.207266 -2.047211 -5.143946
v -0.000201 -0.007700 0.021004
vn -0.124845 2.819378 -3.098396
v -0.000201 -0.004000 0.021004
vn -1.825526 -2.047209 -4.813588
v -0.001773 -0.007700 0.021325
vn -1.099583 2.819378 -2.899406
v -0.001773 -0.004000 0.021325
vn -3.255883 -2.047212 -3.987775
v -0.003162 -0.007700 0.022127
vn -1.961144 2.819378 -2.401989
v -0.003162 -0.004000 0.022127
vn -4.351131 -2.047208 -2.751518
v -0.004226 -0.007700 0.023327
vn -2.620850 2.819378 -1.657343
v -0.004226 -0.004000 0.023327
vn -4.998523 -2.047209 -1.232052
v -0.004855 -0.007700 0.024803
vn -3.010799 2.819380 -0.742112
v -0.004855 -0.004000 0.024803
vn -5.131432 -2.047209 0.414225
v -0.004984 -0.007700 0.026402
vn -3.090856 2.819378 0.249504
v -0.004984 -0.004000 0.026402
vn -4.736177 -2.047209 2.017868
v -0.004600 -0.007700 0.027959
vn -2.852779 2.819378 1.215439
v -0.004600 -0.004000 0.027959
vn -3.853446 -2.047208 3.413818
v -0.003743 -0.007700 0.029315
vn -2.321075 2.819379 2.056271
v -0.003743 -0.004000 0.029315
vn -3.193546 -2.788359 -2.828209
v 0.001900 -0.004917 0.026625
vn -2.798187 -2.234049 -4.173883
v 0.001771 -0.005164 0.026929
vn -2.692467 3.567613 -1.445648
v 0.001771 -0.004000 0.026929
vn -2.512527 0.813331 5.213154
v 0.001595 -0.006328 0.024793
vn -2.816161 -2.359101 4.716517
v 0.001136 -0.007700 0.024354
vn -2.616740 1.609877 4.799148
v 0.001682 -0.006625 0.024917
vn -3.666410 -2.559350 4.005360
v 0.001247 -0.007700 0.024436
vn -2.815343 2.211354 4.145226
v 0.001771 -0.006836 0.025070
vn -4.622869 -2.380319 2.913229
v 0.001771 -0.007700 0.025070
vn -3.188001 2.831682 2.817599
v 0.001900 -0.007083 0.025375
vn -2.963531 -2.089154 3.920508
v 0.001771 -0.005164 0.025070
vn -2.700491 3.512918 1.457412
v 0.001771 -0.004000 0.025070
vn -2.631090 -1.541806 4.788930
v 0.001682 -0.005375 0.024917
vn -1.725416 3.575808 2.525208
v 0.001136 -0.004000 0.024354
vn -2.525734 -0.804136 5.199924
v 0.001595 -0.005672 0.024793
vn -2.405009 0.001491 5.415665
v 0.001561 -0.006000 0.024750
vn -3.257986 3.689301 1.434556
v 0.001973 -0.007207 0.025673
vn -5.031294 -2.704051 1.976461
v 0.001802 -0.007700 0.025132
vn -3.408296 3.404651 0.142249
v 0.002000 -0.007250 0.026000
vn -5.491489 -2.320653 0.081878
v 0.002000 -0.007700 0.026000
vn -3.344465 3.326329 -1.532571
v 0.001973 -0.007207 0.026326
vn -5.104379 -2.304142 -1.940622
v 0.001802 -0.007700 0.026867
vn -3.227916 2.769052 -2.852568
v 0.001900 -0.007083 0.026625
vn -4.605592 -2.274348 -2.991235
v 0.001771 -0.007700 0.026929
vn -2.993751 2.097504 -3.909851
v 0.001771 -0.006836 0.026929
vn -1.736814 3.588397 -2.512588
v 0.001136 -0.004000 0.027646
vn -2.631721 -1.624985 -4.778827
v 0.001682 -0.005375 0.027082
vn -2.528125 -0.805119 -5.199470
v 0.001595 -0.005672 0.027206
vn -2.405149 0.000803 -5.415652
v 0.001561 -0.006000 0.027250
vn -2.514549 0.812752 -5.213405
v 0.001595 -0.006328 0.027206
vn -2.792699 -2.320157 -4.764798
v 0.001136 -0.007700 0.027646
vn -2.615262 1.539221 -4.807402
v 0.001682 -0.006625 0.027082
vn -3.673902 -2.537108 -4.012166
v 0.001247 -0.007700 0.027563
vn -3.187962 -2.790297 2.825805
v 0.001900 -0.004917 0.025375
vn -3.305651 -3.265833 1.557368
v 0.001973 -0.004794 0.025672
vn -3.063007 3.547281 -0.061098
v 0.002000 -0.004000 0.026000
vn -3.370657 -3.414382 -0.159482
v 0.002000 -0.004750 0.026000
vn -3.290408 -3.555674 -1.431357
v 0.001973 -0.004793 0.026326
vn -1.624984 -2.311865 -5.224470
v 0.000445 -0.007700 0.027949
vn -0.641942 3.427660 -3.040318
v 0.000241 -0.004000 0.027985
vn -0.239170 -2.143602 -5.586661
v 0.000241 -0.007700 0.027985
vn 0.180166 3.265444 -3.927541
v -0.000000 -0.004000 0.028000
vn 0.889815 -2.291445 -5.405617
v -0.000445 -0.007700 0.027949
vn 1.171824 3.531732 -2.844248
v -0.000709 -0.004000 0.027870
vn 2.349835 -2.078683 -5.136237
v -0.000709 -0.007700 0.027870
vn 3.209343 -2.295197 -4.446544
v -0.001247 -0.007700 0.027563
vn 2.287700 3.581689 -2.027871
v -0.001497 -0.004000 0.027326
vn 4.468632 -1.992435 -3.552921
v -0.001497 -0.007700 0.027326
vn 4.863895 -2.286328 -2.545916
v -0.001802 -0.007700 0.026867
vn 2.968469 3.579797 -0.731944
v -0.001942 -0.004000 0.026478
vn 5.654115 -1.896137 -1.159507
v -0.001942 -0.007700 0.026478
vn 5.495078 -2.277086 -0.103319
v -0.002000 -0.007700 0.026000
vn 2.968462 3.579797 0.731975
v -0.001942 -0.004000 0.025521
vn 5.426954 -2.179838 1.281526
v -0.001942 -0.007700 0.025521
vn 4.869750 -2.337286 2.452325
v -0.001802 -0.007700 0.025132
vn 2.287682 3.581686 2.027893
v -0.001497 -0.004000 0.024673
vn 4.274096 -2.188929 3.569596
v -0.001497 -0.007700 0.024673
vn 3.246755 -2.336421 4.380969
v -0.001247 -0.007700 0.024436
vn 1.082479 3.585468 2.858427
v -0.000709 -0.004000 0.024130
vn 2.216925 -2.206303 5.092428
v -0.000709 -0.007700 0.024130
vn 0.929574 -2.334965 5.374039
v -0.000445 -0.007700 0.024050
vn -0.370382 3.591129 3.033144
v 0.000241 -0.004000 0.024014
vn -1.587161 -2.332937 5.219133
v 0.000445 -0.007700 0.024050
vn -0.301572 -2.230367 5.525284
v 0.000241 -0.007700 0.024014
vn -5.190379 -2.233527 0.773872
v -0.001000 -0.013593 0.064892
vn -4.797567 -1.275979 2.071694
v -0.001000 -0.013375 0.065300
vn -5.264238 -2.300599 0.213986
v -0.001000 -0.013700 0.064300
vn -4.759112 1.325498 2.054796
v -0.001000 0.013375 0.065300
vn -5.418282 -2.304188 0.518970
v -0.001000 -0.013700 0.055982
vn -5.560831 1.543554 1.231386
v -0.001000 0.008241 0.059897
vn -5.561581 0.856218 1.778390
v -0.001000 0.009024 0.059272
vn -6.238072 -0.229007 0.373407
v -0.001000 0.010750 0.055982
vn -5.562871 -0.000001 1.972438
v -0.001000 0.010000 0.059050
vn -5.418282 2.304188 0.518971
v -0.001000 0.013700 0.055982
vn -5.556909 -0.854232 1.785757
v -0.001000 0.010976 0.059272
vn -6.238080 0.229008 0.373407
v -0.001000 -0.010750 0.055982
vn -5.556890 0.854232 -1.785809
v -0.001000 0.009024 0.063327
vn -5.548551 1.553577 -1.243124
v -0.001000 0.008241 0.062702
vn -5.548567 -1.553573 1.243068
v -0.001000 0.011759 0.059897
vn -5.544367 -1.944501 0.444930
v -0.001000 0.012194 0.060799
vn -5.264235 2.300599 0.213987
v -0.001000 0.013700 0.064300
vn -5.552868 -1.932637 -0.450706
v -0.001000 0.012194 0.061800
vn -5.560814 -1.543557 -1.231441
v -0.001000 0.011759 0.062702
vn -5.169004 2.236859 0.811232
v -0.001000 0.013593 0.064892
vn -5.561564 -0.856215 -1.778444
v -0.001000 0.010976 0.063327
vn -5.562844 -0.000001 -1.972503
v -0.001000 0.010000 0.063550
vn -5.452119 0.200597 -2.113044
v -0.001000 -0.009750 0.055000
vn -5.519305 0.760542 -1.882794
v -0.001000 -0.010250 0.054899
vn -5.456533 1.406801 -1.579897
v -0.001000 -0.010674 0.054615
vn -2.353579 4.889858 -1.014755
v -0.001000 -0.010750 0.054530
vn -2.395995 -4.835346 -1.008920
v -0.001000 0.010750 0.054530
vn -5.497707 -1.380097 -1.540164
v -0.001000 0.010674 0.054615
vn -5.529264 -0.771028 -1.864370
v -0.001000 0.010250 0.054899
vn -5.544361 1.944501 -0.444986
v -0.001000 0.007806 0.061800
vn -5.552874 1.932636 0.450650
v -0.001000 0.007806 0.060799
vn -5.452120 -0.200596 -2.113046
v -0.001000 0.009750 0.055000
vn -0.826416 3.220670 -3.027561
v -0.002857 -0.010750 0.044012
vn -1.286876 -2.223507 -5.241444
v -0.002857 -0.013700 0.044012
vn -1.874738 -2.060075 -4.814274
v -0.004315 -0.013700 0.044340
vn -1.127201 2.841730 -2.894619
v -0.004315 -0.010750 0.044340
vn -3.213168 -2.060070 -4.045679
v -0.005610 -0.013700 0.045084
vn -1.931938 2.841732 -2.432492
v -0.005610 -0.010750 0.045084
vn -4.264826 -2.060072 -2.916022
v -0.006628 -0.013700 0.046178
vn -2.564257 2.841732 -1.753279
v -0.006628 -0.010750 0.046178
vn -4.935873 -2.060074 -1.526125
v -0.007277 -0.013700 0.047523
vn -2.967730 2.841730 -0.917593
v -0.007277 -0.010750 0.047523
vn -5.166423 -2.060071 -0.000025
v -0.007500 -0.013700 0.049000
vn -3.106349 2.841732 -0.000015
v -0.007500 -0.010750 0.049000
vn -4.935894 -2.060070 1.526074
v -0.007277 -0.013700 0.050477
vn -2.967740 2.841731 0.917563
v -0.007277 -0.010750 0.050477
vn -4.264859 -2.060071 2.915979
v -0.006628 -0.013700 0.051822
vn -2.564276 2.841732 1.753252
v -0.006628 -0.010750 0.051822
vn -3.213203 -2.060074 4.045642
v -0.005610 -0.013700 0.052915
vn -1.931962 2.841731 2.432473
v -0.005610 -0.010750 0.052915
vn -1.874787 -2.060068 4.814264
v -0.004315 -0.013700 0.053659
vn -1.127229 2.841731 2.894608
v -0.004315 -0.010750 0.053659
vn -1.286932 -2.223506 5.241431
v -0.002857 -0.013700 0.053987
vn -0.826449 3.220671 3.027552
v -0.002857 -0.010750 0.053987
vn -1.286878 2.223505 -5.241445
v -0.002857 0.013700 0.044012
vn -0.826416 -3.220670 -3.027561
v -0.002857 0.010750 0.044012
vn -1.127201 -2.841730 -2.894619
v -0.004315 0.010750 0.044340
vn -1.874739 2.060075 -4.814273
v -0.004315 0.013700 0.044340
vn -1.931938 -2.841732 -2.432492
v -0.005610 0.010750 0.045084
vn -3.213166 2.060070 -4.045680
v -0.005610 0.013700 0.045084
vn -2.564257 -2.841732 -1.753279
v -0.006628 0.010750 0.046178
vn -4.264827 2.060072 -2.916023
v -0.006628 0.013700 0.046178
vn -2.967730 -2.841730 -0.917593
v -0.007277 0.010750 0.047523
vn -4.935873 2.060074 -1.526124
v -0.007277 0.013700 0.047523
vn -3.106349 -2.841731 -0.000015
v -0.007500 0.010750 0.049000
vn -5.166423 2.060072 -0.000025
v -0.007500 0.013700 0.049000
vn -2.967740 -2.841731 0.917563
v -0.007277 0.010750 0.050477
vn -4.935894 2.060070 1.526073
v -0.007277 0.013700 0.050477
vn -2.564276 -2.841732 1.753252
v -0.006628 0.010750 0.051822
vn -4.264859 2.060070 2.915978
v -0.006628 0.013700 0.051822
vn -1.931962 -2.841731 2.432473
v -0.005610 0.010750 0.052915
vn -3.213202 2.060074 4.045643
v -0.005610 0.013700 0.052915
vn -1.127229 -2.841731 2.894608
v -0.004315 0.010750 0.053659
vn -1.874789 2.060069 4.814263
v -0.004315 0.013700 0.053659
vn -0.826449 -3.220671 3.027552
v -0.002857 0.010750 0.053987
vn -1.286931 2.223505 5.241432
v -0.002857 0.013700 0.053987
vn 5.209681 0.326679 2.329915
v 0.005000 -0.005000 0.031600
vn 5.477546 0.258151 2.074178
v 0.005000 -0.012000 0.031600
vn 5.209684 -2.329889 0.326703
v 0.005000 0.004200 0.030800
vn 5.056333 2.111670 1.219203
v 0.005000 -0.004307 0.031200
vn 5.056334 1.219173 2.111693
v 0.005000 -0.004600 0.031492
vn 3.626236 -2.633050 -1.521777
v 0.005000 0.007083 0.026625
vn 5.823114 1.110722 -0.785369
v 0.005000 0.007700 0.031300
vn 3.627869 -1.520281 -2.633479
v 0.005000 0.006625 0.027082
vn 3.628314 -0.000001 -3.040766
v 0.005000 0.006000 0.027250
vn 5.592057 0.963437 1.668752
v 0.005000 -0.012850 0.031827
vn 5.592066 -0.963437 -1.668700
v 0.005000 0.012850 0.065772
vn 2.760262 1.186593 2.845171
v 0.005000 0.012765 0.066147
vn 5.477574 -0.258150 -2.074117
v 0.005000 0.012000 0.066000
vn 2.956626 0.298968 3.112868
v 0.005000 0.012000 0.066300
vn 5.477573 0.258147 -2.074121
v 0.005000 -0.012000 0.066000
vn 2.945233 -0.306441 3.111426
v 0.005000 -0.012000 0.066300
vn 5.592066 0.963443 -1.668698
v 0.005000 -0.012850 0.065772
vn 5.592057 -0.963439 1.668752
v 0.005000 0.012850 0.031827
vn 5.477545 -0.258150 2.074179
v 0.005000 0.012000 0.031600
vn 2.945257 0.306448 -3.111396
v 0.005000 0.012000 0.031300
vn 3.626235 -2.633050 -1.521778
v 0.005000 -0.004917 0.026625
vn 5.209686 2.329890 0.326704
v 0.005000 -0.004200 0.030800
vn 3.627869 -1.520281 -2.633479
v 0.005000 -0.005375 0.027082
vn 3.628316 -0.000001 -3.040766
v 0.005000 -0.006000 0.027250
vn 5.209681 -0.326680 2.329916
v 0.005000 0.005000 0.031600
vn 2.750045 -1.179225 2.846678
v 0.005000 -0.012765 0.066147
vn 2.748890 -2.178760 2.178773
v 0.005000 -0.013414 0.065714
vn 5.592075 1.668717 -0.963408
v 0.005000 -0.013472 0.065150
vn 2.749536 -2.846701 1.179138
v 0.005000 -0.013848 0.065065
vn 5.477554 2.074162 -0.258123
v 0.005000 -0.013700 0.064300
vn 2.945238 -3.111406 0.306463
v 0.005000 -0.014000 0.064300
vn 5.477546 2.074157 0.258182
v 0.005000 -0.013700 0.033300
vn 5.592061 1.668722 0.963464
v 0.005000 -0.013472 0.032450
vn 2.748909 1.179136 -2.846670
v 0.005000 0.012765 0.031452
vn 2.748904 2.178757 -2.178742
v 0.005000 0.013414 0.031885
vn 5.592060 -1.668723 0.963465
v 0.005000 0.013472 0.032450
vn 2.748902 2.846684 -1.179120
v 0.005000 0.013848 0.032534
vn 5.477548 -2.074156 0.258182
v 0.005000 0.013700 0.033300
vn 2.945240 3.111408 -0.306434
v 0.005000 0.014000 0.033300
vn 5.477548 -2.074158 -0.258124
v 0.005000 0.013700 0.064300
vn 2.948548 3.111847 0.304233
v 0.005000 0.014000 0.064300
vn 5.592074 -1.668721 -0.963408
v 0.005000 0.013472 0.065150
vn 2.758450 2.848584 1.177850
v 0.005000 0.013848 0.065065
vn 2.755497 2.176370 2.182323
v 0.005000 0.013414 0.065714
vn 3.644149 1.529105 -2.624804
v 0.005000 -0.006625 0.027082
vn 3.662242 2.627902 -1.517553
v 0.005000 -0.007083 0.026625
vn 3.662241 2.627902 -1.517554
v 0.005000 0.004917 0.026625
vn 3.644148 1.529105 -2.624804
v 0.005000 0.005375 0.027082
vn 5.056332 -2.111670 1.219205
v 0.005000 0.004307 0.031200
vn 5.056332 -1.219174 2.111695
v 0.005000 0.004600 0.031492
vn -0.805625 5.508985 1.875675
v -0.001333 0.014000 0.046182
vn -1.451704 5.515259 1.424767
v -0.000344 0.014000 0.046843
vn -0.031813 5.505871 2.045005
v -0.002500 0.014000 0.045950
vn -1.927099 5.500076 -0.715897
v -0.000860 0.014000 0.042860
vn -1.474128 5.511198 -1.415573
v -0.001317 0.014000 0.043585
vn -2.118984 5.447991 -0.191218
v -0.000700 0.014000 0.042017
vn -2.113709 5.225121 -0.505965
v -0.000700 0.014000 0.033300
vn 1.420879 5.506053 1.471935
v -0.004657 0.014000 0.046843
vn -1.946239 5.199408 -1.330715
v -0.006380 0.014000 0.046347
vn 1.874310 5.508155 0.814887
v -0.005318 0.014000 0.047832
vn -2.252468 5.199410 -0.696438
v -0.006991 0.014000 0.047611
vn 2.047466 5.506908 0.050467
v -0.005550 0.014000 0.049000
vn -2.357679 5.199407 -0.000013
v -0.007200 0.014000 0.049000
vn 1.926072 5.474087 -0.806703
v -0.005318 0.014000 0.050167
vn -0.025516 5.484241 -2.074336
v -0.002500 0.014000 0.052050
vn -0.814174 5.492297 -1.896766
v -0.001333 0.014000 0.051817
vn -1.465575 5.504335 -1.432011
v -0.000344 0.014000 0.051156
vn -0.864522 5.507995 -1.852638
v -0.002007 0.014000 0.044092
vn -0.524554 5.366179 -2.155143
v -0.002836 0.014000 0.044312
vn 0.750764 5.505128 1.903819
v -0.003667 0.014000 0.046182
vn -0.855530 5.199412 -2.196975
v -0.004206 0.014000 0.044620
vn -1.466317 5.199403 -1.846234
v -0.005423 0.014000 0.045319
vn -1.872271 5.525522 0.764809
v 0.000318 0.014000 0.047832
vn -2.005983 5.540272 -0.000011
v 0.000550 0.014000 0.049000
vn -1.880172 5.521633 -0.759622
v 0.000318 0.014000 0.050167
vn -0.851719 5.500076 1.871040
v -0.002007 0.014000 0.053907
vn -1.517253 5.511201 1.369245
v -0.001317 0.014000 0.054415
vn -1.909664 5.507987 0.729990
v -0.000860 0.014000 0.055140
vn -2.118989 5.447990 0.191195
v -0.000700 0.014000 0.055982
vn -2.124537 5.241318 0.460395
v -0.000700 0.014000 0.064300
vn -2.252479 5.199405 0.696419
v -0.006991 0.014000 0.050388
vn -1.946254 5.199406 1.330698
v -0.006380 0.014000 0.051652
vn 1.463716 5.475814 -1.485945
v -0.004657 0.014000 0.051156
vn -1.466332 5.199411 1.846214
v -0.005423 0.014000 0.052680
vn 0.776398 5.479014 -1.931200
v -0.003667 0.014000 0.051817
vn -0.855555 5.199402 2.196975
v -0.004206 0.014000 0.053379
vn -0.524575 5.366180 2.155137
v -0.002836 0.014000 0.053688
vn -2.100793 -0.180854 5.352943
v -0.000000 -0.012000 0.066300
vn -2.123609 0.163544 5.354827
v -0.000000 0.012000 0.066300
vn -1.872263 -5.525522 -0.764827
v 0.000318 -0.014000 0.050167
vn -2.005984 -5.540272 -0.000011
v 0.000550 -0.014000 0.049000
vn -0.814193 -5.492305 1.896747
v -0.001333 -0.014000 0.046182
vn -0.025533 -5.484236 2.074347
v -0.002500 -0.014000 0.045950
vn -1.465594 -5.504332 1.431999
v -0.000344 -0.014000 0.046843
vn -1.880180 -5.521632 0.759604
v 0.000318 -0.014000 0.047832
vn -0.851694 -5.500081 -1.871043
v -0.002007 -0.014000 0.044092
vn -1.517240 -5.511199 -1.369263
v -0.001317 -0.014000 0.043585
vn -1.909657 -5.507987 -0.730010
v -0.000860 -0.014000 0.042860
vn -2.118986 -5.447991 -0.191217
v -0.000700 -0.014000 0.042017
vn 1.420897 -5.506053 -1.471919
v -0.004657 -0.014000 0.051156
vn -1.946253 -5.199404 1.330698
v -0.006380 -0.014000 0.051652
vn 1.874323 -5.508152 -0.814869
v -0.005318 -0.014000 0.050167
vn -2.252478 -5.199404 0.696420
v -0.006991 -0.014000 0.050388
vn 2.047466 -5.506909 -0.050449
v -0.005550 -0.014000 0.049000
vn -2.357679 -5.199407 -0.000013
v -0.007200 -0.014000 0.049000
vn 1.926061 -5.474089 0.806722
v -0.005318 -0.014000 0.047832
vn -1.927107 -5.500074 0.715876
v -0.000860 -0.014000 0.055140
vn -2.118989 -5.447990 0.191195
v -0.000700 -0.014000 0.055982
vn -2.120924 -5.240870 0.462856
v -0.000700 -0.014000 0.064300
vn -1.474138 -5.511200 1.415560
v -0.001317 -0.014000 0.054415
vn -0.031798 -5.505877 -2.044993
v -0.002500 -0.014000 0.052050
vn -0.805604 -5.508975 -1.875697
v -0.001333 -0.014000 0.051817
vn -1.451688 -5.515262 -1.424778
v -0.000344 -0.014000 0.051156
vn -2.252468 -5.199410 -0.696439
v -0.006991 -0.014000 0.047611
vn -1.946239 -5.199407 -1.330715
v -0.006380 -0.014000 0.046347
vn 1.463699 -5.475814 1.485962
v -0.004657 -0.014000 0.046843
vn -1.466319 -5.199404 -1.846233
v -0.005423 -0.014000 0.045319
vn 0.776375 -5.479022 1.931200
v -0.003667 -0.014000 0.046182
vn -0.855528 -5.199413 -2.196975
v -0.004206 -0.014000 0.044620
vn -0.524553 -5.366178 -2.155145
v -0.002836 -0.014000 0.044312
vn -0.864550 -5.507988 1.852633
v -0.002007 -0.014000 0.053907
vn -0.524577 -5.366180 2.155137
v -0.002836 -0.014000 0.053688
vn 0.750788 -5.505119 -1.903820
v -0.003667 -0.014000 0.051817
vn -0.855552 -5.199402 2.196976
v -0.004206 -0.014000 0.053379
vn -1.466334 -5.199411 1.846212
v -0.005423 -0.014000 0.052680
vn -1.277828 -5.523877 1.564815
v 0.001434 -0.008000 0.024201
vn -0.477145 -5.510661 1.980599
v 0.000512 -0.008000 0.023757
vn 0.658447 -5.186000 -2.273183
v 0.001308 -0.008000 0.021485
vn 1.797415 -5.530596 -0.900817
v -0.002072 -0.008000 0.026998
vn 1.229753 -5.528863 -1.592528
v -0.001434 -0.008000 0.027798
vn -1.551670 -5.507432 1.342873
v -0.001468 -0.008000 0.030812
vn -1.421783 -5.354577 1.717755
v -0.002350 -0.008000 0.030070
vn -2.000244 -5.185997 -1.264892
v -0.003973 -0.008000 0.023488
vn -1.771454 -5.185996 1.569357
v -0.003518 -0.008000 0.029116
vn -0.095281 -5.186003 -2.364704
v -0.000189 -0.008000 0.021303
vn 0.434526 -5.501967 2.002127
v -0.000512 -0.008000 0.023757
vn -0.839207 -5.185997 -2.212838
v -0.001667 -0.008000 0.021605
vn -1.496749 -5.186005 -1.833204
v -0.002973 -0.008000 0.022359
vn 1.269101 -5.496607 1.617572
v -0.001434 -0.008000 0.024201
vn 1.852225 -5.493710 0.901624
v -0.002072 -0.008000 0.025002
vn 2.016880 -5.527829 -0.050156
v -0.002300 -0.008000 0.026000
vn -3.788754 -2.587074 -2.123986
v -0.000986 -0.008000 0.031585
vn -2.177252 -5.186000 0.927626
v -0.004324 -0.008000 0.027842
vn -2.358952 -5.185999 0.190422
v -0.004685 -0.008000 0.026378
vn -2.297854 -5.185997 -0.566383
v -0.004564 -0.008000 0.024875
vn 0.419150 -5.528965 -1.967341
v -0.000512 -0.008000 0.028242
vn -0.470729 -5.531615 -1.952112
v 0.000512 -0.008000 0.028242
vn 1.344405 -5.186004 -1.947684
v 0.002670 -0.008000 0.022132
vn 1.891988 -5.186001 -1.421721
v 0.003757 -0.008000 0.023176
vn -1.806520 -5.542998 0.849295
v 0.002072 -0.008000 0.025002
vn 2.244835 -5.185997 -0.749424
v 0.004458 -0.008000 0.024511
vn -1.972470 -5.562859 -0.000011
v 0.002300 -0.008000 0.026000
vn 2.294035 -5.274516 -0.192295
v 0.004700 -0.008000 0.026000
vn -1.796235 -5.547916 -0.854786
v 0.002072 -0.008000 0.026998
vn -1.261381 -5.537656 -1.553274
v 0.001434 -0.008000 0.027798
vn 1.797412 5.530591 0.900835
v -0.002072 0.008000 0.025002
vn -2.297853 5.185998 -0.566383
v -0.004564 0.008000 0.024875
vn 2.016879 5.527829 0.050177
v -0.002300 0.008000 0.026000
vn -2.358953 5.185999 0.190423
v -0.004685 0.008000 0.026378
vn 1.852230 5.493713 -0.901605
v -0.002072 0.008000 0.026998
vn 0.434549 5.501972 -2.002119
v -0.000512 0.008000 0.028242
vn -3.771946 2.597119 -2.116593
v -0.000986 0.008000 0.031585
vn -0.477124 5.510665 -1.980600
v 0.000512 0.008000 0.028242
vn -1.110702 3.926982 -2.681529
v -0.000700 0.008000 0.031300
vn -2.177252 5.185999 0.927627
v -0.004324 0.008000 0.027842
vn -1.771455 5.185995 1.569355
v -0.003518 0.008000 0.029116
vn 1.269120 5.496603 -1.617564
v -0.001434 0.008000 0.027798
vn -1.421782 5.354578 1.717755
v -0.002350 0.008000 0.030070
vn -1.551871 5.507916 1.341645
v -0.001468 0.008000 0.030812
vn -0.470749 5.531611 1.952113
v 0.000512 0.008000 0.023757
vn -0.095282 5.186002 -2.364704
v -0.000189 0.008000 0.021303
vn 0.419129 5.528961 1.967348
v -0.000512 0.008000 0.023757
vn -0.839205 5.185998 -2.212839
v -0.001667 0.008000 0.021605
vn 1.229732 5.528868 1.592536
v -0.001434 0.008000 0.024201
vn -1.496751 5.186004 -1.833203
v -0.002973 0.008000 0.022359
vn -2.000244 5.185996 -1.264893
v -0.003973 0.008000 0.023488
vn -1.796244 5.547915 0.854767
v 0.002072 0.008000 0.025002
vn -1.972470 5.562859 -0.000010
v 0.002300 0.008000 0.026000
vn 2.294035 5.274515 -0.192296
v 0.004700 0.008000 0.026000
vn 1.110727 2.681514 -3.926986
v 0.004700 0.008000 0.031300
vn -1.806510 5.542999 -0.849314
v 0.002072 0.008000 0.026998
vn -1.277816 5.523876 -1.564829
v 0.001434 0.008000 0.027798
vn 2.244836 5.185997 -0.749424
v 0.004458 0.008000 0.024511
vn 1.891987 5.186002 -1.421721
v 0.003757 0.008000 0.023176
vn -1.261394 5.537659 1.553260
v 0.001434 0.008000 0.024201
vn 1.344404 5.186004 -1.947685
v 0.002670 0.008000 0.022132
vn 0.658448 5.185999 -2.273183
v 0.001308 0.008000 0.021485
vn -2.113688 0.505948 -5.225137
v -0.000700 0.012000 0.031300
vn -2.307529 5.063691 -0.886704
v -0.000780 -0.010750 0.054106
vn -0.190407 6.251669 -0.338177
v -0.000700 -0.010750 0.053700
vn -2.681648 3.588326 1.458480
v -0.001245 -0.010750 0.055023
vn -2.681636 3.588322 -1.458505
v -0.001245 -0.010750 0.042976
vn -1.646299 3.588326 -2.570622
v -0.001919 -0.010750 0.043700
vn -2.338346 4.992757 0.950962
v -0.000779 -0.010750 0.043894
vn -1.880169 5.521635 -0.759620
v 0.000318 -0.010750 0.050167
vn -1.465573 5.504338 -1.432009
v -0.000344 -0.010750 0.051156
vn -1.646326 3.588322 2.570606
v -0.001919 -0.010750 0.054299
vn -0.814173 5.492300 -1.896763
v -0.001333 -0.010750 0.051817
vn -0.025516 5.484246 -2.074332
v -0.002500 -0.010750 0.052050
vn 0.776396 5.479017 -1.931197
v -0.003667 -0.010750 0.051817
vn 1.463713 5.475817 -1.485943
v -0.004657 -0.010750 0.051156
vn 1.926069 5.474090 -0.806702
v -0.005318 -0.010750 0.050167
vn -1.451701 5.515261 1.424764
v -0.000344 -0.010750 0.046843
vn -2.890829 3.089974 0.399267
v 0.002800 -0.010750 0.044300
vn -0.805624 5.508988 1.875672
v -0.001333 -0.010750 0.046182
vn -0.190408 6.251670 0.338172
v -0.000700 -0.010750 0.044300
vn -0.031813 5.505872 2.045002
v -0.002500 -0.010750 0.045950
vn -1.872268 5.525525 0.764808
v 0.000318 -0.010750 0.047832
vn -2.005980 5.540275 -0.000011
v 0.000550 -0.010750 0.049000
vn -2.890825 3.089975 -0.399296
v 0.002800 -0.010750 0.053700
vn 0.750762 5.505131 1.903816
v -0.003667 -0.010750 0.046182
vn 1.420877 5.506057 1.471933
v -0.004657 -0.010750 0.046843
vn 1.874307 5.508158 0.814886
v -0.005318 -0.010750 0.047832
vn 2.047463 5.506911 0.050467
v -0.005550 -0.010750 0.049000
vn -2.307525 -5.063706 0.886681
v -0.000779 0.010750 0.043894
vn -0.190408 -6.251670 0.338172
v -0.000700 0.010750 0.044300
vn -1.451685 -5.515265 -1.424776
v -0.000344 0.010750 0.051156
vn -1.872259 -5.525525 -0.764826
v 0.000318 0.010750 0.050167
vn -2.890825 -3.089975 -0.399296
v 0.002800 0.010750 0.053700
vn -2.005980 -5.540275 -0.000011
v 0.000550 0.010750 0.049000
vn -2.890828 -3.089975 0.399267
v 0.002800 0.010750 0.044300
vn -1.880177 -5.521636 0.759603
v 0.000318 0.010750 0.047832
vn -1.465591 -5.504334 1.431996
v -0.000344 0.010750 0.046843
vn -0.814191 -5.492308 1.896743
v -0.001333 0.010750 0.046182
vn -0.025533 -5.484236 2.074344
v -0.002500 0.010750 0.045950
vn -0.805603 -5.508978 -1.875694
v -0.001333 0.010750 0.051817
vn -0.190407 -6.251669 -0.338177
v -0.000700 0.010750 0.053700
vn -0.031798 -5.505882 -2.044990
v -0.002500 0.010750 0.052050
vn -2.681648 -3.588327 1.458480
v -0.001245 0.010750 0.055023
vn -1.646327 -3.588324 2.570606
v -0.001919 0.010750 0.054299
vn -2.338361 -4.992713 -0.951009
v -0.000780 0.010750 0.054106
vn -2.681636 -3.588322 -1.458505
v -0.001245 0.010750 0.042976
vn -1.646299 -3.588327 -2.570622
v -0.001919 0.010750 0.043700
vn 0.750787 -5.505122 -1.903817
v -0.003667 0.010750 0.051817
vn 1.926058 -5.474092 0.806720
v -0.005318 0.010750 0.047832
vn 1.463696 -5.475818 1.485960
v -0.004657 0.010750 0.046843
vn 0.776373 -5.479025 1.931197
v -0.003667 0.010750 0.046182
vn 1.420894 -5.506056 -1.471917
v -0.004657 0.010750 0.051156
vn 1.874320 -5.508155 -0.814867
v -0.005318 0.010750 0.050167
vn 2.047462 -5.506912 -0.050449
v -0.005550 0.010750 0.049000
vn -5.207232 2.314013 1.605598
v 0.000040 0.013700 0.047947
vn -5.207230 -2.314017 1.605597
v 0.000040 0.011050 0.047947
vn -5.474825 2.393593 -0.000025
v 0.000250 0.013700 0.049000
vn -5.474822 -2.393598 -0.000025
v 0.000250 0.011050 0.049000
vn -5.207217 2.314013 -1.605646
v 0.000040 0.013700 0.050052
vn -5.207212 -2.314017 -1.605644
v 0.000040 0.011050 0.050052
vn -4.779474 2.280662 -2.662272
v 0.000012 0.013700 0.050118
vn -4.779764 -2.269799 -2.679923
v 0.000012 0.011050 0.050118
vn -4.148499 2.315516 -3.531068
v -0.000556 0.013700 0.050944
vn -4.162001 -2.307611 -3.524997
v -0.000556 0.011050 0.050944
vn -3.350100 2.251765 -4.358099
v -0.000660 0.013700 0.051043
vn -3.337010 -2.222781 -4.397330
v -0.000660 0.011050 0.051043
vn -2.415832 2.316781 -4.881588
v -0.001448 0.013700 0.051540
vn -2.445292 -2.301099 -4.880875
v -0.001448 0.011050 0.051540
vn -1.361362 2.223144 -5.351635
v -0.001650 0.013700 0.051615
vn -1.317415 -2.166610 -5.408184
v -0.001650 0.011050 0.051615
vn -0.291126 2.317828 -5.437922
v -0.002500 0.013700 0.051750
vn -0.332087 -2.294496 -5.454001
v -0.002500 0.011050 0.051750
vn 0.862947 2.197196 -5.476825
v -0.002788 0.013700 0.051735
vn 0.954419 -2.101768 -5.535352
v -0.002788 0.011050 0.051735
vn 1.880303 2.318623 -5.110031
v -0.003553 0.013700 0.051540
vn 1.838470 -2.287770 -5.150777
v -0.003553 0.011050 0.051540
vn 2.959073 2.175932 -4.709918
v -0.003875 0.013700 0.051381
vn 3.107486 -2.028668 -4.743829
v -0.003875 0.011050 0.051381
vn 3.745528 2.319202 -3.951369
v -0.004445 0.013700 0.050944
vn 3.717207 -2.280950 -4.018285
v -0.004445 0.011050 0.050944
vn 4.583049 2.160928 -3.173950
v -0.004725 0.013700 0.050616
vn 4.783754 -1.947697 -3.148923
v -0.004725 0.011050 0.050616
vn 5.001450 2.319547 -2.150436
v -0.005041 0.013700 0.050052
vn 5.001255 -2.274016 -2.237227
v -0.005041 0.011050 0.050052
vn 5.467847 2.153180 -1.119004
v -0.005190 0.013700 0.049571
vn 5.697255 -1.859013 -1.000509
v -0.005190 0.011050 0.049571
vn 5.482922 2.266968 0.093028
v -0.005250 0.013700 0.049000
vn 5.482919 -2.266972 -0.092970
v -0.005250 0.011050 0.049000
vn 5.697245 1.859014 1.000565
v -0.005190 0.013700 0.048428
vn 5.467833 -2.153183 1.119055
v -0.005190 0.011050 0.048428
vn 5.001235 2.274014 2.237278
v -0.005041 0.013700 0.047947
vn 5.001425 -2.319554 2.150482
v -0.005041 0.011050 0.047947
vn 4.783719 1.947691 3.148990
v -0.004725 0.013700 0.047383
vn 4.583004 -2.160935 3.174013
v -0.004725 0.011050 0.047383
vn 3.717153 2.280947 4.018330
v -0.004445 0.013700 0.047055
vn 3.745471 -2.319207 3.951409
v -0.004445 0.011050 0.047055
vn 3.107443 2.028672 4.743856
v -0.003875 0.013700 0.046618
vn 2.959025 -2.175944 4.709939
v -0.003875 0.011050 0.046618
vn 1.838413 2.287774 5.150793
v -0.003553 0.013700 0.046459
vn 1.880246 -2.318636 5.110039
v -0.003553 0.011050 0.046459
vn 0.954388 2.101751 5.535365
v -0.002788 0.013700 0.046265
vn 0.862911 -2.197192 5.476827
v -0.002788 0.011050 0.046265
vn -0.332110 2.294482 5.454017
v -0.002500 0.013700 0.046250
vn -0.291151 -2.317821 5.437934
v -0.002500 0.011050 0.046250
vn -1.317520 2.166622 5.408163
v -0.001650 0.013700 0.046384
vn -1.361462 -2.223161 5.351611
v -0.001650 0.011050 0.046384
vn -2.445395 2.301100 4.880806
v -0.001448 0.013700 0.046459
vn -2.415927 -2.316792 4.881513
v -0.001448 0.011050 0.046459
vn -3.337045 2.222772 4.397309
v -0.000660 0.013700 0.046956
vn -3.350134 -2.251768 4.358067
v -0.000660 0.011050 0.046956
vn -4.162031 2.307605 3.524975
v -0.000556 0.013700 0.047055
vn -4.148524 -2.315518 3.531040
v -0.000556 0.011050 0.047055
vn -4.779791 2.269793 2.679883
v 0.000012 0.013700 0.047881
vn -4.779496 -2.280663 2.662230
v 0.000012 0.011050 0.047881
vn 3.138881 3.224218 -0.087043
v 0.003500 -0.004000 0.029732
vn 3.403390 3.088069 0.406570
v 0.003500 -0.004000 0.030800
vn 2.074154 5.162224 0.664716
v 0.004800 -0.004000 0.030800
vn 1.581835 5.596585 -1.156954
v 0.003071 -0.004000 0.028625
vn 1.933707 5.017030 -1.597830
v 0.003203 -0.004000 0.028812
vn 2.505352 4.580124 -1.228121
v 0.003320 -0.004000 0.029018
vn 2.651955 4.409142 -1.093322
v 0.003410 -0.004000 0.029232
vn 3.071814 3.568222 -0.467600
v 0.003495 -0.004000 0.029613
vn 0.143139 6.255447 -0.375885
v 0.002500 -0.004000 0.028000
vn 0.475383 6.210893 -0.472235
v 0.002504 -0.004000 0.028004
vn 0.688865 5.995630 -1.098270
v 0.002814 -0.004000 0.028322
vn 1.471371 5.583201 -1.320173
v 0.002878 -0.004000 0.028392
vn 1.540985 5.562699 -1.277606
v 0.002986 -0.004000 0.028518
vn 3.403390 -3.088068 0.406569
v 0.003500 0.004000 0.030800
vn 3.114625 -3.402039 -0.273460
v 0.003500 0.004000 0.029732
vn 2.074154 -5.162225 0.664716
v 0.004800 0.004000 0.030800
vn 2.972361 -3.758010 -0.784287
v 0.003446 0.004000 0.029345
vn 2.619560 -4.410843 -1.174456
v 0.003410 0.004000 0.029232
vn 1.953674 -5.027363 -1.553320
v 0.003204 0.004000 0.028815
vn 0.143139 -6.255449 -0.375885
v 0.002500 0.004000 0.028000
vn 1.569192 -5.600616 -1.164864
v 0.003071 0.004000 0.028625
vn 1.475072 -5.585259 -1.311986
v 0.002875 0.004000 0.028389
vn 0.691965 -5.993935 -1.100569
v 0.002816 0.004000 0.028324
vn 0.477165 -6.211026 -0.469554
v 0.002601 0.004000 0.028101
vn 0.474371 -6.210773 -0.474041
v 0.002504 0.004000 0.028004
vn -2.031594 0.682395 5.272234
v -0.000039 0.012390 0.066261
vn -1.972661 1.528426 4.933169
v -0.000153 0.012765 0.066147
vn -2.055701 2.208851 4.436814
v -0.000586 0.013414 0.065714
vn -2.366379 2.768305 3.422173
v -0.000700 0.013520 0.065600
vn -2.031718 4.803317 1.777835
v -0.000700 0.013875 0.064997
vn -2.014601 -2.243546 4.398161
v -0.000586 -0.013414 0.065714
vn -2.338352 -2.761942 3.444673
v -0.000700 -0.013520 0.065600
vn -1.972671 -1.528418 4.933160
v -0.000153 -0.012765 0.066147
vn -2.009432 -0.669580 5.273332
v -0.000039 -0.012390 0.066261
vn -2.014650 -4.825880 1.763205
v -0.000700 -0.013875 0.064997
vn -2.005965 1.946776 -4.699971
v -0.000700 0.012765 0.031452
vn -2.005966 3.597197 -3.597207
v -0.000700 0.013414 0.031885
vn -2.005970 4.699975 -1.946800
v -0.000700 0.013848 0.032534
vn 3.665182 -2.627997 1.517288
v 0.003500 0.004134 0.031300
vn 3.665189 -1.517274 2.628007
v 0.003500 0.004500 0.031666
vn 5.562864 -0.000000 1.972486
v 0.003500 0.010000 0.058750
vn 3.403370 -0.406546 3.088088
v 0.003500 0.005000 0.031800
vn 2.879777 -0.406550 3.088084
v 0.003500 0.012000 0.031800
vn 5.562858 -0.855817 1.777155
v 0.003500 0.011106 0.059002
vn 2.879791 -3.088068 0.406569
v 0.003500 0.013500 0.033300
vn 2.617991 -2.627996 1.517287
v 0.003500 0.013299 0.032550
vn 2.617975 -1.517274 2.628005
v 0.003500 0.012750 0.032001
vn 6.237007 0.189964 -0.494278
v 0.003500 -0.003622 0.029901
vn 2.879794 -3.088067 -0.406540
v 0.003500 0.013500 0.064300
vn 5.562858 -1.923020 -0.438885
v 0.003500 0.012486 0.061867
vn 5.562855 -1.923017 0.438943
v 0.003500 0.012486 0.060732
vn 5.562855 -1.542136 1.229842
v 0.003500 0.011994 0.059710
vn 2.618001 -1.517267 -2.627981
v 0.003500 0.012750 0.065599
vn 2.879817 -0.406543 -3.088057
v 0.003500 0.012000 0.065800
vn 2.618007 -2.627996 -1.517259
v 0.003500 0.013299 0.065050
vn 5.562870 -0.855821 -1.777102
v 0.003500 0.011106 0.063597
vn 5.562861 -1.542143 -1.229788
v 0.003500 0.011994 0.062890
vn 2.617977 1.517272 2.628006
v 0.003500 -0.012750 0.032001
vn 2.879776 0.406550 3.088084
v 0.003500 -0.012000 0.031800
vn 5.562848 0.855824 1.777164
v 0.003500 -0.011106 0.034002
vn 2.879790 3.088068 0.406570
v 0.003500 -0.013500 0.033300
vn 5.562860 1.923017 -0.438887
v 0.003500 -0.012486 0.036867
vn 2.879796 3.088068 -0.406540
v 0.003500 -0.013500 0.064300
vn 5.562868 1.542135 -1.229785
v 0.003500 -0.011994 0.037890
vn 6.236015 -0.177800 -0.507207
v 0.003500 0.003622 0.029901
vn 6.228192 -0.043994 -0.582497
v 0.003500 0.003000 0.030000
vn 6.228191 0.043994 -0.582498
v 0.003500 -0.003000 0.030000
vn 2.617993 2.627997 1.517285
v 0.003500 -0.013299 0.032550
vn 5.562855 1.542136 1.229841
v 0.003500 -0.011994 0.034710
vn 5.562855 1.923018 0.438943
v 0.003500 -0.012486 0.035732
vn 5.562867 -0.855822 -1.777105
v 0.003500 -0.008894 0.038597
vn 5.562870 -1.542134 -1.229782
v 0.003500 -0.008006 0.037890
vn 5.562858 0.855818 1.777153
v 0.003500 0.008894 0.059002
vn 5.562860 1.923018 -0.438885
v 0.003500 0.007514 0.061867
vn 5.562862 1.542143 -1.229787
v 0.003500 0.008006 0.062890
vn 2.879816 0.406543 -3.088058
v 0.003500 -0.012000 0.065800
vn 5.562868 0.855824 -1.777104
v 0.003500 0.008894 0.063597
vn 5.562879 -0.000002 -1.972429
v 0.003500 0.010000 0.063850
vn 5.562861 -1.923015 -0.438887
v 0.003500 -0.007514 0.036867
vn 3.665189 1.517270 2.628010
v 0.003500 -0.004500 0.031666
vn 3.665178 2.627999 1.517287
v 0.003500 -0.004134 0.031300
vn 5.562869 0.855823 -1.777104
v 0.003500 -0.011106 0.038597
vn 5.562870 0.000000 -1.972440
v 0.003500 -0.010000 0.038850
vn 5.562855 1.923015 0.438943
v 0.003500 0.007514 0.060732
vn 5.562858 1.542133 1.229840
v 0.003500 0.008006 0.059710
vn 2.618001 1.517268 -2.627981
v 0.003500 -0.012750 0.065599
vn 2.618007 2.627997 -1.517259
v 0.003500 -0.013299 0.065050
vn 5.562857 -1.923017 0.438942
v 0.003500 -0.007514 0.035732
vn 5.562857 -1.542134 1.229840
v 0.003500 -0.008006 0.034710
vn 3.403374 0.406549 3.088088
v 0.003500 -0.005000 0.031800
vn 5.562848 -0.855824 1.777162
v 0.003500 -0.008894 0.034002
vn 5.562847 0.000000 1.972499
v 0.003500 -0.010000 0.033750
vn 2.074133 0.664711 5.162229
v 0.004800 -0.005000 0.031800
vn 2.329870 0.733225 5.417970
v 0.004800 -0.012000 0.031800
vn 2.329895 5.417966 0.733241
v 0.004800 -0.013500 0.033300
vn 2.438333 4.739662 2.736463
v 0.004800 -0.013299 0.032550
vn 2.438320 2.736442 4.739681
v 0.004800 -0.012750 0.032001
vn 2.329899 5.417964 -0.733220
v 0.004800 -0.013500 0.064300
vn 2.329938 0.733209 -5.417938
v 0.004800 -0.012000 0.065800
vn 2.438364 2.736447 -4.739661
v 0.004800 -0.012750 0.065599
vn 2.438365 4.739661 -2.736433
v 0.004800 -0.013299 0.065050
vn 2.329934 -0.733217 -5.417940
v 0.004800 0.012000 0.065800
vn 2.329897 -5.417963 -0.733222
v 0.004800 0.013500 0.064300
vn 2.438366 -4.739663 -2.736427
v 0.004800 0.013299 0.065050
vn 2.438362 -2.736437 -4.739668
v 0.004800 0.012750 0.065599
vn 2.329891 -5.417962 0.733241
v 0.004800 0.013500 0.033300
vn 2.329872 -0.733223 5.417969
v 0.004800 0.012000 0.031800
vn 2.438323 -2.736444 4.739678
v 0.004800 0.012750 0.032001
vn 2.438334 -4.739661 2.736465
v 0.004800 0.013299 0.032550
vn 2.074137 -0.664709 5.162230
v 0.004800 0.005000 0.031800
vn 1.926862 4.296716 2.480720
v 0.004800 -0.004134 0.031300
vn 1.926857 2.480716 4.296728
v 0.004800 -0.004500 0.031666
vn 1.926859 -2.480719 4.296724
v 0.004800 0.004500 0.031666
vn 1.926860 -4.296714 2.480722
v 0.004800 0.004134 0.031300
vn 0.578503 -1.809202 -5.953550
v 0.002500 0.003311 0.028950
vn 0.549978 -5.512711 -2.930638
v 0.002500 0.003866 0.028500
vn 0.625992 -4.850505 -3.907911
v 0.002500 0.003812 0.028583
vn 0.626203 -3.941674 -4.822269
v 0.002500 0.003591 0.028806
vn 0.529767 -2.946687 -5.506687
v 0.002500 0.003500 0.028866
vn 0.527739 -5.985786 -1.722698
v 0.002500 0.003953 0.028301
vn 0.527384 5.985051 -1.725738
v 0.002500 -0.003953 0.028301
vn 0.592398 2.982080 -5.479290
v 0.002500 -0.003500 0.028866
vn 0.627236 3.942159 -4.821770
v 0.002500 -0.003591 0.028806
vn 0.627022 4.850011 -3.908401
v 0.002500 -0.003812 0.028583
vn 0.548401 5.513404 -2.929693
v 0.002500 -0.003866 0.028500
vn 0.618881 1.770878 -5.962721
v 0.002500 -0.003311 0.028950
vn 2.374862 -4.689291 -3.312671
v 0.002883 0.003874 0.028627
vn 2.420039 -3.365662 -4.618170
v 0.002883 0.003636 0.028868
vn 5.919834 -0.154105 -1.968232
v 0.003424 0.003000 0.029617
vn 5.778186 -0.698425 -2.144511
v 0.003424 0.003503 0.029537
vn 5.326508 -0.232366 -3.288637
v 0.003366 0.003000 0.029500
vn 4.429859 -1.309230 -4.153921
v 0.003207 0.003402 0.029228
vn 4.393733 -0.303242 -4.426309
v 0.003207 0.003000 0.029293
vn 2.408486 -1.744913 -5.447795
v 0.002883 0.003334 0.029022
vn 3.378229 -0.262630 -5.268303
v 0.003000 0.003000 0.029134
vn 2.016315 -0.469904 -5.898278
v 0.002883 0.003000 0.029076
vn 5.610007 -1.514414 -2.327004
v 0.003424 0.003956 0.029304
vn 4.445034 -2.511045 -3.535436
v 0.003207 0.003764 0.029043
vn 5.919835 0.154105 -1.968232
v 0.003424 -0.003000 0.029617
vn 5.302397 0.180717 -3.325629
v 0.003366 -0.003000 0.029500
vn 4.463637 0.292851 -4.357216
v 0.003207 -0.003000 0.029293
vn 3.317244 0.376679 -5.303557
v 0.003000 -0.003000 0.029134
vn 2.016315 0.469904 -5.898276
v 0.002883 -0.003000 0.029076
vn 2.347515 1.700681 -5.488518
v 0.002883 -0.003334 0.029022
vn 2.366975 4.698191 -3.305758
v 0.002883 -0.003874 0.028627
vn 2.400788 3.387725 -4.610958
v 0.002883 -0.003636 0.028868
vn 4.419831 2.574824 -3.525124
v 0.003207 -0.003764 0.029043
vn 4.482196 1.301095 -4.101386
v 0.003207 -0.003402 0.029228
vn 5.765273 1.116998 -1.964095
v 0.003424 -0.003956 0.029304
vn 5.766241 0.717889 -2.163502
v 0.003424 -0.003503 0.029537
vn -2.034867 -2.339502 5.062833
v -0.002137 -0.013700 0.054178
vn -3.244222 -2.138155 4.544732
v -0.001919 -0.013700 0.054299
vn -3.971520 -2.308993 3.776510
v -0.001536 -0.013700 0.054619
vn -5.195270 -2.339500 1.667971
v -0.001139 -0.013700 0.055250
vn -4.740992 -2.234521 2.801767
v -0.001245 -0.013700 0.055023
vn -2.034867 2.339502 5.062833
v -0.002137 0.013700 0.054178
vn -3.133303 2.234520 4.528717
v -0.001919 0.013700 0.054299
vn -4.050578 2.308992 3.691589
v -0.001536 0.013700 0.054619
vn -4.764891 2.138152 2.911263
v -0.001245 0.013700 0.055023
vn -5.195271 2.339500 1.667971
v -0.001139 0.013700 0.055250
vn -5.195249 -2.339503 -1.668053
v -0.001139 -0.013700 0.042750
vn -4.764850 -2.138159 -2.911299
v -0.001245 -0.013700 0.042976
vn -4.050544 -2.308996 -3.691633
v -0.001536 -0.013700 0.043380
vn -2.034799 -2.339509 -5.062851
v -0.002137 -0.013700 0.043822
vn -3.133237 -2.234523 -4.528759
v -0.001919 -0.013700 0.043700
vn -5.195250 2.339502 -1.668052
v -0.001139 0.013700 0.042750
vn -4.740954 2.234514 -2.801818
v -0.001245 0.013700 0.042976
vn -3.971493 2.308995 -3.776548
v -0.001536 0.013700 0.043380
vn -3.244146 2.138167 -4.544775
v -0.001919 0.013700 0.043700
vn -2.034797 2.339507 -5.062853
v -0.002137 0.013700 0.043822
vn -2.643594 -1.517303 -2.632924
v 0.002800 0.010250 0.054566
vn -2.644134 -2.632818 -1.517644
v 0.002800 0.010616 0.054200
vn -2.890285 -0.399619 -3.089904
v 0.002800 0.009750 0.054700
vn -2.890286 0.399619 -3.089904
v 0.002800 -0.009750 0.054700
vn -2.643595 1.517303 -2.632924
v 0.002800 -0.010250 0.054566
vn -2.644134 2.632818 -1.517644
v 0.002800 -0.010616 0.054200
vn -2.643612 1.517293 2.632898
v 0.002800 -0.010250 0.043434
vn -2.644147 2.632818 1.517618
v 0.002800 -0.010616 0.043800
vn -2.890324 0.399609 3.089877
v 0.002800 -0.009750 0.043300
vn -2.890324 -0.399609 3.089878
v 0.002800 0.009750 0.043300
vn -2.643612 -1.517293 2.632898
v 0.002800 0.010250 0.043434
vn -2.644147 -2.632818 1.517618
v 0.002800 0.010616 0.043800
vn -2.307919 -0.547870 -5.419015
v -0.000700 0.009750 0.054700
vn -2.307920 0.547871 -5.419016
v -0.000700 -0.009750 0.054700
vn -1.110749 -0.785399 5.823105
v -0.000700 -0.008000 0.043300
vn -2.307979 0.547869 5.418990
v -0.000700 -0.009750 0.043300
vn -2.307979 -0.547870 5.418991
v -0.000700 0.009750 0.043300
vn -1.110751 0.785399 5.823106
v -0.000700 -0.003000 0.043300
vn -1.351033 2.246301 2.246299
v -0.002600 -0.003000 0.043300
vn -1.351033 -2.246301 2.246297
v -0.002600 -0.008000 0.043300
vn -1.351009 2.246312 -2.246316
v -0.002600 -0.003000 0.040000
vn -1.351010 -2.246312 -2.246315
v -0.002600 -0.008000 0.040000
vn -4.662637 1.545925 -1.545968
v -0.002800 -0.003200 0.040200
vn -4.662640 -1.545922 -1.545969
v -0.002800 -0.007800 0.040200
vn -4.662676 1.545935 1.545895
v -0.002800 -0.003200 0.043100
vn -4.662680 -1.545932 1.545897
v -0.002800 -0.007800 0.043100
vn -2.339988 1.751485 5.170901
v -0.000700 -0.010135 0.043377
vn -2.223076 2.978323 4.648336
v -0.000700 -0.010250 0.043434
vn -2.310742 3.851501 3.901242
v -0.000700 -0.010460 0.043596
vn -2.303516 5.188941 1.786637
v -0.000700 -0.010677 0.043923
vn -2.227223 4.725880 2.846471
v -0.000700 -0.010616 0.043800
vn -2.340433 5.178531 -1.727627
v -0.000700 -0.010677 0.054076
vn -2.283592 4.666734 -2.853849
v -0.000700 -0.010616 0.054200
vn -2.360148 3.844359 -3.852017
v -0.000700 -0.010460 0.054403
vn -2.339922 1.751417 -5.170946
v -0.000700 -0.010135 0.054623
vn -2.282878 2.903566 -4.636397
v -0.000700 -0.010250 0.054566
vn -2.339922 -1.751418 -5.170945
v -0.000700 0.010135 0.054623
vn -2.223036 -2.978276 -4.648405
v -0.000700 0.010250 0.054566
vn -2.310693 -3.851507 -3.901276
v -0.000700 0.010460 0.054403
vn -2.303506 -5.188935 -1.786638
v -0.000700 0.010677 0.054076
vn -2.227190 -4.725908 -2.846470
v -0.000700 0.010616 0.054200
vn -2.340433 -5.178541 1.727643
v -0.000700 0.010677 0.043923
vn -2.283606 -4.666725 2.853845
v -0.000700 0.010616 0.043800
vn -2.360193 -3.844358 3.851984
v -0.000700 0.010460 0.043596
vn -2.339987 -1.751484 5.170902
v -0.000700 0.010135 0.043377
vn -2.282918 -2.903614 4.636327
v -0.000700 0.010250 0.043434
vn 2.692791 2.986035 0.681556
v 0.000800 -0.012194 0.035799
vn 2.692786 2.394615 1.909654
v 0.000800 -0.011759 0.034897
vn 2.692781 1.328912 2.759524
v 0.000800 -0.010976 0.034272
vn 2.692778 -0.000000 3.062840
v 0.000800 -0.010000 0.034050
vn 2.692780 -1.328913 2.759524
v 0.000800 -0.009024 0.034272
vn 2.692786 -2.394615 1.909654
v 0.000800 -0.008241 0.034897
vn 2.692790 -2.986035 0.681557
v 0.000800 -0.007806 0.035799
vn 2.692796 -2.986035 -0.681530
v 0.000800 -0.007806 0.036800
vn 2.692804 -2.394615 -1.909627
v 0.000800 -0.008241 0.037702
vn 2.692806 -1.328913 -2.759496
v 0.000800 -0.009024 0.038327
vn 2.692806 0.000000 -3.062812
v 0.000800 -0.010000 0.038550
vn 2.692807 1.328912 -2.759497
v 0.000800 -0.010976 0.038327
vn 2.692803 2.394614 -1.909626
v 0.000800 -0.011759 0.037702
vn 2.692797 2.986035 -0.681529
v 0.000800 -0.012194 0.036800
vn 2.413627 -0.000000 5.476501
v 0.003200 -0.010000 0.034050
vn 2.413630 -2.376163 4.934155
v 0.003200 -0.009024 0.034272
vn 2.413645 -4.281686 3.414542
v 0.003200 -0.008241 0.034897
vn 2.413652 -5.339177 1.218646
v 0.003200 -0.007806 0.035799
vn 2.413663 -5.339178 -1.218622
v 0.003200 -0.007806 0.036800
vn 2.413680 -4.281688 -3.414513
v 0.003200 -0.008241 0.037702
vn 2.413683 -2.376160 -4.934128
v 0.003200 -0.009024 0.038327
vn 2.413684 0.000000 -5.476473
v 0.003200 -0.010000 0.038550
vn 2.413682 2.376160 -4.934129
v 0.003200 -0.010976 0.038327
vn 2.413677 4.281688 -3.414517
v 0.003200 -0.011759 0.037702
vn 2.413661 5.339180 -1.218619
v 0.003200 -0.012194 0.036800
vn 2.413649 5.339180 1.218646
v 0.003200 -0.012194 0.035799
vn 2.413643 4.281690 3.414541
v 0.003200 -0.011759 0.034897
vn 2.413631 2.376160 4.934155
v 0.003200 -0.010976 0.034272
vn 2.692796 -2.986034 -0.681531
v 0.000800 0.012194 0.061800
vn 2.692807 -2.394614 -1.909628
v 0.000800 0.011759 0.062702
vn 2.692807 -1.328907 -2.759499
v 0.000800 0.010976 0.063327
vn 2.692819 0.000000 -3.062815
v 0.000800 0.010000 0.063550
vn 2.692807 1.328908 -2.759498
v 0.000800 0.009024 0.063327
vn 2.692809 2.394615 -1.909629
v 0.000800 0.008241 0.062702
vn 2.692796 2.986034 -0.681532
v 0.000800 0.007806 0.061800
vn 2.692790 2.986035 0.681557
v 0.000800 0.007806 0.060799
vn 2.692783 2.394612 1.909657
v 0.000800 0.008241 0.059897
vn 2.692783 1.328910 2.759526
v 0.000800 0.009024 0.059272
vn 2.692778 -0.000000 3.062840
v 0.000800 0.010000 0.059050
vn 2.692784 -1.328909 2.759527
v 0.000800 0.010976 0.059272
vn 2.692782 -2.394612 1.909657
v 0.000800 0.011759 0.059897
vn 2.692791 -2.986035 0.681556
v 0.000800 0.012194 0.060799
vn 2.413645 -0.000000 5.476487
v 0.003200 0.010000 0.059050
vn 2.413645 -2.376150 4.934148
v 0.003200 0.010976 0.059272
vn 2.413645 -4.281685 3.414546
v 0.003200 0.011759 0.059897
vn 2.413650 -5.339180 1.218645
v 0.003200 0.012194 0.060799
vn 2.413659 -5.339181 -1.218625
v 0.003200 0.012194 0.061800
vn 2.413670 -4.281693 -3.414522
v 0.003200 0.011759 0.062702
vn 2.413685 -2.376153 -4.934134
v 0.003200 0.010976 0.063327
vn 2.413701 -0.000004 -5.476461
v 0.003200 0.010000 0.063550
vn 2.413689 2.376156 -4.934130
v 0.003200 0.009024 0.063327
vn 2.413672 4.281691 -3.414521
v 0.003200 0.008241 0.062702
vn 2.413661 5.339180 -1.218624
v 0.003200 0.007806 0.061800
vn 2.413651 5.339178 1.218647
v 0.003200 0.007806 0.060799
vn 2.413646 4.281683 3.414546
v 0.003200 0.008241 0.059897
vn 2.413644 2.376153 4.934146
v 0.003200 0.009024 0.059272
vn -0.474556 -3.210523 -3.484541
v -0.002466 0.005000 0.050999
vn 1.517052 -3.117139 -2.562287
v -0.002555 0.005000 0.051122
vn 0.086772 -3.219476 -3.138281
v -0.002498 0.005000 0.051000
vn 1.849585 -0.576283 -5.867620
v -0.002744 0.005000 0.050985
vn 1.849584 0.576283 -5.867620
v -0.002744 -0.005000 0.050985
vn 1.587316 3.124485 -2.577425
v -0.002555 -0.005000 0.051122
vn 0.082025 3.226624 -3.138223
v -0.002498 -0.005000 0.051000
vn -0.398180 3.266852 -3.331037
v -0.002466 -0.005000 0.050999
vn -0.023628 1.842140 -4.172211
v -0.002744 -0.000791 0.050985
vn -0.023613 -1.842144 -4.172217
v -0.002744 0.000791 0.050985
vn 0.711599 -2.863815 -2.948666
v -0.002135 0.004907 0.051426
vn -0.151477 -2.169988 -3.494187
v -0.001696 0.004561 0.051744
vn -0.701718 -1.122031 -3.924144
v -0.001416 0.004019 0.051948
vn -0.782824 0.276145 -4.230145
v -0.001341 -0.003500 0.052002
vn -0.707357 1.120537 -3.914759
v -0.001416 -0.004019 0.051948
vn 0.704409 2.860896 -2.963509
v -0.002135 -0.004907 0.051426
vn -0.155557 2.167317 -3.491523
v -0.001696 -0.004561 0.051744
vn -0.231324 -1.299244 -4.467311
v -0.002651 0.000625 0.051052
vn -0.779614 -0.271922 -4.235836
v -0.001341 0.003500 0.052002
vn 2.151727 0.000000 -2.967099
v -0.002516 0.000000 0.051150
vn -0.239033 1.313249 -4.450037
v -0.002651 -0.000625 0.051052
vn 3.804448 -0.187928 -3.579868
v 0.002100 0.003500 0.047816
vn 3.911497 -0.695112 -3.598773
v 0.002087 0.003849 0.047769
vn 5.072608 2.307899 -0.359513
v 0.002232 0.009650 0.048591
vn 5.183784 -2.211607 -0.437433
v 0.002232 -0.009650 0.048591
vn 3.924562 0.700439 -3.593566
v 0.002087 -0.003851 0.047768
vn 3.808347 0.191900 -3.578609
v 0.002100 -0.003500 0.047816
vn 3.933622 -1.260541 -3.487239
v 0.002050 0.004177 0.047635
vn 3.951580 -1.649066 -3.362452
v 0.001985 0.004468 0.047436
vn 5.122757 2.153447 -1.165175
v 0.002144 0.009650 0.048002
vn 4.877488 -2.210567 -1.812796
v 0.001941 -0.009650 0.047316
vn 4.180977 2.082770 -3.262130
v 0.001612 -0.005071 0.046622
vn 4.126642 2.057442 -3.256194
v 0.001768 -0.004919 0.046915
vn 4.034759 1.986014 -3.302231
v 0.001892 -0.004716 0.047191
vn 3.969623 1.868500 -3.343438
v 0.001943 -0.004595 0.047321
vn 5.160989 -2.126386 -1.128266
v 0.002144 -0.009650 0.048002
vn 3.960998 1.629242 -3.369400
v 0.001985 -0.004469 0.047435
vn 3.955544 1.259347 -3.480183
v 0.002049 -0.004178 0.047635
vn 4.196678 2.114884 -3.297870
v 0.001423 -0.005167 0.046321
vn 4.668693 -2.124898 -2.472196
v 0.001714 -0.009650 0.046808
vn 4.213906 2.160454 -3.319857
v 0.001315 -0.005192 0.046169
vn 4.224547 -2.228401 -3.043727
v 0.001314 -0.009650 0.046169
vn 3.992333 2.145254 -3.521154
v 0.001205 -0.005200 0.046027
vn 3.825083 -2.155124 -3.646002
v 0.000984 -0.009650 0.045771
vn 3.558715 2.165427 -3.923412
v 0.000562 -0.005200 0.045368
vn 3.251794 -2.227906 -4.070539
v 0.000398 -0.009650 0.045236
vn 3.005937 2.225141 -4.276789
v 0.000398 -0.005200 0.045236
vn 2.707487 -2.154167 -4.538136
v 0.000006 -0.009650 0.044965
vn 2.450696 2.156866 -4.682412
v -0.000438 -0.005200 0.044721
vn 2.032900 -2.213845 -4.800525
v -0.000738 -0.009650 0.044589
vn 1.771430 2.246338 -4.882651
v -0.000738 -0.005200 0.044589
vn 1.142806 2.135749 -5.158497
v -0.001566 -0.005200 0.044342
vn 1.393736 -2.135903 -5.096467
v -0.001151 -0.009650 0.044445
vn 0.454427 2.258571 -5.151198
v -0.002008 -0.005200 0.044275
vn 0.683146 -2.215844 -5.173316
v -0.002008 -0.009650 0.044275
vn -0.030368 -2.155921 -5.284586
v -0.002404 -0.009650 0.044251
vn -0.331344 2.134368 -5.248883
v -0.002754 -0.005200 0.044256
vn -0.747848 -2.196881 -5.169123
v -0.003314 -0.009650 0.044320
vn -0.920216 -2.236556 -5.320604
v -0.003664 -0.009650 0.044394
vn -0.772288 2.221559 -5.319275
v -0.003664 -0.005200 0.044394
vn -3.472365 -1.585530 1.555092
v -0.004339 0.000625 0.053379
vn -3.703022 -0.805691 1.433870
v -0.004220 0.000324 0.053427
vn -1.297902 2.195764 5.053078
v -0.003795 0.009650 0.053570
vn -2.413711 -2.918148 2.429914
v -0.004992 0.001198 0.053044
vn -2.813935 -2.634947 2.090250
v -0.004759 0.001083 0.053178
vn -3.166883 -2.206500 1.811598
v -0.004524 0.000884 0.053297
vn -1.081114 0.000001 3.237092
v -0.004179 0.000000 0.053443
vn -3.674074 0.832925 1.399069
v -0.004220 -0.000324 0.053427
vn -1.233975 -2.252235 5.011519
v -0.003795 -0.009650 0.053570
vn -3.472439 1.585642 1.555423
v -0.004339 -0.000625 0.053379
vn -1.880318 3.034719 3.017992
v -0.005289 -0.001250 0.052845
vn -2.818759 -2.156111 4.475605
v -0.005289 -0.009650 0.052845
vn -2.427916 2.933349 2.421999
v -0.004992 -0.001198 0.053044
vn -2.061116 -2.121125 4.838979
v -0.004172 -0.009650 0.053446
vn -2.810006 2.647246 2.092457
v -0.004759 -0.001083 0.053178
vn -3.166627 2.206939 1.811791
v -0.004525 -0.000884 0.053297
vn -2.054835 2.109527 4.840905
v -0.004172 0.009650 0.053446
vn -2.818761 2.156110 4.475606
v -0.005289 0.009650 0.052845
vn -1.879532 -3.038165 2.994140
v -0.005289 0.001250 0.052845
vn -0.772285 -2.221561 -5.319275
v -0.003664 0.005200 0.044394
vn -0.681771 2.211433 -5.315102
v -0.003664 0.009650 0.044394
vn -0.287321 -2.148478 -5.226301
v -0.002754 0.005200 0.044256
vn -0.118240 2.129701 -5.258824
v -0.002404 0.009650 0.044251
vn 0.710095 2.261694 -5.112516
v -0.002008 0.009650 0.044275
vn 4.015590 -1.984212 -3.314340
v 0.001892 0.004717 0.047191
vn 4.097375 -2.077144 -3.254586
v 0.001768 0.004919 0.046915
vn 4.802326 2.298143 -1.718193
v 0.001941 0.009650 0.047316
vn 3.961320 -1.884980 -3.368002
v 0.001943 0.004595 0.047321
vn 4.153356 -2.106184 -3.256033
v 0.001612 0.005071 0.046622
vn 4.193887 -2.131139 -3.277974
v 0.001423 0.005167 0.046321
vn 4.624722 2.148148 -2.496841
v 0.001714 0.009650 0.046808
vn 4.213903 -2.160461 -3.319851
v 0.001315 0.005192 0.046169
vn 4.186161 2.303452 -2.942476
v 0.001314 0.009650 0.046169
vn 3.992333 -2.145254 -3.521154
v 0.001205 0.005200 0.046027
vn 3.779960 2.176538 -3.657111
v 0.000984 0.009650 0.045771
vn 3.558714 -2.165427 -3.923413
v 0.000562 0.005200 0.045368
vn 3.245889 2.293267 -3.975107
v 0.000398 0.009650 0.045236
vn 2.969934 -2.247506 -4.270139
v 0.000398 0.005200 0.045236
vn 2.664961 2.173752 -4.536942
v 0.000006 0.009650 0.044965
vn 2.462243 -2.166454 -4.663859
v -0.000438 0.005200 0.044721
vn 2.060975 2.282199 -4.716475
v -0.000738 0.009650 0.044589
vn 1.716349 -2.300092 -4.842267
v -0.000738 0.005200 0.044589
vn 1.352922 2.173174 -5.087185
v -0.001151 0.009650 0.044445
vn 1.172239 -2.170338 -5.134920
v -0.001566 0.005200 0.044342
vn 0.375744 -2.345980 -5.058347
v -0.002008 0.005200 0.044275
vn 5.276270 -2.149867 0.285220
v 0.002242 -0.009650 0.049266
vn 5.247244 2.176816 0.234644
v 0.002242 0.009650 0.049266
vn 5.109213 -2.229708 0.982371
v 0.002164 -0.009650 0.049896
vn 4.966040 2.337451 1.028885
v 0.002164 0.009650 0.049896
vn 4.960127 -2.176813 1.727968
v 0.002003 -0.009650 0.050511
vn 4.990340 2.178674 1.631440
v 0.002003 0.009650 0.050511
vn 4.584605 -2.325571 2.203216
v 0.001743 -0.009650 0.051134
vn 4.658982 2.229315 2.316787
v 0.001743 0.009650 0.051134
vn 4.317530 -2.174946 2.995204
v 0.001442 -0.009650 0.051649
vn 4.367587 2.149850 2.974019
v 0.001442 0.009650 0.051649
vn 3.834101 -2.313495 3.365445
v 0.001000 -0.009650 0.052210
vn 3.867927 2.228145 3.482310
v 0.001000 0.009650 0.052210
vn 3.358463 -2.173067 4.044340
v 0.000601 -0.009650 0.052597
vn 3.408440 2.149816 4.037759
v 0.000601 0.009650 0.052597
vn 2.795242 -2.301245 4.285730
v -0.000008 -0.009650 0.053043
vn 2.793342 2.226195 4.393995
v -0.000008 0.009650 0.053043
vn 2.152804 -2.171180 4.798447
v -0.000461 -0.009650 0.053290
vn 2.198829 2.149767 4.804864
v -0.000461 0.009650 0.053290
vn 1.543060 -2.288838 4.894354
v -0.001205 -0.009650 0.053569
vn 1.513155 2.223480 4.985170
v -0.001205 0.009650 0.053569
vn 0.788582 -2.169275 5.202068
v -0.001669 -0.009650 0.053676
vn 0.827634 2.149689 5.218947
v -0.001669 0.009650 0.053676
vn 0.168876 -2.276320 5.144128
v -0.002500 -0.009650 0.053750
vn 0.120257 2.220023 5.212222
v -0.002500 0.009650 0.053750
vn -0.634498 -2.167375 5.225360
v -0.002936 -0.009650 0.053730
vn -0.604402 2.149610 5.249567
v -0.002936 0.009650 0.053730
vn -3.031920 0.547834 -5.049711
v -0.005101 -0.004300 0.049522
vn -0.803070 0.397146 -4.156911
v -0.006158 -0.004300 0.050979
vn -3.031935 -0.547853 -5.049706
v -0.005101 0.004300 0.049522
vn -0.803070 -0.397145 -4.156912
v -0.006158 0.004300 0.050979
vn 2.068653 3.296201 -2.805305
v -0.003674 -0.001250 0.050619
vn 3.318380 3.119375 -1.720078
v -0.003985 -0.001179 0.050339
vn -0.918150 2.636304 3.836517
v -0.005795 -0.001083 0.052478
vn -0.548285 -2.672342 -4.289685
v -0.003110 0.001083 0.050905
vn 0.565643 -3.116225 -3.670470
v -0.003312 0.001179 0.050827
vn 2.031258 -3.300654 -2.794693
v -0.003674 0.001250 0.050619
vn 3.315309 -3.116673 -1.685836
v -0.003985 0.001179 0.050339
vn -0.897294 -2.632677 3.829984
v -0.005795 0.001083 0.052478
vn -0.006753 -1.508657 4.500165
v -0.006165 0.000625 0.052209
vn 3.976362 -1.844356 -1.282679
v -0.004311 0.000791 0.049848
vn 4.259406 -2.666376 -0.815670
v -0.004122 0.001083 0.050171
vn 0.565643 3.116225 -3.670470
v -0.003312 -0.001179 0.050827
vn -0.548285 2.672356 -4.289653
v -0.003110 -0.001083 0.050905
vn -2.472378 -0.014444 -1.766002
v -0.002516 0.000000 0.051150
vn -2.597801 -0.030534 -1.833538
v -0.004179 0.000000 0.053443
vn 4.259406 2.666376 -0.815670
v -0.004122 -0.001083 0.050171
vn 3.976354 1.844352 -1.282684
v -0.004311 -0.000791 0.049848
vn -0.006755 1.508658 4.500164
v -0.006165 -0.000625 0.052209
vn 4.320122 1.298871 -1.170722
v -0.004404 -0.000625 0.049781
vn 2.456571 -0.000000 1.781495
v -0.006301 0.000000 0.052111
vn 2.456574 -0.000000 1.781497
v -0.004540 0.000000 0.049682
vn 4.320122 -1.298873 -1.170721
v -0.004404 0.000625 0.049781
vn -5.753842 -0.733225 -1.294604
v -0.018609 0.004000 0.042938
vn -0.501858 -0.406549 -4.568087
v -0.018139 0.004000 0.042291
vn -5.396677 -0.664708 -1.351495
v -0.018609 0.003000 0.042938
vn -0.809250 -0.406550 -4.144218
v -0.018139 0.003000 0.042291
vn 3.430811 -2.275400 -4.190437
v -0.012937 0.005200 0.039887
vn 3.430814 2.275391 -4.190444
v -0.012937 0.009650 0.039887
vn 2.930921 -2.272562 -4.550926
v -0.007824 0.005200 0.043594
vn 2.930915 2.272572 -4.550918
v -0.007824 0.009650 0.043594
vn 2.930920 2.272562 -4.550927
v -0.007824 -0.005200 0.043594
vn 2.930915 -2.272573 -4.550918
v -0.007824 -0.009650 0.043594
vn 3.430811 2.275399 -4.190436
v -0.012937 -0.005200 0.039887
vn 3.430817 -2.275390 -4.190444
v -0.012937 -0.009650 0.039887
vn 2.015045 5.513118 -0.297099
v -0.022272 0.009950 0.036362
vn 1.975438 5.513127 0.495230
v -0.022237 0.009950 0.035465
vn -2.322462 5.216296 -0.331259
v -0.024653 0.009950 0.035336
vn -1.096087 5.486446 -1.757888
v -0.001297 0.009950 0.050960
vn 1.488976 5.282741 1.741144
v 0.000405 0.009950 0.052370
vn -1.680924 5.492168 -1.198356
v -0.000638 0.009950 0.050350
vn 1.898278 5.283206 1.282028
v 0.001193 0.009950 0.051481
vn -2.001768 5.500354 -0.460847
v -0.000263 0.009950 0.049535
vn -1.212456 5.290689 1.940849
v -0.005113 0.009950 0.052602
vn -0.864602 5.257792 2.143509
v -0.004066 0.009950 0.053165
vn 0.478313 5.480580 -2.023417
v -0.003035 0.009950 0.051237
vn -0.228579 5.279703 2.281856
v -0.002909 0.009950 0.053431
vn -0.336836 5.482704 -2.048923
v -0.002138 0.009950 0.051271
vn 0.385858 5.281014 2.259574
v -0.001722 0.009950 0.053381
vn 0.972433 5.282023 2.074959
v -0.000590 0.009950 0.053019
vn -2.148784 5.216291 -0.941441
v -0.024305 0.009950 0.034114
vn 1.635641 5.514512 1.210393
v -0.021862 0.009950 0.034650
vn -1.817958 5.216290 -1.482771
v -0.023642 0.009950 0.033029
vn -2.326301 5.216293 0.303144
v -0.024661 0.009950 0.036607
vn -2.160004 5.216302 0.915381
v -0.024328 0.009950 0.037834
vn 1.747285 5.514195 -1.044862
v -0.021960 0.009950 0.037203
vn -1.835752 5.216303 1.460667
v -0.023678 0.009950 0.038926
vn 1.233153 5.510082 -1.629432
v -0.021350 0.009950 0.037862
vn -1.470281 5.289673 1.754757
v -0.022759 0.009950 0.039805
vn 0.478316 5.480584 -2.023410
v -0.020535 0.009950 0.038237
vn -0.474678 5.530299 1.960321
v -0.001965 0.009950 0.046763
vn 0.008083 5.253154 -2.313846
v -0.002410 0.009950 0.044551
vn 0.307566 5.522788 2.001822
v -0.002862 0.009950 0.046728
vn -0.280005 5.342253 -2.224375
v -0.003591 0.009950 0.044685
vn 1.049227 5.517614 1.739172
v -0.003704 0.009950 0.047040
vn -0.060612 5.466174 -2.104971
v -0.004737 0.009950 0.044845
vn 1.635644 5.514506 1.210395
v -0.004362 0.009950 0.047649
vn 0.397615 5.466177 -2.067962
v -0.005890 0.009950 0.044751
vn 0.836891 5.466176 -1.932403
v -0.006995 0.009950 0.044410
vn -1.716597 5.526328 1.069124
v -0.000540 0.009950 0.047796
vn 1.670847 5.251879 -1.602909
v 0.000764 0.009950 0.045975
vn -1.177651 5.540281 1.623905
v -0.001150 0.009950 0.047138
vn 1.186892 5.252573 -1.987184
v -0.000152 0.009950 0.045219
vn 0.619160 5.253009 -2.229762
v -0.001236 0.009950 0.044733
vn 2.213789 5.250068 0.689904
v 0.001718 0.009950 0.050416
vn 2.316785 5.248619 0.091436
v 0.001943 0.009950 0.049249
vn -2.012344 5.511546 0.336827
v -0.000229 0.009950 0.048638
vn 2.257038 5.249874 -0.525422
v 0.001850 0.009950 0.048065
vn 2.036357 5.250958 -1.103907
v 0.001448 0.009950 0.046947
vn 1.589358 5.471987 -1.370349
v -0.014015 0.009950 0.039300
vn 1.975442 5.513120 0.495230
v -0.004737 0.009950 0.048465
vn 1.366978 5.417501 -1.676876
v -0.013113 0.009950 0.040130
vn 1.176616 5.414602 -1.819422
v -0.008001 0.009950 0.043837
vn -1.354181 5.216293 -1.915663
v -0.022713 0.009950 0.032162
vn 1.049220 5.517623 1.739165
v -0.021204 0.009950 0.034040
vn -0.791373 5.216294 -2.208461
v -0.021586 0.009950 0.031575
vn 0.307567 5.522796 2.001814
v -0.020362 0.009950 0.033729
vn -0.170688 5.216297 -2.339749
v -0.020342 0.009950 0.031312
vn 1.233148 5.510095 -1.629418
v -0.003851 0.009950 0.050862
vn 1.747288 5.514192 -1.044863
v -0.004460 0.009950 0.050203
vn 2.015047 5.513117 -0.297099
v -0.004772 0.009950 0.049361
vn 0.462474 5.216304 -2.299924
v -0.019074 0.009950 0.031392
vn -0.474682 5.530297 1.960324
v -0.019465 0.009950 0.033763
vn 1.061817 5.216303 -2.091908
v -0.017873 0.009950 0.031809
vn -1.177655 5.540271 1.623916
v -0.018650 0.009950 0.034138
vn 1.583510 5.216296 -1.730913
v -0.016828 0.009950 0.032532
vn -0.336845 5.482693 -2.048933
v -0.019638 0.009950 0.038271
vn -1.096088 5.486444 -1.757891
v -0.018797 0.009950 0.037960
vn -1.680923 5.492169 -1.198357
v -0.018138 0.009950 0.037350
vn 1.989394 5.216299 -1.243328
v -0.016015 0.009950 0.033509
vn -1.716605 5.526323 1.069122
v -0.018040 0.009950 0.034796
vn 2.249795 5.216298 -0.664815
v -0.015493 0.009950 0.034668
vn -2.012348 5.511543 0.336826
v -0.017729 0.009950 0.035638
vn 2.217441 5.344139 -0.317906
v -0.015301 0.009950 0.035924
vn -2.001777 5.500345 -0.460847
v -0.017763 0.009950 0.036535
vn 2.034410 5.471978 -0.514896
v -0.015139 0.009950 0.037140
vn 1.861687 5.471979 -0.968533
v -0.014703 0.009950 0.038285
vn -1.177648 -5.540282 1.623905
v -0.001150 -0.009950 0.047138
vn -0.482877 -5.526323 1.963816
v -0.001965 -0.009950 0.046763
vn 0.633923 -5.279694 -2.203928
v -0.001236 -0.009950 0.044733
vn 0.025877 -5.278015 -2.294425
v -0.002410 -0.009950 0.044551
vn 0.305066 -5.511540 2.017410
v -0.002862 -0.009950 0.046728
vn -0.323415 -5.381693 -2.178343
v -0.003591 -0.009950 0.044685
vn 1.196280 -5.281014 -1.955370
v -0.000152 -0.009950 0.045219
vn 1.672573 -5.282019 -1.566396
v 0.000764 -0.009950 0.045975
vn -1.715821 -5.530303 1.060245
v -0.000540 -0.009950 0.047796
vn 2.028497 -5.282731 -1.064833
v 0.001448 -0.009950 0.046947
vn -1.998305 -5.522793 0.329607
v -0.000229 -0.009950 0.048638
vn -1.658674 -5.514512 -1.178629
v -0.018138 -0.009950 0.037350
vn 1.661307 -5.492177 1.225412
v -0.004362 -0.009950 0.047649
vn -1.084477 -5.513128 -1.723808
v -0.018797 -0.009950 0.037960
vn -0.343669 -5.513119 -2.007627
v -0.019638 -0.009950 0.038271
vn -0.343665 -5.513131 -2.007614
v -0.002138 -0.009950 0.051271
vn -0.251865 -5.253021 2.300372
v -0.002909 -0.009950 0.053431
vn 0.450285 -5.514190 -1.985450
v -0.003035 -0.009950 0.051237
vn -0.850553 -5.253154 2.151862
v -0.004066 -0.009950 0.053165
vn 1.165646 -5.510096 -1.678369
v -0.003851 -0.009950 0.050862
vn -1.212453 -5.290684 1.940849
v -0.005113 -0.009950 0.052602
vn 1.774668 -5.480582 -1.083303
v -0.004460 -0.009950 0.050203
vn -1.658675 -5.514511 -1.178630
v -0.000638 -0.009950 0.050350
vn 1.481786 -5.250967 1.780347
v 0.000405 -0.009950 0.052370
vn -1.084474 -5.513132 -1.723803
v -0.001297 -0.009950 0.050960
vn 0.957291 -5.251884 2.108227
v -0.000590 -0.009950 0.053019
vn 0.365341 -5.252572 2.285638
v -0.001722 -0.009950 0.053381
vn 2.238350 -5.283207 -0.486661
v 0.001850 -0.009950 0.048065
vn 2.286980 -5.283434 0.126530
v 0.001943 -0.009950 0.049249
vn -1.979079 -5.517624 -0.456948
v -0.000263 -0.009950 0.049535
vn 2.179705 -5.251693 0.786741
v 0.001718 -0.009950 0.050416
vn 1.901261 -5.249870 1.324957
v 0.001193 -0.009950 0.051481
vn 1.059975 -5.500354 1.759519
v -0.021204 -0.009950 0.034040
vn -0.791373 -5.216295 -2.208461
v -0.021586 -0.009950 0.031575
vn 0.305067 -5.511548 2.017401
v -0.020362 -0.009950 0.033729
vn -0.170688 -5.216299 -2.339748
v -0.020342 -0.009950 0.031312
vn -0.482879 -5.526321 1.963822
v -0.019465 -0.009950 0.033763
vn -1.998311 -5.522789 0.329605
v -0.017729 -0.009950 0.035638
vn 2.217441 -5.344138 -0.317906
v -0.015301 -0.009950 0.035924
vn -1.979088 -5.517617 -0.456949
v -0.017763 -0.009950 0.036535
vn 2.034410 -5.471978 -0.514896
v -0.015139 -0.009950 0.037140
vn 1.861688 -5.471979 -0.968533
v -0.014703 -0.009950 0.038285
vn 0.462476 -5.216305 -2.299923
v -0.019074 -0.009950 0.031392
vn 1.061819 -5.216302 -2.091908
v -0.017873 -0.009950 0.031809
vn -1.177657 -5.540271 1.623916
v -0.018650 -0.009950 0.034138
vn 1.583509 -5.216296 -1.730915
v -0.016828 -0.009950 0.032532
vn -1.715829 -5.530298 1.060246
v -0.018040 -0.009950 0.034796
vn 1.989394 -5.216299 -1.243327
v -0.016015 -0.009950 0.033509
vn 2.249795 -5.216298 -0.664816
v -0.015493 -0.009950 0.034668
vn -0.060611 -5.466175 -2.104971
v -0.004737 -0.009950 0.044845
vn 1.059981 -5.500344 1.759526
v -0.003704 -0.009950 0.047040
vn 0.397614 -5.466177 -2.067962
v -0.005890 -0.009950 0.044751
vn 0.836890 -5.466176 -1.932403
v -0.006995 -0.009950 0.044410
vn 2.011441 -5.486444 0.495679
v -0.022237 -0.009950 0.035465
vn -2.148784 -5.216292 -0.941440
v -0.024305 -0.009950 0.034114
vn 1.661302 -5.492170 1.225410
v -0.021862 -0.009950 0.034650
vn -1.817958 -5.216291 -1.482771
v -0.023642 -0.009950 0.033029
vn -1.354181 -5.216294 -1.915663
v -0.022713 -0.009950 0.032162
vn 1.774664 -5.480585 -1.083303
v -0.021960 -0.009950 0.037203
vn -2.160005 -5.216301 0.915379
v -0.024328 -0.009950 0.037834
vn 2.052188 -5.482692 -0.316421
v -0.022272 -0.009950 0.036362
vn -2.326302 -5.216293 0.303147
v -0.024661 -0.009950 0.036607
vn -2.322462 -5.216297 -0.331260
v -0.024653 -0.009950 0.035336
vn 1.589355 -5.471983 -1.370350
v -0.014015 -0.009950 0.039300
vn 1.366979 -5.417503 -1.676874
v -0.013113 -0.009950 0.040130
vn 1.176618 -5.414603 -1.819423
v -0.008001 -0.009950 0.043837
vn 1.165658 -5.510083 -1.678382
v -0.021350 -0.009950 0.037862
vn -1.470280 -5.289668 1.754756
v -0.022759 -0.009950 0.039805
vn -1.835752 -5.216303 1.460668
v -0.023678 -0.009950 0.038926
vn 2.052189 -5.482691 -0.316420
v -0.004772 -0.009950 0.049361
vn 2.011445 -5.486441 0.495678
v -0.004737 -0.009950 0.048465
vn 0.450283 -5.514194 -1.985444
v -0.020535 -0.009950 0.038237
vn -4.072623 -2.110150 3.218703
v -0.023913 0.005200 0.039113
vn -3.384067 -2.148911 4.063297
v -0.022936 0.005200 0.040048
vn -2.345657 2.956025 2.631680
v -0.022936 0.006250 0.040048
vn -1.545092 2.653536 3.037922
v -0.023191 0.006293 0.039849
vn -1.123730 2.564293 3.330300
v -0.023418 0.006417 0.039649
vn -0.717105 2.186830 3.600599
v -0.023605 0.006616 0.039465
vn -0.373472 1.588148 3.823553
v -0.023742 0.006875 0.039316
vn -0.141440 0.837991 3.972635
v -0.023826 0.007176 0.039219
vn -0.072772 -0.005711 4.018458
v -0.023854 0.007500 0.039185
vn -0.146266 -0.832088 3.979816
v -0.023826 0.007824 0.039219
vn -4.085577 2.121902 3.205923
v -0.023913 0.009650 0.039113
vn -0.374283 -1.587493 3.823124
v -0.023742 0.008125 0.039316
vn -0.718474 -2.183422 3.599116
v -0.023605 0.008384 0.039465
vn -2.285296 -3.042572 2.708004
v -0.022936 0.008750 0.040048
vn -3.358881 2.192907 4.086396
v -0.022936 0.009650 0.040048
vn -1.617766 -2.856534 2.997471
v -0.023192 0.008707 0.039848
vn -1.124756 -2.550117 3.327281
v -0.023418 0.008583 0.039649
vn -4.777789 2.076377 2.024755
v -0.024604 0.009650 0.037951
vn -4.777795 -2.076372 2.024756
v -0.024604 0.005200 0.037951
vn -5.145617 2.076372 0.670534
v -0.024958 0.009650 0.036646
vn -5.145621 -2.076369 0.670537
v -0.024958 0.005200 0.036646
vn -5.137127 2.076374 -0.732723
v -0.024950 0.009650 0.035294
vn -5.137129 -2.076372 -0.732725
v -0.024950 0.005200 0.035294
vn -4.752961 2.076371 -2.082396
v -0.024580 0.009650 0.033993
vn -4.752969 -2.076363 -2.082398
v -0.024580 0.005200 0.033993
vn -4.021194 2.076369 -3.279783
v -0.023875 0.009650 0.032840
vn -4.021191 -2.076373 -3.279782
v -0.023875 0.005200 0.032840
vn -2.995356 2.076372 -4.237315
v -0.022886 0.009650 0.031917
vn -2.995350 -2.076379 -4.237309
v -0.022886 0.005200 0.031917
vn -1.750463 2.076373 -4.884961
v -0.021687 0.009650 0.031293
vn -1.750466 -2.076371 -4.884961
v -0.021687 0.005200 0.031293
vn -0.377554 2.076375 -5.175363
v -0.020364 0.009650 0.031013
vn -0.377553 -2.076377 -5.175361
v -0.020364 0.005200 0.031013
vn 1.022963 2.076380 -5.087282
v -0.019015 0.009650 0.031098
vn 1.022963 -2.076374 -5.087288
v -0.019015 0.005200 0.031098
vn 2.348669 2.076377 -4.627164
v -0.017737 0.009650 0.031541
vn 2.348673 -2.076371 -4.627169
v -0.017737 0.005200 0.031541
vn 3.502619 2.076375 -3.828663
v -0.016625 0.009650 0.032311
vn 3.502625 -2.076364 -3.828673
v -0.016625 0.005200 0.032311
vn 4.400404 2.076375 -2.750156
v -0.015760 0.009650 0.033350
vn 4.400402 -2.076379 -2.750153
v -0.015760 0.005200 0.033350
vn 4.976394 2.076375 -1.470524
v -0.015205 0.009650 0.034583
vn 4.976395 -2.076375 -1.470525
v -0.015205 0.005200 0.034583
vn 5.308015 2.202860 -0.756710
v -0.015001 0.009650 0.035920
vn 5.308020 -2.202854 -0.756710
v -0.015001 0.005200 0.035920
vn -0.141770 0.837866 3.972238
v -0.023826 -0.007824 0.039219
vn -0.072772 -0.005722 4.018458
v -0.023854 -0.007500 0.039185
vn -4.076028 -2.115617 3.215229
v -0.023913 -0.009650 0.039113
vn -0.373958 1.587381 3.822974
v -0.023742 -0.008125 0.039316
vn -3.384065 -2.148913 4.063295
v -0.022936 -0.009650 0.040048
vn -2.351616 2.952960 2.626430
v -0.022936 -0.008750 0.040048
vn -1.543157 2.607869 3.032024
v -0.023191 -0.008707 0.039849
vn -1.125437 2.550007 3.327509
v -0.023418 -0.008583 0.039649
vn -0.718186 2.183052 3.599298
v -0.023605 -0.008384 0.039465
vn -0.145936 -0.832214 3.980215
v -0.023826 -0.007176 0.039219
vn -4.082455 2.117440 3.209129
v -0.023913 -0.005200 0.039113
vn -0.373796 -1.588261 3.823702
v -0.023742 -0.006875 0.039316
vn -0.717394 -2.187204 3.600417
v -0.023605 -0.006616 0.039465
vn -2.285298 -3.042574 2.708001
v -0.022936 -0.006250 0.040048
vn -3.362180 2.188177 4.083459
v -0.022936 -0.005200 0.040048
vn -1.611892 -2.868226 3.003524
v -0.023192 -0.006293 0.039848
vn -1.123043 -2.564384 3.330075
v -0.023418 -0.006417 0.039649
vn -4.777794 2.076372 2.024757
v -0.024604 -0.005200 0.037951
vn -4.777789 -2.076378 2.024754
v -0.024604 -0.009650 0.037951
vn -5.145620 2.076368 0.670536
v -0.024958 -0.005200 0.036646
vn -5.145616 -2.076373 0.670536
v -0.024958 -0.009650 0.036646
vn -5.137129 2.076372 -0.732723
v -0.024950 -0.005200 0.035294
vn -5.137127 -2.076374 -0.732723
v -0.024950 -0.009650 0.035294
vn -4.752967 2.076363 -2.082401
v -0.024580 -0.005200 0.033993
vn -4.752962 -2.076371 -2.082396
v -0.024580 -0.009650 0.033993
vn -4.021191 2.076374 -3.279780
v -0.023875 -0.005200 0.032840
vn -4.021194 -2.076369 -3.279783
v -0.023875 -0.009650 0.032840
vn -2.995352 2.076379 -4.237309
v -0.022886 -0.005200 0.031917
vn -2.995356 -2.076372 -4.237315
v -0.022886 -0.009650 0.031917
vn -1.750464 2.076371 -4.884962
v -0.021687 -0.005200 0.031293
vn -1.750464 -2.076372 -4.884961
v -0.021687 -0.009650 0.031293
vn -0.377554 2.076378 -5.175361
v -0.020364 -0.005200 0.031013
vn -0.377554 -2.076374 -5.175364
v -0.020364 -0.009650 0.031013
vn 1.022964 2.076374 -5.087289
v -0.019015 -0.005200 0.031098
vn 1.022964 -2.076379 -5.087283
v -0.019015 -0.009650 0.031098
vn 2.348672 2.076371 -4.627170
v -0.017737 -0.005200 0.031541
vn 2.348670 -2.076378 -4.627163
v -0.017737 -0.009650 0.031541
vn 3.502627 2.076364 -3.828670
v -0.016625 -0.005200 0.032311
vn 3.502617 -2.076375 -3.828664
v -0.016625 -0.009650 0.032311
vn 4.400400 2.076380 -2.750155
v -0.015760 -0.005200 0.033350
vn 4.400404 -2.076375 -2.750155
v -0.015760 -0.009650 0.033350
vn 4.976396 2.076374 -1.470525
v -0.015205 -0.005200 0.034583
vn 4.976394 -2.076375 -1.470525
v -0.015205 -0.009650 0.034583
vn 5.308021 2.202854 -0.756711
v -0.015001 -0.005200 0.035920
vn 5.308015 -2.202860 -0.756709
v -0.015001 -0.009650 0.035920
vn -3.424710 2.074151 4.282731
v -0.009821 -0.005200 0.049558
vn -3.378636 -2.627928 2.074028
v -0.022430 -0.006417 0.040414
vn -3.424704 -2.074149 4.282724
v -0.019535 0.005200 0.042513
vn -4.062879 -1.668709 3.961372
v -0.019050 0.005039 0.042866
vn -4.633832 -0.963445 3.547312
v -0.018694 0.004600 0.043123
vn -4.894817 -0.258151 3.216590
v -0.018564 0.004000 0.043218
vn -4.277742 -1.517066 1.421982
v -0.022059 0.008125 0.040683
vn -3.378635 -2.627918 2.074027
v -0.022430 0.008583 0.040414
vn -3.359627 2.633853 2.043423
v -0.022430 0.006417 0.040414
vn -4.261963 1.519487 1.390261
v -0.022059 0.006875 0.040683
vn -4.598470 -0.011457 1.166784
v -0.021924 0.007500 0.040781
vn -4.944591 -0.326677 2.849611
v -0.018564 0.003000 0.043218
vn -3.424706 -2.074154 4.282721
v -0.009821 0.002200 0.049558
vn -3.359627 2.633853 2.043422
v -0.022430 -0.008583 0.040414
vn -4.677870 -1.219149 2.853604
v -0.018477 0.002600 0.043281
vn -3.955407 -2.111680 3.377542
v -0.018240 0.002307 0.043453
vn -3.322914 -2.329896 4.025636
v -0.017916 0.002200 0.043687
vn -4.062882 -1.668718 3.961364
v -0.009335 0.002039 0.049910
vn -4.633838 -0.963459 3.547305
v -0.008980 0.001600 0.050168
vn -2.151728 -0.000002 2.967094
v -0.006301 0.000000 0.052111
vn -4.894819 -0.258153 3.216587
v -0.008850 0.001000 0.050263
vn -4.894817 0.258155 3.216588
v -0.008850 -0.004000 0.050263
vn -4.633831 0.963446 3.547311
v -0.008980 -0.004600 0.050168
vn -4.062880 1.668717 3.961364
v -0.009335 -0.005039 0.049910
vn -4.277742 -1.517066 1.421982
v -0.022059 -0.006875 0.040683
vn -4.598469 -0.011459 1.166785
v -0.021924 -0.007500 0.040781
vn -4.261961 1.519485 1.390262
v -0.022059 -0.008125 0.040683
vn 3.019719 -3.407627 -0.757132
v -0.004402 0.005000 0.049619
vn 5.002568 -0.576289 -3.581086
v -0.004311 0.005000 0.049848
vn 0.565711 -4.896008 -2.496752
v -0.005092 0.005000 0.049282
vn -0.638308 -3.551236 3.007231
v -0.019586 0.005000 0.034043
vn 1.061821 -5.216293 -2.091915
v -0.017828 0.005000 0.031720
vn -1.804564 -3.554305 2.488379
v -0.018826 0.005000 0.034381
vn 1.583517 -5.216281 -1.730924
v -0.016760 0.005000 0.032458
vn -2.660086 -3.551233 1.541047
v -0.018269 0.005000 0.034998
vn 2.932524 -3.517609 -0.937342
v -0.021902 0.005000 0.036620
vn 2.397618 -3.422179 -1.974962
v -0.021485 0.005000 0.037339
vn -1.835757 -5.216295 1.460673
v -0.023756 0.005000 0.038989
vn -0.175422 -6.229664 -0.450610
v -0.018948 0.005000 0.041704
vn -1.961397 -5.417952 1.455684
v -0.019418 0.005000 0.042351
vn -1.470282 -5.289669 1.754760
v -0.022818 0.005000 0.039886
vn -0.638313 -3.551241 3.007228
v -0.002086 0.005000 0.047043
vn 1.044038 -5.266545 -2.053709
v -0.000524 0.005000 0.044901
vn -1.804567 -3.554298 2.488381
v -0.001326 0.005000 0.047381
vn 1.481821 -5.280180 -1.749769
v 0.000433 0.005000 0.045521
vn -2.611704 -3.475999 1.669004
v -0.000769 0.005000 0.047998
vn 1.647893 -5.318381 -1.648395
v 0.001049 0.005000 0.046152
vn -3.222614 -3.355991 0.839099
v -0.000589 0.005000 0.048411
vn 1.834231 -3.351035 -2.529301
v -0.021174 0.005000 0.037619
vn 0.640458 -3.545958 3.007501
v -0.020418 0.005000 0.034044
vn -0.170689 -5.216302 -2.339744
v -0.020349 0.005000 0.031213
vn 0.462475 -5.216296 -2.299931
v -0.019054 0.005000 0.031294
vn 2.664758 -3.538029 1.536491
v -0.021733 0.005000 0.035001
vn -1.817953 -5.216297 -1.482769
v -0.023720 0.005000 0.032966
vn 1.808926 -3.541558 2.487298
v -0.021177 0.005000 0.034383
vn -1.354177 -5.216304 -1.915655
v -0.022771 0.005000 0.032080
vn -0.791376 -5.216293 -2.208462
v -0.021619 0.005000 0.031481
vn -2.160011 -5.216295 0.915381
v -0.024420 0.005000 0.037873
vn -2.326306 -5.216289 0.303144
v -0.024760 0.005000 0.036620
vn 3.059409 -3.540456 0.316510
v -0.021989 0.005000 0.035793
vn -2.322464 -5.216295 -0.331260
v -0.024752 0.005000 0.035322
vn -2.148793 -5.216281 -0.941442
v -0.024397 0.005000 0.034074
vn -0.161980 -6.251671 -0.352673
v -0.005668 0.005000 0.049111
vn 0.397619 -5.466165 -2.067972
v -0.005871 0.005000 0.044653
vn 0.641600 -5.065615 -2.386217
v -0.005405 0.005000 0.049233
vn -0.060611 -5.466177 -2.104966
v -0.004739 0.005000 0.044745
vn -0.320023 -5.363285 -2.197991
v -0.003615 0.005000 0.044588
vn -0.089062 -5.244141 -2.323865
v -0.002743 0.005000 0.044456
vn -2.926224 -3.541558 -0.946615
v -0.018098 0.005000 0.036616
vn 1.861691 -5.471975 -0.968535
v -0.014615 0.005000 0.038239
vn -2.288372 -3.538031 -2.055504
v -0.018513 0.005000 0.037337
vn 1.589360 -5.471982 -1.370351
v -0.013940 0.005000 0.039235
vn 1.989392 -5.216306 -1.243320
v -0.015930 0.005000 0.033456
vn 2.249796 -5.216296 -0.664817
v -0.015397 0.005000 0.034640
vn -3.057645 -3.545961 0.325652
v -0.018011 0.005000 0.035789
vn 2.217447 -5.344131 -0.317907
v -0.015201 0.005000 0.035923
vn 2.034410 -5.471976 -0.514898
v -0.015043 0.005000 0.037115
vn 1.366972 -5.417512 -1.676867
v -0.013054 0.005000 0.040049
vn 1.176623 -5.414593 -1.819431
v -0.007942 0.005000 0.043756
vn 0.836894 -5.466168 -1.932411
v -0.006956 0.005000 0.044318
vn 0.640457 -3.545959 3.007501
v -0.002918 0.005000 0.047044
vn 0.502488 -5.264563 -2.250700
v -0.001606 0.005000 0.044538
vn 1.808926 -3.541558 2.487298
v -0.003677 0.005000 0.047383
vn 2.664757 -3.538030 1.536489
v -0.004233 0.005000 0.048001
vn 3.059700 -3.535384 0.319558
v -0.004489 0.005000 0.048792
vn -1.247912 -3.544095 -2.810419
v -0.019185 0.005000 0.037826
vn 1.378107 -3.090648 -2.576012
v -0.006724 0.005000 0.050569
vn -0.006045 -3.539604 -3.074188
v -0.019998 0.005000 0.038000
vn 1.109430 -3.455746 -2.897801
v -0.020812 0.005000 0.037828
vn -2.607398 3.460367 1.679076
v -0.000769 -0.005000 0.047998
vn -3.294431 3.330362 0.826844
v -0.000589 -0.005000 0.048411
vn 1.647887 5.318381 -1.648406
v 0.001049 -0.005000 0.046152
vn -0.175424 6.229662 -0.450613
v -0.009234 -0.005000 0.048749
vn 1.378102 3.090644 -2.576009
v -0.006724 -0.005000 0.050569
vn -0.161980 6.251670 -0.352673
v -0.005668 -0.005000 0.049111
vn 1.808926 3.541557 2.487298
v -0.021177 -0.005000 0.034383
vn -1.817955 5.216296 -1.482769
v -0.023720 -0.005000 0.032966
vn 2.664758 3.538029 1.536491
v -0.021733 -0.005000 0.035001
vn -2.148792 5.216281 -0.941446
v -0.024397 -0.005000 0.034074
vn 3.059049 3.544098 0.312975
v -0.021989 -0.005000 0.035793
vn -0.320026 5.363287 -2.197988
v -0.003615 -0.005000 0.044588
vn -0.060609 5.466178 -2.104965
v -0.004739 -0.005000 0.044745
vn 0.592616 4.844341 -2.526306
v -0.005092 -0.005000 0.049282
vn 3.059700 3.535384 0.319558
v -0.004489 -0.005000 0.048792
vn 3.019719 3.407627 -0.757132
v -0.004402 -0.005000 0.049619
vn 5.002569 0.576289 -3.581087
v -0.004311 -0.005000 0.049848
vn -1.961393 5.417953 1.455681
v -0.009704 -0.005000 0.049396
vn -2.288372 3.538031 -2.055504
v -0.018513 -0.005000 0.037337
vn 0.610560 5.000541 -2.444018
v -0.005405 -0.005000 0.049233
vn 0.397617 5.466166 -2.067971
v -0.005871 -0.005000 0.044653
vn 0.836894 5.466168 -1.932411
v -0.006956 -0.005000 0.044318
vn -0.638308 3.551236 3.007231
v -0.019586 -0.005000 0.034043
vn -0.170691 5.216302 -2.339744
v -0.020349 -0.005000 0.031213
vn 0.640458 3.545958 3.007501
v -0.020418 -0.005000 0.034044
vn -0.791373 5.216292 -2.208462
v -0.021619 -0.005000 0.031481
vn -1.354178 5.216304 -1.915654
v -0.022771 -0.005000 0.032080
vn 2.664757 3.538030 1.536489
v -0.004233 -0.005000 0.048001
vn -0.132682 5.269495 -2.300848
v -0.002743 -0.005000 0.044456
vn -1.804564 3.554305 2.488379
v -0.018826 -0.005000 0.034381
vn 1.061819 5.216295 -2.091915
v -0.017828 -0.005000 0.031720
vn 0.462476 5.216296 -2.299930
v -0.019054 -0.005000 0.031294
vn -3.057645 3.545961 0.325653
v -0.018011 -0.005000 0.035789
vn 2.249795 5.216298 -0.664816
v -0.015397 -0.005000 0.034640
vn -2.660086 3.551233 1.541047
v -0.018269 -0.005000 0.034998
vn 1.989390 5.216304 -1.243324
v -0.015930 -0.005000 0.033456
vn 1.583521 5.216280 -1.730921
v -0.016760 -0.005000 0.032458
vn -2.926224 3.541557 -0.946615
v -0.018098 -0.005000 0.036616
vn 2.034410 5.471977 -0.514897
v -0.015043 -0.005000 0.037115
vn 2.217446 5.344132 -0.317907
v -0.015201 -0.005000 0.035923
vn 1.176622 5.414592 -1.819431
v -0.007942 -0.005000 0.043756
vn 1.366973 5.417511 -1.676866
v -0.013054 -0.005000 0.040049
vn 1.589360 5.471982 -1.370350
v -0.013940 -0.005000 0.039235
vn 1.861691 5.471976 -0.968536
v -0.014615 -0.005000 0.038239
vn -2.322464 5.216296 -0.331257
v -0.024752 -0.005000 0.035322
vn -2.326306 5.216289 0.303142
v -0.024760 -0.005000 0.036620
vn 2.923926 3.539593 -0.949386
v -0.021902 -0.005000 0.036620
vn -2.160010 5.216296 0.915381
v -0.024420 -0.005000 0.037873
vn 2.286075 3.542636 -2.054873
v -0.021485 -0.005000 0.037339
vn -1.835757 5.216296 1.460672
v -0.023756 -0.005000 0.038989
vn 1.270270 3.526890 -2.803143
v -0.020812 -0.005000 0.037828
vn -1.470281 5.289670 1.754760
v -0.022818 -0.005000 0.039886
vn -0.020178 3.517637 -3.078618
v -0.019998 -0.005000 0.038000
vn -1.251373 3.540465 -2.809664
v -0.019185 -0.005000 0.037826
vn -1.804567 3.554298 2.488381
v -0.001326 -0.005000 0.047381
vn 1.489399 5.283708 -1.740328
v 0.000433 -0.005000 0.045521
vn 1.029937 5.281822 -2.047862
v -0.000524 -0.005000 0.044901
vn -0.638313 3.551241 3.007228
v -0.002086 -0.005000 0.047043
vn 0.477162 5.285843 -2.239159
v -0.001606 -0.005000 0.044538
vn 0.640457 3.545959 3.007501
v -0.002918 -0.005000 0.047044
vn 1.808926 3.541558 2.487298
v -0.003677 -0.005000 0.047383
vn 0.923446 -2.628029 -3.857853
v -0.018544 0.004866 0.041997
vn 0.024274 -1.517268 -4.509923
v -0.018247 0.004500 0.042212
vn 0.923441 2.627979 -3.857852
v -0.008829 -0.004866 0.049042
vn 0.024278 1.517263 -4.509921
v -0.008533 -0.004500 0.049257
vn -0.501870 0.406551 -4.568076
v -0.008424 -0.004000 0.049336
vn -0.575742 -1.517335 -3.693944
v -0.006234 0.004650 0.050924
vn 0.328894 -2.634502 -3.038792
v -0.006441 0.004906 0.050774
vn 0.024276 -1.517268 -4.509920
v -0.008533 0.001500 0.049257
vn -0.575742 1.517335 -3.693944
v -0.006234 -0.004650 0.050924
vn 0.328899 2.634495 -3.038788
v -0.006441 -0.004906 0.050774
vn -0.501870 -0.406549 -4.568074
v -0.008424 0.001000 0.049336
vn 0.308661 -2.628016 -3.010113
v -0.017734 0.002134 0.042584
vn -0.590499 -1.517275 -3.662166
v -0.018030 0.002500 0.042369
vn 1.361526 -3.088074 -2.569968
v -0.017329 0.002000 0.042878
vn 1.668915 -3.088071 -2.993843
v -0.009234 0.002000 0.048749
vn 0.923437 -2.627990 -3.857852
v -0.008829 0.001866 0.049042
vn -0.156766 2.323707 -5.444276
v -0.004745 0.009650 0.044545
vn -0.156765 -2.323711 -5.444271
v -0.004745 0.005200 0.044545
vn 1.028387 2.323710 -5.348561
v -0.005833 0.009650 0.044457
vn 1.028391 -2.323700 -5.348569
v -0.005833 0.005200 0.044457
vn 2.164526 2.323709 -4.997951
v -0.006876 0.009650 0.044135
vn 2.164528 -2.323699 -4.997959
v -0.006876 0.005200 0.044135
vn 4.127496 2.329350 -3.558735
v -0.013788 0.009650 0.039104
vn 4.127497 -2.329349 -3.558737
v -0.013788 0.005200 0.039104
vn 4.834714 2.329346 -2.515235
v -0.014437 0.009650 0.038147
vn 4.834718 -2.329342 -2.515236
v -0.014437 0.005200 0.038147
vn 5.283265 2.329344 -1.337160
v -0.014849 0.009650 0.037066
vn 5.283266 -2.329343 -1.337160
v -0.014849 0.005200 0.037066
vn 4.127497 2.329348 -3.558736
v -0.013788 -0.005200 0.039104
vn 4.127494 -2.329350 -3.558738
v -0.013788 -0.009650 0.039104
vn 4.834718 2.329342 -2.515238
v -0.014437 -0.005200 0.038147
vn 4.834714 -2.329347 -2.515234
v -0.014437 -0.009650 0.038147
vn 5.283266 2.329342 -1.337159
v -0.014849 -0.005200 0.037066
vn 5.283265 -2.329345 -1.337160
v -0.014849 -0.009650 0.037066
vn -0.156763 2.323710 -5.444273
v -0.004745 -0.005200 0.044545
vn -0.156765 -2.323707 -5.444276
v -0.004745 -0.009650 0.044545
vn 1.028389 2.323699 -5.348570
v -0.005833 -0.005200 0.044457
vn 1.028387 -2.323709 -5.348561
v -0.005833 -0.009650 0.044457
vn 2.164529 2.323699 -4.997959
v -0.006876 -0.005200 0.044135
vn 2.164524 -2.323709 -4.997951
v -0.006876 -0.009650 0.044135
vn 5.767387 0.001267 1.439634
v -0.021929 -0.007500 0.036530
vn 5.716240 0.534747 1.271843
v -0.021922 -0.007717 0.036553
vn -1.986536 -1.493875 -4.962443
v -0.020111 -0.006875 0.037997
vn -2.321624 -1.002675 -5.065374
v -0.019998 -0.007075 0.038000
vn -2.956316 -0.551733 -5.053739
v -0.019929 -0.007282 0.037999
vn -3.159939 0.000145 -5.035033
v -0.019905 -0.007500 0.037998
vn 5.715690 -0.545565 1.259727
v -0.021922 -0.007283 0.036553
vn 5.614003 -1.015120 1.020284
v -0.021907 -0.007119 0.036602
vn 5.318315 -1.499824 0.382657
v -0.021864 -0.006875 0.036726
vn 4.854608 -2.198535 -0.162630
v -0.021769 -0.006617 0.036933
vn 4.147172 -2.871759 -0.840498
v -0.021621 -0.006417 0.037171
vn 3.377730 -3.200154 -1.587643
v -0.021485 -0.006321 0.037339
vn 1.938669 -3.447648 -2.875220
v -0.021174 -0.006250 0.037619
vn 0.665911 -3.156341 -3.652930
v -0.020812 -0.006321 0.037828
vn -0.521126 -2.741147 -4.272733
v -0.020610 -0.006417 0.037905
vn -1.324386 -2.206729 -4.686016
v -0.020337 -0.006617 0.037971
vn 0.575018 3.111514 -3.673553
v -0.020812 -0.008679 0.037828
vn 2.023447 3.300844 -2.798405
v -0.021174 -0.008750 0.037619
vn 3.311066 3.110924 -1.679039
v -0.021485 -0.008679 0.037339
vn 4.174681 2.768187 -0.810329
v -0.021621 -0.008583 0.037171
vn 4.855484 2.209407 -0.159996
v -0.021769 -0.008383 0.036933
vn 5.293579 1.533353 0.373245
v -0.021864 -0.008125 0.036726
vn 5.504385 1.002491 0.683450
v -0.021902 -0.007925 0.036620
vn -1.354480 2.209720 -4.666910
v -0.020337 -0.008383 0.037971
vn -0.526620 2.768310 -4.219707
v -0.020610 -0.008583 0.037905
vn -2.989267 0.522693 -5.038405
v -0.019929 -0.007717 0.037999
vn -2.450176 0.950261 -5.042574
v -0.019980 -0.007881 0.038000
vn -2.017002 1.503799 -4.931958
v -0.020111 -0.008125 0.037997
vn 5.767387 -0.000629 1.439634
v -0.021929 0.007500 0.036530
vn 5.714116 0.541721 1.255933
v -0.021922 0.007283 0.036553
vn -1.986360 -1.494748 -4.962419
v -0.020111 0.008125 0.037997
vn -2.321623 -1.002674 -5.065375
v -0.019998 0.007925 0.038000
vn -2.972129 -0.544755 -5.050812
v -0.019929 0.007718 0.037999
vn -3.159940 -0.001756 -5.035032
v -0.019905 0.007500 0.037998
vn 5.718172 -0.522733 1.275416
v -0.021922 0.007717 0.036553
vn 5.554721 -0.950875 0.761026
v -0.021907 0.007881 0.036602
vn 5.318138 -1.500569 0.382213
v -0.021864 0.008125 0.036726
vn 4.854989 -2.209979 -0.160558
v -0.021769 0.008383 0.036933
vn 4.174205 -2.768455 -0.810534
v -0.021621 0.008583 0.037171
vn 3.311069 -3.110930 -1.679091
v -0.021485 0.008679 0.037339
vn 2.022273 -3.296757 -2.834428
v -0.021174 0.008750 0.037619
vn 0.604114 -3.114022 -3.686091
v -0.020812 0.008679 0.037828
vn -0.527526 -2.742837 -4.273234
v -0.020610 0.008583 0.037905
vn -1.326473 -2.218150 -4.685736
v -0.020337 0.008383 0.037971
vn 0.467379 3.200742 -3.708505
v -0.020812 0.006321 0.037828
vn 2.023445 3.300845 -2.798403
v -0.021174 0.006250 0.037619
vn 3.297222 3.091245 -1.696439
v -0.021485 0.006321 0.037339
vn 4.172215 2.766495 -0.816260
v -0.021621 0.006417 0.037171
vn 4.855102 2.197984 -0.162064
v -0.021769 0.006617 0.036933
vn 5.293656 1.532480 0.373404
v -0.021864 0.006875 0.036726
vn 5.504384 1.002491 0.683452
v -0.021902 0.007075 0.036620
vn -1.352393 2.198285 -4.667191
v -0.020337 0.006617 0.037971
vn -0.489746 2.871624 -4.203321
v -0.020610 0.006417 0.037905
vn -2.973582 0.545540 -5.040921
v -0.019929 0.007283 0.037999
vn -2.715006 1.014526 -5.018380
v -0.019980 0.007119 0.038000
vn -2.017480 1.503052 -4.931990
v -0.020111 0.006875 0.037997
vn -2.012574 0.393537 -5.028423
v 0.001744 -0.003500 0.047748
vn -2.015765 -0.379255 -5.019239
v 0.001744 0.003500 0.047748
vn 1.490255 -0.200605 -5.654188
v -0.004822 0.004300 0.049478
vn 1.714471 -0.759925 -5.573493
v -0.004878 0.004646 0.049437
vn 1.932356 -1.410404 -5.342432
v -0.005038 0.004939 0.049321
vn 1.986332 1.382647 -5.352923
v -0.005038 -0.004939 0.049321
vn 1.490244 0.200595 -5.654185
v -0.004822 -0.004300 0.049478
vn 1.735395 0.770783 -5.570607
v -0.004878 -0.004646 0.049437
vn 2.151721 0.000000 -2.967100
v -0.004540 0.000000 0.049682
vn -2.811810 1.751477 -4.930700
v -0.005145 -0.004569 0.049491
vn -2.462014 2.982154 -4.526125
v -0.005177 -0.004650 0.049467
vn -1.801827 3.850899 -4.162128
v -0.005269 -0.004797 0.049401
vn -0.087510 5.188203 -2.913980
v -0.005455 -0.004949 0.049266
vn -0.990170 4.715961 -3.482088
v -0.005384 -0.004906 0.049317
vn -0.024002 -5.178555 -2.909634
v -0.005455 0.004949 0.049266
vn -0.963319 -4.662911 -3.526500
v -0.005384 0.004906 0.049317
vn -1.731845 -3.842555 -4.174210
v -0.005269 0.004797 0.049401
vn -2.811829 -1.751463 -4.930699
v -0.005145 0.004569 0.049491
vn -2.415614 -2.905057 -4.569016
v -0.005177 0.004650 0.049467
vn -1.259715 3.251601 -3.634328
v -0.002077 -0.004972 0.050954
vn -0.597130 4.491035 -3.473196
v 0.001594 -0.004573 0.047185
vn -0.075044 4.948569 -2.969681
v 0.001499 -0.004752 0.046938
vn -4.282487 3.031651 -1.111954
v -0.000509 -0.004907 0.049184
vn 0.594636 5.280192 -2.420625
v 0.001377 -0.004886 0.046677
vn -3.826191 3.237952 -0.124867
v -0.000511 -0.004973 0.048789
vn -3.913525 2.669333 -3.222896
v -0.001013 -0.004777 0.050337
vn -4.272210 2.673960 -2.717368
v -0.000766 -0.004777 0.049996
vn -4.328096 2.876188 -1.948455
v -0.000598 -0.004826 0.049616
vn -3.249400 2.811268 -3.589915
v -0.001324 -0.004827 0.050617
vn -2.639537 2.833999 -3.778697
v -0.001685 -0.004903 0.050826
vn -2.011030 3.047127 -3.581769
v -0.001706 -0.004907 0.050835
vn 1.229819 5.395824 -1.950917
v 0.001226 -0.004971 0.046411
vn -1.961192 1.496260 -4.955215
v 0.001736 -0.003809 0.047705
vn -1.634139 2.791768 -4.548090
v 0.001709 -0.004098 0.047584
vn -1.176190 3.714926 -4.048565
v 0.001663 -0.004355 0.047404
vn -3.910334 -2.675486 -3.225436
v -0.001013 0.004777 0.050337
vn -4.271905 -2.673982 -2.717884
v -0.000766 0.004777 0.049996
vn -0.622721 -4.450638 -3.481543
v 0.001594 0.004574 0.047185
vn -4.322207 -2.876081 -1.958368
v -0.000598 0.004826 0.049616
vn -0.047045 -4.934275 -2.952518
v 0.001499 0.004752 0.046938
vn -4.178547 -3.079811 -1.085879
v -0.000509 0.004907 0.049184
vn 0.580692 -5.246143 -2.421918
v 0.001377 0.004886 0.046677
vn -3.819179 -3.240002 -0.140326
v -0.000511 0.004973 0.048789
vn 1.252094 -5.389284 -1.910184
v 0.001226 0.004971 0.046411
vn -1.269779 -3.224270 -3.649181
v -0.002077 0.004972 0.050954
vn -2.508598 -2.935436 -3.833719
v -0.001685 0.004903 0.050826
vn -3.252744 -2.821479 -3.586683
v -0.001324 0.004826 0.050617
vn -1.953489 -1.489977 -4.948041
v 0.001736 0.003808 0.047705
vn -1.623574 -2.768466 -4.543712
v 0.001709 0.004097 0.047585
vn -1.162333 -3.724246 -4.031714
v 0.001663 0.004354 0.047405
vn 4.105568 2.021363 -3.928967
v -0.003985 0.009650 0.050339
vn 4.739561 2.286478 -2.746116
v -0.004205 0.009650 0.050046
vn 3.288229 2.268378 -4.388050
v -0.003674 0.009650 0.050619
vn 2.274758 2.224782 -5.040103
v -0.003312 0.009650 0.050827
vn 1.202084 2.330811 -5.308986
v -0.002965 0.009650 0.050945
vn 0.115245 2.218225 -5.525300
v -0.002498 0.009650 0.051000
vn -0.998046 2.314850 -5.352494
v -0.002186 0.009650 0.050975
vn -2.072352 2.229132 -5.114767
v -0.001685 0.009650 0.050826
vn -3.029871 2.323663 -4.523683
v -0.001454 0.009650 0.050704
vn -3.908341 2.240136 -3.880807
v -0.001013 0.009650 0.050337
vn -4.571061 2.311131 -2.960747
v -0.000881 0.009650 0.050174
vn -5.113303 2.258439 -2.009132
v -0.000598 0.009650 0.049616
vn -5.368247 2.326706 -0.916467
v -0.000555 0.009650 0.049465
vn -5.475488 2.281145 0.167923
v -0.000511 0.009650 0.048789
vn -5.294734 2.324005 1.279535
v -0.000525 0.009650 0.048685
vn -4.950997 2.290196 2.307626
v -0.000769 0.009650 0.047998
vn -4.356764 2.314403 3.272866
v -0.000796 0.009650 0.047953
vn -3.214115 2.393606 4.432049
v -0.001326 0.009650 0.047381
vn -1.757263 2.314401 5.158016
v -0.002035 0.009650 0.047054
vn -0.642605 2.280397 5.432607
v -0.002086 0.009650 0.047043
vn 0.411139 2.308531 5.438546
v -0.002815 0.009650 0.047025
vn 1.581457 2.248069 5.266330
v -0.002918 0.009650 0.047044
vn 2.517343 2.302518 4.843916
v -0.003547 0.009650 0.047295
vn 3.567132 2.210510 4.226259
v -0.003677 0.009650 0.047383
vn 4.222008 2.296347 3.468235
v -0.004119 0.009650 0.047825
vn 4.984997 2.167861 2.474412
v -0.004233 0.009650 0.048001
vn 5.249919 2.290020 1.531595
v -0.004445 0.009650 0.048534
vn 5.595253 2.120288 0.291173
v -0.004489 0.009650 0.048792
vn 5.434295 2.283527 -0.655185
v -0.004475 0.009650 0.049314
vn 5.287685 2.067960 -1.969025
v -0.004402 0.009650 0.049619
vn 2.458956 -2.021358 -5.123089
v -0.003312 -0.009650 0.050827
vn 1.137663 -2.286481 -5.358204
v -0.002965 -0.009650 0.050945
vn 4.672758 -2.330812 -2.792060
v -0.004205 -0.009650 0.050046
vn 4.083919 -2.224782 -3.728103
v -0.003985 -0.009650 0.050339
vn 3.149260 -2.268378 -4.488831
v -0.003674 -0.009650 0.050619
vn 5.216159 -2.218975 -1.825754
v -0.004402 -0.009650 0.049619
vn 5.397658 -2.320777 -0.712336
v -0.004475 -0.009650 0.049314
vn 5.506025 -2.227719 0.374918
v -0.004489 -0.009650 0.048792
vn 5.240593 -2.320072 1.477825
v -0.004445 -0.009650 0.048534
vn 4.903056 -2.240124 2.509153
v -0.004233 -0.009650 0.048001
vn 4.231247 -2.319078 3.428159
v -0.004119 -0.009650 0.047825
vn 3.507066 -2.255366 4.229208
v -0.003677 -0.009650 0.047383
vn 2.533461 -2.317801 4.821573
v -0.003547 -0.009650 0.047295
vn 1.547297 -2.272438 5.255654
v -0.002918 -0.009650 0.047044
vn 0.422959 -2.316239 5.431339
v -0.002815 -0.009650 0.047025
vn -0.655157 -2.290188 5.422946
v -0.002086 -0.009650 0.047043
vn -1.757266 -2.314400 5.158016
v -0.002035 -0.009650 0.047054
vn -3.214113 -2.393604 4.432052
v -0.001326 -0.009650 0.047381
vn -4.356764 -2.314403 3.272865
v -0.000796 -0.009650 0.047953
vn -4.961773 -2.270352 2.305092
v -0.000769 -0.009650 0.047998
vn -5.299393 -2.297645 1.292449
v -0.000525 -0.009650 0.048685
vn -5.129165 -2.213570 -2.067135
v -0.000598 -0.009650 0.049616
vn -5.384478 -2.311423 -0.894203
v -0.000555 -0.009650 0.049465
vn -5.497044 -2.248070 0.132986
v -0.000511 -0.009650 0.048789
vn -2.003757 -2.135768 -5.231203
v -0.001685 -0.009650 0.050826
vn -1.077187 -2.301692 -5.365356
v -0.002186 -0.009650 0.050975
vn 0.228708 -2.067984 -5.637746
v -0.002498 -0.009650 0.051000
vn -3.084283 -2.283565 -4.516421
v -0.001454 -0.009650 0.050704
vn -3.903366 -2.162844 -3.967328
v -0.001013 -0.009650 0.050337
vn -4.606279 -2.288391 -2.939520
v -0.000881 -0.009650 0.050174
vn -1.025038 2.357059 -5.344331
v -0.019686 0.009650 0.037975
vn -2.045035 2.255913 -5.123265
v -0.019185 0.009650 0.037826
vn 5.280185 2.079149 -1.985177
v -0.021902 0.009650 0.036620
vn 5.434628 2.321497 -0.630411
v -0.021975 0.009650 0.036315
vn 5.594339 2.148419 0.268364
v -0.021989 0.009650 0.035793
vn 4.752801 2.309592 -2.720318
v -0.021705 0.009650 0.037046
vn 4.101341 2.011051 -3.934674
v -0.021485 0.009650 0.037339
vn 3.288220 2.268368 -4.388072
v -0.021174 0.009650 0.037619
vn 0.133862 2.227987 -5.523265
v -0.019998 0.009650 0.038000
vn 1.173472 2.353926 -5.313550
v -0.020465 0.009650 0.037945
vn 2.281505 2.214458 -5.037853
v -0.020812 0.009650 0.037828
vn -4.951051 2.290161 2.307491
v -0.018269 0.009650 0.034998
vn -4.356873 2.314419 3.272758
v -0.018296 0.009650 0.034953
vn -5.293965 2.316243 1.285442
v -0.018025 0.009650 0.035685
vn -5.476285 2.272436 0.162141
v -0.018011 0.009650 0.035789
vn -5.370080 2.317801 -0.910037
v -0.018055 0.009650 0.036465
vn -5.109535 2.255372 -2.019493
v -0.018098 0.009650 0.036616
vn -4.573119 2.319082 -2.956737
v -0.018381 0.009650 0.037174
vn -3.908316 2.240127 -3.880830
v -0.018513 0.009650 0.037337
vn -3.032902 2.320077 -4.522082
v -0.018954 0.009650 0.037704
vn 5.249910 2.290024 1.531607
v -0.021945 0.009650 0.035535
vn 4.222013 2.296356 3.468228
v -0.021619 0.009650 0.034826
vn 4.984997 2.167864 2.474399
v -0.021733 0.009650 0.035001
vn 2.517334 2.302530 4.843907
v -0.021047 0.009650 0.034296
vn 3.567114 2.210522 4.226261
v -0.021177 0.009650 0.034383
vn 0.411218 2.308550 5.438548
v -0.020315 0.009650 0.034025
vn 1.581537 2.248063 5.266290
v -0.020418 0.009650 0.034044
vn -3.214110 2.393591 4.432069
v -0.018826 0.009650 0.034381
vn -1.757259 2.314396 5.158019
v -0.019535 0.009650 0.034055
vn -0.642622 2.280396 5.432602
v -0.019586 0.009650 0.034043
vn 0.246407 -2.079149 -5.635654
v -0.019998 -0.009650 0.038000
vn -1.089313 -2.321522 -5.361526
v -0.019686 -0.009650 0.037975
vn -1.993204 -2.148437 -5.234087
v -0.019185 -0.009650 0.037826
vn 1.109047 -2.309593 -5.362772
v -0.020465 -0.009650 0.037945
vn 2.465681 -2.011062 -5.120831
v -0.020812 -0.009650 0.037828
vn 3.149260 -2.268371 -4.488843
v -0.021174 -0.009650 0.037619
vn 5.208324 -2.227982 -1.843285
v -0.021902 -0.009650 0.036620
vn 4.685998 -2.353925 -2.766262
v -0.021705 -0.009650 0.037046
vn 4.079692 -2.214461 -3.733820
v -0.021485 -0.009650 0.037339
vn 5.505105 -2.255874 0.352095
v -0.021989 -0.009650 0.035793
vn 5.398312 -2.356972 -0.686195
v -0.021975 -0.009650 0.036315
vn -4.356874 -2.314419 3.272757
v -0.018296 -0.009650 0.034953
vn -4.964129 -2.280373 2.298565
v -0.018269 -0.009650 0.034998
vn -5.297141 -2.308537 1.298912
v -0.018025 -0.009650 0.035685
vn -5.497047 -2.248066 0.132987
v -0.018011 -0.009650 0.035789
vn -5.386309 -2.302519 -0.887774
v -0.018055 -0.009650 0.036465
vn -5.125394 -2.210514 -2.077504
v -0.018098 -0.009650 0.036616
vn -4.608343 -2.296352 -2.935502
v -0.018381 -0.009650 0.037174
vn -3.086910 -2.290024 -4.514241
v -0.018954 -0.009650 0.037704
vn -3.900753 -2.167861 -3.969513
v -0.018513 -0.009650 0.037337
vn 5.240583 -2.320076 1.477838
v -0.021945 -0.009650 0.035535
vn 4.903056 -2.240126 2.509139
v -0.021733 -0.009650 0.035001
vn 4.231253 -2.319085 3.428154
v -0.021619 -0.009650 0.034826
vn 3.507051 -2.255376 4.229209
v -0.021177 -0.009650 0.034383
vn 2.533452 -2.317812 4.821564
v -0.021047 -0.009650 0.034296
vn 1.547377 -2.272431 5.255614
v -0.020418 -0.009650 0.034044
vn 0.423038 -2.316257 5.431342
v -0.020315 -0.009650 0.034025
vn -0.655173 -2.290186 5.422942
v -0.019586 -0.009650 0.034043
vn -1.757257 -2.314397 5.158018
v -0.019535 -0.009650 0.034055
vn -3.214111 -2.393593 4.432067
v -0.018826 -0.009650 0.034381
vn -1.755780 -5.162233 1.288872
v -0.017799 0.002000 0.043526
vn -1.961396 -5.417957 1.455677
v -0.009704 0.002000 0.049396
vn -5.753848 -0.733227 -1.294599
v -0.008894 0.001000 0.049983
vn -5.753850 0.733230 -1.294599
v -0.008894 -0.004000 0.049983
vn -3.139433 -4.296710 0.103520
v -0.018204 0.002134 0.043232
vn -4.609561 -2.480720 -0.962603
v -0.018500 0.002500 0.043017
vn -5.268408 -2.736446 -0.808601
v -0.018717 0.004500 0.042860
vn -3.646727 -4.739666 0.367443
v -0.019013 0.004866 0.042645
vn -3.646725 -4.739670 0.367433
v -0.009299 0.001866 0.049690
vn -5.268409 -2.736449 -0.808594
v -0.009003 0.001500 0.049905
vn -5.268412 2.736447 -0.808591
v -0.009003 -0.004500 0.049905
vn -3.646730 4.739666 0.367435
v -0.009299 -0.004866 0.049690
vn -2.357484 1.883047 5.126503
v 0.000150 0.009523 0.012359
vn 3.576934 1.513853 2.649245
v 0.000800 0.009450 0.012397
vn 3.613058 -0.000000 3.046494
v 0.000800 0.010000 0.012250
vn -2.298953 3.105789 4.505333
v 0.000150 0.009450 0.012397
vn -2.362611 4.058291 3.667056
v 0.000150 0.009140 0.012664
vn 3.540421 2.644569 1.533884
v 0.000800 0.009047 0.012800
vn -2.276516 4.874738 2.528683
v 0.000150 0.009047 0.012800
vn -2.359134 5.308095 1.357155
v 0.000150 0.008928 0.013105
vn 3.528412 3.059118 0.000018
v 0.000800 0.008900 0.013350
vn -2.315107 5.458674 -0.000012
v 0.000150 0.008900 0.013350
vn -2.388131 5.293728 -1.317481
v 0.000150 0.008928 0.013594
vn 3.540432 2.644572 -1.533846
v 0.000800 0.009047 0.013900
vn -2.315405 4.828235 -2.545831
v 0.000150 0.009047 0.013900
vn -2.377518 4.060883 -3.645757
v 0.000150 0.009140 0.014035
vn 3.576958 1.513852 -2.649208
v 0.000800 0.009450 0.014302
vn -2.316270 3.082562 -4.503270
v 0.000150 0.009450 0.014302
vn -2.357438 1.883042 -5.126529
v 0.000150 0.009523 0.014341
vn 3.613081 0.000000 -3.046458
v 0.000800 0.010000 0.014450
vn -2.413632 0.000000 -5.476497
v 0.000150 0.010000 0.014450
vn -2.357438 -1.883042 -5.126528
v 0.000150 0.010477 0.014341
vn 3.576957 -1.513850 -2.649209
v 0.000800 0.010550 0.014302
vn -2.298910 -3.105785 -4.505359
v 0.000150 0.010550 0.014302
vn -2.362580 -4.058295 -3.667077
v 0.000150 0.010860 0.014035
vn 3.540435 -2.644572 -1.533844
v 0.000800 0.010953 0.013900
vn -2.276491 -4.874746 -2.528692
v 0.000150 0.010953 0.013900
vn -2.359120 -5.308095 -1.357173
v 0.000150 0.011072 0.013594
vn 3.528410 -3.059119 0.000018
v 0.000800 0.011100 0.013350
vn -2.250115 -5.513711 0.056095
v 0.000150 0.011100 0.013350
vn -2.345874 -5.339026 1.274748
v 0.000150 0.011072 0.013105
vn 3.540424 -2.644569 1.533882
v 0.000800 0.010953 0.012800
vn -2.315432 -4.828236 2.545809
v 0.000150 0.010953 0.012800
vn -2.377551 -4.060874 3.645742
v 0.000150 0.010860 0.012664
vn 3.576932 -1.513851 2.649246
v 0.000800 0.010550 0.012397
vn -2.316312 -3.082558 4.503248
v 0.000150 0.010550 0.012397
vn -2.357485 -1.883047 5.126502
v 0.000150 0.010477 0.012359
vn -2.413684 0.000001 5.476472
v 0.000150 0.010000 0.012250
vn -2.357484 1.883047 5.126503
v 0.000150 -0.010477 0.012359
vn 3.576932 1.513852 2.649246
v 0.000800 -0.010550 0.012397
vn 3.613058 -0.000000 3.046494
v 0.000800 -0.010000 0.012250
vn -2.298953 3.105786 4.505336
v 0.000150 -0.010550 0.012397
vn -2.362612 4.058289 3.667059
v 0.000150 -0.010860 0.012664
vn 3.540424 2.644569 1.533882
v 0.000800 -0.010953 0.012800
vn -2.276517 4.874743 2.528677
v 0.000150 -0.010953 0.012800
vn -2.359133 5.308095 1.357149
v 0.000150 -0.011072 0.013105
vn 3.528410 3.059119 0.000018
v 0.000800 -0.011100 0.013350
vn -2.315108 5.458674 -0.000012
v 0.000150 -0.011100 0.013350
vn -2.388130 5.293729 -1.317474
v 0.000150 -0.011072 0.013594
vn 3.540435 2.644572 -1.533844
v 0.000800 -0.010953 0.013900
vn -2.315407 4.828238 -2.545825
v 0.000150 -0.010953 0.013900
vn -2.377519 4.060880 -3.645761
v 0.000150 -0.010860 0.014035
vn 3.576957 1.513850 -2.649209
v 0.000800 -0.010550 0.014302
vn -2.316270 3.082558 -4.503272
v 0.000150 -0.010550 0.014302
vn -2.357438 1.883042 -5.126529
v 0.000150 -0.010477 0.014341
vn 3.613081 0.000000 -3.046458
v 0.000800 -0.010000 0.014450
vn -2.413632 0.000000 -5.476497
v 0.000150 -0.010000 0.014450
vn -2.357438 -1.883042 -5.126528
v 0.000150 -0.009523 0.014341
vn 3.576959 -1.513852 -2.649208
v 0.000800 -0.009450 0.014302
vn -2.298911 -3.105789 -4.505357
v 0.000150 -0.009450 0.014302
vn -2.362579 -4.058297 -3.667074
v 0.000150 -0.009140 0.014035
vn 3.540432 -2.644572 -1.533846
v 0.000800 -0.009047 0.013900
vn -2.276491 -4.874742 -2.528699
v 0.000150 -0.009047 0.013900
vn -2.359122 -5.308094 -1.357180
v 0.000150 -0.008928 0.013594
vn 3.528412 -3.059118 0.000018
v 0.000800 -0.008900 0.013350
vn -2.250114 -5.513712 0.056095
v 0.000150 -0.008900 0.013350
vn -2.345875 -5.339025 1.274755
v 0.000150 -0.008928 0.013105
vn 3.540421 -2.644570 1.533884
v 0.000800 -0.009047 0.012800
vn -2.315430 -4.828232 2.545815
v 0.000150 -0.009047 0.012800
vn -2.377550 -4.060877 3.645739
v 0.000150 -0.009140 0.012664
vn 3.576934 -1.513853 2.649245
v 0.000800 -0.009450 0.012397
vn -2.316313 -3.082562 4.503246
v 0.000150 -0.009450 0.012397
vn -2.357485 -1.883047 5.126502
v 0.000150 -0.009523 0.012359
vn -2.413684 0.000001 5.476472
v 0.000150 -0.010000 0.012250
vn 3.128152 -3.010694 0.205045
v 0.005000 -0.014000 0.026000
vn 3.128153 3.010693 0.205045
v 0.005000 -0.008750 0.026000
vn 3.008580 2.879793 0.806163
v 0.004829 -0.008750 0.027294
vn 3.008580 -2.879792 0.806163
v 0.004829 -0.014000 0.027294
vn 2.697415 2.879794 1.557372
v 0.004330 -0.008750 0.028500
vn 2.697415 -2.879794 1.557372
v 0.004330 -0.014000 0.028500
vn 2.202425 2.879793 2.202448
v 0.003535 -0.008750 0.029535
vn 2.202425 -2.879793 2.202448
v 0.003535 -0.014000 0.029535
vn 1.557344 2.879794 2.697431
v 0.002500 -0.008750 0.030330
vn 1.557344 -2.879794 2.697431
v 0.002500 -0.014000 0.030330
vn 0.806134 2.879794 3.008589
v 0.001294 -0.008750 0.030829
vn 0.806134 -2.879794 3.008588
v 0.001294 -0.014000 0.030829
vn 0.205014 3.010692 3.128155
v -0.000000 -0.008750 0.031000
vn 0.205014 -3.010692 3.128156
v -0.000000 -0.014000 0.031000
vn 2.681496 -1.110721 3.927003
v -0.001000 -0.013700 0.031000
vn 1.570788 4.712390 1.570804
v -0.001000 -0.008750 0.031000
vn 5.196339 -2.095167 0.581853
v -0.001000 -0.013700 0.032368
vn 3.101167 2.914233 0.354081
v -0.001000 -0.008750 0.032368
vn -2.037128 3.132833 -2.391552
v -0.003273 -0.008750 0.020971
vn -3.480274 -2.207890 -4.086647
v -0.003273 -0.013700 0.020971
vn -3.877166 -2.079362 -3.455005
v -0.004480 -0.013700 0.022008
vn -2.324748 2.875608 -2.071621
v -0.004480 -0.008750 0.022008
vn -4.648999 -2.079365 -2.314355
v -0.005371 -0.013700 0.023326
vn -2.787542 2.875607 -1.387688
v -0.005371 -0.008750 0.023326
vn -5.093868 -2.079362 -1.010933
v -0.005885 -0.013700 0.024832
vn -3.054283 2.875608 -0.606156
v -0.005885 -0.008750 0.024832
vn -5.180470 -2.079362 0.363589
v -0.005985 -0.013700 0.026420
vn -3.106210 2.875607 0.218008
v -0.005985 -0.008750 0.026420
vn -4.902722 -2.079360 1.712541
v -0.005665 -0.013700 0.027978
vn -2.939671 2.875607 1.026839
v -0.005665 -0.008750 0.027978
vn -4.280154 -2.079361 2.941047
v -0.004945 -0.013700 0.029398
vn -2.566380 2.875608 1.763452
v -0.004945 -0.008750 0.029398
vn -3.676505 -2.150403 3.802968
v -0.003878 -0.013700 0.030578
vn -2.180492 3.008600 2.251996
v -0.003878 -0.008750 0.030578
vn -1.570804 4.712389 1.570788
v -0.001000 -0.008750 0.020700
vn -1.570804 -4.712389 1.570788
v -0.001000 0.008750 0.020700
vn -6.271080 -0.124233 -0.194675
v -0.001000 0.008750 0.016780
vn -6.271078 0.124233 -0.194675
v -0.001000 -0.008750 0.016780
vn -5.190367 2.233529 -0.773923
v -0.001000 0.013593 0.007407
vn -4.797537 1.275985 -2.071743
v -0.001000 0.013375 0.007000
vn -5.556907 -0.854232 1.785752
v -0.001000 0.010976 0.011322
vn -5.408419 2.278932 -0.340553
v -0.001000 0.013700 0.016780
vn -5.560814 -1.543555 -1.231441
v -0.001000 0.011759 0.014752
vn -5.561564 -0.856218 -1.778445
v -0.001000 0.010976 0.015377
vn -5.561564 -0.856218 -1.778444
v -0.001000 -0.009024 0.015377
vn -5.562849 0.000000 -1.972497
v -0.001000 -0.010000 0.015600
vn -6.272595 -0.113455 0.189613
v -0.001000 -0.003600 0.008000
vn -5.554355 -1.934878 0.433167
v -0.001000 -0.007806 0.012849
vn -6.272595 0.113455 0.189613
v -0.001000 0.003600 0.008000
vn -5.560602 -1.925194 -0.439912
v -0.001000 -0.007806 0.013850
vn -5.560814 -1.543555 -1.231441
v -0.001000 -0.008241 0.014752
vn -5.548552 1.553574 -1.243124
v -0.001000 -0.011759 0.014752
vn -5.544362 1.944501 -0.444986
v -0.001000 -0.012194 0.013850
vn -5.408418 -2.278931 -0.340553
v -0.001000 -0.013700 0.016780
vn -5.552873 1.932638 0.450649
v -0.001000 -0.012194 0.012849
vn -5.264235 -2.300598 -0.214038
v -0.001000 -0.013700 0.008000
vn -5.560828 1.543556 1.231385
v -0.001000 -0.011759 0.011947
vn -5.168992 -2.236862 -0.811285
v -0.001000 -0.013593 0.007407
vn -5.561581 0.856216 1.778386
v -0.001000 -0.010976 0.011322
vn -4.759084 -1.325504 -2.054845
v -0.001000 -0.013375 0.007000
vn -5.562870 0.000000 1.972440
v -0.001000 -0.010000 0.011100
vn -5.009974 -2.974185 -0.174756
v -0.001000 -0.003699 0.007000
vn -5.556908 -0.854233 1.785751
v -0.001000 -0.009024 0.011322
vn -5.548565 -1.553576 1.243068
v -0.001000 -0.008241 0.011947
vn -5.264235 2.300598 -0.214038
v -0.001000 0.013700 0.008000
vn -5.562849 0.000000 -1.972496
v -0.001000 0.010000 0.015600
vn -5.556892 0.854234 -1.785810
v -0.001000 0.009024 0.015377
vn -5.548552 1.553574 -1.243124
v -0.001000 0.008241 0.014752
vn -5.544362 1.944501 -0.444987
v -0.001000 0.007806 0.013850
vn -5.552873 1.932638 0.450649
v -0.001000 0.007806 0.012849
vn -5.560829 1.543556 1.231386
v -0.001000 0.008241 0.011947
vn -5.010135 2.973647 -0.172957
v -0.001000 0.003699 0.007000
vn -5.561581 0.856216 1.778385
v -0.001000 0.009024 0.011322
vn -5.562869 0.000000 1.972440
v -0.001000 0.010000 0.011100
vn -5.556891 0.854233 -1.785811
v -0.001000 -0.010976 0.015377
vn -5.548566 -1.553575 1.243068
v -0.001000 0.011759 0.011947
vn -5.554355 -1.934879 0.433167
v -0.001000 0.012194 0.012849
vn -5.560603 -1.925194 -0.439912
v -0.001000 0.012194 0.013850
vn 3.128153 -3.010694 0.205045
v 0.005000 0.008750 0.026000
vn 3.128152 3.010693 0.205045
v 0.005000 0.014000 0.026000
vn 3.008580 2.879793 0.806163
v 0.004829 0.014000 0.027294
vn 3.008580 -2.879792 0.806163
v 0.004829 0.008750 0.027294
vn 2.697415 2.879794 1.557372
v 0.004330 0.014000 0.028500
vn 2.697415 -2.879794 1.557372
v 0.004330 0.008750 0.028500
vn 2.202425 2.879793 2.202448
v 0.003535 0.014000 0.029535
vn 2.202425 -2.879793 2.202448
v 0.003535 0.008750 0.029535
vn 1.557344 2.879794 2.697431
v 0.002500 0.014000 0.030330
vn 1.557344 -2.879794 2.697431
v 0.002500 0.008750 0.030330
vn 0.806134 2.879794 3.008589
v 0.001294 0.014000 0.030829
vn 0.806134 -2.879794 3.008588
v 0.001294 0.008750 0.030829
vn 0.205014 3.010692 3.128155
v -0.000000 0.014000 0.031000
vn 0.205014 -3.010692 3.128155
v -0.000000 0.008750 0.031000
vn 1.570805 1.570797 -1.570789
v 0.005000 -0.005250 0.006000
vn 2.956649 -0.298973 -3.112840
v 0.005000 -0.012000 0.006000
vn 1.570820 1.570797 -4.712381
v 0.003500 -0.005250 0.006000
vn -2.123552 -0.163541 -5.354854
v -0.000000 -0.012000 0.006000
vn -1.110707 -3.926988 -2.681523
v -0.000000 -0.003900 0.006000
vn 1.110740 -2.681518 -3.926985
v 0.003200 -0.003900 0.006000
vn 5.823113 -1.110721 -0.785369
v 0.003500 -0.003600 0.006000
vn -2.031542 -0.682376 -5.272262
v -0.000038 -0.012390 0.006038
vn 2.760300 -1.186592 -2.845142
v 0.005000 -0.012765 0.006152
vn -1.972623 -1.528389 -4.933174
v -0.000152 -0.012765 0.006152
vn 2.755513 -2.176370 -2.182295
v 0.005000 -0.013414 0.006585
vn -2.055652 -2.208872 -4.436798
v -0.000586 -0.013414 0.006585
vn -2.366351 -2.768373 -3.422193
v -0.000700 -0.013520 0.006700
vn 2.758466 -2.848588 -1.177818
v 0.005000 -0.013848 0.007234
vn -2.031697 -4.803324 -1.777855
v -0.000700 -0.013875 0.007303
vn 2.948552 -3.111854 -0.304203
v 0.005000 -0.014000 0.008000
vn -2.124532 -5.241317 -0.460417
v -0.000700 -0.014000 0.008000
vn -5.284234 -2.319391 0.975331
v -0.001129 -0.003600 0.006871
vn -5.284564 2.319057 0.975254
v -0.001129 0.003600 0.006871
vn -5.194930 -2.271594 1.545396
v -0.001134 -0.003600 0.006851
vn -5.195439 2.270338 1.547723
v -0.001134 0.003600 0.006851
vn -4.980406 -2.275496 2.127177
v -0.001522 -0.003600 0.005776
vn -4.982132 2.274344 2.125731
v -0.001522 0.003600 0.005776
vn -4.698266 -2.272974 2.699572
v -0.001528 -0.003600 0.005764
vn -4.698221 2.272159 2.701130
v -0.001528 0.003600 0.005764
vn -4.356288 -2.275442 3.217537
v -0.002157 -0.003600 0.004801
vn -4.357643 2.274674 3.216877
v -0.002157 0.003600 0.004801
vn -3.949393 -2.274343 3.708070
v -0.002161 -0.003600 0.004796
vn -3.949178 2.273947 3.708801
v -0.002161 0.003600 0.004796
vn -3.713916 -2.208204 3.873022
v -0.003000 -0.003600 0.004000
vn -3.714648 2.207820 3.872852
v -0.003000 0.003600 0.004000
vn 1.570788 -1.570796 1.570804
v 0.005000 0.005000 0.020700
vn 4.712380 -1.570797 1.570819
v 0.005000 0.008750 0.020700
vn 0.406517 -0.261797 6.229665
v 0.002500 0.005000 0.020700
vn 0.406517 0.261798 6.229665
v 0.002500 -0.005000 0.020700
vn 1.570788 1.570796 1.570804
v 0.005000 -0.005000 0.020700
vn 4.712380 1.570796 1.570819
v 0.005000 -0.008750 0.020700
vn 5.536844 0.807860 -1.836246
v 0.003500 -0.011037 0.015679
vn 5.550903 -0.000001 -1.990383
v 0.003500 -0.010000 0.015900
vn 2.913622 0.379712 -3.094792
v 0.003500 -0.012000 0.020200
vn 5.823112 1.110721 -0.785369
v 0.003500 0.003600 0.006000
vn 1.570820 -1.570796 -4.712381
v 0.003500 0.005250 0.006000
vn 4.712382 -1.570796 1.570820
v 0.003500 0.005250 0.006500
vn 6.229660 -0.261799 0.406584
v 0.003500 0.005000 0.019700
vn 5.536843 0.807860 -1.836246
v 0.003500 0.008963 0.015679
vn 5.550903 -0.000001 -1.990383
v 0.003500 0.010000 0.015900
vn 4.712382 1.570796 1.570820
v 0.003500 -0.005250 0.006500
vn 5.493693 -2.052000 0.193106
v 0.003500 -0.007464 0.013083
vn 5.488251 -1.800189 1.018439
v 0.003500 -0.007792 0.012075
vn 5.261533 -2.138498 -0.400123
v 0.003500 -0.003600 -0.001415
vn 5.261532 2.138497 -0.400123
v 0.003500 0.003600 -0.001415
vn 2.710213 2.646210 1.517712
v 0.003500 -0.013299 0.007250
vn 2.710206 1.517697 2.646224
v 0.003500 -0.012750 0.006701
vn 2.913588 0.379714 3.094820
v 0.003500 -0.012000 0.006500
vn 5.532462 -0.802580 -1.845205
v 0.003500 0.011037 0.015679
vn 5.514676 -1.496738 -1.377669
v 0.003500 0.011895 0.015056
vn 2.913604 -3.094805 -0.379700
v 0.003500 0.013500 0.018700
vn 5.532461 -0.802581 -1.845205
v 0.003500 -0.008963 0.015679
vn 5.514675 -1.496740 -1.377670
v 0.003500 -0.008105 0.015056
vn 5.502150 -1.942211 -0.656300
v 0.003500 -0.007575 0.014138
vn 5.515180 0.472845 1.979817
v 0.003500 -0.010530 0.010855
vn 5.518456 1.218077 1.621792
v 0.003500 -0.011499 0.011287
vn 2.913600 3.094805 0.379730
v 0.003500 -0.013500 0.008000
vn 5.517343 1.772747 0.987327
v 0.003500 -0.012208 0.012075
vn 5.517954 2.019723 0.183539
v 0.003500 -0.012536 0.013083
vn 2.913604 3.094804 -0.379700
v 0.003500 -0.013500 0.018700
vn 5.520924 1.917758 -0.648155
v 0.003500 -0.012425 0.014138
vn 5.526989 1.487627 -1.362451
v 0.003500 -0.011895 0.015056
vn 2.710232 2.646211 -1.517683
v 0.003500 -0.013299 0.019450
vn 2.710233 1.517696 -2.646196
v 0.003500 -0.012750 0.019999
vn 1.570805 -4.712388 -1.570789
v 0.003500 0.005000 0.020200
vn 2.913622 -0.379712 -3.094791
v 0.003500 0.012000 0.020200
vn 2.710234 -1.517695 -2.646196
v 0.003500 0.012750 0.019999
vn 2.710231 -2.646211 -1.517683
v 0.003500 0.013299 0.019450
vn 2.913588 -0.379714 3.094820
v 0.003500 0.012000 0.006500
vn 5.483546 -0.435310 2.028561
v 0.003500 0.010530 0.010855
vn 5.515181 0.472845 1.979817
v 0.003500 0.009470 0.010855
vn 5.483546 -0.435310 2.028561
v 0.003500 -0.009470 0.010855
vn 5.485034 -1.227733 1.669937
v 0.003500 -0.008501 0.011287
vn 5.502151 -1.942210 -0.656299
v 0.003500 0.012425 0.014138
vn 5.493695 -2.051999 0.193107
v 0.003500 0.012536 0.013083
vn 2.913600 -3.094805 0.379730
v 0.003500 0.013500 0.008000
vn 5.518456 1.218077 1.621792
v 0.003500 0.008501 0.011287
vn 5.517344 1.772746 0.987325
v 0.003500 0.007792 0.012075
vn 5.517954 2.019723 0.183538
v 0.003500 0.007464 0.013083
vn 5.520923 1.917759 -0.648155
v 0.003500 0.007575 0.014138
vn 5.488249 -1.800190 1.018440
v 0.003500 0.012208 0.012075
vn 5.485034 -1.227733 1.669937
v 0.003500 0.011499 0.011287
vn 2.710213 -2.646210 1.517712
v 0.003500 0.013299 0.007250
vn 2.710207 -1.517697 2.646223
v 0.003500 0.012750 0.006701
vn 1.570805 4.712389 -1.570788
v 0.003500 -0.005000 0.020200
vn 6.229660 0.261799 0.406584
v 0.003500 -0.005000 0.019700
vn 5.526988 1.487629 -1.362451
v 0.003500 0.008105 0.015056
vn -3.918227 2.155065 3.557023
v -0.003904 0.003600 0.003124
vn -3.350053 -2.696816 -1.061751
v -0.004961 0.001083 0.000625
vn -3.314904 -2.205673 -1.401572
v -0.004928 0.000919 0.000847
vn -5.130778 2.109686 0.872711
v -0.004931 0.003600 0.000825
vn -3.332027 2.166904 1.510752
v -0.004921 -0.000884 -0.000884
vn -3.308356 1.572617 1.910084
v -0.004881 -0.000625 -0.001083
vn -4.282513 -1.922966 -2.344231
v -0.004723 -0.003600 -0.001641
vn -5.190302 -2.105070 -0.460797
v -0.004981 -0.003600 -0.000440
vn -3.384326 2.863514 0.541063
v -0.004983 -0.001181 -0.000410
vn -3.327661 2.554306 1.072601
v -0.004961 -0.001083 -0.000625
vn -3.289766 0.826182 2.165298
v -0.004852 -0.000325 -0.001208
vn -3.269968 0.000519 2.204841
v -0.004841 0.000000 -0.001250
vn -4.279736 1.932290 -2.346198
v -0.004723 0.003600 -0.001641
vn -3.289845 -0.824971 2.165489
v -0.004852 0.000324 -0.001208
vn -3.308762 -1.572230 1.910134
v -0.004881 0.000625 -0.001083
vn -3.332025 -2.167045 1.510635
v -0.004921 0.000884 -0.000884
vn -3.326954 -2.618335 1.053203
v -0.004961 0.001083 -0.000625
vn -5.188071 2.121468 -0.456185
v -0.004981 0.003600 -0.000440
vn -3.340945 2.266757 -1.517941
v -0.004928 -0.000919 0.000847
vn -3.350121 2.696849 -1.061644
v -0.004961 -0.001083 0.000625
vn -5.132942 -2.121822 0.865786
v -0.004931 -0.003600 0.000825
vn -3.391576 2.927424 -0.548803
v -0.004990 -0.001207 0.000323
vn -3.436203 3.006017 0.054255
v -0.005000 -0.001250 -0.000000
vn -4.931435 2.037650 1.901788
v -0.004566 0.003600 0.002037
vn -4.702907 2.094821 2.413328
v -0.004560 0.003600 0.002050
vn -3.304160 -1.551962 -1.814113
v -0.004881 0.000625 0.001082
vn -3.257607 -0.804519 -2.057040
v -0.004852 0.000324 0.001207
vn -3.303787 1.579115 -1.810088
v -0.004881 -0.000625 0.001082
vn -4.695371 -2.114878 2.432407
v -0.004560 -0.003600 0.002050
vn -3.257659 0.804489 -2.057039
v -0.004852 -0.000324 0.001207
vn -3.226429 0.000000 1.107373
v -0.004841 0.000000 0.001250
vn -4.940191 -2.098808 1.890481
v -0.004566 -0.003600 0.002037
vn -3.394736 -2.929952 0.621105
v -0.004983 0.001181 -0.000410
vn -3.436135 -3.002397 0.056922
v -0.005000 0.001250 -0.000000
vn -3.391600 -2.924309 -0.550796
v -0.004989 0.001207 0.000324
vn -4.333387 2.154296 3.040392
v -0.003908 0.003600 0.003118
vn -4.333419 -2.154296 3.040417
v -0.003908 -0.003600 0.003118
vn -3.918196 -2.155065 3.556998
v -0.003904 -0.003600 0.003124
vn 5.451669 0.199508 -2.113680
v 0.005000 -0.012000 0.020400
vn 2.681524 2.356197 -1.110706
v 0.005000 -0.005000 0.020400
vn 5.510140 0.756164 -1.894899
v 0.005000 -0.012651 0.020270
vn 5.516627 1.414097 -1.464952
v 0.005000 -0.013202 0.019902
vn 5.451657 2.113713 -0.199479
v 0.005000 -0.013700 0.018700
vn 5.502801 1.912569 -0.741538
v 0.005000 -0.013571 0.019350
vn 2.681511 2.356194 1.110733
v 0.005000 -0.005250 0.006300
vn 5.451644 0.199508 2.113736
v 0.005000 -0.012000 0.006300
vn 5.502783 0.741566 1.912602
v 0.005000 -0.012651 0.006429
vn 5.516613 1.464979 1.414123
v 0.005000 -0.013202 0.006798
vn 5.510133 1.894920 0.756187
v 0.005000 -0.013571 0.007349
vn 5.451653 2.113712 0.199535
v 0.005000 -0.013700 0.008000
vn 2.759224 -3.583531 -1.329968
v -0.001802 -0.003900 0.000867
vn 1.909208 -3.585756 -2.395124
v -0.001247 -0.003900 0.001563
vn 0.137481 -5.210396 -2.346090
v 0.000246 -0.003900 -0.004193
vn -0.681558 -3.590392 2.986032
v 0.000445 -0.003900 -0.001950
vn 0.681528 -3.590392 2.986039
v -0.000445 -0.003900 -0.001950
vn -4.087605 -2.417894 -2.405495
v -0.000831 -0.003900 0.006830
vn -2.080501 -5.415225 0.601556
v -0.000837 -0.003900 0.006803
vn -1.882805 -5.469084 0.934002
v -0.001253 -0.003900 0.005643
vn 2.291147 -5.278870 -0.183067
v 0.003200 -0.003900 -0.001415
vn -2.759505 -3.590391 -1.328925
v 0.001802 -0.003900 0.000867
vn 1.901963 -3.572402 2.404062
v -0.001247 -0.003900 -0.001564
vn -1.135118 -5.210399 -2.057799
v -0.002029 -0.003900 -0.003678
vn -0.519228 -5.210399 -2.292037
v -0.000928 -0.003900 -0.004097
vn 0.681558 -3.590392 -2.986032
v -0.000445 -0.003900 0.001949
vn -0.681528 -3.590392 -2.986039
v 0.000445 -0.003900 0.001949
vn -1.909629 -3.590392 -2.394624
v 0.001247 -0.003900 0.001563
vn -3.062826 -3.590392 -0.000016
v 0.002000 -0.003900 -0.000000
vn -2.759518 -3.590392 1.328897
v 0.001802 -0.003900 -0.000868
vn 2.249943 -5.194705 -0.715103
v 0.003073 -0.003900 -0.002232
vn -1.909653 -3.590392 2.394605
v 0.001247 -0.003900 -0.001564
vn 0.800921 -5.202551 -2.215198
v 0.001400 -0.003900 -0.003960
vn 1.424206 -5.194704 -1.882886
v 0.002129 -0.003900 -0.003568
vn 1.927634 -5.194705 -1.363028
v 0.002705 -0.003900 -0.002973
vn -1.614205 -5.470670 1.343201
v -0.001926 -0.003900 0.004609
vn -1.547605 -5.349645 1.612126
v -0.002820 -0.003900 0.003760
vn -1.826430 -5.229248 1.456871
v -0.003674 -0.003900 0.002931
vn -2.134184 -5.230291 0.948075
v -0.004292 -0.003900 0.001914
vn -2.306641 -5.226439 0.385861
v -0.004636 -0.003900 0.000775
vn 3.066443 -3.565348 -0.016779
v -0.002000 -0.003900 -0.000000
vn -2.326166 -5.232769 -0.191814
v -0.004682 -0.003900 -0.000414
vn 2.762979 -3.547149 1.336033
v -0.001802 -0.003900 -0.000868
vn -2.144240 -5.055141 -1.139082
v -0.004461 -0.003900 -0.001479
vn -1.498635 -5.286716 -1.733942
v -0.002970 -0.003900 -0.002970
vn -1.613734 5.471544 1.342115
v -0.001926 0.003900 0.004609
vn -1.881490 5.470522 0.932737
v -0.001253 0.003900 0.005643
vn -1.110707 3.926989 -2.681523
v -0.000000 0.003900 0.006000
vn -2.076622 5.419665 0.597734
v -0.000837 0.003900 0.006803
vn -4.080201 2.424417 -2.402532
v -0.000831 0.003900 0.006830
vn -1.826430 5.229248 1.456871
v -0.003674 0.003900 0.002931
vn -1.547814 5.349938 1.611525
v -0.002820 0.003900 0.003760
vn 2.762991 3.547146 -1.336007
v -0.001802 0.003900 0.000867
vn 3.066444 3.565345 0.016812
v -0.002000 0.003900 -0.000000
vn 2.759212 3.583531 1.329997
v -0.001802 0.003900 -0.000868
vn -2.150800 5.049849 -1.132702
v -0.004461 0.003900 -0.001479
vn -1.498635 5.286716 -1.733942
v -0.002970 0.003900 -0.002970
vn 1.909182 3.585756 2.395143
v -0.001247 0.003900 -0.001564
vn -1.135119 5.210399 -2.057799
v -0.002029 0.003900 -0.003678
vn 0.681528 3.590392 2.986038
v -0.000445 0.003900 -0.001950
vn -0.519228 5.210399 -2.292037
v -0.000928 0.003900 -0.004097
vn 0.137482 5.210397 -2.346090
v 0.000246 0.003900 -0.004193
vn -0.681558 3.590392 2.986032
v 0.000445 0.003900 -0.001950
vn 0.800920 5.202551 -2.215198
v 0.001400 0.003900 -0.003960
vn 1.424207 5.194704 -1.882885
v 0.002129 0.003900 -0.003568
vn -1.909653 3.590391 2.394604
v 0.001247 0.003900 -0.001564
vn 1.927634 5.194705 -1.363029
v 0.002705 0.003900 -0.002973
vn 2.249943 5.194705 -0.715103
v 0.003073 0.003900 -0.002232
vn -2.759518 3.590392 1.328897
v 0.001802 0.003900 -0.000868
vn 2.291146 5.278870 -0.183067
v 0.003200 0.003900 -0.001415
vn -3.062826 3.590392 -0.000016
v 0.002000 0.003900 -0.000000
vn 1.110739 2.681516 -3.926985
v 0.003200 0.003900 0.006000
vn -2.328667 5.228768 -0.199218
v -0.004682 0.003900 -0.000414
vn -2.306641 5.226438 0.385861
v -0.004636 0.003900 0.000775
vn -2.134184 5.230291 0.948075
v -0.004292 0.003900 0.001914
vn -2.759505 3.590391 -1.328925
v 0.001802 0.003900 0.000867
vn -1.909629 3.590392 -2.394624
v 0.001247 0.003900 0.001563
vn -0.681528 3.590392 -2.986038
v 0.000445 0.003900 0.001949
vn 0.681558 3.590392 -2.986032
v -0.000445 0.003900 0.001949
vn 1.901988 3.572401 -2.404043
v -0.001247 0.003900 0.001563
vn 2.681524 -2.356197 -1.110706
v 0.005000 0.005000 0.020400
vn 5.451670 -0.199509 -2.113679
v 0.005000 0.012000 0.020400
vn 5.502801 -0.741566 -1.912548
v 0.005000 0.012651 0.020270
vn 5.516626 -1.464981 -1.414070
v 0.005000 0.013202 0.019902
vn 2.681511 -2.356194 1.110733
v 0.005000 0.005250 0.006300
vn 1.570804 -1.570797 -1.570789
v 0.005000 0.005250 0.006000
vn 5.451643 -0.199508 2.113737
v 0.005000 0.012000 0.006300
vn 2.945259 0.306447 -3.111397
v 0.005000 0.012000 0.006000
vn 5.510122 -0.756163 1.894952
v 0.005000 0.012651 0.006429
vn 2.750082 1.179223 -2.846647
v 0.005000 0.012765 0.006152
vn 5.516613 -1.414094 1.465008
v 0.005000 0.013202 0.006798
vn 2.748905 2.178758 -2.178745
v 0.005000 0.013414 0.006585
vn 5.502793 -1.912569 0.741592
v 0.005000 0.013571 0.007349
vn 2.749552 2.846706 -1.179106
v 0.005000 0.013848 0.007234
vn 5.451652 -2.113711 0.199534
v 0.005000 0.013700 0.008000
vn 2.945246 3.111412 -0.306433
v 0.005000 0.014000 0.008000
vn 5.451656 -2.113712 -0.199479
v 0.005000 0.013700 0.018700
vn 5.510140 -1.894920 -0.756132
v 0.005000 0.013571 0.019350
vn 0.780943 4.206457 1.684944
v -0.001300 0.014000 0.032368
vn 1.110716 5.823109 0.785405
v -0.001300 0.014000 0.031000
vn -1.594958 5.291209 1.640420
v -0.003684 0.014000 0.030349
vn -1.931697 5.219379 1.327339
v -0.004698 0.014000 0.029228
vn -1.248192 5.471420 1.678847
v 0.001838 0.014000 0.023566
vn -1.775820 5.469304 1.111224
v 0.002593 0.014000 0.024394
vn 0.943039 5.488244 1.843317
v -0.001360 0.014000 0.023269
vn -1.449733 5.349336 -1.701086
v -0.003109 0.014000 0.021222
vn 1.533358 5.499474 1.370757
v -0.002254 0.014000 0.023945
vn -1.749823 5.219380 -1.559295
v -0.004256 0.014000 0.022207
vn 1.905784 5.514910 0.722264
v -0.002844 0.014000 0.024898
vn 0.214304 5.480337 2.069395
v -0.000282 0.014000 0.022963
vn -1.836540 5.479298 -0.996015
v -0.001341 0.014000 0.019307
vn -1.535202 5.479298 -1.417066
v -0.002106 0.014000 0.020375
vn -2.120919 5.240870 -0.462879
v -0.000700 0.014000 0.008000
vn -2.155341 5.421165 -0.130459
v -0.000700 0.014000 0.016780
vn -0.533652 5.498920 -1.985351
v 0.000835 0.014000 0.028933
vn -1.213526 5.499109 -1.659572
v 0.001838 0.014000 0.028434
vn -2.098161 5.219385 -1.044500
v -0.005103 0.014000 0.023459
vn -2.298938 5.219380 -0.456250
v -0.005591 0.014000 0.024890
vn 2.019606 5.530795 0.000011
v -0.003050 0.014000 0.026000
vn -2.338022 5.219381 0.164094
v -0.005686 0.014000 0.026399
vn 1.898851 5.518458 -0.727017
v -0.002844 0.014000 0.027101
vn -2.212673 5.219378 0.772896
v -0.005381 0.014000 0.027879
vn 1.520457 5.509482 -1.365027
v -0.002254 0.014000 0.028054
vn 0.933384 5.503582 -1.825234
v -0.001360 0.014000 0.028730
vn 0.216208 5.500245 -2.042619
v -0.000282 0.014000 0.029037
vn -0.551971 5.474949 2.013079
v 0.000835 0.014000 0.023066
vn -2.025079 5.479297 -0.513792
v -0.000863 0.014000 0.018083
vn -1.729951 5.500399 -1.108742
v 0.002593 0.014000 0.027605
vn -2.020197 5.490870 -0.469546
v 0.002998 0.014000 0.026560
vn -2.124554 5.450943 -0.000011
v 0.003050 0.014000 0.026000
vn -2.064248 5.461289 0.432268
v 0.002998 0.014000 0.025439
vn -1.898843 -5.518459 -0.727036
v 0.002844 -0.014000 0.027101
vn -2.019606 -5.530795 -0.000011
v 0.003050 -0.014000 0.026000
vn -1.905791 -5.514911 0.722245
v 0.002844 -0.014000 0.024898
vn 0.780943 -4.206457 1.684944
v -0.001300 -0.014000 0.032368
vn -1.594958 -5.291209 1.640420
v -0.003684 -0.014000 0.030349
vn 1.110716 -5.823110 0.785405
v -0.001300 -0.014000 0.031000
vn -1.931698 -5.219379 1.327339
v -0.004698 -0.014000 0.029228
vn 0.551952 -5.474948 2.013083
v -0.000835 -0.014000 0.023066
vn -1.836540 -5.479298 -0.996015
v -0.001341 -0.014000 0.019307
vn -0.214324 -5.480340 2.069391
v 0.000281 -0.014000 0.022963
vn -2.025079 -5.479298 -0.513791
v -0.000863 -0.014000 0.018083
vn -1.533374 -5.499471 1.370744
v 0.002254 -0.014000 0.023945
vn -0.943060 -5.488245 1.843304
v 0.001359 -0.014000 0.023269
vn -2.155341 -5.421166 -0.130459
v -0.000700 -0.014000 0.016780
vn 2.015817 -5.497892 -0.425766
v -0.002998 -0.014000 0.026560
vn -2.338022 -5.219382 0.164093
v -0.005686 -0.014000 0.026399
vn 2.059856 -5.468315 0.388529
v -0.002998 -0.014000 0.025439
vn -2.298938 -5.219380 -0.456249
v -0.005591 -0.014000 0.024890
vn 1.775806 -5.469307 1.111240
v -0.002593 -0.014000 0.024394
vn -2.098160 -5.219385 -1.044501
v -0.005103 -0.014000 0.023459
vn -1.749824 -5.219380 -1.559295
v -0.004256 -0.014000 0.022207
vn 1.248170 -5.471426 1.678856
v -0.001838 -0.014000 0.023566
vn -1.449733 -5.349336 -1.701086
v -0.003109 -0.014000 0.021222
vn -1.535203 -5.479298 -1.417066
v -0.002106 -0.014000 0.020375
vn 1.729965 -5.500396 -1.108726
v -0.002593 -0.014000 0.027605
vn -2.212673 -5.219378 0.772896
v -0.005381 -0.014000 0.027879
vn -1.520440 -5.509486 -1.365039
v 0.002254 -0.014000 0.028054
vn -0.933364 -5.503579 -1.825247
v 0.001359 -0.014000 0.028730
vn -0.216187 -5.500244 -2.042623
v 0.000281 -0.014000 0.029037
vn 0.533669 -5.498920 -1.985346
v -0.000835 -0.014000 0.028933
vn 1.213547 -5.499104 -1.659563
v -0.001838 -0.014000 0.028434
vn -2.100735 0.180852 -5.352968
v -0.000000 0.012000 0.006000
vn -3.021644 3.390059 -0.766634
v -0.001154 -0.008750 0.018010
vn -2.740323 3.390059 -1.486166
v -0.001605 -0.008750 0.019164
vn -2.290695 3.390059 -2.114421
v -0.002326 -0.008750 0.020171
vn -1.734246 2.914250 2.595192
v -0.001494 -0.008750 0.032597
vn -0.533652 5.498920 -1.985351
v 0.000835 -0.008750 0.028933
vn -1.213526 5.499110 -1.659572
v 0.001838 -0.008750 0.028434
vn 0.214304 5.480338 2.069395
v -0.000282 -0.008750 0.022963
vn -0.551971 5.474949 2.013079
v 0.000835 -0.008750 0.023066
vn -1.248192 5.471420 1.678847
v 0.001838 -0.008750 0.023566
vn -1.775820 5.469304 1.111224
v 0.002593 -0.008750 0.024394
vn 1.879905 2.686866 2.415388
v -0.001116 -0.008750 0.032605
vn 2.749741 2.686894 1.344296
v -0.001031 -0.008750 0.032500
vn 0.628041 2.686896 2.995626
v -0.001239 -0.008750 0.032662
vn -0.751479 2.686852 2.967051
v -0.001374 -0.008750 0.032659
vn 2.019606 5.530795 0.000011
v -0.003050 -0.008750 0.026000
vn 1.898851 5.518458 -0.727017
v -0.002844 -0.008750 0.027101
vn 1.520457 5.509482 -1.365027
v -0.002254 -0.008750 0.028054
vn 0.933384 5.503582 -1.825234
v -0.001360 -0.008750 0.028730
vn 0.216208 5.500245 -2.042619
v -0.000282 -0.008750 0.029037
vn 1.905784 5.514910 0.722264
v -0.002844 -0.008750 0.024898
vn 1.533358 5.499474 1.370757
v -0.002254 -0.008750 0.023945
vn 0.943039 5.488244 1.843317
v -0.001360 -0.008750 0.023269
vn -1.729951 5.500399 -1.108742
v 0.002593 -0.008750 0.027605
vn -2.020197 5.490870 -0.469546
v 0.002998 -0.008750 0.026560
vn -2.124554 5.450943 -0.000011
v 0.003050 -0.008750 0.026000
vn -2.064248 5.461289 0.432268
v 0.002998 -0.008750 0.025439
vn -2.939672 -2.875607 1.026840
v -0.005665 0.008750 0.027978
vn -3.106210 -2.875608 0.218008
v -0.005985 0.008750 0.026420
vn 1.570788 -4.712389 1.570804
v -0.001000 0.008750 0.031000
vn 0.628041 -2.686897 2.995626
v -0.001239 0.008750 0.032662
vn -0.751479 -2.686852 2.967051
v -0.001374 0.008750 0.032659
vn -1.734245 -2.914250 2.595191
v -0.001494 0.008750 0.032597
vn -2.566380 -2.875608 1.763451
v -0.004945 0.008750 0.029398
vn -2.290695 -3.390059 -2.114421
v -0.002326 0.008750 0.020171
vn -2.740323 -3.390059 -1.486166
v -0.001605 0.008750 0.019164
vn -3.021644 -3.390059 -0.766634
v -0.001154 0.008750 0.018010
vn 3.101169 -2.914234 0.354081
v -0.001000 0.008750 0.032368
vn 2.749740 -2.686894 1.344296
v -0.001031 0.008750 0.032500
vn 1.879905 -2.686865 2.415388
v -0.001116 0.008750 0.032605
vn -2.787542 -2.875607 -1.387688
v -0.005371 0.008750 0.023326
vn -3.054283 -2.875608 -0.606156
v -0.005885 0.008750 0.024832
vn -2.324748 -2.875608 -2.071621
v -0.004480 0.008750 0.022008
vn -2.037128 -3.132833 -2.391552
v -0.003273 0.008750 0.020971
vn -1.905791 -5.514911 0.722245
v 0.002844 0.008750 0.024898
vn -2.019606 -5.530795 -0.000011
v 0.003050 0.008750 0.026000
vn -1.898843 -5.518459 -0.727036
v 0.002844 0.008750 0.027101
vn -2.180492 -3.008600 2.251996
v -0.003878 0.008750 0.030578
vn 0.533669 -5.498920 -1.985346
v -0.000835 0.008750 0.028933
vn -0.216187 -5.500244 -2.042623
v 0.000281 0.008750 0.029037
vn -0.933364 -5.503579 -1.825247
v 0.001359 0.008750 0.028730
vn -1.520440 -5.509486 -1.365039
v 0.002254 0.008750 0.028054
vn -1.533374 -5.499471 1.370744
v 0.002254 0.008750 0.023945
vn -0.943060 -5.488245 1.843304
v 0.001359 0.008750 0.023269
vn -0.214324 -5.480340 2.069391
v 0.000281 0.008750 0.022963
vn 0.551952 -5.474949 2.013083
v -0.000835 0.008750 0.023066
vn 2.124554 -5.450943 0.000011
v -0.003050 0.008750 0.026000
vn 2.020203 -5.490869 -0.469526
v -0.002998 0.008750 0.026560
vn 1.729965 -5.500396 -1.108726
v -0.002593 0.008750 0.027605
vn 1.213547 -5.499104 -1.659563
v -0.001838 0.008750 0.028434
vn 1.248170 -5.471426 1.678856
v -0.001838 0.008750 0.023566
vn 1.775806 -5.469307 1.111240
v -0.002593 0.008750 0.024394
vn 2.064242 -5.461290 0.432289
v -0.002998 0.008750 0.025439
vn -5.361276 2.268323 -1.115285
v 0.002703 0.013700 0.026505
vn -5.476613 -2.355512 -0.000028
v 0.002750 0.009050 0.026000
vn -5.229095 -2.294369 -1.521082
v 0.002564 0.009050 0.026993
vn -5.356634 1.955287 -1.993447
v 0.002541 0.013700 0.027052
vn -4.857450 -2.259685 -2.515770
v 0.002541 0.009050 0.027052
vn -4.564348 2.272190 -3.017798
v 0.002338 0.013700 0.027447
vn -4.298549 -2.290783 -3.350688
v 0.002032 0.009050 0.027852
vn -4.186241 2.020369 -3.822133
v 0.001944 0.013700 0.027944
vn -3.576284 -2.224279 -4.181959
v 0.001944 0.009050 0.027944
vn -3.121072 2.276010 -4.489132
v 0.001657 0.013700 0.028194
vn -2.755750 -2.287156 -4.707218
v 0.001226 0.009050 0.028461
vn -2.429730 2.080051 -5.071147
v 0.001052 0.013700 0.028540
vn -1.754833 -2.182324 -5.254079
v 0.001052 0.009050 0.028540
vn -1.237323 2.279772 -5.321230
v 0.000752 0.013700 0.028645
vn -0.818942 -2.283484 -5.397097
v 0.000254 0.009050 0.028738
vn -0.348071 2.134134 -5.568986
v -0.000000 0.013700 0.028750
vn 0.348129 -2.134129 -5.568989
v -0.000000 0.009050 0.028750
vn 0.818988 2.283487 -5.397090
v -0.000254 0.013700 0.028738
vn 1.237356 -2.279768 -5.321217
v -0.000753 0.009050 0.028645
vn 1.754905 2.182328 -5.254058
v -0.001053 0.013700 0.028540
vn 2.429773 -2.080048 -5.071137
v -0.001053 0.009050 0.028540
vn 2.755818 2.287155 -4.707172
v -0.001226 0.013700 0.028461
vn 3.121127 -2.276003 -4.489102
v -0.001657 0.009050 0.028194
vn 3.576316 2.224272 -4.181933
v -0.001945 0.013700 0.027944
vn 4.186283 -2.020364 -3.822091
v -0.001945 0.009050 0.027944
vn 4.298574 2.290782 -3.350662
v -0.002032 0.013700 0.027852
vn 4.564377 -2.272186 -3.017759
v -0.002338 0.009050 0.027447
vn 4.857486 2.259688 -2.515707
v -0.002541 0.013700 0.027052
vn 5.356659 -1.955281 -1.993394
v -0.002541 0.009050 0.027052
vn 5.229114 2.294365 -1.521008
v -0.002564 0.013700 0.026993
vn 5.361289 -2.268321 -1.115229
v -0.002703 0.009050 0.026505
vn 5.476614 2.355512 0.000028
v -0.002750 0.013700 0.026000
vn -5.437017 2.308823 -0.000027
v 0.002750 0.013700 0.026000
vn -5.342152 2.314245 1.029925
v 0.002703 0.013700 0.025494
vn -5.229112 -2.294367 1.521006
v 0.002564 0.009050 0.025006
vn -5.159988 2.173629 2.059365
v 0.002541 0.013700 0.024947
vn -4.856762 -2.268755 2.500761
v 0.002541 0.009050 0.024947
vn -4.575895 2.311835 2.943403
v 0.002338 0.013700 0.024552
vn -4.287079 -2.297635 3.356287
v 0.002032 0.009050 0.024147
vn -4.023376 2.180127 3.821096
v 0.001944 0.013700 0.024055
vn -3.585608 -2.247692 4.148712
v 0.001944 0.009050 0.024055
vn -3.152859 2.309283 4.434720
v 0.001657 0.013700 0.023805
vn -2.730389 -2.300766 4.709239
v 0.001226 0.009050 0.023538
vn -2.313333 2.191751 5.030893
v 0.001052 0.013700 0.023459
vn -1.787819 -2.226815 5.205177
v 0.001052 0.009050 0.023459
vn -1.277058 2.306589 5.289883
v 0.000752 0.013700 0.023355
vn -0.782512 -2.303749 5.386067
v 0.000254 0.009050 0.023261
vn -0.278018 2.207689 5.514964
v -0.000000 0.013700 0.023250
vn 0.277964 -2.207689 5.514964
v -0.000000 0.009050 0.023250
vn 0.782467 2.303746 5.386074
v -0.000254 0.013700 0.023261
vn 1.277023 -2.306592 5.289898
v -0.000753 0.009050 0.023355
vn 1.787745 2.226808 5.205201
v -0.001052 0.013700 0.023459
vn 2.313292 -2.191752 5.030902
v -0.001052 0.009050 0.023459
vn 2.730322 2.300766 4.709286
v -0.001226 0.013700 0.023538
vn 3.152803 -2.309289 4.434752
v -0.001657 0.009050 0.023805
vn 3.585571 2.247695 4.148743
v -0.001945 0.013700 0.024055
vn 4.023333 -2.180132 3.821136
v -0.001945 0.009050 0.024055
vn 4.287051 2.297637 3.356318
v -0.002032 0.013700 0.024147
vn 4.575867 -2.311839 2.943443
v -0.002338 0.009050 0.024552
vn 4.856726 2.268752 2.500824
v -0.002541 0.013700 0.024947
vn 5.159963 -2.173631 2.059414
v -0.002541 0.009050 0.024947
vn 5.229093 2.294371 1.521080
v -0.002564 0.013700 0.025006
vn 5.342140 -2.314246 1.029981
v -0.002703 0.009050 0.025494
vn 5.437017 -2.308822 0.000027
v -0.002750 0.009050 0.026000
vn -5.361276 2.268323 -1.115285
v 0.002703 -0.009050 0.026505
vn -5.476613 -2.355512 -0.000028
v 0.002750 -0.013700 0.026000
vn -5.229095 -2.294369 -1.521082
v 0.002564 -0.013700 0.026993
vn -5.356634 1.955287 -1.993447
v 0.002541 -0.009050 0.027052
vn -4.857450 -2.259685 -2.515770
v 0.002541 -0.013700 0.027052
vn -4.564348 2.272190 -3.017798
v 0.002338 -0.009050 0.027447
vn -4.298549 -2.290783 -3.350688
v 0.002032 -0.013700 0.027852
vn -4.186241 2.020369 -3.822133
v 0.001944 -0.009050 0.027944
vn -3.576284 -2.224279 -4.181959
v 0.001944 -0.013700 0.027944
vn -3.121072 2.276010 -4.489132
v 0.001657 -0.009050 0.028194
vn -2.755750 -2.287156 -4.707218
v 0.001226 -0.013700 0.028461
vn -2.429730 2.080051 -5.071147
v 0.001052 -0.009050 0.028540
vn -1.754833 -2.182324 -5.254079
v 0.001052 -0.013700 0.028540
vn -1.237323 2.279772 -5.321230
v 0.000752 -0.009050 0.028645
vn -0.818942 -2.283484 -5.397097
v 0.000254 -0.013700 0.028738
vn -0.348071 2.134134 -5.568986
v -0.000000 -0.009050 0.028750
vn 0.348129 -2.134129 -5.568989
v -0.000000 -0.013700 0.028750
vn 0.818988 2.283487 -5.397090
v -0.000254 -0.009050 0.028738
vn 1.237356 -2.279768 -5.321217
v -0.000753 -0.013700 0.028645
vn 1.754905 2.182328 -5.254058
v -0.001053 -0.009050 0.028540
vn 2.429773 -2.080048 -5.071137
v -0.001053 -0.013700 0.028540
vn 2.755818 2.287155 -4.707172
v -0.001226 -0.009050 0.028461
vn 3.121127 -2.276003 -4.489102
v -0.001657 -0.013700 0.028194
vn 3.576316 2.224272 -4.181933
v -0.001945 -0.009050 0.027944
vn 4.186283 -2.020364 -3.822091
v -0.001945 -0.013700 0.027944
vn 4.298574 2.290782 -3.350662
v -0.002032 -0.009050 0.027852
vn 4.564377 -2.272186 -3.017759
v -0.002338 -0.013700 0.027447
vn 4.857486 2.259688 -2.515707
v -0.002541 -0.009050 0.027052
vn 5.356659 -1.955281 -1.993394
v -0.002541 -0.013700 0.027052
vn 5.229114 2.294365 -1.521008
v -0.002564 -0.009050 0.026993
vn 5.361289 -2.268321 -1.115229
v -0.002703 -0.013700 0.026505
vn 5.476614 2.355512 0.000028
v -0.002750 -0.009050 0.026000
vn -5.437017 2.308823 -0.000027
v 0.002750 -0.009050 0.026000
vn -5.342152 2.314245 1.029925
v 0.002703 -0.009050 0.025494
vn -5.229112 -2.294367 1.521006
v 0.002564 -0.013700 0.025006
vn -5.159988 2.173629 2.059365
v 0.002541 -0.009050 0.024947
vn -4.856762 -2.268755 2.500761
v 0.002541 -0.013700 0.024947
vn -4.575895 2.311835 2.943403
v 0.002338 -0.009050 0.024552
vn -4.287079 -2.297635 3.356287
v 0.002032 -0.013700 0.024147
vn -4.023376 2.180127 3.821096
v 0.001944 -0.009050 0.024055
vn -3.585608 -2.247692 4.148712
v 0.001944 -0.013700 0.024055
vn -3.152859 2.309283 4.434720
v 0.001657 -0.009050 0.023805
vn -2.730389 -2.300766 4.709239
v 0.001226 -0.013700 0.023538
vn -2.313333 2.191751 5.030893
v 0.001052 -0.009050 0.023459
vn -1.787819 -2.226815 5.205177
v 0.001052 -0.013700 0.023459
vn -1.277058 2.306589 5.289883
v 0.000752 -0.009050 0.023355
vn -0.782512 -2.303749 5.386067
v 0.000254 -0.013700 0.023261
vn -0.278018 2.207689 5.514964
v -0.000000 -0.009050 0.023250
vn 0.277964 -2.207689 5.514964
v -0.000000 -0.013700 0.023250
vn 0.782467 2.303746 5.386074
v -0.000254 -0.009050 0.023261
vn 1.277023 -2.306592 5.289898
v -0.000753 -0.013700 0.023355
vn 1.787745 2.226808 5.205201
v -0.001052 -0.009050 0.023459
vn 2.313292 -2.191752 5.030902
v -0.001052 -0.013700 0.023459
vn 2.730322 2.300766 4.709286
v -0.001226 -0.009050 0.023538
vn 3.152803 -2.309289 4.434752
v -0.001657 -0.013700 0.023805
vn 3.585571 2.247695 4.148743
v -0.001945 -0.009050 0.024055
vn 4.023333 -2.180132 3.821136
v -0.001945 -0.013700 0.024055
vn 4.287051 2.297637 3.356318
v -0.002032 -0.009050 0.024147
vn 4.575867 -2.311839 2.943443
v -0.002338 -0.013700 0.024552
vn 4.856726 2.268752 2.500824
v -0.002541 -0.009050 0.024947
vn 5.159963 -2.173631 2.059414
v -0.002541 -0.013700 0.024947
vn 5.229093 2.294371 1.521080
v -0.002564 -0.009050 0.025006
vn 5.342140 -2.314246 1.029982
v -0.002703 -0.013700 0.025494
vn 5.558053 -2.172731 0.000028
v -0.002750 -0.013700 0.026000
vn 3.174735 2.765359 -2.740802
v -0.001900 -0.001083 0.000625
vn 2.925806 2.254390 -3.908037
v -0.001802 -0.000900 0.000867
vn 2.996217 2.178154 3.793371
v -0.001802 -0.000900 -0.000868
vn 2.762403 1.514413 4.645084
v -0.001682 -0.000625 -0.001083
vn 2.632777 0.758930 5.083528
v -0.001595 -0.000328 -0.001207
vn 2.483897 -0.000567 5.339871
v -0.001561 0.000000 -0.001250
vn 3.334973 -3.230581 1.450533
v -0.001973 0.001207 -0.000327
vn 3.178178 -2.763525 2.743267
v -0.001900 0.001083 -0.000625
vn 2.927937 -2.255088 3.907145
v -0.001802 0.000900 -0.000868
vn 2.765013 -1.545206 4.638786
v -0.001682 0.000625 -0.001083
vn 2.633146 -0.760177 5.082897
v -0.001595 0.000329 -0.001206
vn 3.394761 -3.337682 0.059520
v -0.002000 0.001250 -0.000000
vn 3.326437 -3.160800 -1.491266
v -0.001973 0.001207 0.000326
vn 3.174759 -2.765382 -2.740767
v -0.001900 0.001083 0.000625
vn 2.765016 1.545268 -4.638724
v -0.001682 -0.000625 0.001082
vn 2.633187 0.760219 -5.082845
v -0.001595 -0.000329 0.001206
vn 2.484017 0.000008 -2.429436
v -0.001561 0.000000 0.001250
vn 2.632898 -0.759127 -5.083400
v -0.001595 0.000328 0.001206
vn 2.762456 -1.514505 -4.644987
v -0.001682 0.000625 0.001082
vn 2.994076 -2.177454 -3.794267
v -0.001802 0.000900 0.000867
vn 3.178236 2.763561 2.743210
v -0.001900 -0.001083 -0.000625
vn 3.333590 3.161406 1.486761
v -0.001973 -0.001207 -0.000327
vn 3.394734 3.337670 -0.048691
v -0.002000 -0.001250 -0.000000
vn 3.327821 3.229984 -1.454942
v -0.001973 -0.001207 0.000326
vn -2.014555 2.243567 -4.398147
v -0.000586 0.013414 0.006585
vn -2.338324 2.762010 -3.444693
v -0.000700 0.013520 0.006700
vn -1.972622 1.528390 -4.933175
v -0.000152 0.012765 0.006152
vn -2.009378 0.669560 -5.273360
v -0.000038 0.012390 0.006038
vn -2.014629 4.825886 -1.763223
v -0.000700 0.013875 0.007303
vn -0.000474 0.000042 -3.180278
v -0.004841 0.000000 0.001250
vn 0.000015 0.000498 -2.910396
v -0.001561 0.000000 0.001250
vn 1.110707 2.356194 2.681522
v 0.004800 -0.005250 0.006500
vn 1.517257 3.665196 2.628000
v 0.003000 -0.005000 0.020566
vn 2.627987 3.665190 1.517285
v 0.003366 -0.005000 0.020200
vn 1.110738 2.356193 -2.681510
v 0.004800 -0.005000 0.020200
vn 2.627987 -3.665190 1.517285
v 0.003366 0.005000 0.020200
vn 1.517257 -3.665196 2.628000
v 0.003000 0.005000 0.020566
vn 1.110738 -2.356193 -2.681509
v 0.004800 0.005000 0.020200
vn 2.307492 0.544505 5.418940
v 0.004800 -0.012000 0.006500
vn 2.307517 5.418930 0.544518
v 0.004800 -0.013500 0.008000
vn 2.355746 5.172915 1.743946
v 0.004800 -0.013386 0.007426
vn 2.091178 4.714270 3.068681
v 0.004800 -0.013299 0.007250
vn 2.327115 3.922769 3.831960
v 0.004800 -0.013061 0.006939
vn 2.355724 1.743934 5.172931
v 0.004800 -0.012574 0.006614
vn 2.211278 2.938728 4.687862
v 0.004800 -0.012750 0.006701
vn 2.307522 5.418929 -0.544495
v 0.004800 -0.013500 0.018700
vn 2.307552 0.544503 -5.418913
v 0.004800 -0.012000 0.020200
vn 2.307551 -0.544504 -5.418913
v 0.004800 0.012000 0.020200
vn 2.307521 -5.418928 -0.544496
v 0.004800 0.013500 0.018700
vn 2.307517 -5.418929 0.544517
v 0.004800 0.013500 0.008000
vn 2.307491 -0.544505 5.418939
v 0.004800 0.012000 0.006500
vn 2.355725 -1.743934 5.172931
v 0.004800 0.012574 0.006614
vn 2.091163 -3.068674 4.714284
v 0.004800 0.012750 0.006701
vn 2.327114 -3.831949 3.922781
v 0.004800 0.013061 0.006939
vn 2.355746 -5.172914 1.743946
v 0.004800 0.013386 0.007426
vn 2.211291 -4.687847 2.938739
v 0.004800 0.013299 0.007250
vn 1.110708 -2.356194 2.681522
v 0.004800 0.005250 0.006500
vn 2.355762 5.172915 -1.743926
v 0.004800 -0.013386 0.019274
vn 2.211323 4.687847 -2.938712
v 0.004800 -0.013299 0.019450
vn 2.327153 3.831954 -3.922758
v 0.004800 -0.013061 0.019760
vn 2.091212 3.068667 -4.714268
v 0.004800 -0.012750 0.019999
vn 2.355778 1.743929 -5.172909
v 0.004800 -0.012574 0.020085
vn 2.355777 -1.743927 -5.172910
v 0.004800 0.012574 0.020085
vn 2.211326 -2.938723 -4.687846
v 0.004800 0.012750 0.019999
vn 2.327154 -3.922772 -3.831938
v 0.004800 0.013061 0.019760
vn 2.091215 -4.714269 -3.068652
v 0.004800 0.013299 0.019450
vn 2.355762 -5.172915 -1.743925
v 0.004800 0.013386 0.019274
vn -3.468574 -2.146054 -3.987350
v -0.003182 -0.003600 -0.003182
vn -3.468573 2.146055 -3.987350
v -0.003182 0.003600 -0.003182
vn 1.755007 2.063110 -4.863793
v 0.001500 0.003600 -0.004243
vn 1.755007 -2.063110 -4.863794
v 0.001500 -0.003600 -0.004243
vn 0.303102 -2.070667 -5.172363
v 0.000263 -0.003600 -0.004493
vn 0.303102 2.070667 -5.172363
v 0.000263 0.003600 -0.004493
vn -1.144728 -2.070668 -5.053195
v -0.000994 -0.003600 -0.004389
vn -1.144728 2.070668 -5.053196
v -0.000994 0.003600 -0.004389
vn -2.502567 -2.070669 -4.536777
v -0.002174 -0.003600 -0.003941
vn -2.502567 2.070669 -4.536777
v -0.002174 0.003600 -0.003941
vn 4.917620 -2.055552 -1.562976
v 0.003359 -0.003600 -0.002323
vn 4.917621 2.055552 -1.562976
v 0.003359 0.003600 -0.002323
vn 4.213160 -2.055552 -2.979122
v 0.002950 -0.003600 -0.003147
vn 4.213160 2.055552 -2.979122
v 0.002950 0.003600 -0.003147
vn 3.112837 -2.055552 -4.115355
v 0.002310 -0.003600 -0.003807
vn 3.112837 2.055552 -4.115354
v 0.002310 0.003600 -0.003807
vn 5.196337 2.095167 0.581852
v -0.001000 0.013700 0.032368
vn 2.681497 1.110721 3.927004
v -0.001000 0.013700 0.031000
vn -3.676505 2.150403 3.802969
v -0.003878 0.013700 0.030578
vn -4.280155 2.079361 2.941048
v -0.004945 0.013700 0.029398
vn -4.902722 2.079360 1.712541
v -0.005665 0.013700 0.027978
vn -5.180471 2.079362 0.363589
v -0.005985 0.013700 0.026420
vn -5.093867 2.079362 -1.010934
v -0.005885 0.013700 0.024832
vn -4.649000 2.079365 -2.314354
v -0.005371 0.013700 0.023326
vn -3.877166 2.079361 -3.455006
v -0.004480 0.013700 0.022008
vn -3.480274 2.207889 -4.086647
v -0.003273 0.013700 0.020971
vn -2.914652 2.095176 4.341130
v -0.001494 0.013700 0.032597
vn 4.518590 1.968904 2.209052
v -0.001031 0.013700 0.032500
vn 3.089198 1.968890 3.969143
v -0.001116 0.013700 0.032605
vn 1.032045 1.968908 4.922647
v -0.001239 0.013700 0.032662
vn -1.234883 1.968886 4.875666
v -0.001374 0.013700 0.032659
vn -2.914652 -2.095175 4.341129
v -0.001494 -0.013700 0.032597
vn -1.234883 -1.968886 4.875666
v -0.001374 -0.013700 0.032659
vn 1.032045 -1.968908 4.922647
v -0.001239 -0.013700 0.032662
vn 3.089197 -1.968890 3.969144
v -0.001116 -0.013700 0.032605
vn 4.518589 -1.968904 2.209052
v -0.001031 -0.013700 0.032500
vn -5.286316 -2.336422 -1.341213
v -0.001154 -0.013700 0.018010
vn -4.794149 -2.336422 -2.600022
v -0.001605 -0.013700 0.019164
vn -4.007533 -2.336423 -3.699144
v -0.002326 -0.013700 0.020171
vn -4.007533 2.336423 -3.699145
v -0.002326 0.013700 0.020171
vn -4.794149 2.336422 -2.600022
v -0.001605 0.013700 0.019164
vn -5.286316 2.336422 -1.341213
v -0.001154 0.013700 0.018010
vn 2.746741 2.994393 0.681387
v 0.000800 -0.012194 0.012849
vn 2.752597 2.402422 1.914189
v 0.000800 -0.011759 0.011947
vn 2.756111 1.333586 2.767729
v 0.000800 -0.010976 0.011322
vn 2.757282 -0.000000 3.072422
v 0.000800 -0.010000 0.011100
vn 2.756110 -1.333586 2.767728
v 0.000800 -0.009024 0.011322
vn 2.752598 -2.402422 1.914189
v 0.000800 -0.008241 0.011947
vn 2.746741 -2.994393 0.681388
v 0.000800 -0.007806 0.012849
vn 2.738534 -2.992191 -0.685779
v 0.000800 -0.007806 0.013850
vn 2.727979 -2.396621 -1.915809
v 0.000800 -0.008241 0.014752
vn 2.715068 -1.326416 -2.764606
v 0.000800 -0.009024 0.015377
vn 2.706795 -0.000000 -3.065252
v 0.000800 -0.010000 0.015600
vn 2.715068 1.326416 -2.764606
v 0.000800 -0.010976 0.015377
vn 2.727978 2.396620 -1.915809
v 0.000800 -0.011759 0.014752
vn 2.738535 2.992191 -0.685779
v 0.000800 -0.012194 0.013850
vn 2.322049 1.712092 -5.178010
v 0.003200 -0.010915 0.015405
vn 2.273932 2.847842 -4.687267
v 0.003200 -0.010976 0.015377
vn 2.316817 3.724219 -3.991739
v 0.003200 -0.011672 0.014855
vn 2.226359 4.603172 -3.055722
v 0.003200 -0.011759 0.014752
vn 2.311138 5.057338 -2.070663
v 0.003200 -0.012140 0.014045
vn 2.169616 5.510728 -0.819537
v 0.003200 -0.012194 0.013850
vn 2.304993 5.465324 0.234343
v 0.003200 -0.012238 0.013114
vn 2.104025 5.386930 1.609182
v 0.003200 -0.012194 0.012849
vn 2.298369 4.871274 2.501109
v 0.003200 -0.011949 0.012225
vn 2.029951 4.238540 3.775624
v 0.003200 -0.011759 0.011947
vn 2.291258 3.382041 4.313539
v 0.003200 -0.011323 0.011529
vn 1.947692 2.264802 5.266384
v 0.003200 -0.010976 0.011322
vn 2.283649 1.269063 5.337988
v 0.003200 -0.010468 0.011149
vn 2.175584 0.000000 5.570913
v 0.003200 -0.010000 0.011100
vn 2.335704 -1.173513 5.319994
v 0.003200 -0.009532 0.011149
vn 2.179496 -2.330218 5.056566
v 0.003200 -0.009024 0.011322
vn 2.335046 -3.302897 4.332823
v 0.003200 -0.008677 0.011529
vn 2.190938 -4.226182 3.609905
v 0.003200 -0.008241 0.011947
vn 2.333733 -4.819681 2.541499
v 0.003200 -0.008051 0.012225
vn 2.209037 -5.335364 1.501815
v 0.003200 -0.007806 0.012849
vn 2.331769 -5.442450 0.278131
v 0.003200 -0.007762 0.013114
vn 2.232337 -5.453087 -0.873506
v 0.003200 -0.007806 0.013850
vn 2.329161 -5.055478 -2.037604
v 0.003200 -0.007860 0.014045
vn 2.258850 -4.560635 -3.072877
v 0.003200 -0.008241 0.014752
vn 2.325917 -3.730239 -3.976205
v 0.003200 -0.008328 0.014855
vn 2.286267 -2.828129 -4.687550
v 0.003200 -0.009024 0.015377
vn 2.322049 -1.712091 -5.178011
v 0.003200 -0.009085 0.015405
vn 2.403151 -0.000002 -5.476043
v 0.003200 -0.010000 0.015600
vn 2.746740 2.994393 0.681388
v 0.000800 0.007806 0.012849
vn 2.752598 2.402422 1.914189
v 0.000800 0.008241 0.011947
vn 2.756111 1.333586 2.767728
v 0.000800 0.009024 0.011322
vn 2.757282 -0.000000 3.072422
v 0.000800 0.010000 0.011100
vn 2.756111 -1.333586 2.767729
v 0.000800 0.010976 0.011322
vn 2.752597 -2.402422 1.914189
v 0.000800 0.011759 0.011947
vn 2.746742 -2.994393 0.681387
v 0.000800 0.012194 0.012849
vn 2.738535 -2.992191 -0.685779
v 0.000800 0.012194 0.013850
vn 2.727978 -2.396620 -1.915809
v 0.000800 0.011759 0.014752
vn 2.715068 -1.326416 -2.764606
v 0.000800 0.010976 0.015377
vn 2.706795 -0.000000 -3.065252
v 0.000800 0.010000 0.015600
vn 2.715068 1.326416 -2.764606
v 0.000800 0.009024 0.015377
vn 2.727979 2.396621 -1.915809
v 0.000800 0.008241 0.014752
vn 2.738534 2.992191 -0.685779
v 0.000800 0.007806 0.013850
vn 2.322049 1.712092 -5.178010
v 0.003200 0.009085 0.015405
vn 2.273932 2.847842 -4.687267
v 0.003200 0.009024 0.015377
vn 2.316817 3.724232 -3.991731
v 0.003200 0.008328 0.014855
vn 2.226355 4.603179 -3.055711
v 0.003200 0.008241 0.014752
vn 2.311137 5.057335 -2.070668
v 0.003200 0.007860 0.014045
vn 2.169615 5.510730 -0.819541
v 0.003200 0.007806 0.013850
vn 2.304991 5.465324 0.234339
v 0.003200 0.007762 0.013114
vn 2.104024 5.386933 1.609181
v 0.003200 0.007806 0.012849
vn 2.298370 4.871272 2.501110
v 0.003200 0.008051 0.012225
vn 2.029953 4.238539 3.775623
v 0.003200 0.008241 0.011947
vn 2.291257 3.382043 4.313537
v 0.003200 0.008677 0.011529
vn 1.947691 2.264805 5.266384
v 0.003200 0.009024 0.011322
vn 2.283649 1.269063 5.337988
v 0.003200 0.009532 0.011149
vn 2.175584 0.000000 5.570913
v 0.003200 0.010000 0.011100
vn 2.335704 -1.173513 5.319994
v 0.003200 0.010468 0.011149
vn 2.179496 -2.330215 5.056567
v 0.003200 0.010976 0.011322
vn 2.335046 -3.302895 4.332825
v 0.003200 0.011323 0.011529
vn 2.190937 -4.226183 3.609905
v 0.003200 0.011759 0.011947
vn 2.333732 -4.819683 2.541498
v 0.003200 0.011949 0.012225
vn 2.209037 -5.335362 1.501818
v 0.003200 0.012194 0.012849
vn 2.331769 -5.442450 0.278134
v 0.003200 0.012238 0.013114
vn 2.232337 -5.453086 -0.873502
v 0.003200 0.012194 0.013850
vn 2.329163 -5.055480 -2.037599
v 0.003200 0.012140 0.014045
vn 2.258853 -4.560627 -3.072888
v 0.003200 0.011759 0.014752
vn 2.325917 -3.730226 -3.976213
v 0.003200 0.011672 0.014855
vn 2.286268 -2.828128 -4.687550
v 0.003200 0.010976 0.015377
vn 2.322049 -1.712091 -5.178011
v 0.003200 0.010915 0.015405
vn 2.403151 -0.000002 -5.476043
v 0.003200 0.010000 0.015600
# 3738 vertices, 0 vertices normals

f 1//1 2//2 3//3
f 3//3 2//2 4//4
f 3//3 4//4 5//5
f 5//5 4//4 6//6
f 5//5 6//6 7//7
f 7//7 6//6 8//8
f 9//9 10//10 11//11
f 11//11 10//10 12//12
f 11//11 12//12 13//13
f 13//13 12//12 14//14
f 13//13 14//14 15//15
f 15//15 14//14 16//16
f 17//17 18//18 19//19
f 19//19 18//18 20//20
f 19//19 20//20 21//21
f 21//21 20//20 22//22
f 21//21 22//22 23//23
f 23//23 22//22 24//24
f 25//25 26//26 27//27
f 27//27 26//26 28//28
f 27//27 28//28 29//29
f 29//29 28//28 30//30
f 29//29 30//30 31//31
f 31//31 30//30 32//32
f 33//33 34//34 1//1
f 35//35 36//36 10//10
f 1//1 37//37 38//38
f 39//39 40//40 10//10
f 10//10 40//40 41//41
f 42//42 43//43 44//44
f 38//38 45//45 1//1
f 1//1 45//45 46//46
f 1//1 46//46 33//33
f 44//44 47//47 42//42
f 42//42 47//47 48//48
f 42//42 48//48 49//49
f 41//41 50//50 10//10
f 10//10 50//50 51//51
f 10//10 51//51 35//35
f 52//52 39//39 53//53
f 54//54 55//55 56//56
f 57//57 58//58 59//59
f 59//59 58//58 60//60
f 61//61 62//62 63//63
f 63//63 62//62 64//64
f 63//63 64//64 65//65
f 53//53 39//39 66//66
f 66//66 39//39 10//10
f 66//66 10//10 9//9
f 67//67 68//68 69//69
f 69//69 68//68 44//44
f 69//69 44//44 70//70
f 70//70 44//44 43//43
f 70//70 43//43 71//71
f 67//67 69//69 72//72
f 72//72 69//69 73//73
f 72//72 73//73 74//74
f 74//74 73//73 75//75
f 74//74 75//75 76//76
f 76//76 75//75 77//77
f 76//76 77//77 78//78
f 64//64 79//79 65//65
f 65//65 79//79 80//80
f 65//65 80//80 81//81
f 81//81 80//80 82//82
f 81//81 82//82 83//83
f 57//57 84//84 58//58
f 58//58 84//84 85//85
f 58//58 85//85 56//56
f 56//56 85//85 86//86
f 56//56 86//86 54//54
f 48//48 59//59 49//49
f 49//49 59//59 60//60
f 49//49 60//60 87//87
f 87//87 60//60 88//88
f 87//87 88//88 89//89
f 89//89 88//88 90//90
f 43//43 52//52 71//71
f 71//71 52//52 53//53
f 71//71 53//53 63//63
f 63//63 53//53 91//91
f 63//63 91//91 61//61
f 55//55 54//54 92//92
f 92//92 54//54 93//93
f 92//92 93//93 94//94
f 2//2 1//1 95//95
f 95//95 1//1 34//34
f 95//95 34//34 96//96
f 96//96 34//34 97//97
f 98//98 99//99 100//100
f 100//100 99//99 101//101
f 100//100 101//101 90//90
f 90//90 101//101 102//102
f 90//90 102//102 103//103
f 97//97 89//89 96//96
f 96//96 89//89 90//90
f 96//96 90//90 104//104
f 104//104 90//90 103//103
f 98//98 100//100 105//105
f 105//105 100//100 106//106
f 105//105 106//106 107//107
f 108//108 109//109 110//110
f 111//111 112//112 113//113
f 114//114 111//111 115//115
f 115//115 111//111 113//113
f 115//115 113//113 116//116
f 116//116 113//113 117//117
f 110//110 118//118 108//108
f 108//108 118//118 119//119
f 108//108 119//119 120//120
f 120//120 121//121 108//108
f 108//108 121//121 122//122
f 108//108 122//122 115//115
f 115//115 122//122 123//123
f 115//115 123//123 114//114
f 15//15 16//16 124//124
f 15//15 124//124 125//125
f 125//125 124//124 126//126
f 125//125 126//126 127//127
f 127//127 126//126 128//128
f 127//127 128//128 129//129
f 129//129 128//128 130//130
f 129//129 130//130 131//131
f 131//131 130//130 132//132
f 131//131 132//132 133//133
f 133//133 132//132 134//134
f 133//133 134//134 135//135
f 135//135 134//134 136//136
f 135//135 136//136 137//137
f 137//137 136//136 138//138
f 137//137 138//138 139//139
f 139//139 138//138 140//140
f 139//139 140//140 141//141
f 141//141 140//140 142//142
f 141//141 142//142 143//143
f 143//143 142//142 144//144
f 143//143 144//144 145//145
f 145//145 144//144 146//146
f 145//145 146//146 147//147
f 148//148 149//149 150//150
f 150//150 149//149 151//151
f 151//151 149//149 152//152
f 151//151 152//152 153//153
f 154//154 155//155 156//156
f 156//156 157//157 154//154
f 154//154 157//157 158//158
f 154//154 158//158 159//159
f 160//160 161//161 162//162
f 153//153 152//152 163//163
f 163//163 152//152 164//164
f 163//163 164//164 165//165
f 165//165 164//164 166//166
f 165//165 166//166 156//156
f 156//156 166//166 167//167
f 156//156 167//167 157//157
f 160//160 162//162 168//168
f 168//168 162//162 169//169
f 168//168 169//169 158//158
f 158//158 169//169 170//170
f 158//158 170//170 159//159
f 171//171 172//172 173//173
f 173//173 172//172 174//174
f 150//150 175//175 148//148
f 148//148 175//175 176//176
f 148//148 176//176 177//177
f 177//177 176//176 178//178
f 177//177 178//178 179//179
f 179//179 178//178 180//180
f 179//179 180//180 172//172
f 172//172 180//180 181//181
f 172//172 181//181 174//174
f 182//182 183//183 184//184
f 184//184 183//183 185//185
f 184//184 185//185 186//186
f 186//186 185//185 187//187
f 186//186 187//187 188//188
f 188//188 187//187 189//189
f 188//188 189//189 190//190
f 191//191 192//192 193//193
f 193//193 192//192 194//194
f 193//193 194//194 182//182
f 182//182 194//194 195//195
f 182//182 195//195 183//183
f 160//160 172//172 196//196
f 196//196 172//172 171//171
f 196//196 171//171 191//191
f 191//191 171//171 197//197
f 191//191 197//197 192//192
f 189//189 198//198 190//190
f 190//190 198//198 199//199
f 190//190 199//199 200//200
f 200//200 199//199 201//201
f 200//200 201//201 202//202
f 202//202 201//201 203//203
f 202//202 203//203 204//204
f 204//204 203//203 205//205
f 204//204 205//205 206//206
f 206//206 205//205 207//207
f 206//206 207//207 208//208
f 208//208 207//207 161//161
f 208//208 161//161 209//209
f 209//209 161//161 160//160
f 209//209 160//160 210//210
f 210//210 160//160 196//196
f 211//211 212//212 213//213
f 212//212 214//214 213//213
f 213//213 214//214 215//215
f 213//213 215//215 216//216
f 216//216 215//215 217//217
f 216//216 217//217 218//218
f 218//218 217//217 219//219
f 218//218 219//219 220//220
f 213//213 221//221 211//211
f 211//211 221//221 222//222
f 211//211 222//222 223//223
f 223//223 222//222 224//224
f 223//223 224//224 225//225
f 225//225 224//224 226//226
f 225//225 226//226 227//227
f 227//227 226//226 228//228
f 229//229 230//230 231//231
f 232//232 233//233 234//234
f 235//235 236//236 237//237
f 232//232 234//234 238//238
f 238//238 234//234 239//239
f 238//238 239//239 240//240
f 240//240 239//239 241//241
f 240//240 241//241 242//242
f 242//242 241//241 243//243
f 242//242 243//243 244//244
f 244//244 243//243 245//245
f 244//244 245//245 228//228
f 228//228 245//245 246//246
f 228//228 246//246 227//227
f 247//247 248//248 249//249
f 235//235 218//218 236//236
f 236//236 218//218 220//220
f 236//236 220//220 250//250
f 250//250 220//220 251//251
f 250//250 251//251 252//252
f 237//237 231//231 235//235
f 235//235 231//231 230//230
f 235//235 230//230 232//232
f 232//232 230//230 253//253
f 232//232 253//253 233//233
f 247//247 249//249 254//254
f 254//254 249//249 255//255
f 254//254 255//255 231//231
f 231//231 255//255 256//256
f 231//231 256//256 229//229
f 257//257 258//258 259//259
f 259//259 258//258 260//260
f 252//252 251//251 261//261
f 261//261 251//251 262//262
f 261//261 262//262 263//263
f 248//248 247//247 264//264
f 264//264 247//247 265//265
f 264//264 265//265 257//257
f 257//257 265//265 266//266
f 257//257 266//266 258//258
f 262//262 267//267 263//263
f 263//263 267//267 268//268
f 263//263 268//268 269//269
f 269//269 268//268 270//270
f 269//269 270//270 271//271
f 271//271 270//270 272//272
f 271//271 272//272 273//273
f 273//273 272//272 274//274
f 273//273 274//274 260//260
f 260//260 274//274 275//275
f 260//260 275//275 259//259
f 23//23 24//24 276//276
f 23//23 276//276 277//277
f 277//277 276//276 278//278
f 277//277 278//278 279//279
f 279//279 278//278 280//280
f 279//279 280//280 281//281
f 281//281 280//280 282//282
f 281//281 282//282 283//283
f 283//283 282//282 284//284
f 283//283 284//284 285//285
f 285//285 284//284 286//286
f 285//285 286//286 287//287
f 287//287 286//286 288//288
f 287//287 288//288 289//289
f 289//289 288//288 290//290
f 289//289 290//290 291//291
f 291//291 290//290 292//292
f 291//291 292//292 293//293
f 293//293 292//292 294//294
f 293//293 294//294 295//295
f 295//295 294//294 296//296
f 295//295 296//296 297//297
f 297//297 296//296 116//116
f 297//297 116//116 117//117
f 31//31 32//32 298//298
f 31//31 298//298 299//299
f 299//299 298//298 300//300
f 299//299 300//300 301//301
f 301//301 300//300 302//302
f 301//301 302//302 303//303
f 303//303 302//302 304//304
f 303//303 304//304 305//305
f 305//305 304//304 306//306
f 305//305 306//306 307//307
f 307//307 306//306 308//308
f 307//307 308//308 309//309
f 309//309 308//308 310//310
f 309//309 310//310 311//311
f 311//311 310//310 312//312
f 311//311 312//312 313//313
f 313//313 312//312 314//314
f 313//313 314//314 315//315
f 315//315 314//314 316//316
f 315//315 316//316 317//317
f 317//317 316//316 318//318
f 317//317 318//318 319//319
f 319//319 318//318 110//110
f 319//319 110//110 109//109
f 7//7 8//8 320//320
f 7//7 320//320 321//321
f 321//321 320//320 322//322
f 321//321 322//322 323//323
f 323//323 322//322 324//324
f 323//323 324//324 325//325
f 325//325 324//324 326//326
f 325//325 326//326 327//327
f 327//327 326//326 328//328
f 327//327 328//328 329//329
f 329//329 328//328 330//330
f 329//329 330//330 331//331
f 331//331 330//330 332//332
f 331//331 332//332 333//333
f 333//333 332//332 334//334
f 333//333 334//334 335//335
f 335//335 334//334 336//336
f 335//335 336//336 337//337
f 337//337 336//336 338//338
f 337//337 338//338 339//339
f 339//339 338//338 340//340
f 339//339 340//340 341//341
f 341//341 340//340 342//342
f 341//341 342//342 343//343
f 344//344 345//345 346//346
f 344//344 346//346 347//347
f 348//348 349//349 346//346
f 346//346 349//349 350//350
f 350//350 351//351 346//346
f 346//346 351//351 352//352
f 346//346 352//352 347//347
f 345//345 353//353 354//354
f 354//354 353//353 355//355
f 354//354 355//355 356//356
f 357//357 358//358 359//359
f 359//359 358//358 354//354
f 359//359 354//354 360//360
f 360//360 354//354 356//356
f 345//345 354//354 346//346
f 346//346 354//354 361//361
f 346//346 361//361 362//362
f 362//362 361//361 363//363
f 362//362 363//363 364//364
f 364//364 363//363 365//365
f 364//364 365//365 366//366
f 366//366 365//365 367//367
f 366//366 367//367 368//368
f 368//368 367//367 369//369
f 368//368 369//369 370//370
f 370//370 369//369 371//371
f 370//370 371//371 372//372
f 372//372 371//371 373//373
f 372//372 373//373 374//374
f 375//375 115//115 376//376
f 376//376 115//115 116//116
f 376//376 116//116 377//377
f 375//375 378//378 115//115
f 115//115 378//378 379//379
f 115//115 379//379 380//380
f 380//380 379//379 381//381
f 382//382 286//286 383//383
f 383//383 286//286 284//284
f 383//383 284//284 384//384
f 384//384 284//284 282//282
f 384//384 282//282 385//385
f 116//116 296//296 377//377
f 377//377 296//296 294//294
f 377//377 294//294 386//386
f 386//386 294//294 292//292
f 386//386 292//292 387//387
f 387//387 292//292 290//290
f 387//387 290//290 382//382
f 382//382 290//290 288//288
f 382//382 288//288 286//286
f 282//282 280//280 385//385
f 385//385 280//280 278//278
f 385//385 278//278 388//388
f 388//388 278//278 276//276
f 388//388 276//276 389//389
f 389//389 276//276 24//24
f 389//389 24//24 381//381
f 381//381 24//24 22//22
f 381//381 22//22 380//380
f 380//380 22//22 20//20
f 380//380 20//20 18//18
f 390//390 301//301 391//391
f 29//29 31//31 299//299
f 299//299 301//301 29//29
f 29//29 301//301 390//390
f 29//29 390//390 27//27
f 27//27 390//390 25//25
f 391//391 301//301 392//392
f 392//392 301//301 303//303
f 392//392 303//303 393//393
f 393//393 303//303 305//305
f 393//393 305//305 394//394
f 391//391 395//395 390//390
f 390//390 395//395 396//396
f 390//390 396//396 108//108
f 108//108 396//396 397//397
f 398//398 317//317 399//399
f 399//399 317//317 319//319
f 399//399 319//319 400//400
f 400//400 319//319 109//109
f 400//400 109//109 401//401
f 401//401 109//109 108//108
f 401//401 108//108 402//402
f 402//402 108//108 397//397
f 305//305 307//307 394//394
f 394//394 307//307 309//309
f 394//394 309//309 403//403
f 403//403 309//309 311//311
f 403//403 311//311 404//404
f 404//404 311//311 313//313
f 404//404 313//313 398//398
f 398//398 313//313 315//315
f 398//398 315//315 317//317
f 390//390 108//108 380//380
f 380//380 108//108 115//115
f 405//405 26//26 406//406
f 406//406 26//26 25//25
f 17//17 406//406 18//18
f 18//18 406//406 25//25
f 18//18 25//25 380//380
f 380//380 25//25 390//390
f 147//147 146//146 407//407
f 407//407 146//146 408//408
f 343//343 342//342 409//409
f 409//409 342//342 410//410
f 411//411 412//412 413//413
f 408//408 414//414 407//407
f 407//407 414//414 415//415
f 407//407 415//415 416//416
f 349//349 348//348 417//417
f 417//417 348//348 418//418
f 417//417 418//418 419//419
f 419//419 418//418 420//420
f 358//358 357//357 421//421
f 421//421 357//357 422//422
f 421//421 422//422 423//423
f 423//423 422//422 424//424
f 423//423 424//424 425//425
f 413//413 412//412 415//415
f 415//415 412//412 426//426
f 415//415 426//426 416//416
f 427//427 428//428 429//429
f 429//429 428//428 425//425
f 429//429 425//425 430//430
f 430//430 425//425 424//424
f 430//430 424//424 431//431
f 431//431 424//424 432//432
f 431//431 432//432 433//433
f 433//433 432//432 419//419
f 433//433 419//419 434//434
f 434//434 419//419 420//420
f 434//434 420//420 413//413
f 413//413 420//420 435//435
f 413//413 435//435 411//411
f 410//410 436//436 409//409
f 409//409 436//436 437//437
f 409//409 437//437 408//408
f 408//408 437//437 438//438
f 408//408 438//438 414//414
f 410//410 439//439 436//436
f 436//436 439//439 440//440
f 436//436 440//440 427//427
f 427//427 440//440 441//441
f 427//427 441//441 428//428
f 442//442 443//443 444//444
f 444//444 443//443 445//445
f 444//444 445//445 446//446
f 446//446 445//445 447//447
f 446//446 447//447 448//448
f 449//449 450//450 451//451
f 451//451 450//450 452//452
f 451//451 452//452 453//453
f 442//442 454//454 443//443
f 443//443 454//454 455//455
f 443//443 455//455 456//456
f 456//456 455//455 457//457
f 456//456 457//457 458//458
f 458//458 457//457 453//453
f 458//458 453//453 459//459
f 459//459 453//453 452//452
f 460//460 461//461 462//462
f 462//462 461//461 463//463
f 462//462 463//463 464//464
f 464//464 463//463 465//465
f 464//464 465//465 449//449
f 449//449 465//465 466//466
f 449//449 466//466 450//450
f 447//447 467//467 448//448
f 448//448 467//467 468//468
f 448//448 468//468 469//469
f 469//469 468//468 470//470
f 469//469 470//470 471//471
f 471//471 470//470 472//472
f 471//471 472//472 473//473
f 473//473 472//472 474//474
f 473//473 474//474 460//460
f 460//460 474//474 475//475
f 460//460 475//475 461//461
f 476//476 477//477 478//478
f 478//478 479//479 476//476
f 476//476 479//479 480//480
f 476//476 480//480 481//481
f 482//482 483//483 484//484
f 484//484 483//483 485//485
f 484//484 485//485 486//486
f 486//486 485//485 487//487
f 486//486 487//487 488//488
f 488//488 487//487 489//489
f 488//488 489//489 490//490
f 480//480 491//491 481//481
f 481//481 491//491 492//492
f 481//481 492//492 493//493
f 493//493 492//492 490//490
f 493//493 490//490 494//494
f 494//494 490//490 489//489
f 495//495 496//496 497//497
f 497//497 496//496 498//498
f 497//497 498//498 499//499
f 499//499 498//498 500//500
f 499//499 500//500 482//482
f 482//482 500//500 501//501
f 482//482 501//501 483//483
f 477//477 502//502 478//478
f 478//478 502//502 503//503
f 478//478 503//503 504//504
f 504//504 503//503 505//505
f 504//504 505//505 506//506
f 506//506 505//505 507//507
f 506//506 507//507 495//495
f 495//495 507//507 508//508
f 495//495 508//508 496//496
f 509//509 510//510 511//511
f 511//511 510//510 409//409
f 511//511 409//409 512//512
f 512//512 409//409 408//408
f 512//512 408//408 513//513
f 513//513 408//408 514//514
f 16//16 14//14 130//130
f 128//128 126//126 130//130
f 130//130 126//126 124//124
f 130//130 124//124 16//16
f 515//515 408//408 516//516
f 516//516 408//408 146//146
f 516//516 146//146 517//517
f 517//517 146//146 144//144
f 517//517 144//144 518//518
f 519//519 520//520 514//514
f 514//514 520//520 521//521
f 521//521 130//130 514//514
f 514//514 130//130 14//14
f 514//514 14//14 36//36
f 36//36 14//14 12//12
f 36//36 12//12 10//10
f 144//144 142//142 518//518
f 518//518 142//142 140//140
f 518//518 140//140 522//522
f 522//522 140//140 138//138
f 522//522 138//138 523//523
f 523//523 138//138 136//136
f 523//523 136//136 524//524
f 524//524 136//136 134//134
f 524//524 134//134 525//525
f 525//525 134//134 132//132
f 525//525 132//132 526//526
f 526//526 132//132 130//130
f 526//526 130//130 527//527
f 527//527 130//130 521//521
f 515//515 528//528 408//408
f 408//408 528//528 529//529
f 408//408 529//529 514//514
f 514//514 529//529 530//530
f 514//514 530//530 519//519
f 531//531 532//532 409//409
f 7//7 321//321 5//5
f 5//5 321//321 37//37
f 5//5 37//37 3//3
f 3//3 37//37 1//1
f 409//409 532//532 343//343
f 532//532 533//533 343//343
f 343//343 533//533 534//534
f 343//343 534//534 341//341
f 341//341 534//534 535//535
f 341//341 535//535 339//339
f 531//531 409//409 536//536
f 536//536 409//409 510//510
f 536//536 510//510 537//537
f 537//537 510//510 37//37
f 537//537 37//37 538//538
f 538//538 37//37 321//321
f 538//538 321//321 539//539
f 539//539 321//321 323//323
f 539//539 323//323 540//540
f 540//540 323//323 325//325
f 540//540 325//325 541//541
f 541//541 325//325 327//327
f 541//541 327//327 542//542
f 333//333 543//543 331//331
f 331//331 543//543 542//542
f 331//331 542//542 329//329
f 329//329 542//542 327//327
f 339//339 535//535 337//337
f 337//337 535//535 544//544
f 337//337 544//544 335//335
f 335//335 544//544 545//545
f 335//335 545//545 333//333
f 333//333 545//545 546//546
f 333//333 546//546 543//543
f 547//547 548//548 549//549
f 547//547 549//549 550//550
f 550//550 549//549 551//551
f 550//550 551//551 552//552
f 552//552 551//551 553//553
f 552//552 553//553 554//554
f 554//554 553//553 555//555
f 554//554 555//555 556//556
f 556//556 555//555 557//557
f 556//556 557//557 558//558
f 558//558 557//557 559//559
f 558//558 559//559 560//560
f 560//560 559//559 561//561
f 560//560 561//561 562//562
f 562//562 561//561 563//563
f 562//562 563//563 564//564
f 564//564 563//563 565//565
f 564//564 565//565 566//566
f 566//566 565//565 567//567
f 566//566 567//567 568//568
f 568//568 567//567 569//569
f 568//568 569//569 570//570
f 570//570 569//569 571//571
f 570//570 571//571 572//572
f 572//572 571//571 573//573
f 572//572 573//573 574//574
f 547//547 575//575 548//548
f 548//548 575//575 576//576
f 548//548 576//576 577//577
f 577//577 576//576 578//578
f 577//577 578//578 579//579
f 579//579 578//578 580//580
f 579//579 580//580 581//581
f 581//581 580//580 582//582
f 581//581 582//582 583//583
f 583//583 582//582 584//584
f 583//583 584//584 585//585
f 585//585 584//584 586//586
f 585//585 586//586 587//587
f 587//587 586//586 588//588
f 587//587 588//588 589//589
f 589//589 588//588 590//590
f 589//589 590//590 591//591
f 591//591 590//590 592//592
f 591//591 592//592 593//593
f 593//593 592//592 594//594
f 593//593 594//594 595//595
f 595//595 594//594 596//596
f 595//595 596//596 597//597
f 597//597 596//596 598//598
f 597//597 598//598 599//599
f 599//599 598//598 600//600
f 599//599 600//600 601//601
f 601//601 600//600 574//574
f 601//601 574//574 602//602
f 602//602 574//574 573//573
f 603//603 604//604 605//605
f 603//603 605//605 606//606
f 606//606 605//605 607//607
f 606//606 607//607 608//608
f 608//608 607//607 609//609
f 608//608 609//609 610//610
f 610//610 609//609 611//611
f 610//610 611//611 612//612
f 612//612 611//611 613//613
f 612//612 613//613 614//614
f 614//614 613//613 615//615
f 614//614 615//615 616//616
f 616//616 615//615 617//617
f 616//616 617//617 618//618
f 618//618 617//617 619//619
f 618//618 619//619 620//620
f 620//620 619//619 621//621
f 620//620 621//621 622//622
f 622//622 621//621 623//623
f 622//622 623//623 624//624
f 624//624 623//623 625//625
f 624//624 625//625 626//626
f 626//626 625//625 627//627
f 626//626 627//627 628//628
f 628//628 627//627 629//629
f 628//628 629//629 630//630
f 603//603 631//631 604//604
f 604//604 631//631 632//632
f 604//604 632//632 633//633
f 633//633 632//632 634//634
f 633//633 634//634 635//635
f 635//635 634//634 636//636
f 635//635 636//636 637//637
f 637//637 636//636 638//638
f 637//637 638//638 639//639
f 639//639 638//638 640//640
f 639//639 640//640 641//641
f 641//641 640//640 642//642
f 641//641 642//642 643//643
f 643//643 642//642 644//644
f 643//643 644//644 645//645
f 645//645 644//644 646//646
f 645//645 646//646 647//647
f 647//647 646//646 648//648
f 647//647 648//648 649//649
f 649//649 648//648 650//650
f 649//649 650//650 651//651
f 651//651 650//650 652//652
f 651//651 652//652 653//653
f 653//653 652//652 654//654
f 653//653 654//654 655//655
f 655//655 654//654 656//656
f 655//655 656//656 657//657
f 657//657 656//656 630//630
f 657//657 630//630 658//658
f 658//658 630//630 629//629
f 659//659 392//392 393//393
f 394//394 660//660 393//393
f 393//393 660//660 661//661
f 393//393 661//661 659//659
f 403//403 662//662 394//394
f 394//394 662//662 663//663
f 394//394 663//663 660//660
f 404//404 664//664 403//403
f 403//403 664//664 665//665
f 403//403 665//665 662//662
f 398//398 666//666 404//404
f 404//404 666//666 667//667
f 404//404 667//667 664//664
f 399//399 668//668 398//398
f 398//398 668//668 669//669
f 398//398 669//669 666//666
f 400//400 670//670 399//399
f 399//399 670//670 671//671
f 399//399 671//671 668//668
f 401//401 672//672 400//400
f 400//400 672//672 673//673
f 400//400 673//673 670//670
f 402//402 674//674 401//401
f 401//401 674//674 675//675
f 401//401 675//675 672//672
f 397//397 676//676 402//402
f 402//402 676//676 677//677
f 402//402 677//677 674//674
f 396//396 678//678 397//397
f 397//397 678//678 679//679
f 397//397 679//679 676//676
f 395//395 680//680 396//396
f 396//396 680//680 681//681
f 396//396 681//681 678//678
f 391//391 682//682 395//395
f 395//395 682//682 683//683
f 395//395 683//683 680//680
f 659//659 684//684 392//392
f 392//392 684//684 685//685
f 392//392 685//685 391//391
f 391//391 685//685 686//686
f 391//391 686//686 682//682
f 687//687 384//384 385//385
f 687//687 688//688 384//384
f 384//384 688//688 689//689
f 384//384 689//689 383//383
f 689//689 690//690 383//383
f 383//383 690//690 691//691
f 383//383 691//691 382//382
f 691//691 692//692 382//382
f 382//382 692//692 693//693
f 382//382 693//693 387//387
f 693//693 694//694 387//387
f 387//387 694//694 695//695
f 387//387 695//695 386//386
f 695//695 696//696 386//386
f 386//386 696//696 697//697
f 386//386 697//697 377//377
f 697//697 698//698 377//377
f 377//377 698//698 699//699
f 377//377 699//699 376//376
f 699//699 700//700 376//376
f 376//376 700//700 701//701
f 376//376 701//701 375//375
f 701//701 702//702 375//375
f 375//375 702//702 703//703
f 375//375 703//703 378//378
f 703//703 704//704 378//378
f 378//378 704//704 705//705
f 378//378 705//705 379//379
f 705//705 706//706 379//379
f 379//379 706//706 707//707
f 379//379 707//707 381//381
f 707//707 708//708 381//381
f 381//381 708//708 709//709
f 381//381 709//709 389//389
f 709//709 710//710 389//389
f 389//389 710//710 711//711
f 389//389 711//711 388//388
f 711//711 712//712 388//388
f 388//388 712//712 713//713
f 388//388 713//713 385//385
f 385//385 713//713 714//714
f 385//385 714//714 687//687
f 715//715 716//716 717//717
f 718//718 719//719 720//720
f 720//720 719//719 721//721
f 721//721 719//719 722//722
f 721//721 722//722 723//723
f 723//723 722//722 724//724
f 723//723 724//724 725//725
f 726//726 727//727 728//728
f 729//729 730//730 728//728
f 728//728 730//730 731//731
f 728//728 731//731 726//726
f 718//718 720//720 732//732
f 732//732 720//720 733//733
f 732//732 733//733 734//734
f 735//735 736//736 737//737
f 737//737 736//736 738//738
f 737//737 738//738 739//739
f 739//739 738//738 734//734
f 739//739 734//734 740//740
f 740//740 734//734 733//733
f 717//717 716//716 741//741
f 741//741 716//716 742//742
f 741//741 742//742 743//743
f 743//743 742//742 744//744
f 743//743 744//744 745//745
f 746//746 747//747 748//748
f 735//735 737//737 748//748
f 748//748 737//737 749//749
f 748//748 749//749 746//746
f 715//715 717//717 750//750
f 750//750 717//717 751//751
f 750//750 751//751 752//752
f 729//729 753//753 730//730
f 730//730 753//753 754//754
f 730//730 754//754 755//755
f 755//755 754//754 752//752
f 755//755 752//752 756//756
f 756//756 752//752 751//751
f 757//757 758//758 759//759
f 757//757 759//759 760//760
f 760//760 759//759 761//761
f 760//760 761//761 762//762
f 762//762 761//761 763//763
f 762//762 763//763 764//764
f 764//764 763//763 765//765
f 764//764 765//765 766//766
f 766//766 765//765 767//767
f 766//766 767//767 768//768
f 768//768 767//767 769//769
f 768//768 769//769 770//770
f 770//770 769//769 771//771
f 770//770 771//771 772//772
f 772//772 771//771 773//773
f 772//772 773//773 774//774
f 774//774 773//773 775//775
f 774//774 775//775 776//776
f 776//776 775//775 777//777
f 776//776 777//777 778//778
f 778//778 777//777 779//779
f 778//778 779//779 780//780
f 779//779 781//781 780//780
f 780//780 781//781 782//782
f 780//780 782//782 783//783
f 783//783 782//782 743//743
f 783//783 743//743 746//746
f 746//746 743//743 745//745
f 746//746 745//745 747//747
f 757//757 784//784 758//758
f 758//758 784//784 785//785
f 758//758 785//785 786//786
f 786//786 785//785 723//723
f 786//786 723//723 726//726
f 726//726 723//723 725//725
f 726//726 725//725 727//727
f 727//727 787//787 344//344
f 727//727 344//344 728//728
f 728//728 344//344 347//347
f 728//728 347//347 729//729
f 729//729 347//347 352//352
f 729//729 352//352 753//753
f 753//753 352//352 351//351
f 753//753 351//351 754//754
f 754//754 351//351 350//350
f 754//754 350//350 752//752
f 752//752 350//350 349//349
f 752//752 349//349 750//750
f 750//750 349//349 417//417
f 750//750 417//417 715//715
f 715//715 417//417 716//716
f 716//716 417//417 419//419
f 716//716 419//419 742//742
f 742//742 419//419 744//744
f 744//744 419//419 788//788
f 744//744 788//788 789//789
f 789//789 788//788 747//747
f 747//747 788//788 424//424
f 747//747 424//424 748//748
f 727//727 725//725 787//787
f 787//787 725//725 724//724
f 787//787 724//724 353//353
f 353//353 724//724 722//722
f 353//353 722//722 355//355
f 355//355 722//722 719//719
f 355//355 719//719 356//356
f 356//356 719//719 718//718
f 356//356 718//718 360//360
f 360//360 718//718 732//732
f 360//360 732//732 359//359
f 359//359 732//732 734//734
f 359//359 734//734 357//357
f 357//357 734//734 422//422
f 734//734 738//738 422//422
f 422//422 738//738 736//736
f 422//422 736//736 424//424
f 424//424 736//736 735//735
f 424//424 735//735 748//748
f 790//790 791//791 792//792
f 792//792 791//791 793//793
f 794//794 795//795 796//796
f 796//796 795//795 797//797
f 793//793 798//798 799//799
f 799//799 798//798 800//800
f 799//799 800//800 801//801
f 791//791 797//797 793//793
f 793//793 797//797 795//795
f 793//793 795//795 798//798
f 802//802 803//803 804//804
f 804//804 803//803 797//797
f 804//804 797//797 805//805
f 805//805 797//797 791//791
f 805//805 791//791 806//806
f 806//806 791//791 807//807
f 808//808 804//804 809//809
f 809//809 804//804 805//805
f 810//810 811//811 812//812
f 812//812 811//811 813//813
f 112//112 111//111 814//814
f 815//815 816//816 76//76
f 76//76 816//816 817//817
f 76//76 817//817 74//74
f 76//76 818//818 819//819
f 814//814 815//815 112//112
f 112//112 815//815 76//76
f 112//112 76//76 820//820
f 820//820 76//76 819//819
f 821//821 120//120 119//119
f 54//54 822//822 93//93
f 93//93 822//822 823//823
f 93//93 823//823 824//824
f 825//825 826//826 827//827
f 827//827 826//826 93//93
f 827//827 93//93 119//119
f 119//119 93//93 824//824
f 119//119 824//824 821//821
f 828//828 826//826 825//825
f 94//94 93//93 829//829
f 829//829 93//93 826//826
f 829//829 826//826 830//830
f 830//830 826//826 828//828
f 105//105 107//107 831//831
f 831//831 107//107 832//832
f 833//833 834//834 835//835
f 835//835 834//834 831//831
f 835//835 831//831 836//836
f 836//836 831//831 832//832
f 827//827 119//119 118//118
f 118//118 837//837 827//827
f 827//827 837//837 834//834
f 827//827 834//834 825//825
f 825//825 834//834 833//833
f 825//825 833//833 828//828
f 838//838 839//839 840//840
f 83//83 82//82 841//841
f 841//841 82//82 839//839
f 841//841 839//839 842//842
f 842//842 839//839 838//838
f 76//76 78//78 818//818
f 818//818 78//78 843//843
f 844//844 819//819 845//845
f 845//845 819//819 818//818
f 845//845 818//818 846//846
f 846//846 818//818 843//843
f 847//847 113//113 112//112
f 112//112 820//820 847//847
f 847//847 820//820 819//819
f 847//847 819//819 840//840
f 840//840 819//819 844//844
f 840//840 844//844 838//838
f 848//848 849//849 850//850
f 850//850 849//849 851//851
f 852//852 853//853 854//854
f 854//854 853//853 855//855
f 850//850 851//851 856//856
f 850//850 856//856 857//857
f 857//857 856//856 858//858
f 857//857 858//858 859//859
f 859//859 858//858 443//443
f 859//859 443//443 456//456
f 854//854 855//855 860//860
f 854//854 860//860 861//861
f 861//861 860//860 862//862
f 861//861 862//862 863//863
f 863//863 862//862 477//477
f 863//863 477//477 476//476
f 849//849 848//848 864//864
f 864//864 848//848 865//865
f 864//864 865//865 866//866
f 866//866 865//865 867//867
f 866//866 867//867 211//211
f 211//211 867//867 212//212
f 156//156 155//155 868//868
f 868//868 155//155 869//869
f 868//868 869//869 870//870
f 870//870 869//869 871//871
f 870//870 871//871 852//852
f 852//852 871//871 853//853
f 792//792 793//793 799//799
f 512//512 513//513 872//872
f 872//872 513//513 873//873
f 872//872 873//873 874//874
f 874//874 873//873 801//801
f 801//801 873//873 799//799
f 799//799 873//873 875//875
f 799//799 875//875 792//792
f 794//794 876//876 795//795
f 795//795 876//876 798//798
f 798//798 876//876 800//800
f 800//800 876//876 877//877
f 800//800 877//877 878//878
f 878//878 877//877 879//879
f 879//879 877//877 509//509
f 879//879 509//509 511//511
f 796//796 797//797 880//880
f 880//880 797//797 803//803
f 880//880 803//803 881//881
f 881//881 803//803 882//882
f 882//882 803//803 802//802
f 882//882 802//802 883//883
f 883//883 802//802 884//884
f 884//884 802//802 804//804
f 884//884 804//804 808//808
f 809//809 805//805 885//885
f 885//885 805//805 806//806
f 885//885 806//806 886//886
f 886//886 806//806 887//887
f 887//887 806//806 807//807
f 887//887 807//807 888//888
f 888//888 807//807 889//889
f 889//889 807//807 791//791
f 889//889 791//791 790//790
f 123//123 122//122 890//890
f 890//890 122//122 891//891
f 890//890 891//891 892//892
f 892//892 891//891 893//893
f 892//892 893//893 894//894
f 894//894 893//893 895//895
f 894//894 895//895 813//813
f 813//813 895//895 812//812
f 896//896 897//897 898//898
f 898//898 897//897 899//899
f 898//898 899//899 900//900
f 901//901 902//902 903//903
f 903//903 902//902 904//904
f 904//904 902//902 905//905
f 904//904 905//905 906//906
f 899//899 901//901 900//900
f 900//900 901//901 903//903
f 900//900 903//903 810//810
f 810//810 903//903 811//811
f 374//374 373//373 907//907
f 907//907 373//373 908//908
f 907//907 908//908 909//909
f 909//909 908//908 910//910
f 909//909 910//910 406//406
f 406//406 910//910 405//405
f 911//911 912//912 913//913
f 913//913 912//912 914//914
f 915//915 916//916 917//917
f 917//917 916//916 918//918
f 917//917 918//918 919//919
f 919//919 918//918 920//920
f 919//919 920//920 921//921
f 921//921 920//920 922//922
f 921//921 922//922 923//923
f 923//923 922//922 924//924
f 923//923 924//924 925//925
f 925//925 924//924 926//926
f 925//925 926//926 914//914
f 914//914 926//926 913//913
f 916//916 915//915 927//927
f 927//927 915//915 928//928
f 927//927 928//928 929//929
f 929//929 928//928 930//930
f 929//929 930//930 931//931
f 931//931 930//930 932//932
f 932//932 930//930 933//933
f 932//932 933//933 934//934
f 934//934 933//933 935//935
f 935//935 933//933 936//936
f 935//935 936//936 937//937
f 938//938 939//939 936//936
f 936//936 939//939 940//940
f 936//936 940//940 937//937
f 941//941 942//942 938//938
f 938//938 942//942 943//943
f 943//943 944//944 938//938
f 938//938 944//944 945//945
f 938//938 945//945 939//939
f 946//946 912//912 911//911
f 911//911 947//947 946//946
f 946//946 947//947 948//948
f 946//946 948//948 941//941
f 941//941 948//948 949//949
f 941//941 949//949 942//942
f 928//928 912//912 946//946
f 912//912 928//928 914//914
f 914//914 928//928 915//915
f 914//914 915//915 917//917
f 923//923 925//925 921//921
f 921//921 925//925 914//914
f 921//921 914//914 919//919
f 919//919 914//914 917//917
f 938//938 936//936 941//941
f 941//941 936//936 933//933
f 941//941 933//933 946//946
f 946//946 933//933 930//930
f 946//946 930//930 928//928
f 950//950 951//951 952//952
f 952//952 951//951 953//953
f 954//954 955//955 956//956
f 956//956 955//955 957//957
f 956//956 957//957 958//958
f 958//958 957//957 959//959
f 958//958 959//959 960//960
f 960//960 959//959 961//961
f 960//960 961//961 962//962
f 962//962 961//961 963//963
f 962//962 963//963 964//964
f 964//964 963//963 965//965
f 964//964 965//965 953//953
f 953//953 965//965 952//952
f 955//955 954//954 966//966
f 966//966 954//954 967//967
f 966//966 967//967 968//968
f 968//968 967//967 969//969
f 968//968 969//969 970//970
f 970//970 969//969 971//971
f 971//971 969//969 972//972
f 971//971 972//972 973//973
f 973//973 972//972 974//974
f 974//974 972//972 975//975
f 974//974 975//975 976//976
f 977//977 978//978 975//975
f 975//975 978//978 979//979
f 975//975 979//979 976//976
f 980//980 981//981 977//977
f 977//977 981//981 982//982
f 982//982 983//983 977//977
f 977//977 983//983 984//984
f 977//977 984//984 978//978
f 985//985 951//951 950//950
f 950//950 986//986 985//985
f 985//985 986//986 987//987
f 985//985 987//987 980//980
f 980//980 987//987 988//988
f 980//980 988//988 981//981
f 962//962 964//964 953//953
f 956//956 958//958 954//954
f 954//954 958//958 960//960
f 977//977 975//975 980//980
f 980//980 975//975 972//972
f 980//980 972//972 985//985
f 985//985 972//972 969//969
f 985//985 969//969 951//951
f 951//951 969//969 967//967
f 951//951 967//967 953//953
f 953//953 967//967 954//954
f 953//953 954//954 962//962
f 962//962 954//954 960//960
f 173//173 406//406 171//171
f 171//171 406//406 17//17
f 406//406 173//173 909//909
f 909//909 173//173 174//174
f 909//909 174//174 907//907
f 907//907 174//174 181//181
f 907//907 181//181 374//374
f 374//374 181//181 180//180
f 23//23 194//194 21//21
f 21//21 194//194 192//192
f 21//21 192//192 19//19
f 19//19 192//192 197//197
f 19//19 197//197 17//17
f 17//17 197//197 171//171
f 165//165 348//348 346//346
f 165//165 346//346 163//163
f 163//163 346//346 362//362
f 163//163 362//362 153//153
f 153//153 362//362 364//364
f 153//153 364//364 151//151
f 151//151 364//364 366//366
f 151//151 366//366 150//150
f 150//150 366//366 368//368
f 150//150 368//368 175//175
f 175//175 368//368 370//370
f 175//175 370//370 176//176
f 176//176 370//370 372//372
f 176//176 372//372 178//178
f 178//178 372//372 374//374
f 178//178 374//374 180//180
f 194//194 23//23 277//277
f 194//194 277//277 195//195
f 195//195 277//277 279//279
f 195//195 279//279 183//183
f 183//183 279//279 281//281
f 183//183 281//281 185//185
f 185//185 281//281 283//283
f 185//185 283//283 187//187
f 187//187 283//283 285//285
f 187//187 285//285 189//189
f 189//189 285//285 287//287
f 189//189 287//287 198//198
f 198//198 287//287 289//289
f 198//198 289//289 199//199
f 199//199 289//289 291//291
f 199//199 291//291 201//201
f 201//201 291//291 293//293
f 201//201 293//293 203//203
f 203//203 293//293 295//295
f 203//203 295//295 205//205
f 205//205 295//295 297//297
f 205//205 297//297 207//207
f 207//207 297//297 117//117
f 207//207 117//117 161//161
f 156//156 418//418 165//165
f 165//165 418//418 348//348
f 113//113 162//162 117//117
f 117//117 162//162 161//161
f 852//852 411//411 870//870
f 870//870 411//411 435//435
f 870//870 435//435 868//868
f 868//868 435//435 420//420
f 868//868 420//420 156//156
f 156//156 420//420 418//418
f 82//82 154//154 839//839
f 839//839 154//154 159//159
f 839//839 159//159 840//840
f 840//840 159//159 170//170
f 840//840 170//170 847//847
f 847//847 170//170 169//169
f 847//847 169//169 113//113
f 113//113 169//169 162//162
f 854//854 412//412 852//852
f 852//852 412//412 411//411
f 80//80 155//155 82//82
f 82//82 155//155 154//154
f 412//412 854//854 861//861
f 412//412 861//861 426//426
f 426//426 861//861 863//863
f 426//426 863//863 416//416
f 416//416 863//863 476//476
f 416//416 476//476 407//407
f 155//155 80//80 869//869
f 869//869 80//80 79//79
f 869//869 79//79 871//871
f 871//871 79//79 64//64
f 871//871 64//64 853//853
f 853//853 64//64 62//62
f 481//481 147//147 476//476
f 476//476 147//147 407//407
f 61//61 855//855 62//62
f 62//62 855//855 853//853
f 507//507 15//15 125//125
f 507//507 125//125 508//508
f 508//508 125//125 127//127
f 508//508 127//127 496//496
f 496//496 127//127 129//129
f 496//496 129//129 498//498
f 498//498 129//129 131//131
f 498//498 131//131 500//500
f 500//500 131//131 133//133
f 500//500 133//133 501//501
f 501//501 133//133 135//135
f 501//501 135//135 483//483
f 483//483 135//135 137//137
f 483//483 137//137 485//485
f 485//485 137//137 139//139
f 485//485 139//139 487//487
f 487//487 139//139 141//141
f 487//487 141//141 489//489
f 489//489 141//141 143//143
f 489//489 143//143 494//494
f 494//494 143//143 145//145
f 494//494 145//145 493//493
f 493//493 145//145 147//147
f 493//493 147//147 481//481
f 66//66 477//477 862//862
f 66//66 862//862 53//53
f 53//53 862//862 860//860
f 53//53 860//860 91//91
f 91//91 860//860 855//855
f 91//91 855//855 61//61
f 15//15 507//507 13//13
f 13//13 507//507 505//505
f 13//13 505//505 11//11
f 11//11 505//505 503//503
f 11//11 503//503 9//9
f 9//9 503//503 502//502
f 9//9 502//502 66//66
f 66//66 502//502 477//477
f 480//480 479//479 635//635
f 635//635 637//637 480//480
f 480//480 637//637 639//639
f 480//480 639//639 491//491
f 639//639 641//641 491//491
f 491//491 641//641 643//643
f 491//491 643//643 492//492
f 643//643 645//645 492//492
f 492//492 645//645 647//647
f 492//492 647//647 490//490
f 647//647 649//649 490//490
f 490//490 649//649 651//651
f 490//490 651//651 488//488
f 651//651 653//653 488//488
f 488//488 653//653 655//655
f 488//488 655//655 486//486
f 655//655 657//657 486//486
f 486//486 657//657 658//658
f 486//486 658//658 484//484
f 484//484 658//658 629//629
f 484//484 629//629 482//482
f 629//629 627//627 482//482
f 482//482 627//627 625//625
f 482//482 625//625 499//499
f 625//625 623//623 499//499
f 499//499 623//623 621//621
f 499//499 621//621 497//497
f 621//621 619//619 497//497
f 497//497 619//619 617//617
f 497//497 617//617 495//495
f 617//617 615//615 495//495
f 495//495 615//615 613//613
f 495//495 613//613 506//506
f 613//613 611//611 506//506
f 506//506 611//611 609//609
f 506//506 609//609 504//504
f 609//609 607//607 504//504
f 504//504 607//607 605//605
f 504//504 605//605 478//478
f 478//478 605//605 604//604
f 478//478 604//604 479//479
f 479//479 604//604 633//633
f 479//479 633//633 635//635
f 110//110 251//251 118//118
f 118//118 251//251 220//220
f 251//251 110//110 318//318
f 251//251 318//318 262//262
f 262//262 318//318 316//316
f 262//262 316//316 267//267
f 267//267 316//316 314//314
f 267//267 314//314 268//268
f 268//268 314//314 312//312
f 268//268 312//312 270//270
f 270//270 312//312 310//310
f 270//270 310//310 272//272
f 272//272 310//310 308//308
f 272//272 308//308 274//274
f 274//274 308//308 306//306
f 274//274 306//306 275//275
f 275//275 306//306 304//304
f 275//275 304//304 259//259
f 259//259 304//304 302//302
f 259//259 302//302 257//257
f 257//257 302//302 300//300
f 257//257 300//300 264//264
f 264//264 300//300 298//298
f 264//264 298//298 248//248
f 248//248 298//298 32//32
f 248//248 32//32 249//249
f 118//118 220//220 837//837
f 837//837 220//220 219//219
f 837//837 219//219 834//834
f 834//834 219//219 217//217
f 834//834 217//217 831//831
f 831//831 217//217 215//215
f 831//831 215//215 105//105
f 105//105 215//215 214//214
f 26//26 229//229 28//28
f 28//28 229//229 256//256
f 28//28 256//256 30//30
f 30//30 256//256 255//255
f 30//30 255//255 32//32
f 32//32 255//255 249//249
f 212//212 98//98 214//214
f 214//214 98//98 105//105
f 405//405 230//230 26//26
f 26//26 230//230 229//229
f 848//848 102//102 865//865
f 865//865 102//102 101//101
f 865//865 101//101 867//867
f 867//867 101//101 99//99
f 867//867 99//99 212//212
f 212//212 99//99 98//98
f 373//373 234//234 908//908
f 908//908 234//234 233//233
f 908//908 233//233 910//910
f 910//910 233//233 253//253
f 910//910 253//253 405//405
f 405//405 253//253 230//230
f 850//850 103//103 848//848
f 848//848 103//103 102//102
f 234//234 373//373 371//371
f 234//234 371//371 239//239
f 239//239 371//371 369//369
f 239//239 369//369 241//241
f 241//241 369//369 367//367
f 241//241 367//367 243//243
f 243//243 367//367 365//365
f 243//243 365//365 245//245
f 245//245 365//365 363//363
f 245//245 363//363 246//246
f 246//246 363//363 361//361
f 246//246 361//361 227//227
f 227//227 361//361 354//354
f 227//227 354//354 225//225
f 225//225 354//354 358//358
f 225//225 358//358 223//223
f 103//103 850//850 857//857
f 103//103 857//857 104//104
f 104//104 857//857 859//859
f 104//104 859//859 96//96
f 96//96 859//859 456//456
f 96//96 456//456 95//95
f 421//421 211//211 358//358
f 358//358 211//211 223//223
f 458//458 2//2 456//456
f 456//456 2//2 95//95
f 211//211 421//421 866//866
f 866//866 421//421 423//423
f 866//866 423//423 864//864
f 864//864 423//423 425//425
f 864//864 425//425 849//849
f 849//849 425//425 428//428
f 2//2 458//458 4//4
f 4//4 458//458 459//459
f 4//4 459//459 6//6
f 6//6 459//459 452//452
f 6//6 452//452 8//8
f 8//8 452//452 450//450
f 441//441 851//851 428//428
f 428//428 851//851 849//849
f 445//445 342//342 340//340
f 445//445 340//340 447//447
f 447//447 340//340 338//338
f 447//447 338//338 467//467
f 467//467 338//338 336//336
f 467//467 336//336 468//468
f 468//468 336//336 334//334
f 468//468 334//334 470//470
f 470//470 334//334 332//332
f 470//470 332//332 472//472
f 472//472 332//332 330//330
f 472//472 330//330 474//474
f 474//474 330//330 328//328
f 474//474 328//328 475//475
f 475//475 328//328 326//326
f 475//475 326//326 461//461
f 461//461 326//326 324//324
f 461//461 324//324 463//463
f 463//463 324//324 322//322
f 463//463 322//322 465//465
f 465//465 322//322 320//320
f 465//465 320//320 466//466
f 466//466 320//320 8//8
f 466//466 8//8 450//450
f 410//410 443//443 858//858
f 410//410 858//858 439//439
f 439//439 858//858 856//856
f 439//439 856//856 440//440
f 440//440 856//856 851//851
f 440//440 851//851 441//441
f 443//443 410//410 445//445
f 445//445 410//410 342//342
f 448//448 469//469 598//598
f 598//598 596//596 448//448
f 448//448 596//596 594//594
f 448//448 594//594 446//446
f 594//594 592//592 446//446
f 446//446 592//592 590//590
f 446//446 590//590 444//444
f 590//590 588//588 444//444
f 444//444 588//588 586//586
f 444//444 586//586 442//442
f 586//586 584//584 442//442
f 442//442 584//584 582//582
f 442//442 582//582 454//454
f 582//582 580//580 454//454
f 454//454 580//580 578//578
f 454//454 578//578 455//455
f 455//455 578//578 576//576
f 455//455 576//576 457//457
f 457//457 576//576 575//575
f 457//457 575//575 453//453
f 453//453 575//575 547//547
f 453//453 547//547 451//451
f 547//547 550//550 451//451
f 451//451 550//550 552//552
f 451//451 552//552 449//449
f 552//552 554//554 449//449
f 449//449 554//554 556//556
f 449//449 556//556 464//464
f 556//556 558//558 464//464
f 464//464 558//558 560//560
f 464//464 560//560 462//462
f 560//560 562//562 462//462
f 462//462 562//562 564//564
f 462//462 564//564 460//460
f 564//564 566//566 460//460
f 460//460 566//566 568//568
f 460//460 568//568 473//473
f 568//568 570//570 473//473
f 473//473 570//570 572//572
f 473//473 572//572 471//471
f 471//471 572//572 574//574
f 471//471 574//574 469//469
f 469//469 574//574 600//600
f 469//469 600//600 598//598
f 222//222 221//221 746//746
f 746//746 749//749 222//222
f 222//222 749//749 737//737
f 222//222 737//737 224//224
f 737//737 739//739 224//224
f 224//224 739//739 740//740
f 224//224 740//740 226//226
f 740//740 733//733 226//226
f 226//226 733//733 720//720
f 226//226 720//720 228//228
f 720//720 721//721 228//228
f 228//228 721//721 723//723
f 228//228 723//723 244//244
f 244//244 723//723 785//785
f 244//244 785//785 242//242
f 242//242 785//785 784//784
f 242//242 784//784 240//240
f 240//240 784//784 757//757
f 240//240 757//757 238//238
f 757//757 760//760 238//238
f 238//238 760//760 762//762
f 238//238 762//762 232//232
f 762//762 764//764 232//232
f 232//232 764//764 766//766
f 232//232 766//766 235//235
f 766//766 768//768 235//235
f 235//235 768//768 770//770
f 235//235 770//770 218//218
f 770//770 772//772 218//218
f 218//218 772//772 774//774
f 218//218 774//774 216//216
f 774//774 776//776 216//216
f 216//216 776//776 778//778
f 216//216 778//778 213//213
f 213//213 778//778 780//780
f 213//213 780//780 221//221
f 221//221 780//780 783//783
f 221//221 783//783 746//746
f 236//236 250//250 675//675
f 675//675 674//674 236//236
f 236//236 674//674 677//677
f 236//236 677//677 237//237
f 677//677 676//676 237//237
f 237//237 676//676 679//679
f 237//237 679//679 231//231
f 679//679 678//678 231//231
f 231//231 678//678 681//681
f 231//231 681//681 254//254
f 681//681 680//680 254//254
f 254//254 680//680 683//683
f 254//254 683//683 247//247
f 683//683 682//682 247//247
f 247//247 682//682 686//686
f 247//247 686//686 265//265
f 265//265 686//686 685//685
f 265//265 685//685 266//266
f 266//266 685//685 684//684
f 266//266 684//684 258//258
f 258//258 684//684 659//659
f 258//258 659//659 260//260
f 659//659 661//661 260//260
f 260//260 661//661 660//660
f 260//260 660//660 273//273
f 660//660 663//663 273//273
f 273//273 663//663 662//662
f 273//273 662//662 271//271
f 662//662 665//665 271//271
f 271//271 665//665 664//664
f 271//271 664//664 269//269
f 664//664 667//667 269//269
f 269//269 667//667 666//666
f 269//269 666//666 263//263
f 666//666 669//669 263//263
f 263//263 669//669 668//668
f 263//263 668//668 261//261
f 668//668 671//671 261//261
f 261//261 671//671 670//670
f 261//261 670//670 252//252
f 252//252 670//670 673//673
f 252//252 673//673 250//250
f 250//250 673//673 672//672
f 250//250 672//672 675//675
f 152//152 149//149 726//726
f 726//726 731//731 152//152
f 152//152 731//731 730//730
f 152//152 730//730 164//164
f 730//730 755//755 164//164
f 164//164 755//755 756//756
f 164//164 756//756 166//166
f 756//756 751//751 166//166
f 166//166 751//751 717//717
f 166//166 717//717 167//167
f 717//717 741//741 167//167
f 167//167 741//741 743//743
f 167//167 743//743 157//157
f 157//157 743//743 782//782
f 157//157 782//782 158//158
f 782//782 781//781 158//158
f 158//158 781//781 779//779
f 158//158 779//779 168//168
f 779//779 777//777 168//168
f 168//168 777//777 775//775
f 168//168 775//775 160//160
f 775//775 773//773 160//160
f 160//160 773//773 771//771
f 160//160 771//771 172//172
f 771//771 769//769 172//172
f 172//172 769//769 767//767
f 172//172 767//767 179//179
f 767//767 765//765 179//179
f 179//179 765//765 763//763
f 179//179 763//763 177//177
f 763//763 761//761 177//177
f 177//177 761//761 759//759
f 177//177 759//759 148//148
f 148//148 759//759 758//758
f 148//148 758//758 149//149
f 149//149 758//758 786//786
f 149//149 786//786 726//726
f 193//193 182//182 712//712
f 712//712 711//711 193//193
f 193//193 711//711 710//710
f 193//193 710//710 191//191
f 710//710 709//709 191//191
f 191//191 709//709 708//708
f 191//191 708//708 196//196
f 708//708 707//707 196//196
f 196//196 707//707 706//706
f 196//196 706//706 210//210
f 706//706 705//705 210//210
f 210//210 705//705 704//704
f 210//210 704//704 209//209
f 704//704 703//703 209//209
f 209//209 703//703 702//702
f 209//209 702//702 208//208
f 702//702 701//701 208//208
f 208//208 701//701 700//700
f 208//208 700//700 206//206
f 206//206 700//700 699//699
f 206//206 699//699 204//204
f 699//699 698//698 204//204
f 204//204 698//698 697//697
f 204//204 697//697 202//202
f 697//697 696//696 202//202
f 202//202 696//696 695//695
f 202//202 695//695 200//200
f 695//695 694//694 200//200
f 200//200 694//694 693//693
f 200//200 693//693 190//190
f 693//693 692//692 190//190
f 190//190 692//692 691//691
f 190//190 691//691 188//188
f 691//691 690//690 188//188
f 188//188 690//690 689//689
f 188//188 689//689 186//186
f 689//689 688//688 186//186
f 186//186 688//688 687//687
f 186//186 687//687 184//184
f 184//184 687//687 714//714
f 184//184 714//714 182//182
f 182//182 714//714 713//713
f 182//182 713//713 712//712
f 518//518 522//522 654//654
f 654//654 652//652 518//518
f 518//518 652//652 650//650
f 518//518 650//650 517//517
f 650//650 648//648 517//517
f 517//517 648//648 646//646
f 517//517 646//646 516//516
f 646//646 644//644 516//516
f 516//516 644//644 642//642
f 516//516 642//642 515//515
f 642//642 640//640 515//515
f 515//515 640//640 638//638
f 515//515 638//638 528//528
f 638//638 636//636 528//528
f 528//528 636//636 634//634
f 528//528 634//634 529//529
f 529//529 634//634 632//632
f 529//529 632//632 530//530
f 530//530 632//632 631//631
f 530//530 631//631 519//519
f 519//519 631//631 603//603
f 519//519 603//603 520//520
f 603//603 606//606 520//520
f 520//520 606//606 608//608
f 520//520 608//608 521//521
f 608//608 610//610 521//521
f 521//521 610//610 612//612
f 521//521 612//612 527//527
f 612//612 614//614 527//527
f 527//527 614//614 616//616
f 527//527 616//616 526//526
f 616//616 618//618 526//526
f 526//526 618//618 620//620
f 526//526 620//620 525//525
f 620//620 622//622 525//525
f 525//525 622//622 624//624
f 525//525 624//624 524//524
f 624//624 626//626 524//524
f 524//524 626//626 628//628
f 524//524 628//628 523//523
f 523//523 628//628 630//630
f 523//523 630//630 522//522
f 522//522 630//630 656//656
f 522//522 656//656 654//654
f 532//532 531//531 579//579
f 579//579 581//581 532//532
f 532//532 581//581 583//583
f 532//532 583//583 533//533
f 583//583 585//585 533//533
f 533//533 585//585 587//587
f 533//533 587//587 534//534
f 587//587 589//589 534//534
f 534//534 589//589 591//591
f 534//534 591//591 535//535
f 591//591 593//593 535//535
f 535//535 593//593 595//595
f 535//535 595//595 544//544
f 595//595 597//597 544//544
f 544//544 597//597 599//599
f 544//544 599//599 545//545
f 545//545 599//599 601//601
f 545//545 601//601 546//546
f 546//546 601//601 602//602
f 546//546 602//602 543//543
f 543//543 602//602 573//573
f 543//543 573//573 542//542
f 573//573 571//571 542//542
f 542//542 571//571 569//569
f 542//542 569//569 541//541
f 569//569 567//567 541//541
f 541//541 567//567 565//565
f 541//541 565//565 540//540
f 565//565 563//563 540//540
f 540//540 563//563 561//561
f 540//540 561//561 539//539
f 561//561 559//559 539//539
f 539//539 559//559 557//557
f 539//539 557//557 538//538
f 557//557 555//555 538//538
f 538//538 555//555 553//553
f 538//538 553//553 537//537
f 553//553 551//551 537//537
f 537//537 551//551 549//549
f 537//537 549//549 536//536
f 536//536 549//549 548//548
f 536//536 548//548 531//531
f 531//531 548//548 577//577
f 531//531 577//577 579//579
f 879//879 511//511 512//512
f 879//879 512//512 878//878
f 878//878 512//512 872//872
f 878//878 872//872 800//800
f 800//800 872//872 874//874
f 800//800 874//874 801//801
f 509//509 38//38 510//510
f 510//510 38//38 37//37
f 38//38 509//509 877//877
f 38//38 877//877 45//45
f 45//45 877//877 876//876
f 45//45 876//876 46//46
f 46//46 876//876 794//794
f 46//46 794//794 33//33
f 796//796 34//34 794//794
f 794//794 34//34 33//33
f 97//97 34//34 796//796
f 796//796 880//880 97//97
f 97//97 880//880 881//881
f 97//97 881//881 89//89
f 89//89 881//881 882//882
f 89//89 882//882 87//87
f 808//808 49//49 884//884
f 884//884 49//49 87//87
f 884//884 87//87 883//883
f 883//883 87//87 882//882
f 809//809 42//42 808//808
f 808//808 42//42 49//49
f 43//43 42//42 809//809
f 809//809 885//885 43//43
f 43//43 885//885 886//886
f 43//43 886//886 52//52
f 52//52 886//886 887//887
f 52//52 887//887 39//39
f 790//790 40//40 889//889
f 889//889 40//40 39//39
f 889//889 39//39 888//888
f 888//888 39//39 887//887
f 792//792 41//41 790//790
f 790//790 41//41 40//40
f 41//41 792//792 875//875
f 41//41 875//875 50//50
f 50//50 875//875 873//873
f 50//50 873//873 51//51
f 51//51 873//873 513//513
f 51//51 513//513 35//35
f 35//35 513//513 36//36
f 36//36 513//513 514//514
f 955//955 100//100 957//957
f 957//957 100//100 90//90
f 957//957 90//90 959//959
f 959//959 90//90 88//88
f 959//959 88//88 961//961
f 961//961 88//88 60//60
f 961//961 60//60 963//963
f 963//963 60//60 58//58
f 963//963 58//58 965//965
f 965//965 58//58 56//56
f 965//965 56//56 952//952
f 952//952 56//56 55//55
f 966//966 106//106 955//955
f 955//955 106//106 100//100
f 92//92 950//950 55//55
f 55//55 950//950 952//952
f 968//968 107//107 966//966
f 966//966 107//107 106//106
f 950//950 92//92 986//986
f 986//986 92//92 94//94
f 973//973 974//974 836//836
f 836//836 974//974 835//835
f 830//830 828//828 983//983
f 983//983 982//982 830//830
f 830//830 982//982 981//981
f 830//830 981//981 829//829
f 829//829 981//981 988//988
f 829//829 988//988 94//94
f 94//94 988//988 987//987
f 94//94 987//987 986//986
f 974//974 976//976 835//835
f 835//835 976//976 979//979
f 835//835 979//979 833//833
f 833//833 979//979 978//978
f 833//833 978//978 828//828
f 828//828 978//978 984//984
f 828//828 984//984 983//983
f 973//973 836//836 971//971
f 971//971 836//836 832//832
f 971//971 832//832 970//970
f 970//970 832//832 107//107
f 970//970 107//107 968//968
f 927//927 77//77 916//916
f 916//916 77//77 75//75
f 929//929 78//78 927//927
f 927//927 78//78 77//77
f 916//916 75//75 918//918
f 918//918 75//75 73//73
f 918//918 73//73 920//920
f 920//920 73//73 69//69
f 920//920 69//69 922//922
f 922//922 69//69 70//70
f 922//922 70//70 924//924
f 924//924 70//70 71//71
f 924//924 71//71 926//926
f 926//926 71//71 63//63
f 926//926 63//63 913//913
f 913//913 63//63 65//65
f 934//934 935//935 846//846
f 846//846 935//935 845//845
f 842//842 838//838 944//944
f 944//944 943//943 842//842
f 842//842 943//943 942//942
f 842//842 942//942 841//841
f 841//841 942//942 949//949
f 841//841 949//949 83//83
f 83//83 949//949 948//948
f 83//83 948//948 947//947
f 935//935 937//937 845//845
f 845//845 937//937 940//940
f 845//845 940//940 844//844
f 844//844 940//940 939//939
f 844//844 939//939 838//838
f 838//838 939//939 945//945
f 838//838 945//945 944//944
f 934//934 846//846 932//932
f 932//932 846//846 843//843
f 932//932 843//843 931//931
f 931//931 843//843 78//78
f 931//931 78//78 929//929
f 81//81 911//911 65//65
f 65//65 911//911 913//913
f 911//911 81//81 947//947
f 947//947 81//81 83//83
f 810//810 823//823 900//900
f 900//900 823//823 822//822
f 900//900 822//822 898//898
f 898//898 822//822 54//54
f 898//898 54//54 896//896
f 896//896 54//54 86//86
f 812//812 824//824 810//810
f 810//810 824//824 823//823
f 824//824 812//812 821//821
f 821//821 812//812 895//895
f 821//821 895//895 120//120
f 120//120 895//895 893//893
f 120//120 893//893 121//121
f 121//121 893//893 891//891
f 121//121 891//891 122//122
f 904//904 906//906 72//72
f 817//817 816//816 811//811
f 72//72 74//74 904//904
f 904//904 74//74 817//817
f 904//904 817//817 903//903
f 903//903 817//817 811//811
f 815//815 813//813 816//816
f 816//816 813//813 811//811
f 813//813 815//815 894//894
f 894//894 815//815 814//814
f 894//894 814//814 892//892
f 892//892 814//814 111//111
f 892//892 111//111 890//890
f 890//890 111//111 114//114
f 890//890 114//114 123//123
f 897//897 430//430 899//899
f 899//899 430//430 431//431
f 899//899 431//431 989//989
f 989//989 431//431 902//902
f 902//902 431//431 433//433
f 902//902 433//433 905//905
f 906//906 905//905 72//72
f 72//72 905//905 433//433
f 72//72 433//433 67//67
f 67//67 433//433 434//434
f 67//67 434//434 68//68
f 68//68 434//434 413//413
f 68//68 413//413 44//44
f 44//44 413//413 415//415
f 44//44 415//415 47//47
f 47//47 415//415 414//414
f 47//47 414//414 990//990
f 990//990 414//414 991//991
f 990//990 991//991 59//59
f 59//59 991//991 437//437
f 59//59 437//437 57//57
f 57//57 437//437 436//436
f 57//57 436//436 84//84
f 84//84 436//436 427//427
f 84//84 427//427 85//85
f 85//85 427//427 429//429
f 85//85 429//429 86//86
f 86//86 429//429 430//430
f 86//86 430//430 896//896
f 896//896 430//430 897//897
f 992//992 993//993 994//994
f 992//992 995//995 993//993
f 993//993 995//995 996//996
f 993//993 996//996 997//997
f 996//996 998//998 997//997
f 997//997 998//998 999//999
f 997//997 999//999 1000//1000
f 999//999 1001//1001 1000//1000
f 1000//1000 1001//1001 1002//1002
f 1000//1000 1002//1002 1003//1003
f 1002//1002 1004//1004 1003//1003
f 1003//1003 1004//1004 1005//1005
f 1003//1003 1005//1005 1006//1006
f 1005//1005 1007//1007 1006//1006
f 1006//1006 1007//1007 1008//1008
f 1006//1006 1008//1008 1009//1009
f 1008//1008 1010//1010 1009//1009
f 1009//1009 1010//1010 1011//1011
f 1009//1009 1011//1011 1012//1012
f 1011//1011 1013//1013 1012//1012
f 1012//1012 1013//1013 1014//1014
f 1012//1012 1014//1014 1015//1015
f 1014//1014 1016//1016 1015//1015
f 1015//1015 1016//1016 1017//1017
f 1015//1015 1017//1017 1018//1018
f 1017//1017 1019//1019 1018//1018
f 1018//1018 1019//1019 1020//1020
f 1018//1018 1020//1020 1021//1021
f 1020//1020 1022//1022 1021//1021
f 1021//1021 1022//1022 1023//1023
f 1021//1021 1023//1023 1024//1024
f 1023//1023 1025//1025 1024//1024
f 1024//1024 1025//1025 1026//1026
f 1024//1024 1026//1026 994//994
f 994//994 1026//1026 1027//1027
f 994//994 1027//1027 992//992
f 1028//1028 1029//1029 1030//1030
f 1028//1028 1031//1031 1029//1029
f 1029//1029 1031//1031 1032//1032
f 1029//1029 1032//1032 1033//1033
f 1032//1032 1034//1034 1033//1033
f 1033//1033 1034//1034 1035//1035
f 1033//1033 1035//1035 1036//1036
f 1035//1035 1037//1037 1036//1036
f 1036//1036 1037//1037 1038//1038
f 1036//1036 1038//1038 1039//1039
f 1038//1038 1040//1040 1039//1039
f 1039//1039 1040//1040 1041//1041
f 1039//1039 1041//1041 1042//1042
f 1041//1041 1043//1043 1042//1042
f 1042//1042 1043//1043 1044//1044
f 1042//1042 1044//1044 1045//1045
f 1044//1044 1046//1046 1045//1045
f 1045//1045 1046//1046 1047//1047
f 1045//1045 1047//1047 1048//1048
f 1047//1047 1049//1049 1048//1048
f 1048//1048 1049//1049 1050//1050
f 1048//1048 1050//1050 1051//1051
f 1050//1050 1052//1052 1051//1051
f 1051//1051 1052//1052 1053//1053
f 1051//1051 1053//1053 1054//1054
f 1053//1053 1055//1055 1054//1054
f 1054//1054 1055//1055 1056//1056
f 1054//1054 1056//1056 1057//1057
f 1056//1056 1058//1058 1057//1057
f 1057//1057 1058//1058 1059//1059
f 1057//1057 1059//1059 1060//1060
f 1059//1059 1061//1061 1060//1060
f 1060//1060 1061//1061 1062//1062
f 1060//1060 1062//1062 1030//1030
f 1030//1030 1062//1062 1063//1063
f 1030//1030 1063//1063 1028//1028
f 1064//1064 1065//1065 1066//1066
f 1066//1066 1065//1065 1067//1067
f 1066//1066 1067//1067 1068//1068
f 1064//1064 1066//1066 1069//1069
f 1064//1064 1069//1069 1070//1070
f 1070//1070 1069//1069 1071//1071
f 1070//1070 1071//1071 1072//1072
f 1072//1072 1071//1071 1073//1073
f 1072//1072 1073//1073 1074//1074
f 1074//1074 1073//1073 1075//1075
f 1074//1074 1075//1075 1076//1076
f 1077//1077 1078//1078 1079//1079
f 1077//1077 1079//1079 1080//1080
f 1080//1080 1079//1079 1081//1081
f 1080//1080 1081//1081 1082//1082
f 1082//1082 1081//1081 1083//1083
f 1082//1082 1083//1083 1084//1084
f 1085//1085 1086//1086 1087//1087
f 1085//1085 1087//1087 1088//1088
f 1088//1088 1087//1087 1089//1089
f 1088//1088 1089//1089 1090//1090
f 1090//1090 1089//1089 1091//1091
f 1090//1090 1091//1091 1092//1092
f 1093//1093 1094//1094 1095//1095
f 1096//1096 1097//1097 1098//1098
f 1099//1099 1100//1100 1101//1101
f 1101//1101 1100//1100 1102//1102
f 1103//1103 1104//1104 1105//1105
f 1106//1106 1107//1107 1092//1092
f 1092//1092 1107//1107 1108//1108
f 1092//1092 1108//1108 1109//1109
f 1102//1102 1100//1100 1095//1095
f 1095//1095 1100//1100 1092//1092
f 1095//1095 1092//1092 1093//1093
f 1110//1110 1111//1111 1083//1083
f 1083//1083 1111//1111 1112//1112
f 1083//1083 1112//1112 1113//1113
f 1114//1114 1098//1098 1115//1115
f 1115//1115 1098//1098 1116//1116
f 1117//1117 1103//1103 1118//1118
f 1118//1118 1103//1103 1119//1119
f 1118//1118 1119//1119 1120//1120
f 1103//1103 1105//1105 1119//1119
f 1119//1119 1105//1105 1121//1121
f 1119//1119 1121//1121 1122//1122
f 1122//1122 1121//1121 1084//1084
f 1122//1122 1084//1084 1100//1100
f 1100//1100 1084//1084 1083//1083
f 1100//1100 1083//1083 1092//1092
f 1092//1092 1083//1083 1113//1113
f 1092//1092 1113//1113 1106//1106
f 1123//1123 1096//1096 1124//1124
f 1124//1124 1096//1096 1098//1098
f 1124//1124 1098//1098 1125//1125
f 1125//1125 1098//1098 1114//1114
f 1125//1125 1114//1114 1126//1126
f 1126//1126 1114//1114 1127//1127
f 1092//1092 1091//1091 1128//1128
f 1128//1128 1129//1129 1092//1092
f 1092//1092 1129//1129 1130//1130
f 1092//1092 1130//1130 1093//1093
f 1093//1093 1130//1130 1131//1131
f 1093//1093 1131//1131 1096//1096
f 1096//1096 1131//1131 1132//1132
f 1096//1096 1132//1132 1097//1097
f 1133//1133 1134//1134 1135//1135
f 1135//1135 1134//1134 1136//1136
f 1135//1135 1136//1136 1137//1137
f 1137//1137 1136//1136 1138//1138
f 1137//1137 1138//1138 1091//1091
f 1091//1091 1138//1138 1139//1139
f 1091//1091 1139//1139 1128//1128
f 1116//1116 1140//1140 1115//1115
f 1115//1115 1140//1140 1141//1141
f 1115//1115 1141//1141 1142//1142
f 1141//1141 1143//1143 1142//1142
f 1142//1142 1143//1143 1144//1144
f 1142//1142 1144//1144 1145//1145
f 1145//1145 1144//1144 1138//1138
f 1145//1145 1138//1138 1146//1146
f 1146//1146 1138//1138 1136//1136
f 1147//1147 1148//1148 1149//1149
f 1149//1149 1148//1148 1150//1150
f 1149//1149 1150//1150 1151//1151
f 1151//1151 1150//1150 1152//1152
f 1151//1151 1152//1152 1153//1153
f 1153//1153 1152//1152 1154//1154
f 1153//1153 1154//1154 1155//1155
f 1155//1155 1154//1154 1156//1156
f 1155//1155 1156//1156 1157//1157
f 1157//1157 1156//1156 1158//1158
f 1157//1157 1158//1158 1159//1159
f 1159//1159 1158//1158 1160//1160
f 1159//1159 1160//1160 1161//1161
f 1161//1161 1160//1160 1162//1162
f 1161//1161 1162//1162 1163//1163
f 1163//1163 1162//1162 1164//1164
f 1163//1163 1164//1164 1165//1165
f 1165//1165 1164//1164 1166//1166
f 1165//1165 1166//1166 1167//1167
f 1167//1167 1166//1166 1168//1168
f 1167//1167 1168//1168 1169//1169
f 1169//1169 1168//1168 1170//1170
f 1169//1169 1170//1170 1171//1171
f 1171//1171 1170//1170 1172//1172
f 1171//1171 1172//1172 1173//1173
f 1173//1173 1172//1172 1174//1174
f 1173//1173 1174//1174 1175//1175
f 1175//1175 1174//1174 1176//1176
f 1175//1175 1176//1176 1177//1177
f 1177//1177 1176//1176 1178//1178
f 1177//1177 1178//1178 1179//1179
f 1179//1179 1178//1178 1180//1180
f 1179//1179 1180//1180 1181//1181
f 1181//1181 1180//1180 1182//1182
f 1181//1181 1182//1182 1183//1183
f 1183//1183 1182//1182 1184//1184
f 1183//1183 1184//1184 1185//1185
f 1185//1185 1184//1184 1186//1186
f 1185//1185 1186//1186 1187//1187
f 1187//1187 1186//1186 1188//1188
f 1187//1187 1188//1188 1189//1189
f 1189//1189 1188//1188 1190//1190
f 1189//1189 1190//1190 1191//1191
f 1191//1191 1190//1190 1192//1192
f 1191//1191 1192//1192 1193//1193
f 1193//1193 1192//1192 1194//1194
f 1193//1193 1194//1194 1195//1195
f 1195//1195 1194//1194 1196//1196
f 1195//1195 1196//1196 1197//1197
f 1197//1197 1196//1196 1198//1198
f 1197//1197 1198//1198 1199//1199
f 1199//1199 1198//1198 1200//1200
f 1199//1199 1200//1200 1201//1201
f 1201//1201 1200//1200 1202//1202
f 1201//1201 1202//1202 1203//1203
f 1203//1203 1202//1202 1204//1204
f 1203//1203 1204//1204 1205//1205
f 1205//1205 1204//1204 1206//1206
f 1205//1205 1206//1206 1147//1147
f 1147//1147 1206//1206 1148//1148
f 1207//1207 1106//1106 1208//1208
f 1208//1208 1106//1106 1113//1113
f 1209//1209 1210//1210 1211//1211
f 1211//1211 1210//1210 1212//1212
f 1211//1211 1212//1212 1213//1213
f 1214//1214 1215//1215 1216//1216
f 1214//1214 1216//1216 1211//1211
f 1211//1211 1216//1216 1217//1217
f 1211//1211 1217//1217 1209//1209
f 1213//1213 1218//1218 1219//1219
f 1220//1220 1221//1221 1222//1222
f 1222//1222 1221//1221 1223//1223
f 1222//1222 1223//1223 1224//1224
f 1224//1224 1223//1223 1225//1225
f 1224//1224 1225//1225 1226//1226
f 1226//1226 1225//1225 1219//1219
f 1226//1226 1219//1219 1227//1227
f 1227//1227 1219//1219 1218//1218
f 1213//1213 1219//1219 1211//1211
f 1211//1211 1219//1219 1228//1228
f 1211//1211 1228//1228 1229//1229
f 1229//1229 1228//1228 1230//1230
f 1229//1229 1230//1230 1231//1231
f 1231//1231 1230//1230 1232//1232
f 1231//1231 1232//1232 1233//1233
f 1233//1233 1232//1232 1234//1234
f 1233//1233 1234//1234 1235//1235
f 1235//1235 1234//1234 1236//1236
f 1235//1235 1236//1236 1237//1237
f 1237//1237 1236//1236 1238//1238
f 1237//1237 1238//1238 1239//1239
f 1239//1239 1238//1238 1240//1240
f 1239//1239 1240//1240 1241//1241
f 1241//1241 1240//1240 1242//1242
f 1241//1241 1242//1242 1243//1243
f 1243//1243 1242//1242 1244//1244
f 1243//1243 1244//1244 1245//1245
f 1245//1245 1244//1244 1246//1246
f 1245//1245 1246//1246 1247//1247
f 1247//1247 1246//1246 1248//1248
f 1247//1247 1248//1248 1249//1249
f 1249//1249 1248//1248 1078//1078
f 1249//1249 1078//1078 1077//1077
f 1250//1250 1251//1251 1252//1252
f 1253//1253 1254//1254 1255//1255
f 1255//1255 1254//1254 1256//1256
f 1255//1255 1256//1256 1257//1257
f 1258//1258 1259//1259 1260//1260
f 1260//1260 1259//1259 1261//1261
f 1260//1260 1261//1261 1250//1250
f 1250//1250 1261//1261 1262//1262
f 1250//1250 1262//1262 1251//1251
f 1258//1258 1260//1260 1263//1263
f 1263//1263 1260//1260 1264//1264
f 1263//1263 1264//1264 1265//1265
f 1265//1265 1264//1264 1266//1266
f 1265//1265 1266//1266 1267//1267
f 1268//1268 1269//1269 1270//1270
f 1270//1270 1269//1269 1271//1271
f 1270//1270 1271//1271 1272//1272
f 1272//1272 1271//1271 1273//1273
f 1274//1274 1275//1275 1276//1276
f 1276//1276 1275//1275 1277//1277
f 1276//1276 1277//1277 1266//1266
f 1266//1266 1277//1277 1278//1278
f 1266//1266 1278//1278 1267//1267
f 1255//1255 1279//1279 1253//1253
f 1253//1253 1279//1279 1280//1280
f 1253//1253 1280//1280 1281//1281
f 1281//1281 1280//1280 1282//1282
f 1281//1281 1282//1282 1283//1283
f 1283//1283 1282//1282 1284//1284
f 1283//1283 1284//1284 1285//1285
f 1285//1285 1284//1284 1286//1286
f 1285//1285 1286//1286 1268//1268
f 1268//1268 1286//1286 1287//1287
f 1268//1268 1287//1287 1269//1269
f 1273//1273 1274//1274 1272//1272
f 1272//1272 1274//1274 1276//1276
f 1272//1272 1276//1276 1288//1288
f 1288//1288 1276//1276 1289//1289
f 1288//1288 1289//1289 1290//1290
f 1290//1290 1289//1289 1291//1291
f 1290//1290 1291//1291 1292//1292
f 1292//1292 1291//1291 1293//1293
f 1292//1292 1293//1293 1294//1294
f 1294//1294 1293//1293 1295//1295
f 1295//1295 1293//1293 1296//1296
f 1295//1295 1296//1296 1297//1297
f 1297//1297 1296//1296 1298//1298
f 1298//1298 1296//1296 1299//1299
f 1298//1298 1299//1299 1300//1300
f 1300//1300 1299//1299 1301//1301
f 1301//1301 1299//1299 1302//1302
f 1301//1301 1302//1302 1303//1303
f 1303//1303 1302//1302 1304//1304
f 1304//1304 1302//1302 1305//1305
f 1304//1304 1305//1305 1306//1306
f 1306//1306 1305//1305 1307//1307
f 1307//1307 1305//1305 1308//1308
f 1307//1307 1308//1308 1309//1309
f 1309//1309 1308//1308 1310//1310
f 1310//1310 1308//1308 1311//1311
f 1310//1310 1311//1311 1312//1312
f 1312//1312 1311//1311 1313//1313
f 1313//1313 1311//1311 1250//1250
f 1313//1313 1250//1250 1256//1256
f 1256//1256 1250//1250 1252//1252
f 1256//1256 1252//1252 1257//1257
f 1314//1314 1315//1315 1316//1316
f 1316//1316 1315//1315 1317//1317
f 1316//1316 1317//1317 1318//1318
f 1318//1318 1317//1317 1319//1319
f 1318//1318 1319//1319 1320//1320
f 1320//1320 1319//1319 1321//1321
f 1314//1314 1322//1322 1315//1315
f 1315//1315 1322//1322 1323//1323
f 1315//1315 1323//1323 1324//1324
f 1324//1324 1325//1325 1326//1326
f 1326//1326 1325//1325 1327//1327
f 1327//1327 1328//1328 1326//1326
f 1326//1326 1328//1328 1329//1329
f 1326//1326 1329//1329 1330//1330
f 1330//1330 1329//1329 1331//1331
f 1330//1330 1331//1331 1332//1332
f 1324//1324 1326//1326 1315//1315
f 1315//1315 1326//1326 1333//1333
f 1315//1315 1333//1333 1334//1334
f 1334//1334 1333//1333 1335//1335
f 1334//1334 1335//1335 1336//1336
f 1336//1336 1335//1335 1337//1337
f 1336//1336 1337//1337 1338//1338
f 1338//1338 1337//1337 1339//1339
f 1338//1338 1339//1339 1340//1340
f 1340//1340 1339//1339 1341//1341
f 1340//1340 1341//1341 1342//1342
f 1342//1342 1341//1341 1343//1343
f 1342//1342 1343//1343 1344//1344
f 1344//1344 1343//1343 1345//1345
f 1344//1344 1345//1345 1346//1346
f 1346//1346 1345//1345 1347//1347
f 1346//1346 1347//1347 1348//1348
f 1348//1348 1347//1347 1349//1349
f 1348//1348 1349//1349 1350//1350
f 1350//1350 1349//1349 1351//1351
f 1350//1350 1351//1351 1352//1352
f 1352//1352 1351//1351 1353//1353
f 1352//1352 1353//1353 1354//1354
f 1354//1354 1353//1353 1086//1086
f 1354//1354 1086//1086 1085//1085
f 1355//1355 1356//1356 1357//1357
f 1358//1358 1359//1359 1360//1360
f 1360//1360 1359//1359 1361//1361
f 1360//1360 1361//1361 1362//1362
f 1362//1362 1361//1361 1363//1363
f 1362//1362 1363//1363 1364//1364
f 1365//1365 1366//1366 1367//1367
f 1367//1367 1366//1366 1368//1368
f 1367//1367 1368//1368 1369//1369
f 1369//1369 1368//1368 1370//1370
f 1364//1364 1363//1363 1371//1371
f 1371//1371 1363//1363 1372//1372
f 1371//1371 1372//1372 1373//1373
f 1373//1373 1372//1372 1374//1374
f 1373//1373 1374//1374 1375//1375
f 1375//1375 1374//1374 1376//1376
f 1375//1375 1376//1376 1377//1377
f 1377//1377 1376//1376 1378//1378
f 1377//1377 1378//1378 1379//1379
f 1357//1357 1356//1356 1380//1380
f 1356//1356 1381//1381 1380//1380
f 1380//1380 1381//1381 1382//1382
f 1380//1380 1382//1382 1383//1383
f 1383//1383 1384//1384 1385//1385
f 1385//1385 1384//1384 1386//1386
f 1379//1379 1378//1378 1386//1386
f 1386//1386 1378//1378 1387//1387
f 1386//1386 1387//1387 1385//1385
f 1365//1365 1388//1388 1366//1366
f 1366//1366 1388//1388 1389//1389
f 1366//1366 1389//1389 1390//1390
f 1390//1390 1389//1389 1391//1391
f 1390//1390 1391//1391 1357//1357
f 1357//1357 1391//1391 1392//1392
f 1357//1357 1392//1392 1355//1355
f 1383//1383 1385//1385 1380//1380
f 1380//1380 1385//1385 1393//1393
f 1380//1380 1393//1393 1394//1394
f 1394//1394 1393//1393 1395//1395
f 1394//1394 1395//1395 1396//1396
f 1396//1396 1395//1395 1397//1397
f 1396//1396 1397//1397 1398//1398
f 1397//1397 1399//1399 1398//1398
f 1398//1398 1399//1399 1400//1400
f 1398//1398 1400//1400 1401//1401
f 1400//1400 1402//1402 1401//1401
f 1401//1401 1402//1402 1403//1403
f 1401//1401 1403//1403 1404//1404
f 1403//1403 1405//1405 1404//1404
f 1404//1404 1405//1405 1406//1406
f 1404//1404 1406//1406 1407//1407
f 1406//1406 1408//1408 1407//1407
f 1407//1407 1408//1408 1409//1409
f 1407//1407 1409//1409 1410//1410
f 1409//1409 1411//1411 1410//1410
f 1410//1410 1411//1411 1412//1412
f 1410//1410 1412//1412 1413//1413
f 1412//1412 1414//1414 1413//1413
f 1413//1413 1414//1414 1415//1415
f 1413//1413 1415//1415 1416//1416
f 1358//1358 1370//1370 1359//1359
f 1359//1359 1370//1370 1368//1368
f 1359//1359 1368//1368 1417//1417
f 1417//1417 1368//1368 1416//1416
f 1417//1417 1416//1416 1418//1418
f 1418//1418 1416//1416 1415//1415
f 1419//1419 1420//1420 1421//1421
f 1421//1421 1420//1420 1422//1422
f 1421//1421 1422//1422 1423//1423
f 1424//1424 1425//1425 1426//1426
f 1426//1426 1425//1425 1427//1427
f 1426//1426 1427//1427 1428//1428
f 1428//1428 1427//1427 1429//1429
f 1423//1423 1422//1422 1430//1430
f 1430//1430 1422//1422 1431//1431
f 1430//1430 1431//1431 1432//1432
f 1429//1429 1433//1433 1428//1428
f 1428//1428 1433//1433 1434//1434
f 1428//1428 1434//1434 1435//1435
f 1434//1434 1436//1436 1435//1435
f 1435//1435 1436//1436 1437//1437
f 1435//1435 1437//1437 1438//1438
f 1438//1438 1437//1437 1439//1439
f 1438//1438 1439//1439 1422//1422
f 1422//1422 1439//1439 1440//1440
f 1422//1422 1440//1440 1431//1431
f 1441//1441 1442//1442 1430//1430
f 1430//1430 1442//1442 1443//1443
f 1430//1430 1443//1443 1444//1444
f 1445//1445 1446//1446 1426//1426
f 1426//1426 1446//1446 1447//1447
f 1426//1426 1447//1447 1424//1424
f 1432//1432 1448//1448 1430//1430
f 1430//1430 1448//1448 1449//1449
f 1430//1430 1449//1449 1441//1441
f 1441//1441 1449//1449 1424//1424
f 1441//1441 1424//1424 1450//1450
f 1450//1450 1424//1424 1447//1447
f 1451//1451 1452//1452 1453//1453
f 1451//1451 1453//1453 1454//1454
f 1454//1454 1453//1453 1455//1455
f 1454//1454 1455//1455 1456//1456
f 1456//1456 1455//1455 1457//1457
f 1456//1456 1457//1457 1458//1458
f 1458//1458 1457//1457 1459//1459
f 1458//1458 1459//1459 1460//1460
f 1460//1460 1459//1459 1461//1461
f 1460//1460 1461//1461 1462//1462
f 1462//1462 1461//1461 1463//1463
f 1462//1462 1463//1463 1464//1464
f 1464//1464 1463//1463 1465//1465
f 1464//1464 1465//1465 1466//1466
f 1466//1466 1465//1465 1467//1467
f 1466//1466 1467//1467 1468//1468
f 1468//1468 1467//1467 1469//1469
f 1468//1468 1469//1469 1470//1470
f 1470//1470 1469//1469 1471//1471
f 1470//1470 1471//1471 1472//1472
f 1473//1473 1474//1474 1475//1475
f 1473//1473 1475//1475 1476//1476
f 1476//1476 1475//1475 1477//1477
f 1476//1476 1477//1477 1478//1478
f 1478//1478 1477//1477 1479//1479
f 1478//1478 1479//1479 1480//1480
f 1480//1480 1479//1479 1481//1481
f 1480//1480 1481//1481 1482//1482
f 1482//1482 1481//1481 1483//1483
f 1482//1482 1483//1483 1484//1484
f 1484//1484 1483//1483 1485//1485
f 1484//1484 1485//1485 1486//1486
f 1486//1486 1485//1485 1487//1487
f 1486//1486 1487//1487 1488//1488
f 1488//1488 1487//1487 1489//1489
f 1488//1488 1489//1489 1490//1490
f 1490//1490 1489//1489 1491//1491
f 1490//1490 1491//1491 1492//1492
f 1492//1492 1491//1491 1493//1493
f 1492//1492 1493//1493 1494//1494
f 1495//1495 1496//1496 1068//1068
f 1068//1068 1330//1330 1332//1332
f 1497//1497 1221//1221 1220//1220
f 1498//1498 1499//1499 1495//1495
f 1215//1215 1214//1214 1500//1500
f 1500//1500 1214//1214 1501//1501
f 1500//1500 1501//1501 1502//1502
f 1502//1502 1501//1501 1503//1503
f 1504//1504 1069//1069 1496//1496
f 1496//1496 1069//1069 1066//1066
f 1496//1496 1066//1066 1068//1068
f 1505//1505 1506//1506 1507//1507
f 1507//1507 1506//1506 1508//1508
f 1507//1507 1508//1508 1509//1509
f 1509//1509 1508//1508 1510//1510
f 1509//1509 1510//1510 1511//1511
f 1512//1512 1513//1513 1514//1514
f 1320//1320 1321//1321 1515//1515
f 1515//1515 1321//1321 1516//1516
f 1515//1515 1516//1516 1517//1517
f 1517//1517 1516//1516 1518//1518
f 1514//1514 1513//1513 1501//1501
f 1501//1501 1513//1513 1519//1519
f 1501//1501 1519//1519 1503//1503
f 1510//1510 1520//1520 1511//1511
f 1511//1511 1520//1520 1521//1521
f 1511//1511 1521//1521 1522//1522
f 1522//1522 1521//1521 1523//1523
f 1522//1522 1523//1523 1524//1524
f 1524//1524 1523//1523 1525//1525
f 1524//1524 1525//1525 1526//1526
f 1526//1526 1525//1525 1075//1075
f 1526//1526 1075//1075 1527//1527
f 1527//1527 1075//1075 1073//1073
f 1527//1527 1073//1073 1504//1504
f 1504//1504 1073//1073 1071//1071
f 1504//1504 1071//1071 1069//1069
f 1514//1514 1528//1528 1512//1512
f 1512//1512 1528//1528 1529//1529
f 1512//1512 1529//1529 1530//1530
f 1530//1530 1529//1529 1531//1531
f 1530//1530 1531//1531 1532//1532
f 1532//1532 1531//1531 1533//1533
f 1532//1532 1533//1533 1534//1534
f 1534//1534 1533//1533 1535//1535
f 1534//1534 1535//1535 1536//1536
f 1536//1536 1535//1535 1537//1537
f 1536//1536 1537//1537 1505//1505
f 1505//1505 1537//1537 1538//1538
f 1505//1505 1538//1538 1506//1506
f 1516//1516 1498//1498 1518//1518
f 1518//1518 1498//1498 1495//1495
f 1518//1518 1495//1495 1539//1539
f 1539//1539 1495//1495 1068//1068
f 1539//1539 1068//1068 1540//1540
f 1540//1540 1068//1068 1332//1332
f 1220//1220 1541//1541 1497//1497
f 1497//1497 1541//1541 1542//1542
f 1497//1497 1542//1542 1543//1543
f 1543//1543 1542//1542 1503//1503
f 1543//1543 1503//1503 1544//1544
f 1544//1544 1503//1503 1519//1519
f 1545//1545 1546//1546 1533//1533
f 1547//1547 1548//1548 1549//1549
f 1547//1547 1545//1545 1548//1548
f 1548//1548 1545//1545 1533//1533
f 1548//1548 1533//1533 1550//1550
f 1550//1550 1533//1533 1551//1551
f 1552//1552 1553//1553 1554//1554
f 1554//1554 1553//1553 1555//1555
f 1554//1554 1555//1555 1556//1556
f 1556//1556 1555//1555 1557//1557
f 1556//1556 1557//1557 1558//1558
f 1559//1559 1535//1535 1560//1560
f 1560//1560 1535//1535 1561//1561
f 1549//1549 1562//1562 1547//1547
f 1547//1547 1562//1562 1563//1563
f 1547//1547 1563//1563 1564//1564
f 1564//1564 1563//1563 1565//1565
f 1564//1564 1565//1565 1552//1552
f 1552//1552 1565//1565 1566//1566
f 1552//1552 1566//1566 1553//1553
f 1546//1546 1567//1567 1533//1533
f 1533//1533 1567//1567 1568//1568
f 1533//1533 1568//1568 1535//1535
f 1535//1535 1568//1568 1569//1569
f 1535//1535 1569//1569 1561//1561
f 1570//1570 1571//1571 1559//1559
f 1559//1559 1571//1571 1572//1572
f 1559//1559 1572//1572 1535//1535
f 1535//1535 1572//1572 1573//1573
f 1535//1535 1573//1573 1574//1574
f 1557//1557 1575//1575 1558//1558
f 1558//1558 1575//1575 1576//1576
f 1558//1558 1576//1576 1577//1577
f 1577//1577 1576//1576 1578//1578
f 1577//1577 1578//1578 1579//1579
f 1579//1579 1578//1578 1580//1580
f 1579//1579 1580//1580 1559//1559
f 1559//1559 1580//1580 1581//1581
f 1559//1559 1581//1581 1570//1570
f 1582//1582 1510//1510 1583//1583
f 1583//1583 1510//1510 1508//1508
f 1584//1584 1585//1585 1525//1525
f 1586//1586 1587//1587 1075//1075
f 1586//1586 1075//1075 1588//1588
f 1525//1525 1585//1585 1075//1075
f 1075//1075 1585//1585 1589//1589
f 1075//1075 1589//1589 1588//1588
f 1590//1590 1591//1591 1587//1587
f 1587//1587 1591//1591 1592//1592
f 1587//1587 1592//1592 1075//1075
f 1075//1075 1592//1592 1593//1593
f 1075//1075 1593//1593 1076//1076
f 1594//1594 1595//1595 1596//1596
f 1596//1596 1595//1595 1597//1597
f 1596//1596 1597//1597 1598//1598
f 1598//1598 1597//1597 1599//1599
f 1598//1598 1599//1599 1600//1600
f 1601//1601 1525//1525 1602//1602
f 1602//1602 1525//1525 1603//1603
f 1604//1604 1605//1605 1601//1601
f 1601//1601 1605//1605 1606//1606
f 1601//1601 1606//1606 1525//1525
f 1525//1525 1606//1606 1607//1607
f 1525//1525 1607//1607 1584//1584
f 1599//1599 1608//1608 1600//1600
f 1600//1600 1608//1608 1609//1609
f 1600//1600 1609//1609 1610//1610
f 1610//1610 1609//1609 1611//1611
f 1610//1610 1611//1611 1612//1612
f 1612//1612 1611//1611 1613//1613
f 1612//1612 1613//1613 1587//1587
f 1587//1587 1613//1613 1614//1614
f 1587//1587 1614//1614 1590//1590
f 1604//1604 1615//1615 1605//1605
f 1605//1605 1615//1615 1616//1616
f 1605//1605 1616//1616 1617//1617
f 1617//1617 1616//1616 1618//1618
f 1617//1617 1618//1618 1594//1594
f 1594//1594 1618//1618 1619//1619
f 1594//1594 1619//1619 1595//1595
f 1620//1620 1621//1621 1622//1622
f 1623//1623 1624//1624 1065//1065
f 1625//1625 1626//1626 1627//1627
f 1627//1627 1626//1626 1628//1628
f 1622//1622 1621//1621 1629//1629
f 1629//1629 1621//1621 1630//1630
f 1629//1629 1630//1630 1631//1631
f 1631//1631 1630//1630 1632//1632
f 1632//1632 1630//1630 1633//1633
f 1632//1632 1633//1633 1627//1627
f 1627//1627 1633//1633 1634//1634
f 1627//1627 1634//1634 1635//1635
f 1636//1636 1625//1625 1065//1065
f 1065//1065 1625//1625 1627//1627
f 1065//1065 1627//1627 1623//1623
f 1623//1623 1627//1627 1635//1635
f 1628//1628 1637//1637 1627//1627
f 1627//1627 1637//1637 1638//1638
f 1627//1627 1638//1638 1639//1639
f 1624//1624 1640//1640 1065//1065
f 1065//1065 1640//1640 1641//1641
f 1065//1065 1641//1641 1067//1067
f 1622//1622 1642//1642 1620//1620
f 1620//1620 1642//1642 1643//1643
f 1620//1620 1643//1643 1644//1644
f 1644//1644 1643//1643 1645//1645
f 1644//1644 1645//1645 1646//1646
f 1646//1646 1645//1645 1647//1647
f 1646//1646 1647//1647 1648//1648
f 1648//1648 1647//1647 1067//1067
f 1648//1648 1067//1067 1649//1649
f 1649//1649 1067//1067 1641//1641
f 1650//1650 1651//1651 1652//1652
f 1652//1652 1651//1651 1653//1653
f 1652//1652 1653//1653 1654//1654
f 1655//1655 1656//1656 1657//1657
f 1657//1657 1656//1656 1658//1658
f 1653//1653 1659//1659 1654//1654
f 1654//1654 1659//1659 1660//1660
f 1654//1654 1660//1660 1661//1661
f 1661//1661 1660//1660 1662//1662
f 1661//1661 1662//1662 1655//1655
f 1655//1655 1662//1662 1663//1663
f 1655//1655 1663//1663 1656//1656
f 1664//1664 1665//1665 1666//1666
f 1666//1666 1665//1665 1667//1667
f 1666//1666 1667//1667 1668//1668
f 1668//1668 1667//1667 1669//1669
f 1668//1668 1669//1669 1650//1650
f 1650//1650 1669//1669 1670//1670
f 1650//1650 1670//1670 1651//1651
f 1671//1671 1672//1672 1673//1673
f 1673//1673 1672//1672 1674//1674
f 1674//1674 1672//1672 1675//1675
f 1674//1674 1675//1675 1658//1658
f 1658//1658 1675//1675 1676//1676
f 1658//1658 1676//1676 1657//1657
f 1673//1673 1677//1677 1671//1671
f 1671//1671 1677//1677 1678//1678
f 1671//1671 1678//1678 1679//1679
f 1679//1679 1678//1678 1680//1680
f 1679//1679 1680//1680 1664//1664
f 1664//1664 1680//1680 1681//1681
f 1664//1664 1681//1681 1665//1665
f 1658//1658 1682//1682 1674//1674
f 1674//1674 1682//1682 1514//1514
f 1674//1674 1514//1514 1501//1501
f 1683//1683 1684//1684 1444//1444
f 1444//1444 1684//1684 1685//1685
f 1444//1444 1685//1685 1430//1430
f 1114//1114 1686//1686 1127//1127
f 1127//1127 1686//1686 1687//1687
f 1127//1127 1687//1687 1688//1688
f 1689//1689 1690//1690 1691//1691
f 1691//1691 1690//1690 1692//1692
f 1691//1691 1692//1692 1472//1472
f 1472//1472 1692//1692 1693//1693
f 1472//1472 1693//1693 1470//1470
f 1470//1470 1693//1693 1694//1694
f 1470//1470 1694//1694 1468//1468
f 1468//1468 1694//1694 1695//1695
f 1468//1468 1695//1695 1466//1466
f 1466//1466 1695//1695 1696//1696
f 1697//1697 1698//1698 1699//1699
f 1699//1699 1698//1698 1700//1700
f 1699//1699 1700//1700 1701//1701
f 1697//1697 1702//1702 1698//1698
f 1698//1698 1702//1702 1703//1703
f 1698//1698 1703//1703 1704//1704
f 1704//1704 1703//1703 1689//1689
f 1704//1704 1689//1689 1684//1684
f 1684//1684 1689//1689 1691//1691
f 1684//1684 1691//1691 1685//1685
f 1688//1688 1687//1687 1700//1700
f 1700//1700 1687//1687 1705//1705
f 1700//1700 1705//1705 1701//1701
f 1706//1706 1458//1458 1707//1707
f 1707//1707 1458//1458 1460//1460
f 1707//1707 1460//1460 1708//1708
f 1708//1708 1460//1460 1462//1462
f 1708//1708 1462//1462 1696//1696
f 1696//1696 1462//1462 1464//1464
f 1696//1696 1464//1464 1466//1466
f 1687//1687 1451//1451 1705//1705
f 1705//1705 1451//1451 1454//1454
f 1705//1705 1454//1454 1706//1706
f 1706//1706 1454//1454 1456//1456
f 1706//1706 1456//1456 1458//1458
f 1099//1099 1709//1709 1710//1710
f 1711//1711 1712//1712 1713//1713
f 1713//1713 1712//1712 1714//1714
f 1713//1713 1714//1714 1715//1715
f 1714//1714 1716//1716 1715//1715
f 1715//1715 1716//1716 1717//1717
f 1715//1715 1717//1717 1710//1710
f 1710//1710 1717//1717 1718//1718
f 1710//1710 1718//1718 1719//1719
f 1711//1711 1713//1713 1720//1720
f 1720//1720 1713//1713 1721//1721
f 1720//1720 1721//1721 1722//1722
f 1426//1426 1723//1723 1445//1445
f 1445//1445 1723//1723 1724//1724
f 1445//1445 1724//1724 1725//1725
f 1100//1100 1099//1099 1726//1726
f 1726//1726 1099//1099 1710//1710
f 1726//1726 1710//1710 1727//1727
f 1727//1727 1710//1710 1719//1719
f 1725//1725 1724//1724 1721//1721
f 1721//1721 1724//1724 1728//1728
f 1721//1721 1728//1728 1722//1722
f 1729//1729 1479//1479 1730//1730
f 1730//1730 1479//1479 1477//1477
f 1730//1730 1477//1477 1731//1731
f 1731//1731 1477//1477 1475//1475
f 1731//1731 1475//1475 1719//1719
f 1719//1719 1475//1475 1474//1474
f 1719//1719 1474//1474 1727//1727
f 1732//1732 1487//1487 1733//1733
f 1733//1733 1487//1487 1485//1485
f 1733//1733 1485//1485 1734//1734
f 1734//1734 1485//1485 1483//1483
f 1734//1734 1483//1483 1729//1729
f 1729//1729 1483//1483 1481//1481
f 1729//1729 1481//1481 1479//1479
f 1724//1724 1493//1493 1728//1728
f 1728//1728 1493//1493 1491//1491
f 1728//1728 1491//1491 1732//1732
f 1732//1732 1491//1491 1489//1489
f 1732//1732 1489//1489 1487//1487
f 1735//1735 1736//1736 1737//1737
f 1737//1737 1736//1736 1738//1738
f 1737//1737 1738//1738 1739//1739
f 1739//1739 1738//1738 1740//1740
f 1739//1739 1740//1740 1741//1741
f 1741//1741 1740//1740 1742//1742
f 1741//1741 1742//1742 1743//1743
f 1743//1743 1742//1742 1744//1744
f 1743//1743 1744//1744 1745//1745
f 1745//1745 1744//1744 1746//1746
f 1745//1745 1746//1746 1747//1747
f 1747//1747 1746//1746 1748//1748
f 1747//1747 1748//1748 1749//1749
f 1749//1749 1748//1748 1750//1750
f 1749//1749 1750//1750 1751//1751
f 1751//1751 1750//1750 1752//1752
f 1751//1751 1752//1752 1753//1753
f 1753//1753 1752//1752 1754//1754
f 1753//1753 1754//1754 1755//1755
f 1755//1755 1754//1754 1756//1756
f 1755//1755 1756//1756 1757//1757
f 1757//1757 1756//1756 1758//1758
f 1757//1757 1758//1758 1759//1759
f 1759//1759 1758//1758 1760//1760
f 1759//1759 1760//1760 1761//1761
f 1761//1761 1760//1760 1762//1762
f 1761//1761 1762//1762 1763//1763
f 1763//1763 1762//1762 1764//1764
f 1763//1763 1764//1764 1765//1765
f 1765//1765 1764//1764 1766//1766
f 1765//1765 1766//1766 1767//1767
f 1767//1767 1766//1766 1768//1768
f 1767//1767 1768//1768 1769//1769
f 1769//1769 1768//1768 1770//1770
f 1769//1769 1770//1770 1771//1771
f 1771//1771 1770//1770 1772//1772
f 1771//1771 1772//1772 1773//1773
f 1773//1773 1772//1772 1774//1774
f 1773//1773 1774//1774 1775//1775
f 1775//1775 1774//1774 1776//1776
f 1775//1775 1776//1776 1777//1777
f 1777//1777 1776//1776 1778//1778
f 1777//1777 1778//1778 1779//1779
f 1779//1779 1778//1778 1780//1780
f 1779//1779 1780//1780 1781//1781
f 1781//1781 1780//1780 1782//1782
f 1781//1781 1782//1782 1783//1783
f 1783//1783 1782//1782 1784//1784
f 1783//1783 1784//1784 1785//1785
f 1785//1785 1784//1784 1786//1786
f 1785//1785 1786//1786 1787//1787
f 1787//1787 1786//1786 1788//1788
f 1787//1787 1788//1788 1789//1789
f 1789//1789 1788//1788 1790//1790
f 1789//1789 1790//1790 1791//1791
f 1791//1791 1790//1790 1792//1792
f 1791//1791 1792//1792 1793//1793
f 1793//1793 1792//1792 1794//1794
f 1793//1793 1794//1794 1735//1735
f 1735//1735 1794//1794 1736//1736
f 1795//1795 1796//1796 1797//1797
f 1085//1085 1088//1088 1109//1109
f 1109//1109 1088//1088 1090//1090
f 1109//1109 1090//1090 1092//1092
f 1396//1396 1398//1398 1109//1109
f 1109//1109 1398//1398 1401//1401
f 1109//1109 1401//1401 1348//1348
f 1798//1798 1799//1799 1317//1317
f 1799//1799 1800//1800 1317//1317
f 1317//1317 1800//1800 1801//1801
f 1317//1317 1801//1801 1797//1797
f 1797//1797 1801//1801 1802//1802
f 1797//1797 1802//1802 1795//1795
f 1354//1354 1085//1085 1352//1352
f 1352//1352 1085//1085 1109//1109
f 1352//1352 1109//1109 1350//1350
f 1350//1350 1109//1109 1348//1348
f 1334//1334 1336//1336 1368//1368
f 1368//1368 1336//1336 1338//1338
f 1368//1368 1338//1338 1416//1416
f 1416//1416 1338//1338 1340//1340
f 1416//1416 1340//1340 1413//1413
f 1401//1401 1404//1404 1348//1348
f 1348//1348 1404//1404 1407//1407
f 1348//1348 1407//1407 1346//1346
f 1346//1346 1407//1407 1410//1410
f 1346//1346 1410//1410 1344//1344
f 1344//1344 1410//1410 1413//1413
f 1344//1344 1413//1413 1342//1342
f 1342//1342 1413//1413 1340//1340
f 1368//1368 1366//1366 1334//1334
f 1334//1334 1366//1366 1390//1390
f 1334//1334 1390//1390 1803//1803
f 1803//1803 1390//1390 1357//1357
f 1804//1804 1805//1805 1317//1317
f 1357//1357 1380//1380 1803//1803
f 1803//1803 1380//1380 1394//1394
f 1803//1803 1394//1394 1396//1396
f 1805//1805 1806//1806 1317//1317
f 1317//1317 1806//1806 1807//1807
f 1317//1317 1807//1807 1798//1798
f 1804//1804 1317//1317 1803//1803
f 1803//1803 1317//1317 1315//1315
f 1803//1803 1315//1315 1334//1334
f 1244//1244 1242//1242 1110//1110
f 1293//1293 1291//1291 1110//1110
f 1083//1083 1081//1081 1110//1110
f 1110//1110 1081//1081 1079//1079
f 1110//1110 1079//1079 1078//1078
f 1808//1808 1809//1809 1810//1810
f 1810//1810 1809//1809 1811//1811
f 1810//1810 1811//1811 1225//1225
f 1225//1225 1811//1811 1812//1812
f 1225//1225 1812//1812 1813//1813
f 1291//1291 1289//1289 1814//1814
f 1814//1814 1289//1289 1276//1276
f 1814//1814 1276//1276 1266//1266
f 1293//1293 1110//1110 1296//1296
f 1296//1296 1110//1110 1242//1242
f 1296//1296 1242//1242 1299//1299
f 1078//1078 1248//1248 1110//1110
f 1110//1110 1248//1248 1246//1246
f 1110//1110 1246//1246 1244//1244
f 1813//1813 1815//1815 1225//1225
f 1225//1225 1815//1815 1816//1816
f 1225//1225 1816//1816 1817//1817
f 1299//1299 1242//1242 1302//1302
f 1302//1302 1242//1242 1240//1240
f 1302//1302 1240//1240 1305//1305
f 1305//1305 1240//1240 1238//1238
f 1305//1305 1238//1238 1308//1308
f 1308//1308 1238//1238 1236//1236
f 1308//1308 1236//1236 1311//1311
f 1236//1236 1234//1234 1311//1311
f 1311//1311 1234//1234 1232//1232
f 1311//1311 1232//1232 1250//1250
f 1250//1250 1232//1232 1230//1230
f 1250//1250 1230//1230 1260//1260
f 1260//1260 1230//1230 1228//1228
f 1260//1260 1228//1228 1264//1264
f 1817//1817 1818//1818 1225//1225
f 1225//1225 1818//1818 1819//1819
f 1225//1225 1819//1819 1219//1219
f 1219//1219 1819//1819 1814//1814
f 1219//1219 1814//1814 1228//1228
f 1228//1228 1814//1814 1266//1266
f 1228//1228 1266//1266 1264//1264
f 1517//1517 1381//1381 1356//1356
f 1517//1517 1356//1356 1515//1515
f 1381//1381 1517//1517 1382//1382
f 1382//1382 1517//1517 1518//1518
f 1382//1382 1518//1518 1383//1383
f 1383//1383 1518//1518 1384//1384
f 1384//1384 1518//1518 1539//1539
f 1384//1384 1539//1539 1386//1386
f 1373//1373 1375//1375 1540//1540
f 1540//1540 1375//1375 1377//1377
f 1540//1540 1377//1377 1539//1539
f 1539//1539 1377//1377 1379//1379
f 1539//1539 1379//1379 1386//1386
f 1540//1540 1332//1332 1373//1373
f 1373//1373 1332//1332 1331//1331
f 1373//1373 1331//1331 1371//1371
f 1371//1371 1331//1331 1329//1329
f 1371//1371 1329//1329 1364//1364
f 1364//1364 1329//1329 1328//1328
f 1364//1364 1328//1328 1362//1362
f 1362//1362 1328//1328 1327//1327
f 1362//1362 1327//1327 1360//1360
f 1360//1360 1327//1327 1325//1325
f 1360//1360 1325//1325 1358//1358
f 1358//1358 1325//1325 1324//1324
f 1356//1356 1355//1355 1515//1515
f 1515//1515 1355//1355 1392//1392
f 1515//1515 1392//1392 1320//1320
f 1320//1320 1392//1392 1391//1391
f 1320//1320 1391//1391 1318//1318
f 1318//1318 1391//1391 1389//1389
f 1318//1318 1389//1389 1316//1316
f 1316//1316 1389//1389 1388//1388
f 1316//1316 1388//1388 1314//1314
f 1314//1314 1388//1388 1365//1365
f 1314//1314 1365//1365 1322//1322
f 1322//1322 1365//1365 1367//1367
f 1322//1322 1367//1367 1323//1323
f 1323//1323 1367//1367 1369//1369
f 1323//1323 1369//1369 1324//1324
f 1324//1324 1369//1369 1370//1370
f 1324//1324 1370//1370 1358//1358
f 1257//1257 1213//1213 1212//1212
f 1257//1257 1212//1212 1255//1255
f 1255//1255 1212//1212 1210//1210
f 1255//1255 1210//1210 1279//1279
f 1279//1279 1210//1210 1209//1209
f 1279//1279 1209//1209 1280//1280
f 1280//1280 1209//1209 1217//1217
f 1280//1280 1217//1217 1282//1282
f 1282//1282 1217//1217 1216//1216
f 1282//1282 1216//1216 1284//1284
f 1284//1284 1216//1216 1215//1215
f 1284//1284 1215//1215 1286//1286
f 1286//1286 1215//1215 1500//1500
f 1286//1286 1500//1500 1287//1287
f 1287//1287 1500//1500 1269//1269
f 1269//1269 1500//1500 1502//1502
f 1269//1269 1502//1502 1271//1271
f 1271//1271 1502//1502 1273//1273
f 1273//1273 1502//1502 1503//1503
f 1273//1273 1503//1503 1274//1274
f 1274//1274 1503//1503 1275//1275
f 1275//1275 1503//1503 1542//1542
f 1275//1275 1542//1542 1277//1277
f 1257//1257 1252//1252 1213//1213
f 1213//1213 1252//1252 1251//1251
f 1213//1213 1251//1251 1218//1218
f 1218//1218 1251//1251 1262//1262
f 1218//1218 1262//1262 1227//1227
f 1227//1227 1262//1262 1261//1261
f 1227//1227 1261//1261 1226//1226
f 1226//1226 1261//1261 1259//1259
f 1226//1226 1259//1259 1224//1224
f 1224//1224 1259//1259 1258//1258
f 1224//1224 1258//1258 1222//1222
f 1222//1222 1258//1258 1263//1263
f 1222//1222 1263//1263 1220//1220
f 1220//1220 1263//1263 1541//1541
f 1263//1263 1265//1265 1541//1541
f 1541//1541 1265//1265 1267//1267
f 1541//1541 1267//1267 1542//1542
f 1542//1542 1267//1267 1278//1278
f 1542//1542 1278//1278 1277//1277
f 1583//1583 1508//1508 1820//1820
f 1820//1820 1508//1508 1506//1506
f 1820//1820 1506//1506 1821//1821
f 1821//1821 1506//1506 1538//1538
f 1821//1821 1538//1538 1822//1822
f 1822//1822 1538//1538 1823//1823
f 1823//1823 1538//1538 1537//1537
f 1823//1823 1537//1537 1824//1824
f 1824//1824 1537//1537 1535//1535
f 1824//1824 1535//1535 1574//1574
f 1825//1825 1826//1826 1523//1523
f 1523//1523 1521//1521 1825//1825
f 1825//1825 1521//1521 1520//1520
f 1825//1825 1520//1520 1827//1827
f 1510//1510 1582//1582 1520//1520
f 1520//1520 1582//1582 1828//1828
f 1520//1520 1828//1828 1827//1827
f 1826//1826 1829//1829 1523//1523
f 1523//1523 1829//1829 1603//1603
f 1523//1523 1603//1603 1525//1525
f 1514//1514 1682//1682 1830//1830
f 1514//1514 1830//1830 1528//1528
f 1528//1528 1830//1830 1831//1831
f 1528//1528 1831//1831 1529//1529
f 1529//1529 1831//1831 1832//1832
f 1529//1529 1832//1832 1531//1531
f 1531//1531 1832//1832 1551//1551
f 1531//1531 1551//1551 1533//1533
f 1833//1833 1834//1834 1835//1835
f 1835//1835 1834//1834 1836//1836
f 1835//1835 1836//1836 1837//1837
f 1838//1838 1835//1835 1839//1839
f 1839//1839 1835//1835 1837//1837
f 1839//1839 1837//1837 1840//1840
f 1840//1840 1837//1837 1841//1841
f 1796//1796 1795//1795 1842//1842
f 1843//1843 1844//1844 1845//1845
f 1843//1843 1845//1845 1839//1839
f 1839//1839 1845//1845 1846//1846
f 1839//1839 1846//1846 1838//1838
f 1847//1847 1848//1848 1849//1849
f 1849//1849 1848//1848 1850//1850
f 1849//1849 1850//1850 1843//1843
f 1843//1843 1850//1850 1851//1851
f 1843//1843 1851//1851 1844//1844
f 1852//1852 1853//1853 1854//1854
f 1855//1855 1856//1856 1857//1857
f 1857//1857 1856//1856 1858//1858
f 1809//1809 1808//1808 1859//1859
f 1859//1859 1808//1808 1833//1833
f 1859//1859 1833//1833 1860//1860
f 1860//1860 1833//1833 1861//1861
f 1852//1852 1854//1854 1862//1862
f 1862//1862 1854//1854 1863//1863
f 1862//1862 1863//1863 1855//1855
f 1855//1855 1863//1863 1864//1864
f 1855//1855 1864//1864 1856//1856
f 1865//1865 1866//1866 1867//1867
f 1868//1868 1869//1869 1870//1870
f 1870//1870 1869//1869 1871//1871
f 1870//1870 1871//1871 1848//1848
f 1848//1848 1871//1871 1872//1872
f 1848//1848 1872//1872 1850//1850
f 1866//1866 1873//1873 1867//1867
f 1867//1867 1873//1873 1874//1874
f 1867//1867 1874//1874 1835//1835
f 1835//1835 1874//1874 1875//1875
f 1835//1835 1875//1875 1833//1833
f 1833//1833 1875//1875 1796//1796
f 1833//1833 1796//1796 1861//1861
f 1861//1861 1796//1796 1842//1842
f 1858//1858 1876//1876 1857//1857
f 1857//1857 1876//1876 1877//1877
f 1857//1857 1877//1877 1878//1878
f 1878//1878 1877//1877 1865//1865
f 1878//1878 1865//1865 1879//1879
f 1879//1879 1865//1865 1867//1867
f 1880//1880 1881//1881 1870//1870
f 1870//1870 1881//1881 1857//1857
f 1870//1870 1857//1857 1868//1868
f 1868//1868 1857//1857 1878//1878
f 1873//1873 1882//1882 1874//1874
f 1874//1874 1882//1882 1883//1883
f 1874//1874 1883//1883 1884//1884
f 1884//1884 1883//1883 1885//1885
f 1884//1884 1885//1885 1853//1853
f 1853//1853 1885//1885 1886//1886
f 1853//1853 1886//1886 1854//1854
f 1887//1887 1884//1884 1888//1888
f 1888//1888 1884//1884 1853//1853
f 1855//1855 1889//1889 1862//1862
f 1862//1862 1889//1889 1890//1890
f 1862//1862 1890//1890 1852//1852
f 1852//1852 1890//1890 1891//1891
f 1852//1852 1891//1891 1853//1853
f 1853//1853 1891//1891 1888//1888
f 1889//1889 1855//1855 1892//1892
f 1892//1892 1855//1855 1857//1857
f 1870//1870 1893//1893 1880//1880
f 1880//1880 1893//1893 1894//1894
f 1880//1880 1894//1894 1881//1881
f 1881//1881 1894//1894 1895//1895
f 1881//1881 1895//1895 1857//1857
f 1857//1857 1895//1895 1892//1892
f 1893//1893 1870//1870 1896//1896
f 1896//1896 1870//1870 1848//1848
f 1843//1843 1897//1897 1849//1849
f 1849//1849 1897//1897 1898//1898
f 1849//1849 1898//1898 1847//1847
f 1847//1847 1898//1898 1899//1899
f 1847//1847 1899//1899 1848//1848
f 1848//1848 1899//1899 1896//1896
f 1897//1897 1843//1843 1900//1900
f 1900//1900 1843//1843 1839//1839
f 1837//1837 1901//1901 1841//1841
f 1841//1841 1901//1901 1902//1902
f 1841//1841 1902//1902 1840//1840
f 1840//1840 1902//1902 1903//1903
f 1840//1840 1903//1903 1839//1839
f 1839//1839 1903//1903 1900//1900
f 1901//1901 1837//1837 1904//1904
f 1904//1904 1837//1837 1836//1836
f 1797//1797 1796//1796 1875//1875
f 1797//1797 1875//1875 1905//1905
f 1905//1905 1875//1875 1874//1874
f 1905//1905 1874//1874 1906//1906
f 1906//1906 1874//1874 1884//1884
f 1906//1906 1884//1884 1887//1887
f 1904//1904 1836//1836 1834//1834
f 1904//1904 1834//1834 1907//1907
f 1907//1907 1834//1834 1833//1833
f 1907//1907 1833//1833 1908//1908
f 1908//1908 1833//1833 1808//1808
f 1908//1908 1808//1808 1810//1810
f 1208//1208 1113//1113 1909//1909
f 1909//1909 1113//1113 1112//1112
f 1910//1910 1911//1911 1111//1111
f 1111//1111 1911//1911 1912//1912
f 1111//1111 1912//1912 1112//1112
f 1112//1112 1912//1912 1913//1913
f 1112//1112 1913//1913 1909//1909
f 1111//1111 1110//1110 1291//1291
f 1291//1291 1814//1814 1111//1111
f 1111//1111 1814//1814 1914//1914
f 1111//1111 1914//1914 1910//1910
f 1915//1915 1803//1803 1108//1108
f 1108//1108 1803//1803 1396//1396
f 1108//1108 1396//1396 1109//1109
f 1916//1916 1917//1917 1107//1107
f 1107//1107 1917//1917 1918//1918
f 1107//1107 1918//1918 1108//1108
f 1108//1108 1918//1918 1919//1919
f 1108//1108 1919//1919 1915//1915
f 1916//1916 1107//1107 1920//1920
f 1920//1920 1107//1107 1106//1106
f 1920//1920 1106//1106 1207//1207
f 1811//1811 1809//1809 1859//1859
f 1817//1817 1816//1816 1921//1921
f 1921//1921 1816//1816 1815//1815
f 1921//1921 1815//1815 1813//1813
f 1914//1914 1814//1814 1819//1819
f 1819//1819 1818//1818 1914//1914
f 1914//1914 1818//1818 1817//1817
f 1914//1914 1817//1817 1910//1910
f 1910//1910 1817//1817 1921//1921
f 1910//1910 1921//1921 1911//1911
f 1909//1909 1913//1913 1922//1922
f 1922//1922 1913//1913 1912//1912
f 1922//1922 1912//1912 1911//1911
f 1860//1860 1923//1923 1924//1924
f 1924//1924 1923//1923 1925//1925
f 1924//1924 1925//1925 1926//1926
f 1926//1926 1925//1925 1927//1927
f 1926//1926 1927//1927 1928//1928
f 1928//1928 1927//1927 1929//1929
f 1928//1928 1929//1929 1930//1930
f 1931//1931 1924//1924 1932//1932
f 1932//1932 1924//1924 1926//1926
f 1932//1932 1926//1926 1922//1922
f 1922//1922 1926//1926 1928//1928
f 1922//1922 1928//1928 1909//1909
f 1909//1909 1928//1928 1930//1930
f 1909//1909 1930//1930 1208//1208
f 1911//1911 1921//1921 1922//1922
f 1922//1922 1921//1921 1813//1813
f 1922//1922 1813//1813 1932//1932
f 1932//1932 1813//1813 1812//1812
f 1932//1932 1812//1812 1931//1931
f 1931//1931 1812//1812 1811//1811
f 1931//1931 1811//1811 1924//1924
f 1924//1924 1811//1811 1859//1859
f 1924//1924 1859//1859 1860//1860
f 1860//1860 1861//1861 1923//1923
f 1923//1923 1861//1861 1933//1933
f 1923//1923 1933//1933 1925//1925
f 1925//1925 1933//1933 1934//1934
f 1925//1925 1934//1934 1927//1927
f 1927//1927 1934//1934 1935//1935
f 1927//1927 1935//1935 1929//1929
f 1929//1929 1935//1935 1936//1936
f 1929//1929 1936//1936 1930//1930
f 1930//1930 1936//1936 1937//1937
f 1930//1930 1937//1937 1208//1208
f 1208//1208 1937//1937 1207//1207
f 1938//1938 1920//1920 1207//1207
f 1920//1920 1938//1938 1916//1916
f 1799//1799 1798//1798 1939//1939
f 1918//1918 1939//1939 1919//1919
f 1919//1919 1939//1939 1805//1805
f 1919//1919 1805//1805 1915//1915
f 1915//1915 1805//1805 1804//1804
f 1915//1915 1804//1804 1803//1803
f 1798//1798 1807//1807 1939//1939
f 1939//1939 1807//1807 1806//1806
f 1939//1939 1806//1806 1805//1805
f 1842//1842 1795//1795 1802//1802
f 1918//1918 1917//1917 1939//1939
f 1939//1939 1917//1917 1940//1940
f 1939//1939 1940//1940 1799//1799
f 1799//1799 1940//1940 1941//1941
f 1799//1799 1941//1941 1800//1800
f 1917//1917 1916//1916 1940//1940
f 1940//1940 1916//1916 1938//1938
f 1940//1940 1938//1938 1941//1941
f 1941//1941 1938//1938 1942//1942
f 1941//1941 1942//1942 1943//1943
f 1943//1943 1942//1942 1944//1944
f 1207//1207 1937//1937 1938//1938
f 1938//1938 1937//1937 1936//1936
f 1938//1938 1936//1936 1942//1942
f 1942//1942 1936//1936 1935//1935
f 1942//1942 1935//1935 1944//1944
f 1944//1944 1935//1935 1934//1934
f 1944//1944 1934//1934 1933//1933
f 1800//1800 1941//1941 1801//1801
f 1801//1801 1941//1941 1943//1943
f 1801//1801 1943//1943 1802//1802
f 1802//1802 1943//1943 1944//1944
f 1802//1802 1944//1944 1842//1842
f 1842//1842 1944//1944 1933//1933
f 1842//1842 1933//1933 1861//1861
f 1471//1471 1945//1945 1472//1472
f 1472//1472 1945//1945 1691//1691
f 1945//1945 1946//1946 1691//1691
f 1691//1691 1946//1946 1947//1947
f 1691//1691 1947//1947 1685//1685
f 1423//1423 1430//1430 1948//1948
f 1948//1948 1430//1430 1685//1685
f 1948//1948 1685//1685 1949//1949
f 1949//1949 1685//1685 1947//1947
f 1494//1494 1493//1493 1950//1950
f 1950//1950 1493//1493 1724//1724
f 1950//1950 1724//1724 1951//1951
f 1951//1951 1724//1724 1952//1952
f 1952//1952 1724//1724 1723//1723
f 1952//1952 1723//1723 1953//1953
f 1953//1953 1723//1723 1954//1954
f 1954//1954 1723//1723 1426//1426
f 1954//1954 1426//1426 1428//1428
f 1115//1115 1955//1955 1114//1114
f 1114//1114 1955//1955 1686//1686
f 1955//1955 1956//1956 1686//1686
f 1686//1686 1956//1956 1957//1957
f 1686//1686 1957//1957 1687//1687
f 1452//1452 1451//1451 1958//1958
f 1958//1958 1451//1451 1687//1687
f 1958//1958 1687//1687 1959//1959
f 1959//1959 1687//1687 1957//1957
f 1122//1122 1100//1100 1960//1960
f 1960//1960 1100//1100 1726//1726
f 1960//1960 1726//1726 1961//1961
f 1961//1961 1726//1726 1962//1962
f 1962//1962 1726//1726 1727//1727
f 1962//1962 1727//1727 1963//1963
f 1963//1963 1727//1727 1964//1964
f 1964//1964 1727//1727 1474//1474
f 1964//1964 1474//1474 1473//1473
f 1704//1704 1713//1713 1698//1698
f 1698//1698 1713//1713 1715//1715
f 1965//1965 1966//1966 1967//1967
f 1967//1967 1966//1966 1713//1713
f 1967//1967 1713//1713 1968//1968
f 1968//1968 1713//1713 1704//1704
f 1968//1968 1704//1704 1969//1969
f 1969//1969 1704//1704 1970//1970
f 1971//1971 1972//1972 1973//1973
f 1973//1973 1972//1972 1698//1698
f 1973//1973 1698//1698 1974//1974
f 1974//1974 1698//1698 1715//1715
f 1974//1974 1715//1715 1975//1975
f 1975//1975 1715//1715 1976//1976
f 1977//1977 1967//1967 1978//1978
f 1978//1978 1967//1967 1968//1968
f 1979//1979 1980//1980 1973//1973
f 1974//1974 1981//1981 1982//1982
f 1983//1983 1984//1984 1982//1982
f 1982//1982 1984//1984 1979//1979
f 1982//1982 1979//1979 1974//1974
f 1974//1974 1979//1979 1973//1973
f 1985//1985 1093//1093 1986//1986
f 1986//1986 1093//1093 1096//1096
f 1986//1986 1096//1096 1984//1984
f 1984//1984 1096//1096 1123//1123
f 1984//1984 1123//1123 1979//1979
f 1093//1093 1985//1985 1094//1094
f 1094//1094 1985//1985 1983//1983
f 1094//1094 1983//1983 1982//1982
f 1987//1987 1988//1988 1989//1989
f 1989//1989 1988//1988 1990//1990
f 1980//1980 1991//1991 1973//1973
f 1973//1973 1991//1991 1971//1971
f 1991//1991 1992//1992 1971//1971
f 1971//1971 1992//1992 1993//1993
f 1971//1971 1993//1993 1972//1972
f 1700//1700 1698//1698 1994//1994
f 1994//1994 1698//1698 1972//1972
f 1994//1994 1972//1972 1995//1995
f 1995//1995 1972//1972 1993//1993
f 1684//1684 1996//1996 1704//1704
f 1704//1704 1996//1996 1970//1970
f 1996//1996 1997//1997 1970//1970
f 1970//1970 1997//1997 1998//1998
f 1970//1970 1998//1998 1969//1969
f 1978//1978 1968//1968 1999//1999
f 1999//1999 1968//1968 1969//1969
f 1999//1999 1969//1969 2000//2000
f 2000//2000 1969//1969 1998//1998
f 1977//1977 2001//2001 1967//1967
f 1967//1967 2001//2001 1965//1965
f 2001//2001 2002//2002 1965//1965
f 1965//1965 2002//2002 2003//2003
f 1965//1965 2003//2003 1966//1966
f 1721//1721 1713//1713 2004//2004
f 2004//2004 1713//1713 1966//1966
f 2004//2004 1966//1966 2005//2005
f 2005//2005 1966//1966 2003//2003
f 1710//1710 2006//2006 1715//1715
f 1715//1715 2006//2006 1976//1976
f 2006//2006 2007//2007 1976//1976
f 1976//1976 2007//2007 2008//2008
f 1976//1976 2008//2008 1975//1975
f 1981//1981 1974//1974 2009//2009
f 2009//2009 1974//1974 1975//1975
f 2009//2009 1975//1975 2010//2010
f 2010//2010 1975//1975 2008//2008
f 1826//1826 1825//1825 1420//1420
f 1420//1420 1825//1825 1827//1827
f 1823//1823 1422//1422 1822//1822
f 1822//1822 1422//1422 1820//1820
f 1822//1822 1820//1820 1821//1821
f 1827//1827 1828//1828 1420//1420
f 1420//1420 1828//1828 1582//1582
f 1420//1420 1582//1582 1422//1422
f 1422//1422 1582//1582 1583//1583
f 1422//1422 1583//1583 1820//1820
f 1319//1319 1317//1317 1321//1321
f 1321//1321 1317//1317 1797//1797
f 1321//1321 1797//1797 1516//1516
f 1516//1516 1797//1797 1905//1905
f 1516//1516 1905//1905 1498//1498
f 1498//1498 1905//1905 1906//1906
f 1498//1498 1906//1906 1499//1499
f 1499//1499 1906//1906 1887//1887
f 1499//1499 1887//1887 1495//1495
f 1497//1497 1810//1810 1221//1221
f 1221//1221 1810//1810 1225//1225
f 1221//1221 1225//1225 1223//1223
f 1888//1888 1496//1496 1887//1887
f 1887//1887 1496//1496 1495//1495
f 1519//1519 1904//1904 1907//1907
f 1519//1519 1907//1907 1544//1544
f 1544//1544 1907//1907 1908//1908
f 1544//1544 1908//1908 1543//1543
f 1543//1543 1908//1908 1810//1810
f 1543//1543 1810//1810 1497//1497
f 1889//1889 1526//1526 1890//1890
f 1890//1890 1526//1526 1527//1527
f 1890//1890 1527//1527 1891//1891
f 1891//1891 1527//1527 1504//1504
f 1891//1891 1504//1504 1888//1888
f 1888//1888 1504//1504 1496//1496
f 1513//1513 1901//1901 1519//1519
f 1519//1519 1901//1901 1904//1904
f 1892//1892 1524//1524 1889//1889
f 1889//1889 1524//1524 1526//1526
f 1901//1901 1513//1513 1902//1902
f 1902//1902 1513//1513 1512//1512
f 1902//1902 1512//1512 1903//1903
f 1903//1903 1512//1512 1530//1530
f 1903//1903 1530//1530 1900//1900
f 1900//1900 1530//1530 1532//1532
f 1893//1893 1509//1509 1894//1894
f 1894//1894 1509//1509 1511//1511
f 1894//1894 1511//1511 1895//1895
f 1895//1895 1511//1511 1522//1522
f 1895//1895 1522//1522 1892//1892
f 1892//1892 1522//1522 1524//1524
f 1534//1534 1897//1897 1532//1532
f 1532//1532 1897//1897 1900//1900
f 1896//1896 1507//1507 1893//1893
f 1893//1893 1507//1507 1509//1509
f 1897//1897 1534//1534 1898//1898
f 1898//1898 1534//1534 1536//1536
f 1898//1898 1536//1536 1899//1899
f 1899//1899 1536//1536 1505//1505
f 1899//1899 1505//1505 1896//1896
f 1896//1896 1505//1505 1507//1507
f 1984//1984 1990//1990 1986//1986
f 1986//1986 1990//1990 1988//1988
f 1983//1983 1989//1989 1984//1984
f 1984//1984 1989//1989 1990//1990
f 1987//1987 1985//1985 1988//1988
f 1988//1988 1985//1985 1986//1986
f 1985//1985 1987//1987 1983//1983
f 1983//1983 1987//1987 1989//1989
f 1124//1124 1980//1980 1123//1123
f 1123//1123 1980//1980 1979//1979
f 1700//1700 1994//1994 1688//1688
f 1688//1688 1994//1994 1127//1127
f 1127//1127 1994//1994 1995//1995
f 1127//1127 1995//1995 1126//1126
f 1126//1126 1995//1995 1993//1993
f 1126//1126 1993//1993 1125//1125
f 1980//1980 1124//1124 1991//1991
f 1991//1991 1124//1124 1125//1125
f 1991//1991 1125//1125 1992//1992
f 1992//1992 1125//1125 1993//1993
f 1981//1981 1095//1095 1982//1982
f 1982//1982 1095//1095 1094//1094
f 1102//1102 1095//1095 1981//1981
f 1981//1981 2009//2009 1102//1102
f 1102//1102 2009//2009 2010//2010
f 1102//1102 2010//2010 1101//1101
f 1101//1101 2010//2010 2008//2008
f 1101//1101 2008//2008 1099//1099
f 1099//1099 2008//2008 2007//2007
f 1099//1099 2007//2007 1709//1709
f 1709//1709 2007//2007 2006//2006
f 1709//1709 2006//2006 1710//1710
f 1721//1721 2004//2004 1725//1725
f 1725//1725 2004//2004 1445//1445
f 1445//1445 2004//2004 2005//2005
f 1445//1445 2005//2005 1446//1446
f 1446//1446 2005//2005 2003//2003
f 1446//1446 2003//2003 1447//1447
f 1977//1977 1450//1450 2001//2001
f 2001//2001 1450//1450 1447//1447
f 2001//2001 1447//1447 2002//2002
f 2002//2002 1447//1447 2003//2003
f 1978//1978 1441//1441 1977//1977
f 1977//1977 1441//1441 1450//1450
f 1442//1442 1441//1441 1978//1978
f 1978//1978 1999//1999 1442//1442
f 1442//1442 1999//1999 2000//2000
f 1442//1442 2000//2000 1443//1443
f 1443//1443 2000//2000 1998//1998
f 1443//1443 1998//1998 1444//1444
f 1444//1444 1998//1998 1997//1997
f 1444//1444 1997//1997 1683//1683
f 1683//1683 1997//1997 1996//1996
f 1683//1683 1996//1996 1684//1684
f 1717//1717 1716//1716 1794//1794
f 1794//1794 1792//1792 1717//1717
f 1717//1717 1792//1792 1790//1790
f 1717//1717 1790//1790 1718//1718
f 1790//1790 1788//1788 1718//1718
f 1718//1718 1788//1788 1786//1786
f 1718//1718 1786//1786 1719//1719
f 1786//1786 1784//1784 1719//1719
f 1719//1719 1784//1784 1782//1782
f 1719//1719 1782//1782 1731//1731
f 1782//1782 1780//1780 1731//1731
f 1731//1731 1780//1780 1778//1778
f 1731//1731 1778//1778 1730//1730
f 1778//1778 1776//1776 1730//1730
f 1730//1730 1776//1776 1774//1774
f 1730//1730 1774//1774 1729//1729
f 1774//1774 1772//1772 1729//1729
f 1729//1729 1772//1772 1770//1770
f 1729//1729 1770//1770 1734//1734
f 1734//1734 1770//1770 1768//1768
f 1734//1734 1768//1768 1733//1733
f 1768//1768 1766//1766 1733//1733
f 1733//1733 1766//1766 1764//1764
f 1733//1733 1764//1764 1732//1732
f 1764//1764 1762//1762 1732//1732
f 1732//1732 1762//1762 1760//1760
f 1732//1732 1760//1760 1728//1728
f 1760//1760 1758//1758 1728//1728
f 1728//1728 1758//1758 1756//1756
f 1728//1728 1756//1756 1722//1722
f 1756//1756 1754//1754 1722//1722
f 1722//1722 1754//1754 1752//1752
f 1722//1722 1752//1752 1720//1720
f 1752//1752 1750//1750 1720//1720
f 1720//1720 1750//1750 1748//1748
f 1720//1720 1748//1748 1711//1711
f 1748//1748 1746//1746 1711//1711
f 1711//1711 1746//1746 1744//1744
f 1711//1711 1744//1744 1712//1712
f 1744//1744 1742//1742 1712//1712
f 1712//1712 1742//1742 1740//1740
f 1712//1712 1740//1740 1714//1714
f 1714//1714 1740//1740 1738//1738
f 1714//1714 1738//1738 1716//1716
f 1716//1716 1738//1738 1736//1736
f 1716//1716 1736//1736 1794//1794
f 1647//1647 1330//1330 1067//1067
f 1067//1067 1330//1330 1068//1068
f 1626//1626 1086//1086 1353//1353
f 1626//1626 1353//1353 1628//1628
f 1628//1628 1353//1353 1351//1351
f 1628//1628 1351//1351 1637//1637
f 1637//1637 1351//1351 1349//1349
f 1637//1637 1349//1349 1638//1638
f 1638//1638 1349//1349 1347//1347
f 1638//1638 1347//1347 1639//1639
f 1639//1639 1347//1347 1345//1345
f 1639//1639 1345//1345 1627//1627
f 1627//1627 1345//1345 1343//1343
f 1627//1627 1343//1343 1632//1632
f 1632//1632 1343//1343 1341//1341
f 1632//1632 1341//1341 1631//1631
f 1631//1631 1341//1341 1339//1339
f 1631//1631 1339//1339 1629//1629
f 1629//1629 1339//1339 1337//1337
f 1629//1629 1337//1337 1622//1622
f 1622//1622 1337//1337 1335//1335
f 1622//1622 1335//1335 1642//1642
f 1642//1642 1335//1335 1333//1333
f 1642//1642 1333//1333 1643//1643
f 1643//1643 1333//1333 1326//1326
f 1643//1643 1326//1326 1645//1645
f 1645//1645 1326//1326 1330//1330
f 1645//1645 1330//1330 1647//1647
f 1137//1137 1091//1091 1089//1089
f 1636//1636 1133//1133 1087//1087
f 1087//1087 1133//1133 1089//1089
f 1089//1089 1133//1133 1135//1135
f 1089//1089 1135//1135 1137//1137
f 1086//1086 1626//1626 1087//1087
f 1087//1087 1626//1626 1625//1625
f 1087//1087 1625//1625 1636//1636
f 1214//1214 1673//1673 1501//1501
f 1501//1501 1673//1673 1674//1674
f 1673//1673 1214//1214 1211//1211
f 1673//1673 1211//1211 1677//1677
f 1677//1677 1211//1211 1229//1229
f 1677//1677 1229//1229 1678//1678
f 1678//1678 1229//1229 1231//1231
f 1678//1678 1231//1231 1680//1680
f 1680//1680 1231//1231 1233//1233
f 1680//1680 1233//1233 1681//1681
f 1681//1681 1233//1233 1235//1235
f 1681//1681 1235//1235 1665//1665
f 1665//1665 1235//1235 1237//1237
f 1665//1665 1237//1237 1667//1667
f 1667//1667 1237//1237 1239//1239
f 1667//1667 1239//1239 1669//1669
f 1669//1669 1239//1239 1241//1241
f 1669//1669 1241//1241 1670//1670
f 1670//1670 1241//1241 1243//1243
f 1670//1670 1243//1243 1651//1651
f 1651//1651 1243//1243 1245//1245
f 1651//1651 1245//1245 1653//1653
f 1653//1653 1245//1245 1247//1247
f 1653//1653 1247//1247 1659//1659
f 1659//1659 1247//1247 1249//1249
f 1659//1659 1249//1249 1660//1660
f 1660//1660 1249//1249 1077//1077
f 1660//1660 1077//1077 1662//1662
f 1104//1104 1656//1656 1663//1663
f 1084//1084 1121//1121 1082//1082
f 1082//1082 1121//1121 1105//1105
f 1082//1082 1105//1105 1080//1080
f 1105//1105 1104//1104 1080//1080
f 1080//1080 1104//1104 1663//1663
f 1080//1080 1663//1663 1077//1077
f 1077//1077 1663//1663 1662//1662
f 1668//1668 1650//1650 1304//1304
f 1304//1304 1306//1306 1668//1668
f 1668//1668 1306//1306 1307//1307
f 1668//1668 1307//1307 1666//1666
f 1307//1307 1309//1309 1666//1666
f 1666//1666 1309//1309 1310//1310
f 1666//1666 1310//1310 1664//1664
f 1310//1310 1312//1312 1664//1664
f 1664//1664 1312//1312 1313//1313
f 1664//1664 1313//1313 1679//1679
f 1313//1313 1256//1256 1679//1679
f 1679//1679 1256//1256 1254//1254
f 1679//1679 1254//1254 1671//1671
f 1254//1254 1253//1253 1671//1671
f 1671//1671 1253//1253 1281//1281
f 1671//1671 1281//1281 1672//1672
f 1672//1672 1281//1281 1283//1283
f 1672//1672 1283//1283 1675//1675
f 1283//1283 1285//1285 1675//1675
f 1675//1675 1285//1285 1268//1268
f 1675//1675 1268//1268 1676//1676
f 1268//1268 1270//1270 1676//1676
f 1676//1676 1270//1270 1272//1272
f 1676//1676 1272//1272 1657//1657
f 1272//1272 1288//1288 1657//1657
f 1657//1657 1288//1288 1290//1290
f 1657//1657 1290//1290 1655//1655
f 1290//1290 1292//1292 1655//1655
f 1655//1655 1292//1292 1294//1294
f 1655//1655 1294//1294 1661//1661
f 1294//1294 1295//1295 1661//1661
f 1661//1661 1295//1295 1297//1297
f 1661//1661 1297//1297 1654//1654
f 1297//1297 1298//1298 1654//1654
f 1654//1654 1298//1298 1300//1300
f 1654//1654 1300//1300 1652//1652
f 1652//1652 1300//1300 1301//1301
f 1652//1652 1301//1301 1650//1650
f 1650//1650 1301//1301 1303//1303
f 1650//1650 1303//1303 1304//1304
f 1620//1620 1644//1644 1363//1363
f 1363//1363 1361//1361 1620//1620
f 1620//1620 1361//1361 1359//1359
f 1620//1620 1359//1359 1621//1621
f 1359//1359 1417//1417 1621//1621
f 1621//1621 1417//1417 1418//1418
f 1621//1621 1418//1418 1630//1630
f 1418//1418 1415//1415 1630//1630
f 1630//1630 1415//1415 1414//1414
f 1630//1630 1414//1414 1633//1633
f 1414//1414 1412//1412 1633//1633
f 1633//1633 1412//1412 1411//1411
f 1633//1633 1411//1411 1634//1634
f 1411//1411 1409//1409 1634//1634
f 1634//1634 1409//1409 1408//1408
f 1634//1634 1408//1408 1635//1635
f 1635//1635 1408//1408 1406//1406
f 1635//1635 1406//1406 1623//1623
f 1406//1406 1405//1405 1623//1623
f 1623//1623 1405//1405 1403//1403
f 1623//1623 1403//1403 1624//1624
f 1403//1403 1402//1402 1624//1624
f 1624//1624 1402//1402 1400//1400
f 1624//1624 1400//1400 1640//1640
f 1400//1400 1399//1399 1640//1640
f 1640//1640 1399//1399 1397//1397
f 1640//1640 1397//1397 1641//1641
f 1397//1397 1395//1395 1641//1641
f 1641//1641 1395//1395 1393//1393
f 1641//1641 1393//1393 1649//1649
f 1393//1393 1385//1385 1649//1649
f 1649//1649 1385//1385 1387//1387
f 1649//1649 1387//1387 1648//1648
f 1387//1387 1378//1378 1648//1648
f 1648//1648 1378//1378 1376//1376
f 1648//1648 1376//1376 1646//1646
f 1646//1646 1376//1376 1374//1374
f 1646//1646 1374//1374 1644//1644
f 1644//1644 1374//1374 1372//1372
f 1644//1644 1372//1372 1363//1363
f 1552//1552 1554//1554 1771//1771
f 1771//1771 1773//1773 1552//1552
f 1552//1552 1773//1773 1775//1775
f 1552//1552 1775//1775 1564//1564
f 1775//1775 1777//1777 1564//1564
f 1564//1564 1777//1777 1779//1779
f 1564//1564 1779//1779 1547//1547
f 1779//1779 1781//1781 1547//1547
f 1547//1547 1781//1781 1783//1783
f 1547//1547 1783//1783 1545//1545
f 1783//1783 1785//1785 1545//1545
f 1545//1545 1785//1785 1787//1787
f 1545//1545 1787//1787 1546//1546
f 1787//1787 1789//1789 1546//1546
f 1546//1546 1789//1789 1791//1791
f 1546//1546 1791//1791 1567//1567
f 1791//1791 1793//1793 1567//1567
f 1567//1567 1793//1793 1735//1735
f 1567//1567 1735//1735 1568//1568
f 1568//1568 1735//1735 1737//1737
f 1568//1568 1737//1737 1569//1569
f 1737//1737 1739//1739 1569//1569
f 1569//1569 1739//1739 1741//1741
f 1569//1569 1741//1741 1561//1561
f 1741//1741 1743//1743 1561//1561
f 1561//1561 1743//1743 1745//1745
f 1561//1561 1745//1745 1560//1560
f 1745//1745 1747//1747 1560//1560
f 1560//1560 1747//1747 1749//1749
f 1560//1560 1749//1749 1559//1559
f 1749//1749 1751//1751 1559//1559
f 1559//1559 1751//1751 1753//1753
f 1559//1559 1753//1753 1579//1579
f 1753//1753 1755//1755 1579//1579
f 1579//1579 1755//1755 1757//1757
f 1579//1579 1757//1757 1577//1577
f 1757//1757 1759//1759 1577//1577
f 1577//1577 1759//1759 1761//1761
f 1577//1577 1761//1761 1558//1558
f 1761//1761 1763//1763 1558//1558
f 1558//1558 1763//1763 1765//1765
f 1558//1558 1765//1765 1556//1556
f 1556//1556 1765//1765 1767//1767
f 1556//1556 1767//1767 1554//1554
f 1554//1554 1767//1767 1769//1769
f 1554//1554 1769//1769 1771//1771
f 1706//1706 1707//1707 1183//1183
f 1183//1183 1185//1185 1706//1706
f 1706//1706 1185//1185 1187//1187
f 1706//1706 1187//1187 1705//1705
f 1187//1187 1189//1189 1705//1705
f 1705//1705 1189//1189 1191//1191
f 1705//1705 1191//1191 1701//1701
f 1191//1191 1193//1193 1701//1701
f 1701//1701 1193//1193 1195//1195
f 1701//1701 1195//1195 1699//1699
f 1195//1195 1197//1197 1699//1699
f 1699//1699 1197//1197 1199//1199
f 1699//1699 1199//1199 1697//1697
f 1199//1199 1201//1201 1697//1697
f 1697//1697 1201//1201 1203//1203
f 1697//1697 1203//1203 1702//1702
f 1203//1203 1205//1205 1702//1702
f 1702//1702 1205//1205 1147//1147
f 1702//1702 1147//1147 1703//1703
f 1703//1703 1147//1147 1149//1149
f 1703//1703 1149//1149 1689//1689
f 1149//1149 1151//1151 1689//1689
f 1689//1689 1151//1151 1153//1153
f 1689//1689 1153//1153 1690//1690
f 1153//1153 1155//1155 1690//1690
f 1690//1690 1155//1155 1157//1157
f 1690//1690 1157//1157 1692//1692
f 1157//1157 1159//1159 1692//1692
f 1692//1692 1159//1159 1161//1161
f 1692//1692 1161//1161 1693//1693
f 1161//1161 1163//1163 1693//1693
f 1693//1693 1163//1163 1165//1165
f 1693//1693 1165//1165 1694//1694
f 1165//1165 1167//1167 1694//1694
f 1694//1694 1167//1167 1169//1169
f 1694//1694 1169//1169 1695//1695
f 1169//1169 1171//1171 1695//1695
f 1695//1695 1171//1171 1173//1173
f 1695//1695 1173//1173 1696//1696
f 1173//1173 1175//1175 1696//1696
f 1696//1696 1175//1175 1177//1177
f 1696//1696 1177//1177 1708//1708
f 1708//1708 1177//1177 1179//1179
f 1708//1708 1179//1179 1707//1707
f 1707//1707 1179//1179 1181//1181
f 1707//1707 1181//1181 1183//1183
f 1588//1588 1589//1589 1206//1206
f 1206//1206 1204//1204 1588//1588
f 1588//1588 1204//1204 1202//1202
f 1588//1588 1202//1202 1586//1586
f 1202//1202 1200//1200 1586//1586
f 1586//1586 1200//1200 1198//1198
f 1586//1586 1198//1198 1587//1587
f 1198//1198 1196//1196 1587//1587
f 1587//1587 1196//1196 1194//1194
f 1587//1587 1194//1194 1612//1612
f 1194//1194 1192//1192 1612//1612
f 1612//1612 1192//1192 1190//1190
f 1612//1612 1190//1190 1610//1610
f 1190//1190 1188//1188 1610//1610
f 1610//1610 1188//1188 1186//1186
f 1610//1610 1186//1186 1600//1600
f 1186//1186 1184//1184 1600//1600
f 1600//1600 1184//1184 1182//1182
f 1600//1600 1182//1182 1598//1598
f 1598//1598 1182//1182 1180//1180
f 1598//1598 1180//1180 1596//1596
f 1180//1180 1178//1178 1596//1596
f 1596//1596 1178//1178 1176//1176
f 1596//1596 1176//1176 1594//1594
f 1176//1176 1174//1174 1594//1594
f 1594//1594 1174//1174 1172//1172
f 1594//1594 1172//1172 1617//1617
f 1172//1172 1170//1170 1617//1617
f 1617//1617 1170//1170 1168//1168
f 1617//1617 1168//1168 1605//1605
f 1168//1168 1166//1166 1605//1605
f 1605//1605 1166//1166 1164//1164
f 1605//1605 1164//1164 1606//1606
f 1164//1164 1162//1162 1606//1606
f 1606//1606 1162//1162 1160//1160
f 1606//1606 1160//1160 1607//1607
f 1160//1160 1158//1158 1607//1607
f 1607//1607 1158//1158 1156//1156
f 1607//1607 1156//1156 1584//1584
f 1156//1156 1154//1154 1584//1584
f 1584//1584 1154//1154 1152//1152
f 1584//1584 1152//1152 1585//1585
f 1585//1585 1152//1152 1150//1150
f 1585//1585 1150//1150 1589//1589
f 1589//1589 1150//1150 1148//1148
f 1589//1589 1148//1148 1206//1206
f 1682//1682 1658//1658 1103//1103
f 1103//1103 1658//1658 1656//1656
f 1103//1103 1656//1656 1104//1104
f 1119//1119 1551//1551 1832//1832
f 1119//1119 1832//1832 1120//1120
f 1120//1120 1832//1832 1831//1831
f 1120//1120 1831//1831 1118//1118
f 1118//1118 1831//1831 1830//1830
f 1118//1118 1830//1830 1117//1117
f 1117//1117 1830//1830 1682//1682
f 1117//1117 1682//1682 1103//1103
f 1122//1122 1550//1550 1119//1119
f 1119//1119 1550//1550 1551//1551
f 1548//1548 1550//1550 1122//1122
f 1122//1122 1960//1960 1548//1548
f 1548//1548 1960//1960 1961//1961
f 1548//1548 1961//1961 1549//1549
f 1549//1549 1961//1961 1962//1962
f 1549//1549 1962//1962 1562//1562
f 1473//1473 1563//1563 1964//1964
f 1964//1964 1563//1563 1562//1562
f 1964//1964 1562//1562 1963//1963
f 1963//1963 1562//1562 1962//1962
f 1563//1563 1473//1473 1476//1476
f 1563//1563 1476//1476 1565//1565
f 1565//1565 1476//1476 1478//1478
f 1565//1565 1478//1478 1566//1566
f 1566//1566 1478//1478 1480//1480
f 1566//1566 1480//1480 1553//1553
f 1553//1553 1480//1480 1482//1482
f 1553//1553 1482//1482 1555//1555
f 1555//1555 1482//1482 1484//1484
f 1555//1555 1484//1484 1557//1557
f 1557//1557 1484//1484 1486//1486
f 1557//1557 1486//1486 1575//1575
f 1575//1575 1486//1486 1488//1488
f 1575//1575 1488//1488 1576//1576
f 1576//1576 1488//1488 1490//1490
f 1576//1576 1490//1490 1578//1578
f 1578//1578 1490//1490 1492//1492
f 1578//1578 1492//1492 1580//1580
f 1580//1580 1492//1492 1494//1494
f 1580//1580 1494//1494 1581//1581
f 1570//1570 1581//1581 1494//1494
f 1494//1494 1950//1950 1570//1570
f 1570//1570 1950//1950 1951//1951
f 1570//1570 1951//1951 1571//1571
f 1571//1571 1951//1951 1952//1952
f 1571//1571 1952//1952 1572//1572
f 1428//1428 1573//1573 1954//1954
f 1954//1954 1573//1573 1572//1572
f 1954//1954 1572//1572 1953//1953
f 1953//1953 1572//1572 1952//1952
f 1435//1435 1574//1574 1428//1428
f 1428//1428 1574//1574 1573//1573
f 1438//1438 1422//1422 1823//1823
f 1823//1823 1824//1824 1438//1438
f 1438//1438 1824//1824 1574//1574
f 1438//1438 1574//1574 1435//1435
f 1829//1829 1826//1826 1420//1420
f 1420//1420 1419//1419 1829//1829
f 1829//1829 1419//1419 1421//1421
f 1829//1829 1421//1421 1603//1603
f 1423//1423 1602//1602 1421//1421
f 1421//1421 1602//1602 1603//1603
f 1601//1601 1602//1602 1423//1423
f 1423//1423 1948//1948 1601//1601
f 1601//1601 1948//1948 1949//1949
f 1601//1601 1949//1949 1604//1604
f 1604//1604 1949//1949 1947//1947
f 1604//1604 1947//1947 1615//1615
f 1471//1471 1616//1616 1945//1945
f 1945//1945 1616//1616 1615//1615
f 1945//1945 1615//1615 1946//1946
f 1946//1946 1615//1615 1947//1947
f 1616//1616 1471//1471 1469//1469
f 1616//1616 1469//1469 1618//1618
f 1618//1618 1469//1469 1467//1467
f 1618//1618 1467//1467 1619//1619
f 1619//1619 1467//1467 1465//1465
f 1619//1619 1465//1465 1595//1595
f 1595//1595 1465//1465 1463//1463
f 1595//1595 1463//1463 1597//1597
f 1597//1597 1463//1463 1461//1461
f 1597//1597 1461//1461 1599//1599
f 1599//1599 1461//1461 1459//1459
f 1599//1599 1459//1459 1608//1608
f 1608//1608 1459//1459 1457//1457
f 1608//1608 1457//1457 1609//1609
f 1609//1609 1457//1457 1455//1455
f 1609//1609 1455//1455 1611//1611
f 1611//1611 1455//1455 1453//1453
f 1611//1611 1453//1453 1613//1613
f 1613//1613 1453//1453 1452//1452
f 1613//1613 1452//1452 1614//1614
f 1590//1590 1614//1614 1452//1452
f 1452//1452 1958//1958 1590//1590
f 1590//1590 1958//1958 1959//1959
f 1590//1590 1959//1959 1591//1591
f 1591//1591 1959//1959 1957//1957
f 1591//1591 1957//1957 1592//1592
f 1115//1115 1593//1593 1955//1955
f 1955//1955 1593//1593 1592//1592
f 1955//1955 1592//1592 1956//1956
f 1956//1956 1592//1592 1957//1957
f 1142//1142 1076//1076 1115//1115
f 1115//1115 1076//1076 1593//1593
f 1134//1134 1064//1064 1070//1070
f 1134//1134 1070//1070 1136//1136
f 1136//1136 1070//1070 1072//1072
f 1136//1136 1072//1072 1146//1146
f 1146//1146 1072//1072 1074//1074
f 1146//1146 1074//1074 1145//1145
f 1145//1145 1074//1074 1076//1076
f 1145//1145 1076//1076 1142//1142
f 1065//1065 1064//1064 1636//1636
f 1636//1636 1064//1064 1134//1134
f 1636//1636 1134//1134 1133//1133
f 1432//1432 1431//1431 1025//1025
f 1025//1025 1023//1023 1432//1432
f 1432//1432 1023//1023 1022//1022
f 1432//1432 1022//1022 1448//1448
f 1022//1022 1020//1020 1448//1448
f 1448//1448 1020//1020 1019//1019
f 1448//1448 1019//1019 1449//1449
f 1449//1449 1019//1019 1017//1017
f 1449//1449 1017//1017 1424//1424
f 1017//1017 1016//1016 1424//1424
f 1424//1424 1016//1016 1014//1014
f 1424//1424 1014//1014 1425//1425
f 1014//1014 1013//1013 1425//1425
f 1425//1425 1013//1013 1011//1011
f 1425//1425 1011//1011 1427//1427
f 1427//1427 1011//1011 1010//1010
f 1427//1427 1010//1010 1429//1429
f 1010//1010 1008//1008 1429//1429
f 1429//1429 1008//1008 1007//1007
f 1429//1429 1007//1007 1433//1433
f 1007//1007 1005//1005 1433//1433
f 1433//1433 1005//1005 1004//1004
f 1433//1433 1004//1004 1434//1434
f 1004//1004 1002//1002 1434//1434
f 1434//1434 1002//1002 1001//1001
f 1434//1434 1001//1001 1436//1436
f 1436//1436 1001//1001 999//999
f 1436//1436 999//999 1437//1437
f 999//999 998//998 1437//1437
f 1437//1437 998//998 996//996
f 1437//1437 996//996 1439//1439
f 996//996 995//995 1439//1439
f 1439//1439 995//995 992//992
f 1439//1439 992//992 1440//1440
f 1440//1440 992//992 1027//1027
f 1440//1440 1027//1027 1431//1431
f 1431//1431 1027//1027 1026//1026
f 1431//1431 1026//1026 1025//1025
f 1140//1140 1116//1116 1061//1061
f 1061//1061 1059//1059 1140//1140
f 1140//1140 1059//1059 1058//1058
f 1140//1140 1058//1058 1141//1141
f 1141//1141 1058//1058 1056//1056
f 1141//1141 1056//1056 1143//1143
f 1056//1056 1055//1055 1143//1143
f 1143//1143 1055//1055 1053//1053
f 1143//1143 1053//1053 1144//1144
f 1053//1053 1052//1052 1144//1144
f 1144//1144 1052//1052 1050//1050
f 1144//1144 1050//1050 1138//1138
f 1050//1050 1049//1049 1138//1138
f 1138//1138 1049//1049 1047//1047
f 1138//1138 1047//1047 1139//1139
f 1139//1139 1047//1047 1046//1046
f 1139//1139 1046//1046 1128//1128
f 1046//1046 1044//1044 1128//1128
f 1128//1128 1044//1044 1043//1043
f 1128//1128 1043//1043 1129//1129
f 1043//1043 1041//1041 1129//1129
f 1129//1129 1041//1041 1040//1040
f 1129//1129 1040//1040 1130//1130
f 1040//1040 1038//1038 1130//1130
f 1130//1130 1038//1038 1037//1037
f 1130//1130 1037//1037 1131//1131
f 1131//1131 1037//1037 1035//1035
f 1131//1131 1035//1035 1132//1132
f 1035//1035 1034//1034 1132//1132
f 1132//1132 1034//1034 1032//1032
f 1132//1132 1032//1032 1097//1097
f 1032//1032 1031//1031 1097//1097
f 1097//1097 1031//1031 1028//1028
f 1097//1097 1028//1028 1098//1098
f 1098//1098 1028//1028 1063//1063
f 1098//1098 1063//1063 1116//1116
f 1116//1116 1063//1063 1062//1062
f 1116//1116 1062//1062 1061//1061
f 1054//1054 2011//2011 1051//1051
f 1051//1051 2011//2011 2012//2012
f 1051//1051 2012//2012 1048//1048
f 1048//1048 2012//2012 2013//2013
f 1048//1048 2013//2013 1045//1045
f 1045//1045 2013//2013 2014//2014
f 1045//1045 2014//2014 1042//1042
f 1042//1042 2014//2014 2015//2015
f 1042//1042 2015//2015 1039//1039
f 1039//1039 2015//2015 2016//2016
f 1039//1039 2016//2016 1036//1036
f 2016//2016 2017//2017 1036//1036
f 1036//1036 2017//2017 2018//2018
f 1036//1036 2018//2018 1033//1033
f 1033//1033 2018//2018 2019//2019
f 1033//1033 2019//2019 1029//1029
f 1029//1029 2019//2019 2020//2020
f 1029//1029 2020//2020 1030//1030
f 1030//1030 2020//2020 2021//2021
f 1030//1030 2021//2021 1060//1060
f 1060//1060 2021//2021 2022//2022
f 1060//1060 2022//2022 1057//1057
f 1057//1057 2022//2022 2023//2023
f 1057//1057 2023//2023 1054//1054
f 1054//1054 2023//2023 2024//2024
f 1054//1054 2024//2024 2011//2011
f 2014//2014 2025//2025 2015//2015
f 2015//2015 2025//2025 2026//2026
f 2015//2015 2026//2026 2016//2016
f 2016//2016 2026//2026 2027//2027
f 2016//2016 2027//2027 2017//2017
f 2017//2017 2027//2027 2028//2028
f 2017//2017 2028//2028 2018//2018
f 2018//2018 2028//2028 2029//2029
f 2018//2018 2029//2029 2019//2019
f 2019//2019 2029//2029 2030//2030
f 2019//2019 2030//2030 2020//2020
f 2020//2020 2030//2030 2031//2031
f 2020//2020 2031//2031 2021//2021
f 2021//2021 2031//2031 2032//2032
f 2021//2021 2032//2032 2022//2022
f 2022//2022 2032//2032 2033//2033
f 2022//2022 2033//2033 2023//2023
f 2023//2023 2033//2033 2034//2034
f 2023//2023 2034//2034 2024//2024
f 2024//2024 2034//2034 2035//2035
f 2024//2024 2035//2035 2011//2011
f 2011//2011 2035//2035 2036//2036
f 2011//2011 2036//2036 2012//2012
f 2012//2012 2036//2036 2037//2037
f 2012//2012 2037//2037 2013//2013
f 2013//2013 2037//2037 2038//2038
f 2013//2013 2038//2038 2014//2014
f 2014//2014 2038//2038 2025//2025
f 1000//1000 2039//2039 997//997
f 997//997 2039//2039 2040//2040
f 997//997 2040//2040 993//993
f 993//993 2040//2040 2041//2041
f 993//993 2041//2041 994//994
f 994//994 2041//2041 2042//2042
f 994//994 2042//2042 1024//1024
f 1024//1024 2042//2042 2043//2043
f 1024//1024 2043//2043 1021//1021
f 1021//1021 2043//2043 2044//2044
f 1021//1021 2044//2044 1018//1018
f 2044//2044 2045//2045 1018//1018
f 1018//1018 2045//2045 2046//2046
f 1018//1018 2046//2046 1015//1015
f 1015//1015 2046//2046 2047//2047
f 1015//1015 2047//2047 1012//1012
f 1012//1012 2047//2047 2048//2048
f 1012//1012 2048//2048 1009//1009
f 1009//1009 2048//2048 2049//2049
f 1009//1009 2049//2049 1006//1006
f 1006//1006 2049//2049 2050//2050
f 1006//1006 2050//2050 1003//1003
f 1003//1003 2050//2050 2051//2051
f 1003//1003 2051//2051 1000//1000
f 1000//1000 2051//2051 2052//2052
f 1000//1000 2052//2052 2039//2039
f 2049//2049 2053//2053 2050//2050
f 2050//2050 2053//2053 2054//2054
f 2050//2050 2054//2054 2051//2051
f 2051//2051 2054//2054 2055//2055
f 2051//2051 2055//2055 2052//2052
f 2052//2052 2055//2055 2056//2056
f 2052//2052 2056//2056 2039//2039
f 2039//2039 2056//2056 2057//2057
f 2039//2039 2057//2057 2040//2040
f 2040//2040 2057//2057 2058//2058
f 2040//2040 2058//2058 2041//2041
f 2041//2041 2058//2058 2059//2059
f 2041//2041 2059//2059 2042//2042
f 2042//2042 2059//2059 2060//2060
f 2042//2042 2060//2060 2043//2043
f 2043//2043 2060//2060 2061//2061
f 2043//2043 2061//2061 2044//2044
f 2044//2044 2061//2061 2062//2062
f 2044//2044 2062//2062 2045//2045
f 2045//2045 2062//2062 2063//2063
f 2045//2045 2063//2063 2046//2046
f 2046//2046 2063//2063 2064//2064
f 2046//2046 2064//2064 2047//2047
f 2047//2047 2064//2064 2065//2065
f 2047//2047 2065//2065 2048//2048
f 2048//2048 2065//2065 2066//2066
f 2048//2048 2066//2066 2049//2049
f 2049//2049 2066//2066 2053//2053
f 2026//2026 1885//1885 2027//2027
f 2027//2027 1885//1885 1883//1883
f 2027//2027 1883//1883 2028//2028
f 2028//2028 1883//1883 1882//1882
f 2028//2028 1882//1882 2029//2029
f 2029//2029 1882//1882 1873//1873
f 2029//2029 1873//1873 2030//2030
f 2030//2030 1873//1873 1866//1866
f 2030//2030 1866//1866 2031//2031
f 2031//2031 1866//1866 1865//1865
f 2031//2031 1865//1865 2032//2032
f 2032//2032 1865//1865 1877//1877
f 2032//2032 1877//1877 2033//2033
f 2033//2033 1877//1877 1876//1876
f 2033//2033 1876//1876 2034//2034
f 2034//2034 1876//1876 1858//1858
f 2034//2034 1858//1858 2035//2035
f 2035//2035 1858//1858 1856//1856
f 2035//2035 1856//1856 2036//2036
f 2036//2036 1856//1856 1864//1864
f 2036//2036 1864//1864 2037//2037
f 2037//2037 1864//1864 1863//1863
f 2037//2037 1863//1863 2038//2038
f 2038//2038 1863//1863 1854//1854
f 2038//2038 1854//1854 2025//2025
f 2025//2025 1854//1854 1886//1886
f 2025//2025 1886//1886 2026//2026
f 2026//2026 1886//1886 1885//1885
f 2054//2054 1838//1838 2055//2055
f 2055//2055 1838//1838 1846//1846
f 2055//2055 1846//1846 2056//2056
f 2056//2056 1846//1846 1845//1845
f 2056//2056 1845//1845 2057//2057
f 2057//2057 1845//1845 1844//1844
f 2057//2057 1844//1844 2058//2058
f 2058//2058 1844//1844 1851//1851
f 2058//2058 1851//1851 2059//2059
f 2059//2059 1851//1851 1850//1850
f 2059//2059 1850//1850 2060//2060
f 2060//2060 1850//1850 1872//1872
f 2060//2060 1872//1872 2061//2061
f 2061//2061 1872//1872 1871//1871
f 2061//2061 1871//1871 2062//2062
f 2062//2062 1871//1871 1869//1869
f 2062//2062 1869//1869 2063//2063
f 2063//2063 1869//1869 1868//1868
f 2063//2063 1868//1868 2064//2064
f 2064//2064 1868//1868 1878//1878
f 2064//2064 1878//1878 2065//2065
f 2065//2065 1878//1878 1879//1879
f 2065//2065 1879//1879 2066//2066
f 2066//2066 1879//1879 1867//1867
f 2066//2066 1867//1867 2053//2053
f 2053//2053 1867//1867 1835//1835
f 2053//2053 1835//1835 2054//2054
f 2054//2054 1835//1835 1838//1838
f 2067//2067 2068//2068 2069//2069
f 2069//2069 2068//2068 2070//2070
f 2071//2071 2072//2072 2073//2073
f 2073//2073 2072//2072 2074//2074
f 2072//2072 2071//2071 2075//2075
f 2076//2076 2070//2070 2068//2068
f 2077//2077 2078//2078 2079//2079
f 2080//2080 2081//2081 2075//2075
f 2072//2072 2075//2075 2082//2082
f 2082//2082 2075//2075 2081//2081
f 2082//2082 2081//2081 2083//2083
f 2068//2068 2077//2077 2076//2076
f 2076//2076 2077//2077 2079//2079
f 2076//2076 2079//2079 2084//2084
f 2084//2084 2079//2079 2085//2085
f 2084//2084 2085//2085 2086//2086
f 2086//2086 2085//2085 2080//2080
f 2086//2086 2080//2080 2087//2087
f 2087//2087 2080//2080 2075//2075
f 2088//2088 2089//2089 2090//2090
f 2091//2091 2092//2092 2093//2093
f 2089//2089 2094//2094 2090//2090
f 2090//2090 2094//2094 2095//2095
f 2090//2090 2095//2095 2096//2096
f 2097//2097 2098//2098 2099//2099
f 2099//2099 2100//2100 2097//2097
f 2097//2097 2100//2100 2101//2101
f 2097//2097 2101//2101 2102//2102
f 2102//2102 2101//2101 2103//2103
f 2102//2102 2103//2103 2091//2091
f 2091//2091 2103//2103 2104//2104
f 2091//2091 2104//2104 2092//2092
f 2098//2098 2097//2097 2105//2105
f 2105//2105 2097//2097 2106//2106
f 2105//2105 2106//2106 2107//2107
f 2107//2107 2106//2106 2108//2108
f 2107//2107 2108//2108 2109//2109
f 2109//2109 2108//2108 2110//2110
f 2109//2109 2110//2110 2111//2111
f 2111//2111 2110//2110 2112//2112
f 2111//2111 2112//2112 2113//2113
f 2113//2113 2112//2112 2114//2114
f 2113//2113 2114//2114 2115//2115
f 2115//2115 2114//2114 2116//2116
f 2115//2115 2116//2116 2117//2117
f 2117//2117 2116//2116 2118//2118
f 2118//2118 2116//2116 2119//2119
f 2118//2118 2119//2119 2120//2120
f 2119//2119 2121//2121 2120//2120
f 2120//2120 2121//2121 2122//2122
f 2120//2120 2122//2122 2123//2123
f 2122//2122 2124//2124 2123//2123
f 2123//2123 2124//2124 2125//2125
f 2123//2123 2125//2125 2126//2126
f 2127//2127 2128//2128 2129//2129
f 2130//2130 2131//2131 2129//2129
f 2129//2129 2131//2131 2132//2132
f 2129//2129 2132//2132 2127//2127
f 2133//2133 2134//2134 2135//2135
f 2135//2135 2134//2134 2136//2136
f 2137//2137 2138//2138 2139//2139
f 2139//2139 2138//2138 2140//2140
f 2139//2139 2140//2140 2141//2141
f 2141//2141 2140//2140 2135//2135
f 2141//2141 2135//2135 2142//2142
f 2142//2142 2135//2135 2136//2136
f 2129//2129 2143//2143 2130//2130
f 2130//2130 2143//2143 2144//2144
f 2130//2130 2144//2144 2145//2145
f 2146//2146 2147//2147 2148//2148
f 2148//2148 2147//2147 2149//2149
f 2148//2148 2149//2149 2150//2150
f 2151//2151 2152//2152 2153//2153
f 2096//2096 2095//2095 2153//2153
f 2153//2153 2095//2095 2154//2154
f 2153//2153 2154//2154 2151//2151
f 2152//2152 2155//2155 2153//2153
f 2153//2153 2155//2155 2156//2156
f 2153//2153 2156//2156 2157//2157
f 2157//2157 2156//2156 2158//2158
f 2157//2157 2158//2158 2159//2159
f 2159//2159 2158//2158 2160//2160
f 2159//2159 2160//2160 2161//2161
f 2161//2161 2160//2160 2162//2162
f 2161//2161 2162//2162 2163//2163
f 2163//2163 2162//2162 2164//2164
f 2163//2163 2164//2164 2165//2165
f 2165//2165 2164//2164 2166//2166
f 2165//2165 2166//2166 2167//2167
f 2167//2167 2166//2166 2168//2168
f 2167//2167 2168//2168 2169//2169
f 2169//2169 2168//2168 2170//2170
f 2169//2169 2170//2170 2150//2150
f 2150//2150 2170//2170 2171//2171
f 2150//2150 2171//2171 2148//2148
f 2093//2093 2088//2088 2091//2091
f 2091//2091 2088//2088 2090//2090
f 2091//2091 2090//2090 2172//2172
f 2172//2172 2090//2090 2173//2173
f 2172//2172 2173//2173 2174//2174
f 2174//2174 2173//2173 2175//2175
f 2174//2174 2175//2175 2176//2176
f 2176//2176 2175//2175 2177//2177
f 2176//2176 2177//2177 2178//2178
f 2178//2178 2177//2177 2179//2179
f 2178//2178 2179//2179 2180//2180
f 2180//2180 2179//2179 2181//2181
f 2180//2180 2181//2181 2182//2182
f 2182//2182 2181//2181 2183//2183
f 2182//2182 2183//2183 2184//2184
f 2184//2184 2183//2183 2185//2185
f 2184//2184 2185//2185 2186//2186
f 2186//2186 2185//2185 2187//2187
f 2186//2186 2187//2187 2188//2188
f 2188//2188 2187//2187 2189//2189
f 2188//2188 2189//2189 2190//2190
f 2190//2190 2189//2189 2191//2191
f 2190//2190 2191//2191 2192//2192
f 2192//2192 2191//2191 2193//2193
f 2192//2192 2193//2193 2194//2194
f 2194//2194 2193//2193 2195//2195
f 2194//2194 2195//2195 2196//2196
f 2196//2196 2195//2195 2197//2197
f 2196//2196 2197//2197 2135//2135
f 2135//2135 2197//2197 2129//2129
f 2135//2135 2129//2129 2133//2133
f 2133//2133 2129//2129 2128//2128
f 2198//2198 2199//2199 2200//2200
f 2200//2200 2199//2199 2201//2201
f 2202//2202 2203//2203 2204//2204
f 2084//2084 2127//2127 2076//2076
f 2076//2076 2127//2127 2132//2132
f 2076//2076 2132//2132 2205//2205
f 2205//2205 2132//2132 2131//2131
f 2205//2205 2131//2131 2206//2206
f 2206//2206 2131//2131 2130//2130
f 2206//2206 2130//2130 2207//2207
f 2207//2207 2130//2130 2145//2145
f 2207//2207 2145//2145 2208//2208
f 2208//2208 2145//2145 2209//2209
f 2210//2210 2211//2211 2209//2209
f 2209//2209 2211//2211 2212//2212
f 2209//2209 2212//2212 2208//2208
f 2204//2204 2137//2137 2202//2202
f 2202//2202 2137//2137 2139//2139
f 2202//2202 2139//2139 2213//2213
f 2213//2213 2139//2139 2141//2141
f 2213//2213 2141//2141 2214//2214
f 2214//2214 2141//2141 2142//2142
f 2214//2214 2142//2142 2075//2075
f 2075//2075 2142//2142 2136//2136
f 2075//2075 2136//2136 2087//2087
f 2087//2087 2136//2136 2134//2134
f 2087//2087 2134//2134 2215//2215
f 2215//2215 2134//2134 2216//2216
f 2215//2215 2216//2216 2084//2084
f 2084//2084 2216//2216 2128//2128
f 2084//2084 2128//2128 2127//2127
f 2203//2203 2217//2217 2204//2204
f 2204//2204 2217//2217 2218//2218
f 2204//2204 2218//2218 2219//2219
f 2219//2219 2218//2218 2220//2220
f 2219//2219 2220//2220 2221//2221
f 2221//2221 2220//2220 2222//2222
f 2221//2221 2222//2222 2210//2210
f 2210//2210 2222//2222 2223//2223
f 2210//2210 2223//2223 2211//2211
f 2224//2224 2225//2225 2226//2226
f 2226//2226 2225//2225 2227//2227
f 2228//2228 2229//2229 2230//2230
f 2230//2230 2229//2229 2231//2231
f 2232//2232 2233//2233 2234//2234
f 2234//2234 2233//2233 2235//2235
f 2236//2236 2237//2237 2238//2238
f 2239//2239 2240//2240 2241//2241
f 2241//2241 2240//2240 2242//2242
f 2241//2241 2242//2242 2243//2243
f 2244//2244 2245//2245 2246//2246
f 2246//2246 2245//2245 2247//2247
f 2246//2246 2247//2247 2248//2248
f 2248//2248 2247//2247 2249//2249
f 2248//2248 2249//2249 2239//2239
f 2239//2239 2249//2249 2250//2250
f 2239//2239 2250//2250 2240//2240
f 2238//2238 2237//2237 2251//2251
f 2251//2251 2237//2237 2252//2252
f 2251//2251 2252//2252 2253//2253
f 2238//2238 2254//2254 2236//2236
f 2236//2236 2254//2254 2255//2255
f 2236//2236 2255//2255 2256//2256
f 2256//2256 2255//2255 2257//2257
f 2256//2256 2257//2257 2258//2258
f 2258//2258 2257//2257 2259//2259
f 2258//2258 2259//2259 2260//2260
f 2261//2261 2262//2262 2263//2263
f 2263//2263 2262//2262 2264//2264
f 2263//2263 2264//2264 2265//2265
f 2265//2265 2264//2264 2266//2266
f 2265//2265 2266//2266 2267//2267
f 2267//2267 2266//2266 2268//2268
f 2267//2267 2268//2268 2269//2269
f 2270//2270 2271//2271 2272//2272
f 2272//2272 2271//2271 2273//2273
f 2272//2272 2273//2273 2261//2261
f 2261//2261 2273//2273 2274//2274
f 2261//2261 2274//2274 2262//2262
f 2242//2242 2275//2275 2243//2243
f 2243//2243 2275//2275 2276//2276
f 2243//2243 2276//2276 2277//2277
f 2277//2277 2276//2276 2278//2278
f 2277//2277 2278//2278 2270//2270
f 2270//2270 2278//2278 2279//2279
f 2270//2270 2279//2279 2271//2271
f 2280//2280 2281//2281 2282//2282
f 2282//2282 2281//2281 2267//2267
f 2282//2282 2267//2267 2283//2283
f 2283//2283 2267//2267 2269//2269
f 2253//2253 2252//2252 2284//2284
f 2284//2284 2252//2252 2285//2285
f 2284//2284 2285//2285 2286//2286
f 2286//2286 2285//2285 2287//2287
f 2286//2286 2287//2287 2288//2288
f 2246//2246 2289//2289 2244//2244
f 2244//2244 2289//2289 2290//2290
f 2244//2244 2290//2290 2291//2291
f 2288//2288 2287//2287 2292//2292
f 2292//2292 2287//2287 2293//2293
f 2292//2292 2293//2293 2294//2294
f 2294//2294 2293//2293 2295//2295
f 2294//2294 2295//2295 2296//2296
f 2260//2260 2259//2259 2297//2297
f 2297//2297 2259//2259 2244//2244
f 2297//2297 2244//2244 2298//2298
f 2298//2298 2244//2244 2291//2291
f 2298//2298 2291//2291 2299//2299
f 2296//2296 2295//2295 2300//2300
f 2300//2300 2295//2295 2301//2301
f 2300//2300 2301//2301 2302//2302
f 2302//2302 2301//2301 2303//2303
f 2302//2302 2303//2303 2304//2304
f 2304//2304 2303//2303 2305//2305
f 2304//2304 2305//2305 2306//2306
f 2306//2306 2305//2305 2307//2307
f 2307//2307 2305//2305 2299//2299
f 2307//2307 2299//2299 2280//2280
f 2280//2280 2299//2299 2291//2291
f 2280//2280 2291//2291 2281//2281
f 2308//2308 2309//2309 2310//2310
f 2310//2310 2309//2309 2311//2311
f 2311//2311 2309//2309 2312//2312
f 2311//2311 2312//2312 2313//2313
f 2310//2310 2314//2314 2308//2308
f 2308//2308 2314//2314 2315//2315
f 2308//2308 2315//2315 2316//2316
f 2316//2316 2315//2315 2317//2317
f 2316//2316 2317//2317 2318//2318
f 2319//2319 2320//2320 2321//2321
f 2321//2321 2320//2320 2322//2322
f 2323//2323 2324//2324 2325//2325
f 2325//2325 2324//2324 2326//2326
f 2325//2325 2326//2326 2327//2327
f 2327//2327 2326//2326 2328//2328
f 2327//2327 2328//2328 2329//2329
f 2330//2330 2331//2331 2332//2332
f 2332//2332 2331//2331 2333//2333
f 2332//2332 2333//2333 2323//2323
f 2323//2323 2333//2333 2334//2334
f 2323//2323 2334//2334 2324//2324
f 2317//2317 2335//2335 2318//2318
f 2318//2318 2335//2335 2336//2336
f 2318//2318 2336//2336 2337//2337
f 2337//2337 2336//2336 2338//2338
f 2337//2337 2338//2338 2330//2330
f 2330//2330 2338//2338 2339//2339
f 2330//2330 2339//2339 2331//2331
f 2340//2340 2341//2341 2342//2342
f 2342//2342 2341//2341 2343//2343
f 2342//2342 2343//2343 2344//2344
f 2345//2345 2346//2346 2347//2347
f 2347//2347 2346//2346 2348//2348
f 2347//2347 2348//2348 2319//2319
f 2319//2319 2348//2348 2349//2349
f 2343//2343 2350//2350 2344//2344
f 2344//2344 2350//2350 2351//2351
f 2344//2344 2351//2351 2352//2352
f 2352//2352 2351//2351 2353//2353
f 2352//2352 2353//2353 2354//2354
f 2354//2354 2353//2353 2355//2355
f 2354//2354 2355//2355 2345//2345
f 2345//2345 2355//2355 2356//2356
f 2345//2345 2356//2356 2346//2346
f 2313//2313 2312//2312 2357//2357
f 2357//2357 2312//2312 2358//2358
f 2357//2357 2358//2358 2359//2359
f 2359//2359 2358//2358 2320//2320
f 2359//2359 2320//2320 2360//2360
f 2361//2361 2362//2362 2363//2363
f 2363//2363 2362//2362 2364//2364
f 2363//2363 2364//2364 2340//2340
f 2340//2340 2364//2364 2365//2365
f 2340//2340 2365//2365 2341//2341
f 2366//2366 2367//2367 2368//2368
f 2368//2368 2367//2367 2369//2369
f 2368//2368 2369//2369 2361//2361
f 2361//2361 2369//2369 2370//2370
f 2361//2361 2370//2370 2362//2362
f 2349//2349 2371//2371 2319//2319
f 2319//2319 2371//2371 2372//2372
f 2319//2319 2372//2372 2320//2320
f 2320//2320 2372//2372 2373//2373
f 2320//2320 2373//2373 2360//2360
f 2374//2374 2375//2375 2366//2366
f 2366//2366 2375//2375 2376//2376
f 2366//2366 2376//2376 2367//2367
f 2329//2329 2328//2328 2377//2377
f 2377//2377 2328//2328 2375//2375
f 2377//2377 2375//2375 2378//2378
f 2378//2378 2375//2375 2374//2374
f 2378//2378 2374//2374 2320//2320
f 2320//2320 2374//2374 2379//2379
f 2320//2320 2379//2379 2322//2322
f 2380//2380 2381//2381 2382//2382
f 2382//2382 2383//2383 2380//2380
f 2380//2380 2383//2383 2384//2384
f 2380//2380 2384//2384 2385//2385
f 2385//2385 2386//2386 2380//2380
f 2380//2380 2386//2386 2387//2387
f 2380//2380 2387//2387 2388//2388
f 2388//2388 2389//2389 2390//2390
f 2390//2390 2389//2389 2391//2391
f 2390//2390 2391//2391 2392//2392
f 2393//2393 2394//2394 2395//2395
f 2395//2395 2394//2394 2390//2390
f 2395//2395 2390//2390 2396//2396
f 2396//2396 2390//2390 2392//2392
f 2388//2388 2390//2390 2380//2380
f 2380//2380 2390//2390 2397//2397
f 2380//2380 2397//2397 2398//2398
f 2398//2398 2397//2397 2399//2399
f 2398//2398 2399//2399 2400//2400
f 2400//2400 2399//2399 2401//2401
f 2400//2400 2401//2401 2402//2402
f 2402//2402 2401//2401 2403//2403
f 2402//2402 2403//2403 2404//2404
f 2404//2404 2403//2403 2405//2405
f 2404//2404 2405//2405 2406//2406
f 2406//2406 2405//2405 2407//2407
f 2406//2406 2407//2407 2408//2408
f 2408//2408 2407//2407 2409//2409
f 2408//2408 2409//2409 2410//2410
f 2410//2410 2409//2409 2411//2411
f 2410//2410 2411//2411 2412//2412
f 2412//2412 2411//2411 2413//2413
f 2412//2412 2413//2413 2414//2414
f 2414//2414 2413//2413 2415//2415
f 2414//2414 2415//2415 2416//2416
f 2416//2416 2415//2415 2417//2417
f 2416//2416 2417//2417 2418//2418
f 2418//2418 2417//2417 2419//2419
f 2418//2418 2419//2419 2420//2420
f 2420//2420 2419//2419 2421//2421
f 2420//2420 2421//2421 2422//2422
f 2422//2422 2421//2421 2423//2423
f 2422//2422 2423//2423 2424//2424
f 2425//2425 2426//2426 2427//2427
f 2425//2425 2427//2427 2428//2428
f 2429//2429 2430//2430 2427//2427
f 2427//2427 2430//2430 2431//2431
f 2431//2431 2432//2432 2427//2427
f 2427//2427 2432//2432 2433//2433
f 2427//2427 2433//2433 2428//2428
f 2426//2426 2434//2434 2435//2435
f 2435//2435 2434//2434 2436//2436
f 2435//2435 2436//2436 2437//2437
f 2438//2438 2439//2439 2440//2440
f 2440//2440 2439//2439 2435//2435
f 2440//2440 2435//2435 2441//2441
f 2441//2441 2435//2435 2437//2437
f 2426//2426 2435//2435 2427//2427
f 2427//2427 2435//2435 2442//2442
f 2427//2427 2442//2442 2443//2443
f 2443//2443 2442//2442 2444//2444
f 2443//2443 2444//2444 2445//2445
f 2445//2445 2444//2444 2446//2446
f 2445//2445 2446//2446 2447//2447
f 2447//2447 2446//2446 2448//2448
f 2447//2447 2448//2448 2449//2449
f 2449//2449 2448//2448 2450//2450
f 2449//2449 2450//2450 2451//2451
f 2451//2451 2450//2450 2452//2452
f 2451//2451 2452//2452 2453//2453
f 2453//2453 2452//2452 2454//2454
f 2453//2453 2454//2454 2455//2455
f 2455//2455 2454//2454 2456//2456
f 2455//2455 2456//2456 2457//2457
f 2457//2457 2456//2456 2458//2458
f 2457//2457 2458//2458 2459//2459
f 2459//2459 2458//2458 2460//2460
f 2459//2459 2460//2460 2461//2461
f 2461//2461 2460//2460 2462//2462
f 2461//2461 2462//2462 2463//2463
f 2463//2463 2462//2462 2464//2464
f 2463//2463 2464//2464 2465//2465
f 2465//2465 2464//2464 2466//2466
f 2465//2465 2466//2466 2467//2467
f 2467//2467 2466//2466 2468//2468
f 2467//2467 2468//2468 2469//2469
f 2209//2209 2145//2145 2144//2144
f 2439//2439 2438//2438 2470//2470
f 2470//2470 2438//2438 2471//2471
f 2209//2209 2144//2144 2210//2210
f 2472//2472 2473//2473 2144//2144
f 2144//2144 2473//2473 2474//2474
f 2144//2144 2474//2474 2475//2475
f 2476//2476 2144//2144 2477//2477
f 2477//2477 2144//2144 2394//2394
f 2477//2477 2394//2394 2393//2393
f 2382//2382 2381//2381 2478//2478
f 2478//2478 2381//2381 2472//2472
f 2478//2478 2472//2472 2479//2479
f 2479//2479 2472//2472 2144//2144
f 2479//2479 2144//2144 2480//2480
f 2480//2480 2144//2144 2476//2476
f 2475//2475 2481//2481 2482//2482
f 2430//2430 2429//2429 2483//2483
f 2483//2483 2429//2429 2138//2138
f 2484//2484 2485//2485 2481//2481
f 2481//2481 2485//2485 2486//2486
f 2481//2481 2486//2486 2482//2482
f 2475//2475 2482//2482 2144//2144
f 2144//2144 2482//2482 2487//2487
f 2144//2144 2487//2487 2210//2210
f 2210//2210 2487//2487 2488//2488
f 2210//2210 2488//2488 2489//2489
f 2489//2489 2488//2488 2490//2490
f 2489//2489 2490//2490 2219//2219
f 2219//2219 2490//2490 2491//2491
f 2219//2219 2491//2491 2204//2204
f 2204//2204 2491//2491 2492//2492
f 2204//2204 2492//2492 2137//2137
f 2137//2137 2492//2492 2138//2138
f 2138//2138 2492//2492 2493//2493
f 2138//2138 2493//2493 2470//2470
f 2471//2471 2494//2494 2470//2470
f 2470//2470 2494//2494 2495//2495
f 2470//2470 2495//2495 2138//2138
f 2138//2138 2495//2495 2496//2496
f 2138//2138 2496//2496 2483//2483
f 2497//2497 2498//2498 2499//2499
f 2500//2500 2501//2501 2502//2502
f 2502//2502 2501//2501 2503//2503
f 2502//2502 2503//2503 2504//2504
f 2505//2505 2506//2506 2507//2507
f 2508//2508 2509//2509 2510//2510
f 2511//2511 2512//2512 2513//2513
f 2513//2513 2512//2512 2514//2514
f 2513//2513 2514//2514 2515//2515
f 2515//2515 2514//2514 2516//2516
f 2515//2515 2516//2516 2517//2517
f 2518//2518 2508//2508 2506//2506
f 2506//2506 2508//2508 2510//2510
f 2506//2506 2510//2510 2507//2507
f 2519//2519 2520//2520 2500//2500
f 2500//2500 2520//2520 2521//2521
f 2500//2500 2521//2521 2501//2501
f 2522//2522 2523//2523 2524//2524
f 2524//2524 2523//2523 2525//2525
f 2524//2524 2525//2525 2519//2519
f 2519//2519 2525//2525 2526//2526
f 2519//2519 2526//2526 2520//2520
f 2507//2507 2527//2527 2505//2505
f 2505//2505 2527//2527 2528//2528
f 2505//2505 2528//2528 2529//2529
f 2529//2529 2528//2528 2530//2530
f 2529//2529 2530//2530 2522//2522
f 2522//2522 2530//2530 2531//2531
f 2522//2522 2531//2531 2523//2523
f 2532//2532 2533//2533 2534//2534
f 2534//2534 2533//2533 2535//2535
f 2534//2534 2535//2535 2499//2499
f 2499//2499 2535//2535 2536//2536
f 2499//2499 2536//2536 2537//2537
f 2538//2538 2539//2539 2540//2540
f 2540//2540 2539//2539 2541//2541
f 2503//2503 2542//2542 2504//2504
f 2504//2504 2542//2542 2543//2543
f 2504//2504 2543//2543 2544//2544
f 2544//2544 2543//2543 2545//2545
f 2544//2544 2545//2545 2538//2538
f 2538//2538 2545//2545 2546//2546
f 2538//2538 2546//2546 2539//2539
f 2547//2547 2548//2548 2532//2532
f 2532//2532 2548//2548 2549//2549
f 2532//2532 2549//2549 2533//2533
f 2550//2550 2537//2537 2511//2511
f 2511//2511 2537//2537 2551//2551
f 2511//2511 2551//2551 2512//2512
f 2550//2550 2552//2552 2537//2537
f 2537//2537 2552//2552 2553//2553
f 2537//2537 2553//2553 2499//2499
f 2499//2499 2553//2553 2554//2554
f 2499//2499 2554//2554 2497//2497
f 2541//2541 2547//2547 2540//2540
f 2540//2540 2547//2547 2532//2532
f 2540//2540 2532//2532 2555//2555
f 2555//2555 2532//2532 2556//2556
f 2555//2555 2556//2556 2557//2557
f 2557//2557 2556//2556 2508//2508
f 2557//2557 2508//2508 2558//2558
f 2558//2558 2508//2508 2518//2518
f 2559//2559 2560//2560 2561//2561
f 2562//2562 2563//2563 2564//2564
f 2565//2565 2566//2566 2567//2567
f 2567//2567 2566//2566 2568//2568
f 2567//2567 2568//2568 2569//2569
f 2570//2570 2571//2571 2572//2572
f 2573//2573 2572//2572 2574//2574
f 2574//2574 2572//2572 2575//2575
f 2576//2576 2562//2562 2577//2577
f 2572//2572 2571//2571 2578//2578
f 2578//2578 2571//2571 2579//2579
f 2578//2578 2579//2579 2564//2564
f 2564//2564 2579//2579 2580//2580
f 2564//2564 2580//2580 2562//2562
f 2581//2581 2582//2582 2583//2583
f 2583//2583 2582//2582 2584//2584
f 2583//2583 2584//2584 2565//2565
f 2565//2565 2584//2584 2585//2585
f 2565//2565 2585//2585 2566//2566
f 2573//2573 2586//2586 2572//2572
f 2572//2572 2586//2586 2587//2587
f 2572//2572 2587//2587 2570//2570
f 2588//2588 2589//2589 2581//2581
f 2581//2581 2589//2589 2590//2590
f 2581//2581 2590//2590 2582//2582
f 2591//2591 2592//2592 2593//2593
f 2593//2593 2592//2592 2594//2594
f 2593//2593 2594//2594 2588//2588
f 2588//2588 2594//2594 2595//2595
f 2588//2588 2595//2595 2589//2589
f 2596//2596 2597//2597 2591//2591
f 2591//2591 2597//2597 2598//2598
f 2591//2591 2598//2598 2592//2592
f 2580//2580 2599//2599 2562//2562
f 2562//2562 2599//2599 2600//2600
f 2562//2562 2600//2600 2577//2577
f 2577//2577 2600//2600 2601//2601
f 2577//2577 2601//2601 2596//2596
f 2596//2596 2601//2601 2602//2602
f 2596//2596 2602//2602 2597//2597
f 2568//2568 2603//2603 2569//2569
f 2569//2569 2603//2603 2604//2604
f 2569//2569 2604//2604 2605//2605
f 2605//2605 2604//2604 2606//2606
f 2605//2605 2606//2606 2607//2607
f 2607//2607 2606//2606 2608//2608
f 2607//2607 2608//2608 2609//2609
f 2609//2609 2608//2608 2610//2610
f 2609//2609 2610//2610 2611//2611
f 2611//2611 2610//2610 2576//2576
f 2611//2611 2576//2576 2612//2612
f 2612//2612 2576//2576 2577//2577
f 2559//2559 2561//2561 2613//2613
f 2561//2561 2614//2614 2613//2613
f 2613//2613 2614//2614 2615//2615
f 2613//2613 2615//2615 2616//2616
f 2616//2616 2615//2615 2617//2617
f 2616//2616 2617//2617 2618//2618
f 2618//2618 2617//2617 2587//2587
f 2618//2618 2587//2587 2619//2619
f 2619//2619 2587//2587 2586//2586
f 2620//2620 2508//2508 2556//2556
f 2227//2227 2225//2225 2556//2556
f 2556//2556 2225//2225 2621//2621
f 2556//2556 2621//2621 2620//2620
f 2562//2562 2622//2622 2563//2563
f 2563//2563 2622//2622 2623//2623
f 2563//2563 2623//2623 2624//2624
f 2625//2625 2201//2201 2626//2626
f 2626//2626 2201//2201 2627//2627
f 2626//2626 2627//2627 2556//2556
f 2199//2199 2628//2628 2629//2629
f 2629//2629 2563//2563 2199//2199
f 2199//2199 2563//2563 2624//2624
f 2199//2199 2624//2624 2201//2201
f 2201//2201 2624//2624 2630//2630
f 2201//2201 2630//2630 2627//2627
f 2631//2631 2632//2632 2633//2633
f 2633//2633 2632//2632 2227//2227
f 2633//2633 2227//2227 2634//2634
f 2634//2634 2227//2227 2556//2556
f 2634//2634 2556//2556 2635//2635
f 2635//2635 2556//2556 2627//2627
f 2147//2147 2146//2146 2636//2636
f 2636//2636 2146//2146 2637//2637
f 2636//2636 2637//2637 2638//2638
f 2638//2638 2637//2637 2639//2639
f 2638//2638 2639//2639 2640//2640
f 2640//2640 2639//2639 2641//2641
f 2640//2640 2641//2641 2231//2231
f 2231//2231 2641//2641 2230//2230
f 2229//2229 2228//2228 2642//2642
f 2642//2642 2228//2228 2643//2643
f 2642//2642 2643//2643 2644//2644
f 2644//2644 2643//2643 2645//2645
f 2644//2644 2645//2645 2646//2646
f 2646//2646 2645//2645 2647//2647
f 2646//2646 2647//2647 2423//2423
f 2423//2423 2647//2647 2424//2424
f 2234//2234 2235//2235 2648//2648
f 2648//2648 2235//2235 2649//2649
f 2648//2648 2649//2649 2650//2650
f 2650//2650 2649//2649 2651//2651
f 2650//2650 2651//2651 2652//2652
f 2652//2652 2651//2651 2653//2653
f 2652//2652 2653//2653 2468//2468
f 2468//2468 2653//2653 2469//2469
f 2126//2126 2125//2125 2654//2654
f 2654//2654 2125//2125 2655//2655
f 2654//2654 2655//2655 2656//2656
f 2656//2656 2655//2655 2657//2657
f 2656//2656 2657//2657 2658//2658
f 2658//2658 2657//2657 2659//2659
f 2658//2658 2659//2659 2232//2232
f 2232//2232 2659//2659 2233//2233
f 2660//2660 2426//2426 2661//2661
f 2661//2661 2426//2426 2425//2425
f 2495//2495 2494//2494 2662//2662
f 2662//2662 2663//2663 2495//2495
f 2495//2495 2663//2663 2664//2664
f 2495//2495 2664//2664 2665//2665
f 2660//2660 2666//2666 2426//2426
f 2426//2426 2666//2666 2667//2667
f 2426//2426 2667//2667 2434//2434
f 2434//2434 2667//2667 2668//2668
f 2434//2434 2668//2668 2436//2436
f 2436//2436 2668//2668 2669//2669
f 2436//2436 2669//2669 2437//2437
f 2437//2437 2669//2669 2670//2670
f 2437//2437 2670//2670 2441//2441
f 2441//2441 2670//2670 2671//2671
f 2441//2441 2671//2671 2440//2440
f 2440//2440 2671//2671 2672//2672
f 2440//2440 2672//2672 2438//2438
f 2438//2438 2672//2672 2471//2471
f 2672//2672 2673//2673 2471//2471
f 2471//2471 2673//2673 2674//2674
f 2471//2471 2674//2674 2494//2494
f 2494//2494 2674//2674 2675//2675
f 2494//2494 2675//2675 2662//2662
f 2483//2483 2676//2676 2430//2430
f 2430//2430 2676//2676 2677//2677
f 2430//2430 2677//2677 2431//2431
f 2431//2431 2677//2677 2678//2678
f 2431//2431 2678//2678 2432//2432
f 2432//2432 2678//2678 2679//2679
f 2432//2432 2679//2679 2433//2433
f 2433//2433 2679//2679 2680//2680
f 2433//2433 2680//2680 2428//2428
f 2428//2428 2680//2680 2681//2681
f 2428//2428 2681//2681 2425//2425
f 2425//2425 2681//2681 2682//2682
f 2425//2425 2682//2682 2661//2661
f 2496//2496 2683//2683 2483//2483
f 2483//2483 2683//2683 2684//2684
f 2483//2483 2684//2684 2676//2676
f 2665//2665 2685//2685 2495//2495
f 2495//2495 2685//2685 2686//2686
f 2495//2495 2686//2686 2496//2496
f 2496//2496 2686//2686 2687//2687
f 2496//2496 2687//2687 2683//2683
f 2688//2688 2388//2388 2689//2689
f 2689//2689 2388//2388 2387//2387
f 2480//2480 2476//2476 2690//2690
f 2690//2690 2691//2691 2480//2480
f 2480//2480 2691//2691 2692//2692
f 2480//2480 2692//2692 2693//2693
f 2688//2688 2694//2694 2388//2388
f 2388//2388 2694//2694 2695//2695
f 2388//2388 2695//2695 2389//2389
f 2389//2389 2695//2695 2696//2696
f 2389//2389 2696//2696 2391//2391
f 2391//2391 2696//2696 2697//2697
f 2391//2391 2697//2697 2392//2392
f 2392//2392 2697//2697 2698//2698
f 2392//2392 2698//2698 2396//2396
f 2396//2396 2698//2698 2699//2699
f 2396//2396 2699//2699 2395//2395
f 2395//2395 2699//2699 2700//2700
f 2395//2395 2700//2700 2393//2393
f 2393//2393 2700//2700 2477//2477
f 2700//2700 2701//2701 2477//2477
f 2477//2477 2701//2701 2702//2702
f 2477//2477 2702//2702 2476//2476
f 2476//2476 2702//2702 2703//2703
f 2476//2476 2703//2703 2690//2690
f 2478//2478 2704//2704 2382//2382
f 2382//2382 2704//2704 2705//2705
f 2382//2382 2705//2705 2383//2383
f 2383//2383 2705//2705 2706//2706
f 2383//2383 2706//2706 2384//2384
f 2384//2384 2706//2706 2707//2707
f 2384//2384 2707//2707 2385//2385
f 2385//2385 2707//2707 2708//2708
f 2385//2385 2708//2708 2386//2386
f 2386//2386 2708//2708 2709//2709
f 2386//2386 2709//2709 2387//2387
f 2387//2387 2709//2709 2710//2710
f 2387//2387 2710//2710 2689//2689
f 2479//2479 2711//2711 2478//2478
f 2478//2478 2711//2711 2712//2712
f 2478//2478 2712//2712 2704//2704
f 2693//2693 2713//2713 2480//2480
f 2480//2480 2713//2713 2714//2714
f 2480//2480 2714//2714 2479//2479
f 2479//2479 2714//2714 2715//2715
f 2479//2479 2715//2715 2711//2711
f 2716//2716 2080//2080 2717//2717
f 2717//2717 2080//2080 2085//2085
f 2718//2718 2719//2719 2498//2498
f 2498//2498 2719//2719 2720//2720
f 2498//2498 2720//2720 2499//2499
f 2575//2575 2572//2572 2721//2721
f 2220//2220 2218//2218 2722//2722
f 2722//2722 2218//2218 2575//2575
f 2722//2722 2575//2575 2723//2723
f 2723//2723 2575//2575 2721//2721
f 2220//2220 2722//2722 2724//2724
f 2724//2724 2722//2722 2718//2718
f 2724//2724 2718//2718 2223//2223
f 2223//2223 2718//2718 2498//2498
f 2223//2223 2498//2498 2211//2211
f 2198//2198 2725//2725 2199//2199
f 2199//2199 2725//2725 2628//2628
f 2725//2725 2726//2726 2628//2628
f 2628//2628 2726//2726 2727//2727
f 2628//2628 2727//2727 2629//2629
f 2564//2564 2563//2563 2728//2728
f 2728//2728 2563//2563 2629//2629
f 2728//2728 2629//2629 2729//2729
f 2729//2729 2629//2629 2727//2727
f 2532//2532 2730//2730 2556//2556
f 2556//2556 2730//2730 2626//2626
f 2730//2730 2731//2731 2626//2626
f 2626//2626 2731//2731 2732//2732
f 2626//2626 2732//2732 2625//2625
f 2200//2200 2201//2201 2733//2733
f 2733//2733 2201//2201 2625//2625
f 2733//2733 2625//2625 2734//2734
f 2734//2734 2625//2625 2732//2732
f 2074//2074 2072//2072 2735//2735
f 2735//2735 2072//2072 2082//2082
f 2736//2736 2737//2737 2738//2738
f 2738//2738 2737//2737 2739//2739
f 2738//2738 2739//2739 2740//2740
f 2741//2741 2083//2083 2742//2742
f 2742//2742 2083//2083 2736//2736
f 2742//2742 2736//2736 2743//2743
f 2743//2743 2736//2736 2738//2738
f 2741//2741 2744//2744 2083//2083
f 2083//2083 2744//2744 2745//2745
f 2083//2083 2745//2745 2082//2082
f 2082//2082 2745//2745 2746//2746
f 2082//2082 2746//2746 2735//2735
f 2740//2740 2739//2739 2560//2560
f 2560//2560 2739//2739 2747//2747
f 2560//2560 2747//2747 2561//2561
f 2081//2081 2080//2080 2716//2716
f 2716//2716 2748//2748 2081//2081
f 2081//2081 2748//2748 2749//2749
f 2081//2081 2749//2749 2083//2083
f 2083//2083 2749//2749 2750//2750
f 2083//2083 2750//2750 2736//2736
f 2078//2078 2751//2751 2752//2752
f 2753//2753 2754//2754 2755//2755
f 2755//2755 2754//2754 2756//2756
f 2755//2755 2756//2756 2757//2757
f 2757//2757 2756//2756 2758//2758
f 2757//2757 2758//2758 2759//2759
f 2759//2759 2758//2758 2517//2517
f 2759//2759 2517//2517 2516//2516
f 2077//2077 2068//2068 2067//2067
f 2067//2067 2760//2760 2077//2077
f 2077//2077 2760//2760 2761//2761
f 2077//2077 2761//2761 2078//2078
f 2078//2078 2761//2761 2762//2762
f 2078//2078 2762//2762 2751//2751
f 2717//2717 2085//2085 2763//2763
f 2763//2763 2085//2085 2079//2079
f 2763//2763 2079//2079 2764//2764
f 2764//2764 2079//2079 2765//2765
f 2765//2765 2079//2079 2078//2078
f 2765//2765 2078//2078 2753//2753
f 2753//2753 2078//2078 2752//2752
f 2753//2753 2752//2752 2754//2754
f 2212//2212 2211//2211 2498//2498
f 2766//2766 2498//2498 2767//2767
f 2767//2767 2498//2498 2497//2497
f 2206//2206 2070//2070 2205//2205
f 2205//2205 2070//2070 2076//2076
f 2212//2212 2498//2498 2208//2208
f 2208//2208 2498//2498 2766//2766
f 2208//2208 2766//2766 2207//2207
f 2207//2207 2766//2766 2768//2768
f 2207//2207 2768//2768 2206//2206
f 2206//2206 2768//2768 2769//2769
f 2206//2206 2769//2769 2070//2070
f 2070//2070 2769//2769 2770//2770
f 2070//2070 2770//2770 2069//2069
f 2069//2069 2770//2770 2771//2771
f 2069//2069 2771//2771 2067//2067
f 2067//2067 2771//2771 2772//2772
f 2067//2067 2772//2772 2760//2760
f 2760//2760 2772//2772 2773//2773
f 2760//2760 2773//2773 2761//2761
f 2761//2761 2773//2773 2762//2762
f 2762//2762 2773//2773 2774//2774
f 2762//2762 2774//2774 2751//2751
f 2774//2774 2775//2775 2751//2751
f 2751//2751 2775//2775 2776//2776
f 2751//2751 2776//2776 2752//2752
f 2752//2752 2776//2776 2777//2777
f 2752//2752 2777//2777 2754//2754
f 2754//2754 2777//2777 2756//2756
f 2756//2756 2777//2777 2778//2778
f 2756//2756 2778//2778 2758//2758
f 2758//2758 2778//2778 2779//2779
f 2758//2758 2779//2779 2517//2517
f 2517//2517 2779//2779 2780//2780
f 2517//2517 2780//2780 2515//2515
f 2780//2780 2781//2781 2515//2515
f 2515//2515 2781//2781 2782//2782
f 2515//2515 2782//2782 2513//2513
f 2782//2782 2783//2783 2513//2513
f 2513//2513 2783//2783 2784//2784
f 2513//2513 2784//2784 2511//2511
f 2784//2784 2785//2785 2511//2511
f 2511//2511 2785//2785 2786//2786
f 2511//2511 2786//2786 2550//2550
f 2786//2786 2787//2787 2550//2550
f 2550//2550 2787//2787 2788//2788
f 2550//2550 2788//2788 2552//2552
f 2788//2788 2789//2789 2552//2552
f 2552//2552 2789//2789 2790//2790
f 2552//2552 2790//2790 2553//2553
f 2790//2790 2791//2791 2553//2553
f 2553//2553 2791//2791 2792//2792
f 2553//2553 2792//2792 2554//2554
f 2792//2792 2793//2793 2554//2554
f 2554//2554 2793//2793 2794//2794
f 2554//2554 2794//2794 2497//2497
f 2497//2497 2794//2794 2795//2795
f 2497//2497 2795//2795 2767//2767
f 2796//2796 2071//2071 2797//2797
f 2797//2797 2071//2071 2073//2073
f 2574//2574 2575//2575 2798//2798
f 2203//2203 2575//2575 2217//2217
f 2217//2217 2575//2575 2218//2218
f 2798//2798 2575//2575 2799//2799
f 2799//2799 2575//2575 2203//2203
f 2799//2799 2203//2203 2800//2800
f 2800//2800 2203//2203 2202//2202
f 2800//2800 2202//2202 2796//2796
f 2796//2796 2202//2202 2213//2213
f 2796//2796 2213//2213 2071//2071
f 2071//2071 2213//2213 2214//2214
f 2071//2071 2214//2214 2075//2075
f 2798//2798 2801//2801 2574//2574
f 2574//2574 2801//2801 2802//2802
f 2574//2574 2802//2802 2573//2573
f 2802//2802 2803//2803 2573//2573
f 2573//2573 2803//2803 2804//2804
f 2573//2573 2804//2804 2586//2586
f 2804//2804 2805//2805 2586//2586
f 2586//2586 2805//2805 2806//2806
f 2586//2586 2806//2806 2619//2619
f 2806//2806 2807//2807 2619//2619
f 2619//2619 2807//2807 2808//2808
f 2619//2619 2808//2808 2618//2618
f 2808//2808 2809//2809 2618//2618
f 2618//2618 2809//2809 2810//2810
f 2618//2618 2810//2810 2616//2616
f 2810//2810 2811//2811 2616//2616
f 2616//2616 2811//2811 2812//2812
f 2616//2616 2812//2812 2613//2613
f 2812//2812 2813//2813 2613//2613
f 2613//2613 2813//2813 2814//2814
f 2613//2613 2814//2814 2559//2559
f 2559//2559 2814//2814 2815//2815
f 2559//2559 2815//2815 2560//2560
f 2560//2560 2815//2815 2816//2816
f 2560//2560 2816//2816 2740//2740
f 2817//2817 2738//2738 2818//2818
f 2818//2818 2738//2738 2740//2740
f 2818//2818 2740//2740 2819//2819
f 2819//2819 2740//2740 2816//2816
f 2735//2735 2820//2820 2074//2074
f 2074//2074 2820//2820 2821//2821
f 2074//2074 2821//2821 2073//2073
f 2073//2073 2821//2821 2822//2822
f 2073//2073 2822//2822 2797//2797
f 2735//2735 2746//2746 2820//2820
f 2820//2820 2746//2746 2745//2745
f 2820//2820 2745//2745 2823//2823
f 2823//2823 2745//2745 2744//2744
f 2823//2823 2744//2744 2824//2824
f 2824//2824 2744//2744 2741//2741
f 2824//2824 2741//2741 2825//2825
f 2825//2825 2741//2741 2742//2742
f 2825//2825 2742//2742 2817//2817
f 2817//2817 2742//2742 2743//2743
f 2817//2817 2743//2743 2738//2738
f 2826//2826 2827//2827 2692//2692
f 2711//2711 2715//2715 2557//2557
f 2557//2557 2715//2715 2714//2714
f 2557//2557 2714//2714 2555//2555
f 2555//2555 2714//2714 2713//2713
f 2555//2555 2713//2713 2693//2693
f 2505//2505 2710//2710 2709//2709
f 2709//2709 2708//2708 2505//2505
f 2505//2505 2708//2708 2707//2707
f 2505//2505 2707//2707 2506//2506
f 2506//2506 2707//2707 2706//2706
f 2506//2506 2706//2706 2518//2518
f 2518//2518 2706//2706 2705//2705
f 2518//2518 2705//2705 2558//2558
f 2558//2558 2705//2705 2704//2704
f 2558//2558 2704//2704 2557//2557
f 2557//2557 2704//2704 2712//2712
f 2557//2557 2712//2712 2711//2711
f 2710//2710 2505//2505 2689//2689
f 2689//2689 2505//2505 2529//2529
f 2689//2689 2529//2529 2688//2688
f 2697//2697 2696//2696 2828//2828
f 2828//2828 2696//2696 2695//2695
f 2828//2828 2695//2695 2829//2829
f 2829//2829 2695//2695 2694//2694
f 2829//2829 2694//2694 2830//2830
f 2697//2697 2828//2828 2698//2698
f 2698//2698 2828//2828 2831//2831
f 2698//2698 2831//2831 2699//2699
f 2699//2699 2831//2831 2832//2832
f 2699//2699 2832//2832 2700//2700
f 2700//2700 2832//2832 2833//2833
f 2700//2700 2833//2833 2701//2701
f 2826//2826 2692//2692 2834//2834
f 2834//2834 2692//2692 2691//2691
f 2834//2834 2691//2691 2690//2690
f 2690//2690 2703//2703 2834//2834
f 2834//2834 2703//2703 2702//2702
f 2834//2834 2702//2702 2835//2835
f 2835//2835 2702//2702 2701//2701
f 2835//2835 2701//2701 2836//2836
f 2836//2836 2701//2701 2833//2833
f 2504//2504 2837//2837 2838//2838
f 2504//2504 2838//2838 2502//2502
f 2837//2837 2504//2504 2839//2839
f 2839//2839 2504//2504 2544//2544
f 2839//2839 2544//2544 2840//2840
f 2840//2840 2544//2544 2841//2841
f 2841//2841 2544//2544 2538//2538
f 2841//2841 2538//2538 2842//2842
f 2842//2842 2538//2538 2843//2843
f 2843//2843 2538//2538 2540//2540
f 2843//2843 2540//2540 2844//2844
f 2844//2844 2540//2540 2845//2845
f 2845//2845 2540//2540 2555//2555
f 2845//2845 2555//2555 2827//2827
f 2827//2827 2555//2555 2693//2693
f 2827//2827 2693//2693 2692//2692
f 2694//2694 2688//2688 2830//2830
f 2830//2830 2688//2688 2529//2529
f 2830//2830 2529//2529 2846//2846
f 2846//2846 2529//2529 2522//2522
f 2524//2524 2847//2847 2522//2522
f 2522//2522 2847//2847 2848//2848
f 2522//2522 2848//2848 2846//2846
f 2519//2519 2849//2849 2524//2524
f 2524//2524 2849//2849 2850//2850
f 2524//2524 2850//2850 2847//2847
f 2500//2500 2851//2851 2519//2519
f 2519//2519 2851//2851 2852//2852
f 2519//2519 2852//2852 2849//2849
f 2838//2838 2853//2853 2502//2502
f 2502//2502 2853//2853 2854//2854
f 2502//2502 2854//2854 2500//2500
f 2500//2500 2854//2854 2855//2855
f 2500//2500 2855//2855 2851//2851
f 2665//2665 2664//2664 2612//2612
f 2683//2683 2687//2687 2856//2856
f 2856//2856 2687//2687 2686//2686
f 2856//2856 2686//2686 2857//2857
f 2857//2857 2686//2686 2685//2685
f 2857//2857 2685//2685 2858//2858
f 2683//2683 2856//2856 2684//2684
f 2684//2684 2856//2856 2859//2859
f 2684//2684 2859//2859 2676//2676
f 2676//2676 2859//2859 2860//2860
f 2676//2676 2860//2860 2677//2677
f 2677//2677 2860//2860 2861//2861
f 2677//2677 2861//2861 2678//2678
f 2862//2862 2682//2682 2681//2681
f 2681//2681 2680//2680 2862//2862
f 2862//2862 2680//2680 2679//2679
f 2862//2862 2679//2679 2863//2863
f 2863//2863 2679//2679 2678//2678
f 2863//2863 2678//2678 2864//2864
f 2864//2864 2678//2678 2861//2861
f 2865//2865 2660//2660 2661//2661
f 2682//2682 2862//2862 2661//2661
f 2661//2661 2862//2862 2866//2866
f 2661//2661 2866//2866 2865//2865
f 2669//2669 2668//2668 2605//2605
f 2605//2605 2668//2668 2667//2667
f 2605//2605 2667//2667 2569//2569
f 2569//2569 2667//2667 2666//2666
f 2569//2569 2666//2666 2660//2660
f 2607//2607 2671//2671 2605//2605
f 2605//2605 2671//2671 2670//2670
f 2605//2605 2670//2670 2669//2669
f 2612//2612 2664//2664 2611//2611
f 2611//2611 2664//2664 2663//2663
f 2611//2611 2663//2663 2662//2662
f 2662//2662 2675//2675 2611//2611
f 2611//2611 2675//2675 2674//2674
f 2611//2611 2674//2674 2609//2609
f 2609//2609 2674//2674 2673//2673
f 2609//2609 2673//2673 2607//2607
f 2607//2607 2673//2673 2672//2672
f 2607//2607 2672//2672 2671//2671
f 2867//2867 2593//2593 2588//2588
f 2867//2867 2868//2868 2593//2593
f 2593//2593 2868//2868 2869//2869
f 2593//2593 2869//2869 2591//2591
f 2869//2869 2870//2870 2591//2591
f 2591//2591 2870//2870 2871//2871
f 2591//2591 2871//2871 2596//2596
f 2871//2871 2872//2872 2596//2596
f 2596//2596 2872//2872 2873//2873
f 2596//2596 2873//2873 2577//2577
f 2685//2685 2665//2665 2858//2858
f 2858//2858 2665//2665 2612//2612
f 2858//2858 2612//2612 2874//2874
f 2874//2874 2612//2612 2577//2577
f 2874//2874 2577//2577 2875//2875
f 2875//2875 2577//2577 2873//2873
f 2660//2660 2865//2865 2569//2569
f 2569//2569 2865//2865 2876//2876
f 2569//2569 2876//2876 2567//2567
f 2876//2876 2877//2877 2567//2567
f 2567//2567 2877//2877 2878//2878
f 2567//2567 2878//2878 2565//2565
f 2878//2878 2879//2879 2565//2565
f 2565//2565 2879//2879 2880//2880
f 2565//2565 2880//2880 2583//2583
f 2880//2880 2881//2881 2583//2583
f 2583//2583 2881//2881 2882//2882
f 2583//2583 2882//2882 2581//2581
f 2882//2882 2883//2883 2581//2581
f 2581//2581 2883//2883 2884//2884
f 2581//2581 2884//2884 2588//2588
f 2588//2588 2884//2884 2885//2885
f 2588//2588 2885//2885 2867//2867
f 2886//2886 2633//2633 2887//2887
f 2887//2887 2633//2633 2634//2634
f 2888//2888 2630//2630 2889//2889
f 2889//2889 2630//2630 2624//2624
f 2633//2633 2886//2886 2890//2890
f 2633//2633 2890//2890 2631//2631
f 2631//2631 2890//2890 2891//2891
f 2631//2631 2891//2891 2632//2632
f 2632//2632 2891//2891 2226//2226
f 2632//2632 2226//2226 2227//2227
f 2225//2225 2224//2224 2621//2621
f 2621//2621 2224//2224 2892//2892
f 2621//2621 2892//2892 2620//2620
f 2620//2620 2892//2892 2893//2893
f 2620//2620 2893//2893 2508//2508
f 2508//2508 2893//2893 2509//2509
f 2887//2887 2634//2634 2894//2894
f 2894//2894 2634//2634 2635//2635
f 2894//2894 2635//2635 2895//2895
f 2895//2895 2635//2635 2627//2627
f 2895//2895 2627//2627 2888//2888
f 2888//2888 2627//2627 2630//2630
f 2889//2889 2624//2624 2896//2896
f 2896//2896 2624//2624 2623//2623
f 2896//2896 2623//2623 2897//2897
f 2897//2897 2623//2623 2622//2622
f 2897//2897 2622//2622 2576//2576
f 2576//2576 2622//2622 2562//2562
f 2229//2229 2282//2282 2231//2231
f 2231//2231 2282//2282 2283//2283
f 2423//2423 2304//2304 2646//2646
f 2646//2646 2304//2304 2306//2306
f 2646//2646 2306//2306 2644//2644
f 2644//2644 2306//2306 2307//2307
f 2644//2644 2307//2307 2642//2642
f 2642//2642 2307//2307 2280//2280
f 2642//2642 2280//2280 2229//2229
f 2229//2229 2280//2280 2282//2282
f 2231//2231 2283//2283 2640//2640
f 2640//2640 2283//2283 2269//2269
f 2640//2640 2269//2269 2638//2638
f 2638//2638 2269//2269 2268//2268
f 2638//2638 2268//2268 2636//2636
f 2636//2636 2268//2268 2266//2266
f 2636//2636 2266//2266 2147//2147
f 2147//2147 2266//2266 2264//2264
f 2304//2304 2423//2423 2421//2421
f 2304//2304 2421//2421 2302//2302
f 2302//2302 2421//2421 2419//2419
f 2302//2302 2419//2419 2300//2300
f 2300//2300 2419//2419 2417//2417
f 2300//2300 2417//2417 2296//2296
f 2296//2296 2417//2417 2415//2415
f 2296//2296 2415//2415 2294//2294
f 2294//2294 2415//2415 2413//2413
f 2294//2294 2413//2413 2292//2292
f 2292//2292 2413//2413 2411//2411
f 2292//2292 2411//2411 2288//2288
f 2288//2288 2411//2411 2409//2409
f 2288//2288 2409//2409 2286//2286
f 2286//2286 2409//2409 2407//2407
f 2286//2286 2407//2407 2284//2284
f 2284//2284 2407//2407 2405//2405
f 2284//2284 2405//2405 2253//2253
f 2253//2253 2405//2405 2403//2403
f 2253//2253 2403//2403 2251//2251
f 2251//2251 2403//2403 2401//2401
f 2251//2251 2401//2401 2238//2238
f 2238//2238 2401//2401 2399//2399
f 2238//2238 2399//2399 2254//2254
f 2254//2254 2399//2399 2397//2397
f 2254//2254 2397//2397 2255//2255
f 2255//2255 2397//2397 2390//2390
f 2255//2255 2390//2390 2257//2257
f 2257//2257 2390//2390 2394//2394
f 2257//2257 2394//2394 2259//2259
f 2244//2244 2144//2144 2143//2143
f 2244//2244 2143//2143 2245//2245
f 2245//2245 2143//2143 2129//2129
f 2245//2245 2129//2129 2247//2247
f 2129//2129 2197//2197 2247//2247
f 2247//2247 2197//2197 2195//2195
f 2247//2247 2195//2195 2249//2249
f 2195//2195 2193//2193 2249//2249
f 2249//2249 2193//2193 2191//2191
f 2249//2249 2191//2191 2250//2250
f 2191//2191 2189//2189 2250//2250
f 2250//2250 2189//2189 2187//2187
f 2250//2250 2187//2187 2240//2240
f 2187//2187 2185//2185 2240//2240
f 2240//2240 2185//2185 2183//2183
f 2240//2240 2183//2183 2242//2242
f 2183//2183 2181//2181 2242//2242
f 2242//2242 2181//2181 2179//2179
f 2242//2242 2179//2179 2275//2275
f 2275//2275 2179//2179 2177//2177
f 2275//2275 2177//2177 2276//2276
f 2177//2177 2175//2175 2276//2276
f 2276//2276 2175//2175 2173//2173
f 2276//2276 2173//2173 2278//2278
f 2173//2173 2090//2090 2278//2278
f 2278//2278 2090//2090 2096//2096
f 2278//2278 2096//2096 2279//2279
f 2096//2096 2153//2153 2279//2279
f 2279//2279 2153//2153 2157//2157
f 2279//2279 2157//2157 2271//2271
f 2157//2157 2159//2159 2271//2271
f 2271//2271 2159//2159 2161//2161
f 2271//2271 2161//2161 2273//2273
f 2161//2161 2163//2163 2273//2273
f 2273//2273 2163//2163 2165//2165
f 2273//2273 2165//2165 2274//2274
f 2165//2165 2167//2167 2274//2274
f 2274//2274 2167//2167 2169//2169
f 2274//2274 2169//2169 2262//2262
f 2262//2262 2169//2169 2150//2150
f 2150//2150 2149//2149 2262//2262
f 2262//2262 2149//2149 2147//2147
f 2262//2262 2147//2147 2264//2264
f 2144//2144 2244//2244 2394//2394
f 2394//2394 2244//2244 2259//2259
f 2291//2291 2290//2290 2767//2767
f 2767//2767 2795//2795 2291//2291
f 2291//2291 2795//2795 2794//2794
f 2291//2291 2794//2794 2281//2281
f 2794//2794 2793//2793 2281//2281
f 2281//2281 2793//2793 2792//2792
f 2281//2281 2792//2792 2267//2267
f 2792//2792 2791//2791 2267//2267
f 2267//2267 2791//2791 2790//2790
f 2267//2267 2790//2790 2265//2265
f 2790//2790 2789//2789 2265//2265
f 2265//2265 2789//2789 2788//2788
f 2265//2265 2788//2788 2263//2263
f 2788//2788 2787//2787 2263//2263
f 2263//2263 2787//2787 2786//2786
f 2263//2263 2786//2786 2261//2261
f 2786//2786 2785//2785 2261//2261
f 2261//2261 2785//2785 2784//2784
f 2261//2261 2784//2784 2272//2272
f 2272//2272 2784//2784 2783//2783
f 2272//2272 2783//2783 2270//2270
f 2783//2783 2782//2782 2270//2270
f 2270//2270 2782//2782 2781//2781
f 2270//2270 2781//2781 2277//2277
f 2781//2781 2780//2780 2277//2277
f 2277//2277 2780//2780 2779//2779
f 2277//2277 2779//2779 2243//2243
f 2779//2779 2778//2778 2243//2243
f 2243//2243 2778//2778 2777//2777
f 2243//2243 2777//2777 2241//2241
f 2777//2777 2776//2776 2241//2241
f 2241//2241 2776//2776 2775//2775
f 2241//2241 2775//2775 2239//2239
f 2775//2775 2774//2774 2239//2239
f 2239//2239 2774//2774 2773//2773
f 2239//2239 2773//2773 2248//2248
f 2773//2773 2772//2772 2248//2248
f 2248//2248 2772//2772 2771//2771
f 2248//2248 2771//2771 2246//2246
f 2771//2771 2770//2770 2246//2246
f 2246//2246 2770//2770 2769//2769
f 2246//2246 2769//2769 2289//2289
f 2289//2289 2769//2769 2768//2768
f 2289//2289 2768//2768 2290//2290
f 2290//2290 2768//2768 2766//2766
f 2290//2290 2766//2766 2767//2767
f 2236//2236 2256//2256 2831//2831
f 2831//2831 2828//2828 2236//2236
f 2236//2236 2828//2828 2829//2829
f 2236//2236 2829//2829 2237//2237
f 2829//2829 2830//2830 2237//2237
f 2237//2237 2830//2830 2846//2846
f 2237//2237 2846//2846 2252//2252
f 2846//2846 2848//2848 2252//2252
f 2252//2252 2848//2848 2847//2847
f 2252//2252 2847//2847 2285//2285
f 2847//2847 2850//2850 2285//2285
f 2285//2285 2850//2850 2849//2849
f 2285//2285 2849//2849 2287//2287
f 2849//2849 2852//2852 2287//2287
f 2287//2287 2852//2852 2851//2851
f 2287//2287 2851//2851 2293//2293
f 2851//2851 2855//2855 2293//2293
f 2293//2293 2855//2855 2854//2854
f 2293//2293 2854//2854 2295//2295
f 2295//2295 2854//2854 2853//2853
f 2295//2295 2853//2853 2301//2301
f 2853//2853 2838//2838 2301//2301
f 2301//2301 2838//2838 2837//2837
f 2301//2301 2837//2837 2303//2303
f 2837//2837 2839//2839 2303//2303
f 2303//2303 2839//2839 2840//2840
f 2303//2303 2840//2840 2305//2305
f 2840//2840 2841//2841 2305//2305
f 2305//2305 2841//2841 2842//2842
f 2305//2305 2842//2842 2299//2299
f 2842//2842 2843//2843 2299//2299
f 2299//2299 2843//2843 2844//2844
f 2299//2299 2844//2844 2298//2298
f 2844//2844 2845//2845 2298//2298
f 2298//2298 2845//2845 2827//2827
f 2298//2298 2827//2827 2297//2297
f 2827//2827 2826//2826 2297//2297
f 2297//2297 2826//2826 2834//2834
f 2297//2297 2834//2834 2260//2260
f 2834//2834 2835//2835 2260//2260
f 2260//2260 2835//2835 2836//2836
f 2260//2260 2836//2836 2258//2258
f 2258//2258 2836//2836 2833//2833
f 2258//2258 2833//2833 2256//2256
f 2256//2256 2833//2833 2832//2832
f 2256//2256 2832//2832 2831//2831
f 2372//2372 2235//2235 2373//2373
f 2373//2373 2235//2235 2233//2233
f 2235//2235 2372//2372 2649//2649
f 2649//2649 2372//2372 2371//2371
f 2649//2649 2371//2371 2651//2651
f 2651//2651 2371//2371 2349//2349
f 2651//2651 2349//2349 2653//2653
f 2653//2653 2349//2349 2348//2348
f 2653//2653 2348//2348 2469//2469
f 2469//2469 2348//2348 2346//2346
f 2125//2125 2313//2313 2655//2655
f 2655//2655 2313//2313 2357//2357
f 2655//2655 2357//2357 2657//2657
f 2657//2657 2357//2357 2359//2359
f 2657//2657 2359//2359 2659//2659
f 2659//2659 2359//2359 2360//2360
f 2659//2659 2360//2360 2233//2233
f 2233//2233 2360//2360 2373//2373
f 2375//2375 2429//2429 2427//2427
f 2375//2375 2427//2427 2376//2376
f 2376//2376 2427//2427 2443//2443
f 2376//2376 2443//2443 2367//2367
f 2367//2367 2443//2443 2445//2445
f 2367//2367 2445//2445 2369//2369
f 2369//2369 2445//2445 2447//2447
f 2369//2369 2447//2447 2370//2370
f 2370//2370 2447//2447 2449//2449
f 2370//2370 2449//2449 2362//2362
f 2362//2362 2449//2449 2451//2451
f 2362//2362 2451//2451 2364//2364
f 2364//2364 2451//2451 2453//2453
f 2364//2364 2453//2453 2365//2365
f 2365//2365 2453//2453 2455//2455
f 2365//2365 2455//2455 2341//2341
f 2341//2341 2455//2455 2457//2457
f 2341//2341 2457//2457 2343//2343
f 2343//2343 2457//2457 2459//2459
f 2343//2343 2459//2459 2350//2350
f 2350//2350 2459//2459 2461//2461
f 2350//2350 2461//2461 2351//2351
f 2351//2351 2461//2461 2463//2463
f 2351//2351 2463//2463 2353//2353
f 2353//2353 2463//2463 2465//2465
f 2353//2353 2465//2465 2355//2355
f 2355//2355 2465//2465 2467//2467
f 2355//2355 2467//2467 2356//2356
f 2356//2356 2467//2467 2469//2469
f 2356//2356 2469//2469 2346//2346
f 2313//2313 2125//2125 2124//2124
f 2313//2313 2124//2124 2311//2311
f 2124//2124 2122//2122 2311//2311
f 2311//2311 2122//2122 2121//2121
f 2311//2311 2121//2121 2310//2310
f 2121//2121 2119//2119 2310//2310
f 2310//2310 2119//2119 2116//2116
f 2310//2310 2116//2116 2314//2314
f 2116//2116 2114//2114 2314//2314
f 2314//2314 2114//2114 2112//2112
f 2314//2314 2112//2112 2315//2315
f 2112//2112 2110//2110 2315//2315
f 2315//2315 2110//2110 2108//2108
f 2315//2315 2108//2108 2317//2317
f 2108//2108 2106//2106 2317//2317
f 2317//2317 2106//2106 2097//2097
f 2317//2317 2097//2097 2335//2335
f 2097//2097 2102//2102 2335//2335
f 2335//2335 2102//2102 2091//2091
f 2335//2335 2091//2091 2336//2336
f 2091//2091 2172//2172 2336//2336
f 2336//2336 2172//2172 2174//2174
f 2336//2336 2174//2174 2338//2338
f 2338//2338 2174//2174 2176//2176
f 2338//2338 2176//2176 2339//2339
f 2176//2176 2178//2178 2339//2339
f 2339//2339 2178//2178 2180//2180
f 2339//2339 2180//2180 2331//2331
f 2180//2180 2182//2182 2331//2331
f 2331//2331 2182//2182 2184//2184
f 2331//2331 2184//2184 2333//2333
f 2184//2184 2186//2186 2333//2333
f 2333//2333 2186//2186 2188//2188
f 2333//2333 2188//2188 2334//2334
f 2188//2188 2190//2190 2334//2334
f 2334//2334 2190//2190 2192//2192
f 2334//2334 2192//2192 2324//2324
f 2192//2192 2194//2194 2324//2324
f 2324//2324 2194//2194 2196//2196
f 2324//2324 2196//2196 2326//2326
f 2326//2326 2196//2196 2135//2135
f 2135//2135 2140//2140 2326//2326
f 2326//2326 2140//2140 2138//2138
f 2326//2326 2138//2138 2328//2328
f 2328//2328 2138//2138 2375//2375
f 2375//2375 2138//2138 2429//2429
f 2312//2312 2309//2309 2811//2811
f 2811//2811 2810//2810 2312//2312
f 2312//2312 2810//2810 2809//2809
f 2312//2312 2809//2809 2358//2358
f 2809//2809 2808//2808 2358//2358
f 2358//2358 2808//2808 2807//2807
f 2358//2358 2807//2807 2320//2320
f 2807//2807 2806//2806 2320//2320
f 2320//2320 2806//2806 2805//2805
f 2320//2320 2805//2805 2378//2378
f 2805//2805 2804//2804 2378//2378
f 2378//2378 2804//2804 2803//2803
f 2378//2378 2803//2803 2377//2377
f 2803//2803 2802//2802 2377//2377
f 2377//2377 2802//2802 2801//2801
f 2377//2377 2801//2801 2329//2329
f 2801//2801 2798//2798 2329//2329
f 2329//2329 2798//2798 2799//2799
f 2329//2329 2799//2799 2327//2327
f 2327//2327 2799//2799 2800//2800
f 2327//2327 2800//2800 2325//2325
f 2800//2800 2796//2796 2325//2325
f 2325//2325 2796//2796 2797//2797
f 2325//2325 2797//2797 2323//2323
f 2797//2797 2822//2822 2323//2323
f 2323//2323 2822//2822 2821//2821
f 2323//2323 2821//2821 2332//2332
f 2821//2821 2820//2820 2332//2332
f 2332//2332 2820//2820 2823//2823
f 2332//2332 2823//2823 2330//2330
f 2823//2823 2824//2824 2330//2330
f 2330//2330 2824//2824 2825//2825
f 2330//2330 2825//2825 2337//2337
f 2825//2825 2817//2817 2337//2337
f 2337//2337 2817//2817 2818//2818
f 2337//2337 2818//2818 2318//2318
f 2818//2818 2819//2819 2318//2318
f 2318//2318 2819//2819 2816//2816
f 2318//2318 2816//2816 2316//2316
f 2816//2816 2815//2815 2316//2316
f 2316//2316 2815//2815 2814//2814
f 2316//2316 2814//2814 2308//2308
f 2308//2308 2814//2814 2813//2813
f 2308//2308 2813//2813 2309//2309
f 2309//2309 2813//2813 2812//2812
f 2309//2309 2812//2812 2811//2811
f 2342//2342 2344//2344 2883//2883
f 2883//2883 2882//2882 2342//2342
f 2342//2342 2882//2882 2881//2881
f 2342//2342 2881//2881 2340//2340
f 2881//2881 2880//2880 2340//2340
f 2340//2340 2880//2880 2879//2879
f 2340//2340 2879//2879 2363//2363
f 2879//2879 2878//2878 2363//2363
f 2363//2363 2878//2878 2877//2877
f 2363//2363 2877//2877 2361//2361
f 2877//2877 2876//2876 2361//2361
f 2361//2361 2876//2876 2865//2865
f 2361//2361 2865//2865 2368//2368
f 2865//2865 2866//2866 2368//2368
f 2368//2368 2866//2866 2862//2862
f 2368//2368 2862//2862 2366//2366
f 2862//2862 2863//2863 2366//2366
f 2366//2366 2863//2863 2864//2864
f 2366//2366 2864//2864 2374//2374
f 2374//2374 2864//2864 2861//2861
f 2374//2374 2861//2861 2379//2379
f 2861//2861 2860//2860 2379//2379
f 2379//2379 2860//2860 2859//2859
f 2379//2379 2859//2859 2322//2322
f 2859//2859 2856//2856 2322//2322
f 2322//2322 2856//2856 2857//2857
f 2322//2322 2857//2857 2321//2321
f 2857//2857 2858//2858 2321//2321
f 2321//2321 2858//2858 2874//2874
f 2321//2321 2874//2874 2319//2319
f 2874//2874 2875//2875 2319//2319
f 2319//2319 2875//2875 2873//2873
f 2319//2319 2873//2873 2347//2347
f 2873//2873 2872//2872 2347//2347
f 2347//2347 2872//2872 2871//2871
f 2347//2347 2871//2871 2345//2345
f 2871//2871 2870//2870 2345//2345
f 2345//2345 2870//2870 2869//2869
f 2345//2345 2869//2869 2354//2354
f 2869//2869 2868//2868 2354//2354
f 2354//2354 2868//2868 2867//2867
f 2354//2354 2867//2867 2352//2352
f 2352//2352 2867//2867 2885//2885
f 2352//2352 2885//2885 2344//2344
f 2344//2344 2885//2885 2884//2884
f 2344//2344 2884//2884 2883//2883
f 2564//2564 2728//2728 2578//2578
f 2578//2578 2728//2728 2572//2572
f 2572//2572 2728//2728 2729//2729
f 2572//2572 2729//2729 2721//2721
f 2721//2721 2729//2729 2727//2727
f 2721//2721 2727//2727 2723//2723
f 2198//2198 2722//2722 2725//2725
f 2725//2725 2722//2722 2723//2723
f 2725//2725 2723//2723 2726//2726
f 2726//2726 2723//2723 2727//2727
f 2200//2200 2718//2718 2198//2198
f 2198//2198 2718//2718 2722//2722
f 2719//2719 2718//2718 2200//2200
f 2200//2200 2733//2733 2719//2719
f 2719//2719 2733//2733 2734//2734
f 2719//2719 2734//2734 2720//2720
f 2720//2720 2734//2734 2732//2732
f 2720//2720 2732//2732 2499//2499
f 2499//2499 2732//2732 2731//2731
f 2499//2499 2731//2731 2534//2534
f 2534//2534 2731//2731 2730//2730
f 2534//2534 2730//2730 2532//2532
f 2490//2490 2888//2888 2491//2491
f 2491//2491 2888//2888 2889//2889
f 2888//2888 2490//2490 2895//2895
f 2895//2895 2490//2490 2488//2488
f 2895//2895 2488//2488 2894//2894
f 2894//2894 2488//2488 2487//2487
f 2894//2894 2487//2487 2887//2887
f 2887//2887 2487//2487 2482//2482
f 2576//2576 2470//2470 2897//2897
f 2897//2897 2470//2470 2493//2493
f 2897//2897 2493//2493 2896//2896
f 2896//2896 2493//2493 2492//2492
f 2896//2896 2492//2492 2889//2889
f 2889//2889 2492//2492 2491//2491
f 2486//2486 2886//2886 2482//2482
f 2482//2482 2886//2886 2887//2887
f 2610//2610 2439//2439 2576//2576
f 2576//2576 2439//2439 2470//2470
f 2481//2481 2226//2226 2891//2891
f 2481//2481 2891//2891 2484//2484
f 2484//2484 2891//2891 2890//2890
f 2484//2484 2890//2890 2485//2485
f 2485//2485 2890//2890 2886//2886
f 2485//2485 2886//2886 2486//2486
f 2598//2598 2468//2468 2466//2466
f 2598//2598 2466//2466 2592//2592
f 2592//2592 2466//2466 2464//2464
f 2592//2592 2464//2464 2594//2594
f 2594//2594 2464//2464 2462//2462
f 2594//2594 2462//2462 2595//2595
f 2595//2595 2462//2462 2460//2460
f 2595//2595 2460//2460 2589//2589
f 2589//2589 2460//2460 2458//2458
f 2589//2589 2458//2458 2590//2590
f 2590//2590 2458//2458 2456//2456
f 2590//2590 2456//2456 2582//2582
f 2582//2582 2456//2456 2454//2454
f 2582//2582 2454//2454 2584//2584
f 2584//2584 2454//2454 2452//2452
f 2584//2584 2452//2452 2585//2585
f 2585//2585 2452//2452 2450//2450
f 2585//2585 2450//2450 2566//2566
f 2566//2566 2450//2450 2448//2448
f 2566//2566 2448//2448 2568//2568
f 2568//2568 2448//2448 2446//2446
f 2568//2568 2446//2446 2603//2603
f 2603//2603 2446//2446 2444//2444
f 2603//2603 2444//2444 2604//2604
f 2604//2604 2444//2444 2442//2442
f 2604//2604 2442//2442 2606//2606
f 2606//2606 2442//2442 2435//2435
f 2606//2606 2435//2435 2608//2608
f 2608//2608 2435//2435 2439//2439
f 2608//2608 2439//2439 2610//2610
f 2475//2475 2224//2224 2481//2481
f 2481//2481 2224//2224 2226//2226
f 2468//2468 2598//2598 2652//2652
f 2652//2652 2598//2598 2597//2597
f 2652//2652 2597//2597 2650//2650
f 2650//2650 2597//2597 2602//2602
f 2650//2650 2602//2602 2648//2648
f 2648//2648 2602//2602 2601//2601
f 2648//2648 2601//2601 2234//2234
f 2234//2234 2601//2601 2600//2600
f 2224//2224 2475//2475 2892//2892
f 2892//2892 2475//2475 2474//2474
f 2892//2892 2474//2474 2893//2893
f 2893//2893 2474//2474 2473//2473
f 2893//2893 2473//2473 2509//2509
f 2509//2509 2473//2473 2472//2472
f 2599//2599 2232//2232 2600//2600
f 2600//2600 2232//2232 2234//2234
f 2381//2381 2510//2510 2472//2472
f 2472//2472 2510//2510 2509//2509
f 2232//2232 2599//2599 2658//2658
f 2658//2658 2599//2599 2580//2580
f 2658//2658 2580//2580 2656//2656
f 2656//2656 2580//2580 2579//2579
f 2656//2656 2579//2579 2654//2654
f 2654//2654 2579//2579 2571//2571
f 2654//2654 2571//2571 2126//2126
f 2126//2126 2571//2571 2570//2570
f 2510//2510 2381//2381 2380//2380
f 2510//2510 2380//2380 2507//2507
f 2507//2507 2380//2380 2398//2398
f 2507//2507 2398//2398 2527//2527
f 2527//2527 2398//2398 2400//2400
f 2527//2527 2400//2400 2528//2528
f 2528//2528 2400//2400 2402//2402
f 2528//2528 2402//2402 2530//2530
f 2530//2530 2402//2402 2404//2404
f 2530//2530 2404//2404 2531//2531
f 2531//2531 2404//2404 2406//2406
f 2531//2531 2406//2406 2523//2523
f 2523//2523 2406//2406 2408//2408
f 2523//2523 2408//2408 2525//2525
f 2525//2525 2408//2408 2410//2410
f 2525//2525 2410//2410 2526//2526
f 2526//2526 2410//2410 2412//2412
f 2526//2526 2412//2412 2520//2520
f 2520//2520 2412//2412 2414//2414
f 2520//2520 2414//2414 2521//2521
f 2521//2521 2414//2414 2416//2416
f 2521//2521 2416//2416 2501//2501
f 2501//2501 2416//2416 2418//2418
f 2501//2501 2418//2418 2503//2503
f 2503//2503 2418//2418 2420//2420
f 2503//2503 2420//2420 2542//2542
f 2542//2542 2420//2420 2422//2422
f 2542//2542 2422//2422 2543//2543
f 2543//2543 2422//2422 2424//2424
f 2543//2543 2424//2424 2545//2545
f 2561//2561 2109//2109 2111//2111
f 2126//2126 2570//2570 2587//2587
f 2561//2561 2111//2111 2614//2614
f 2614//2614 2111//2111 2113//2113
f 2614//2614 2113//2113 2615//2615
f 2113//2113 2115//2115 2615//2615
f 2615//2615 2115//2115 2117//2117
f 2615//2615 2117//2117 2617//2617
f 2117//2117 2118//2118 2617//2617
f 2617//2617 2118//2118 2120//2120
f 2617//2617 2120//2120 2587//2587
f 2587//2587 2120//2120 2123//2123
f 2587//2587 2123//2123 2126//2126
f 2228//2228 2547//2547 2643//2643
f 2643//2643 2547//2547 2541//2541
f 2643//2643 2541//2541 2645//2645
f 2645//2645 2541//2541 2539//2539
f 2645//2645 2539//2539 2647//2647
f 2647//2647 2539//2539 2546//2546
f 2647//2647 2546//2546 2424//2424
f 2424//2424 2546//2546 2545//2545
f 2716//2716 2093//2093 2748//2748
f 2748//2748 2093//2093 2092//2092
f 2748//2748 2092//2092 2749//2749
f 2749//2749 2092//2092 2104//2104
f 2749//2749 2104//2104 2750//2750
f 2104//2104 2103//2103 2750//2750
f 2750//2750 2103//2103 2101//2101
f 2750//2750 2101//2101 2736//2736
f 2736//2736 2101//2101 2100//2100
f 2736//2736 2100//2100 2737//2737
f 2737//2737 2100//2100 2099//2099
f 2737//2737 2099//2099 2739//2739
f 2739//2739 2099//2099 2098//2098
f 2739//2739 2098//2098 2747//2747
f 2109//2109 2561//2561 2107//2107
f 2107//2107 2561//2561 2747//2747
f 2107//2107 2747//2747 2105//2105
f 2105//2105 2747//2747 2098//2098
f 2230//2230 2548//2548 2228//2228
f 2228//2228 2548//2548 2547//2547
f 2717//2717 2088//2088 2716//2716
f 2716//2716 2088//2088 2093//2093
f 2146//2146 2536//2536 2637//2637
f 2637//2637 2536//2536 2535//2535
f 2637//2637 2535//2535 2639//2639
f 2639//2639 2535//2535 2533//2533
f 2639//2639 2533//2533 2641//2641
f 2641//2641 2533//2533 2549//2549
f 2641//2641 2549//2549 2230//2230
f 2230//2230 2549//2549 2548//2548
f 2516//2516 2160//2160 2158//2158
f 2516//2516 2158//2158 2759//2759
f 2759//2759 2158//2158 2156//2156
f 2759//2759 2156//2156 2757//2757
f 2757//2757 2156//2156 2155//2155
f 2757//2757 2155//2155 2755//2755
f 2755//2755 2155//2155 2152//2152
f 2755//2755 2152//2152 2753//2753
f 2088//2088 2717//2717 2089//2089
f 2089//2089 2717//2717 2763//2763
f 2089//2089 2763//2763 2094//2094
f 2094//2094 2763//2763 2764//2764
f 2094//2094 2764//2764 2095//2095
f 2095//2095 2764//2764 2765//2765
f 2095//2095 2765//2765 2154//2154
f 2154//2154 2765//2765 2753//2753
f 2154//2154 2753//2753 2151//2151
f 2151//2151 2753//2753 2152//2152
f 2162//2162 2160//2160 2514//2514
f 2514//2514 2160//2160 2516//2516
f 2551//2551 2537//2537 2148//2148
f 2148//2148 2537//2537 2536//2536
f 2148//2148 2536//2536 2146//2146
f 2148//2148 2171//2171 2551//2551
f 2551//2551 2171//2171 2170//2170
f 2551//2551 2170//2170 2512//2512
f 2170//2170 2168//2168 2512//2512
f 2512//2512 2168//2168 2166//2166
f 2512//2512 2166//2166 2514//2514
f 2514//2514 2166//2166 2164//2164
f 2514//2514 2164//2164 2162//2162
f 2898//2898 2899//2899 2900//2900
f 2898//2898 2901//2901 2899//2899
f 2899//2899 2901//2901 2902//2902
f 2899//2899 2902//2902 2903//2903
f 2902//2902 2904//2904 2903//2903
f 2903//2903 2904//2904 2905//2905
f 2903//2903 2905//2905 2906//2906
f 2905//2905 2907//2907 2906//2906
f 2906//2906 2907//2907 2908//2908
f 2906//2906 2908//2908 2909//2909
f 2908//2908 2910//2910 2909//2909
f 2909//2909 2910//2910 2911//2911
f 2909//2909 2911//2911 2912//2912
f 2911//2911 2913//2913 2912//2912
f 2912//2912 2913//2913 2914//2914
f 2912//2912 2914//2914 2915//2915
f 2914//2914 2916//2916 2915//2915
f 2915//2915 2916//2916 2917//2917
f 2915//2915 2917//2917 2918//2918
f 2917//2917 2919//2919 2918//2918
f 2918//2918 2919//2919 2920//2920
f 2918//2918 2920//2920 2921//2921
f 2920//2920 2922//2922 2921//2921
f 2921//2921 2922//2922 2923//2923
f 2921//2921 2923//2923 2924//2924
f 2923//2923 2925//2925 2924//2924
f 2924//2924 2925//2925 2926//2926
f 2924//2924 2926//2926 2927//2927
f 2926//2926 2928//2928 2927//2927
f 2927//2927 2928//2928 2929//2929
f 2927//2927 2929//2929 2930//2930
f 2929//2929 2931//2931 2930//2930
f 2930//2930 2931//2931 2932//2932
f 2930//2930 2932//2932 2900//2900
f 2900//2900 2932//2932 2933//2933
f 2900//2900 2933//2933 2898//2898
f 2934//2934 2935//2935 2936//2936
f 2934//2934 2937//2937 2935//2935
f 2935//2935 2937//2937 2938//2938
f 2935//2935 2938//2938 2939//2939
f 2938//2938 2940//2940 2939//2939
f 2939//2939 2940//2940 2941//2941
f 2939//2939 2941//2941 2942//2942
f 2941//2941 2943//2943 2942//2942
f 2942//2942 2943//2943 2944//2944
f 2942//2942 2944//2944 2945//2945
f 2944//2944 2946//2946 2945//2945
f 2945//2945 2946//2946 2947//2947
f 2945//2945 2947//2947 2948//2948
f 2947//2947 2949//2949 2948//2948
f 2948//2948 2949//2949 2950//2950
f 2948//2948 2950//2950 2951//2951
f 2950//2950 2952//2952 2951//2951
f 2951//2951 2952//2952 2953//2953
f 2951//2951 2953//2953 2954//2954
f 2953//2953 2955//2955 2954//2954
f 2954//2954 2955//2955 2956//2956
f 2954//2954 2956//2956 2957//2957
f 2956//2956 2958//2958 2957//2957
f 2957//2957 2958//2958 2959//2959
f 2957//2957 2959//2959 2960//2960
f 2959//2959 2961//2961 2960//2960
f 2960//2960 2961//2961 2962//2962
f 2960//2960 2962//2962 2963//2963
f 2962//2962 2964//2964 2963//2963
f 2963//2963 2964//2964 2965//2965
f 2963//2963 2965//2965 2966//2966
f 2965//2965 2967//2967 2966//2966
f 2966//2966 2967//2967 2968//2968
f 2966//2966 2968//2968 2936//2936
f 2936//2936 2968//2968 2969//2969
f 2936//2936 2969//2969 2934//2934
f 2970//2970 2971//2971 2972//2972
f 2970//2970 2972//2972 2973//2973
f 2973//2973 2972//2972 2974//2974
f 2973//2973 2974//2974 2975//2975
f 2975//2975 2974//2974 2976//2976
f 2975//2975 2976//2976 2977//2977
f 2977//2977 2976//2976 2978//2978
f 2977//2977 2978//2978 2979//2979
f 2979//2979 2978//2978 2980//2980
f 2979//2979 2980//2980 2981//2981
f 2981//2981 2980//2980 2982//2982
f 2981//2981 2982//2982 2983//2983
f 2984//2984 2985//2985 2986//2986
f 2986//2986 2985//2985 2987//2987
f 2988//2988 2989//2989 2990//2990
f 2988//2988 2990//2990 2991//2991
f 2991//2991 2990//2990 2992//2992
f 2991//2991 2992//2992 2993//2993
f 2993//2993 2992//2992 2994//2994
f 2993//2993 2994//2994 2995//2995
f 2995//2995 2994//2994 2996//2996
f 2995//2995 2996//2996 2997//2997
f 2997//2997 2996//2996 2998//2998
f 2997//2997 2998//2998 2999//2999
f 2999//2999 2998//2998 3000//3000
f 2999//2999 3000//3000 3001//3001
f 3001//3001 3000//3000 3002//3002
f 3001//3001 3002//3002 3003//3003
f 3004//3004 3005//3005 3006//3006
f 3004//3004 3006//3006 3007//3007
f 3008//3008 3009//3009 3010//3010
f 3011//3011 3012//3012 3013//3013
f 3007//3007 3014//3014 3015//3015
f 3011//3011 3013//3013 3006//3006
f 3016//3016 3017//3017 3018//3018
f 3018//3018 3017//3017 3019//3019
f 3018//3018 3019//3019 3020//3020
f 3021//3021 3022//3022 3023//3023
f 3023//3023 3022//3022 3024//3024
f 3023//3023 3024//3024 3025//3025
f 3025//3025 3024//3024 3026//3026
f 3025//3025 3026//3026 3027//3027
f 3027//3027 3026//3026 3028//3028
f 3027//3027 3028//3028 3029//3029
f 3029//3029 3028//3028 3030//3030
f 3029//3029 3030//3030 3031//3031
f 3031//3031 3030//3030 3032//3032
f 3031//3031 3032//3032 3016//3016
f 3016//3016 3032//3032 3033//3033
f 3016//3016 3033//3033 3017//3017
f 3008//3008 3010//3010 3034//3034
f 3013//3013 3035//3035 3006//3006
f 3006//3006 3035//3035 3036//3036
f 3006//3006 3036//3036 3037//3037
f 3038//3038 3039//3039 3018//3018
f 3018//3018 3039//3039 3040//3040
f 3018//3018 3040//3040 3041//3041
f 3041//3041 3040//3040 3042//3042
f 3041//3041 3042//3042 3009//3009
f 3009//3009 3042//3042 3043//3043
f 3009//3009 3043//3043 3010//3010
f 3007//3007 3015//3015 3023//3023
f 3023//3023 3015//3015 3044//3044
f 3023//3023 3044//3044 3021//3021
f 3010//3010 3045//3045 3034//3034
f 3034//3034 3045//3045 3046//3046
f 3034//3034 3046//3046 3011//3011
f 3011//3011 3046//3046 3047//3047
f 3011//3011 3047//3047 3012//3012
f 3037//3037 3038//3038 3006//3006
f 3006//3006 3038//3038 3018//3018
f 3006//3006 3018//3018 3007//3007
f 3007//3007 3018//3018 3020//3020
f 3007//3007 3020//3020 3014//3014
f 3048//3048 3049//3049 3050//3050
f 3048//3048 3050//3050 3051//3051
f 3051//3051 3050//3050 3052//3052
f 3051//3051 3052//3052 3053//3053
f 3053//3053 3052//3052 3054//3054
f 3053//3053 3054//3054 3055//3055
f 3055//3055 3054//3054 3056//3056
f 3055//3055 3056//3056 3057//3057
f 3057//3057 3056//3056 3058//3058
f 3057//3057 3058//3058 3059//3059
f 3059//3059 3058//3058 3060//3060
f 3059//3059 3060//3060 3061//3061
f 3062//3062 3063//3063 3064//3064
f 3064//3064 3063//3063 3065//3065
f 3065//3065 3066//3066 3064//3064
f 3064//3064 3066//3066 3067//3067
f 3064//3064 3067//3067 3068//3068
f 3065//3065 3063//3063 3069//3069
f 3069//3069 3063//3063 3070//3070
f 3069//3069 3070//3070 3071//3071
f 3071//3071 3070//3070 3072//3072
f 3071//3071 3072//3072 3073//3073
f 3073//3073 3072//3072 3074//3074
f 3074//3074 3072//3072 3075//3075
f 3074//3074 3075//3075 3076//3076
f 3076//3076 3075//3075 3077//3077
f 3076//3076 3077//3077 3078//3078
f 3016//3016 3018//3018 3079//3079
f 3079//3079 3018//3018 3080//3080
f 3079//3079 3080//3080 3081//3081
f 3081//3081 3080//3080 3082//3082
f 3081//3081 3082//3082 3083//3083
f 3083//3083 3082//3082 3084//3084
f 3083//3083 3084//3084 3085//3085
f 3085//3085 3084//3084 3086//3086
f 3085//3085 3086//3086 3087//3087
f 3087//3087 3086//3086 3088//3088
f 3087//3087 3088//3088 3089//3089
f 3089//3089 3088//3088 3090//3090
f 3089//3089 3090//3090 3091//3091
f 3091//3091 3090//3090 3092//3092
f 3093//3093 3094//3094 3095//3095
f 3095//3095 3094//3094 3005//3005
f 3095//3095 3005//3005 3096//3096
f 3096//3096 3005//3005 3004//3004
f 3096//3096 3004//3004 3097//3097
f 3097//3097 3004//3004 3098//3098
f 3099//3099 3100//3100 3101//3101
f 3102//3102 3103//3103 3101//3101
f 3101//3101 3103//3103 3104//3104
f 3105//3105 3106//3106 3107//3107
f 3108//3108 3064//3064 3068//3068
f 3109//3109 3110//3110 3102//3102
f 3111//3111 3112//3112 3068//3068
f 3068//3068 3112//3112 3102//3102
f 3068//3068 3102//3102 3108//3108
f 3108//3108 3102//3102 3110//3110
f 3113//3113 3114//3114 3115//3115
f 3116//3116 3117//3117 3118//3118
f 3100//3100 3119//3119 3101//3101
f 3101//3101 3119//3119 3120//3120
f 3101//3101 3120//3120 3102//3102
f 3102//3102 3120//3120 3121//3121
f 3102//3102 3121//3121 3109//3109
f 3122//3122 3123//3123 3124//3124
f 3123//3123 3125//3125 3124//3124
f 3124//3124 3125//3125 3126//3126
f 3124//3124 3126//3126 3127//3127
f 3126//3126 3128//3128 3127//3127
f 3127//3127 3128//3128 3129//3129
f 3127//3127 3129//3129 3130//3130
f 3130//3130 3129//3129 3099//3099
f 3130//3130 3099//3099 3131//3131
f 3131//3131 3099//3099 3101//3101
f 3132//3132 3105//3105 3133//3133
f 3133//3133 3105//3105 3107//3107
f 3133//3133 3107//3107 3134//3134
f 3134//3134 3107//3107 3116//3116
f 3134//3134 3116//3116 3135//3135
f 3135//3135 3116//3116 3118//3118
f 3136//3136 3137//3137 3104//3104
f 3104//3104 3137//3137 3138//3138
f 3124//3124 3113//3113 3122//3122
f 3122//3122 3113//3113 3115//3115
f 3122//3122 3115//3115 3139//3139
f 3139//3139 3115//3115 3108//3108
f 3139//3139 3108//3108 3140//3140
f 3140//3140 3108//3108 3110//3110
f 3117//3117 3141//3141 3118//3118
f 3118//3118 3141//3141 3142//3142
f 3118//3118 3142//3142 3143//3143
f 3138//3138 3144//3144 3104//3104
f 3104//3104 3144//3144 3145//3145
f 3104//3104 3145//3145 3101//3101
f 3101//3101 3145//3145 3146//3146
f 3101//3101 3146//3146 3147//3147
f 3142//3142 3148//3148 3143//3143
f 3143//3143 3148//3148 3149//3149
f 3143//3143 3149//3149 3150//3150
f 3150//3150 3149//3149 3137//3137
f 3150//3150 3137//3137 3151//3151
f 3151//3151 3137//3137 3136//3136
f 3152//3152 3101//3101 3153//3153
f 3153//3153 3101//3101 3147//3147
f 3153//3153 3147//3147 3105//3105
f 3105//3105 3147//3147 3154//3154
f 3105//3105 3154//3154 3106//3106
f 3091//3091 3092//3092 3155//3155
f 3156//3156 3157//3157 3158//3158
f 3159//3159 3160//3160 3161//3161
f 3162//3162 3163//3163 3161//3161
f 3161//3161 3163//3163 3164//3164
f 3161//3161 3164//3164 3159//3159
f 3160//3160 3165//3165 3161//3161
f 3161//3161 3165//3165 3166//3166
f 3161//3161 3166//3166 3167//3167
f 3167//3167 3166//3166 3168//3168
f 3167//3167 3168//3168 3169//3169
f 3169//3169 3170//3170 3167//3167
f 3167//3167 3170//3170 3171//3171
f 3167//3167 3171//3171 3172//3172
f 3173//3173 3174//3174 3175//3175
f 3175//3175 3174//3174 3176//3176
f 3175//3175 3176//3176 3162//3162
f 3162//3162 3176//3176 3177//3177
f 3162//3162 3177//3177 3163//3163
f 3158//3158 3157//3157 3178//3178
f 3178//3178 3157//3157 3179//3179
f 3179//3179 3157//3157 3180//3180
f 3179//3179 3180//3180 3181//3181
f 3182//3182 3183//3183 3184//3184
f 3184//3184 3183//3183 3185//3185
f 3173//3173 3175//3175 3182//3182
f 3182//3182 3175//3175 3186//3186
f 3182//3182 3186//3186 3183//3183
f 3171//3171 3187//3187 3172//3172
f 3172//3172 3187//3187 3188//3188
f 3172//3172 3188//3188 3158//3158
f 3158//3158 3188//3188 3189//3189
f 3158//3158 3189//3189 3156//3156
f 3181//3181 3185//3185 3179//3179
f 3179//3179 3185//3185 3183//3183
f 3179//3179 3183//3183 3190//3190
f 3190//3190 3183//3183 3191//3191
f 3190//3190 3191//3191 3155//3155
f 3155//3155 3191//3191 3192//3192
f 3155//3155 3192//3192 3091//3091
f 3193//3193 3194//3194 3098//3098
f 3098//3098 3194//3194 3097//3097
f 3098//3098 2971//2971 3193//3193
f 3193//3193 2971//2971 2970//2970
f 3193//3193 2970//2970 3195//3195
f 3195//3195 2970//2970 3196//3196
f 3077//3077 3197//3197 2970//2970
f 2970//2970 3197//3197 3198//3198
f 2970//2970 3198//3198 3196//3196
f 3062//3062 3199//3199 3063//3063
f 3063//3063 3199//3199 3200//3200
f 3063//3063 3200//3200 3070//3070
f 3070//3070 3200//3200 3201//3201
f 3070//3070 3201//3201 3072//3072
f 3072//3072 3201//3201 3202//3202
f 3072//3072 3202//3202 3075//3075
f 3075//3075 3202//3202 3203//3203
f 3075//3075 3203//3203 3077//3077
f 3077//3077 3203//3203 3204//3204
f 3077//3077 3204//3204 3197//3197
f 3066//3066 3205//3205 3206//3206
f 3207//3207 3208//3208 3209//3209
f 3210//3210 3211//3211 3066//3066
f 3066//3066 3211//3211 3212//3212
f 3066//3066 3212//3212 3205//3205
f 3213//3213 3067//3067 3214//3214
f 3215//3215 3216//3216 3209//3209
f 3209//3209 3216//3216 3217//3217
f 3209//3209 3217//3217 3207//3207
f 3206//3206 3218//3218 3066//3066
f 3066//3066 3218//3218 3219//3219
f 3066//3066 3219//3219 3067//3067
f 3067//3067 3219//3219 3220//3220
f 3067//3067 3220//3220 3214//3214
f 3214//3214 3221//3221 3213//3213
f 3213//3213 3221//3221 3222//3222
f 3213//3213 3222//3222 3223//3223
f 3223//3223 3222//3222 3224//3224
f 3207//3207 3225//3225 3208//3208
f 3208//3208 3225//3225 3226//3226
f 3208//3208 3226//3226 3224//3224
f 3224//3224 3226//3226 3227//3227
f 3224//3224 3227//3227 3223//3223
f 3212//3212 3228//3228 3205//3205
f 3205//3205 3228//3228 3229//3229
f 3205//3205 3229//3229 3230//3230
f 3230//3230 3231//3231 3205//3205
f 3205//3205 3231//3231 3232//3232
f 3205//3205 3232//3232 3233//3233
f 3233//3233 3232//3232 3234//3234
f 3233//3233 3234//3234 3235//3235
f 3235//3235 3234//3234 3236//3236
f 3235//3235 3236//3236 3215//3215
f 3215//3215 3236//3236 3237//3237
f 3215//3215 3237//3237 3216//3216
f 3238//3238 3239//3239 3240//3240
f 3240//3240 3239//3239 3241//3241
f 3240//3240 3241//3241 3242//3242
f 3243//3243 3244//3244 3245//3245
f 3246//3246 3247//3247 3248//3248
f 3248//3248 3247//3247 3249//3249
f 3249//3249 3247//3247 3250//3250
f 3249//3249 3250//3250 3251//3251
f 3251//3251 3250//3250 3252//3252
f 3251//3251 3252//3252 3253//3253
f 3253//3253 3252//3252 3254//3254
f 3254//3254 3252//3252 3255//3255
f 3254//3254 3255//3255 3256//3256
f 3256//3256 3255//3255 3257//3257
f 3257//3257 3255//3255 3258//3258
f 3257//3257 3258//3258 3259//3259
f 3259//3259 3258//3258 3260//3260
f 3260//3260 3258//3258 3261//3261
f 3260//3260 3261//3261 3262//3262
f 3262//3262 3261//3261 3263//3263
f 3262//3262 3263//3263 3264//3264
f 3248//3248 3265//3265 3246//3246
f 3246//3246 3265//3265 3266//3266
f 3246//3246 3266//3266 3245//3245
f 3245//3245 3266//3266 3267//3267
f 3245//3245 3267//3267 3243//3243
f 3263//3263 3268//3268 3264//3264
f 3264//3264 3268//3268 3269//3269
f 3264//3264 3269//3269 3240//3240
f 3240//3240 3269//3269 3270//3270
f 3240//3240 3270//3270 3271//3271
f 3244//3244 3238//3238 3245//3245
f 3245//3245 3238//3238 3240//3240
f 3245//3245 3240//3240 3272//3272
f 3272//3272 3240//3240 3271//3271
f 3049//3049 3048//3048 3094//3094
f 3093//3093 3273//3273 3094//3094
f 3094//3094 3273//3273 3274//3274
f 3094//3094 3274//3274 3049//3049
f 3049//3049 3274//3274 3275//3275
f 3049//3049 3275//3275 3276//3276
f 3277//3277 3278//3278 3279//3279
f 3279//3279 3278//3278 3280//3280
f 3279//3279 3280//3280 3281//3281
f 3281//3281 3280//3280 3282//3282
f 3281//3281 3282//3282 3283//3283
f 3283//3283 3282//3282 3284//3284
f 3283//3283 3284//3284 3285//3285
f 3285//3285 3284//3284 3286//3286
f 3285//3285 3286//3286 3287//3287
f 3287//3287 3286//3286 3288//3288
f 3287//3287 3288//3288 3289//3289
f 3289//3289 3288//3288 3049//3049
f 3289//3289 3049//3049 3290//3290
f 3290//3290 3049//3049 3276//3276
f 3291//3291 3292//3292 3293//3293
f 3293//3293 3292//3292 3294//3294
f 3288//3288 3295//3295 3296//3296
f 3297//3297 3298//3298 3299//3299
f 3299//3299 3298//3298 3300//3300
f 3299//3299 3300//3300 3301//3301
f 3288//3288 3296//3296 3049//3049
f 3302//3302 3303//3303 3297//3297
f 3297//3297 3303//3303 3304//3304
f 3297//3297 3304//3304 3298//3298
f 3288//3288 3305//3305 3306//3306
f 3307//3307 3292//3292 3308//3308
f 3308//3308 3292//3292 3060//3060
f 3308//3308 3060//3060 3058//3058
f 3300//3300 3309//3309 3301//3301
f 3301//3301 3309//3309 3310//3310
f 3301//3301 3310//3310 3311//3311
f 3311//3311 3310//3310 3312//3312
f 3311//3311 3312//3312 3313//3313
f 3313//3313 3312//3312 3314//3314
f 3313//3313 3314//3314 3315//3315
f 3315//3315 3314//3314 3294//3294
f 3315//3315 3294//3294 3316//3316
f 3316//3316 3294//3294 3292//3292
f 3316//3316 3292//3292 3317//3317
f 3317//3317 3292//3292 3307//3307
f 3295//3295 3288//3288 3318//3318
f 3318//3318 3288//3288 3306//3306
f 3318//3318 3306//3306 3302//3302
f 3302//3302 3306//3306 3319//3319
f 3302//3302 3319//3319 3303//3303
f 3058//3058 3056//3056 3308//3308
f 3308//3308 3056//3056 3054//3054
f 3308//3308 3054//3054 3320//3320
f 3320//3320 3054//3054 3052//3052
f 3320//3320 3052//3052 3321//3321
f 3321//3321 3052//3052 3050//3050
f 3321//3321 3050//3050 3322//3322
f 3322//3322 3050//3050 3049//3049
f 3322//3322 3049//3049 3323//3323
f 3323//3323 3049//3049 3296//3296
f 3324//3324 3325//3325 2970//2970
f 2970//2970 3325//3325 3326//3326
f 2970//2970 3326//3326 3077//3077
f 3327//3327 3328//3328 3329//3329
f 3329//3329 3328//3328 3330//3330
f 3331//3331 3332//3332 3333//3333
f 3333//3333 3332//3332 3334//3334
f 3326//3326 3335//3335 3077//3077
f 3077//3077 3335//3335 3336//3336
f 3077//3077 3336//3336 3078//3078
f 3078//3078 3336//3336 3333//3333
f 3078//3078 3333//3333 3337//3337
f 3337//3337 3333//3333 3334//3334
f 3338//3338 3339//3339 3340//3340
f 3340//3340 3339//3339 3341//3341
f 3340//3340 3341//3341 3342//3342
f 3341//3341 3343//3343 3342//3342
f 3342//3342 3343//3343 3344//3344
f 3342//3342 3344//3344 3345//3345
f 3345//3345 3344//3344 3346//3346
f 3345//3345 3346//3346 3331//3331
f 3331//3331 3346//3346 3347//3347
f 3331//3331 3347//3347 3332//3332
f 3338//3338 3348//3348 3339//3339
f 3339//3339 3348//3348 3329//3329
f 3339//3339 3329//3329 3349//3349
f 3349//3349 3329//3329 3330//3330
f 2970//2970 2973//2973 3324//3324
f 3324//3324 2973//2973 2975//2975
f 3324//3324 2975//2975 3350//3350
f 3350//3350 2975//2975 2977//2977
f 3350//3350 2977//2977 3351//3351
f 2977//2977 2979//2979 3351//3351
f 3351//3351 2979//2979 2981//2981
f 3351//3351 2981//2981 3352//3352
f 3352//3352 2981//2981 2983//2983
f 3352//3352 2983//2983 3353//3353
f 3353//3353 2983//2983 3329//3329
f 3353//3353 3329//3329 3354//3354
f 3354//3354 3329//3329 3348//3348
f 3264//3264 3240//3240 3355//3355
f 3102//3102 3264//3264 3103//3103
f 3103//3103 3264//3264 3355//3355
f 3103//3103 3355//3355 3278//3278
f 3278//3278 3355//3355 3280//3280
f 3007//3007 3356//3356 3004//3004
f 3004//3004 3356//3356 3357//3357
f 3357//3357 3358//3358 3004//3004
f 3004//3004 3358//3358 2988//2988
f 3004//3004 2988//2988 2991//2991
f 3001//3001 3003//3003 2985//2985
f 2985//2985 3003//3003 3359//3359
f 2985//2985 3359//3359 2987//2987
f 3360//3360 2985//2985 3361//3361
f 3361//3361 2985//2985 2982//2982
f 3361//3361 2982//2982 2980//2980
f 2991//2991 2993//2993 3004//3004
f 3004//3004 2993//2993 2995//2995
f 3004//3004 2995//2995 2997//2997
f 3004//3004 3362//3362 3098//3098
f 3098//3098 3362//3362 3363//3363
f 3363//3363 3364//3364 3098//3098
f 3098//3098 3364//3364 3365//3365
f 3098//3098 3365//3365 2971//2971
f 3366//3366 3367//3367 3368//3368
f 3368//3368 3367//3367 2987//2987
f 3368//3368 2987//2987 3369//3369
f 3369//3369 2987//2987 3359//3359
f 3370//3370 2997//2997 3371//3371
f 3371//3371 2997//2997 2999//2999
f 3371//3371 2999//2999 3372//3372
f 3372//3372 2999//2999 3001//3001
f 3372//3372 3001//3001 3373//3373
f 3373//3373 3001//3001 2985//2985
f 3373//3373 2985//2985 3374//3374
f 3374//3374 2985//2985 3360//3360
f 3370//3370 3375//3375 2997//2997
f 2997//2997 3375//3375 3376//3376
f 2997//2997 3376//3376 3004//3004
f 3004//3004 3376//3376 3377//3377
f 3004//3004 3377//3377 3362//3362
f 2980//2980 2978//2978 3361//3361
f 3361//3361 2978//2978 2976//2976
f 3361//3361 2976//2976 3378//3378
f 3378//3378 2976//2976 2974//2974
f 3378//3378 2974//2974 3379//3379
f 3379//3379 2974//2974 2972//2972
f 3379//3379 2972//2972 3380//3380
f 3380//3380 2972//2972 2971//2971
f 3380//3380 2971//2971 3381//3381
f 3381//3381 2971//2971 3365//3365
f 3382//3382 3383//3383 3384//3384
f 3385//3385 3386//3386 3387//3387
f 3382//3382 3384//3384 3388//3388
f 3389//3389 3390//3390 3005//3005
f 3005//3005 3390//3390 3391//3391
f 3005//3005 3391//3391 3006//3006
f 3392//3392 3393//3393 3394//3394
f 3395//3395 3005//3005 3396//3396
f 3396//3396 3005//3005 3383//3383
f 3395//3395 3397//3397 3005//3005
f 3005//3005 3397//3397 3398//3398
f 3005//3005 3398//3398 3389//3389
f 3399//3399 3094//3094 3400//3400
f 3400//3400 3094//3094 3048//3048
f 3400//3400 3048//3048 3401//3401
f 3394//3394 3385//3385 3392//3392
f 3392//3392 3385//3385 3387//3387
f 3392//3392 3387//3387 3384//3384
f 3384//3384 3387//3387 3402//3402
f 3384//3384 3402//3402 3388//3388
f 3384//3384 3403//3403 3061//3061
f 3061//3061 3403//3403 3404//3404
f 3061//3061 3404//3404 3059//3059
f 3059//3059 3404//3404 3405//3405
f 3048//3048 3051//3051 3401//3401
f 3401//3401 3051//3051 3053//3053
f 3401//3401 3053//3053 3406//3406
f 3406//3406 3053//3053 3055//3055
f 3406//3406 3055//3055 3405//3405
f 3405//3405 3055//3055 3057//3057
f 3405//3405 3057//3057 3059//3059
f 3399//3399 3407//3407 3094//3094
f 3094//3094 3407//3407 3408//3408
f 3094//3094 3408//3408 3005//3005
f 3005//3005 3408//3408 3409//3409
f 3005//3005 3409//3409 3410//3410
f 3411//3411 3412//3412 3383//3383
f 3383//3383 3412//3412 3413//3413
f 3383//3383 3413//3413 3384//3384
f 3384//3384 3413//3413 3414//3414
f 3384//3384 3414//3414 3403//3403
f 3410//3410 3415//3415 3005//3005
f 3005//3005 3415//3415 3416//3416
f 3005//3005 3416//3416 3383//3383
f 3383//3383 3416//3416 3417//3417
f 3383//3383 3417//3417 3411//3411
f 3418//3418 3419//3419 3420//3420
f 3418//3418 3420//3420 3421//3421
f 3421//3421 3420//3420 3422//3422
f 3421//3421 3422//3422 3423//3423
f 3423//3423 3422//3422 3424//3424
f 3423//3423 3424//3424 3425//3425
f 3425//3425 3424//3424 3426//3426
f 3425//3425 3426//3426 3427//3427
f 3427//3427 3426//3426 3428//3428
f 3427//3427 3428//3428 3429//3429
f 3429//3429 3428//3428 3430//3430
f 3429//3429 3430//3430 3431//3431
f 3431//3431 3430//3430 3432//3432
f 3431//3431 3432//3432 3433//3433
f 3433//3433 3432//3432 3434//3434
f 3433//3433 3434//3434 3435//3435
f 3435//3435 3434//3434 3436//3436
f 3435//3435 3436//3436 3437//3437
f 3437//3437 3436//3436 3438//3438
f 3437//3437 3438//3438 3439//3439
f 3439//3439 3438//3438 3440//3440
f 3439//3439 3440//3440 3441//3441
f 3441//3441 3440//3440 3442//3442
f 3441//3441 3442//3442 3443//3443
f 3443//3443 3442//3442 3444//3444
f 3443//3443 3444//3444 3445//3445
f 3445//3445 3444//3444 3446//3446
f 3445//3445 3446//3446 3447//3447
f 3447//3447 3446//3446 3448//3448
f 3447//3447 3448//3448 3449//3449
f 3418//3418 3450//3450 3419//3419
f 3419//3419 3450//3450 3451//3451
f 3419//3419 3451//3451 3452//3452
f 3452//3452 3451//3451 3453//3453
f 3452//3452 3453//3453 3454//3454
f 3454//3454 3453//3453 3455//3455
f 3454//3454 3455//3455 3456//3456
f 3456//3456 3455//3455 3457//3457
f 3456//3456 3457//3457 3458//3458
f 3458//3458 3457//3457 3459//3459
f 3458//3458 3459//3459 3460//3460
f 3460//3460 3459//3459 3461//3461
f 3460//3460 3461//3461 3462//3462
f 3462//3462 3461//3461 3463//3463
f 3462//3462 3463//3463 3464//3464
f 3464//3464 3463//3463 3465//3465
f 3464//3464 3465//3465 3466//3466
f 3466//3466 3465//3465 3467//3467
f 3466//3466 3467//3467 3468//3468
f 3468//3468 3467//3467 3469//3469
f 3468//3468 3469//3469 3470//3470
f 3470//3470 3469//3469 3471//3471
f 3470//3470 3471//3471 3472//3472
f 3472//3472 3471//3471 3473//3473
f 3472//3472 3473//3473 3474//3474
f 3474//3474 3473//3473 3475//3475
f 3474//3474 3475//3475 3476//3476
f 3476//3476 3475//3475 3477//3477
f 3476//3476 3477//3477 3478//3478
f 3478//3478 3477//3477 3479//3479
f 3478//3478 3479//3479 3480//3480
f 3480//3480 3479//3479 3449//3449
f 3480//3480 3449//3449 3481//3481
f 3481//3481 3449//3449 3448//3448
f 3482//3482 3483//3483 3484//3484
f 3482//3482 3484//3484 3485//3485
f 3485//3485 3484//3484 3486//3486
f 3485//3485 3486//3486 3487//3487
f 3487//3487 3486//3486 3488//3488
f 3487//3487 3488//3488 3489//3489
f 3489//3489 3488//3488 3490//3490
f 3489//3489 3490//3490 3491//3491
f 3491//3491 3490//3490 3492//3492
f 3491//3491 3492//3492 3493//3493
f 3493//3493 3492//3492 3494//3494
f 3493//3493 3494//3494 3495//3495
f 3495//3495 3494//3494 3496//3496
f 3495//3495 3496//3496 3497//3497
f 3497//3497 3496//3496 3498//3498
f 3497//3497 3498//3498 3499//3499
f 3499//3499 3498//3498 3500//3500
f 3499//3499 3500//3500 3501//3501
f 3501//3501 3500//3500 3502//3502
f 3501//3501 3502//3502 3503//3503
f 3503//3503 3502//3502 3504//3504
f 3503//3503 3504//3504 3505//3505
f 3505//3505 3504//3504 3506//3506
f 3505//3505 3506//3506 3507//3507
f 3507//3507 3506//3506 3508//3508
f 3507//3507 3508//3508 3509//3509
f 3509//3509 3508//3508 3510//3510
f 3509//3509 3510//3510 3511//3511
f 3511//3511 3510//3510 3512//3512
f 3511//3511 3512//3512 3513//3513
f 3482//3482 3514//3514 3483//3483
f 3483//3483 3514//3514 3515//3515
f 3483//3483 3515//3515 3516//3516
f 3516//3516 3515//3515 3517//3517
f 3516//3516 3517//3517 3518//3518
f 3518//3518 3517//3517 3519//3519
f 3518//3518 3519//3519 3520//3520
f 3520//3520 3519//3519 3521//3521
f 3520//3520 3521//3521 3522//3522
f 3522//3522 3521//3521 3523//3523
f 3522//3522 3523//3523 3524//3524
f 3524//3524 3523//3523 3525//3525
f 3524//3524 3525//3525 3526//3526
f 3526//3526 3525//3525 3527//3527
f 3526//3526 3527//3527 3528//3528
f 3528//3528 3527//3527 3529//3529
f 3528//3528 3529//3529 3530//3530
f 3530//3530 3529//3529 3531//3531
f 3530//3530 3531//3531 3532//3532
f 3532//3532 3531//3531 3533//3533
f 3532//3532 3533//3533 3534//3534
f 3534//3534 3533//3533 3535//3535
f 3534//3534 3535//3535 3536//3536
f 3536//3536 3535//3535 3537//3537
f 3536//3536 3537//3537 3538//3538
f 3538//3538 3537//3537 3539//3539
f 3538//3538 3539//3539 3540//3540
f 3540//3540 3539//3539 3541//3541
f 3540//3540 3541//3541 3542//3542
f 3542//3542 3541//3541 3543//3543
f 3542//3542 3543//3543 3544//3544
f 3544//3544 3543//3543 3513//3513
f 3544//3544 3513//3513 3545//3545
f 3545//3545 3513//3513 3512//3512
f 3546//3546 3547//3547 3205//3205
f 3548//3548 3235//3235 3549//3549
f 3549//3549 3235//3235 3215//3215
f 3549//3549 3215//3215 3550//3550
f 3550//3550 3215//3215 3551//3551
f 3552//3552 3553//3553 3247//3247
f 3247//3247 3553//3553 3554//3554
f 3247//3247 3554//3554 3250//3250
f 3250//3250 3554//3554 3555//3555
f 3250//3250 3555//3555 3556//3556
f 3552//3552 3247//3247 3557//3557
f 3557//3557 3247//3247 3246//3246
f 3557//3557 3246//3246 3558//3558
f 3558//3558 3246//3246 3245//3245
f 3558//3558 3245//3245 3559//3559
f 3205//3205 3547//3547 3206//3206
f 3206//3206 3547//3547 3560//3560
f 3206//3206 3560//3560 3561//3561
f 3562//3562 3563//3563 3272//3272
f 3272//3272 3563//3563 3564//3564
f 3272//3272 3564//3564 3245//3245
f 3245//3245 3564//3564 3565//3565
f 3245//3245 3565//3565 3559//3559
f 3548//3548 3566//3566 3235//3235
f 3235//3235 3566//3566 3567//3567
f 3235//3235 3567//3567 3233//3233
f 3233//3233 3567//3567 3568//3568
f 3233//3233 3568//3568 3205//3205
f 3205//3205 3568//3568 3569//3569
f 3205//3205 3569//3569 3546//3546
f 3556//3556 3551//3551 3250//3250
f 3250//3250 3551//3551 3215//3215
f 3250//3250 3215//3215 3252//3252
f 3252//3252 3215//3215 3209//3209
f 3252//3252 3209//3209 3255//3255
f 3255//3255 3209//3209 3208//3208
f 3255//3255 3208//3208 3258//3258
f 3258//3258 3208//3208 3224//3224
f 3258//3258 3224//3224 3261//3261
f 3261//3261 3224//3224 3222//3222
f 3261//3261 3222//3222 3263//3263
f 3263//3263 3222//3222 3221//3221
f 3263//3263 3221//3221 3268//3268
f 3268//3268 3221//3221 3214//3214
f 3268//3268 3214//3214 3269//3269
f 3269//3269 3214//3214 3220//3220
f 3269//3269 3220//3220 3270//3270
f 3270//3270 3220//3220 3219//3219
f 3270//3270 3219//3219 3271//3271
f 3271//3271 3219//3219 3218//3218
f 3271//3271 3218//3218 3272//3272
f 3272//3272 3218//3218 3206//3206
f 3272//3272 3206//3206 3562//3562
f 3562//3562 3206//3206 3561//3561
f 3570//3570 3571//3571 3286//3286
f 3286//3286 3284//3284 3570//3570
f 3570//3570 3284//3284 3282//3282
f 3570//3570 3282//3282 3572//3572
f 3280//3280 3355//3355 3282//3282
f 3282//3282 3355//3355 3573//3573
f 3282//3282 3573//3573 3572//3572
f 3571//3571 3574//3574 3286//3286
f 3286//3286 3574//3574 3305//3305
f 3286//3286 3305//3305 3288//3288
f 3166//3166 3551//3551 3556//3556
f 3166//3166 3556//3556 3168//3168
f 3168//3168 3556//3556 3555//3555
f 3168//3168 3555//3555 3169//3169
f 3169//3169 3555//3555 3554//3554
f 3169//3169 3554//3554 3170//3170
f 3170//3170 3554//3554 3553//3553
f 3170//3170 3553//3553 3171//3171
f 3171//3171 3553//3553 3552//3552
f 3171//3171 3552//3552 3187//3187
f 3187//3187 3552//3552 3557//3557
f 3187//3187 3557//3557 3188//3188
f 3188//3188 3557//3557 3189//3189
f 3189//3189 3557//3557 3558//3558
f 3189//3189 3558//3558 3156//3156
f 3156//3156 3558//3558 3559//3559
f 3156//3156 3559//3559 3157//3157
f 3157//3157 3559//3559 3565//3565
f 3157//3157 3565//3565 3180//3180
f 3180//3180 3565//3565 3564//3564
f 3180//3180 3564//3564 3181//3181
f 3181//3181 3564//3564 3563//3563
f 3181//3181 3563//3563 3575//3575
f 3563//3563 3576//3576 3575//3575
f 3575//3575 3576//3576 3561//3561
f 3575//3575 3561//3561 3184//3184
f 3184//3184 3561//3561 3560//3560
f 3184//3184 3560//3560 3182//3182
f 3182//3182 3560//3560 3547//3547
f 3182//3182 3547//3547 3173//3173
f 3173//3173 3547//3547 3546//3546
f 3173//3173 3546//3546 3174//3174
f 3174//3174 3546//3546 3569//3569
f 3174//3174 3569//3569 3176//3176
f 3176//3176 3569//3569 3568//3568
f 3551//3551 3166//3166 3550//3550
f 3550//3550 3166//3166 3165//3165
f 3550//3550 3165//3165 3549//3549
f 3549//3549 3165//3165 3160//3160
f 3549//3549 3160//3160 3548//3548
f 3548//3548 3160//3160 3159//3159
f 3548//3548 3159//3159 3566//3566
f 3566//3566 3159//3159 3164//3164
f 3566//3566 3164//3164 3567//3567
f 3567//3567 3164//3164 3163//3163
f 3567//3567 3163//3163 3568//3568
f 3568//3568 3163//3163 3177//3177
f 3568//3568 3177//3177 3176//3176
f 3108//3108 3577//3577 3064//3064
f 3064//3064 3577//3577 3199//3199
f 3064//3064 3199//3199 3062//3062
f 3578//3578 3096//3096 3097//3097
f 3152//3152 3153//3153 3579//3579
f 3194//3194 3580//3580 3097//3097
f 3097//3097 3580//3580 3152//3152
f 3097//3097 3152//3152 3578//3578
f 3578//3578 3152//3152 3579//3579
f 3105//3105 3132//3132 3581//3581
f 3581//3581 3132//3132 3582//3582
f 3583//3583 3273//3273 3132//3132
f 3132//3132 3273//3273 3093//3093
f 3132//3132 3093//3093 3582//3582
f 3582//3582 3093//3093 3095//3095
f 3577//3577 3108//3108 3584//3584
f 3584//3584 3108//3108 3115//3115
f 3585//3585 3586//3586 3124//3124
f 3124//3124 3586//3586 3113//3113
f 3586//3586 3587//3587 3113//3113
f 3113//3113 3587//3587 3588//3588
f 3113//3113 3588//3588 3114//3114
f 3584//3584 3115//3115 3589//3589
f 3589//3589 3115//3115 3114//3114
f 3589//3589 3114//3114 3590//3590
f 3590//3590 3114//3114 3588//3588
f 3585//3585 3124//3124 3591//3591
f 3591//3591 3124//3124 3127//3127
f 3592//3592 3101//3101 3580//3580
f 3580//3580 3101//3101 3152//3152
f 3583//3583 3132//3132 3593//3593
f 3593//3593 3132//3132 3133//3133
f 3594//3594 3118//3118 3595//3595
f 3595//3595 3118//3118 3143//3143
f 3596//3596 3597//3597 3136//3136
f 3136//3136 3597//3597 3151//3151
f 3597//3597 3598//3598 3151//3151
f 3151//3151 3598//3598 3599//3599
f 3151//3151 3599//3599 3150//3150
f 3595//3595 3143//3143 3600//3600
f 3600//3600 3143//3143 3150//3150
f 3600//3600 3150//3150 3601//3601
f 3601//3601 3150//3150 3599//3599
f 3596//3596 3136//3136 3602//3602
f 3602//3602 3136//3136 3104//3104
f 3602//3602 3104//3104 3277//3277
f 3277//3277 3104//3104 3103//3103
f 3277//3277 3103//3103 3278//3278
f 3591//3591 3127//3127 3603//3603
f 3603//3603 3127//3127 3130//3130
f 3603//3603 3130//3130 3604//3604
f 3604//3604 3130//3130 3605//3605
f 3605//3605 3130//3130 3131//3131
f 3605//3605 3131//3131 3606//3606
f 3606//3606 3131//3131 3607//3607
f 3607//3607 3131//3131 3101//3101
f 3607//3607 3101//3101 3592//3592
f 3593//3593 3133//3133 3608//3608
f 3608//3608 3133//3133 3134//3134
f 3608//3608 3134//3134 3609//3609
f 3609//3609 3134//3134 3610//3610
f 3610//3610 3134//3134 3135//3135
f 3610//3610 3135//3135 3611//3611
f 3611//3611 3135//3135 3612//3612
f 3612//3612 3135//3135 3118//3118
f 3612//3612 3118//3118 3594//3594
f 3161//3161 3167//3167 3613//3613
f 3613//3613 3167//3167 3614//3614
f 3615//3615 3616//3616 3617//3617
f 3615//3615 3617//3617 3618//3618
f 3618//3618 3617//3617 3619//3619
f 3618//3618 3619//3619 3620//3620
f 3620//3620 3619//3619 3621//3621
f 3620//3620 3621//3621 3622//3622
f 3622//3622 3621//3621 3613//3613
f 3622//3622 3613//3613 3614//3614
f 3095//3095 3096//3096 3578//3578
f 3095//3095 3578//3578 3582//3582
f 3582//3582 3578//3578 3579//3579
f 3582//3582 3579//3579 3581//3581
f 3581//3581 3579//3579 3153//3153
f 3581//3581 3153//3153 3105//3105
f 3593//3593 3274//3274 3583//3583
f 3583//3583 3274//3274 3273//3273
f 3275//3275 3274//3274 3593//3593
f 3593//3593 3608//3608 3275//3275
f 3275//3275 3608//3608 3609//3609
f 3275//3275 3609//3609 3276//3276
f 3276//3276 3609//3609 3610//3610
f 3276//3276 3610//3610 3290//3290
f 3594//3594 3289//3289 3612//3612
f 3612//3612 3289//3289 3290//3290
f 3612//3612 3290//3290 3611//3611
f 3611//3611 3290//3290 3610//3610
f 3595//3595 3287//3287 3594//3594
f 3594//3594 3287//3287 3289//3289
f 3285//3285 3287//3287 3595//3595
f 3595//3595 3600//3600 3285//3285
f 3285//3285 3600//3600 3601//3601
f 3285//3285 3601//3601 3283//3283
f 3283//3283 3601//3601 3599//3599
f 3283//3283 3599//3599 3281//3281
f 3596//3596 3279//3279 3597//3597
f 3597//3597 3279//3279 3281//3281
f 3597//3597 3281//3281 3598//3598
f 3598//3598 3281//3281 3599//3599
f 3279//3279 3596//3596 3277//3277
f 3277//3277 3596//3596 3602//3602
f 3193//3193 3592//3592 3194//3194
f 3194//3194 3592//3592 3580//3580
f 3198//3198 3197//3197 3591//3591
f 3591//3591 3603//3603 3198//3198
f 3198//3198 3603//3603 3604//3604
f 3198//3198 3604//3604 3196//3196
f 3196//3196 3604//3604 3605//3605
f 3196//3196 3605//3605 3195//3195
f 3592//3592 3193//3193 3607//3607
f 3607//3607 3193//3193 3195//3195
f 3607//3607 3195//3195 3606//3606
f 3606//3606 3195//3195 3605//3605
f 3204//3204 3585//3585 3197//3197
f 3197//3197 3585//3585 3591//3591
f 3201//3201 3200//3200 3584//3584
f 3584//3584 3589//3589 3201//3201
f 3201//3201 3589//3589 3590//3590
f 3201//3201 3590//3590 3202//3202
f 3202//3202 3590//3590 3588//3588
f 3202//3202 3588//3588 3203//3203
f 3585//3585 3204//3204 3586//3586
f 3586//3586 3204//3204 3203//3203
f 3586//3586 3203//3203 3587//3587
f 3587//3587 3203//3203 3588//3588
f 3199//3199 3577//3577 3200//3200
f 3200//3200 3577//3577 3584//3584
f 3112//3112 3111//3111 3623//3623
f 3112//3112 3623//3623 3624//3624
f 3624//3624 3623//3623 3625//3625
f 3624//3624 3625//3625 3626//3626
f 3626//3626 3625//3625 3627//3627
f 3626//3626 3627//3627 3628//3628
f 3628//3628 3627//3627 3616//3616
f 3628//3628 3616//3616 3615//3615
f 3629//3629 3392//3392 3630//3630
f 3630//3630 3392//3392 3384//3384
f 3402//3402 3631//3631 3632//3632
f 3402//3402 3632//3632 3388//3388
f 3388//3388 3632//3632 3633//3633
f 3388//3388 3633//3633 3382//3382
f 3382//3382 3633//3633 3634//3634
f 3382//3382 3634//3634 3383//3383
f 3383//3383 3634//3634 3635//3635
f 3383//3383 3635//3635 3396//3396
f 3396//3396 3635//3635 3636//3636
f 3396//3396 3636//3636 3395//3395
f 3395//3395 3636//3636 3637//3637
f 3395//3395 3637//3637 3397//3397
f 3397//3397 3637//3637 3638//3638
f 3397//3397 3638//3638 3398//3398
f 3631//3631 3402//3402 3639//3639
f 3639//3639 3402//3402 3387//3387
f 3392//3392 3629//3629 3640//3640
f 3392//3392 3640//3640 3393//3393
f 3393//3393 3640//3640 3641//3641
f 3393//3393 3641//3641 3394//3394
f 3394//3394 3641//3641 3642//3642
f 3394//3394 3642//3642 3385//3385
f 3385//3385 3642//3642 3643//3643
f 3385//3385 3643//3643 3386//3386
f 3386//3386 3643//3643 3639//3639
f 3386//3386 3639//3639 3387//3387
f 3384//3384 3061//3061 3630//3630
f 3630//3630 3061//3061 3060//3060
f 3630//3630 3060//3060 3292//3292
f 3644//3644 3359//3359 3002//3002
f 3002//3002 3359//3359 3003//3003
f 3359//3359 3644//3644 3645//3645
f 3359//3359 3645//3645 3369//3369
f 3369//3369 3645//3645 3646//3646
f 3369//3369 3646//3646 3368//3368
f 3368//3368 3646//3646 3647//3647
f 3368//3368 3647//3647 3366//3366
f 3366//3366 3647//3647 3648//3648
f 3366//3366 3648//3648 3367//3367
f 3367//3367 3648//3648 2986//2986
f 3367//3367 2986//2986 2987//2987
f 2982//2982 2985//2985 2983//2983
f 2983//2983 2985//2985 2984//2984
f 2983//2983 2984//2984 3329//3329
f 3007//3007 3023//3023 3356//3356
f 3356//3356 3023//3023 3649//3649
f 3356//3356 3649//3649 3357//3357
f 3357//3357 3649//3649 3650//3650
f 3357//3357 3650//3650 3358//3358
f 3358//3358 3650//3650 3651//3651
f 3358//3358 3651//3651 2988//2988
f 2988//2988 3651//3651 2989//2989
f 3398//3398 3638//3638 3389//3389
f 3389//3389 3638//3638 3652//3652
f 3389//3389 3652//3652 3390//3390
f 3390//3390 3652//3652 3653//3653
f 3390//3390 3653//3653 3391//3391
f 3391//3391 3653//3653 3654//3654
f 3391//3391 3654//3654 3006//3006
f 3006//3006 3654//3654 3011//3011
f 3213//3213 3111//3111 3067//3067
f 3067//3067 3111//3111 3068//3068
f 3225//3225 3616//3616 3627//3627
f 3225//3225 3627//3627 3226//3226
f 3226//3226 3627//3627 3625//3625
f 3226//3226 3625//3625 3227//3227
f 3227//3227 3625//3625 3623//3623
f 3227//3227 3623//3623 3223//3223
f 3223//3223 3623//3623 3111//3111
f 3223//3223 3111//3111 3213//3213
f 3161//3161 3613//3613 3236//3236
f 3236//3236 3613//3613 3237//3237
f 3237//3237 3613//3613 3621//3621
f 3237//3237 3621//3621 3216//3216
f 3216//3216 3621//3621 3619//3619
f 3216//3216 3619//3619 3217//3217
f 3217//3217 3619//3619 3617//3617
f 3217//3217 3617//3617 3207//3207
f 3207//3207 3617//3617 3616//3616
f 3207//3207 3616//3616 3225//3225
f 3248//3248 3249//3249 3167//3167
f 3167//3167 3249//3249 3614//3614
f 3256//3256 3615//3615 3618//3618
f 3256//3256 3618//3618 3254//3254
f 3254//3254 3618//3618 3620//3620
f 3254//3254 3620//3620 3253//3253
f 3253//3253 3620//3620 3622//3622
f 3253//3253 3622//3622 3251//3251
f 3251//3251 3622//3622 3614//3614
f 3251//3251 3614//3614 3249//3249
f 3262//3262 3112//3112 3624//3624
f 3262//3262 3624//3624 3260//3260
f 3260//3260 3624//3624 3626//3626
f 3260//3260 3626//3626 3259//3259
f 3259//3259 3626//3626 3628//3628
f 3259//3259 3628//3628 3257//3257
f 3257//3257 3628//3628 3615//3615
f 3257//3257 3615//3615 3256//3256
f 3112//3112 3262//3262 3102//3102
f 3102//3102 3262//3262 3264//3264
f 3299//3299 3301//3301 3477//3477
f 3477//3477 3475//3475 3299//3299
f 3299//3299 3475//3475 3473//3473
f 3299//3299 3473//3473 3297//3297
f 3473//3473 3471//3471 3297//3297
f 3297//3297 3471//3471 3469//3469
f 3297//3297 3469//3469 3302//3302
f 3469//3469 3467//3467 3302//3302
f 3302//3302 3467//3467 3465//3465
f 3302//3302 3465//3465 3318//3318
f 3465//3465 3463//3463 3318//3318
f 3318//3318 3463//3463 3461//3461
f 3318//3318 3461//3461 3295//3295
f 3461//3461 3459//3459 3295//3295
f 3295//3295 3459//3459 3457//3457
f 3295//3295 3457//3457 3296//3296
f 3457//3457 3455//3455 3296//3296
f 3296//3296 3455//3455 3453//3453
f 3296//3296 3453//3453 3323//3323
f 3323//3323 3453//3453 3451//3451
f 3323//3323 3451//3451 3322//3322
f 3322//3322 3451//3451 3450//3450
f 3322//3322 3450//3450 3321//3321
f 3321//3321 3450//3450 3418//3418
f 3321//3321 3418//3418 3320//3320
f 3418//3418 3421//3421 3320//3320
f 3320//3320 3421//3421 3423//3423
f 3320//3320 3423//3423 3308//3308
f 3423//3423 3425//3425 3308//3308
f 3308//3308 3425//3425 3427//3427
f 3308//3308 3427//3427 3307//3307
f 3427//3427 3429//3429 3307//3307
f 3307//3307 3429//3429 3431//3431
f 3307//3307 3431//3431 3317//3317
f 3431//3431 3433//3433 3317//3317
f 3317//3317 3433//3433 3435//3435
f 3317//3317 3435//3435 3316//3316
f 3435//3435 3437//3437 3316//3316
f 3316//3316 3437//3437 3439//3439
f 3316//3316 3439//3439 3315//3315
f 3439//3439 3441//3441 3315//3315
f 3315//3315 3441//3441 3443//3443
f 3315//3315 3443//3443 3313//3313
f 3443//3443 3445//3445 3313//3313
f 3313//3313 3445//3445 3447//3447
f 3313//3313 3447//3447 3311//3311
f 3311//3311 3447//3447 3449//3449
f 3311//3311 3449//3449 3301//3301
f 3301//3301 3449//3449 3479//3479
f 3301//3301 3479//3479 3477//3477
f 3407//3407 3399//3399 3454//3454
f 3454//3454 3456//3456 3407//3407
f 3407//3407 3456//3456 3458//3458
f 3407//3407 3458//3458 3408//3408
f 3458//3458 3460//3460 3408//3408
f 3408//3408 3460//3460 3462//3462
f 3408//3408 3462//3462 3409//3409
f 3462//3462 3464//3464 3409//3409
f 3409//3409 3464//3464 3466//3466
f 3409//3409 3466//3466 3410//3410
f 3466//3466 3468//3468 3410//3410
f 3410//3410 3468//3468 3470//3470
f 3410//3410 3470//3470 3415//3415
f 3470//3470 3472//3472 3415//3415
f 3415//3415 3472//3472 3474//3474
f 3415//3415 3474//3474 3416//3416
f 3474//3474 3476//3476 3416//3416
f 3416//3416 3476//3476 3478//3478
f 3416//3416 3478//3478 3417//3417
f 3417//3417 3478//3478 3480//3480
f 3417//3417 3480//3480 3411//3411
f 3411//3411 3480//3480 3481//3481
f 3411//3411 3481//3481 3412//3412
f 3412//3412 3481//3481 3448//3448
f 3412//3412 3448//3448 3413//3413
f 3448//3448 3446//3446 3413//3413
f 3413//3413 3446//3446 3444//3444
f 3413//3413 3444//3444 3414//3414
f 3444//3444 3442//3442 3414//3414
f 3414//3414 3442//3442 3440//3440
f 3414//3414 3440//3440 3403//3403
f 3440//3440 3438//3438 3403//3403
f 3403//3403 3438//3438 3436//3436
f 3403//3403 3436//3436 3404//3404
f 3436//3436 3434//3434 3404//3404
f 3404//3404 3434//3434 3432//3432
f 3404//3404 3432//3432 3405//3405
f 3432//3432 3430//3430 3405//3405
f 3405//3405 3430//3430 3428//3428
f 3405//3405 3428//3428 3406//3406
f 3428//3428 3426//3426 3406//3406
f 3406//3406 3426//3426 3424//3424
f 3406//3406 3424//3424 3401//3401
f 3424//3424 3422//3422 3401//3401
f 3401//3401 3422//3422 3420//3420
f 3401//3401 3420//3420 3400//3400
f 3400//3400 3420//3420 3419//3419
f 3400//3400 3419//3419 3399//3399
f 3399//3399 3419//3419 3452//3452
f 3399//3399 3452//3452 3454//3454
f 3376//3376 3375//3375 3541//3541
f 3541//3541 3539//3539 3376//3376
f 3376//3376 3539//3539 3537//3537
f 3376//3376 3537//3537 3377//3377
f 3537//3537 3535//3535 3377//3377
f 3377//3377 3535//3535 3533//3533
f 3377//3377 3533//3533 3362//3362
f 3533//3533 3531//3531 3362//3362
f 3362//3362 3531//3531 3529//3529
f 3362//3362 3529//3529 3363//3363
f 3529//3529 3527//3527 3363//3363
f 3363//3363 3527//3527 3525//3525
f 3363//3363 3525//3525 3364//3364
f 3525//3525 3523//3523 3364//3364
f 3364//3364 3523//3523 3521//3521
f 3364//3364 3521//3521 3365//3365
f 3521//3521 3519//3519 3365//3365
f 3365//3365 3519//3519 3517//3517
f 3365//3365 3517//3517 3381//3381
f 3381//3381 3517//3517 3515//3515
f 3381//3381 3515//3515 3380//3380
f 3380//3380 3515//3515 3514//3514
f 3380//3380 3514//3514 3379//3379
f 3379//3379 3514//3514 3482//3482
f 3379//3379 3482//3482 3378//3378
f 3482//3482 3485//3485 3378//3378
f 3378//3378 3485//3485 3487//3487
f 3378//3378 3487//3487 3361//3361
f 3487//3487 3489//3489 3361//3361
f 3361//3361 3489//3489 3491//3491
f 3361//3361 3491//3491 3360//3360
f 3491//3491 3493//3493 3360//3360
f 3360//3360 3493//3493 3495//3495
f 3360//3360 3495//3495 3374//3374
f 3495//3495 3497//3497 3374//3374
f 3374//3374 3497//3497 3499//3499
f 3374//3374 3499//3499 3373//3373
f 3499//3499 3501//3501 3373//3373
f 3373//3373 3501//3501 3503//3503
f 3373//3373 3503//3503 3372//3372
f 3503//3503 3505//3505 3372//3372
f 3372//3372 3505//3505 3507//3507
f 3372//3372 3507//3507 3371//3371
f 3507//3507 3509//3509 3371//3371
f 3371//3371 3509//3509 3511//3511
f 3371//3371 3511//3511 3370//3370
f 3370//3370 3511//3511 3513//3513
f 3370//3370 3513//3513 3375//3375
f 3375//3375 3513//3513 3543//3543
f 3375//3375 3543//3543 3541//3541
f 3335//3335 3326//3326 3518//3518
f 3518//3518 3520//3520 3335//3335
f 3335//3335 3520//3520 3522//3522
f 3335//3335 3522//3522 3336//3336
f 3522//3522 3524//3524 3336//3336
f 3336//3336 3524//3524 3526//3526
f 3336//3336 3526//3526 3333//3333
f 3526//3526 3528//3528 3333//3333
f 3333//3333 3528//3528 3530//3530
f 3333//3333 3530//3530 3331//3331
f 3530//3530 3532//3532 3331//3331
f 3331//3331 3532//3532 3534//3534
f 3331//3331 3534//3534 3345//3345
f 3534//3534 3536//3536 3345//3345
f 3345//3345 3536//3536 3538//3538
f 3345//3345 3538//3538 3342//3342
f 3538//3538 3540//3540 3342//3342
f 3342//3342 3540//3540 3542//3542
f 3342//3342 3542//3542 3340//3340
f 3542//3542 3544//3544 3340//3340
f 3340//3340 3544//3544 3545//3545
f 3340//3340 3545//3545 3338//3338
f 3338//3338 3545//3545 3512//3512
f 3338//3338 3512//3512 3348//3348
f 3512//3512 3510//3510 3348//3348
f 3348//3348 3510//3510 3508//3508
f 3348//3348 3508//3508 3354//3354
f 3508//3508 3506//3506 3354//3354
f 3354//3354 3506//3506 3504//3504
f 3354//3354 3504//3504 3353//3353
f 3504//3504 3502//3502 3353//3353
f 3353//3353 3502//3502 3500//3500
f 3353//3353 3500//3500 3352//3352
f 3500//3500 3498//3498 3352//3352
f 3352//3352 3498//3498 3496//3496
f 3352//3352 3496//3496 3351//3351
f 3496//3496 3494//3494 3351//3351
f 3351//3351 3494//3494 3492//3492
f 3351//3351 3492//3492 3350//3350
f 3492//3492 3490//3490 3350//3350
f 3350//3350 3490//3490 3488//3488
f 3350//3350 3488//3488 3324//3324
f 3488//3488 3486//3486 3324//3324
f 3324//3324 3486//3486 3484//3484
f 3324//3324 3484//3484 3325//3325
f 3325//3325 3484//3484 3483//3483
f 3325//3325 3483//3483 3326//3326
f 3326//3326 3483//3483 3516//3516
f 3326//3326 3516//3516 3518//3518
f 3265//3265 3248//3248 3167//3167
f 3167//3167 3172//3172 3265//3265
f 3265//3265 3172//3172 3158//3158
f 3265//3265 3158//3158 3266//3266
f 3266//3266 3158//3158 3178//3178
f 3266//3266 3178//3178 3267//3267
f 3267//3267 3178//3178 3179//3179
f 3267//3267 3179//3179 3243//3243
f 3092//3092 3244//3244 3155//3155
f 3155//3155 3244//3244 3243//3243
f 3155//3155 3243//3243 3190//3190
f 3190//3190 3243//3243 3179//3179
f 3242//3242 3241//3241 3041//3041
f 3041//3041 3241//3241 3080//3080
f 3041//3041 3080//3080 3018//3018
f 3238//3238 3244//3244 3092//3092
f 3092//3092 3090//3090 3238//3238
f 3238//3238 3090//3090 3088//3088
f 3238//3238 3088//3088 3239//3239
f 3088//3088 3086//3086 3239//3239
f 3239//3239 3086//3086 3084//3084
f 3239//3239 3084//3084 3241//3241
f 3241//3241 3084//3084 3082//3082
f 3241//3241 3082//3082 3080//3080
f 3162//3162 3161//3161 3236//3236
f 3091//3091 3192//3192 3229//3229
f 3229//3229 3192//3192 3230//3230
f 3192//3192 3191//3191 3230//3230
f 3230//3230 3191//3191 3183//3183
f 3230//3230 3183//3183 3231//3231
f 3236//3236 3234//3234 3162//3162
f 3162//3162 3234//3234 3232//3232
f 3162//3162 3232//3232 3175//3175
f 3175//3175 3232//3232 3231//3231
f 3175//3175 3231//3231 3186//3186
f 3186//3186 3231//3231 3183//3183
f 3031//3031 3016//3016 3079//3079
f 3031//3031 3079//3079 3210//3210
f 3210//3210 3079//3079 3211//3211
f 3211//3211 3079//3079 3081//3081
f 3211//3211 3081//3081 3212//3212
f 3081//3081 3083//3083 3212//3212
f 3212//3212 3083//3083 3085//3085
f 3212//3212 3085//3085 3228//3228
f 3091//3091 3229//3229 3089//3089
f 3089//3089 3229//3229 3228//3228
f 3089//3089 3228//3228 3087//3087
f 3087//3087 3228//3228 3085//3085
f 3045//3045 3010//3010 2931//2931
f 2931//2931 2929//2929 3045//3045
f 3045//3045 2929//2929 2928//2928
f 3045//3045 2928//2928 3046//3046
f 3046//3046 2928//2928 2926//2926
f 3046//3046 2926//2926 3047//3047
f 2926//2926 2925//2925 3047//3047
f 3047//3047 2925//2925 2923//2923
f 3047//3047 2923//2923 3012//3012
f 2923//2923 2922//2922 3012//3012
f 3012//3012 2922//2922 2920//2920
f 3012//3012 2920//2920 3013//3013
f 2920//2920 2919//2919 3013//3013
f 3013//3013 2919//2919 2917//2917
f 3013//3013 2917//2917 3035//3035
f 3035//3035 2917//2917 2916//2916
f 3035//3035 2916//2916 3036//3036
f 2916//2916 2914//2914 3036//3036
f 3036//3036 2914//2914 2913//2913
f 3036//3036 2913//2913 3037//3037
f 2913//2913 2911//2911 3037//3037
f 3037//3037 2911//2911 2910//2910
f 3037//3037 2910//2910 3038//3038
f 2910//2910 2908//2908 3038//3038
f 3038//3038 2908//2908 2907//2907
f 3038//3038 2907//2907 3039//3039
f 3039//3039 2907//2907 2905//2905
f 3039//3039 2905//2905 3040//3040
f 2905//2905 2904//2904 3040//3040
f 3040//3040 2904//2904 2902//2902
f 3040//3040 2902//2902 3042//3042
f 2902//2902 2901//2901 3042//3042
f 3042//3042 2901//2901 2898//2898
f 3042//3042 2898//2898 3043//3043
f 3043//3043 2898//2898 2933//2933
f 3043//3043 2933//2933 3010//3010
f 3010//3010 2933//2933 2932//2932
f 3010//3010 2932//2932 2931//2931
f 3033//3033 3032//3032 2967//2967
f 2967//2967 2965//2965 3033//3033
f 3033//3033 2965//2965 2964//2964
f 3033//3033 2964//2964 3017//3017
f 3017//3017 2964//2964 2962//2962
f 3017//3017 2962//2962 3019//3019
f 2962//2962 2961//2961 3019//3019
f 3019//3019 2961//2961 2959//2959
f 3019//3019 2959//2959 3020//3020
f 2959//2959 2958//2958 3020//3020
f 3020//3020 2958//2958 2956//2956
f 3020//3020 2956//2956 3014//3014
f 2956//2956 2955//2955 3014//3014
f 3014//3014 2955//2955 2953//2953
f 3014//3014 2953//2953 3015//3015
f 3015//3015 2953//2953 2952//2952
f 3015//3015 2952//2952 3044//3044
f 2952//2952 2950//2950 3044//3044
f 3044//3044 2950//2950 2949//2949
f 3044//3044 2949//2949 3021//3021
f 2949//2949 2947//2947 3021//3021
f 3021//3021 2947//2947 2946//2946
f 3021//3021 2946//2946 3022//3022
f 2946//2946 2944//2944 3022//3022
f 3022//3022 2944//2944 2943//2943
f 3022//3022 2943//2943 3024//3024
f 3024//3024 2943//2943 2941//2941
f 3024//3024 2941//2941 3026//3026
f 2941//2941 2940//2940 3026//3026
f 3026//3026 2940//2940 2938//2938
f 3026//3026 2938//2938 3028//3028
f 2938//2938 2937//2937 3028//3028
f 3028//3028 2937//2937 2934//2934
f 3028//3028 2934//2934 3030//3030
f 3030//3030 2934//2934 2969//2969
f 3030//3030 2969//2969 3032//3032
f 3032//3032 2969//2969 2968//2968
f 3032//3032 2968//2968 2967//2967
f 2942//2942 3655//3655 2939//2939
f 2939//2939 3655//3655 3656//3656
f 2939//2939 3656//3656 2935//2935
f 2935//2935 3656//3656 3657//3657
f 2935//2935 3657//3657 2936//2936
f 2936//2936 3657//3657 3658//3658
f 2936//2936 3658//3658 2966//2966
f 2966//2966 3658//3658 3659//3659
f 2966//2966 3659//3659 2963//2963
f 2963//2963 3659//3659 3660//3660
f 2963//2963 3660//3660 2960//2960
f 3660//3660 3661//3661 2960//2960
f 2960//2960 3661//3661 3662//3662
f 2960//2960 3662//3662 2957//2957
f 2957//2957 3662//3662 3663//3663
f 2957//2957 3663//3663 2954//2954
f 2954//2954 3663//3663 3664//3664
f 2954//2954 3664//3664 2951//2951
f 2951//2951 3664//3664 3665//3665
f 2951//2951 3665//3665 2948//2948
f 2948//2948 3665//3665 3666//3666
f 2948//2948 3666//3666 2945//2945
f 2945//2945 3666//3666 3667//3667
f 2945//2945 3667//3667 2942//2942
f 2942//2942 3667//3667 3668//3668
f 2942//2942 3668//3668 3655//3655
f 3669//3669 3666//3666 3665//3665
f 3669//3669 3670//3670 3666//3666
f 3666//3666 3670//3670 3671//3671
f 3666//3666 3671//3671 3667//3667
f 3671//3671 3672//3672 3667//3667
f 3667//3667 3672//3672 3673//3673
f 3667//3667 3673//3673 3668//3668
f 3673//3673 3674//3674 3668//3668
f 3668//3668 3674//3674 3675//3675
f 3668//3668 3675//3675 3655//3655
f 3675//3675 3676//3676 3655//3655
f 3655//3655 3676//3676 3677//3677
f 3655//3655 3677//3677 3656//3656
f 3677//3677 3678//3678 3656//3656
f 3656//3656 3678//3678 3679//3679
f 3656//3656 3679//3679 3657//3657
f 3679//3679 3680//3680 3657//3657
f 3657//3657 3680//3680 3681//3681
f 3657//3657 3681//3681 3658//3658
f 3681//3681 3682//3682 3658//3658
f 3658//3658 3682//3682 3683//3683
f 3658//3658 3683//3683 3659//3659
f 3683//3683 3684//3684 3659//3659
f 3659//3659 3684//3684 3685//3685
f 3659//3659 3685//3685 3660//3660
f 3685//3685 3686//3686 3660//3660
f 3660//3660 3686//3686 3687//3687
f 3660//3660 3687//3687 3661//3661
f 3687//3687 3688//3688 3661//3661
f 3661//3661 3688//3688 3689//3689
f 3661//3661 3689//3689 3662//3662
f 3689//3689 3690//3690 3662//3662
f 3662//3662 3690//3690 3691//3691
f 3662//3662 3691//3691 3663//3663
f 3691//3691 3692//3692 3663//3663
f 3663//3663 3692//3692 3693//3693
f 3663//3663 3693//3693 3664//3664
f 3693//3693 3694//3694 3664//3664
f 3664//3664 3694//3694 3695//3695
f 3664//3664 3695//3695 3665//3665
f 3665//3665 3695//3695 3696//3696
f 3665//3665 3696//3696 3669//3669
f 2906//2906 3697//3697 2903//2903
f 2903//2903 3697//3697 3698//3698
f 2903//2903 3698//3698 2899//2899
f 2899//2899 3698//3698 3699//3699
f 2899//2899 3699//3699 2900//2900
f 2900//2900 3699//3699 3700//3700
f 2900//2900 3700//3700 2930//2930
f 2930//2930 3700//3700 3701//3701
f 2930//2930 3701//3701 2927//2927
f 2927//2927 3701//3701 3702//3702
f 2927//2927 3702//3702 2924//2924
f 3702//3702 3703//3703 2924//2924
f 2924//2924 3703//3703 3704//3704
f 2924//2924 3704//3704 2921//2921
f 2921//2921 3704//3704 3705//3705
f 2921//2921 3705//3705 2918//2918
f 2918//2918 3705//3705 3706//3706
f 2918//2918 3706//3706 2915//2915
f 2915//2915 3706//3706 3707//3707
f 2915//2915 3707//3707 2912//2912
f 2912//2912 3707//3707 3708//3708
f 2912//2912 3708//3708 2909//2909
f 2909//2909 3708//3708 3709//3709
f 2909//2909 3709//3709 2906//2906
f 2906//2906 3709//3709 3710//3710
f 2906//2906 3710//3710 3697//3697
f 3711//3711 3708//3708 3707//3707
f 3711//3711 3712//3712 3708//3708
f 3708//3708 3712//3712 3713//3713
f 3708//3708 3713//3713 3709//3709
f 3713//3713 3714//3714 3709//3709
f 3709//3709 3714//3714 3715//3715
f 3709//3709 3715//3715 3710//3710
f 3715//3715 3716//3716 3710//3710
f 3710//3710 3716//3716 3717//3717
f 3710//3710 3717//3717 3697//3697
f 3717//3717 3718//3718 3697//3697
f 3697//3697 3718//3718 3719//3719
f 3697//3697 3719//3719 3698//3698
f 3719//3719 3720//3720 3698//3698
f 3698//3698 3720//3720 3721//3721
f 3698//3698 3721//3721 3699//3699
f 3721//3721 3722//3722 3699//3699
f 3699//3699 3722//3722 3723//3723
f 3699//3699 3723//3723 3700//3700
f 3723//3723 3724//3724 3700//3700
f 3700//3700 3724//3724 3725//3725
f 3700//3700 3725//3725 3701//3701
f 3725//3725 3726//3726 3701//3701
f 3701//3701 3726//3726 3727//3727
f 3701//3701 3727//3727 3702//3702
f 3727//3727 3728//3728 3702//3702
f 3702//3702 3728//3728 3729//3729
f 3702//3702 3729//3729 3703//3703
f 3729//3729 3730//3730 3703//3703
f 3703//3703 3730//3730 3731//3731
f 3703//3703 3731//3731 3704//3704
f 3731//3731 3732//3732 3704//3704
f 3704//3704 3732//3732 3733//3733
f 3704//3704 3733//3733 3705//3705
f 3733//3733 3734//3734 3705//3705
f 3705//3705 3734//3734 3735//3735
f 3705//3705 3735//3735 3706//3706
f 3735//3735 3736//3736 3706//3706
f 3706//3706 3736//3736 3737//3737
f 3706//3706 3737//3737 3707//3707
f 3707//3707 3737//3737 3738//3738
f 3707//3707 3738//3738 3711//3711
f 3117//3117 3116//3116 3736//3736
f 3736//3736 3735//3735 3117//3117
f 3117//3117 3735//3735 3734//3734
f 3117//3117 3734//3734 3141//3141
f 3734//3734 3733//3733 3141//3141
f 3141//3141 3733//3733 3732//3732
f 3141//3141 3732//3732 3142//3142
f 3732//3732 3731//3731 3142//3142
f 3142//3142 3731//3731 3730//3730
f 3142//3142 3730//3730 3148//3148
f 3730//3730 3729//3729 3148//3148
f 3148//3148 3729//3729 3728//3728
f 3148//3148 3728//3728 3149//3149
f 3728//3728 3727//3727 3149//3149
f 3149//3149 3727//3727 3726//3726
f 3149//3149 3726//3726 3137//3137
f 3726//3726 3725//3725 3137//3137
f 3137//3137 3725//3725 3724//3724
f 3137//3137 3724//3724 3138//3138
f 3138//3138 3724//3724 3723//3723
f 3138//3138 3723//3723 3144//3144
f 3723//3723 3722//3722 3144//3144
f 3144//3144 3722//3722 3721//3721
f 3144//3144 3721//3721 3145//3145
f 3721//3721 3720//3720 3145//3145
f 3145//3145 3720//3720 3719//3719
f 3145//3145 3719//3719 3146//3146
f 3719//3719 3718//3718 3146//3146
f 3146//3146 3718//3718 3717//3717
f 3146//3146 3717//3717 3147//3147
f 3717//3717 3716//3716 3147//3147
f 3147//3147 3716//3716 3715//3715
f 3147//3147 3715//3715 3154//3154
f 3715//3715 3714//3714 3154//3154
f 3154//3154 3714//3714 3713//3713
f 3154//3154 3713//3713 3106//3106
f 3713//3713 3712//3712 3106//3106
f 3106//3106 3712//3712 3711//3711
f 3106//3106 3711//3711 3107//3107
f 3107//3107 3711//3711 3738//3738
f 3107//3107 3738//3738 3116//3116
f 3116//3116 3738//3738 3737//3737
f 3116//3116 3737//3737 3736//3736
f 3120//3120 3119//3119 3694//3694
f 3694//3694 3693//3693 3120//3120
f 3120//3120 3693//3693 3692//3692
f 3120//3120 3692//3692 3121//3121
f 3692//3692 3691//3691 3121//3121
f 3121//3121 3691//3691 3690//3690
f 3121//3121 3690//3690 3109//3109
f 3690//3690 3689//3689 3109//3109
f 3109//3109 3689//3689 3688//3688
f 3109//3109 3688//3688 3110//3110
f 3688//3688 3687//3687 3110//3110
f 3110//3110 3687//3687 3686//3686
f 3110//3110 3686//3686 3140//3140
f 3686//3686 3685//3685 3140//3140
f 3140//3140 3685//3685 3684//3684
f 3140//3140 3684//3684 3139//3139
f 3684//3684 3683//3683 3139//3139
f 3139//3139 3683//3683 3682//3682
f 3139//3139 3682//3682 3122//3122
f 3122//3122 3682//3682 3681//3681
f 3122//3122 3681//3681 3123//3123
f 3681//3681 3680//3680 3123//3123
f 3123//3123 3680//3680 3679//3679
f 3123//3123 3679//3679 3125//3125
f 3679//3679 3678//3678 3125//3125
f 3125//3125 3678//3678 3677//3677
f 3125//3125 3677//3677 3126//3126
f 3677//3677 3676//3676 3126//3126
f 3126//3126 3676//3676 3675//3675
f 3126//3126 3675//3675 3128//3128
f 3675//3675 3674//3674 3128//3128
f 3128//3128 3674//3674 3673//3673
f 3128//3128 3673//3673 3129//3129
f 3673//3673 3672//3672 3129//3129
f 3129//3129 3672//3672 3671//3671
f 3129//3129 3671//3671 3099//3099
f 3671//3671 3670//3670 3099//3099
f 3099//3099 3670//3670 3669//3669
f 3099//3099 3669//3669 3100//3100
f 3100//3100 3669//3669 3696//3696
f 3100//3100 3696//3696 3119//3119
f 3119//3119 3696//3696 3695//3695
f 3119//3119 3695//3695 3694//3694
f 3073//3073 3074//3074 3029//3029
f 3031//3031 3210//3210 3029//3029
f 3029//3029 3210//3210 3066//3066
f 3071//3071 3073//3073 3069//3069
f 3069//3069 3073//3073 3029//3029
f 3069//3069 3029//3029 3065//3065
f 3065//3065 3029//3029 3066//3066
f 3242//3242 3041//3041 3009//3009
f 3571//3571 3570//3570 3009//3009
f 3009//3009 3570//3570 3572//3572
f 3240//3240 3242//3242 3355//3355
f 3355//3355 3242//3242 3009//3009
f 3355//3355 3009//3009 3573//3573
f 3573//3573 3009//3009 3572//3572
f 3027//3027 3029//3029 3074//3074
f 3074//3074 3076//3076 3027//3027
f 3027//3027 3076//3076 3078//3078
f 3027//3027 3078//3078 3025//3025
f 3337//3337 3023//3023 3078//3078
f 3078//3078 3023//3023 3025//3025
f 3023//3023 3337//3337 3649//3649
f 3649//3649 3337//3337 3334//3334
f 3649//3649 3334//3334 3650//3650
f 3650//3650 3334//3334 3332//3332
f 3650//3650 3332//3332 3651//3651
f 3651//3651 3332//3332 3347//3347
f 3651//3651 3347//3347 2989//2989
f 2989//2989 3347//3347 3346//3346
f 3328//3328 3002//3002 3000//3000
f 3328//3328 3000//3000 3330//3330
f 3330//3330 3000//3000 2998//2998
f 3330//3330 2998//2998 3349//3349
f 3349//3349 2998//2998 2996//2996
f 3349//3349 2996//2996 3339//3339
f 3339//3339 2996//2996 2994//2994
f 3339//3339 2994//2994 3341//3341
f 3341//3341 2994//2994 2992//2992
f 3341//3341 2992//2992 3343//3343
f 3343//3343 2992//2992 2990//2990
f 3343//3343 2990//2990 3344//3344
f 3344//3344 2990//2990 2989//2989
f 3344//3344 2989//2989 3346//3346
f 3002//3002 3328//3328 3644//3644
f 3644//3644 3328//3328 3327//3327
f 3645//3645 3644//3644 3327//3327
f 3645//3645 3327//3327 3646//3646
f 3647//3647 3646//3646 3327//3327
f 3648//3648 3647//3647 3327//3327
f 2986//2986 3648//3648 3327//3327
f 3329//3329 2984//2984 3327//3327
f 3327//3327 2984//2984 2986//2986
f 3574//3574 3571//3571 3009//3009
f 3009//3009 3008//3008 3574//3574
f 3574//3574 3008//3008 3034//3034
f 3574//3574 3034//3034 3305//3305
f 3011//3011 3306//3306 3034//3034
f 3034//3034 3306//3306 3305//3305
f 3638//3638 3298//3298 3652//3652
f 3652//3652 3298//3298 3304//3304
f 3652//3652 3304//3304 3653//3653
f 3653//3653 3304//3304 3303//3303
f 3653//3653 3303//3303 3654//3654
f 3654//3654 3303//3303 3319//3319
f 3654//3654 3319//3319 3011//3011
f 3011//3011 3319//3319 3306//3306
f 3298//3298 3638//3638 3637//3637
f 3298//3298 3637//3637 3300//3300
f 3300//3300 3637//3637 3636//3636
f 3300//3300 3636//3636 3309//3309
f 3309//3309 3636//3636 3635//3635
f 3309//3309 3635//3635 3310//3310
f 3310//3310 3635//3635 3634//3634
f 3310//3310 3634//3634 3312//3312
f 3312//3312 3634//3634 3633//3633
f 3312//3312 3633//3633 3314//3314
f 3314//3314 3633//3633 3632//3632
f 3314//3314 3632//3632 3294//3294
f 3294//3294 3632//3632 3631//3631
f 3294//3294 3631//3631 3293//3293
f 3639//3639 3291//3291 3631//3631
f 3631//3631 3291//3291 3293//3293
f 3640//3640 3629//3629 3291//3291
f 3640//3640 3291//3291 3641//3641
f 3642//3642 3641//3641 3291//3291
f 3643//3643 3642//3642 3291//3291
f 3639//3639 3643//3643 3291//3291
f 3630//3630 3292//3292 3629//3629
f 3629//3629 3292//3292 3291//3291
# 7548 faces, 0 coords texture

# End of File
