####
#
# OBJ File Generated by Meshlab
#
####
# Object opened_gripper.obj
#
# Vertices: 1064
# Faces: 2108
#
####
mtllib ./opened_gripper.obj.mtl

vn 0.271288 6.142118 0.808197
v 0.010187 0.089633 0.012000
vn 0.450056 -2.169239 -5.260310
v 0.004650 0.000200 -0.030649
vn -6.151955 0.636988 -0.621317
v -0.042911 0.055033 -0.012000
vn 6.107389 -0.389808 0.810077
v 0.042980 0.053074 0.012000
vn -5.200567 -2.885917 -0.406235
v -0.030892 0.000200 -0.002587
vn 0.647253 2.640495 -5.558764
v 0.012228 0.088145 -0.013848
vn -3.160081 1.380442 5.061635
v -0.041259 0.057275 0.013732
vn 5.200585 -2.885770 0.406360
v 0.030892 0.000200 0.002587
vn 1.074833 1.209431 6.032519
v 0.005591 0.035659 0.030432
vn -3.349468 -2.634869 -3.994882
v -0.019041 0.000200 -0.024463
vn -2.783948 5.515387 -0.618592
v -0.014425 0.088665 -0.012000
vn 4.308267 0.579731 -4.272151
v 0.042330 0.054955 -0.013414
vn -3.964613 -2.826336 3.377099
v -0.022807 0.000200 0.020996
vn -6.020508 -1.184785 0.841318
v -0.042760 0.051521 0.012000
vn 3.037394 -2.428030 4.359863
v 0.018806 0.000200 0.024644
vn 1.880337 -5.303910 -1.280628
v 0.025682 0.000000 -0.017003
vn 2.422325 2.351996 5.114673
v 0.016884 0.085586 0.013732
vn -1.576378 2.841506 5.127061
v -0.014535 0.087484 0.013732
vn -4.703409 -2.947365 -2.316006
v -0.028335 0.000200 -0.012576
vn -1.537355 1.127438 -5.952630
v -0.007771 0.034659 -0.029950
vn 0.421751 6.167488 -0.621494
v 0.010524 0.089626 -0.012000
vn -4.841428 3.866937 -0.612982
v -0.040501 0.060314 -0.012000
vn 6.069651 -1.254632 -0.654906
v 0.042667 0.051140 -0.012000
vn -2.214087 -5.288013 0.582677
v -0.029838 0.000000 0.007639
vn -1.933206 0.298144 5.947691
v -0.009823 0.035100 0.029402
vn -5.927402 1.521890 0.802469
v -0.042685 0.056188 0.012000
vn -6.069651 -1.254632 -0.654906
v -0.042667 0.051140 -0.012000
vn -4.009909 -0.671768 4.750842
v -0.041784 0.051739 0.013732
vn 4.472996 -2.952704 2.660011
v 0.025952 0.000200 0.016955
vn 0.450057 -2.169242 5.260308
v 0.004650 0.000200 0.030649
vn 2.684897 0.129627 5.675687
v 0.014040 0.035100 0.027638
vn -0.663033 -5.315534 -2.165662
v -0.009620 0.000000 -0.029259
vn 3.037222 -2.426471 -4.360095
v 0.018806 0.000200 -0.024644
vn 4.770128 3.884318 0.808061
v 0.040501 0.060314 0.012000
vn 0.147814 3.199820 5.173060
v 0.010182 0.088633 0.013732
vn -0.271288 6.142119 0.808197
v -0.010187 0.089633 0.012000
vn -0.647263 2.640519 -5.558755
v -0.012228 0.088145 -0.013848
vn 1.528987 0.868662 -5.966006
v 0.007662 0.034659 -0.029978
vn 3.711647 4.910041 -0.616700
v 0.016152 0.087619 -0.012000
vn -2.811693 0.982880 -5.471393
v -0.041292 0.056540 -0.013848
vn -4.438374 4.257349 0.805744
v -0.017634 0.086247 0.012000
vn 6.151955 0.636988 -0.621317
v 0.042911 0.055033 -0.012000
vn 6.020509 -1.184785 0.841318
v 0.042760 0.051521 0.012000
vn 4.468941 -0.876048 -4.175734
v 0.042100 0.051289 -0.013414
vn 5.021641 -2.978843 -1.502641
v 0.030031 0.000200 -0.007688
vn -1.341182 -5.314239 1.826126
v -0.018684 0.000000 0.024485
vn -5.200585 -2.885770 0.406360
v -0.030892 0.000200 0.002587
vn -4.703757 -2.946543 2.315714
v -0.028335 0.000200 0.012576
vn -2.214087 -5.288013 -0.582677
v -0.029838 0.000000 -0.007639
vn -2.422276 2.352036 5.114670
v -0.016884 0.085586 0.013732
vn -0.635434 1.233091 6.081237
v -0.003281 0.035659 0.030767
vn -6.107389 -0.389808 0.810077
v -0.042980 0.053074 0.012000
vn -5.581193 2.644602 -0.698787
v -0.041957 0.058147 -0.012000
vn -6.171090 -1.149439 -0.005088
v -0.042760 0.051521 -0.007800
vn -4.270061 -2.839970 -3.078981
v -0.025849 0.000200 -0.017113
vn -2.678412 0.136910 5.678111
v -0.013947 0.035100 0.027685
vn 2.214087 -5.288013 0.582677
v 0.029838 0.000000 0.007639
vn 1.016766 -5.313280 2.026025
v 0.014352 0.000000 0.027252
vn 1.501600 -2.199844 5.101467
v 0.009683 0.000200 0.029449
vn 0.663033 -5.315534 -2.165662
v 0.009620 0.000000 -0.029259
vn -0.450061 -2.169271 -5.260305
v -0.004650 0.000200 -0.030649
vn 3.376589 0.887403 5.043772
v 0.041717 0.055940 0.013732
vn 1.747081 4.897896 2.956184
v 0.013402 0.088800 0.013000
vn 1.576473 2.841619 5.127014
v 0.014535 0.087484 0.013732
vn -0.232681 5.225486 2.992783
v -0.010186 0.089365 0.013000
vn -0.421751 6.167487 -0.621494
v -0.010524 0.089626 -0.012000
vn -3.152471 3.076986 -4.373618
v -0.017194 0.085860 -0.013414
vn 2.006182 1.598826 -5.725303
v 0.039575 0.059497 -0.013848
vn 0.217956 1.269975 -6.102091
v 0.001060 0.034659 -0.030924
vn 1.295957 5.458045 -2.337812
v 0.012487 0.089196 -0.012765
vn 4.438374 4.257349 0.805744
v 0.017634 0.086247 0.012000
vn -2.685950 0.121670 -5.675640
v -0.014040 0.034100 -0.027638
vn -4.356444 -0.251460 -4.260489
v -0.042396 0.053111 -0.013414
vn -4.770128 3.884318 0.808061
v -0.040501 0.060314 0.012000
vn -2.989715 5.332154 0.804767
v -0.015024 0.088356 0.012000
vn 5.607793 -0.351684 -2.295703
v 0.042828 0.053084 -0.012765
vn 5.618655 2.423856 0.813124
v 0.042177 0.057673 0.012000
vn 6.145481 -0.389576 -0.627728
v 0.042980 0.053074 -0.012000
vn 6.171090 -1.149439 -0.005088
v 0.042760 0.051521 -0.007800
vn 5.141760 -1.017115 2.956163
v 0.042498 0.051579 0.013000
vn 2.639571 -2.380040 -4.492904
v 0.014754 0.000200 -0.027264
vn 3.964837 -2.828058 -3.376415
v 0.022807 0.000200 -0.020996
vn 5.200567 -2.885917 -0.406235
v 0.030892 0.000200 -0.002587
vn 4.849764 -3.008259 -1.883568
v 0.028389 0.000200 -0.012453
vn -1.880337 -5.303910 1.280628
v -0.025682 0.000000 0.017003
vn -0.205952 -5.268672 2.295643
v -0.004620 0.000000 0.030452
vn -3.350143 -2.634822 3.994326
v -0.019041 0.000200 0.024463
vn -5.111782 -2.987307 1.065532
v -0.030051 0.000200 0.007610
vn -2.293991 -5.274415 -0.190554
v -0.030693 0.000000 -0.002570
vn -5.021641 -2.978843 -1.502641
v -0.030031 0.000200 -0.007688
vn -1.632118 -5.310373 -1.576484
v -0.022496 0.000000 -0.021037
vn -2.651856 2.155899 5.100711
v -0.039751 0.059652 0.013732
vn 0.290961 0.320252 6.251606
v 0.001170 0.035100 0.030978
vn -0.147801 3.199848 5.173051
v -0.010182 0.088633 0.013732
vn -1.527513 0.884823 5.961493
v -0.007662 0.035659 0.029978
vn -6.092064 0.583882 0.811378
v -0.042955 0.054643 0.012000
vn -5.194220 -0.325654 2.960555
v -0.042713 0.053091 0.013000
vn -5.851406 2.003028 -0.610723
v -0.042460 0.056941 -0.012000
vn -3.789138 2.146495 -4.278514
v -0.041140 0.058429 -0.013414
vn -6.145481 -0.389575 -0.627728
v -0.042980 0.053074 -0.012000
vn -5.534923 -1.187006 -2.330701
v -0.042519 0.051178 -0.012765
vn -2.072556 -5.300385 -0.945599
v -0.028152 0.000000 -0.012495
vn -2.270138 0.806244 5.797723
v -0.011897 0.035659 0.028563
vn -3.540127 0.362333 5.015337
v -0.041960 0.054549 0.013732
vn 2.293991 -5.274415 -0.190554
v 0.030693 0.000000 -0.002570
vn 5.111782 -2.987307 1.065532
v 0.030051 0.000200 0.007610
vn 1.880337 -5.303910 1.280628
v 0.025682 0.000000 0.017003
vn 1.913920 0.799960 5.874282
v 0.009910 0.035659 0.029312
vn 1.629770 0.307545 6.038885
v 0.007786 0.035100 0.030006
vn 2.693111 -0.092187 5.674130
v 0.013235 0.000902 0.028033
vn 0.205952 -5.268672 2.295643
v 0.004620 0.000000 0.030452
vn 1.341182 -5.314239 -1.826126
v 0.018684 0.000000 -0.024485
vn 1.674967 -0.035279 -6.051854
v 0.009134 0.002724 -0.029624
vn -1.674938 -0.035273 -6.051861
v -0.009134 0.002723 -0.029624
vn -0.205952 -5.268673 -2.295643
v -0.004620 0.000000 -0.030452
vn 2.651687 2.155818 5.100783
v 0.039751 0.059652 0.013732
vn 0.232681 5.225486 2.992783
v 0.010186 0.089365 0.013000
vn 2.060283 2.588183 5.108818
v 0.015789 0.086634 0.013732
vn 0.555527 3.159713 5.140020
v 0.011691 0.088498 0.013732
vn -1.057014 6.020750 0.804527
v -0.011864 0.089483 0.012000
vn -1.295957 5.458044 -2.337812
v -0.012487 0.089196 -0.012765
vn -4.435776 4.325788 -0.609521
v -0.017634 0.086247 -0.012000
vn -1.631529 2.258209 -5.545438
v -0.015409 0.086633 -0.013848
vn 1.784620 1.773220 -5.743754
v 0.016708 0.085431 -0.013848
vn 2.264621 0.787609 -5.803578
v 0.011897 0.034659 -0.028563
vn 4.850686 2.842598 -2.332545
v 0.041515 0.058647 -0.012765
vn 0.195706 2.706593 -5.573832
v 0.010476 0.088392 -0.013848
vn 0.636195 1.215290 -6.086960
v 0.003281 0.034659 -0.030767
vn -0.656846 1.213874 -6.085207
v -0.003388 0.034659 -0.030756
vn 0.001100 -0.036268 -6.267868
v 0.000000 0.012000 -0.031000
vn 1.057014 6.020750 0.804527
v 0.011864 0.089483 0.012000
vn 3.775882 3.622528 2.994517
v 0.017433 0.086070 0.013000
vn 4.435756 4.325814 -0.609500
v 0.017634 0.086247 -0.012000
vn 2.993565 5.333222 0.855239
v 0.015024 0.088356 0.012000
vn -2.282157 0.782305 -5.798300
v -0.011993 0.034659 -0.028523
vn -4.308267 0.579731 -4.272151
v -0.042330 0.054955 -0.013414
vn -5.618656 2.423856 0.813124
v -0.042177 0.057673 0.012000
vn -5.162500 3.285948 0.810281
v -0.041443 0.059059 0.012000
vn -3.775882 3.622528 2.994517
v -0.017433 0.086070 0.013000
vn 5.566712 0.703135 -2.344358
v 0.042760 0.055013 -0.012765
vn 4.356445 -0.251460 -4.260489
v 0.042396 0.053111 -0.013414
vn 5.534921 -1.187005 -2.330702
v 0.042519 0.051178 -0.012765
vn 5.927402 1.521890 0.802469
v 0.042685 0.056188 0.012000
vn 6.277407 0.106616 0.003305
v 0.042998 0.053880 0.008200
vn 3.708467 -2.665541 3.775922
v 0.022642 0.000200 0.021174
vn 3.670575 -0.160369 4.962126
v 0.041982 0.053137 0.013732
vn 5.194220 -0.325654 2.960554
v 0.042713 0.053091 0.013000
vn 4.270061 -2.839970 -3.078982
v 0.025849 0.000200 -0.017113
vn 3.349468 -2.634869 -3.994881
v 0.019041 0.000200 -0.024463
vn 5.111613 -2.988750 -1.064746
v 0.030051 0.000200 -0.007610
vn -1.632118 -5.310373 1.576484
v -0.022496 0.000000 0.021037
vn -2.072556 -5.300385 0.945599
v -0.028152 0.000000 0.012495
vn -3.708464 -2.665541 3.775925
v -0.022642 0.000200 0.021174
vn -1.818374 -2.358284 4.864336
v -0.010066 0.000200 0.029320
vn -2.293990 -5.274414 0.190554
v -0.030693 0.000000 0.002570
vn -5.141760 -1.017115 2.956163
v -0.042498 0.051579 0.013000
vn -4.850360 -3.006175 1.883376
v -0.028389 0.000200 0.012453
vn -5.111613 -2.988750 -1.064746
v -0.030051 0.000200 -0.007610
vn -1.341182 -5.314238 -1.826126
v -0.018684 0.000000 -0.024485
vn -3.708270 -2.668077 -3.775656
v -0.022642 0.000200 -0.021174
vn -1.895040 1.052470 5.867798
v -0.009805 0.035659 0.029348
vn 0.681985 0.323299 6.217338
v 0.003395 0.035100 0.030814
vn -0.001066 -0.035740 6.267758
v 0.000000 0.012000 0.031000
vn -0.555520 3.159790 5.139998
v -0.011691 0.088498 0.013732
vn -0.217690 1.287978 6.095984
v -0.001060 0.035659 0.030924
vn -1.050926 1.211828 6.035982
v -0.005486 0.035659 0.030451
vn -2.060231 2.588131 5.108841
v -0.015789 0.086634 0.013732
vn -6.163544 1.205186 0.002507
v -0.042802 0.055678 -0.008200
vn -5.181376 0.490700 2.959037
v -0.042689 0.054618 0.013000
vn -4.850686 2.842598 -2.332545
v -0.041515 0.058647 -0.012765
vn -2.005992 1.598744 -5.725379
v -0.039575 0.059497 -0.013848
vn -6.274108 0.157542 -0.007239
v -0.042998 0.053880 -0.007800
vn -4.472884 -2.952086 -2.660450
v -0.025952 0.000200 -0.016955
vn -4.849764 -3.008259 -1.883568
v -0.028389 0.000200 -0.012453
vn -5.607793 -0.351684 -2.295703
v -0.042828 0.053084 -0.012765
vn -1.880337 -5.303910 -1.280628
v -0.025682 0.000000 -0.017003
vn -3.376655 0.887395 5.043745
v -0.041717 0.055940 0.013732
vn -2.369767 0.305648 5.792301
v -0.011863 0.035100 0.028640
vn -3.670655 -0.160390 4.962086
v -0.041982 0.053137 0.013732
vn 2.214087 -5.288013 -0.582677
v 0.029838 0.000000 -0.007639
vn 2.293990 -5.274415 0.190554
v 0.030693 0.000000 0.002570
vn 5.022235 -2.976159 1.502870
v 0.030031 0.000200 0.007688
vn 2.072556 -5.300385 0.945599
v 0.028152 0.000000 0.012495
vn 2.332717 0.293769 5.804513
v 0.011863 0.035100 0.028640
vn 1.299321 0.370717 6.119875
v 0.006048 0.035100 0.030404
vn 1.642467 -0.013701 6.061246
v 0.009036 0.003500 0.029654
vn 1.535879 1.143601 5.948167
v 0.007771 0.035659 0.029950
vn 1.929549 0.010334 5.978859
v 0.009793 0.025925 0.029413
vn 2.365298 -2.258288 4.766310
v 0.014445 0.000200 0.027429
vn 1.056187 -2.318094 5.068678
v 0.005102 0.000200 0.030577
vn 0.663033 -5.315534 2.165662
v 0.009620 0.000000 0.029259
vn 1.016766 -5.313280 -2.026025
v 0.014352 0.000000 -0.027252
vn 1.632118 -5.310373 -1.576484
v 0.022496 0.000000 -0.021037
vn 1.501595 -2.199837 -5.101469
v 0.009683 0.000200 -0.029449
vn 1.339113 -0.001135 -6.135725
v 0.006048 0.018800 -0.030404
vn -1.501607 -2.199843 -5.101487
v -0.009683 0.000200 -0.029449
vn -1.317559 -0.005566 -6.141147
v -0.006048 0.018800 -0.030404
vn 0.205952 -5.268672 -2.295643
v 0.004620 0.000000 -0.030452
vn 4.392261 2.788321 2.961098
v 0.041217 0.058916 0.013000
vn 2.891569 1.839128 5.070641
v 0.040598 0.058523 0.013732
vn 1.074044 3.032931 5.137100
v 0.013156 0.088111 0.013732
vn 0.898971 5.121243 2.955386
v 0.011817 0.089219 0.013000
vn -0.619904 6.247915 -0.018218
v -0.011029 0.089593 -0.008200
vn -2.053655 5.757363 0.804854
v -0.013492 0.089053 0.012000
vn -0.898971 5.121243 2.955386
v -0.011817 0.089219 0.013000
vn 0.394048 5.629296 -2.316544
v 0.010518 0.089474 -0.012765
vn -3.366702 4.505798 -2.279772
v -0.016061 0.087498 -0.012765
vn -4.205550 4.101200 -1.979098
v -0.017520 0.086146 -0.012765
vn -3.843115 4.753768 0.802120
v -0.016418 0.087412 0.012000
vn -4.712738 4.155541 -0.000293
v -0.027243 0.075349 0.008200
vn -1.865372 3.925013 -4.270215
v -0.014174 0.088136 -0.013414
vn 1.894226 1.034530 -5.872952
v 0.009805 0.034659 -0.029348
vn 2.583096 3.503640 -4.277027
v 0.015800 0.087151 -0.013414
vn 2.811545 0.982891 -5.471443
v 0.041292 0.056540 -0.013848
vn 5.851406 2.003028 -0.610723
v 0.042460 0.056941 -0.012000
vn 5.244521 3.276902 -0.611115
v 0.041647 0.058724 -0.012000
vn -0.195696 2.706611 -5.573828
v -0.010476 0.088392 -0.013848
vn 1.038947 4.220342 -4.269052
v 0.012383 0.088775 -0.013414
vn 1.631554 2.258237 -5.545426
v 0.015409 0.086633 -0.013848
vn -1.164851 2.482224 -5.552222
v -0.013895 0.087550 -0.013848
vn -1.076079 1.192364 -6.037621
v -0.005591 0.034659 -0.030432
vn 0.660389 0.322336 -6.219847
v 0.003287 0.034100 -0.030825
vn -0.291022 0.320140 -6.251603
v -0.001170 0.034100 -0.030978
vn 1.334664 6.031111 -0.621114
v 0.012523 0.089344 -0.012000
vn 0.619904 6.247916 -0.018218
v 0.011029 0.089593 -0.008200
vn 4.058321 3.305242 2.999034
v 0.040300 0.060136 0.013000
vn 2.543390 4.535970 2.955173
v 0.014893 0.088122 0.013000
vn 4.712738 4.155541 -0.000293
v 0.027243 0.075349 0.008200
vn 3.857679 4.743654 0.822433
v 0.016418 0.087412 0.012000
vn 2.034402 5.765814 0.829584
v 0.013492 0.089053 0.012000
vn -3.022368 0.438717 -5.440259
v -0.041687 0.054868 -0.013848
vn -5.309495 1.818171 -2.355209
v -0.042316 0.056891 -0.012765
vn -4.112702 1.409001 -4.270997
v -0.041906 0.056751 -0.013414
vn -5.779853 2.455475 -0.000066
v -0.042177 0.057673 0.008200
vn -5.244521 3.276902 -0.611115
v -0.041647 0.058724 -0.012000
vn -5.549711 2.936993 0.005532
v -0.041840 0.058374 0.008200
vn -4.058321 3.305242 2.999034
v -0.040300 0.060136 0.013000
vn -2.543390 4.535970 2.955173
v -0.014893 0.088122 0.013000
vn 5.309495 1.818171 -2.355209
v 0.042316 0.056891 -0.012765
vn 3.022396 0.438757 -5.440248
v 0.041687 0.054868 -0.013848
vn 3.179018 -0.076517 -5.389285
v 0.041748 0.053151 -0.013848
vn 6.274108 0.157542 -0.007239
v 0.042998 0.053880 -0.007800
vn 6.092065 0.583882 0.811378
v 0.042955 0.054643 0.012000
vn 4.009906 -0.671766 4.750844
v 0.041784 0.051739 0.013732
vn 3.964617 -2.826336 3.377095
v 0.022807 0.000200 0.020996
vn 1.341182 -5.314239 1.826127
v 0.018684 0.000000 0.024485
vn 3.540108 0.362307 5.015349
v 0.041960 0.054549 0.013732
vn 2.783643 -0.021778 5.632551
v 0.013795 0.001378 0.027762
vn 5.040911 1.295749 2.959517
v 0.042426 0.056122 0.013000
vn 4.472884 -2.952086 -2.660450
v 0.025952 0.000200 -0.016955
vn 3.708270 -2.668077 -3.775656
v 0.022642 0.000200 -0.021174
vn -4.472996 -2.952704 2.660011
v -0.025952 0.000200 0.016955
vn -2.639292 -2.380786 4.493061
v -0.014754 0.000200 0.027264
vn -0.663033 -5.315534 2.165662
v -0.009620 0.000000 0.029259
vn -1.642442 -0.013379 6.061252
v -0.009036 0.003500 0.029654
vn -5.022235 -2.976159 1.502870
v -0.030031 0.000200 0.007688
vn -4.468939 -0.876046 -4.175734
v -0.042100 0.051289 -0.013414
vn -2.891610 1.839059 5.070642
v -0.040598 0.058523 0.013732
vn 0.236498 1.285788 6.095816
v 0.001168 0.035659 0.030920
vn -0.450052 -2.169211 5.260310
v -0.004650 0.000200 0.030649
vn -1.074123 3.032897 5.137102
v -0.013156 0.088111 0.013732
vn -0.275614 0.320012 6.252530
v -0.001062 0.035100 0.030982
vn -6.031346 1.332964 -0.696376
v -0.042802 0.055678 -0.012000
vn -5.040911 1.295749 2.959517
v -0.042426 0.056122 0.013000
vn -2.541739 1.449323 -5.497467
v -0.040579 0.058103 -0.013848
vn -1.784609 1.773136 -5.743776
v -0.016708 0.085431 -0.013848
vn -3.443144 2.747847 -4.374822
v -0.040061 0.059926 -0.013414
vn -6.258403 0.528971 -0.000052
v -0.042955 0.054643 0.008200
vn -6.277407 0.106616 0.003305
v -0.042998 0.053880 0.008200
vn -5.566712 0.703135 -2.344358
v -0.042760 0.055013 -0.012765
vn -3.964837 -2.828058 -3.376415
v -0.022807 0.000200 -0.020996
vn -2.226227 0.003869 5.875079
v -0.011000 0.026850 0.028983
vn -3.037394 -2.428030 4.359863
v -0.018806 0.000200 0.024644
vn 2.072556 -5.300385 -0.945599
v 0.028152 0.000000 -0.012495
vn 4.850360 -3.006175 1.883376
v 0.028389 0.000200 0.012453
vn 3.160156 1.380399 5.061611
v 0.041259 0.057275 0.013732
vn 2.565993 0.006261 5.734622
v 0.012250 0.025600 0.028477
vn 1.048693 0.330308 6.171162
v 0.005602 0.035100 0.030490
vn 1.988190 0.020391 5.960000
v 0.009917 0.026225 0.029371
vn 1.908666 0.000540 5.986180
v 0.009421 0.005000 0.029534
vn 1.869567 0.002630 5.998046
v 0.009750 0.025600 0.029427
vn 2.395056 -0.862891 5.670087
v 0.011863 0.000500 0.028640
vn 2.639292 -2.380786 4.493061
v 0.014754 0.000200 0.027264
vn 1.674938 -0.035273 6.051861
v 0.009134 0.002723 0.029624
vn 1.318054 -0.005382 6.141005
v 0.006048 0.018800 0.030404
vn 1.818262 -2.358346 4.864697
v 0.010066 0.000200 0.029320
vn 1.056188 -2.318093 -5.068676
v 0.005102 0.000200 -0.030577
vn 2.557429 -0.418327 -5.704323
v 0.012577 0.000602 -0.028334
vn 1.818374 -2.358284 -4.864336
v 0.010066 0.000200 -0.029320
vn 1.347848 0.348394 -6.106146
v 0.006048 0.034100 -0.030404
vn -2.034239 0.023710 -5.944504
v -0.010118 0.026486 -0.029302
vn -1.056187 -2.318094 -5.068680
v -0.005102 0.000200 -0.030577
vn -2.365405 -2.258156 -4.766255
v -0.014445 0.000200 -0.027429
vn -1.628794 0.308522 -6.039206
v -0.007786 0.034100 -0.030006
vn -0.681888 0.323252 -6.217345
v -0.003395 0.034100 -0.030814
vn 5.162500 3.285948 0.810281
v 0.041443 0.059059 0.012000
vn 0.655993 1.231664 6.079516
v 0.003388 0.035659 0.030756
vn -1.334664 6.031111 -0.621114
v -0.012523 0.089344 -0.012000
vn -0.394048 5.629297 -2.316544
v -0.010518 0.089474 -0.012765
vn -3.787348 3.704711 -3.276517
v -0.017433 0.086070 -0.013000
vn -3.711644 4.910041 -0.616647
v -0.016152 0.087619 -0.012000
vn -4.712738 4.155540 0.000261
v -0.027243 0.075349 -0.007800
vn -1.038947 4.220342 -4.269052
v -0.012383 0.088775 -0.013414
vn -2.449977 5.046672 -2.336437
v -0.014360 0.088528 -0.012765
vn -2.583096 3.503640 -4.277027
v -0.015800 0.087151 -0.013414
vn 1.932966 0.298660 -5.948002
v 0.009823 0.034100 -0.029402
vn 2.449977 5.046673 -2.336437
v 0.014360 0.088528 -0.012765
vn 3.366701 4.505798 -2.279772
v 0.016061 0.087498 -0.012765
vn 3.443144 2.747847 -4.374823
v 0.040061 0.059926 -0.013414
vn 2.541771 1.449229 -5.497474
v 0.040579 0.058103 -0.013848
vn 6.031346 1.332964 -0.696376
v 0.042802 0.055678 -0.012000
vn 4.841457 3.866919 -0.612960
v 0.040501 0.060314 -0.012000
vn 5.581193 2.644602 -0.698787
v 0.041957 0.058147 -0.012000
vn -0.236762 1.267751 -6.101923
v -0.001168 0.034659 -0.030920
vn 0.304501 4.342624 -4.298864
v 0.010501 0.089040 -0.013414
vn 1.052179 1.194620 -6.041143
v 0.005486 0.034659 -0.030451
vn 1.164836 2.482230 -5.552221
v 0.013895 0.087550 -0.013848
vn 2.368051 2.323136 -5.285121
v 0.016884 0.085586 -0.013732
vn 0.275682 0.319893 -6.252528
v 0.001062 0.034100 -0.030982
vn 1.054420 6.189146 -0.012717
v 0.011864 0.089483 -0.007800
vn 3.267913 4.044145 2.955925
v 0.016250 0.087203 0.013000
vn 3.564516 5.172356 0.023685
v 0.015679 0.087955 0.010210
vn -2.331751 0.293491 -5.805216
v -0.011863 0.034100 -0.028640
vn -5.642118 2.761921 0.000017
v -0.041957 0.058147 -0.008200
vn -3.267913 4.044145 2.955925
v -0.016250 0.087203 0.013000
vn -1.747081 4.897897 2.956184
v -0.013402 0.088800 0.013000
vn 4.112703 1.409001 -4.270997
v 0.041906 0.056751 -0.013414
vn 2.367708 0.304024 -5.793471
v 0.011863 0.034100 -0.028640
vn 5.181376 0.490700 2.959037
v 0.042689 0.054618 0.013000
vn 6.258402 0.528971 -0.000052
v 0.042955 0.054643 0.008200
vn 3.350143 -2.634822 3.994327
v 0.019041 0.000200 0.024463
vn 4.269790 -2.840304 3.079252
v 0.025849 0.000200 0.017113
vn 1.632118 -5.310373 1.576484
v 0.022496 0.000000 0.021037
vn 2.789525 0.000370 5.629998
v 0.013853 0.005555 0.027733
vn 2.727372 0.000712 5.660284
v 0.013378 0.006000 0.027965
vn 4.775946 2.066846 2.962866
v 0.041931 0.057566 0.013000
vn 4.703409 -2.947364 -2.316006
v 0.028335 0.000200 -0.012576
vn -4.269791 -2.840304 3.079252
v -0.025849 0.000200 0.017113
vn -2.783125 -0.021273 5.632811
v -0.013795 0.001378 0.027762
vn -1.016766 -5.313280 2.026025
v -0.014352 0.000000 0.027252
vn -1.501601 -2.199836 5.101489
v -0.009683 0.000200 0.029449
vn -3.037222 -2.426471 -4.360095
v -0.018806 0.000200 -0.024644
vn 0.006996 0.400507 6.252141
v 0.000000 0.035100 0.031000
vn -1.029491 0.329366 6.174313
v -0.005496 0.035100 0.030509
vn -0.660492 0.322393 6.219834
v -0.003287 0.035100 0.030825
vn -6.079417 1.568464 0.000960
v -0.042689 0.056175 0.008200
vn -4.392261 2.788321 2.961098
v -0.041217 0.058916 0.013000
vn -1.913052 0.784092 -5.879405
v -0.009910 0.034659 -0.029312
vn -2.598387 2.061889 -5.285760
v -0.039751 0.059652 -0.013732
vn -4.146025 3.299651 -3.276416
v -0.040300 0.060136 -0.013000
vn -2.395056 -0.861879 5.670120
v -0.011863 0.000500 0.028640
vn -2.119080 0.002754 5.914952
v -0.010375 0.026683 0.029212
vn 4.703757 -2.946543 2.315714
v 0.028335 0.000200 0.012576
vn 2.289485 0.798834 5.792042
v 0.011993 0.035659 0.028523
vn 0.903221 0.000084 6.217343
v 0.004650 0.012000 0.030649
vn 2.105489 0.018861 5.919528
v 0.010375 0.026683 0.029212
vn 2.024887 -0.000128 5.947957
v 0.009917 0.024975 0.029371
vn 1.980540 0.000001 5.962760
v 0.009793 0.025275 0.029413
vn 2.556736 -0.421672 5.703910
v 0.012578 0.000603 0.028334
vn 2.457212 0.001070 5.782756
v 0.012083 0.026225 0.028548
vn 1.848423 0.001560 6.005052
v 0.009134 0.004277 0.029624
vn 1.892227 -0.006910 5.991277
v 0.009421 0.002000 0.029534
vn 1.642442 -0.013367 -6.061251
v 0.009036 0.003500 -0.029654
vn 2.365350 -2.258139 -4.766283
v 0.014445 0.000200 -0.027429
vn 1.029527 0.329421 -6.174308
v 0.005496 0.034100 -0.030509
vn -1.899917 -0.001446 -5.987959
v -0.009750 0.025600 -0.029427
vn -1.642467 -0.013707 -6.061245
v -0.009036 0.003500 -0.029654
vn -1.818262 -2.358346 -4.864697
v -0.010066 0.000200 -0.029320
vn -1.016766 -5.313283 -2.026025
v -0.014352 0.000000 -0.027252
vn -3.178897 -0.076485 -5.389348
v -0.041748 0.053151 -0.013848
vn -1.299321 0.370717 -6.119875
v -0.006048 0.034100 -0.030404
vn -1.048732 0.330364 -6.171169
v -0.005602 0.034100 -0.030490
vn -1.054420 6.189146 -0.012717
v -0.011864 0.089483 -0.007800
vn -2.073714 5.809947 -0.717890
v -0.013492 0.089053 -0.012000
vn -3.472955 5.230390 -0.018870
v -0.015741 0.087913 -0.008200
vn -0.304501 4.342624 -4.298864
v -0.010501 0.089040 -0.013414
vn -2.368051 2.323136 -5.285121
v -0.016884 0.085586 -0.013732
vn 1.908537 0.000587 -5.986202
v 0.009421 0.005000 -0.029534
vn 2.024880 -0.000093 -5.947953
v 0.009917 0.024975 -0.029371
vn 1.865372 3.925013 -4.270215
v 0.014174 0.088136 -0.013414
vn 2.072165 5.810589 -0.720374
v 0.013492 0.089053 -0.012000
vn 2.785478 5.514714 -0.621383
v 0.014425 0.088665 -0.012000
vn 3.787348 3.704711 -3.276517
v 0.017433 0.086070 -0.013000
vn 2.598384 2.061887 -5.285762
v 0.039751 0.059652 -0.013732
vn 6.079417 1.568464 0.000960
v 0.042689 0.056175 0.008200
vn 6.163544 1.205186 0.002507
v 0.042802 0.055678 -0.008200
vn 4.712738 4.155540 0.000261
v 0.027243 0.075349 -0.007800
vn 4.590999 3.666066 -1.981729
v 0.040386 0.060213 -0.012765
vn 5.779853 2.455475 -0.000066
v 0.042177 0.057673 0.008200
vn 5.549711 2.936993 0.005532
v 0.041840 0.058374 0.008200
vn -0.006996 0.400507 -6.252141
v 0.000000 0.034100 -0.031000
vn 3.625799 5.130082 0.003672
v 0.015707 0.087936 0.010000
vn 3.256382 5.372382 -0.004531
v 0.015307 0.088191 -0.005693
vn 3.464544 5.238960 0.052850
v 0.015600 0.088007 0.010400
vn -2.693111 -0.092187 -5.674131
v -0.013235 0.000902 -0.028033
vn 3.789138 2.146495 -4.278514
v 0.041140 0.058429 -0.013414
vn 2.679534 0.128321 -5.678085
v 0.013947 0.034100 -0.027685
vn 2.263792 -0.182275 -5.853620
v 0.011141 0.000603 -0.028929
vn 2.655238 0.001416 5.694358
v 0.013235 0.006098 0.028033
vn -2.770231 0.000607 5.639435
v -0.013796 0.005620 0.027761
vn -2.365242 -2.258271 4.766338
v -0.014445 0.000200 0.027429
vn -1.908587 0.000568 5.986186
v -0.009421 0.005000 0.029534
vn -2.003760 0.000067 5.955022
v -0.009917 0.024975 0.029371
vn -1.056188 -2.318092 5.068676
v -0.005102 0.000200 0.030577
vn -2.639571 -2.380040 -4.492904
v -0.014754 0.000200 -0.027264
vn -0.053236 0.000000 3.141141
v 0.000000 0.018400 0.031000
vn -1.347904 0.348333 6.106131
v -0.006048 0.035100 0.030404
vn -0.896034 0.000077 6.218284
v -0.004650 0.012000 0.030649
vn -4.775946 2.066846 2.962866
v -0.041931 0.057566 0.013000
vn -1.985003 0.021804 -5.961019
v -0.009917 0.026225 -0.029371
vn -2.103906 0.021296 -5.920052
v -0.010375 0.026683 -0.029212
vn -4.590976 3.666090 -1.981710
v -0.040386 0.060213 -0.012765
vn -2.342463 0.000787 5.829959
v -0.011625 0.026683 0.028738
vn -2.263792 -0.182274 5.853620
v -0.011141 0.000603 0.028929
vn -2.557395 -0.418265 5.704357
v -0.012577 0.000602 0.028334
vn 1.001890 0.002330 6.202256
v 0.005109 0.018400 0.030576
vn 2.036807 0.021185 5.943666
v 0.010118 0.026486 0.029302
vn 2.264328 -0.187317 5.852874
v 0.011142 0.000602 0.028929
vn 2.483401 0.000583 5.771284
v 0.012207 0.025273 0.028496
vn 2.370234 0.000214 5.818424
v 0.011891 0.026477 0.028629
vn 1.849705 0.001396 -6.004665
v 0.009134 0.004276 -0.029624
vn 2.395025 -0.861931 -5.670124
v 0.011863 0.000500 -0.028640
vn 1.008448 0.001581 -6.201365
v 0.005109 0.018400 -0.030576
vn -1.908666 0.000540 -5.986180
v -0.009421 0.005000 -0.029534
vn -1.848423 0.001560 -6.005052
v -0.009134 0.004277 -0.029624
vn -0.903221 0.000093 -6.217343
v -0.004650 0.012000 -0.030649
vn -3.095274 5.462239 -0.012961
v -0.015024 0.088356 -0.007800
vn 1.889645 0.000979 -5.992018
v 0.009750 0.025600 -0.029427
vn 1.892189 -0.006916 -5.991288
v 0.009421 0.002000 -0.029534
vn 1.981164 0.000244 -5.962584
v 0.009793 0.025275 -0.029413
vn 2.391523 5.809573 0.001342
v 0.014107 0.088810 0.010000
vn 3.152470 3.076986 -4.373619
v 0.017194 0.085860 -0.013414
vn 4.205522 4.101219 -1.979118
v 0.017520 0.086146 -0.012765
vn 4.146025 3.299651 -3.276416
v 0.040300 0.060136 -0.013000
vn 5.642118 2.761921 0.000017
v 0.041957 0.058147 -0.008200
vn -0.005825 0.000000 -6.282179
v 0.000000 0.018400 -0.031000
vn 3.465715 5.235746 -0.024017
v 0.015741 0.087913 -0.008200
vn 3.108828 5.455377 -0.023182
v 0.015024 0.088356 -0.007800
vn 3.278099 5.358437 0.026281
v 0.015307 0.088191 0.010693
vn -2.538338 0.002310 -5.746329
v -0.012250 0.025600 -0.028477
vn -2.395086 -0.862838 -5.670083
v -0.011863 0.000500 -0.028640
vn -2.783732 -0.021751 -5.632518
v -0.013795 0.001378 -0.027762
vn 2.783209 -0.021246 -5.632768
v 0.013795 0.001378 -0.027762
vn 2.562636 0.006111 -5.736179
v 0.012250 0.025600 -0.028477
vn 2.119080 0.003108 -5.914950
v 0.010375 0.026683 -0.029212
vn 2.589469 0.001168 5.724723
v 0.012576 0.006398 0.028334
vn -1.892189 -0.006916 5.991288
v -0.009421 0.002000 0.029534
vn -1.850096 0.001341 6.004546
v -0.009134 0.004276 0.029624
vn -1.931948 -0.003403 5.978267
v -0.009750 0.025600 0.029427
vn -2.019953 -0.000326 5.949429
v -0.009793 0.025274 0.029412
vn -2.057920 0.000745 5.936593
v -0.010118 0.026486 0.029302
vn -1.674967 -0.035279 6.051854
v -0.009134 0.002724 0.029624
vn -1.338778 -0.001118 6.135788
v -0.006048 0.018800 0.030404
vn -1.010522 0.001437 6.201047
v -0.005109 0.018400 0.030576
vn -1.937425 0.006829 -5.976097
v -0.009793 0.025924 -0.029413
vn -2.010709 0.000124 -5.952704
v -0.010066 0.018400 -0.029320
vn -2.003762 0.000064 -5.955026
v -0.009917 0.024975 -0.029371
vn -2.082125 -0.000018 -5.928141
v -0.010375 0.024517 -0.029212
vn -2.136883 -0.016236 5.908427
v -0.010463 0.000902 0.029181
vn -2.348265 -0.000003 5.827668
v -0.011625 0.024517 0.028738
vn -2.290211 0.000220 5.850943
v -0.011143 0.006398 0.028928
vn -2.445002 -0.000339 5.787891
v -0.012207 0.025925 0.028495
vn -2.677492 0.000672 5.683701
v -0.013235 0.006098 0.028033
vn -2.691481 -0.093288 5.674810
v -0.013235 0.000902 0.028033
vn 2.010709 0.000124 5.952704
v 0.010066 0.018400 0.029320
vn 2.082125 -0.000018 5.928141
v 0.010375 0.024517 0.029212
vn 2.351439 -0.000003 5.826424
v 0.011625 0.024517 0.028738
vn 2.454117 0.003692 5.783976
v 0.012207 0.025925 0.028495
vn 2.436115 -0.000048 5.791694
v 0.012083 0.024975 0.028548
vn 2.342419 0.000883 -5.829975
v 0.011625 0.026683 -0.028738
vn 0.896034 0.000085 -6.218285
v 0.004650 0.012000 -0.030649
vn -1.892227 -0.006910 -5.991277
v -0.009421 0.002000 -0.029534
vn -0.998102 0.002601 -6.202817
v -0.005109 0.018400 -0.030576
vn 2.050825 0.000443 -5.937888
v 0.009793 0.025925 -0.029413
vn 2.391599 5.809533 -0.000409
v 0.014107 0.088810 -0.005000
vn 2.612428 5.712326 0.064761
v 0.014344 0.088704 0.010568
vn 3.491073 5.223880 -0.000103
v 0.015679 0.087955 -0.005210
vn 2.942394 5.551021 0.005460
v 0.014907 0.088420 0.010800
vn 3.198980 5.407718 0.000071
v 0.015029 0.088353 -0.005791
vn -2.655265 0.001445 -5.694345
v -0.013235 0.006098 -0.028033
vn -2.556690 -0.421609 -5.703918
v -0.012578 0.000603 -0.028334
vn -2.457478 0.000765 -5.782641
v -0.012083 0.026225 -0.028548
vn -2.788556 0.000388 -5.630486
v -0.013853 0.005555 -0.027733
vn 2.770264 0.000611 -5.639418
v 0.013796 0.005620 -0.027761
vn 2.691481 -0.093288 -5.674810
v 0.013235 0.000902 -0.028033
vn 2.457408 0.001162 -5.782672
v 0.012083 0.026225 -0.028548
vn 2.483695 0.000539 -5.771154
v 0.012207 0.025273 -0.028496
vn 2.136883 -0.016236 -5.908427
v 0.010463 0.000902 -0.029181
vn 2.057869 0.000831 -5.936610
v 0.010118 0.026486 -0.029302
vn 2.226077 0.004423 -5.875130
v 0.011000 0.026850 -0.028983
vn -2.986602 -0.003511 5.396883
v -0.009793 0.025924 0.029413
vn -2.083610 0.000028 5.927795
v -0.010314 0.006000 0.029234
vn -2.010714 0.000124 5.952717
v -0.010066 0.018400 0.029320
vn -2.003934 0.000136 5.954933
v -0.009917 0.026225 0.029371
vn -2.019892 -0.000541 -5.949449
v -0.009793 0.025274 -0.029412
vn -2.036223 0.000088 -5.943804
v -0.010078 0.018400 -0.029316
vn -2.076257 -0.000008 -5.930228
v -0.010118 0.024715 -0.029302
vn -2.264328 -0.187317 -5.852874
v -0.011142 0.000602 -0.028929
vn -2.130640 0.000002 5.910720
v -0.010463 0.006098 0.029181
vn -2.210402 -0.000002 5.881405
v -0.011000 0.024350 0.028983
vn -2.451978 -0.000647 5.784970
v -0.012207 0.025275 0.028495
vn -2.456345 -0.000234 5.783126
v -0.012083 0.024975 0.028548
vn -2.533525 0.001941 5.748564
v -0.012250 0.025600 0.028477
vn 2.036242 0.000088 5.943862
v 0.010078 0.018400 0.029316
vn 2.076260 -0.000008 5.930236
v 0.010118 0.024714 0.029302
vn 2.203500 -0.000002 5.884050
v 0.011000 0.024350 0.028983
vn 2.134640 -0.015448 5.909084
v 0.010463 0.000902 0.029181
vn 2.370038 -0.000076 5.818533
v 0.011891 0.024723 0.028629
vn 2.348266 -0.000003 -5.827670
v 0.011625 0.024517 -0.028738
vn 2.519623 5.755001 0.034394
v 0.014214 0.088763 0.010400
vn 2.739054 5.651719 0.067493
v 0.014507 0.088626 0.010693
vn 3.524208 5.201760 0.000003
v 0.015707 0.087936 -0.005000
vn 3.399472 5.283670 -0.002284
v 0.015600 0.088007 -0.005400
vn 2.945431 5.549459 -0.000954
v 0.014907 0.088420 -0.005800
vn 3.198783 5.407468 -0.000119
v 0.015029 0.088353 0.010791
vn -2.727460 0.000736 -5.660241
v -0.013378 0.006000 -0.027965
vn -2.451692 -0.000604 -5.785088
v -0.012207 0.025275 -0.028495
vn -2.589469 0.001168 -5.724723
v -0.012576 0.006398 -0.028334
vn -2.444493 -0.000406 -5.788104
v -0.012207 0.025925 -0.028495
vn -2.370280 0.000242 -5.818416
v -0.011891 0.026477 -0.028629
vn 2.677499 0.000680 -5.683697
v 0.013235 0.006098 -0.028033
vn 2.370280 0.000242 -5.818416
v 0.011891 0.026477 -0.028629
vn 2.453609 0.003626 -5.784188
v 0.012207 0.025925 -0.028495
vn 2.436114 -0.000048 -5.791694
v 0.012083 0.024975 -0.028548
vn 2.083570 0.000028 -5.927682
v 0.010314 0.006000 -0.029234
vn 2.010714 0.000124 -5.952717
v 0.010066 0.018400 -0.029320
vn 2.003935 0.000147 -5.954926
v 0.009917 0.026225 -0.029371
vn 2.290211 0.000220 -5.850943
v 0.011143 0.006398 -0.028928
vn 2.130639 0.000002 -5.910720
v 0.010463 0.006098 -0.029181
vn 2.210402 -0.000002 -5.881405
v 0.011000 0.024350 -0.028983
vn -2.067645 -0.000000 5.933230
v -0.010118 0.024715 0.029302
vn -2.109641 0.000000 5.918383
v -0.010375 0.024517 0.029212
vn -2.036223 0.000088 5.943804
v -0.010078 0.018400 0.029316
vn -2.134640 -0.015448 -5.909084
v -0.010463 0.000902 -0.029181
vn -2.351439 -0.000003 -5.826424
v -0.011625 0.024517 -0.028738
vn -2.370234 0.000214 5.818424
v -0.011891 0.026477 0.028629
vn -2.457282 0.000673 5.782726
v -0.012083 0.026225 0.028548
vn -2.566135 0.000623 5.735023
v -0.012577 0.006398 0.028334
vn 2.271972 0.000003 5.857936
v 0.011142 0.006398 0.028929
vn 2.223770 0.007106 5.875990
v 0.011000 0.026850 0.028983
vn 2.452779 5.783736 0.014087
v 0.014135 0.088798 0.010208
vn 2.659996 5.691892 -0.000788
v 0.014344 0.088704 -0.005568
vn 3.491368 5.223680 0.000000
v 0.015679 0.087955 -0.004790
vn 2.788059 5.629855 -0.000612
v 0.014507 0.088626 -0.005693
vn -2.456345 -0.000234 -5.783126
v -0.012083 0.024975 -0.028548
vn 2.566135 0.000623 -5.735023
v 0.012577 0.006398 -0.028334
vn 2.370035 -0.000076 -5.818525
v 0.011891 0.024723 -0.028629
vn 2.109641 0.000000 -5.918383
v 0.010375 0.024517 -0.029212
vn 2.067648 -0.000000 -5.933240
v 0.010118 0.024714 -0.029302
vn -2.223256 0.008132 -5.876173
v -0.011000 0.026850 -0.028983
vn -2.370038 -0.000076 5.818533
v -0.011891 0.024723 0.028629
vn 2.342498 0.000837 5.829938
v 0.011625 0.026683 0.028738
vn 2.130628 0.000002 5.910688
v 0.010463 0.006098 0.029181
vn 2.509769 5.760033 0.000000
v 0.014135 0.088798 0.009792
vn 2.566686 5.734931 -0.002081
v 0.014214 0.088763 -0.005400
vn 2.661128 5.691375 0.000000
v 0.014344 0.088704 -0.004432
vn -2.370035 -0.000076 -5.818525
v -0.011891 0.024723 -0.028629
vn 2.036243 0.000088 -5.943862
v 0.010078 0.018400 -0.029316
vn -2.203500 -0.000002 -5.884050
v -0.011000 0.024350 -0.028983
vn -2.130628 0.000002 -5.910688
v -0.010463 0.006098 -0.029181
vn -2.271972 0.000003 -5.857936
v -0.011142 0.006398 -0.028929
vn -2.342454 0.000933 -5.829955
v -0.011625 0.026683 -0.028738
vn 2.475290 5.774566 -0.005567
v 0.014135 0.088798 -0.005208
vn 0.629383 -5.218411 2.121499
v 0.069288 0.081058 0.007650
vn -3.049244 3.034439 0.298829
v 0.042015 0.151569 0.012000
vn 2.218616 0.831078 -5.182138
v 0.072314 0.123680 -0.014000
vn -2.846442 -1.118337 -2.928057
v 0.043786 0.092531 -0.013848
vn 4.818836 1.809087 2.081677
v 0.072595 0.123785 0.013700
vn 1.966862 -2.514266 -5.079594
v 0.071932 0.082382 -0.007950
vn -2.791533 1.094962 -2.848335
v 0.042052 0.150335 -0.013848
vn -2.846442 -1.118337 2.928057
v 0.043786 0.092531 0.013848
vn 1.824055 4.987864 -1.528157
v 0.047169 0.151572 -0.012765
vn 2.513283 -0.872538 -5.202739
v 0.073050 0.107507 -0.013830
vn -2.094793 -4.690961 -2.039404
v 0.046962 0.080884 -0.007650
vn 5.850593 -0.438630 1.396817
v 0.073990 0.086199 0.007650
vn -2.956691 0.215162 3.112936
v 0.042075 0.149570 0.014000
vn -6.280360 -0.188415 0.000088
v 0.043406 0.105192 -0.013202
vn 4.190858 3.117032 -2.120186
v 0.071780 0.125200 -0.013700
vn 2.150382 3.683528 2.750900
v 0.047733 0.151040 0.013520
vn -3.049255 3.034439 -0.298829
v 0.042015 0.151569 -0.012000
vn 1.206826 2.241580 -5.316682
v 0.047751 0.150438 -0.013875
vn 0.317526 -1.837725 -5.909240
v 0.049482 0.092770 -0.013875
vn 5.240299 0.567710 -2.155504
v 0.072910 0.122183 -0.013700
vn 0.629383 -5.218411 -2.121499
v 0.069288 0.081058 -0.007650
vn -2.094793 -4.690961 2.039404
v 0.046962 0.080884 0.007650
vn 4.298625 -2.856603 2.053766
v 0.073156 0.083282 0.007650
vn 5.850587 -0.438630 -1.396817
v 0.073990 0.086199 -0.007650
vn -2.938199 -0.392419 -3.108429
v 0.043763 0.093295 -0.014000
vn 2.239657 -0.203002 5.287205
v 0.073011 0.108801 0.014000
vn -2.843766 2.759242 1.186751
v 0.042019 0.151417 0.012765
vn -6.280340 -0.188339 -0.001751
v 0.043030 0.117734 0.013472
vn 1.956039 5.422431 0.162563
v 0.047012 0.151719 0.012000
vn 0.436140 0.704307 6.160440
v 0.047772 0.149741 0.014000
vn 4.465168 4.333265 -0.534321
v 0.048042 0.150750 -0.013375
vn 4.190874 3.117046 2.120184
v 0.071780 0.125200 0.013700
vn -2.843754 2.759243 -1.186751
v 0.042019 0.151417 -0.012765
vn 1.943736 4.476673 -2.179297
v 0.047616 0.151151 -0.013414
vn 1.875598 1.384510 -5.236947
v 0.071548 0.125010 -0.014000
vn -2.956691 0.215162 -3.112937
v 0.042075 0.149570 -0.014000
vn 2.239659 -0.203002 -5.287206
v 0.073011 0.108801 -0.014000
vn 4.818838 1.809087 -2.081677
v 0.072595 0.123785 -0.013700
vn 5.240300 0.567711 2.155502
v 0.072910 0.122183 0.013700
vn 1.853578 -4.813300 2.056184
v 0.070789 0.081383 0.007650
vn 0.474612 -3.396036 -5.055101
v 0.069270 0.081357 -0.007950
vn -4.774432 -2.706506 -1.678042
v 0.044561 0.083150 -0.007650
vn -0.367674 -3.660635 4.911687
v 0.048608 0.080765 0.007950
vn -4.774432 -2.706506 1.678042
v 0.044561 0.083150 0.007650
vn 3.644999 -1.390972 -4.825995
v 0.073511 0.084758 -0.007950
vn 4.992925 -1.529534 -2.017973
v 0.073799 0.084675 -0.007650
vn 5.302420 -0.281894 -2.244711
v 0.073348 0.107594 -0.013540
vn -6.279241 -0.218806 -0.019307
v 0.043819 0.091448 -0.012765
vn -2.938199 -0.392419 3.108429
v 0.043763 0.093295 0.014000
vn 3.645000 -1.390972 4.825995
v 0.073511 0.084758 0.007950
vn -2.791533 1.094962 2.848335
v 0.042052 0.150335 0.013848
vn -6.280340 -0.188339 0.001751
v 0.043030 0.117734 -0.013472
vn 1.824059 4.987868 1.528157
v 0.047169 0.151572 0.012765
vn 1.956042 5.422434 -0.162563
v 0.047012 0.151719 -0.012000
vn 2.150382 3.683528 -2.750900
v 0.047733 0.151040 -0.013520
vn 5.563116 2.874716 0.004502
v 0.072455 0.124121 0.009650
vn 1.875600 1.384511 5.236945
v 0.071548 0.125010 0.014000
vn 4.465168 4.333264 0.534322
v 0.048042 0.150750 0.013375
vn 1.851255 5.350862 -0.686233
v 0.047051 0.151682 -0.012390
vn -2.821196 2.094448 -2.172766
v 0.042032 0.150983 -0.013414
vn 0.436140 0.704307 -6.160437
v 0.047772 0.149741 -0.014000
vn 2.287791 0.264778 -5.273269
v 0.072610 0.122174 -0.014000
vn 0.238581 -0.639289 -6.204830
v 0.049461 0.093466 -0.014000
vn 6.164164 1.101557 0.006312
v 0.072849 0.122827 0.009650
vn 5.302420 -0.281894 2.244711
v 0.073348 0.107594 0.013540
vn 1.853578 -4.813300 -2.056184
v 0.070789 0.081383 -0.007650
vn 0.317526 -1.837725 5.909240
v 0.049482 0.092770 0.013875
vn 1.199535 -2.976826 -5.077513
v 0.070680 0.081663 -0.007950
vn -0.367674 -3.660635 -4.911687
v 0.048608 0.080765 -0.007950
vn -6.280026 -0.196606 0.004562
v 0.043823 0.091296 0.012000
vn -2.613580 -3.295837 -4.617739
v 0.045775 0.082031 -0.007950
vn -1.500481 -3.573087 4.787755
v 0.047084 0.081158 0.007950
vn -5.926252 -1.255167 -0.772005
v 0.044051 0.084744 -0.007650
vn 2.792068 -1.960963 -5.009215
v 0.072906 0.083447 -0.007950
vn 6.210886 -0.937770 0.016889
v 0.073937 0.085313 0.000884
vn 5.294446 0.005139 -2.292517
v 0.073311 0.108810 -0.013700
vn -4.665092 -1.660537 -2.256727
v 0.043806 0.091882 -0.013414
vn -6.280360 -0.188415 -0.000088
v 0.043406 0.105192 0.013202
vn -6.280358 -0.188512 0.001242
v 0.043442 0.103991 0.013700
vn -6.279228 -0.218805 0.019307
v 0.043819 0.091448 0.012765
vn 4.992925 -1.529534 2.017973
v 0.073799 0.084675 0.007650
vn 1.966863 -2.514266 5.079595
v 0.071932 0.082382 0.007950
vn -2.821196 2.094448 2.172766
v 0.042032 0.150983 0.013414
vn 1.206826 2.241580 5.316682
v 0.047751 0.150438 0.013875
vn -6.280358 -0.188512 -0.001242
v 0.043442 0.103991 -0.013700
vn 1.851255 5.350862 0.686233
v 0.047051 0.151682 0.012390
vn 5.563116 2.874716 -0.004502
v 0.072455 0.124121 -0.009650
vn 2.218616 0.831078 5.182138
v 0.072314 0.123680 0.014000
vn 6.164165 1.101557 -0.006312
v 0.072849 0.122827 -0.009650
vn 5.294446 0.005139 2.292517
v 0.073311 0.108810 0.013700
vn 2.513283 -0.872538 5.202739
v 0.073050 0.107507 0.013830
vn 6.280364 0.188286 0.000163
v 0.073454 0.104066 0.001083
vn 3.229272 -4.026451 -2.053876
v 0.072119 0.082148 -0.007650
vn 0.238581 -0.639289 6.204825
v 0.049461 0.093466 0.014000
vn 0.474612 -3.396036 5.055102
v 0.069270 0.081357 0.007950
vn -1.500481 -3.573087 -4.787755
v 0.047084 0.081158 -0.007950
vn -0.575208 -5.149728 2.070659
v 0.048583 0.080466 0.007650
vn -3.513852 -3.813207 1.996115
v 0.045569 0.081812 0.007650
vn -6.280015 -0.196606 -0.004562
v 0.043823 0.091296 -0.012000
vn -3.513852 -3.813207 -1.996115
v 0.045569 0.081812 -0.007650
vn 6.249929 -0.601840 -0.021300
v 0.073970 0.085573 -0.001083
vn -4.665092 -1.660536 2.256727
v 0.043806 0.091882 0.013414
vn -5.926252 -1.255167 0.772005
v 0.044051 0.084744 0.007650
vn 2.792068 -1.960963 5.009214
v 0.072906 0.083447 0.007950
vn 6.249896 -0.602407 0.021274
v 0.073970 0.085573 0.001083
vn 6.138182 -1.336963 0.002766
v 0.073878 0.084988 0.000324
vn 3.229271 -4.026450 2.053876
v 0.072119 0.082148 0.007650
vn 1.943736 4.476673 2.179297
v 0.047616 0.151151 0.013414
vn -6.280361 -0.188257 0.004450
v 0.043783 0.092645 -0.013571
vn 2.287791 0.264778 5.273271
v 0.072610 0.122174 0.014000
vn 4.612929 4.266007 0.006568
v 0.071553 0.125459 0.008125
vn 4.612934 4.266011 -0.006568
v 0.071553 0.125459 -0.008125
vn 6.280360 0.188401 0.000090
v 0.073382 0.106461 -0.013070
vn 6.280360 0.188401 -0.000090
v 0.073382 0.106461 0.013070
vn 6.280320 0.189715 0.000000
v 0.073952 0.087448 0.000000
vn 4.298624 -2.856602 -2.053766
v 0.073156 0.083282 -0.007650
vn 1.199535 -2.976826 5.077513
v 0.070680 0.081663 0.007950
vn -0.575208 -5.149729 -2.070659
v 0.048583 0.080466 -0.007650
vn -2.613580 -3.295837 4.617739
v 0.045775 0.082031 0.007950
vn 6.210886 -0.937770 -0.016889
v 0.073937 0.085313 -0.000884
vn -6.280361 -0.188257 -0.004450
v 0.043783 0.092645 0.013571
vn 6.277258 -0.211271 -0.005532
v 0.073988 0.085875 -0.001207
vn 6.103722 -1.489406 0.000000
v 0.073868 0.084945 0.000000
vn 6.175323 -1.154885 0.008211
v 0.073903 0.085114 0.000625
vn 4.745287 4.118182 0.000070
v 0.071669 0.125332 0.007500
vn 6.280364 0.188286 -0.000163
v 0.073454 0.104066 -0.001083
vn 6.280366 0.188202 -0.000337
v 0.073537 0.101271 0.008360
vn 6.280366 0.188202 0.000337
v 0.073537 0.101271 -0.008360
vn 6.277216 -0.211729 0.005536
v 0.073988 0.085874 0.001207
vn 6.138182 -1.336963 -0.002766
v 0.073878 0.084988 -0.000324
vn 4.671703 4.200640 0.001827
v 0.071640 0.125365 0.007824
vn 0.000000 0.000000 0.000000
v 0.071729 0.125262 0.005200
vn 4.745274 4.118171 -0.000070
v 0.071669 0.125332 -0.007500
vn 6.175323 -1.154885 -0.008211
v 0.073903 0.085114 -0.000625
vn 4.785153 4.070623 0.002031
v 0.071729 0.125262 0.009650
vn 4.671703 4.200641 -0.001827
v 0.071640 0.125365 -0.007824
vn 4.785164 4.070631 -0.002031
v 0.071729 0.125262 -0.009650
vn 4.665720 4.207491 0.000000
v 0.071640 0.125365 -0.007176
vn -5.086425 0.096810 -2.006598
v 0.009756 0.062180 -0.003750
vn 1.478838 -4.759828 3.170046
v 0.034197 0.049883 0.012200
vn -0.356605 2.355857 5.160087
v 0.068296 0.090096 0.014000
vn 0.778402 -2.645864 -5.104261
v 0.034107 0.050169 -0.012500
vn -2.105609 4.777019 -2.254893
v 0.066527 0.089795 -0.013700
vn 3.825590 -3.609762 2.125469
v 0.072307 0.081699 0.013700
vn -2.549073 2.457687 4.927499
v 0.011120 0.064842 0.003950
vn -2.055957 -5.648517 -0.888049
v 0.031023 0.048836 -0.008000
vn 2.816655 4.262976 -2.021034
v 0.071756 0.089621 -0.013700
vn -1.436340 0.926864 -5.969669
v 0.030029 0.055906 -0.012500
vn -0.084981 -0.287625 6.267594
v 0.050127 0.064970 0.014000
vn 4.160151 2.970333 2.020559
v 0.073069 0.088354 0.013700
vn 3.363240 -4.058326 -2.439565
v 0.052807 0.064502 -0.013700
vn -3.867876 -3.489553 1.900853
v 0.010873 0.059330 0.003750
vn -2.711588 4.724664 -1.965381
v 0.012295 0.065828 -0.003750
vn 2.072099 -5.585547 -0.854756
v 0.034816 0.048774 -0.008000
vn -3.135481 -4.027229 -2.947025
v 0.018569 0.055637 -0.007200
vn 1.098859 4.990864 -2.021127
v 0.070075 0.090332 -0.013700
vn 2.114690 -1.103886 5.156666
v 0.073167 0.083274 0.014000
vn 1.369344 -1.780455 5.323165
v 0.052702 0.064809 0.014000
vn -1.480102 0.640171 5.971287
v 0.029636 0.055240 0.012500
vn 4.945263 1.279533 -2.022373
v 0.073841 0.086701 -0.013700
vn 3.825572 -3.609837 -2.125436
v 0.072307 0.081699 -0.013700
vn -0.736532 0.620485 -6.130676
v 0.048740 0.069848 -0.014000
vn -5.086426 0.096810 2.006598
v 0.009756 0.062180 0.003750
vn -2.057092 -5.650316 0.881365
v 0.031023 0.048836 0.008000
vn -4.658954 2.033456 -2.008489
v 0.010089 0.063705 -0.003750
vn -2.105609 4.777018 2.254893
v 0.066527 0.089795 0.013700
vn -0.575085 -5.012797 -2.951861
v 0.032541 0.049726 -0.012200
vn 2.856637 -4.376740 -3.022566
v 0.035646 0.050700 -0.012200
vn 3.554754 -4.965650 0.791475
v 0.036473 0.049762 0.008000
vn -3.867876 -3.489553 -1.900853
v 0.010873 0.059330 -0.003750
vn -1.732813 -0.506799 -5.818301
v 0.029373 0.052968 -0.012500
vn -0.764537 5.050755 -2.022170
v 0.068251 0.090393 -0.013700
vn 1.098859 4.990864 2.021127
v 0.070075 0.090332 0.013700
vn 1.940794 1.385914 5.157638
v 0.072825 0.088180 0.014000
vn 5.073356 -0.581004 2.023751
v 0.073968 0.084880 0.013700
vn 0.213863 -2.579392 5.229350
v 0.033349 0.050016 0.012500
vn 1.689822 -1.581503 5.259567
v 0.072109 0.081924 0.014000
vn -0.738114 0.621839 6.129994
v 0.048740 0.069848 0.014000
vn 4.160152 2.970333 -2.020559
v 0.073069 0.088354 -0.013700
vn 5.073357 -0.581004 -2.023750
v 0.073968 0.084880 -0.013700
vn -1.049448 1.212210 -5.842769
v 0.065365 0.088428 -0.014000
vn -0.085054 -0.286950 -6.267655
v 0.050127 0.064970 -0.014000
vn -3.146877 1.374028 4.963961
v 0.010273 0.063625 0.003950
vn -1.805601 -1.016919 5.627035
v 0.029605 0.052230 0.012500
vn -0.099882 -5.962533 -0.845385
v 0.032914 0.048451 -0.008000
vn -3.538163 3.663255 -2.001957
v 0.010981 0.064986 -0.003750
vn -2.711588 4.724665 1.965381
v 0.012295 0.065828 0.003750
vn -1.049458 1.212209 5.842786
v 0.065365 0.088428 0.014000
vn 1.517596 -4.814874 -2.936224
v 0.034197 0.049883 -0.012200
vn -2.351216 -4.441569 -3.127590
v 0.030964 0.050257 -0.012200
vn 1.805434 -2.981218 -5.059214
v 0.035447 0.050925 -0.012500
vn 3.539667 -4.968590 -0.809721
v 0.036473 0.049762 -0.008000
vn 3.363818 -4.058249 2.439325
v 0.052807 0.064502 0.013700
vn 2.067965 -5.599231 0.827360
v 0.034816 0.048774 0.008000
vn -3.512214 -1.262902 -4.834805
v 0.010217 0.060717 -0.003950
vn -3.232996 -5.111467 -1.027324
v 0.012154 0.058438 -0.003750
vn -1.550139 0.289962 -5.967341
v 0.029389 0.054507 -0.012500
vn -0.764537 5.050756 2.022170
v 0.068251 0.090393 0.013700
vn 2.816655 4.262975 2.021034
v 0.071756 0.089621 0.013700
vn 4.945264 1.279533 2.022373
v 0.073841 0.086701 0.013700
vn 2.365186 -0.271215 5.162560
v 0.073669 0.084914 0.014000
vn 1.280325 -2.560075 5.204475
v 0.034817 0.050477 0.012500
vn -0.105484 -5.967115 0.832921
v 0.032914 0.048451 0.008000
vn 4.530938 -2.364586 2.020352
v 0.073433 0.083136 0.013700
vn 4.531008 -2.364552 -2.020319
v 0.073433 0.083136 -0.013700
vn -0.356605 2.355857 -5.160087
v 0.068296 0.090096 -0.014000
vn 1.369256 -1.780709 -5.323037
v 0.052702 0.064809 -0.014000
vn -0.330202 0.007481 -6.263230
v 0.048004 0.067377 -0.014000
vn -1.321653 -2.220704 -5.120646
v 0.031117 0.050515 -0.012500
vn -2.608713 -0.268664 5.639705
v 0.017861 0.058264 0.007500
vn -1.895950 1.534775 5.786270
v 0.019363 0.061702 0.007500
vn -4.658954 2.033456 2.008489
v 0.010089 0.063705 0.003750
vn -1.649944 -1.839790 5.261757
v 0.030496 0.050976 0.012500
vn -0.330762 0.007719 6.263167
v 0.048004 0.067377 0.014000
vn -2.549073 2.457687 -4.927499
v 0.011120 0.064842 -0.003950
vn -3.538164 3.663255 2.001957
v 0.010981 0.064986 0.003750
vn -1.044385 2.088818 5.227143
v 0.066676 0.089534 0.014000
vn -1.508802 1.233130 5.942952
v 0.030553 0.056475 0.012500
vn -0.321989 -2.608279 -5.116986
v 0.032575 0.050024 -0.012500
vn 2.534657 -4.503272 3.015366
v 0.034964 0.050215 0.012200
vn -3.423497 -2.435576 -4.636418
v 0.011017 0.059469 -0.003950
vn -4.737212 -1.856808 -2.005172
v 0.010031 0.060644 -0.003750
vn -3.062480 -1.994094 -5.015341
v 0.018803 0.055862 -0.007500
vn -2.623680 -0.308548 -5.630819
v 0.017861 0.058264 -0.007500
vn -3.232995 -5.111467 1.027324
v 0.012154 0.058438 0.003750
vn 1.313263 1.989327 5.158886
v 0.071590 0.089371 0.014000
vn 2.306201 0.596587 5.160836
v 0.073550 0.086626 0.014000
vn -0.588820 -4.950387 3.165140
v 0.032541 0.049726 0.012200
vn 0.501889 -5.144403 3.010382
v 0.033377 0.049718 0.012200
vn 0.579923 -6.229185 -0.003463
v 0.033095 0.048451 -0.004000
vn -1.044385 2.088818 -5.227143
v 0.066676 0.089534 -0.014000
vn 1.313263 1.989327 -5.158887
v 0.071590 0.089371 -0.014000
vn 1.689731 -1.581540 -5.259616
v 0.072109 0.081924 -0.014000
vn -1.820570 -1.622579 -5.290716
v 0.029984 0.051556 -0.012500
vn -3.500157 0.115078 4.935955
v 0.009956 0.062176 0.003950
vn -1.635678 -0.075931 5.922997
v 0.029300 0.053738 0.012500
vn -3.072101 -2.012658 5.006660
v 0.018803 0.055862 0.007500
vn -0.815002 -2.381093 5.235402
v 0.031820 0.050193 0.012500
vn -1.891750 1.549890 -5.784181
v 0.019363 0.061702 -0.007500
vn -3.147111 1.374136 -4.963860
v 0.010273 0.063625 -0.003950
vn 3.175172 -4.360369 2.917187
v 0.035646 0.050700 0.012200
vn -4.737212 -1.856808 2.005172
v 0.010031 0.060644 0.003750
vn -3.500157 0.115078 -4.935955
v 0.009956 0.062176 -0.003950
vn 0.513055 2.328456 5.158184
v 0.070011 0.090039 0.014000
vn 0.579923 -6.229188 0.003463
v 0.033095 0.048451 0.004000
vn 0.513055 2.328456 -5.158183
v 0.070011 0.090039 -0.014000
vn 1.940794 1.385914 -5.157638
v 0.072825 0.088180 -0.014000
vn 2.365186 -0.271215 -5.162560
v 0.073669 0.084914 -0.014000
vn -3.147719 -3.316238 -4.304289
v 0.029740 0.051382 -0.012200
vn -3.512331 -1.262851 4.834754
v 0.010217 0.060717 0.003950
vn -3.136210 -4.027078 2.946627
v 0.018569 0.055637 0.007200
vn -2.413800 -4.336835 3.276178
v 0.030964 0.050257 0.012200
vn -1.720662 1.594284 -5.827427
v 0.030553 0.056475 -0.012500
vn 2.114704 -1.103789 -5.156716
v 0.073167 0.083274 -0.014000
vn 2.306201 0.596587 -5.160837
v 0.073550 0.086626 -0.014000
vn -3.423498 -2.435576 4.636419
v 0.011017 0.059469 0.003950
vn -1.634298 -4.902666 3.011060
v 0.031725 0.049909 0.012200
vn -3.054973 -3.723125 3.932844
v 0.030293 0.050755 0.012200
vn -0.629275 -5.218496 -2.121439
v -0.069288 0.081058 -0.007650
vn 3.047528 3.023205 -0.299816
v -0.042015 0.151569 -0.012000
vn -2.219156 0.830419 5.181695
v -0.072315 0.123680 0.014000
vn 2.846041 -1.119384 2.932228
v -0.043786 0.092530 0.013848
vn -4.818896 1.807302 -2.081256
v -0.072596 0.123785 -0.013700
vn -1.966337 -2.514700 5.079649
v -0.071932 0.082382 0.007950
vn 2.791531 1.094888 2.850169
v -0.042052 0.150335 0.013848
vn 2.846062 -1.118675 -2.931060
v -0.043786 0.092530 -0.013848
vn -1.833164 4.981532 1.514896
v -0.047170 0.151571 0.012765
vn -2.512761 -0.872338 5.203333
v -0.073050 0.107507 0.013830
vn 2.094793 -4.690961 2.039404
v -0.046962 0.080884 0.007650
vn -5.850618 -0.438740 -1.396893
v -0.073990 0.086199 -0.007650
vn 2.956685 0.215136 -3.112798
v -0.042075 0.149570 -0.014000
vn -4.188436 3.115767 2.122409
v -0.071781 0.125200 0.013700
vn -2.150305 3.683539 -2.764631
v -0.047733 0.151040 -0.013520
vn 3.047544 3.023739 0.299610
v -0.042015 0.151569 0.012000
vn -1.206826 2.241580 5.316682
v -0.047751 0.150438 0.013875
vn -0.317713 -1.837398 5.909399
v -0.049482 0.092770 0.013875
vn -5.240772 0.566318 2.155709
v -0.072910 0.122183 0.013700
vn -0.629275 -5.218496 2.121439
v -0.069288 0.081058 0.007650
vn 6.131865 -1.066601 0.000000
v -0.044051 0.084744 0.003950
vn 2.094793 -4.690961 -2.039404
v -0.046962 0.080884 -0.007650
vn -4.296420 -2.855825 -2.054879
v -0.073156 0.083281 -0.007650
vn -5.850605 -0.438763 1.396904
v -0.073990 0.086199 0.007650
vn -2.239697 -0.203067 -5.287161
v -0.073011 0.108801 -0.014000
vn -1.969984 5.406329 -0.166892
v -0.047012 0.151719 -0.012000
vn -0.436139 0.704306 -6.160440
v -0.047772 0.149741 -0.014000
vn 2.820299 2.099787 -2.175188
v -0.042032 0.150983 -0.013414
vn -4.466921 4.331671 0.535134
v -0.048042 0.150750 0.013375
vn -4.188424 3.115757 -2.122408
v -0.071781 0.125200 -0.013700
vn 2.820288 2.099454 2.175202
v -0.042032 0.150983 0.013414
vn -1.872427 1.383432 5.240570
v -0.071548 0.125010 0.014000
vn 2.956682 0.215053 3.112232
v -0.042075 0.149570 0.014000
vn -2.239696 -0.203068 5.287160
v -0.073011 0.108801 0.014000
vn 2.938411 -0.392108 3.111815
v -0.043763 0.093295 0.014000
vn -4.818896 1.807302 2.081256
v -0.072596 0.123785 0.013700
vn -5.240774 0.566318 -2.155710
v -0.072910 0.122183 -0.013700
vn -1.854035 -4.814133 -2.055316
v -0.070789 0.081383 -0.007650
vn -0.474345 -3.396183 5.055122
v -0.069270 0.081357 0.007950
vn 4.774539 -2.706565 1.677895
v -0.044561 0.083150 0.007650
vn 0.367678 -3.660728 -4.911643
v -0.048608 0.080765 -0.007950
vn 4.774540 -2.706565 -1.677895
v -0.044561 0.083150 -0.007650
vn -3.644981 -1.390770 4.826098
v -0.073511 0.084758 0.007950
vn -4.993250 -1.528993 2.018169
v -0.073799 0.084675 0.007650
vn -5.301675 -0.281474 2.245077
v -0.073348 0.107593 0.013540
vn 2.938413 -0.392007 -3.110430
v -0.043763 0.093295 -0.014000
vn -3.644981 -1.390770 -4.826097
v -0.073511 0.084758 -0.007950
vn -1.873143 5.332671 -0.683571
v -0.047052 0.151681 -0.012390
vn -1.970003 5.406349 0.166892
v -0.047012 0.151719 0.012000
vn -1.206826 2.241580 -5.316682
v -0.047751 0.150438 -0.013875
vn -2.150304 3.683539 2.764631
v -0.047733 0.151040 0.013520
vn -4.466920 4.331671 -0.535134
v -0.048042 0.150750 -0.013375
vn -1.872427 1.383432 -5.240569
v -0.071548 0.125010 -0.014000
vn 2.845974 2.760800 1.186406
v -0.042019 0.151416 0.012765
vn -0.436140 0.704307 6.160440
v -0.047772 0.149741 0.014000
vn -0.238581 -0.639289 6.204825
v -0.049461 0.093466 0.014000
vn -2.287611 0.264088 5.273585
v -0.072610 0.122174 0.014000
vn -5.563130 2.874674 -0.004503
v -0.072456 0.124121 -0.009650
vn -6.164948 1.098598 -0.006274
v -0.072849 0.122827 -0.009650
vn -5.301614 -0.279871 -2.236881
v -0.073348 0.107593 -0.013540
vn -1.854035 -4.814132 2.055316
v -0.070789 0.081383 0.007650
vn -0.317713 -1.837398 -5.909400
v -0.049482 0.092770 -0.013875
vn -1.201375 -2.977513 5.075662
v -0.070681 0.081663 0.007950
vn 0.367678 -3.660728 4.911643
v -0.048608 0.080765 0.007950
vn 6.280026 -0.196606 -0.004562
v -0.043823 0.091296 -0.012000
vn 6.280015 -0.196606 0.004562
v -0.043823 0.091296 0.012000
vn 5.926299 -1.255161 0.771874
v -0.044051 0.084744 0.007650
vn 2.613528 -3.296012 4.617668
v -0.045775 0.082031 0.007950
vn 1.500519 -3.573190 -4.787694
v -0.047084 0.081158 -0.007950
vn -2.790766 -1.959367 5.011504
v -0.072906 0.083447 0.007950
vn -6.211298 -0.935420 0.017055
v -0.073937 0.085313 0.000884
vn -5.294399 0.005670 2.282431
v -0.073311 0.108810 0.013700
vn -4.993249 -1.528993 -2.018169
v -0.073799 0.084675 -0.007650
vn -1.966337 -2.514700 -5.079649
v -0.071932 0.082382 -0.007950
vn -1.833164 4.981532 -1.514896
v -0.047170 0.151571 -0.012765
vn -1.873123 5.332649 0.683571
v -0.047052 0.151681 0.012390
vn 2.791551 1.095590 -2.851703
v -0.042052 0.150335 -0.013848
vn -1.922675 4.496451 2.206822
v -0.047616 0.151151 0.013414
vn -1.922675 4.496451 -2.206822
v -0.047616 0.151151 -0.013414
vn -2.219156 0.830419 -5.181695
v -0.072315 0.123680 -0.014000
vn -5.563130 2.874674 0.004503
v -0.072456 0.124121 0.009650
vn -6.164949 1.098599 0.006274
v -0.072849 0.122827 0.009650
vn -5.294413 0.005234 -2.282087
v -0.073311 0.108810 -0.013700
vn -2.512761 -0.872338 -5.203333
v -0.073050 0.107507 -0.013830
vn -3.228317 -4.027442 2.054268
v -0.072119 0.082148 0.007650
vn -0.238581 -0.639289 -6.204825
v -0.049461 0.093466 -0.014000
vn -0.474345 -3.396183 -5.055123
v -0.069270 0.081357 -0.007950
vn 1.500519 -3.573190 4.787694
v -0.047084 0.081158 0.007950
vn 5.926300 -1.255161 -0.771874
v -0.044051 0.084744 -0.007650
vn 4.664414 -1.662175 2.257209
v -0.043806 0.091881 0.013414
vn 0.575208 -5.149728 -2.070659
v -0.048583 0.080466 -0.007650
vn 3.513846 -3.813258 -1.996085
v -0.045569 0.081812 -0.007650
vn 3.513846 -3.813258 1.996085
v -0.045569 0.081812 0.007650
vn -4.296419 -2.855825 2.054879
v -0.073156 0.083281 0.007650
vn -6.249314 -0.611956 0.021611
v -0.073970 0.085573 0.001083
vn -6.249854 -0.603104 -0.021984
v -0.073970 0.085573 -0.001083
vn -6.137238 -1.341699 0.002732
v -0.073878 0.084988 0.000324
vn -3.228317 -4.027442 -2.054268
v -0.072119 0.082148 -0.007650
vn -2.790766 -1.959367 -5.011504
v -0.072906 0.083447 -0.007950
vn 2.845962 2.760387 -1.186009
v -0.042019 0.151416 -0.012765
vn -4.612423 4.266567 -0.006067
v -0.071553 0.125459 -0.008125
vn -4.612423 4.266566 0.006067
v -0.071553 0.125459 0.008125
vn -2.287611 0.264088 -5.273585
v -0.072610 0.122174 -0.014000
vn -1.201375 -2.977513 -5.075662
v -0.070681 0.081663 -0.007950
vn 0.575208 -5.149729 2.070659
v -0.048583 0.080466 0.007650
vn 4.664344 -1.664383 -2.259830
v -0.043806 0.091881 -0.013414
vn 6.279261 -0.218399 0.018915
v -0.043819 0.091448 0.012765
vn 2.613528 -3.296012 -4.617668
v -0.045775 0.082031 -0.007950
vn -6.211298 -0.935420 -0.017055
v -0.073937 0.085313 -0.000884
vn -6.276609 -0.212519 0.006094
v -0.073989 0.085875 0.001207
vn -6.103722 -1.489406 0.000000
v -0.073868 0.084945 0.000000
vn -6.174872 -1.156665 0.008112
v -0.073903 0.085113 0.000625
vn 6.279206 -0.218650 -0.018749
v -0.043819 0.091448 -0.012765
vn -6.276968 -0.237074 -0.007265
v -0.073988 0.085874 -0.001207
vn -6.137238 -1.341699 -0.002732
v -0.073878 0.084988 -0.000324
vn -4.667629 4.205297 -0.000999
v -0.071640 0.125365 -0.007824
vn -4.667629 4.205296 0.000999
v -0.071640 0.125365 0.007824
vn -6.174872 -1.156665 -0.008112
v -0.073903 0.085113 -0.000625
vn -4.728378 4.137719 -0.000023
v -0.071669 0.125332 -0.007500
vn -4.769603 4.088161 0.002487
v -0.071730 0.125262 0.009650
vn -4.769614 4.088169 -0.002487
v -0.071730 0.125262 -0.009650
vn -4.728379 4.137720 0.000023
v -0.071669 0.125332 0.007500
vn 5.086425 0.096810 2.006598
v -0.009756 0.062180 0.003750
vn -1.478838 -4.759828 -3.170046
v -0.034197 0.049883 -0.012200
vn 0.356605 2.355857 -5.160087
v -0.068296 0.090096 -0.014000
vn -0.778402 -2.645864 5.104261
v -0.034107 0.050169 0.012500
vn -3.825590 -3.609762 -2.125469
v -0.072307 0.081699 -0.013700
vn 2.549073 2.457687 -4.927500
v -0.011120 0.064842 -0.003950
vn 2.105609 4.777018 2.254893
v -0.066527 0.089795 0.013700
vn 2.055957 -5.648517 0.888049
v -0.031023 0.048836 0.008000
vn 0.084981 -0.287625 -6.267594
v -0.050127 0.064970 -0.014000
vn -4.160152 2.970333 -2.020559
v -0.073069 0.088354 -0.013700
vn -3.363240 -4.058326 2.439566
v -0.052807 0.064502 0.013700
vn 3.867876 -3.489553 -1.900853
v -0.010873 0.059330 -0.003750
vn 1.436340 0.926864 5.969669
v -0.030029 0.055906 0.012500
vn 2.105609 4.777019 -2.254893
v -0.066527 0.089795 -0.013700
vn 2.711588 4.724664 1.965381
v -0.012295 0.065828 0.003750
vn -2.072099 -5.585547 0.854756
v -0.034816 0.048774 0.008000
vn 3.135481 -4.027229 2.947025
v -0.018569 0.055637 0.007200
vn -2.114690 -1.103886 -5.156666
v -0.073167 0.083274 -0.014000
vn -1.369344 -1.780455 -5.323165
v -0.052702 0.064809 -0.014000
vn 1.480102 0.640171 -5.971287
v -0.029636 0.055240 -0.012500
vn -1.098859 4.990864 2.021127
v -0.070075 0.090332 0.013700
vn -3.825572 -3.609837 2.125436
v -0.072307 0.081699 0.013700
vn 5.086426 0.096810 -2.006598
v -0.009756 0.062180 -0.003750
vn 2.057092 -5.650316 -0.881365
v -0.031023 0.048836 -0.008000
vn 0.330202 0.007481 6.263230
v -0.048004 0.067377 0.014000
vn 4.658954 2.033456 2.008489
v -0.010089 0.063705 0.003750
vn 2.711588 4.724665 -1.965381
v -0.012295 0.065828 -0.003750
vn 0.575085 -5.012797 2.951861
v -0.032541 0.049726 0.012200
vn -2.856637 -4.376740 3.022566
v -0.035646 0.050700 0.012200
vn -3.554754 -4.965650 -0.791475
v -0.036473 0.049762 -0.008000
vn 3.867876 -3.489553 1.900853
v -0.010873 0.059330 0.003750
vn 1.732813 -0.506799 5.818300
v -0.029373 0.052968 0.012500
vn -1.940794 1.385914 -5.157638
v -0.072825 0.088180 -0.014000
vn -5.073356 -0.581004 -2.023751
v -0.073968 0.084880 -0.013700
vn -0.213863 -2.579392 -5.229350
v -0.033349 0.050016 -0.012500
vn -1.689822 -1.581503 -5.259567
v -0.072109 0.081924 -0.014000
vn 1.049458 1.212209 -5.842786
v -0.065365 0.088428 -0.014000
vn -1.098859 4.990864 -2.021127
v -0.070075 0.090332 -0.013700
vn -4.160151 2.970333 2.020559
v -0.073069 0.088354 0.013700
vn -0.000000 0.000000 0.000000
v -0.073433 0.083136 0.008750
vn 3.146877 1.374028 -4.963961
v -0.010273 0.063625 -0.003950
vn 1.805601 -1.016919 -5.627035
v -0.029605 0.052230 -0.012500
vn 0.099882 -5.962533 0.845385
v -0.032914 0.048451 0.008000
vn -1.369255 -1.780709 5.323038
v -0.052702 0.064809 0.014000
vn 1.049448 1.212210 5.842769
v -0.065365 0.088428 0.014000
vn 0.764537 5.050755 -2.022170
v -0.068251 0.090393 -0.013700
vn 0.764537 5.050756 2.022170
v -0.068251 0.090393 0.013700
vn 3.538164 3.663255 2.001957
v -0.010981 0.064986 0.003750
vn 3.538163 3.663255 -2.001957
v -0.010981 0.064986 -0.003750
vn -1.517596 -4.814874 2.936224
v -0.034197 0.049883 0.012200
vn 2.351216 -4.441569 3.127590
v -0.030964 0.050257 0.012200
vn -3.539667 -4.968590 0.809721
v -0.036473 0.049762 0.008000
vn -3.363818 -4.058249 -2.439325
v -0.052807 0.064502 -0.013700
vn -2.067965 -5.599231 -0.827360
v -0.034816 0.048774 -0.008000
vn 3.512214 -1.262902 4.834805
v -0.010217 0.060717 0.003950
vn 3.232996 -5.111467 1.027324
v -0.012154 0.058438 0.003750
vn 1.550139 0.289962 5.967341
v -0.029389 0.054507 0.012500
vn 1.321653 -2.220704 5.120645
v -0.031117 0.050515 0.012500
vn -2.365186 -0.271215 -5.162560
v -0.073669 0.084914 -0.014000
vn -4.945263 1.279533 -2.022373
v -0.073841 0.086701 -0.013700
vn -1.280325 -2.560075 -5.204475
v -0.034817 0.050477 -0.012500
vn 0.105484 -5.967115 -0.832921
v -0.032914 0.048451 -0.008000
vn 1.044385 2.088818 -5.227143
v -0.066676 0.089534 -0.014000
vn 1.895951 1.534774 -5.786270
v -0.019363 0.061702 -0.007500
vn 0.738114 0.621839 -6.129994
v -0.048740 0.069848 -0.014000
vn -2.816655 4.262976 -2.021034
v -0.071756 0.089621 -0.013700
vn -5.073356 -0.581004 2.023750
v -0.073968 0.084880 0.013700
vn -4.530938 -2.364586 -2.020352
v -0.073433 0.083136 -0.013700
vn 2.608713 -0.268664 -5.639705
v -0.017861 0.058264 -0.007500
vn 4.658954 2.033455 -2.008489
v -0.010089 0.063705 -0.003750
vn 1.649944 -1.839790 -5.261757
v -0.030496 0.050976 -0.012500
vn -1.805435 -2.981218 5.059213
v -0.035447 0.050925 0.012500
vn 0.736532 0.620485 6.130676
v -0.048740 0.069848 0.014000
vn -1.313263 1.989327 5.158886
v -0.071590 0.089371 0.014000
vn 0.356605 2.355857 5.160087
v -0.068296 0.090096 0.014000
vn 2.549073 2.457687 4.927499
v -0.011120 0.064842 0.003950
vn 0.321990 -2.608280 5.116986
v -0.032575 0.050024 0.012500
vn -2.534657 -4.503272 -3.015366
v -0.034964 0.050215 -0.012200
vn 3.423497 -2.435576 4.636418
v -0.011017 0.059469 0.003950
vn 4.737212 -1.856808 2.005172
v -0.010031 0.060644 0.003750
vn 3.062480 -1.994094 5.015341
v -0.018803 0.055862 0.007500
vn 2.623680 -0.308548 5.630819
v -0.017861 0.058264 0.007500
vn 3.232995 -5.111467 -1.027324
v -0.012154 0.058438 -0.003750
vn 1.820570 -1.622579 5.290716
v -0.029984 0.051556 0.012500
vn 0.085054 -0.286950 6.267656
v -0.050127 0.064970 0.014000
vn -2.306201 0.596587 -5.160836
v -0.073550 0.086626 -0.014000
vn 0.588820 -4.950387 -3.165140
v -0.032541 0.049726 -0.012200
vn -0.501889 -5.144403 -3.010382
v -0.033377 0.049718 -0.012200
vn -0.579923 -6.229185 0.003463
v -0.033095 0.048451 0.004000
vn 1.508802 1.233130 -5.942952
v -0.030553 0.056475 -0.012500
vn 0.330762 0.007719 -6.263167
v -0.048004 0.067377 -0.014000
vn -1.313263 1.989327 -5.158886
v -0.071590 0.089371 -0.014000
vn -4.945264 1.279533 2.022373
v -0.073841 0.086701 0.013700
vn -4.531008 -2.364551 2.020319
v -0.073433 0.083136 0.013700
vn 3.500157 0.115078 -4.935955
v -0.009956 0.062176 -0.003950
vn 1.635678 -0.075931 -5.922997
v -0.029300 0.053738 -0.012500
vn 3.072101 -2.012658 -5.006660
v -0.018803 0.055862 -0.007500
vn 0.815002 -2.381093 -5.235402
v -0.031820 0.050193 -0.012500
vn -2.816655 4.262975 2.021034
v -0.071756 0.089621 0.013700
vn 1.044385 2.088818 5.227143
v -0.066676 0.089534 0.014000
vn -0.513055 2.328456 5.158183
v -0.070011 0.090039 0.014000
vn 1.891750 1.549890 5.784181
v -0.019363 0.061702 0.007500
vn 3.147111 1.374136 4.963860
v -0.010273 0.063625 0.003950
vn -3.175172 -4.360369 -2.917187
v -0.035646 0.050700 -0.012200
vn 4.737212 -1.856808 -2.005172
v -0.010031 0.060644 -0.003750
vn 3.500157 0.115078 4.935955
v -0.009956 0.062176 0.003950
vn 3.147719 -3.316238 4.304289
v -0.029740 0.051382 0.012200
vn -0.579923 -6.229188 -0.003463
v -0.033095 0.048451 -0.004000
vn -0.513055 2.328456 -5.158184
v -0.070011 0.090039 -0.014000
vn -1.940794 1.385914 5.157638
v -0.072825 0.088180 0.014000
vn 3.512331 -1.262851 -4.834754
v -0.010217 0.060717 -0.003950
vn 3.136210 -4.027078 -2.946627
v -0.018569 0.055637 -0.007200
vn 2.413800 -4.336835 -3.276178
v -0.030964 0.050257 -0.012200
vn 1.720662 1.594284 5.827427
v -0.030553 0.056475 0.012500
vn -2.306201 0.596587 5.160836
v -0.073550 0.086626 0.014000
vn 3.423498 -2.435576 -4.636419
v -0.011017 0.059469 -0.003950
vn 1.634298 -4.902666 -3.011060
v -0.031725 0.049909 -0.012200
vn 3.054973 -3.723125 -3.932844
v -0.030293 0.050755 -0.012200
vn -2.365186 -0.271215 5.162561
v -0.073669 0.084914 0.014000
vn -2.114704 -1.103789 5.156715
v -0.073167 0.083274 0.014000
vn -1.689731 -1.581540 5.259618
v -0.072109 0.081924 0.014000
# 1064 vertices, 0 vertices normals


usemtl material_0
f 54//54 27//27 5//5
f 54//54 47//47 14//14
f 54//54 5//5 47//47
f 66//66 36//36 1//1
f 66//66 1//1 21//21
f 79//79 23//23 78//78
f 79//79 78//78 4//4
f 79//79 4//4 43//43
f 83//83 23//23 79//79
f 83//83 43//43 8//8
f 83//83 79//79 43//43
f 88//88 14//14 47//47
f 94//94 35//35 65//65
f 97//97 52//52 14//14
f 100//100 54//54 14//14
f 100//100 14//14 52//52
f 100//100 27//27 54//54
f 101//101 27//27 100//100
f 106//106 8//8 43//43
f 112//112 81//81 33//33
f 116//116 17//17 108//108
f 117//117 65//65 35//35
f 117//117 1//1 36//36
f 117//117 36//36 65//65
f 118//118 64//64 9//9
f 127//127 6//6 69//69
f 128//128 69//69 6//6
f 130//130 2//2 61//61
f 132//132 34//34 71//71
f 132//132 118//118 17//17
f 137//137 98//98 26//26
f 138//138 74//74 22//22
f 139//139 41//41 74//74
f 140//140 76//76 12//12
f 140//140 78//78 76//76
f 140//140 42//42 78//78
f 141//141 12//12 76//76
f 141//141 44//44 33//33
f 142//142 78//78 23//23
f 142//142 76//76 78//78
f 142//142 141//141 76//76
f 142//142 44//44 141//141
f 142//142 45//45 84//84
f 147//147 80//80 43//43
f 147//147 43//43 4//4
f 148//148 82//82 44//44
f 148//148 16//16 82//82
f 148//148 44//44 142//142
f 149//149 33//33 44//44
f 149//149 112//112 33//33
f 150//150 23//23 83//83
f 150//150 83//83 105//105
f 150//150 142//142 23//23
f 150//150 45//45 142//142
f 151//151 13//13 85//85
f 151//151 46//46 87//87
f 153//153 87//87 28//28
f 153//153 151//151 87//87
f 153//153 13//13 151//151
f 155//155 88//88 47//47
f 155//155 24//24 88//88
f 155//155 47//47 5//5
f 155//155 5//5 89//89
f 156//156 97//97 14//14
f 156//156 28//28 97//97
f 156//156 153//153 28//28
f 156//156 13//13 153//153
f 157//157 152//152 48//48
f 157//157 24//24 152//152
f 157//157 48//48 156//156
f 158//158 5//5 27//27
f 158//158 89//89 5//5
f 158//158 101//101 90//90
f 158//158 27//27 101//101
f 158//158 90//90 49//49
f 158//158 49//49 89//89
f 159//159 91//91 10//10
f 160//160 10//10 91//91
f 161//161 7//7 103//103
f 161//161 25//25 95//95
f 161//161 95//95 50//50
f 161//161 50//50 92//92
f 162//162 93//93 30//30
f 163//163 30//30 93//93
f 165//165 35//35 94//94
f 165//165 164//164 51//51
f 165//165 94//94 164//164
f 166//166 51//51 18//18
f 167//167 50//50 95//95
f 167//167 166//166 18//18
f 167//167 95//95 166//166
f 167//167 139//139 50//50
f 168//168 96//96 26//26
f 168//168 3//3 96//96
f 169//169 96//96 52//52
f 169//169 52//52 97//97
f 169//169 26//26 96//96
f 169//169 97//97 104//104
f 172//172 3//3 100//100
f 173//173 101//101 55//55
f 173//173 19//19 101//101
f 173//173 102//102 19//19
f 174//174 101//101 19//19
f 174//174 90//90 101//101
f 174//174 19//19 102//102
f 174//174 102//102 49//49
f 174//174 49//49 90//90
f 175//175 101//101 100//100
f 175//175 73//73 101//101
f 175//175 136//136 73//73
f 176//176 173//173 55//55
f 176//176 102//102 173//173
f 177//177 103//103 7//7
f 177//177 169//169 104//104
f 178//178 104//104 56//56
f 178//178 177//177 104//104
f 178//178 103//103 177//177
f 178//178 161//161 103//103
f 178//178 25//25 161//161
f 179//179 104//104 97//97
f 179//179 97//97 28//28
f 179//179 56//56 104//104
f 180//180 84//84 45//45
f 180//180 150//150 105//105
f 180//180 45//45 150//150
f 181//181 105//105 83//83
f 181//181 83//83 8//8
f 181//181 106//106 57//57
f 181//181 8//8 106//106
f 182//182 106//106 43//43
f 182//182 43//43 80//80
f 182//182 57//57 106//106
f 183//183 29//29 107//107
f 187//187 109//109 108//108
f 187//187 118//118 9//9
f 187//187 185//185 109//109
f 187//187 9//9 185//185
f 187//187 108//108 17//17
f 187//187 17//17 118//118
f 190//190 30//30 111//111
f 191//191 190//190 111//111
f 191//191 59//59 190//190
f 192//192 81//81 112//112
f 193//193 82//82 16//16
f 193//193 112//112 149//149
f 198//198 115//115 61//61
f 198//198 61//61 2//2
f 200//200 116//116 108//108
f 201//201 64//64 63//63
f 201//201 63//63 119//119
f 202//202 117//117 35//35
f 202//202 35//35 119//119
f 202//202 119//119 63//63
f 202//202 131//131 1//1
f 202//202 1//1 117//117
f 203//203 120//120 36//36
f 203//203 36//36 66//66
f 204//204 11//11 75//75
f 205//205 65//65 36//36
f 205//205 36//36 120//120
f 205//205 120//120 204//204
f 205//205 164//164 94//94
f 205//205 94//94 65//65
f 206//206 21//21 70//70
f 208//208 122//122 207//207
f 209//209 122//122 41//41
f 209//209 41//41 139//139
f 210//210 74//74 41//41
f 212//212 124//124 68//68
f 212//212 38//38 124//124
f 214//214 125//125 212//212
f 215//215 77//77 143//143
f 217//217 127//127 69//69
f 218//218 6//6 127//127
f 218//218 206//206 70//70
f 219//219 124//124 38//38
f 220//220 37//37 129//129
f 220//220 123//123 211//211
f 221//221 20//20 123//123
f 221//221 220//220 129//129
f 221//221 123//123 220//220
f 222//222 69//69 128//128
f 223//223 130//130 61//61
f 224//224 70//70 21//21
f 225//225 21//21 1//1
f 225//225 1//1 131//131
f 226//226 132//132 17//17
f 226//226 17//17 116//116
f 226//226 34//34 132//132
f 226//226 200//200 199//199
f 226//226 116//116 200//200
f 227//227 63//63 64//64
f 227//227 134//134 63//63
f 228//228 71//71 34//34
f 229//229 133//133 39//39
f 229//229 71//71 133//133
f 229//229 132//132 71//71
f 229//229 134//134 227//227
f 230//230 63//63 134//134
f 230//230 224//224 131//131
f 230//230 202//202 63//63
f 230//230 131//131 202//202
f 231//231 73//73 136//136
f 232//232 170//170 99//99
f 232//232 98//98 53//53
f 232//232 53//53 170//170
f 233//233 232//232 99//99
f 233//233 136//136 232//232
f 233//233 231//231 136//136
f 233//233 40//40 231//231
f 234//234 53//53 98//98
f 234//234 98//98 137//137
f 235//235 138//138 22//22
f 235//235 170//170 53//53
f 235//235 22//22 170//170
f 236//236 137//137 138//138
f 236//236 235//235 53//53
f 236//236 138//138 235//235
f 237//237 74//74 138//138
f 237//237 139//139 74//74
f 237//237 92//92 50//50
f 237//237 50//50 139//139
f 238//238 75//75 209//209
f 239//239 140//140 12//12
f 240//240 12//12 141//141
f 241//241 141//141 33//33
f 241//241 33//33 81//81
f 241//241 240//240 141//141
f 242//242 78//78 42//42
f 242//242 144//144 4//4
f 242//242 4//4 78//78
f 243//243 4//4 144//144
f 244//244 145//145 80//80
f 244//244 146//146 15//15
f 244//244 147//147 146//146
f 244//244 80//80 147//147
f 245//245 80//80 145//145
f 247//247 31//31 146//146
f 247//247 146//146 147//147
f 247//247 184//184 31//31
f 247//247 62//62 184//184
f 248//248 189//189 146//146
f 248//248 110//110 189//189
f 249//249 143//143 77//77
f 250//250 148//148 142//142
f 250//250 16//16 148//148
f 251//251 149//149 44//44
f 251//251 44//44 82//82
f 251//251 193//193 149//149
f 251//251 82//82 193//193
f 252//252 152//152 85//85
f 252//252 48//48 152//152
f 252//252 156//156 48//48
f 255//255 95//95 25//25
f 256//256 156//156 14//14
f 256//256 14//14 88//88
f 256//256 157//157 156//156
f 256//256 88//88 24//24
f 256//256 24//24 157//157
f 257//257 10//10 160//160
f 257//257 101//101 73//73
f 257//257 55//55 101//101
f 258//258 161//161 92//92
f 258//258 7//7 161//161
f 258//258 92//92 237//237
f 259//259 93//93 162//162
f 259//259 119//119 35//35
f 259//259 35//35 165//165
f 260//260 30//30 163//163
f 260//260 111//111 30//30
f 260//260 86//86 111//111
f 261//261 18//18 51//51
f 261//261 51//51 164//164
f 262//262 260//260 163//163
f 263//263 3//3 168//168
f 263//263 98//98 232//232
f 264//264 137//137 26//26
f 264//264 26//26 169//169
f 264//264 177//177 7//7
f 264//264 169//169 177//177
f 265//265 233//233 99//99
f 265//265 40//40 233//233
f 266//266 123//123 20//20
f 268//268 96//96 3//3
f 268//268 3//3 172//172
f 269//269 52//52 96//96
f 269//269 172//172 100//100
f 269//269 100//100 52//52
f 269//269 268//268 172//172
f 269//269 96//96 268//268
f 270//270 175//175 100//100
f 270//270 100//100 3//3
f 270//270 136//136 175//175
f 270//270 232//232 136//136
f 270//270 263//263 232//232
f 270//270 3//3 263//263
f 271//271 160//160 91//91
f 271//271 91//91 176//176
f 271//271 176//176 55//55
f 271//271 257//257 160//160
f 271//271 55//55 257//257
f 272//272 25//25 178//178
f 273//273 179//179 28//28
f 273//273 28//28 87//87
f 273//273 253//253 179//179
f 273//273 87//87 46//46
f 273//273 46//46 253//253
f 274//274 84//84 180//180
f 274//274 16//16 250//250
f 275//275 183//183 57//57
f 275//275 57//57 182//182
f 275//275 182//182 80//80
f 276//276 200//200 108//108
f 276//276 62//62 249//249
f 277//277 31//31 184//184
f 278//278 185//185 9//9
f 279//279 108//108 109//109
f 279//279 109//109 188//188
f 281//281 188//188 109//109
f 281//281 109//109 186//186
f 281//281 280//280 59//59
f 283//283 15//15 146//146
f 283//283 146//146 189//189
f 283//283 246//246 15//15
f 283//283 189//189 58//58
f 283//283 58//58 246//246
f 284//284 190//190 59//59
f 284//284 186//186 190//190
f 285//285 190//190 186//186
f 285//285 186//186 109//109
f 285//285 109//109 185//185
f 285//285 278//278 190//190
f 285//285 185//185 278//278
f 286//286 59//59 191//191
f 286//286 191//191 58//58
f 286//286 58//58 189//189
f 286//286 189//189 282//282
f 287//287 113//113 194//194
f 287//287 198//198 2//2
f 287//287 194//194 60//60
f 287//287 60//60 198//198
f 289//289 192//192 60//60
f 289//289 60//60 194//194
f 292//292 196//196 114//114
f 292//292 61//61 115//115
f 292//292 115//115 32//32
f 292//292 32//32 196//196
f 295//295 223//223 61//61
f 296//296 199//199 77//77
f 296//296 226//226 199//199
f 296//296 34//34 226//226
f 297//297 9//9 64//64
f 297//297 64//64 201//201
f 297//297 259//259 162//162
f 297//297 201//201 119//119
f 297//297 119//119 259//259
f 297//297 278//278 9//9
f 297//297 162//162 278//278
f 298//298 66//66 121//121
f 298//298 204//204 120//120
f 299//299 121//121 66//66
f 299//299 66//66 21//21
f 299//299 21//21 206//206
f 300//300 208//208 207//207
f 300//300 67//67 267//267
f 301//301 207//207 122//122
f 301//301 122//122 209//209
f 301//301 11//11 207//207
f 302//302 122//122 22//22
f 302//302 74//74 210//210
f 302//302 210//210 41//41
f 302//302 41//41 122//122
f 302//302 22//22 74//74
f 303//303 217//217 37//37
f 303//303 220//220 211//211
f 303//303 37//37 220//220
f 303//303 121//121 299//299
f 304//304 211//211 207//207
f 304//304 207//207 11//11
f 304//304 303//303 211//211
f 304//304 121//121 303//303
f 305//305 211//211 123//123
f 305//305 207//207 211//211
f 305//305 300//300 207//207
f 305//305 67//67 300//300
f 306//306 38//38 212//212
f 307//307 218//218 70//70
f 308//308 39//39 133//133
f 310//310 214//214 212//212
f 310//310 212//212 68//68
f 311//311 239//239 215//215
f 311//311 42//42 140//140
f 311//311 140//140 239//239
f 312//312 216//216 126//126
f 312//312 296//296 216//216
f 312//312 34//34 296//296
f 313//313 215//215 239//239
f 313//313 239//239 126//126
f 313//313 126//126 216//216
f 314//314 129//129 37//37
f 314//314 37//37 217//217
f 314//314 217//217 69//69
f 314//314 295//295 129//129
f 314//314 223//223 295//295
f 315//315 218//218 127//127
f 315//315 206//206 218//218
f 316//316 219//219 38//38
f 316//316 38//38 290//290
f 317//317 128//128 6//6
f 317//317 316//316 128//128
f 317//317 219//219 316//316
f 317//317 6//6 218//218
f 318//318 219//219 213//213
f 318//318 124//124 219//219
f 318//318 68//68 124//124
f 319//319 222//222 2//2
f 319//319 2//2 130//130
f 319//319 69//69 222//222
f 320//320 224//224 21//21
f 320//320 21//21 225//225
f 320//320 225//225 131//131
f 320//320 131//131 224//224
f 321//321 118//118 132//132
f 321//321 227//227 64//64
f 321//321 64//64 118//118
f 321//321 229//229 227//227
f 321//321 132//132 229//229
f 323//323 72//72 231//231
f 323//323 231//231 40//40
f 323//323 40//40 135//135
f 324//324 236//236 53//53
f 324//324 137//137 236//236
f 324//324 234//234 137//137
f 324//324 53//53 234//234
f 325//325 139//139 167//167
f 325//325 238//238 209//209
f 325//325 209//209 139//139
f 325//325 167//167 18//18
f 325//325 18//18 238//238
f 326//326 205//205 204//204
f 326//326 204//204 75//75
f 326//326 75//75 238//238
f 326//326 261//261 164//164
f 326//326 164//164 205//205
f 326//326 238//238 18//18
f 326//326 18//18 261//261
f 327//327 239//239 12//12
f 327//327 240//240 214//214
f 327//327 12//12 240//240
f 327//327 214//214 310//310
f 328//328 125//125 214//214
f 328//328 212//212 125//125
f 328//328 214//214 240//240
f 328//328 306//306 212//212
f 329//329 147//147 4//4
f 329//329 4//4 243//243
f 329//329 247//247 147//147
f 329//329 243//243 143//143
f 329//329 143//143 249//249
f 329//329 249//249 62//62
f 329//329 62//62 247//247
f 330//330 242//242 42//42
f 330//330 42//42 243//243
f 330//330 243//243 144//144
f 330//330 144//144 242//242
f 331//331 244//244 15//15
f 331//331 145//145 244//244
f 331//331 15//15 246//246
f 332//332 29//29 80//80
f 332//332 80//80 245//245
f 332//332 245//245 107//107
f 332//332 107//107 29//29
f 333//333 245//245 145//145
f 333//333 107//107 245//245
f 333//333 331//331 246//246
f 333//333 145//145 331//331
f 334//334 248//248 146//146
f 334//334 146//146 31//31
f 334//334 31//31 248//248
f 335//335 248//248 31//31
f 335//335 110//110 248//248
f 336//336 249//249 77//77
f 336//336 77//77 199//199
f 336//336 276//276 249//249
f 336//336 199//199 200//200
f 336//336 200//200 276//276
f 337//337 250//250 142//142
f 337//337 142//142 84//84
f 337//337 274//274 250//250
f 337//337 84//84 274//274
f 338//338 252//252 85//85
f 338//338 85//85 13//13
f 338//338 13//13 156//156
f 338//338 156//156 252//252
f 340//340 253//253 46//46
f 340//340 254//254 154//154
f 341//341 154//154 254//254
f 342//342 257//257 73//73
f 342//342 10//10 257//257
f 342//342 159//159 10//10
f 343//343 259//259 165//165
f 343//343 93//93 259//259
f 343//343 165//165 262//262
f 343//343 163//163 93//93
f 344//344 51//51 166//166
f 345//345 262//262 165//165
f 345//345 165//165 51//51
f 345//345 260//260 262//262
f 345//345 51//51 344//344
f 346//346 263//263 168//168
f 346//346 168//168 26//26
f 346//346 26//26 98//98
f 346//346 98//98 263//263
f 347//347 237//237 138//138
f 347//347 258//258 237//237
f 347//347 138//138 137//137
f 348//348 135//135 40//40
f 348//348 323//323 135//135
f 348//348 40//40 265//265
f 348//348 265//265 171//171
f 348//348 266//266 20//20
f 348//348 171//171 266//266
f 348//348 20//20 294//294
f 349//349 265//265 99//99
f 349//349 99//99 267//267
f 349//349 171//171 265//265
f 350//350 267//267 99//99
f 350//350 99//99 170//170
f 350//350 300//300 267//267
f 350//350 208//208 300//300
f 352//352 25//25 272//272
f 353//353 275//275 80//80
f 353//353 80//80 29//29
f 353//353 29//29 183//183
f 353//353 183//183 275//275
f 354//354 184//184 62//62
f 354//354 62//62 276//276
f 354//354 276//276 108//108
f 354//354 108//108 184//184
f 355//355 278//278 162//162
f 355//355 162//162 30//30
f 355//355 30//30 190//190
f 356//356 184//184 108//108
f 357//357 59//59 286//286
f 358//358 281//281 59//59
f 358//358 188//188 281//281
f 358//358 59//59 357//357
f 358//358 357//357 279//279
f 358//358 279//279 188//188
f 359//359 282//282 189//189
f 359//359 189//189 110//110
f 361//361 280//280 281//281
f 361//361 281//281 186//186
f 361//361 186//186 284//284
f 362//362 284//284 59//59
f 362//362 59//59 280//280
f 362//362 361//361 284//284
f 362//362 280//280 361//361
f 363//363 195//195 290//290
f 363//363 287//287 195//195
f 363//363 113//113 287//287
f 363//363 290//290 38//38
f 363//363 38//38 306//306
f 364//364 81//81 192//192
f 364//364 192//192 289//289
f 364//364 241//241 81//81
f 365//365 290//290 195//195
f 365//365 195//195 287//287
f 365//365 316//316 290//290
f 365//365 222//222 128//128
f 365//365 128//128 316//316
f 367//367 292//292 114//114
f 367//367 197//197 292//292
f 367//367 294//294 197//197
f 367//367 366//366 294//294
f 368//368 196//196 32//32
f 369//369 368//368 32//32
f 369//369 293//293 368//368
f 369//369 91//91 159//159
f 369//369 32//32 115//115
f 369//369 176//176 91//91
f 369//369 115//115 198//198
f 369//369 102//102 176//176
f 369//369 198//198 60//60
f 369//369 49//49 102//102
f 369//369 60//60 192//192
f 369//369 89//89 49//49
f 369//369 192//192 112//112
f 369//369 155//155 89//89
f 369//369 112//112 193//193
f 369//369 24//24 155//155
f 369//369 193//193 16//16
f 369//369 152//152 24//24
f 369//369 16//16 274//274
f 369//369 85//85 152//152
f 369//369 274//274 180//180
f 369//369 151//151 85//85
f 369//369 180//180 105//105
f 369//369 340//340 46//46
f 369//369 46//46 151//151
f 369//369 105//105 181//181
f 369//369 181//181 57//57
f 369//369 57//57 183//183
f 369//369 183//183 107//107
f 369//369 107//107 333//333
f 369//369 333//333 246//246
f 369//369 246//246 58//58
f 369//369 58//58 191//191
f 369//369 191//191 111//111
f 369//369 111//111 86//86
f 369//369 86//86 254//254
f 369//369 254//254 340//340
f 370//370 231//231 72//72
f 370//370 73//73 231//231
f 370//370 342//342 73//73
f 371//371 197//197 294//294
f 371//371 294//294 20//20
f 371//371 20//20 221//221
f 372//372 221//221 129//129
f 372//372 129//129 295//295
f 372//372 371//371 221//221
f 372//372 292//292 197//197
f 372//372 197//197 371//371
f 373//373 298//298 120//120
f 373//373 120//120 203//203
f 373//373 203//203 66//66
f 373//373 66//66 298//298
f 374//374 298//298 121//121
f 374//374 304//304 11//11
f 374//374 121//121 304//304
f 374//374 11//11 204//204
f 374//374 204//204 298//298
f 375//375 301//301 209//209
f 375//375 209//209 75//75
f 376//376 303//303 299//299
f 376//376 217//217 303//303
f 376//376 315//315 127//127
f 376//376 127//127 217//217
f 376//376 299//299 206//206
f 376//376 206//206 315//315
f 377//377 67//67 305//305
f 377//377 305//305 123//123
f 377//377 123//123 266//266
f 377//377 349//349 267//267
f 377//377 267//267 67//67
f 377//377 266//266 171//171
f 377//377 171//171 349//349
f 379//379 289//289 194//194
f 380//380 218//218 307//307
f 380//380 308//308 213//213
f 380//380 307//307 308//308
f 380//380 317//317 218//218
f 380//380 213//213 219//219
f 380//380 219//219 317//317
f 381//381 307//307 70//70
f 381//381 70//70 224//224
f 381//381 224//224 230//230
f 382//382 308//308 307//307
f 382//382 39//39 308//308
f 382//382 307//307 381//381
f 383//383 213//213 308//308
f 384//384 310//310 68//68
f 384//384 318//318 309//309
f 384//384 68//68 318//318
f 385//385 311//311 215//215
f 385//385 215//215 143//143
f 386//386 243//243 42//42
f 386//386 42//42 311//311
f 386//386 143//143 243//243
f 386//386 385//385 143//143
f 386//386 311//311 385//385
f 387//387 312//312 133//133
f 387//387 133//133 71//71
f 387//387 71//71 228//228
f 387//387 228//228 34//34
f 387//387 34//34 312//312
f 388//388 312//312 126//126
f 389//389 77//77 215//215
f 389//389 215//215 313//313
f 390//390 296//296 77//77
f 390//390 313//313 216//216
f 390//390 216//216 296//296
f 391//391 314//314 69//69
f 391//391 223//223 314//314
f 391//391 69//69 319//319
f 392//392 322//322 229//229
f 392//392 229//229 39//39
f 394//394 134//134 229//229
f 394//394 229//229 322//322
f 396//396 126//126 239//239
f 396//396 239//239 327//327
f 396//396 327//327 310//310
f 396//396 384//384 309//309
f 396//396 310//310 384//384
f 397//397 328//328 240//240
f 397//397 240//240 241//241
f 399//399 110//110 335//335
f 399//399 335//335 31//31
f 399//399 31//31 277//277
f 399//399 359//359 110//110
f 400//400 56//56 179//179
f 400//400 179//179 339//339
f 401//401 339//339 179//179
f 401//401 179//179 253//253
f 401//401 154//154 351//351
f 401//401 340//340 154//154
f 401//401 253//253 340//340
f 403//403 154//154 341//341
f 404//404 86//86 260//260
f 404//404 341//341 254//254
f 404//404 254//254 86//86
f 405//405 159//159 342//342
f 405//405 370//370 293//293
f 405//405 342//342 370//370
f 405//405 369//369 159//159
f 405//405 293//293 369//369
f 406//406 343//343 262//262
f 406//406 262//262 163//163
f 406//406 163//163 343//343
f 407//407 344//344 166//166
f 407//407 166//166 95//95
f 407//407 95//95 255//255
f 408//408 345//345 344//344
f 408//408 260//260 345//345
f 408//408 404//404 260//260
f 409//409 347//347 137//137
f 409//409 137//137 264//264
f 409//409 264//264 7//7
f 409//409 7//7 258//258
f 409//409 258//258 347//347
f 410//410 348//348 294//294
f 410//410 291//291 348//348
f 411//411 348//348 291//291
f 411//411 323//323 348//348
f 412//412 350//350 170//170
f 412//412 170//170 22//22
f 412//412 208//208 350//350
f 412//412 22//22 122//122
f 412//412 122//122 208//208
f 413//413 272//272 178//178
f 414//414 351//351 154//154
f 415//415 401//401 351//351
f 416//416 355//355 190//190
f 416//416 190//190 278//278
f 416//416 278//278 355//355
f 417//417 356//356 108//108
f 417//417 108//108 279//279
f 418//418 286//286 282//282
f 419//419 359//359 277//277
f 419//419 282//282 359//359
f 420//420 360//360 184//184
f 421//421 363//363 306//306
f 421//421 113//113 363//363
f 421//421 378//378 113//113
f 421//421 306//306 378//378
f 422//422 364//364 289//289
f 422//422 288//288 364//364
f 422//422 289//289 398//398
f 423//423 365//365 287//287
f 424//424 196//196 366//366
f 425//425 367//367 114//114
f 425//425 366//366 367//367
f 425//425 424//424 366//366
f 426//426 372//372 295//295
f 426//426 295//295 61//61
f 426//426 61//61 292//292
f 427//427 375//375 75//75
f 427//427 75//75 11//11
f 427//427 11//11 301//301
f 427//427 301//301 375//375
f 428//428 378//378 306//306
f 428//428 194//194 378//378
f 429//429 378//378 194//194
f 429//429 194//194 113//113
f 429//429 113//113 378//378
f 430//430 379//379 194//194
f 430//430 306//306 379//379
f 430//430 194//194 428//428
f 432//432 318//318 213//213
f 432//432 213//213 383//383
f 432//432 383//383 309//309
f 432//432 309//309 318//318
f 433//433 383//383 308//308
f 433//433 308//308 133//133
f 433//433 133//133 312//312
f 433//433 312//312 388//388
f 434//434 388//388 126//126
f 434//434 396//396 309//309
f 434//434 126//126 396//396
f 434//434 309//309 383//383
f 434//434 433//433 388//388
f 434//434 383//383 433//433
f 435//435 390//390 77//77
f 435//435 313//313 390//390
f 435//435 389//389 313//313
f 435//435 77//77 389//389
f 436//436 391//391 319//319
f 436//436 319//319 130//130
f 436//436 130//130 223//223
f 436//436 223//223 391//391
f 437//437 392//392 39//39
f 438//438 393//393 437//437
f 438//438 437//437 39//39
f 438//438 39//39 382//382
f 439//439 134//134 394//394
f 440//440 72//72 323//323
f 441//441 368//368 293//293
f 442//442 395//395 293//293
f 442//442 293//293 370//370
f 443//443 241//241 364//364
f 444//444 328//328 397//397
f 446//446 399//399 277//277
f 446//446 277//277 359//359
f 446//446 359//359 399//399
f 447//447 402//402 341//341
f 448//448 255//255 25//25
f 448//448 25//25 402//402
f 449//449 402//402 25//25
f 449//449 341//341 402//402
f 450//450 403//403 341//341
f 450//450 25//25 403//403
f 450//450 341//341 449//449
f 451//451 25//25 352//352
f 452//452 404//404 255//255
f 452//452 341//341 404//404
f 452//452 402//402 447//447
f 452//452 447//447 341//341
f 452//452 255//255 448//448
f 452//452 448//448 402//402
f 453//453 404//404 344//344
f 453//453 344//344 407//407
f 453//453 407//407 255//255
f 453//453 255//255 404//404
f 454//454 408//408 344//344
f 454//454 344//344 404//404
f 454//454 404//404 408//408
f 455//455 410//410 294//294
f 455//455 294//294 366//366
f 456//456 291//291 410//410
f 457//457 196//196 368//368
f 457//457 456//456 410//410
f 457//457 368//368 456//456
f 458//458 411//411 291//291
f 459//459 414//414 154//154
f 460//460 351//351 414//414
f 460//460 413//413 178//178
f 460//460 178//178 351//351
f 461//461 414//414 272//272
f 461//461 272//272 413//413
f 461//461 460//460 414//414
f 461//461 413//413 460//460
f 463//463 400//400 339//339
f 463//463 56//56 400//400
f 464//464 339//339 401//401
f 464//464 401//401 415//415
f 464//464 463//463 339//339
f 464//464 415//415 463//463
f 465//465 417//417 279//279
f 465//465 357//357 286//286
f 465//465 279//279 357//357
f 467//467 418//418 282//282
f 468//468 184//184 360//360
f 468//468 360//360 419//419
f 468//468 419//419 277//277
f 468//468 277//277 184//184
f 469//469 419//419 360//360
f 469//469 282//282 419//419
f 469//469 360//360 420//420
f 471//471 365//365 423//423
f 471//471 423//423 287//287
f 471//471 287//287 2//2
f 471//471 2//2 222//222
f 471//471 222//222 365//365
f 472//472 114//114 196//196
f 472//472 196//196 424//424
f 472//472 425//425 114//114
f 472//472 424//424 425//425
f 473//473 426//426 292//292
f 473//473 292//292 372//372
f 473//473 372//372 426//426
f 474//474 430//430 428//428
f 474//474 428//428 306//306
f 474//474 306//306 430//430
f 475//475 382//382 381//381
f 475//475 381//381 230//230
f 475//475 230//230 431//431
f 479//479 393//393 438//438
f 480//480 72//72 440//440
f 481//481 441//441 293//293
f 481//481 293//293 395//395
f 481//481 395//395 480//480
f 483//483 442//442 370//370
f 483//483 370//370 72//72
f 483//483 72//72 442//442
f 484//484 397//397 241//241
f 484//484 241//241 443//443
f 485//485 443//443 364//364
f 485//485 364//364 288//288
f 487//487 444//444 288//288
f 487//487 288//288 422//422
f 488//488 398//398 289//289
f 489//489 306//306 445//445
f 490//490 445//445 306//306
f 490//490 306//306 328//328
f 490//490 328//328 470//470
f 491//491 450//450 449//449
f 491//491 449//449 25//25
f 491//491 25//25 450//450
f 492//492 451//451 352//352
f 492//492 459//459 154//154
f 494//494 403//403 25//25
f 494//494 25//25 451//451
f 494//494 451//451 493//493
f 494//494 493//493 154//154
f 494//494 154//154 403//403
f 495//495 455//455 366//366
f 495//495 366//366 196//196
f 495//495 196//196 457//457
f 495//495 457//457 410//410
f 495//495 410//410 455//455
f 496//496 456//456 368//368
f 496//496 291//291 456//456
f 497//497 458//458 291//291
f 497//497 368//368 458//458
f 497//497 496//496 368//368
f 497//497 291//291 496//496
f 498//498 368//368 441//441
f 499//499 459//459 352//352
f 499//499 352//352 272//272
f 499//499 272//272 459//459
f 500//500 459//459 272//272
f 500//500 272//272 414//414
f 500//500 414//414 459//459
f 501//501 415//415 351//351
f 502//502 501//501 351//351
f 502//502 462//462 501//501
f 503//503 462//462 178//178
f 503//503 178//178 56//56
f 503//503 56//56 463//463
f 503//503 501//501 462//462
f 503//503 415//415 501//501
f 504//504 465//465 286//286
f 504//504 417//417 465//465
f 505//505 286//286 466//466
f 505//505 466//466 356//356
f 505//505 356//356 417//417
f 505//505 504//504 286//286
f 505//505 417//417 504//504
f 507//507 466//466 286//286
f 507//507 286//286 418//418
f 507//507 418//418 506//506
f 508//508 469//469 420//420
f 508//508 282//282 469//469
f 508//508 420//420 184//184
f 508//508 184//184 282//282
f 509//509 422//422 398//398
f 509//509 470//470 328//328
f 509//509 328//328 422//422
f 510//510 230//230 476//476
f 511//511 476//476 230//230
f 511//511 230//230 134//134
f 511//511 134//134 478//478
f 511//511 382//382 476//476
f 512//512 392//392 437//437
f 512//512 437//437 477//477
f 513//513 477//477 437//437
f 513//513 437//437 393//393
f 513//513 439//439 394//394
f 513//513 393//393 439//439
f 514//514 438//438 382//382
f 514//514 478//478 134//134
f 514//514 134//134 438//438
f 515//515 134//134 439//439
f 515//515 393//393 479//479
f 515//515 479//479 438//438
f 515//515 438//438 134//134
f 515//515 439//439 393//393
f 516//516 442//442 72//72
f 516//516 72//72 480//480
f 516//516 480//480 395//395
f 516//516 395//395 442//442
f 517//517 481//481 440//440
f 517//517 441//441 481//481
f 518//518 481//481 480//480
f 518//518 480//480 440//440
f 518//518 440//440 481//481
f 519//519 440//440 323//323
f 519//519 323//323 482//482
f 519//519 517//517 440//440
f 520//520 482//482 323//323
f 521//521 484//484 443//443
f 521//521 443//443 485//485
f 521//521 397//397 484//484
f 521//521 444//444 397//397
f 521//521 485//485 288//288
f 522//522 328//328 486//486
f 523//523 486//486 328//328
f 523//523 328//328 444//444
f 523//523 487//487 486//486
f 523//523 444//444 487//487
f 524//524 487//487 422//422
f 524//524 486//486 487//487
f 524//524 522//522 486//486
f 525//525 488//488 289//289
f 525//525 489//489 445//445
f 527//527 379//379 306//306
f 527//527 306//306 489//489
f 527//527 489//489 526//526
f 527//527 526//526 289//289
f 527//527 289//289 379//379
f 528//528 490//490 470//470
f 528//528 398//398 490//490
f 528//528 509//509 398//398
f 528//528 470//470 509//509
f 529//529 490//490 488//488
f 529//529 488//488 445//445
f 529//529 445//445 490//490
f 530//530 490//490 398//398
f 530//530 398//398 488//488
f 530//530 488//488 490//490
f 531//531 492//492 154//154
f 531//531 451//451 492//492
f 532//532 492//492 352//352
f 532//532 352//352 459//459
f 532//532 459//459 492//492
f 533//533 493//493 451//451
f 533//533 154//154 493//493
f 533//533 531//531 154//154
f 533//533 451//451 531//531
f 534//534 458//458 368//368
f 534//534 368//368 498//498
f 535//535 498//498 441//441
f 537//537 178//178 462//462
f 537//537 462//462 502//502
f 537//537 536//536 178//178
f 537//537 502//502 536//536
f 538//538 503//503 463//463
f 538//538 463//463 415//415
f 538//538 415//415 503//503
f 539//539 506//506 418//418
f 539//539 418//418 467//467
f 540//540 506//506 539//539
f 540//540 184//184 356//356
f 540//540 507//507 506//506
f 541//541 431//431 230//230
f 541//541 230//230 510//510
f 543//543 512//512 477//477
f 543//543 477//477 513//513
f 543//543 322//322 392//392
f 543//543 392//392 512//512
f 543//543 513//513 394//394
f 543//543 394//394 322//322
f 544//544 514//514 382//382
f 544//544 382//382 511//511
f 544//544 511//511 478//478
f 544//544 478//478 514//514
f 545//545 441//441 517//517
f 545//545 519//519 482//482
f 545//545 517//517 519//519
f 545//545 482//482 520//520
f 546//546 521//521 288//288
f 546//546 288//288 444//444
f 546//546 444//444 521//521
f 547//547 524//524 422//422
f 547//547 522//522 524//524
f 547//547 422//422 328//328
f 547//547 328//328 522//522
f 548//548 525//525 445//445
f 548//548 445//445 488//488
f 548//548 488//488 525//525
f 549//549 525//525 289//289
f 549//549 489//489 525//525
f 550//550 323//323 411//411
f 551//551 536//536 502//502
f 551//551 502//502 351//351
f 551//551 351//351 178//178
f 551//551 178//178 536//536
f 552//552 184//184 540//540
f 552//552 540//540 539//539
f 552//552 539//539 467//467
f 552//552 467//467 282//282
f 552//552 282//282 184//184
f 553//553 540//540 356//356
f 553//553 507//507 540//540
f 553//553 356//356 466//466
f 553//553 466//466 507//507
f 554//554 431//431 541//541
f 554//554 541//541 510//510
f 555//555 542//542 382//382
f 556//556 476//476 382//382
f 556//556 542//542 555//555
f 556//556 382//382 542//542
f 556//556 555//555 510//510
f 556//556 510//510 476//476
f 557//557 545//545 520//520
f 557//557 441//441 545//545
f 557//557 520//520 323//323
f 557//557 323//323 441//441
f 558//558 526//526 489//489
f 558//558 489//489 549//549
f 558//558 549//549 289//289
f 558//558 289//289 526//526
f 559//559 550//550 534//534
f 559//559 534//534 498//498
f 560//560 550//550 411//411
f 560//560 534//534 550//550
f 560//560 411//411 458//458
f 560//560 458//458 534//534
f 561//561 498//498 535//535
f 561//561 559//559 498//498
f 561//561 550//550 559//559
f 562//562 323//323 550//550
f 562//562 561//561 535//535
f 562//562 550//550 561//561
f 562//562 535//535 441//441
f 562//562 441//441 323//323
f 563//563 555//555 382//382
f 563//563 382//382 475//475
f 563//563 475//475 431//431
f 563//563 431//431 554//554
f 563//563 554//554 510//510
f 563//563 510//510 555//555
f 582//582 573//573 569//569
f 588//588 582//582 567//567
f 596//596 590//590 565//565
f 596//596 565//565 580//580
f 597//597 596//596 572//572
f 598//598 578//578 566//566
f 599//599 570//570 581//581
f 601//601 583//583 566//566
f 601//601 566//566 578//578
f 604//604 567//567 582//582
f 609//609 608//608 573//573
f 610//610 609//609 573//573
f 610//610 587//587 609//609
f 610//610 573//573 600//600
f 614//614 596//596 570//570
f 614//614 590//590 596//596
f 614//614 591//591 576//576
f 615//615 614//614 570//570
f 615//615 591//591 614//614
f 615//615 570//570 599//599
f 616//616 572//572 592//592
f 617//617 592//592 572//572
f 617//617 580//580 565//565
f 617//617 565//565 592//592
f 618//618 597//597 572//572
f 618//618 616//616 579//579
f 618//618 572//572 616//616
f 618//618 594//594 578//578
f 618//618 581//581 570//570
f 618//618 598//598 581//581
f 618//618 578//578 598//598
f 619//619 595//595 568//568
f 620//620 595//595 579//579
f 621//621 579//579 595//595
f 621//621 594//594 618//618
f 621//621 618//618 579//579
f 622//622 596//596 580//580
f 622//622 572//572 596//596
f 622//622 617//617 572//572
f 622//622 580//580 617//617
f 623//623 570//570 596//596
f 623//623 596//596 597//597
f 623//623 618//618 570//570
f 623//623 597//597 618//618
f 624//624 599//599 581//581
f 624//624 581//581 598//598
f 625//625 566//566 583//583
f 626//626 600//600 573//573
f 626//626 573//573 582//582
f 626//626 582//582 588//588
f 626//626 625//625 600//600
f 626//626 588//588 599//599
f 626//626 599//599 624//624
f 626//626 624//624 598//598
f 626//626 598//598 566//566
f 626//626 566//566 625//625
f 627//627 568//568 602//602
f 629//629 603//603 564//564
f 629//629 564//564 584//584
f 630//630 612//612 571//571
f 631//631 604//604 582//582
f 631//631 582//582 569//569
f 631//631 569//569 629//629
f 631//631 629//629 584//584
f 631//631 584//584 604//604
f 632//632 604//604 584//584
f 632//632 567//567 604//604
f 635//635 606//606 571//571
f 637//637 569//569 573//573
f 637//637 608//608 609//609
f 637//637 573//573 608//608
f 639//639 610//610 600//600
f 639//639 583//583 610//610
f 639//639 625//625 583//583
f 639//639 600//600 625//625
f 640//640 588//588 567//567
f 640//640 636//636 611//611
f 640//640 605//605 636//636
f 640//640 567//567 634//634
f 641//641 615//615 577//577
f 641//641 591//591 615//615
f 642//642 612//612 576//576
f 642//642 576//576 591//591
f 642//642 591//591 641//641
f 643//643 641//641 577//577
f 643//643 577//577 611//611
f 643//643 642//642 641//641
f 644//644 575//575 628//628
f 646//646 614//614 579//579
f 646//646 590//590 614//614
f 647//647 579//579 614//614
f 647//647 614//614 576//576
f 647//647 593//593 620//620
f 647//647 576//576 593//593
f 647//647 620//620 579//579
f 648//648 615//615 599//599
f 648//648 599//599 588//588
f 648//648 577//577 615//615
f 648//648 611//611 577//577
f 649//649 616//616 592//592
f 649//649 592//592 565//565
f 649//649 565//565 590//590
f 649//649 590//590 616//616
f 650//650 601//601 578//578
f 650//650 595//595 619//619
f 650//650 619//619 568//568
f 650//650 568//568 601//601
f 650//650 578//578 595//595
f 651//651 568//568 595//595
f 651//651 595//595 620//620
f 651//651 602//602 568//568
f 652//652 583//583 601//601
f 652//652 568//568 627//627
f 652//652 627//627 602//602
f 652//652 602//602 583//583
f 652//652 601//601 568//568
f 653//653 628//628 602//602
f 653//653 602//602 589//589
f 653//653 589//589 628//628
f 654//654 628//628 589//589
f 654//654 644//644 628//628
f 654//654 613//613 644//644
f 654//654 630//630 645//645
f 656//656 629//629 569//569
f 657//657 612//612 630//630
f 657//657 654//654 589//589
f 657//657 630//630 654//654
f 658//658 606//606 564//564
f 658//658 630//630 571//571
f 658//658 571//571 606//606
f 659//659 567//567 632//632
f 659//659 634//634 567//567
f 660//660 635//635 585//585
f 660//660 606//606 635//635
f 660//660 564//564 606//606
f 661//661 585//585 635//635
f 662//662 611//611 636//636
f 662//662 643//643 611//611
f 662//662 633//633 643//643
f 663//663 659//659 574//574
f 663//663 634//634 659//659
f 663//663 640//640 634//634
f 663//663 605//605 640//640
f 663//663 574//574 585//585
f 663//663 585//585 661//661
f 663//663 661//661 607//607
f 663//663 607//607 605//605
f 664//664 609//609 587//587
f 665//665 571//571 612//612
f 665//665 607//607 661//661
f 666//666 633//633 662//662
f 666//666 643//643 633//633
f 666//666 665//665 643//643
f 666//666 607//607 665//665
f 666//666 636//636 605//605
f 666//666 605//605 607//607
f 666//666 662//662 636//636
f 667//667 613//613 654//654
f 667//667 644//644 613//613
f 667//667 586//586 644//644
f 667//667 645//645 586//586
f 667//667 654//654 645//645
f 668//668 644//644 638//638
f 668//668 575//575 644//644
f 668//668 638//638 664//664
f 670//670 645//645 603//603
f 670//670 586//586 645//645
f 670//670 603//603 629//629
f 670//670 629//629 656//656
f 671//671 616//616 590//590
f 671//671 590//590 646//646
f 671//671 646//646 579//579
f 671//671 579//579 616//616
f 672//672 648//648 588//588
f 672//672 588//588 640//640
f 672//672 640//640 611//611
f 672//672 611//611 648//648
f 673//673 589//589 602//602
f 673//673 602//602 651//651
f 673//673 657//657 589//589
f 673//673 651//651 620//620
f 673//673 620//620 593//593
f 673//673 593//593 576//576
f 673//673 576//576 612//612
f 673//673 612//612 657//657
f 674//674 621//621 595//595
f 675//675 578//578 594//594
f 675//675 621//621 674//674
f 675//675 594//594 621//621
f 676//676 610//610 583//583
f 676//676 587//587 610//610
f 677//677 655//655 602//602
f 677//677 602//602 628//628
f 677//677 628//628 575//575
f 679//679 637//637 609//609
f 679//679 656//656 569//569
f 679//679 569//569 637//637
f 679//679 644//644 586//586
f 679//679 609//609 644//644
f 679//679 670//670 656//656
f 679//679 586//586 670//670
f 680//680 645//645 630//630
f 680//680 630//630 658//658
f 680//680 603//603 645//645
f 680//680 658//658 564//564
f 680//680 564//564 603//603
f 681//681 659//659 632//632
f 681//681 574//574 659//659
f 681//681 632//632 584//584
f 681//681 660//660 585//585
f 681//681 585//585 574//574
f 681//681 584//584 564//564
f 681//681 564//564 660//660
f 682//682 661//661 635//635
f 682//682 635//635 571//571
f 682//682 665//665 661//661
f 682//682 571//571 665//665
f 683//683 664//664 638//638
f 683//683 609//609 664//664
f 684//684 665//665 612//612
f 684//684 612//612 642//642
f 684//684 642//642 643//643
f 684//684 643//643 665//665
f 685//685 664//664 587//587
f 685//685 587//587 575//575
f 686//686 669//669 644//644
f 686//686 644//644 609//609
f 687//687 638//638 644//644
f 687//687 644//644 669//669
f 687//687 683//683 638//638
f 689//689 676//676 583//583
f 689//689 583//583 602//602
f 689//689 602//602 655//655
f 689//689 655//655 678//678
f 690//690 677//677 575//575
f 690//690 655//655 677//677
f 691//691 587//587 676//676
f 691//691 676//676 689//689
f 692//692 668//668 664//664
f 692//692 664//664 685//685
f 692//692 685//685 575//575
f 692//692 575//575 668//668
f 693//693 686//686 609//609
f 693//693 669//669 686//686
f 693//693 687//687 669//669
f 694//694 674//674 595//595
f 696//696 688//688 695//695
f 678//678 587//587 691//691
f 678//678 691//691 689//689
f 678//678 575//575 587//587
f 678//678 690//690 575//575
f 678//678 655//655 690//690
f 697//697 693//693 609//609
f 697//697 609//609 683//683
f 697//697 683//683 687//687
f 697//697 687//687 693//693
f 698//698 694//694 595//595
f 698//698 688//688 694//694
f 699//699 578//578 675//675
f 700//700 695//695 688//688
f 700//700 696//696 695//695
f 700//700 699//699 696//696
f 700//700 578//578 699//699
f 700//700 698//698 595//595
f 700//700 595//595 578//578
f 700//700 688//688 698//698
f 701//701 699//699 675//675
f 701//701 675//675 674//674
f 701//701 674//674 694//694
f 701//701 696//696 699//699
f 701//701 694//694 688//688
f 701//701 688//688 696//696
f 739//739 721//721 712//712
f 744//744 725//725 711//711
f 748//748 709//709 730//730
f 749//749 716//716 706//706
f 750//750 729//729 706//706
f 750//750 706//706 716//716
f 752//752 731//731 717//717
f 752//752 705//705 731//731
f 752//752 748//748 730//730
f 752//752 717//717 748//748
f 753//753 730//730 709//709
f 753//753 709//709 718//718
f 754//754 731//731 705//705
f 754//754 714//714 731//731
f 755//755 731//731 714//714
f 755//755 717//717 731//731
f 755//755 714//714 724//724
f 755//755 724//724 707//707
f 755//755 707//707 732//732
f 756//756 732//732 707//707
f 756//756 740//740 721//721
f 756//756 707//707 740//740
f 757//757 755//755 732//732
f 757//757 717//717 755//755
f 759//759 733//733 718//718
f 759//759 718//718 709//709
f 760//760 711//711 725//725
f 761//761 729//729 704//704
f 761//761 735//735 706//706
f 761//761 706//706 729//729
f 761//761 704//704 736//736
f 761//761 736//736 719//719
f 761//761 719//719 735//735
f 762//762 737//737 713//713
f 762//762 742//742 710//710
f 762//762 713//713 742//742
f 762//762 710//710 719//719
f 762//762 719//719 736//736
f 763//763 743//743 723//723
f 763//763 738//738 743//743
f 763//763 742//742 713//713
f 763//763 723//723 742//742
f 763//763 713//713 737//737
f 765//765 739//739 703//703
f 765//765 721//721 739//739
f 765//765 756//756 721//721
f 766//766 727//727 709//709
f 766//766 709//709 748//748
f 767//767 740//740 707//707
f 767//767 720//720 740//740
f 767//767 764//764 720//720
f 767//767 738//738 764//764
f 768//768 767//767 707//707
f 768//768 707//707 724//724
f 768//768 743//743 738//738
f 768//768 738//738 767//767
f 769//769 706//706 735//735
f 769//769 735//735 719//719
f 770//770 754//754 705//705
f 770//770 714//714 754//754
f 771//771 760//760 725//725
f 771//771 734//734 760//760
f 773//773 722//722 746//746
f 774//774 746//746 722//722
f 774//774 708//708 746//746
f 774//774 751//751 708//708
f 775//775 726//726 746//746
f 775//775 746//746 708//708
f 775//775 728//728 702//702
f 775//775 702//702 726//726
f 777//777 741//741 722//722
f 777//777 776//776 712//712
f 777//777 747//747 776//776
f 778//778 749//749 706//706
f 778//778 728//728 749//749
f 779//779 708//708 729//729
f 779//779 729//729 750//750
f 779//779 750//750 716//716
f 779//779 716//716 749//749
f 779//779 775//775 708//708
f 779//779 749//749 728//728
f 779//779 728//728 775//775
f 780//780 729//729 708//708
f 780//780 708//708 751//751
f 780//780 704//704 729//729
f 781//781 722//722 741//741
f 781//781 741//741 751//751
f 781//781 774//774 722//722
f 781//781 751//751 774//774
f 782//782 752//752 730//730
f 782//782 705//705 752//752
f 782//782 772//772 745//745
f 782//782 730//730 753//753
f 782//782 753//753 772//772
f 782//782 770//770 705//705
f 782//782 745//745 770//770
f 783//783 757//757 732//732
f 783//783 703//703 757//757
f 783//783 765//765 703//703
f 783//783 756//756 765//765
f 784//784 718//718 733//733
f 785//785 702//702 758//758
f 785//785 784//784 733//733
f 785//785 758//758 784//784
f 786//786 784//784 758//758
f 786//786 718//718 784//784
f 787//787 760//760 734//734
f 787//787 786//786 758//758
f 787//787 734//734 786//786
f 788//788 759//759 709//709
f 788//788 709//709 727//727
f 788//788 715//715 733//733
f 788//788 733//733 759//759
f 789//789 762//762 736//736
f 789//789 737//737 762//762
f 790//790 763//763 737//737
f 790//790 764//764 738//738
f 790//790 738//738 763//763
f 791//791 727//727 766//766
f 792//792 766//766 757//757
f 792//792 757//757 703//703
f 792//792 791//791 766//766
f 792//792 703//703 739//739
f 792//792 739//739 791//791
f 793//793 748//748 717//717
f 794//794 706//706 769//769
f 794//794 778//778 706//706
f 794//794 744//744 778//778
f 795//795 719//719 710//710
f 796//796 724//724 714//714
f 796//796 714//714 770//770
f 797//797 771//771 745//745
f 797//797 745//745 772//772
f 797//797 734//734 771//771
f 797//797 786//786 734//734
f 797//797 718//718 786//786
f 797//797 772//772 753//753
f 798//798 773//773 746//746
f 798//798 746//746 726//726
f 799//799 773//773 747//747
f 799//799 722//722 773//773
f 799//799 777//777 722//722
f 799//799 747//747 777//777
f 800//800 776//776 747//747
f 801//801 739//739 712//712
f 801//801 712//712 776//776
f 801//801 791//791 739//739
f 802//802 778//778 744//744
f 803//803 728//728 778//778
f 803//803 711//711 760//760
f 803//803 760//760 787//787
f 803//803 802//802 711//711
f 803//803 778//778 802//802
f 803//803 702//702 728//728
f 804//804 783//783 732//732
f 804//804 732//732 756//756
f 804//804 756//756 783//783
f 805//805 785//785 733//733
f 805//805 733//733 715//715
f 805//805 726//726 702//702
f 805//805 702//702 785//785
f 806//806 787//787 758//758
f 806//806 758//758 702//702
f 806//806 803//803 787//787
f 806//806 702//702 803//803
f 807//807 789//789 736//736
f 807//807 736//736 704//704
f 807//807 790//790 737//737
f 807//807 737//737 789//789
f 807//807 704//704 780//780
f 807//807 780//780 751//751
f 807//807 751//751 741//741
f 807//807 741//741 777//777
f 807//807 777//777 712//712
f 807//807 712//712 721//721
f 807//807 721//721 740//740
f 807//807 740//740 720//720
f 807//807 720//720 764//764
f 807//807 764//764 790//790
f 808//808 757//757 766//766
f 808//808 748//748 793//793
f 808//808 793//793 717//717
f 808//808 717//717 757//757
f 808//808 766//766 748//748
f 809//809 769//769 719//719
f 809//809 719//719 795//795
f 810//810 795//795 710//710
f 810//810 710//710 742//742
f 810//810 742//742 723//723
f 811//811 743//743 768//768
f 812//812 797//797 753//753
f 812//812 753//753 718//718
f 812//812 718//718 797//797
f 813//813 800//800 747//747
f 813//813 747//747 773//773
f 813//813 773//773 798//798
f 813//813 798//798 726//726
f 813//813 726//726 805//805
f 814//814 715//715 788//788
f 814//814 788//788 727//727
f 814//814 776//776 800//800
f 815//815 814//814 727//727
f 815//815 801//801 776//776
f 816//816 802//802 744//744
f 816//816 744//744 711//711
f 816//816 711//711 802//802
f 817//817 811//811 768//768
f 817//817 768//768 724//724
f 817//817 724//724 796//796
f 818//818 810//810 723//723
f 818//818 811//811 817//817
f 818//818 723//723 743//743
f 818//818 743//743 811//811
f 818//818 795//795 810//810
f 818//818 809//809 795//795
f 818//818 769//769 809//809
f 818//818 794//794 769//769
f 818//818 744//744 794//794
f 818//818 725//725 744//744
f 818//818 771//771 725//725
f 818//818 745//745 771//771
f 818//818 770//770 745//745
f 818//818 817//817 796//796
f 818//818 796//796 770//770
f 819//819 813//813 805//805
f 819//819 805//805 715//715
f 819//819 800//800 813//813
f 819//819 814//814 800//800
f 819//819 715//715 814//814
f 820//820 815//815 727//727
f 820//820 727//727 791//791
f 820//820 791//791 801//801
f 820//820 801//801 815//815
f 821//821 815//815 776//776
f 821//821 776//776 814//814
f 821//821 814//814 815//815
f 839//839 831//831 827//827
f 853//853 835//835 824//824
f 854//854 828//828 838//838
f 856//856 839//839 825//825
f 857//857 824//824 835//835
f 860//860 825//825 839//839
f 863//863 842//842 861//861
f 865//865 864//864 831//831
f 866//866 865//865 831//831
f 866//866 845//845 865//865
f 869//869 847//847 823//823
f 870//870 847//847 869//869
f 870//870 823//823 847//847
f 870//870 837//837 823//823
f 871//871 834//834 848//848
f 872//872 850//850 835//835
f 872//872 853//853 838//838
f 872//872 835//835 853//853
f 872//872 838//838 828//828
f 872//872 828//828 852//852
f 873//873 836//836 851//851
f 874//874 871//871 848//848
f 874//874 851//851 836//836
f 874//874 836//836 871//871
f 876//876 854//854 838//838
f 876//876 838//838 853//853
f 877//877 855//855 831//831
f 877//877 831//831 839//839
f 877//877 839//839 856//856
f 878//878 840//840 855//855
f 878//878 855//855 877//877
f 878//878 857//857 840//840
f 878//878 824//824 857//857
f 878//878 853//853 824//824
f 878//878 876//876 853//853
f 878//878 854//854 876//876
f 878//878 877//877 856//856
f 878//878 856//856 854//854
f 879//879 851//851 826//826
f 880//880 826//826 858//858
f 882//882 859//859 822//822
f 882//882 822//822 841//841
f 883//883 867//867 829//829
f 884//884 860//860 839//839
f 884//884 839//839 827//827
f 884//884 882//882 841//841
f 884//884 841//841 860//860
f 885//885 860//860 841//841
f 885//885 825//825 860//860
f 887//887 842//842 886//886
f 888//888 861//861 842//842
f 888//888 842//842 887//887
f 890//890 862//862 829//829
f 891//891 827//827 831//831
f 891//891 831//831 864//864
f 893//893 855//855 840//840
f 893//893 866//866 831//831
f 893//893 831//831 855//855
f 894//894 868//868 844//844
f 894//894 833//833 881//881
f 897//897 873//873 850//850
f 897//897 869//869 873//873
f 897//897 870//870 869//869
f 897//897 837//837 870//870
f 897//897 875//875 837//837
f 897//897 830//830 875//875
f 898//898 834//834 871//871
f 898//898 871//871 836//836
f 898//898 836//836 849//849
f 899//899 872//872 852//852
f 899//899 830//830 897//897
f 899//899 875//875 830//830
f 899//899 852//852 875//875
f 899//899 897//897 850//850
f 899//899 850//850 872//872
f 900//900 873//873 869//869
f 900//900 836//836 873//873
f 900//900 869//869 896//896
f 900//900 849//849 836//836
f 901//901 826//826 851//851
f 901//901 851//851 874//874
f 902//902 857//857 835//835
f 902//902 851//851 879//879
f 902//902 879//879 826//826
f 902//902 826//826 857//857
f 902//902 835//835 851//851
f 903//903 840//840 857//857
f 903//903 826//826 880//880
f 903//903 880//880 858//858
f 903//903 858//858 840//840
f 903//903 857//857 826//826
f 904//904 893//893 840//840
f 904//904 840//840 858//858
f 904//904 881//881 833//833
f 904//904 833//833 845//845
f 904//904 845//845 866//866
f 904//904 866//866 893//893
f 905//905 904//904 846//846
f 905//905 881//881 904//904
f 905//905 894//894 881//881
f 905//905 868//868 894//894
f 905//905 883//883 895//895
f 906//906 884//884 827//827
f 906//906 882//882 884//884
f 907//907 867//867 883//883
f 907//907 905//905 846//846
f 907//907 883//883 905//905
f 908//908 862//862 822//822
f 908//908 883//883 829//829
f 908//908 829//829 862//862
f 909//909 825//825 885//885
f 909//909 889//889 825//825
f 910//910 886//886 842//842
f 910//910 842//842 863//863
f 911//911 861//861 888//888
f 911//911 825//825 889//889
f 912//912 890//890 843//843
f 912//912 862//862 890//890
f 912//912 822//822 862//862
f 913//913 843//843 890//890
f 914//914 909//909 832//832
f 914//914 889//889 909//909
f 914//914 911//911 889//889
f 914//914 861//861 911//911
f 914//914 832//832 843//843
f 914//914 843//843 913//913
f 914//914 913//913 863//863
f 914//914 863//863 861//861
f 915//915 891//891 864//864
f 915//915 864//864 865//865
f 915//915 906//906 827//827
f 915//915 827//827 891//891
f 915//915 844//844 906//906
f 915//915 894//894 844//844
f 915//915 865//865 894//894
f 916//916 892//892 865//865
f 916//916 865//865 845//845
f 917//917 833//833 894//894
f 919//919 844//844 895//895
f 919//919 906//906 844//844
f 919//919 859//859 882//882
f 919//919 882//882 906//906
f 920//920 895//895 844//844
f 920//920 844//844 868//868
f 920//920 905//905 895//895
f 920//920 868//868 905//905
f 921//921 896//896 869//869
f 921//921 900//900 896//896
f 921//921 869//869 823//823
f 921//921 849//849 900//900
f 922//922 873//873 851//851
f 923//923 835//835 850//850
f 923//923 873//873 922//922
f 923//923 850//850 873//873
f 924//924 858//858 826//826
f 924//924 826//826 901//901
f 924//924 907//907 846//846
f 924//924 904//904 858//858
f 924//924 846//846 904//904
f 924//924 901//901 874//874
f 924//924 874//874 848//848
f 924//924 848//848 834//834
f 924//924 834//834 867//867
f 924//924 867//867 907//907
f 925//925 895//895 883//883
f 925//925 883//883 908//908
f 925//925 908//908 822//822
f 925//925 822//822 859//859
f 925//925 919//919 895//895
f 925//925 859//859 919//919
f 926//926 909//909 885//885
f 926//926 832//832 909//909
f 926//926 885//885 841//841
f 926//926 912//912 843//843
f 926//926 843//843 832//832
f 926//926 841//841 822//822
f 926//926 822//822 912//912
f 927//927 910//910 863//863
f 927//927 863//863 913//913
f 928//928 911//911 888//888
f 928//928 888//888 887//887
f 929//929 913//913 890//890
f 929//929 890//890 829//829
f 929//929 927//927 913//913
f 929//929 829//829 927//927
f 930//930 917//917 894//894
f 930//930 892//892 916//916
f 930//930 916//916 917//917
f 931//931 917//917 916//916
f 931//931 916//916 845//845
f 931//931 845//845 833//833
f 932//932 894//894 865//865
f 932//932 865//865 918//918
f 933//933 918//918 865//865
f 933//933 865//865 892//892
f 934//934 886//886 910//910
f 934//934 910//910 927//927
f 934//934 928//928 887//887
f 934//934 887//887 886//886
f 934//934 927//927 829//829
f 934//934 829//829 867//867
f 934//934 867//867 834//834
f 934//934 834//834 898//898
f 934//934 898//898 849//849
f 934//934 849//849 921//921
f 934//934 921//921 823//823
f 934//934 823//823 837//837
f 934//934 837//837 875//875
f 934//934 875//875 852//852
f 934//934 852//852 828//828
f 934//934 828//828 854//854
f 934//934 854//854 856//856
f 934//934 856//856 825//825
f 934//934 825//825 911//911
f 934//934 911//911 928//928
f 935//935 931//931 833//833
f 935//935 833//833 917//917
f 935//935 917//917 931//931
f 936//936 932//932 918//918
f 936//936 894//894 932//932
f 937//937 922//922 851//851
f 938//938 835//835 923//923
f 938//938 922//922 937//937
f 938//938 923//923 922//922
f 939//939 936//936 918//918
f 939//939 918//918 933//933
f 939//939 933//933 892//892
f 939//939 892//892 930//930
f 939//939 930//930 894//894
f 939//939 894//894 936//936
f 941//941 835//835 938//938
f 942//942 940//940 937//937
f 942//942 937//937 851//851
f 942//942 851//851 835//835
f 942//942 835//835 941//941
f 943//943 941//941 938//938
f 943//943 938//938 937//937
f 943//943 940//940 942//942
f 943//943 937//937 940//940
f 943//943 942//942 941//941
f 970//970 957//957 950//950
f 970//970 950//950 958//958
f 978//978 962//962 952//952
f 986//986 951//951 971//971
f 989//989 957//957 946//946
f 989//989 946//946 981//981
f 990//990 989//989 981//981
f 990//990 981//981 964//964
f 990//990 950//950 957//957
f 990//990 957//957 989//989
f 991//991 958//958 950//950
f 992//992 949//949 957//957
f 992//992 957//957 970//970
f 992//992 970//970 958//958
f 992//992 958//958 991//991
f 993//993 972//972 959//959
f 993//993 947//947 972//972
f 993//993 986//986 971//971
f 993//993 959//959 986//986
f 994//994 971//971 951//951
f 994//994 951//951 960//960
f 995//995 972//972 954//954
f 995//995 959//959 972//972
f 995//995 954//954 965//965
f 995//995 965//965 948//948
f 995//995 948//948 973//973
f 996//996 973//973 948//948
f 996//996 979//979 962//962
f 996//996 948//948 979//979
f 997//997 995//995 973//973
f 997//997 959//959 995//995
f 999//999 974//974 960//960
f 999//999 960//960 951//951
f 1000//1000 968//968 975//975
f 1003//1003 953//953 976//976
f 1004//1004 978//978 945//945
f 1004//1004 962//962 978//978
f 1004//1004 996//996 962//962
f 1005//1005 967//967 951//951
f 1005//1005 951//951 986//986
f 1006//1006 957//957 949//949
f 1006//1006 949//949 980//980
f 1006//1006 946//946 957//957
f 1007//1007 980//980 949//949
f 1007//1007 984//984 963//963
f 1007//1007 949//949 984//984
f 1009//1009 976//976 953//953
f 1010//1010 977//977 983//983
f 1011//1011 979//979 948//948
f 1011//1011 961//961 979//979
f 1011//1011 1002//1002 961//961
f 1011//1011 977//977 1002//1002
f 1012//1012 963//963 984//984
f 1013//1013 966//966 984//984
f 1013//1013 969//969 944//944
f 1013//1013 944//944 966//966
f 1013//1013 992//992 991//991
f 1013//1013 991//991 969//969
f 1013//1013 984//984 949//949
f 1013//1013 949//949 992//992
f 1015//1015 972//972 947//947
f 1015//1015 947//947 987//987
f 1015//1015 987//987 954//954
f 1015//1015 954//954 972//972
f 1016//1016 956//956 988//988
f 1016//1016 1000//1000 956//956
f 1016//1016 968//968 1000//1000
f 1018//1018 950//950 990//990
f 1018//1018 990//990 964//964
f 1019//1019 991//991 950//950
f 1019//1019 969//969 991//991
f 1020//1020 993//993 971//971
f 1020//1020 947//947 993//993
f 1020//1020 987//987 947//947
f 1020//1020 971//971 994//994
f 1020//1020 994//994 1001//1001
f 1021//1021 997//997 973//973
f 1021//1021 945//945 997//997
f 1021//1021 1004//1004 945//945
f 1021//1021 996//996 1004//1004
f 1022//1022 960//960 974//974
f 1023//1023 944//944 998//998
f 1023//1023 1022//1022 974//974
f 1023//1023 998//998 1022//1022
f 1024//1024 1022//1022 998//998
f 1024//1024 960//960 1022//1022
f 1025//1025 1000//1000 975//975
f 1025//1025 1024//1024 998//998
f 1025//1025 975//975 1024//1024
f 1026//1026 999//999 951//951
f 1026//1026 951//951 967//967
f 1026//1026 955//955 974//974
f 1026//1026 974//974 999//999
f 1027//1027 975//975 968//968
f 1027//1027 1024//1024 975//975
f 1027//1027 960//960 1024//1024
f 1027//1027 1001//1001 994//994
f 1028//1028 1027//1027 968//968
f 1028//1028 1001//1001 1027//1027
f 1028//1028 1020//1020 1001//1001
f 1028//1028 987//987 1020//1020
f 1029//1029 1002//1002 977//977
f 1029//1029 977//977 1003//1003
f 1029//1029 1003//1003 976//976
f 1030//1030 967//967 1005//1005
f 1031//1031 1005//1005 997//997
f 1031//1031 997//997 945//945
f 1031//1031 1030//1030 1005//1005
f 1031//1031 945//945 978//978
f 1031//1031 978//978 1030//1030
f 1032//1032 986//986 959//959
f 1033//1033 1007//1007 963//963
f 1033//1033 980//980 1007//1007
f 1033//1033 1008//1008 980//980
f 1033//1033 963//963 1008//1008
f 1034//1034 1008//1008 963//963
f 1034//1034 1014//1014 952//952
f 1034//1034 985//985 1014//1014
f 1035//1035 1009//1009 981//981
f 1035//1035 976//976 1009//1009
f 1036//1036 982//982 953//953
f 1036//1036 953//953 1003//1003
f 1036//1036 1003//1003 977//977
f 1036//1036 977//977 1010//1010
f 1037//1037 983//983 977//977
f 1037//1037 1010//1010 983//983
f 1037//1037 1011//1011 948//948
f 1037//1037 948//948 965//965
f 1037//1037 977//977 1011//1011
f 1038//1038 1012//1012 984//984
f 1038//1038 984//984 966//966
f 1039//1039 1012//1012 985//985
f 1039//1039 963//963 1012//1012
f 1039//1039 1034//1034 963//963
f 1039//1039 985//985 1034//1034
f 1040//1040 1014//1014 985//985
f 1041//1041 978//978 952//952
f 1041//1041 952//952 1014//1014
f 1041//1041 1030//1030 978//978
f 1042//1042 1017//1017 964//964
f 1042//1042 1009//1009 953//953
f 1042//1042 953//953 982//982
f 1042//1042 964//964 981//981
f 1042//1042 981//981 1009//1009
f 1043//1043 950//950 1018//1018
f 1043//1043 1019//1019 950//950
f 1043//1043 988//988 1019//1019
f 1044//1044 1018//1018 964//964
f 1044//1044 964//964 1017//1017
f 1045//1045 1019//1019 988//988
f 1046//1046 969//969 1019//1019
f 1046//1046 956//956 1000//1000
f 1046//1046 1000//1000 1025//1025
f 1046//1046 1045//1045 956//956
f 1046//1046 1019//1019 1045//1045
f 1046//1046 944//944 969//969
f 1047//1047 1021//1021 973//973
f 1047//1047 973//973 996//996
f 1047//1047 996//996 1021//1021
f 1048//1048 1023//1023 974//974
f 1048//1048 974//974 955//955
f 1048//1048 966//966 944//944
f 1048//1048 944//944 1023//1023
f 1049//1049 1025//1025 998//998
f 1049//1049 998//998 944//944
f 1049//1049 1046//1046 1025//1025
f 1049//1049 944//944 1046//1046
f 1050//1050 1027//1027 994//994
f 1050//1050 994//994 960//960
f 1050//1050 960//960 1027//1027
f 1051//1051 997//997 1005//1005
f 1051//1051 986//986 1032//1032
f 1051//1051 1032//1032 959//959
f 1051//1051 959//959 997//997
f 1051//1051 1005//1005 986//986
f 1052//1052 1035//1035 981//981
f 1052//1052 981//981 946//946
f 1052//1052 946//946 1006//1006
f 1052//1052 1006//1006 980//980
f 1052//1052 980//980 1008//1008
f 1052//1052 1008//1008 1034//1034
f 1052//1052 1034//1034 952//952
f 1052//1052 952//952 962//962
f 1052//1052 962//962 979//979
f 1052//1052 979//979 961//961
f 1052//1052 961//961 1002//1002
f 1052//1052 1002//1002 1029//1029
f 1052//1052 1029//1029 976//976
f 1052//1052 976//976 1035//1035
f 1053//1053 982//982 1036//1036
f 1053//1053 1042//1042 982//982
f 1053//1053 1017//1017 1042//1042
f 1054//1054 1040//1040 985//985
f 1054//1054 985//985 1012//1012
f 1054//1054 1012//1012 1038//1038
f 1054//1054 1038//1038 966//966
f 1054//1054 966//966 1048//1048
f 1055//1055 955//955 1026//1026
f 1055//1055 1026//1026 967//967
f 1055//1055 1014//1014 1040//1040
f 1056//1056 1055//1055 967//967
f 1056//1056 1041//1041 1014//1014
f 1057//1057 1045//1045 988//988
f 1057//1057 988//988 956//956
f 1057//1057 956//956 1045//1045
f 1058//1058 1053//1053 1036//1036
f 1058//1058 1036//1036 1010//1010
f 1059//1059 1054//1054 1048//1048
f 1059//1059 1048//1048 955//955
f 1059//1059 1040//1040 1054//1054
f 1059//1059 1055//1055 1040//1040
f 1059//1059 955//955 1055//1055
f 1060//1060 1056//1056 967//967
f 1060//1060 967//967 1030//1030
f 1060//1060 1030//1030 1041//1041
f 1060//1060 1041//1041 1056//1056
f 1061//1061 1056//1056 1014//1014
f 1061//1061 1014//1014 1055//1055
f 1061//1061 1055//1055 1056//1056
f 1062//1062 1058//1058 1010//1010
f 1062//1062 1010//1010 1037//1037
f 1063//1063 1062//1062 1037//1037
f 1063//1063 1037//1037 965//965
f 1064//1064 1063//1063 965//965
f 1064//1064 965//965 954//954
f 1064//1064 954//954 987//987
f 1064//1064 987//987 1028//1028
f 1064//1064 1028//1028 968//968
f 1064//1064 968//968 1016//1016
f 1064//1064 1016//1016 988//988
f 1064//1064 988//988 1043//1043
f 1064//1064 1043//1043 1018//1018
f 1064//1064 1018//1018 1044//1044
f 1064//1064 1044//1044 1017//1017
f 1064//1064 1017//1017 1053//1053
f 1064//1064 1053//1053 1058//1058
f 1064//1064 1058//1058 1062//1062
f 1064//1064 1062//1062 1063//1063
# 2108 faces, 0 coords texture

# End of File
